WP_014948503.1	MER0065554|C26.964|C26	69.8	48.8	98.5	265	1.24e-132	384
WP_014948503.1	MER0437468|C26.A36|C26	39.0	63.2	99.7	359	2.78e-75	239
WP_014948503.1	MER0436717|C26.A29|C26	32.5	63.5	100	415	1.51e-53	183
WP_014948503.1	MER0031278|C26.961|C26	24.7	36.3	73.6	219	4.70e-04	38.9
WP_014948509.1	MER0181656|N06.A01|N06	40.3	72.4	22.2	77	1.28e-08	47.8
WP_014948509.1	MER0181660|N06.004|N06	35.5	72.4	21.4	76	1.01e-06	42.4
WP_014950096.1	MER0014135|S16.A04|S16	76.6	59.1	99.3	269	7.80e-148	419
WP_014950096.1	MER0003359|S16.008|S16	27.6	22.6	44.9	105	2.75e-09	54.3
WP_014950096.1	MER0005837|S16.A06|S16	33.0	20.4	36.7	94	3.40e-09	54.3
WP_014950096.1	MER0003443|S16.003|S16	23.8	21.5	46.3	105	2.29e-06	45.4
WP_014950096.1	MER0000488|S16.004|S16	25.0	22.2	46.0	108	8.03e-05	40.8
WP_014950096.1	MER0000491|S16.A09|S16	32.3	13.6	31.5	62	1.47e-04	39.7
WP_014950147.1	MER0000474|S14.001|S14	79.3	94.7	95.7	198	2.94e-115	324
WP_014950147.1	MER0006046|S14.A02|S14	54.7	91.9	92.8	192	9.54e-79	231
WP_014950147.1	MER0005687|S14.A01|S14	64.0	85.2	84.4	178	3.59e-77	228
WP_014950147.1	MER0002211|S14.003|S14	52.6	90.9	91.8	190	3.95e-73	217
WP_014950147.1	MER0002299|S14.A04|S14	53.2	89.0	92.5	186	6.14e-71	211
WP_014950147.1	MER0004857|S14.008|S14	56.3	90.4	91.3	190	6.05e-70	209
WP_014950147.1	MER0004855|S14.A03|S14	56.4	82.3	82.3	172	1.21e-67	203
WP_014950147.1	MER0004847|S14.009|S14	52.6	91.4	92.3	192	2.36e-67	202
WP_014950147.1	MER0006063|S14.010|S14	47.4	90.9	91.8	192	3.11e-60	184
WP_014950147.1	MER0006308|S14.002|S14	45.3	84.7	91.3	179	4.83e-54	168
WP_014950147.1	MER0006056|S14.011|S14	41.7	83.7	82.5	175	4.10e-48	154
WP_014950147.1	MER0004182|S14.006|S14	44.2	82.3	84.7	172	6.50e-48	153
WP_014950147.1	MER0011666|S14.005|S14	41.0	81.8	91.5	173	5.80e-40	132
WP_014950147.1	MER0001369|S14.007|S14	42.5	38.3	59.5	80	2.30e-14	64.3
WP_014950157.1	MER0045886|C26.957|C26	45.3	44.0	94.5	232	5.85e-59	192
WP_014950157.1	MER0044889|C26.A21|C26	38.1	45.0	93.8	236	1.19e-46	160
WP_014950157.1	MER0436735|C26.A34|C26	34.5	44.2	99.2	264	2.90e-46	159
WP_014950157.1	MER0042974|C26.A07|C26	40.8	36.6	97.9	196	8.12e-46	156
WP_014950157.1	MER0038086|C26.962|C26	35.1	41.5	88.9	228	7.44e-36	131
WP_014950157.1	MER0043537|C26.A31|C26	34.6	35.8	95.7	188	8.33e-33	120
WP_014950157.1	MER0043387|C26.950|C26	35.7	35.2	100	185	2.28e-28	108
WP_014950157.1	MER0043394|C26.955|C26	30.6	30.1	92.7	160	4.87e-10	55.5
WP_014950157.1	MER0044882|C26.A09|C26	27.0	33.5	97.3	185	1.66e-09	54.3
WP_014950157.1	MER0044622|C26.A25|C26	23.6	30.3	59.9	161	1.08e-06	47.0
WP_014950157.1	MER0043392|C26.960|C26	26.9	28.8	84.0	160	3.26e-04	38.5
WP_014950199.1	MER0015475|S54.029|S54	33.3	92.2	86.5	174	2.01e-19	78.6
WP_014996771.1	MER0160094|C56.975|C56	62.1	26.7	81.7	58	2.82e-17	70.5
WP_014996794.1	MER0002161|M28.003|M28A	24.7	50.5	88.0	296	4.04e-10	57.8
WP_014996794.1	MER0001289|M28.009|M28F	26.5	43.5	78.2	245	1.56e-09	55.8
WP_014996794.1	MER0001284|M28.002|M28E	30.4	22.9	48.0	125	3.23e-09	54.7
WP_014996794.1	MER0005239|M28.011|M28B	30.0	24.4	43.6	140	1.36e-08	53.1
WP_014996794.1	MER0005238|M28.012|M28B	35.1	20.0	35.0	114	3.18e-08	52.0
WP_014996794.1	MER0194228|M28.A01|M28F	26.8	39.8	99.0	224	5.85e-08	50.1
WP_014996794.1	MER0002104|M28.010|M28B	33.1	24.6	44.8	142	1.80e-07	49.7
WP_014996794.1	MER0005139|M28.A18|M28B	31.3	19.6	35.0	112	1.76e-06	46.6
WP_014996794.1	MER0001911|M28.A05|M28X	31.4	19.3	37.4	105	8.11e-05	41.2
WP_014996794.1	MER0015688|M28.A03|M28X	50.0	8.8	18.4	48	3.66e-04	39.3
WP_014996812.1	MER0015468|S54.016|S54	45.0	51.7	77.7	149	5.64e-38	129
WP_014996812.1	MER0035255|S54.028|S54	37.4	55.2	73.4	163	1.29e-28	105
WP_014996812.1	MER0015465|S54.024|S54	37.6	58.7	87.0	170	1.01e-23	92.4
WP_014996812.1	MER0015459|S54.014|S54	29.9	49.7	57.0	144	9.50e-14	66.2
WP_014996812.1	MER0015659|S54.A06|S54	26.8	48.6	60.1	142	1.37e-07	48.1
WP_014996812.1	MER0047976|S54.021|S54	19.1	49.0	59.6	141	1.15e-05	42.0
WP_014996812.1	MER0015630|S54.015|S54	21.3	48.6	59.3	141	1.25e-04	39.3
WP_014996812.1	MER0015631|S54.A01|S54	23.2	51.4	62.1	155	2.31e-04	38.5
WP_014996812.1	MER0015686|S54.A02|S54	23.1	50.0	61.3	147	4.01e-04	37.7
WP_014996854.1	MER0200434|S09.941|S09X	37.2	48.9	98.3	113	6.66e-18	73.6
WP_014996854.1	MER0209507|S09.025|S09X	38.6	37.2	76.1	83	6.68e-14	62.8
WP_014996854.1	MER0213229|S09.952|S09X	31.2	41.7	83.8	93	2.63e-13	61.2
WP_014996854.1	MER0031556|S09.A80|S09C	27.5	52.0	46.4	131	2.69e-06	43.9
WP_014996854.1	MER0031564|S09.A30|S09C	26.2	51.6	52.2	126	7.81e-05	39.3
WP_014996854.1	MER0208755|S09.A55|S09X	25.5	38.1	91.1	102	1.68e-04	37.0
WP_014996854.1	MER0031557|S09.A84|S09C	25.8	52.0	45.0	124	7.10e-04	36.6
WP_014996927.1	MER0035184|S09.B05|S09C	26.8	45.6	53.8	138	2.18e-04	38.5
WP_014996927.1	MER0036047|S33.A20|S33	45.0	13.9	14.1	40	3.67e-04	38.1
WP_014996951.1	MER0016301|M103.001|M103	63.9	96.9	98.9	465	3.56e-209	583
WP_014996951.1	MER0016248|M103.003|M103	27.8	49.0	90.4	237	4.37e-21	89.4
WP_014996951.1	MER0028087|M103.002|M103	29.4	37.5	38.0	180	1.85e-17	81.3
WP_014996951.1	MER0016222|M103.950|M103	21.3	81.7	83.6	399	2.26e-11	62.4
WP_014996954.1	MER0016222|M103.950|M103	54.9	99.5	97.8	441	3.92e-167	474
WP_014996954.1	MER0028087|M103.002|M103	27.4	95.3	96.1	427	1.85e-40	147
WP_014996954.1	MER0016248|M103.003|M103	32.9	51.5	94.0	234	8.33e-36	129
WP_014996962.1	MER0031611|S33.977|S33	21.5	74.4	62.6	186	1.43e-04	38.9
WP_014996962.1	MER0004146|S33.995|S33	23.0	72.2	66.7	183	7.64e-04	36.6
WP_014997002.1	MER0002089|A31.001|A31	35.4	73.1	58.4	96	3.84e-12	57.0
WP_014997002.1	MER0002106|A31.002|A31	33.7	73.1	58.0	95	5.46e-12	56.6
WP_014997002.1	MER0024298|A31.005|A31	38.0	53.1	45.2	71	1.45e-06	42.0
WP_014997002.1	MER0025099|A31.008|A31	31.9	71.5	59.5	94	1.27e-05	39.3
WP_014997073.1	MER0001158|M03.005|M03A	34.1	91.1	97.8	672	2.26e-124	383
WP_014997073.1	MER0001161|M03.004|M03A	32.0	92.7	99.4	694	5.15e-103	327
WP_014997073.1	MER0006087|M03.A01|M03A	31.5	94.2	99.0	718	2.08e-91	297
WP_014997073.1	MER0015119|M03.A02|M03A	29.9	92.7	98.3	733	4.65e-80	267
WP_014997073.1	MER0001149|M03.001|M03A	28.2	81.6	85.6	607	1.02e-59	211
WP_014997073.1	MER0003110|M03.009|M03A	27.3	85.9	92.9	692	2.40e-57	204
WP_014997073.1	MER0001153|M03.003|M03A	25.6	86.0	91.8	656	4.38e-54	195
WP_014997073.1	MER0001942|M03.002|M03A	24.9	81.8	86.6	607	2.78e-52	189
WP_014997073.1	MER0079465|M03.011|M03A	25.2	85.7	99.7	663	5.23e-52	188
WP_014997073.1	MER0108144|M03.A07|M03A	25.5	90.0	100	686	9.22e-49	179
WP_014997073.1	MER0015170|M03.A03|M03A	21.8	85.6	94.7	634	1.13e-36	143
WP_014997073.1	MER0001156|M03.006|M03A	22.5	88.8	93.1	699	6.10e-34	135
WP_014997087.1	MER0001978|T03.001|T03	32.4	93.8	96.8	550	1.60e-77	252
WP_014997087.1	MER0094876|T03.025|T03	33.2	92.0	100	527	1.61e-77	251
WP_014997087.1	MER0006132|T03.014|T03	30.0	94.1	97.3	623	5.02e-59	204
WP_014997087.1	MER0011811|T03.A03|T03	28.8	93.8	96.8	563	1.07e-56	196
WP_014997087.1	MER0002720|T03.023|T03	28.8	90.6	98.3	514	9.12e-55	189
WP_014997087.1	MER0011800|T03.A01|T03	28.6	88.5	88.3	521	3.54e-54	190
WP_014997087.1	MER0003580|T03.011|T03	27.8	94.0	96.9	557	2.07e-52	184
WP_014997087.1	MER0001629|T03.006|T03	29.7	91.1	94.0	536	9.28e-50	177
WP_014997087.1	MER0011211|T03.007|T03	28.0	93.6	96.6	554	6.78e-49	175
WP_014997087.1	MER0004194|T03.A07|T03	27.0	90.9	100	549	2.09e-38	145
WP_014997087.1	MER0016970|T03.017|T03	27.0	87.6	91.0	515	2.63e-38	145
WP_014997087.1	MER0005831|T03.A06|T03	27.1	79.4	84.1	487	4.27e-38	144
WP_014997087.1	MER0011143|T03.005|T03	27.2	81.2	84.7	486	4.06e-36	139
WP_014997087.1	MER0005029|T03.009|T03	25.2	89.9	98.9	555	4.24e-36	138
WP_014997087.1	MER0011215|T03.A04|T03	29.3	76.9	89.9	461	3.61e-35	135
WP_014997087.1	MER0006124|T03.A05|T03	25.7	87.4	90.4	529	1.00e-33	132
WP_014997087.1	MER0011193|T03.010|T03	26.3	84.9	89.9	505	1.59e-33	131
WP_014997087.1	MER0004202|T03.013|T03	26.8	79.2	85.5	456	1.65e-33	130
WP_014997087.1	MER0001977|T03.002|T03	25.4	94.0	96.8	568	1.25e-31	125
WP_014997087.1	MER0026204|T03.018|T03	36.0	33.6	81.1	189	9.16e-27	105
WP_014997087.1	MER0037241|T03.971|T03	35.6	21.0	51.8	118	1.59e-14	70.1
WP_014997087.1	MER0002718|T03.008|T03	27.4	28.1	92.1	179	2.23e-11	60.1
WP_014997087.1	MER0003440|T03.A08|T03	21.7	71.0	88.1	420	3.32e-09	55.8
WP_014997087.1	MER0016605|T03.022|T03	29.7	24.2	33.0	138	5.63e-06	45.4
WP_014997087.1	MER0159283|T03.024|T03	27.6	21.8	31.0	123	1.16e-04	41.2
WP_014997104.1	MER0043394|C26.955|C26	57.8	85.6	98.8	166	1.09e-66	199
WP_014997104.1	MER0045094|C26.959|C26	48.9	96.4	76.3	188	1.19e-55	173
WP_014997104.1	MER0044622|C26.A25|C26	45.0	96.9	72.8	191	2.21e-51	163
WP_014997104.1	MER0044882|C26.A09|C26	40.0	87.1	94.0	175	4.65e-39	129
WP_014997104.1	MER0043392|C26.960|C26	40.0	83.5	93.5	165	2.33e-33	114
WP_014997104.1	MER0043537|C26.A31|C26	30.4	97.9	97.3	191	7.79e-26	95.5
WP_014997104.1	MER0045095|C26.958|C26	33.6	96.9	77.9	211	5.73e-25	95.1
WP_014997104.1	MER0043195|C26.A30|C26	28.6	95.9	79.6	203	1.85e-16	72.0
WP_014997104.1	MER0044619|C26.A26|C26	30.1	96.9	78.1	196	7.96e-16	70.1
WP_014997104.1	MER0044812|C26.A04|C26	24.1	83.5	62.3	162	4.24e-14	65.5
WP_014997104.1	MER0115185|C26.954|C26	29.1	71.1	90.9	141	6.15e-10	52.4
WP_014997104.1	MER0045945|C26.963|C26	24.9	85.1	69.5	169	1.25e-09	52.8
WP_014997104.1	MER0043387|C26.950|C26	28.4	59.8	61.9	116	2.48e-08	48.5
WP_014997104.1	MER0044889|C26.A21|C26	26.6	73.7	56.6	143	4.31e-08	48.5
WP_014997104.1	MER0042974|C26.A07|C26	25.5	92.3	91.8	184	1.06e-07	47.0
WP_014997104.1	MER0046161|C26.956|C26	27.8	84.0	55.5	169	4.11e-07	45.8
WP_014997104.1	MER0060647|C26.952|C26	27.4	83.5	43.3	164	4.77e-07	45.8
WP_014997104.1	MER0045886|C26.957|C26	24.9	96.4	75.8	193	4.82e-07	45.4
WP_014997104.1	MER0038086|C26.962|C26	26.7	60.8	46.8	120	9.47e-07	44.7
WP_014997104.1	MER0043540|C26.A33|C26	29.2	66.5	52.6	137	2.12e-06	43.5
WP_014997104.1	MER0436735|C26.A34|C26	23.2	88.7	77.1	203	4.41e-06	42.7
WP_014997136.1	MER0031618|S33.979|S33	25.1	79.7	83.9	267	2.06e-11	60.5
WP_014997136.1	MER0036114|S33.980|S33	22.6	89.5	90.7	296	4.12e-11	59.7
WP_014997136.1	MER0036050|S33.A17|S33	32.8	36.9	36.4	122	1.12e-10	58.5
WP_014997136.1	MER0036051|S33.A12|S33	34.9	38.2	38.1	129	8.76e-09	52.8
WP_014997141.1	MER0005300|M23.950|M23B	43.5	33.9	80.4	131	5.27e-30	110
WP_014997141.1	MER0015415|M23.951|M23B	34.5	34.9	80.6	142	2.74e-17	75.9
WP_014997141.1	MER0003380|M23.011|M23B	31.6	28.2	47.3	114	4.39e-12	62.4
WP_014997141.1	MER0013541|M23.014|M23B	32.0	19.4	85.2	75	2.13e-07	45.4
WP_014997166.1	MER0002007|M20.008|M20D	39.4	90.7	95.7	398	5.47e-85	262
WP_014997166.1	MER0002655|M20.015|M20D	38.4	87.5	93.1	380	2.14e-73	232
WP_014997166.1	MER0002014|M20.A03|M20D	35.4	94.0	99.0	410	1.75e-72	230
WP_014997166.1	MER0002659|M20.014|M20D	35.4	91.9	97.2	407	1.92e-71	227
WP_014997166.1	MER0002013|M20.A02|M20D	35.0	92.1	97.5	417	5.20e-64	208
WP_014997166.1	MER0005155|M20.A06|M20D	34.7	88.2	95.8	383	9.97e-64	207
WP_014997166.1	MER0005173|M20.A05|M20D	32.3	87.3	95.2	381	1.73e-51	174
WP_014997166.1	MER0003770|M20.A27|M20D	30.5	90.0	97.3	390	3.46e-51	174
WP_014997166.1	MER0005163|M20.009|M20D	49.7	39.6	58.7	171	4.47e-43	149
WP_014997166.1	MER0003815|M20.A04|M20D	29.3	91.7	94.7	400	3.26e-38	137
WP_014997166.1	MER0015354|M20.A01|M20D	39.7	47.9	70.0	219	4.91e-34	125
WP_014997166.1	MER0003581|M20.020|M20D	28.8	81.0	100	358	6.58e-34	126
WP_014997166.1	MER0002664|M20.A26|M20D	38.6	36.6	48.2	158	1.77e-22	93.6
WP_014997166.1	MER0014418|M20.019|M20D	26.6	66.9	68.0	293	3.42e-14	70.5
WP_014997166.1	MER0369336|M20.A23|M20A	25.9	45.4	55.9	197	6.21e-09	53.9
WP_014997174.1	MER0011583|S09.079|S09D	38.5	34.0	96.8	247	4.92e-46	161
WP_014997174.1	MER0017401|S09.071|S09C	31.9	31.9	93.3	226	2.42e-32	122
WP_014997174.1	MER0034615|S09.075|S09C	30.4	31.9	93.5	230	5.45e-30	115
WP_014997174.1	MER0000408|S09.004|S09C	27.3	30.8	88.9	227	4.41e-24	99.0
WP_014997174.1	MER0000263|S09.012|S09C	28.9	32.3	96.3	239	8.69e-24	97.8
WP_014997174.1	MER0016096|S09.056|S09C	27.1	31.2	93.0	229	8.54e-20	86.3
WP_014997174.1	MER0126485|S09.072|S09X	28.8	29.3	87.7	212	9.88e-20	85.9
WP_014997174.1	MER0003558|S09.A83|S09C	27.6	31.3	84.2	221	3.86e-19	84.7
WP_014997174.1	MER0015682|S09.074|S09C	27.9	29.1	65.4	204	9.34e-17	78.6
WP_014997174.1	MER0058228|S09.009|S09B	25.0	34.2	98.8	248	5.32e-16	75.1
WP_014997174.1	MER0005196|S09.017|S09B	28.8	21.9	64.0	160	6.73e-15	72.0
WP_014997174.1	MER0000401|S09.003|S09B	25.9	30.6	81.4	220	4.96e-14	69.7
WP_014997174.1	MER0000399|S09.007|S09B	29.1	19.5	54.0	141	2.84e-13	67.4
WP_014997174.1	MER0011413|S09.016|S09B	31.2	18.5	57.3	138	1.25e-12	65.1
WP_014997174.1	MER0001423|S09.013|S09B	22.5	32.9	100	240	5.06e-12	63.2
WP_014997174.1	MER0005807|S09.070|S09C	27.6	28.8	72.0	203	8.72e-12	63.2
WP_014997174.1	MER0011305|S09.A64|S09B	28.8	18.9	54.1	139	2.59e-09	55.5
WP_014997174.1	MER0004921|S09.A75|S09B	23.6	31.9	94.5	233	2.22e-08	52.4
WP_014997174.1	MER0004504|S09.008|S09B	27.2	17.9	56.1	136	1.01e-06	47.4
WP_014997174.1	MER0000404|S09.005|S09B	25.0	17.8	49.8	132	2.21e-06	46.6
WP_014997174.1	MER0192427|S09.A96|S09C	26.9	18.5	48.0	134	4.25e-06	45.8
WP_014997174.1	MER0003361|S09.A93|S09B	23.4	29.9	83.7	222	1.97e-05	43.5
WP_014997185.1	MER0001978|T03.001|T03	46.2	87.4	90.6	506	1.09e-145	429
WP_014997185.1	MER0011800|T03.A01|T03	33.7	84.3	82.1	493	1.84e-77	253
WP_014997185.1	MER0011811|T03.A03|T03	36.0	81.6	82.6	483	1.51e-73	242
WP_014997185.1	MER0004194|T03.A07|T03	35.3	82.9	91.2	493	2.45e-71	235
WP_014997185.1	MER0003580|T03.011|T03	32.7	87.4	90.2	513	3.43e-71	235
WP_014997185.1	MER0005029|T03.009|T03	34.4	79.5	87.9	486	5.72e-70	231
WP_014997185.1	MER0002720|T03.023|T03	32.3	86.9	94.7	505	3.64e-64	214
WP_014997185.1	MER0011215|T03.A04|T03	33.0	83.2	95.0	497	1.01e-62	211
WP_014997185.1	MER0011211|T03.007|T03	31.7	88.3	92.1	523	1.61e-61	209
WP_014997185.1	MER0011143|T03.005|T03	32.5	86.0	87.9	510	2.19e-60	206
WP_014997185.1	MER0001629|T03.006|T03	30.9	94.6	98.0	559	1.07e-59	204
WP_014997185.1	MER0006124|T03.A05|T03	33.1	86.5	89.8	519	1.26e-58	202
WP_014997185.1	MER0005831|T03.A06|T03	33.3	79.5	82.6	486	2.24e-56	196
WP_014997185.1	MER0002728|T03.012|T03	28.9	82.7	85.9	505	1.28e-43	160
WP_014997185.1	MER0004202|T03.013|T03	27.9	90.0	96.3	537	1.46e-40	151
WP_014997185.1	MER0011193|T03.010|T03	26.3	86.2	91.4	514	1.03e-37	143
WP_014997185.1	MER0094876|T03.025|T03	27.4	90.2	99.0	537	1.55e-36	139
WP_014997185.1	MER0001977|T03.002|T03	25.3	86.9	90.5	521	3.80e-33	130
WP_014997185.1	MER0002718|T03.008|T03	36.8	30.9	95.3	185	1.74e-23	95.1
WP_014997185.1	MER0002721|T03.016|T03	34.6	31.1	81.4	208	1.46e-21	91.3
WP_014997185.1	MER0026205|T03.019|T03	35.9	32.7	84.4	192	5.19e-21	89.0
WP_014997185.1	MER0006132|T03.014|T03	22.9	83.9	88.1	576	7.91e-21	93.2
WP_014997185.1	MER0003440|T03.A08|T03	26.2	71.2	86.0	412	1.03e-19	88.6
WP_014997185.1	MER0026204|T03.018|T03	26.9	40.9	99.6	238	1.78e-18	81.6
WP_014997185.1	MER0001976|T03.015|T03	36.6	24.8	62.3	145	5.22e-15	71.2
WP_014997218.1	MER0001250|M24.003|M24B	52.9	65.0	99.7	289	4.80e-107	315
WP_014997218.1	MER0001733|M24.A09|M24B	31.8	63.4	95.5	286	4.54e-39	139
WP_014997218.1	MER0001248|M24.007|M24B	31.4	50.8	88.9	229	1.27e-34	126
WP_014997218.1	MER0001244|M24.004|M24B	28.7	63.4	94.7	282	3.19e-27	106
WP_014997218.1	MER0028601|M24.033|M24B	28.5	64.1	96.2	288	5.54e-25	100
WP_014997218.1	MER0013463|M24.026|M24B	26.8	59.1	89.6	272	3.12e-17	78.2
WP_014997218.1	MER0005715|M24.A11|M24B	25.1	53.5	87.2	239	7.59e-14	67.8
WP_014997218.1	MER0004931|M24.008|M24B	22.3	63.7	96.5	282	1.91e-12	63.5
WP_014997225.1	MER0015415|M23.951|M23B	36.7	41.2	75.3	128	1.00e-23	92.0
WP_014997225.1	MER0005300|M23.950|M23B	38.6	38.1	69.3	114	4.36e-16	71.2
WP_014997225.1	MER0013541|M23.014|M23B	34.8	30.4	100	89	5.88e-08	46.6
WP_014997264.1	MER0107796|S09.A40|S09C	40.0	89.1	100	175	3.51e-38	126
WP_014997321.1	MER1102827|M49.005|M49	42.8	26.4	98.7	152	1.06e-31	117
WP_014997321.1	MER0028047|M49.003|M49	27.3	23.4	85.2	150	6.39e-05	40.8
WP_014997403.1	MER0001373|S01.275|S01C	55.9	44.4	100	161	6.76e-50	161
WP_014997403.1	MER0003850|S01.500|S01C	44.2	50.0	99.4	181	2.88e-43	145
WP_014997403.1	MER0004111|S01.442|S01C	47.8	44.4	100	161	1.15e-38	132
WP_014997403.1	MER0000268|S01.480|S01C	47.8	38.2	89.6	138	2.37e-37	129
WP_014997403.1	MER0000266|S01.273|S01C	48.1	44.4	100	162	3.53e-37	128
WP_014997403.1	MER0003293|S01.477|S01C	52.9	38.8	94.0	140	3.07e-36	125
WP_014997403.1	MER0004673|S01.494|S01C	34.9	67.1	95.2	258	5.46e-36	129
WP_014997403.1	MER0013623|S01.453|S01C	43.8	44.4	100	160	2.93e-33	118
WP_014997403.1	MER0001372|S01.274|S01C	47.2	38.2	89.7	142	6.24e-33	117
WP_014997403.1	MER0003290|S01.482|S01C	39.4	44.4	100	165	5.06e-30	109
WP_014997403.1	MER0004086|S01.B81|S01C	40.2	44.1	100	169	8.77e-28	103
WP_014997403.1	MER0022668|S01.447|S01C	36.3	44.4	100	171	1.11e-27	103
WP_014997403.1	MER0028330|S01.329|S01C	39.6	44.4	100	164	6.99e-27	101
WP_014997403.1	MER0001945|S01.472|S01C	37.6	44.4	100	165	1.59e-26	100
WP_014997403.1	MER0016031|S01.364|S01C	37.6	44.4	100	173	9.96e-26	98.6
WP_014997403.1	MER0005468|S01.491|S01C	40.3	38.2	90.5	144	3.02e-25	97.1
WP_014997403.1	MER0016351|S01.285|S01C	37.2	44.4	100	164	3.67e-25	96.7
WP_014997403.1	MER0004093|S01.278|S01C	37.8	44.4	100	164	5.11e-25	96.3
WP_014997403.1	MER0002577|S01.277|S01C	36.0	44.4	100	164	9.86e-25	95.5
WP_014997403.1	MER0014795|S01.284|S01C	37.1	44.4	100	170	4.23e-23	91.3
WP_014997403.1	MER0011375|S01.476|S01C	35.2	44.4	100	165	7.00e-22	87.8
WP_014997403.1	MER0005093|S01.441|S01C	37.8	38.8	93.4	156	3.45e-21	86.3
WP_014997403.1	MER0004149|S01.525|S01C	35.5	44.4	100	169	6.12e-21	85.5
WP_014997403.1	MER0010944|S01.474|S01C	38.0	36.8	87.7	150	1.85e-19	81.6
WP_014997403.1	MER0063616|S01.454|S01C	33.9	43.5	97.5	165	8.98e-18	76.6
WP_014997404.1	MER0000266|S01.273|S01C	75.6	34.2	100	156	2.32e-74	227
WP_014997404.1	MER0001372|S01.274|S01C	71.2	34.2	100	156	1.28e-70	218
WP_014997404.1	MER0003850|S01.500|S01C	55.1	38.6	99.4	176	3.72e-59	189
WP_014997404.1	MER0004111|S01.442|S01C	60.9	34.2	100	156	7.48e-55	177
WP_014997404.1	MER0000268|S01.480|S01C	54.8	34.2	100	155	1.29e-51	168
WP_014997404.1	MER0013623|S01.453|S01C	58.1	34.2	100	155	7.85e-49	161
WP_014997404.1	MER0004149|S01.525|S01C	54.6	34.2	100	163	1.29e-45	153
WP_014997404.1	MER0001373|S01.275|S01C	54.1	34.2	100	159	1.17e-44	150
WP_014997404.1	MER0003290|S01.482|S01C	53.1	34.2	100	160	1.69e-42	144
WP_014997404.1	MER0003293|S01.477|S01C	53.3	33.1	100	150	2.80e-41	141
WP_014997404.1	MER0004673|S01.494|S01C	37.5	55.6	97.4	275	8.47e-41	144
WP_014997404.1	MER0005468|S01.491|S01C	49.4	34.2	100	160	2.82e-39	136
WP_014997404.1	MER0001945|S01.472|S01C	46.3	34.2	100	160	2.24e-36	128
WP_014997404.1	MER0028330|S01.329|S01C	49.1	34.2	100	159	1.37e-35	126
WP_014997404.1	MER0002577|S01.277|S01C	50.3	34.2	100	159	3.68e-35	125
WP_014997404.1	MER0022668|S01.447|S01C	43.9	34.2	100	171	1.18e-31	116
WP_014997404.1	MER0016031|S01.364|S01C	45.2	34.2	100	168	1.98e-31	115
WP_014997404.1	MER0004086|S01.B81|S01C	46.6	34.0	100	163	6.52e-31	114
WP_014997404.1	MER0004093|S01.278|S01C	45.3	34.2	100	159	7.02e-31	113
WP_014997404.1	MER0014795|S01.284|S01C	46.1	34.2	100	165	1.15e-30	113
WP_014997404.1	MER0011375|S01.476|S01C	43.1	34.2	100	160	9.78e-30	110
WP_014997404.1	MER0016351|S01.285|S01C	44.0	34.2	100	159	1.32e-29	110
WP_014997404.1	MER0010944|S01.474|S01C	38.9	34.2	100	175	1.45e-27	105
WP_014997404.1	MER0006096|S01.A08|S01C	44.4	28.7	100	135	1.09e-24	95.9
WP_014997404.1	MER0015583|S01.416|S01C	43.3	30.5	97.4	150	4.39e-22	89.4
WP_014997453.1	MER0036308|M01.031|M01	60.6	36.7	100	236	1.55e-99	301
WP_014997453.1	MER0012283|M01.A26|M01	47.9	33.3	100	219	5.10e-63	205
WP_014997453.1	MER0001017|M01.025|M01	45.6	36.1	98.4	239	1.51e-62	204
WP_014997453.1	MER0001013|M01.004|M01	45.3	37.2	99.2	245	5.75e-62	203
WP_014997453.1	MER0011345|M01.A27|M01	43.3	36.5	98.0	240	2.47e-59	196
WP_014997453.1	MER0002281|M01.034|M01	42.6	36.4	97.9	242	3.49e-55	185
WP_014997453.1	MER0002755|M01.014|M01	46.5	30.6	99.5	202	3.95e-51	172
WP_014997453.1	MER0005328|M01.A18|M01	48.0	30.0	99.0	200	1.86e-50	171
WP_014997453.1	MER0012271|M01.022|M01	36.0	36.2	98.0	242	2.62e-40	144
WP_014997453.1	MER0002658|M01.A32|M01	39.0	20.7	89.8	141	3.25e-26	102
WP_014997453.1	MER0019759|M01.A25|M01	30.5	27.5	79.3	190	1.49e-19	85.1
WP_014997453.1	MER0002355|M01.A19|M01	30.8	34.8	99.5	234	2.20e-19	84.3
WP_014997453.1	MER0019730|M01.028|M01	24.4	30.8	85.3	221	2.48e-19	85.1
WP_014997453.1	MER0001012|M01.003|M01	29.1	32.2	99.5	223	2.32e-18	81.3
WP_014997453.1	MER0011370|M01.A11|M01	31.9	26.7	85.7	191	5.02e-18	80.1
WP_014997453.1	MER0091680|M01.A31|M01	31.1	27.8	84.5	190	6.03e-18	80.1
WP_014997453.1	MER0005046|M01.021|M01	30.5	25.5	85.9	177	8.47e-17	76.3
WP_014997453.1	MER0002060|M01.011|M01	27.8	31.9	97.3	216	1.71e-16	75.9
WP_014997453.1	MER0002968|M01.024|M01	28.0	31.9	97.3	218	1.71e-16	75.9
WP_014997453.1	MER0011423|M01.A02|M01	30.9	25.0	80.5	175	2.91e-16	75.1
WP_014997453.1	MER0005045|M01.020|M01	30.8	26.4	89.4	185	5.29e-16	73.9
WP_014997453.1	MER0011440|M01.A09|M01	32.5	24.4	75.5	166	5.88e-16	74.3
WP_014997453.1	MER0011371|M01.A10|M01	28.5	30.9	100	221	1.16e-15	73.2
WP_014997453.1	MER0028449|M01.A30|M01	28.8	26.3	80.4	184	1.60e-15	73.2
WP_014997453.1	MER0001701|M01.008|M01	30.4	26.6	80.8	184	2.13e-15	72.8
WP_014997466.1	MER0033186|M38.980|M38	37.5	73.5	98.7	317	8.76e-62	199
WP_014997472.1	MER0066192|M38.983|M38	30.5	88.9	99.7	347	3.18e-37	134
WP_014997472.1	MER0033184|M38.979|M38	33.2	82.9	87.5	328	6.69e-34	126
WP_014997567.1	MER0001243|M24.001|M24A	65.2	99.6	99.2	264	3.89e-122	346
WP_014997567.1	MER0001342|M24.017|M24A	48.8	92.4	92.3	244	4.41e-79	236
WP_014997567.1	MER0015127|M24.A05|M24A	49.6	93.2	97.6	246	1.54e-76	229
WP_014997567.1	MER0005690|M24.A06|M24A	50.4	90.9	95.2	240	3.09e-76	229
WP_014997567.1	MER0013589|M24.A12|M24A	45.5	93.2	100	246	6.19e-72	218
WP_014997567.1	MER0015128|M24.A07|M24A	45.9	91.3	95.2	242	1.74e-65	201
WP_014997567.1	MER0013929|M24.028|M24A	43.7	93.2	96.0	247	1.85e-65	201
WP_014997567.1	MER0013450|M24.036|M24A	34.6	95.5	99.6	254	1.76e-48	158
WP_014997567.1	MER0010972|M24.950|M24A	34.3	91.7	90.9	242	1.41e-41	140
WP_014997567.1	MER0004931|M24.008|M24B	27.8	96.2	98.7	255	6.27e-22	88.2
WP_014997567.1	MER0024896|M24.A13|M24A	33.6	43.9	23.5	116	1.17e-17	79.0
WP_014997567.1	MER0002038|M24.006|M24B	28.1	85.2	93.0	228	2.88e-16	72.8
WP_014997567.1	MER0004532|M24.034|M24B	28.2	76.9	83.8	209	5.03e-12	60.8
WP_014997567.1	MER0005462|M24.031|M24B	22.5	76.9	83.8	204	8.24e-11	57.4
WP_014997567.1	MER0064643|M24.978|M24X	37.9	29.5	24.9	87	4.40e-08	50.1
WP_014997567.1	MER0013463|M24.026|M24B	23.8	93.6	94.2	269	5.95e-08	49.3
WP_014997567.1	MER0005715|M24.A11|M24B	22.5	86.7	91.1	240	6.88e-08	48.9
WP_014997567.1	MER0005497|M24.973|M24X	36.8	29.5	24.9	87	4.55e-07	47.0
WP_014997567.1	MER0029983|M24.975|M24X	36.8	29.5	25.0	87	3.48e-06	44.3
WP_014997567.1	MER0047299|M24.977|M24X	25.3	54.2	50.8	170	1.47e-04	39.3
WP_014997571.1	MER0004480|M50.004|M50B	47.6	88.9	99.7	401	1.29e-110	326
WP_014997571.1	MER0897124|M50.A11|M50A	28.3	97.8	98.8	453	7.94e-44	155
WP_014997571.1	MER0004468|M50.011|M50B	27.8	97.8	98.8	453	1.09e-42	152
WP_014997571.1	MER0004469|M50.005|M50B	24.5	89.6	84.9	428	7.54e-22	94.0
WP_014997571.1	MER0004474|M50.003|M50B	41.2	21.3	25.9	97	2.62e-15	73.9
WP_014997571.1	MER0004471|M50.A10|M50B	33.7	19.6	23.6	89	2.01e-09	55.8
WP_014997585.1	MER0042827|C56.972|C56	52.1	7.4	97.0	96	2.17e-25	98.6
WP_014997650.1	MER0181656|N06.A01|N06	39.2	91.4	100	347	8.11e-70	219
WP_014997650.1	MER0123660|N06.001|N06	31.5	90.6	95.2	349	7.70e-44	152
WP_014997650.1	MER0181660|N06.004|N06	30.6	92.2	98.0	346	1.58e-38	138
WP_014997650.1	MER0187143|N06.003|N06	29.3	90.4	97.4	348	5.37e-38	136
WP_014997650.1	MER0181703|N06.002|N06	25.4	85.0	92.3	323	2.30e-25	102
WP_014997674.1	MER0004775|M13.009|M13	40.6	93.2	98.3	650	1.79e-160	474
WP_014997674.1	MER0001056|M13.002|M13	31.8	92.9	97.3	672	1.22e-98	315
WP_014997674.1	MER0001991|M13.003|M13	31.7	88.6	93.1	641	7.25e-96	307
WP_014997674.1	MER0011141|M13.A14|M13	29.1	92.9	97.4	685	9.34e-88	286
WP_014997674.1	MER0011838|M13.007|M13	29.5	90.3	94.4	651	1.09e-87	286
WP_014997674.1	MER0011159|M13.A15|M13	29.5	92.9	97.4	675	2.17e-87	285
WP_014997674.1	MER0002988|M13.A16|M13	30.4	88.1	92.8	652	2.13e-84	277
WP_014997674.1	MER0013406|M13.008|M13	28.4	92.9	97.4	689	1.66e-83	275
WP_014997674.1	MER0001050|M13.001|M13	28.4	91.9	96.4	687	9.57e-78	259
WP_014997674.1	MER0019831|M13.014|M13	31.4	72.2	78.8	522	6.95e-77	256
WP_014997674.1	MER0002062|M13.091|M13	28.8	92.9	97.4	695	1.28e-71	243
WP_014997674.1	MER0005528|M13.012|M13	29.7	91.9	96.4	679	4.75e-70	238
WP_014997674.1	MER0001058|M13.004|M13	28.2	91.3	99.4	652	7.81e-70	236
WP_014997674.1	MER0004762|M13.015|M13	28.6	93.2	97.7	690	9.49e-69	235
WP_014997674.1	MER0002350|M13.013|M13	29.3	92.3	96.8	696	1.49e-68	234
WP_014997674.1	MER0019832|M13.010|M13	28.1	93.1	98.3	665	3.05e-67	230
WP_014997674.1	MER0001059|M13.005|M13	29.0	79.0	97.3	572	1.34e-55	196
WP_014997674.1	MER0002997|M13.A31|M13	25.5	92.3	96.8	679	3.35e-54	194
WP_014997674.1	MER0002285|M13.A26|M13	24.3	92.9	97.2	671	7.47e-52	187
WP_014997674.1	MER0001365|M13.A20|M13	24.9	93.2	97.3	743	1.41e-47	176
WP_014997674.1	MER0001054|M13.090|M13	25.4	92.9	97.3	678	2.91e-40	154
WP_014997674.1	MER0162857|M13.A19|M13	30.1	46.7	46.6	355	1.64e-39	152
WP_014997674.1	MER0015175|M13.011|M13	28.3	66.0	69.2	523	1.32e-37	146
WP_014997674.1	MER0011427|M13.A08|M13	26.4	56.2	64.1	443	1.02e-33	134
WP_014997674.1	MER0011355|M13.A09|M13	26.6	46.9	52.1	357	1.23e-30	124
WP_014997738.1	MER0195774|M16.019|M16B	40.3	18.7	100	181	3.67e-35	129
WP_014997738.1	MER0001229|M16.003|M16B	26.7	22.5	97.2	217	2.66e-16	75.9
WP_014997738.1	MER0043985|M16.980|M16B	26.7	22.5	89.4	217	3.82e-16	75.9
WP_014997738.1	MER0001233|M16.A05|M16B	25.3	22.1	90.0	221	7.09e-14	69.3
WP_014997738.1	MER0122186|M16.A14|M16A	27.5	19.2	91.0	189	8.49e-14	68.2
WP_014997738.1	MER0015259|M16.017|M16A	29.1	17.3	77.4	172	1.62e-12	64.7
WP_014997738.1	MER0002345|M16.A08|M16A	28.2	19.2	89.2	195	5.43e-12	63.2
WP_014997738.1	MER0002283|M16.A10|M16A	29.7	18.9	87.7	192	1.34e-11	62.0
WP_014997738.1	MER0011744|M16.A02|M16A	28.9	19.2	89.2	197	1.81e-11	61.6
WP_014997738.1	MER0002008|M16.004|M16B	27.7	21.2	86.0	224	4.75e-11	60.8
WP_014997738.1	MER0011096|M16.A01|M16A	33.3	10.2	46.7	99	2.01e-10	58.5
WP_014997738.1	MER0003823|M16.A09|M16A	27.1	18.9	87.7	192	2.22e-09	55.5
WP_014997738.1	MER0001218|M16.008|M16A	26.4	19.2	89.2	193	4.03e-09	54.7
WP_014997738.1	MER0001220|M16.005|M16A	26.0	18.9	89.9	200	6.84e-09	53.9
WP_014997738.1	MER0002423|M16.A11|M16A	27.9	18.7	86.8	190	1.80e-08	52.8
WP_014997738.1	MER0237414|M16.970|M16B	23.9	21.5	88.5	213	3.15e-08	52.4
WP_014997738.1	MER0003386|M16.020|M16A	32.6	9.7	44.8	95	5.91e-08	51.2
WP_014997738.1	MER0011292|M16.A07|M16A	26.4	19.5	91.4	220	4.36e-07	48.9
WP_014997738.1	MER0169735|M16.021|M16A	27.5	19.2	94.0	193	5.50e-07	48.1
WP_014997738.1	MER0188967|M16.A18|M16C	34.5	6.0	12.8	58	8.36e-07	49.3
WP_014997738.1	MER0011192|M16.A06|M16A	28.4	16.0	95.1	162	9.07e-06	43.9
WP_014997738.1	MER0001214|M16.002|M16A	26.9	12.2	62.0	119	1.78e-05	43.5
WP_014997738.1	MER0026957|M16.977|M16B	22.6	17.0	73.4	164	3.20e-04	40.0
WP_014997738.1	MER0003909|M16.A04|M16C	22.8	8.2	15.1	79	6.48e-04	40.0
WP_014997759.1	MER0005244|M28.014|M28D	38.8	42.6	96.1	201	4.25e-38	135
WP_014997759.1	MER0005241|M28.015|M28D	32.7	43.0	89.2	217	2.00e-24	98.6
WP_014997759.1	MER0004514|M28.004|M28E	30.5	41.9	82.3	213	3.39e-13	66.2
WP_014997759.1	MER0001284|M28.002|M28E	32.2	37.7	75.2	202	1.19e-12	64.7
WP_014997759.1	MER0001289|M28.009|M28F	23.6	49.6	85.6	254	8.53e-12	62.4
WP_014997759.1	MER0100667|M28.020|M28F	26.2	40.7	89.1	206	1.01e-09	55.5
WP_014997759.1	MER0005238|M28.012|M28B	32.0	25.6	43.0	125	1.90e-09	55.5
WP_014997759.1	MER0194228|M28.A01|M28F	25.3	37.9	94.4	194	3.24e-09	53.5
WP_014997759.1	MER0001911|M28.A05|M28X	36.5	20.3	38.2	96	1.06e-08	52.8
WP_014997759.1	MER0015691|M28.A02|M28B	34.0	19.9	37.1	97	1.56e-08	52.4
WP_014997759.1	MER0015336|M28.007|M28B	31.1	21.8	38.4	106	1.65e-08	52.4
WP_014997759.1	MER0002104|M28.010|M28B	30.7	26.1	43.7	127	2.58e-08	52.0
WP_014997759.1	MER0002161|M28.003|M28A	25.1	41.5	74.3	223	8.11e-08	50.4
WP_014997759.1	MER0005139|M28.A18|M28B	27.4	23.1	38.2	113	3.41e-07	48.5
WP_014997759.1	MER0005131|M28.006|M28E	36.0	18.0	39.2	100	2.20e-06	45.8
WP_014997759.1	MER0037181|M28.019|M28A	30.0	23.3	36.3	110	2.53e-06	45.8
WP_014997773.1	MER0034539|C44.976|C44	65.7	37.2	99.0	207	4.01e-101	301
WP_014997773.1	MER0033254|C44.974|C44	33.1	40.5	100	254	3.20e-23	95.9
WP_014997773.1	MER0038019|C44.A04|C44	25.6	13.8	41.8	78	2.08e-05	42.4
WP_014997774.1	MER0001284|M28.002|M28E	30.2	29.9	64.6	172	1.72e-14	70.5
WP_014997774.1	MER0004514|M28.004|M28E	26.7	29.9	65.9	172	3.74e-11	60.5
WP_014997774.1	MER0002161|M28.003|M28A	28.6	36.0	65.5	203	2.31e-10	58.5
WP_014997774.1	MER0001288|M28.001|M28A	26.5	42.5	92.0	249	1.64e-08	52.4
WP_014997774.1	MER0100667|M28.020|M28F	31.2	32.6	77.3	186	3.33e-08	51.2
WP_014997774.1	MER0002104|M28.010|M28B	31.2	21.8	39.9	125	5.75e-06	45.1
WP_014997774.1	MER0005244|M28.014|M28D	24.8	19.6	48.3	109	6.61e-04	38.1
WP_014997796.1	MER0001218|M16.008|M16A	34.9	20.9	92.0	195	2.00e-35	130
WP_014997796.1	MER0011096|M16.A01|M16A	36.2	20.2	88.7	188	1.50e-33	125
WP_014997796.1	MER0001214|M16.002|M16A	38.2	17.2	81.8	157	4.02e-33	123
WP_014997796.1	MER0011744|M16.A02|M16A	35.6	20.2	88.7	188	9.51e-33	123
WP_014997796.1	MER0003823|M16.A09|M16A	32.3	20.0	87.7	186	2.43e-30	116
WP_014997796.1	MER0001222|M16.001|M16A	32.3	20.3	89.0	186	7.69e-30	114
WP_014997796.1	MER0015259|M16.017|M16A	38.4	17.4	75.0	159	1.54e-29	114
WP_014997796.1	MER0001220|M16.005|M16A	32.4	22.2	99.5	207	8.57e-29	111
WP_014997796.1	MER0002345|M16.A08|M16A	35.7	17.2	74.1	157	2.46e-28	110
WP_014997796.1	MER0169735|M16.021|M16A	32.3	20.7	95.5	192	1.14e-27	108
WP_014997796.1	MER0003386|M16.020|M16A	30.7	20.3	89.2	189	9.83e-27	105
WP_014997796.1	MER0002423|M16.A11|M16A	35.7	17.2	74.1	157	3.36e-26	104
WP_014997796.1	MER0002283|M16.A10|M16A	33.1	17.2	74.1	157	6.21e-26	103
WP_014997796.1	MER0001223|M16.006|M16A	29.0	20.3	96.4	186	1.10e-24	99.4
WP_014997796.1	MER0122186|M16.A14|M16A	29.5	21.0	94.5	193	1.16e-23	96.7
WP_014997796.1	MER0001219|M16.007|M16A	32.1	20.0	88.1	193	3.40e-23	95.9
WP_014997796.1	MER0011192|M16.A06|M16A	31.7	17.8	100	164	5.56e-21	87.8
WP_014997796.1	MER0011292|M16.A07|M16A	29.3	20.2	89.7	208	2.77e-20	87.8
WP_014997796.1	MER0170820|M16.022|M16A	31.7	13.4	61.0	123	1.67e-12	64.3
WP_014997796.1	MER0003448|M16.016|M16B	23.1	23.4	91.7	216	4.89e-12	63.5
WP_014997796.1	MER0005841|M16.A13|M16X	26.2	22.1	99.5	214	2.56e-10	58.2
WP_014997796.1	MER0078753|M16.984|M16A	26.8	22.1	99.5	213	3.40e-10	57.8
WP_014997796.1	MER0195774|M16.019|M16B	24.7	16.7	86.4	154	2.95e-09	54.3
WP_014997796.1	MER0002008|M16.004|M16B	22.0	22.1	86.0	214	3.18e-07	49.3
WP_014997796.1	MER0023436|M16.A12|M16C	25.0	16.5	78.2	164	1.36e-06	47.0
WP_014997816.1	MER0129252|A01.095|A01A	32.3	91.3	100	418	2.21e-61	201
WP_014997816.1	MER0005534|A01.041|A01A	22.6	94.1	94.1	424	3.30e-10	58.2
WP_014997816.1	MER0005870|A01.004|A01A	21.2	92.3	92.3	410	4.34e-09	54.7
WP_014997816.1	MER0001988|A01.023|A01A	22.5	89.9	93.5	396	1.09e-06	47.0
WP_014997816.1	MER0003436|A01.A71|A01A	21.3	92.3	96.7	414	3.36e-05	42.4
WP_014997816.1	MER0000885|A01.001|A01A	21.9	94.1	98.8	424	5.86e-05	41.6
WP_014997816.1	MER0037290|A01.070|A01A	21.9	94.1	98.8	424	5.86e-05	41.6
WP_014997816.1	MER0037291|A01.071|A01A	22.0	94.1	98.8	428	1.82e-04	40.0
WP_014997816.1	MER0014323|A01.A58|A01B	26.1	31.1	32.8	138	2.02e-04	40.0
WP_014997877.1	MER0001335|S51.001|S51	42.5	93.8	97.8	228	1.91e-61	189
WP_014997877.1	MER0002251|S51.002|S51	41.3	95.4	99.6	240	2.48e-48	156
WP_014997910.1	MER0043392|C26.960|C26	56.6	79.0	93.5	166	8.80e-59	179
WP_014997910.1	MER0045094|C26.959|C26	39.2	91.0	76.3	194	1.18e-36	125
WP_014997910.1	MER0043394|C26.955|C26	39.4	78.6	95.7	165	6.66e-36	121
WP_014997910.1	MER0044622|C26.A25|C26	37.8	86.7	68.9	188	7.37e-31	110
WP_014997910.1	MER0044882|C26.A09|C26	37.2	81.9	93.4	180	8.11e-25	93.2
WP_014997910.1	MER0045095|C26.958|C26	30.7	91.9	77.9	212	3.52e-18	77.4
WP_014997910.1	MER0043537|C26.A31|C26	28.0	90.0	94.7	189	1.89e-17	73.9
WP_014997910.1	MER0043195|C26.A30|C26	25.7	88.6	77.6	202	6.53e-11	57.0
WP_014997910.1	MER0043387|C26.950|C26	31.5	52.9	60.2	111	2.66e-10	54.3
WP_014997910.1	MER0044889|C26.A21|C26	31.8	52.4	43.8	110	7.38e-10	53.9
WP_014997910.1	MER0044812|C26.A04|C26	27.2	82.4	65.2	173	1.20e-08	50.4
WP_014997910.1	MER0045945|C26.963|C26	26.8	67.1	60.5	142	1.02e-06	44.7
WP_014997910.1	MER0042974|C26.A07|C26	27.1	80.0	84.0	177	2.82e-06	43.1
WP_014997927.1	MER0044357|S33.A41|S33	30.9	45.9	44.7	223	2.26e-33	128
WP_014997941.1	MER0115185|C26.954|C26	82.5	38.0	100	143	3.27e-88	259
WP_014997941.1	MER0044812|C26.A04|C26	48.4	59.0	91.0	225	4.44e-71	219
WP_014997941.1	MER0060647|C26.952|C26	38.3	96.3	100	373	5.05e-71	223
WP_014997941.1	MER0078640|C26.951|C26	35.1	96.0	100	373	2.53e-63	203
WP_014997941.1	MER0045945|C26.963|C26	45.4	48.4	81.2	183	8.77e-48	159
WP_014997941.1	MER0043540|C26.A33|C26	42.3	51.3	84.6	194	2.81e-47	157
WP_014997941.1	MER0046161|C26.956|C26	37.9	58.2	79.6	232	4.73e-43	148
WP_014997941.1	MER0436691|C26.A27|C26	32.7	74.5	92.9	284	1.74e-40	140
WP_014997941.1	MER0044882|C26.A09|C26	30.5	40.2	87.9	164	1.09e-11	60.1
WP_014997941.1	MER0043394|C26.955|C26	27.9	34.6	81.7	136	5.01e-11	57.8
WP_014997941.1	MER0045094|C26.959|C26	29.2	40.7	66.0	161	6.18e-11	58.9
WP_014997941.1	MER0043537|C26.A31|C26	35.1	19.7	38.8	74	9.70e-09	51.6
WP_014997941.1	MER0044619|C26.A26|C26	29.7	39.9	62.9	155	5.50e-08	50.1
WP_014997941.1	MER0043392|C26.960|C26	37.1	16.5	36.1	62	2.62e-05	41.2
WP_014997941.1	MER0043195|C26.A30|C26	26.1	32.7	56.0	142	1.18e-04	40.0
WP_014997941.1	MER0436735|C26.A34|C26	29.9	17.8	26.7	77	2.95e-04	38.9
WP_014997950.1	MER0005900|M38.002|M38	31.7	81.7	88.8	357	4.57e-40	144
WP_014997981.1	MER0209142|S09.027|S09X	24.9	74.3	100	177	1.07e-10	55.5
WP_014997997.1	MER0004925|S09.021|S09D	57.1	32.0	99.6	261	4.64e-102	313
WP_014997997.1	MER0014827|S09.021|S09D	55.6	32.0	99.6	261	5.40e-100	307
WP_014997997.1	MER0034615|S09.075|S09C	26.3	28.0	92.3	240	9.17e-16	74.7
WP_014997997.1	MER0126485|S09.072|S09X	30.6	18.3	65.3	160	1.29e-13	68.2
WP_014997997.1	MER0003558|S09.A83|S09C	24.2	28.6	88.8	252	3.84e-11	61.2
WP_014997997.1	MER0017401|S09.071|S09C	30.5	16.1	56.5	141	7.21e-11	60.1
WP_014997997.1	MER0230379|S09.035|S09C	26.3	27.0	84.9	247	5.39e-10	57.8
WP_014997997.1	MER1137425|S09.032|S09C	24.0	30.6	91.5	279	6.91e-09	54.7
WP_014997997.1	MER0013484|S09.018|S09B	28.0	28.4	95.4	239	4.83e-08	51.6
WP_014997997.1	MER0011413|S09.016|S09B	25.1	27.8	93.3	243	1.56e-07	50.1
WP_014997997.1	MER0001423|S09.013|S09B	23.6	22.6	77.2	195	1.14e-06	47.4
WP_014997997.1	MER0018170|S09.057|S09C	27.1	21.5	75.0	192	3.20e-06	46.2
WP_014997997.1	MER0192427|S09.A96|S09C	22.5	29.3	82.4	253	4.93e-05	42.7
WP_014997997.1	MER0030932|S09.B06|S09X	26.2	17.4	59.6	149	7.32e-05	42.0
WP_014997997.1	MER0005807|S09.070|S09C	25.8	15.2	45.8	128	3.54e-04	40.0
WP_014998001.1	MER0001272|M20.010|M20A	40.3	98.4	98.5	372	5.05e-82	248
WP_014998001.1	MER0369972|M20.A25|M20A	24.5	88.4	90.8	412	4.09e-14	70.1
WP_014998001.1	MER0001273|M20.974|M20A	31.1	43.9	62.8	177	1.17e-13	67.4
WP_014998001.1	MER0015142|M20.006|M20F	30.1	31.5	23.6	123	1.11e-11	62.8
WP_014998001.1	MER0033183|M20.011|M20A	32.3	26.2	32.1	99	3.31e-11	60.5
WP_014998001.1	MER0057434|M20.013|M20F	27.7	26.7	33.7	101	1.07e-09	55.8
WP_014998001.1	MER0003775|M20.A19|M20A	31.1	29.4	39.8	119	1.42e-09	55.5
WP_014998001.1	MER0025046|M20.975|M20A	34.6	20.6	27.7	78	6.70e-04	37.7
WP_014998020.1	MER0037714|M38.981|M38	35.6	59.1	99.6	261	1.70e-45	155
WP_014998038.1	MER0026469|M20.976|M20X	34.2	85.5	89.8	357	5.09e-57	189
WP_014998038.1	MER0026472|M20.A07|M20X	30.2	92.5	97.7	388	2.97e-48	163
WP_014998040.1	MER0094876|T03.025|T03	49.2	96.8	99.2	510	1.89e-156	453
WP_014998040.1	MER0001978|T03.001|T03	28.8	95.4	92.8	538	7.99e-43	157
WP_014998040.1	MER0011811|T03.A03|T03	27.8	95.6	93.3	544	8.89e-40	149
WP_014998040.1	MER0001629|T03.006|T03	26.6	95.8	93.3	534	2.79e-33	130
WP_014998040.1	MER0011800|T03.A01|T03	27.0	76.2	71.7	423	4.20e-31	124
WP_014998040.1	MER0003580|T03.011|T03	26.0	77.0	76.3	431	1.07e-27	113
WP_014998040.1	MER0002720|T03.023|T03	24.8	97.5	100	516	9.60e-26	107
WP_014998040.1	MER0006124|T03.A05|T03	26.4	97.9	93.0	552	2.20e-24	103
WP_014998040.1	MER0011215|T03.A04|T03	25.4	82.1	89.9	468	1.71e-23	100
WP_014998040.1	MER0016970|T03.017|T03	25.3	95.2	92.8	530	1.56e-22	97.8
WP_014998040.1	MER0004194|T03.A07|T03	23.5	96.6	100	541	6.09e-21	92.8
WP_014998040.1	MER0011211|T03.007|T03	25.0	91.4	89.7	521	6.78e-21	92.8
WP_014998040.1	MER0005029|T03.009|T03	24.3	96.6	100	551	6.14e-20	89.7
WP_014998040.1	MER0011143|T03.005|T03	25.1	82.5	80.7	462	1.14e-18	85.9
WP_014998040.1	MER0006132|T03.014|T03	26.6	96.4	94.4	608	2.96e-17	81.6
WP_014998040.1	MER0005831|T03.A06|T03	24.2	97.9	95.2	558	3.44e-17	81.3
WP_014998040.1	MER0011193|T03.010|T03	25.3	50.9	53.0	293	6.72e-14	70.9
WP_014998040.1	MER0026204|T03.018|T03	27.3	37.5	84.1	198	1.30e-12	64.3
WP_014998040.1	MER0002728|T03.012|T03	22.4	60.6	62.0	362	1.24e-09	57.4
WP_014998040.1	MER0003440|T03.A08|T03	24.8	73.5	85.3	403	8.62e-08	51.2
WP_014998040.1	MER0026205|T03.019|T03	25.4	35.2	83.1	201	1.07e-07	49.7
WP_014998040.1	MER0002718|T03.008|T03	27.5	24.4	77.0	149	4.32e-07	47.4
WP_014998040.1	MER0002721|T03.016|T03	26.0	35.0	84.2	219	6.01e-05	41.6
WP_014998055.1	MER0320807|C93.001|C93	45.1	67.4	70.9	164	1.65e-43	144
WP_014998072.1	MER0035254|S45.004|S45	24.5	24.5	40.5	229	7.91e-05	42.7
WP_014998072.1	MER0003306|S45.001|S45	32.5	10.0	13.6	80	4.14e-04	40.4
WP_014998089.1	MER0036114|S33.980|S33	28.7	37.8	36.0	108	9.99e-08	48.9
WP_014998099.1	MER0017248|S09.A36|S09X	26.6	63.8	67.9	214	5.52e-07	47.0
WP_014998105.1	MER0003338|T02.002|T02	62.5	33.9	83.9	120	4.32e-42	140
WP_014998105.1	MER0003303|T02.A01|T02	52.6	37.6	97.7	133	1.22e-37	129
WP_014998105.1	MER0013976|T02.A02|T02	50.8	35.6	100	126	9.35e-32	113
WP_014998105.1	MER0017622|T02.A06|T02	28.2	64.7	89.3	245	1.74e-20	86.7
WP_014998105.1	MER0003336|T02.007|T02	41.1	25.4	61.8	90	4.21e-17	74.3
WP_014998105.1	MER0003299|T02.001|T02	50.8	17.2	43.3	61	4.57e-15	68.6
WP_014998105.1	MER0034967|T02.A05|T02	27.1	51.4	95.1	203	2.21e-14	68.2
WP_014998105.1	MER0016969|T02.004|T02	41.7	18.6	41.6	72	9.90e-11	57.0
WP_014998105.1	MER0011465|T02.A04|T02	39.3	17.2	42.7	61	7.93e-09	50.8
WP_014998149.1	MER0001019|M02.004|M02	43.2	90.8	89.6	558	9.05e-159	466
WP_014998149.1	MER0004971|M02.005|M02	41.7	89.1	97.0	554	6.66e-150	441
WP_014998149.1	MER0004967|M02.001|M02	41.5	87.5	96.9	547	6.52e-139	412
WP_014998149.1	MER0287029|M02.007|M02	41.7	83.8	99.6	525	1.46e-134	400
WP_014998149.1	MER0001987|M02.003|M02	37.2	92.7	95.7	580	1.39e-128	387
WP_014998149.1	MER0002827|M02.002|M02	40.4	82.3	84.0	515	4.07e-126	381
WP_014998149.1	MER0011061|M02.006|M02	35.4	94.2	97.0	588	2.33e-117	358
WP_014998149.1	MER0021909|M02.971|M02	31.1	60.9	97.0	399	1.11e-59	201
WP_014998149.1	MER0020514|M02.972|M02	32.1	44.6	88.2	280	3.59e-40	145
WP_014998152.1	MER0003280|S33.990|S33	35.4	83.9	91.7	271	1.45e-39	137
WP_014998152.1	MER0017177|S33.973|S33	30.9	40.1	37.2	123	5.74e-09	53.1
WP_014998152.1	MER0004146|S33.995|S33	27.6	36.8	43.7	116	4.99e-05	40.8
WP_014998152.1	MER0017123|S33.972|S33	29.4	35.9	38.9	119	7.43e-04	37.4
WP_014998187.1	MER0195376|S41.012|S41A	49.5	34.1	100	188	1.44e-51	171
WP_014998230.1	MER0001299|S49.001|S49A	40.0	92.8	99.3	578	1.34e-138	413
WP_014998230.1	MER0321345|S49.A08|S49B	39.6	29.0	98.9	182	6.69e-35	127
WP_014998230.1	MER0003812|S49.008|S49X	39.0	29.0	94.3	182	4.19e-34	125
WP_014998230.1	MER0011114|S49.004|S49B	26.9	70.9	99.5	443	2.95e-33	128
WP_014998230.1	MER0044046|S49.006|S49B	34.1	28.7	95.7	179	4.37e-21	88.2
WP_014998230.1	MER0013957|S49.007|S49B	26.9	28.7	94.7	182	1.18e-16	75.5
WP_014998230.1	MER0001300|S49.002|S49B	27.9	28.2	93.5	179	1.54e-16	75.1
WP_014998230.1	MER0001303|S49.003|S49B	27.2	30.4	96.9	191	1.44e-11	60.8
WP_014998230.1	MER0042954|S49.005|S49C	36.1	11.1	42.6	72	4.93e-04	38.1
WP_014998239.1	MER0000450|S11.003|S11	50.3	89.3	97.3	356	2.45e-122	355
WP_014998239.1	MER0000451|S11.009|S11	45.2	88.3	98.6	352	4.50e-102	303
WP_014998239.1	MER0000449|S11.008|S11	53.6	62.7	100	250	6.63e-88	263
WP_014998239.1	MER0000454|S11.005|S11	33.3	86.8	96.1	351	3.06e-62	201
WP_014998239.1	MER0000448|S11.001|S11	30.3	86.3	92.4	390	1.84e-39	142
WP_014998239.1	MER0000452|S11.006|S11	26.3	84.5	90.3	357	1.81e-28	112
WP_014998239.1	MER0004224|S11.010|S11	27.3	66.5	73.1	286	1.29e-25	103
WP_014998239.1	MER0000453|S11.004|S11	32.2	62.2	97.7	264	5.79e-25	99.8
WP_014998239.1	MER0043199|S11.007|S11	26.7	60.4	94.0	243	7.84e-16	73.6
WP_014998239.1	MER0000455|S11.002|S11	27.1	54.1	75.6	225	5.80e-14	68.6
WP_014998250.1	MER0041647|S16.007|S16	44.4	29.9	95.2	239	1.20e-59	199
WP_014998250.1	MER0003018|S16.A10|S16	45.7	27.2	98.2	219	2.57e-58	195
WP_014998250.1	MER0017402|S16.A11|S16	29.8	25.6	85.5	208	1.25e-16	76.6
WP_014998250.1	MER0003359|S16.008|S16	40.7	14.8	43.6	118	1.51e-14	70.9
WP_014998250.1	MER0003859|S16.005|S16	31.3	25.1	75.7	208	1.75e-14	70.9
WP_014998250.1	MER0003017|S16.A05|S16	26.4	19.9	89.5	159	4.80e-09	53.1
WP_014998250.1	MER0026213|S16.A14|S16	34.2	9.1	25.5	73	1.04e-04	41.6
WP_014998250.1	MER0003443|S16.003|S16	36.4	9.6	30.8	77	2.74e-04	40.0
WP_014998254.1	MER0001620|M41.001|M41	69.6	41.5	96.5	273	4.42e-124	366
WP_014998254.1	MER0005466|M41.021|M41	46.5	35.0	94.2	228	2.02e-63	207
WP_014998254.1	MER0017637|M41.024|M41	44.5	34.9	93.5	229	2.45e-62	204
WP_014998254.1	MER0002563|M41.020|M41	43.2	34.9	93.5	229	1.30e-61	202
WP_014998254.1	MER0002602|M41.009|M41	45.9	35.8	86.5	233	1.31e-61	203
WP_014998254.1	MER0002408|M41.017|M41	41.0	35.0	91.5	227	4.14e-54	182
WP_014998254.1	MER0005755|M41.026|M41	42.3	36.6	99.6	239	1.69e-52	177
WP_014998254.1	MER0002197|M41.004|M41	40.4	39.2	96.9	265	2.33e-52	178
WP_014998254.1	MER0015197|M41.013|M41	41.4	34.9	84.9	227	1.16e-50	173
WP_014998254.1	MER0015199|M41.015|M41	36.8	40.3	92.1	261	1.04e-49	171
WP_014998254.1	MER0014324|M41.018|M41	42.1	35.2	89.1	228	3.27e-49	169
WP_014998254.1	MER0002608|M41.A11|M41	37.1	36.9	88.1	240	1.36e-46	162
WP_014998254.1	MER0190577|M41.A16|M41	34.3	36.0	89.3	233	6.45e-45	157
WP_014998254.1	MER0015194|M41.A14|M41	39.4	35.6	84.2	231	1.10e-43	154
WP_014998254.1	MER0190705|M41.A18|M41	38.1	35.6	97.7	231	3.16e-43	152
WP_014998254.1	MER0011745|M41.005|M41	37.9	36.9	91.9	240	4.67e-43	152
WP_014998254.1	MER0015193|M41.019|M41	39.4	34.4	93.3	226	9.46e-43	151
WP_014998254.1	MER0015137|M41.025|M41	37.2	36.9	93.0	242	1.13e-42	151
WP_014998254.1	MER0056525|M41.A17|M41	36.1	35.8	89.2	233	3.55e-42	150
WP_014998254.1	MER0024900|M41.A21|M41	37.0	35.0	87.4	227	5.52e-41	146
WP_014998254.1	MER0023544|M41.A10|M41	36.2	36.1	82.2	235	1.64e-40	146
WP_014998254.1	MER0002600|M41.002|M41	38.4	34.4	84.0	224	1.88e-40	145
WP_014998254.1	MER0005496|M41.007|M41	36.5	35.8	83.3	233	6.36e-39	141
WP_014998254.1	MER0002605|M41.003|M41	36.4	36.1	84.9	236	7.89e-39	141
WP_014998254.1	MER0171760|M41.A12|M41	33.7	41.2	98.1	270	1.06e-38	140
WP_014998284.1	MER0002489|S12.003|S12	27.6	77.6	81.5	283	9.89e-29	110
WP_014998284.1	MER0026262|S12.008|S12	33.3	56.6	60.3	213	3.44e-26	103
WP_014998284.1	MER0005964|S12.951|S12	23.1	70.0	73.9	268	2.04e-20	87.8
WP_014998284.1	MER1143079|S12.013|S12	27.5	57.1	67.8	207	2.42e-16	75.1
WP_014998284.1	MER0000459|S12.001|S12	22.8	82.5	93.1	334	6.54e-15	71.6
WP_014998284.1	MER0005925|S12.A13|S12	27.5	42.3	44.2	153	1.68e-13	67.4
WP_014998284.1	MER0004090|S12.A03|S12	26.0	42.6	39.9	154	1.16e-12	65.1
WP_014998284.1	MER0354941|S12.A22|S12	24.1	52.8	99.5	199	1.88e-12	62.4
WP_014998284.1	MER0017069|S12.009|S12	27.3	55.4	57.0	198	4.11e-11	60.1
WP_014998284.1	MER0005923|S12.004|S12	32.7	28.9	22.3	101	2.46e-10	58.2
WP_014998284.1	MER0003800|S12.952|S12	23.0	54.2	49.4	204	4.01e-10	57.4
WP_014998284.1	MER0005836|S12.A12|S12	26.3	63.8	90.5	236	6.36e-10	55.8
WP_014998284.1	MER0003802|S12.A21|S12	22.8	70.6	82.4	268	1.25e-09	55.5
WP_014998284.1	MER0122661|S12.A28|S12	21.4	48.4	47.6	182	3.32e-09	54.3
WP_014998284.1	MER0000463|S12.006|S12	24.2	62.1	59.7	223	3.48e-09	54.3
WP_014998284.1	MER0028284|S12.010|S12	24.8	47.2	47.5	165	5.90e-09	53.5
WP_014998284.1	MER0006204|S12.950|S12	24.6	52.2	50.1	195	8.83e-09	53.1
WP_014998284.1	MER0140154|S12.A27|S12	22.0	49.3	54.9	186	1.88e-08	52.0
WP_014998284.1	MER0219770|S12.011|S12	21.3	46.4	50.5	160	2.27e-08	51.6
WP_014998284.1	MER0000457|S12.002|S12	23.8	53.9	54.2	189	1.05e-07	49.7
WP_014998284.1	MER0011700|S12.A16|S12	23.0	51.9	53.5	204	6.33e-07	47.4
WP_014998284.1	MER0034964|S12.A17|S12	29.3	28.9	24.9	99	1.54e-06	46.2
WP_014998284.1	MER0004154|S12.012|S12	25.4	53.6	55.4	197	7.65e-05	40.8
WP_014998284.1	MER0015683|S12.A01|S12	25.4	48.7	57.4	177	6.61e-04	37.7
WP_014998342.1	MER0035254|S45.004|S45	32.5	68.1	98.2	590	2.78e-84	276
WP_014998342.1	MER0030255|S45.005|S45	31.9	66.0	95.0	570	1.98e-68	234
WP_014998342.1	MER0006198|S45.002|S45	24.6	68.0	97.7	581	7.77e-30	121
WP_014998343.1	MER0001300|S49.002|S49B	61.9	52.6	97.3	181	2.89e-79	237
WP_014998343.1	MER0013957|S49.007|S49B	29.9	48.0	88.3	167	1.52e-17	76.6
WP_014998343.1	MER0003812|S49.008|S49X	29.2	48.0	87.0	168	1.68e-17	76.6
WP_014998343.1	MER0321345|S49.A08|S49B	28.6	48.0	91.3	168	1.77e-16	73.6
WP_014998343.1	MER0011114|S49.004|S49B	31.0	47.7	44.5	171	4.95e-10	57.0
WP_014998343.1	MER0001299|S49.001|S49A	27.0	49.1	29.7	174	8.99e-10	56.6
WP_014998343.1	MER0044046|S49.006|S49B	31.3	41.9	78.4	150	1.50e-08	50.8
WP_014998349.1	MER0018006|I04.029|I04	34.8	28.6	11.6	46	3.84e-04	36.6
WP_014998359.1	MER0013541|M23.014|M23B	42.4	27.8	96.6	85	2.37e-19	78.2
WP_014998359.1	MER0069741|M23.009|M23B	38.8	33.7	59.3	103	9.37e-17	73.6
WP_014998359.1	MER0003380|M23.011|M23B	38.1	31.7	40.2	97	8.28e-16	72.4
WP_014998359.1	MER0066182|M23.A04|M23B	32.8	38.6	58.8	119	1.08e-15	71.2
WP_014998359.1	MER0003376|M23.005|M23B	34.4	35.9	74.1	125	2.81e-15	69.3
WP_014998359.1	MER0003906|M23.013|M23B	35.6	32.0	98.1	104	1.27e-14	65.9
WP_014998359.1	MER0387040|M23.A03|M23B	32.7	32.7	98.1	101	8.11e-14	63.5
WP_014998359.1	MER0015415|M23.951|M23B	31.9	36.6	63.5	113	3.20e-12	60.8
WP_014998359.1	MER0003423|M23.012|M23B	36.6	32.0	69.9	101	2.35e-11	57.8
WP_014998359.1	MER0001419|M23.004|M23B	36.6	32.0	69.9	101	3.92e-10	54.3
WP_014998360.1	MER0073084|M61.002|M61	39.9	79.1	97.8	489	2.68e-122	367
WP_014998360.1	MER0014496|M61.001|M61	24.4	92.7	86.7	599	2.66e-25	107
WP_014998398.1	MER0001295|S41.001|S41A	62.4	26.0	99.5	181	8.30e-70	222
WP_014998398.1	MER0001425|S41.004|S41A	35.1	24.9	94.9	174	2.75e-23	94.4
WP_014998398.1	MER0003065|S41.009|S41A	35.7	24.7	94.1	171	1.10e-22	92.4
WP_014998398.1	MER0001297|S41.008|S41A	34.7	25.0	95.3	170	1.50e-22	92.0
WP_014998398.1	MER0004196|S41.013|S41A	32.4	24.7	94.2	170	2.16e-22	91.7
WP_014998398.1	MER0003514|S41.010|S41A	35.5	25.1	95.9	172	5.17e-22	90.5
WP_014998398.1	MER0003413|S41.002|S41A	32.1	24.7	94.1	168	7.23e-22	90.1
WP_014998398.1	MER0004195|S41.007|S41A	33.3	25.1	95.9	174	1.86e-19	83.2
WP_014998398.1	MER0005714|S41.A01|S41A	30.5	24.6	93.8	177	1.44e-14	69.3
WP_014998398.1	MER0015684|S41.A02|S41A	29.2	24.6	93.6	168	1.06e-13	66.6
WP_014998398.1	MER0030244|S41.954|S41A	28.3	24.9	94.4	191	1.04e-07	49.7
WP_014998398.1	MER0030235|S41.950|S41A	28.3	24.3	97.8	187	5.40e-07	47.4
WP_014998398.1	MER0028704|S41.011|S41A	33.0	13.4	51.8	94	1.56e-05	42.7
WP_014998401.1	MER0001001|M01.005|M01	72.9	24.2	100	210	1.15e-106	324
WP_014998401.1	MER0005037|M01.029|M01	56.8	21.1	99.5	183	5.23e-69	223
WP_014998401.1	MER0040779|M01.035|M01	37.4	24.1	100	214	3.40e-40	144
WP_014998401.1	MER0011183|M01.A24|M01	32.9	23.9	94.6	213	3.47e-27	107
WP_014998401.1	MER0002746|M01.010|M01	30.2	25.0	93.6	232	2.44e-23	96.7
WP_014998401.1	MER0019759|M01.A25|M01	28.3	25.0	94.0	226	3.64e-22	93.2
WP_014998401.1	MER0002078|M01.A28|M01	28.0	26.5	99.1	232	5.17e-22	92.8
WP_014998401.1	MER0011440|M01.A09|M01	28.6	23.5	93.6	210	1.09e-20	88.6
WP_014998401.1	MER0002003|M01.015|M01	29.4	23.0	91.9	204	2.06e-20	87.8
WP_014998401.1	MER0005331|M01.018|M01	27.8	22.9	94.8	209	3.03e-20	87.0
WP_014998401.1	MER0002968|M01.024|M01	28.3	25.0	99.5	219	3.62e-20	87.0
WP_014998401.1	MER0091680|M01.A31|M01	30.5	24.6	97.7	220	6.67e-20	86.3
WP_014998401.1	MER0011371|M01.A10|M01	30.7	21.5	90.9	189	7.10e-20	85.9
WP_014998401.1	MER0011438|M01.A08|M01	31.0	20.7	85.8	187	1.05e-19	85.5
WP_014998401.1	MER0002060|M01.011|M01	29.9	22.6	90.0	201	1.23e-19	85.5
WP_014998401.1	MER0004243|M01.016|M01	33.2	21.4	88.0	193	5.41e-19	83.6
WP_014998401.1	MER0001010|M01.007|M01	28.7	23.0	97.6	202	2.01e-18	81.6
WP_014998401.1	MER0001012|M01.003|M01	26.8	24.3	98.2	220	4.58e-18	80.9
WP_014998401.1	MER0001185|M01.A15|M01	26.8	21.9	87.6	190	4.58e-18	80.9
WP_014998401.1	MER0001701|M01.008|M01	27.6	23.5	92.4	214	7.16e-18	80.5
WP_014998401.1	MER0011370|M01.A11|M01	28.1	22.7	94.8	199	1.34e-17	79.3
WP_014998401.1	MER0000997|M01.001|M01	35.0	17.3	71.4	157	2.85e-17	78.6
WP_014998401.1	MER0005045|M01.020|M01	27.0	21.5	94.5	189	3.59e-17	77.8
WP_014998401.1	MER0028449|M01.A30|M01	29.1	22.4	89.8	206	1.12e-16	77.0
WP_014998401.1	MER0001009|M01.006|M01	26.4	24.5	99.1	216	2.94e-16	75.5
WP_014998518.1	MER0031491|M48.023|M48C	56.5	38.2	97.4	186	2.61e-66	209
WP_014998518.1	MER0042387|M48.019|M48C	36.1	39.0	99.5	191	1.31e-26	103
WP_014998518.1	MER0026552|M48.A01|M48C	30.8	27.3	70.8	133	1.11e-12	63.2
WP_014998518.1	MER0026545|M48.018|M48C	28.0	38.0	62.2	189	1.01e-08	53.1
WP_014998518.1	MER0026496|M48.017|M48C	27.4	30.6	55.3	157	1.86e-08	52.4
WP_014998583.1	MER0250299|S09.A52|S09X	30.4	78.2	98.6	224	7.08e-23	90.9
WP_014998583.1	MER0200437|S09.943|S09X	29.2	66.2	79.0	192	4.50e-19	80.9
WP_014998583.1	MER0250357|S09.A49|S09X	28.2	73.6	90.8	216	1.29e-17	76.6
WP_014998583.1	MER0250303|S09.A51|S09X	29.4	65.5	78.2	187	5.63e-17	75.1
WP_014998583.1	MER0199442|S09.942|S09X	28.7	66.2	79.0	188	7.75e-17	74.7
WP_014998583.1	MER0250335|S09.A60|S09X	25.5	66.2	79.0	192	4.37e-14	67.0
WP_014998583.1	MER0250407|S09.B09|S09X	30.7	34.9	43.7	101	4.89e-06	43.5
WP_014998587.1	MER0001978|T03.001|T03	34.7	91.6	96.6	554	4.60e-91	288
WP_014998587.1	MER0011800|T03.A01|T03	31.4	81.7	80.5	493	8.29e-57	197
WP_014998587.1	MER0011811|T03.A03|T03	33.8	78.3	79.4	473	2.04e-53	188
WP_014998587.1	MER0006124|T03.A05|T03	30.2	85.8	89.8	537	1.28e-51	183
WP_014998587.1	MER0002720|T03.023|T03	29.8	85.6	93.0	503	1.79e-51	181
WP_014998587.1	MER0003580|T03.011|T03	29.7	89.7	94.2	543	2.01e-50	179
WP_014998587.1	MER0016970|T03.017|T03	30.2	87.7	92.1	527	1.60e-49	177
WP_014998587.1	MER0011211|T03.007|T03	29.8	88.9	93.3	541	7.11e-49	175
WP_014998587.1	MER0001629|T03.006|T03	28.8	78.8	82.2	473	3.29e-48	173
WP_014998587.1	MER0004194|T03.A07|T03	29.4	78.6	87.0	479	3.69e-47	170
WP_014998587.1	MER0005831|T03.A06|T03	29.6	88.0	92.3	537	6.39e-47	170
WP_014998587.1	MER0005029|T03.009|T03	27.3	88.0	98.3	549	3.47e-45	164
WP_014998587.1	MER0004202|T03.013|T03	28.0	90.8	98.1	546	6.75e-41	152
WP_014998587.1	MER0011215|T03.A04|T03	31.0	77.6	89.1	477	1.03e-40	151
WP_014998587.1	MER0011143|T03.005|T03	26.4	87.9	90.8	530	1.12e-40	152
WP_014998587.1	MER0001977|T03.002|T03	26.7	77.9	82.0	479	1.17e-34	135
WP_014998587.1	MER0002728|T03.012|T03	28.3	87.4	91.5	547	4.98e-32	127
WP_014998587.1	MER0011193|T03.010|T03	25.4	78.1	83.3	473	6.65e-28	114
WP_014998587.1	MER0094876|T03.025|T03	25.8	90.3	99.8	547	5.91e-25	105
WP_014998587.1	MER0026205|T03.019|T03	35.4	20.7	56.4	127	1.14e-19	85.1
WP_014998587.1	MER0026204|T03.018|T03	31.0	34.0	83.7	200	1.00e-18	82.4
WP_014998587.1	MER0003440|T03.A08|T03	26.2	70.4	85.3	424	6.14e-18	83.2
WP_014998587.1	MER0002721|T03.016|T03	31.8	20.7	60.9	154	7.34e-18	80.5
WP_014998587.1	MER0002718|T03.008|T03	35.7	20.2	65.4	126	5.41e-16	73.6
WP_014998587.1	MER0001976|T03.015|T03	32.0	20.7	54.4	125	5.37e-15	71.2
WP_014998590.1	MER0058228|S09.009|S09B	35.4	28.8	97.9	243	2.91e-35	131
WP_014998590.1	MER0001423|S09.013|S09B	29.8	25.9	91.4	215	1.23e-31	120
WP_014998590.1	MER0004923|S09.019|S09B	30.2	28.9	84.5	248	2.79e-26	106
WP_014998590.1	MER0011413|S09.016|S09B	28.7	26.4	92.1	223	7.79e-26	103
WP_014998590.1	MER0005196|S09.017|S09B	26.2	28.0	92.0	233	1.56e-24	100
WP_014998590.1	MER0005994|S09.A03|S09B	26.8	30.6	96.6	257	2.29e-23	97.4
WP_014998590.1	MER0192427|S09.A96|S09C	27.7	28.3	82.4	238	4.34e-23	97.1
WP_014998590.1	MER0013484|S09.018|S09B	29.3	27.1	94.6	229	6.44e-23	95.5
WP_014998590.1	MER0004921|S09.A75|S09B	29.6	26.4	91.6	226	4.40e-21	90.1
WP_014998590.1	MER0000399|S09.007|S09B	25.9	26.5	83.5	228	1.98e-19	85.9
WP_014998590.1	MER0000403|S09.973|S09X	29.4	23.2	74.6	201	2.83e-19	85.5
WP_014998590.1	MER0005987|S09.A65|S09B	26.4	27.3	81.3	231	6.75e-19	84.3
WP_014998590.1	MER0195666|S09.073|S09B	32.7	18.4	65.4	159	2.03e-18	82.4
WP_014998590.1	MER0000401|S09.003|S09B	25.3	28.5	89.0	245	7.77e-18	81.3
WP_014998590.1	MER0004199|S09.A76|S09B	29.3	20.6	75.9	174	1.69e-17	79.3
WP_014998590.1	MER0017401|S09.071|S09C	25.6	28.3	97.1	242	1.38e-16	77.0
WP_014998590.1	MER0011305|S09.A64|S09B	26.3	26.4	85.2	224	6.27e-16	75.5
WP_014998590.1	MER0001920|S09.A77|S09C	24.8	27.3	94.3	242	2.35e-15	73.6
WP_014998590.1	MER0004504|S09.008|S09B	28.8	20.1	74.3	177	3.69e-15	72.8
WP_014998590.1	MER0015682|S09.074|S09C	26.9	28.6	77.1	249	4.08e-15	73.9
WP_014998590.1	MER0011231|S09.069|S09B	29.2	22.7	72.1	195	4.09e-15	73.2
WP_014998590.1	MER0003361|S09.A93|S09B	29.6	16.0	54.5	135	4.29e-15	72.8
WP_014998590.1	MER0005807|S09.070|S09C	28.6	25.9	76.0	220	6.65e-15	72.8
WP_014998590.1	MER0000404|S09.005|S09B	26.3	21.8	70.2	186	1.90e-14	71.2
WP_014998590.1	MER0000405|S09.006|S09B	25.1	25.8	79.6	219	3.92e-13	67.4
WP_014998598.1	MER0501051|S46.003|S46	32.8	96.8	99.8	701	3.32e-119	360
WP_014998598.1	MER0039993|S46.004|S46	32.1	94.6	97.8	700	9.73e-101	322
WP_014998598.1	MER0014366|S46.001|S46	30.5	99.3	99.2	727	1.70e-96	311
WP_014998598.1	MER0217397|S46.002|S46	30.6	94.6	100	695	1.92e-90	294
WP_014998604.1	MER0000392|S09.001|S09A	56.1	37.4	97.9	278	1.67e-103	315
WP_014998604.1	MER0005694|S09.076|S09A	51.4	38.9	98.2	280	2.71e-98	301
WP_014998604.1	MER0015621|S09.A02|S09A	52.2	38.1	96.7	291	3.00e-95	294
WP_014998604.1	MER0002490|S09.A01|S09A	48.0	38.8	98.4	304	1.37e-91	285
WP_014998604.1	MER0981959|S09.078|S09A	48.9	36.7	98.2	280	8.13e-88	274
WP_014998604.1	MER0011450|S09.A73|S09A	50.7	37.4	98.9	278	4.46e-85	267
WP_014998604.1	MER0022823|S09.B02|S09A	49.5	37.4	97.9	275	4.61e-85	267
WP_014998604.1	MER0079308|S09.033|S09A	50.4	36.7	96.0	266	1.52e-84	265
WP_014998604.1	MER0325901|S09.077|S09A	44.0	36.7	97.8	268	3.78e-72	233
WP_014998604.1	MER0000398|S09.002|S09A	46.7	33.9	91.3	244	1.40e-61	204
WP_014998604.1	MER0003229|S09.036|S09A	40.8	35.3	90.9	255	4.34e-52	179
WP_014998604.1	MER0000410|S09.010|S09A	34.0	35.8	90.6	262	3.20e-46	163
WP_014998604.1	MER0011872|S09.B08|S09A	31.1	36.1	91.3	264	6.37e-39	142
WP_014998604.1	MER0082498|S09.A92|S09A	30.2	30.4	81.6	232	5.84e-22	93.6
WP_014998604.1	MER0004227|S09.015|S09A	30.5	27.4	65.7	203	5.46e-20	88.2
WP_014998705.1	MER0038626|M14.A21|M14D	31.6	41.4	97.1	171	1.96e-20	84.7
WP_014998705.1	MER0038680|M14.A36|M14B	34.5	35.9	92.4	145	1.20e-19	82.0
WP_014998705.1	MER0033176|M14.026|M14B	34.9	41.2	97.7	169	1.71e-19	82.0
WP_014998705.1	MER0034711|M14.029|M14B	32.2	42.2	99.4	174	8.76e-19	80.1
WP_014998705.1	MER0033179|M14.028|M14B	31.4	41.2	96.2	185	3.43e-17	75.9
WP_014998705.1	MER0038671|M14.A31|M14D	33.1	41.2	97.7	169	1.28e-16	73.9
WP_014998705.1	MER0034713|M14.030|M14B	30.9	41.2	98.9	178	2.77e-16	73.2
WP_014998705.1	MER0033178|M14.027|M14D	37.5	32.5	87.2	128	5.27e-15	68.6
WP_014998705.1	MER0033174|M14.025|M14B	27.1	36.4	87.6	177	2.46e-12	62.4
WP_014998705.1	MER0033175|M14.036|M14D	27.7	36.4	61.2	177	5.07e-12	62.8
WP_014998705.1	MER0038627|M14.A32|M14D	30.7	38.3	78.3	163	1.15e-11	60.5
WP_014998705.1	MER0023950|M14.A23|M14A	41.0	20.1	24.3	78	3.79e-09	54.3
WP_014998705.1	MER0011153|M14.A19|M14A	35.5	20.1	24.4	76	1.14e-07	49.7
WP_014998705.1	MER0038688|M14.A35|M14B	30.1	26.1	85.7	103	1.19e-07	47.0
WP_014998705.1	MER0003003|M14.035|M14A	33.0	28.0	31.0	109	3.81e-06	45.1
WP_014998705.1	MER0013456|M14.018|M14A	22.9	40.1	60.0	192	2.00e-05	42.7
WP_014998705.1	MER0011681|M14.A24|M14A	29.4	25.9	30.9	102	3.69e-05	42.0
WP_014998705.1	MER0011311|M14.A09|M14A	28.7	24.8	34.5	108	8.37e-05	40.8
WP_014998705.1	MER0005813|M14.A22|M14A	39.1	17.2	21.3	69	8.59e-05	40.8
WP_014998705.1	MER0030212|M14.037|M14B	30.1	25.3	27.3	113	1.75e-04	40.0
WP_014998705.1	MER0003495|M14.A29|M14B	25.4	36.7	49.6	169	2.73e-04	39.3
WP_014998705.1	MER0107602|M14.A33|M14B	30.2	27.7	31.3	116	5.08e-04	38.5
WP_014998754.1	MER0019759|M01.A25|M01	36.6	25.9	100	232	2.33e-49	171
WP_014998754.1	MER0005046|M01.021|M01	44.6	20.7	93.5	186	2.72e-48	167
WP_014998754.1	MER0011440|M01.A09|M01	39.1	22.9	94.1	207	3.36e-47	164
WP_014998754.1	MER0091680|M01.A31|M01	39.4	22.6	92.2	203	2.13e-46	162
WP_014998754.1	MER0002746|M01.010|M01	36.3	25.9	99.6	234	2.42e-46	162
WP_014998754.1	MER0002968|M01.024|M01	36.9	23.8	97.7	214	6.57e-45	158
WP_014998754.1	MER0011183|M01.A24|M01	36.5	24.2	98.2	219	9.79e-45	157
WP_014998754.1	MER0001010|M01.007|M01	41.7	22.8	99.5	206	2.98e-44	155
WP_014998754.1	MER0011371|M01.A10|M01	37.4	22.5	97.6	203	4.20e-44	155
WP_014998754.1	MER0028449|M01.A30|M01	38.4	24.4	99.6	224	5.06e-44	155
WP_014998754.1	MER0006264|M01.A29|M01	40.4	20.3	100	183	9.40e-44	153
WP_014998754.1	MER0002003|M01.015|M01	40.5	22.6	92.8	205	1.15e-43	154
WP_014998754.1	MER0005045|M01.020|M01	41.9	20.7	93.5	186	3.87e-43	152
WP_014998754.1	MER0002060|M01.011|M01	37.0	23.5	96.3	211	5.11e-43	152
WP_014998754.1	MER0011370|M01.A11|M01	36.2	23.2	99.5	210	5.36e-43	152
WP_014998754.1	MER0005331|M01.018|M01	36.0	23.5	100	211	2.29e-41	147
WP_014998754.1	MER0011423|M01.A02|M01	38.6	23.5	100	215	3.50e-41	147
WP_014998754.1	MER0004243|M01.016|M01	38.8	22.2	94.0	206	1.75e-40	145
WP_014998754.1	MER0001012|M01.003|M01	35.8	23.8	99.1	215	1.12e-39	143
WP_014998754.1	MER0011369|M01.A12|M01	36.0	22.5	90.2	203	1.40e-39	143
WP_014998754.1	MER0011438|M01.A08|M01	38.5	20.7	88.2	187	1.80e-39	142
WP_014998754.1	MER0002078|M01.A28|M01	34.0	25.9	99.6	235	6.20e-39	141
WP_014998754.1	MER0002355|M01.A19|M01	35.2	24.5	96.4	216	8.01e-39	140
WP_014998754.1	MER0001185|M01.A15|M01	35.2	23.7	98.2	216	9.74e-39	140
WP_014998754.1	MER0001009|M01.006|M01	38.6	22.2	97.2	207	5.40e-38	138
WP_014998759.1	MER0002455|C56.001|C56	48.0	17.4	36.0	50	6.14e-08	47.8
WP_014998759.1	MER0044553|C56.974|C56	27.8	27.4	44.1	79	2.47e-07	46.2
WP_014998759.1	MER0002601|C56.976|C56	44.9	17.0	34.5	49	7.68e-07	44.7
WP_014998759.1	MER0038141|C56.006|C56	34.7	17.0	31.2	49	1.16e-05	41.6
WP_014998759.1	MER0031432|C56.A03|C56	30.3	29.5	50.6	89	1.88e-04	38.1
WP_014998759.1	MER0019092|C56.A06|C56	37.5	16.7	30.1	48	2.38e-04	37.7
WP_014998759.1	MER0031433|C56.A04|C56	30.3	29.5	51.3	89	2.48e-04	37.7
WP_014998766.1	MER0017123|S33.972|S33	44.4	93.5	61.7	187	4.10e-43	142
WP_014998766.1	MER0031617|S33.978|S33	34.9	44.9	29.9	86	1.29e-10	55.8
WP_014998766.1	MER0017177|S33.973|S33	26.5	69.7	39.3	132	5.01e-10	54.3
WP_014998766.1	MER0017193|S33.991|S33	30.0	50.3	35.7	100	1.45e-07	47.0
WP_014998766.1	MER0036053|S33.A01|S33	41.2	27.6	19.4	51	4.68e-07	45.4
WP_014998766.1	MER0000432|S33.971|S33	25.9	54.6	32.7	112	4.45e-06	42.7
WP_014998766.1	MER0036065|S33.A03|S33	35.7	22.7	16.4	42	1.89e-04	37.7
WP_014998767.1	MER0017123|S33.972|S33	34.6	84.0	27.2	81	1.98e-10	52.4
WP_014998798.1	MER0011806|C44.A03|C44	36.0	46.2	93.7	236	3.10e-39	139
WP_014998798.1	MER0011781|C44.A02|C44	36.8	45.4	91.6	231	8.19e-38	135
WP_014998798.1	MER0004101|C44.A01|C44	36.8	46.2	93.7	239	1.57e-37	135
WP_014998798.1	MER0003314|C44.001|C44	35.2	45.6	93.2	256	1.81e-31	119
WP_014998798.1	MER0003327|C44.971|C44	30.0	43.2	87.2	227	3.54e-17	77.8
WP_014998798.1	MER0185695|C44.A08|C44	27.7	43.2	95.5	235	1.53e-12	63.9
WP_014998817.1	MER0195774|M16.019|M16B	36.5	19.3	98.9	178	7.88e-32	119
WP_014998817.1	MER0237414|M16.970|M16B	30.9	20.5	80.8	194	3.44e-21	90.5
WP_014998817.1	MER0001233|M16.A05|M16B	27.5	25.2	97.9	244	2.96e-16	76.3
WP_014998817.1	MER0188967|M16.A18|M16C	27.3	17.1	37.0	172	6.27e-11	62.4
WP_014998817.1	MER0039456|M16.986|M16B	24.6	22.2	99.5	207	1.30e-10	58.9
WP_014998817.1	MER0003543|M16.973|M16B	22.0	22.1	88.1	205	5.70e-10	57.4
WP_014998817.1	MER0011096|M16.A01|M16A	26.8	18.2	77.8	179	8.51e-10	56.6
WP_014998817.1	MER0015259|M16.017|M16A	26.4	18.1	77.4	178	2.82e-09	55.1
WP_014998817.1	MER0390687|M16.A15|M16B	26.5	14.4	77.7	132	4.46e-09	53.5
WP_014998817.1	MER0003448|M16.016|M16B	23.5	18.5	73.2	170	4.70e-09	54.7
WP_014998817.1	MER0001218|M16.008|M16A	26.2	19.2	82.5	183	5.13e-09	54.3
WP_014998817.1	MER0011744|M16.A02|M16A	26.5	18.4	78.8	181	1.26e-08	53.1
WP_014998817.1	MER0001223|M16.006|M16A	38.5	9.8	47.4	96	8.51e-07	47.4
WP_014998817.1	MER0002008|M16.004|M16B	23.6	21.9	84.7	212	1.84e-06	47.0
WP_014998817.1	MER0026957|M16.977|M16B	21.7	16.6	68.3	152	6.76e-06	45.1
WP_014998817.1	MER0004423|M16.A20|M16B	26.2	18.3	71.1	168	9.66e-06	44.7
WP_014998817.1	MER0035181|M16.A21|M16B	29.0	7.5	29.4	69	4.51e-04	39.7
WP_014998836.1	MER0000410|S09.010|S09A	61.0	38.9	97.9	282	3.61e-115	345
WP_014998836.1	MER0011872|S09.B08|S09A	42.0	39.2	97.2	288	2.08e-67	221
WP_014998836.1	MER0082498|S09.A92|S09A	38.0	33.8	94.0	266	3.31e-54	185
WP_014998836.1	MER0005694|S09.076|S09A	34.8	36.7	92.6	267	3.71e-44	157
WP_014998836.1	MER0015621|S09.A02|S09A	31.6	36.6	92.7	282	4.05e-38	140
WP_014998836.1	MER0004227|S09.015|S09A	33.8	30.1	71.9	219	4.36e-38	140
WP_014998836.1	MER0000392|S09.001|S09A	31.5	36.4	95.4	276	4.99e-38	140
WP_014998836.1	MER0079308|S09.033|S09A	32.8	35.9	93.8	265	1.42e-37	138
WP_014998836.1	MER0022823|S09.B02|S09A	30.1	37.7	98.6	279	1.42e-36	135
WP_014998836.1	MER0082653|S09.034|S09A	34.0	30.9	84.6	238	1.95e-34	129
WP_014998836.1	MER0002490|S09.A01|S09A	31.3	33.9	84.1	265	7.04e-34	129
WP_014998836.1	MER0325901|S09.077|S09A	33.5	37.2	99.3	275	7.91e-34	127
WP_014998836.1	MER0011450|S09.A73|S09A	30.6	33.9	90.0	258	4.25e-31	120
WP_014998836.1	MER0981959|S09.078|S09A	29.2	34.1	91.9	264	4.65e-31	120
WP_014998836.1	MER0003229|S09.036|S09A	29.5	36.6	94.2	271	4.92e-27	108
WP_014998844.1	MER0036115|S33.B18|S33	29.0	91.8	88.1	269	2.20e-31	115
WP_014998844.1	MER0035035|S33.A94|S33	28.6	91.0	87.6	269	8.83e-31	114
WP_014998844.1	MER0035042|S33.A93|S33	27.6	91.0	87.6	275	3.46e-27	104
WP_014998844.1	MER0044350|S33.A81|S33	29.4	91.0	99.6	269	9.11e-24	94.4
WP_014998844.1	MER0035038|S33.A98|S33	27.0	90.3	88.5	274	4.17e-22	90.5
WP_014998844.1	MER0035043|S33.A95|S33	26.0	90.3	87.0	269	1.02e-19	84.0
WP_014998844.1	MER0035044|S33.A97|S33	25.6	90.7	87.8	266	1.81e-19	83.2
WP_014998844.1	MER0031619|S33.012|S33	32.9	58.8	50.8	167	7.05e-19	81.6
WP_014998844.1	MER0035032|S33.A96|S33	37.7	37.6	35.1	106	2.26e-18	80.1
WP_014998844.1	MER0213280|S33.A87|S33	36.7	34.8	32.2	98	4.83e-14	67.8
WP_014998844.1	MER0014065|S33.974|S33	29.7	39.4	33.5	111	2.62e-09	53.9
WP_014998844.1	MER0213816|S33.A80|S33	39.8	33.0	37.9	93	1.37e-08	51.2
WP_014998844.1	MER0031610|S33.976|S33	26.3	93.5	84.7	274	1.39e-08	51.6
WP_014998844.1	MER0017142|S33.994|S33	37.5	36.6	39.4	104	2.03e-07	47.8
WP_014998844.1	MER0210990|S33.A66|S33	31.5	26.2	21.2	73	1.24e-06	45.8
WP_014998844.1	MER0213595|S33.A70|S33	42.6	18.6	22.1	54	9.26e-06	42.7
WP_014998844.1	MER0031616|S33.013|S33	35.5	25.4	23.5	76	1.17e-05	42.7
WP_014998844.1	MER0030163|S33.975|S33	34.3	34.8	34.4	105	1.98e-05	42.0
WP_014998844.1	MER0011509|S33.A84|S33	39.3	29.0	26.7	89	3.74e-05	41.2
WP_014998844.1	MER0011785|S33.009|S33	26.4	43.0	38.2	125	5.10e-05	40.8
WP_014998844.1	MER0044581|S33.A27|S33	29.6	36.2	29.8	108	4.00e-04	38.1
WP_014998844.1	MER0214730|S33.A67|S33	38.0	25.1	28.8	71	4.12e-04	37.7
WP_014998844.1	MER0031569|S09.A18|S09X	25.2	40.5	46.2	123	4.27e-04	37.7
WP_014998844.1	MER0036084|S33.A29|S33	25.4	39.8	41.9	114	4.50e-04	37.7
WP_014998844.1	MER0214939|S33.A69|S33	43.8	16.8	19.8	48	9.84e-04	36.6
WP_014998869.1	MER0065588|C26.965|C26	51.3	94.7	99.0	199	1.31e-66	200
WP_014998869.1	MER0043537|C26.A31|C26	23.6	94.7	97.3	208	1.96e-06	43.5
WP_014998869.1	MER0042974|C26.A07|C26	24.1	65.1	62.4	141	8.68e-04	35.8
WP_014998876.1	MER0001510|S26.007|S26A	33.5	79.2	94.2	170	1.57e-21	84.0
WP_014998876.1	MER0055964|S26.A02|S26A	31.3	76.9	93.3	163	1.01e-20	81.6
WP_014998876.1	MER0002550|S26.004|S26A	32.0	79.2	94.2	169	1.79e-19	78.6
WP_014998876.1	MER0013626|S26.026|S26A	30.7	77.8	90.8	166	2.33e-19	78.2
WP_014998876.1	MER0003273|S26.016|S26A	32.3	73.1	86.4	155	1.61e-17	73.6
WP_014998876.1	MER0015620|S26.A01|S26A	33.5	76.9	90.8	164	2.58e-17	72.8
WP_014998876.1	MER0000589|S26.001|S26A	24.3	82.1	93.5	235	7.28e-17	73.6
WP_014998876.1	MER0003269|S26.008|S26A	31.1	76.9	91.0	164	2.85e-16	70.1
WP_014998876.1	MER0000592|S26.003|S26A	29.6	79.2	94.2	169	3.90e-16	69.7
WP_014998876.1	MER0015994|S26.019|S26A	32.0	74.5	91.3	169	4.33e-16	69.7
WP_014998876.1	MER0028421|S26.018|S26A	31.0	72.2	84.8	155	1.57e-15	68.2
WP_014998876.1	MER0001912|S26.005|S26A	29.4	71.2	82.6	153	1.50e-14	65.5
WP_014998876.1	MER0004537|S26.025|S26A	29.4	79.2	95.2	197	2.01e-14	65.9
WP_014998876.1	MER0002551|S26.024|S26A	29.9	77.8	94.1	201	9.56e-14	64.3
WP_014998876.1	MER0016034|S26.020|S26A	28.8	69.8	87.0	160	2.05e-12	59.7
WP_014998876.1	MER0006313|S26.006|S26A	29.9	72.6	90.1	167	7.16e-12	58.2
WP_014998876.1	MER0003268|S26.015|S26A	26.5	70.8	85.6	170	3.68e-09	51.2
WP_014998876.1	MER0000597|S26.002|S26A	28.8	55.2	56.7	118	3.47e-05	39.7
WP_014998943.1	MER0000589|S26.001|S26A	53.1	76.0	100	256	4.44e-90	265
WP_014998943.1	MER0013626|S26.026|S26A	33.8	66.0	92.2	198	3.43e-28	103
WP_014998943.1	MER0015994|S26.019|S26A	32.5	67.3	99.4	206	3.71e-21	85.1
WP_014998943.1	MER0028421|S26.018|S26A	30.8	66.0	93.7	198	1.84e-20	83.2
WP_014998943.1	MER0003273|S26.016|S26A	30.6	68.0	98.1	206	7.51e-20	81.6
WP_014998943.1	MER0003269|S26.008|S26A	32.8	65.0	91.7	195	1.68e-17	75.1
WP_014998943.1	MER0016034|S26.020|S26A	28.6	65.0	97.4	199	5.88e-17	73.6
WP_014998943.1	MER0015620|S26.A01|S26A	31.7	65.0	91.5	202	2.90e-16	71.6
WP_014998943.1	MER0015993|S26.021|S26A	29.2	64.0	89.6	192	2.96e-16	71.6
WP_014998943.1	MER0055964|S26.A02|S26A	27.6	65.0	94.0	203	5.05e-16	70.9
WP_014998943.1	MER0002550|S26.004|S26A	29.2	67.0	95.5	202	8.14e-16	70.5
WP_014998943.1	MER0003268|S26.015|S26A	29.9	64.7	92.8	194	6.60e-15	68.6
WP_014998943.1	MER0006313|S26.006|S26A	28.6	64.0	94.7	192	6.92e-15	67.8
WP_014998943.1	MER0001912|S26.005|S26A	29.2	67.0	95.5	202	1.04e-14	67.4
WP_014998943.1	MER0004537|S26.025|S26A	28.6	65.7	94.1	238	9.64e-14	65.5
WP_014998943.1	MER0001510|S26.007|S26A	29.4	60.0	81.4	180	9.89e-14	64.7
WP_014998943.1	MER0000592|S26.003|S26A	29.4	60.0	81.3	180	1.33e-13	64.3
WP_014998943.1	MER0002551|S26.024|S26A	29.0	65.7	95.1	221	2.85e-12	61.6
WP_014998943.1	MER0015611|S26.A06|S26A	26.5	49.0	87.2	147	3.39e-07	44.7
WP_014998943.1	MER0000598|S26.012|S26A	38.2	27.7	56.7	89	4.03e-07	45.4
WP_014998943.1	MER0006070|S26.A05|S26A	34.8	22.7	93.4	69	3.66e-06	40.8
WP_014998943.1	MER0000597|S26.002|S26A	25.4	64.7	78.0	197	9.89e-06	42.0
WP_014998943.1	MER0017118|S26.A08|S26A	36.2	22.7	74.0	69	2.56e-05	38.9
WP_014999019.1	MER0001313|A08.001|A08	47.3	82.4	91.5	150	2.98e-51	159
WP_014999029.1	MER0001272|M20.010|M20A	30.6	96.2	98.1	376	2.75e-43	149
WP_014999029.1	MER0003798|M20.A21|M20A	26.8	81.1	76.4	336	4.35e-14	70.1
WP_014999029.1	MER0369972|M20.A25|M20A	22.8	90.3	93.5	416	1.84e-10	58.9
WP_014999029.1	MER0033183|M20.011|M20A	38.9	23.0	29.2	90	2.08e-09	55.1
WP_014999029.1	MER0003775|M20.A19|M20A	32.6	23.0	31.8	95	8.60e-09	53.1
WP_014999031.1	MER0000485|S16.001|S16	78.0	31.3	98.8	245	3.08e-125	372
WP_014999031.1	MER0000488|S16.004|S16	47.2	29.4	97.4	231	1.57e-56	190
WP_014999031.1	MER0014970|S16.006|S16	41.0	29.9	93.9	278	4.55e-54	186
WP_014999031.1	MER0003442|S16.011|S16	46.6	25.9	90.4	206	1.47e-52	179
WP_014999031.1	MER0011056|S16.A03|S16	45.8	26.9	95.1	214	3.51e-52	178
WP_014999031.1	MER0004236|S16.009|S16	40.5	29.5	97.7	259	7.38e-51	176
WP_014999031.1	MER0011057|S16.A02|S16	44.7	26.2	92.4	208	1.64e-50	173
WP_014999031.1	MER0000495|S16.002|S16	39.8	31.2	99.2	254	2.49e-48	168
WP_014999031.1	MER0003443|S16.003|S16	46.2	24.3	85.9	195	3.63e-47	164
WP_014999031.1	MER0108906|S16.A13|S16	38.9	29.9	99.6	239	8.01e-44	155
WP_014999031.1	MER0000496|S16.010|S16	43.1	25.4	65.4	204	1.48e-43	157
WP_014999031.1	MER0005837|S16.A06|S16	36.1	29.4	94.5	244	3.10e-38	140
WP_014999031.1	MER0017402|S16.A11|S16	36.9	24.3	85.5	195	8.46e-30	114
WP_014999031.1	MER0026213|S16.A14|S16	39.6	17.1	50.6	134	2.37e-24	100
WP_014999031.1	MER0003359|S16.008|S16	30.8	24.0	81.2	195	1.68e-18	82.4
WP_014999031.1	MER0003859|S16.005|S16	30.1	22.7	72.4	183	2.00e-18	82.4
WP_014999031.1	MER0003017|S16.A05|S16	32.0	12.4	58.0	97	1.38e-09	54.7
WP_014999031.1	MER0041647|S16.007|S16	37.5	8.3	28.8	72	7.16e-07	48.1
WP_014999031.1	MER0014135|S16.A04|S16	26.9	13.8	37.3	108	8.31e-07	48.1
WP_014999031.1	MER0000491|S16.A09|S16	30.4	8.8	35.0	69	1.02e-06	47.0
WP_014999159.1	MER0014140|M56.003|M56	27.2	38.5	59.1	180	7.41e-15	71.6
WP_014999159.1	MER0003629|M56.002|M56	25.6	28.3	40.9	121	2.48e-13	67.0
WP_014999159.1	MER0014137|M56.001|M56	27.1	32.0	44.2	133	1.24e-06	46.6
WP_014999172.1	MER0002601|C56.976|C56	43.9	61.4	79.9	114	3.32e-26	94.7
WP_014999172.1	MER0002455|C56.001|C56	40.2	63.6	83.8	117	1.72e-25	92.8
WP_014999172.1	MER0014721|C56.A01|C56	33.6	56.0	66.7	107	1.20e-14	65.1
WP_014999175.1	MER0011700|S12.A16|S12	26.4	64.6	90.2	341	2.71e-18	83.2
WP_014999175.1	MER0026262|S12.008|S12	25.6	57.7	78.6	293	5.90e-17	79.0
WP_014999175.1	MER0002489|S12.003|S12	31.9	30.0	40.2	144	4.45e-16	76.3
WP_014999175.1	MER0000459|S12.001|S12	24.4	58.8	78.8	299	2.64e-15	73.9
WP_014999175.1	MER1143079|S12.013|S12	31.5	30.4	45.2	149	4.50e-15	72.4
WP_014999175.1	MER0219770|S12.011|S12	31.0	39.8	60.1	197	1.99e-14	70.9
WP_014999175.1	MER0140154|S12.A27|S12	26.0	38.5	56.9	204	4.62e-13	67.0
WP_014999175.1	MER0006204|S12.950|S12	23.2	58.8	80.6	314	3.22e-12	64.7
WP_014999175.1	MER0028284|S12.010|S12	26.0	40.6	54.3	200	6.19e-12	63.5
WP_014999175.1	MER0004154|S12.012|S12	26.3	57.3	78.3	293	4.75e-09	54.7
WP_014999175.1	MER0015683|S12.A01|S12	27.9	38.8	60.9	190	4.67e-05	42.0
WP_014999175.1	MER0005923|S12.004|S12	32.1	22.1	23.2	106	2.58e-04	40.0
WP_014999179.1	MER0223878|C60.008|C60A	33.9	57.7	56.1	112	1.23e-09	52.4
WP_014999179.1	MER0066140|C60.005|C60A	28.9	58.2	77.9	114	2.69e-07	45.1
WP_014999179.1	MER0033576|C60.004|C60A	33.0	45.5	59.4	88	6.80e-07	43.9
WP_014999217.1	MER0066192|M38.983|M38	34.0	80.7	91.6	318	5.10e-46	158
WP_014999217.1	MER0033184|M38.979|M38	29.3	93.7	99.2	375	1.98e-36	133
WP_014999228.1	MER0002038|M24.006|M24B	34.9	53.4	98.7	232	1.96e-39	138
WP_014999228.1	MER0005462|M24.031|M24B	30.3	53.4	98.7	231	5.58e-35	126
WP_014999228.1	MER0004931|M24.008|M24B	31.6	53.4	98.7	231	1.50e-32	120
WP_014999228.1	MER0004532|M24.034|M24B	30.4	50.3	93.0	217	1.02e-30	115
WP_014999228.1	MER0005715|M24.A11|M24B	29.6	52.0	94.9	230	3.01e-28	108
WP_014999228.1	MER0001244|M24.004|M24B	24.7	50.8	92.7	243	1.63e-17	79.0
WP_014999228.1	MER0016542|M24.A04|M24B	34.5	31.5	47.9	142	1.57e-14	70.5
WP_014999228.1	MER0013463|M24.026|M24B	27.3	51.3	93.5	256	1.66e-14	70.1
WP_014999228.1	MER0016544|M24.037|M24B	33.8	31.5	48.4	142	1.06e-11	62.0
WP_014999228.1	MER0003105|M24.A10|M24B	35.1	31.9	54.7	148	1.13e-11	61.6
WP_014999228.1	MER0027437|M24.038|M24B	35.1	33.6	54.1	154	2.73e-11	60.5
WP_014999228.1	MER0004321|M24.009|M24B	27.0	34.3	56.6	152	6.84e-11	59.3
WP_014999228.1	MER0002039|M24.005|M24B	35.2	32.2	53.2	145	3.81e-10	57.0
WP_014999233.1	MER0001244|M24.004|M24B	60.1	59.9	100	263	5.84e-106	311
WP_014999233.1	MER0013463|M24.026|M24B	40.8	59.5	99.2	262	2.13e-60	194
WP_014999233.1	MER0001248|M24.007|M24B	37.8	49.7	98.8	251	5.22e-50	167
WP_014999233.1	MER0028601|M24.033|M24B	40.1	46.5	77.8	207	1.66e-47	161
WP_014999233.1	MER0001733|M24.A09|M24B	34.2	59.7	99.7	292	1.43e-43	151
WP_014999233.1	MER0004931|M24.008|M24B	33.1	57.2	96.9	254	8.81e-38	134
WP_014999233.1	MER0005462|M24.031|M24B	34.5	57.2	96.9	252	6.49e-33	121
WP_014999233.1	MER0001250|M24.003|M24B	31.0	57.2	97.9	284	7.49e-28	108
WP_014999233.1	MER0002038|M24.006|M24B	30.1	55.8	94.3	246	2.08e-27	106
WP_014999233.1	MER0004532|M24.034|M24B	30.9	55.1	93.0	243	4.88e-26	102
WP_014999233.1	MER0005715|M24.A11|M24B	29.2	56.7	94.5	250	2.31e-20	86.7
WP_014999233.1	MER0027437|M24.038|M24B	31.7	41.2	61.2	186	5.39e-14	68.6
WP_014999233.1	MER0016544|M24.037|M24B	26.3	42.8	59.9	198	5.16e-09	53.9
WP_014999233.1	MER0013589|M24.A12|M24A	23.1	56.0	99.6	264	2.24e-08	51.6
WP_014999233.1	MER0013929|M24.028|M24A	22.4	48.3	82.1	237	3.39e-07	48.1
WP_014999254.1	MER0241741|A32.002|A32	33.9	66.9	96.7	121	5.22e-11	54.3
WP_014999254.1	MER0151383|A32.001|A32	35.5	59.9	61.0	107	8.69e-09	49.3
WP_014999258.1	MER0000870|A24.001|A24A	57.5	76.4	97.4	226	2.18e-88	260
WP_014999258.1	MER0000876|A24.A10|A24A	46.3	53.4	73.0	160	1.07e-32	117
WP_014999258.1	MER0004658|A24.003|A24A	42.0	45.9	88.4	138	1.14e-21	86.3
WP_014999258.1	MER0002075|A24.A01|A24A	37.6	44.6	90.1	133	4.32e-18	76.3
WP_014999258.1	MER0000869|A24.019|A24A	30.1	50.7	96.0	153	7.97e-10	53.5
WP_014999264.1	MER0069741|M23.009|M23B	37.1	45.2	76.2	132	1.16e-21	86.7
WP_014999264.1	MER0003380|M23.011|M23B	42.0	38.4	46.5	112	3.30e-19	81.6
WP_014999264.1	MER0066182|M23.A04|M23B	39.3	39.7	57.8	117	7.41e-18	77.0
WP_014999264.1	MER0387040|M23.A03|M23B	41.4	33.6	96.1	99	2.11e-17	73.2
WP_014999264.1	MER0005300|M23.950|M23B	37.1	33.2	59.5	97	8.19e-15	67.8
WP_014999264.1	MER0013541|M23.014|M23B	40.7	29.5	97.7	86	9.76e-15	65.5
WP_014999264.1	MER0003906|M23.013|M23B	37.5	33.6	98.1	104	8.74e-11	55.1
WP_014999264.1	MER0015415|M23.951|M23B	30.4	40.4	70.0	125	1.26e-08	50.4
WP_014999280.1	MER0011343|M19.A02|M19	29.9	87.3	91.6	385	2.19e-51	174
WP_014999280.1	MER0001260|M19.001|M19	27.9	87.7	90.5	377	1.23e-48	166
WP_014999280.1	MER0013499|M19.002|M19	29.4	87.7	89.9	374	2.18e-48	166
WP_014999280.1	MER0011422|M19.A01|M19	30.9	87.7	97.2	385	2.30e-48	165
WP_014999280.1	MER0015155|M19.011|M19	29.9	87.7	89.9	375	5.96e-48	164
WP_014999280.1	MER0032370|M19.013|M19	30.9	85.8	95.4	376	6.19e-46	159
WP_014999280.1	MER0006319|M19.012|M19	30.2	89.9	98.7	387	1.97e-43	153
WP_014999280.1	MER0013496|M19.004|M19	30.5	71.6	72.6	302	4.07e-38	138
WP_014999280.1	MER0013425|M19.007|M19	27.5	83.7	98.0	349	4.04e-27	107
WP_014999280.1	MER0013479|M19.950|M19	24.4	85.6	98.1	386	1.80e-26	105
WP_014999280.1	MER0026963|M19.008|M19	43.8	19.2	76.7	80	1.26e-18	77.8
WP_014999280.1	MER0001265|M19.003|M19	26.1	42.5	54.6	184	2.80e-14	70.1
WP_014999280.1	MER0021871|M19.006|M19	44.2	10.3	53.1	43	3.64e-07	44.7
WP_014999295.1	MER0042387|M48.019|M48C	34.4	69.8	97.3	189	1.53e-30	109
WP_014999295.1	MER0026552|M48.A01|M48C	41.2	61.9	90.1	165	3.34e-29	105
WP_014999295.1	MER0026545|M48.018|M48C	31.8	72.5	71.1	201	6.59e-28	105
WP_014999295.1	MER0026496|M48.017|M48C	32.6	85.7	86.8	242	2.65e-27	103
WP_014999295.1	MER0031491|M48.023|M48C	33.3	59.2	83.8	165	3.76e-24	93.2
WP_014999295.1	MER0002642|M48.A03|M48C	27.2	59.2	86.3	158	1.96e-14	66.6
WP_014999295.1	MER0002639|M48.022|M48C	30.1	60.4	87.5	166	6.77e-13	62.4
WP_014999295.1	MER0006292|M48.010|M48B	22.9	61.9	89.9	166	1.06e-04	38.9
WP_014999378.1	MER1054487|C44.951|C44	42.1	24.6	99.7	375	2.10e-88	290
WP_014999378.1	MER0198917|C44.003|C44	41.2	24.6	99.7	371	5.06e-86	283
WP_014999393.1	MER0003380|M23.011|M23B	35.9	52.2	95.0	231	9.57e-46	155
WP_014999393.1	MER0013541|M23.014|M23B	48.3	19.7	98.9	87	1.40e-23	91.3
WP_014999393.1	MER0069741|M23.009|M23B	32.1	37.2	96.5	168	3.18e-21	87.4
WP_014999393.1	MER0003423|M23.012|M23B	36.3	22.7	71.3	102	9.13e-17	73.9
WP_014999393.1	MER0003376|M23.005|M23B	42.7	20.2	57.8	96	1.14e-16	74.3
WP_014999393.1	MER0387040|M23.A03|M23B	40.2	22.9	94.2	102	2.15e-16	71.6
WP_014999393.1	MER0001419|M23.004|M23B	35.3	22.7	71.3	102	5.91e-16	71.6
WP_014999393.1	MER0066182|M23.A04|M23B	39.6	23.8	50.8	106	1.45e-15	72.0
WP_014999393.1	MER0003906|M23.013|M23B	32.6	20.4	86.8	92	4.46e-11	56.6
WP_014999393.1	MER0005300|M23.950|M23B	34.7	22.2	58.3	98	9.62e-10	54.3
WP_014999393.1	MER0015415|M23.951|M23B	33.7	18.6	48.8	83	5.00e-09	52.4
WP_014999393.1	MER0025070|M23.010|M23B	29.3	20.4	83.9	99	2.69e-05	40.4
WP_014999393.1	MER0388771|M23.A06|M23B	29.9	20.0	85.1	97	3.39e-05	40.0
WP_014999437.1	MER0001236|M17.003|M17	77.2	96.0	99.2	483	1.85e-275	753
WP_014999437.1	MER0001238|M17.A03|M17	34.2	92.8	94.7	476	9.08e-78	249
WP_014999437.1	MER0004597|M17.A01|M17	43.4	64.9	94.0	332	1.17e-77	244
WP_014999437.1	MER0001235|M17.001|M17	33.8	94.6	97.7	491	1.40e-75	243
WP_014999437.1	MER0004598|M17.A02|M17	41.3	64.9	94.3	332	2.09e-74	236
WP_014999437.1	MER0041673|M17.013|M17	33.0	91.8	96.2	467	4.38e-74	239
WP_014999437.1	MER0035089|M17.010|M17	40.0	62.9	91.1	320	2.93e-70	225
WP_014999437.1	MER0026959|M17.950|M17	45.5	51.7	98.5	266	1.60e-69	220
WP_014999437.1	MER0002271|M17.002|M17	34.3	91.8	94.2	469	2.94e-68	224
WP_014999437.1	MER0024892|M17.008|M17	39.9	60.3	76.0	308	1.11e-65	214
WP_014999437.1	MER0014397|M17.015|M17	36.8	63.5	91.5	326	1.28e-64	210
WP_014999437.1	MER0003919|M17.005|M17	43.7	52.7	72.1	270	3.31e-63	207
WP_014999437.1	MER0003825|M17.016|M17	35.7	64.7	74.9	333	3.12e-59	199
WP_014999437.1	MER0002497|M17.004|M17	40.0	60.7	73.8	315	3.22e-57	193
WP_014999437.1	MER0001910|M17.009|M17	36.9	66.9	69.9	344	5.16e-55	189
WP_014999437.1	MER0105906|M17.014|M17	32.4	62.5	67.8	324	1.22e-36	138
WP_014999437.1	MER0011357|M17.A04|M17	32.3	63.5	60.8	325	3.41e-36	137
WP_014999437.1	MER0001240|M17.A05|M17	32.2	58.1	60.9	301	1.29e-30	121
WP_014999437.1	MER0013416|M17.006|M17	31.4	60.9	80.2	312	7.63e-30	117
WP_014999437.1	MER0081108|M17.012|M17	28.8	46.3	55.6	267	1.85e-19	87.8
WP_014999437.1	MER0079520|M17.011|M17	36.3	30.3	30.2	157	3.80e-19	87.0
WP_014999456.1	MER0192051|I87.002|I87	32.2	93.4	81.6	367	2.93e-29	114
WP_014999457.1	MER0191412|I87.001|I87	25.7	88.5	94.6	331	1.35e-19	85.1
WP_014999489.1	MER0002038|M24.006|M24B	36.8	57.9	99.6	234	5.55e-41	142
WP_014999489.1	MER0004931|M24.008|M24B	34.6	57.4	98.7	231	2.26e-38	135
WP_014999489.1	MER0005462|M24.031|M24B	32.0	57.4	98.7	231	9.37e-35	125
WP_014999489.1	MER0004532|M24.034|M24B	33.6	54.1	93.0	217	9.29e-34	122
WP_014999489.1	MER0005715|M24.A11|M24B	34.5	55.1	93.6	226	1.09e-28	109
WP_014999489.1	MER0001244|M24.004|M24B	27.2	54.6	92.7	243	8.58e-19	82.4
WP_014999489.1	MER0013463|M24.026|M24B	29.4	40.6	70.8	187	1.75e-15	72.8
WP_014999489.1	MER0016542|M24.A04|M24B	33.1	36.9	53.6	157	1.36e-14	70.5
WP_014999489.1	MER0013450|M24.036|M24A	23.2	56.1	98.4	254	2.93e-12	63.2
WP_014999489.1	MER0027437|M24.038|M24B	29.3	33.9	52.2	140	1.45e-10	58.2
WP_014999500.1	MER0001236|M17.003|M17	50.2	49.8	63.0	307	3.24e-99	308
WP_014999500.1	MER0035089|M17.010|M17	39.6	50.7	88.9	313	2.44e-66	218
WP_014999500.1	MER0004597|M17.A01|M17	36.0	52.2	92.6	328	2.22e-60	202
WP_014999500.1	MER0001238|M17.A03|M17	36.4	52.5	66.9	330	3.44e-59	202
WP_014999500.1	MER0001235|M17.001|M17	39.5	49.8	64.3	314	4.57e-59	202
WP_014999500.1	MER0014397|M17.015|M17	36.8	51.1	90.1	321	9.07e-59	197
WP_014999500.1	MER0024892|M17.008|M17	37.0	50.7	78.3	316	8.27e-58	196
WP_014999500.1	MER0004598|M17.A02|M17	34.3	52.8	94.0	332	1.65e-57	194
WP_014999500.1	MER0002271|M17.002|M17	37.7	52.5	67.5	329	4.32e-56	194
WP_014999500.1	MER0041673|M17.013|M17	36.3	51.1	67.0	322	2.47e-55	192
WP_014999500.1	MER0026959|M17.950|M17	40.6	42.3	98.5	266	2.59e-55	186
WP_014999500.1	MER0003825|M17.016|M17	34.1	50.9	71.3	317	1.63e-54	189
WP_014999500.1	MER0002497|M17.004|M17	37.0	50.2	74.7	322	2.76e-50	177
WP_014999500.1	MER0003919|M17.005|M17	33.5	56.1	92.2	352	7.58e-49	171
WP_014999500.1	MER0001910|M17.009|M17	33.2	53.2	68.5	337	1.62e-46	168
WP_014999500.1	MER0013416|M17.006|M17	32.0	50.2	80.9	316	4.11e-40	147
WP_014999500.1	MER0105906|M17.014|M17	34.7	49.1	65.2	311	4.96e-39	146
WP_014999500.1	MER0001240|M17.A05|M17	31.4	49.4	63.3	312	1.07e-37	143
WP_014999500.1	MER0011357|M17.A04|M17	31.2	48.9	57.4	308	1.49e-36	140
WP_014999500.1	MER0081108|M17.012|M17	32.1	33.8	49.0	234	3.06e-20	90.9
WP_014999500.1	MER0079520|M17.011|M17	30.3	33.5	44.8	234	4.56e-18	84.3
WP_014999520.1	MER0022935|M72.001|M72	38.5	90.2	99.6	247	5.53e-41	138
WP_014999520.1	MER0001096|M10.051|M10B	32.3	37.4	48.6	96	2.56e-06	43.5
WP_014999520.1	MER0001099|M10.054|M10B	32.4	27.2	41.4	71	3.69e-05	40.0
WP_014999530.1	MER0062058|S08.130|S08A	57.4	51.0	100	430	3.38e-153	452
WP_014999530.1	MER0017009|S08.154|S08A	40.6	36.7	91.9	335	9.01e-56	192
WP_014999530.1	MER0028365|S08.141|S08A	38.8	34.6	75.1	299	2.62e-42	155
WP_014999530.1	MER0004690|S08.012|S08A	36.1	30.4	74.7	274	4.31e-41	151
WP_014999530.1	MER0042897|S08.133|S08A	39.7	31.5	84.5	267	8.55e-38	139
WP_014999530.1	MER0077555|S08.028|S08A	35.7	34.9	96.4	300	1.23e-34	130
WP_014999530.1	MER0000333|S08.007|S08A	36.8	34.0	93.4	291	5.28e-34	128
WP_014999530.1	MER0005931|S08.005|S08A	43.2	24.3	80.2	206	3.05e-33	125
WP_014999530.1	MER0000311|S08.034|S08A	37.0	31.2	83.6	265	1.24e-32	124
WP_014999530.1	MER0054318|S08.041|S08A	33.2	35.4	87.7	304	1.28e-32	125
WP_014999530.1	MER0000309|S08.001|S08A	36.0	31.2	83.6	264	7.58e-32	122
WP_014999530.1	MER0000310|S08.037|S08A	36.4	31.2	83.6	264	1.40e-31	121
WP_014999530.1	MER0000312|S08.042|S08A	36.8	31.2	83.6	266	1.94e-31	121
WP_014999530.1	MER0001523|S08.035|S08A	36.8	31.2	83.6	266	1.94e-31	121
WP_014999530.1	MER0001928|S08.098|S08A	36.1	34.4	92.9	291	4.22e-31	120
WP_014999530.1	MER0002562|S08.067|S08A	36.6	35.9	90.6	336	9.77e-31	121
WP_014999530.1	MER0000313|S08.036|S08A	36.8	31.2	83.6	266	1.21e-30	119
WP_014999530.1	MER0000332|S08.009|S08A	34.4	34.9	94.5	294	2.04e-30	118
WP_014999530.1	MER0001521|S08.044|S08A	36.8	31.2	83.6	266	3.03e-30	117
WP_014999530.1	MER0000315|S08.038|S08A	35.5	33.8	92.9	290	6.59e-30	116
WP_014999530.1	MER0001906|S08.003|S08A	35.5	33.8	92.9	290	6.59e-30	116
WP_014999530.1	MER0001755|S08.002|S08A	36.5	31.2	83.6	266	7.56e-30	116
WP_014999530.1	MER0000316|S08.157|S08A	34.2	35.8	95.1	304	1.19e-29	115
WP_014999530.1	MER0001520|S08.010|S08A	35.2	33.8	92.9	290	2.23e-29	115
WP_014999530.1	MER0000326|S08.050|S08A	36.1	30.5	79.4	266	7.32e-29	114
WP_014999577.1	MER0061081|S09.A39|S09X	54.0	97.9	100	276	9.26e-108	310
WP_014999577.1	MER0061059|S09.940|S09B	50.6	96.8	98.9	271	9.54e-100	290
WP_014999577.1	MER0043126|S09.990|S09X	49.3	98.9	98.9	280	5.03e-97	283
WP_014999602.1	MER0058228|S09.009|S09B	51.9	32.7	99.2	243	5.45e-78	247
WP_014999602.1	MER0005196|S09.017|S09B	42.2	33.4	97.6	251	8.04e-61	202
WP_014999602.1	MER0001423|S09.013|S09B	42.2	30.3	96.1	223	1.22e-58	195
WP_014999602.1	MER0013484|S09.018|S09B	40.8	30.4	94.6	228	2.84e-56	189
WP_014999602.1	MER0004923|S09.019|S09B	36.1	35.3	94.8	277	1.73e-54	186
WP_014999602.1	MER0011413|S09.016|S09B	37.7	29.8	93.3	223	1.61e-49	171
WP_014999602.1	MER0005994|S09.A03|S09B	36.5	34.2	96.6	255	3.14e-49	171
WP_014999602.1	MER0004921|S09.A75|S09B	42.7	29.3	91.6	225	1.44e-48	168
WP_014999602.1	MER0192427|S09.A96|S09C	37.6	31.8	82.8	237	1.59e-46	164
WP_014999602.1	MER0005987|S09.A65|S09B	34.5	33.3	93.5	249	1.61e-44	157
WP_014999602.1	MER0004504|S09.008|S09B	35.8	29.9	95.4	229	3.59e-43	153
WP_014999602.1	MER0011305|S09.A64|S09B	39.0	34.2	97.7	259	1.18e-42	152
WP_014999602.1	MER0000399|S09.007|S09B	33.5	33.0	92.3	251	1.63e-41	149
WP_014999602.1	MER0195666|S09.073|S09B	35.0	32.2	99.6	243	6.08e-41	147
WP_014999602.1	MER0011231|S09.069|S09B	35.0	32.6	91.2	243	8.05e-41	147
WP_014999602.1	MER0000401|S09.003|S09B	34.1	30.3	84.8	226	9.28e-39	141
WP_014999602.1	MER0000405|S09.006|S09B	32.9	34.1	91.8	255	1.53e-36	135
WP_014999602.1	MER0004199|S09.A76|S09B	34.8	30.3	97.8	227	1.11e-33	125
WP_014999602.1	MER0004193|S09.A74|S09B	33.3	29.8	92.0	222	3.42e-32	122
WP_014999602.1	MER0000404|S09.005|S09B	33.5	30.6	85.7	233	6.77e-30	116
WP_014999602.1	MER0000403|S09.973|S09X	28.3	33.8	94.3	258	2.88e-25	102
WP_014999602.1	MER0003361|S09.A93|S09B	29.2	25.3	74.0	195	3.80e-20	87.4
WP_014999602.1	MER0017401|S09.071|S09C	30.3	29.9	93.7	238	8.23e-20	86.3
WP_014999602.1	MER0005988|S09.974|S09X	37.3	14.8	98.2	110	8.67e-18	76.6
WP_014999602.1	MER0034615|S09.075|S09C	24.1	32.5	98.8	249	1.62e-17	79.7
WP_014999603.1	MER0002267|S08.111|S08A	34.9	65.2	95.1	404	7.63e-54	182
WP_014999603.1	MER0055027|S08.134|S08A	37.1	64.7	96.5	418	2.23e-50	176
WP_014999603.1	MER0000315|S08.038|S08A	39.0	32.7	68.0	205	1.76e-29	114
WP_014999603.1	MER0001520|S08.010|S08A	39.0	32.7	68.0	205	1.76e-29	114
WP_014999603.1	MER0001906|S08.003|S08A	39.0	32.7	68.0	205	1.76e-29	114
WP_014999603.1	MER0001928|S08.098|S08A	36.4	35.6	75.5	225	1.12e-28	112
WP_014999603.1	MER0000316|S08.157|S08A	40.3	33.2	69.4	206	2.77e-28	111
WP_014999603.1	MER0000310|S08.037|S08A	36.5	35.8	76.3	230	5.83e-28	110
WP_014999603.1	MER0000309|S08.001|S08A	35.8	35.6	75.9	229	1.47e-27	109
WP_014999603.1	MER0000311|S08.034|S08A	38.1	29.9	68.7	194	5.02e-25	102
WP_014999603.1	MER0000312|S08.042|S08A	33.8	35.9	76.7	231	2.30e-24	100
WP_014999603.1	MER0001523|S08.035|S08A	33.8	35.9	76.7	231	2.30e-24	100
WP_014999603.1	MER0001521|S08.044|S08A	33.8	35.9	76.7	231	3.12e-24	99.8
WP_014999603.1	MER0000313|S08.036|S08A	33.8	35.9	76.7	231	4.23e-24	99.4
WP_014999603.1	MER0077555|S08.028|S08A	35.8	35.6	75.9	229	7.62e-24	98.6
WP_014999603.1	MER0042897|S08.133|S08A	36.8	32.7	69.1	212	1.11e-23	98.2
WP_014999603.1	MER0001755|S08.002|S08A	33.8	35.9	76.7	231	2.62e-23	97.1
WP_014999603.1	MER0001699|S08.045|S08A	38.5	25.5	53.5	161	9.59e-22	92.4
WP_014999603.1	MER0013656|S08.046|S08A	40.1	25.5	53.0	157	2.94e-21	90.9
WP_014999603.1	MER0000332|S08.009|S08A	34.8	35.3	74.5	224	4.20e-21	90.5
WP_014999603.1	MER0000333|S08.007|S08A	31.0	35.6	74.9	226	1.90e-20	88.6
WP_014999603.1	MER0002575|S08.102|S08A	43.0	20.7	45.5	128	9.83e-20	86.7
WP_014999603.1	MER0016983|S08.129|S08A	36.5	25.7	51.6	178	1.62e-19	86.7
WP_014999603.1	MER0000319|S08.126|S08A	36.5	31.9	63.9	200	2.01e-18	82.8
WP_014999603.1	MER0005931|S08.005|S08A	35.2	26.2	61.7	165	5.49e-17	77.8
WP_014999638.1	MER0034659|C56.A05|C56	31.6	57.3	81.7	136	2.33e-13	62.8
WP_014999663.1	MER0004123|S08.137|S08A	32.6	43.3	99.1	390	5.17e-30	118
WP_014999663.1	MER0016688|S08.029|S08A	31.9	39.3	92.5	332	1.01e-29	117
WP_014999663.1	MER0019280|S08.135|S08A	31.5	39.5	92.8	337	7.29e-28	111
WP_014999663.1	MER0004085|S08.113|S08A	32.8	36.2	78.2	311	4.30e-27	110
WP_014999663.1	MER0003536|S08.069|S08A	32.0	38.8	90.8	331	1.49e-23	99.0
WP_014999663.1	MER0016978|S08.021|S08A	30.6	39.5	92.1	340	8.35e-23	97.1
WP_014999663.1	MER0000313|S08.036|S08A	31.1	40.7	97.1	344	8.19e-22	93.2
WP_014999663.1	MER0001521|S08.044|S08A	31.1	40.7	97.1	344	1.50e-21	92.4
WP_014999663.1	MER0000312|S08.042|S08A	30.8	40.7	97.1	344	2.03e-21	92.0
WP_014999663.1	MER0001523|S08.035|S08A	30.8	40.7	97.1	344	2.03e-21	92.0
WP_014999663.1	MER0000310|S08.037|S08A	30.3	38.7	92.0	330	3.64e-21	91.3
WP_014999663.1	MER0001755|S08.002|S08A	30.8	40.7	97.1	344	3.71e-21	91.3
WP_014999663.1	MER0001928|S08.098|S08A	31.7	38.7	91.8	325	8.21e-21	90.1
WP_014999663.1	MER0030016|S08.117|S08A	31.3	36.1	89.5	307	9.50e-21	90.1
WP_014999663.1	MER0000311|S08.034|S08A	30.4	40.7	97.1	342	1.24e-20	89.7
WP_014999663.1	MER0042897|S08.133|S08A	30.5	40.8	97.5	347	4.36e-20	88.2
WP_014999663.1	MER0013656|S08.046|S08A	30.6	39.2	93.7	327	4.93e-20	87.8
WP_014999663.1	MER0001699|S08.045|S08A	31.4	36.8	94.5	318	1.33e-19	86.7
WP_014999663.1	MER0014744|S08.016|S08A	32.8	35.9	76.3	308	1.94e-19	87.4
WP_014999663.1	MER0001520|S08.010|S08A	29.4	40.7	97.0	340	3.06e-19	85.5
WP_014999663.1	MER0000309|S08.001|S08A	28.2	38.7	92.0	333	4.51e-19	85.1
WP_014999663.1	MER0000315|S08.038|S08A	29.4	40.7	97.0	340	5.59e-19	84.7
WP_014999663.1	MER0000316|S08.157|S08A	30.2	38.7	92.2	321	7.43e-19	84.3
WP_014999663.1	MER0001906|S08.003|S08A	29.4	40.7	97.0	340	7.56e-19	84.3
WP_014999663.1	MER0000321|S08.114|S08A	26.4	42.3	88.2	367	1.05e-18	85.5
WP_014999668.1	MER0019280|S08.135|S08A	33.4	42.2	95.7	359	6.97e-33	126
WP_014999668.1	MER0016688|S08.029|S08A	32.8	40.2	93.1	338	1.93e-31	122
WP_014999668.1	MER0003536|S08.069|S08A	32.1	42.0	99.3	358	1.26e-27	110
WP_014999668.1	MER0004123|S08.137|S08A	31.8	41.2	93.6	365	4.72e-25	103
WP_014999668.1	MER0000321|S08.114|S08A	30.9	37.1	71.8	311	1.49e-22	97.1
WP_014999668.1	MER0030016|S08.117|S08A	31.6	36.7	89.2	310	2.50e-22	94.7
WP_014999668.1	MER0016978|S08.021|S08A	29.7	41.3	94.0	354	4.70e-19	85.9
WP_014999668.1	MER0000311|S08.034|S08A	29.8	41.5	97.1	346	4.06e-17	79.3
WP_014999668.1	MER0000313|S08.036|S08A	29.9	39.3	91.6	331	7.39e-17	78.6
WP_014999668.1	MER0001521|S08.044|S08A	29.9	39.3	91.6	331	1.34e-16	77.8
WP_014999668.1	MER0000309|S08.001|S08A	29.4	41.5	97.1	347	5.90e-16	75.9
WP_014999668.1	MER0000310|S08.037|S08A	29.9	41.5	97.1	344	5.90e-16	75.9
WP_014999668.1	MER0000312|S08.042|S08A	29.3	39.3	91.6	331	5.98e-16	75.9
WP_014999668.1	MER0001523|S08.035|S08A	29.3	39.3	91.6	331	5.98e-16	75.9
WP_014999668.1	MER0001755|S08.002|S08A	29.6	39.3	91.6	331	5.98e-16	75.9
WP_014999668.1	MER0005931|S08.005|S08A	30.2	35.3	97.1	295	6.55e-16	75.1
WP_014999668.1	MER0004085|S08.113|S08A	32.5	36.6	77.3	314	7.03e-16	76.6
WP_014999668.1	MER0014744|S08.016|S08A	29.9	38.9	81.0	324	1.72e-15	75.5
WP_014999668.1	MER0001454|S08.A20|S08A	27.3	32.1	81.5	311	3.71e-15	74.7
WP_014999668.1	MER0042897|S08.133|S08A	29.0	39.4	92.1	331	3.73e-15	73.6
WP_014999668.1	MER0005859|S08.106|S08A	29.5	34.5	56.9	319	1.83e-14	73.6
WP_014999668.1	MER0014309|S08.A21|S08A	26.9	32.6	82.6	320	2.10e-14	72.4
WP_014999668.1	MER0001368|S08.112|S08A	26.0	29.4	68.0	292	2.36e-14	72.4
WP_014999668.1	MER0014325|S08.A09|S08A	27.8	31.5	79.9	316	9.30e-14	70.5
WP_014999668.1	MER0001451|S08.A15|S08A	27.9	32.0	80.7	305	1.11e-13	70.1
WP_014999710.1	MER0002267|S08.111|S08A	63.3	51.1	99.6	286	7.20e-109	324
WP_014999710.1	MER0000309|S08.001|S08A	47.3	49.5	99.3	281	1.54e-66	214
WP_014999710.1	MER0000310|S08.037|S08A	46.3	49.5	99.3	281	6.38e-65	210
WP_014999710.1	MER0055027|S08.134|S08A	55.6	38.1	51.9	216	7.66e-59	198
WP_014999710.1	MER0042897|S08.133|S08A	45.1	49.8	100	286	2.08e-57	190
WP_014999710.1	MER0077555|S08.028|S08A	45.9	49.5	99.3	283	5.07e-57	189
WP_014999710.1	MER0013656|S08.046|S08A	44.6	49.3	99.3	276	1.62e-56	187
WP_014999710.1	MER0000315|S08.038|S08A	46.2	49.5	99.3	277	2.34e-56	187
WP_014999710.1	MER0001906|S08.003|S08A	46.2	49.5	99.3	277	2.34e-56	187
WP_014999710.1	MER0001520|S08.010|S08A	45.8	49.5	99.3	277	2.44e-55	184
WP_014999710.1	MER0001928|S08.098|S08A	45.7	49.3	98.9	278	9.28e-55	183
WP_014999710.1	MER0000312|S08.042|S08A	41.1	49.5	99.3	282	1.18e-52	177
WP_014999710.1	MER0001523|S08.035|S08A	41.1	49.5	99.3	282	1.18e-52	177
WP_014999710.1	MER0001521|S08.044|S08A	40.4	49.5	99.3	282	6.22e-52	176
WP_014999710.1	MER0000313|S08.036|S08A	40.4	49.5	99.3	282	8.68e-52	175
WP_014999710.1	MER0000311|S08.034|S08A	40.8	49.5	99.3	282	1.69e-51	174
WP_014999710.1	MER0001699|S08.045|S08A	42.4	48.6	97.4	276	3.10e-51	174
WP_014999710.1	MER0001755|S08.002|S08A	40.4	49.5	99.3	282	4.57e-51	173
WP_014999710.1	MER0000316|S08.157|S08A	43.7	49.3	99.3	279	1.06e-48	167
WP_014999710.1	MER0000333|S08.007|S08A	42.4	44.6	90.0	250	3.12e-47	163
WP_014999710.1	MER0016983|S08.129|S08A	36.3	49.1	98.7	317	6.47e-44	155
WP_014999710.1	MER0005931|S08.005|S08A	40.6	44.4	100	251	2.78e-43	151
WP_014999710.1	MER0000319|S08.126|S08A	38.3	46.9	91.8	264	1.33e-39	142
WP_014999710.1	MER0000332|S08.009|S08A	42.1	45.9	91.5	259	2.02e-39	142
WP_014999710.1	MER0014744|S08.016|S08A	35.5	48.7	90.8	307	1.16e-36	136
WP_014999734.1	MER0001161|M03.004|M03A	62.4	100	100	681	9.28e-321	884
WP_014999734.1	MER0006087|M03.A01|M03A	42.0	97.9	96.2	685	1.71e-181	530
WP_014999734.1	MER0015119|M03.A02|M03A	40.1	99.6	98.5	724	3.67e-170	501
WP_014999734.1	MER0001158|M03.005|M03A	30.8	97.9	97.5	673	3.16e-100	318
WP_014999734.1	MER0001942|M03.002|M03A	31.4	97.5	96.0	671	3.34e-99	316
WP_014999734.1	MER0108144|M03.A07|M03A	31.2	92.8	95.3	648	1.25e-97	311
WP_014999734.1	MER0001149|M03.001|M03A	31.1	93.2	90.5	643	9.50e-95	304
WP_014999734.1	MER0001153|M03.003|M03A	30.9	92.9	91.8	651	1.74e-92	298
WP_014999734.1	MER0003110|M03.009|M03A	29.0	89.5	89.8	661	2.40e-87	285
WP_014999734.1	MER0079465|M03.011|M03A	30.9	80.7	85.8	564	2.63e-77	256
WP_014999734.1	MER0015170|M03.A03|M03A	25.0	92.0	94.3	625	1.47e-57	202
WP_014999734.1	MER0001156|M03.006|M03A	25.7	88.6	87.3	643	2.93e-46	172
WP_014999734.1	MER0059435|M03.A11|M03A	22.9	26.4	28.0	210	6.26e-04	39.7
WP_014999746.1	MER0002031|C39.005|C39	46.3	17.7	94.4	134	1.14e-34	125
WP_014999746.1	MER0014664|C39.004|C39	29.2	17.7	96.5	137	2.06e-15	70.9
WP_014999746.1	MER0002884|C39.007|C39	27.5	17.6	98.6	138	1.09e-13	65.9
WP_014999746.1	MER0042832|C39.008|C39	24.6	17.6	98.6	138	7.18e-11	57.8
WP_014999746.1	MER0014665|C39.003|C39	25.7	17.5	97.8	136	6.09e-10	55.1
WP_014999753.1	MER0001627|T01.006|T01B	82.1	99.4	98.9	173	3.78e-97	275
WP_014999753.1	MER0001626|T01.007|T01B	53.1	98.9	100	175	1.16e-58	178
WP_014999753.1	MER0030305|T01.018|T01B	53.9	87.4	93.8	152	4.70e-50	155
WP_014999753.1	MER0053121|T01.021|T01B	50.9	97.1	100	171	5.76e-48	150
WP_014999764.1	MER0000431|S33.001|S33	39.4	94.2	96.1	307	3.40e-74	228
WP_014999764.1	MER0000436|S33.021|S33	24.8	80.9	84.8	274	9.88e-10	55.5
WP_014999764.1	MER0026339|S33.992|S33	32.0	30.5	36.6	100	1.23e-08	52.0
WP_014999764.1	MER0003537|S33.005|S33	37.3	30.2	34.6	102	2.44e-08	51.2
WP_014999764.1	MER0011785|S33.009|S33	30.2	31.1	32.3	106	2.85e-05	42.0
WP_014999775.1	MER0002497|M17.004|M17	49.9	97.7	98.1	423	8.32e-134	388
WP_014999775.1	MER0035089|M17.010|M17	36.9	74.5	88.9	320	1.44e-54	182
WP_014999775.1	MER0004597|M17.A01|M17	36.8	75.6	90.3	329	7.99e-54	180
WP_014999775.1	MER0001236|M17.003|M17	39.5	75.2	64.1	324	6.28e-53	181
WP_014999775.1	MER0041673|M17.013|M17	36.1	74.9	66.2	324	1.40e-51	177
WP_014999775.1	MER0001238|M17.A03|M17	39.3	68.4	59.3	298	4.85e-51	176
WP_014999775.1	MER0004598|M17.A02|M17	35.9	75.6	90.6	329	3.52e-50	170
WP_014999775.1	MER0002271|M17.002|M17	36.7	74.2	64.2	324	1.26e-48	169
WP_014999775.1	MER0024892|M17.008|M17	34.9	72.6	76.8	315	2.40e-46	161
WP_014999775.1	MER0013416|M17.006|M17	39.6	59.7	66.6	260	2.44e-43	153
WP_014999775.1	MER0001235|M17.001|M17	36.1	72.8	63.7	324	3.22e-43	155
WP_014999775.1	MER0014397|M17.015|M17	36.4	74.2	88.1	319	4.80e-43	151
WP_014999775.1	MER0105906|M17.014|M17	36.6	67.4	61.4	295	2.35e-42	152
WP_014999775.1	MER0011357|M17.A04|M17	38.7	61.6	50.0	269	2.75e-41	150
WP_014999775.1	MER0026959|M17.950|M17	41.6	55.5	86.7	245	1.92e-40	142
WP_014999775.1	MER0001240|M17.A05|M17	35.7	67.9	59.0	294	7.70e-40	145
WP_014999775.1	MER0003825|M17.016|M17	31.9	78.7	75.8	345	9.37e-38	139
WP_014999775.1	MER0003919|M17.005|M17	33.6	80.1	90.6	348	3.73e-37	136
WP_014999775.1	MER0001910|M17.009|M17	33.5	63.2	54.9	272	3.04e-35	133
WP_014999775.1	MER0081108|M17.012|M17	28.8	64.6	63.4	309	4.85e-18	82.8
WP_014999775.1	MER0079520|M17.011|M17	33.7	44.5	38.6	202	1.67e-14	72.0
WP_014999807.1	MER0033274|S09.993|S09X	27.9	44.2	57.3	147	5.99e-09	52.8
WP_014999807.1	MER0034548|S09.A47|S09C	25.5	61.7	80.3	212	5.00e-07	47.0
WP_014999807.1	MER0034960|S09.A86|S09X	34.8	26.2	29.4	92	6.30e-07	47.0
WP_014999807.1	MER0047634|S09.068|S09X	30.2	29.3	38.4	106	1.34e-05	42.7
WP_014999807.1	MER0036028|S09.A07|S09X	27.4	25.5	30.8	84	3.21e-04	38.5
WP_014999808.1	MER0105341|M96.001|M96	21.0	88.5	63.4	315	5.20e-05	41.2
WP_014999815.1	MER0004775|M13.009|M13	42.4	93.0	97.6	642	1.01e-187	544
WP_014999815.1	MER0011838|M13.007|M13	30.0	93.6	97.4	670	1.65e-99	317
WP_014999815.1	MER0002988|M13.A16|M13	31.0	90.3	94.5	659	8.94e-98	313
WP_014999815.1	MER0013406|M13.008|M13	29.7	93.6	97.6	686	3.68e-97	311
WP_014999815.1	MER0001991|M13.003|M13	31.3	91.1	95.3	652	4.81e-96	308
WP_014999815.1	MER0001056|M13.002|M13	30.5	93.6	97.5	672	2.70e-94	303
WP_014999815.1	MER0011159|M13.A15|M13	30.7	93.0	96.9	674	4.25e-94	303
WP_014999815.1	MER0011141|M13.A14|M13	29.0	94.3	98.3	683	3.74e-93	300
WP_014999815.1	MER0001050|M13.001|M13	30.0	93.3	97.3	691	6.57e-93	300
WP_014999815.1	MER0002350|M13.013|M13	30.7	94.5	98.4	700	9.56e-90	291
WP_014999815.1	MER0002062|M13.091|M13	30.2	91.0	95.1	672	2.26e-86	283
WP_014999815.1	MER0019832|M13.010|M13	29.7	92.9	97.5	650	3.77e-85	278
WP_014999815.1	MER0001058|M13.004|M13	28.3	91.9	99.4	642	8.60e-85	276
WP_014999815.1	MER0019831|M13.014|M13	30.8	74.7	81.1	543	2.24e-82	271
WP_014999815.1	MER0005528|M13.012|M13	28.0	93.6	97.5	679	2.52e-78	261
WP_014999815.1	MER0004762|M13.015|M13	27.4	93.8	97.7	687	5.29e-77	257
WP_014999815.1	MER0001059|M13.005|M13	31.3	79.9	98.0	571	1.40e-72	242
WP_014999815.1	MER0002285|M13.A26|M13	27.1	93.2	96.9	672	1.27e-62	217
WP_014999815.1	MER0002997|M13.A31|M13	24.0	93.9	97.8	684	3.17e-57	203
WP_014999815.1	MER0001365|M13.A20|M13	33.9	45.9	46.5	348	1.13e-46	173
WP_014999815.1	MER0001054|M13.090|M13	25.3	92.6	96.4	672	1.39e-44	166
WP_014999815.1	MER0162857|M13.A19|M13	28.9	49.3	48.0	363	2.11e-44	167
WP_014999815.1	MER0038668|M13.016|M13	26.0	74.7	96.4	596	2.39e-42	159
WP_014999815.1	MER0015175|M13.011|M13	24.1	94.5	97.6	746	3.39e-42	160
WP_014999815.1	MER0011427|M13.A08|M13	29.1	46.2	50.2	351	6.80e-38	147
WP_014999820.1	MER0061068|M38.A02|M38	56.2	85.1	99.7	297	6.30e-117	337
WP_014999841.1	MER0001920|S09.A77|S09C	33.9	33.8	91.5	230	2.87e-36	133
WP_014999841.1	MER0018170|S09.057|S09C	32.9	33.7	90.5	234	2.60e-29	114
WP_014999841.1	MER0003558|S09.A83|S09C	30.8	34.4	87.3	234	1.06e-26	106
WP_014999841.1	MER0015682|S09.074|S09C	28.5	41.9	89.9	284	1.08e-26	107
WP_014999841.1	MER0005807|S09.070|S09C	28.0	36.7	84.0	243	9.81e-23	95.5
WP_014999841.1	MER0001423|S09.013|S09B	26.7	34.4	95.3	232	6.40e-22	92.0
WP_014999841.1	MER0034615|S09.075|S09C	26.7	34.6	93.1	232	1.16e-21	91.7
WP_014999841.1	MER0140224|S09.B03|S09X	29.5	31.1	86.6	210	2.46e-21	90.5
WP_014999841.1	MER0016096|S09.056|S09C	29.3	31.1	85.2	215	2.77e-21	90.5
WP_014999841.1	MER0005994|S09.A03|S09B	26.0	38.8	97.7	269	8.10e-20	86.7
WP_014999841.1	MER0017401|S09.071|S09C	29.1	36.4	99.2	247	1.77e-19	85.1
WP_014999841.1	MER0000408|S09.004|S09C	23.7	37.3	98.4	257	2.26e-19	85.1
WP_014999841.1	MER0005196|S09.017|S09B	27.7	36.9	94.8	253	4.49e-18	81.3
WP_014999841.1	MER0011413|S09.016|S09B	28.1	34.3	93.7	235	9.13e-18	80.1
WP_014999841.1	MER0192427|S09.A96|S09C	26.5	34.4	78.9	234	3.24e-17	79.3
WP_014999841.1	MER0000399|S09.007|S09B	25.2	37.2	91.6	250	6.03e-17	78.2
WP_014999841.1	MER0011583|S09.079|S09D	25.9	35.5	91.6	243	1.65e-16	76.6
WP_014999841.1	MER0004923|S09.019|S09B	24.5	34.9	78.6	241	1.81e-15	74.3
WP_014999841.1	MER0011231|S09.069|S09B	28.0	33.7	82.1	225	1.81e-14	70.9
WP_014999841.1	MER0004199|S09.A76|S09B	25.9	28.5	80.4	193	1.51e-13	67.4
WP_014999841.1	MER0000401|S09.003|S09B	22.5	36.9	90.5	249	4.92e-13	66.6
WP_014999841.1	MER0195666|S09.073|S09B	26.0	34.6	93.3	235	8.69e-13	65.5
WP_014999841.1	MER0013484|S09.018|S09B	25.5	35.4	97.5	243	9.37e-12	62.4
WP_014999841.1	MER0030932|S09.B06|S09X	25.7	27.0	69.8	183	6.47e-10	57.0
WP_014999841.1	MER0079308|S09.033|S09A	24.5	34.9	84.0	237	2.80e-09	55.5
WP_014999851.1	MER0191412|I87.001|I87	51.1	98.0	97.6	327	7.00e-103	301
WP_014999851.1	MER0192051|I87.002|I87	23.7	59.7	39.4	177	6.41e-10	56.2
WP_014999852.1	MER0192051|I87.002|I87	55.1	88.0	85.9	361	1.98e-110	327
WP_014999921.1	MER0000319|S08.126|S08A	31.5	34.4	58.9	165	8.14e-24	97.8
WP_014999921.1	MER0000312|S08.042|S08A	35.4	42.5	75.3	209	1.03e-19	85.9
WP_014999921.1	MER0001523|S08.035|S08A	35.4	42.5	75.3	209	1.03e-19	85.9
WP_014999921.1	MER0000313|S08.036|S08A	34.9	42.5	75.3	209	1.40e-19	85.5
WP_014999921.1	MER0001521|S08.044|S08A	34.9	42.5	75.3	209	1.90e-19	85.1
WP_014999921.1	MER0001755|S08.002|S08A	32.5	42.5	75.3	212	1.59e-18	82.4
WP_014999921.1	MER0002267|S08.111|S08A	30.3	38.4	61.6	188	2.02e-17	79.3
WP_014999921.1	MER0001725|S08.105|S08A	31.5	42.0	67.1	219	2.31e-17	79.7
WP_014999921.1	MER0000311|S08.034|S08A	36.6	27.0	47.6	131	4.40e-17	78.2
WP_014999921.1	MER0000309|S08.001|S08A	27.8	45.9	85.8	237	1.07e-16	77.0
WP_014999921.1	MER0016983|S08.129|S08A	33.3	31.0	51.0	162	1.83e-15	73.9
WP_014999921.1	MER0002575|S08.102|S08A	28.2	53.3	85.7	259	1.37e-14	70.9
WP_014999921.1	MER0000336|S08.061|S08A	32.7	23.4	37.8	110	1.67e-13	67.8
WP_014999921.1	MER0081072|S08.149|S08A	29.9	34.8	67.6	174	1.88e-13	67.0
WP_014999921.1	MER0028365|S08.141|S08A	26.8	50.3	65.2	257	2.42e-12	65.1
WP_014999921.1	MER0002764|S08.120|S08A	30.8	26.5	43.6	130	6.06e-12	63.2
WP_014999921.1	MER0004720|S08.062|S08A	31.1	25.3	42.5	119	3.24e-09	54.7
WP_014999921.1	MER0006037|S08.025|S08A	33.6	23.4	37.7	110	6.16e-09	53.9
WP_014999921.1	MER0000326|S08.050|S08A	24.6	40.1	60.6	191	9.28e-09	53.5
WP_014999921.1	MER0000359|S08.A54|S08A	25.8	39.7	64.0	198	2.83e-08	52.0
WP_014999921.1	MER0055027|S08.134|S08A	29.5	20.2	22.8	95	1.23e-07	50.4
WP_014999921.1	MER0014744|S08.016|S08A	29.4	22.7	37.4	126	7.51e-07	47.8
WP_014999921.1	MER0004085|S08.113|S08A	31.0	22.7	37.6	126	2.32e-06	46.2
WP_014999921.1	MER0050309|S08.156|S08A	25.5	41.2	47.0	208	3.78e-06	45.8
WP_014999921.1	MER0016978|S08.021|S08A	27.4	26.1	46.2	146	9.04e-06	44.3
WP_014999926.1	MER0037236|S33.016|S33	26.1	78.5	92.3	257	4.04e-13	65.1
WP_014999926.1	MER0031610|S33.976|S33	25.0	81.1	81.1	264	1.22e-10	58.2
WP_014999926.1	MER0036053|S33.A01|S33	32.1	32.7	38.4	106	1.03e-09	55.1
WP_014999926.1	MER0031616|S33.013|S33	29.5	41.3	41.8	132	3.25e-09	53.9
WP_014999926.1	MER0011785|S33.009|S33	27.8	39.1	36.3	126	3.43e-09	53.9
WP_014999926.1	MER0036115|S33.B18|S33	34.5	36.2	38.3	116	1.01e-08	52.4
WP_014999926.1	MER0036067|S33.A71|S33	23.5	76.3	79.7	247	1.77e-07	48.5
WP_014999926.1	MER0036076|S33.A33|S33	29.7	31.7	33.8	101	2.39e-07	48.1
WP_014999926.1	MER0011509|S33.A84|S33	33.6	33.3	34.0	107	3.44e-07	47.8
WP_014999926.1	MER0031618|S33.979|S33	27.5	39.4	45.3	131	7.50e-06	43.5
WP_014999926.1	MER0035043|S33.A95|S33	30.0	28.5	29.2	90	1.07e-05	43.1
WP_014999926.1	MER0030163|S33.975|S33	31.2	32.7	36.1	109	2.43e-05	42.0
WP_014999926.1	MER0213280|S33.A87|S33	30.9	29.8	30.9	94	2.52e-05	42.0
WP_014999926.1	MER0044578|S33.A28|S33	29.2	39.7	36.4	137	3.72e-05	41.6
WP_014999926.1	MER0017033|S33.A15|S33	28.6	30.4	31.7	98	4.43e-05	41.2
WP_014999926.1	MER0214730|S33.A67|S33	26.5	35.6	45.7	113	1.15e-04	39.7
WP_014999926.1	MER0035973|S33.A14|S33	31.6	31.1	33.8	98	1.35e-04	39.7
WP_014999926.1	MER0036072|S33.A36|S33	27.7	30.1	30.3	101	1.50e-04	39.7
WP_014999926.1	MER0044581|S33.A27|S33	27.1	31.4	29.2	107	2.07e-04	39.3
WP_014999926.1	MER0210990|S33.A66|S33	34.7	22.4	20.6	75	2.70e-04	38.9
WP_014999926.1	MER0214939|S33.A69|S33	30.2	26.9	34.2	86	4.92e-04	37.7
WP_014999926.1	MER0061081|S09.A39|S09X	47.4	12.2	13.9	38	5.45e-04	37.7
WP_014999926.1	MER0043126|S09.990|S09X	48.7	12.5	13.9	39	7.43e-04	37.4
WP_014999931.1	MER0492485|S85.001|S85	64.7	89.9	100	170	1.59e-77	226
WP_014999942.1	MER0003327|C44.971|C44	67.2	38.5	100	235	2.72e-101	304
WP_014999942.1	MER0185695|C44.A08|C44	42.7	34.9	99.1	220	5.97e-52	175
WP_014999942.1	MER0012158|C44.972|C44	30.0	41.3	95.0	323	1.89e-33	127
WP_014999942.1	MER0003350|C44.975|C44	38.1	28.4	92.7	194	4.19e-31	117
WP_014999942.1	MER0003322|C44.970|C44	39.3	27.9	92.7	191	9.59e-30	113
WP_014999942.1	MER0011781|C44.A02|C44	29.4	32.3	83.5	201	6.13e-15	71.6
WP_014999942.1	MER0037955|C44.A09|C44	31.5	18.2	40.1	111	6.14e-06	45.1
WP_014999950.1	MER0026262|S12.008|S12	23.7	84.0	92.0	338	1.76e-17	79.7
WP_014999950.1	MER0219770|S12.011|S12	24.2	81.9	95.8	322	7.46e-17	77.4
WP_014999950.1	MER0028284|S12.010|S12	24.5	79.8	87.5	314	1.89e-15	73.6
WP_014999950.1	MER0000463|S12.006|S12	23.4	81.2	90.3	351	2.10e-15	73.6
WP_014999950.1	MER1143079|S12.013|S12	25.9	66.2	78.4	255	5.64e-14	68.6
WP_014999950.1	MER0002489|S12.003|S12	24.9	66.5	72.3	269	1.01e-09	56.2
WP_014999950.1	MER0000459|S12.001|S12	20.9	77.0	82.5	311	7.52e-08	50.4
WP_014999950.1	MER0006204|S12.950|S12	29.0	30.4	34.7	131	7.85e-07	47.4
WP_014999950.1	MER0011700|S12.A16|S12	32.9	19.9	20.7	76	9.47e-05	40.8
WP_014999950.1	MER0005964|S12.951|S12	24.9	46.6	49.6	181	1.63e-04	40.0
WP_014999950.1	MER0122661|S12.A28|S12	30.6	17.8	20.7	72	4.89e-04	38.5
WP_014999993.1	MER0003376|M23.005|M23B	41.3	45.8	68.1	126	2.88e-18	77.0
WP_014999993.1	MER0013541|M23.014|M23B	43.2	34.5	94.3	95	1.14e-16	70.5
WP_014999993.1	MER0003380|M23.011|M23B	37.4	43.3	46.1	123	1.96e-15	70.9
WP_014999993.1	MER0001419|M23.004|M23B	31.0	55.3	95.8	155	6.03e-15	67.4
WP_014999993.1	MER0003423|M23.012|M23B	33.6	44.0	77.6	122	2.20e-14	65.9
WP_014999993.1	MER0069741|M23.009|M23B	38.6	41.1	56.4	114	7.06e-13	62.4
WP_014999993.1	MER0003906|M23.013|M23B	33.0	34.2	79.2	94	1.86e-09	51.2
WP_015000044.1	MER0059846|S33.A46|S33	42.9	90.1	91.2	312	1.72e-92	276
WP_015000044.1	MER0199690|S33.A56|S33	25.2	84.9	99.0	314	1.04e-21	90.9
WP_015000044.1	MER0214074|S33.019|S33	30.8	49.1	98.4	182	9.38e-17	74.3
WP_015000070.1	MER0023167|C01.128|C01A	28.2	37.8	94.0	255	3.23e-13	67.0
WP_015000070.1	MER0031234|C01.164|C01A	25.6	32.6	79.2	211	3.65e-09	54.7
WP_015000073.1	MER0017142|S33.994|S33	44.2	88.8	96.7	240	1.54e-69	212
WP_015000073.1	MER0043008|S33.A18|S33	26.2	95.9	98.5	271	7.72e-14	66.6
WP_015000073.1	MER0036053|S33.A01|S33	23.6	87.7	97.7	258	2.57e-11	59.3
WP_015000073.1	MER0036115|S33.B18|S33	31.0	35.3	33.0	100	2.01e-10	57.0
WP_015000073.1	MER0031610|S33.976|S33	26.2	85.5	78.4	244	1.70e-08	51.2
WP_015000073.1	MER0036065|S33.A03|S33	24.8	85.5	97.7	250	3.35e-08	50.1
WP_015000073.1	MER0011785|S33.009|S33	28.1	42.0	36.9	121	4.69e-06	43.9
WP_015000073.1	MER0036069|S33.A38|S33	34.7	34.2	29.6	101	6.48e-06	43.5
WP_015000073.1	MER0014065|S33.974|S33	27.8	34.2	29.6	97	1.50e-05	42.4
WP_015000073.1	MER0037853|S33.984|S33	26.3	36.8	35.7	114	3.52e-05	41.2
WP_015000073.1	MER0044580|S33.A39|S33	24.8	72.9	61.9	214	1.13e-04	39.7
WP_015000073.1	MER0036057|S33.A09|S33	29.7	35.7	33.6	101	4.52e-04	37.7
WP_015000073.1	MER0025512|S33.010|S33	30.7	35.7	33.8	101	4.53e-04	37.7
WP_015000073.1	MER0017033|S33.A15|S33	26.8	45.4	36.7	127	6.05e-04	37.4
WP_015000075.1	MER0004964|M14.950|M14B	32.9	8.9	42.1	85	4.38e-04	39.3
WP_015000094.1	MER0000569|S24.001|S24	71.2	56.7	100	118	4.59e-59	178
WP_015000094.1	MER0000576|S24.003|S24	33.3	54.3	97.4	114	3.19e-12	58.2
WP_015000094.1	MER0006172|S24.004|S24	41.4	33.7	87.3	70	2.73e-10	52.0
WP_015000094.1	MER0022664|S24.005|S24	29.0	51.4	83.2	107	1.44e-09	51.2
WP_015000104.1	MER0001920|S09.A77|S09C	31.2	33.5	93.5	231	3.11e-29	113
WP_015000104.1	MER0018170|S09.057|S09C	31.6	34.1	92.1	234	3.58e-29	113
WP_015000104.1	MER0003558|S09.A83|S09C	33.3	30.2	80.4	210	1.08e-28	112
WP_015000104.1	MER0015682|S09.074|S09C	32.5	31.1	66.3	206	7.12e-28	111
WP_015000104.1	MER0140224|S09.B03|S09X	35.1	27.1	78.6	188	1.04e-25	103
WP_015000104.1	MER0005807|S09.070|S09C	30.1	34.2	81.8	229	4.78e-24	99.4
WP_015000104.1	MER0001423|S09.013|S09B	26.5	34.5	100	238	7.11e-19	83.2
WP_015000104.1	MER0017401|S09.071|S09C	30.0	33.0	92.1	223	9.20e-18	80.1
WP_015000104.1	MER0005994|S09.A03|S09B	30.8	22.0	59.5	159	3.04e-15	73.2
WP_015000104.1	MER0022823|S09.B02|S09A	28.8	30.8	76.4	215	2.32e-14	70.9
WP_015000104.1	MER0005987|S09.A65|S09B	27.6	33.2	84.0	225	4.47e-14	69.7
WP_015000104.1	MER0192427|S09.A96|S09C	24.2	34.1	81.7	236	7.99e-13	66.2
WP_015000104.1	MER0000408|S09.004|S09C	25.1	28.4	79.0	207	1.04e-12	65.5
WP_015000104.1	MER0000392|S09.001|S09A	27.2	30.0	74.2	213	1.12e-12	65.9
WP_015000104.1	MER0000399|S09.007|S09B	26.7	33.3	84.7	232	1.57e-12	65.1
WP_015000104.1	MER0034615|S09.075|S09C	25.8	25.3	71.1	178	1.40e-11	62.0
WP_015000104.1	MER0011231|S09.069|S09B	25.3	37.7	96.9	261	1.69e-11	62.0
WP_015000104.1	MER0014827|S09.021|S09D	23.3	37.1	98.1	266	5.52e-11	60.5
WP_015000104.1	MER0000263|S09.012|S09C	28.6	25.9	73.9	185	1.90e-10	58.5
WP_015000104.1	MER0004925|S09.021|S09D	22.9	37.1	98.1	266	2.41e-10	58.5
WP_015000104.1	MER0325901|S09.077|S09A	25.3	31.2	79.1	217	4.82e-10	57.8
WP_015000104.1	MER0004921|S09.A75|S09B	25.5	27.5	77.2	192	5.94e-10	57.0
WP_015000104.1	MER0006027|S09.A66|S09C	25.4	30.0	80.2	209	5.79e-09	54.3
WP_015000104.1	MER0195666|S09.073|S09B	25.0	27.5	76.7	192	8.81e-09	53.5
WP_015000104.1	MER0011450|S09.A73|S09A	26.2	29.7	74.2	214	2.99e-07	49.3
WP_015000114.1	MER0019096|M01.A33|M01	28.9	17.9	71.7	152	1.82e-07	49.3
WP_015000114.1	MER0091680|M01.A31|M01	22.9	25.1	97.7	223	2.48e-06	46.2
WP_015000114.1	MER0002060|M01.011|M01	26.4	12.3	47.0	106	8.53e-04	38.5
WP_015000122.1	MER0005900|M38.002|M38	34.9	77.4	82.2	338	1.66e-41	148
WP_044556720.1	MER0031618|S33.979|S33	27.6	37.0	35.8	105	1.52e-04	39.3
WP_044556720.1	MER0036052|S33.A11|S33	38.2	26.1	22.2	76	2.20e-04	38.9
WP_044556737.1	MER0011583|S09.079|S09D	33.7	34.2	97.6	249	5.35e-36	133
WP_044556737.1	MER0017401|S09.071|S09C	35.3	31.1	91.2	221	1.52e-33	125
WP_044556737.1	MER0034615|S09.075|S09C	26.9	32.8	96.3	238	3.78e-22	93.2
WP_044556737.1	MER0003558|S09.A83|S09C	29.3	33.5	91.9	246	5.01e-22	93.2
WP_044556737.1	MER0140224|S09.B03|S09X	29.1	29.0	88.2	213	7.99e-22	92.0
WP_044556737.1	MER0000408|S09.004|S09C	29.0	30.5	88.5	224	1.06e-21	92.0
WP_044556737.1	MER0126485|S09.072|S09X	28.8	31.2	93.2	222	6.46e-21	89.4
WP_044556737.1	MER0015682|S09.074|S09C	27.0	36.4	81.7	267	1.01e-19	87.4
WP_044556737.1	MER0016096|S09.056|S09C	27.2	31.1	93.0	228	9.76e-19	83.2
WP_044556737.1	MER0000263|S09.012|S09C	29.0	33.6	97.1	245	4.20e-18	81.3
WP_044556737.1	MER0000399|S09.007|S09B	28.3	31.9	87.0	233	5.99e-18	81.3
WP_044556737.1	MER0001920|S09.A77|S09C	28.3	30.6	91.5	226	2.09e-17	79.3
WP_044556737.1	MER0018170|S09.057|S09C	26.8	33.2	97.6	250	6.35e-16	75.1
WP_044556737.1	MER0000401|S09.003|S09B	27.0	31.5	84.8	230	3.42e-15	73.2
WP_044556737.1	MER0005807|S09.070|S09C	26.7	32.6	81.5	232	1.12e-12	65.9
WP_044556737.1	MER0011413|S09.016|S09B	26.1	30.8	92.1	230	1.38e-11	62.0
WP_044556737.1	MER0058228|S09.009|S09B	24.0	30.4	88.8	225	1.16e-10	59.3
WP_044556737.1	MER0005994|S09.A03|S09B	27.5	34.2	92.7	255	4.72e-10	57.8
WP_044556737.1	MER0006027|S09.A66|S09C	24.9	32.2	90.3	241	1.45e-09	56.2
WP_044556737.1	MER0015621|S09.A02|S09A	32.0	16.8	39.7	122	3.71e-08	52.4
WP_044556737.1	MER0002490|S09.A01|S09A	29.9	17.5	39.9	127	1.62e-07	50.4
WP_044556737.1	MER0000404|S09.005|S09B	24.3	31.6	85.3	239	3.98e-06	45.8
WP_044556737.1	MER0005694|S09.076|S09A	23.2	37.0	93.3	271	1.34e-04	41.2
WP_044556737.1	MER0011305|S09.A64|S09B	27.4	18.1	51.8	135	3.74e-04	39.7
WP_044556832.1	MER0015691|M28.A02|M28B	32.8	23.0	43.4	122	2.26e-09	55.1
WP_044556832.1	MER0005239|M28.011|M28B	30.5	25.3	43.9	141	1.67e-08	52.8
WP_044556832.1	MER0005238|M28.012|M28B	29.9	25.3	43.0	134	5.22e-08	51.2
WP_044556832.1	MER0002104|M28.010|M28B	30.6	25.3	43.0	134	6.96e-08	50.8
WP_044556832.1	MER0005149|M28.A19|M28B	27.4	25.3	40.6	135	4.16e-07	48.5
WP_044556832.1	MER0001911|M28.A05|M28X	30.4	28.6	50.4	148	7.52e-05	41.2
WP_044556832.1	MER0037181|M28.019|M28A	25.1	40.1	64.1	207	1.56e-04	40.4
WP_044556969.1	MER0004652|S08.A02|S08A	29.9	35.0	88.9	531	6.42e-34	135
WP_044556969.1	MER0005785|S08.A01|S08A	28.1	36.6	95.1	559	3.83e-33	133
WP_044556969.1	MER0013893|S08.A04|S08A	28.5	35.1	89.2	527	3.81e-32	130
WP_044556969.1	MER0005034|S08.097|S08A	29.9	36.1	99.1	505	1.26e-31	127
WP_044556969.1	MER0011813|S08.A14|S08A	29.7	36.3	98.9	505	4.50e-30	122
WP_044556969.1	MER0017014|S08.A32|S08A	29.4	36.6	99.8	510	2.06e-29	120
WP_044556969.1	MER0006036|S08.A16|S08A	29.1	34.5	95.7	494	4.84e-28	116
WP_044556969.1	MER0015429|S08.A03|S08A	26.6	36.6	94.0	523	5.65e-28	115
WP_044556969.1	MER0029448|S08.A30|S08A	27.5	36.5	99.6	512	3.07e-26	110
WP_044556969.1	MER0014089|S08.A37|S08A	29.0	35.8	97.7	510	4.29e-26	110
WP_044556969.1	MER0005700|S08.A49|S08A	27.3	36.6	99.7	512	5.27e-26	108
WP_044556969.1	MER0002771|S08.006|S08A	26.4	36.5	99.5	493	8.11e-26	107
WP_044556969.1	MER0015433|S08.A41|S08A	30.3	31.3	87.3	449	1.02e-25	109
WP_044556969.1	MER0015438|S08.084|S08A	26.6	36.4	99.2	527	4.94e-25	107
WP_044556969.1	MER0014311|S08.A12|S08A	29.0	35.7	97.0	487	1.56e-24	105
WP_044556969.1	MER0005712|S08.A38|S08A	27.6	36.5	99.5	511	2.59e-24	103
WP_044556969.1	MER0014310|S08.A07|S08A	26.5	35.7	97.0	491	1.19e-23	102
WP_044556969.1	MER0004641|S08.A39|S08A	27.4	36.4	99.0	507	2.44e-23	100
WP_044556969.1	MER0013896|S08.A22|S08A	26.1	35.6	97.1	499	3.57e-23	101
WP_044556969.1	MER0015434|S08.A13|S08A	27.3	36.0	98.1	506	4.33e-23	101
WP_044556969.1	MER0015439|S08.014|S08A	26.4	37.3	95.9	522	1.37e-22	99.4
WP_044556969.1	MER0015436|S08.A34|S08A	29.2	35.4	96.6	511	1.79e-22	99.4
WP_044556969.1	MER0015432|S08.A35|S08A	26.0	36.0	97.7	511	4.44e-22	97.1
WP_044556969.1	MER0014312|S08.A11|S08A	28.1	35.7	97.0	488	1.27e-21	96.3
WP_044556969.1	MER0015437|S08.A33|S08A	26.9	36.1	98.3	505	2.34e-21	95.9
WP_044556984.1	MER0003855|U32.002|U32	36.6	67.4	72.4	322	2.74e-61	202
WP_044556984.1	MER0004416|U32.A02|U32	29.2	61.5	86.6	291	1.09e-34	128
WP_044556984.1	MER0013876|U32.003|U32	25.0	82.7	94.2	404	1.21e-28	113
WP_044556984.1	MER0003242|U32.001|U32	22.9	57.9	74.6	279	2.10e-16	76.6
WP_085930917.1	MER0001284|M28.002|M28E	27.1	54.0	80.7	247	3.07e-14	69.3
WP_085930917.1	MER0004514|M28.004|M28E	24.4	44.7	69.5	205	5.98e-08	50.4
WP_085930917.1	MER0100667|M28.020|M28F	45.0	13.3	27.3	60	4.89e-07	47.4
WP_085930917.1	MER0001288|M28.001|M28A	30.9	20.6	36.3	94	4.39e-06	44.7
WP_085930917.1	MER0037181|M28.019|M28A	32.7	23.0	40.2	113	2.36e-05	42.7
WP_085930917.1	MER0032443|M28.022|M28E	26.3	34.1	58.0	160	2.82e-05	42.4
WP_085930917.1	MER0194228|M28.A01|M28F	40.0	15.3	35.9	70	5.91e-05	40.8
WP_085930917.1	MER0005238|M28.012|M28B	35.4	20.1	30.1	96	7.52e-05	41.2
WP_085930917.1	MER0005239|M28.011|M28B	27.6	51.3	72.3	239	7.60e-05	41.2
WP_085930917.1	MER0005131|M28.006|M28E	28.2	23.0	42.7	110	8.84e-05	40.8
WP_085930917.1	MER0001289|M28.009|M28F	40.0	15.3	25.8	70	9.47e-05	40.8
WP_157187955.1	MER0013623|S01.453|S01C	26.3	78.2	100	190	9.63e-10	52.8
WP_157187955.1	MER0000268|S01.480|S01C	29.4	78.2	100	187	4.29e-08	48.1
WP_157187955.1	MER0016351|S01.285|S01C	27.2	78.2	100	195	1.29e-06	43.9
WP_157187955.1	MER0002577|S01.277|S01C	25.1	78.2	100	191	2.40e-06	43.1
WP_157187955.1	MER0005468|S01.491|S01C	28.0	78.2	100	193	8.73e-06	41.6
WP_157187955.1	MER0028330|S01.329|S01C	27.9	78.2	100	190	3.80e-05	39.7
WP_157187955.1	MER0010944|S01.474|S01C	27.6	64.9	85.4	163	4.61e-05	39.7
WP_157187955.1	MER0005953|S01.503|S01B	24.0	90.4	88.8	225	1.14e-04	38.9
WP_232298185.1	MER0031610|S33.976|S33	31.1	95.0	85.0	257	1.12e-40	139
WP_232298185.1	MER0044900|S33.A21|S33	23.4	93.9	74.9	278	1.08e-12	63.9
WP_232298185.1	MER0034563|S33.996|S33	32.6	32.8	34.8	86	2.64e-09	53.1
WP_232298185.1	MER0036072|S33.A36|S33	23.6	37.0	31.8	106	7.60e-08	49.3
WP_232298185.1	MER0025512|S33.010|S33	28.3	37.8	33.1	99	4.02e-07	47.0
WP_232298185.1	MER0031616|S33.013|S33	19.2	90.1	85.2	271	1.00e-06	45.8
WP_232298185.1	MER0036115|S33.B18|S33	20.2	89.7	85.5	262	2.35e-06	44.7
WP_232298185.1	MER0011785|S33.009|S33	31.9	39.3	33.5	116	1.41e-05	42.4
WP_232298185.1	MER0011509|S33.A84|S33	31.4	36.3	31.7	102	3.31e-05	41.2
WP_232298185.1	MER0030163|S33.975|S33	28.4	42.4	38.5	116	2.38e-04	38.5
WP_232298185.1	MER0037236|S33.016|S33	20.5	88.5	92.3	249	7.02e-04	37.0
WP_232298199.1	MER0195774|M16.019|M16B	35.4	19.0	100	181	3.01e-27	106
WP_232298199.1	MER0001233|M16.A05|M16B	26.2	22.1	88.8	225	1.72e-13	68.2
WP_232298199.1	MER0015259|M16.017|M16A	31.6	17.7	77.8	171	1.92e-13	67.4
WP_232298199.1	MER0001229|M16.003|M16B	25.4	22.1	95.4	213	2.07e-13	67.4
WP_232298199.1	MER0043985|M16.980|M16B	25.4	22.1	87.7	213	2.85e-13	67.4
WP_232298199.1	MER0014333|M16.A03|M16B	30.4	21.6	86.4	217	1.07e-12	65.9
WP_232298199.1	MER0188967|M16.A18|M16C	25.0	27.2	60.8	280	9.36e-12	65.1
WP_232298199.1	MER0122186|M16.A14|M16A	28.7	19.8	92.5	195	1.46e-11	61.6
WP_232298199.1	MER0011096|M16.A01|M16A	28.1	19.6	89.6	196	4.89e-10	57.4
WP_232298199.1	MER0011744|M16.A02|M16A	27.8	19.8	90.6	198	8.90e-10	56.6
WP_232298199.1	MER0026957|M16.977|M16B	21.3	20.3	89.9	197	1.06e-08	53.5
WP_232298199.1	MER0003448|M16.016|M16B	25.7	22.0	89.9	210	2.16e-08	52.8
WP_232298199.1	MER0015090|M16.975|M16B	23.9	18.7	78.8	180	2.84e-08	52.4
WP_232298199.1	MER0001218|M16.008|M16A	27.6	18.0	84.0	185	3.21e-08	52.0
WP_232298199.1	MER0003543|M16.973|M16B	21.2	20.1	84.1	193	2.25e-07	49.7
WP_232298199.1	MER0001222|M16.001|M16A	25.1	21.2	96.7	211	1.98e-06	46.6
WP_232298199.1	MER0024891|M16.A22|M16C	28.3	16.2	47.5	166	7.98e-06	45.8
WP_232298199.1	MER0004423|M16.A20|M16B	29.6	16.4	64.9	159	3.24e-05	43.1
WP_232298199.1	MER0092828|M16.015|M16B	21.5	14.5	90.4	144	2.24e-04	39.7
WP_232298199.1	MER0011292|M16.A07|M16A	23.4	19.8	91.4	222	4.63e-04	39.7
WP_232298199.1	MER0035181|M16.A21|M16B	28.2	12.3	46.8	117	4.71e-04	39.7
WP_232298324.1	MER0001920|S09.A77|S09C	32.5	91.7	91.9	231	1.34e-31	113
WP_232298324.1	MER0003558|S09.A83|S09C	30.4	92.6	85.4	224	1.95e-30	110
WP_232298324.1	MER0015682|S09.074|S09C	30.8	91.7	70.3	224	1.86e-29	109
WP_232298324.1	MER0140224|S09.B03|S09X	29.5	90.1	92.9	224	7.67e-27	100
WP_232298324.1	MER0018170|S09.057|S09C	29.3	89.7	88.1	225	3.10e-22	89.0
WP_232298324.1	MER0005807|S09.070|S09C	29.6	91.7	75.6	233	4.50e-21	86.3
WP_232298324.1	MER0000408|S09.004|S09C	24.9	92.1	90.1	229	1.61e-20	84.3
WP_232298324.1	MER0016096|S09.056|S09C	21.8	92.1	93.0	229	2.55e-17	75.5
WP_232298324.1	MER0195666|S09.073|S09B	28.4	87.2	87.1	218	2.18e-15	70.1
WP_232298324.1	MER0034615|S09.075|S09C	23.9	88.8	88.6	218	2.36e-15	70.1
WP_232298324.1	MER0004923|S09.019|S09B	28.0	93.0	77.6	236	7.12e-15	69.3
WP_232298324.1	MER0005994|S09.A03|S09B	27.7	90.1	82.1	224	3.59e-14	67.0
WP_232298324.1	MER0011413|S09.016|S09B	27.1	81.4	81.2	203	9.81e-14	65.5
WP_232298324.1	MER0004921|S09.A75|S09B	27.0	80.2	80.6	196	2.47e-13	64.3
WP_232298324.1	MER0000263|S09.012|S09C	23.6	89.3	90.5	220	6.66e-13	63.2
WP_232298324.1	MER0013484|S09.018|S09B	27.0	91.7	92.5	233	8.92e-13	62.8
WP_232298324.1	MER0015621|S09.A02|S09A	35.1	38.4	31.3	94	2.02e-12	62.4
WP_232298324.1	MER0005196|S09.017|S09B	25.8	93.0	88.0	229	2.55e-12	61.6
WP_232298324.1	MER0001423|S09.013|S09B	23.7	93.4	95.7	236	2.90e-12	61.2
WP_232298324.1	MER0079308|S09.033|S09A	25.9	91.3	81.8	239	5.85e-12	60.8
WP_232298324.1	MER0022823|S09.B02|S09A	26.7	69.0	62.1	180	6.06e-12	60.8
WP_232298324.1	MER0002490|S09.A01|S09A	35.1	38.4	30.5	94	1.78e-11	59.7
WP_232298324.1	MER0192427|S09.A96|S09C	30.5	49.6	44.1	128	2.35e-10	56.2
WP_232298324.1	MER0981959|S09.078|S09A	26.4	62.0	56.2	159	4.39e-10	55.5
WP_232298324.1	MER0000392|S09.001|S09A	33.0	38.4	33.2	94	8.03e-10	54.7
