gene_id,logFC,AveExpr,pvalue,padj,Assay,contrast1
ACZ81_RS00005,0.424885741876522,4661.89608143276,0.1830432982186391,0.3697732691103627,RNA,A3vsA1_rna
ACZ81_RS00010,-0.0893105905496367,2059.3914137885563,0.7302108282791652,0.8531176013558562,RNA,A3vsA1_rna
ACZ81_RS00015,-0.1371244089610018,557.1271017274662,0.6782159042766793,0.8194980507871561,RNA,A3vsA1_rna
ACZ81_RS00020,-0.3778619507942948,3109.651933699262,0.2660633617485086,0.4704457690363793,RNA,A3vsA1_rna
ACZ81_RS00025,0.8404175625968299,160.5452115198893,0.0009351091887915248,0.0104212724039766,RNA,A3vsA1_rna
ACZ81_RS00030,0.2398794204922558,2892.2392833721387,0.5878677185515178,0.7571509749048762,RNA,A3vsA1_rna
ACZ81_RS00035,0.5461266495431756,1662.4070368377895,0.0444785066065583,0.1483356346679235,RNA,A3vsA1_rna
ACZ81_RS00040,0.0159848167207462,258.53012275560167,0.948682466215297,0.975840704744052,RNA,A3vsA1_rna
ACZ81_RS00045,-0.6211117796922592,892.2474602287139,0.0603193488012514,0.1832293101542364,RNA,A3vsA1_rna
ACZ81_RS00050,0.289143524518729,964.303048675474,0.3677576481107492,0.5804221377823705,RNA,A3vsA1_rna
ACZ81_RS00055,1.7085655701545712,424.2322444295289,4.072380403659179e-06,0.00018998128115675148,RNA,A3vsA1_rna
ACZ81_RS00060,-0.145089761385727,3386.553316232701,0.5269745449190704,0.7159572889317001,RNA,A3vsA1_rna
ACZ81_RS00065,-0.5835574743193721,984.317160815007,0.0054505730980092,0.0357900151705613,RNA,A3vsA1_rna
ACZ81_RS00070,1.0665363939000636,1441.6967365650412,0.0123753080946108,0.0630072792837291,RNA,A3vsA1_rna
ACZ81_RS00075,-0.014434047214984,696.7404360344724,0.9357560997349668,0.9705282098644562,RNA,A3vsA1_rna
ACZ81_RS00080,0.3403445975273329,466.4416786304536,0.1672877290961787,0.3471144133939108,RNA,A3vsA1_rna
ACZ81_RS00085,0.2540166959901969,462.5721350081219,0.2909877051272056,0.4999288685856216,RNA,A3vsA1_rna
ACZ81_RS00090,-0.3443985795044323,531.7858593561232,0.3804374098052738,0.5920538743750035,RNA,A3vsA1_rna
ACZ81_RS00095,-1.0063983942310746,1291.6300194768455,0.0006621138441738273,0.0082241509065801,RNA,A3vsA1_rna
ACZ81_RS00100,-2.273703628218352,5101.493465766092,2.4563395930876942e-11,6.605573023220695e-09,RNA,A3vsA1_rna
ACZ81_RS00105,-0.3124767400635694,1556.081876129771,0.4405110079826027,0.6488831275940526,RNA,A3vsA1_rna
ACZ81_RS00110,-0.6987920824873689,613.575593861557,0.0444621938762987,0.1483356346679235,RNA,A3vsA1_rna
ACZ81_RS00115,-0.695651097893797,3014.3512628209605,0.0041948574070162,0.0293713227171889,RNA,A3vsA1_rna
ACZ81_RS00120,0.0739040478241511,255.4590279754597,0.811048168115436,0.8986261393203892,RNA,A3vsA1_rna
ACZ81_RS00125,0.707424988349132,196.9206399808533,0.0207157609893615,0.0893673474078695,RNA,A3vsA1_rna
ACZ81_RS00130,0.4249358140301163,158.70564873644452,0.1858279539952791,0.3730244077147136,RNA,A3vsA1_rna
ACZ81_RS00135,-2.3482716311204386,287.94847033631896,0.0403376142297023,0.1395125071461773,RNA,A3vsA1_rna
ACZ81_RS00140,-0.5388129737526913,87.95332994412374,0.0324559960990757,0.1209759435180767,RNA,A3vsA1_rna
ACZ81_RS00145,0.2017068260507629,214.7079769439887,0.4657748218047322,0.6695408760589702,RNA,A3vsA1_rna
ACZ81_RS00150,0.3459765822305155,475.3645439551685,0.0743904595755428,0.2101252799626492,RNA,A3vsA1_rna
ACZ81_RS00155,-0.1795845042168089,388.5406480708241,0.466604300975649,0.6700746758814843,RNA,A3vsA1_rna
ACZ81_RS00180,-1.284527727252741,83.06394679967222,0.0436923960703778,0.1468916223385235,RNA,A3vsA1_rna
ACZ81_RS00185,0.0815149755006968,146.32040671107194,0.7744957756245325,0.879097923204759,RNA,A3vsA1_rna
ACZ81_RS00190,-1.0989799814772916,152.9795615675542,0.0008912179834069118,0.0102159044269386,RNA,A3vsA1_rna
ACZ81_RS00195,-0.1364788046638677,125.44152045513596,0.624809964459734,0.7828662015654131,RNA,A3vsA1_rna
ACZ81_RS00200,0.6822115814167697,153.6092224492428,0.0670862052839838,0.1958878133910795,RNA,A3vsA1_rna
ACZ81_RS00205,0.5907772645149552,258.04984908791573,0.1580870514187126,0.3361130102235691,RNA,A3vsA1_rna
ACZ81_RS00210,-0.4351225886877986,131.17694763852066,0.1346071076583533,0.3047650767072876,RNA,A3vsA1_rna
ACZ81_RS00215,-0.1249775210805206,562.7279291514704,0.6633685005961794,0.811165627672012,RNA,A3vsA1_rna
ACZ81_RS00220,-0.3460814781664902,69.56860381538597,0.2728081312032288,0.4779503154529929,RNA,A3vsA1_rna
ACZ81_RS00225,0.2395791582091345,1219.9736127505785,0.4508519748349109,0.6572169443569282,RNA,A3vsA1_rna
ACZ81_RS00230,-0.4049925771876404,656.8374852753045,0.1591531480823412,0.3368193986527136,RNA,A3vsA1_rna
ACZ81_RS00235,-0.1373256485592333,1076.058944981807,0.5117879712246225,0.7055990861007511,RNA,A3vsA1_rna
ACZ81_RS00240,-0.0881965493361031,120.08726277533192,0.7131423374683155,0.8438360468625283,RNA,A3vsA1_rna
ACZ81_RS00245,-0.2682870042116969,13866.363026558374,0.4844977902550299,0.6839567679462281,RNA,A3vsA1_rna
ACZ81_RS00250,0.7894666179014221,251.94275716051257,0.0492306199473021,0.1583907355481766,RNA,A3vsA1_rna
ACZ81_RS00255,0.2588319400313532,112.06646700724454,0.5129855632859084,0.7070072414644674,RNA,A3vsA1_rna
ACZ81_RS00260,-0.1526179582206466,377.1285487408503,0.5764886706933757,0.7516647860974401,RNA,A3vsA1_rna
ACZ81_RS00265,0.8743311273339737,5242.482040030117,0.0764174814941285,0.2129311724349911,RNA,A3vsA1_rna
ACZ81_RS00270,0.7889539806054103,2516.352591078579,0.1349806848391779,0.3049225830939086,RNA,A3vsA1_rna
ACZ81_RS00275,-0.5859305221273758,345.68062363758327,0.0806479453743789,0.2200199427813675,RNA,A3vsA1_rna
ACZ81_RS00280,-0.5919477409267866,382.1429805793016,0.0078911989169872,0.046150860138415,RNA,A3vsA1_rna
ACZ81_RS00285,0.6918050307401321,275.99563765803885,0.0086353229463042,0.0491417243412379,RNA,A3vsA1_rna
ACZ81_RS00290,-0.719250450821028,219.6856865350664,0.0295259392830304,0.112389773157308,RNA,A3vsA1_rna
ACZ81_RS00295,-0.3821328251357142,288.05231975857134,0.0896394404770467,0.2355046185904513,RNA,A3vsA1_rna
ACZ81_RS00300,-0.0094632023779308,612.4321337778085,0.968369294301994,0.9859983902026366,RNA,A3vsA1_rna
ACZ81_RS00305,0.3047360792647329,517.2613444994904,0.2832373084449268,0.4904393964096013,RNA,A3vsA1_rna
ACZ81_RS00310,0.3381373000671039,3845.429327987116,0.1830319054143255,0.3697732691103627,RNA,A3vsA1_rna
ACZ81_RS00315,0.5458769907624641,3128.9408886356264,0.0991492576521715,0.2504954796602722,RNA,A3vsA1_rna
ACZ81_RS00320,0.5869346093725993,796.266971982868,0.0225225633328466,0.0944206103358211,RNA,A3vsA1_rna
ACZ81_RS00325,0.92086806944614,246.067596261958,0.0012879827608266,0.0132158231110912,RNA,A3vsA1_rna
ACZ81_RS00330,-0.158934091716844,516.9041780137908,0.668951139672322,0.8142340116424154,RNA,A3vsA1_rna
ACZ81_RS00335,-0.3938101161137081,240.3320428142352,0.1047053164691684,0.2586685527551132,RNA,A3vsA1_rna
ACZ81_RS00340,-0.3310339872191484,232.49788225746263,0.3571237085736377,0.570710984810073,RNA,A3vsA1_rna
ACZ81_RS00345,0.2046923520582824,175.72517122303077,0.7548466617211215,0.8678774439993032,RNA,A3vsA1_rna
ACZ81_RS00350,0.5861680451716356,461.0219458681487,0.0169421864823102,0.0775936668573387,RNA,A3vsA1_rna
ACZ81_RS00355,0.1676582873605554,3194.804882229915,0.3584636277777505,0.5719065600500246,RNA,A3vsA1_rna
ACZ81_RS00360,-0.3289932391312146,656.928307133229,0.4162449903214407,0.6255426022724279,RNA,A3vsA1_rna
ACZ81_RS00370,-0.187006856457069,94.53129545700656,0.5912696274934451,0.7587227344776863,RNA,A3vsA1_rna
ACZ81_RS00375,-2.1715849229242274,13.756901065059974,0.0066050663022039,0.0406215081384977,RNA,A3vsA1_rna
ACZ81_RS00380,0.5336645386422445,93.42496569111594,0.1610050603979932,0.3387269545447031,RNA,A3vsA1_rna
ACZ81_RS00385,-0.565796177828551,131.5679646133276,0.1338946787106552,0.3034946050774851,RNA,A3vsA1_rna
ACZ81_RS00390,0.2913438440080211,82.78152585036624,0.3633022309418913,0.5760328892232727,RNA,A3vsA1_rna
ACZ81_RS00395,0.4872323033305625,60.29149226639222,0.3970351641037375,0.608429442789683,RNA,A3vsA1_rna
ACZ81_RS00400,0.1838720329132183,862.9442520704338,0.6122594642990555,0.772814397527293,RNA,A3vsA1_rna
ACZ81_RS00405,0.585765321280352,514.3431252969833,0.0269006763185224,0.1058093268528548,RNA,A3vsA1_rna
ACZ81_RS00420,-0.8250945862031286,82.96760438220124,0.1643014534985595,0.3424298345123225,RNA,A3vsA1_rna
ACZ81_RS00425,0.3096100055419951,235.20834326608127,0.2092170669661794,0.4025797950447539,RNA,A3vsA1_rna
ACZ81_RS00430,-1.0242604708039948,885.0669744192894,0.0651352123027423,0.1921488762930898,RNA,A3vsA1_rna
ACZ81_RS00435,1.1525437643502123,4038.217547675053,0.0573952576669255,0.1770166094662502,RNA,A3vsA1_rna
ACZ81_RS00440,1.4328422138612429,4166.891534491862,0.0055994247297526,0.0364098736074027,RNA,A3vsA1_rna
ACZ81_RS00445,-1.5524711217851328,372.3222588411072,0.0009979674203072094,0.010939468006209,RNA,A3vsA1_rna
ACZ81_RS00450,-0.7956943140225489,135.2230638906304,0.0039159216817684,0.0281049692079699,RNA,A3vsA1_rna
ACZ81_RS00455,-0.0586296690811232,433.19632844377054,0.8940515095818927,0.9487834835492562,RNA,A3vsA1_rna
ACZ81_RS00460,-0.4260453608970971,483.0030335055264,0.3004314588054026,0.5100850667487412,RNA,A3vsA1_rna
ACZ81_RS00465,-0.247286345061017,287.27023141496863,0.61235717092205,0.772814397527293,RNA,A3vsA1_rna
ACZ81_RS00470,-0.7092841504108387,304.0521602227928,0.1228253925712895,0.2876681114979648,RNA,A3vsA1_rna
ACZ81_RS00475,0.3334793572760965,52.14527333365326,0.4237564946224288,0.6329527388031216,RNA,A3vsA1_rna
ACZ81_RS00480,0.3850488118715673,18.41859924430889,0.5548783270530527,0.7357575002693942,RNA,A3vsA1_rna
ACZ81_RS00485,1.0782130881054854,1.519234663945611,0.6149357660699427,0.7743635572732612,RNA,A3vsA1_rna
ACZ81_RS00490,0.4660522901749173,16.790488087703125,0.5262294207272422,0.7151871395520649,RNA,A3vsA1_rna
ACZ81_RS00495,0.3157724075846369,81.92925587342182,0.5800198807932344,0.7526995896237546,RNA,A3vsA1_rna
ACZ81_RS00500,0.1537362996867544,221.35822335840157,0.7161487504872275,0.8457985039175941,RNA,A3vsA1_rna
ACZ81_RS00505,-0.2619641050629323,1131.741578399235,0.2486599163004367,0.4505461264179805,RNA,A3vsA1_rna
ACZ81_RS00510,-0.5867675451004755,1960.8590665003237,0.0042144434749216,0.0294570509083371,RNA,A3vsA1_rna
ACZ81_RS00515,-0.5560449829055862,914.948277276994,0.0178100491830814,0.080466123110949,RNA,A3vsA1_rna
ACZ81_RS00520,-0.1919143462141803,1007.313643334394,0.6142558966822732,0.7740352282779134,RNA,A3vsA1_rna
ACZ81_RS00525,-1.234099643597032,393.3929157611526,0.0008548896490665064,0.009970399046671,RNA,A3vsA1_rna
ACZ81_RS00530,0.2502825863582451,359.1632347163572,0.4148367729652008,0.6245122450793191,RNA,A3vsA1_rna
ACZ81_RS00535,-0.6639181391628158,1886.9415435254095,0.0155118840698925,0.0725334252778661,RNA,A3vsA1_rna
ACZ81_RS00540,0.4715299513946607,3013.5326890717483,0.2507933682256149,0.4533865075574561,RNA,A3vsA1_rna
ACZ81_RS00545,-0.2032440141649724,1901.1196369185625,0.485018007026132,0.6842096498554296,RNA,A3vsA1_rna
ACZ81_RS00550,0.6011818654715875,526.818635330733,0.061005691560368,0.1840261913836065,RNA,A3vsA1_rna
ACZ81_RS00555,0.4297833110663398,846.4198085843552,0.1650466815284268,0.3434477625996102,RNA,A3vsA1_rna
ACZ81_RS00560,0.3886501129716007,323.1190459401692,0.2323588251752945,0.4303894767328171,RNA,A3vsA1_rna
ACZ81_RS00565,-0.9344024162980206,994.3850689206204,0.0204412393704578,0.0889482129655932,RNA,A3vsA1_rna
ACZ81_RS00570,-0.6759587535186546,1254.3056211372102,0.0673590918237682,0.1965415828341513,RNA,A3vsA1_rna
ACZ81_RS00575,-1.6153534664031692,4391.230052207237,2.858405087825497e-05,0.0008076000853771757,RNA,A3vsA1_rna
ACZ81_RS00580,-1.1088268293883186,3319.9077352524823,0.000678448028723879,0.0083239556307039,RNA,A3vsA1_rna
ACZ81_RS00585,-0.235906769368074,407.933180297431,0.3353680046443159,0.5476175965132256,RNA,A3vsA1_rna
ACZ81_RS00590,-0.6559870198757273,631.7503368184688,0.0007897217998645366,0.0093654697926505,RNA,A3vsA1_rna
ACZ81_RS00595,0.173548688130594,369.13198443363046,0.4875512214624412,0.6857263404083765,RNA,A3vsA1_rna
ACZ81_RS00600,0.2350963174682092,21.69905535183419,0.7219742504491446,0.8494312882117209,RNA,A3vsA1_rna
ACZ81_RS00605,2.2351922098278947,61.96037289056295,1.405500764455572e-05,0.0004699057555829796,RNA,A3vsA1_rna
ACZ81_RS00610,0.9434404668472663,280.6689887899975,0.0129014121416718,0.0649276369902255,RNA,A3vsA1_rna
ACZ81_RS00615,-0.3927229350718236,131.01300852789623,0.271188676622856,0.4761527223680081,RNA,A3vsA1_rna
ACZ81_RS00620,-0.0404812448401325,91.49178933528198,0.9347367927400134,0.9705282098644562,RNA,A3vsA1_rna
ACZ81_RS00625,-0.6873959691362129,186.2169049971166,0.0928891823177845,0.2415239141017183,RNA,A3vsA1_rna
ACZ81_RS00630,0.4687435463102951,310.45498277225323,0.2625344071788913,0.4670900406216018,RNA,A3vsA1_rna
ACZ81_RS00635,1.0337277615310296,101.59205556182692,0.03756748470948,0.1337513707546604,RNA,A3vsA1_rna
ACZ81_RS00640,1.372867208994329,95.780669882624,0.0015634546882493,0.015006172749417,RNA,A3vsA1_rna
ACZ81_RS00645,0.3987042982133477,78.6256623367854,0.4177024369010162,0.6262414711684892,RNA,A3vsA1_rna
ACZ81_RS00650,1.2131970465581,210.50944234382476,0.0004802727363304476,0.0063803119806548,RNA,A3vsA1_rna
ACZ81_RS00655,0.7155614394921066,299.0481167512662,0.0165253522827208,0.0759446888410952,RNA,A3vsA1_rna
ACZ81_RS00660,0.9493999560070876,338.0270556344574,2.9970006779492064e-05,0.0008349976888841817,RNA,A3vsA1_rna
ACZ81_RS00665,-0.6861082648228717,134.63086963215443,0.1328101034944176,0.3018890284530331,RNA,A3vsA1_rna
ACZ81_RS00670,-1.1851648475065617,667.508374030011,0.0095859492891495,0.0526537015268808,RNA,A3vsA1_rna
ACZ81_RS00675,0.1391719174673312,123.8324715077422,0.6633593636866928,0.811165627672012,RNA,A3vsA1_rna
ACZ81_RS00680,-0.9865829423899826,727.2465686024341,0.0083083055824981,0.0478234174992574,RNA,A3vsA1_rna
ACZ81_RS00685,-0.6529122688225725,40.70143695012266,0.1353500318049816,0.3050698469671833,RNA,A3vsA1_rna
ACZ81_RS00690,0.321315671200568,37.80687709233189,0.6184931910003321,0.7773792864327482,RNA,A3vsA1_rna
ACZ81_RS00695,0.9761143333986568,53.70187911381038,0.1711080050956298,0.3525861923182675,RNA,A3vsA1_rna
ACZ81_RS00700,0.3888454485035051,577.5202316689155,0.1601227250510083,0.3378202456089449,RNA,A3vsA1_rna
ACZ81_RS00705,-0.3329609174627282,107.44342690417776,0.3004312092211457,0.5100850667487412,RNA,A3vsA1_rna
ACZ81_RS00710,-0.4724951089198261,1167.3460346594995,0.2142878471611193,0.4074740494552663,RNA,A3vsA1_rna
ACZ81_RS00715,0.358019185359696,976.15362704979,0.1877428156261146,0.3754856312522293,RNA,A3vsA1_rna
ACZ81_RS00720,-0.2726185283131393,538.6353849972538,0.4802581761320273,0.6798155165861001,RNA,A3vsA1_rna
ACZ81_RS00725,0.251095955501614,828.0304502044837,0.4153819409656528,0.6250249379266671,RNA,A3vsA1_rna
ACZ81_RS00730,0.4364791542983183,360.8388848978414,0.2327795873230422,0.4307710813376594,RNA,A3vsA1_rna
ACZ81_RS00735,-0.2015392246763574,107.64746866027798,0.7702332831005914,0.8779896221114805,RNA,A3vsA1_rna
ACZ81_RS00740,-0.1692616598025123,37.593600050558464,0.7582658439005762,0.8701526533144286,RNA,A3vsA1_rna
ACZ81_RS00745,-0.8197887547308063,1103.595743929824,0.0277826630866748,0.1081125550957704,RNA,A3vsA1_rna
ACZ81_RS00750,-0.5899192141884755,156.5506263249851,0.2227267595035859,0.4181468222407051,RNA,A3vsA1_rna
ACZ81_RS00755,-0.96673981951669,1744.6536093271866,0.0804498062000212,0.2200199427813675,RNA,A3vsA1_rna
ACZ81_RS00760,-1.2969871591079751,898.6195844767584,0.0046679148009571,0.03179571168326,RNA,A3vsA1_rna
ACZ81_RS00765,-0.7475628766206227,264.2425793949584,0.0073265989488978,0.0440034655433804,RNA,A3vsA1_rna
ACZ81_RS00770,0.2743065520775836,29.20332709590881,0.6505600282100721,0.801611435251477,RNA,A3vsA1_rna
ACZ81_RS00775,-0.3139962760427814,389.9528282998672,0.1633131894252613,0.3413445777951848,RNA,A3vsA1_rna
ACZ81_RS00780,0.6496432038209096,597.1255530412118,0.008224259479634,0.0474781640641054,RNA,A3vsA1_rna
ACZ81_RS00785,0.1377582579246889,270.9878980637537,0.6053889031743407,0.7688573217902674,RNA,A3vsA1_rna
ACZ81_RS00790,0.0729885289987527,972.1007906721636,0.7341300630193544,0.8559517038168118,RNA,A3vsA1_rna
ACZ81_RS00795,0.8180995583001125,131.4935759736591,0.0452135187951196,0.1500921789622849,RNA,A3vsA1_rna
ACZ81_RS00800,0.2925161817879103,551.0632251001902,0.3881922936184637,0.6006276444262539,RNA,A3vsA1_rna
ACZ81_RS00805,0.1345420557563562,1565.551239802686,0.572875701683808,0.7493894082671788,RNA,A3vsA1_rna
ACZ81_RS00810,0.2701398853073931,940.1013192327214,0.2841517759465495,0.4913866056454986,RNA,A3vsA1_rna
ACZ81_RS00815,-0.5182831717323667,0.7697567338223308,0.8651725071813307,0.934234838526674,RNA,A3vsA1_rna
ACZ81_RS00820,-0.7656837145361434,738.184372484125,0.0151162648683507,0.0713088963363328,RNA,A3vsA1_rna
ACZ81_RS00825,-0.2837323396533479,47.57560194718479,0.622516128964719,0.7809677015029557,RNA,A3vsA1_rna
ACZ81_RS00830,0.2358953123618807,132.4086351680665,0.4328055450230653,0.6426409499010133,RNA,A3vsA1_rna
ACZ81_RS00835,-0.2300904074861465,419.3101702225,0.2153773045120258,0.4093291073909273,RNA,A3vsA1_rna
ACZ81_RS00840,0.0053250866214365,582.815680329011,0.981707211714328,0.9906168312812172,RNA,A3vsA1_rna
ACZ81_RS00845,0.5998185898474627,1149.7947949897336,0.0148722439422294,0.0712268792985376,RNA,A3vsA1_rna
ACZ81_RS00850,0.3947416924787936,107.27681997357038,0.1303177620036028,0.2979116017996892,RNA,A3vsA1_rna
ACZ81_RS00855,-0.9632669458199452,458.941775222014,0.00293779356864,0.0224931828194346,RNA,A3vsA1_rna
ACZ81_RS00860,2.1883520729643635,27.02717365648966,0.0095784325246871,0.0526537015268808,RNA,A3vsA1_rna
ACZ81_RS00865,-1.1911823141413251,1802.993681252128,0.0040879162351985,0.0288237608710306,RNA,A3vsA1_rna
ACZ81_RS00870,-0.2142796546216776,899.8749940704527,0.521231684431103,0.7115282470015601,RNA,A3vsA1_rna
ACZ81_RS00875,0.6047794036093446,510.1081258504885,0.0252934810788146,0.1019447397581828,RNA,A3vsA1_rna
ACZ81_RS00880,0.3578765487219006,350.6995120484381,0.0910349936053552,0.2376268017857418,RNA,A3vsA1_rna
ACZ81_RS00885,-0.644526058167425,1017.605965491804,0.0073203280994263,0.0440034655433804,RNA,A3vsA1_rna
ACZ81_RS00890,0.4096586731850182,1419.9990070750127,0.3571922439825756,0.570710984810073,RNA,A3vsA1_rna
ACZ81_RS00895,0.8074653896412161,3017.481133984874,0.0011653382972445,0.0122153226215338,RNA,A3vsA1_rna
ACZ81_RS00900,0.9138127158828844,102.33410659504224,0.000678409240205635,0.0083239556307039,RNA,A3vsA1_rna
ACZ81_RS00905,0.2045551613665769,229.85215259950104,0.4715066393292763,0.6739168639077509,RNA,A3vsA1_rna
ACZ81_RS00910,-0.5437360770821874,479.3985258576184,0.0009298124650172056,0.0104201329878464,RNA,A3vsA1_rna
ACZ81_RS00915,-0.1134822945628913,255.1023648728962,0.6710422613319311,0.8148370316173449,RNA,A3vsA1_rna
ACZ81_RS00920,0.4325535096753917,9.928712518607773,0.5826886669082149,0.7543552538353526,RNA,A3vsA1_rna
ACZ81_RS00925,0.1965138832741033,46.40112740234897,0.6168120962304753,0.7759956506982336,RNA,A3vsA1_rna
ACZ81_RS00930,0.2657768934315901,290.8188936102805,0.352116594724227,0.5648507709050775,RNA,A3vsA1_rna
ACZ81_RS00935,0.075397795267079,2305.259775908215,0.6744937904334027,0.8172966134759322,RNA,A3vsA1_rna
ACZ81_RS00940,0.6958104616304421,770.0574713486878,0.0141917634541692,0.0686192315711672,RNA,A3vsA1_rna
ACZ81_RS00945,0.3331333594933516,204.55185641070472,0.1600712597082473,0.3378202456089449,RNA,A3vsA1_rna
ACZ81_RS00950,0.8789059135223268,75.12740123313573,0.1587728166245452,0.3367936237450576,RNA,A3vsA1_rna
ACZ81_RS00955,0.1749895807350351,749.6593111908493,0.3409353183577039,0.5540026315314329,RNA,A3vsA1_rna
ACZ81_RS00960,-0.3970433161120236,680.0132112302413,0.0546923237514177,0.1710254114502634,RNA,A3vsA1_rna
ACZ81_RS00965,0.137299063346853,318.36348929548336,0.6319847493555133,0.787302378921489,RNA,A3vsA1_rna
ACZ81_RS00970,-0.8961587878005844,334.74473016269724,0.1004470788833529,0.2524384067736068,RNA,A3vsA1_rna
ACZ81_RS00975,-0.985759692643003,446.9218354187496,0.0357306433732981,0.1286816348417165,RNA,A3vsA1_rna
ACZ81_RS00980,0.4659570041967307,721.1833046116999,0.0333733761995426,0.1237143989799852,RNA,A3vsA1_rna
ACZ81_RS00985,-0.8929818423416378,7909.126845128379,0.0034497181853407,0.0256301284436795,RNA,A3vsA1_rna
ACZ81_RS00990,0.7242498459840673,103.9242283299924,0.1075102998787345,0.2631673722473966,RNA,A3vsA1_rna
ACZ81_RS00995,-0.3932903313549847,167.799545195757,0.3514227906458406,0.5645539620572164,RNA,A3vsA1_rna
ACZ81_RS01000,0.0439129674166075,332.2601150188848,0.9267891087229568,0.9676750251390462,RNA,A3vsA1_rna
ACZ81_RS01005,-0.3658685935170975,265.7988818210293,0.3586532664720493,0.5719065600500246,RNA,A3vsA1_rna
ACZ81_RS01010,-0.8584608148277041,3816.810347477886,0.1482617268744485,0.3217014863279003,RNA,A3vsA1_rna
ACZ81_RS01015,-0.0728511298082802,908.7089390285396,0.8987018305734481,0.9510925202481334,RNA,A3vsA1_rna
ACZ81_RS01020,-0.3159257167380331,356.8326509564665,0.3657960051410676,0.5782616365665609,RNA,A3vsA1_rna
ACZ81_RS01025,-0.4407838115021431,959.6164349555896,0.3597085486166378,0.5724335431576038,RNA,A3vsA1_rna
ACZ81_RS01030,0.4214463066606823,131.18289404505003,0.2024115873798054,0.3944027627818259,RNA,A3vsA1_rna
ACZ81_RS01035,-1.1990200847493633,102.40147303814004,0.0009418433628489245,0.0104672453511077,RNA,A3vsA1_rna
ACZ81_RS01040,-0.8290710112737507,1124.160775326538,0.045012423911475,0.1496187611705368,RNA,A3vsA1_rna
ACZ81_RS01045,-1.1224425743606152,310.85693585740034,0.0159281020522053,0.0741340434262737,RNA,A3vsA1_rna
ACZ81_RS01050,-0.906611531177196,178.09084859299898,0.0520040533041696,0.1645427932620887,RNA,A3vsA1_rna
ACZ81_RS01055,-1.0091326333417532,99.9501365198749,0.090154006305859,0.2359412089361426,RNA,A3vsA1_rna
ACZ81_RS01060,-0.7452068945647342,428.3038507549759,0.0494057831533954,0.1586997614182725,RNA,A3vsA1_rna
ACZ81_RS01065,-0.4470971954827679,170.10743172603205,0.3306462656564841,0.5427793853575346,RNA,A3vsA1_rna
ACZ81_RS01070,-0.2264000521172461,146.9469789300277,0.516893501752983,0.7094686038429585,RNA,A3vsA1_rna
ACZ81_RS01075,-0.039567601464104,308.5145955074943,0.9164577672506086,0.9615137453476572,RNA,A3vsA1_rna
ACZ81_RS01080,-0.4199868859051506,578.711899363997,0.4359758823340345,0.6447236416970684,RNA,A3vsA1_rna
ACZ81_RS01085,-0.8085439659908747,751.4665363829833,0.0233402744142049,0.0966369256447783,RNA,A3vsA1_rna
ACZ81_RS01090,-0.8454981244686032,1009.3552763996132,0.0041373049108945,0.0290189987806101,RNA,A3vsA1_rna
ACZ81_RS01095,-0.7985962615412598,926.6679607244336,0.0136872532529623,0.0672956618270647,RNA,A3vsA1_rna
ACZ81_RS01100,-0.3110480545216332,259.4561968253279,0.4906203285138383,0.6876386126072349,RNA,A3vsA1_rna
ACZ81_RS01105,-0.0236572229574384,123.32060872142884,0.9618785495825292,0.9827893058314808,RNA,A3vsA1_rna
ACZ81_RS01110,-0.4274389854296203,261.84738680025254,0.221008697660257,0.4164804579675674,RNA,A3vsA1_rna
ACZ81_RS01115,0.4314670819968349,130.57103054882305,0.3668073944718215,0.5791543749000189,RNA,A3vsA1_rna
ACZ81_RS01120,0.3121408902131185,502.80173516752143,0.2347098696611836,0.4331444328797924,RNA,A3vsA1_rna
ACZ81_RS01125,0.2867147079230833,2090.585971642995,0.1324244796178515,0.3011831135072678,RNA,A3vsA1_rna
ACZ81_RS01130,0.8893497807772767,280.449880807231,0.0023024512521293,0.019007066715109,RNA,A3vsA1_rna
ACZ81_RS01135,0.458758100869891,102.53451457068302,0.1485420049180434,0.3219613850519667,RNA,A3vsA1_rna
ACZ81_RS01140,0.472919844279596,107.19804875888484,0.1590056397209626,0.3368193986527136,RNA,A3vsA1_rna
ACZ81_RS01145,-2.112868366333902,2468.434942180892,0.000181876733956154,0.0032003923536495,RNA,A3vsA1_rna
ACZ81_RS01150,-1.4863282741113395,3621.5560842075074,0.00018010064215997256,0.0032003923536495,RNA,A3vsA1_rna
ACZ81_RS01155,-0.9993305999399869,2529.680644940986,0.0028266740855806,0.021974981710045,RNA,A3vsA1_rna
ACZ81_RS01160,-0.4181061812920957,3993.3305735473423,0.005634181106468,0.0365175033911953,RNA,A3vsA1_rna
ACZ81_RS01165,-0.0089925537863449,219.76204034281477,0.9721731190681492,0.9874325452408644,RNA,A3vsA1_rna
ACZ81_RS01170,0.2763593404036638,505.3352991226943,0.2311511059056117,0.4289446054085634,RNA,A3vsA1_rna
ACZ81_RS01175,-0.1715614294444046,2629.375393643367,0.4010347390734003,0.6122341602596965,RNA,A3vsA1_rna
ACZ81_RS01180,-0.3090111830893089,100.69443771265782,0.4612624951940312,0.6662682151074996,RNA,A3vsA1_rna
ACZ81_RS01185,0.2344816007668686,621.3853675577591,0.5057136477845859,0.7005950120551654,RNA,A3vsA1_rna
ACZ81_RS01190,-0.4115063287246017,4094.735721562221,0.0455191912209167,0.1505200130694025,RNA,A3vsA1_rna
ACZ81_RS01195,-0.0333913608223609,1627.2989150507929,0.8732049084887002,0.9378269561379222,RNA,A3vsA1_rna
ACZ81_RS01200,0.4924146143881458,809.5913761501874,0.064474999506374,0.190762314173726,RNA,A3vsA1_rna
ACZ81_RS01205,0.7864840811243843,440.0081000242449,0.1545069041043666,0.3309565933084457,RNA,A3vsA1_rna
ACZ81_RS01210,0.6094535761047819,884.6703727597655,0.0495229018555276,0.1589487057955016,RNA,A3vsA1_rna
ACZ81_RS01215,0.3009686185602527,437.899495226041,0.1637584713154307,0.3418308985002644,RNA,A3vsA1_rna
ACZ81_RS01220,0.4099354949957446,274.0476443001934,0.2270259560521442,0.4240354449167611,RNA,A3vsA1_rna
ACZ81_RS01225,0.116093266869236,200.89346405905243,0.7866708750526485,0.8833259307895959,RNA,A3vsA1_rna
ACZ81_RS01235,-0.220962867615901,658.4725664256796,0.3757888494529459,0.5873256190125513,RNA,A3vsA1_rna
ACZ81_RS01240,1.0090215484301837,99.5175026064648,0.0257095068437496,0.1030434979591645,RNA,A3vsA1_rna
ACZ81_RS01245,0.187683776234367,503.2787869134482,0.4458761923254168,0.6532549871131255,RNA,A3vsA1_rna
ACZ81_RS01250,0.4878580369035586,292.81179335048466,0.0584742126731699,0.1789111868391058,RNA,A3vsA1_rna
ACZ81_RS01255,-0.0133660776836522,655.2144667417633,0.9704719252984572,0.9862039929831332,RNA,A3vsA1_rna
ACZ81_RS01260,-0.3186157664796869,231.19527620025715,0.3582517743236019,0.5719065600500246,RNA,A3vsA1_rna
ACZ81_RS01265,0.4157897212627054,114.53361887656408,0.2090667610797802,0.4025797950447539,RNA,A3vsA1_rna
ACZ81_RS01280,-0.2962952446861677,351.3485762614596,0.3558218709730319,0.5692014937574976,RNA,A3vsA1_rna
ACZ81_RS01285,1.127547527721581,193.11539427348688,0.013276275989821,0.0659213109791607,RNA,A3vsA1_rna
ACZ81_RS01290,0.1861891065855643,145.7729790834809,0.5885044060474339,0.7572062286943088,RNA,A3vsA1_rna
ACZ81_RS01295,0.2299982083850262,40.20912901843799,0.7071459394930804,0.8403860065363167,RNA,A3vsA1_rna
ACZ81_RS01300,-0.2974702478593835,15.261711495980704,0.7398984287194653,0.8586845519301404,RNA,A3vsA1_rna
ACZ81_RS01305,-0.1351629454988133,9.150220126223202,0.8648686704883497,0.934234838526674,RNA,A3vsA1_rna
ACZ81_RS01310,0.0039187449566429,32.548983292693535,0.9922210524275812,0.9964247010540052,RNA,A3vsA1_rna
ACZ81_RS01315,-1.075594799045969,10.9280254064016,0.0371514491280333,0.1328445756699373,RNA,A3vsA1_rna
ACZ81_RS01320,-0.763409946924262,94.55307866755268,0.1467808778321649,0.3200398245619404,RNA,A3vsA1_rna
ACZ81_RS01325,-1.5546112903862002,293.97360452280674,9.008951290092066e-09,1.0039975715513717e-06,RNA,A3vsA1_rna
ACZ81_RS01340,0.1404280210480472,29.80594956013917,0.7817240354957891,0.8812241726353205,RNA,A3vsA1_rna
ACZ81_RS01350,0.244282077632649,107.9729760373606,0.5549357417286109,0.7357575002693942,RNA,A3vsA1_rna
ACZ81_RS01355,0.0691149065630159,100.576127110209,0.894227820566965,0.9487834835492562,RNA,A3vsA1_rna
ACZ81_RS01360,-0.5165921012941537,102.23398713599958,0.2906144362770736,0.4995480369938386,RNA,A3vsA1_rna
ACZ81_RS01365,-0.1763539834475039,316.4581286721631,0.6068712988252447,0.7697874126382592,RNA,A3vsA1_rna
ACZ81_RS01370,-0.3673293631355982,159.30740398452264,0.5087991394731031,0.7039005860839587,RNA,A3vsA1_rna
ACZ81_RS01375,-0.6365040359241672,203.76548387292823,0.1618930488673254,0.3400601633799526,RNA,A3vsA1_rna
ACZ81_RS01380,-0.8368778393051239,361.5602265405402,0.0227716447808168,0.0950928089608827,RNA,A3vsA1_rna
ACZ81_RS01385,-1.333795821558579,277.989143715666,0.0015762059824335,0.0150129882192427,RNA,A3vsA1_rna
ACZ81_RS01390,-0.6999777392731482,223.7371861596284,0.0279205324641858,0.1083065156639207,RNA,A3vsA1_rna
ACZ81_RS01405,-0.9202246880724314,4330.4130965011855,0.0160777316184549,0.0747437534800014,RNA,A3vsA1_rna
ACZ81_RS01410,0.034608969115647,787.6600711195557,0.9284383368092132,0.9682932572558218,RNA,A3vsA1_rna
ACZ81_RS01415,0.4772486694722829,1579.5643396162532,0.3071932884763492,0.5174053204731793,RNA,A3vsA1_rna
ACZ81_RS01420,0.8412700486720521,355.1770695842404,0.061744714826112,0.1855578995373494,RNA,A3vsA1_rna
ACZ81_RS01430,1.4634174225519552,468.31638565345503,0.0059337597463256,0.0378477648684554,RNA,A3vsA1_rna
ACZ81_RS01435,1.5462759885501376,201.5478891675529,0.0038806837749769,0.0279076429905081,RNA,A3vsA1_rna
ACZ81_RS01440,1.3750806485997562,221.85057303654293,0.0011105989659498,0.0118904258427488,RNA,A3vsA1_rna
ACZ81_RS01445,-1.2011431068014833,1767.6992643322462,0.0642055619001691,0.1902457269892752,RNA,A3vsA1_rna
ACZ81_RS01450,-2.1648425800951308,490.78422726967057,0.0021494329445844,0.0183479254758992,RNA,A3vsA1_rna
ACZ81_RS01455,-2.5705754535741736,1309.1450642127036,5.139509447685016e-05,0.0012508744034001,RNA,A3vsA1_rna
ACZ81_RS01460,-2.646727167800813,123.1688092213594,6.253038159840206e-05,0.0014417924768551,RNA,A3vsA1_rna
ACZ81_RS01465,-2.5955070711695183,1238.0563305449602,3.95530189274334e-06,0.00018891275230578905,RNA,A3vsA1_rna
ACZ81_RS01475,-1.3150907605020672,165.94621442754232,0.0080758395964842,0.0468889558047681,RNA,A3vsA1_rna
ACZ81_RS01480,-0.6069092345380113,351.41114675107383,0.0681846976184426,0.1985174215132017,RNA,A3vsA1_rna
ACZ81_RS01485,-0.7280340784245253,363.9415993234412,0.0535227416838829,0.1680228792141926,RNA,A3vsA1_rna
ACZ81_RS01490,0.4570577733291912,4481.4993945378,0.3173117566724804,0.5286772291403619,RNA,A3vsA1_rna
ACZ81_RS01495,-0.0791796078737203,239.70636336371024,0.7372860659044957,0.8583841254813804,RNA,A3vsA1_rna
ACZ81_RS01505,0.8120259035334363,435.46056856989287,0.0108341289418472,0.05749791991581,RNA,A3vsA1_rna
ACZ81_RS01510,0.0735595024579646,916.1150268514142,0.7820583328531419,0.8813533796086532,RNA,A3vsA1_rna
ACZ81_RS01515,-0.0045328208868185,281.44233608772515,0.9847117616687604,0.9921304841323622,RNA,A3vsA1_rna
ACZ81_RS01520,0.0429528100094729,162.74971345562568,0.815075145955557,0.9016215118593524,RNA,A3vsA1_rna
ACZ81_RS01525,0.1174060528743561,96.77376957780092,0.7712117463356726,0.878362783909477,RNA,A3vsA1_rna
ACZ81_RS01530,1.1652329933463834,169.64900147454046,0.0043540608970955,0.0302223050504278,RNA,A3vsA1_rna
ACZ81_RS01535,-0.4140072861338257,103.7680983775419,0.3731843736985827,0.585536060726912,RNA,A3vsA1_rna
ACZ81_RS01540,0.0306948640344147,668.9049257178553,0.8932635473504478,0.9487834835492562,RNA,A3vsA1_rna
ACZ81_RS01545,1.2995375441137107,34.79868391070035,0.012659062511609,0.0639649355120597,RNA,A3vsA1_rna
ACZ81_RS01550,0.2637038162035648,481.0870343965528,0.4757514183248452,0.6766684288289677,RNA,A3vsA1_rna
ACZ81_RS01555,-0.3044854115001099,625.5501100683297,0.1967486892679351,0.3880834349515709,RNA,A3vsA1_rna
ACZ81_RS01560,-0.7945305371509978,1422.2414880101323,0.0329897892026345,0.1225509576675648,RNA,A3vsA1_rna
ACZ81_RS01565,-0.7446653471091796,825.3000418538866,0.1329710979885608,0.3020838307644994,RNA,A3vsA1_rna
ACZ81_RS01570,-0.4551948220794478,401.1639669936835,0.2009174007593651,0.3924847552433556,RNA,A3vsA1_rna
ACZ81_RS01575,0.3185405814464994,253.8124343972607,0.4431861304036722,0.6505901043467007,RNA,A3vsA1_rna
ACZ81_RS01580,-0.035380344430162,612.073522437001,0.907502911861219,0.9556172394717088,RNA,A3vsA1_rna
ACZ81_RS01585,0.5896173496208,216.09072211948208,0.2662966952845507,0.4704457690363793,RNA,A3vsA1_rna
ACZ81_RS01590,1.033249628446559,244.79531686840815,0.0265766808721353,0.1052086485250952,RNA,A3vsA1_rna
ACZ81_RS01595,-0.4141066760164082,479.3665405076229,0.3313050119949424,0.543416070369464,RNA,A3vsA1_rna
ACZ81_RS01625,0.1887203821520041,2716.0921721899285,0.5089358853590921,0.7039005860839587,RNA,A3vsA1_rna
ACZ81_RS01630,0.5683551901356872,1247.7313622123088,0.1197351824468537,0.283074573940352,RNA,A3vsA1_rna
ACZ81_RS01635,-0.6368712139866144,56.87461021846564,0.1040642756649566,0.2581978193987669,RNA,A3vsA1_rna
ACZ81_RS01640,-1.5167364523785298,33151.13741026872,0.0001810135521344316,0.0032003923536495,RNA,A3vsA1_rna
ACZ81_RS01645,0.9017258287336803,160.1531485224058,0.0119288644353001,0.0617530375669989,RNA,A3vsA1_rna
ACZ81_RS01650,-0.0467741867645879,1171.841020539622,0.862251736589862,0.9329433568496566,RNA,A3vsA1_rna
ACZ81_RS01655,2.766000875291926,7616.40639913937,5.09083017727798e-11,1.0212205335619626e-08,RNA,A3vsA1_rna
ACZ81_RS01660,2.2314011927614232,8345.818399342766,3.179971530713612e-07,2.4534703425428863e-05,RNA,A3vsA1_rna
ACZ81_RS01665,1.6134415932719606,4909.1594484356165,0.0027142358704682,0.0213519888476832,RNA,A3vsA1_rna
ACZ81_RS01670,1.6693712122068851,2501.4370470503454,0.0050803314643471,0.0338576243105659,RNA,A3vsA1_rna
ACZ81_RS01675,1.637911975088996,7007.028118145328,0.0088307527900207,0.0498442080957487,RNA,A3vsA1_rna
ACZ81_RS01680,1.490599582735752,2186.443250884472,0.0062396318967412,0.0392989060749227,RNA,A3vsA1_rna
ACZ81_RS01685,1.4624428316781368,2571.9536587891976,0.0038814717818303,0.0279076429905081,RNA,A3vsA1_rna
ACZ81_RS01690,1.4148274111163786,6033.246522986519,0.0063147357106692,0.0393421479766671,RNA,A3vsA1_rna
ACZ81_RS01695,1.4064291425345352,2727.3893024886106,0.0023553945202896,0.0193248319333377,RNA,A3vsA1_rna
ACZ81_RS01700,1.2124520430740464,1134.0882446907085,0.0056854280519379,0.0367309780102658,RNA,A3vsA1_rna
ACZ81_RS01705,1.3919439140682164,1151.7284201471482,0.0112559504109003,0.0591859410858876,RNA,A3vsA1_rna
ACZ81_RS01710,-1.1273046818856192,883.037461075675,0.0238086560830685,0.0977748594728333,RNA,A3vsA1_rna
ACZ81_RS01715,0.1252349148660853,248.3617153163554,0.63368766712008,0.788063420041719,RNA,A3vsA1_rna
ACZ81_RS01720,0.3775749995881581,1033.449048921225,0.1397340687039544,0.3104169898340339,RNA,A3vsA1_rna
ACZ81_RS01725,0.6390459846870349,687.6228969961016,0.0655901479713991,0.1926966230016461,RNA,A3vsA1_rna
ACZ81_RS01730,-1.144633393459134,5949.928992700555,0.0423231799540977,0.1441431222205772,RNA,A3vsA1_rna
ACZ81_RS01735,-0.3455783647495413,516.7862591659728,0.1837426654727109,0.3704684899036469,RNA,A3vsA1_rna
ACZ81_RS01740,-0.4313312691502916,1374.8108318422858,0.2027159917465235,0.39480415479954,RNA,A3vsA1_rna
ACZ81_RS01745,2.289044030177527,0.6050845591464443,0.5184098580136952,0.7103348191089294,RNA,A3vsA1_rna
ACZ81_RS01750,1.0673483116445663,32.45870185469638,0.1292630501819524,0.296344775617139,RNA,A3vsA1_rna
ACZ81_RS01755,0.571834806239232,48.37582125532221,0.3551363583539001,0.5685582879951506,RNA,A3vsA1_rna
ACZ81_RS01760,1.135701559074534,147.8736431005528,0.0025191303380488,0.0201374554365892,RNA,A3vsA1_rna
ACZ81_RS01765,-0.3078658843962744,895.6429575608844,0.2470186492826212,0.4490434168200618,RNA,A3vsA1_rna
ACZ81_RS01770,0.3973808901650811,429.7579174642454,0.0587004365495735,0.1793649287409664,RNA,A3vsA1_rna
ACZ81_RS01775,0.2975257922465674,184.2772665324139,0.4166232364078125,0.6257927459633635,RNA,A3vsA1_rna
ACZ81_RS01780,-0.3380051084239416,1010.0060537839794,0.1854818532119167,0.3726355508694091,RNA,A3vsA1_rna
ACZ81_RS01785,-0.2098720515809821,839.0683563387571,0.5306890345613398,0.7183280724224342,RNA,A3vsA1_rna
ACZ81_RS01790,-1.4360702597639516,9362.403399173028,0.0108346030549233,0.05749791991581,RNA,A3vsA1_rna
ACZ81_RS01795,0.4067449412613962,358.0422045319385,0.0205382305243579,0.0891474463223609,RNA,A3vsA1_rna
ACZ81_RS01800,-0.1983779999047092,159.87966441049684,0.4934999535343655,0.6898682277281792,RNA,A3vsA1_rna
ACZ81_RS01805,-0.0221445237522352,173.08603301989416,0.9496089659576988,0.9763790803234976,RNA,A3vsA1_rna
ACZ81_RS01810,-0.4748277918378256,347.47683510708987,0.2366113143524572,0.4356514883809354,RNA,A3vsA1_rna
ACZ81_RS01815,-0.2403389266321303,285.7416516622142,0.8430693027637369,0.9206298428655724,RNA,A3vsA1_rna
ACZ81_RS01820,0.5554277673766344,526.876657321752,0.3009240150601607,0.5104041330731693,RNA,A3vsA1_rna
ACZ81_RS01825,-0.0176641213747413,668.6451996503591,0.9464031877931008,0.9751993012419264,RNA,A3vsA1_rna
ACZ81_RS01830,-0.6620654781153207,553.79182048282,0.0257033345050158,0.1030434979591645,RNA,A3vsA1_rna
ACZ81_RS01835,-0.4494206609244615,177.85686669133105,0.3751564895014272,0.5873256190125513,RNA,A3vsA1_rna
ACZ81_RS01840,0.1231607694920787,908.2576481516796,0.7301129319829298,0.8531176013558562,RNA,A3vsA1_rna
ACZ81_RS01845,0.5957781625457762,831.8536560606448,0.130472822149587,0.298096220082086,RNA,A3vsA1_rna
ACZ81_RS01850,-0.8886477011458093,206.5539752649701,0.0398016968741674,0.1381353009162282,RNA,A3vsA1_rna
ACZ81_RS01855,-0.0925043036194215,370.7541682104484,0.7853990234632351,0.8821535080164173,RNA,A3vsA1_rna
ACZ81_RS01860,-0.2032357723691168,574.9315329515774,0.4415073151287543,0.6491307263227183,RNA,A3vsA1_rna
ACZ81_RS01865,-0.9185395322166042,1627.3052412143174,0.0350214412287157,0.1272699476536301,RNA,A3vsA1_rna
ACZ81_RS01870,0.2208402622790585,591.94442651599,0.3462408067956591,0.5605578155577361,RNA,A3vsA1_rna
ACZ81_RS01875,-0.256495251623566,796.4300008189288,0.2384449280937684,0.4380224594836076,RNA,A3vsA1_rna
ACZ81_RS01880,-1.212828859760182,1115.473825743319,0.0017790487938475,0.0162246938227356,RNA,A3vsA1_rna
ACZ81_RS01885,-0.5854556947594762,1558.9169652964931,0.052101102872532,0.164719956441764,RNA,A3vsA1_rna
ACZ81_RS01890,-0.4062574791344709,1941.8068872303625,0.4161569498156917,0.6255426022724279,RNA,A3vsA1_rna
ACZ81_RS01895,-0.6096866523062392,6440.468253176364,0.2684126229736133,0.472864780874074,RNA,A3vsA1_rna
ACZ81_RS01900,-0.7523054297043185,4574.694437879677,0.1147876560615577,0.2752734129518491,RNA,A3vsA1_rna
ACZ81_RS01905,-0.8172088919855466,16521.701466594295,0.0381670268103714,0.1342034281886153,RNA,A3vsA1_rna
ACZ81_RS01910,-1.1595166789190603,1035.758494289728,0.0011113932430286,0.0118904258427488,RNA,A3vsA1_rna
ACZ81_RS01915,0.0438872724948164,48.48499991937091,0.9271542364492756,0.9676750251390462,RNA,A3vsA1_rna
ACZ81_RS01920,0.3744785173597342,736.1759533268676,0.4442905374731367,0.651972800417785,RNA,A3vsA1_rna
ACZ81_RS01925,0.089186561850012,1646.6784340822614,0.7036439832743754,0.836946238036405,RNA,A3vsA1_rna
ACZ81_RS01930,-0.0506378164511557,952.1994795381856,0.9290895971488188,0.9686869708318764,RNA,A3vsA1_rna
ACZ81_RS01935,0.4512917067260212,2748.403719276841,0.1196952704834073,0.283074573940352,RNA,A3vsA1_rna
ACZ81_RS01940,0.7687928671611197,970.2601892624264,0.003992577298595,0.0284515455097042,RNA,A3vsA1_rna
ACZ81_RS01945,0.4209110695772546,287.4380321098837,0.1098348005603964,0.2673259769713953,RNA,A3vsA1_rna
ACZ81_RS01950,-0.5316966404580762,546.9127778751829,0.1476245162822691,0.3209563773301543,RNA,A3vsA1_rna
ACZ81_RS01955,0.1225946617676137,1430.127246916585,0.6845054551814189,0.8238201872528363,RNA,A3vsA1_rna
ACZ81_RS01960,0.5390693522684563,2850.493041062296,0.0980176463456668,0.2488903779359592,RNA,A3vsA1_rna
ACZ81_RS01965,-0.579571495466423,618.2474052290576,0.1940324339170479,0.3848038185245657,RNA,A3vsA1_rna
ACZ81_RS01970,-0.8252450325721356,105.94979843677189,0.2172460446331742,0.4119050713933341,RNA,A3vsA1_rna
ACZ81_RS01975,-1.1511610205176297,169.75578703245156,0.0833199475833512,0.2248013649659752,RNA,A3vsA1_rna
ACZ81_RS01980,-0.896931318554552,221.88267442233592,0.1188269660328655,0.2820909986531696,RNA,A3vsA1_rna
ACZ81_RS01985,-0.3675161184280003,1474.0460818023105,0.4905442791398348,0.6876386126072349,RNA,A3vsA1_rna
ACZ81_RS01990,-0.0729140206593828,819.9211878933789,0.7244762650829406,0.8503608799754446,RNA,A3vsA1_rna
ACZ81_RS01995,0.5332345541931649,1171.566065122976,0.0154453380766783,0.0723910004248056,RNA,A3vsA1_rna
ACZ81_RS02000,2.3263607242479933,151.6526200978472,0.0857722708821381,0.229106758175192,RNA,A3vsA1_rna
ACZ81_RS02005,0.4352701787105109,447.6706350160604,0.253230965565105,0.4559695939932991,RNA,A3vsA1_rna
ACZ81_RS02010,-2.625078967593439,2844.49286953872,7.9631936383677e-06,0.0003042698369250592,RNA,A3vsA1_rna
ACZ81_RS02015,-7.770996145861759,26024.486684719137,3.577652331805001e-14,1.7941926444002078e-11,RNA,A3vsA1_rna
ACZ81_RS02020,-1.0559304873603357,724.0568830307803,0.0114987128860594,0.0601471135578492,RNA,A3vsA1_rna
ACZ81_RS02025,0.2790400457844,283.4612233937253,0.5665152457858404,0.7439077910666114,RNA,A3vsA1_rna
ACZ81_RS02030,-0.40815759095998,52.401446250427774,0.3904271903081847,0.6024591875063219,RNA,A3vsA1_rna
ACZ81_RS02035,0.3277947847161334,425.2408458535771,0.3796422796490737,0.5911706940339986,RNA,A3vsA1_rna
ACZ81_RS02040,0.0944062735806332,1248.1075671665333,0.7725846657370963,0.878362783909477,RNA,A3vsA1_rna
ACZ81_RS02045,-0.154088467602053,1353.2620245407325,0.6751528973188359,0.817370464745075,RNA,A3vsA1_rna
ACZ81_RS02050,-0.5685760362390828,659.1953915880817,0.1177073354610263,0.2800959845015645,RNA,A3vsA1_rna
ACZ81_RS02055,-0.0199906677571471,433.2928529152035,0.9590977367958328,0.9812767577253484,RNA,A3vsA1_rna
ACZ81_RS02060,-0.1218608289627783,478.3281261981236,0.8226089201495785,0.9066688501276184,RNA,A3vsA1_rna
ACZ81_RS02065,-0.5163278563392132,467.83325913315866,0.2005028884216705,0.3920163685905176,RNA,A3vsA1_rna
ACZ81_RS02070,-1.3633619545819389,101.05639332968887,0.000828420052790614,0.0097181907947249,RNA,A3vsA1_rna
ACZ81_RS02075,0.7195738801808087,9.774822937248556,0.4600691520971986,0.6652833976983824,RNA,A3vsA1_rna
ACZ81_RS02080,1.0727047946459758,21.496390987541552,0.0756548202596915,0.2121084129153615,RNA,A3vsA1_rna
ACZ81_RS02085,-0.4170171773808718,459.4615677031186,0.1396982929648219,0.3104169898340339,RNA,A3vsA1_rna
ACZ81_RS02090,-0.6344889446070957,225.4530621007903,0.0506228052483919,0.1617027823698633,RNA,A3vsA1_rna
ACZ81_RS02095,-0.5290228814929101,174.50131714515192,0.0536743781049114,0.1683671657208012,RNA,A3vsA1_rna
ACZ81_RS02100,0.3020512120254636,404.6392460673416,0.1195435469522145,0.283074573940352,RNA,A3vsA1_rna
ACZ81_RS02105,-0.0726059989135503,355.6856634907772,0.7483813895465964,0.8641658353084065,RNA,A3vsA1_rna
ACZ81_RS02110,-0.0537687579530092,30.74470591175779,0.9309573240733908,0.9693747168913688,RNA,A3vsA1_rna
ACZ81_RS02115,0.3625028893812848,93.23382916330044,0.2675785797643134,0.4720867467081905,RNA,A3vsA1_rna
ACZ81_RS02120,-0.239067009676774,17.5822271592751,0.6545709979505092,0.8041606764279404,RNA,A3vsA1_rna
ACZ81_RS02130,-0.4316679582314017,575.3373019722079,0.400668493299655,0.6121331950079776,RNA,A3vsA1_rna
ACZ81_RS02135,0.4482858639132115,857.1086142453969,0.3575329508586942,0.571027945400112,RNA,A3vsA1_rna
ACZ81_RS02140,0.0685961826865362,1304.5070689103902,0.8866498800790548,0.9463259693740804,RNA,A3vsA1_rna
ACZ81_RS02145,-0.0935775349934338,865.695714888415,0.8263081965502364,0.909755347025123,RNA,A3vsA1_rna
ACZ81_RS02150,0.6872678482377361,641.0866265016799,0.1210710950000496,0.2853920288720324,RNA,A3vsA1_rna
ACZ81_RS02155,-0.4415964901829293,509.8070302030978,0.0849218189852981,0.2275587678483994,RNA,A3vsA1_rna
ACZ81_RS02160,0.026100307006684,108.7927786764634,0.9575316539004466,0.9810053614526536,RNA,A3vsA1_rna
ACZ81_RS02165,-0.6067529140151703,2389.0270121942926,0.2216630917320388,0.4166379745652712,RNA,A3vsA1_rna
ACZ81_RS02170,0.5623111169599315,189.0748758383023,0.0276898628155376,0.1078560481708126,RNA,A3vsA1_rna
ACZ81_RS02175,0.6910547757462041,185.3693524326774,0.0846433936017021,0.227290298880657,RNA,A3vsA1_rna
ACZ81_RS02180,0.5452394601279981,1028.3165093978391,0.025708047525092,0.1030434979591645,RNA,A3vsA1_rna
ACZ81_RS02185,-0.3437799555994769,1667.7281111565983,0.065376592489979,0.192447817688483,RNA,A3vsA1_rna
ACZ81_RS02190,-0.6679936626898023,1121.4700381129023,0.1005032739109445,0.2524384067736068,RNA,A3vsA1_rna
ACZ81_RS02205,0.3991898211147188,1154.6966843904852,0.2487436864446228,0.4505461264179805,RNA,A3vsA1_rna
ACZ81_RS02215,-0.7074479457367131,519.900256721826,0.1627494956201082,0.3411246651969404,RNA,A3vsA1_rna
ACZ81_RS02220,0.1463604898919058,653.0388707353229,0.7395926829082712,0.8585780798113379,RNA,A3vsA1_rna
ACZ81_RS02225,-0.3406471480020187,2244.4802091028128,0.4616270736776231,0.6662682151074996,RNA,A3vsA1_rna
ACZ81_RS02230,-0.220515889253877,289.3266381123664,0.6601461535588565,0.808704234527674,RNA,A3vsA1_rna
ACZ81_RS02235,-0.8466218393955232,243.10537894684757,0.0041202559536344,0.0289500295726468,RNA,A3vsA1_rna
ACZ81_RS02240,-0.4554066118344207,798.2863133721931,0.3845580460610572,0.5961541270467395,RNA,A3vsA1_rna
ACZ81_RS02245,-0.2170032575431942,577.6772452591233,0.6034032245931636,0.7678739907063693,RNA,A3vsA1_rna
ACZ81_RS02250,-0.3704245300336559,284.629510696806,0.1074778665806999,0.2631673722473966,RNA,A3vsA1_rna
ACZ81_RS02255,-2.073265115752041,1780.5917156457188,4.869423220362418e-05,0.0012193392879315,RNA,A3vsA1_rna
ACZ81_RS02260,-1.434651573463401,607.6440001865311,0.00135652141914,0.0137087252735258,RNA,A3vsA1_rna
ACZ81_RS02265,-0.5906260045462226,458.8607929133669,0.1052879124915339,0.2598410008907004,RNA,A3vsA1_rna
ACZ81_RS02270,0.0178488421380521,507.7314783680178,0.9559720699788826,0.9808529731579112,RNA,A3vsA1_rna
ACZ81_RS02275,0.5497250995594055,616.9934546167515,0.0379867632653097,0.1340394848024827,RNA,A3vsA1_rna
ACZ81_RS02280,0.5758862595672422,1810.1653260284636,0.0750816854050499,0.2111900375406326,RNA,A3vsA1_rna
ACZ81_RS02285,0.2177186064112472,1763.668144447959,0.5780528939441374,0.7524815738169627,RNA,A3vsA1_rna
ACZ81_RS02290,1.2757565934512456,2329.703903549963,1.704039904653846e-05,0.0005469286477976984,RNA,A3vsA1_rna
ACZ81_RS02295,0.6587039562229682,837.3303889928585,0.0123620840880221,0.0630072792837291,RNA,A3vsA1_rna
ACZ81_RS02300,0.0394518017187214,309.87927909763374,0.8488223934964116,0.9241453033127826,RNA,A3vsA1_rna
ACZ81_RS02305,-1.5537882796795293,7176.564113441123,0.0012435862004203,0.0128589377218721,RNA,A3vsA1_rna
ACZ81_RS02310,0.1747924183386709,820.6230490937387,0.6142891741866591,0.7740352282779134,RNA,A3vsA1_rna
ACZ81_RS02315,0.2784415748165441,1596.9986193912114,0.5025613118299402,0.6971951884202274,RNA,A3vsA1_rna
ACZ81_RS02325,0.1640003954895749,524.6689977959983,0.3974787339597939,0.6086582750559898,RNA,A3vsA1_rna
ACZ81_RS02330,-5.685547326457203,30211.04482952921,1.9427712234487828e-21,7.794398148476517e-18,RNA,A3vsA1_rna
ACZ81_RS02335,-2.2874656759413647,1579.0941373510225,1.236113117520335e-10,2.254220830677993e-08,RNA,A3vsA1_rna
ACZ81_RS02340,0.5127608481717105,778.9245156294477,0.1516307205724695,0.3256651236278092,RNA,A3vsA1_rna
ACZ81_RS02345,-0.3977416746563436,491.0677693381744,0.0725338020431162,0.2060946273349733,RNA,A3vsA1_rna
ACZ81_RS02350,-0.0012184283328326,500.9973556270502,0.99639226343323,0.997779627553224,RNA,A3vsA1_rna
ACZ81_RS02355,-0.8630314249711966,2612.653882570605,0.0660532434834485,0.1938592632447664,RNA,A3vsA1_rna
ACZ81_RS02360,-0.1709630181871264,1720.933665845779,0.3845320480818218,0.5961541270467395,RNA,A3vsA1_rna
ACZ81_RS02365,0.7142947247235558,63.72882175696445,0.2100289654583092,0.4031752198175773,RNA,A3vsA1_rna
ACZ81_RS02370,1.1999393928025486,3890.151792394178,0.0011225084381332,0.0119456335644308,RNA,A3vsA1_rna
ACZ81_RS02375,0.0928955916588061,2447.127998541515,0.729257883202401,0.8531176013558562,RNA,A3vsA1_rna
ACZ81_RS02380,0.3703404373696842,794.1844859891248,0.0418647329880743,0.1431805161803937,RNA,A3vsA1_rna
ACZ81_RS02385,-1.1703166673549972,60.644059316944336,0.0530996452650613,0.1669559379337196,RNA,A3vsA1_rna
ACZ81_RS02390,-0.6563962974207203,134.14196329420628,0.0839067344406651,0.2262324049569547,RNA,A3vsA1_rna
ACZ81_RS02395,0.3962830032651071,420.6940331831999,0.2572938674382239,0.4612435192860387,RNA,A3vsA1_rna
ACZ81_RS02400,0.446745593551746,422.5549505501763,0.1357889491734144,0.3058872903333737,RNA,A3vsA1_rna
ACZ81_RS02405,0.1295615310311437,171.74940112710263,0.6483184559969217,0.7993403950398433,RNA,A3vsA1_rna
ACZ81_RS02410,-0.223881773900713,66.49839020136231,0.492324233457656,0.6887046110990641,RNA,A3vsA1_rna
ACZ81_RS02415,0.2488615834397743,74.41480038870766,0.4511404448551795,0.6572169443569282,RNA,A3vsA1_rna
ACZ81_RS02420,0.6401100921375851,136.38781020536408,0.0135305648394272,0.0670180569577556,RNA,A3vsA1_rna
ACZ81_RS02425,0.3293169645086484,837.8248300050772,0.0633661601946761,0.1891555317716075,RNA,A3vsA1_rna
ACZ81_RS02430,-0.0599098749115619,174.8964167521322,0.926474561209786,0.9676750251390462,RNA,A3vsA1_rna
ACZ81_RS02435,-0.0418951900251357,211.0150817432326,0.9050765671457012,0.9541142407601456,RNA,A3vsA1_rna
ACZ81_RS02440,-0.1835712994605384,238.28328896619635,0.5573367933207147,0.7377219448375808,RNA,A3vsA1_rna
ACZ81_RS02450,2.02996937206922,626.8696338436433,7.182364835039432e-06,0.0002825063501782177,RNA,A3vsA1_rna
ACZ81_RS02455,1.4630105196421397,512.3180567827804,1.936297256432006e-05,0.0006116869758114337,RNA,A3vsA1_rna
ACZ81_RS02460,0.2201915977277081,563.9144795860955,0.4994580898724146,0.694567021340772,RNA,A3vsA1_rna
ACZ81_RS02465,0.1999145831353148,163.1411462837099,0.4339938907187941,0.6429401099534372,RNA,A3vsA1_rna
ACZ81_RS02470,-1.1022634499655106,814.782895017107,0.0163174152153925,0.0753253875095358,RNA,A3vsA1_rna
ACZ81_RS02475,-1.5452116726704728,4582.660800004723,0.0027641335855855,0.0216173566186532,RNA,A3vsA1_rna
ACZ81_RS02480,-1.2689085505593969,259.95492945463207,0.0006348759840777444,0.0079796080977426,RNA,A3vsA1_rna
ACZ81_RS02485,0.0976388712255198,191.80052182572763,0.7149139391603414,0.8448408612404388,RNA,A3vsA1_rna
ACZ81_RS02490,0.7267501222037103,119.1312341612481,0.1314880803394827,0.2995628497001729,RNA,A3vsA1_rna
ACZ81_RS02495,0.2523228468063311,344.4167212597736,0.4532288094180295,0.6595407991966393,RNA,A3vsA1_rna
ACZ81_RS02500,-0.5167149156564315,344.1556117569424,0.033395487062643,0.1237143989799852,RNA,A3vsA1_rna
ACZ81_RS02505,-0.5585371488744612,469.2244842212807,0.1014015907442848,0.2537618512702113,RNA,A3vsA1_rna
ACZ81_RS02510,0.017316790654861,180.5138562375746,0.9543209951532472,0.980284360578768,RNA,A3vsA1_rna
ACZ81_RS02515,-0.2589376227793012,57.884432565632025,0.4316581880330197,0.6416497407886163,RNA,A3vsA1_rna
ACZ81_RS02520,0.6731747544490295,90.9104737957914,0.0308671112261851,0.1164993887483111,RNA,A3vsA1_rna
ACZ81_RS02525,0.3767248490639855,122.74458139705072,0.4542593465681377,0.6600827593014736,RNA,A3vsA1_rna
ACZ81_RS02535,0.6034359320181827,914.2249561590072,0.1489231248208989,0.3222651438950629,RNA,A3vsA1_rna
ACZ81_RS02540,-0.5782703232335601,108.2969642805588,0.1026419510277975,0.2556173231058496,RNA,A3vsA1_rna
ACZ81_RS02545,0.1702595354409603,119.7520939312904,0.5415246695686782,0.7271074211209962,RNA,A3vsA1_rna
ACZ81_RS02550,-0.354652713685196,270.8137408787323,0.1373460371471792,0.3069817833061186,RNA,A3vsA1_rna
ACZ81_RS02555,-0.0417742951204506,292.5704964097481,0.8755711206538039,0.939249020337717,RNA,A3vsA1_rna
ACZ81_RS02560,-0.2494791041071018,28.77482627492021,0.6245172941969599,0.7827439501150276,RNA,A3vsA1_rna
ACZ81_RS02565,-0.0243876878842142,128.85634782200282,0.9338320560407732,0.9705282098644562,RNA,A3vsA1_rna
ACZ81_RS02580,0.6544285717813363,49.85051043603911,0.0761654671000021,0.2127965557139334,RNA,A3vsA1_rna
ACZ81_RS02585,-1.018658412605157,43.56488534230278,0.0864450758785791,0.2301360431983082,RNA,A3vsA1_rna
ACZ81_RS02590,-0.7750653258426855,233.28083353608253,0.0230437585816399,0.0958047247974501,RNA,A3vsA1_rna
ACZ81_RS02610,-0.0596082362585667,112.98177704732016,0.8291010168495065,0.911579413428397,RNA,A3vsA1_rna
ACZ81_RS02615,-0.4366457524734307,135.45594871120502,0.0696516619085268,0.2015279895217597,RNA,A3vsA1_rna
ACZ81_RS02620,0.723616558402708,58.13231510836073,0.0728794104007155,0.206783730217589,RNA,A3vsA1_rna
ACZ81_RS02625,0.0789780939012319,177.96676267175974,0.7505035730676912,0.8647387521963175,RNA,A3vsA1_rna
ACZ81_RS02635,-0.3174116847455797,164.89494969206197,0.4979843959047126,0.6934791379277012,RNA,A3vsA1_rna
ACZ81_RS02640,0.9187636214434782,21.0252043291539,0.2056116007862283,0.398236729545217,RNA,A3vsA1_rna
ACZ81_RS02645,0.2575066580816782,4843.071903483577,0.5195536565971737,0.7104462407184257,RNA,A3vsA1_rna
ACZ81_RS02650,0.0635854254307643,12895.047986998788,0.9151927264499072,0.960940386945048,RNA,A3vsA1_rna
ACZ81_RS02655,-0.0591095337365554,4181.034651814151,0.7999087670869561,0.8917015764248035,RNA,A3vsA1_rna
ACZ81_RS02660,-0.0850041979895782,2581.7951815089414,0.6099895417689682,0.771349914369938,RNA,A3vsA1_rna
ACZ81_RS02665,-0.0135925456769976,210.96114493997848,0.9745851723607094,0.9883681023553356,RNA,A3vsA1_rna
ACZ81_RS02670,0.3312653682143461,1060.3606073110875,0.322809482346751,0.5347281763729005,RNA,A3vsA1_rna
ACZ81_RS02675,1.0174869096341534,8624.187058431135,0.0095936829053215,0.0526537015268808,RNA,A3vsA1_rna
ACZ81_RS02680,0.8165678085315009,6636.3030234914495,0.0344850310524077,0.1264964133027271,RNA,A3vsA1_rna
ACZ81_RS02685,-1.0349593711770575,5498.099413224773,0.0031860341480638,0.0239889621371223,RNA,A3vsA1_rna
ACZ81_RS02690,-1.4914538917055091,185.87477473788323,0.0074957972286169,0.0447484114255001,RNA,A3vsA1_rna
ACZ81_RS02695,-2.0847129605533463,418.18290225894816,0.0149882703443814,0.0712268792985376,RNA,A3vsA1_rna
ACZ81_RS02700,-2.315415322350788,320.3865354531412,0.0075596660515427,0.0449258172333897,RNA,A3vsA1_rna
ACZ81_RS02705,-2.572441188037366,429.7295937501454,0.0006090427238890195,0.0078568469718416,RNA,A3vsA1_rna
ACZ81_RS02710,0.5071893651358627,204.2703443025568,0.1976221165928654,0.3890298180162636,RNA,A3vsA1_rna
ACZ81_RS02715,-1.1093766263894511,37404.25005135247,0.0385561860731328,0.1347451380883352,RNA,A3vsA1_rna
ACZ81_RS02720,-1.002682750802112,7361.565661563068,0.0253083152540254,0.1019447397581828,RNA,A3vsA1_rna
ACZ81_RS02725,1.4092987371289274,132.59092378469344,3.766410362453224e-05,0.0010073892249441,RNA,A3vsA1_rna
ACZ81_RS02730,0.5892358290502933,726.7199985561618,0.0020925729537504,0.0179773076883227,RNA,A3vsA1_rna
ACZ81_RS02735,0.5957318840489997,285.9468295531703,0.0705169109453849,0.202660348648198,RNA,A3vsA1_rna
ACZ81_RS02740,0.3436571855507752,111.01552648804098,0.4244444119215561,0.6335085493412511,RNA,A3vsA1_rna
ACZ81_RS02745,0.7811366127226794,219.28538064734977,0.1552490872869127,0.3321508012859148,RNA,A3vsA1_rna
ACZ81_RS02750,0.9619521276400476,165.2792090286131,0.0101803893182404,0.0549613736461894,RNA,A3vsA1_rna
ACZ81_RS02755,-0.0956052548435594,1253.1468155252246,0.6680170110273296,0.8141203670235863,RNA,A3vsA1_rna
ACZ81_RS02760,-1.366823393135603,2463.514953949189,2.7175447829680728e-05,0.0007787706906619934,RNA,A3vsA1_rna
ACZ81_RS02765,-1.0119805733861922,13.212338441184658,0.0477802821708407,0.1558416533830423,RNA,A3vsA1_rna
ACZ81_RS02770,-0.7828042035405359,116.88218027708665,0.0328081261521604,0.1221022283139774,RNA,A3vsA1_rna
ACZ81_RS02780,-1.1283227581325412,10909.485432287702,6.411639983683184e-05,0.0014615624780986,RNA,A3vsA1_rna
ACZ81_RS02785,0.4555280144121353,1179.9143713907608,0.1246557672884377,0.289368510724782,RNA,A3vsA1_rna
ACZ81_RS02790,0.0941717497675473,824.6482986092058,0.7275315447367328,0.8519721417057128,RNA,A3vsA1_rna
ACZ81_RS02795,0.5656851572820235,195.25932467213607,0.1131825976532806,0.272725874945923,RNA,A3vsA1_rna
ACZ81_RS02800,0.2752775871929618,219.042326912685,0.2723638733362597,0.4773804542704561,RNA,A3vsA1_rna
ACZ81_RS02805,-0.6070991029057881,3306.437919420704,0.1128863870363047,0.272175591820706,RNA,A3vsA1_rna
ACZ81_RS02810,0.6393240479495582,1731.4091035136903,0.0206786806517964,0.0893673474078695,RNA,A3vsA1_rna
ACZ81_RS02815,1.0291530322586548,245.830817238898,0.0001055355070930949,0.0021713254074743,RNA,A3vsA1_rna
ACZ81_RS02820,0.799647039653463,298.51616626711547,0.0012732115865292,0.0131256649320534,RNA,A3vsA1_rna
ACZ81_RS02825,1.0549232624504403,820.1964843789913,0.0004205748383174217,0.0058385683437006,RNA,A3vsA1_rna
ACZ81_RS02830,1.0964532853254914,218.18985499032848,0.0016732350162687,0.0155754498498152,RNA,A3vsA1_rna
ACZ81_RS02835,0.2682871500195403,116.64050966775469,0.5339915835170608,0.7213106973500149,RNA,A3vsA1_rna
ACZ81_RS02840,-0.0179835553134298,1136.400210906109,0.95688618963596,0.9810053614526536,RNA,A3vsA1_rna
ACZ81_RS02845,0.0495774449295532,441.2015245381412,0.8890871333748054,0.947579609106783,RNA,A3vsA1_rna
ACZ81_RS02850,-0.9361269819873994,1443.995514038883,0.081285333170898,0.2210961062248426,RNA,A3vsA1_rna
ACZ81_RS02855,-1.363120108795487,850.8938573940624,0.0002360710402951058,0.0038569851509159,RNA,A3vsA1_rna
ACZ81_RS02860,0.3379261204976689,58.23546009281663,0.604491565503382,0.7681611859057743,RNA,A3vsA1_rna
ACZ81_RS02865,0.3963021740256012,1028.2823713828,0.35320560753748,0.5660606008153958,RNA,A3vsA1_rna
ACZ81_RS02870,0.2980470386558528,161.01429652933157,0.3009243986479932,0.5104041330731693,RNA,A3vsA1_rna
ACZ81_RS02875,0.7029826687010664,138.15339811721472,0.0129133043693101,0.0649276369902255,RNA,A3vsA1_rna
ACZ81_RS02880,0.2421869269375648,1145.5868421546502,0.4797208053706928,0.6795507385469819,RNA,A3vsA1_rna
ACZ81_RS02885,-0.4086077133684266,233.2639674449164,0.1242473667423064,0.2890606836411181,RNA,A3vsA1_rna
ACZ81_RS02890,-0.3776511994846537,39.83917011049265,0.4477547060995041,0.6546617641658931,RNA,A3vsA1_rna
ACZ81_RS02895,-0.1089336012495006,157.7173259731351,0.6785648056645388,0.8195069236382089,RNA,A3vsA1_rna
ACZ81_RS02905,-1.3583094481067666,949.7272701436508,4.114568077453437e-05,0.0010719251381002,RNA,A3vsA1_rna
ACZ81_RS02910,0.9333938697203238,393.31765066669976,0.0037910287476185,0.027500140436339,RNA,A3vsA1_rna
ACZ81_RS02915,0.8832483782447714,5846.54858111759,0.0096461492854758,0.0528693318761326,RNA,A3vsA1_rna
ACZ81_RS02920,-0.2379958383051463,1829.7361348458687,0.1514934294186397,0.3256319985933389,RNA,A3vsA1_rna
ACZ81_RS02930,0.7102917581891627,80.4170886500209,0.1227263209702893,0.2876039718065426,RNA,A3vsA1_rna
ACZ81_RS02935,0.1121633666363701,4336.002791670161,0.6628415334240629,0.811165627672012,RNA,A3vsA1_rna
ACZ81_RS02940,0.3632744176576465,249.79431485039527,0.1338114382421165,0.3034773828306226,RNA,A3vsA1_rna
ACZ81_RS02945,0.1200448540011599,267.8249626433046,0.6991477263627757,0.8343190595382083,RNA,A3vsA1_rna
ACZ81_RS02950,0.4755985412657148,248.3712147102337,0.1633553313476457,0.3413445777951848,RNA,A3vsA1_rna
ACZ81_RS02955,0.74275263462806,75.15972026700894,0.0374737814921898,0.1336398323081473,RNA,A3vsA1_rna
ACZ81_RS02960,0.246605406084491,1013.7509819316696,0.3651608034201919,0.5781472546652764,RNA,A3vsA1_rna
ACZ81_RS02970,0.379422602157169,446.08873715591005,0.2000348646688176,0.3918400311740395,RNA,A3vsA1_rna
ACZ81_RS02975,1.1054199714015756,134.02522197039258,0.0123476132569122,0.0630072792837291,RNA,A3vsA1_rna
ACZ81_RS02980,0.6441150979151097,704.9235361787906,0.0635725701514701,0.1892085693232182,RNA,A3vsA1_rna
ACZ81_RS02985,0.5682474709199068,369.9079587237715,0.0130567511775231,0.0652319908319938,RNA,A3vsA1_rna
ACZ81_RS02990,0.9117538983372347,159.55114397887667,0.0142306685812283,0.0686219258989039,RNA,A3vsA1_rna
ACZ81_RS02995,0.4841360811307888,166.56355572563976,0.1477246024655057,0.3209563773301543,RNA,A3vsA1_rna
ACZ81_RS03000,0.1571998462712809,441.3088000463068,0.4907052213096993,0.6876386126072349,RNA,A3vsA1_rna
ACZ81_RS03005,-0.0771318581100701,162.89644693624558,0.7989385706731258,0.8917015764248035,RNA,A3vsA1_rna
ACZ81_RS03010,-0.7419995599223483,326.0451310921832,0.0021812357357484,0.0184965712695487,RNA,A3vsA1_rna
ACZ81_RS03015,-0.0474068805072645,591.9404206368907,0.8733104456957322,0.9378269561379222,RNA,A3vsA1_rna
ACZ81_RS03020,0.9186905195607258,261.8668631943917,0.0227658924297627,0.0950928089608827,RNA,A3vsA1_rna
ACZ81_RS03025,-1.0299890226656967,8136.44604290953,0.0945548236761837,0.2437516692634234,RNA,A3vsA1_rna
ACZ81_RS03030,0.7431117236398793,490.3468894617749,0.0442209238520448,0.1477221869229009,RNA,A3vsA1_rna
ACZ81_RS03035,-0.4169938309522303,2889.758560441578,0.2286378721722499,0.4262523899419456,RNA,A3vsA1_rna
ACZ81_RS03040,0.374205725701652,377.7166963023065,0.3321476975581829,0.5445756283626604,RNA,A3vsA1_rna
ACZ81_RS03045,-0.845988291630627,4468.9942760009135,0.0001466743812409497,0.002775743478956,RNA,A3vsA1_rna
ACZ81_RS03050,-0.3731004600153536,204.10980942899133,0.1591748703503352,0.3368193986527136,RNA,A3vsA1_rna
ACZ81_RS03055,-0.5280189213328742,162.59815557434666,0.1267562964001795,0.2921746827250083,RNA,A3vsA1_rna
ACZ81_RS03060,-0.026965610636772,151.53587359902943,0.9301941512788252,0.9688314992031792,RNA,A3vsA1_rna
ACZ81_RS03065,0.409823390439369,572.7775064115228,0.3187305742531722,0.5299407641540518,RNA,A3vsA1_rna
ACZ81_RS03070,-0.8431622031207346,773.8887876559737,0.009311258774808,0.0516691150823372,RNA,A3vsA1_rna
ACZ81_RS03075,-0.8147220439476889,122.70202112508132,0.0714092809081617,0.2041170397414954,RNA,A3vsA1_rna
ACZ81_RS03080,-0.5528871605771838,273.4896957016963,0.1008707182456661,0.2527753414126248,RNA,A3vsA1_rna
ACZ81_RS03085,-0.3392984137225951,368.1585276362955,0.2040359296477636,0.3958375965893751,RNA,A3vsA1_rna
ACZ81_RS03090,-0.0007143257390775983,109.19317661948472,0.9982805237079524,0.9987784192309986,RNA,A3vsA1_rna
ACZ81_RS03095,-0.5071330907734027,144.01717502716133,0.3165544558402066,0.528073379139671,RNA,A3vsA1_rna
ACZ81_RS03100,0.31171247448537,130.99833810331293,0.3817619371524341,0.5934245997115714,RNA,A3vsA1_rna
ACZ81_RS03105,1.0846831986592584,1484.0084960586837,0.0011691634812235,0.0122153226215338,RNA,A3vsA1_rna
ACZ81_RS03110,-0.8058677044119305,414.7962835782666,0.174926895571429,0.3581786606824014,RNA,A3vsA1_rna
ACZ81_RS03115,1.3200666650578263,41.02885313869543,0.1748769140256923,0.3581786606824014,RNA,A3vsA1_rna
ACZ81_RS03120,-0.6569246848378203,686.4991240816737,0.336632884166455,0.5485666658309576,RNA,A3vsA1_rna
ACZ81_RS03125,-0.2268802427560269,53.64896983009309,0.7238132680861133,0.8503608799754446,RNA,A3vsA1_rna
ACZ81_RS03130,0.593107128980727,531.7145151338549,0.0006266976658669643,0.0079796080977426,RNA,A3vsA1_rna
ACZ81_RS03135,-1.601944088236815,633.0446405524974,6.50842677949092e-06,0.0002611180823931757,RNA,A3vsA1_rna
ACZ81_RS03140,-1.321835806842266,807.9365086882501,0.0001246662890229818,0.002472510564854,RNA,A3vsA1_rna
ACZ81_RS03145,-0.3236814055234999,1601.5623154581654,0.2357757016564178,0.4347114499290203,RNA,A3vsA1_rna
ACZ81_RS03150,-0.286211513306971,152.86134403326108,0.7359068946712412,0.8572759760223634,RNA,A3vsA1_rna
ACZ81_RS03155,0.6599045024424258,52.8118213638186,0.5303898606296479,0.718177027352286,RNA,A3vsA1_rna
ACZ81_RS03160,0.4700284982415881,77.8572171565103,0.5402742600849446,0.7264009153689001,RNA,A3vsA1_rna
ACZ81_RS03165,-0.7963863150638938,128.16265847813494,0.2115326809549905,0.4052861107886447,RNA,A3vsA1_rna
ACZ81_RS03170,0.1137675395290381,159.91494839168118,0.6860637055723153,0.8250862070611898,RNA,A3vsA1_rna
ACZ81_RS03175,-0.7021237747985808,1789.008178178055,0.0008780165310646896,0.0101010934588258,RNA,A3vsA1_rna
ACZ81_RS03180,0.7416252849312026,1071.690425815295,0.0234867497395463,0.0971431339742887,RNA,A3vsA1_rna
ACZ81_RS03185,1.1111653721815349,162.97510176045583,0.037816143765136,0.1337904486646612,RNA,A3vsA1_rna
ACZ81_RS03190,-0.428266583733954,855.1421752219179,0.0310813784518865,0.1171978292753466,RNA,A3vsA1_rna
ACZ81_RS03195,-0.5544811310158045,1454.6076537173178,0.0939463400790923,0.2430127120550086,RNA,A3vsA1_rna
ACZ81_RS03200,-2.5101207546204374,91609.2449735905,4.303937383103245e-05,0.0011068844090391,RNA,A3vsA1_rna
ACZ81_RS03205,-0.8517831207197255,4218.141195354844,0.0331328350951767,0.1229684869582321,RNA,A3vsA1_rna
ACZ81_RS03210,-0.3517725947540814,493.9590652573486,0.1309029076267051,0.298817056151795,RNA,A3vsA1_rna
ACZ81_RS03215,-0.0668858974351911,193.466398776135,0.7795001020820342,0.8803885107461613,RNA,A3vsA1_rna
ACZ81_RS03220,0.6513777679876822,689.627116389094,0.0349537589649402,0.1271391486557934,RNA,A3vsA1_rna
ACZ81_RS03225,0.6498636245895082,484.0882278592145,0.0348354213445474,0.1269388832282691,RNA,A3vsA1_rna
ACZ81_RS03230,1.541194988261895,50.99005833671315,2.158974465745028e-05,0.0006492664374526186,RNA,A3vsA1_rna
ACZ81_RS03235,0.8818110081733241,211.81733498558756,0.0002128872109119068,0.0036190825855024,RNA,A3vsA1_rna
ACZ81_RS03240,0.5113831374282333,319.507772057835,0.0345248415822846,0.1264964971946355,RNA,A3vsA1_rna
ACZ81_RS03245,0.3812861697223309,2052.697750316102,0.4677182311642972,0.6701734083682716,RNA,A3vsA1_rna
ACZ81_RS03250,-0.0411414736937129,2969.85669964766,0.9391598509861526,0.972095851345302,RNA,A3vsA1_rna
ACZ81_RS03255,-1.1800894142522664,1643.0226811455427,0.000800699115570148,0.0094482495637277,RNA,A3vsA1_rna
ACZ81_RS03260,0.0008930266355224337,13180.981750877972,0.99713134443345,0.9981264854957588,RNA,A3vsA1_rna
ACZ81_RS03265,0.3196746698734194,795.4286171260484,0.1700910596329843,0.3510435502453569,RNA,A3vsA1_rna
ACZ81_RS03270,1.06482801406169,353.43215527534426,0.0009294158609597832,0.0104201329878464,RNA,A3vsA1_rna
ACZ81_RS03275,1.2362213010136491,6252.258157204881,0.0278626607650196,0.1082139351299698,RNA,A3vsA1_rna
ACZ81_RS03280,0.6656883473713251,966.36134557199,0.0061112144834206,0.0386722279297849,RNA,A3vsA1_rna
ACZ81_RS03285,1.409871227185332,159.42829376441296,2.45293172753515e-07,1.9682324181742044e-05,RNA,A3vsA1_rna
ACZ81_RS03290,0.5950492752218255,335.0465772819073,0.0742227655801851,0.2100012239123434,RNA,A3vsA1_rna
ACZ81_RS03295,-0.8764323698871237,586.9339582590849,0.0203099170963254,0.0886768672128461,RNA,A3vsA1_rna
ACZ81_RS03300,-0.0741250967577557,180.9399892220113,0.7694342711467386,0.8774787651622271,RNA,A3vsA1_rna
ACZ81_RS03305,0.3290159660117778,286.31514707349504,0.0811732498796139,0.2209410302015,RNA,A3vsA1_rna
ACZ81_RS03310,0.4473261071217972,202.51748836704724,0.3185626007337507,0.529881075515675,RNA,A3vsA1_rna
ACZ81_RS03315,-0.5240704495716736,656.7249708720606,0.071582575113039,0.2042598089285295,RNA,A3vsA1_rna
ACZ81_RS03320,-1.5155081849829912,4106.902656666334,3.1209996584201924e-08,3.05401234867849e-06,RNA,A3vsA1_rna
ACZ81_RS03325,0.5714184685763963,269.6788528350476,0.1444027962704192,0.3162358180332544,RNA,A3vsA1_rna
ACZ81_RS03330,0.0214275415498452,207.02717103556915,0.9453360003030128,0.9747334960718804,RNA,A3vsA1_rna
ACZ81_RS03335,0.8377634788011813,250.38000495070827,0.0237711942283534,0.0977748594728333,RNA,A3vsA1_rna
ACZ81_RS03340,-0.3675848418363727,899.3312204367205,0.2030111432613939,0.3951871454462458,RNA,A3vsA1_rna
ACZ81_RS03345,0.0127002626791894,430.7297943878221,0.967340089022325,0.9852831529764492,RNA,A3vsA1_rna
ACZ81_RS03350,0.6296729474992986,489.0166382071181,0.0009348369366181652,0.0104212724039766,RNA,A3vsA1_rna
ACZ81_RS03355,0.1930848423889667,337.7024562525918,0.3224337270321072,0.5345471540714107,RNA,A3vsA1_rna
ACZ81_RS03360,0.7087919736727383,756.0173665320158,,,RNA,A3vsA1_rna
ACZ81_RS03365,0.3382054417217509,567.4883682915207,0.0523204863187966,0.1652833000874111,RNA,A3vsA1_rna
ACZ81_RS03370,1.832900714113787,611.6175878441458,0.0077942511129473,0.0458512250222064,RNA,A3vsA1_rna
ACZ81_RS03375,0.688026911167959,578.457276090919,0.3235006650127826,0.5349895581332579,RNA,A3vsA1_rna
ACZ81_RS03380,0.5625522774692275,139.48453497365884,0.3809626268033107,0.5925152645263785,RNA,A3vsA1_rna
ACZ81_RS03385,0.3625636674003208,77.14267027559477,0.6018179137006117,0.7665058634180489,RNA,A3vsA1_rna
ACZ81_RS03390,0.6970555729724817,161.6726057815644,0.1263399169547911,0.2916431224526018,RNA,A3vsA1_rna
ACZ81_RS03395,0.4902846696916497,353.85034259120505,0.1862990100924121,0.3737158142453787,RNA,A3vsA1_rna
ACZ81_RS03400,-0.9371747854513643,557.9772172525585,0.0061950478516898,0.0390794528002825,RNA,A3vsA1_rna
ACZ81_RS03405,-0.7490517474923549,1748.4652958673114,0.1170764314146163,0.2788298358030015,RNA,A3vsA1_rna
ACZ81_RS03410,0.0779084434200111,967.1352896938296,0.8799016937432224,0.9426343378632333,RNA,A3vsA1_rna
ACZ81_RS03415,0.3547694944003941,53.588130127754205,0.353413599584556,0.5660606008153958,RNA,A3vsA1_rna
ACZ81_RS03420,-0.2577829672414511,447.4685185559888,0.1564399082093815,0.3338494211361908,RNA,A3vsA1_rna
ACZ81_RS03425,-0.2657538442155375,5961.413957458747,0.6100431900039415,0.771349914369938,RNA,A3vsA1_rna
ACZ81_RS03435,-0.8685000942708783,123.06574506597678,0.0266168440311494,0.1052086485250952,RNA,A3vsA1_rna
ACZ81_RS03440,-0.0181832822755123,108.23195875369171,0.9546417773011722,0.9802976223527778,RNA,A3vsA1_rna
ACZ81_RS03445,-0.6214806361601694,39.18884788446857,0.3212485921200756,0.5334641355901257,RNA,A3vsA1_rna
ACZ81_RS03450,0.1481836194632736,10.905467084891583,0.8108982551364894,0.8986261393203892,RNA,A3vsA1_rna
ACZ81_RS03455,-0.3266349579417922,4057.572316619641,0.5301716035097357,0.718177027352286,RNA,A3vsA1_rna
ACZ81_RS03460,0.5880062606868499,768.6022849484333,0.0138595669470506,0.067645477605313,RNA,A3vsA1_rna
ACZ81_RS03465,0.3749278036012058,1657.4209085014147,0.267389143715883,0.4719600724100847,RNA,A3vsA1_rna
ACZ81_RS03470,-0.2738751619875374,314.43331874465906,0.4018655523778666,0.6125701353115505,RNA,A3vsA1_rna
ACZ81_RS03475,-0.820206708005834,3736.996103627256,0.0031225071433115,0.0236146219614754,RNA,A3vsA1_rna
ACZ81_RS03480,0.5466003781079224,131.4654693037458,0.1735553001494525,0.3565303964155677,RNA,A3vsA1_rna
ACZ81_RS03485,0.4842159858656923,58.67351574373555,0.2432762148349753,0.4438491013724061,RNA,A3vsA1_rna
ACZ81_RS03490,-0.3410768197421844,701.2818803987094,0.0579896574447772,0.1780065077799894,RNA,A3vsA1_rna
ACZ81_RS03495,-0.2929152645817977,579.8836059840198,0.1794141616082261,0.3646451957305993,RNA,A3vsA1_rna
ACZ81_RS03500,-0.5307648397753081,2127.453868561952,0.0208939532211876,0.0894370914050261,RNA,A3vsA1_rna
ACZ81_RS03505,-0.5563537741811013,2275.6660708035747,0.0504889559421661,0.1614037380398171,RNA,A3vsA1_rna
ACZ81_RS03515,-0.4700476930931099,498.21725381775536,0.1154043260604712,0.2764443658307445,RNA,A3vsA1_rna
ACZ81_RS03520,-0.4566743892804487,334.33239472562514,0.0418977881345419,0.1431805161803937,RNA,A3vsA1_rna
ACZ81_RS03525,-1.6196158065105617,2101.949845348768,0.0004495949224217164,0.0060872062218538,RNA,A3vsA1_rna
ACZ81_RS03530,0.0801991315380638,661.0731994269512,0.6519883291551409,0.802873196626409,RNA,A3vsA1_rna
ACZ81_RS03535,0.2910218166787794,39.63171234922243,0.5191112367544376,0.7104462407184257,RNA,A3vsA1_rna
ACZ81_RS03540,0.1780447897381605,181.022061238293,0.5601345598288789,0.7394734629922548,RNA,A3vsA1_rna
ACZ81_RS03545,-0.4656110071649463,879.7963545138632,0.0177931574979388,0.080466123110949,RNA,A3vsA1_rna
ACZ81_RS03550,-0.4868950864082546,347.54566800180163,0.0445393139267811,0.1484150560417324,RNA,A3vsA1_rna
ACZ81_RS03555,-0.1766217553288977,697.9903059078546,0.4557782846873375,0.6615710847198256,RNA,A3vsA1_rna
ACZ81_RS03560,0.33276838046181,1254.6632784556857,0.2235328263283404,0.4190718220697672,RNA,A3vsA1_rna
ACZ81_RS03565,0.4639644208466557,327.18440645025174,0.103183430272705,0.2568064033834321,RNA,A3vsA1_rna
ACZ81_RS03570,-1.2971641484142595,937.6091785076296,0.0039326463809794,0.0281746022865886,RNA,A3vsA1_rna
ACZ81_RS03575,-0.9929252677744508,348.3019430677522,0.0608181184184774,0.1837366649811231,RNA,A3vsA1_rna
ACZ81_RS03580,0.7702786847983796,57.86522880011889,0.2564399878163661,0.4602815297891771,RNA,A3vsA1_rna
ACZ81_RS03585,-0.2516786535369534,123.52174851724918,0.5995271186623421,0.7643161106048034,RNA,A3vsA1_rna
ACZ81_RS03590,-0.1160112886268885,63.32206184938544,0.8465135671233082,0.9226330973373302,RNA,A3vsA1_rna
ACZ81_RS03595,-0.9041878487152124,74.09502797592654,0.1242845661218665,0.2890606836411181,RNA,A3vsA1_rna
ACZ81_RS03600,-1.5391186287992256,136.7497696302608,0.0058670225959941,0.037541458780109,RNA,A3vsA1_rna
ACZ81_RS03605,-1.801618871726421,109.14552649875226,0.0199201420032381,0.0875351694600124,RNA,A3vsA1_rna
ACZ81_RS03610,-0.4730513389566295,61.84298777099378,0.2821080548129575,0.4889060543885898,RNA,A3vsA1_rna
ACZ81_RS03615,-0.7323800589754969,35.96255914786888,0.3140701581003291,0.5252394640677451,RNA,A3vsA1_rna
ACZ81_RS03620,-0.813607004186792,164.44392915218518,0.108890289879536,0.2657346976865564,RNA,A3vsA1_rna
ACZ81_RS03625,0.4604373621271493,44.8022102592576,0.4040229388779949,0.6142250969225145,RNA,A3vsA1_rna
ACZ81_RS03630,-1.2584919849705247,15.839151504511111,0.0266093801785128,0.1052086485250952,RNA,A3vsA1_rna
ACZ81_RS03635,-0.4501879334771578,19.237607782731438,0.4769071905684164,0.6777724578676892,RNA,A3vsA1_rna
ACZ81_RS03640,-0.3919023504810254,134.85585932756578,0.196189646438245,0.3877704358480431,RNA,A3vsA1_rna
ACZ81_RS03645,-1.1631823965163877,201.3472717050916,0.0048640957970576,0.03263336511337,RNA,A3vsA1_rna
ACZ81_RS03650,0.3998360273758473,424.9241368076045,0.0394476664083471,0.1370251408054449,RNA,A3vsA1_rna
ACZ81_RS03655,1.272141407183548,7159.704832778554,0.0016041008259631,0.0151166477730425,RNA,A3vsA1_rna
ACZ81_RS03660,1.2779955696896783,4225.2973337006415,3.936810028943556e-05,0.0010459921745775,RNA,A3vsA1_rna
ACZ81_RS03665,0.2424373859194744,3535.8864759395783,0.4315768293450132,0.6416497407886163,RNA,A3vsA1_rna
ACZ81_RS03670,0.5511420071966121,2453.413023176276,0.3894494241335966,0.6016519713321999,RNA,A3vsA1_rna
ACZ81_RS03675,-0.0038058685375789,1499.0555908659703,0.9926556606150366,0.9964247010540052,RNA,A3vsA1_rna
ACZ81_RS03680,-0.061087802235523,4508.839035707289,0.7030822457235926,0.8367742420181115,RNA,A3vsA1_rna
ACZ81_RS03685,0.2741066447940445,1664.081364352796,0.1497897238370776,0.3234426114286089,RNA,A3vsA1_rna
ACZ81_RS03690,-0.0746678943920652,98.13270556136442,0.899989647638569,0.9519531943912308,RNA,A3vsA1_rna
ACZ81_RS03695,-0.340275404691863,55.11373420650511,0.6776428169890479,0.8192521434114471,RNA,A3vsA1_rna
ACZ81_RS03700,-2.032310629821368,247.0139077603924,2.3964556409696325e-05,0.0007069544140860416,RNA,A3vsA1_rna
ACZ81_RS03705,0.4645682255400994,391.8278832232808,0.0762965972560711,0.2129311724349911,RNA,A3vsA1_rna
ACZ81_RS03710,0.208826162419519,79.81547623065164,0.6059130664603205,0.7692795008350652,RNA,A3vsA1_rna
ACZ81_RS03715,0.3180642436716419,576.3843186569745,0.2481091561398396,0.4505461264179805,RNA,A3vsA1_rna
ACZ81_RS03720,-0.1979185629832159,563.0528017927071,0.5799741172668311,0.7526995896237546,RNA,A3vsA1_rna
ACZ81_RS03725,-0.9573839770668178,1574.264270173899,0.0017796824198933,0.0162246938227356,RNA,A3vsA1_rna
ACZ81_RS03730,-0.9521503271428428,3480.090248779657,4.01478270787466e-05,0.0010596913305258,RNA,A3vsA1_rna
ACZ81_RS03735,-0.7999218052033057,455.0432352661966,0.0458567872632413,0.1512972290297076,RNA,A3vsA1_rna
ACZ81_RS03740,-1.295272206154857,618.1872287804042,0.00039321595422267015,0.0055548676350047,RNA,A3vsA1_rna
ACZ81_RS03745,0.264971507430928,188.2819736352629,0.2608036171382958,0.4648352340998858,RNA,A3vsA1_rna
ACZ81_RS03750,0.0621720015547422,183.4046497121253,0.8455458194358615,0.9223603342063612,RNA,A3vsA1_rna
ACZ81_RS03755,-0.242344010545422,388.8916382062346,0.3692676717749391,0.5818939116893384,RNA,A3vsA1_rna
ACZ81_RS03760,0.0419068355547741,376.7660621392308,0.8861453784631528,0.9460391853097844,RNA,A3vsA1_rna
ACZ81_RS03765,-1.5952124312112708,1885.2715551781364,0.0075572449761137,0.0449258172333897,RNA,A3vsA1_rna
ACZ81_RS03770,-1.0924483224808237,895.2306294531954,0.0154730329714122,0.0724361823585833,RNA,A3vsA1_rna
ACZ81_RS03775,-0.7784221460745516,753.1264561200711,0.0320886505830805,0.1198693353252505,RNA,A3vsA1_rna
ACZ81_RS03780,-0.6065732549318442,1301.0576243051646,0.0091426786382769,0.0510158924850724,RNA,A3vsA1_rna
ACZ81_RS03785,-0.7486179240612862,674.6576504282131,0.0092889360458149,0.0516166363099855,RNA,A3vsA1_rna
ACZ81_RS03790,-0.2279225060099108,580.5177550354498,0.4018109850165971,0.6125701353115505,RNA,A3vsA1_rna
ACZ81_RS03795,-0.0726576483000072,2109.2775508821483,0.7266806531026637,0.8518020809654794,RNA,A3vsA1_rna
ACZ81_RS03805,0.234986531542436,841.0442865909417,0.3350592596956675,0.5475028602455199,RNA,A3vsA1_rna
ACZ81_RS03810,-0.5734570284564097,4870.993735066737,0.0699851676552617,0.2019848126189652,RNA,A3vsA1_rna
ACZ81_RS03815,-1.092378188015067,2235.370464262448,0.0023395923880843,0.0192740136776065,RNA,A3vsA1_rna
ACZ81_RS03820,-0.3376549574164169,605.7898681615371,0.0952839706919268,0.2449301079022361,RNA,A3vsA1_rna
ACZ81_RS03830,0.6104315797604615,2123.5554931242377,0.0320815988106755,0.1198693353252505,RNA,A3vsA1_rna
ACZ81_RS03835,-0.8772363311858025,82.78001248573572,0.0163199219294722,0.0753253875095358,RNA,A3vsA1_rna
ACZ81_RS03840,-1.1034514966230993,389.7977094253949,0.00021742825054838389,0.0036346755883338,RNA,A3vsA1_rna
ACZ81_RS03845,-0.1333188801237318,145.31270947451597,0.7729724863041534,0.878362783909477,RNA,A3vsA1_rna
ACZ81_RS03850,0.0601655387740671,385.23009518579306,0.8691355183045042,0.9355974508821224,RNA,A3vsA1_rna
ACZ81_RS03855,0.3139847246249834,868.187531048015,0.4008160277382744,0.6121331950079776,RNA,A3vsA1_rna
ACZ81_RS03860,0.2591641932862523,387.8631299021459,0.5096777910580643,0.7043841879865498,RNA,A3vsA1_rna
ACZ81_RS03865,-0.6201487952292865,1806.8294971363832,0.0341830696790339,0.1258187849103525,RNA,A3vsA1_rna
ACZ81_RS03870,1.2488031678196572,853.3131355905114,0.0066116263246358,0.0406215081384977,RNA,A3vsA1_rna
ACZ81_RS03875,0.8447025076557891,129.177864560824,0.0379223573249488,0.1339885562528043,RNA,A3vsA1_rna
ACZ81_RS03880,-0.2999529016561141,189.055264294323,0.2315414680909599,0.4294703513550306,RNA,A3vsA1_rna
ACZ81_RS03885,-0.2579770697163834,272.92348017071663,0.2508768810512344,0.4533865075574561,RNA,A3vsA1_rna
ACZ81_RS03895,0.692835639737956,692.5064826788016,0.0571299746425965,0.1765835579862076,RNA,A3vsA1_rna
ACZ81_RS03900,1.0512220872205027,605.2160842034922,0.000636459270009384,0.0079796080977426,RNA,A3vsA1_rna
ACZ81_RS03905,0.8623508102440696,88.84296192521674,0.0194139869601423,0.0861132239553953,RNA,A3vsA1_rna
ACZ81_RS03910,0.16224622228639,1508.9629012551293,0.4673471390824827,0.6700746758814843,RNA,A3vsA1_rna
ACZ81_RS03915,-0.4871718878482374,1487.6372189335002,0.0604533465117774,0.1832293101542364,RNA,A3vsA1_rna
ACZ81_RS03920,-0.8064470571363477,350.9310368097898,0.0340452435552092,0.12542655385078,RNA,A3vsA1_rna
ACZ81_RS03925,-0.5411762905403416,966.3291036046136,0.075116695805205,0.2111900375406326,RNA,A3vsA1_rna
ACZ81_RS03930,-0.4468524781019308,1439.7184707331623,0.0235453992698828,0.09728541902242,RNA,A3vsA1_rna
ACZ81_RS03935,0.576975422786696,2544.370321247223,0.0787990958010583,0.2175787834506856,RNA,A3vsA1_rna
ACZ81_RS03940,0.5605254903083114,408.9566445721129,0.048118549737265,0.1563171024663218,RNA,A3vsA1_rna
ACZ81_RS03945,-0.8449605405167194,1146.9755130754438,0.0023740281524283,0.0194291067261112,RNA,A3vsA1_rna
ACZ81_RS03955,0.5776000250750403,3529.833138039578,0.1869827720323403,0.3747127279689057,RNA,A3vsA1_rna
ACZ81_RS03960,0.1619639184034799,4.396017084796394,0.8602438545334076,0.9320276382360332,RNA,A3vsA1_rna
ACZ81_RS03965,-1.1308113418148042,45.26230421824918,0.0125623957698919,0.0638090364172508,RNA,A3vsA1_rna
ACZ81_RS03970,-0.6226053119395172,172.29990867036398,0.1438465468295254,0.3154940930931298,RNA,A3vsA1_rna
ACZ81_RS03975,-0.0763591609958358,114.38287235687112,0.7998825769120357,0.8917015764248035,RNA,A3vsA1_rna
ACZ81_RS03980,0.8757357895946559,29.05189463708432,0.2292793803831231,0.427249825405058,RNA,A3vsA1_rna
ACZ81_RS03985,-0.1812361078889427,9.806590665294832,0.8398147339776093,0.9179979466186982,RNA,A3vsA1_rna
ACZ81_RS03990,0.2244020891205969,44.19192973384863,0.6354302952280536,0.7895898583392246,RNA,A3vsA1_rna
ACZ81_RS03995,0.0310007890326122,120.73264254304142,0.933031766167669,0.9705272091948892,RNA,A3vsA1_rna
ACZ81_RS04000,-0.9139328941620884,1129.5136885476848,0.0656090695464228,0.1926966230016461,RNA,A3vsA1_rna
ACZ81_RS04005,-0.0978208396463243,365.1823060819875,0.706325425942775,0.8398866653474847,RNA,A3vsA1_rna
ACZ81_RS04010,-0.7390081332019248,1853.1321288930053,0.0001185876286604641,0.002402896798918,RNA,A3vsA1_rna
ACZ81_RS04015,-0.675674076846548,923.6399830539284,0.0203957448164698,0.0888466104274453,RNA,A3vsA1_rna
ACZ81_RS04020,-0.630006624829972,819.8337973600403,0.0091100210233758,0.0509588420617001,RNA,A3vsA1_rna
ACZ81_RS04025,0.6906975860828815,250.8224080414292,0.0065454233859319,0.0404626172948517,RNA,A3vsA1_rna
ACZ81_RS04030,0.0998774284651113,128.5398635526662,0.7500892382594305,0.8647387521963175,RNA,A3vsA1_rna
ACZ81_RS04035,-0.2169251603506305,183.11859674490785,0.4671035307611502,0.6700746758814843,RNA,A3vsA1_rna
ACZ81_RS04040,-0.437101057812223,101.42198424075816,0.1756473728562391,0.3591729153410965,RNA,A3vsA1_rna
ACZ81_RS04045,1.2679613609862252,1435.7360787720288,0.0024773330480077,0.0200789094719335,RNA,A3vsA1_rna
ACZ81_RS04050,0.0337569659329691,863.8698925152737,0.8869924018285771,0.9464397649298542,RNA,A3vsA1_rna
ACZ81_RS04055,-1.315655427356462,899.7745321018443,3.895362632699729e-06,0.00018829150460712425,RNA,A3vsA1_rna
ACZ81_RS04060,-2.498633544825706,761.3247765271346,2.987732535428642e-05,0.0008349976888841817,RNA,A3vsA1_rna
ACZ81_RS04065,-2.136201489295616,1073.4206509799894,1.5906520859114357e-05,0.0005175514425683442,RNA,A3vsA1_rna
ACZ81_RS04070,-1.5974587793898083,1479.82923343392,0.0013784839089473,0.0138608457210443,RNA,A3vsA1_rna
ACZ81_RS04075,-1.2794522238665509,2180.012442212475,0.0005217445090635083,0.0067962304232558,RNA,A3vsA1_rna
ACZ81_RS04080,-2.09289628252003,5799.521110139827,1.7292779762013917e-06,0.00010202740059588211,RNA,A3vsA1_rna
ACZ81_RS04090,-0.3209944505950609,89.10066634473341,0.4138570411377898,0.6235052380941842,RNA,A3vsA1_rna
ACZ81_RS04095,-1.7640554629154506,77.19202618215083,0.00021416348312798737,0.0036245856815872,RNA,A3vsA1_rna
ACZ81_RS04100,0.6455594730915414,1094.451728671165,0.0757406536710715,0.2122007699220245,RNA,A3vsA1_rna
ACZ81_RS04105,-0.7627374109163195,1579.0359943035742,0.0806703229888812,0.2200199427813675,RNA,A3vsA1_rna
ACZ81_RS04115,0.3464069448141411,78.04751506161134,0.2897939607960744,0.4987105512870464,RNA,A3vsA1_rna
ACZ81_RS04120,-1.8366325577167109,12249.904351637037,0.0148717441929618,0.0712268792985376,RNA,A3vsA1_rna
ACZ81_RS04130,-0.586564386213521,364.39282081058855,0.1005969695834886,0.2524384067736068,RNA,A3vsA1_rna
ACZ81_RS04135,0.7546165195034663,226.57567424574503,0.047764501031184,0.1558416533830423,RNA,A3vsA1_rna
ACZ81_RS04140,-0.1104087494215141,501.4303457981525,0.5660294194919283,0.7438290307899169,RNA,A3vsA1_rna
ACZ81_RS04145,0.1668072555696616,176.36365247992185,0.4909413499951891,0.6877292933591825,RNA,A3vsA1_rna
ACZ81_RS04150,1.120497795461462,246.23033025760927,0.0022593354036226,0.0188842784152796,RNA,A3vsA1_rna
ACZ81_RS04155,-1.6271811272154602,345.7294920964857,0.0023967513273258,0.0195442404984379,RNA,A3vsA1_rna
ACZ81_RS04160,-1.6151142219902823,547.8280858078372,0.0057112404888897,0.0367979225327811,RNA,A3vsA1_rna
ACZ81_RS04165,-1.5353518379583535,657.1974070139142,0.013788091189974,0.067496692049811,RNA,A3vsA1_rna
ACZ81_RS04170,-1.728643357828276,1798.2066147137848,0.0010289812692097,0.011209074858222,RNA,A3vsA1_rna
ACZ81_RS04175,-1.3590276989231296,1040.076378912098,0.0043921872868437,0.0304273623954558,RNA,A3vsA1_rna
ACZ81_RS04180,-0.7459740377288354,1289.0437258722743,0.1351737664999772,0.3050698469671833,RNA,A3vsA1_rna
ACZ81_RS04185,-0.5753344658182588,440.5093679396615,0.1055621667201819,0.2601446025069839,RNA,A3vsA1_rna
ACZ81_RS04190,0.1431484810134918,250.42804780986663,0.572535522572028,0.7493351164186527,RNA,A3vsA1_rna
ACZ81_RS04195,-0.1293286610769158,213.37410028044744,0.5949734785488656,0.7605737572882489,RNA,A3vsA1_rna
ACZ81_RS04200,-0.0539452977991961,641.4862109483491,0.8873634523434049,0.9465839326779422,RNA,A3vsA1_rna
ACZ81_RS04205,1.65422685838974,384.2540056894174,0.0280242526878622,0.1084216989235325,RNA,A3vsA1_rna
ACZ81_RS04210,0.0161229109037073,235.3283212217252,0.9819748599215856,0.9906168312812172,RNA,A3vsA1_rna
ACZ81_RS04215,0.2222013198534259,137.12126163766897,0.730071769578122,0.8531176013558562,RNA,A3vsA1_rna
ACZ81_RS04220,-0.362624164862575,194.15756904299403,0.3137342467172856,0.5251154767750313,RNA,A3vsA1_rna
ACZ81_RS04225,1.3418515686452577,118.91209026084084,0.0163342689763948,0.0753253875095358,RNA,A3vsA1_rna
ACZ81_RS04235,-0.1984771140405567,139.1913542615753,0.561749439662719,0.7401289234132362,RNA,A3vsA1_rna
ACZ81_RS04240,-1.8433884215393432,159.71530731025453,0.0287314355164125,0.1103067170256911,RNA,A3vsA1_rna
ACZ81_RS04245,-1.2053012991518992,152.72001274063769,0.011370242774949,0.0596306065530661,RNA,A3vsA1_rna
ACZ81_RS04250,0.0071727070565707,92.61284027977092,0.986129923097581,0.9930263585978364,RNA,A3vsA1_rna
ACZ81_RS04255,1.5205214384698469,22.270541250991915,0.0454411431719029,0.1505200130694025,RNA,A3vsA1_rna
ACZ81_RS04260,-1.8574845602542427,1535.5891106651352,6.770389510994088e-05,0.0015174750121848,RNA,A3vsA1_rna
ACZ81_RS04265,-2.235821908570303,1668.896749384622,7.227836097504968e-07,4.67710942309515e-05,RNA,A3vsA1_rna
ACZ81_RS04270,-1.151255078971196,1776.3838195830947,9.685221414096264e-05,0.0020344035766154,RNA,A3vsA1_rna
ACZ81_RS04275,-1.2070683717660406,597.5791712957267,0.0096631168998809,0.0528900750372749,RNA,A3vsA1_rna
ACZ81_RS04280,-0.6073304867692416,264.6759573266989,0.0129863038940069,0.0651263140284446,RNA,A3vsA1_rna
ACZ81_RS04285,0.3686120493289526,34.80733608238704,0.336227432599662,0.5482793673012408,RNA,A3vsA1_rna
ACZ81_RS04290,-0.1844526345805617,31.5687784257581,0.6612230031498393,0.8097761564826482,RNA,A3vsA1_rna
ACZ81_RS04295,-0.2480677470891697,294.0092889432228,0.3483760005672344,0.5624141728094715,RNA,A3vsA1_rna
ACZ81_RS04300,0.4311522355955938,22.21980105484789,0.403424257865179,0.6140156715928456,RNA,A3vsA1_rna
ACZ81_RS04305,0.2599073744249724,17.36959139410952,0.6092333609072064,0.7711401777679999,RNA,A3vsA1_rna
ACZ81_RS04310,0.1249324666531746,66.83118089234638,0.7556165976600904,0.8681368241157739,RNA,A3vsA1_rna
ACZ81_RS04315,0.466976569296378,96.23624347540624,0.2639641522540025,0.4690098223397068,RNA,A3vsA1_rna
ACZ81_RS04320,0.3313581654828936,248.35309390955936,0.3041850334933205,0.5136323040299671,RNA,A3vsA1_rna
ACZ81_RS04325,1.1898601716581212,82.75381454496404,0.0507362969445871,0.1618076497151697,RNA,A3vsA1_rna
ACZ81_RS04330,0.7026010200918384,74.77990405875313,0.2197402775697166,0.4146745031089854,RNA,A3vsA1_rna
ACZ81_RS04335,0.0102636873769559,256.6749653344803,0.9649018686824978,0.984533646275224,RNA,A3vsA1_rna
ACZ81_RS04340,0.0848494045807271,157.20857600244432,0.7750172867336074,0.879097923204759,RNA,A3vsA1_rna
ACZ81_RS04345,-0.1122275817598379,213.9817974212898,0.7815390924956098,0.8812241726353205,RNA,A3vsA1_rna
ACZ81_RS04350,0.7087850936596667,105.87164046241168,0.122265043283894,0.287025952987117,RNA,A3vsA1_rna
ACZ81_RS04355,0.7090471901463368,874.4235446197717,0.0264685307436848,0.1050363455426941,RNA,A3vsA1_rna
ACZ81_RS04360,1.161970524180934,76.95138365829219,0.0026384520605055,0.0207966005240637,RNA,A3vsA1_rna
ACZ81_RS04365,0.0560708743627719,281.63514678846394,0.7987674453307847,0.8917015764248035,RNA,A3vsA1_rna
ACZ81_RS04370,0.3125713119198969,74.57865817534388,0.4313731471643555,0.6416497407886163,RNA,A3vsA1_rna
ACZ81_RS04375,0.7450403291899205,186.6741879651709,0.0637304151705761,0.1895064313602183,RNA,A3vsA1_rna
ACZ81_RS04385,-0.9404831736453524,47.63053463675621,0.0438304967582344,0.147030061031803,RNA,A3vsA1_rna
ACZ81_RS04390,0.0592713329662044,25.031600495660623,0.9143667215834016,0.9605758803332304,RNA,A3vsA1_rna
ACZ81_RS04395,1.0649179974582026,142.58810540559108,0.0121744191105672,0.0623041579536127,RNA,A3vsA1_rna
ACZ81_RS04400,1.063538033473597,164.92092928131444,0.0029124874077387,0.0223880129837173,RNA,A3vsA1_rna
ACZ81_RS04405,0.21989348668305,1766.191007023017,0.3231189002169231,0.5349370634447028,RNA,A3vsA1_rna
ACZ81_RS04410,0.3601672749482108,760.4499166935501,0.070948346353817,0.2033176896939386,RNA,A3vsA1_rna
ACZ81_RS04430,0.6192600023883978,1743.7666684507408,0.0232662608956307,0.0965297194552951,RNA,A3vsA1_rna
ACZ81_RS04435,-2.2436300734312216,3744.858163007541,6.323627842726847e-05,0.0014497368517154,RNA,A3vsA1_rna
ACZ81_RS04440,-1.429651303842152,841.7134340599043,0.00012658691241724813,0.002472510564854,RNA,A3vsA1_rna
ACZ81_RS04445,-0.5899909011021393,936.1674290098348,0.2588517855049193,0.4630328633250891,RNA,A3vsA1_rna
ACZ81_RS04450,-0.9550982443095308,359.99620163528675,0.0674858506257033,0.1967683377255246,RNA,A3vsA1_rna
ACZ81_RS04455,1.543388764129881,3756.969378970525,0.0511410488631217,0.1624528012975807,RNA,A3vsA1_rna
ACZ81_RS04460,0.7451665978189795,468.1352948316628,0.3149937794346722,0.5265353259526351,RNA,A3vsA1_rna
ACZ81_RS04465,0.0437651834999394,59.14302421567947,0.8966699173140223,0.9496936927834896,RNA,A3vsA1_rna
ACZ81_RS04470,0.2932210517577274,58.90695059153968,0.541379467794637,0.7271074211209962,RNA,A3vsA1_rna
ACZ81_RS04475,-0.6008356783546117,2688.966640688921,0.0555013758605091,0.1731504820780424,RNA,A3vsA1_rna
ACZ81_RS04480,-1.1119232918305555,859.3559021666073,0.00019457096628975795,0.0033577540110153,RNA,A3vsA1_rna
ACZ81_RS04485,-1.3989774490900782,2795.428233883202,0.0019364896238985,0.0171127673371829,RNA,A3vsA1_rna
ACZ81_RS04490,-1.1003562077658011,598.71792368797,0.0080121114384653,0.0466539783615715,RNA,A3vsA1_rna
ACZ81_RS04495,0.8926188700378502,804.8731144608687,0.0191295611516994,0.0852753326006868,RNA,A3vsA1_rna
ACZ81_RS04505,0.6421690510032846,313.0790186894062,0.1447447787847835,0.3168118125938632,RNA,A3vsA1_rna
ACZ81_RS04510,0.6459047292516347,309.4733613445977,0.1259020395231398,0.2909671558564728,RNA,A3vsA1_rna
ACZ81_RS04515,0.5063887797611268,1783.5903681897817,0.0271773288113849,0.1064799249914809,RNA,A3vsA1_rna
ACZ81_RS04520,0.894480793334945,12.107100936750626,0.3431135334000085,0.5570908522868613,RNA,A3vsA1_rna
ACZ81_RS04525,-0.4222062526650181,61.79134112294486,0.3504593123700743,0.5639962941150173,RNA,A3vsA1_rna
ACZ81_RS04530,0.3732792486334703,412.16786016758897,0.0743863575745035,0.2101252799626492,RNA,A3vsA1_rna
ACZ81_RS04535,0.1284199334620921,494.82461577617687,0.6801110744101327,0.8201399550746776,RNA,A3vsA1_rna
ACZ81_RS04540,-0.0235187824171461,246.35534907698204,0.905362142216818,0.9541142407601456,RNA,A3vsA1_rna
ACZ81_RS04545,-0.0816416249936776,757.5772296715527,0.7888807078073643,0.8850641498107231,RNA,A3vsA1_rna
ACZ81_RS04550,0.6224810256152271,221.79500963222569,0.0865875148812961,0.2301360431983082,RNA,A3vsA1_rna
ACZ81_RS04555,0.5157401627479011,827.0045375471063,0.2421761190109613,0.4430508843921463,RNA,A3vsA1_rna
ACZ81_RS04560,-0.2204809083940999,572.1307591393129,0.700750300293159,0.8357343058193085,RNA,A3vsA1_rna
ACZ81_RS04565,-0.4473393010549394,959.4884970828032,0.395866333962183,0.607580616624437,RNA,A3vsA1_rna
ACZ81_RS04570,0.0936724344436782,102.96447379931188,0.7847434444819148,0.8821535080164173,RNA,A3vsA1_rna
ACZ81_RS04575,0.8024292239009769,2726.3388090775147,0.0780168460482554,0.2160135171467223,RNA,A3vsA1_rna
ACZ81_RS04580,0.707645194401801,2650.1235698335745,0.1432951805541609,0.3148719083204377,RNA,A3vsA1_rna
ACZ81_RS04585,0.3562313082877287,763.2735948826613,0.209897888094551,0.403116480150952,RNA,A3vsA1_rna
ACZ81_RS04590,0.3659024570944678,471.086499597946,0.3151075068824219,0.5265353259526351,RNA,A3vsA1_rna
ACZ81_RS04595,-0.0586232701628039,3404.5289093857577,0.8168842546856412,0.9028663488690222,RNA,A3vsA1_rna
ACZ81_RS04600,-0.3884150330223179,870.3215371659551,0.2733034824705493,0.4784003366805601,RNA,A3vsA1_rna
ACZ81_RS04605,0.437811204621243,608.6851813902257,0.1372035921512726,0.3069514097253651,RNA,A3vsA1_rna
ACZ81_RS04610,-0.2242731627559421,48.1812949967011,0.5180446421814526,0.7100769061947345,RNA,A3vsA1_rna
ACZ81_RS04615,-1.1163390877717674,608.515206441917,0.00014010114802763735,0.0026765990756518,RNA,A3vsA1_rna
ACZ81_RS04620,0.0741523310693423,351.6239944038286,0.8680815704948073,0.9352982371261868,RNA,A3vsA1_rna
ACZ81_RS04625,-0.1910216499729947,156.97396284998916,0.449444321245519,0.6561756247587417,RNA,A3vsA1_rna
ACZ81_RS04630,0.4146927888728843,546.3406555826991,0.0863045770374356,0.2299163101422257,RNA,A3vsA1_rna
ACZ81_RS04635,0.6824909135539289,74.09334697439058,0.0832141529085358,0.2246670131016458,RNA,A3vsA1_rna
ACZ81_RS04640,0.7913727891079494,306.7457633758619,0.0484908984120314,0.156891519700863,RNA,A3vsA1_rna
ACZ81_RS04645,0.2747626931691127,658.7700535804772,0.3112824204118358,0.521882603715957,RNA,A3vsA1_rna
ACZ81_RS04650,0.0950675364703117,196.3420014312168,0.7421625503436551,0.8598619583376457,RNA,A3vsA1_rna
ACZ81_RS04655,0.0292224467183559,178.93569423754877,0.9338710507498498,0.9705282098644562,RNA,A3vsA1_rna
ACZ81_RS04660,0.4350754850470371,439.1713428807205,0.077426724744506,0.2146758947304478,RNA,A3vsA1_rna
ACZ81_RS04665,0.0764609250514499,486.83196484237794,0.7823524445610739,0.881437238859598,RNA,A3vsA1_rna
ACZ81_RS04670,-0.0495557406608364,1652.7708640315284,0.8074997926780212,0.8961795762722603,RNA,A3vsA1_rna
ACZ81_RS04675,1.0287657816118252,129.47952045604083,0.0071968244006136,0.0436157998417854,RNA,A3vsA1_rna
ACZ81_RS04680,0.5320915900601909,1129.8273130820814,0.00037942221297297137,0.0054172310265037,RNA,A3vsA1_rna
ACZ81_RS04685,0.7186126584005811,113.94237127646606,0.0295261268464114,0.112389773157308,RNA,A3vsA1_rna
ACZ81_RS04690,1.5919143986983602,82.82034423841611,0.0001933819980868149,0.0033577540110153,RNA,A3vsA1_rna
ACZ81_RS04695,0.642402796575496,77.79479654899205,0.1196231719795002,0.283074573940352,RNA,A3vsA1_rna
ACZ81_RS04700,0.7272936695798071,1087.5297160333257,0.0045202851825341,0.0310537399868614,RNA,A3vsA1_rna
ACZ81_RS04705,1.541910098294132,274.1469748236458,5.931328010779018e-07,4.102842755042313e-05,RNA,A3vsA1_rna
ACZ81_RS04710,1.236773640954027,1351.0912159300126,2.587158856162408e-06,0.00014416224070727197,RNA,A3vsA1_rna
ACZ81_RS04715,0.9708481480058644,0.7092900935635966,0.7315115079237469,0.85368966006057,RNA,A3vsA1_rna
ACZ81_RS04720,-0.0396311622117359,27.813917225250965,0.9484783074294504,0.975840704744052,RNA,A3vsA1_rna
ACZ81_RS04725,0.0847888529000225,137.01373063357735,0.6289491071626647,0.7851100864768548,RNA,A3vsA1_rna
ACZ81_RS04730,0.6317697640249127,1412.1638876653203,0.0649302173600547,0.1918262386218995,RNA,A3vsA1_rna
ACZ81_RS04735,1.3369538578829778,53.0212982581688,0.0057141340323835,0.0367979225327811,RNA,A3vsA1_rna
ACZ81_RS04740,0.3075967045809792,3947.665293405455,0.5619224079553135,0.7401289234132362,RNA,A3vsA1_rna
ACZ81_RS04745,-0.1991135685771804,379.6194139036123,0.3091702341763654,0.5201123856195,RNA,A3vsA1_rna
ACZ81_RS04750,-0.6249600120139559,843.6395682868192,0.170113588511446,0.3510435502453569,RNA,A3vsA1_rna
ACZ81_RS04755,-1.2193002331289096,1232.9944724786285,5.602879505144287e-08,5.227616877822995e-06,RNA,A3vsA1_rna
ACZ81_RS04760,-1.0068317025374631,1015.0365030871033,3.450352070536065e-07,2.611851416413338e-05,RNA,A3vsA1_rna
ACZ81_RS04765,-0.463782256380197,693.9863343431158,0.0605131694801503,0.1832293101542364,RNA,A3vsA1_rna
ACZ81_RS04770,0.5578400568305835,216.10221621439115,0.1385867433030596,0.3083804848207848,RNA,A3vsA1_rna
ACZ81_RS04775,-0.2823680476685754,106.87950958663951,0.3061738111637823,0.516121567390376,RNA,A3vsA1_rna
ACZ81_RS04780,-1.7844812791096205,3338.304305121617,0.0017834222272747,0.0162246938227356,RNA,A3vsA1_rna
ACZ81_RS04785,-0.15366138945963,5207.556115475991,0.6461889810346685,0.7972048560612207,RNA,A3vsA1_rna
ACZ81_RS04790,0.3021948649099404,39.90794610046895,0.5007238703241275,0.6956039361981992,RNA,A3vsA1_rna
ACZ81_RS04795,0.597962695308108,593.6957807567182,0.1085461306638699,0.2650560415237043,RNA,A3vsA1_rna
ACZ81_RS04800,0.7167853100908862,83.66307219833314,0.1203516204391189,0.2840298242363206,RNA,A3vsA1_rna
ACZ81_RS04805,0.4589650626474783,155.57042997244525,0.2796769980331492,0.4859524106145496,RNA,A3vsA1_rna
ACZ81_RS04810,0.1700468942865544,379.61783686780194,0.7236259601465662,0.8503608799754446,RNA,A3vsA1_rna
ACZ81_RS04815,0.4524864315720416,1023.304387129302,0.1332162270680403,0.3022983614236299,RNA,A3vsA1_rna
ACZ81_RS04820,0.382053517006213,2394.036797308072,0.2231264345667428,0.4185054957839048,RNA,A3vsA1_rna
ACZ81_RS04825,-0.2383301308854426,3401.109105856169,0.5246801673044336,0.7137927306889634,RNA,A3vsA1_rna
ACZ81_RS04830,0.9961287551596654,11714.55046319319,0.0028264075560769,0.021974981710045,RNA,A3vsA1_rna
ACZ81_RS04835,0.7486092075943875,6095.111104798737,0.2613077489982643,0.4655269489258599,RNA,A3vsA1_rna
ACZ81_RS04840,0.3316022767413684,2161.8323545517715,0.1484190932962623,0.3218688661105971,RNA,A3vsA1_rna
ACZ81_RS04845,0.2920101551811679,1264.865767191698,0.3832935101177422,0.5951733848480759,RNA,A3vsA1_rna
ACZ81_RS04850,0.2096546228970213,708.7879662147834,0.4583500479133966,0.6643426272501977,RNA,A3vsA1_rna
ACZ81_RS04855,1.0096741790918595,248.2754931327236,0.0044893175992082,0.0309469797388717,RNA,A3vsA1_rna
ACZ81_RS04860,1.1448391401330615,254.60975237050863,0.0038321840195319,0.0276791437846295,RNA,A3vsA1_rna
ACZ81_RS04865,-1.2420049940767313,3154.2974291004166,0.0060098767870826,0.0382724216980563,RNA,A3vsA1_rna
ACZ81_RS04870,-0.3688149716390884,2444.092274146144,0.0734680766796938,0.2081595505924659,RNA,A3vsA1_rna
ACZ81_RS04875,-0.082713481071065,2324.678112900714,0.7168268128777574,0.8457985039175941,RNA,A3vsA1_rna
ACZ81_RS04880,0.4138732396040809,853.0526505387959,0.0566087695573647,0.1752425798334471,RNA,A3vsA1_rna
ACZ81_RS04885,-0.3264767885398171,1264.984192074994,0.1204763988060471,0.2841571499176138,RNA,A3vsA1_rna
ACZ81_RS04890,0.7030770207376746,351.8254594574351,0.0487438886621635,0.1575044898595798,RNA,A3vsA1_rna
ACZ81_RS04895,0.1909103920814921,173.31136154841738,0.5510733157710146,0.7333598663985136,RNA,A3vsA1_rna
ACZ81_RS04900,0.3392161372775359,1279.7598238202618,0.2125896386443344,0.406147442971938,RNA,A3vsA1_rna
ACZ81_RS04905,-0.0326039898777832,1208.9078321116594,0.8972445085719303,0.9500514564240128,RNA,A3vsA1_rna
ACZ81_RS04910,0.7866368757340039,236.4869994701704,0.0209149057197831,0.0894370914050261,RNA,A3vsA1_rna
ACZ81_RS04915,-1.6979626967457553,1669.05676131486,0.0022130821031647,0.0186140155092182,RNA,A3vsA1_rna
ACZ81_RS04920,-0.292342527399726,877.1909394660134,0.1852415345142629,0.3723391966288692,RNA,A3vsA1_rna
ACZ81_RS04925,-1.5777079381876706,9892.809657187989,5.755045226812442e-05,0.00135024803801,RNA,A3vsA1_rna
ACZ81_RS04930,-1.6068892300483677,1112.8749354041272,0.0004062303003395853,0.0056787315852348,RNA,A3vsA1_rna
ACZ81_RS04935,-1.442215133320694,645.2742355590706,0.0016949249683862,0.0157408309564016,RNA,A3vsA1_rna
ACZ81_RS04940,1.2526674558427604,3468.73855291428,0.0072855340908468,0.0439283027042009,RNA,A3vsA1_rna
ACZ81_RS04950,-0.2470252457107832,2681.7667144861543,0.5656539297556833,0.7435791501244434,RNA,A3vsA1_rna
ACZ81_RS04960,-0.5735118411332145,1770.5557126760218,0.223843277481867,0.4192593497706892,RNA,A3vsA1_rna
ACZ81_RS04965,-1.5084596775154984,243.554594053561,0.0011605346278448,0.0122153226215338,RNA,A3vsA1_rna
ACZ81_RS04970,-1.5793703424841,10877.43762221937,1.3013246831520224e-11,4.0591520850951325e-09,RNA,A3vsA1_rna
ACZ81_RS04975,-1.667384745541785,11844.109810573322,2.1124731139196497e-07,1.7296412516419663e-05,RNA,A3vsA1_rna
ACZ81_RS04980,-1.9392833864885284,1318.7649035312656,0.0011645300935417,0.0122153226215338,RNA,A3vsA1_rna
ACZ81_RS04985,-1.1694763128531498,6602.71337889772,6.595431845730542e-06,0.00026198883727793004,RNA,A3vsA1_rna
ACZ81_RS04990,-0.3716332509487043,1045.6823957143747,0.0025507685446081,0.0202647196058772,RNA,A3vsA1_rna
ACZ81_RS04995,-1.3161508721290651,780.7210984656517,0.0363375045460424,0.1300500162700467,RNA,A3vsA1_rna
ACZ81_RS05000,-1.236582191242464,792.7978919813742,0.0199950061171513,0.0876720923956405,RNA,A3vsA1_rna
ACZ81_RS05005,-0.7846262342653308,801.0475850781803,0.0860811511047145,0.2294734739083818,RNA,A3vsA1_rna
ACZ81_RS05010,-0.7846442542787291,1769.1438548475503,0.0563949767522572,0.1749472451361288,RNA,A3vsA1_rna
ACZ81_RS05015,-1.6627249002432372,2139.279538489244,0.0170889700550271,0.0779988030270409,RNA,A3vsA1_rna
ACZ81_RS05020,-1.535618064907447,1455.2405017739595,0.0053939394600509,0.0355557317552456,RNA,A3vsA1_rna
ACZ81_RS05025,-1.3520321684581418,1009.7427928188944,0.0209284156795713,0.0894370914050261,RNA,A3vsA1_rna
ACZ81_RS05030,-1.1376906767579993,800.9871265308259,0.0088306593295044,0.0498442080957487,RNA,A3vsA1_rna
ACZ81_RS05035,-0.9884302096354496,464.34107106182455,0.0193194385699505,0.0858909099186627,RNA,A3vsA1_rna
ACZ81_RS05040,-0.5795768803152964,939.4140524562148,0.0653836674806093,0.192447817688483,RNA,A3vsA1_rna
ACZ81_RS05045,-0.578052004776158,1430.2805853208504,0.03854155433319,0.1347451380883352,RNA,A3vsA1_rna
ACZ81_RS05050,-0.3274295569727705,199.48847062582809,0.253684070409684,0.4564038073917724,RNA,A3vsA1_rna
ACZ81_RS05055,-1.7783217660022046,23104.377353350592,0.0016668951612738,0.0155754498498152,RNA,A3vsA1_rna
ACZ81_RS05060,-1.4788228902028135,8940.470397044484,0.0199647260462166,0.0876350994501327,RNA,A3vsA1_rna
ACZ81_RS05065,-1.6867713499745376,14679.790511558906,7.808622795531135e-09,8.950912758763118e-07,RNA,A3vsA1_rna
ACZ81_RS05070,-1.4307690597481526,5860.032324702225,2.0886889849526963e-07,1.7296412516419663e-05,RNA,A3vsA1_rna
ACZ81_RS05075,-1.6641466989925122,20640.18763851472,3.928214399058518e-08,3.7523800402435176e-06,RNA,A3vsA1_rna
ACZ81_RS05080,-0.9907532088366332,1810.4259211089,0.0003289730166585589,0.0048702573536315,RNA,A3vsA1_rna
ACZ81_RS05085,-0.4188195747076181,465.1714879792165,0.2365082951797324,0.4356514883809354,RNA,A3vsA1_rna
ACZ81_RS05090,-0.2217983755434943,1908.7724078834997,0.5495046955194564,0.7326317052131415,RNA,A3vsA1_rna
ACZ81_RS05095,-1.5661874676955596,984.4988351597956,9.279721325668838e-06,0.0003377513556446839,RNA,A3vsA1_rna
ACZ81_RS05100,-0.5716755770703847,267.7886707930718,0.2704883382146479,0.4751310039041889,RNA,A3vsA1_rna
ACZ81_RS05105,-0.1032727181003102,259.5154571309346,0.7720272172215401,0.878362783909477,RNA,A3vsA1_rna
ACZ81_RS05110,-0.4966858900624799,313.34870748855366,0.1169815137513322,0.2788298358030015,RNA,A3vsA1_rna
ACZ81_RS05115,-2.087891239120925,2171.826009654605,3.335315214753163e-06,0.00017056348430502055,RNA,A3vsA1_rna
ACZ81_RS05120,-1.9478824399172368,160.70219783056513,2.182316791630101e-05,0.0006492664374526186,RNA,A3vsA1_rna
ACZ81_RS05125,-1.5865538421277814,966.499676097268,0.0018346451821751,0.0165779199794748,RNA,A3vsA1_rna
ACZ81_RS05130,-0.7448806103586905,332.3983695530917,0.078942831737405,0.2178257502960585,RNA,A3vsA1_rna
ACZ81_RS05135,-1.3721262784189765,1369.0506406393,2.5278936854840973e-08,2.5354773665405493e-06,RNA,A3vsA1_rna
ACZ81_RS05140,-1.5460400993727446,10802.760829700666,0.0004865897798340656,0.0064428983389249,RNA,A3vsA1_rna
ACZ81_RS05145,-0.2129464414142071,3023.2073438695065,0.2839636224924271,0.4912729855280801,RNA,A3vsA1_rna
ACZ81_RS05150,-1.2973379067125297,1918.2118620533415,0.0314289749148496,0.1180970560244615,RNA,A3vsA1_rna
ACZ81_RS05155,-0.7581416385015053,1605.4794549662363,0.0942479900061316,0.2434790314904058,RNA,A3vsA1_rna
ACZ81_RS05160,-1.2256815897514073,873.449974116403,0.1164365189137726,0.2780614963583666,RNA,A3vsA1_rna
ACZ81_RS05165,-0.9267281258094652,1198.9817327545557,0.1117695684523846,0.2702950624659235,RNA,A3vsA1_rna
ACZ81_RS05170,-0.4593010103542695,1100.502746529604,0.2170035413675878,0.4116958756263205,RNA,A3vsA1_rna
ACZ81_RS05175,0.0992737755101807,306.12967009719347,0.8013075956575932,0.89301279827174,RNA,A3vsA1_rna
ACZ81_RS05180,-0.0954201186205288,507.4805154522272,0.7441215061752648,0.8618404973369407,RNA,A3vsA1_rna
ACZ81_RS05185,0.432789722925777,65.15577694610623,0.2136315339587867,0.407168510329051,RNA,A3vsA1_rna
ACZ81_RS05190,-0.9961212321030743,939.0194354285534,0.001604510524485,0.0151166477730425,RNA,A3vsA1_rna
ACZ81_RS05195,-1.2427089906774873,831.1440031584348,0.0015682731653364,0.0150129882192427,RNA,A3vsA1_rna
ACZ81_RS05200,-1.081313875211359,1122.3741953285623,0.001156252902845,0.0122153226215338,RNA,A3vsA1_rna
ACZ81_RS05205,-1.0874370839468193,490.6057290412296,0.0178562241378839,0.0805839946470081,RNA,A3vsA1_rna
ACZ81_RS05210,-0.2761542072571709,313.22608383886046,0.5587599977414446,0.7386310085465159,RNA,A3vsA1_rna
ACZ81_RS05215,0.3411360131388125,214.8893538965906,0.3501481393237154,0.5639479465944386,RNA,A3vsA1_rna
ACZ81_RS05220,-0.0209593171936151,103.21727487825444,0.9592215538269344,0.9812767577253484,RNA,A3vsA1_rna
ACZ81_RS05225,-0.0509963663556702,85.43579562738118,0.8917674548201917,0.948771974934446,RNA,A3vsA1_rna
ACZ81_RS05230,-0.2970530493149817,159.61881438404237,0.3463666063727886,0.5605578155577361,RNA,A3vsA1_rna
ACZ81_RS05235,-0.0979473936360026,194.959465737676,0.696564525499276,0.8329707529964517,RNA,A3vsA1_rna
ACZ81_RS05240,0.3394495731751473,233.4082216523805,0.4591047736102407,0.6644570945515413,RNA,A3vsA1_rna
ACZ81_RS05245,-0.7292921160385821,1086.1179788885022,0.1687433868066496,0.349148255734027,RNA,A3vsA1_rna
ACZ81_RS05250,-1.532867761143701,3762.1519782438368,0.0024024297871205,0.0195508079227738,RNA,A3vsA1_rna
ACZ81_RS05255,-1.4977276351771551,5028.54960312903,0.0003721608054029728,0.0053399145498682,RNA,A3vsA1_rna
ACZ81_RS05260,-1.069911061602208,2626.383786084713,0.0015567372575925,0.0149953472401262,RNA,A3vsA1_rna
ACZ81_RS05265,-1.1364027577570657,948.6480359622576,0.0044310079730373,0.0305975972251733,RNA,A3vsA1_rna
ACZ81_RS05270,-0.5204621509601939,1705.7741308142745,0.0144126388968072,0.0694159750948265,RNA,A3vsA1_rna
ACZ81_RS05275,-1.119565029786036,5278.083453429783,0.0002094403470610328,0.0035756369038675,RNA,A3vsA1_rna
ACZ81_RS05280,-0.5787222299468568,1295.2647511670548,0.1053094385464304,0.2598410008907004,RNA,A3vsA1_rna
ACZ81_RS05285,-0.9941382489081548,610.2015026269494,0.0016583981321749,0.0155455451081448,RNA,A3vsA1_rna
ACZ81_RS05290,-0.8498329345229703,1743.6243918294977,0.047328226816696,0.1546599725606857,RNA,A3vsA1_rna
ACZ81_RS05295,-0.8738043266743679,2525.3895962609517,0.0036626452000295,0.0266963601386141,RNA,A3vsA1_rna
ACZ81_RS05300,0.0970712464637536,212.3678147505506,0.6759999887662731,0.8181333197376432,RNA,A3vsA1_rna
ACZ81_RS05305,-0.0221598976016024,208.8978998527708,0.9488421209388204,0.975840704744052,RNA,A3vsA1_rna
ACZ81_RS05310,0.1767924500297578,269.7963090109895,0.5822558066754034,0.7543224266342529,RNA,A3vsA1_rna
ACZ81_RS05315,-0.0700755099314383,545.0495168538023,0.7479595886116372,0.8641658353084065,RNA,A3vsA1_rna
ACZ81_RS05320,0.1998632017027795,109.73395655151644,0.6008933840578938,0.7658145669759434,RNA,A3vsA1_rna
ACZ81_RS05325,0.0650178341523041,138.19658942447,0.8458035068657037,0.9223603342063612,RNA,A3vsA1_rna
ACZ81_RS05330,-0.5630800569833924,566.5885184033718,0.0454945581080009,0.1505200130694025,RNA,A3vsA1_rna
ACZ81_RS05335,-0.2983960957023896,216.53326978682065,0.417603868257974,0.6262414711684892,RNA,A3vsA1_rna
ACZ81_RS05340,-0.1744619518699785,429.578243559538,0.578543330118744,0.7526684576717017,RNA,A3vsA1_rna
ACZ81_RS05345,-1.077839468547894,16754.823422137197,0.0001499040825371319,0.002823545441967,RNA,A3vsA1_rna
ACZ81_RS05350,-0.5310906777747118,20217.85684044682,0.0892729521724776,0.2349824034017965,RNA,A3vsA1_rna
ACZ81_RS05365,0.2573584947816546,304.5104673646149,0.469095354397517,0.6714272428979087,RNA,A3vsA1_rna
ACZ81_RS05370,-0.3414410179428489,729.9424365528812,0.4717888091004794,0.6740800221193459,RNA,A3vsA1_rna
ACZ81_RS05375,0.1062792624263736,1454.3289306268134,0.7205581862402541,0.8482627474166372,RNA,A3vsA1_rna
ACZ81_RS05380,0.93048910735866,193.959170390868,0.0148135669606952,0.0711760846063586,RNA,A3vsA1_rna
ACZ81_RS05385,-0.1162087230480643,105.68963310719408,0.774969575000565,0.879097923204759,RNA,A3vsA1_rna
ACZ81_RS05390,-0.4374830153203983,4017.9622298990985,0.0577017681768051,0.1772584180132789,RNA,A3vsA1_rna
ACZ81_RS05395,-0.9442080552441496,2609.27213305326,0.0648109441263182,0.1916149652430278,RNA,A3vsA1_rna
ACZ81_RS05415,-1.514963647059842,5880.033369317334,0.0003920786147496032,0.0055548676350047,RNA,A3vsA1_rna
ACZ81_RS05420,-0.5276588372463438,393.3134193746812,0.0513046935596476,0.1628436950643246,RNA,A3vsA1_rna
ACZ81_RS05425,-0.0414206549106076,1476.7758121720026,0.8784617988743929,0.9413431455886924,RNA,A3vsA1_rna
ACZ81_RS05430,0.0515244889172893,629.852076664981,0.8819509446636282,0.9440734231564772,RNA,A3vsA1_rna
ACZ81_RS05435,0.7559156389472751,101.84767229244,0.0614994121941549,0.185370353740344,RNA,A3vsA1_rna
ACZ81_RS05440,0.6030963613727138,234.5799752964687,0.0142087411159541,0.0686192315711672,RNA,A3vsA1_rna
ACZ81_RS05445,0.2006125992180292,135.61119823764116,0.4938874804729898,0.6899291684044692,RNA,A3vsA1_rna
ACZ81_RS05450,0.716829295399656,95.82950601966252,0.0150259481337563,0.0712268792985376,RNA,A3vsA1_rna
ACZ81_RS05455,0.3948771910598059,458.3557885165142,0.0846956622199856,0.227290298880657,RNA,A3vsA1_rna
ACZ81_RS05460,-0.760935125228114,1649.87713211782,4.9181288180735184e-05,0.0012193392879315,RNA,A3vsA1_rna
ACZ81_RS05465,-2.3811791587897986,30344.99168607768,2.1210046152589083e-05,0.0006492664374526186,RNA,A3vsA1_rna
ACZ81_RS05470,-2.150028892873748,13271.764178136702,8.613435172658298e-05,0.0018679514547408,RNA,A3vsA1_rna
ACZ81_RS05475,-2.2282149411442123,12548.66654884858,2.184720066203976e-05,0.0006492664374526186,RNA,A3vsA1_rna
ACZ81_RS05480,-0.3452982585952552,3170.221614193147,0.1309372843257367,0.298817056151795,RNA,A3vsA1_rna
ACZ81_RS05485,-0.6673311416647703,1900.969645404328,0.0002784557280947152,0.0042973485643114,RNA,A3vsA1_rna
ACZ81_RS05490,-1.563099098259822,6618.379540057072,1.938749340424881e-06,0.00011272843990992208,RNA,A3vsA1_rna
ACZ81_RS05495,-1.9608910053692168,11459.113454464588,5.175601968205924e-05,0.0012508744034001,RNA,A3vsA1_rna
ACZ81_RS05500,0.0874461349419257,482.0149635559689,0.760811333528137,0.8711116067679467,RNA,A3vsA1_rna
ACZ81_RS05505,-0.663237472810952,2799.723269879122,0.0853688174252142,0.228333130339973,RNA,A3vsA1_rna
ACZ81_RS05515,-0.2442599993328419,463.2484342112072,0.5029069102972787,0.6974291476365995,RNA,A3vsA1_rna
ACZ81_RS05520,-0.3081872141511257,419.3456977002957,0.0459711915874311,0.1515500580515809,RNA,A3vsA1_rna
ACZ81_RS05525,0.4983569793810176,565.6866393429979,0.0138182565783671,0.067525999259938,RNA,A3vsA1_rna
ACZ81_RS05530,1.760250991105558,43240.15761486454,3.301032983797492e-05,0.0009071057760955848,RNA,A3vsA1_rna
ACZ81_RS05535,1.8386247588651463,313.6556575384207,4.6056483954006346e-07,3.350329455460798e-05,RNA,A3vsA1_rna
ACZ81_RS05540,1.1287817379018168,377.7276679760257,0.0243001394074048,0.0990773976651505,RNA,A3vsA1_rna
ACZ81_RS05545,0.9130608253347344,793.8377842323802,0.0279404894596605,0.1083065156639207,RNA,A3vsA1_rna
ACZ81_RS05550,0.591393495027236,583.1196873149486,0.0298162493428258,0.1130650211374453,RNA,A3vsA1_rna
ACZ81_RS05555,0.6345200626508641,382.53501190526447,0.0036569118856162,0.0266963601386141,RNA,A3vsA1_rna
ACZ81_RS05560,0.0775195299237102,10705.903544471084,0.8682161407091592,0.9352982371261868,RNA,A3vsA1_rna
ACZ81_RS05565,0.0198843253066957,12745.350257855189,0.9695370130097348,0.9860031676033096,RNA,A3vsA1_rna
ACZ81_RS05570,-0.1601348653853126,3935.660354203957,0.6667780499207956,0.8137662790186146,RNA,A3vsA1_rna
ACZ81_RS05575,-0.0507658928385699,2513.6033692922424,0.8882670654671213,0.9470442377502234,RNA,A3vsA1_rna
ACZ81_RS05580,-0.2278218366907559,5076.759320815812,0.393613888978259,0.6055133905601132,RNA,A3vsA1_rna
ACZ81_RS05585,-0.0613227449824624,10345.00362651236,0.8679757881591359,0.9352982371261868,RNA,A3vsA1_rna
ACZ81_RS05590,-0.0716062523822356,259.95831667231914,0.7510568324630544,0.8651277668222149,RNA,A3vsA1_rna
ACZ81_RS05595,-0.4420926074175359,590.8297454004307,0.1668454471103389,0.3464720154278881,RNA,A3vsA1_rna
ACZ81_RS05600,-0.3711168381632684,441.3736210910273,0.237851415479435,0.4373326667752032,RNA,A3vsA1_rna
ACZ81_RS05605,-0.3356206068323362,25.25365338087483,0.549190714129228,0.7326317052131415,RNA,A3vsA1_rna
ACZ81_RS05610,-0.2574262206466151,60.99012383322537,0.5387744846493451,0.725806574292965,RNA,A3vsA1_rna
ACZ81_RS05615,-0.4085040873876997,90.26374840625262,0.1978117718726764,0.3890298180162636,RNA,A3vsA1_rna
ACZ81_RS05625,0.0917740508867015,423.59716888151615,0.7169892103249595,0.8457985039175941,RNA,A3vsA1_rna
ACZ81_RS05630,0.3348993802609088,99.10476532984067,0.3217999895181117,0.5339377824427891,RNA,A3vsA1_rna
ACZ81_RS05635,0.6242186808231509,48.31786102610927,0.0670407660690983,0.1958878133910795,RNA,A3vsA1_rna
ACZ81_RS05640,0.4381679012261543,223.19618672353224,0.3589301468863225,0.5721206791052547,RNA,A3vsA1_rna
ACZ81_RS05645,-0.6123016444432048,69.80144169703077,0.0791692558087447,0.2182775311124473,RNA,A3vsA1_rna
ACZ81_RS05650,0.7346860269930425,19.83568114012046,0.1768335850219875,0.361046485042348,RNA,A3vsA1_rna
ACZ81_RS05655,0.3063360265639707,30.93380350477277,0.4386391547921224,0.6474628095660856,RNA,A3vsA1_rna
ACZ81_RS05660,0.6169003140385249,149.05091059588958,0.0745651181011231,0.2103608946527491,RNA,A3vsA1_rna
ACZ81_RS05665,0.2194856539812182,97.33783922008038,0.5837196881243075,0.7549591839957195,RNA,A3vsA1_rna
ACZ81_RS05670,-0.9444011059865632,37.50619241085416,0.0803799037444065,0.2200199427813675,RNA,A3vsA1_rna
ACZ81_RS05675,0.1929290325586476,57.94143290117224,0.6858537416976713,0.8250810229958192,RNA,A3vsA1_rna
ACZ81_RS05680,1.1350661306952023,25.255458517922825,0.1609738345417595,0.3387269545447031,RNA,A3vsA1_rna
ACZ81_RS05685,0.1441436047818264,19.816748297045915,0.8440909179772136,0.9214946293672328,RNA,A3vsA1_rna
ACZ81_RS05690,-0.3362546888087721,85.26352510915808,0.3795677354321282,0.5911706940339986,RNA,A3vsA1_rna
ACZ81_RS05695,0.4870492362915918,84.18470542666618,0.1230075803438085,0.2876868111602215,RNA,A3vsA1_rna
ACZ81_RS05700,1.0264690102853609,1762.4468863191707,0.00017786754713166388,0.0032003923536495,RNA,A3vsA1_rna
ACZ81_RS05705,-0.3818447653721232,1285.645759627206,0.1574576966716551,0.3353080037402763,RNA,A3vsA1_rna
ACZ81_RS05710,0.7696430902550152,663.3047323313591,0.0017253056789717,0.0159491391337202,RNA,A3vsA1_rna
ACZ81_RS05715,0.6502067968251025,584.4181846607578,0.0235967755135079,0.0973973902882653,RNA,A3vsA1_rna
ACZ81_RS05720,1.4927218668121631,157.51732661266388,0.0202263041104526,0.0884928376130161,RNA,A3vsA1_rna
ACZ81_RS05725,1.555397128723031,1073.8797230958648,0.0414353438522994,0.1420842731072011,RNA,A3vsA1_rna
ACZ81_RS05730,0.8809495895676686,1348.1286345884737,0.0946898655879627,0.2437516692634234,RNA,A3vsA1_rna
ACZ81_RS05735,-0.2551327536753789,356.47159428632096,0.697196871508408,0.8332325068248644,RNA,A3vsA1_rna
ACZ81_RS05740,0.0183940033774725,1964.0862878080536,0.9845799114182076,0.9921304841323622,RNA,A3vsA1_rna
ACZ81_RS05745,-0.149620213398863,277.08517071277544,0.5519368160071325,0.7339643705073303,RNA,A3vsA1_rna
ACZ81_RS05755,-1.3878366394865165,76.76553653405144,0.0105715052424964,0.0565505053771943,RNA,A3vsA1_rna
ACZ81_RS05760,-1.67496604191703,684.8460278210642,0.0004057507532412912,0.0056787315852348,RNA,A3vsA1_rna
ACZ81_RS05765,-1.301304242289954,28.45037405741035,0.0250859470580836,0.1012523335986231,RNA,A3vsA1_rna
ACZ81_RS05770,-1.0392935253540023,70.99098570593347,0.0081348662372537,0.0470980812816112,RNA,A3vsA1_rna
ACZ81_RS05775,-1.7192056846347494,190.284550955339,4.9235534557553365e-05,0.0012193392879315,RNA,A3vsA1_rna
ACZ81_RS05780,0.7132852505538259,224.66408684969824,0.0278483869112834,0.1082139351299698,RNA,A3vsA1_rna
ACZ81_RS05785,-0.4055359322531532,324.22257412111804,0.304489639275496,0.5137142274067662,RNA,A3vsA1_rna
ACZ81_RS05790,0.2270987053512716,616.4725750529196,0.6618919802222296,0.8103480697746674,RNA,A3vsA1_rna
ACZ81_RS05795,0.2134781261104573,79.11216632836158,0.5134748338978923,0.7070697999869279,RNA,A3vsA1_rna
ACZ81_RS05800,0.1088549586969416,24.7735952897192,0.8837749799248101,0.9452292031667016,RNA,A3vsA1_rna
ACZ81_RS05805,0.5743721337384412,1117.6853492055236,0.124172677251421,0.2890606836411181,RNA,A3vsA1_rna
ACZ81_RS05810,0.6827681090890253,1020.5501925076384,0.1219860676454404,0.286754990399313,RNA,A3vsA1_rna
ACZ81_RS05815,0.4776706276787235,93.13349226785124,0.2540440880487205,0.4566419718868578,RNA,A3vsA1_rna
ACZ81_RS05820,0.1968082058545306,263.6191902630438,0.5006591387578749,0.6956039361981992,RNA,A3vsA1_rna
ACZ81_RS05825,-0.3875084381577319,948.0305282251372,0.0880125852823042,0.2330587643751655,RNA,A3vsA1_rna
ACZ81_RS05830,0.0613110649994478,515.3417852054031,0.7973589482004506,0.8910874930864088,RNA,A3vsA1_rna
ACZ81_RS05835,0.4494781120360047,511.0986475632391,0.1034340317954652,0.2571923831513897,RNA,A3vsA1_rna
ACZ81_RS05840,0.4509819664121465,146.5255195390465,0.363298622320606,0.5760328892232727,RNA,A3vsA1_rna
ACZ81_RS05845,-1.1089154000064898,1448.752118324314,0.0105650901901775,0.0565505053771943,RNA,A3vsA1_rna
ACZ81_RS05850,-0.2237820051555656,479.2058468097696,0.5427674674552522,0.7280709587825024,RNA,A3vsA1_rna
ACZ81_RS05855,0.4480824905626169,584.1046475252674,0.0874161121151729,0.231833359118366,RNA,A3vsA1_rna
ACZ81_RS05860,0.1342988940593467,1000.7751688884176,0.5862147639625079,0.7562218072160066,RNA,A3vsA1_rna
ACZ81_RS05865,0.0111394547627795,734.7726611435351,0.9772394459732492,0.9890224423769952,RNA,A3vsA1_rna
ACZ81_RS05870,0.3720334197564267,85.52709922515619,0.5534615508173605,0.7350345092580579,RNA,A3vsA1_rna
ACZ81_RS05875,-1.4243520040058395,6336.181959249133,0.0009601478114844108,0.010611881596902,RNA,A3vsA1_rna
ACZ81_RS05880,-1.7097376429809283,10786.352997349548,8.950767390087787e-05,0.0019101318494166,RNA,A3vsA1_rna
ACZ81_RS05885,-2.0871683858100005,63590.58080823145,0.00011030200325497714,0.0022578144747906,RNA,A3vsA1_rna
ACZ81_RS05890,0.1513781109115803,7584.793545403454,0.537920126950832,0.725667635953846,RNA,A3vsA1_rna
ACZ81_RS05895,0.223942131871237,1083.9105782499646,0.4937789669259764,0.6899291684044692,RNA,A3vsA1_rna
ACZ81_RS05900,-0.4736818716426835,8834.73083528792,0.4686896909956364,0.6711014648810693,RNA,A3vsA1_rna
ACZ81_RS05905,-0.082697101381351,1320.4623080444146,0.7278851676496592,0.852137523376257,RNA,A3vsA1_rna
ACZ81_RS05910,0.2283175867029204,1578.3879451571331,0.3330427946761766,0.5451520572177971,RNA,A3vsA1_rna
ACZ81_RS05915,-0.527787447458159,423.1064030927677,0.02293294398374,0.0954429162476814,RNA,A3vsA1_rna
ACZ81_RS05920,-1.724249969426327,416.2987266527037,0.0013973281232462,0.013945473707622,RNA,A3vsA1_rna
ACZ81_RS05925,0.2443319541981568,1267.5312165510256,0.5113555677717412,0.7054878053302014,RNA,A3vsA1_rna
ACZ81_RS05930,0.6777924133476032,216.69742179350425,0.0609333426091126,0.18394625323383,RNA,A3vsA1_rna
ACZ81_RS05935,-1.3156275847803809,4103.405400187426,5.150708933421306e-06,0.0002227774668571425,RNA,A3vsA1_rna
ACZ81_RS05940,0.1662567108655662,194.56095146009437,0.4710887357266541,0.673559518081018,RNA,A3vsA1_rna
ACZ81_RS05945,-0.112007569839119,143.09161190842113,0.7019690523672996,0.8363135207085725,RNA,A3vsA1_rna
ACZ81_RS05950,-0.6626543939130487,108.16605425420885,0.0999288016698737,0.2519884703671626,RNA,A3vsA1_rna
ACZ81_RS05955,0.9981765886853587,3757.375873127425,0.037775207918229,0.1337680245469926,RNA,A3vsA1_rna
ACZ81_RS05960,1.839547438161908,283.05499630613286,0.0009183441696664218,0.010349429237926,RNA,A3vsA1_rna
ACZ81_RS05965,0.0528648147220037,775.1499657012841,0.7656072047403663,0.873859489450455,RNA,A3vsA1_rna
ACZ81_RS05970,0.0164600164480867,50.432676133396896,0.970133211017922,0.9861095623521416,RNA,A3vsA1_rna
ACZ81_RS05975,-0.1209385822946362,109.10444260220316,0.748344747421145,0.8641658353084065,RNA,A3vsA1_rna
ACZ81_RS05980,-0.582296689492547,152.20222622363758,0.0770660002636921,0.2141196627825019,RNA,A3vsA1_rna
ACZ81_RS05985,0.1355623901478581,143.84979102438172,0.7411059936975375,0.8593402447151793,RNA,A3vsA1_rna
ACZ81_RS05990,-0.5674858551734329,545.8599467514955,0.045350117704756,0.1503674977119679,RNA,A3vsA1_rna
ACZ81_RS05995,-0.1221362224090795,261.25369078972415,0.7371094579174786,0.8583841254813804,RNA,A3vsA1_rna
ACZ81_RS06000,0.0595314021573329,217.42596275263145,0.866892958539598,0.9352982371261868,RNA,A3vsA1_rna
ACZ81_RS06015,-0.0629848195421647,394.9145552976551,0.8496271135695399,0.924335984479246,RNA,A3vsA1_rna
ACZ81_RS06020,-0.4225715826346794,2008.0453266434813,0.1348526279384316,0.3048049257966127,RNA,A3vsA1_rna
ACZ81_RS06025,-0.6556498360401248,924.2563777860448,0.0055684938077089,0.0362675278515071,RNA,A3vsA1_rna
ACZ81_RS06030,0.2817939391914981,481.6009704194447,0.3017289409504227,0.510997290701765,RNA,A3vsA1_rna
ACZ81_RS06035,-0.0345950643436148,573.4551433858356,0.9042598487466532,0.9539549074866084,RNA,A3vsA1_rna
ACZ81_RS06040,-0.2376243318121741,470.1916925304285,0.3092519550870561,0.5201123856195,RNA,A3vsA1_rna
ACZ81_RS06050,0.5878045801552366,1979.5169711816063,0.1061783117555751,0.2611817208849585,RNA,A3vsA1_rna
ACZ81_RS06055,-0.3075224595211736,1971.6447524525652,0.0258253969067525,0.103198697599493,RNA,A3vsA1_rna
ACZ81_RS06060,0.1781015926112979,73.37650227651004,0.6730515926855474,0.8160420035824769,RNA,A3vsA1_rna
ACZ81_RS06065,0.1433845335112076,3.8102511738410096,0.9037832859455924,0.9539549074866084,RNA,A3vsA1_rna
ACZ81_RS06070,0.5434162928897021,292.2030949697488,0.0404888792457496,0.1397946502013318,RNA,A3vsA1_rna
ACZ81_RS06075,0.5889106788007991,166.87303345672348,0.1699703520885707,0.3510435502453569,RNA,A3vsA1_rna
ACZ81_RS06080,0.0384254787010812,1002.4827568685804,0.9381708730215218,0.972095851345302,RNA,A3vsA1_rna
ACZ81_RS06085,-0.2925098095852222,486.64330942298926,0.5792188329915434,0.7526995896237546,RNA,A3vsA1_rna
ACZ81_RS06090,-0.4060978487802179,572.5855548777183,0.4231241350795749,0.6322435865695547,RNA,A3vsA1_rna
ACZ81_RS06095,-0.5019371905556862,1248.7743559053663,0.3475871331345913,0.5618531741079695,RNA,A3vsA1_rna
ACZ81_RS06100,0.3248923299979878,1804.634712448091,0.2237309833348343,0.4192474101538325,RNA,A3vsA1_rna
ACZ81_RS06105,0.1451412415301586,82.08385223795976,0.6994183197857855,0.8343937850076037,RNA,A3vsA1_rna
ACZ81_RS06110,-1.417331280696447,1262.4149987248934,1.397573022433753e-10,2.3362762358350903e-08,RNA,A3vsA1_rna
ACZ81_RS06115,-1.185610582951359,894.1681915040899,2.1666396127886117e-05,0.0006492664374526186,RNA,A3vsA1_rna
ACZ81_RS06120,0.2952697933129776,364.1274545274229,0.4828772307375394,0.681908993213308,RNA,A3vsA1_rna
ACZ81_RS06125,0.0026671293620839,63.28759902841762,0.9949249654131336,0.9974110347919768,RNA,A3vsA1_rna
ACZ81_RS06130,-0.9396011075909528,78.01596468217147,0.0238100791886735,0.0977748594728333,RNA,A3vsA1_rna
ACZ81_RS06135,-0.4900568980683262,105.27790538218618,0.2916237673483327,0.5004253869125367,RNA,A3vsA1_rna
ACZ81_RS06140,0.2156145606880607,17.72218097775397,0.7585426048397168,0.8701526533144286,RNA,A3vsA1_rna
ACZ81_RS06145,0.0659036650914715,112.96897908422012,0.8577420352993532,0.9302415922011572,RNA,A3vsA1_rna
ACZ81_RS06150,-0.2308370799733105,284.11023505782634,0.6036576686659743,0.7678739907063693,RNA,A3vsA1_rna
ACZ81_RS06155,-0.7454657595853138,3999.66447149537,0.0669995123177954,0.1958878133910795,RNA,A3vsA1_rna
ACZ81_RS06160,-0.5269271640966067,3202.9152816462865,0.3265550572503063,0.5382657722630358,RNA,A3vsA1_rna
ACZ81_RS06165,0.0460629865150508,541.8458968479417,0.8943539583140202,0.9487834835492562,RNA,A3vsA1_rna
ACZ81_RS06170,0.2159695460290487,1248.9319645807946,0.362616059513097,0.5759365125758296,RNA,A3vsA1_rna
ACZ81_RS06175,0.1754405609446792,238.91049697355464,0.7181529153964545,0.8462380956496314,RNA,A3vsA1_rna
ACZ81_RS06180,-1.6270309478559497,331.6100667139273,0.0216257436035357,0.0918121516797728,RNA,A3vsA1_rna
ACZ81_RS06185,0.8524077257277832,1058.0857256395489,0.0101478075111403,0.0548692772704784,RNA,A3vsA1_rna
ACZ81_RS06190,-0.4447336870499155,209.07150225964395,0.0801789759190842,0.2200199427813675,RNA,A3vsA1_rna
ACZ81_RS06195,-0.0393264569783583,3967.43806289198,0.8496610456220712,0.924335984479246,RNA,A3vsA1_rna
ACZ81_RS06200,0.6150772625287068,587.1527114665037,0.007823364204057,0.0459551056905955,RNA,A3vsA1_rna
ACZ81_RS06205,0.5001461162620379,1042.7211603398189,0.0064949155025131,0.0402744992211478,RNA,A3vsA1_rna
ACZ81_RS06210,0.1971614078252166,133.91827462377452,0.5920859634213969,0.7589293563088321,RNA,A3vsA1_rna
ACZ81_RS06215,-0.0649906955847861,257.5653836937336,0.8077961430985542,0.8962605437254977,RNA,A3vsA1_rna
ACZ81_RS06220,-0.4561086177834493,1619.6612622369855,0.2253417364187364,0.4212819415246835,RNA,A3vsA1_rna
ACZ81_RS06225,0.4440278564742035,363.3310787102809,0.2214201077233611,0.4166379745652712,RNA,A3vsA1_rna
ACZ81_RS06230,0.716496473046907,1155.530161147403,0.0198920227186659,0.0875074508193943,RNA,A3vsA1_rna
ACZ81_RS06235,0.1059867405810671,1136.5471730759807,0.7797959110115991,0.8803885107461613,RNA,A3vsA1_rna
ACZ81_RS06240,-0.3754781256808878,229.2194503883824,0.2893347938190971,0.4982022286704796,RNA,A3vsA1_rna
ACZ81_RS06245,-0.2181239826672237,317.3652278995609,0.383207521070684,0.5951733848480759,RNA,A3vsA1_rna
ACZ81_RS06250,0.6337825284398266,689.4940032989033,0.0320872087563005,0.1198693353252505,RNA,A3vsA1_rna
ACZ81_RS06255,0.798042080377926,4100.354853682396,0.0576197204380666,0.1771420064348839,RNA,A3vsA1_rna
ACZ81_RS06260,0.5762246945681349,10945.94538799059,0.0778806739797179,0.2157854033194948,RNA,A3vsA1_rna
ACZ81_RS06265,0.6470532533173916,10249.651314975672,0.1503475500782058,0.3241237887768736,RNA,A3vsA1_rna
ACZ81_RS06270,0.9647878036384624,1614.9721932886575,0.0585073472415022,0.1789111868391058,RNA,A3vsA1_rna
ACZ81_RS06275,-0.2341953691829064,226.14573038306776,0.586698337399974,0.7563733064423829,RNA,A3vsA1_rna
ACZ81_RS06280,0.3694228113477312,88.37362006151257,0.162500027213149,0.3409642729552166,RNA,A3vsA1_rna
ACZ81_RS06285,-0.4907753779299878,717.3482989146779,0.2641407878260658,0.4691159100301799,RNA,A3vsA1_rna
ACZ81_RS06290,0.0919619497404936,897.8890441317743,0.709667509838702,0.842113590497744,RNA,A3vsA1_rna
ACZ81_RS06295,0.7187597147695766,145.22519492800308,0.0072921858427212,0.0439283027042009,RNA,A3vsA1_rna
ACZ81_RS06300,0.0862501238931987,190.11167246040708,0.8086424988916994,0.8967036223199276,RNA,A3vsA1_rna
ACZ81_RS06305,-1.2853703005869268,81.39333667402096,0.0170874792787687,0.0779988030270409,RNA,A3vsA1_rna
ACZ81_RS06310,-0.6391929971312134,392.493423430806,0.2649205921349448,0.4696102928244136,RNA,A3vsA1_rna
ACZ81_RS06315,-0.5366759619728698,674.8804939169219,0.0607190977838198,0.1835757500442238,RNA,A3vsA1_rna
ACZ81_RS06320,-0.374311107267981,371.9278931477276,0.3246461767350026,0.5362208567562086,RNA,A3vsA1_rna
ACZ81_RS06325,-0.9464376014568512,1300.8248815002348,0.00038634338206791234,0.0054964881165122,RNA,A3vsA1_rna
ACZ81_RS06330,-1.7186503949754646,2286.583498538905,0.0006650828068496329,0.0082355315465454,RNA,A3vsA1_rna
ACZ81_RS06335,-0.7610394236835127,3398.5245632084816,0.1454107654528763,0.3177405572138253,RNA,A3vsA1_rna
ACZ81_RS06340,-0.2101211441631746,2054.019446309775,0.5429681726513578,0.7280709587825024,RNA,A3vsA1_rna
ACZ81_RS06345,-0.8234634345295151,391.92893046044,0.0169110113415344,0.0775394028596987,RNA,A3vsA1_rna
ACZ81_RS06350,-0.2640910458384453,322.67306132234813,0.2487186080770021,0.4505461264179805,RNA,A3vsA1_rna
ACZ81_RS06355,1.1840686526904471,479.82970620497696,0.1045334838822329,0.2585966951219565,RNA,A3vsA1_rna
ACZ81_RS06360,0.4547121322721493,763.0317987617592,0.3810292578459762,0.5925152645263785,RNA,A3vsA1_rna
ACZ81_RS06365,0.0224880864390947,265.51937907407955,0.9192594936735176,0.9636971749720808,RNA,A3vsA1_rna
ACZ81_RS06370,-0.1114671728964365,479.3173825422425,0.6130848665026047,0.7732463012915594,RNA,A3vsA1_rna
ACZ81_RS06375,2.3483979715354963,49.176979027957934,4.070101047566432e-06,0.00018998128115675148,RNA,A3vsA1_rna
ACZ81_RS06380,0.9873383798735031,51.21757745468673,0.093462156789893,0.2425421559127107,RNA,A3vsA1_rna
ACZ81_RS06385,1.2253110623322707,2495.253723141807,0.0019714695055578,0.0173454729304782,RNA,A3vsA1_rna
ACZ81_RS06390,0.953064885103684,165.8093089164084,0.0069327650932419,0.0422709020578824,RNA,A3vsA1_rna
ACZ81_RS06395,-0.995558613473732,743.1131337589048,0.0031254646713717,0.0236146219614754,RNA,A3vsA1_rna
ACZ81_RS06400,-0.5819309563948927,497.05182013432704,0.0037973773184775,0.027500140436339,RNA,A3vsA1_rna
ACZ81_RS06405,-0.2292554483800752,505.3516780664898,0.3119208874358975,0.5226399069784,RNA,A3vsA1_rna
ACZ81_RS06410,-1.4221322549819415,356.06828636718166,0.0071013828531978,0.0431024932027678,RNA,A3vsA1_rna
ACZ81_RS06415,-0.9267555479356,650.7952044631035,0.0006302324509138275,0.0079796080977426,RNA,A3vsA1_rna
ACZ81_RS06420,-0.5965389782232798,406.3646484457011,0.0087014236586935,0.0493778100688522,RNA,A3vsA1_rna
ACZ81_RS06425,-0.5865144934817373,500.1150997067964,0.0376479729132913,0.1337680245469926,RNA,A3vsA1_rna
ACZ81_RS06430,-0.6549923165951161,2366.4782893475985,0.006950105501246,0.0423123266631247,RNA,A3vsA1_rna
ACZ81_RS06435,-0.9241226420297628,2519.966707192528,5.701664352295549e-05,0.0013455927871417,RNA,A3vsA1_rna
ACZ81_RS06440,-0.5314115708072228,1302.5495033593534,0.0208244754223944,0.0894370914050261,RNA,A3vsA1_rna
ACZ81_RS06460,0.2986657886326875,4637.3270392980485,0.2604724770258245,0.4646578825378425,RNA,A3vsA1_rna
ACZ81_RS06470,0.7640614765376353,256.4801373974618,0.0654097177794573,0.192447817688483,RNA,A3vsA1_rna
ACZ81_RS06475,-0.0577600064529214,400.2410634242296,0.8138027901672156,0.9007036338633508,RNA,A3vsA1_rna
ACZ81_RS06480,0.4078094967951488,183.3637649266508,0.3598223001909391,0.5724335431576038,RNA,A3vsA1_rna
ACZ81_RS06485,-2.338942590680834,997.1223318349086,7.04723202163064e-07,4.67710942309515e-05,RNA,A3vsA1_rna
ACZ81_RS06490,-0.957093777733363,283.0960072080137,3.53808356180883e-05,0.0009591075168903396,RNA,A3vsA1_rna
ACZ81_RS06495,1.1960925323301328,327.4495976929936,0.0382459223731672,0.1342600968917607,RNA,A3vsA1_rna
ACZ81_RS06500,-5.323441675483717,2019.807923933256,1.0039320384215683e-11,3.6616139437703028e-09,RNA,A3vsA1_rna
ACZ81_RS06505,-1.6572864582339342,225.6931431579623,1.3134375116518102e-10,2.2910918681508968e-08,RNA,A3vsA1_rna
ACZ81_RS06510,0.1586469456744316,98.74484106041793,0.6323136873088767,0.7873502524777198,RNA,A3vsA1_rna
ACZ81_RS06515,-0.1513112519957811,109.86227697558851,0.5795306604738706,0.7526995896237546,RNA,A3vsA1_rna
ACZ81_RS06520,0.1203999583840188,363.2064462761756,0.7772721794580799,0.8801625695698043,RNA,A3vsA1_rna
ACZ81_RS06525,0.7521393811826599,1729.097038000852,0.0002251815214392187,0.0037178117860664,RNA,A3vsA1_rna
ACZ81_RS06530,-0.580365972323386,426.7845854154905,0.2034037655247311,0.395375924072297,RNA,A3vsA1_rna
ACZ81_RS06535,-0.5041507026169887,220.0171930276624,0.1748200340746135,0.3581786606824014,RNA,A3vsA1_rna
ACZ81_RS06540,-0.8212920479710741,91.66113119262846,0.0300360550369899,0.1137909847104851,RNA,A3vsA1_rna
ACZ81_RS06545,-1.0843192325649431,1098.4603613081524,0.00021501779467043053,0.0036245856815872,RNA,A3vsA1_rna
ACZ81_RS06550,-0.227747276992229,123.08449187518131,0.4735028529637207,0.6760474897119031,RNA,A3vsA1_rna
ACZ81_RS06555,-0.4745851362401468,145.86739291955664,0.0972436510508999,0.2475276099013753,RNA,A3vsA1_rna
ACZ81_RS06560,-0.4217906264800929,488.9325241197907,0.1807072871898781,0.36653065531132,RNA,A3vsA1_rna
ACZ81_RS06565,-0.6203441213965827,365.6527654585139,0.2192084894697429,0.4141727207584382,RNA,A3vsA1_rna
ACZ81_RS06570,-0.5747386438873723,756.8119426597478,0.1347322188291676,0.3047663672343647,RNA,A3vsA1_rna
ACZ81_RS06575,-0.4367351629492825,1189.2497568520928,0.190638146160619,0.38013928548529,RNA,A3vsA1_rna
ACZ81_RS06585,0.8563074723875959,61.07960839537812,0.1196325701817295,0.283074573940352,RNA,A3vsA1_rna
ACZ81_RS06590,0.607131924508007,3502.883197328335,0.0417046906599257,0.1427638386754455,RNA,A3vsA1_rna
ACZ81_RS06595,0.4443421614493728,2686.911225744117,0.1912739532835562,0.380652935632371,RNA,A3vsA1_rna
ACZ81_RS06600,0.254490793157914,91.03874382484872,0.4035790942149387,0.6140156715928456,RNA,A3vsA1_rna
ACZ81_RS06605,0.4681510997026675,189.88984683273384,0.0797982303026534,0.2192811643659216,RNA,A3vsA1_rna
ACZ81_RS06610,0.2851396632124982,429.27043964034857,0.2585933588762188,0.4629525014776394,RNA,A3vsA1_rna
ACZ81_RS06615,0.0666534287457509,342.56862245331274,0.835531185553082,0.916138594271376,RNA,A3vsA1_rna
ACZ81_RS06620,0.0626931636108084,151.67811086019117,0.8068231519018285,0.8961795762722603,RNA,A3vsA1_rna
ACZ81_RS06625,0.2568750727345154,2136.525418609139,0.3108713984531631,0.5214113923888337,RNA,A3vsA1_rna
ACZ81_RS06630,-1.664583546844434,635.6268717303016,5.633596591251286e-05,0.001339373878689,RNA,A3vsA1_rna
ACZ81_RS06635,0.0417262901894657,950.7010051374368,0.8579143893836652,0.9302415922011572,RNA,A3vsA1_rna
ACZ81_RS06640,0.2757301929378594,514.9935928092157,0.4743960172291168,0.6763599222186271,RNA,A3vsA1_rna
ACZ81_RS06645,0.4901719900842995,365.823767582366,0.1124394158863132,0.27142107069206,RNA,A3vsA1_rna
ACZ81_RS06650,-0.2967165558581678,685.0695311056023,0.7243142636930886,0.8503608799754446,RNA,A3vsA1_rna
ACZ81_RS06655,-0.3726184252634085,263.4455699884669,0.4636222125209228,0.667403055842821,RNA,A3vsA1_rna
ACZ81_RS06660,0.9520204104686472,463.8423362118504,0.0048134535630925,0.0323476979817875,RNA,A3vsA1_rna
ACZ81_RS06665,0.7033218400692471,1063.2572853938798,0.0073838936028425,0.0442812871967177,RNA,A3vsA1_rna
ACZ81_RS06670,-0.0594005790528824,844.705381917418,0.8171255515312611,0.9028663488690222,RNA,A3vsA1_rna
ACZ81_RS06675,0.1767599008644512,358.08602324626696,0.5755090636206759,0.7513642574832905,RNA,A3vsA1_rna
ACZ81_RS06680,0.1558613088023474,142.5397084711462,0.5500781611216238,0.7327070326759477,RNA,A3vsA1_rna
ACZ81_RS06685,0.7120998290211101,337.9605969307028,0.1779424137877845,0.3627565874576177,RNA,A3vsA1_rna
ACZ81_RS06690,-0.0078304414305473,584.5625995588674,0.9743309192950358,0.9883681023553356,RNA,A3vsA1_rna
ACZ81_RS06695,0.4911525681826655,246.8722224880836,0.0885045071935893,0.2336053176715004,RNA,A3vsA1_rna
ACZ81_RS06700,-0.1538145905823658,206.21988580604292,0.5968572996470318,0.7623659618541521,RNA,A3vsA1_rna
ACZ81_RS06705,-3.667208489005132,4596.89715711622,5.608694036230099e-09,7.258735636566179e-07,RNA,A3vsA1_rna
ACZ81_RS06710,-0.606783425112106,76.21609342846925,0.1268594228806927,0.2921746827250083,RNA,A3vsA1_rna
ACZ81_RS06715,0.5026141177094318,55.31807014598255,0.2659812569129153,0.4704457690363793,RNA,A3vsA1_rna
ACZ81_RS06720,-0.9784056800416668,66.55244273824691,0.0245832423456059,0.09981288720571,RNA,A3vsA1_rna
ACZ81_RS06725,-0.5142592148220376,109.80575093457756,0.1023632845955287,0.2553989414162072,RNA,A3vsA1_rna
ACZ81_RS06730,-0.5170782788406678,53.03508025302855,0.3262313292198276,0.5379531824208583,RNA,A3vsA1_rna
ACZ81_RS06735,0.3997045331647625,26.929370916338264,0.4205304315030087,0.6293055170421749,RNA,A3vsA1_rna
ACZ81_RS06740,0.4106961788303778,110.82654734617692,0.1809368094201053,0.3668107525990209,RNA,A3vsA1_rna
ACZ81_RS06750,-1.2618499860373051,3095.204546049351,4.393857594994302e-06,0.00019806917607996787,RNA,A3vsA1_rna
ACZ81_RS06755,-0.7009095507612811,3485.9921567261927,0.1385285234363441,0.3083804848207848,RNA,A3vsA1_rna
ACZ81_RS06760,-0.9945870553958016,10731.824434118134,0.0224271090301474,0.0943007954135354,RNA,A3vsA1_rna
ACZ81_RS06785,0.472111016917891,1588.7694326313865,0.0675763029398985,0.1968889814051363,RNA,A3vsA1_rna
ACZ81_RS06815,-0.2615105082972754,1271.3657262090646,0.5152556996891025,0.7084324424786426,RNA,A3vsA1_rna
ACZ81_RS06820,0.152215958059605,77.85232875794986,0.7482347774049001,0.8641658353084065,RNA,A3vsA1_rna
ACZ81_RS06825,1.2399951633010198,271.6098023625638,0.0501064226804097,0.1605080402077434,RNA,A3vsA1_rna
ACZ81_RS06830,0.5505555389401362,137.9679903715056,0.0718717746097294,0.2047937214021551,RNA,A3vsA1_rna
ACZ81_RS06835,-0.2154112560048771,921.6008333275976,0.3592446956632998,0.5723946461481966,RNA,A3vsA1_rna
ACZ81_RS06840,-0.7791424917301417,688.008874618059,0.0262875469033296,0.1045249139506031,RNA,A3vsA1_rna
ACZ81_RS06845,-0.2730446388846051,1318.2269311845705,0.3687765790935047,0.5813483832310966,RNA,A3vsA1_rna
ACZ81_RS06850,0.0875819199984463,752.9021698824808,0.6536795504809392,0.803727354131023,RNA,A3vsA1_rna
ACZ81_RS06855,-0.6670782459993781,363.0364892715507,0.0937854754157501,0.2429098304506064,RNA,A3vsA1_rna
ACZ81_RS06860,0.4633078850846958,285.36738941752094,0.0479408637916475,0.1559924943488159,RNA,A3vsA1_rna
ACZ81_RS06865,-0.1112720299818243,243.91727605211025,0.713552363341393,0.8438360468625283,RNA,A3vsA1_rna
ACZ81_RS06870,-0.7880893977853517,1035.8002024912132,0.0088333080648248,0.0498442080957487,RNA,A3vsA1_rna
ACZ81_RS06875,-0.5429748547109544,742.7523367850964,0.2806563160049235,0.4872319947259858,RNA,A3vsA1_rna
ACZ81_RS06880,-0.1063647305651134,169.96697844076536,0.8643930444083973,0.934234838526674,RNA,A3vsA1_rna
ACZ81_RS06885,0.5270615763503727,270.7892846588384,0.1631678745870293,0.3413445777951848,RNA,A3vsA1_rna
ACZ81_RS06890,0.5918142516850106,472.4521157914445,0.1965914246631527,0.3880834349515709,RNA,A3vsA1_rna
ACZ81_RS06895,0.2947821641548647,767.005079472843,0.5383985763341128,0.725806574292965,RNA,A3vsA1_rna
ACZ81_RS06900,0.1282295166243228,820.6422147261998,0.770319907734898,0.8779896221114805,RNA,A3vsA1_rna
ACZ81_RS06905,0.259061429860055,736.086648503375,0.4405677067712362,0.6488831275940526,RNA,A3vsA1_rna
ACZ81_RS06910,-0.1124896530641661,232.4577837685543,0.7030436098545937,0.8367742420181115,RNA,A3vsA1_rna
ACZ81_RS06915,-0.6064421171123178,900.8686423959206,0.0866165067870003,0.2301360431983082,RNA,A3vsA1_rna
ACZ81_RS06920,-0.8120796469527998,1557.511802993234,0.0151608092980162,0.0713910409667149,RNA,A3vsA1_rna
ACZ81_RS06925,-0.4109370360411451,947.3421885822972,0.1125057927619381,0.27142107069206,RNA,A3vsA1_rna
ACZ81_RS06930,-0.0450690349091953,186.57919385398304,0.8944847562516052,0.9487834835492562,RNA,A3vsA1_rna
ACZ81_RS06935,-0.7394532073638999,1474.7549373906077,0.014584546452706,0.0701597126717707,RNA,A3vsA1_rna
ACZ81_RS06940,-0.3730000805904787,1730.6428586181405,0.0109267134492704,0.0579101378579565,RNA,A3vsA1_rna
ACZ81_RS06945,0.8974949602475946,1416.6949622794275,0.0549377201239457,0.1716589821941356,RNA,A3vsA1_rna
ACZ81_RS06950,-1.834783392052275,2128.8051396562223,9.486574443542192e-05,0.0020031650877626,RNA,A3vsA1_rna
ACZ81_RS06955,-2.3407819311417613,7423.76382071958,7.435805131731522e-05,0.0016482016678733,RNA,A3vsA1_rna
ACZ81_RS06960,-0.8492485517013433,237.64871787210572,0.0388837088596704,0.1356534260391284,RNA,A3vsA1_rna
ACZ81_RS06965,-1.0403550864161308,874.5359126532679,0.0040497896674498,0.0288080782727108,RNA,A3vsA1_rna
ACZ81_RS06970,-0.0424456649736699,304.2306541028313,0.8719497496434032,0.9375077576458318,RNA,A3vsA1_rna
ACZ81_RS06975,-0.4743916703270645,956.532282385028,0.295315980152166,0.504817943063694,RNA,A3vsA1_rna
ACZ81_RS06980,0.2341667363397525,558.2115835212286,0.5760144470478987,0.7514844902134405,RNA,A3vsA1_rna
ACZ81_RS06985,-0.7795461923447994,1341.391778329094,0.2964776171280769,0.505727046946104,RNA,A3vsA1_rna
ACZ81_RS06990,0.2928372658644817,542.2490527726683,0.1226976259211441,0.2876039718065426,RNA,A3vsA1_rna
ACZ81_RS06995,0.0958506699804196,251.5525127789724,0.8030928648780755,0.8942571673302356,RNA,A3vsA1_rna
ACZ81_RS07000,0.5223616652674343,1056.1970361240722,0.0638254701848967,0.1895394421775024,RNA,A3vsA1_rna
ACZ81_RS07005,-0.0261347830489923,105.16461228987912,0.9281895411455476,0.9682932572558218,RNA,A3vsA1_rna
ACZ81_RS07010,0.2743695814423251,192.3511051567535,0.6082322548624111,0.7707605200593788,RNA,A3vsA1_rna
ACZ81_RS07015,-0.0077080492758424,166.46181849259756,0.9779292195686788,0.9890224423769952,RNA,A3vsA1_rna
ACZ81_RS07020,-0.5572127419012154,334.82746930477026,0.0786895383037647,0.217425914376518,RNA,A3vsA1_rna
ACZ81_RS07025,-1.0805182228016517,459.04945770623016,0.0045393450849409,0.0310802374398044,RNA,A3vsA1_rna
ACZ81_RS07030,-0.4443979380345561,1350.1888567473895,0.0227795648197955,0.0950928089608827,RNA,A3vsA1_rna
ACZ81_RS07035,0.4259275539120778,362.345191099012,0.0901152867643297,0.2359412089361426,RNA,A3vsA1_rna
ACZ81_RS07040,-0.1830759243800939,481.24598242590696,0.7800580327839788,0.8803885107461613,RNA,A3vsA1_rna
ACZ81_RS07045,-0.753752210825256,8023.788685119629,0.1077597587003589,0.2634565215757709,RNA,A3vsA1_rna
ACZ81_RS07050,0.0792999841121443,1989.07196758289,0.8303584769806777,0.9124618487117172,RNA,A3vsA1_rna
ACZ81_RS07055,0.3071111703798205,509.2946407550437,0.2800013473664799,0.4863053704044664,RNA,A3vsA1_rna
ACZ81_RS07060,-0.3119108475502342,876.612701228089,0.0713518698256658,0.2041170397414954,RNA,A3vsA1_rna
ACZ81_RS07065,-0.0232283652053021,4672.560662614867,0.939231210262888,0.972095851345302,RNA,A3vsA1_rna
ACZ81_RS07070,0.2138165577040309,2239.017784799052,0.6670035733677547,0.8137662790186146,RNA,A3vsA1_rna
ACZ81_RS07075,0.6136720428192385,100.23984380796983,0.1218021265186911,0.2866100478551254,RNA,A3vsA1_rna
ACZ81_RS07080,0.8561387768617991,802.9675657800418,0.0007125395021210789,0.0086365815181564,RNA,A3vsA1_rna
ACZ81_RS07085,0.6203187975531613,2336.894523769478,0.2751502586057313,0.4801665234998669,RNA,A3vsA1_rna
ACZ81_RS07090,-0.1627351649173562,2719.735875298492,0.7848269118027899,0.8821535080164173,RNA,A3vsA1_rna
ACZ81_RS07095,0.6239636290422537,641.4690809768131,0.1134321200361954,0.2731630645769604,RNA,A3vsA1_rna
ACZ81_RS07105,-1.0194231320196352,238.7939565861506,0.0218728092288186,0.0926649531425772,RNA,A3vsA1_rna
ACZ81_RS07110,0.1753279195828113,323.85846012086387,0.5497177932539403,0.7326317052131415,RNA,A3vsA1_rna
ACZ81_RS07115,-0.0787988533936567,141.67862627421428,0.7803244128148927,0.8803885107461613,RNA,A3vsA1_rna
ACZ81_RS07120,0.5589350930158213,180.62140737496009,0.0804415327999751,0.2200199427813675,RNA,A3vsA1_rna
ACZ81_RS07125,-0.3192430201957599,4038.429322632024,0.7478552117349662,0.8641658353084065,RNA,A3vsA1_rna
ACZ81_RS07130,-0.3038472423935207,864.5752550429468,0.196850880728495,0.3880912695246792,RNA,A3vsA1_rna
ACZ81_RS07135,-0.1263623256423852,973.8797781959004,0.6553626823934628,0.8045201664318364,RNA,A3vsA1_rna
ACZ81_RS07140,0.1965335907014927,214.1061711407945,0.5089769691499412,0.7039005860839587,RNA,A3vsA1_rna
ACZ81_RS07145,0.8111107885976158,79.67098453879721,0.0360998416750961,0.1296998587700365,RNA,A3vsA1_rna
ACZ81_RS07150,0.8316248564938948,831.7795141909878,5.27513941959834e-06,0.0002227774668571425,RNA,A3vsA1_rna
ACZ81_RS07155,0.0296375347679053,385.20291521730405,0.9475789044839976,0.9755007583017508,RNA,A3vsA1_rna
ACZ81_RS07160,-0.596252294987916,2620.4446118002074,0.047057462063188,0.1541927959515104,RNA,A3vsA1_rna
ACZ81_RS07165,0.2963778676684406,4563.904867990522,0.0455461854103326,0.1505200130694025,RNA,A3vsA1_rna
ACZ81_RS07170,-0.4345849893090147,782.147107317622,0.0434574912155155,0.1462679989569199,RNA,A3vsA1_rna
ACZ81_RS07175,0.1007223707519593,158.99191513464402,0.8419350721223662,0.9196415761924676,RNA,A3vsA1_rna
ACZ81_RS07180,-0.8086353905294471,200.23573873800768,0.0265356431480118,0.1051986169069401,RNA,A3vsA1_rna
ACZ81_RS07185,-1.7851073938105,28.63560649251068,0.015029333868365,0.0712268792985376,RNA,A3vsA1_rna
ACZ81_RS07190,-1.2376079945078142,297.6433234489914,0.020704694487539,0.0893673474078695,RNA,A3vsA1_rna
ACZ81_RS07200,1.923299848670536,2038.164902346315,4.19446918449982e-06,0.0001912296632751509,RNA,A3vsA1_rna
ACZ81_RS07205,-0.6913746906155138,134.43541244148017,0.0055516485977703,0.036216608413422,RNA,A3vsA1_rna
ACZ81_RS07210,-0.1366075791269975,166.60845972769667,0.8064732569928362,0.8961795762722603,RNA,A3vsA1_rna
ACZ81_RS07215,0.3236364239741212,70.7500471872127,0.3745696035883448,0.5870208006236091,RNA,A3vsA1_rna
ACZ81_RS07220,-0.705545283233717,57.7270264248321,0.1630582389186305,0.3413445777951848,RNA,A3vsA1_rna
ACZ81_RS07225,-1.270092372584278,614.317411277191,0.0344263886746227,0.1264964133027271,RNA,A3vsA1_rna
ACZ81_RS07230,-0.2429114079730536,346.8201728853894,0.4508336923865234,0.6572169443569282,RNA,A3vsA1_rna
ACZ81_RS07275,0.2595016943519994,189.18991545148447,0.4556925930715959,0.6615710847198256,RNA,A3vsA1_rna
ACZ81_RS07280,0.8635307210041973,715.9341182609487,0.0297181224099283,0.1128508074647437,RNA,A3vsA1_rna
ACZ81_RS07285,1.933929961881715,519.1860872403039,0.0100825747097674,0.0547263126309961,RNA,A3vsA1_rna
ACZ81_RS07290,1.783121227201156,4406.818181279024,0.00017487990402238166,0.0031747428730216,RNA,A3vsA1_rna
ACZ81_RS07295,-0.0325192081086454,1146.9034255836646,0.8613060837966263,0.9324230998899256,RNA,A3vsA1_rna
ACZ81_RS07300,-0.8172555989788015,542.0983835561746,0.0126205717282942,0.0638508622621898,RNA,A3vsA1_rna
ACZ81_RS07305,0.917726848805919,3282.835038497961,0.0469723943303729,0.1540909616136191,RNA,A3vsA1_rna
ACZ81_RS07315,0.7355167319375461,954.149008074443,0.1006104218422226,0.2524384067736068,RNA,A3vsA1_rna
ACZ81_RS07320,0.23553941471003,130.3173987137966,0.4242320097350579,0.6334271764261453,RNA,A3vsA1_rna
ACZ81_RS07325,-1.371713251691887,1572.21369512384,0.0212825532671903,0.0908357486254974,RNA,A3vsA1_rna
ACZ81_RS07330,-1.0209075799172995,1081.3359023955236,0.0021856622861239,0.0184965712695487,RNA,A3vsA1_rna
ACZ81_RS07335,-0.9971977248542042,134.69477230682404,0.0437918678459931,0.1470234090360874,RNA,A3vsA1_rna
ACZ81_RS07340,-0.0464183185387492,810.795961353387,0.8641365639467662,0.934234838526674,RNA,A3vsA1_rna
ACZ81_RS07345,0.5228565389212921,291.76340553136055,0.0947039188500582,0.2437516692634234,RNA,A3vsA1_rna
ACZ81_RS07350,0.2802618731043481,1063.9117969213523,0.5595249992857776,0.738911881874437,RNA,A3vsA1_rna
ACZ81_RS07355,-0.3026259647881735,333.1994834497243,0.7805953824290953,0.8804466332036915,RNA,A3vsA1_rna
ACZ81_RS07360,1.0863470394306654,240.58283961772872,4.708808875051925e-06,0.00020760155172206947,RNA,A3vsA1_rna
ACZ81_RS07365,0.4463796242865556,114.8678682283597,0.1515341329446071,0.3256319985933389,RNA,A3vsA1_rna
ACZ81_RS07370,1.246120788993223,32.423819859121494,0.0158167760146035,0.0737013999658415,RNA,A3vsA1_rna
ACZ81_RS07375,0.4429576585005072,710.1198612270816,0.2097213131308827,0.403116480150952,RNA,A3vsA1_rna
ACZ81_RS07380,0.6616686446314306,18636.944890724997,0.1661832190947534,0.345275543763931,RNA,A3vsA1_rna
ACZ81_RS07385,-0.4655122438219021,37.11582073109124,0.6378000169464957,0.7907458800955935,RNA,A3vsA1_rna
ACZ81_RS07390,0.2465349982377808,52.5538861148089,0.7564752863824716,0.8685780250134293,RNA,A3vsA1_rna
ACZ81_RS07395,-0.9573227318102804,153.76328024138172,0.2888910383273329,0.4976517156587632,RNA,A3vsA1_rna
ACZ81_RS07400,-0.0176797699514329,63.09782064788313,0.9694062200843528,0.9860031676033096,RNA,A3vsA1_rna
ACZ81_RS07405,-0.0550049398430451,82.76051506686807,0.9351374102358814,0.9705282098644562,RNA,A3vsA1_rna
ACZ81_RS07410,-0.319024874514597,774.5147204834216,0.5275112321457198,0.7162696371183643,RNA,A3vsA1_rna
ACZ81_RS07415,-0.3202270694516884,1189.421636121648,0.3053445765619055,0.5149400761523181,RNA,A3vsA1_rna
ACZ81_RS07420,-0.0814731501349714,1834.3614497538535,0.7955111229530841,0.8897977580589731,RNA,A3vsA1_rna
ACZ81_RS07425,-0.0714505086582393,2482.270447297818,0.8650030994806862,0.934234838526674,RNA,A3vsA1_rna
ACZ81_RS07430,-1.3227373204731994,546.7677971141003,0.0005041270951113563,0.0066531510052196,RNA,A3vsA1_rna
ACZ81_RS07435,0.8455495424470528,852.0700239587469,0.0121750896898385,0.0623041579536127,RNA,A3vsA1_rna
ACZ81_RS07440,0.9681061165278384,719.2830877916501,0.0022073935740302,0.0186051744096835,RNA,A3vsA1_rna
ACZ81_RS07445,0.9442995879820376,1392.2432618467255,0.002889240469725,0.022291601470263,RNA,A3vsA1_rna
ACZ81_RS07450,-0.0097901150376672,156.14040097171585,0.9777339259678486,0.9890224423769952,RNA,A3vsA1_rna
ACZ81_RS07455,0.2271334496199124,14.996885626334798,0.7035714095091126,0.836946238036405,RNA,A3vsA1_rna
ACZ81_RS07460,0.1793039025691939,246.29961709230665,0.5914793256526247,0.7587227344776863,RNA,A3vsA1_rna
ACZ81_RS07465,0.126727252809144,852.5428135049781,0.637599396856835,0.7907458800955935,RNA,A3vsA1_rna
ACZ81_RS07470,-0.0031894192056366,314.5745652834756,0.9893782437761116,0.9948334621628472,RNA,A3vsA1_rna
ACZ81_RS07475,0.1048459126036854,207.37032439930783,0.7553183988136243,0.8680428003552737,RNA,A3vsA1_rna
ACZ81_RS07480,0.1892897912247392,202.83548081518,0.5294039036774687,0.7177994124886801,RNA,A3vsA1_rna
ACZ81_RS07485,0.2661061791164373,70.7216771500328,0.6311017230116831,0.7865735050397243,RNA,A3vsA1_rna
ACZ81_RS07490,-1.5797038769743412,6958.163340127723,0.00012626425799140188,0.002472510564854,RNA,A3vsA1_rna
ACZ81_RS07495,-1.217792486438671,741.4064926585392,0.0352850434215538,0.1277315312905979,RNA,A3vsA1_rna
ACZ81_RS07500,-1.1646947659311675,224.367935873228,0.0045170160877649,0.0310537399868614,RNA,A3vsA1_rna
ACZ81_RS07505,-0.2335782654671593,348.0965338016675,0.5062555812497818,0.7011036907056004,RNA,A3vsA1_rna
ACZ81_RS07525,-1.142548174131888,43.80366558098065,0.0282188281270557,0.1086506127118498,RNA,A3vsA1_rna
ACZ81_RS07530,0.0519500084232162,651.6725862161294,0.8059372407898973,0.8961795762722603,RNA,A3vsA1_rna
ACZ81_RS07535,-0.1556249209856905,7.699022579591689,0.8537647387729477,0.9275126271207867,RNA,A3vsA1_rna
ACZ81_RS07540,-0.0978715236561758,7.657737069709304,0.9065326985224876,0.9548462028018432,RNA,A3vsA1_rna
ACZ81_RS07545,-0.4479960450492209,68.90361964393915,0.1353144409786815,0.3050698469671833,RNA,A3vsA1_rna
ACZ81_RS07555,0.1442426848097571,145.1477525936569,0.7177144728730211,0.8461564693407466,RNA,A3vsA1_rna
ACZ81_RS07560,-2.2214844879809648,1.3155587591568871,0.3219814693201177,0.5340180466772683,RNA,A3vsA1_rna
ACZ81_RS07565,0.0532455667121282,52.795189508736,0.9139298722597796,0.9603684252242628,RNA,A3vsA1_rna
ACZ81_RS07570,0.421283531867451,62.62404713325106,0.2583930168112275,0.4629525014776394,RNA,A3vsA1_rna
ACZ81_RS07575,-0.67847545195853,139.8545640695215,0.0290784544902156,0.1113194269224669,RNA,A3vsA1_rna
ACZ81_RS07580,-0.2301451081509274,130.3951344107266,0.5832320833030592,0.7546549563787999,RNA,A3vsA1_rna
ACZ81_RS07585,-0.3283245887070145,227.4221717913625,0.0963486005374231,0.2463674858866421,RNA,A3vsA1_rna
ACZ81_RS07590,0.2622937195985331,565.495488389089,0.1192687031067293,0.2828049863263582,RNA,A3vsA1_rna
ACZ81_RS07595,0.4630017096113535,258.42042256302483,0.1240587595262629,0.2890606836411181,RNA,A3vsA1_rna
ACZ81_RS07600,0.4909801166142594,156.30979136169194,0.2224942732725197,0.4179059102852757,RNA,A3vsA1_rna
ACZ81_RS07605,0.505326952357918,192.7288251054588,0.0952980803677444,0.2449301079022361,RNA,A3vsA1_rna
ACZ81_RS07615,-1.3089060384205646,117.5795948768458,0.0022983727214108,0.019007066715109,RNA,A3vsA1_rna
ACZ81_RS07620,0.4545493819323636,147.05850765945593,0.2952995091697262,0.504817943063694,RNA,A3vsA1_rna
ACZ81_RS07625,0.1109691570566309,584.9902588129804,0.6265663746781247,0.7841476323148241,RNA,A3vsA1_rna
ACZ81_RS07630,-0.0498474310406834,853.9725303930109,0.7607254459092487,0.8711116067679467,RNA,A3vsA1_rna
ACZ81_RS07635,0.4982400314460742,55.9521731756546,0.4105058156001466,0.6205536293096413,RNA,A3vsA1_rna
ACZ81_RS07640,-1.093117525750586,30.117418324918955,0.0440173708488094,0.1474104272499362,RNA,A3vsA1_rna
ACZ81_RS07645,-1.0395685080901311,96.43817356605597,0.0615436967054183,0.185370353740344,RNA,A3vsA1_rna
ACZ81_RS07650,-0.4618761282049102,59.00068252745943,0.3657255308429766,0.5782616365665609,RNA,A3vsA1_rna
ACZ81_RS07655,-0.239628310374667,192.0565150971396,0.5164461726614539,0.7093399673802646,RNA,A3vsA1_rna
ACZ81_RS07660,-0.4957574058587611,356.8299510372434,0.0101242423367509,0.0548157358367675,RNA,A3vsA1_rna
ACZ81_RS07665,0.1498123141855568,96.29572353040214,0.6751659322445609,0.817370464745075,RNA,A3vsA1_rna
ACZ81_RS07670,-0.2785713583538484,198.2106026964903,0.2524127754577384,0.4551420907594382,RNA,A3vsA1_rna
ACZ81_RS07675,-0.1771933642963717,229.62914207472045,0.595898858526539,0.7613841466269027,RNA,A3vsA1_rna
ACZ81_RS07680,0.287491835719274,328.49596115210124,0.3018603137993976,0.510997290701765,RNA,A3vsA1_rna
ACZ81_RS07685,0.7491484212218498,31.326281905481025,0.1635071969827998,0.3414840574154049,RNA,A3vsA1_rna
ACZ81_RS07690,0.7110227691850425,215.35230270944035,0.0947180589186633,0.2437516692634234,RNA,A3vsA1_rna
ACZ81_RS07695,0.3360468655639183,532.2681261496837,0.4277133322816248,0.6369658088767182,RNA,A3vsA1_rna
ACZ81_RS07700,-0.7161838399275406,599.7869939958919,0.1014541399395361,0.2537618512702113,RNA,A3vsA1_rna
ACZ81_RS07705,-1.375049562223425,4831.481169493688,0.0013950482858584,0.013945473707622,RNA,A3vsA1_rna
ACZ81_RS07710,0.0171031328265012,219.65322925041087,0.9667837494878172,0.9852831529764492,RNA,A3vsA1_rna
ACZ81_RS07715,-1.7686143598357251,791.6713658982935,0.0223637857214972,0.094239822923378,RNA,A3vsA1_rna
ACZ81_RS07720,0.18676457482978,456.5540061264378,0.4859197836168741,0.685000060390337,RNA,A3vsA1_rna
ACZ81_RS07725,0.2610838168698905,372.14083032822856,0.3629827912885737,0.5760328892232727,RNA,A3vsA1_rna
ACZ81_RS07730,0.2780038316764002,220.80685754581984,0.2782892841268886,0.4850115586086347,RNA,A3vsA1_rna
ACZ81_RS07735,0.3107745438454962,110.15753628807886,0.4013474155843443,0.6122455632412127,RNA,A3vsA1_rna
ACZ81_RS07740,0.6896162386869977,4.324073809695692,0.5610251036621168,0.7401289234132362,RNA,A3vsA1_rna
ACZ81_RS07745,-0.4579677688006108,42.97753944224354,0.1851905270849275,0.3723391966288692,RNA,A3vsA1_rna
ACZ81_RS07750,-0.4366135889928952,265.8534392152867,0.0603161598568096,0.1832293101542364,RNA,A3vsA1_rna
ACZ81_RS07755,-0.6092528197877175,67.85931547079721,0.1900611441194022,0.3793658259736526,RNA,A3vsA1_rna
ACZ81_RS07760,-1.1520118232684495,1807.394228305213,0.0139972462986612,0.0679958889054228,RNA,A3vsA1_rna
ACZ81_RS07765,0.335203136342223,96.2620101970988,0.5337585018438704,0.7212661197027982,RNA,A3vsA1_rna
ACZ81_RS07770,0.4231763208941265,1388.4086937227262,0.3896041429514096,0.6016519713321999,RNA,A3vsA1_rna
ACZ81_RS07775,0.053233277299735,138.16309579959008,0.9124930219484416,0.959372241616238,RNA,A3vsA1_rna
ACZ81_RS07780,0.5083933718056818,212.71423353332767,0.2432599718121793,0.4438491013724061,RNA,A3vsA1_rna
ACZ81_RS07785,0.2070345000765713,71.17098549750148,0.7016409998978665,0.8363135207085725,RNA,A3vsA1_rna
ACZ81_RS07790,-0.3042344930896694,102.3979046956096,0.4490548575133392,0.6560069570874221,RNA,A3vsA1_rna
ACZ81_RS07795,-0.4322574129276408,298.9140319411868,0.3068401738087946,0.5170276259222528,RNA,A3vsA1_rna
ACZ81_RS07800,-0.7075675623087684,977.0386747904156,0.0564215035948827,0.1749472451361288,RNA,A3vsA1_rna
ACZ81_RS07805,-0.4766998794551199,786.1141743329429,0.3232022536864306,0.5349370634447028,RNA,A3vsA1_rna
ACZ81_RS07810,-0.56191032642266,601.6145654456978,0.0482771809641395,0.1564523828983261,RNA,A3vsA1_rna
ACZ81_RS07815,-0.350945988080836,314.0940278249432,0.2098187541119039,0.403116480150952,RNA,A3vsA1_rna
ACZ81_RS07820,-0.0706065359802402,120.32741428218036,0.8670392428575002,0.9352982371261868,RNA,A3vsA1_rna
ACZ81_RS07825,-0.0680631878776822,343.1544635105635,0.761034821862496,0.8711188888194962,RNA,A3vsA1_rna
ACZ81_RS07830,0.1739254823259729,778.4659526506641,0.3496604579974932,0.5633886576248766,RNA,A3vsA1_rna
ACZ81_RS07835,-0.534918964484399,1758.5718194871745,0.1618330201862627,0.3400601633799526,RNA,A3vsA1_rna
ACZ81_RS07840,-0.4067709531336132,3231.840472896214,0.2188490301662368,0.4141614665221425,RNA,A3vsA1_rna
ACZ81_RS07845,-0.1631732883790115,855.8794495759147,0.4863883937565151,0.6851791558114954,RNA,A3vsA1_rna
ACZ81_RS07850,-1.443889955352919,12753.019534990588,0.0046932178091342,0.031859881303294,RNA,A3vsA1_rna
ACZ81_RS07855,0.8654228629839641,68.21587199930482,0.1297529975767901,0.2971284396564394,RNA,A3vsA1_rna
ACZ81_RS07860,0.0485011470568966,244.1015049319084,0.9395846230531544,0.972095851345302,RNA,A3vsA1_rna
ACZ81_RS07865,-0.5632509058544423,20.688925361381724,0.5994726707316318,0.7643161106048034,RNA,A3vsA1_rna
ACZ81_RS07870,-0.7376345658914514,39.4618109062581,0.4396499532335346,0.6484836810194636,RNA,A3vsA1_rna
ACZ81_RS07875,-0.229070821056865,152.8779987247114,0.6527545170239677,0.802873196626409,RNA,A3vsA1_rna
ACZ81_RS07880,-0.0660904306397323,891.3329076844201,0.8857963638925165,0.9460391853097844,RNA,A3vsA1_rna
ACZ81_RS07885,-0.2300775557478951,1197.9699937370617,0.659437803812398,0.8083301157639293,RNA,A3vsA1_rna
ACZ81_RS07890,-0.2530260566992795,619.3164726130535,0.5739136378171865,0.7503066643425708,RNA,A3vsA1_rna
ACZ81_RS07895,-0.7468013307525908,2381.176387370811,0.0748459687554333,0.2107242292258234,RNA,A3vsA1_rna
ACZ81_RS07900,-1.2496928170399186,4828.362474965428,0.0002650957196398543,0.0041383814287746,RNA,A3vsA1_rna
ACZ81_RS07905,-1.0353466350545604,492.87221370102486,0.0014468963101316,0.0143332049290076,RNA,A3vsA1_rna
ACZ81_RS07910,-0.1654382147761926,149.4685743244726,0.6063961105667179,0.7696492235348537,RNA,A3vsA1_rna
ACZ81_RS07915,-0.9175462857709742,790.0840871990848,0.0100084577364358,0.0544829476778569,RNA,A3vsA1_rna
ACZ81_RS07920,-0.2099052074413177,830.0545303989005,0.5611977729646547,0.7401289234132362,RNA,A3vsA1_rna
ACZ81_RS07925,0.1303862824882769,176.57381063785476,0.6036453334898817,0.7678739907063693,RNA,A3vsA1_rna
ACZ81_RS07930,-0.0277266356152852,416.2154931072185,0.9220086115655944,0.9658220756138812,RNA,A3vsA1_rna
ACZ81_RS07935,-1.2778255696009544,1251.366588987186,0.0065162959118683,0.0403447209852094,RNA,A3vsA1_rna
ACZ81_RS07945,-0.4201864437963765,5137.214496187339,0.1359640934609956,0.305938274237529,RNA,A3vsA1_rna
ACZ81_RS07950,-1.0709984986935597,25608.63464397848,0.0130217795786486,0.065222696216652,RNA,A3vsA1_rna
ACZ81_RS07955,-0.4774981417569621,6131.473070993148,0.1593444676577452,0.3370005293847516,RNA,A3vsA1_rna
ACZ81_RS07960,0.0198029160482285,7598.599258609663,0.9617349425678346,0.9827893058314808,RNA,A3vsA1_rna
ACZ81_RS07965,0.4601332175429163,354.23283607819985,0.1473730518133051,0.3209563773301543,RNA,A3vsA1_rna
ACZ81_RS07970,0.6264454751780707,968.0991253314812,0.1751271587200693,0.3582917699056187,RNA,A3vsA1_rna
ACZ81_RS07975,0.4253468226709335,1327.7204244052634,0.2020433461843373,0.3938900451565817,RNA,A3vsA1_rna
ACZ81_RS07980,0.3948307005834122,203.2502982588377,0.1936927377130093,0.3843201106353083,RNA,A3vsA1_rna
ACZ81_RS07985,0.0073445451927719,613.1721079349497,0.9729488537034364,0.9877203443973146,RNA,A3vsA1_rna
ACZ81_RS07990,0.0761975737278357,267.1826193704432,0.7955395209764548,0.8897977580589731,RNA,A3vsA1_rna
ACZ81_RS07995,0.0402623587831342,97.47360229684054,0.8957845847918411,0.9493574093685674,RNA,A3vsA1_rna
ACZ81_RS08000,0.1504155343424384,75.79517968843741,0.7315516079980657,0.85368966006057,RNA,A3vsA1_rna
ACZ81_RS08005,-0.7201071770144881,242.2183965742622,0.0091197528914009,0.0509588420617001,RNA,A3vsA1_rna
ACZ81_RS08010,-0.1820730814046725,2367.1455899897296,0.6128438661092668,0.7731854059215025,RNA,A3vsA1_rna
ACZ81_RS08015,-0.2990544640393734,358.0434104806003,0.3870479230991731,0.5995506824223485,RNA,A3vsA1_rna
ACZ81_RS08020,0.9386841836262952,173.49815521845923,1.5572234999612976e-05,0.0005120967772003874,RNA,A3vsA1_rna
ACZ81_RS08025,0.4678606463277686,223.33730848018632,0.1061759581395498,0.2611817208849585,RNA,A3vsA1_rna
ACZ81_RS08030,0.2241393967506348,105.73342376999568,0.4267113769233626,0.6359461838029631,RNA,A3vsA1_rna
ACZ81_RS08035,0.0493049410500057,137.2844888850702,0.8687737035578126,0.9354589636806075,RNA,A3vsA1_rna
ACZ81_RS08040,0.3135910708179646,231.94736514165703,0.1871620789757874,0.374756954848307,RNA,A3vsA1_rna
ACZ81_RS08045,0.1574704778521331,144.32059110243745,0.6522597826550232,0.802873196626409,RNA,A3vsA1_rna
ACZ81_RS08050,0.0316633329811524,83.05501826824126,0.924207080783674,0.9671149734230832,RNA,A3vsA1_rna
ACZ81_RS08055,-0.0827515992272305,3043.525383316305,0.8374148302451833,0.9162007905491344,RNA,A3vsA1_rna
ACZ81_RS08065,0.959264596564862,395.8213621889966,0.0361823592823117,0.129737471234488,RNA,A3vsA1_rna
ACZ81_RS08070,0.9964648426132724,407.3993153964837,0.0115703895314162,0.0603646330299635,RNA,A3vsA1_rna
ACZ81_RS08075,0.1130466292270462,1588.7305855396348,0.6727186886120676,0.8158849391510323,RNA,A3vsA1_rna
ACZ81_RS08080,-0.0388041483383502,335.2340711887429,0.8927485843469309,0.9487834835492562,RNA,A3vsA1_rna
ACZ81_RS08085,0.3486279137899832,497.1494877994948,0.0771372201329352,0.214169222957326,RNA,A3vsA1_rna
ACZ81_RS08090,0.1003010039088709,830.5515243837028,0.632079003615682,0.787302378921489,RNA,A3vsA1_rna
ACZ81_RS08095,1.5566179847458024,671.5272246456786,0.0065724473624074,0.0405671674122747,RNA,A3vsA1_rna
ACZ81_RS08100,0.4385889569495584,1475.186665729614,0.1070865815342894,0.2627714771349047,RNA,A3vsA1_rna
ACZ81_RS08105,-0.6776555792418066,3477.2639983238223,0.0747933096796675,0.2107238472154678,RNA,A3vsA1_rna
ACZ81_RS08110,-0.8321065399675555,1956.414278940147,0.024918541118392,0.1007601986651824,RNA,A3vsA1_rna
ACZ81_RS08115,-0.12942019297364,262.0392131050513,0.7589586055912572,0.8702320450506212,RNA,A3vsA1_rna
ACZ81_RS08125,-0.9532882288706956,650.0677741999235,0.0139125670693648,0.0677393435464704,RNA,A3vsA1_rna
ACZ81_RS08130,-0.5726804025635317,306.87893277752346,0.155265536290986,0.3321508012859148,RNA,A3vsA1_rna
ACZ81_RS08135,0.1687727762441738,333.1970812697504,0.3979104432078949,0.608854575953499,RNA,A3vsA1_rna
ACZ81_RS08140,-0.2279669596962479,331.7094700517165,0.454148221403116,0.6600827593014736,RNA,A3vsA1_rna
ACZ81_RS08145,0.2008706977922635,109.91977744356473,0.5759437726051804,0.7514844902134405,RNA,A3vsA1_rna
ACZ81_RS08150,0.0091374446678234,657.9777004878448,0.9639745867260474,0.9843385192020624,RNA,A3vsA1_rna
ACZ81_RS08155,0.1549518299595551,926.95255378374,0.5445656754088622,0.728508666135497,RNA,A3vsA1_rna
ACZ81_RS08160,-0.9930637399019988,754.5907730916149,0.0004735291213679349,0.0063116240363061,RNA,A3vsA1_rna
ACZ81_RS08165,-0.166893904501457,146.45844603559686,0.5780477309025513,0.7524815738169627,RNA,A3vsA1_rna
ACZ81_RS08170,0.948671638738131,749.0997028427204,0.0106604924841574,0.0568748614979253,RNA,A3vsA1_rna
ACZ81_RS08180,-1.67780252511269,292.52014204864685,0.0002924206952493046,0.0044778314096954,RNA,A3vsA1_rna
ACZ81_RS08185,-2.445580222781092,1872.5579453032635,2.1335206451929277e-05,0.0006492664374526186,RNA,A3vsA1_rna
ACZ81_RS08190,0.9959620985671424,153.11277074534985,0.0268882156594408,0.1058093268528548,RNA,A3vsA1_rna
ACZ81_RS08195,-0.7737458172135836,480.33031050051926,0.0237788022922484,0.0977748594728333,RNA,A3vsA1_rna
ACZ81_RS08200,-0.5672140201776805,412.32323642446,0.2033786456275445,0.395375924072297,RNA,A3vsA1_rna
ACZ81_RS08205,-0.01629375150528,438.7487229743146,0.9585534631884014,0.9812767577253484,RNA,A3vsA1_rna
ACZ81_RS08210,-0.969887481287664,9544.318511080728,0.0089702120481382,0.0504040486514432,RNA,A3vsA1_rna
ACZ81_RS08215,0.4121211101940261,505.6417403883162,0.2637671812703464,0.4688674928031145,RNA,A3vsA1_rna
ACZ81_RS08220,0.2392833015372035,1326.5660613081886,0.5206794935631552,0.7112503681077281,RNA,A3vsA1_rna
ACZ81_RS08225,0.1109116417374947,309.1017005002251,0.6675363825797003,0.814023976611615,RNA,A3vsA1_rna
ACZ81_RS08230,0.338742217959607,2120.5375199890887,0.4334918409320332,0.6429401099534372,RNA,A3vsA1_rna
ACZ81_RS08235,0.0996129947678995,895.7332036991791,0.726749382638294,0.8518020809654794,RNA,A3vsA1_rna
ACZ81_RS08240,0.1320957992000274,452.9954353459639,0.5285285453115298,0.7173398253686933,RNA,A3vsA1_rna
ACZ81_RS08245,0.7600237955620278,29.892156828925888,0.1368255033968731,0.3069514097253651,RNA,A3vsA1_rna
ACZ81_RS08250,-1.1326754435941802,594.8448311064138,0.007957740389547,0.0464047302948585,RNA,A3vsA1_rna
ACZ81_RS08255,-1.627090872360803,1619.5958954623736,0.0061935047660608,0.0390794528002825,RNA,A3vsA1_rna
ACZ81_RS08260,-2.030454053537761,595.5524268133607,0.0020478767735249,0.0177522271074762,RNA,A3vsA1_rna
ACZ81_RS08265,-1.9709096404961948,1590.25163376689,0.0116604283536935,0.0607553747467772,RNA,A3vsA1_rna
ACZ81_RS08270,-1.957390809529264,4007.600851890071,0.0022523471164206,0.0188651704197901,RNA,A3vsA1_rna
ACZ81_RS08275,-1.4302898419487595,1181.5203323574383,0.0003132027579790924,0.0046770654368358,RNA,A3vsA1_rna
ACZ81_RS08280,-1.64948840765023,2666.95913388518,0.0036664243360858,0.0266963601386141,RNA,A3vsA1_rna
ACZ81_RS08285,-1.0916839448564533,341.56315295533034,0.0574856900507072,0.1770166094662502,RNA,A3vsA1_rna
ACZ81_RS08290,-1.0465608383848304,191.92956093902765,0.0381043203260275,0.1341004676737041,RNA,A3vsA1_rna
ACZ81_RS08295,0.4060115119498922,367.2548963122463,0.0736283811780231,0.2084665245492089,RNA,A3vsA1_rna
ACZ81_RS08300,-1.2113176136150992,1569.8472367729787,4.0808910490053496e-05,0.0010701003195169,RNA,A3vsA1_rna
ACZ81_RS08305,0.6154990879856375,380.6585535052602,0.0313211325352686,0.117990970639904,RNA,A3vsA1_rna
ACZ81_RS08310,-0.5805468780607551,1727.967724559182,0.0859343298692824,0.2292343959013038,RNA,A3vsA1_rna
ACZ81_RS08315,-0.1134046534504448,835.0724052794403,0.67956868823116,0.8199788202055379,RNA,A3vsA1_rna
ACZ81_RS08320,-1.2308043488707832,18378.819745742905,0.0183024216339272,0.0822655968790019,RNA,A3vsA1_rna
ACZ81_RS08325,-0.7205598990477282,163.748993180409,0.0704929018540275,0.202660348648198,RNA,A3vsA1_rna
ACZ81_RS08330,-1.1387629735278486,79.38062834380835,0.0028712887742555,0.0222386304291762,RNA,A3vsA1_rna
ACZ81_RS08335,0.3506158070898358,35.34035552468664,0.4548618178562644,0.6607189041416845,RNA,A3vsA1_rna
ACZ81_RS08340,-0.485078069052835,44.815253181915175,0.1970786533487128,0.3883494878364617,RNA,A3vsA1_rna
ACZ81_RS08345,0.27576492896827,432.9604306098567,0.2700203933894435,0.4745167841780322,RNA,A3vsA1_rna
ACZ81_RS08350,0.5788879893322316,684.9999902825161,0.041348158568819,0.1420280926182379,RNA,A3vsA1_rna
ACZ81_RS08355,-0.195807872689926,2300.611903248637,0.6699356882937058,0.8142575098661509,RNA,A3vsA1_rna
ACZ81_RS08360,-6.836202642240081,4792.458669236545,1.1406976344634969e-17,7.627464849112584e-15,RNA,A3vsA1_rna
ACZ81_RS08365,0.457274947651234,360.873126155122,0.1632239332572397,0.3413445777951848,RNA,A3vsA1_rna
ACZ81_RS08370,-0.075621604406242,766.5598677968283,0.7404729556759894,0.8588544371703005,RNA,A3vsA1_rna
ACZ81_RS08375,-0.1771630117464021,383.8034295001311,0.5017937730604758,0.6966078261310135,RNA,A3vsA1_rna
ACZ81_RS08380,-0.0521808739208483,651.1667022617978,0.7729093539261636,0.878362783909477,RNA,A3vsA1_rna
ACZ81_RS08385,-0.8979175836852682,616.0466128926013,0.0213740682415375,0.0910400853829705,RNA,A3vsA1_rna
ACZ81_RS08410,-1.2846688832621442,1704.8070534639476,0.001993702186307,0.0175026984058294,RNA,A3vsA1_rna
ACZ81_RS08415,0.0213133249010407,202.5182793833396,0.9451056266521412,0.9747334960718804,RNA,A3vsA1_rna
ACZ81_RS08420,0.7546273568337913,134.10569843824152,0.0024249211826069,0.0196938943008482,RNA,A3vsA1_rna
ACZ81_RS08425,0.2841664734689711,354.8287755346579,0.1555786703499781,0.3323650827710928,RNA,A3vsA1_rna
ACZ81_RS08430,-0.4792528732928321,2523.0712134094024,0.3017568900214624,0.510997290701765,RNA,A3vsA1_rna
ACZ81_RS08435,0.4734670159356784,2458.437461216752,0.2911062268128579,0.4999288685856216,RNA,A3vsA1_rna
ACZ81_RS08440,-0.2144738289041161,2150.344378591382,0.3721504369179474,0.5852602498471847,RNA,A3vsA1_rna
ACZ81_RS08445,-0.4289909941561559,153.90745051564832,0.3095863559679689,0.520192530091491,RNA,A3vsA1_rna
ACZ81_RS08450,-0.6746210326022801,199.28070467105695,0.0441190972098992,0.1476278715647338,RNA,A3vsA1_rna
ACZ81_RS08455,-0.3506105914497768,186.15815890198328,0.2478943933499912,0.4504312980616687,RNA,A3vsA1_rna
ACZ81_RS08460,-0.0302092224959958,129.9240681916928,0.943748539214323,0.9745995210625132,RNA,A3vsA1_rna
ACZ81_RS08465,-0.0590413667850223,128.86097806840874,0.8766525867866889,0.9399065147483152,RNA,A3vsA1_rna
ACZ81_RS08470,-0.0899286346046605,2026.40427310602,0.7833498282482332,0.8819566871489126,RNA,A3vsA1_rna
ACZ81_RS08475,0.7631073978083985,609.9483748416621,0.4400103160763209,0.6485383497789123,RNA,A3vsA1_rna
ACZ81_RS08480,0.1661374505287909,903.9876337850986,0.8457924024823442,0.9223603342063612,RNA,A3vsA1_rna
ACZ81_RS08485,0.4327892466423354,453.272285849848,0.5133212596993131,0.7070697999869279,RNA,A3vsA1_rna
ACZ81_RS08490,-0.3027862650881711,191.9262623060129,0.2685814118228922,0.472864780874074,RNA,A3vsA1_rna
ACZ81_RS08495,0.6029348849566517,126.03625384978086,0.0562643423915098,0.1749472451361288,RNA,A3vsA1_rna
ACZ81_RS08500,0.144943330513911,102.0445067278114,0.6442713378691228,0.795752923417181,RNA,A3vsA1_rna
ACZ81_RS08505,-0.105235998985865,429.20735941813217,0.7489293642490851,0.8641658353084065,RNA,A3vsA1_rna
ACZ81_RS08510,-1.4625389271274687,1922.5243747902084,0.0023542899444282,0.0193248319333377,RNA,A3vsA1_rna
ACZ81_RS08515,0.4465619400635806,177.76115926622612,0.0360682145887372,0.1296998587700365,RNA,A3vsA1_rna
ACZ81_RS08520,-0.029073683884533,2397.196367311375,0.9301074845705382,0.9688314992031792,RNA,A3vsA1_rna
ACZ81_RS08525,-0.0419322480964392,981.9686537795084,0.8321733720823995,0.9139555348465884,RNA,A3vsA1_rna
ACZ81_RS08530,0.4525281503979889,204.60592159141564,0.1934050972388559,0.3839702683671891,RNA,A3vsA1_rna
ACZ81_RS08535,-0.3339950495986216,122.09601925439088,0.2988052729467334,0.5081028635299799,RNA,A3vsA1_rna
ACZ81_RS08540,0.2808200422133928,18042.833143499287,0.4255728674696513,0.634720574084848,RNA,A3vsA1_rna
ACZ81_RS08545,-0.1914151722137726,1446.626640749862,0.5437805222749607,0.728508666135497,RNA,A3vsA1_rna
ACZ81_RS08550,0.5736504027649546,835.2337737630869,0.2131503032925966,0.4066376684783155,RNA,A3vsA1_rna
ACZ81_RS08555,0.8915629255318894,1481.087815466913,0.0015026090996748,0.0147035797753548,RNA,A3vsA1_rna
ACZ81_RS08560,-0.1740960639642677,735.7850871719862,0.5524195396641889,0.7341196399909659,RNA,A3vsA1_rna
ACZ81_RS08565,-0.1532568192457805,568.2595886572155,0.7083757337903949,0.8413272480660343,RNA,A3vsA1_rna
ACZ81_RS08570,0.4869343103451282,1480.4549321368029,0.3492882966159759,0.5630151249591384,RNA,A3vsA1_rna
ACZ81_RS08575,0.6747136412818949,788.4122370362336,0.051680018679952,0.1636465942730604,RNA,A3vsA1_rna
ACZ81_RS08580,0.1326419747880566,748.4599028347575,0.5772605683407599,0.7519381169425742,RNA,A3vsA1_rna
ACZ81_RS08585,0.153120101328784,460.0869527542229,0.5850416909699325,0.7556945473829263,RNA,A3vsA1_rna
ACZ81_RS08590,-0.2004128304912847,350.51099392872896,0.5771019357403309,0.7519381169425742,RNA,A3vsA1_rna
ACZ81_RS08595,0.254288265747005,438.60359532598807,0.3258624658262031,0.5377870065383493,RNA,A3vsA1_rna
ACZ81_RS08600,0.2428293932150305,543.102774468923,0.3917349223628858,0.6037804489127537,RNA,A3vsA1_rna
ACZ81_RS08605,0.5240633510457079,320.7002531960464,0.1026152786175704,0.2556173231058496,RNA,A3vsA1_rna
ACZ81_RS08610,0.2525183507505907,388.63862061934816,0.4459124110109718,0.6532549871131255,RNA,A3vsA1_rna
ACZ81_RS08615,-0.7571305386360634,1831.496882298748,0.1359476250408084,0.305938274237529,RNA,A3vsA1_rna
ACZ81_RS08620,0.3096203655515199,1122.819173434995,0.2774991942742439,0.4840551162731594,RNA,A3vsA1_rna
ACZ81_RS08625,0.3621649991095483,83.51280782309689,0.3701621687633974,0.5828456126682694,RNA,A3vsA1_rna
ACZ81_RS08630,1.528678713839544,177.0941484421391,0.000265063967620722,0.0041383814287746,RNA,A3vsA1_rna
ACZ81_RS08635,-0.3846731949703381,2591.801852852872,0.5898973207964238,0.757818780350705,RNA,A3vsA1_rna
ACZ81_RS08640,0.1854583990078356,320.7898668630798,0.5914472429745682,0.7587227344776863,RNA,A3vsA1_rna
ACZ81_RS08645,-0.1951713968243007,237.02033370684333,0.7761056565061953,0.8800836330986025,RNA,A3vsA1_rna
ACZ81_RS08650,-0.6495986606327045,2768.5470009196847,0.2305625787971563,0.4282559796046569,RNA,A3vsA1_rna
ACZ81_RS08655,-0.0940819003527944,792.6595904635069,0.8709052629193499,0.9372510501159956,RNA,A3vsA1_rna
ACZ81_RS08660,-0.0689169410899435,1508.4829612063706,0.83330493205822,0.914947834542304,RNA,A3vsA1_rna
ACZ81_RS08665,0.6471466617468093,35.87389583422271,0.2395763034226619,0.4392962199870747,RNA,A3vsA1_rna
ACZ81_RS08670,-0.4643812032612807,13941.989771081036,0.5480076390807559,0.7314060705229516,RNA,A3vsA1_rna
ACZ81_RS08675,-1.5267716346409663,19620.44333224339,0.0433551145853423,0.146045944346258,RNA,A3vsA1_rna
ACZ81_RS08680,-0.4328797964142276,121.25088617605924,0.1495937481879245,0.3233675203286386,RNA,A3vsA1_rna
ACZ81_RS08685,-0.9472026811238212,118.21908635218682,0.0006287838820743172,0.0079796080977426,RNA,A3vsA1_rna
ACZ81_RS08690,-0.658129130834049,54.746330887698925,0.2019720395159664,0.3938900451565817,RNA,A3vsA1_rna
ACZ81_RS08695,0.2277185320310067,178.36531974885182,0.5164118718140811,0.7093399673802646,RNA,A3vsA1_rna
ACZ81_RS08700,-1.171754443205567,11767.63628177936,0.1907890841796784,0.3802512696119572,RNA,A3vsA1_rna
ACZ81_RS08705,-1.3361804307462848,2745.6616445819177,0.0076853806802346,0.0452771619516905,RNA,A3vsA1_rna
ACZ81_RS08710,-1.2400048223659308,315.4099158253549,8.097946151019746e-08,7.383854535884368e-06,RNA,A3vsA1_rna
ACZ81_RS08715,-0.1812542931688573,258.90157092983264,0.8278161878979061,0.9106645992974736,RNA,A3vsA1_rna
ACZ81_RS08720,0.3001500373467304,4200.928405362666,0.5218659483951122,0.711667635948739,RNA,A3vsA1_rna
ACZ81_RS08725,-0.54236456564853,447.8561051537821,0.1874337110579456,0.3750543884112109,RNA,A3vsA1_rna
ACZ81_RS08745,-0.7719014503610041,3502.770461004883,0.0563282671552938,0.1749472451361288,RNA,A3vsA1_rna
ACZ81_RS08750,-0.9845489322402954,1153.7411619828974,2.90629744519863e-06,0.00015342191250180138,RNA,A3vsA1_rna
ACZ81_RS08755,0.0968860549643891,2737.2466674257817,0.7838542693930609,0.8821383811514616,RNA,A3vsA1_rna
ACZ81_RS08760,-0.1294445650445312,7602.327772853572,0.3609608423796132,0.5737618461279748,RNA,A3vsA1_rna
ACZ81_RS08765,-0.0019654448408797,9699.236479581146,0.9938487635380449,0.9968303098286588,RNA,A3vsA1_rna
ACZ81_RS08770,-1.4791917651589246,2315.864016388906,0.002516110065714,0.0201374554365892,RNA,A3vsA1_rna
ACZ81_RS08775,-1.006239647505364,2070.338937184828,0.0196377894027231,0.0867696157309751,RNA,A3vsA1_rna
ACZ81_RS08780,0.6567808268151196,622.9060684443574,0.0849658609762967,0.2275587678483994,RNA,A3vsA1_rna
ACZ81_RS08785,1.112009064732378,3662.7910723874015,0.1240030698067196,0.2890606836411181,RNA,A3vsA1_rna
ACZ81_RS08790,0.1983288027721038,295.40487708586585,0.561676073658637,0.7401289234132362,RNA,A3vsA1_rna
ACZ81_RS08795,0.1113887702850733,412.9173958546228,0.7107054094828731,0.842846616271146,RNA,A3vsA1_rna
ACZ81_RS08800,-0.0968363343096055,599.4377173078196,0.6444170608630162,0.795752923417181,RNA,A3vsA1_rna
ACZ81_RS08805,-0.2997739539215421,363.3280481730555,0.3945657723554854,0.6060481924541377,RNA,A3vsA1_rna
ACZ81_RS08810,0.7840108245196246,37.065773301624255,0.317725082210629,0.528707187817936,RNA,A3vsA1_rna
ACZ81_RS08815,-0.3173097845246583,1098.4064468528074,0.2020502774008587,0.3938900451565817,RNA,A3vsA1_rna
ACZ81_RS08825,-0.1649173556158598,146.60455770737968,0.5666456155283062,0.7439077910666114,RNA,A3vsA1_rna
ACZ81_RS08830,0.80509690673285,366.2607387555965,0.0758045336249266,0.2122315344753703,RNA,A3vsA1_rna
ACZ81_RS08835,0.9202496311806088,155.65861448550822,0.0192209616698628,0.0855876783790119,RNA,A3vsA1_rna
ACZ81_RS08840,-6.695903631519941,65154.54039396608,1.5615586788423724e-19,1.5662433548788996e-16,RNA,A3vsA1_rna
ACZ81_RS08845,-6.424629750621746,14991.325588878111,4.3931632400208236e-09,5.875123639654514e-07,RNA,A3vsA1_rna
ACZ81_RS08850,-1.356308357040416,621.8550347660773,0.0201576497980543,0.0882887456220458,RNA,A3vsA1_rna
ACZ81_RS08855,0.2119320979529554,82.18613116429714,0.6016858429306753,0.7665058634180489,RNA,A3vsA1_rna
ACZ81_RS08860,0.3423357188353761,166.50700147086374,0.3768699080546383,0.5886386208657712,RNA,A3vsA1_rna
ACZ81_RS08865,-1.0259202311721105,94.1191373725714,0.0555836051752598,0.1732722796916414,RNA,A3vsA1_rna
ACZ81_RS08870,-0.118927935800345,203.9600892613524,0.690776024162358,0.8285182089504873,RNA,A3vsA1_rna
ACZ81_RS08875,-0.0087083982657983,1781.4194696004524,0.9817408131743436,0.9906168312812172,RNA,A3vsA1_rna
ACZ81_RS08880,-0.065134843804799,147.4471284899116,0.7766704784493391,0.8801625695698043,RNA,A3vsA1_rna
ACZ81_RS08885,0.2980762703102015,3222.4709721117365,0.3239677218715018,0.5353206343280335,RNA,A3vsA1_rna
ACZ81_RS08890,-0.2576369983863109,254.67514873771475,0.393538578545717,0.6055133905601132,RNA,A3vsA1_rna
ACZ81_RS08895,0.2842003250866107,13.85903879820417,0.6907223903138734,0.8285182089504873,RNA,A3vsA1_rna
ACZ81_RS08900,-0.6495872520402355,477.7443831407565,0.0011855670031578,0.0123545319913485,RNA,A3vsA1_rna
ACZ81_RS08905,-0.2690009292476238,260.36473262949124,0.2681458566089519,0.4726718702614741,RNA,A3vsA1_rna
ACZ81_RS08910,0.3029161800556197,130.98431573917162,0.33290639081696,0.5451511999827117,RNA,A3vsA1_rna
ACZ81_RS08915,0.4926564539337456,89.15306187430988,0.1749825959465371,0.3581786606824014,RNA,A3vsA1_rna
ACZ81_RS08920,0.3275958339280563,109.65178609176854,0.4176920000244562,0.6262414711684892,RNA,A3vsA1_rna
ACZ81_RS08925,0.3272494952138824,88.7069706852416,0.3261105980416386,0.5379531824208583,RNA,A3vsA1_rna
ACZ81_RS08930,0.5391857480498886,118.40617829682644,0.1270153001068637,0.2921934541449181,RNA,A3vsA1_rna
ACZ81_RS08935,0.275934746495519,86.56900317196845,0.4879202463799302,0.6857263404083765,RNA,A3vsA1_rna
ACZ81_RS08940,-0.8368141298017479,305.9902023816608,0.0241978127253168,0.0990628822999706,RNA,A3vsA1_rna
ACZ81_RS08945,-0.7787918479138491,712.5229669451282,0.0874955711732527,0.2318574845093065,RNA,A3vsA1_rna
ACZ81_RS08950,-0.5249839069387495,214.89816203542097,0.0972606783601744,0.2475276099013753,RNA,A3vsA1_rna
ACZ81_RS08955,-0.6539990672601271,254.84023596433843,0.101856273232589,0.2544504160704529,RNA,A3vsA1_rna
ACZ81_RS08960,-0.7701606300039783,122.89866755598392,0.2814028111809549,0.4881055246251584,RNA,A3vsA1_rna
ACZ81_RS08965,-1.121319683855061,265.5785550691462,0.0007913495163780029,0.0093654697926505,RNA,A3vsA1_rna
ACZ81_RS08970,0.1027255724120562,93.0971748999758,0.7603754665789391,0.871109757828299,RNA,A3vsA1_rna
ACZ81_RS08975,-0.6496570937491779,110.3156107433395,0.0439079602387576,0.1471668642254767,RNA,A3vsA1_rna
ACZ81_RS08980,0.4425979561458637,36.12491690354831,0.4192012853003028,0.6277848289006401,RNA,A3vsA1_rna
ACZ81_RS08985,-1.5737744093682768,4898.638673054564,0.0078482516453506,0.0460338970777,RNA,A3vsA1_rna
ACZ81_RS08990,2.452270539099334,0.8694736313284441,0.3717562530739549,0.5851259659994927,RNA,A3vsA1_rna
ACZ81_RS08995,-0.0989552472035887,31.498607665670367,0.8619567506484401,0.9328757711361052,RNA,A3vsA1_rna
ACZ81_RS09000,-0.8732380093893357,145.01687483729026,0.0025168106238057,0.0201374554365892,RNA,A3vsA1_rna
ACZ81_RS09005,0.3648762996003035,395.0457875132639,0.2039994851681316,0.3958375965893751,RNA,A3vsA1_rna
ACZ81_RS09010,-0.3397835522716097,52.73571988638525,0.3665858562039596,0.5790324626339709,RNA,A3vsA1_rna
ACZ81_RS09015,-0.649007195078396,109.27770601847315,0.0117409071272076,0.0610953558941077,RNA,A3vsA1_rna
ACZ81_RS09020,-1.3019904117585652,43.965327906321065,0.0025452477711169,0.0202636634731759,RNA,A3vsA1_rna
ACZ81_RS09025,0.273757289745216,347.41945327692866,0.2498000439544999,0.4518475096237393,RNA,A3vsA1_rna
ACZ81_RS09030,0.5517987635563666,403.9750598752089,0.2859360696135427,0.4942591604004883,RNA,A3vsA1_rna
ACZ81_RS09035,0.4522973896610239,1097.3633074993818,0.1433875813812163,0.3148719083204377,RNA,A3vsA1_rna
ACZ81_RS09040,0.0748118332022835,340.81085589525946,0.7387569561985307,0.8585780798113379,RNA,A3vsA1_rna
ACZ81_RS09045,1.3427560939865104,1.7949863720636243,0.5425908265934498,0.7280709587825024,RNA,A3vsA1_rna
ACZ81_RS09050,-0.3014374112913686,66.92226585241282,0.5442996287875891,0.728508666135497,RNA,A3vsA1_rna
ACZ81_RS09060,-0.339381056803146,31.784369036397276,0.6846003250999393,0.8238201872528363,RNA,A3vsA1_rna
ACZ81_RS09065,-0.0614370546144688,50.98784490906262,0.9239494689414144,0.9670976439845956,RNA,A3vsA1_rna
ACZ81_RS09075,0.0665925480411752,590.1068965902296,0.7637821316552712,0.8730182086042587,RNA,A3vsA1_rna
ACZ81_RS09080,-0.8078428289290532,1067.621825990061,0.0228014163061737,0.0950928089608827,RNA,A3vsA1_rna
ACZ81_RS09085,-0.2843399552338199,710.5090834610379,0.299896826100606,0.5096086684945494,RNA,A3vsA1_rna
ACZ81_RS09090,-0.4016095645400556,309.3614101097272,0.1607116584471601,0.3384646581049904,RNA,A3vsA1_rna
ACZ81_RS09095,-0.3880465261636222,2123.492912542248,0.3028272229297278,0.5117703531567261,RNA,A3vsA1_rna
ACZ81_RS09100,-0.0374129096991688,3285.9896229072256,0.8341375765089005,0.915361038554078,RNA,A3vsA1_rna
ACZ81_RS09105,-0.0863017269239195,5323.203056484873,0.8545945378873465,0.9281627736881524,RNA,A3vsA1_rna
ACZ81_RS09110,0.0634457764561666,639.3380549673627,0.7300138412042471,0.8531176013558562,RNA,A3vsA1_rna
ACZ81_RS09115,-2.2611002585823043,2465.740938310426,0.00024312047548825176,0.0039015973906354,RNA,A3vsA1_rna
ACZ81_RS09120,-1.1885060621674262,1281.3255283020214,0.0222850450712811,0.0942124350115702,RNA,A3vsA1_rna
ACZ81_RS09125,0.3875343014217104,536.732613243032,0.2141544858942626,0.4074740494552663,RNA,A3vsA1_rna
ACZ81_RS09130,-1.0815124444434534,6559.805064944396,0.0014902380665427,0.014654007654337,RNA,A3vsA1_rna
ACZ81_RS09145,0.6662639918462835,4075.205491701983,0.1763493949524189,0.3602412283854912,RNA,A3vsA1_rna
ACZ81_RS09150,0.3322531461722369,1198.4224068168444,0.4154889106307132,0.6250249379266671,RNA,A3vsA1_rna
ACZ81_RS09155,0.6038816420328128,290.02605077580614,0.0497975324612665,0.1597023982690657,RNA,A3vsA1_rna
ACZ81_RS09160,-0.9895531139666484,355.0802291126074,0.017351347753047,0.0790165802329451,RNA,A3vsA1_rna
ACZ81_RS09170,0.6060055582010536,420.64964855803385,0.0825050782029752,0.2231346655774932,RNA,A3vsA1_rna
ACZ81_RS09175,0.9559807489813316,14.292431088846824,0.210746980209166,0.4042777004860182,RNA,A3vsA1_rna
ACZ81_RS09180,0.4009993339821285,696.0832628071792,0.4668531134935604,0.6700746758814843,RNA,A3vsA1_rna
ACZ81_RS09185,0.8236990249201575,363.0217640704215,0.0761072124129788,0.2127953580578747,RNA,A3vsA1_rna
ACZ81_RS09190,1.290420459126396,1737.998848842334,0.001055303300384,0.0113813893579055,RNA,A3vsA1_rna
ACZ81_RS09195,1.2525694142532573,150.69797626394336,0.0222013830736725,0.0939577519953316,RNA,A3vsA1_rna
ACZ81_RS09200,0.4078735613476122,3410.3484315671594,0.3729623783750174,0.585536060726912,RNA,A3vsA1_rna
ACZ81_RS09205,-0.4406516716465266,7511.869983263033,0.4879820367281667,0.6857263404083765,RNA,A3vsA1_rna
ACZ81_RS09210,-1.5273358242907544,4059.5604923288456,2.2740632148237693e-06,0.0001303363088267566,RNA,A3vsA1_rna
ACZ81_RS09215,-1.4110342038393853,18740.46584295185,4.5671088003226034e-11,9.643810793102256e-09,RNA,A3vsA1_rna
ACZ81_RS09220,0.5642987916676628,1414.5988730771237,0.4223585320452825,0.6313347356802063,RNA,A3vsA1_rna
ACZ81_RS09225,-1.4494326412478198,914.5449209050672,0.0004290846209676736,0.0059289696996733,RNA,A3vsA1_rna
ACZ81_RS09230,0.1508029456862095,171.7363225977553,0.602758300568812,0.7674599498197631,RNA,A3vsA1_rna
ACZ81_RS09235,-0.1932132085531477,2575.935190437233,0.3472674122008882,0.5617890555443401,RNA,A3vsA1_rna
ACZ81_RS09240,-1.2894386417760753,2039.2890012907624,0.00023745646367802635,0.0038569851509159,RNA,A3vsA1_rna
ACZ81_RS09245,0.1260169086401697,88.04765776450738,0.7020697751112841,0.8363135207085725,RNA,A3vsA1_rna
ACZ81_RS09250,0.0670451384917378,3463.973889524178,0.731215998999954,0.85368966006057,RNA,A3vsA1_rna
ACZ81_RS09255,0.0975195424391394,120.31733140641248,0.7260476267475788,0.8515125565654182,RNA,A3vsA1_rna
ACZ81_RS09260,-1.8508265097438927,170.04622879667292,0.0016051076648345,0.0151166477730425,RNA,A3vsA1_rna
ACZ81_RS09265,-0.5007314336204517,963.1902805552544,0.1339925828233123,0.303545026700807,RNA,A3vsA1_rna
ACZ81_RS09270,0.5591589307243255,207.2543060027937,0.1985223018387733,0.3900649912875105,RNA,A3vsA1_rna
ACZ81_RS09275,1.4291530949955191,299.49517026123857,0.0063040453946977,0.0393421479766671,RNA,A3vsA1_rna
ACZ81_RS09280,0.0082629747117143,3342.0512119605373,0.9690078850075362,0.9860031676033096,RNA,A3vsA1_rna
ACZ81_RS09285,0.4315729074779074,1269.8336866761613,0.0918621490142422,0.2394742961956724,RNA,A3vsA1_rna
ACZ81_RS09290,0.485512628849838,407.05939708224594,0.1439869318568177,0.3154973078151572,RNA,A3vsA1_rna
ACZ81_RS09295,-0.6760604389654336,2679.5944986114887,0.0062946223907408,0.0393421479766671,RNA,A3vsA1_rna
ACZ81_RS09300,0.2823339765854967,508.1307280858834,0.178703822746776,0.3635698462779236,RNA,A3vsA1_rna
ACZ81_RS09305,-0.6124771299893482,89.01286123109608,0.1091703618464631,0.2662562259744743,RNA,A3vsA1_rna
ACZ81_RS09310,-0.5695803678237129,275.84958651125766,0.0886736421036287,0.2338978646415243,RNA,A3vsA1_rna
ACZ81_RS09315,-0.081946821565321,512.201040175961,0.7488802607102856,0.8641658353084065,RNA,A3vsA1_rna
ACZ81_RS09320,-0.1175341112225726,1120.2813893357056,0.6359513887447401,0.789918567072414,RNA,A3vsA1_rna
ACZ81_RS09325,-0.1922810726423555,826.5111804467417,0.5111932244829248,0.7054878053302014,RNA,A3vsA1_rna
ACZ81_RS09330,0.5188390633789558,200.78977056136733,0.2117816619492571,0.405569464315236,RNA,A3vsA1_rna
ACZ81_RS09335,0.2801517760877829,142.5599902202291,0.4707240999011572,0.6732781065252916,RNA,A3vsA1_rna
ACZ81_RS09340,0.1275790864925875,1748.1580446388552,0.6099315077755856,0.771349914369938,RNA,A3vsA1_rna
ACZ81_RS09345,-0.068645087399447,49.80940878741732,0.858664484867225,0.9305677777653448,RNA,A3vsA1_rna
ACZ81_RS09350,-0.3217676977494046,964.6315840532924,0.1803887735821865,0.3660696811389642,RNA,A3vsA1_rna
ACZ81_RS09355,0.7507422595472046,183.27639483074196,0.0605943150868232,0.1833366456473113,RNA,A3vsA1_rna
ACZ81_RS09360,-0.9084524981330592,570.739174362402,0.2533018384602761,0.4559695939932991,RNA,A3vsA1_rna
ACZ81_RS09365,-0.0973417394612284,3256.0732230954886,0.5580002438412766,0.7383222118267937,RNA,A3vsA1_rna
ACZ81_RS09370,0.4085746906254834,706.0912058892659,0.1450118329010027,0.3172232680473408,RNA,A3vsA1_rna
ACZ81_RS09375,-0.7763092468625497,3883.6557455277807,0.0163956448043346,0.0754350079759065,RNA,A3vsA1_rna
ACZ81_RS09380,-0.1978710916808872,12795.48913671254,0.3484949236301959,0.5624141728094715,RNA,A3vsA1_rna
ACZ81_RS09385,-0.1579869600967347,176.43665990363422,0.4793509515920985,0.6795507385469819,RNA,A3vsA1_rna
ACZ81_RS09390,0.1840590076501356,989.8075086048904,0.3699987342441174,0.5828170089467605,RNA,A3vsA1_rna
ACZ81_RS09395,0.588228451665383,4166.675434767994,0.3216988047885488,0.5339377824427891,RNA,A3vsA1_rna
ACZ81_RS09400,0.6975705695381201,814.5288044142752,0.2053332931247782,0.3979696483172031,RNA,A3vsA1_rna
ACZ81_RS09410,-0.2077679565656204,533.7506845009377,0.3944417518713697,0.6060481924541377,RNA,A3vsA1_rna
ACZ81_RS09415,-0.4883718327100857,305.83847004575404,0.4564131408409767,0.6620135650954442,RNA,A3vsA1_rna
ACZ81_RS09420,0.1333533476455719,598.1717376483326,0.6269887749318379,0.7841476323148241,RNA,A3vsA1_rna
ACZ81_RS09425,0.0151980550479864,777.1009054279584,0.9592865640495865,0.9812767577253484,RNA,A3vsA1_rna
ACZ81_RS09430,-0.7595074886720083,857.5764919373282,0.1098755074840057,0.2673259769713953,RNA,A3vsA1_rna
ACZ81_RS09435,-0.0737529311665582,1175.589178267713,0.8201620496691722,0.9049752869286906,RNA,A3vsA1_rna
ACZ81_RS09440,-0.6098781347546444,864.7126105120612,0.005421607697943,0.0356581804658154,RNA,A3vsA1_rna
ACZ81_RS09445,-0.7734082527793125,620.8819043897275,0.3324652575600982,0.5448736165568276,RNA,A3vsA1_rna
ACZ81_RS09450,-0.2338422156951728,165.61717228906204,0.3678996750699322,0.5804221377823705,RNA,A3vsA1_rna
ACZ81_RS09455,-0.6654806288741028,10797.16189190312,0.1120193705433549,0.2706508250731306,RNA,A3vsA1_rna
ACZ81_RS09460,-1.0112274648694557,5731.335879103702,0.0001742019896542871,0.0031747428730216,RNA,A3vsA1_rna
ACZ81_RS09465,-0.4043748422811197,9136.02070731936,0.1454858932207869,0.3177405572138253,RNA,A3vsA1_rna
ACZ81_RS09470,0.8683396681809039,186.5677734893452,0.0119503060849657,0.0617843144495911,RNA,A3vsA1_rna
ACZ81_RS09475,-0.7787914691028709,1128.8267396401325,0.0150078693545817,0.0712268792985376,RNA,A3vsA1_rna
ACZ81_RS09480,0.8504051329687077,5742.453611900999,0.0045868066294506,0.0312999573557226,RNA,A3vsA1_rna
ACZ81_RS09485,-0.0022034164011125,94.63091856643597,0.9962675645004838,0.997779627553224,RNA,A3vsA1_rna
ACZ81_RS09500,-0.7732817406064068,53.23732229268225,0.2298098701664806,0.4278692419360652,RNA,A3vsA1_rna
ACZ81_RS09505,0.0579589948863352,253.5117662859599,0.8392128789417158,0.9176675034925494,RNA,A3vsA1_rna
ACZ81_RS09510,0.0236912420030323,245.76715349115665,0.9245594767333012,0.9672314525825304,RNA,A3vsA1_rna
ACZ81_RS09515,-0.5539567160144763,205.6625649998223,0.0412920442360113,0.1419568821549935,RNA,A3vsA1_rna
ACZ81_RS09520,-0.0150137018255695,700.977282436061,0.9733839650308788,0.9879120839119366,RNA,A3vsA1_rna
ACZ81_RS09525,0.1494623499251323,267.58846859596764,0.5799115847223515,0.7526995896237546,RNA,A3vsA1_rna
ACZ81_RS09530,-0.020454774951882,304.2173328884525,0.9341010473836672,0.9705282098644562,RNA,A3vsA1_rna
ACZ81_RS09535,0.3185836998587845,144.32589749073944,0.2274678148130629,0.4244655223395388,RNA,A3vsA1_rna
ACZ81_RS09540,0.4308513409457416,162.33407553689733,0.152006804131612,0.3262981798694635,RNA,A3vsA1_rna
ACZ81_RS09545,0.5545484787392674,161.81870938257276,0.1567635977451604,0.3343060644870591,RNA,A3vsA1_rna
ACZ81_RS09550,0.9276355491446138,71.83975909581831,0.0028317710728049,0.021974981710045,RNA,A3vsA1_rna
ACZ81_RS09555,0.0624286872772692,479.8813556597312,0.7459241649595016,0.8634298181816273,RNA,A3vsA1_rna
ACZ81_RS09565,0.3058595807987396,174.92243985494136,0.4950939059250617,0.6906525558314838,RNA,A3vsA1_rna
ACZ81_RS09570,-0.2576742979839462,87.15235300582954,0.5494647334522031,0.7326317052131415,RNA,A3vsA1_rna
ACZ81_RS09575,0.0804316296077076,143.03331785002462,0.7772357071099375,0.8801625695698043,RNA,A3vsA1_rna
ACZ81_RS09580,0.72782358749473,171.08875951763895,0.0020486742648956,0.0177522271074762,RNA,A3vsA1_rna
ACZ81_RS09585,0.5226010781683313,176.31367012700724,0.136306016262475,0.306535727155297,RNA,A3vsA1_rna
ACZ81_RS09590,0.8299843774901313,27.2709092464561,0.1691292413979954,0.3497662456127617,RNA,A3vsA1_rna
ACZ81_RS09605,-0.0098413159259418,416.7544572020687,0.9800841796892112,0.9902420200671828,RNA,A3vsA1_rna
ACZ81_RS09620,0.0476199022683896,186.7622149543573,0.901898670072045,0.9532342170908082,RNA,A3vsA1_rna
ACZ81_RS09625,0.6066011748379067,133.81825737956268,0.0926293283864045,0.2413174451209448,RNA,A3vsA1_rna
ACZ81_RS09630,-3.7394991482149154,5117.3741604324205,8.93906577347553e-06,0.00032902322828609013,RNA,A3vsA1_rna
ACZ81_RS09635,-3.154985015244694,2765.502057649064,7.163757494094426e-07,4.67710942309515e-05,RNA,A3vsA1_rna
ACZ81_RS09640,-2.746165192856861,2106.679367524569,6.991040138973878e-07,4.67710942309515e-05,RNA,A3vsA1_rna
ACZ81_RS09645,0.4087964352207556,149.16350059804796,0.1686066848020244,0.3490454176603313,RNA,A3vsA1_rna
ACZ81_RS09650,-0.0427957550579469,889.1139396291494,0.8371118411805468,0.9162007905491344,RNA,A3vsA1_rna
ACZ81_RS09655,-0.2663405078865314,279.5909270645812,0.5193670526454022,0.7104462407184257,RNA,A3vsA1_rna
ACZ81_RS09660,0.3306330285436074,370.1645107120284,0.1073267607263068,0.2631673722473966,RNA,A3vsA1_rna
ACZ81_RS09665,-0.8742373328275137,645.0454190021896,0.0161484911713135,0.0748126403918131,RNA,A3vsA1_rna
ACZ81_RS09670,-0.4845405473243951,2182.818772950222,0.1502168903628588,0.3240162172773064,RNA,A3vsA1_rna
ACZ81_RS09675,-0.2510281402932123,1037.2977843853298,0.4071807293513383,0.617855176307704,RNA,A3vsA1_rna
ACZ81_RS09680,-0.3329215916467791,741.8893609363333,0.2467425369187836,0.4489659090423417,RNA,A3vsA1_rna
ACZ81_RS09685,0.0970071337227628,50.07843230403911,0.7929069578043993,0.888587350478003,RNA,A3vsA1_rna
ACZ81_RS09690,-0.0840919336258149,1430.7653010455117,0.719616374084393,0.8474026688660361,RNA,A3vsA1_rna
ACZ81_RS09695,0.0063984862392695,275.7023433691783,0.9815853567629717,0.9906168312812172,RNA,A3vsA1_rna
ACZ81_RS09700,0.3499060899725856,60.46375328944342,0.490083693885901,0.6874880349196626,RNA,A3vsA1_rna
ACZ81_RS09705,0.0303204675693723,456.5421571025148,0.8900249348706213,0.947579609106783,RNA,A3vsA1_rna
ACZ81_RS09710,-1.1569815365676337,3041.183784202341,0.0183108619174847,0.0822655968790019,RNA,A3vsA1_rna
ACZ81_RS09715,0.509865929630042,342.1180003597426,0.1585728034236003,0.3367936237450576,RNA,A3vsA1_rna
ACZ81_RS09720,1.293028347163839,1608.7599300428008,0.0018118273579746,0.0164086938153374,RNA,A3vsA1_rna
ACZ81_RS09725,0.1373495935182281,85.99703578044439,0.8067821768965069,0.8961795762722603,RNA,A3vsA1_rna
ACZ81_RS09730,-0.9074711647897704,417.50622754241823,0.0120348279722008,0.0619444201341042,RNA,A3vsA1_rna
ACZ81_RS09735,0.7050481718961178,296.5895283278391,0.0999371023132194,0.2519884703671626,RNA,A3vsA1_rna
ACZ81_RS09740,-0.5679461041240779,628.4654529663268,0.0663670799909961,0.194495781536798,RNA,A3vsA1_rna
ACZ81_RS09745,-0.4460555068848269,529.4101106924805,0.2926752545432585,0.5018004791570739,RNA,A3vsA1_rna
ACZ81_RS09750,-1.1392305170961547,682.8355337272371,0.0095290641381675,0.0525851328316258,RNA,A3vsA1_rna
ACZ81_RS09755,0.3937414368166322,1385.2568533185486,0.002734113232454,0.0214243404074326,RNA,A3vsA1_rna
ACZ81_RS09765,0.2505487901262884,208.8911013231936,0.4746749740194166,0.6764963417288397,RNA,A3vsA1_rna
ACZ81_RS09770,0.6029722266967128,7962.667525387616,0.245319747565134,0.4469676781250307,RNA,A3vsA1_rna
ACZ81_RS09775,0.4309008688615856,2176.284943924458,0.0722525493732819,0.205732596228252,RNA,A3vsA1_rna
ACZ81_RS09780,0.3509815128188215,1654.0577648044937,0.3093190807796926,0.5201123856195,RNA,A3vsA1_rna
ACZ81_RS09785,0.2933973974058607,5841.483437772712,0.4652121389729445,0.6689717209890514,RNA,A3vsA1_rna
ACZ81_RS09790,0.0212452249020162,3334.023893248387,0.9400453883393942,0.972095851345302,RNA,A3vsA1_rna
ACZ81_RS09795,0.4781014896583774,5318.699448688039,0.0717698034247587,0.2046485084151615,RNA,A3vsA1_rna
ACZ81_RS09800,0.3205604775387148,2997.548237542764,0.2531920044060838,0.4559695939932991,RNA,A3vsA1_rna
ACZ81_RS09805,0.5548633686665723,4151.835666690947,0.2108048228855309,0.4042777004860182,RNA,A3vsA1_rna
ACZ81_RS09810,0.4261198689454881,2994.519531608944,0.0594818209244433,0.1814209905322125,RNA,A3vsA1_rna
ACZ81_RS09825,-0.7077441933379053,7140.024352116634,0.339531979483832,0.552617566608168,RNA,A3vsA1_rna
ACZ81_RS09830,-0.2287399379244827,590.1088767337357,0.3658552291301724,0.5782616365665609,RNA,A3vsA1_rna
ACZ81_RS09835,-0.8728984814782669,1509.8895673241016,0.1495508515818112,0.3233675203286386,RNA,A3vsA1_rna
ACZ81_RS09840,-0.1189337716428937,1308.734202735049,0.7854068620724434,0.8821535080164173,RNA,A3vsA1_rna
ACZ81_RS09845,-0.7067796598750604,462.5362469268889,0.0898925442242686,0.2355642635060521,RNA,A3vsA1_rna
ACZ81_RS09850,2.0972436689168856,515.5844570679081,0.00022261874611421165,0.0036906876421909,RNA,A3vsA1_rna
ACZ81_RS09855,1.0047090869118804,257.5509526713072,0.0305716038530502,0.1154927256670786,RNA,A3vsA1_rna
ACZ81_RS09860,-0.5259473437632819,1197.3548151003797,0.1367224134272537,0.3069514097253651,RNA,A3vsA1_rna
ACZ81_RS09865,-0.2203256257623506,1115.6630932483354,0.6689664211524702,0.8142340116424154,RNA,A3vsA1_rna
ACZ81_RS09870,-0.0435301984357605,382.0025203636032,0.8473643326532723,0.9231536478386682,RNA,A3vsA1_rna
ACZ81_RS09875,0.0373787356792678,418.99682443834814,0.8946280952808665,0.9487834835492562,RNA,A3vsA1_rna
ACZ81_RS09880,-0.3658820161589202,1078.267607166808,0.1274682377639201,0.2930673753059298,RNA,A3vsA1_rna
ACZ81_RS09885,-0.1196060264419018,3612.6420273531367,0.6337770600392791,0.788063420041719,RNA,A3vsA1_rna
ACZ81_RS09890,0.050258539002229,382.8200273182621,0.851571499159268,0.9258820744246568,RNA,A3vsA1_rna
ACZ81_RS09895,-0.7410016440195923,5943.490322968216,0.0744237345032214,0.2101252799626492,RNA,A3vsA1_rna
ACZ81_RS09905,0.7439774779122795,4344.221313912689,0.1036682881442864,0.2575338526531748,RNA,A3vsA1_rna
ACZ81_RS09910,0.7196502952381332,892.376866416506,0.0002719126085801866,0.0042283464559058,RNA,A3vsA1_rna
ACZ81_RS09915,0.7431500653291797,278.4538013817748,0.0546280736654626,0.1709577469156287,RNA,A3vsA1_rna
ACZ81_RS09920,-0.4373931603200193,1478.2347936879953,0.076917346321678,0.2139794057917907,RNA,A3vsA1_rna
ACZ81_RS09925,-0.1953928081509276,911.5613067770262,0.4322031590698679,0.6422218793290038,RNA,A3vsA1_rna
ACZ81_RS09930,-0.0684136048508212,402.8752521047056,0.8020707643860405,0.8936150810099401,RNA,A3vsA1_rna
ACZ81_RS09935,-0.9703166540813074,160.3456263422814,0.0017627152472318,0.0162246938227356,RNA,A3vsA1_rna
ACZ81_RS09940,-0.2365640947206196,155.40290638298168,0.4755714378920761,0.6766684288289677,RNA,A3vsA1_rna
ACZ81_RS09945,-0.4293505691655705,652.8999370493137,0.0977888635486256,0.2486241575139963,RNA,A3vsA1_rna
ACZ81_RS09950,0.0291853178601365,1150.8055757931784,0.8941404924991618,0.9487834835492562,RNA,A3vsA1_rna
ACZ81_RS09955,-1.3291886622565985,5010.313073781196,0.001323223629279,0.0135081777467987,RNA,A3vsA1_rna
ACZ81_RS09960,-1.196800942821164,3216.7986404751064,0.013169524114386,0.0654722809751138,RNA,A3vsA1_rna
ACZ81_RS09965,0.4224105239172348,327.92527297654067,0.2412165824965884,0.4418999675690926,RNA,A3vsA1_rna
ACZ81_RS09970,0.3506532540655291,516.843564723299,0.3085322050800014,0.5194423863957053,RNA,A3vsA1_rna
ACZ81_RS09975,-0.1450808710975918,221.72615372430744,0.7831368696857802,0.8819566871489126,RNA,A3vsA1_rna
ACZ81_RS09980,0.4007029121107889,1354.826637383196,0.0621192547034702,0.1864042257818418,RNA,A3vsA1_rna
ACZ81_RS09985,-0.8682588529912918,1539.6037198434487,1.1567373395372695e-06,7.031560918520495e-05,RNA,A3vsA1_rna
ACZ81_RS09990,-0.4251634921252489,1316.0884658621644,0.0338752388911607,0.1249149434111554,RNA,A3vsA1_rna
ACZ81_RS09995,0.1516538082007091,706.6311491668175,0.5290605319778914,0.71757635371714,RNA,A3vsA1_rna
ACZ81_RS10000,-0.1864750786981689,238.20080227859765,0.5477823930203977,0.7314060705229516,RNA,A3vsA1_rna
ACZ81_RS10005,-0.1171935378832016,283.2689941849885,0.7599021979066047,0.8708162290777773,RNA,A3vsA1_rna
ACZ81_RS10010,0.1565916151616335,541.1423222393803,0.5445016800405197,0.728508666135497,RNA,A3vsA1_rna
ACZ81_RS10015,0.3343023935728921,661.8288403983591,0.3737304721865042,0.5861636647428675,RNA,A3vsA1_rna
ACZ81_RS10020,0.1538177668993609,261.5397010917126,0.590508476401321,0.758361077887996,RNA,A3vsA1_rna
ACZ81_RS10025,-0.8904859118142744,919.0136146685496,0.0688002237915059,0.1999511278879898,RNA,A3vsA1_rna
ACZ81_RS10030,-0.3080243735752301,53.22836220221597,0.4428952784410308,0.6504011189990541,RNA,A3vsA1_rna
ACZ81_RS10035,-0.2875139213983803,358.5586336601677,0.2555627595337836,0.4589605153310384,RNA,A3vsA1_rna
ACZ81_RS10040,-1.6917996836865956,263.91980853687977,0.00031358110660568023,0.0046770654368358,RNA,A3vsA1_rna
ACZ81_RS10045,0.9653027613099344,1444.0106672907302,0.1246329240131002,0.289368510724782,RNA,A3vsA1_rna
ACZ81_RS10050,-0.8339243471980343,1314.6449872910473,0.1628249585872734,0.3411246651969404,RNA,A3vsA1_rna
ACZ81_RS10055,-0.9052299119756853,1809.059158748708,0.011241015635096,0.0591849799580121,RNA,A3vsA1_rna
ACZ81_RS10060,-0.7454723166718272,470.3138091704895,0.030428703834787,0.1150612250567066,RNA,A3vsA1_rna
ACZ81_RS10065,-0.0999368229227101,108.17243975322974,0.8151000058608852,0.9016215118593524,RNA,A3vsA1_rna
ACZ81_RS10070,0.5264414539858938,328.51660881713025,0.1104084794708572,0.268134878714939,RNA,A3vsA1_rna
ACZ81_RS10075,0.0765879596452902,50.19343763707538,0.8661483372106054,0.9348902687352564,RNA,A3vsA1_rna
ACZ81_RS10080,1.0945549905332923,1453.6499914353049,0.0055288883374048,0.0361268729799156,RNA,A3vsA1_rna
ACZ81_RS10085,-0.9942816243033348,1818.746765214793,0.0079419743118864,0.0463802051518029,RNA,A3vsA1_rna
ACZ81_RS10090,-1.291948896958122,1976.2483966631944,0.0006869987220650399,0.0083776257535712,RNA,A3vsA1_rna
ACZ81_RS10095,-0.6197680327812037,371.2098487630968,0.0361855010746241,0.129737471234488,RNA,A3vsA1_rna
ACZ81_RS10100,-0.4867499375345908,614.1424677493376,0.0376050713387978,0.1337513707546604,RNA,A3vsA1_rna
ACZ81_RS10105,-0.2436760619654965,357.47288236122586,0.2644164480774536,0.4692129193706537,RNA,A3vsA1_rna
ACZ81_RS10110,-0.3002596877964949,1201.0885176531835,0.1203050064042289,0.2840298242363206,RNA,A3vsA1_rna
ACZ81_RS10115,0.1344219868921204,6409.570652049457,0.7135506218439069,0.8438360468625283,RNA,A3vsA1_rna
ACZ81_RS10120,0.4269789916247596,247.999229397308,0.2062662454779709,0.398236729545217,RNA,A3vsA1_rna
ACZ81_RS10125,0.6747179650725417,330.18046086897215,0.0289172123712075,0.1109138202995072,RNA,A3vsA1_rna
ACZ81_RS10130,0.2137392888909317,2963.708651335573,0.5553480924013066,0.735944475966712,RNA,A3vsA1_rna
ACZ81_RS10135,-0.2613460519386082,92.13643103919796,0.4860906014718931,0.6850001732016984,RNA,A3vsA1_rna
ACZ81_RS10145,-1.4601560815311116,2925.443091606594,0.0002641319473129829,0.0041383814287746,RNA,A3vsA1_rna
ACZ81_RS10150,-1.480978163058366,2977.88249833764,0.0018938772644058,0.0169225736855153,RNA,A3vsA1_rna
ACZ81_RS10155,-1.3889985995487213,4267.1717497753325,0.0011617394758393,0.0122153226215338,RNA,A3vsA1_rna
ACZ81_RS10160,-0.343200850091661,734.3325369256646,0.1120516003106854,0.2706508250731306,RNA,A3vsA1_rna
ACZ81_RS10165,-0.032519119929887,561.2244902895359,0.9019135314249024,0.9532342170908082,RNA,A3vsA1_rna
ACZ81_RS10170,-0.8371085926494761,715.0282583195304,0.000870604433431761,0.0100658933340871,RNA,A3vsA1_rna
ACZ81_RS10175,-0.2812296529690786,193.60977863849143,0.2960855432715326,0.505727046946104,RNA,A3vsA1_rna
ACZ81_RS10180,-0.3831313376523842,1353.9629359077924,0.4207015906386339,0.6293269133639818,RNA,A3vsA1_rna
ACZ81_RS10185,-0.5409059512720125,638.4877513836249,0.0852630519640062,0.2282023779049987,RNA,A3vsA1_rna
ACZ81_RS10190,0.3501234699512384,966.9886238193463,0.303466988350089,0.5126356030570767,RNA,A3vsA1_rna
ACZ81_RS10195,0.1234240558735909,205.38624593259453,0.7544554426285018,0.867796799261912,RNA,A3vsA1_rna
ACZ81_RS10200,-0.8627661461500686,3314.060898748632,0.0019135798772948,0.0169851382028914,RNA,A3vsA1_rna
ACZ81_RS10205,-1.4359993264888382,20379.25634005183,9.631802460598361e-08,8.400606841721875e-06,RNA,A3vsA1_rna
ACZ81_RS10210,-0.0546385228080264,933.0655788096336,0.824672242513888,0.908203413935141,RNA,A3vsA1_rna
ACZ81_RS10215,-0.037747600663398,471.3927951979778,0.8893969097621487,0.947579609106783,RNA,A3vsA1_rna
ACZ81_RS10220,0.7331653579628605,822.4685843078807,0.0624556370855981,0.1869940417816565,RNA,A3vsA1_rna
ACZ81_RS10230,-0.8035192059175652,7495.695893611436,0.0099961938592735,0.0544829476778569,RNA,A3vsA1_rna
ACZ81_RS10235,-0.8144669956651609,4906.632548583094,0.076937948654338,0.2139794057917907,RNA,A3vsA1_rna
ACZ81_RS10240,-0.191442785184405,630.5392353678618,0.5886655601439554,0.7572062286943088,RNA,A3vsA1_rna
ACZ81_RS10245,0.2459735535569547,885.9602521357151,0.4621854914430241,0.6662682151074996,RNA,A3vsA1_rna
ACZ81_RS10250,-0.532902977057931,7132.375876796375,0.0385190197793555,0.1347451380883352,RNA,A3vsA1_rna
ACZ81_RS10255,1.0234665905326683,464.8569216277421,0.0113596327985783,0.0596306065530661,RNA,A3vsA1_rna
ACZ81_RS10260,-0.0347024323599835,1188.6155613866451,0.8474513671460157,0.9231536478386682,RNA,A3vsA1_rna
ACZ81_RS10265,-0.3535265010921268,58.27612269748087,0.2540120824142166,0.4566419718868578,RNA,A3vsA1_rna
ACZ81_RS10270,-0.4718276231668418,1124.0528057257134,0.0176385358439556,0.0799613624925989,RNA,A3vsA1_rna
ACZ81_RS10275,-0.3107288564496401,2261.179246054716,0.1834999281306266,0.3703227925855503,RNA,A3vsA1_rna
ACZ81_RS10280,-0.7330580842645211,84696.51786304824,0.3105682121616654,0.5211207307371819,RNA,A3vsA1_rna
ACZ81_RS10285,0.7193307354293323,331.65986303011607,0.0150581193915144,0.0712268792985376,RNA,A3vsA1_rna
ACZ81_RS10290,-0.7741773125951796,314.6485874011712,0.0626698597524563,0.1874955088194295,RNA,A3vsA1_rna
ACZ81_RS10295,-0.4246440962576348,24.27938115146271,0.5455134111987804,0.7295332685765022,RNA,A3vsA1_rna
ACZ81_RS10300,0.324716164766517,305.6025334416631,0.2964780693961208,0.505727046946104,RNA,A3vsA1_rna
ACZ81_RS10305,-0.6963174147808602,1115.9392843881062,0.028132040951509,0.1086292091409568,RNA,A3vsA1_rna
ACZ81_RS10310,-0.4340562808489532,745.4436983660881,0.1370623849642242,0.3069514097253651,RNA,A3vsA1_rna
ACZ81_RS10315,-0.8508834622926027,610.3220575429252,0.0177853619504139,0.080466123110949,RNA,A3vsA1_rna
ACZ81_RS10320,-0.2053521573472392,2681.952721466744,0.6046493083475661,0.7681611859057743,RNA,A3vsA1_rna
ACZ81_RS10325,-0.071561641649151,302.89521708086966,0.8316225923350252,0.913600723014272,RNA,A3vsA1_rna
ACZ81_RS10330,-0.2718021589984167,863.4644187708549,0.5698048372569309,0.747096947858602,RNA,A3vsA1_rna
ACZ81_RS10335,-1.2747979110064454,421.8613496264898,0.0082832045598041,0.047747437778641,RNA,A3vsA1_rna
ACZ81_RS10340,-1.3146668269703614,606.1446805465978,0.0150681756585722,0.0712268792985376,RNA,A3vsA1_rna
ACZ81_RS10345,-1.6082428367412345,134.89305897214166,0.0565436047106438,0.1751760170649444,RNA,A3vsA1_rna
ACZ81_RS10350,-0.3805834776301902,1495.4415251178616,0.090666775271085,0.2369740080700932,RNA,A3vsA1_rna
ACZ81_RS10355,-0.2187984019606771,336.46291674547706,0.4803781130412746,0.6798155165861001,RNA,A3vsA1_rna
ACZ81_RS10360,-1.3205052779372262,11737.43687625664,0.0027329885481411,0.0214243404074326,RNA,A3vsA1_rna
ACZ81_RS10365,-1.3782665708107196,11731.48067257195,0.0023777894821836,0.0194291067261112,RNA,A3vsA1_rna
ACZ81_RS10370,-0.2596396629405735,304.7887055672271,0.4632173604709407,0.6670596016544919,RNA,A3vsA1_rna
ACZ81_RS10375,0.4201868434452887,3030.151187170149,0.2429251557464095,0.4438140823563729,RNA,A3vsA1_rna
ACZ81_RS10380,-0.1833598367410786,1215.3462878637745,0.5609534837433984,0.7401289234132362,RNA,A3vsA1_rna
ACZ81_RS10385,-0.4890835092841677,127.1806218479686,0.2076933498948529,0.4004160114263095,RNA,A3vsA1_rna
ACZ81_RS10390,-0.1023811328276914,1131.884960700047,0.7648027717217415,0.8731897325405882,RNA,A3vsA1_rna
ACZ81_RS10395,-0.1385776120160721,94.91053160173712,0.7346340253491954,0.8560417396749846,RNA,A3vsA1_rna
ACZ81_RS10400,-0.1318570184661249,219.90439610620663,0.5940082869953474,0.7602196157308877,RNA,A3vsA1_rna
ACZ81_RS10405,0.1525579849216563,25.669848842964125,0.7798976834605409,0.8803885107461613,RNA,A3vsA1_rna
ACZ81_RS10410,0.5863101977878693,63.14545649465074,0.0618836570373399,0.1858362515223113,RNA,A3vsA1_rna
ACZ81_RS10415,-0.0589176522575159,1307.052808642416,0.7908676178408299,0.887045256577414,RNA,A3vsA1_rna
ACZ81_RS10420,-1.3341808029254618,1471.669862171654,8.175838515538141e-06,0.0003065557394798039,RNA,A3vsA1_rna
ACZ81_RS10425,0.1850095534169912,998.6751548384706,0.4618406979707972,0.6662682151074996,RNA,A3vsA1_rna
ACZ81_RS10430,0.4385797775651273,751.540125884035,0.0651163703890361,0.1921488762930898,RNA,A3vsA1_rna
ACZ81_RS10435,0.1904114165460113,355.1320575672126,0.5168392068562144,0.7094686038429585,RNA,A3vsA1_rna
ACZ81_RS10440,-0.2467814354958104,747.5549931261144,0.2585171424260091,0.4629525014776394,RNA,A3vsA1_rna
ACZ81_RS10445,0.6883591524689581,434.5214387966237,0.0032275797838458,0.0242038319491397,RNA,A3vsA1_rna
ACZ81_RS10450,0.1845385717548412,103.9417407295593,0.5428158369153078,0.7280709587825024,RNA,A3vsA1_rna
ACZ81_RS10455,0.7223270893472997,212.12724484705188,0.0021678789555991,0.0184269711225931,RNA,A3vsA1_rna
ACZ81_RS10460,0.5704861254816793,374.4220783827301,0.1388462475145216,0.3087866657584594,RNA,A3vsA1_rna
ACZ81_RS10465,0.3111705839343707,703.6745298361524,0.3836066276004384,0.595369357807721,RNA,A3vsA1_rna
ACZ81_RS10470,0.7447734945168317,342.7583108954653,0.0291986045317271,0.1115664775059897,RNA,A3vsA1_rna
ACZ81_RS10490,0.5150696004294705,396.7878555658206,0.0136595492410671,0.0672956618270647,RNA,A3vsA1_rna
ACZ81_RS10495,0.7258701864989564,513.1619004556368,0.0022284723248657,0.0187042488856935,RNA,A3vsA1_rna
ACZ81_RS10500,-0.008706052488761,2466.838122373768,0.9725769438762436,0.9875926851003516,RNA,A3vsA1_rna
ACZ81_RS10505,-0.8777801594921019,194.11150350310737,0.0100410733050378,0.0545864310295551,RNA,A3vsA1_rna
ACZ81_RS10510,0.2866219490372098,249.6418167624421,0.2819420358656714,0.4888294934715099,RNA,A3vsA1_rna
ACZ81_RS10515,0.1062011979562486,1650.679676936287,0.6793594770943556,0.819972991005582,RNA,A3vsA1_rna
ACZ81_RS10520,1.4764679773634688,118.75478312836977,0.0015791328585544,0.0150129882192427,RNA,A3vsA1_rna
ACZ81_RS10535,0.1756149685474875,167.37604016146247,0.4957292183069127,0.6912984441596572,RNA,A3vsA1_rna
ACZ81_RS10540,-0.0044599329843904,3.855494485214918,0.9965361335009392,0.997779627553224,RNA,A3vsA1_rna
ACZ81_RS10545,-0.991897214090763,31.446940784422523,0.0346240480081611,0.1265124084372683,RNA,A3vsA1_rna
ACZ81_RS10550,0.5877126215781607,108.61605736416222,0.170184373187243,0.3510435502453569,RNA,A3vsA1_rna
ACZ81_RS10560,-1.977679526094759,27485.29866024825,0.0006361542671268981,0.0079796080977426,RNA,A3vsA1_rna
ACZ81_RS10565,-0.4544645466971217,289.0122632214753,0.154392629941586,0.3308884782722452,RNA,A3vsA1_rna
ACZ81_RS10570,-0.0822873408279342,127.92661786424352,0.8681595520367272,0.9352982371261868,RNA,A3vsA1_rna
ACZ81_RS10575,0.239129083264025,73.95202247039929,0.609281832196946,0.7711401777679999,RNA,A3vsA1_rna
ACZ81_RS10580,0.496230295793061,52.33777468822628,0.2439596593510931,0.4448937060529935,RNA,A3vsA1_rna
ACZ81_RS10585,-0.171885576051056,276.506823736537,0.7790255054923381,0.8803885107461613,RNA,A3vsA1_rna
ACZ81_RS10590,0.4070407600327506,107.11408509134884,0.1912836946623873,0.380652935632371,RNA,A3vsA1_rna
ACZ81_RS10595,1.989518310755919,3204.9049336970866,4.676431941819659e-07,3.350329455460798e-05,RNA,A3vsA1_rna
ACZ81_RS10600,0.0430350853793192,2907.1973279673034,0.7689723687946494,0.8772013487643255,RNA,A3vsA1_rna
ACZ81_RS10605,-0.1614565803365295,387.1845505781103,0.6386244510727299,0.7912789677899297,RNA,A3vsA1_rna
ACZ81_RS10610,-0.8499351292205038,469.4058431913156,0.001469105217895,0.014481695661413,RNA,A3vsA1_rna
ACZ81_RS10615,-1.5982203998208038,1384.0180801967958,5.717406407494159e-06,0.000236721433504602,RNA,A3vsA1_rna
ACZ81_RS10620,0.0087491945586225,1455.4979955453366,0.975703740980713,0.9884526653936758,RNA,A3vsA1_rna
ACZ81_RS10625,-0.871218768057872,182.40491970600837,0.0880832557701986,0.2330587643751655,RNA,A3vsA1_rna
ACZ81_RS10630,0.3495634216604,4125.587338911498,0.2741195683518331,0.4789929042802937,RNA,A3vsA1_rna
ACZ81_RS10635,-0.4403862972529273,398.19873525015583,0.1588269033214479,0.3367936237450576,RNA,A3vsA1_rna
ACZ81_RS10640,0.2292627418361804,581.562784241207,0.2211843558507086,0.4166157913957949,RNA,A3vsA1_rna
ACZ81_RS10645,-0.1081752427891323,1626.8052285898254,0.6117381078644892,0.772762370513958,RNA,A3vsA1_rna
ACZ81_RS10650,-0.332666563718112,302.8852298636338,0.3234266311204871,0.5349895581332579,RNA,A3vsA1_rna
ACZ81_RS10655,0.0802191180888892,335.95140915051707,0.7853908997014998,0.8821535080164173,RNA,A3vsA1_rna
ACZ81_RS10665,-0.4061253056424512,5436.72181804928,0.1167856621731652,0.2786229695908156,RNA,A3vsA1_rna
ACZ81_RS10670,0.61380392603944,26305.707648536907,0.0351265415615048,0.1274210531146089,RNA,A3vsA1_rna
ACZ81_RS10675,1.0761254040821189,4492.887396049648,0.0021157669109739,0.0181377283051865,RNA,A3vsA1_rna
ACZ81_RS10680,0.468726935709531,705.1714433039945,0.1008386201975736,0.2527753414126248,RNA,A3vsA1_rna
ACZ81_RS10685,0.5015988186608966,915.9369597750618,0.0746120521163664,0.2103608946527491,RNA,A3vsA1_rna
ACZ81_RS10690,0.2749760114193619,8075.634241725112,0.1784242793745077,0.3631852911468926,RNA,A3vsA1_rna
ACZ81_RS10695,-0.1632251616682184,492.6577076466361,0.4964060994218544,0.6917614695659882,RNA,A3vsA1_rna
ACZ81_RS10700,1.047721740899459,4348.2191702108585,0.000179703262816052,0.0032003923536495,RNA,A3vsA1_rna
ACZ81_RS10705,0.8084085851379375,548.0902207436587,0.0355070941434057,0.1282218377167809,RNA,A3vsA1_rna
ACZ81_RS10710,1.3136380528788751,23.30661376733161,0.0457135151594161,0.1509486607568541,RNA,A3vsA1_rna
ACZ81_RS10715,0.9218739668940776,747.2479853130598,0.0067808994171845,0.0415343029950296,RNA,A3vsA1_rna
ACZ81_RS10720,-0.4087418723790054,401.8897153910518,0.4341346884582261,0.6429401099534372,RNA,A3vsA1_rna
ACZ81_RS10725,-0.7883628254952513,168.65209429884254,0.0296749028723201,0.1128490145248799,RNA,A3vsA1_rna
ACZ81_RS10730,-0.2062884776435089,415.9264945213293,0.5502686343195062,0.7327174778924191,RNA,A3vsA1_rna
ACZ81_RS10735,-0.3145379166277712,1004.6965460610876,0.2053230441857484,0.3979696483172031,RNA,A3vsA1_rna
ACZ81_RS10740,-0.4887498524690504,789.702822553403,0.358548921565374,0.5719065600500246,RNA,A3vsA1_rna
ACZ81_RS10745,0.2927367288207513,182.97526809774823,0.3752824999880469,0.5873256190125513,RNA,A3vsA1_rna
ACZ81_RS10750,-0.4846104562399297,1816.870604232609,0.1433347259524744,0.3148719083204377,RNA,A3vsA1_rna
ACZ81_RS10755,-1.1841789933341438,4064.491639457444,7.985419700604353e-05,0.0017506832698811,RNA,A3vsA1_rna
ACZ81_RS10760,0.9118993287030038,2056.3340604450423,0.0388454638674721,0.135637946941948,RNA,A3vsA1_rna
ACZ81_RS10765,0.2903918809157072,196.8175324846541,0.4135290881831094,0.6232451922579396,RNA,A3vsA1_rna
ACZ81_RS10770,-0.4006287592735221,311.9457862420496,0.1707941658433829,0.3521203460244872,RNA,A3vsA1_rna
ACZ81_RS10775,0.2130990882473092,368.46477577409047,0.3659537126726067,0.5782616365665609,RNA,A3vsA1_rna
ACZ81_RS10780,-1.5593432589028695,2501.1279281689986,0.00012571547772304538,0.002472510564854,RNA,A3vsA1_rna
ACZ81_RS10785,-0.2629206615399515,322.1281428030968,0.3894896682898183,0.6016519713321999,RNA,A3vsA1_rna
ACZ81_RS10790,0.5445663795945407,133.2278750448253,0.2551689971847442,0.4584585833879059,RNA,A3vsA1_rna
ACZ81_RS10795,0.1409734211267967,397.813903494172,0.6493779319565939,0.8004006952411228,RNA,A3vsA1_rna
ACZ81_RS10800,0.0691163471410061,301.5640177540925,0.805654484971133,0.8961147196296605,RNA,A3vsA1_rna
ACZ81_RS10805,0.3023491276577089,1036.7563394975336,0.2647153672116587,0.4695128440553381,RNA,A3vsA1_rna
ACZ81_RS10810,0.3430460220682013,182.51990436088292,0.209629735608613,0.403116480150952,RNA,A3vsA1_rna
ACZ81_RS10815,0.1220033468251231,1450.1053214693632,0.4387878846057053,0.6474628095660856,RNA,A3vsA1_rna
ACZ81_RS10820,1.0707120602182234,2052.429094849703,0.0092114081571026,0.0512568231987457,RNA,A3vsA1_rna
ACZ81_RS10825,-1.2596822331825042,1475.4135154285095,4.5665368738100543e-05,0.0011595535403624,RNA,A3vsA1_rna
ACZ81_RS10830,-1.316257677234992,2628.458427814866,1.2242756778842348e-05,0.0004271125234497,RNA,A3vsA1_rna
ACZ81_RS10835,-1.0352285628278484,17289.840517572993,0.0095418685696469,0.0525851328316258,RNA,A3vsA1_rna
ACZ81_RS10840,0.3356970254418389,292.2798326550703,0.5749757014411789,0.7509122767519563,RNA,A3vsA1_rna
ACZ81_RS10845,-0.4051398025053297,3934.679166250614,0.0881812573084499,0.2330587643751655,RNA,A3vsA1_rna
ACZ81_RS10850,0.7664106870882856,344.6614863716828,0.0905614119140891,0.2368529234676178,RNA,A3vsA1_rna
ACZ81_RS10855,0.4532362789538455,247.06445318678087,0.0713366730657205,0.2041170397414954,RNA,A3vsA1_rna
ACZ81_RS10860,0.1056835597425219,205.59057195835675,0.8189850391344325,0.9039251656141246,RNA,A3vsA1_rna
ACZ81_RS10865,-0.2738543035770756,166.35985230039032,0.5583423705589462,0.7383222118267937,RNA,A3vsA1_rna
ACZ81_RS10870,0.4183027269244499,223.0414943104128,0.4783423715686163,0.6793308299940846,RNA,A3vsA1_rna
ACZ81_RS10875,-0.3874853382555978,576.3618970955116,0.3257321849162473,0.5377870065383493,RNA,A3vsA1_rna
ACZ81_RS10880,0.412227434587502,177.37104356388602,0.1437346865041935,0.3154614673166436,RNA,A3vsA1_rna
ACZ81_RS10885,0.4724961217179555,688.889015947808,0.0493599558876182,0.158679601779747,RNA,A3vsA1_rna
ACZ81_RS10890,0.2313038280228917,284.171159379707,0.2979941110856934,0.5074500737163845,RNA,A3vsA1_rna
ACZ81_RS10895,0.0668852141855538,259.5973736637718,0.7615250723781257,0.8714314290875758,RNA,A3vsA1_rna
ACZ81_RS10900,-0.2058652259002891,719.9156787436106,0.4796149099452801,0.6795507385469819,RNA,A3vsA1_rna
ACZ81_RS10905,-0.3419129067772225,758.56357734044,0.1220066721364973,0.286754990399313,RNA,A3vsA1_rna
ACZ81_RS10910,-0.671861584994713,2771.467795534877,0.048339444691579,0.1565277256679703,RNA,A3vsA1_rna
ACZ81_RS10920,-1.1731896760498597,347.3242474568888,4.488053053051286e-05,0.0011468833661682,RNA,A3vsA1_rna
ACZ81_RS10925,-0.803418746233888,229.25256097039556,0.0043987712336401,0.0304273623954558,RNA,A3vsA1_rna
ACZ81_RS10935,-0.0887240817757724,149.8984662195764,0.8138212045749369,0.9007036338633508,RNA,A3vsA1_rna
ACZ81_RS10940,-0.1909758057528263,278.5609714154183,0.6585829913895518,0.8075290224495361,RNA,A3vsA1_rna
ACZ81_RS10945,0.7319211217132796,47.497282559996606,0.0413847724611149,0.1420322558716794,RNA,A3vsA1_rna
ACZ81_RS10950,1.3004164543813972,242.1444920953172,0.0040603931705522,0.0288237608710306,RNA,A3vsA1_rna
ACZ81_RS10955,-0.0105799507772262,173.54036612953547,0.9648712286068564,0.984533646275224,RNA,A3vsA1_rna
ACZ81_RS10965,0.8742570642568424,98.75503117331296,0.0093360259501794,0.0517349946300001,RNA,A3vsA1_rna
ACZ81_RS10970,0.4590909600728508,215.3049980230449,0.0510337333284847,0.1623281896217007,RNA,A3vsA1_rna
ACZ81_RS10975,0.2270861300751465,181.97451288996896,0.5179324174660584,0.7100769061947345,RNA,A3vsA1_rna
ACZ81_RS10980,-0.4082518091718088,88.57676306956462,0.2836442181384341,0.4909320980031914,RNA,A3vsA1_rna
ACZ81_RS10985,0.2126671282424221,50.69111233377401,0.6274825815239986,0.7842291678613472,RNA,A3vsA1_rna
ACZ81_RS10995,0.8498415091457434,130.10790931195763,0.0223854813673926,0.094239822923378,RNA,A3vsA1_rna
ACZ81_RS11000,1.0451912225055495,48.73420977857647,0.0401903634958546,0.1391231564670997,RNA,A3vsA1_rna
ACZ81_RS11005,0.1649231042506949,169.33844761013552,0.6228403585130375,0.7811302026740565,RNA,A3vsA1_rna
ACZ81_RS11010,0.5695297682154596,271.9748036250894,0.0698637683491819,0.2019405177355317,RNA,A3vsA1_rna
ACZ81_RS11015,-0.0558009433797603,893.9694260398845,0.7801787637277738,0.8803885107461613,RNA,A3vsA1_rna
ACZ81_RS11020,-0.4544686682037689,794.3480488835501,0.2170330949525592,0.4116958756263205,RNA,A3vsA1_rna
ACZ81_RS11025,0.6015421694288189,158.5219523292378,0.0420644563913495,0.1435056114303523,RNA,A3vsA1_rna
ACZ81_RS11030,0.3560652974560908,991.2321228488776,0.1044573357984322,0.2585966951219565,RNA,A3vsA1_rna
ACZ81_RS11035,0.2248797749968049,447.7121519998314,0.4929658445541365,0.6893617875047737,RNA,A3vsA1_rna
ACZ81_RS11040,-0.5791965466575454,465.8974059309199,0.0935761870986402,0.2426811006074626,RNA,A3vsA1_rna
ACZ81_RS11045,1.217379766716844,14318.63384174481,0.0356849328018625,0.1286324801447193,RNA,A3vsA1_rna
ACZ81_RS11050,0.2805961735090277,673.0618214736239,0.2874397097996195,0.4957902475133592,RNA,A3vsA1_rna
ACZ81_RS11055,1.096660420509147,129.2461820557564,0.0013333096679292,0.0135081777467987,RNA,A3vsA1_rna
ACZ81_RS11060,-0.1755572096736631,252.6497096930304,0.6119536493941575,0.772791325580535,RNA,A3vsA1_rna
ACZ81_RS11065,0.4576225122613918,2777.6037460029424,0.4387964554362379,0.6474628095660856,RNA,A3vsA1_rna
ACZ81_RS11070,0.947455272652118,147.68243150981726,0.00039465215271062616,0.0055555945146492,RNA,A3vsA1_rna
ACZ81_RS11075,-0.1987459676301906,26.45705896362162,0.6713299342056158,0.8148857880471085,RNA,A3vsA1_rna
ACZ81_RS11085,0.6423267942246011,343.8025361362989,0.0125885379519832,0.0638090364172508,RNA,A3vsA1_rna
ACZ81_RS11090,-0.2252876131244772,193.98194416586648,0.4813601966431616,0.6804695005220963,RNA,A3vsA1_rna
ACZ81_RS11095,-0.5211326495378014,96.4324103621855,0.140377831591464,0.3110352971980722,RNA,A3vsA1_rna
ACZ81_RS11100,-0.1420515308629602,1074.110405903417,0.8228268403077413,0.9066688501276184,RNA,A3vsA1_rna
ACZ81_RS11105,-0.7153478680400372,102.23435569409745,0.0794484068651694,0.2187693948819902,RNA,A3vsA1_rna
ACZ81_RS11110,1.277660268086008,3585.755494496686,0.002573921050638,0.0203962782671254,RNA,A3vsA1_rna
ACZ81_RS11115,0.2224430434983213,413.2532118739781,0.6517986740645695,0.802873196626409,RNA,A3vsA1_rna
ACZ81_RS11120,0.3388700827620735,244.77419358884367,0.1693031901162582,0.3499455944082577,RNA,A3vsA1_rna
ACZ81_RS11125,0.4599817156696263,812.1302299337648,0.0755909379384114,0.2120775125936409,RNA,A3vsA1_rna
ACZ81_RS11130,0.5066077846892154,858.0760096803073,0.0412607296832641,0.1419568821549935,RNA,A3vsA1_rna
ACZ81_RS11135,0.0553568124395589,2244.0104388719155,0.7799089201896456,0.8803885107461613,RNA,A3vsA1_rna
ACZ81_RS11140,-1.0067336057359482,2411.618022867676,0.041186104230468,0.1418357512211482,RNA,A3vsA1_rna
ACZ81_RS11145,-0.6123319548812356,3224.747583005683,0.2124024014986685,0.4061404033044208,RNA,A3vsA1_rna
ACZ81_RS11150,-0.4281363393749279,2482.877395551418,0.329058504066878,0.5410584911132437,RNA,A3vsA1_rna
ACZ81_RS11155,-0.8217141569725762,217.83838117333,0.1451208177743111,0.3172886762455238,RNA,A3vsA1_rna
ACZ81_RS11160,-0.2029145607596867,123.70223094866638,0.6210209610116117,0.7798235040934542,RNA,A3vsA1_rna
ACZ81_RS11165,-1.0784837415179205,1237.3909203753428,0.0808864006731957,0.2204594018348242,RNA,A3vsA1_rna
ACZ81_RS11170,-1.189364048683311,2272.109679452595,0.0195589055477296,0.0865163495672452,RNA,A3vsA1_rna
ACZ81_RS11175,-1.0294132443785873,1843.2699312774105,0.0003051114869059538,0.0046367700207071,RNA,A3vsA1_rna
ACZ81_RS11180,0.6691693388682828,1511.6527395548726,0.0346685391274366,0.1265124084372683,RNA,A3vsA1_rna
ACZ81_RS11185,-0.0437441662083422,555.8790043787999,0.890186327697773,0.947579609106783,RNA,A3vsA1_rna
ACZ81_RS11190,-0.3718359345900205,590.3426765808728,0.2748133879325656,0.4797873422042878,RNA,A3vsA1_rna
ACZ81_RS11195,-0.5197150611109738,933.2365592135516,0.1781768511063119,0.3630500389225614,RNA,A3vsA1_rna
ACZ81_RS11200,-0.4063702271377282,236.27698165847733,0.160636682044835,0.3384646581049904,RNA,A3vsA1_rna
ACZ81_RS11205,0.4746712185043759,1153.4390579990045,0.0528490210501789,0.1664287852851788,RNA,A3vsA1_rna
ACZ81_RS11210,0.3591115805307744,416.5199070924976,0.1988122436572116,0.3904232606719203,RNA,A3vsA1_rna
ACZ81_RS11215,-1.3642964286977894,2717.0515156417146,0.0156792642348965,0.0731455908260521,RNA,A3vsA1_rna
ACZ81_RS11220,-0.7103920369818583,2596.8258745228827,0.1723194380549338,0.3545361976802023,RNA,A3vsA1_rna
ACZ81_RS11225,-0.1578535679801676,1427.5683716090643,0.7414278791676474,0.8594650826988158,RNA,A3vsA1_rna
ACZ81_RS11230,-0.4093691895421636,168.28053433835936,0.3919430240728174,0.6038692060599629,RNA,A3vsA1_rna
ACZ81_RS11235,-0.8869144186378157,4960.80680218902,0.0268968490663122,0.1058093268528548,RNA,A3vsA1_rna
ACZ81_RS11240,-0.0346958584123011,950.8690492700896,0.8679253169488886,0.9352982371261868,RNA,A3vsA1_rna
ACZ81_RS11245,0.0391863492505424,220.1854183008851,0.8924716600065348,0.9487834835492562,RNA,A3vsA1_rna
ACZ81_RS11250,0.1257015874037145,286.5374360600523,0.5327674717617126,0.7204122334708428,RNA,A3vsA1_rna
ACZ81_RS11255,-1.697637847617778,2732.865749556203,8.980730353073115e-11,1.7157471512633022e-08,RNA,A3vsA1_rna
ACZ81_RS11260,-1.061655312611732,504.08918895828106,0.0152165359964741,0.0715694518380471,RNA,A3vsA1_rna
ACZ81_RS11265,0.9268552958175874,51.097525916593966,0.1858613636644348,0.3730244077147136,RNA,A3vsA1_rna
ACZ81_RS11270,0.5687845939356565,1024.8628173323114,0.1991275376179045,0.3906599906714098,RNA,A3vsA1_rna
ACZ81_RS11275,1.2205620351243898,90.68354995655729,0.0172609379795893,0.0786941854251278,RNA,A3vsA1_rna
ACZ81_RS11280,-0.1386239217903966,1180.8357489144057,0.8339455107196871,0.915361038554078,RNA,A3vsA1_rna
ACZ81_RS11285,-0.1573778949680776,592.3206395086232,0.5582824121251444,0.7383222118267937,RNA,A3vsA1_rna
ACZ81_RS11290,-0.0285159994957275,494.41456030982346,0.947279631159231,0.9755007583017508,RNA,A3vsA1_rna
ACZ81_RS11295,-0.7273824748926349,961.83703252938,0.094698373005617,0.2437516692634234,RNA,A3vsA1_rna
ACZ81_RS11300,-1.5187870747349044,617.1121598444181,8.897351782998212e-05,0.0019088863825341,RNA,A3vsA1_rna
ACZ81_RS11305,-0.0264848395180428,241.55793381946748,0.9313923143441096,0.9695760158662604,RNA,A3vsA1_rna
ACZ81_RS11310,-0.2562124287830733,599.316721771308,0.5217072704561373,0.711667635948739,RNA,A3vsA1_rna
ACZ81_RS11315,-0.3192864712693193,510.383415097977,0.421518921069752,0.6303145401907735,RNA,A3vsA1_rna
ACZ81_RS11320,0.2327488400913268,367.0437108617214,0.3207566091181159,0.5328677083982944,RNA,A3vsA1_rna
ACZ81_RS11325,-1.8993585334364371,219.19344076030367,0.0032928122355604,0.0246010478381163,RNA,A3vsA1_rna
ACZ81_RS11330,0.4064847230946661,103.29024684515645,0.2511749981198997,0.4535166932749945,RNA,A3vsA1_rna
ACZ81_RS11335,-0.2171356050173649,112.7687923921972,0.6206382072771819,0.7795868777695848,RNA,A3vsA1_rna
ACZ81_RS11340,0.3522945872016911,106.3565734419336,0.3297339690741355,0.5419470233205372,RNA,A3vsA1_rna
ACZ81_RS11345,0.4848622782439352,74.52248887078514,0.0984661566119076,0.2495554139778732,RNA,A3vsA1_rna
ACZ81_RS11350,0.3250524559711655,69.62845682204265,0.5358871772463157,0.7234116268883644,RNA,A3vsA1_rna
ACZ81_RS11355,0.6683079524760568,163.06840960610052,0.0203770654517881,0.0888466104274453,RNA,A3vsA1_rna
ACZ81_RS11360,0.4910442579091849,179.00391727485228,0.0705756945589804,0.2026840991915745,RNA,A3vsA1_rna
ACZ81_RS11365,0.0129223520500524,234.39390549687357,0.964761076267616,0.984533646275224,RNA,A3vsA1_rna
ACZ81_RS11370,0.1149018739781906,191.51156907216316,0.711456295049454,0.8434305921972811,RNA,A3vsA1_rna
ACZ81_RS11375,-0.0570465049246603,57.569963316927215,0.8751637908741665,0.9391149657430536,RNA,A3vsA1_rna
ACZ81_RS11380,0.0943253885587673,60.77546081848788,0.7658768031115012,0.8739185819349666,RNA,A3vsA1_rna
ACZ81_RS11385,0.006043694215525,66.53644746052134,0.9887306319238804,0.994431510473454,RNA,A3vsA1_rna
ACZ81_RS11390,-0.0321728596822915,74.78961351897242,0.923826455836402,0.9670976439845956,RNA,A3vsA1_rna
ACZ81_RS11395,-0.1375317759500571,531.9498356553066,0.6253761793128405,0.7831464594253493,RNA,A3vsA1_rna
ACZ81_RS11400,-0.7421511801638874,23.695058406681632,0.1771334202391442,0.3614747110882231,RNA,A3vsA1_rna
ACZ81_RS11405,-0.3017304232153702,4.341365209947588,0.7928508340917607,0.888587350478003,RNA,A3vsA1_rna
ACZ81_RS11410,-0.1408943752128973,211.05214885574972,0.6109010669170569,0.7721912666891091,RNA,A3vsA1_rna
ACZ81_RS11415,-0.2579645881437605,960.3711131210084,0.3757517202949192,0.5873256190125513,RNA,A3vsA1_rna
ACZ81_RS11420,-1.7213261149415289,179.29299115510972,0.00019529570405416328,0.0033577540110153,RNA,A3vsA1_rna
ACZ81_RS11430,-2.379176829336473,16297.485096216058,0.00012128857008443357,0.0024332725060239,RNA,A3vsA1_rna
ACZ81_RS11435,-1.5196453730213937,5579.932147919385,0.0175493185185267,0.0796469071225443,RNA,A3vsA1_rna
ACZ81_RS11440,0.2700195633090602,948.8274587743292,0.5788409354296917,0.7526995896237546,RNA,A3vsA1_rna
ACZ81_RS11445,0.6816626190532639,170.69376034491108,0.0464947239556179,0.1531501087930536,RNA,A3vsA1_rna
ACZ81_RS11450,-0.679756891537123,179.81851387002234,0.0063109823035233,0.0393421479766671,RNA,A3vsA1_rna
ACZ81_RS11455,-0.3069226928251728,144.41243819824373,0.4362116288561324,0.6448345817873261,RNA,A3vsA1_rna
ACZ81_RS11460,-0.1053439767482819,76.04438277961567,0.7297229530236522,0.8531176013558562,RNA,A3vsA1_rna
ACZ81_RS11470,-0.5204164129484711,150.77888651015243,0.2141005198053798,0.4074740494552663,RNA,A3vsA1_rna
ACZ81_RS11475,-0.2252164718933807,217.7991129199296,0.5396241794763876,0.7260134835879501,RNA,A3vsA1_rna
ACZ81_RS11480,0.106780058345886,147.5913270995213,0.7528187608913098,0.8666596466846298,RNA,A3vsA1_rna
ACZ81_RS11485,-0.1000416833802074,142.56450057502138,0.7627242046177957,0.8723435725943434,RNA,A3vsA1_rna
ACZ81_RS11490,-0.7437216282392178,268.94063471605847,0.037299381535399,0.1332547806945869,RNA,A3vsA1_rna
ACZ81_RS11495,-0.9399869102077788,174.8640647140218,0.0035671477043252,0.026307714319399,RNA,A3vsA1_rna
ACZ81_RS11500,-1.4060613710574914,25.346347367249454,0.1258671591064034,0.2909671558564728,RNA,A3vsA1_rna
ACZ81_RS11510,0.1071875457689625,247.29700137737703,0.7164007993126671,0.8457985039175941,RNA,A3vsA1_rna
ACZ81_RS11515,0.1953092717277798,455.1363731440518,0.3557616921095024,0.5692014937574976,RNA,A3vsA1_rna
ACZ81_RS11520,-0.029424256459063,374.338284052563,0.8926733414844398,0.9487834835492562,RNA,A3vsA1_rna
ACZ81_RS11525,0.5666709260608126,802.3192313953876,0.0467399193460722,0.1536137276084809,RNA,A3vsA1_rna
ACZ81_RS11530,-0.016019338984106,3934.643249841321,0.938516573873306,0.972095851345302,RNA,A3vsA1_rna
ACZ81_RS11540,-0.0414981444834229,401.335904927388,0.8683913093955749,0.9352982371261868,RNA,A3vsA1_rna
ACZ81_RS11545,0.6377860269710675,443.0150382119338,0.0120430328276673,0.0619444201341042,RNA,A3vsA1_rna
ACZ81_RS11550,0.5221937356974665,493.2988042933026,0.024153866818191,0.098983977195692,RNA,A3vsA1_rna
ACZ81_RS11555,1.2348878025259242,331.4304842681997,0.0005656227747296393,0.007320253458759,RNA,A3vsA1_rna
ACZ81_RS11560,1.5319515581367342,1202.033858822392,9.71507649493956e-06,0.00034800791872944214,RNA,A3vsA1_rna
ACZ81_RS11565,1.8704145217374952,349.0885645105839,0.0001729787344046632,0.0031747428730216,RNA,A3vsA1_rna
ACZ81_RS11570,-0.9138556314874704,2597.812023748487,0.0173796072899438,0.0790555379220576,RNA,A3vsA1_rna
ACZ81_RS11575,-1.0102346763744283,516.6807317818988,0.042674428498081,0.144725111694253,RNA,A3vsA1_rna
ACZ81_RS11580,-0.6130208081678636,564.2352072741303,0.1117106864495875,0.2702950624659235,RNA,A3vsA1_rna
ACZ81_RS11585,-0.6360851153069602,1193.5481578918584,0.0005206149192969839,0.0067962304232558,RNA,A3vsA1_rna
ACZ81_RS11590,-1.4490410674286178,971.1134859958944,0.0186228265194058,0.0834802011126886,RNA,A3vsA1_rna
ACZ81_RS11595,-0.4324012708452193,2006.9704806616635,0.3474585437335354,0.5618531741079695,RNA,A3vsA1_rna
ACZ81_RS11600,-0.5431039300801974,169.91986010430026,0.1588045806342391,0.3367936237450576,RNA,A3vsA1_rna
ACZ81_RS11605,0.0405844942989007,390.8511026328336,0.8739613794477781,0.9382748339161054,RNA,A3vsA1_rna
ACZ81_RS11610,0.6100503923661639,161.8449486176357,0.0441766446396624,0.1476972485786046,RNA,A3vsA1_rna
ACZ81_RS11615,0.270249217108052,785.416130382564,0.3943063305656956,0.6060481924541377,RNA,A3vsA1_rna
ACZ81_RS11620,-1.149444023242792,2526.1216005146493,0.1154148336905526,0.2764443658307445,RNA,A3vsA1_rna
ACZ81_RS11625,-1.0924892694553896,895.4437298046986,0.0635445119419816,0.1892085693232182,RNA,A3vsA1_rna
ACZ81_RS11630,-1.8859930366998776,598.1702028728528,3.6239582096404775e-06,0.0001794977819392296,RNA,A3vsA1_rna
ACZ81_RS11635,-1.3087212956116014,495.05070813809607,0.004347397456701,0.0302223050504278,RNA,A3vsA1_rna
ACZ81_RS11645,-0.7430584931134164,431.1222474603262,0.0589146036327645,0.1798823362059751,RNA,A3vsA1_rna
ACZ81_RS11650,-0.5391445449674419,60.61764438101086,0.3043781829526073,0.5137142274067662,RNA,A3vsA1_rna
ACZ81_RS11655,-0.8668559160523235,1365.677697072994,0.2686088822562349,0.472864780874074,RNA,A3vsA1_rna
ACZ81_RS11660,0.0871666417182018,36.30199930671982,0.8500409708623113,0.9244685213064768,RNA,A3vsA1_rna
ACZ81_RS11665,0.3332568164395241,1312.7244261092665,0.0865247773629061,0.2301360431983082,RNA,A3vsA1_rna
ACZ81_RS11670,0.5837476896238704,221.44185665192305,0.0639480336681892,0.1896226985046381,RNA,A3vsA1_rna
ACZ81_RS11675,0.5221852590215287,409.1963449141237,0.0637671192263945,0.1895064313602183,RNA,A3vsA1_rna
ACZ81_RS11680,0.2857995496006526,778.1795801664018,0.1586615407479452,0.3367936237450576,RNA,A3vsA1_rna
ACZ81_RS11685,0.5359524943979775,1707.0598369853476,0.0532026262997754,0.1671487366599054,RNA,A3vsA1_rna
ACZ81_RS11690,-0.7818872075766263,2565.2192335933487,0.1487333828361334,0.3220282417369494,RNA,A3vsA1_rna
ACZ81_RS11695,0.5656188785876464,273.09659924658047,0.0616233372749441,0.1854709896077087,RNA,A3vsA1_rna
ACZ81_RS11700,-0.1303404678393085,1172.4126160426094,0.697839449117128,0.833235721684145,RNA,A3vsA1_rna
ACZ81_RS11705,0.3781314943041616,2599.717974230832,0.2301792589843142,0.4282559796046569,RNA,A3vsA1_rna
ACZ81_RS11710,0.4542124414308882,899.857676486144,0.0198010546626668,0.0872987157215598,RNA,A3vsA1_rna
ACZ81_RS11715,0.3816530115009513,1788.0950430507276,0.098303668399852,0.2493010857270583,RNA,A3vsA1_rna
ACZ81_RS11720,-0.0522054923719363,1651.2997551328915,0.8859831560278124,0.9460391853097844,RNA,A3vsA1_rna
ACZ81_RS11725,-0.8098688772755813,3614.731509068591,0.0972346041657877,0.2475276099013753,RNA,A3vsA1_rna
ACZ81_RS11730,1.0087667097025153,1054.44161066754,0.0003666590876403666,0.0053298415203375,RNA,A3vsA1_rna
ACZ81_RS11735,0.9959786941977,539.3118700219809,0.001531324565161,0.0148993317234352,RNA,A3vsA1_rna
ACZ81_RS11740,0.7308768563010954,726.4591924737502,0.0928733216048948,0.2415239141017183,RNA,A3vsA1_rna
ACZ81_RS11745,0.50282195587819,2136.2901438677213,0.2735973539536505,0.4784972031656694,RNA,A3vsA1_rna
ACZ81_RS11750,0.3372166938163948,794.2538383915245,0.424840819486867,0.6338643985798849,RNA,A3vsA1_rna
ACZ81_RS11755,0.2865038857824291,3233.836947773721,0.4058103488948072,0.616241907557141,RNA,A3vsA1_rna
ACZ81_RS11760,0.1943216792260979,370.5540069555175,0.5861377640102838,0.7562218072160066,RNA,A3vsA1_rna
ACZ81_RS11765,0.113287765239626,2323.5048449882565,0.7102891565327634,0.8426020390329529,RNA,A3vsA1_rna
ACZ81_RS11780,-0.2567712157279324,88.29270903577574,0.6293684703774598,0.7851449947619306,RNA,A3vsA1_rna
ACZ81_RS11785,-0.9640837203973186,231.88813951694488,0.1961987084491758,0.3877704358480431,RNA,A3vsA1_rna
ACZ81_RS11790,0.9522871402886124,68.16743805945141,0.0501287573231063,0.1605080402077434,RNA,A3vsA1_rna
ACZ81_RS11795,0.6525589894785656,32.5045024157827,0.179816903228181,0.3650938338823189,RNA,A3vsA1_rna
ACZ81_RS11800,-1.7686754753666891,4138.522570795169,0.028312437517296,0.1089065190022931,RNA,A3vsA1_rna
ACZ81_RS11805,0.2922260762684152,274.4423822357481,0.3971634687099007,0.608429442789683,RNA,A3vsA1_rna
ACZ81_RS11810,-1.0295860264980616,392.9330760449576,0.0101922387818456,0.0549613736461894,RNA,A3vsA1_rna
ACZ81_RS11815,-0.4842933186531351,357.47616142053647,0.4757930303406077,0.6766684288289677,RNA,A3vsA1_rna
ACZ81_RS11820,0.1882062927741167,62.20763726144215,0.742198893749568,0.8598619583376457,RNA,A3vsA1_rna
ACZ81_RS11825,-0.1400432926375042,115.5878835980126,0.6720887607167663,0.8153674351362765,RNA,A3vsA1_rna
ACZ81_RS11830,-0.8043903303512168,215.4569171465804,0.0338265379963969,0.1248501108017889,RNA,A3vsA1_rna
ACZ81_RS11835,-0.6975051487811798,356.2297871199334,0.0428006501251539,0.1450305813362478,RNA,A3vsA1_rna
ACZ81_RS11840,-0.9285208779174338,136.30700469121973,0.0356250847904789,0.1285322303771597,RNA,A3vsA1_rna
ACZ81_RS11845,-0.915544624495768,199.28498584379335,0.0015774776051584,0.0150129882192427,RNA,A3vsA1_rna
ACZ81_RS11850,-0.4522820662861714,170.0398367587567,0.2524155413608549,0.4551420907594382,RNA,A3vsA1_rna
ACZ81_RS11855,-0.8517006059413118,94.58584888016529,0.0796702441884444,0.2192297803045536,RNA,A3vsA1_rna
ACZ81_RS11860,0.3176531365140387,18.6077613106321,0.5643723287466591,0.7421375886370358,RNA,A3vsA1_rna
ACZ81_RS11865,0.8584182006049266,45.52504828686977,0.0353076441179643,0.1277315312905979,RNA,A3vsA1_rna
ACZ81_RS11870,-0.7258130056945727,1285.971663619137,0.0111257842836382,0.05880981099599,RNA,A3vsA1_rna
ACZ81_RS11875,-1.1326293052270264,115.42266088278603,0.0104405695995247,0.0560743845157872,RNA,A3vsA1_rna
ACZ81_RS11880,-0.4158223300290191,83.75321204893366,0.4339666745415991,0.6429401099534372,RNA,A3vsA1_rna
ACZ81_RS11885,-0.4134303787344501,82.97197655246167,0.2644293147300718,0.4692129193706537,RNA,A3vsA1_rna
ACZ81_RS11890,-0.5047928414935795,46.23610163387448,0.2690192490634272,0.4733794856326622,RNA,A3vsA1_rna
ACZ81_RS11895,-0.5387290379766795,137.64205716705567,0.2346773127663407,0.4331444328797924,RNA,A3vsA1_rna
ACZ81_RS11900,1.461590079321068,29.77438741973072,0.0245995610726331,0.09981288720571,RNA,A3vsA1_rna
ACZ81_RS11905,-0.958418164108704,2558.592470841742,0.0841015429259185,0.2264532820260303,RNA,A3vsA1_rna
ACZ81_RS11910,-0.3707446535202572,208.88282482345232,0.4646516436904201,0.6684053045844265,RNA,A3vsA1_rna
ACZ81_RS11915,-0.2679914433727413,173.55939639304574,0.489933733942044,0.6874880349196626,RNA,A3vsA1_rna
ACZ81_RS11920,-0.8860359152919776,128.93688228242038,0.0045396358772994,0.0310802374398044,RNA,A3vsA1_rna
ACZ81_RS11925,-0.2627410825596212,485.6792992120164,0.4084784970006218,0.6191219229189628,RNA,A3vsA1_rna
ACZ81_RS11930,-0.1939410693308546,312.1721301784812,0.4805807288572534,0.6798624415286675,RNA,A3vsA1_rna
ACZ81_RS11935,0.3562967611865131,40.664178559866286,0.4792913664158352,0.6795507385469819,RNA,A3vsA1_rna
ACZ81_RS11940,0.5882964426905689,418.0691733649076,0.1568205417160132,0.3343060644870591,RNA,A3vsA1_rna
ACZ81_RS11945,0.3814003506562122,749.7654322142033,0.1183917981753673,0.2812243305385279,RNA,A3vsA1_rna
ACZ81_RS11950,-0.7049436045227623,1606.2679522560295,0.015533027044392,0.0725477351596051,RNA,A3vsA1_rna
ACZ81_RS11955,-0.3260493994854815,69.43384029928069,0.3969256296119607,0.608429442789683,RNA,A3vsA1_rna
ACZ81_RS11960,-0.550560076503232,2488.182550463447,0.0267163649365299,0.1054980867375574,RNA,A3vsA1_rna
ACZ81_RS11965,-0.2616001975617866,117.97819350008535,0.37915519299872,0.5911706940339986,RNA,A3vsA1_rna
ACZ81_RS11970,0.3979056018008721,111.65652141589683,0.4625017395499467,0.6662682151074996,RNA,A3vsA1_rna
ACZ81_RS11975,0.842453257283812,176.08906803313073,0.2326612110513583,0.4307507054628747,RNA,A3vsA1_rna
ACZ81_RS11980,-2.200989616310389,833.7960801980472,0.00026231749057439456,0.0041383814287746,RNA,A3vsA1_rna
ACZ81_RS11985,0.0380544710803263,368.4961298048499,0.881587678904443,0.9439364205403324,RNA,A3vsA1_rna
ACZ81_RS11990,-1.1027054121057678,409.0033063085095,0.0010332490922078,0.011209074858222,RNA,A3vsA1_rna
ACZ81_RS11995,0.975871671180992,3616.64711702886,0.1221456537485624,0.2869135613812836,RNA,A3vsA1_rna
ACZ81_RS12000,-1.3516533576111538,5514.510392114245,0.0004461489835057495,0.0060676261756781,RNA,A3vsA1_rna
ACZ81_RS12005,-1.4571189662022377,1526.0679349063807,6.837858865348306e-05,0.0015240827648765,RNA,A3vsA1_rna
ACZ81_RS12010,-0.1140564391724736,66.83923562628522,0.6929093262537074,0.8300842690145936,RNA,A3vsA1_rna
ACZ81_RS12015,0.6297311988591067,322.05604298393234,0.0137234032745182,0.0673084277962926,RNA,A3vsA1_rna
ACZ81_RS12020,0.773212979764656,22.26236292373072,0.1978045046628857,0.3890298180162636,RNA,A3vsA1_rna
ACZ81_RS12025,-0.8595241559676933,6.065978192886738,0.4098266158638944,0.6202637454348165,RNA,A3vsA1_rna
ACZ81_RS12030,0.2871373091756649,16.745640967946535,0.7093702203315719,0.8420098591628007,RNA,A3vsA1_rna
ACZ81_RS12050,0.550147731921492,3.7684973918415934,0.7086351285339976,0.8413862490909731,RNA,A3vsA1_rna
ACZ81_RS12055,-0.7745953827737648,77.05630519528965,0.0135760778070589,0.0670778622683747,RNA,A3vsA1_rna
ACZ81_RS12065,-0.0871160397764316,231.0875484577326,0.7730555807538293,0.878362783909477,RNA,A3vsA1_rna
ACZ81_RS12070,-0.5713513467660287,251.8553053771957,0.0315762530289571,0.1185069477569468,RNA,A3vsA1_rna
ACZ81_RS12075,-0.8363481175914685,369.8965317440506,0.0696708179129314,0.2015279895217597,RNA,A3vsA1_rna
ACZ81_RS12080,-0.8914547821265203,392.2546444531568,0.0820465765718259,0.2225631272523094,RNA,A3vsA1_rna
ACZ81_RS12085,-0.2289119206249569,56.25872128820112,0.6415440568377344,0.7934262503184312,RNA,A3vsA1_rna
ACZ81_RS12090,0.1333867973918553,443.0485698327038,0.607583299267404,0.770424840916822,RNA,A3vsA1_rna
ACZ81_RS12100,-0.0961801450223051,72.77860435546721,0.8496887115551992,0.924335984479246,RNA,A3vsA1_rna
ACZ81_RS12105,-1.0210204870937098,42.59459854405952,0.0724622547036224,0.2060372543380109,RNA,A3vsA1_rna
ACZ81_RS12110,-0.0232568805899679,169.61167761726236,0.9452682816970068,0.9747334960718804,RNA,A3vsA1_rna
ACZ81_RS12115,0.0805682611233189,359.42290398774406,0.7549581953034816,0.8678774439993032,RNA,A3vsA1_rna
ACZ81_RS12120,0.1377266446429491,500.39353785433,0.4912631702386514,0.6879399088996403,RNA,A3vsA1_rna
ACZ81_RS12125,0.976561123880332,1854.8416358649283,0.000904238661491508,0.0102838401651891,RNA,A3vsA1_rna
ACZ81_RS12130,-0.2380502666128849,2064.271882821801,0.4789903487396636,0.6795507385469819,RNA,A3vsA1_rna
ACZ81_RS12135,-0.0469070169884153,187.55771070748168,0.8752120779943363,0.9391149657430536,RNA,A3vsA1_rna
ACZ81_RS12140,0.275262260002183,424.2969477698829,0.4878743887452149,0.6857263404083765,RNA,A3vsA1_rna
ACZ81_RS12145,-1.269464814667048,2647.9338087923966,0.0087988888745928,0.0498442080957487,RNA,A3vsA1_rna
ACZ81_RS12150,-0.9484810725697432,781.8735084975677,0.028166816324394,0.1086506127118498,RNA,A3vsA1_rna
ACZ81_RS12155,-0.2537623706741657,52.9116134528998,0.5892234332382329,0.7576809019717278,RNA,A3vsA1_rna
ACZ81_RS12160,0.5279874161365938,22.256806081236885,0.293200211677499,0.5024857963477686,RNA,A3vsA1_rna
ACZ81_RS12165,-0.6886433551300858,91.0767627236404,0.1098226729313823,0.2673259769713953,RNA,A3vsA1_rna
ACZ81_RS12170,0.6215654292560897,2312.7004240601195,0.0467667246188388,0.1536137276084809,RNA,A3vsA1_rna
ACZ81_RS12175,0.3981430587096473,807.9055121236546,0.185160991315025,0.3723391966288692,RNA,A3vsA1_rna
ACZ81_RS12180,0.7355936986809104,438.209537210063,0.1514831407444919,0.3256319985933389,RNA,A3vsA1_rna
ACZ81_RS12185,1.0016002341831929,338.49068865370174,0.0025183818526929,0.0201374554365892,RNA,A3vsA1_rna
ACZ81_RS12190,0.6739010600494754,636.7393936327255,0.0574180674609378,0.1770166094662502,RNA,A3vsA1_rna
ACZ81_RS12195,-0.5746177597791134,157.8422697913615,0.0785030944599422,0.2170602446404469,RNA,A3vsA1_rna
ACZ81_RS12200,-0.9527711504338928,76.10908131656272,0.00023172592518062987,0.0038101820156749,RNA,A3vsA1_rna
ACZ81_RS12205,-0.0703119362560275,1477.5424285002237,0.903276948608002,0.9539213260898404,RNA,A3vsA1_rna
ACZ81_RS12210,-0.9072080714984332,1160.2962915874402,0.0098793806708621,0.0539266329952364,RNA,A3vsA1_rna
ACZ81_RS12215,-0.2259479437072239,508.23264456888313,0.278773254497505,0.485322894515706,RNA,A3vsA1_rna
ACZ81_RS12220,-0.89959066878902,643.4136706929901,0.0273112485769347,0.1067960324470391,RNA,A3vsA1_rna
ACZ81_RS12225,-1.8308011379255844,1982.4885146042632,2.422141792543635e-05,0.0007093162680062091,RNA,A3vsA1_rna
ACZ81_RS12230,-0.5878249239318287,187.4071947427756,0.0540859348450128,0.1695256020298372,RNA,A3vsA1_rna
ACZ81_RS12235,0.1368389507372499,195.5451155824337,0.7183232971059283,0.8462380956496314,RNA,A3vsA1_rna
ACZ81_RS12240,2.039978418471992,588.8247127134579,0.00010034824936998225,0.0020859957330174,RNA,A3vsA1_rna
ACZ81_RS12245,0.3801076330492813,590.909763741379,0.1005424595100856,0.2524384067736068,RNA,A3vsA1_rna
ACZ81_RS12250,0.7757364902789525,119.81161932831624,0.0138819894495426,0.0676725901234084,RNA,A3vsA1_rna
ACZ81_RS12255,0.3787714296811785,315.5584112751442,0.1793407890561192,0.3646451957305993,RNA,A3vsA1_rna
ACZ81_RS12260,-0.2110425138817915,2174.995212687092,0.5898810054327998,0.757818780350705,RNA,A3vsA1_rna
ACZ81_RS12265,0.6050872375344691,872.2417487492818,0.2037374927294356,0.3956412491919147,RNA,A3vsA1_rna
ACZ81_RS12270,1.3427124845955056,235.67124364879203,0.0015406759705705,0.0148993317234352,RNA,A3vsA1_rna
ACZ81_RS12275,0.083756013445865,350.5015904221109,0.7943210231895046,0.8891785560927155,RNA,A3vsA1_rna
ACZ81_RS12280,0.986666385071782,571.7732302182976,0.00014564454759212318,0.0027693171798085,RNA,A3vsA1_rna
ACZ81_RS12285,0.3331308867121746,1529.2502261044774,0.1409866002797556,0.3116464134007601,RNA,A3vsA1_rna
ACZ81_RS12290,0.2984699875757198,379.3787924355312,0.282999535625671,0.490239264650342,RNA,A3vsA1_rna
ACZ81_RS12295,1.0334586160410877,589.4057834354716,0.0223093344313829,0.0942158418302194,RNA,A3vsA1_rna
ACZ81_RS12300,-0.8308437389521792,1880.7337573836007,0.0003099937740271777,0.0046755451932219,RNA,A3vsA1_rna
ACZ81_RS12305,0.6839003172297712,859.9791112852805,0.0939019871239396,0.2430127120550086,RNA,A3vsA1_rna
ACZ81_RS12310,0.0605635279679136,1326.2722029848203,0.7629744756314933,0.8723435725943434,RNA,A3vsA1_rna
ACZ81_RS12315,-0.2307698333214236,398.1886937902201,0.5025644279439925,0.6971951884202274,RNA,A3vsA1_rna
ACZ81_RS12320,-1.0299522100236254,99.77265440134931,0.0007152332682783516,0.0086431200973877,RNA,A3vsA1_rna
ACZ81_RS12325,-0.9696053254475022,121.22476628445128,0.0205406825696815,0.0891474463223609,RNA,A3vsA1_rna
ACZ81_RS12330,-0.7780947217969124,79.51065619666943,0.0583615402312346,0.178878636787883,RNA,A3vsA1_rna
ACZ81_RS12335,0.4756650223005179,2156.6469501424426,0.0624184055723158,0.1869940417816565,RNA,A3vsA1_rna
ACZ81_RS12340,0.2309817622786748,413.1767821513126,0.5314811936126548,0.7189833051884862,RNA,A3vsA1_rna
ACZ81_RS12345,0.631218589448533,142.9496845103413,0.0259004013279915,0.1033954329630867,RNA,A3vsA1_rna
ACZ81_RS12350,0.1802937994764235,385.24531111784216,0.5805092886743262,0.7529916799745866,RNA,A3vsA1_rna
ACZ81_RS12355,-1.2376022974471377,461.33165222199136,0.004080670038121,0.0288237608710306,RNA,A3vsA1_rna
ACZ81_RS12360,-1.4686891501087875,1289.782283027215,0.00021864698313105155,0.0036398825573517,RNA,A3vsA1_rna
ACZ81_RS12365,-1.2469797595609928,688.5019819416516,0.0060474291591488,0.0383896927001666,RNA,A3vsA1_rna
ACZ81_RS12370,0.500581052838229,81.05789840667396,0.1417427312073422,0.3126153763521348,RNA,A3vsA1_rna
ACZ81_RS12375,1.366117815811005,52.50367039979686,0.0048078164923333,0.0323476979817875,RNA,A3vsA1_rna
ACZ81_RS12380,-0.0914166900207842,201.70921706640056,0.8360040469917129,0.9161838517955396,RNA,A3vsA1_rna
ACZ81_RS12385,-1.609087580232314,25.34188940793041,0.0022869361105916,0.0189893656607838,RNA,A3vsA1_rna
ACZ81_RS12390,-0.1924819523761901,68.54123067990837,0.6354899433143959,0.7895898583392246,RNA,A3vsA1_rna
ACZ81_RS12395,0.4505333541952251,48.1663124610692,0.2119183886893452,0.4056376791133841,RNA,A3vsA1_rna
ACZ81_RS12400,0.1247735812076377,157.02091503328043,0.7121102300032649,0.8435152768742541,RNA,A3vsA1_rna
ACZ81_RS12405,0.2279510927920207,114.65312696186776,0.4326293567578541,0.642617171163462,RNA,A3vsA1_rna
ACZ81_RS12410,-0.8258064821512298,67.49605028635146,0.0209011965935147,0.0894370914050261,RNA,A3vsA1_rna
ACZ81_RS12415,-1.0630726557498758,146.7610712589121,0.0033655524493184,0.0250977628748428,RNA,A3vsA1_rna
ACZ81_RS12420,-0.2692910941951787,103.12468399346544,0.4590923926939828,0.6644570945515413,RNA,A3vsA1_rna
ACZ81_RS12425,0.1287752493904484,10.008448780446685,0.8898988077984661,0.947579609106783,RNA,A3vsA1_rna
ACZ81_RS12430,0.6868305178797817,185.13385275680372,0.0635567801072898,0.1892085693232182,RNA,A3vsA1_rna
ACZ81_RS12435,0.2477647117608943,436.983740298062,0.4046566594260138,0.6147226496089238,RNA,A3vsA1_rna
ACZ81_RS12440,-0.3623189464886523,925.5620476159074,0.5106348384030157,0.7052209885276761,RNA,A3vsA1_rna
ACZ81_RS12445,0.7878605223480891,1634.0427112968248,0.0056624355813978,0.0366414379880134,RNA,A3vsA1_rna
ACZ81_RS12450,0.2781544688532005,66.3390347757447,0.4491652819339851,0.6560069570874221,RNA,A3vsA1_rna
ACZ81_RS12455,0.6015616370665322,968.1907938303572,0.0244440903588303,0.099462160770413,RNA,A3vsA1_rna
ACZ81_RS12460,0.917658626572774,670.4099932284763,0.0017177599041656,0.0159160571258955,RNA,A3vsA1_rna
ACZ81_RS12465,0.4161921742757276,279.3880928668668,0.1168105271315433,0.2786229695908156,RNA,A3vsA1_rna
ACZ81_RS12470,0.8149189498580948,132.5521487617172,0.0129380451816385,0.0649655034652487,RNA,A3vsA1_rna
ACZ81_RS12475,0.7253961747636035,91.23530018617484,0.088996505194792,0.2344412205131358,RNA,A3vsA1_rna
ACZ81_RS12480,1.3332219691152718,46.557064618903134,0.0025774957830091,0.0203962782671254,RNA,A3vsA1_rna
ACZ81_RS12485,0.6509973053352677,903.7001579805992,0.1685908421177699,0.3490454176603313,RNA,A3vsA1_rna
ACZ81_RS12490,-0.4030045549853898,483.1881779994091,0.2698360472263957,0.4745167841780322,RNA,A3vsA1_rna
ACZ81_RS12495,-0.7955949820420198,207.40754458754145,0.0131674132077892,0.0654722809751138,RNA,A3vsA1_rna
ACZ81_RS12500,0.0411013895777131,2185.674129749468,0.8725595353338182,0.9375224573538506,RNA,A3vsA1_rna
ACZ81_RS12505,-0.1803853010867951,49.477662787140936,0.6482380002332873,0.7993403950398433,RNA,A3vsA1_rna
ACZ81_RS12510,0.5137864359603043,337.86389650489394,0.1139863044838163,0.2741684973555581,RNA,A3vsA1_rna
ACZ81_RS12515,-0.1944544109989968,277.38582385736987,0.3362706741276802,0.5482793673012408,RNA,A3vsA1_rna
ACZ81_RS12520,0.0307458633170809,1001.647039413951,0.9474503025026966,0.9755007583017508,RNA,A3vsA1_rna
ACZ81_RS12525,-2.13070574360758,4448.940328776636,8.125566753057358e-10,1.2538374543563898e-07,RNA,A3vsA1_rna
ACZ81_RS12530,-1.3815584324859178,695.5356939427788,0.0025455848430909,0.0202636634731759,RNA,A3vsA1_rna
ACZ81_RS12535,-1.367690406638016,5583.006042180922,0.009731684004126,0.0531928013958497,RNA,A3vsA1_rna
ACZ81_RS12540,-1.4894783364184423,4028.3629838050183,0.0006170696507744986,0.0079252994230577,RNA,A3vsA1_rna
ACZ81_RS12545,1.162282739554963,462.3748512736294,3.2055423889295766e-05,0.0008869404182334801,RNA,A3vsA1_rna
ACZ81_RS12550,-0.077822851449121,2392.404786926916,0.8276137136862197,0.9106645992974736,RNA,A3vsA1_rna
ACZ81_RS12555,0.1365683152282009,1142.7205373896456,0.5194199337798957,0.7104462407184257,RNA,A3vsA1_rna
ACZ81_RS12560,-0.0029580195373429,159.13273110879337,0.9916644997211372,0.996133693760942,RNA,A3vsA1_rna
ACZ81_RS12565,0.478229821060825,103.9073023898177,0.131607572820057,0.2996649160919801,RNA,A3vsA1_rna
ACZ81_RS12570,-0.9482987918271464,294.9824931673203,0.0290702972908163,0.1113194269224669,RNA,A3vsA1_rna
ACZ81_RS12575,0.2634508630724612,210.57120363487903,0.2603246232288458,0.4646007065810185,RNA,A3vsA1_rna
ACZ81_RS12580,0.276413948604169,266.5626793982273,0.3977308262476454,0.6088119324324889,RNA,A3vsA1_rna
ACZ81_RS12585,-0.3522906800737508,153.86094008444718,0.2142996621013489,0.4074740494552663,RNA,A3vsA1_rna
ACZ81_RS12590,0.3801638180440596,500.3456578945856,0.2430527529315854,0.4438450818213568,RNA,A3vsA1_rna
ACZ81_RS12595,0.4834165541239667,3445.898154770091,0.0377490880500541,0.1337680245469926,RNA,A3vsA1_rna
ACZ81_RS12600,0.4836912981005992,686.8964664440683,0.0843859447942154,0.2270666737185729,RNA,A3vsA1_rna
ACZ81_RS12605,-0.8976030380946288,2666.598342859916,0.0088641147943793,0.0499477929143957,RNA,A3vsA1_rna
ACZ81_RS12610,-0.8712847385500031,106.0467257863396,0.089630287337655,0.2355046185904513,RNA,A3vsA1_rna
ACZ81_RS12615,0.1769493635581894,177.92751648183693,0.5937092766414194,0.7602196157308877,RNA,A3vsA1_rna
ACZ81_RS12620,0.4879161192599123,684.1677587139534,0.0703780423753449,0.2026087716898276,RNA,A3vsA1_rna
ACZ81_RS12625,1.1216298515416985,90.66389024695204,0.1247291955996359,0.289368510724782,RNA,A3vsA1_rna
ACZ81_RS12630,-0.1257405603919219,131.76022922724408,0.7174368348196326,0.8460777722799429,RNA,A3vsA1_rna
ACZ81_RS12635,0.6168768596524578,185.91085141259876,0.0377764635622489,0.1337680245469926,RNA,A3vsA1_rna
ACZ81_RS12640,0.5963809661112741,127.57623800357972,0.0595389599757803,0.1814209905322125,RNA,A3vsA1_rna
ACZ81_RS12645,-0.7213889530128305,42.75321138640816,0.2484648496424548,0.4505461264179805,RNA,A3vsA1_rna
ACZ81_RS12650,-0.5428312395027575,299.6607794585736,0.39295849008673,0.6049690952524793,RNA,A3vsA1_rna
ACZ81_RS12655,-0.2462988371666455,803.9914557573527,0.7118285107627104,0.8434305921972811,RNA,A3vsA1_rna
ACZ81_RS12660,-0.1295674780517121,535.8682679421686,0.6651226823129494,0.8120730984295657,RNA,A3vsA1_rna
ACZ81_RS12665,0.2607342875031063,84.69638514402136,0.481518671979619,0.6804695005220963,RNA,A3vsA1_rna
ACZ81_RS12670,-0.6764241621117287,147.68051916959766,0.1236548237000268,0.2887678420748006,RNA,A3vsA1_rna
ACZ81_RS12675,-1.0795285098141147,541.4949210300924,0.0136807614353292,0.0672956618270647,RNA,A3vsA1_rna
ACZ81_RS12680,-0.5608940572370216,2181.182719274966,0.0937494821418688,0.2429098304506064,RNA,A3vsA1_rna
ACZ81_RS12685,-2.1368300986630326,37407.119651809386,0.002912897003365,0.0223880129837173,RNA,A3vsA1_rna
ACZ81_RS12690,-0.1728963979749613,188.43647787723776,0.6574983873129914,0.8066922109785081,RNA,A3vsA1_rna
ACZ81_RS12695,0.3687481365644396,182.1239584865028,0.2138949017690312,0.4074740494552663,RNA,A3vsA1_rna
ACZ81_RS12700,-1.7088068896025252,696.7433999694271,0.0017663099099866,0.0162246938227356,RNA,A3vsA1_rna
ACZ81_RS12705,0.6731826161479886,1210.3943244951845,0.0345955311236895,0.1265124084372683,RNA,A3vsA1_rna
ACZ81_RS12710,0.7653075900075651,667.8297192264203,0.2002060706409985,0.3918400311740395,RNA,A3vsA1_rna
ACZ81_RS12715,0.7792132561539088,420.7410227531081,0.1269903473333908,0.2921934541449181,RNA,A3vsA1_rna
ACZ81_RS12720,0.6122976322123933,401.7154623676024,0.1580434845648703,0.3361130102235691,RNA,A3vsA1_rna
ACZ81_RS12725,0.6649225846714927,178.2006238763115,0.077387490794685,0.2146758947304478,RNA,A3vsA1_rna
ACZ81_RS12730,0.7060167280759494,319.5386879876708,0.0432398262516291,0.1460252785142396,RNA,A3vsA1_rna
ACZ81_RS12735,0.7697120471416483,291.3664552954796,0.0269707982501805,0.1059812366108955,RNA,A3vsA1_rna
ACZ81_RS12740,0.702400138158439,214.5442216292257,0.0583629450536736,0.178878636787883,RNA,A3vsA1_rna
ACZ81_RS12745,1.9612224571760144,514.9017149399886,0.00023698364501046,0.0038569851509159,RNA,A3vsA1_rna
ACZ81_RS12750,0.5830382889449617,137.3819400135302,0.0028892078382907,0.022291601470263,RNA,A3vsA1_rna
ACZ81_RS12755,0.2931736770290193,242.10088551817296,0.4195730829334951,0.628107167436262,RNA,A3vsA1_rna
ACZ81_RS12760,0.0165542559565178,614.0755146134866,0.9299362440667148,0.9688314992031792,RNA,A3vsA1_rna
ACZ81_RS12765,-1.4674068511690364,2875.18279535109,2.026486573104248e-05,0.0006302530334336623,RNA,A3vsA1_rna
ACZ81_RS12770,-0.1220109683081307,4228.56176922048,0.8348701659121001,0.9159144396060556,RNA,A3vsA1_rna
ACZ81_RS12775,-0.6608814617332328,460.2841074974988,0.125491051420289,0.2906237067483261,RNA,A3vsA1_rna
ACZ81_RS12780,0.2624106550516918,2015.484955900069,0.3986398333101587,0.6097380904461901,RNA,A3vsA1_rna
ACZ81_RS12785,-0.0618123962335373,1309.6689091032176,0.9091106718826352,0.9568079789069076,RNA,A3vsA1_rna
ACZ81_RS12790,-0.0528017423299627,370.4660617256527,0.8607722558013644,0.9323483505062296,RNA,A3vsA1_rna
ACZ81_RS12795,-0.4416332842030758,317.67694108647083,0.2319289719410379,0.4297917022759557,RNA,A3vsA1_rna
ACZ81_RS12800,-0.2897901232544031,199.14761113523784,0.4031703321643803,0.6140156715928456,RNA,A3vsA1_rna
ACZ81_RS12805,-1.0177196729090434,188.8865105836128,0.0209325595287436,0.0894370914050261,RNA,A3vsA1_rna
ACZ81_RS12810,0.0352299265901001,263.0704269077892,0.9559061003646292,0.9808529731579112,RNA,A3vsA1_rna
ACZ81_RS12815,0.5118829231361232,2101.8119412738097,0.0329728605487422,0.1225509576675648,RNA,A3vsA1_rna
ACZ81_RS12820,0.7109234827950743,1377.120423068931,0.0150726870699049,0.0712268792985376,RNA,A3vsA1_rna
ACZ81_RS12825,-0.7127826394989716,202.49125391822207,0.0256987506437336,0.1030434979591645,RNA,A3vsA1_rna
ACZ81_RS12830,-1.001409804498262,667.8691909357136,7.924844441927068e-05,0.0017469492253302,RNA,A3vsA1_rna
ACZ81_RS12835,-0.3446130933780997,197.190104124299,0.313505533213124,0.5249516691364998,RNA,A3vsA1_rna
ACZ81_RS12845,-0.1949905750264293,164.8445267751096,0.5563194586196847,0.7368615609053071,RNA,A3vsA1_rna
ACZ81_RS12875,-1.19167799586485,4014.122414181684,0.0135978234076969,0.0671026660660274,RNA,A3vsA1_rna
ACZ81_RS12880,-1.0034150976619785,11057.292992235847,0.1911768410458541,0.380652935632371,RNA,A3vsA1_rna
ACZ81_RS12885,-0.5660268200835562,1434.4714441004662,0.1230484964982403,0.2876868111602215,RNA,A3vsA1_rna
ACZ81_RS12890,0.2120693067877689,702.2707591270189,0.2350807559274499,0.4336294219682432,RNA,A3vsA1_rna
ACZ81_RS12895,-0.1023880782427257,3217.5212688946763,0.7390371066184444,0.8585780798113379,RNA,A3vsA1_rna
ACZ81_RS12900,0.0251128933427387,4022.410455384859,0.9260665403491934,0.9675466041356676,RNA,A3vsA1_rna
ACZ81_RS12905,0.00020906744943534336,208.40395513179047,0.999335342871762,0.9994617083493256,RNA,A3vsA1_rna
ACZ81_RS12910,-0.1252425065804954,1884.947447535844,0.7834729892818356,0.8819566871489126,RNA,A3vsA1_rna
ACZ81_RS12915,-0.066794142507149,23.48864609516309,0.9090295801768012,0.9568079789069076,RNA,A3vsA1_rna
ACZ81_RS12920,-0.9732043472354154,3020.5104453627914,0.0292775515396281,0.1117616905585043,RNA,A3vsA1_rna
ACZ81_RS12925,-0.2899479091049624,719.1831658580845,0.1716571950429853,0.3535362764437664,RNA,A3vsA1_rna
ACZ81_RS12930,-1.4070019669891858,4936.201185786213,5.9468169995566894e-06,0.0002434554061451167,RNA,A3vsA1_rna
ACZ81_RS12935,-0.4968945252176526,2874.080170590885,0.0491986056299303,0.1583907355481766,RNA,A3vsA1_rna
ACZ81_RS12940,-0.0436352830420882,5452.943850576544,0.8580485658948576,0.9302415922011572,RNA,A3vsA1_rna
ACZ81_RS12945,-0.43310236167962,14473.39822429522,0.0874286820404007,0.231833359118366,RNA,A3vsA1_rna
ACZ81_RS12950,-0.8247747589616893,3687.179381246861,0.0466613764468725,0.1535729633345797,RNA,A3vsA1_rna
ACZ81_RS12955,0.0325965896992902,220.6799685942483,0.928470628280944,0.9682932572558218,RNA,A3vsA1_rna
ACZ81_RS12960,-0.5634480909561059,907.4311573677026,0.1043316089535976,0.2585966951219565,RNA,A3vsA1_rna
ACZ81_RS12965,0.1571844576020079,682.4502094678983,0.5785716658672801,0.7526684576717017,RNA,A3vsA1_rna
ACZ81_RS12970,0.142939434519883,296.54975170273826,0.5896288132799725,0.757818780350705,RNA,A3vsA1_rna
ACZ81_RS12975,-1.3018716979715164,3582.875795095538,0.0092010041072007,0.0512568231987457,RNA,A3vsA1_rna
ACZ81_RS12980,-0.8005826516958138,906.6293369035418,0.0346868517649539,0.1265124084372683,RNA,A3vsA1_rna
ACZ81_RS12985,-1.2765466060091817,2293.3665347029983,0.0005088652265882784,0.0066936632428595,RNA,A3vsA1_rna
ACZ81_RS12990,0.7400073568137333,184.72721475035613,0.0510613597464073,0.1623281896217007,RNA,A3vsA1_rna
ACZ81_RS12995,0.9109240633400888,298.8455064195311,0.0139991535981752,0.0679958889054228,RNA,A3vsA1_rna
ACZ81_RS13000,0.4867654780819033,839.0441237558838,0.0267929543891669,0.1056964926345503,RNA,A3vsA1_rna
ACZ81_RS13010,1.2755749074825593,97.03490510675358,0.0022908407227864,0.0189893656607838,RNA,A3vsA1_rna
ACZ81_RS13015,1.235233243852503,640.1126738035331,0.00017850613681110882,0.0032003923536495,RNA,A3vsA1_rna
ACZ81_RS13020,0.6014972462776427,1931.6221779665896,0.1110544354882808,0.2692147402894155,RNA,A3vsA1_rna
ACZ81_RS13025,0.6368222980317684,1957.1099525622424,0.1657831637580097,0.3446228253871166,RNA,A3vsA1_rna
ACZ81_RS13030,0.502918767496946,472.0673795331175,0.0238601638284164,0.0978803448666734,RNA,A3vsA1_rna
ACZ81_RS13035,0.5543834314955155,289.5036375210449,0.0686667001226854,0.1997757801973995,RNA,A3vsA1_rna
ACZ81_RS13040,0.8123495990971498,492.639165810064,0.0105927576043447,0.0565887396919188,RNA,A3vsA1_rna
ACZ81_RS13045,0.6094292595011539,374.7197160720763,0.1177839146925187,0.280112072167389,RNA,A3vsA1_rna
ACZ81_RS13050,0.9155190435384428,3323.077341018728,0.0813599000455377,0.2211489966007435,RNA,A3vsA1_rna
ACZ81_RS13055,0.0397533224799528,1590.6181549057449,0.7775123583091218,0.880186112171613,RNA,A3vsA1_rna
ACZ81_RS13060,0.2396195193611439,2444.369206180732,0.5544579499647191,0.7357180931504232,RNA,A3vsA1_rna
ACZ81_RS13065,0.0077043576423199,648.3934635519008,0.9805564225503228,0.9904311095850692,RNA,A3vsA1_rna
ACZ81_RS13070,-0.2959397626565651,1684.5634654605285,0.0634640517039272,0.1892085693232182,RNA,A3vsA1_rna
ACZ81_RS13075,-0.7808999152983598,2259.88856127075,0.0015411821199465,0.0148993317234352,RNA,A3vsA1_rna
ACZ81_RS13080,0.3622657639075025,438.00746817073934,0.1115648584947718,0.2701256561744265,RNA,A3vsA1_rna
ACZ81_RS13085,-0.0129390397433603,204.9916521432471,0.9715717748758406,0.9870716537862428,RNA,A3vsA1_rna
ACZ81_RS13090,0.6357061135741521,236.85991123178843,0.2059477498822441,0.398236729545217,RNA,A3vsA1_rna
ACZ81_RS13095,-0.1389750769075214,912.9255930324892,0.7025345899596842,0.8366188111956822,RNA,A3vsA1_rna
ACZ81_RS13100,-1.1320111904009018,1528.2527957298046,0.006095649226935,0.0386346677700846,RNA,A3vsA1_rna
ACZ81_RS13105,0.253125310552673,728.3219689951911,0.5545392606398005,0.7357180931504232,RNA,A3vsA1_rna
ACZ81_RS13110,0.3988070324697353,727.173623160681,0.296221087294807,0.505727046946104,RNA,A3vsA1_rna
ACZ81_RS13115,1.008193613614914,2721.629913654655,0.0119932185361917,0.0619263742177624,RNA,A3vsA1_rna
ACZ81_RS13120,-0.0949570423587088,1171.4912547917954,0.8072935176993324,0.8961795762722603,RNA,A3vsA1_rna
ACZ81_RS13125,-0.5446455302330193,3278.983335949588,0.0963240244771475,0.2463674858866421,RNA,A3vsA1_rna
ACZ81_RS13130,-1.6651994510868862,49279.01226582527,4.6533768170831005e-05,0.0011741728169897,RNA,A3vsA1_rna
ACZ81_RS13135,-1.0767213164783935,7606.934400541477,0.0112332901207307,0.0591849799580121,RNA,A3vsA1_rna
ACZ81_RS13140,0.9037807969860372,1150.2846131814597,0.00015280550946537622,0.0028555118005758,RNA,A3vsA1_rna
ACZ81_RS13145,0.5149649913687608,494.7667505193404,0.1616828800523568,0.3399746932757104,RNA,A3vsA1_rna
ACZ81_RS13150,-0.1569915536170417,363.6982276738982,0.4338085768319437,0.6429401099534372,RNA,A3vsA1_rna
ACZ81_RS13155,-0.2292881522747741,580.5826918189173,0.5392977993130874,0.7258177694881269,RNA,A3vsA1_rna
ACZ81_RS13160,-0.3053530364241588,407.7619730534193,0.4272118473504474,0.6364552289528388,RNA,A3vsA1_rna
ACZ81_RS13165,0.0055715310927406,2963.042284473703,0.9863434793151488,0.9930263585978364,RNA,A3vsA1_rna
ACZ81_RS13175,-0.4854611582779173,1156.2736383222752,0.124649193842204,0.289368510724782,RNA,A3vsA1_rna
ACZ81_RS13180,0.046415539613156,1280.022605050931,0.8986740307157502,0.9510925202481334,RNA,A3vsA1_rna
ACZ81_RS13185,-0.8762448770936014,584.209748068758,0.1797551198226126,0.3650938338823189,RNA,A3vsA1_rna
ACZ81_RS13190,0.1503781589744091,29.75721904749389,0.7716936563445543,0.878362783909477,RNA,A3vsA1_rna
ACZ81_RS13195,-0.2872905424215736,9.444161963254189,0.6884301794367553,0.8271883437856432,RNA,A3vsA1_rna
ACZ81_RS13200,-0.3045581008560203,10.159675958204549,0.6838575777221096,0.8234203486858055,RNA,A3vsA1_rna
ACZ81_RS13205,-0.2237135218000505,11.287518872452704,0.7499843312176293,0.8647387521963175,RNA,A3vsA1_rna
ACZ81_RS13210,-0.532425057768734,2.806920603093872,0.7300765364483067,0.8531176013558562,RNA,A3vsA1_rna
ACZ81_RS13215,-0.5160487320027642,154.61360857690136,0.1372559394434958,0.3069514097253651,RNA,A3vsA1_rna
ACZ81_RS13220,-0.9517135083292168,990.2801786613372,0.0424135901445732,0.1442252046363429,RNA,A3vsA1_rna
ACZ81_RS13225,-1.548552887911299,164.45154403265778,0.020698832820112,0.0893673474078695,RNA,A3vsA1_rna
ACZ81_RS13230,-1.2874712321517383,439.3875898967788,0.0377254409029198,0.1337680245469926,RNA,A3vsA1_rna
ACZ81_RS13235,-1.114527832919494,1586.893574959081,0.1021493032561505,0.2550236494484605,RNA,A3vsA1_rna
ACZ81_RS13240,0.3609105950855977,1492.6183603763857,0.0470803028515952,0.1541927959515104,RNA,A3vsA1_rna
ACZ81_RS13245,0.0954730082377831,691.856273265895,0.6671179690160078,0.8137662790186146,RNA,A3vsA1_rna
ACZ81_RS13250,-0.1147663030989338,323.24808965340804,0.6691250090690537,0.8142340116424154,RNA,A3vsA1_rna
ACZ81_RS13255,0.4097828991390574,3335.309359896719,0.2037355242267105,0.3956412491919147,RNA,A3vsA1_rna
ACZ81_RS13260,0.5506933878897331,820.6104940569676,0.1319231716890551,0.3002131394307937,RNA,A3vsA1_rna
ACZ81_RS13265,1.196245018864301,379.0607038542595,5.027355995729701e-05,0.0012374081137955,RNA,A3vsA1_rna
ACZ81_RS13270,1.1361035306438008,6349.508327717521,0.0351024310143842,0.1274210531146089,RNA,A3vsA1_rna
ACZ81_RS13275,0.3725489069429539,112.49277146095996,0.309969514798566,0.520551566919986,RNA,A3vsA1_rna
ACZ81_RS13280,0.0968561333514969,235.32965560182956,0.7136429977578661,0.8438360468625283,RNA,A3vsA1_rna
ACZ81_RS13285,-0.1767167129014076,302.69007306341655,0.4736730916068505,0.6760499621226198,RNA,A3vsA1_rna
ACZ81_RS13290,-0.4960362502252085,401.5361222725029,0.1418145525824739,0.3126153763521348,RNA,A3vsA1_rna
ACZ81_RS13295,-0.3905513967969443,147.58331956879255,0.2192571270762414,0.4141727207584382,RNA,A3vsA1_rna
ACZ81_RS13300,-0.3029198706773977,52.285969420481,0.4879582697758474,0.6857263404083765,RNA,A3vsA1_rna
ACZ81_RS13305,0.5868493840355311,51.17367133539705,0.2163844841782402,0.411048556118892,RNA,A3vsA1_rna
ACZ81_RS13310,-0.561036537720622,49.21778123459126,0.1405737721486211,0.3110352971980722,RNA,A3vsA1_rna
ACZ81_RS13315,0.0148900891543183,2752.280194821051,0.954384524531572,0.980284360578768,RNA,A3vsA1_rna
ACZ81_RS13320,0.3320186095924876,3635.519059822669,0.5568690217146679,0.737346044593811,RNA,A3vsA1_rna
ACZ81_RS13325,-0.2622483578305081,3532.370265129417,0.4459784171741901,0.6532549871131255,RNA,A3vsA1_rna
ACZ81_RS13330,-0.6810443436083264,12691.527695387998,0.0057583591780368,0.0370232965100703,RNA,A3vsA1_rna
ACZ81_RS13335,-0.0696433154359273,3991.353862010037,0.7998912066933653,0.8917015764248035,RNA,A3vsA1_rna
ACZ81_RS13340,0.9739065821936432,8343.132812045822,0.0114787370254596,0.060121009068073,RNA,A3vsA1_rna
ACZ81_RS13385,0.6401601280844719,793.4940621343796,0.0375892870766806,0.1337513707546604,RNA,A3vsA1_rna
ACZ81_RS13390,0.2616660428554521,72.62670275196196,0.4992160369487856,0.6944711304571872,RNA,A3vsA1_rna
ACZ81_RS13395,0.4839380982629166,52.84123181623384,0.136889702676294,0.3069514097253651,RNA,A3vsA1_rna
ACZ81_RS13400,0.1785468690753807,1848.0290891805205,0.5080646548921373,0.7033662510100948,RNA,A3vsA1_rna
ACZ81_RS13405,-0.4318269912352622,664.0132830443712,0.1417729704759364,0.3126153763521348,RNA,A3vsA1_rna
ACZ81_RS13410,0.110825999930263,229.4815626783285,0.6892991776558033,0.8277366958261247,RNA,A3vsA1_rna
ACZ81_RS13415,0.3429667055517614,82.37199928598504,0.4114193173448994,0.6211536938433674,RNA,A3vsA1_rna
ACZ81_RS13420,0.3714933853696046,179.5554687221082,0.4144222009737862,0.6241223236887502,RNA,A3vsA1_rna
ACZ81_RS13425,0.6610970261342981,791.6973095660078,0.194284425628454,0.3851131994176667,RNA,A3vsA1_rna
ACZ81_RS13430,1.1150808146878608,2104.1666366894246,0.0449389677628985,0.1496187611705368,RNA,A3vsA1_rna
ACZ81_RS13435,-0.5664441993870976,698.4180463011677,0.1155023007111244,0.2764888009862956,RNA,A3vsA1_rna
ACZ81_RS13440,-0.7016892085028404,1565.3816258753525,0.0094030600886732,0.0519629160823099,RNA,A3vsA1_rna
ACZ81_RS13445,0.3460342064488592,117.92818879795216,0.4187590035099685,0.6273566549970104,RNA,A3vsA1_rna
ACZ81_RS13450,-0.3078585562523619,402.028165074545,0.5859586347221917,0.7562218072160066,RNA,A3vsA1_rna
ACZ81_RS13455,0.8489896833621478,4436.576173560398,2.582072905975115e-09,3.6997416067043433e-07,RNA,A3vsA1_rna
ACZ81_RS13460,-0.7574227154078002,2443.4917229514112,0.0119193894078989,0.0617530375669989,RNA,A3vsA1_rna
ACZ81_RS13465,-0.8015599032395655,604.7153185480512,0.004101155924434,0.0288663816997009,RNA,A3vsA1_rna
ACZ81_RS13470,0.8180156956868767,921.7522171184992,0.0125750273967983,0.0638090364172508,RNA,A3vsA1_rna
ACZ81_RS13475,0.1703327684114273,878.311338393429,0.5044169485543037,0.6990399991709384,RNA,A3vsA1_rna
ACZ81_RS13480,0.059085169167079,665.1195549396052,0.8519388899892693,0.9260305680403546,RNA,A3vsA1_rna
ACZ81_RS13485,0.1558390274298121,737.2354327333555,0.5823656906236687,0.7543224266342529,RNA,A3vsA1_rna
ACZ81_RS13490,0.1747135645429664,4002.1717324009214,0.5702584117038827,0.7474278823116555,RNA,A3vsA1_rna
ACZ81_RS13495,1.392242018560701,2872.6230111491413,0.0205608335149892,0.0891474463223609,RNA,A3vsA1_rna
ACZ81_RS13500,-0.0878190834809846,386.4690140336551,0.7772053574570874,0.8801625695698043,RNA,A3vsA1_rna
ACZ81_RS13505,0.1418415372091338,520.5978969038765,0.7019597992750739,0.8363135207085725,RNA,A3vsA1_rna
ACZ81_RS13510,-0.3892227076139383,402.7745249812591,0.2810450537467259,0.4876958285604949,RNA,A3vsA1_rna
ACZ81_RS13515,-0.9011259023592252,1985.7076572512135,0.0046777990065932,0.0318090332448342,RNA,A3vsA1_rna
ACZ81_RS13520,-1.118571804644255,2172.425494865608,0.0207596679634006,0.0894370914050261,RNA,A3vsA1_rna
ACZ81_RS13525,-1.4054230135031711,2221.2195954296694,0.0075809517116163,0.0449258172333897,RNA,A3vsA1_rna
ACZ81_RS13530,-1.2349111599058529,5331.21137051857,0.0174118343689865,0.0791124343016694,RNA,A3vsA1_rna
ACZ81_RS13535,-3.4041422901187373,4227.267312616531,3.628645917548447e-13,1.6175697134671522e-10,RNA,A3vsA1_rna
ACZ81_RS13540,-4.136652541260951,3976.0488035143726,1.171141654571015e-15,6.712314740198445e-13,RNA,A3vsA1_rna
ACZ81_RS13545,-0.6045446456873745,440.7399695964183,0.0845675413267544,0.227290298880657,RNA,A3vsA1_rna
ACZ81_RS13550,-0.1169398739239759,417.108493245916,0.5537530684744838,0.7351612543744636,RNA,A3vsA1_rna
ACZ81_RS13555,-0.6792894940783567,730.5020495925381,0.0012136633348723,0.0125819568462733,RNA,A3vsA1_rna
ACZ81_RS13560,-0.4947714690244978,1135.7867756944463,0.0398984507204489,0.1383514125241497,RNA,A3vsA1_rna
ACZ81_RS13565,1.1894703618880549,2576.291319389801,0.0293935434483315,0.1120978101850819,RNA,A3vsA1_rna
ACZ81_RS13570,-0.1922135429188896,78.11805910782164,0.5800964932992645,0.7526995896237546,RNA,A3vsA1_rna
ACZ81_RS13575,0.6170416743065277,96.4077931965554,0.0630522939376095,0.1883587515098209,RNA,A3vsA1_rna
ACZ81_RS13580,0.3120958902025241,482.4425271277425,0.5106309495745611,0.7052209885276761,RNA,A3vsA1_rna
ACZ81_RS13585,-0.3314061024339931,1341.1865667700013,0.2662912358780505,0.4704457690363793,RNA,A3vsA1_rna
ACZ81_RS13590,-0.8877157753365582,669.7654762298422,0.0086188735997871,0.0491177853442413,RNA,A3vsA1_rna
ACZ81_RS13595,0.2265730700713671,2526.3234458776765,0.4114475841715391,0.6211536938433674,RNA,A3vsA1_rna
ACZ81_RS13600,-1.182759066627567,2120.931102313933,0.0035208171994354,0.0260618424430537,RNA,A3vsA1_rna
ACZ81_RS13605,-1.0424292781825997,118.45935399991976,0.0248639797669476,0.1006602288849586,RNA,A3vsA1_rna
ACZ81_RS13610,-1.7783063458156798,8375.252310833854,0.0009050318910419278,0.0102838401651891,RNA,A3vsA1_rna
ACZ81_RS13615,-1.61869252484054,12163.094633820778,0.0020883710670313,0.0179773076883227,RNA,A3vsA1_rna
ACZ81_RS13620,-0.8934469992260892,1434.6628308373868,0.0380982308844907,0.1341004676737041,RNA,A3vsA1_rna
ACZ81_RS13625,-0.534311468058158,413.7255676244627,0.1738994138184289,0.3568718405317325,RNA,A3vsA1_rna
ACZ81_RS13630,-0.5104896398867421,322.32772605613167,0.104475236287592,0.2585966951219565,RNA,A3vsA1_rna
ACZ81_RS13635,-0.6604756198002332,613.4574804135963,0.0430175832850142,0.1456426532822593,RNA,A3vsA1_rna
ACZ81_RS13640,-0.2879214445586926,420.4843904949077,0.4510836741118029,0.6572169443569282,RNA,A3vsA1_rna
ACZ81_RS13645,0.2391537973664125,78.05789208937726,0.5769160299777596,0.7519381169425742,RNA,A3vsA1_rna
ACZ81_RS13650,0.6427588257754647,495.3183210675194,0.005498333978968,0.0359858334806193,RNA,A3vsA1_rna
ACZ81_RS13655,-0.7856618484043263,331.3626485947772,0.0276240412644538,0.107706713059476,RNA,A3vsA1_rna
ACZ81_RS13660,0.6178227932248564,67.5401301826082,0.1571937293728004,0.3349236549355684,RNA,A3vsA1_rna
ACZ81_RS13665,0.1400245416914668,44.57244895176201,0.7325654561064048,0.8546241959578063,RNA,A3vsA1_rna
ACZ81_RS13670,0.671581093481455,191.5354675172178,0.0075971756567558,0.0449555586060535,RNA,A3vsA1_rna
ACZ81_RS13675,0.5255224638210337,1342.8978156155326,0.0006182997805127331,0.0079252994230577,RNA,A3vsA1_rna
ACZ81_RS13680,-1.6271378948951798,3221.820398533839,8.135059111709545e-06,0.0003065557394798039,RNA,A3vsA1_rna
ACZ81_RS13685,-1.2687661693964376,7495.015585048509,0.2418451044079815,0.4426471527759224,RNA,A3vsA1_rna
ACZ81_RS13690,-1.358383963163411,1704.3295382360916,4.160285000422422e-07,3.090937670684214e-05,RNA,A3vsA1_rna
ACZ81_RS13695,-1.2911571527700303,3362.246641206464,0.0692792453645418,0.200829719944033,RNA,A3vsA1_rna
ACZ81_RS13700,-1.447641756963912,5719.790041369103,0.0003718288133349644,0.0053399145498682,RNA,A3vsA1_rna
ACZ81_RS13705,0.5998127784131004,411.7795283644046,0.0189279097541601,0.0845619435889734,RNA,A3vsA1_rna
ACZ81_RS13710,0.5305197496893582,124.94358310478913,0.1065408197136981,0.2617524609255094,RNA,A3vsA1_rna
ACZ81_RS13715,1.1540208954658269,202.91670275995696,0.0040860339378809,0.0288237608710306,RNA,A3vsA1_rna
ACZ81_RS13720,-0.0163418989655713,6256.914039576238,0.9532146405995314,0.9795843079111988,RNA,A3vsA1_rna
ACZ81_RS13725,-0.1272150192800223,854.1233693198725,0.6887265659455171,0.8272967013692858,RNA,A3vsA1_rna
ACZ81_RS13730,-0.2347772338297254,539.0817650566187,0.1846423643678789,0.3718801033353064,RNA,A3vsA1_rna
ACZ81_RS13735,0.627545618179918,127.80193630813964,0.0213985046151897,0.0910400853829705,RNA,A3vsA1_rna
ACZ81_RS13740,-0.8698262441936169,2964.90784897518,0.060484403059165,0.1832293101542364,RNA,A3vsA1_rna
ACZ81_RS13745,0.2792256175206123,34482.32940348589,0.5848104368643476,0.7556391216424357,RNA,A3vsA1_rna
ACZ81_RS13750,-0.6426067187835277,1204.398038510354,0.001385433279144,0.0138958957898144,RNA,A3vsA1_rna
ACZ81_RS13755,-0.0602661109553788,309.39145478695065,0.8399726974170592,0.9179979466186982,RNA,A3vsA1_rna
ACZ81_RS13760,0.125824974722854,340.8208929530756,0.6688249655586491,0.8142340116424154,RNA,A3vsA1_rna
ACZ81_RS13765,-0.5347658631630827,1170.798169511548,0.0804934331166799,0.2200199427813675,RNA,A3vsA1_rna
ACZ81_RS13770,0.0527487756409374,601.7141324411522,0.7964065995379229,0.8905193080674879,RNA,A3vsA1_rna
ACZ81_RS13775,-0.0101193710715128,225.26507757086927,0.9669905678294292,0.9852831529764492,RNA,A3vsA1_rna
ACZ81_RS13780,0.1998145800774434,588.291062898132,0.3598398294724518,0.5724335431576038,RNA,A3vsA1_rna
ACZ81_RS13785,0.3064413402654858,167.5971761401504,0.4100048486772516,0.6202637454348165,RNA,A3vsA1_rna
ACZ81_RS13790,0.3941054821197509,217.7666094062264,0.1369093830182853,0.3069514097253651,RNA,A3vsA1_rna
ACZ81_RS13795,0.5785205805876391,79.35930934944025,0.1103816982628606,0.268134878714939,RNA,A3vsA1_rna
ACZ81_RS13800,0.225333431890706,1346.04817349103,0.2597014319554876,0.4639012221751631,RNA,A3vsA1_rna
ACZ81_RS13805,0.3028511081068463,750.7600716184728,0.1024676886071786,0.2555005386525797,RNA,A3vsA1_rna
ACZ81_RS13810,0.6930190204182899,253.64611296803224,0.014098769024956,0.0683143252755118,RNA,A3vsA1_rna
ACZ81_RS13815,0.3770835281621608,377.75538895705785,0.2393451568495325,0.4390730540833674,RNA,A3vsA1_rna
ACZ81_RS13820,0.4259713701687894,186.0748114822971,0.1538047427210417,0.3298314420723439,RNA,A3vsA1_rna
ACZ81_RS13825,0.1424375028973283,341.03795324866815,0.4674823075254922,0.6700746758814843,RNA,A3vsA1_rna
ACZ81_RS13830,-0.6169531715632861,218.52549088368187,0.0957262595004779,0.2457157729468442,RNA,A3vsA1_rna
ACZ81_RS13835,0.806909543958828,77.6931074758324,0.0149814632530789,0.0712268792985376,RNA,A3vsA1_rna
ACZ81_RS13840,0.6530324023273062,308.9880722925463,0.0279734129801891,0.1083294718885318,RNA,A3vsA1_rna
ACZ81_RS13845,0.5960369853929962,850.8309371802101,0.0043049687684809,0.0299853032971279,RNA,A3vsA1_rna
ACZ81_RS13850,-0.3053645495983138,206.9538917334206,0.2790727611285478,0.485322894515706,RNA,A3vsA1_rna
ACZ81_RS13855,0.0688891976358027,97.43453857808493,0.835173593019692,0.9159968439570816,RNA,A3vsA1_rna
ACZ81_RS13860,-0.5180338809958854,403.7025526198525,0.0848795978130078,0.2275587678483994,RNA,A3vsA1_rna
ACZ81_RS13865,-0.0034004469006515,179.52015050942344,0.9910144660515244,0.9957300370144542,RNA,A3vsA1_rna
ACZ81_RS13870,0.3094567285953384,417.4664736958075,0.4407650456866789,0.6489355461632865,RNA,A3vsA1_rna
ACZ81_RS13875,0.4708783133276218,1378.9375482499256,0.0394009345425656,0.1370251408054449,RNA,A3vsA1_rna
ACZ81_RS13880,0.1714911517699156,2627.095565044545,0.4415448036228061,0.6491307263227183,RNA,A3vsA1_rna
ACZ81_RS13885,0.4032668678020657,842.7907496674648,0.0999914368954443,0.2519884703671626,RNA,A3vsA1_rna
ACZ81_RS13890,0.2492544947866452,384.37313727457,0.404511468244935,0.6147226496089238,RNA,A3vsA1_rna
ACZ81_RS13895,0.4463217094355428,503.6248697647988,0.1288756296565111,0.2956741533397553,RNA,A3vsA1_rna
ACZ81_RS13900,0.4013536645321192,1106.8303393584342,0.0151255909227864,0.0713088963363328,RNA,A3vsA1_rna
ACZ81_RS13905,-0.3027943600602913,218.40022605346476,0.4099927561479706,0.6202637454348165,RNA,A3vsA1_rna
ACZ81_RS13910,0.247730429275175,627.7213006641196,0.348328661847602,0.5624141728094715,RNA,A3vsA1_rna
ACZ81_RS13915,0.3798196324833665,412.1569958941381,0.0997792757936584,0.2519285427842402,RNA,A3vsA1_rna
ACZ81_RS13920,-1.3518010636996425,2678.9243432057565,0.0006452305979072063,0.0080409675426552,RNA,A3vsA1_rna
ACZ81_RS13925,0.7400142908764503,947.954748756198,0.0048122478022643,0.0323476979817875,RNA,A3vsA1_rna
ACZ81_RS13930,-1.2709016131803226,1277.071788356846,0.0297316309796196,0.1128508074647437,RNA,A3vsA1_rna
ACZ81_RS13935,0.0329575033070418,276.86794816902994,0.8963279636707833,0.9495821996955854,RNA,A3vsA1_rna
ACZ81_RS13940,-0.995494629680668,30801.340107113672,0.082295025139144,0.2228380658568585,RNA,A3vsA1_rna
ACZ81_RS13945,0.980008435997758,110.76693927060394,0.0121422255626076,0.0622948963646826,RNA,A3vsA1_rna
ACZ81_RS13950,-0.4824351920984885,4848.142414288178,0.567097626471708,0.7442576635278025,RNA,A3vsA1_rna
ACZ81_RS13955,-0.7657214590173327,616.6394013193,0.0075064010192825,0.0447484114255001,RNA,A3vsA1_rna
ACZ81_RS13960,0.3205340681583991,108.22335091866096,0.3166972258378235,0.5280919659440348,RNA,A3vsA1_rna
ACZ81_RS13965,0.5178752661458927,14988.035910823502,0.237707736553572,0.4372688853979509,RNA,A3vsA1_rna
ACZ81_RS13970,0.9456561074337282,758.1942504429287,0.005043552225457,0.0336684384834172,RNA,A3vsA1_rna
ACZ81_RS13975,-0.3083377172518643,658.662590427656,0.1967501761444405,0.3880834349515709,RNA,A3vsA1_rna
ACZ81_RS13980,-0.814807184735462,658.6305077908389,0.00046217073054886,0.0062014346854917,RNA,A3vsA1_rna
ACZ81_RS13985,2.612656550560481,961.546126564922,1.8819739715095323e-05,0.000599244410610813,RNA,A3vsA1_rna
ACZ81_RS13990,0.0419189437075206,322.0694288652896,0.9316548619331588,0.9695977447667532,RNA,A3vsA1_rna
ACZ81_RS13995,-0.5287753765471558,465.415839097701,0.3022027467600898,0.5113612062427164,RNA,A3vsA1_rna
ACZ81_RS14000,-0.1071904183038344,1461.7651194800417,0.8300507707511959,0.9123736143161092,RNA,A3vsA1_rna
ACZ81_RS14005,-0.2836181278895184,214.644264355324,0.4026033270361138,0.6134616589703337,RNA,A3vsA1_rna
ACZ81_RS14010,0.7766813828511268,346.6531752040036,0.0246049215968213,0.09981288720571,RNA,A3vsA1_rna
ACZ81_RS14015,1.966637638441288,40.29031497248293,0.0003726759905192206,0.0053399145498682,RNA,A3vsA1_rna
ACZ81_RS14020,0.9743221693648576,79.00275759797127,0.0353055441324379,0.1277315312905979,RNA,A3vsA1_rna
ACZ81_RS14025,0.209500799820547,970.6216963141304,0.5140255424557425,0.7074684309888298,RNA,A3vsA1_rna
ACZ81_RS14035,-1.916234139713225,2.6678874657569374,0.3503103753889723,0.5639828354978157,RNA,A3vsA1_rna
ACZ81_RS14040,-0.3049776893130323,203.0046894890916,0.2679706575724136,0.4725706717277026,RNA,A3vsA1_rna
ACZ81_RS14045,-1.392401707650167,248.00262709392047,0.0008681619874380519,0.0100658933340871,RNA,A3vsA1_rna
ACZ81_RS14050,-1.0019962331563694,1198.135119384995,5.6419288509085095e-05,0.001339373878689,RNA,A3vsA1_rna
ACZ81_RS14055,-0.2749949883574116,129.80247567609678,0.4798428414158078,0.6795507385469819,RNA,A3vsA1_rna
ACZ81_RS14060,-0.8275907498275171,123.082841534899,0.0105602910389178,0.0565505053771943,RNA,A3vsA1_rna
ACZ81_RS14065,-0.5901289792257254,23.17288399465773,0.3394328766412637,0.552617566608168,RNA,A3vsA1_rna
ACZ81_RS14070,-0.2707114198029258,14.87623954264953,0.750308107434298,0.8647387521963175,RNA,A3vsA1_rna
ACZ81_RS14075,-0.0732650628264322,385.8246513203701,0.7272978001811323,0.8519470873946579,RNA,A3vsA1_rna
ACZ81_RS14080,0.5382863997601782,160.70509263060364,0.0827209742576271,0.2234858913950169,RNA,A3vsA1_rna
ACZ81_RS14085,-0.4591840084351533,34.25014185033661,0.3770235578762486,0.5886386208657712,RNA,A3vsA1_rna
ACZ81_RS14090,-2.089755552521337,99.38589446465572,0.0002528308922758608,0.0040252283325823,RNA,A3vsA1_rna
ACZ81_RS14095,0.3697789909622647,326.0245634922942,0.1601530675843004,0.3378202456089449,RNA,A3vsA1_rna
ACZ81_RS14100,-1.402087940918657,400.59176957437575,0.0603482578362092,0.1832293101542364,RNA,A3vsA1_rna
ACZ81_RS14105,0.3462295023596687,449.1093122013926,0.0689993365004703,0.2001629342298531,RNA,A3vsA1_rna
ACZ81_RS14110,0.4982615993776146,306.68114792284314,0.0140411185171031,0.0681172521047375,RNA,A3vsA1_rna
ACZ81_RS14115,-0.4566350467621192,250.13572131768825,0.3170171746696194,0.5284058598980111,RNA,A3vsA1_rna
ACZ81_RS14120,0.2451031720315633,265.6218868024687,0.389568969357589,0.6016519713321999,RNA,A3vsA1_rna
ACZ81_RS14125,0.6730014160134565,310.8779007615293,0.0898881041713428,0.2355642635060521,RNA,A3vsA1_rna
ACZ81_RS14130,-1.3837427559728013,972.4171179214268,0.0006453618017784133,0.0080409675426552,RNA,A3vsA1_rna
ACZ81_RS14135,0.5997036610397107,32.257338559456635,0.2716695587392616,0.4767883944277854,RNA,A3vsA1_rna
ACZ81_RS14140,0.2566195997158829,986.215240954018,0.3340770761094649,0.5463991966372497,RNA,A3vsA1_rna
ACZ81_RS14145,-0.952559039065001,506.8755644270209,0.0054972028570933,0.0359858334806193,RNA,A3vsA1_rna
ACZ81_RS14150,-0.5210545498525642,1378.7523962566995,0.1782917567197551,0.363099760385613,RNA,A3vsA1_rna
ACZ81_RS14155,-0.0482908687377902,535.2062529655302,0.9040076226443614,0.9539549074866084,RNA,A3vsA1_rna
ACZ81_RS14160,0.7727922411251765,305.9825839075061,0.0021271564578422,0.0181964855199642,RNA,A3vsA1_rna
ACZ81_RS14165,0.6439261007085041,971.1136627575214,0.0180850685830475,0.081525050736165,RNA,A3vsA1_rna
ACZ81_RS14170,0.2982164436285306,483.4346553539335,0.2606996862002735,0.4648352340998858,RNA,A3vsA1_rna
ACZ81_RS14175,1.620476821444593,210.40359628121436,0.0007397148541521009,0.0089121201046793,RNA,A3vsA1_rna
ACZ81_RS14180,2.1130876163954704,244.01768238981177,0.0008786843512288698,0.0101010934588258,RNA,A3vsA1_rna
ACZ81_RS14185,1.69938974845919,664.5497390832205,0.0010257858598832,0.011209074858222,RNA,A3vsA1_rna
ACZ81_RS14190,0.3638245456519585,1165.2030026892517,0.0988029048121862,0.2500846788473496,RNA,A3vsA1_rna
ACZ81_RS14195,-1.6032805386194802,94.21079754462473,0.00012190622475344185,0.0024332725060239,RNA,A3vsA1_rna
ACZ81_RS14200,-2.61942065982232,105.3586934109197,3.6692998571658753e-06,0.00017952720764572553,RNA,A3vsA1_rna
ACZ81_RS14205,0.1412975744398044,74.4006754921657,0.6300786018861506,0.7855423712763321,RNA,A3vsA1_rna
ACZ81_RS14210,0.1662002138530115,96.84209170339676,0.637655764488047,0.7907458800955935,RNA,A3vsA1_rna
ACZ81_RS14215,0.257891677910801,72.7913175784936,0.4313699976413696,0.6416497407886163,RNA,A3vsA1_rna
ACZ81_RS14220,0.3438549593824144,730.596389318113,0.1949751723923892,0.385910405346949,RNA,A3vsA1_rna
ACZ81_RS14225,1.0172407126952052,173.6697642985928,0.0010337382097562,0.011209074858222,RNA,A3vsA1_rna
ACZ81_RS14230,1.1864115591817053,32.43977672280067,0.0063409963165075,0.0394419801888812,RNA,A3vsA1_rna
ACZ81_RS14235,0.0343420719780178,18.94610522024453,0.9571271302337508,0.9810053614526536,RNA,A3vsA1_rna
ACZ81_RS14240,-0.4279736565386548,94.6944020563824,0.3685860908801873,0.5812764923786601,RNA,A3vsA1_rna
ACZ81_RS14245,-0.1724949056316637,294.8216566706611,0.65552752344608,0.8045201664318364,RNA,A3vsA1_rna
ACZ81_RS14250,-0.089540079062579,183.9127660330064,0.8653082402704686,0.934234838526674,RNA,A3vsA1_rna
ACZ81_RS14255,-0.2993679852316752,164.422617052325,0.6455799887279117,0.7966985280764016,RNA,A3vsA1_rna
ACZ81_RS14260,0.0437252945634316,149.51677099420135,0.9048357388504406,0.9541142407601456,RNA,A3vsA1_rna
ACZ81_RS14265,1.351242445584116,46.6500324188444,0.0089010400877199,0.0500855158933133,RNA,A3vsA1_rna
ACZ81_RS14270,-0.600844721636821,1523.8105426279224,0.3390836147858628,0.5523359571745358,RNA,A3vsA1_rna
ACZ81_RS14275,-0.5933481602037147,213.9446912429843,0.1890644248906877,0.3779404447740105,RNA,A3vsA1_rna
ACZ81_RS14280,0.7623559363930396,438.8807918968321,0.0182896538960055,0.0822655968790019,RNA,A3vsA1_rna
ACZ81_RS14285,1.172903974494774,45.07588499190296,0.0018059827634748,0.0163927666223098,RNA,A3vsA1_rna
ACZ81_RS14290,-0.4798315878058444,346.37841426434534,0.3909291289479323,0.6028921073814739,RNA,A3vsA1_rna
ACZ81_RS14295,-1.437550816709301,79.32103545829527,0.0022645764087004,0.0188887329557298,RNA,A3vsA1_rna
ACZ81_RS14300,-0.1055120533382166,171.01889511297588,0.7479633413584541,0.8641658353084065,RNA,A3vsA1_rna
ACZ81_RS14305,-0.5607859005948709,7.048987286582006,0.485005733180292,0.6842096498554296,RNA,A3vsA1_rna
ACZ81_RS14310,-0.9182781731966811,127.82790774444832,0.0576036113751389,0.1771420064348839,RNA,A3vsA1_rna
ACZ81_RS14315,1.797499187052037,71.53817501414754,2.832471772800898e-06,0.00015342191250180138,RNA,A3vsA1_rna
ACZ81_RS14320,0.0826176447401521,55.06563610071942,0.8055799860026382,0.8961147196296605,RNA,A3vsA1_rna
ACZ81_RS14325,0.5453250879952319,739.9767508469223,0.136727791909676,0.3069514097253651,RNA,A3vsA1_rna
ACZ81_RS14330,-0.1388665518816294,66.89728931107926,0.837166876802036,0.9162007905491344,RNA,A3vsA1_rna
ACZ81_RS14335,1.1524746823614729,2773.847826094935,0.0161448922006441,0.0748126403918131,RNA,A3vsA1_rna
ACZ81_RS14340,0.4667971538797427,174.9600266244581,0.3508674782098523,0.564140201626338,RNA,A3vsA1_rna
ACZ81_RS14345,1.442799234043573,59.37378194328328,0.0029317921161963,0.0224901529066534,RNA,A3vsA1_rna
ACZ81_RS14350,-0.9157493182784566,134.53233994836373,0.0487837169481849,0.1575044898595798,RNA,A3vsA1_rna
ACZ81_RS14355,-1.0695238652207075,13.409009963942676,0.0764259442438652,0.2129311724349911,RNA,A3vsA1_rna
ACZ81_RS14360,-0.9216208025441428,51.70965220274677,0.066575058416613,0.1948206669346838,RNA,A3vsA1_rna
ACZ81_RS14365,1.0031073573722615,681.6515541483528,0.00019144605286145185,0.0033540679654154,RNA,A3vsA1_rna
ACZ81_RS14370,-0.2984056523481609,163.15432842516606,0.4409933281836506,0.6490334675982415,RNA,A3vsA1_rna
ACZ81_RS14375,-0.366280812364025,975.41128740741,0.2304142796926379,0.4282559796046569,RNA,A3vsA1_rna
ACZ81_RS14380,-0.2638231207231964,375.24588470733954,0.1810608940415107,0.3668769226740105,RNA,A3vsA1_rna
ACZ81_RS14385,0.5494858262739399,111.42755092324374,0.0557160464103914,0.1735502936323683,RNA,A3vsA1_rna
ACZ81_RS14390,0.1898812955179051,162.9874899308193,0.5391085721318634,0.725806574292965,RNA,A3vsA1_rna
ACZ81_RS14395,-0.2703191776697726,882.3774622033893,0.3236497918729704,0.5350156427665255,RNA,A3vsA1_rna
ACZ81_RS14400,0.4594214121401769,179.65575926816308,0.1314221812307576,0.2995628497001729,RNA,A3vsA1_rna
ACZ81_RS14405,0.4477283459154557,304.5362298207594,0.212484722466595,0.4061404033044208,RNA,A3vsA1_rna
ACZ81_RS14410,0.0956941250531722,457.4897685666705,0.6927113698214371,0.8300842690145936,RNA,A3vsA1_rna
ACZ81_RS14415,0.6320042597147935,2328.463364426324,0.0072863882949637,0.0439283027042009,RNA,A3vsA1_rna
ACZ81_RS14420,-0.0160037954641542,1759.6606506793864,0.9666843325596002,0.9852831529764492,RNA,A3vsA1_rna
ACZ81_RS14425,-0.1244899967981175,257.7847739402374,0.7260778803614895,0.8515125565654182,RNA,A3vsA1_rna
ACZ81_RS14430,0.944269671980065,86.63218629141392,0.0032159800714696,0.0241620075781577,RNA,A3vsA1_rna
ACZ81_RS14435,1.0527516837083908,267.4950811539145,0.0014611499308343,0.0144387525184908,RNA,A3vsA1_rna
ACZ81_RS14440,-0.4441617488904255,1288.3574113901152,0.0314253644939002,0.1180970560244615,RNA,A3vsA1_rna
ACZ81_RS14445,0.7410585120291768,363.5003802071779,0.020849276853423,0.0894370914050261,RNA,A3vsA1_rna
ACZ81_RS14450,-1.852354190823728,924.0490089464436,2.5754659581078775e-05,0.0007487514075310729,RNA,A3vsA1_rna
ACZ81_RS14455,-1.863448118976494,3900.479256023015,8.454232921700054e-06,0.00031405909705426496,RNA,A3vsA1_rna
ACZ81_RS14460,-1.008657732627521,2685.053635581009,0.1155860535910729,0.2765242975595613,RNA,A3vsA1_rna
ACZ81_RS14465,-0.6589413920755478,1657.31156445984,0.1812181687944069,0.3670102439188091,RNA,A3vsA1_rna
ACZ81_RS14470,-0.5851051414113045,5767.942155666857,0.3405520317746611,0.5538284359464696,RNA,A3vsA1_rna
ACZ81_RS14475,-0.0444281454878573,75.03911393956945,0.9198240791231312,0.964037148757054,RNA,A3vsA1_rna
ACZ81_RS14480,-0.0823409806575794,43.60477334969179,0.8768919126655428,0.939911929899588,RNA,A3vsA1_rna
ACZ81_RS14485,0.2307848993774759,56.20535410029418,0.406263506149517,0.6166966275716467,RNA,A3vsA1_rna
ACZ81_RS14490,-0.4399276996149769,52.55631144143202,0.1916904878870778,0.3809124504224647,RNA,A3vsA1_rna
ACZ81_RS14495,-0.7941369664869726,152.2929860717278,0.0194463063069761,0.0861132239553953,RNA,A3vsA1_rna
ACZ81_RS14500,-0.284462354640353,180.1638275614958,0.4345735599822782,0.64312398474692,RNA,A3vsA1_rna
ACZ81_RS14505,-0.5620198124968164,151.41527980566107,0.044999569490526,0.1496187611705368,RNA,A3vsA1_rna
ACZ81_RS14510,-0.3693637462005044,92.50806711305688,0.1963015341992461,0.3877704358480431,RNA,A3vsA1_rna
ACZ81_RS14515,-0.8462539166535319,222.58097431467888,0.0058937460927724,0.037652403382489,RNA,A3vsA1_rna
ACZ81_RS14520,-0.7120998679071092,3423.66401634606,0.0478556622552114,0.1558416533830423,RNA,A3vsA1_rna
ACZ81_RS14525,0.050586361361737,436.5546282151443,0.8274944441689308,0.9106645992974736,RNA,A3vsA1_rna
ACZ81_RS14530,0.4049823957909894,85.96760777900843,0.3445751316855368,0.5592376328164942,RNA,A3vsA1_rna
ACZ81_RS14535,-0.0073799521034437,400.4050532611443,0.9746877100349012,0.9883681023553356,RNA,A3vsA1_rna
ACZ81_RS14540,-0.80850912361041,350.5771714158874,0.0003697374726835387,0.0053399145498682,RNA,A3vsA1_rna
ACZ81_RS14545,-0.2591857516226226,567.3888625082801,0.1601184665804271,0.3378202456089449,RNA,A3vsA1_rna
ACZ81_RS14550,-0.3367697560536399,1340.8661163884285,0.1054590918188665,0.2600503235263014,RNA,A3vsA1_rna
ACZ81_RS14555,-0.4408983579302396,997.3870352694184,0.0035870503351993,0.0263506794920404,RNA,A3vsA1_rna
ACZ81_RS14565,0.2713206539419142,1714.7742609051184,0.3948768131099615,0.6062938286250155,RNA,A3vsA1_rna
ACZ81_RS14570,0.5480081796582145,1160.1975133428791,0.101120491185429,0.253243077800213,RNA,A3vsA1_rna
ACZ81_RS14575,0.3945161430443412,504.8513189977108,0.2215452363110822,0.4166379745652712,RNA,A3vsA1_rna
ACZ81_RS14585,-0.0209736007172832,355.59349923146897,0.945157454617412,0.9747334960718804,RNA,A3vsA1_rna
ACZ81_RS14590,0.3674475206774693,1125.1516266811818,0.1217666884596604,0.2866100478551254,RNA,A3vsA1_rna
ACZ81_RS14595,0.0987895255547605,1502.0674743799664,0.7780626424776922,0.8803122734406377,RNA,A3vsA1_rna
ACZ81_RS14600,1.321412991944588,1476.5178637913382,0.001860105112005,0.0166951716093158,RNA,A3vsA1_rna
ACZ81_RS14605,-0.2747182597910332,1440.120730120768,0.2131215173053018,0.4066376684783155,RNA,A3vsA1_rna
ACZ81_RS14615,-0.6442619389965263,1966.1494786161604,5.8174757222043365e-05,0.0013569600347374,RNA,A3vsA1_rna
ACZ81_RS14620,-0.9135862781820792,2125.856967218365,0.00030845480573500514,0.004669889360788,RNA,A3vsA1_rna
ACZ81_RS14625,-1.4645527875648574,1353.3545370222423,0.0120743041977078,0.062025747043795,RNA,A3vsA1_rna
ACZ81_RS14630,-2.0848903839088018,612.1065787114038,0.0004528074274404521,0.0060961859023191,RNA,A3vsA1_rna
ACZ81_RS14635,-2.7440556376439305,834.9677152107729,8.268627269383949e-05,0.0018029202502591,RNA,A3vsA1_rna
ACZ81_RS14640,-1.3416606519826606,3729.080443430754,3.603905702886341e-06,0.0001794977819392296,RNA,A3vsA1_rna
ACZ81_RS14645,-0.1680176608420991,5364.923964575163,0.2490049817583502,0.4508158785263994,RNA,A3vsA1_rna
ACZ81_RS14650,0.214685060898755,1042.713530381517,0.5467646508470758,0.7304761169492069,RNA,A3vsA1_rna
ACZ81_RS14655,0.2845815184000466,2013.52360918759,0.5146577197920914,0.7078528528645426,RNA,A3vsA1_rna
ACZ81_RS14660,0.8729458663406925,747.8425826393834,0.1159131627277784,0.2771416024218398,RNA,A3vsA1_rna
ACZ81_RS14665,-0.4248446123633726,939.5631431356992,0.0284661440811935,0.1093928831932458,RNA,A3vsA1_rna
ACZ81_RS14670,-0.1689352130048461,139.59436059906383,0.4742210809406504,0.67635086268535,RNA,A3vsA1_rna
ACZ81_RS14675,-1.6441146126865172,372.2218474103015,0.0007760962794481311,0.0092946217108832,RNA,A3vsA1_rna
ACZ81_RS14680,0.0385439418602248,716.2685575657014,0.8953138742095473,0.949259847602723,RNA,A3vsA1_rna
ACZ81_RS14685,-0.976090142927577,19672.423546639475,0.1074732271940263,0.2631673722473966,RNA,A3vsA1_rna
ACZ81_RS14690,-0.9573441671589364,1618.3832734539644,0.1553955767730962,0.3321508012859148,RNA,A3vsA1_rna
ACZ81_RS14695,0.134195486157352,250.6227348084212,0.7645484991028018,0.8731897325405882,RNA,A3vsA1_rna
ACZ81_RS14700,0.0029927144179912,116.1344022046517,0.9929476457661796,0.9964247010540052,RNA,A3vsA1_rna
ACZ81_RS14705,-1.7318923878709378,3075.6346776003197,4.359607235016404e-11,9.643810793102256e-09,RNA,A3vsA1_rna
ACZ81_RS14710,-0.571388158228946,436.4704418605968,0.0621966110743792,0.1864968636998577,RNA,A3vsA1_rna
ACZ81_RS14715,0.1889704899164916,859.5497499527359,0.485667676032487,0.6848853132661996,RNA,A3vsA1_rna
ACZ81_RS14720,-0.8487419099434448,359.4548508975658,0.1403551460158017,0.3110352971980722,RNA,A3vsA1_rna
ACZ81_RS14725,0.219025518643666,1234.9647748494272,0.433399886090917,0.6429401099534372,RNA,A3vsA1_rna
ACZ81_RS14730,-0.3203375389225352,2200.086785526917,0.4305778628332603,0.6409938351343378,RNA,A3vsA1_rna
ACZ81_RS14735,-1.7997016932567784,25459.04126922456,0.0003022748058794655,0.0046111274569901,RNA,A3vsA1_rna
ACZ81_RS14740,-0.1550193648563972,6266.796570671685,0.6921163990323376,0.8296298156312335,RNA,A3vsA1_rna
ACZ81_RS14745,-0.6062587468651672,2105.959992107761,0.1411123754027577,0.3117526707686475,RNA,A3vsA1_rna
ACZ81_RS14750,-0.6501557729499929,760.7526744464507,0.1161540718692504,0.2775521955565412,RNA,A3vsA1_rna
ACZ81_RS14755,-0.4714132040209379,1159.6168496850223,0.2975545586099059,0.5071320684549459,RNA,A3vsA1_rna
ACZ81_RS14760,0.5397190077680194,851.2585442405197,0.1256832592850878,0.2907965606988307,RNA,A3vsA1_rna
ACZ81_RS14765,0.425557369386225,466.5305981609828,0.1934207159446882,0.3839702683671891,RNA,A3vsA1_rna
ACZ81_RS14770,0.5058190480068753,459.79755512930177,0.2572843005368191,0.4612435192860387,RNA,A3vsA1_rna
ACZ81_RS14775,0.4012129442068314,781.0219544988447,0.2240508589003882,0.4192593497706892,RNA,A3vsA1_rna
ACZ81_RS14780,0.4452903260309886,444.9059336130791,0.2533290690456291,0.4559695939932991,RNA,A3vsA1_rna
ACZ81_RS14785,-0.023208050188088,1064.3907887095531,0.9423298640281575,0.9736728243936308,RNA,A3vsA1_rna
ACZ81_RS14790,-0.2414107689827662,2110.6939849994574,0.4991681669613551,0.6944711304571872,RNA,A3vsA1_rna
ACZ81_RS14795,0.3962140570669686,909.9720083366886,0.3628583031481098,0.5760328892232727,RNA,A3vsA1_rna
ACZ81_RS14800,0.3988549620925865,98.792535948831,0.4540979278911001,0.6600827593014736,RNA,A3vsA1_rna
ACZ81_RS14805,-0.1531899693905116,1818.3431423524248,0.6939155625798483,0.8307935652254108,RNA,A3vsA1_rna
ACZ81_RS14810,-0.184931592513181,13439.526541106425,0.8211195251190373,0.9057826600983166,RNA,A3vsA1_rna
ACZ81_RS14815,0.0282785551567514,416.89658038789474,0.9583858467431274,0.9812767577253484,RNA,A3vsA1_rna
ACZ81_RS14820,0.3777488929814557,1857.52917916994,0.2481971098701844,0.4505461264179805,RNA,A3vsA1_rna
ACZ81_RS14825,0.0513414606277215,211.6798059958008,0.894489089080715,0.9487834835492562,RNA,A3vsA1_rna
ACZ81_RS14830,-1.152498923876791,259.0589824890696,0.004243975777462,0.0296118796855261,RNA,A3vsA1_rna
ACZ81_RS14835,-0.4843790488304648,32.951729167101284,0.2964655806706669,0.505727046946104,RNA,A3vsA1_rna
ACZ81_RS14840,0.3050350058901636,102.68862275819144,0.3797225519754771,0.5911706940339986,RNA,A3vsA1_rna
ACZ81_RS14850,0.0881055689974026,768.6555612805666,0.721535120445022,0.8491636559769518,RNA,A3vsA1_rna
ACZ81_RS14855,0.1151829204826929,1959.0259639757653,0.5511166493498301,0.7333598663985136,RNA,A3vsA1_rna
ACZ81_RS14860,-0.7352561895724967,2925.973142694888,0.3489376840981989,0.5627858192320696,RNA,A3vsA1_rna
ACZ81_RS14865,-1.445071451503843,681.1414495431587,0.0489708197746301,0.1579348303342573,RNA,A3vsA1_rna
ACZ81_RS14870,-0.368069778122311,999.957635073952,0.2589844828767447,0.4630328633250891,RNA,A3vsA1_rna
ACZ81_RS14875,0.06299411575817,103.95872325219791,0.9022065260217093,0.953292752804608,RNA,A3vsA1_rna
ACZ81_RS14880,-0.3550366550978352,1112.8433672829588,0.1059753345021003,0.261002481290624,RNA,A3vsA1_rna
ACZ81_RS14885,-0.0931486634686855,407.8249885442509,0.6767399566290393,0.8187818775620344,RNA,A3vsA1_rna
ACZ81_RS14890,-0.7209286229801377,2392.0589608874507,4.127700551421637e-06,0.0001903486737046392,RNA,A3vsA1_rna
ACZ81_RS14895,0.2362794067352185,6038.61080090035,0.2454326572657701,0.4469704135044348,RNA,A3vsA1_rna
ACZ81_RS14900,-2.0218012880410923,4070.395494391853,3.6058414525987855e-05,0.0009709151615990824,RNA,A3vsA1_rna
ACZ81_RS14905,-0.3676840334735972,4982.466206371413,0.4560795547364987,0.6617689597116937,RNA,A3vsA1_rna
ACZ81_RS14910,1.1443190104630043,897.8922722216297,0.010295437289017,0.0554433481926661,RNA,A3vsA1_rna
ACZ81_RS14915,-0.6905504255001411,1431.3816561575854,0.0734018745641417,0.2081189545945841,RNA,A3vsA1_rna
ACZ81_RS14920,-0.7517331736977766,1359.0483404475513,0.0193318772822912,0.0858909099186627,RNA,A3vsA1_rna
ACZ81_RS14925,-0.5891074804175271,641.2147330436183,0.1234742424672655,0.2885140715076699,RNA,A3vsA1_rna
ACZ81_RS14930,0.3481110592755103,41.1028985301038,0.4116768873204172,0.6211536938433674,RNA,A3vsA1_rna
ACZ81_RS14935,-0.3973639017980878,819.5539220817433,0.2621334408238066,0.4667380074217584,RNA,A3vsA1_rna
ACZ81_RS14940,-0.3906421871786645,1352.5148819258347,0.3345707117367261,0.5469835759933762,RNA,A3vsA1_rna
ACZ81_RS14945,-0.7284606441360357,525.8071582357741,0.0769621840871271,0.2139794057917907,RNA,A3vsA1_rna
ACZ81_RS14950,-1.2458647910789218,3325.946828781657,0.0032430404597039,0.024274399858829,RNA,A3vsA1_rna
ACZ81_RS14955,-0.5737949051806664,1223.3049517990262,0.066472210194247,0.1946616841600868,RNA,A3vsA1_rna
ACZ81_RS14960,-0.2152540957909205,515.2730193240358,0.4870343229691405,0.6856076153516463,RNA,A3vsA1_rna
ACZ81_RS14965,-0.2264536757798847,351.76776675126905,0.4116031590936144,0.6211536938433674,RNA,A3vsA1_rna
ACZ81_RS14970,-1.439288775319,438.0141325116258,0.0118457578928918,0.0614814756355525,RNA,A3vsA1_rna
ACZ81_RS14975,0.6391633564196847,1553.1821587221634,0.278855157340972,0.485322894515706,RNA,A3vsA1_rna
ACZ81_RS14980,-0.0776255660906333,622.2005591859474,0.776441418201961,0.8801625695698043,RNA,A3vsA1_rna
ACZ81_RS14985,-0.0432784477937157,211.98230515547496,0.9450258882710036,0.9747334960718804,RNA,A3vsA1_rna
ACZ81_RS14990,-0.0280211829796556,153.7487743579029,0.9632677233181604,0.983867134916614,RNA,A3vsA1_rna
ACZ81_RS14995,-1.886429640367511,260.40037809769467,1.6540862610644162e-08,1.7935659674028209e-06,RNA,A3vsA1_rna
ACZ81_RS15000,-0.0339956731600683,32.951734123348785,0.9427201693569228,0.9737881872965948,RNA,A3vsA1_rna
ACZ81_RS15005,0.4387706361915433,51.9833604576074,0.2390600610471842,0.438951471359864,RNA,A3vsA1_rna
ACZ81_RS15010,0.0149808568677658,73.12072591477272,0.977409394344182,0.9890224423769952,RNA,A3vsA1_rna
ACZ81_RS15020,-0.2218766750265512,81.96272455226546,0.4979071227219902,0.6934791379277012,RNA,A3vsA1_rna
ACZ81_RS15025,-2.7409318906025564,1314.7665416949617,5.248660465657894e-06,0.0002227774668571425,RNA,A3vsA1_rna
ACZ81_RS15030,-4.0956766109994485,5591.313273439206,2.8552296360437943e-11,7.1252202684317116e-09,RNA,A3vsA1_rna
ACZ81_RS15040,-0.8704006739863227,2179.0634538257764,0.0810026661467844,0.2206264063685671,RNA,A3vsA1_rna
ACZ81_RS15045,-0.2243076991307242,2714.3940927953577,0.4760861057030598,0.6768453069031453,RNA,A3vsA1_rna
ACZ81_RS15050,0.648340888846506,128.6350723601815,0.1996666303104209,0.3915261587514217,RNA,A3vsA1_rna
ACZ81_RS15055,0.2155805103497019,598.106714046122,0.2722219440131063,0.4773402270020028,RNA,A3vsA1_rna
ACZ81_RS15060,0.1350814035322459,341.849850238178,0.4950252757649296,0.6906525558314838,RNA,A3vsA1_rna
ACZ81_RS15065,0.026130158829125,1227.914769251736,0.9359356041788588,0.9705282098644562,RNA,A3vsA1_rna
ACZ81_RS15070,-1.295687077224967,101.03876977012872,9.002195146803612e-05,0.0019109421655542,RNA,A3vsA1_rna
ACZ81_RS15075,0.4331635456670248,1381.9491725490486,0.3774861129334007,0.5890603987120979,RNA,A3vsA1_rna
ACZ81_RS15080,0.5748602728959477,31.110975867352817,0.1255361126108796,0.2906237067483261,RNA,A3vsA1_rna
ACZ81_RS15085,0.1310202274933583,50.6414782925493,0.7073897942168887,0.8404050501623208,RNA,A3vsA1_rna
ACZ81_RS15090,1.5471417578180482,103.62687119016336,0.0047672241297823,0.0322531251411243,RNA,A3vsA1_rna
ACZ81_RS15095,0.66126225792739,313.714036125109,0.1823365928128627,0.3687169407082687,RNA,A3vsA1_rna
ACZ81_RS15100,-0.9039105915812156,27.6652937489453,0.1282667540910983,0.2947343742345282,RNA,A3vsA1_rna
ACZ81_RS15105,-1.5573011709268896,28.297081589498674,0.0970548632210506,0.2475276099013753,RNA,A3vsA1_rna
ACZ81_RS15110,-0.7839565898348188,44.54840733959452,0.2493489098737411,0.451234923957352,RNA,A3vsA1_rna
ACZ81_RS15115,-0.3525374718306243,100.5192210705193,0.3456932954777108,0.5599198633252224,RNA,A3vsA1_rna
ACZ81_RS15120,-0.2606805701652823,637.0284724013147,0.6254240418740826,0.7831464594253493,RNA,A3vsA1_rna
ACZ81_RS15125,0.0383094377233715,365.8302016097726,0.8925765076249124,0.9487834835492562,RNA,A3vsA1_rna
ACZ81_RS15130,-1.1103344837517009,5140.15568676101,0.0053936142471019,0.0355557317552456,RNA,A3vsA1_rna
ACZ81_RS15135,-0.1445646394892321,1113.578549762342,0.5407294728919745,0.726526003095312,RNA,A3vsA1_rna
ACZ81_RS15140,0.2435004269417479,505.91434081657326,0.5096316655079687,0.7043841879865498,RNA,A3vsA1_rna
ACZ81_RS15145,-0.1541584693060964,717.5031916247364,0.6807920696212835,0.8207144781612349,RNA,A3vsA1_rna
ACZ81_RS15150,-0.4606460072643237,1484.9599694736216,0.2565277917768195,0.4602815297891771,RNA,A3vsA1_rna
ACZ81_RS15155,0.1663551362288778,88.82393601783306,0.6749053793415453,0.817370464745075,RNA,A3vsA1_rna
ACZ81_RS15160,0.0457651764195425,11.698252661372972,0.966586216253551,0.9852831529764492,RNA,A3vsA1_rna
ACZ81_RS15165,-0.2177036058410239,95.5895611875151,0.5463952607012057,0.7304691056092093,RNA,A3vsA1_rna
ACZ81_RS15170,0.7625398755598047,161.90129755019132,0.0803484257624355,0.2200199427813675,RNA,A3vsA1_rna
ACZ81_RS15175,-0.1187837017623196,373.2389082969131,0.8379224797428724,0.916506267374156,RNA,A3vsA1_rna
ACZ81_RS15180,-0.0325666301977279,102.01087597148054,0.9384904614445282,0.972095851345302,RNA,A3vsA1_rna
ACZ81_RS15190,-0.5793848188277232,2657.159561636292,0.0523736923502932,0.1653212066950246,RNA,A3vsA1_rna
ACZ81_RS15195,0.3124810121079338,3648.141382815048,0.4474180347729259,0.6546466650288034,RNA,A3vsA1_rna
ACZ81_RS15200,0.4199661045164784,964.8512204257833,0.1370864969690284,0.3069514097253651,RNA,A3vsA1_rna
ACZ81_RS15205,0.3502817745419549,647.817659496119,0.2202098443407658,0.4153652541114963,RNA,A3vsA1_rna
ACZ81_RS15210,-0.2603789889749763,201.39244342525927,0.446754302032552,0.6541526495454739,RNA,A3vsA1_rna
ACZ81_RS15215,0.000129892742772753,774.6282737412697,0.9994617083493256,0.9994617083493256,RNA,A3vsA1_rna
ACZ81_RS15220,-0.4725800172972912,1508.468558781195,0.0433439629390216,0.146045944346258,RNA,A3vsA1_rna
ACZ81_RS15225,-0.7434235111906011,154.38600771618314,0.0009476156907572804,0.0105023042854094,RNA,A3vsA1_rna
ACZ81_RS15230,0.4605893968964617,573.2568025473885,0.0224469739830324,0.0943007954135354,RNA,A3vsA1_rna
ACZ81_RS15235,0.1997789114379093,216.82192457855783,0.5315315262186067,0.7189833051884862,RNA,A3vsA1_rna
ACZ81_RS15240,0.1060841542897945,143.56992210426716,0.7383401398774161,0.8585780798113379,RNA,A3vsA1_rna
ACZ81_RS15245,0.4502886951240239,74.61976216175127,0.3309592487205994,0.5430709635448037,RNA,A3vsA1_rna
ACZ81_RS15250,0.8460510145406809,58.45833302204672,0.2747049445150786,0.4797873422042878,RNA,A3vsA1_rna
ACZ81_RS15255,0.2823088109526782,35.21239595877465,0.653924279367502,0.8037819267225546,RNA,A3vsA1_rna
ACZ81_RS15260,-1.2106376029420358,249.24248459018025,6.66792285649552e-05,0.0015029048595651,RNA,A3vsA1_rna
ACZ81_RS15265,-0.3320971859193317,116.46681102680634,0.4798522538144565,0.6795507385469819,RNA,A3vsA1_rna
ACZ81_RS15270,-0.5900001582245719,978.575991393607,0.0130475491072659,0.0652319908319938,RNA,A3vsA1_rna
ACZ81_RS15275,-0.3011862251717238,874.2605951986566,0.230593391362048,0.4282559796046569,RNA,A3vsA1_rna
ACZ81_RS15280,1.033251205410877,1552.803582947505,0.0432761854819119,0.1460252785142396,RNA,A3vsA1_rna
ACZ81_RS15285,-0.0259063081581327,2525.8389754994714,0.9457599660729286,0.9749200883567803,RNA,A3vsA1_rna
ACZ81_RS15290,-0.5463033025490709,3246.8442260094266,0.3844748249012278,0.5961541270467395,RNA,A3vsA1_rna
ACZ81_RS15295,-0.106309538144266,1919.2254677961084,0.8839730733503152,0.9452292031667016,RNA,A3vsA1_rna
ACZ81_RS15300,0.0169594082989914,3667.2425412401626,0.9752830437019004,0.9884526653936758,RNA,A3vsA1_rna
ACZ81_RS15305,0.5108711720705894,1093.5993997292533,0.2718047411006412,0.476817062219402,RNA,A3vsA1_rna
ACZ81_RS15310,-0.8333946478197055,3638.0611011257697,0.0426223683877845,0.144725111694253,RNA,A3vsA1_rna
ACZ81_RS15315,1.0423248127718172,251.12306906422188,0.0049272380487392,0.0330018014216055,RNA,A3vsA1_rna
ACZ81_RS15320,0.6737134983746359,272.6997599990832,0.0142130063398903,0.0686192315711672,RNA,A3vsA1_rna
ACZ81_RS15325,0.5593827581613625,129.91115438622123,0.0603865321870303,0.1832293101542364,RNA,A3vsA1_rna
ACZ81_RS15330,0.1470679012866765,1346.4781509400011,0.5443690634269804,0.728508666135497,RNA,A3vsA1_rna
ACZ81_RS15335,0.9452830180304436,659.1664923104146,0.0100940855799943,0.0547263126309961,RNA,A3vsA1_rna
ACZ81_RS15340,-0.9400919985799628,10534.470739611716,0.0019035393014865,0.0169514519304199,RNA,A3vsA1_rna
ACZ81_RS15345,-0.5830836640214135,3207.7888574259773,0.0815499792633343,0.2214144988286654,RNA,A3vsA1_rna
ACZ81_RS15350,-0.211023058110618,201.3474700622891,0.5221723000754357,0.7118434481490479,RNA,A3vsA1_rna
ACZ81_RS15355,1.4069226023669836,611.208041653157,0.0090908317053201,0.0509391296113747,RNA,A3vsA1_rna
ACZ81_RS15360,-1.6725041569704986,1307.3695427509645,0.0039430053668077,0.0281984626232312,RNA,A3vsA1_rna
ACZ81_RS15365,0.1663451667280528,1342.721813757902,0.6296665304434459,0.7852726515819413,RNA,A3vsA1_rna
ACZ81_RS15370,0.2404809851043811,236.12075115864863,0.5685041956319236,0.7458596575785734,RNA,A3vsA1_rna
ACZ81_RS15375,0.2318412204667759,72.85762928482616,0.627656993520136,0.7842291678613472,RNA,A3vsA1_rna
ACZ81_RS15380,-1.243538778279318,2076.947781667794,0.0228622599817623,0.0952475462583908,RNA,A3vsA1_rna
ACZ81_RS15385,0.1375976661190561,384.1927216611469,0.7330458836393596,0.8549360712677648,RNA,A3vsA1_rna
ACZ81_RS15390,0.659530120891886,287.33296912096586,0.0792153751993328,0.2182775311124473,RNA,A3vsA1_rna
ACZ81_RS15395,0.6760471729092248,338.29936717931884,0.0965436552294603,0.2467090094143917,RNA,A3vsA1_rna
ACZ81_RS15400,0.8713957762493465,192.82346218357927,0.006019554448213,0.0382733002317446,RNA,A3vsA1_rna
ACZ81_RS15405,0.3759364714070379,1111.1269925268832,0.1381540390933478,0.3081011700069547,RNA,A3vsA1_rna
ACZ81_RS15410,-0.1057326648975201,3391.2942900010844,0.6068887303526456,0.7697874126382592,RNA,A3vsA1_rna
ACZ81_RS15415,0.1245627302138956,303.38874544865587,0.7384287702735362,0.8585780798113379,RNA,A3vsA1_rna
ACZ81_RS15420,0.004813615652397,58.16165686927272,0.9908626829972412,0.9957300370144542,RNA,A3vsA1_rna
ACZ81_RS15425,0.4300912069174844,505.081920272781,0.5042154801579146,0.6990022482355056,RNA,A3vsA1_rna
ACZ81_RS15430,0.98430834019677,132.44533096852982,0.2738710483114786,0.4787671659371034,RNA,A3vsA1_rna
ACZ81_RS15435,-0.6771460325015007,1495.2039120741726,0.0194332652517121,0.0861132239553953,RNA,A3vsA1_rna
ACZ81_RS15440,-0.7063086181555701,387.6442951953869,0.03832006708623,0.1343882072989117,RNA,A3vsA1_rna
ACZ81_RS15445,0.2906561838332342,3662.6083535256193,0.1868602843283052,0.3746544031609997,RNA,A3vsA1_rna
ACZ81_RS15450,0.2586447240561154,220.9053942965324,0.2448431521152057,0.4463020110341688,RNA,A3vsA1_rna
ACZ81_RS15455,0.6103430530514705,251.10959852344556,0.008691197283219,0.0493778100688522,RNA,A3vsA1_rna
ACZ81_RS15460,-0.3195533084713035,904.216790452522,0.4948398955191116,0.6906525558314838,RNA,A3vsA1_rna
ACZ81_RS15465,0.0507333071150546,263.1807263830265,0.8479271493484618,0.9234212060765552,RNA,A3vsA1_rna
ACZ81_RS15470,-0.4265243177016937,412.4816131642102,0.2863335542925459,0.4943073235033108,RNA,A3vsA1_rna
ACZ81_RS15475,0.0561560788713933,278.82734053903624,0.7747140051332897,0.879097923204759,RNA,A3vsA1_rna
ACZ81_RS15480,0.1155419775243209,406.4736367039357,0.6420678175032413,0.793829301640371,RNA,A3vsA1_rna
ACZ81_RS15485,-0.6353491174542235,447.2566898098913,0.2468519192451341,0.4489659090423417,RNA,A3vsA1_rna
ACZ81_RS15490,-2.37717757906196,44.289595730268736,1.9693709621975157e-05,0.0006172747109637837,RNA,A3vsA1_rna
ACZ81_RS15495,-0.4724552694470589,1679.2433537766397,0.0990333360259269,0.2503602672564706,RNA,A3vsA1_rna
ACZ81_RS15500,-0.6455252929805361,618.6093932064508,0.1946268406426606,0.3854866056406098,RNA,A3vsA1_rna
ACZ81_RS15505,-0.0456394599040962,481.577983809066,0.8850708091103491,0.945806012726374,RNA,A3vsA1_rna
ACZ81_RS15510,-0.965278167113118,260.7357905539167,0.0003433400529940939,0.0050273003380011,RNA,A3vsA1_rna
ACZ81_RS15515,-1.440889142909237,467.7969581141946,0.00023888189153836647,0.0038644925356932,RNA,A3vsA1_rna
ACZ81_RS15520,-0.9996126496818888,1759.913454048665,0.133184851535307,0.3022983614236299,RNA,A3vsA1_rna
ACZ81_RS15525,-0.7104043335870672,218.11828056717232,0.0021669171961934,0.0184269711225931,RNA,A3vsA1_rna
ACZ81_RS15530,0.3869117086034033,201.2521539822966,0.135226602523921,0.3050698469671833,RNA,A3vsA1_rna
ACZ81_RS15535,-0.7308867490188914,1206.617452766665,1.3984222535984811e-05,0.0004699057555829796,RNA,A3vsA1_rna
ACZ81_RS15540,-1.4996675170445812,4369.668521052624,0.0009847707193844763,0.0108243839073164,RNA,A3vsA1_rna
ACZ81_RS15545,1.038713002629985,4798.804285955468,0.0491406448738141,0.1583552347258974,RNA,A3vsA1_rna
ACZ81_RS15550,0.0612398953871897,6791.630444442192,0.8835805270686721,0.9452292031667016,RNA,A3vsA1_rna
ACZ81_RS15555,0.7304739603597132,198.45590427360423,0.1772454720670559,0.3615194885272131,RNA,A3vsA1_rna
ACZ81_RS15560,0.4591817421638743,402.2148077209917,0.2949665819240621,0.5046507150018495,RNA,A3vsA1_rna
ACZ81_RS15565,-0.0458256387647889,389.2488502036827,0.915795686963592,0.9613188487466588,RNA,A3vsA1_rna
ACZ81_RS15570,-0.4358249308786188,1958.7365055495736,0.2399195293028349,0.4397246009881105,RNA,A3vsA1_rna
ACZ81_RS15575,0.5037098960645717,235.41134200599356,0.1644614978419984,0.3425854254112656,RNA,A3vsA1_rna
ACZ81_RS15580,0.7583377458244198,487.2029762305006,0.0056261042686279,0.0365175033911953,RNA,A3vsA1_rna
ACZ81_RS15585,-0.6227617651731014,457.7350230712688,0.2988840373705764,0.5081028635299799,RNA,A3vsA1_rna
ACZ81_RS15590,-0.6948244238336033,277.5668784163193,0.2110388756917489,0.4045331912447667,RNA,A3vsA1_rna
ACZ81_RS15595,-0.6580269392826052,508.7410232204948,0.231745541603544,0.4296502370209883,RNA,A3vsA1_rna
ACZ81_RS15600,-0.8192465773447849,3027.28204015442,0.1575454582637196,0.3353169116997576,RNA,A3vsA1_rna
ACZ81_RS15605,-0.5407663618296398,701.1479575182685,0.1379546605547377,0.3078276407928854,RNA,A3vsA1_rna
ACZ81_RS15610,-0.3275101547663525,254.6375100948101,0.0815679534568214,0.2214144988286654,RNA,A3vsA1_rna
ACZ81_RS15615,-0.2538293350424195,1877.256691967346,0.4107373302471897,0.6206697434846422,RNA,A3vsA1_rna
ACZ81_RS15620,-0.5491665519338689,249.06901123275333,0.19625824589643,0.3877704358480431,RNA,A3vsA1_rna
ACZ81_RS15625,-0.4898323451503452,2707.8188682090718,0.0696517183126888,0.2015279895217597,RNA,A3vsA1_rna
ACZ81_RS15630,0.5374406791367021,351.68310407521307,0.0961238649325192,0.2461214747202433,RNA,A3vsA1_rna
ACZ81_RS15635,0.7064488394416945,269.8343695486416,0.0063878296927913,0.0396717844078619,RNA,A3vsA1_rna
ACZ81_RS15640,-0.2105645729865611,703.5303465522198,0.5994847183489747,0.7643161106048034,RNA,A3vsA1_rna
ACZ81_RS15645,0.2638538054212989,117.2066468594363,0.5225603333114021,0.7121304542273591,RNA,A3vsA1_rna
ACZ81_RS15650,-1.0607729945879167,252.48066821371003,0.0009122122680703306,0.0103092834352061,RNA,A3vsA1_rna
ACZ81_RS15655,-0.6466203041363157,244.1435929263071,0.027093708332139,0.1062560682585942,RNA,A3vsA1_rna
ACZ81_RS15660,0.3078197169628943,542.6643136938163,0.670430350471221,0.8143404680867511,RNA,A3vsA1_rna
ACZ81_RS15665,1.5219322218585427,204.60500870702657,0.0008377198541037902,0.0097986357278845,RNA,A3vsA1_rna
ACZ81_RS15670,-0.2237338826908725,73.39246357628119,0.5237296995095468,0.7132394957339789,RNA,A3vsA1_rna
ACZ81_RS15675,0.4195925399232065,20.185901017669725,0.5800721826432715,0.7526995896237546,RNA,A3vsA1_rna
ACZ81_RS15685,0.889854488601526,97.15997876157344,0.0260522789094392,0.1037951767474382,RNA,A3vsA1_rna
ACZ81_RS15690,0.5374325564149358,70.63280354748798,0.1237960536986062,0.2889294749498593,RNA,A3vsA1_rna
ACZ81_RS15695,-0.3969566210237844,90.2104597575068,0.241682340435701,0.4425511409530043,RNA,A3vsA1_rna
ACZ81_RS15700,-0.4008283574278311,132.03914309411618,0.2270209173609111,0.4240354449167611,RNA,A3vsA1_rna
ACZ81_RS15705,0.3871052271457239,828.491277861795,0.3490057622755207,0.5627858192320696,RNA,A3vsA1_rna
ACZ81_RS15710,0.3645336644086259,998.1439060449356,0.3509705740925573,0.564140201626338,RNA,A3vsA1_rna
ACZ81_RS15715,-1.2434774372864343,107.77235915084454,5.15966820793089e-05,0.0012508744034001,RNA,A3vsA1_rna
ACZ81_RS15720,-0.9662085020731292,116.69343611102737,0.0062887534634734,0.0393421479766671,RNA,A3vsA1_rna
ACZ81_RS15725,2.3776648178607225,164.36129480640523,5.187735579742177e-06,0.0002227774668571425,RNA,A3vsA1_rna
ACZ81_RS15730,1.9921510797564188,36.04884886290104,0.0001530246852252765,0.0028555118005758,RNA,A3vsA1_rna
ACZ81_RS15735,-0.713983993188478,304.88830852719235,0.0005588754651784037,0.0072563377550024,RNA,A3vsA1_rna
ACZ81_RS15740,0.0240013471907969,12.484282746444135,0.9788351410553974,0.9896891597566164,RNA,A3vsA1_rna
ACZ81_RS15745,-0.5147148745661205,301.8892883713048,0.1268130302583991,0.2921746827250083,RNA,A3vsA1_rna
ACZ81_RS15750,-0.3693888516523252,1315.4541649982425,0.1985325803113401,0.3900649912875105,RNA,A3vsA1_rna
ACZ81_RS15755,0.2974735507535886,931.5811389174952,0.2622202065624734,0.4667380074217584,RNA,A3vsA1_rna
ACZ81_RS15760,0.544551787680693,579.2753066682803,0.156211079116093,0.3335385042116899,RNA,A3vsA1_rna
ACZ81_RS15765,-0.1412305066533137,668.3253681972319,0.7542461423299472,0.867796799261912,RNA,A3vsA1_rna
ACZ81_RS15770,0.4661076650041375,42.684502940669766,0.3534351458231721,0.5660606008153958,RNA,A3vsA1_rna
ACZ81_RS15775,0.317231944977718,126.41587321304262,0.2194856207030065,0.4143888518872762,RNA,A3vsA1_rna
ACZ81_RS15785,-0.2583614161763259,771.1439814469236,0.4444808406768483,0.6520135768904992,RNA,A3vsA1_rna
ACZ81_RS15790,0.331275454415971,47.49177574853943,0.5191041396960623,0.7104462407184257,RNA,A3vsA1_rna
ACZ81_RS15795,1.311533023917134,46.01065761181437,0.0189024563589746,0.0845447657884128,RNA,A3vsA1_rna
ACZ81_RS15800,0.2172344696728156,52.17231766969198,0.679306707853987,0.819972991005582,RNA,A3vsA1_rna
ACZ81_RS15805,1.363863714288465,48.92967671906484,0.0001680592668022551,0.0031215452704196,RNA,A3vsA1_rna
ACZ81_RS15810,0.1164042317367174,537.7297188268191,0.4592571094694477,0.6644570945515413,RNA,A3vsA1_rna
ACZ81_RS15815,-0.0341361148696332,155.6345666055485,0.8848404688446675,0.945806012726374,RNA,A3vsA1_rna
ACZ81_RS15820,0.4465232267583257,132.71267672167838,0.3162654766662205,0.5278107705427941,RNA,A3vsA1_rna
ACZ81_RS15825,-1.9592624306108288,103.89286270772708,0.0020826608403465,0.0179691081536997,RNA,A3vsA1_rna
ACZ81_RS15830,-1.2419227938231132,381.5379674566875,4.661262875974164e-06,0.00020760155172206947,RNA,A3vsA1_rna
ACZ81_RS15835,0.4351887313892956,107.10451932043416,0.4469470778637236,0.6541961606673693,RNA,A3vsA1_rna
ACZ81_RS15840,-0.2627010674475387,23.434387727524427,0.6410364235463506,0.7930429020252725,RNA,A3vsA1_rna
ACZ81_RS15845,0.7483989992257908,232.21151546498567,0.0226124982838182,0.0946986880111471,RNA,A3vsA1_rna
ACZ81_RS15850,-1.3086661348783006,1.3600561278513497,0.5832963658351591,0.7546549563787999,RNA,A3vsA1_rna
ACZ81_RS15855,1.1261499376440318,152.88541092013745,0.00027849218013982366,0.0042973485643114,RNA,A3vsA1_rna
ACZ81_RS15860,0.1551047970217813,188.19484894106017,0.6644906723240667,0.8115484253772163,RNA,A3vsA1_rna
ACZ81_RS15865,0.4268955672627591,726.450338868475,0.1722112457487899,0.3544953914541535,RNA,A3vsA1_rna
ACZ81_RS15870,0.8446359982179569,732.6271871122357,0.0066678642488312,0.0409043904683656,RNA,A3vsA1_rna
ACZ81_RS15875,0.611573439532753,319.6017231052244,0.1741472312156663,0.3571976951110702,RNA,A3vsA1_rna
ACZ81_RS15880,-0.3540102169279945,197.9895273144518,0.2059643166688962,0.398236729545217,RNA,A3vsA1_rna
ACZ81_RS15885,0.3295638506815029,41.99606155357161,0.4186657288338871,0.6273566549970104,RNA,A3vsA1_rna
ACZ81_RS15890,0.3465539218966285,6383.298058455112,0.6086857565824468,0.7710916499554079,RNA,A3vsA1_rna
ACZ81_RS15895,0.1750455468317548,3842.353164859174,0.797737028628573,0.8912617540679016,RNA,A3vsA1_rna
ACZ81_RS15900,-0.0497191627930274,594.2281913478465,0.9372787569990452,0.9716698638450052,RNA,A3vsA1_rna
ACZ81_RS15905,-0.1148422958371288,1002.942936208358,0.8460969259758109,0.9224295834279764,RNA,A3vsA1_rna
ACZ81_RS15910,-1.273786277063944,257.9619757189046,0.1378532330848383,0.3077724936763335,RNA,A3vsA1_rna
ACZ81_RS15915,-0.8710991489426348,119.14388510411187,0.2509992283039783,0.4534033786382535,RNA,A3vsA1_rna
ACZ81_RS15920,-1.5070867953128195,69.72142215559155,0.0214635526279701,0.0912200986688731,RNA,A3vsA1_rna
ACZ81_RS15925,0.0860109496458658,145.41462723348883,0.8852197352411602,0.945806012726374,RNA,A3vsA1_rna
ACZ81_RS15930,0.3122056216343726,2843.2894979402918,0.5621479026365164,0.7401829292345597,RNA,A3vsA1_rna
ACZ81_RS15935,-0.6979637351345943,517.1488868519154,0.3119946603223499,0.5226399069784,RNA,A3vsA1_rna
ACZ81_RS15940,-0.9044176349707932,244.28172759890384,0.183756803317113,0.3704684899036469,RNA,A3vsA1_rna
ACZ81_RS15945,-0.8848331812201458,487.8830302312558,0.159135473530263,0.3368193986527136,RNA,A3vsA1_rna
ACZ81_RS15950,0.3143374028750459,98.13214194085214,0.4915795924689913,0.6881424006075104,RNA,A3vsA1_rna
ACZ81_RS15955,0.5039067614286039,822.2553965242636,0.4168749111118714,0.6259009531737914,RNA,A3vsA1_rna
ACZ81_RS15960,1.055805533304797,737.1265245882876,0.1641273284395378,0.3422447202179968,RNA,A3vsA1_rna
ACZ81_RS15965,-0.2014078050646615,163.2032113114474,0.7310143493257042,0.85368966006057,RNA,A3vsA1_rna
ACZ81_RS15970,-0.3612525162038588,2161.7602697849893,0.2881074631321622,0.4967284667323741,RNA,A3vsA1_rna
ACZ81_RS15975,-0.1352954488270476,294.3450128955259,0.6943473115452408,0.8310624743196617,RNA,A3vsA1_rna
ACZ81_RS15980,-0.1953272903154548,204.0214646702386,0.5863923335615644,0.7562218072160066,RNA,A3vsA1_rna
ACZ81_RS15985,-0.229971263804407,459.5362556891262,0.7380268671776982,0.8585780798113379,RNA,A3vsA1_rna
ACZ81_RS15990,0.3378452077580898,12787.463108557871,0.6548337312786843,0.8041606764279404,RNA,A3vsA1_rna
ACZ81_RS15995,-0.4801821913252119,238.93681256052676,0.6390804602634992,0.7915995080509907,RNA,A3vsA1_rna
ACZ81_RS16000,0.1751022243028844,1167.3007042991626,0.7849522620455013,0.8821535080164173,RNA,A3vsA1_rna
ACZ81_RS16005,-0.9877661334111149,3270.963624813854,0.0001740126679227674,0.0031747428730216,RNA,A3vsA1_rna
ACZ81_RS16010,-0.9518484269526248,399.6800605649886,0.0085572864873716,0.0489057455660041,RNA,A3vsA1_rna
ACZ81_RS16015,-1.1855748503476704,2083.5628542964896,0.0081353365723221,0.0470980812816112,RNA,A3vsA1_rna
ACZ81_RS16020,-1.086385983738326,962.8325960388238,0.0131312149228725,0.0654440177274095,RNA,A3vsA1_rna
ACZ81_RS16025,-0.1602934360387391,729.4505221574998,0.6149304756857172,0.7743635572732612,RNA,A3vsA1_rna
ACZ81_RS16030,0.5356225455835105,19.499570820043832,0.3333033184632757,0.5453560006829782,RNA,A3vsA1_rna
ACZ81_RS16035,-0.4251873246342523,13.78592358275288,0.637199662877106,0.7907346264964273,RNA,A3vsA1_rna
ACZ81_RS16040,-0.607699522297105,75.99582163536722,0.1412696990777512,0.3119284714914354,RNA,A3vsA1_rna
ACZ81_RS16045,-0.4589079556864054,49.657669744901725,0.2518905144522267,0.4546040233838658,RNA,A3vsA1_rna
ACZ81_RS16050,0.2632826023156047,219.95607399478877,0.3795081971944256,0.5911706940339986,RNA,A3vsA1_rna
ACZ81_RS16055,0.2551768579433474,2612.759738657412,0.4664548583702199,0.6700746758814843,RNA,A3vsA1_rna
ACZ81_RS16060,0.6637700326362082,1131.6101827537836,0.0112079443269763,0.0591661482103014,RNA,A3vsA1_rna
ACZ81_RS16065,0.8244172410956072,557.8593015209113,0.0090798606880309,0.0509391296113747,RNA,A3vsA1_rna
ACZ81_RS16070,0.6722255511571551,148.25151110136477,0.1138470205894982,0.2739977484133574,RNA,A3vsA1_rna
ACZ81_RS16075,1.3614352820823357,86.10464710952803,0.0276246779008476,0.107706713059476,RNA,A3vsA1_rna
ACZ81_RS16080,0.8590794605726325,152.01967194329288,0.1230187634649643,0.2876868111602215,RNA,A3vsA1_rna
ACZ81_RS16085,1.5774264180932898,2303.532184716912,0.0134461212091342,0.0666821239691553,RNA,A3vsA1_rna
ACZ81_RS16090,2.3534840721303207,662.958441872451,0.0017765984204506,0.0162246938227356,RNA,A3vsA1_rna
ACZ81_RS16095,1.9826164540214255,1712.3038320713588,0.0487981258463254,0.1575044898595798,RNA,A3vsA1_rna
ACZ81_RS16100,-0.0929608936600366,100.99803333283944,0.764288278587286,0.8731897325405882,RNA,A3vsA1_rna
ACZ81_RS16105,0.6462792012816524,37.23240133330127,0.0855555302630454,0.2286800715625171,RNA,A3vsA1_rna
ACZ81_RS16110,-0.2447874935438594,221.6727325536615,0.4616757677960071,0.6662682151074996,RNA,A3vsA1_rna
ACZ81_RS16115,1.3205466757200033,684.055993879233,0.0035285327419746,0.0260708533348109,RNA,A3vsA1_rna
ACZ81_RS16120,-0.6127049774400601,563.8535210945635,0.0080696595225006,0.0468889558047681,RNA,A3vsA1_rna
ACZ81_RS16125,-1.9065506653017636,115.58460498784224,0.0018518559501023,0.0166867831126816,RNA,A3vsA1_rna
ACZ81_RS16130,-5.360622002930612,37846.74343267942,2.4696808411842084e-11,6.605573023220695e-09,RNA,A3vsA1_rna
ACZ81_RS16135,-0.4597626141092018,115.27992390963054,0.6040537741390579,0.7678909194695502,RNA,A3vsA1_rna
ACZ81_RS16140,-0.436166682104226,649.279657146393,0.5230170025777713,0.7125107688767465,RNA,A3vsA1_rna
ACZ81_RS16145,-0.3909325032955194,100.60735537691222,0.4726179232512619,0.6750242463809408,RNA,A3vsA1_rna
ACZ81_RS16150,0.0999315780805298,51.41254773247695,0.8120710083660319,0.8995110120277526,RNA,A3vsA1_rna
ACZ81_RS16155,-0.1182230209216913,46.390812967200326,0.7566500990583089,0.8685780250134293,RNA,A3vsA1_rna
ACZ81_RS16160,-1.740975114857842,4.449925707789175,0.2192679109897614,0.4141727207584382,RNA,A3vsA1_rna
ACZ81_RS16165,-0.0071680337554,93.57657226014706,0.9883352727966568,0.994431510473454,RNA,A3vsA1_rna
ACZ81_RS16170,-1.3284265080444368,2515.956114661381,0.0076707366056979,0.0452573459736176,RNA,A3vsA1_rna
ACZ81_RS16175,-1.1430494506149351,1376.36359876499,0.0409153720350619,0.1410244610005744,RNA,A3vsA1_rna
ACZ81_RS16180,-1.1252037553942529,597.9173419916339,0.0120099088108879,0.0619328459502343,RNA,A3vsA1_rna
ACZ81_RS16185,0.3637730779268021,601.2216130251666,0.3140014279792777,0.5252394640677451,RNA,A3vsA1_rna
ACZ81_RS16190,0.44255489842641,221.4046051679568,0.1674656363035424,0.3472207404908591,RNA,A3vsA1_rna
ACZ81_RS16195,-0.1765558886568472,849.0864358533878,0.8240136040980965,0.9077272321915332,RNA,A3vsA1_rna
ACZ81_RS16200,1.447042852402646,1549.6860024816594,0.0076258505197383,0.0450587809796619,RNA,A3vsA1_rna
ACZ81_RS16230,-0.2518659226401297,1832.1355109653089,0.3285114213317182,0.5405531871272509,RNA,A3vsA1_rna
ACZ81_RS16235,-1.885919620774708,3489.2168421883475,1.0549970585986803e-06,6.511766460150624e-05,RNA,A3vsA1_rna
ACZ81_RS16240,1.3740086383671095,274.9908516329083,0.0069901820796255,0.0424918340961481,RNA,A3vsA1_rna
ACZ81_RS16245,-0.2553476993442627,428.2494467802552,0.3754468961532361,0.5873256190125513,RNA,A3vsA1_rna
ACZ81_RS16250,-0.2844905096370472,3508.651404157102,0.3995106127838236,0.6106044108528382,RNA,A3vsA1_rna
ACZ81_RS16255,-0.4681011533217538,688.3988279040602,0.0452296720751252,0.1500921789622849,RNA,A3vsA1_rna
ACZ81_RS16260,-2.0747225806757044,46623.68659436119,0.0018550112832143,0.0166867831126816,RNA,A3vsA1_rna
ACZ81_RS16265,-0.1799462098681317,113.47107749833324,0.5847247360375024,0.7556391216424357,RNA,A3vsA1_rna
ACZ81_RS16270,-0.4448143893413718,6813.714763853519,0.0574906884682263,0.1770166094662502,RNA,A3vsA1_rna
ACZ81_RS16275,-0.0152297644116852,338.65483499187667,0.9568788650186814,0.9810053614526536,RNA,A3vsA1_rna
ACZ81_RS16280,-0.0195480009652113,203.64143301729172,0.9561605129662488,0.9808529731579112,RNA,A3vsA1_rna
ACZ81_RS16285,-0.4216502437537019,878.9920332777397,0.0689543107001125,0.2001629342298531,RNA,A3vsA1_rna
ACZ81_RS16290,-0.0237077721526718,905.1465500326768,0.9346271702057763,0.9705282098644562,RNA,A3vsA1_rna
ACZ81_RS16295,-0.3634588886659571,1545.8248159794523,0.1509849928775263,0.3251485729600835,RNA,A3vsA1_rna
ACZ81_RS16300,-0.8052487012597951,3090.70901942246,0.0302403795788728,0.1144569838400356,RNA,A3vsA1_rna
ACZ81_RS16305,-2.2711355969418183,4895.673120277087,0.0004333989004673449,0.0059344586644197,RNA,A3vsA1_rna
ACZ81_RS16310,-2.669809629930337,3969.4548465449807,0.0001958410863852407,0.0033577540110153,RNA,A3vsA1_rna
ACZ81_RS16315,-2.849935176593864,22554.918662780725,6.3212540957825966e-06,0.00025617041850787653,RNA,A3vsA1_rna
ACZ81_RS16320,-2.00957101344181,28011.05502599335,0.0129143206176968,0.0649276369902255,RNA,A3vsA1_rna
ACZ81_RS16325,0.1908601123576474,568.0288828715375,0.6132920129156598,0.7732644738584624,RNA,A3vsA1_rna
ACZ81_RS16330,-1.9284422666161796,2715.151333266453,0.0003308045137368314,0.0048793665776182,RNA,A3vsA1_rna
ACZ81_RS16335,-1.278314333711194,1703.8246600447812,0.0053875334738978,0.0355557317552456,RNA,A3vsA1_rna
ACZ81_RS16340,0.0838265749170588,330.718023769723,0.7846595797380246,0.8821535080164173,RNA,A3vsA1_rna
ACZ81_RS16345,0.0271448637720861,508.3469569042501,0.9269552860260466,0.9676750251390462,RNA,A3vsA1_rna
ACZ81_RS16350,0.1429011472258761,503.0484555196333,0.5215541083617843,0.711667635948739,RNA,A3vsA1_rna
ACZ81_RS16355,0.5436784401172654,261.0737472674104,0.1313747196550095,0.2995628497001729,RNA,A3vsA1_rna
ACZ81_RS16360,0.0234030926490346,113.84480039952828,0.9619674985045428,0.9827893058314808,RNA,A3vsA1_rna
ACZ81_RS16365,0.2727036008134449,113.55457124663748,0.4366873205938188,0.6453000111316395,RNA,A3vsA1_rna
ACZ81_RS16370,-0.0232895690363673,517.4305226723784,0.9748186891874532,0.9883681023553356,RNA,A3vsA1_rna
ACZ81_RS16375,-2.3051866627929893,14656.062791720702,0.00011093771627378085,0.002259300089799,RNA,A3vsA1_rna
ACZ81_RS16380,-0.9232778600229998,598.0913408366666,0.0063151404030343,0.0393421479766671,RNA,A3vsA1_rna
ACZ81_RS16385,-0.784674671792984,4923.062607921853,0.0516321629144819,0.1636242003261467,RNA,A3vsA1_rna
ACZ81_RS16390,-2.287496966928787,5196.706473051733,1.1524391316660592e-05,0.0004055777014249324,RNA,A3vsA1_rna
ACZ81_RS16395,-2.5091882941133408,6089.497603155556,,,RNA,A3vsA1_rna
ACZ81_RS16400,0.3377796868434113,304.8187527260997,0.3770691065864985,0.5886386208657712,RNA,A3vsA1_rna
ACZ81_RS16405,0.3313416711616724,648.5874920061524,0.2009381074949781,0.3924847552433556,RNA,A3vsA1_rna
ACZ81_RS16410,-0.007973992043247,411.30242247512496,0.9755827850608868,0.9884526653936758,RNA,A3vsA1_rna
ACZ81_RS16415,-0.0265713768274579,319.3099050187538,0.9160323925120828,0.9613188487466588,RNA,A3vsA1_rna
ACZ81_RS16420,-0.8553594689912442,510.55640384357446,0.0346305664384041,0.1265124084372683,RNA,A3vsA1_rna
ACZ81_RS16425,-0.4032096764510104,6208.246373568121,0.3994892905078661,0.6106044108528382,RNA,A3vsA1_rna
ACZ81_RS16430,-1.2393634276057175,16478.435176544026,0.0416551719823454,0.1427160973468575,RNA,A3vsA1_rna
ACZ81_RS16435,-0.8081422940455714,910.0962973084636,0.0125964000105839,0.0638090364172508,RNA,A3vsA1_rna
ACZ81_RS16440,-0.9036935449295213,498.19810024444064,0.0137215617847006,0.0673084277962926,RNA,A3vsA1_rna
ACZ81_RS16445,-1.2928050776372029,789.6669360736757,1.0002193436726372e-05,0.00035512212449686906,RNA,A3vsA1_rna
ACZ81_RS16450,-1.162599315391998,1084.563494402402,0.0617087843587393,0.1855578995373494,RNA,A3vsA1_rna
ACZ81_RS16455,-1.5725750916290526,6995.109805205631,0.0324753467519862,0.1209759435180767,RNA,A3vsA1_rna
ACZ81_RS16460,-0.91830700914402,16.504977710257535,0.082535354864656,0.2231346655774932,RNA,A3vsA1_rna
ACZ81_RS16465,-0.1363708735089699,138.1992667688469,0.7593453905843432,0.8704267734355386,RNA,A3vsA1_rna
ACZ81_RS16470,-0.0539911553250587,203.223504648583,0.8566232718321565,0.9299264597268996,RNA,A3vsA1_rna
ACZ81_RS16475,0.2918618327791235,935.3292369427908,0.3176056074269682,0.528707187817936,RNA,A3vsA1_rna
ACZ81_RS16480,-0.0103957521333677,1167.4047429430068,0.9801223982270146,0.9902420200671828,RNA,A3vsA1_rna
ACZ81_RS16485,0.0833001479754673,217.4668478695916,0.7875310869684458,0.8839617473669213,RNA,A3vsA1_rna
ACZ81_RS16490,-0.9621487939640588,442.4768394969332,0.0068828209115642,0.0420943254530421,RNA,A3vsA1_rna
ACZ81_RS16495,0.0444405240882919,867.9075348516766,0.836144656208331,0.9161838517955396,RNA,A3vsA1_rna
ACZ81_RS16500,0.6575328034995037,276.3089293311121,0.0714908594183959,0.2041432939406437,RNA,A3vsA1_rna
ACZ81_RS16505,0.6092646311848234,167.47050050908064,0.0247121484481194,0.1001466056301567,RNA,A3vsA1_rna
ACZ81_RS16510,-0.0558754203865026,35.77591515206691,0.9011077740491592,0.9528846572180352,RNA,A3vsA1_rna
ACZ81_RS16520,-3.5976582830696344,0.882653639761123,0.539098170204644,0.725806574292965,RNA,A3vsA1_rna
ACZ81_RS16525,-0.5092627921431931,716.8424397875101,0.0701118825429222,0.20207533962802,RNA,A3vsA1_rna
ACZ81_RS16530,-1.2304150439499593,41.69997983956342,0.0047962914453421,0.0323476979817875,RNA,A3vsA1_rna
ACZ81_RS16535,0.922183458410492,125.9534071285744,0.0065997030388025,0.0406215081384977,RNA,A3vsA1_rna
ACZ81_RS16545,-0.0733196756790968,174.29631683060677,0.9257538294959607,0.9675466041356676,RNA,A3vsA1_rna
ACZ81_RS16550,-0.1481625322372998,582.4549190874164,0.8364418692034904,0.9161838517955396,RNA,A3vsA1_rna
ACZ81_RS16555,-0.3849534106692185,844.6015576559763,0.5174169103747016,0.7099441328397068,RNA,A3vsA1_rna
ACZ81_RS16560,-0.9794084134904668,120.0763888082658,9.752944135841993e-05,0.0020379589517186,RNA,A3vsA1_rna
ACZ81_RS16570,-0.133569577963188,176.3051650826893,0.724671946320051,0.8503608799754446,RNA,A3vsA1_rna
ACZ81_RS16575,-0.7403801369172511,365.2014516524691,0.1898368702591393,0.379106781224324,RNA,A3vsA1_rna
ACZ81_RS16580,-0.0054238547177999,432.1139580137673,0.9941650691159888,0.9968983397384024,RNA,A3vsA1_rna
ACZ81_RS16585,0.6144189839284707,225.24771127589267,0.4668460871059041,0.6700746758814843,RNA,A3vsA1_rna
ACZ81_RS16590,-0.5169850495105359,140.04239970049616,0.5438487162514227,0.728508666135497,RNA,A3vsA1_rna
ACZ81_RS16595,-0.7419588462240878,296.4654617354783,0.2734748139970186,0.4784914756895066,RNA,A3vsA1_rna
ACZ81_RS16600,-0.6792644348787572,178.45836962608269,0.4415339134002312,0.6491307263227183,RNA,A3vsA1_rna
ACZ81_RS16605,-0.6711761424781898,488.74928480221104,0.3636946647764836,0.5762808037453603,RNA,A3vsA1_rna
ACZ81_RS16610,-0.977225144238024,1338.4238616797063,0.345635604183147,0.5599198633252224,RNA,A3vsA1_rna
ACZ81_RS16615,0.0299131624286608,254.80284638082657,0.9252334127291928,0.9674319655641184,RNA,A3vsA1_rna
ACZ81_RS16620,-0.6204233545338728,80.55027114641838,0.089693683251797,0.2355046185904513,RNA,A3vsA1_rna
ACZ81_RS16625,0.3362114192585911,113.34153879653276,0.5939379946077397,0.7602196157308877,RNA,A3vsA1_rna
ACZ81_RS16630,0.1779855077138638,162.11869511717754,0.5950750309391359,0.7605737572882489,RNA,A3vsA1_rna
ACZ81_RS16635,-0.3736207265588458,212.66138130360292,0.3402650358582337,0.5535861005122602,RNA,A3vsA1_rna
ACZ81_RS16640,-1.522464961238147,129.01184728681187,0.0014253510863372,0.014154724154418,RNA,A3vsA1_rna
ACZ81_RS16645,0.1630971968506872,159.69056259852508,0.5881647594340651,0.7572062286943088,RNA,A3vsA1_rna
ACZ81_RS16650,-0.4201653283139012,1276.9882390687524,0.0542750353008262,0.1699855125893169,RNA,A3vsA1_rna
ACZ81_RS16655,-0.5028969163282291,103.57011942600796,0.1733889615836545,0.3563711648942735,RNA,A3vsA1_rna
ACZ81_RS16660,-0.241781382415021,153.4873510332529,0.4417191568825132,0.6491491785394297,RNA,A3vsA1_rna
ACZ81_RS16665,-0.989847074632922,54.543068257319554,0.0152783795870506,0.0717761813855351,RNA,A3vsA1_rna
ACZ81_RS16670,-0.6239870404764915,110.71671012293557,0.0344687652512441,0.1264964133027271,RNA,A3vsA1_rna
ACZ81_RS16675,-1.7990493438108828,1764.3333145971635,0.0072250957348125,0.0437210921388656,RNA,A3vsA1_rna
ACZ81_RS16680,-1.7278384619800446,2751.5435528964586,0.0007515217216480759,0.0090272609199164,RNA,A3vsA1_rna
ACZ81_RS16685,0.221954548408884,4093.7912868262833,0.5641190150959869,0.7420477011688851,RNA,A3vsA1_rna
ACZ81_RS16690,-0.0149901130596362,1804.328328019359,0.966253185581862,0.9852831529764492,RNA,A3vsA1_rna
ACZ81_RS16695,0.056625214599931,1478.050979570197,0.8716289005252853,0.9375077576458318,RNA,A3vsA1_rna
ACZ81_RS16700,0.0390884211619049,3129.965914894713,0.9181752626124317,0.962812115421086,RNA,A3vsA1_rna
ACZ81_RS16705,0.13799138311512,4198.7453543265965,0.73859562704334,0.8585780798113379,RNA,A3vsA1_rna
ACZ81_RS16710,0.2937559535297147,8403.151877906577,0.4163007846628569,0.6255426022724279,RNA,A3vsA1_rna
ACZ81_RS16715,0.0344506829741961,1714.1647757834494,0.864060734039526,0.934234838526674,RNA,A3vsA1_rna
ACZ81_RS16720,-0.0719097622005316,2247.186619134809,0.8371958834007148,0.9162007905491344,RNA,A3vsA1_rna
ACZ81_RS16725,-0.1088786560117492,2786.995992633477,0.8095939111068144,0.8975105751203479,RNA,A3vsA1_rna
ACZ81_RS16730,0.9655406639355282,6568.124185050007,0.0011951204150452,0.0124218215159623,RNA,A3vsA1_rna
ACZ81_RS16735,-0.3839920023350711,279.7020500069695,0.1538172054130995,0.3298314420723439,RNA,A3vsA1_rna
ACZ81_RS16740,1.0230820581722713,3798.4159381566105,0.0006346660209670305,0.0079796080977426,RNA,A3vsA1_rna
ACZ81_RS16745,1.1282174864783454,5312.809067516248,0.0003168128535994451,0.0047076043282999,RNA,A3vsA1_rna
ACZ81_RS16750,-0.9026082164302518,539.5755857206431,0.0467886279006888,0.1536137276084809,RNA,A3vsA1_rna
ACZ81_RS16755,-0.8322454303345492,220.38525394985732,0.043111150789224,0.1458363718097527,RNA,A3vsA1_rna
ACZ81_RS16760,1.2509100108626576,922.874685441184,0.0007810025635947318,0.0093255425153037,RNA,A3vsA1_rna
ACZ81_RS16765,0.5074128575824699,655.595486680515,0.2272593733537434,0.424273897578045,RNA,A3vsA1_rna
ACZ81_RS16770,-0.0793631522892209,3070.614543148303,0.9114434448886022,0.9587601208424416,RNA,A3vsA1_rna
ACZ81_RS16775,-1.3514812058356558,4919.583040196604,0.0012992277153105,0.0132971979434337,RNA,A3vsA1_rna
ACZ81_RS16780,0.249863052820952,1509.813187833197,0.4504963803280837,0.6572169443569282,RNA,A3vsA1_rna
ACZ81_RS16785,-1.0767575358867345,1109.2048548591074,0.0242455629494913,0.0990773976651505,RNA,A3vsA1_rna
ACZ81_RS16790,-0.7394204280743129,4123.513691121068,0.0703979630447706,0.2026087716898276,RNA,A3vsA1_rna
ACZ81_RS16795,0.4180458326774188,131.9917588651816,0.3755225132225231,0.5873256190125513,RNA,A3vsA1_rna
ACZ81_RS16800,0.0620622524522618,690.7843024139354,0.8877557440960693,0.9467506765851752,RNA,A3vsA1_rna
ACZ81_RS16805,-0.3142889626478243,3446.222802955147,0.6292109565827311,0.7851449947619306,RNA,A3vsA1_rna
ACZ81_RS16810,-0.2105963188603823,425.5403541060093,0.8073384884369121,0.8961795762722603,RNA,A3vsA1_rna
ACZ81_RS16815,-0.1613179172454034,547.0570688804313,0.4497758865427686,0.6564208282319344,RNA,A3vsA1_rna
ACZ81_RS16820,0.1068578374028655,218.8174031021072,0.7344562485850674,0.8560417396749846,RNA,A3vsA1_rna
ACZ81_RS16825,0.1611551187482029,401.8411210823586,0.5466339048778022,0.7304761169492069,RNA,A3vsA1_rna
ACZ81_RS16830,-0.1900841104035021,470.5530356720081,0.4267116467591167,0.6359461838029631,RNA,A3vsA1_rna
ACZ81_RS16835,0.240912968111276,964.5028608731656,0.4476209206233169,0.6546617641658931,RNA,A3vsA1_rna
ACZ81_RS16840,0.4729118385127896,1578.858710302167,0.0391658297932578,0.1364004419536029,RNA,A3vsA1_rna
ACZ81_RS16845,-0.3673427253723904,866.2627724308859,0.0506883046482242,0.161783196697435,RNA,A3vsA1_rna
ACZ81_RS16850,0.0274030560504643,4351.126044656754,0.959712154154059,0.9812767577253484,RNA,A3vsA1_rna
ACZ81_RS16855,0.1886802931274095,4464.186815262603,0.7938944777534742,0.8889491054275576,RNA,A3vsA1_rna
ACZ81_RS16860,0.4444619688167766,45.30551756732791,0.2486439770314772,0.4505461264179805,RNA,A3vsA1_rna
ACZ81_RS16865,-1.1838587759834516,1424.2106698298523,0.0015392233848508,0.0148993317234352,RNA,A3vsA1_rna
ACZ81_RS16870,-1.5861720234692274,3180.993387835819,0.0058484438572393,0.0374823590339363,RNA,A3vsA1_rna
ACZ81_RS16875,-1.8602933266680628,122576.09236594076,0.0107946610070335,0.05749791991581,RNA,A3vsA1_rna
ACZ81_RS16880,-1.495043896178525,12263.56421976421,0.0008258240394694136,0.0097161467634935,RNA,A3vsA1_rna
ACZ81_RS16885,-0.8040938992520207,4454.318651529131,0.0726385772793495,0.2062462647167375,RNA,A3vsA1_rna
ACZ81_RS16890,-1.09545893098106,2614.3246439667587,0.0001927837021111789,0.0033577540110153,RNA,A3vsA1_rna
ACZ81_RS16895,-0.8308462138679805,225.1564881754507,0.0069189422504367,0.0422508315201709,RNA,A3vsA1_rna
ACZ81_RS16900,-0.1059701998528476,296.4914101223591,0.638308975834451,0.7911324099622544,RNA,A3vsA1_rna
ACZ81_RS16905,-2.3891371759286244,103232.66881337904,0.0020307686552015,0.0177118344449316,RNA,A3vsA1_rna
ACZ81_RS16910,-1.1505908703171326,27881.10393587673,0.0115143149210571,0.060150301384481,RNA,A3vsA1_rna
ACZ81_RS16915,-6.370506292530997,606.8860632829109,3.0852676011852614e-06,0.00016075446254487362,RNA,A3vsA1_rna
ACZ81_RS16920,-9.843975954186185,12593.615452223235,9.654668363421236e-19,7.746905894809199e-16,RNA,A3vsA1_rna
ACZ81_RS16925,-0.5798270803838502,440.55602380692994,0.03229837043895,0.1205405229777372,RNA,A3vsA1_rna
ACZ81_RS16930,-0.3453203822779396,793.3217822700501,0.2190534002260126,0.4141727207584382,RNA,A3vsA1_rna
ACZ81_RS16935,0.9779693862766322,1514.6735574835047,0.0969177209416289,0.2475072542443128,RNA,A3vsA1_rna
ACZ81_RS16960,0.0067332990758391,213.19882287882203,0.988289150162667,0.994431510473454,RNA,A3vsA1_rna
ACZ81_RS16965,-0.2509276405133747,339.7861058434917,0.266944383658955,0.4713824239611477,RNA,A3vsA1_rna
ACZ81_RS16970,0.2118142925015728,349.4734917502529,0.2946755915218615,0.5043679493113091,RNA,A3vsA1_rna
ACZ81_RS16975,-0.8999010278908138,435.4163807579486,0.0584199929469676,0.1789111868391058,RNA,A3vsA1_rna
ACZ81_RS16980,0.5178584754467338,92.4039590154086,0.0723278972474523,0.2058010806785664,RNA,A3vsA1_rna
ACZ81_RS16985,-3.85765319524768,0.9702661158995332,0.2345371139417021,0.4331444328797924,RNA,A3vsA1_rna
ACZ81_RS17005,-0.7166076855159624,7950.472192907654,0.0045873317360829,0.0312999573557226,RNA,A3vsA1_rna
ACZ81_RS17010,0.5569452006145166,369.4585232601751,0.0797554657362174,0.2192811643659216,RNA,A3vsA1_rna
ACZ81_RS17015,0.6538602744425456,276.1823128154329,0.0389715232877007,0.1358416606692052,RNA,A3vsA1_rna
ACZ81_RS17020,0.097333488790337,603.1750788953385,0.75415775079893,0.867796799261912,RNA,A3vsA1_rna
ACZ81_RS17025,-0.499026286620689,126.65131737176004,0.1189752054264998,0.2822758865589102,RNA,A3vsA1_rna
ACZ81_RS17030,1.3150741015803082,20.46847988208947,0.022480157318289,0.0943414133483008,RNA,A3vsA1_rna
ACZ81_RS17035,0.0979623557407023,1161.902718876845,0.6714886379072136,0.8148857880471085,RNA,A3vsA1_rna
ACZ81_RS17040,1.0582654958574036,222.7208532284735,8.71237370071308e-05,0.0018792496391,RNA,A3vsA1_rna
ACZ81_RS17045,0.4320427110239634,249.79927359024853,0.0603702082507016,0.1832293101542364,RNA,A3vsA1_rna
ACZ81_RS17050,1.1968278555538805,181.01195896817177,0.003029987045584,0.0229797883305917,RNA,A3vsA1_rna
ACZ81_RS17055,0.7282563367992728,619.1374984625379,0.0025196915825443,0.0201374554365892,RNA,A3vsA1_rna
ACZ81_RS17060,0.5040911119763436,382.1356384914213,0.0638851806903597,0.1895764385574876,RNA,A3vsA1_rna
ACZ81_RS17065,-0.1344103337048321,2360.2221717384587,0.616620482562747,0.7759956506982336,RNA,A3vsA1_rna
ACZ81_RS17070,0.7687636571405979,226.3344666949683,0.016388852122944,0.0754350079759065,RNA,A3vsA1_rna
ACZ81_RS17075,0.5462057853162103,123.5383843142338,0.0909803976353239,0.2376268017857418,RNA,A3vsA1_rna
ACZ81_RS17080,0.3686092933542667,253.72118898046733,0.2011361636521767,0.3926804323953932,RNA,A3vsA1_rna
ACZ81_RS17085,0.5688289694347254,784.6103591639633,0.1296789522474671,0.2971284396564394,RNA,A3vsA1_rna
ACZ81_RS17090,0.4800336045465085,557.2232001493958,0.0257646889230853,0.1031078618648346,RNA,A3vsA1_rna
ACZ81_RS17095,0.9910095314542398,4078.3419546236846,0.0154146370381303,0.0723316067800923,RNA,A3vsA1_rna
ACZ81_RS17105,0.1023684111047133,167.2564628238366,0.707164296626771,0.8403860065363167,RNA,A3vsA1_rna
ACZ81_RS17110,0.4413400147787071,178.1342687039752,0.100581651386094,0.2524384067736068,RNA,A3vsA1_rna
ACZ81_RS17115,-0.0808764628864439,948.8869333015502,0.7462433038144904,0.8635500821758684,RNA,A3vsA1_rna
ACZ81_RS17120,1.2058873580611025,4005.062736568055,0.000135715781252745,0.0026052235138086,RNA,A3vsA1_rna
ACZ81_RS17125,3.5663319462329,2151.335968849532,8.756465414277236e-10,1.301145897854825e-07,RNA,A3vsA1_rna
ACZ81_RS17140,-0.0227618678225464,300.8610393785861,0.9356789231716436,0.9705282098644562,RNA,A3vsA1_rna
ACZ81_RS17145,0.1678886023913443,208.18112134738772,0.5980038657612704,0.7633444191645615,RNA,A3vsA1_rna
ACZ81_RS17150,-0.0636468912504505,267.5316624101941,0.8719432317956757,0.9375077576458318,RNA,A3vsA1_rna
ACZ81_RS17155,-0.7671673951558242,1095.846024694257,0.0130724129184753,0.0652319908319938,RNA,A3vsA1_rna
ACZ81_RS17160,0.3466896912336349,728.7890168468905,0.142695388977136,0.3143843495751068,RNA,A3vsA1_rna
ACZ81_RS17165,0.0252496622065851,1480.1872850006391,0.9249410760350302,0.9673784142472734,RNA,A3vsA1_rna
ACZ81_RS17170,-0.1081903059964602,790.577861797713,0.6284048924659054,0.784674892179649,RNA,A3vsA1_rna
ACZ81_RS17175,0.2794417954202737,150.91219207899596,0.4340725571641556,0.6429401099534372,RNA,A3vsA1_rna
ACZ81_RS17180,0.2409459052346516,477.73695953065805,0.5386172795481952,0.725806574292965,RNA,A3vsA1_rna
ACZ81_RS17185,0.1268552323059232,701.601664299378,0.6547424299032075,0.8041606764279404,RNA,A3vsA1_rna
ACZ81_RS17190,0.483477813421941,535.2009831158335,0.124777548243737,0.289368510724782,RNA,A3vsA1_rna
ACZ81_RS17195,1.1139199627966443,881.303170152945,0.0002161036990063376,0.0036276487046586,RNA,A3vsA1_rna
ACZ81_RS17200,1.3377378508164757,833.7618678231798,0.0009631340407634452,0.0106156422295135,RNA,A3vsA1_rna
ACZ81_RS17205,0.545287434411935,335.8821749229568,0.031437601155066,0.1180970560244615,RNA,A3vsA1_rna
ACZ81_RS17215,2.278881070121741,18036.032999631578,0.003979476521799,0.0284086473406719,RNA,A3vsA1_rna
ACZ81_RS17220,1.0045219008826776,623.3695840734923,0.0024955580369024,0.0201374554365892,RNA,A3vsA1_rna
ACZ81_RS17225,0.1767275106226133,326.41418891776493,0.529616704849246,0.7178453445456672,RNA,A3vsA1_rna
ACZ81_RS17230,0.4075183134372087,742.9108414062894,0.1871916594007994,0.374756954848307,RNA,A3vsA1_rna
ACZ81_RS17235,1.0341609547977522,3513.7978971651096,0.0074198240565002,0.0444303494248941,RNA,A3vsA1_rna
ACZ81_RS17240,-0.1944263298353512,157.415766217071,0.4889033411689412,0.6863121780160225,RNA,A3vsA1_rna
ACZ81_RS17245,0.1952414289988532,119.7865604258512,0.6362086652213822,0.7899935514912366,RNA,A3vsA1_rna
ACZ81_RS17250,0.5023035944141612,561.9382912474446,0.0926915435344228,0.2413228245685297,RNA,A3vsA1_rna
ACZ81_RS17255,0.2005166720679456,2111.687397511901,0.3729348008313105,0.585536060726912,RNA,A3vsA1_rna
ACZ81_RS17260,0.1466388948473667,570.6094991936981,0.4962088004032849,0.6917267919450935,RNA,A3vsA1_rna
ACZ81_RS17265,0.6328886996479839,226.3085808149962,0.0047513455491657,0.0321999972014411,RNA,A3vsA1_rna
ACZ81_RS17270,0.9043624677944176,4182.653661069032,0.0243934630753632,0.0993569277749822,RNA,A3vsA1_rna
ACZ81_RS17275,0.560970076662785,13892.972660621825,0.233727493925349,0.43212659245553,RNA,A3vsA1_rna
ACZ81_RS17280,0.5312783189962016,9644.347637042558,0.2596495174822046,0.4639012221751631,RNA,A3vsA1_rna
ACZ81_RS17285,0.3368374373477629,9892.794696508034,0.340847116840965,0.5540026315314329,RNA,A3vsA1_rna
ACZ81_RS17290,0.0693024696035205,8132.913733541307,0.7629229072929169,0.8723435725943434,RNA,A3vsA1_rna
ACZ81_RS17295,-0.1363405878518478,5335.197687704816,0.690470444803351,0.8285182089504873,RNA,A3vsA1_rna
ACZ81_RS17300,0.0937666103229167,15167.799852897164,0.7705732364339026,0.878028919219772,RNA,A3vsA1_rna
ACZ81_RS17305,0.6145294377613454,3464.006749891456,0.1757694824908977,0.3592395128647385,RNA,A3vsA1_rna
ACZ81_RS17310,0.6076061289188358,1532.6420589630518,0.2133854658913758,0.406892818040019,RNA,A3vsA1_rna
ACZ81_RS17315,0.6667970343770634,4505.600773998825,0.2031135319625334,0.3951947091336976,RNA,A3vsA1_rna
ACZ81_RS17320,0.5258701897986534,3470.0535931445133,0.2979198318446584,0.5074500737163845,RNA,A3vsA1_rna
ACZ81_RS17325,0.7134490571907782,4461.931846188082,0.172976752100653,0.3557061657754076,RNA,A3vsA1_rna
ACZ81_RS17330,0.6970613074784671,2268.3169109335563,0.2425317254540128,0.4434992171930261,RNA,A3vsA1_rna
ACZ81_RS17335,0.8493243499944585,3539.0866155087606,0.1429832542314173,0.31484567287401,RNA,A3vsA1_rna
ACZ81_RS17340,1.037030563151841,7305.4254520167,0.0471578183708283,0.1543206911123682,RNA,A3vsA1_rna
ACZ81_RS17345,1.2102551157712913,7206.217884092488,0.0002489439624820777,0.0039791361652513,RNA,A3vsA1_rna
ACZ81_RS17350,1.2057392348456235,14002.956278665291,0.00012793672969306266,0.0024796239590752,RNA,A3vsA1_rna
ACZ81_RS17355,-0.7642082195200399,13559.032738093454,0.0714307885835143,0.2041170397414954,RNA,A3vsA1_rna
ACZ81_RS17360,0.0944462938928743,105.33813012173708,0.7802473718821388,0.8803885107461613,RNA,A3vsA1_rna
ACZ81_RS17365,0.800820147201821,3171.6548957407545,0.0262470514126266,0.104467430820891,RNA,A3vsA1_rna
ACZ81_RS17370,0.1106167875839607,984.7332375806836,0.7564142790458531,0.8685780250134293,RNA,A3vsA1_rna
ACZ81_RS17375,-0.1565852062053045,4313.853059110997,0.3609258146818411,0.5737618461279748,RNA,A3vsA1_rna
ACZ81_RS17380,-0.0416759901174839,84.63856481750103,0.8958791505158016,0.9493574093685674,RNA,A3vsA1_rna
ACZ81_RS17390,-0.4461632963951792,726.6330699089949,0.3176364456693207,0.528707187817936,RNA,A3vsA1_rna
ACZ81_RS17395,-0.6530201093240606,460.0598088641737,0.0276187901230738,0.107706713059476,RNA,A3vsA1_rna
ACZ81_RS17400,-1.257827565676056,169.73639674749478,0.007503540843786,0.0447484114255001,RNA,A3vsA1_rna
ACZ81_RS17405,-0.5501606067554925,221.96497151269116,0.1017143327435302,0.2542541451508058,RNA,A3vsA1_rna
ACZ81_RS17410,0.2499152704473212,214.40634221830032,0.5761630837229669,0.7514844902134405,RNA,A3vsA1_rna
ACZ81_RS17415,0.2984426649012077,206.55673971259327,0.3649006132622805,0.5779633874489812,RNA,A3vsA1_rna
ACZ81_RS17420,-1.1559847006103416,1881.5927653870208,0.0016699619176866,0.0155754498498152,RNA,A3vsA1_rna
ACZ81_RS17425,0.2047624082151504,275.32922645825136,0.5190335458973522,0.7104462407184257,RNA,A3vsA1_rna
ACZ81_RS17430,0.2925117745504773,877.5528184394769,0.1460394006794944,0.3187758843994188,RNA,A3vsA1_rna
ACZ81_RS17435,0.1620131079690346,658.1076758904384,0.6038972241888665,0.7678909194695502,RNA,A3vsA1_rna
ACZ81_RS17440,1.463198225034956,199.06434908376957,0.0051545981146735,0.0342956013865175,RNA,A3vsA1_rna
ACZ81_RS17445,0.1435464194282495,363.9418835504817,0.6525798700000496,0.802873196626409,RNA,A3vsA1_rna
ACZ81_RS17450,-0.6560561447744673,293.43203295207365,0.0053971686537748,0.0355557317552456,RNA,A3vsA1_rna
ACZ81_RS17455,0.5181700492935005,1112.201650147833,0.0149322182610832,0.0712268792985376,RNA,A3vsA1_rna
ACZ81_RS17460,0.1998953547722757,424.6920256304121,0.3520585692893496,0.5648507709050775,RNA,A3vsA1_rna
ACZ81_RS17470,-1.209638236575063,1951.825412808349,0.0150443972299059,0.0712268792985376,RNA,A3vsA1_rna
ACZ81_RS17475,-0.5830663001218676,2988.835182808661,0.2217153728057961,0.4166379745652712,RNA,A3vsA1_rna
ACZ81_RS17480,-0.4432353270273133,1645.5457028498777,0.3326545776505008,0.5449612762490034,RNA,A3vsA1_rna
ACZ81_RS17485,-1.4942756562581347,169.04077969181338,0.0011684637853377,0.0122153226215338,RNA,A3vsA1_rna
ACZ81_RS17490,0.6934927613183889,173.13052012176044,0.0109545897390868,0.0579812850042435,RNA,A3vsA1_rna
ACZ81_RS17495,0.4122877244221228,389.9043649861802,0.0259937098927988,0.1036647754372852,RNA,A3vsA1_rna
ACZ81_RS17500,0.4609955389821503,8768.114258185957,0.4398567163044903,0.6485383497789123,RNA,A3vsA1_rna
ACZ81_RS17505,0.4050098046936873,202.7793445017287,0.1147887387508583,0.2752734129518491,RNA,A3vsA1_rna
ACZ81_RS17510,0.8190035790192365,280.6311540250084,0.0242763668174351,0.0990773976651505,RNA,A3vsA1_rna
ACZ81_RS17515,0.3257168492013449,851.290298857903,0.0706972146227091,0.2028878577012224,RNA,A3vsA1_rna
ACZ81_RS17520,-0.0223945391533399,785.208338533785,0.950440613781728,0.9769837925934648,RNA,A3vsA1_rna
ACZ81_RS17525,-0.3668136437490424,3789.448168215978,0.206212329247593,0.398236729545217,RNA,A3vsA1_rna
ACZ81_RS17530,-1.0814030130198486,3211.645757773343,0.0707560334860409,0.2029115127562516,RNA,A3vsA1_rna
ACZ81_RS17535,-1.101553601881184,1178.614334879871,0.0753460166753236,0.2115977912389079,RNA,A3vsA1_rna
ACZ81_RS17540,-1.5302300501447967,1319.2015392548717,1.6465201991008085e-06,9.85946125192902e-05,RNA,A3vsA1_rna
ACZ81_RS17545,-1.375623447647506,691.621693418485,0.0014202641182135,0.0141392050676745,RNA,A3vsA1_rna
ACZ81_RS17550,-0.067695023684716,1451.7402458944234,0.8227408831242731,0.9066688501276184,RNA,A3vsA1_rna
ACZ81_RS17555,-0.4277956136066038,617.0617503910681,0.1822555589522938,0.3687169407082687,RNA,A3vsA1_rna
ACZ81_RS17560,-0.5232066613506796,205.79827022950155,0.3516501373830966,0.5645539620572164,RNA,A3vsA1_rna
ACZ81_RS17565,0.5384765140735764,55.91995370159061,0.2659170768611252,0.4704457690363793,RNA,A3vsA1_rna
ACZ81_RS17570,0.8800432248141705,754.6446854414445,0.0033847506728025,0.0251940996276136,RNA,A3vsA1_rna
ACZ81_RS17575,1.154128077976539,699.7717021577298,6.567841181148578e-05,0.001488710667727,RNA,A3vsA1_rna
ACZ81_RS17580,1.427194295763196,886.5624310110604,0.0062550027092608,0.0393339668801793,RNA,A3vsA1_rna
ACZ81_RS17585,1.4272610829279062,300.4891339276667,0.0004092132003808244,0.0057005672219717,RNA,A3vsA1_rna
ACZ81_RS17590,1.0448088418683816,195.32853831394053,0.003835893306145,0.0276791437846295,RNA,A3vsA1_rna
ACZ81_RS17595,0.863806634817634,64.74241841405377,0.0401602738767464,0.1391231564670997,RNA,A3vsA1_rna
ACZ81_RS17600,-1.873673508949856,119.69314321020812,0.0013613759448273,0.0137232168106716,RNA,A3vsA1_rna
ACZ81_RS17605,0.0537449072387256,22.471093681981124,0.9414544324120236,0.9732324614370108,RNA,A3vsA1_rna
ACZ81_RS17610,0.0245868487676423,620.3752778968498,0.9333124917182314,0.9705282098644562,RNA,A3vsA1_rna
ACZ81_RS17615,-0.3288960301867344,13.82016039283826,0.6643181504125211,0.8115484253772163,RNA,A3vsA1_rna
ACZ81_RS17620,-0.0524631321913462,11.84326041217154,0.946516968852458,0.9751993012419264,RNA,A3vsA1_rna
ACZ81_RS17625,0.7873465285563199,3.13786541052721,0.5664029635885113,0.7439077910666114,RNA,A3vsA1_rna
ACZ81_RS17630,4.406083312470863,4.06422791315824,0.0104363861355664,0.0560743845157872,RNA,A3vsA1_rna
ACZ81_RS17635,-0.3181580078889302,11.512298897878848,0.68010418694408,0.8201399550746776,RNA,A3vsA1_rna
ACZ81_RS17640,0.1454648773071568,24.34514685172521,0.7646337387375168,0.8731897325405882,RNA,A3vsA1_rna
ACZ81_RS17645,0.6199600239536941,45.027675355236674,0.0971416033744956,0.2475276099013753,RNA,A3vsA1_rna
ACZ81_RS17650,1.851697072178852,0.3825332339110174,0.7134209476888791,0.8438360468625283,RNA,A3vsA1_rna
ACZ81_RS17655,0.2649108757953524,1225.3215576562716,0.4917508131958455,0.6881424006075104,RNA,A3vsA1_rna
ACZ81_RS17660,0.1628982012909247,376.06384100601736,0.816968373549515,0.9028663488690222,RNA,A3vsA1_rna
ACZ81_RS17665,0.6087858375030439,190.4240469348687,0.1034667264223188,0.2571923831513897,RNA,A3vsA1_rna
ACZ81_RS17670,0.4616136802714835,161.4098552847331,0.1385383559374939,0.3083804848207848,RNA,A3vsA1_rna
ACZ81_RS17675,0.3192151461197662,470.0169709467986,0.199025630712112,0.3906510912020516,RNA,A3vsA1_rna
ACZ81_RS17680,0.5657172524974174,310.8323373553763,0.0504591882358052,0.1614037380398171,RNA,A3vsA1_rna
ACZ81_RS17685,1.132247178186128,1014.8757576711996,0.1112561488647323,0.2695408630708369,RNA,A3vsA1_rna
ACZ81_RS17695,-0.0986773772670963,99.25681259288186,0.8566820027793174,0.9299264597268996,RNA,A3vsA1_rna
ACZ81_RS17700,-0.3860275864799859,1699.319355234104,0.3452376152576921,0.559633661581358,RNA,A3vsA1_rna
ACZ81_RS17705,0.1880141661975388,86.95867989531486,0.694970907375623,0.8315607755416043,RNA,A3vsA1_rna
ACZ81_RS17710,-0.5678858811117289,216.51578393154333,0.1652027158950726,0.3435942437382227,RNA,A3vsA1_rna
ACZ81_RS17715,-0.2005422705134267,328.57840948219047,0.5207071293208202,0.7112503681077281,RNA,A3vsA1_rna
ACZ81_RS17720,-0.5740982332237593,1111.9901798115982,0.0987043815584679,0.2500012492503619,RNA,A3vsA1_rna
ACZ81_RS17725,-0.1731652057834487,242.48253958652677,0.6600527422350295,0.808704234527674,RNA,A3vsA1_rna
ACZ81_RS17730,-0.356758557328721,668.0059279760247,0.2249722708927023,0.4207872964202898,RNA,A3vsA1_rna
ACZ81_RS17735,0.5663251766687382,90.13207132600353,0.1284708463481074,0.2950343649390996,RNA,A3vsA1_rna
ACZ81_RS17740,1.178234443322968,598.6968229153362,2.181035837732361e-08,2.2436707130723677e-06,RNA,A3vsA1_rna
ACZ81_RS17745,-2.2724231616966093,21212.995416161004,1.3152785918802772e-11,4.0591520850951325e-09,RNA,A3vsA1_rna
ACZ81_RS17750,0.636093328318232,482.834203798524,0.0015181734634046,0.0148197370685629,RNA,A3vsA1_rna
ACZ81_RS17755,-0.1229837220008057,810.6272632177418,0.6272008355180135,0.7841476323148241,RNA,A3vsA1_rna
ACZ81_RS17760,-1.3492530702222283,444.238744376663,0.000466522989263338,0.0062389674430817,RNA,A3vsA1_rna
ACZ81_RS17765,-0.7484270422131695,820.6244305778501,0.0014999938564507,0.0147035797753548,RNA,A3vsA1_rna
ACZ81_RS17770,-0.6854459652571167,1936.2984393782792,0.0169891825391126,0.0777201828357126,RNA,A3vsA1_rna
ACZ81_RS17775,0.0234988177025499,161.8297318600263,0.9581754906680596,0.9812767577253484,RNA,A3vsA1_rna
ACZ81_RS17780,-0.2308943469924721,322.637297580045,0.5015479191100221,0.6965075290652158,RNA,A3vsA1_rna
ACZ81_RS17785,0.4907411838332273,132.40462194843053,0.0980082843308263,0.2488903779359592,RNA,A3vsA1_rna
ACZ81_RS17790,-0.468359441233021,817.1917328870741,0.3898234697152316,0.6017590459782644,RNA,A3vsA1_rna
ACZ81_RS17795,-0.4050744501053873,3818.675514139961,0.1976484617889983,0.3890298180162636,RNA,A3vsA1_rna
ACZ81_RS17800,0.7376369243024085,130.83384574947883,0.0253669967388091,0.1020786267964916,RNA,A3vsA1_rna
ACZ81_RS17805,0.6200917603671638,1425.5119171746069,0.0232445373343074,0.0965297194552951,RNA,A3vsA1_rna
ACZ81_RS17810,0.8568607623551727,164.79177153247483,0.0257769654662086,0.1031078618648346,RNA,A3vsA1_rna
ACZ81_RS17815,0.7491718623263216,1080.4248455347345,0.0122374509036238,0.062543507038648,RNA,A3vsA1_rna
ACZ81_RS17820,0.7373220963275143,145.00361385716934,0.0881726236617777,0.2330587643751655,RNA,A3vsA1_rna
ACZ81_RS17825,0.8483840714437623,636.3922049129766,0.0034988819703023,0.0259473465154401,RNA,A3vsA1_rna
ACZ81_RS17830,0.0215399476162048,372.23265950329954,0.9423657968894488,0.9736728243936308,RNA,A3vsA1_rna
ACZ81_RS17835,0.4507678680932888,2176.6628032152944,0.1076690880400577,0.263395354400434,RNA,A3vsA1_rna
ACZ81_RS17840,-0.6381747184801798,2516.770816537062,0.0473385957887642,0.1546599725606857,RNA,A3vsA1_rna
ACZ81_RS17845,0.1557371669267505,145.59048396886644,0.6699561415922642,0.8142575098661509,RNA,A3vsA1_rna
ACZ81_RS17850,0.2897183780230578,153.8565124115688,0.3971776447323479,0.608429442789683,RNA,A3vsA1_rna
ACZ81_RS17855,0.3660738929379467,355.16107983128217,0.2935860485082296,0.5029322060696061,RNA,A3vsA1_rna
ACZ81_RS17860,-0.865677007036034,814.7224871777945,0.0419937864211169,0.1433864435076775,RNA,A3vsA1_rna
ACZ81_RS17865,-0.4481512068078285,744.0920272683844,0.2630516763646912,0.4678028925421724,RNA,A3vsA1_rna
ACZ81_RS17870,-0.3224179364738709,176.01777904167952,0.2375250692808403,0.4371332926397851,RNA,A3vsA1_rna
ACZ81_RS17875,0.2509149324411978,206.08529892394253,0.290391469657136,0.4993787296461336,RNA,A3vsA1_rna
ACZ81_RS17880,0.5606062754523283,649.4435532678726,0.0595541985371196,0.1814209905322125,RNA,A3vsA1_rna
ACZ81_RS17885,0.4097208855593193,447.8516884899898,0.1377618796807222,0.3077397891308783,RNA,A3vsA1_rna
ACZ81_RS17890,-1.6144829793458555,1441.1243812359014,2.749768504003292e-06,0.00015112426353508502,RNA,A3vsA1_rna
ACZ81_RS17895,0.1192946126102228,1566.6089361485142,0.6934323168400864,0.8304628224365453,RNA,A3vsA1_rna
ACZ81_RS17900,1.2955565730070506,86.37987917448201,0.0008945696092199539,0.0102251090375796,RNA,A3vsA1_rna
ACZ81_RS17905,0.4783910267798121,147.59490625173206,0.375411347331588,0.5873256190125513,RNA,A3vsA1_rna
ACZ81_RS17910,0.5809525050132209,55.02297305129839,0.3452031582627061,0.559633661581358,RNA,A3vsA1_rna
ACZ81_RS17915,-0.5820537061238118,152.52591488153044,0.2795599436734369,0.4859524106145496,RNA,A3vsA1_rna
ACZ81_RS17920,-0.4622096162700354,10.445990704296578,0.540096006767053,0.7264009153689001,RNA,A3vsA1_rna
ACZ81_RS17925,0.6988259431505882,75.74539279217335,0.0161340484616741,0.0748126403918131,RNA,A3vsA1_rna
ACZ81_RS17930,0.8927621879818808,9.578837978918228,0.1737027335241019,0.3566506483616669,RNA,A3vsA1_rna
ACZ81_RS17935,-0.3233822542909248,202.96594141537105,0.4946140821444437,0.6906525558314838,RNA,A3vsA1_rna
ACZ81_RS17940,-0.3698758784235224,9.719468130639957,0.6403464874952238,0.7924337161723745,RNA,A3vsA1_rna
ACZ81_RS17945,-0.80229949520187,6.946054714041974,0.3612890087546062,0.5740560408409822,RNA,A3vsA1_rna
ACZ81_RS17950,-1.827141977443275,5.594423842203195,0.146360465884737,0.3193029848447878,RNA,A3vsA1_rna
ACZ81_RS17955,-0.3041427582441627,29.48024258170077,0.5978893514329707,0.7633444191645615,RNA,A3vsA1_rna
ACZ81_RS17960,-1.1851285500658528,15.091277528514242,0.0959650819512009,0.2461043659357969,RNA,A3vsA1_rna
ACZ81_RS17965,-0.8182729890803556,80.34598407035378,0.3157449502151851,0.5273808244226988,RNA,A3vsA1_rna
ACZ81_RS17970,-1.0127784060848437,63.15483743602224,0.069992531129401,0.2019848126189652,RNA,A3vsA1_rna
ACZ81_RS17975,-0.6072224628343933,207.62294534751211,0.0424191778342185,0.1442252046363429,RNA,A3vsA1_rna
ACZ81_RS17980,-0.4039730996538583,94.82096280569962,0.4693446088145451,0.671544426021382,RNA,A3vsA1_rna
ACZ81_RS17985,-0.5109539747832257,180.3544873841924,0.0629485168432326,0.1881888595939266,RNA,A3vsA1_rna
ACZ81_RS17990,0.1256972175958213,1060.7268388617156,0.5739509354106056,0.7503066643425708,RNA,A3vsA1_rna
ACZ81_RS17995,0.6275945989925217,3048.382181686252,0.2183743244603892,0.4136533473725597,RNA,A3vsA1_rna
ACZ81_RS18000,0.5943878559883945,7028.041341726927,0.027300060823953,0.1067960324470391,RNA,A3vsA1_rna
ACZ81_RS18005,0.9539733305484356,5828.725488937952,0.016238884243749,0.0751446408142112,RNA,A3vsA1_rna
ACZ81_RS18010,1.0621282726719623,5016.027749135219,0.0025111271651192,0.0201374554365892,RNA,A3vsA1_rna
ACZ81_RS18015,0.7846217979466057,14605.674561960675,0.0566626230392086,0.1752740506039361,RNA,A3vsA1_rna
ACZ81_RS18020,0.4250732842447817,16288.111058060658,0.2130389829906224,0.4066376684783155,RNA,A3vsA1_rna
ACZ81_RS18025,1.5346774873138718,4902.4285206041495,8.69211879493628e-07,5.44887196957568e-05,RNA,A3vsA1_rna
ACZ81_RS18030,1.5162445931348052,9744.746008458562,8.768632358521452e-08,7.817722893864015e-06,RNA,A3vsA1_rna
ACZ81_RS18035,1.7609966557124004,10281.246527190053,3.367953624263629e-05,0.0009191993156833796,RNA,A3vsA1_rna
ACZ81_RS18040,1.8771250312570544,8850.31974117547,0.00023987623810564705,0.0038649938444974,RNA,A3vsA1_rna
ACZ81_RS18045,0.7948445411759417,22.507652252654744,0.1347596050532808,0.3047663672343647,RNA,A3vsA1_rna
ACZ81_RS18055,1.0196366775534624,2414.289012399488,0.0197932226993742,0.0872987157215598,RNA,A3vsA1_rna
ACZ81_RS18060,1.224994507941127,1765.6946765807277,0.019863212893982,0.0874766302202588,RNA,A3vsA1_rna
ACZ81_RS18070,0.2938425656553314,430.8903965513035,0.2862567651514208,0.4943073235033108,RNA,A3vsA1_rna
ACZ81_RS18075,-0.162685231469753,185.9173221832724,0.7168210212540733,0.8457985039175941,RNA,A3vsA1_rna
ACZ81_RS18080,0.7948495612179466,1552.7836453614682,0.0004417564645342168,0.0060283229105825,RNA,A3vsA1_rna
ACZ81_RS18085,0.5668302839514636,17.140309052320834,0.335987637822209,0.5482793673012408,RNA,A3vsA1_rna
ACZ81_RS18090,-0.4133795247712249,97.80109933166698,0.3833320105801167,0.5951733848480759,RNA,A3vsA1_rna
ACZ81_RS18095,0.0029854510667492,710.0567316262276,0.9909324087999534,0.9957300370144542,RNA,A3vsA1_rna
ACZ81_RS18100,-0.8044148830589808,475.860517994314,0.00013538515211731724,0.0026052235138086,RNA,A3vsA1_rna
ACZ81_RS18105,-0.0566512873168858,1525.298204483108,0.8573249578748824,0.9302415922011572,RNA,A3vsA1_rna
ACZ81_RS18110,-1.2855990423842434,1173.1889775481131,0.0075785512212248,0.0449258172333897,RNA,A3vsA1_rna
ACZ81_RS18115,-0.0895649799194216,485.9822218174781,0.6773959056552132,0.8192521434114471,RNA,A3vsA1_rna
ACZ81_RS18120,0.1380218784381678,211.34590852031275,0.6172304829500033,0.7762785885879038,RNA,A3vsA1_rna
ACZ81_RS18125,0.2872744902544702,202.16872589844436,0.3012522711619917,0.5106143269547575,RNA,A3vsA1_rna
ACZ81_RS18130,-0.1530898206911116,1840.5125140750763,0.8045656706963119,0.8954001306057152,RNA,A3vsA1_rna
ACZ81_RS18135,0.1844027347394871,2390.185098986586,0.7167486172009538,0.8457985039175941,RNA,A3vsA1_rna
ACZ81_RS18140,-1.1521237799702997,6705.757677022404,0.0781261609769367,0.2161670054065311,RNA,A3vsA1_rna
ACZ81_RS18145,-1.993640124437686,11795.651381686745,1.847199606964053e-08,1.9502539008262585e-06,RNA,A3vsA1_rna
ACZ81_RS18150,-0.0194769258790949,574.8222183512244,0.9449553928369152,0.9747334960718804,RNA,A3vsA1_rna
ACZ81_RS18155,-0.0624358532948148,638.3761113918382,0.8581316382693128,0.9302415922011572,RNA,A3vsA1_rna
ACZ81_RS18160,-1.0622722539049758,1870.3059395395796,5.723324788122232e-06,0.000236721433504602,RNA,A3vsA1_rna
ACZ81_RS18170,0.2926810012049426,102.6936532107304,0.2983255732831762,0.507798981761605,RNA,A3vsA1_rna
ACZ81_RS18175,0.0077535866699877,339.8818850806617,0.981550507678572,0.9906168312812172,RNA,A3vsA1_rna
ACZ81_RS18180,1.1702811613634436,50.62916144826081,0.008572850378461,0.0489250010218855,RNA,A3vsA1_rna
ACZ81_RS18185,-0.5708421398329215,155.3509070422149,0.0840119431232758,0.2263639461454551,RNA,A3vsA1_rna
ACZ81_RS18190,-0.3058782212822666,422.52005455780375,0.3026165375535223,0.5116298140180074,RNA,A3vsA1_rna
ACZ81_RS18195,-0.2158442053054426,613.6861123828166,0.4376096020914894,0.6464247877728483,RNA,A3vsA1_rna
ACZ81_RS18200,0.1924545533741638,343.121100160335,0.5208508428465866,0.7112503681077281,RNA,A3vsA1_rna
ACZ81_RS18205,-0.0165716046337838,570.6255069046745,0.9774389038785644,0.9890224423769952,RNA,A3vsA1_rna
ACZ81_RS18210,0.0985844059166112,175.02124430758974,0.7239198833273822,0.8503608799754446,RNA,A3vsA1_rna
ACZ81_RS18215,0.1534320258720817,114.85522063517,0.6703968082520924,0.8143404680867511,RNA,A3vsA1_rna
ACZ81_RS18220,0.0357330091207161,13.657858498357152,0.9685492661487016,0.9859983902026366,RNA,A3vsA1_rna
ACZ81_RS18225,-1.7510809314511977,233.22490653502248,2.878901470620554e-06,0.00015342191250180138,RNA,A3vsA1_rna
ACZ81_RS18230,0.6790164929515494,328.5656558022513,0.0482002656322901,0.1564523828983261,RNA,A3vsA1_rna
ACZ81_RS18235,0.5082864653049028,238.46394737188805,0.2987746468769831,0.5081028635299799,RNA,A3vsA1_rna
ACZ81_RS18240,1.7052718542451315,534.0832722839979,0.0025985967955001,0.0205227762668238,RNA,A3vsA1_rna
ACZ81_RS18245,1.0565221175961856,3249.8794894692787,0.0249389026107991,0.1007601986651824,RNA,A3vsA1_rna
ACZ81_RS18250,-1.4040471525235565,908.742528608933,0.009383908011072,0.0519286054350633,RNA,A3vsA1_rna
ACZ81_RS18255,0.2385649748492282,91.68917636357666,0.5928085785054633,0.7596129086438578,RNA,A3vsA1_rna
ACZ81_RS18260,0.6504253991525007,1964.593487866793,0.0981961843257419,0.2491860161384418,RNA,A3vsA1_rna
ACZ81_RS18265,0.0959196687954227,1901.6221898090864,0.799463269901981,0.8917015764248035,RNA,A3vsA1_rna
ACZ81_RS18270,-2.1475182980434635,557.4223878738844,7.173224019193714e-09,8.464404342648582e-07,RNA,A3vsA1_rna
ACZ81_RS18275,-4.696285656364561,4825.998147140591,3.761772620542379e-20,5.0307439178720076e-17,RNA,A3vsA1_rna
ACZ81_RS18280,0.3253751213167204,3479.1393645150165,0.2860623543871394,0.4942644986223959,RNA,A3vsA1_rna
ACZ81_RS18285,-1.121392479103673,2358.359698005067,0.0010399326500178,0.0112458484956107,RNA,A3vsA1_rna
ACZ81_RS18290,-1.2425801198117834,5562.789301015734,0.0015585891822364,0.0149953472401262,RNA,A3vsA1_rna
ACZ81_RS18295,-0.425642267832173,8868.142298716302,0.096129698625778,0.2461214747202433,RNA,A3vsA1_rna
ACZ81_RS18300,-0.0064440556524945,1818.808921304828,0.9846273346999022,0.9921304841323622,RNA,A3vsA1_rna
ACZ81_RS18305,0.0397000941689509,1835.5093125706092,0.9232598554577536,0.9668803289210408,RNA,A3vsA1_rna
ACZ81_RS18310,-0.0318770504638611,527.4140347221454,0.8720785023764318,0.9375077576458318,RNA,A3vsA1_rna
ACZ81_RS18315,-0.335770768670314,1033.3182041648408,0.218233272329264,0.4135814306022708,RNA,A3vsA1_rna
ACZ81_RS18320,-0.5428125168897694,778.642286787513,0.1482396888702657,0.3217014863279003,RNA,A3vsA1_rna
ACZ81_RS18325,0.0964783036712883,1273.8609164596778,0.6978557295398928,0.833235721684145,RNA,A3vsA1_rna
ACZ81_RS18330,-0.3198587508826238,583.9773575418048,0.1300255319963068,0.2974130184544942,RNA,A3vsA1_rna
ACZ81_RS18335,0.3408128135122563,406.5329095050639,0.2213124906896526,0.4166379745652712,RNA,A3vsA1_rna
ACZ81_RS18340,0.5830992432393234,1769.170499021423,0.0082246570350332,0.0474781640641054,RNA,A3vsA1_rna
ACZ81_RS18345,-0.0423530067891162,739.6870402847906,0.7981028702591944,0.891422248184824,RNA,A3vsA1_rna
ACZ81_RS18350,-0.3305883316621053,1180.2354996741678,0.3160100810534204,0.5276040138103715,RNA,A3vsA1_rna
ACZ81_RS18355,-0.0575361195059134,1448.523058900821,0.796853620770657,0.8907708906469423,RNA,A3vsA1_rna
ACZ81_RS18360,0.1108491864422708,787.3628884330266,0.5824752935475861,0.7543224266342529,RNA,A3vsA1_rna
ACZ81_RS18365,0.200781925162529,1036.1959271750802,0.2970706731385067,0.5065225417049252,RNA,A3vsA1_rna
ACZ81_RS18370,0.2744868281233895,11206.866969026429,0.2332176929865069,0.4313828419833406,RNA,A3vsA1_rna
ACZ81_RS18375,-0.0217815480022177,1715.171021151417,0.8763911721006512,0.9398774077700648,RNA,A3vsA1_rna
ACZ81_RS18380,-1.14749683897954,721.1362527718353,0.0282004706703187,0.1086506127118498,RNA,A3vsA1_rna
ACZ81_RS18385,-1.8839165174607548,603.3768434846354,2.816593280159867e-07,2.2157200470590948e-05,RNA,A3vsA1_rna
ACZ81_RS18390,-2.6133329010455943,254.98498822831093,8.735581152880604e-12,3.5047151585356982e-09,RNA,A3vsA1_rna
ACZ81_RS18395,-2.4120322129221545,351.8107695127204,7.374225745938398e-07,4.696094236937279e-05,RNA,A3vsA1_rna
ACZ81_RS18400,-0.0504694959357907,472.72227681270107,0.8127464484431828,0.9000106958747032,RNA,A3vsA1_rna
ACZ81_RS18405,0.1257877623068359,377.7020798987467,0.5988874965295962,0.7642292099480724,RNA,A3vsA1_rna
ACZ81_RS18410,-1.588322384805484,79.83935091644179,0.0013291463811747,0.0135081777467987,RNA,A3vsA1_rna
ACZ81_RS18415,-0.168720916780651,53.43534718805931,0.6980322184896339,0.833235721684145,RNA,A3vsA1_rna
ACZ81_RS18420,-0.1495103370390132,32.03577648118695,0.7726529344998516,0.878362783909477,RNA,A3vsA1_rna
ACZ81_RS18425,0.0475758347659478,122.88140116208692,0.904146530816201,0.9539549074866084,RNA,A3vsA1_rna
ACZ81_RS18430,-0.3052685162700312,184.8034633381722,0.4572811807658669,0.6630329227440036,RNA,A3vsA1_rna
ACZ81_RS18435,-0.7028340797697817,636.9768669895113,0.1496812655053441,0.3233824648397633,RNA,A3vsA1_rna
ACZ81_RS18440,0.0430693432286665,511.3679720474455,0.7738280861334584,0.8787427912729792,RNA,A3vsA1_rna
ACZ81_RS18445,1.0776434416155298,4993.448074594958,0.0291102904212636,0.111335066892383,RNA,A3vsA1_rna
ACZ81_RS18450,1.1424676458175431,3947.8437789806553,0.0700301282036342,0.2019848126189652,RNA,A3vsA1_rna
ACZ81_RS18455,1.459346335659848,9826.221308122098,0.0008658349857140142,0.0100658933340871,RNA,A3vsA1_rna
ACZ81_RS18460,0.1425064292292505,760.4581034977143,0.7917819646675606,0.8878225942555207,RNA,A3vsA1_rna
ACZ81_RS18465,0.3691267214759666,486.7452814772534,0.3199577735378231,0.5317608067248328,RNA,A3vsA1_rna
ACZ81_RS18470,0.0979374645410424,239.1434335190377,0.6734304323415488,0.8162546509227474,RNA,A3vsA1_rna
ACZ81_RS18475,-0.1833487424182915,1247.9435529204388,0.5884343334631102,0.7572062286943088,RNA,A3vsA1_rna
ACZ81_RS18480,-1.084827649086255,3023.21594278642,5.201746833112044e-07,3.661299700779916e-05,RNA,A3vsA1_rna
ACZ81_RS18485,-1.1737255302116572,1333.9140879531094,0.0029807375346762,0.0226920663930189,RNA,A3vsA1_rna
ACZ81_RS18490,0.3033833527564118,100.24306553526202,0.4034499361128076,0.6140156715928456,RNA,A3vsA1_rna
ACZ81_RS18495,-0.2410397975172381,601.1965263024719,0.373110849736937,0.585536060726912,RNA,A3vsA1_rna
ACZ81_RS18500,0.0082258769675644,450.72648393280593,0.9793812816678976,0.9899918624468648,RNA,A3vsA1_rna
ACZ81_RS18505,-0.5322814156830348,553.978227060232,0.2166315945754634,0.4113232169601322,RNA,A3vsA1_rna
ACZ81_RS18510,-0.1876591014654039,332.5697009235037,0.7474437971689987,0.8641658353084065,RNA,A3vsA1_rna
ACZ81_RS18515,-0.6080685715515165,398.61520862445406,0.0316580861996595,0.1187030297504989,RNA,A3vsA1_rna
ACZ81_RS18520,-0.2394566807685643,110.00444047892434,0.4887016687731013,0.6862691967510264,RNA,A3vsA1_rna
ACZ81_RS18525,-0.5513445978787508,549.9687373308175,0.2000658974931794,0.3918400311740395,RNA,A3vsA1_rna
ACZ81_RS18530,-0.1950566225328951,337.48212401032924,0.5341510672549586,0.7213106973500149,RNA,A3vsA1_rna
ACZ81_RS18535,0.2434154809292424,1329.6017331683292,0.6631931075354252,0.811165627672012,RNA,A3vsA1_rna
ACZ81_RS18540,-0.0338458579679295,494.5679285534762,0.818086610982976,0.9034306312314064,RNA,A3vsA1_rna
ACZ81_RS18545,0.0729626745899704,129.41049799812492,0.8222341473996538,0.9066688501276184,RNA,A3vsA1_rna
ACZ81_RS18550,-0.4951473255606108,275.76682038848105,0.0379389331762676,0.1339885562528043,RNA,A3vsA1_rna
ACZ81_RS18555,-0.3335548450138049,331.3732870337506,0.2306719278810136,0.4282559796046569,RNA,A3vsA1_rna
ACZ81_RS18560,-0.6323055686336797,5079.58379811825,0.0893190840448005,0.2349824034017965,RNA,A3vsA1_rna
ACZ81_RS18565,-0.8376008412841263,803.7866295200159,0.0137954355635206,0.067496692049811,RNA,A3vsA1_rna
ACZ81_RS18570,0.9864359699685752,13.35729406407845,0.0960003321758529,0.2461043659357969,RNA,A3vsA1_rna
ACZ81_RS18575,-0.7706927980161394,262.5387226823429,0.0932966439354341,0.2422693433456063,RNA,A3vsA1_rna
ACZ81_RS18580,-0.579243460027522,692.2414939094683,0.0006838151633041494,0.0083642269365129,RNA,A3vsA1_rna
ACZ81_RS18585,0.0237447364006554,281.68923917723265,0.9358286365542512,0.9705282098644562,RNA,A3vsA1_rna
ACZ81_RS18590,0.3618082798496694,489.8630612546303,0.5405905292190796,0.726526003095312,RNA,A3vsA1_rna
ACZ81_RS18595,0.4035532020402471,652.2424969972442,0.4687004747250139,0.6711014648810693,RNA,A3vsA1_rna
ACZ81_RS18600,-0.2033299402770674,148.78688255817124,0.7947854272331839,0.889450246599591,RNA,A3vsA1_rna
ACZ81_RS18605,0.004524018999734,1068.0582543522255,0.9955310348665428,0.9975201078632788,RNA,A3vsA1_rna
ACZ81_RS18610,-0.5288512693991596,1794.7499678253223,0.5115875679160535,0.7055652535163998,RNA,A3vsA1_rna
ACZ81_RS18615,2.018617030384382,732.0488587848633,0.00090739766163434,0.0102838401651891,RNA,A3vsA1_rna
ACZ81_RS18620,0.5348563861186324,158.858704907344,0.0550070401924826,0.1717418250990198,RNA,A3vsA1_rna
ACZ81_RS18625,0.0895252361730724,364.43709303666185,0.6833053114774339,0.8234203486858055,RNA,A3vsA1_rna
ACZ81_RS18630,0.1040106561288403,143.02632407992263,0.8074534524777097,0.8961795762722603,RNA,A3vsA1_rna
ACZ81_RS18635,-0.0547591880553555,587.7066564912064,0.8827054815714322,0.9446290723031704,RNA,A3vsA1_rna
ACZ81_RS18640,-1.299425463234852,142.19516263601386,0.0869662239837514,0.2309123035227074,RNA,A3vsA1_rna
ACZ81_RS18645,-1.2921595556276848,333.8881735162228,0.0127649488040848,0.0644188359773437,RNA,A3vsA1_rna
ACZ81_RS18650,-1.1356820833199528,851.0540869834817,0.0002922668576329823,0.0044778314096954,RNA,A3vsA1_rna
ACZ81_RS18655,-1.6845150002519242,1394.3826396301815,7.34967398653425e-06,0.00028628050518422727,RNA,A3vsA1_rna
ACZ81_RS18660,-0.8418318137368604,208.10807543405477,0.0421736400558487,0.1437558571827233,RNA,A3vsA1_rna
ACZ81_RS18665,-0.1722275837390169,166.40007115203449,0.621840896575388,0.7803646159088071,RNA,A3vsA1_rna
ACZ81_RS18670,-0.0312306966875428,575.1457457474377,0.9212532212832428,0.9652828215691748,RNA,A3vsA1_rna
ACZ81_RS18675,0.8943174074903566,99.10435758518275,0.0108090868934809,0.05749791991581,RNA,A3vsA1_rna
ACZ81_RS18680,0.9279729236666792,622.4243680132857,0.0007023996369178938,0.008539476797923,RNA,A3vsA1_rna
ACZ81_RS18685,0.1822992803303086,615.4338604054899,0.5590620721650306,0.7387869016884396,RNA,A3vsA1_rna
ACZ81_RS18690,-0.2320926055678819,1132.4411421638708,0.2885192456770189,0.4972247481341065,RNA,A3vsA1_rna
ACZ81_RS18695,0.947976799504754,208.8930522445889,0.0040686139083872,0.0288237608710306,RNA,A3vsA1_rna
ACZ81_RS18700,-0.6095547739276281,824.0613229845505,0.2124609507694361,0.4061404033044208,RNA,A3vsA1_rna
ACZ81_RS18705,0.0726717307946792,473.48091085681295,0.9168096321989228,0.961631436439759,RNA,A3vsA1_rna
ACZ81_RS18710,-0.8591494553440153,1754.593505008708,0.0205759061053106,0.0891474463223609,RNA,A3vsA1_rna
ACZ81_RS18715,-0.7501572303841595,145.94056350132578,0.0508336303608448,0.1619815158703511,RNA,A3vsA1_rna
ACZ81_RS18720,-0.2138182775036684,101.97023160744892,0.7272711731397499,0.8519470873946579,RNA,A3vsA1_rna
ACZ81_RS18725,-0.47372173766269,182.3420893573848,0.0823145597208036,0.2228380658568585,RNA,A3vsA1_rna
ACZ81_RS18730,-0.2867536153806873,54.45920291792153,0.445544365476586,0.6532549871131255,RNA,A3vsA1_rna
ACZ81_RS18735,-0.2737429888952841,504.06721069878137,0.6838425371810981,0.8234203486858055,RNA,A3vsA1_rna
ACZ81_RS18740,0.1636889070029411,2413.3403415076737,0.7735587080208258,0.8786855992580841,RNA,A3vsA1_rna
ACZ81_RS18745,-1.6232106329090088,563.0154791811763,1.2615410080493248e-05,0.0004363191831287837,RNA,A3vsA1_rna
ACZ81_RS18750,0.2363171879058132,395.8480470018303,0.2777600776175472,0.4842996225126463,RNA,A3vsA1_rna
ACZ81_RS18755,-1.4922877988601495,1756.4589079277243,0.0020118479177442,0.0175850410588013,RNA,A3vsA1_rna
ACZ81_RS18760,-2.1905088377133355,2095.752804620045,5.554687986241763e-05,0.0013344555808863,RNA,A3vsA1_rna
ACZ81_RS18765,0.4767513496417747,246.66304034358225,0.3484844194073148,0.5624141728094715,RNA,A3vsA1_rna
ACZ81_RS18770,0.4055512428787302,428.0558985114807,0.4881441745279969,0.6857263404083765,RNA,A3vsA1_rna
ACZ81_RS18775,-0.2061201573194772,480.59718072441945,0.5720911475263755,0.7493351164186527,RNA,A3vsA1_rna
ACZ81_RS18780,1.2008434290063592,1049.8195287581598,1.275959187667398e-05,0.0004375340393950085,RNA,A3vsA1_rna
ACZ81_RS18785,0.4980716844593973,2559.444446813449,0.0478523848916839,0.1558416533830423,RNA,A3vsA1_rna
ACZ81_RS18790,-0.3599257810562788,208.53467106284089,0.1553662860591032,0.3321508012859148,RNA,A3vsA1_rna
ACZ81_RS18795,-0.3232011371026138,61.63532919642193,0.3722792017971125,0.5852602498471847,RNA,A3vsA1_rna
ACZ81_RS18800,-0.2316541606294341,63.2408396537866,0.6642023142732365,0.8115484253772163,RNA,A3vsA1_rna
ACZ81_RS18805,0.508038334876771,226.5516586161577,0.0481119957684279,0.1563171024663218,RNA,A3vsA1_rna
ACZ81_RS18815,-0.2479307923030479,214.76964553589383,0.5859993552935634,0.7562218072160066,RNA,A3vsA1_rna
ACZ81_RS18820,-0.3257464026708218,979.1763726302952,0.4820721387536225,0.681011767844906,RNA,A3vsA1_rna
ACZ81_RS18825,-0.492831360803903,380.3070754418217,0.0394172743221026,0.1370251408054449,RNA,A3vsA1_rna
ACZ81_RS18830,0.2910434469549872,375.179645001096,0.2589608779973742,0.4630328633250891,RNA,A3vsA1_rna
ACZ81_RS18835,-0.4187727679316234,573.4784657191992,0.1082290371820437,0.2644426901183676,RNA,A3vsA1_rna
ACZ81_RS18840,0.4332955725927102,304.6804844241068,0.4613045179907199,0.6662682151074996,RNA,A3vsA1_rna
ACZ81_RS18845,-0.1253921094229468,349.84756997799155,0.7876777783740638,0.8839617473669213,RNA,A3vsA1_rna
ACZ81_RS18850,0.3568450267366739,317.5102908529615,0.5006792607584851,0.6956039361981992,RNA,A3vsA1_rna
ACZ81_RS18855,-1.0472698668807288,624.7536128184574,9.344566419880338e-06,0.0003377513556446839,RNA,A3vsA1_rna
ACZ81_RS18860,-0.0257038801448427,1809.7975862955864,0.8898291812612267,0.947579609106783,RNA,A3vsA1_rna
ACZ81_RS18865,-0.0724743514919425,2090.609592835508,0.8184574049498763,0.9035913892842332,RNA,A3vsA1_rna
ACZ81_RS18870,-0.1534782902077854,228.8530552874642,0.5749022852561174,0.7509122767519563,RNA,A3vsA1_rna
ACZ81_RS18875,-0.4381893529868458,90.48729072982589,0.0798640545708446,0.2193118322643591,RNA,A3vsA1_rna
ACZ81_RS18880,-0.4319078640049822,250.9245380202623,0.0642851407825531,0.1903409482063491,RNA,A3vsA1_rna
ACZ81_RS18885,-0.617835369669252,470.9386530058895,0.0932846354392077,0.2422693433456063,RNA,A3vsA1_rna
ACZ81_RS18890,0.0890779379332971,1505.5057237730102,0.7717382181963103,0.878362783909477,RNA,A3vsA1_rna
ACZ81_RS18895,0.3364046820832186,62.18396154683104,0.3280550490981916,0.5400725715970228,RNA,A3vsA1_rna
ACZ81_RS18900,-0.2220781369447034,441.5085134621697,0.6369366154474956,0.7906527540765323,RNA,A3vsA1_rna
ACZ81_RS18905,-0.7465681127742874,114.65112596981233,0.3226577348526598,0.5346975763027143,RNA,A3vsA1_rna
ACZ81_RS18910,-0.8023736950904075,551.2575267018761,0.2188250410116339,0.4141614665221425,RNA,A3vsA1_rna
ACZ81_RS18915,0.1377715172482969,856.768589651298,0.8025658832053806,0.8939184684675143,RNA,A3vsA1_rna
ACZ81_RS18920,-0.0640663131818211,232.11928363532743,0.8804593665802389,0.942979972963139,RNA,A3vsA1_rna
ACZ81_RS18925,0.5625723711329503,93.11833483396954,0.1507319527740642,0.3247779777280052,RNA,A3vsA1_rna
ACZ81_RS18930,-0.1913189529888601,55.41260923222651,0.6913049628983943,0.8289048150473275,RNA,A3vsA1_rna
ACZ81_RS18935,0.3536903874807632,38.518950558391744,0.5713802831584935,0.7486537217609002,RNA,A3vsA1_rna
ACZ81_RS18940,-0.6531291988048347,71.47644950290834,0.392850626439209,0.6049690952524793,RNA,A3vsA1_rna
ACZ81_RS18945,-2.5996307505738754,94.89831599285192,0.0003480002933448764,0.0050770079159987,RNA,A3vsA1_rna
ACZ81_RS18950,-1.1418201872670937,94.07373858722758,0.0571948005067092,0.1766478365149481,RNA,A3vsA1_rna
ACZ81_RS18955,0.3961713607566861,14.44124712022124,0.6326512558537905,0.7875261676963722,RNA,A3vsA1_rna
ACZ81_RS18960,0.2240993987958997,197.47667872540865,0.3351612723736283,0.5475028602455199,RNA,A3vsA1_rna
ACZ81_RS18965,-1.524527044903726,627.815176903183,0.0030226240112383,0.0229673627520614,RNA,A3vsA1_rna
ACZ81_RS18970,-1.0662929629882196,707.9893857907977,0.0005181733751549759,0.0067938286964763,RNA,A3vsA1_rna
ACZ81_RS18975,-0.1090918168147706,209.4738993536585,0.7230834899971322,0.8503608799754446,RNA,A3vsA1_rna
ACZ81_RS18980,-0.0918338051747646,305.3515704283495,0.7777957876481737,0.8802585895753097,RNA,A3vsA1_rna
ACZ81_RS18985,1.0748475134622917,37.5417900879432,0.0361103544980385,0.1296998587700365,RNA,A3vsA1_rna
ACZ81_RS18990,0.7459153700987528,33.46699826403475,0.2079354523278217,0.4006902184146114,RNA,A3vsA1_rna
ACZ81_RS18995,0.729086066588729,7.658604909561975,0.4587805474219709,0.6644570945515413,RNA,A3vsA1_rna
ACZ81_RS19000,-0.5838997127423624,9.82826183302658,0.3654735142115301,0.5782616365665609,RNA,A3vsA1_rna
ACZ81_RS19005,0.299205038683318,44.896522286335575,0.6270549094392859,0.7841476323148241,RNA,A3vsA1_rna
ACZ81_RS19010,0.0757040650532219,7.493373481244564,0.903211516828136,0.9539213260898404,RNA,A3vsA1_rna
ACZ81_RS19015,0.9947752032540268,63.35769910773922,0.0530686258130769,0.1669559379337196,RNA,A3vsA1_rna
ACZ81_RS19020,-1.6696681319050446,77.91211596015177,0.0020403443761174,0.0177522271074762,RNA,A3vsA1_rna
ACZ81_RS19025,-0.4589689920079581,98.83312169232322,0.1914577763847319,0.380652935632371,RNA,A3vsA1_rna
ACZ81_RS19030,-0.4287923463064218,51.67166213293645,0.4170072900881217,0.6259009531737914,RNA,A3vsA1_rna
ACZ81_RS19035,-0.0887539388109378,96.45485207893049,0.772674140599874,0.878362783909477,RNA,A3vsA1_rna
ACZ81_RS19045,0.3817666480754187,32.60440273951502,0.513559670279638,0.7070697999869279,RNA,A3vsA1_rna
ACZ81_RS19050,-0.1738319804514775,413.7918066042878,0.4624643360272487,0.6662682151074996,RNA,A3vsA1_rna
ACZ81_RS19055,0.4776158501796533,213.0789043783452,0.1602825822443113,0.3379157750731356,RNA,A3vsA1_rna
ACZ81_RS19060,0.0985210903188785,377.7690456645904,0.8178408669932529,0.9034079180553224,RNA,A3vsA1_rna
ACZ81_RS19065,-0.7696078643190486,62.49551971060257,0.0404500329479174,0.1397808201438799,RNA,A3vsA1_rna
ACZ81_RS19070,-0.4132309115120595,87.78042771523982,0.2060954950802712,0.398236729545217,RNA,A3vsA1_rna
ACZ81_RS19075,0.0891440853875676,232.59404705585987,0.7243781559013656,0.8503608799754446,RNA,A3vsA1_rna
ACZ81_RS19080,-0.0944306091097437,2802.370372153486,0.8040903077967534,0.8951193992454425,RNA,A3vsA1_rna
ACZ81_RS19085,0.1497687121750969,329.2582736880302,0.7393008218390381,0.8585780798113379,RNA,A3vsA1_rna
ACZ81_RS19090,-0.3069050344408337,888.0317649500589,0.5617851620937747,0.7401289234132362,RNA,A3vsA1_rna
ACZ81_RS19095,-1.7993147121469844,670.0947975190045,3.3585531555574835e-06,0.00017056348430502055,RNA,A3vsA1_rna
ACZ81_RS19100,-0.8674021878662074,954.8143592937674,4.150939812563195e-05,0.0010744239050324,RNA,A3vsA1_rna
ACZ81_RS19105,-0.2743632123236285,91.92172763458856,0.3720168659023523,0.5852602498471847,RNA,A3vsA1_rna
ACZ81_RS19110,0.9511101800398758,411.51934767152136,0.0002592236979938763,0.0041106935824167,RNA,A3vsA1_rna
ACZ81_RS19115,0.4259421266277956,762.7328074547501,0.1405690414309816,0.3110352971980722,RNA,A3vsA1_rna
ACZ81_RS19120,0.539059673420181,1297.778084721985,0.0821658469056987,0.2227360660713942,RNA,A3vsA1_rna
ACZ81_RS19125,-0.466782959594691,236.1771551202883,0.1406020641582352,0.3110352971980722,RNA,A3vsA1_rna
ACZ81_RS19140,0.5007882504133058,68.03022043447568,0.4342890573214892,0.6429401099534372,RNA,A3vsA1_rna
ACZ81_RS19145,-0.6649326915936329,301.8449270398522,0.1406326094509728,0.3110352971980722,RNA,A3vsA1_rna
ACZ81_RS19150,-0.1246565213827304,632.535560770951,0.6079217238957555,0.7706104127234664,RNA,A3vsA1_rna
ACZ81_RS19155,-0.8749289317564617,155.32801338034892,0.1001709196457142,0.2522823161447618,RNA,A3vsA1_rna
ACZ81_RS19160,-2.087267038643461,171.23702232201708,,,RNA,A3vsA1_rna
ACZ81_RS19165,-1.5317034798968314,1474.8070700109715,0.001330075645582,0.0135081777467987,RNA,A3vsA1_rna
ACZ81_RS19170,-1.439847671657738,5921.8653678358405,0.0012759245572036,0.0131256649320534,RNA,A3vsA1_rna
ACZ81_RS19175,-0.180723716255821,454.6593750586696,0.4741893418913269,0.67635086268535,RNA,A3vsA1_rna
ACZ81_RS19180,-0.7624095628319185,713.8111214870064,0.1475582608999765,0.3209563773301543,RNA,A3vsA1_rna
ACZ81_RS19185,0.2409730806961671,648.8531161805053,0.2661498423131682,0.4704457690363793,RNA,A3vsA1_rna
ACZ81_RS19190,0.7464241743041732,9140.751747338769,0.1142595985818248,0.2744967122816056,RNA,A3vsA1_rna
ACZ81_RS19195,-0.9576605279828376,3067.3689995088744,0.026465428733584,0.1050363455426941,RNA,A3vsA1_rna
ACZ81_RS19200,0.0485235080305357,1634.5379724108775,0.9295430116924714,0.9688314992031792,RNA,A3vsA1_rna
ACZ81_RS19205,-0.020640376382636,625.0251196521297,0.9553478672443564,0.980771659003162,RNA,A3vsA1_rna
ACZ81_RS19210,0.1464687861177284,582.0884274153353,0.5595054388487573,0.738911881874437,RNA,A3vsA1_rna
ACZ81_RS19215,0.2862352308328667,753.6845317230072,0.475572626214765,0.6766684288289677,RNA,A3vsA1_rna
ACZ81_RS19220,-0.097933459260008,540.6751552539532,0.6527847376359287,0.802873196626409,RNA,A3vsA1_rna
ACZ81_RS19225,1.0032224535574898,81.6123164477287,0.0004506231923954642,0.0060872062218538,RNA,A3vsA1_rna
ACZ81_RS19230,1.0100230405061397,1075.206605503278,0.00010169578731832968,0.0021031108181501,RNA,A3vsA1_rna
ACZ81_RS19235,-0.0255895310651344,250.6088626673476,0.9477821425374438,0.9755007583017508,RNA,A3vsA1_rna
ACZ81_RS19240,0.3813244483725888,1256.7891277063757,0.1474565638989115,0.3209563773301543,RNA,A3vsA1_rna
ACZ81_RS19245,1.421228417507011,120.97274309201453,0.001971276809944,0.0173454729304782,RNA,A3vsA1_rna
ACZ81_RS19250,0.3299967150462125,135.88042840572518,0.2650044125011148,0.4696102928244136,RNA,A3vsA1_rna
ACZ81_RS19255,-0.2133972300981007,384.3806859828566,0.5333296065815989,0.7209293738562583,RNA,A3vsA1_rna
ACZ81_RS19265,-1.4329819445125649,8139.005311544381,0.0083658189280833,0.0480388134993142,RNA,A3vsA1_rna
ACZ81_RS19270,-0.1212173490051358,682.9740508017936,0.5275615098915171,0.7162696371183643,RNA,A3vsA1_rna
ACZ81_RS19275,0.542443427115915,259.9576458968661,0.0897991066188183,0.2355642635060521,RNA,A3vsA1_rna
ACZ81_RS19280,-0.1381974896931488,391.8012310820504,0.6093006888146959,0.7711401777679999,RNA,A3vsA1_rna
ACZ81_RS19285,-0.0875572382747196,595.8819628366517,0.8154627529858121,0.9017741358817744,RNA,A3vsA1_rna
ACZ81_RS19290,-0.1779191622636805,439.89523317674224,0.5554436373946171,0.735944475966712,RNA,A3vsA1_rna
ACZ81_RS19295,0.4532770387920983,145.55893827567334,0.3894285361506092,0.6016519713321999,RNA,A3vsA1_rna
ACZ81_RS19300,-1.1376579997546672,619.3124300314597,1.5996106400417418e-05,0.0005175514425683442,RNA,A3vsA1_rna
ACZ81_RS19305,-0.7487745011909033,392.5562863712693,0.0148850682067533,0.0712268792985376,RNA,A3vsA1_rna
ACZ81_RS19310,-0.5268213427352045,106.82444820432096,0.0482693960380339,0.1564523828983261,RNA,A3vsA1_rna
ACZ81_RS19315,-0.6117869377418687,124.93655372879827,0.0525130344899811,0.1655743979713947,RNA,A3vsA1_rna
ACZ81_RS19320,-0.2718608742634216,145.248565913332,0.3779269364777595,0.5895190004466452,RNA,A3vsA1_rna
ACZ81_RS19325,-0.1387775924904314,334.9418182051066,0.6332542211173382,0.788032237941303,RNA,A3vsA1_rna
ACZ81_RS19330,0.249429417198826,119.62186515659285,0.5478449322232696,0.7314060705229516,RNA,A3vsA1_rna
ACZ81_RS19335,0.0680277187063319,222.60422885149748,0.836485904568061,0.9161838517955396,RNA,A3vsA1_rna
ACZ81_RS19340,0.7233164123382106,496.5839462615208,0.0022793998357259,0.018972929752972,RNA,A3vsA1_rna
ACZ81_RS19345,-1.4984644216064047,4098.653061720579,0.0029457698250815,0.0225112924537661,RNA,A3vsA1_rna
ACZ81_RS19350,0.4148122013618003,578.940174877966,0.4866615977462422,0.6853233872088185,RNA,A3vsA1_rna
ACZ81_RS19355,-0.1587933613134263,138.69134415544897,0.5444378803852055,0.728508666135497,RNA,A3vsA1_rna
ACZ81_RS19360,-0.1120249971438884,296.56907820108074,0.569819705993849,0.747096947858602,RNA,A3vsA1_rna
ACZ81_RS19365,-0.1686510661134393,644.3561043701558,0.442173109993799,0.6495783659081368,RNA,A3vsA1_rna
ACZ81_RS19370,-0.228241449080673,901.3964239831356,0.1110476411898218,0.2692147402894155,RNA,A3vsA1_rna
ACZ81_RS19375,-0.1757882602419895,3476.964594175597,0.5289477447424343,0.71757635371714,RNA,A3vsA1_rna
ACZ81_RS19380,0.566541275775268,187.00313384914256,0.1046117737245601,0.2585966951219565,RNA,A3vsA1_rna
ACZ81_RS19385,1.0756249080617544,187.1148757754505,0.162572287683892,0.3409642729552166,RNA,A3vsA1_rna
ACZ81_RS19390,2.391845251769306,221.33625549922104,0.033521691859126,0.1240673687627433,RNA,A3vsA1_rna
ACZ81_RS19395,0.8911478138975796,26.876259884577987,0.1038189879449509,0.2577486260118459,RNA,A3vsA1_rna
ACZ81_RS19400,0.5938762458468908,217.08726780093784,0.0270621745739915,0.1062362469577827,RNA,A3vsA1_rna
ACZ81_RS19405,0.0061911494833751,168.96776177324458,0.9857487409902068,0.9929259223833066,RNA,A3vsA1_rna
ACZ81_RS19410,0.4147649437450986,719.194659547269,0.0954189107227298,0.2450836554542844,RNA,A3vsA1_rna
ACZ81_RS19415,0.366917878473702,143.58009063358324,0.3096260622777868,0.520192530091491,RNA,A3vsA1_rna
ACZ81_RS19420,-0.0012139989949143,106.93791514262624,0.99744851734145,0.9981949243137684,RNA,A3vsA1_rna
ACZ81_RS19425,0.3331839634157759,118.54704678732548,0.3744584024468764,0.5870208006236091,RNA,A3vsA1_rna
ACZ81_RS19430,-0.1236586986112299,500.4488046163232,0.5637072365485691,0.7417492400894915,RNA,A3vsA1_rna
ACZ81_RS19435,-0.1566792426237978,1534.248789805297,0.3966228951038695,0.608429442789683,RNA,A3vsA1_rna
ACZ81_RS19440,-2.474240548414264,18302.84675639675,0.0015871177617249,0.0150532304019865,RNA,A3vsA1_rna
ACZ81_RS19445,-0.2388434431216561,697.945257988729,0.6113887315082653,0.7725642805704442,RNA,A3vsA1_rna
ACZ81_RS19450,0.8237105401496572,876.4464522275264,0.0942180495112959,0.2434790314904058,RNA,A3vsA1_rna
ACZ81_RS19455,2.9338601314620725,3289.4615104285845,0.00012142846570596246,0.0024332725060239,RNA,A3vsA1_rna
ACZ81_RS19460,-0.1443139723551237,4324.933649292091,0.5521537007343755,0.7340094921624635,RNA,A3vsA1_rna
ACZ81_RS19465,-0.5223346710493004,6606.975730625329,0.0654284205700625,0.192447817688483,RNA,A3vsA1_rna
ACZ81_RS19470,0.2741960522941705,620.9906543902202,0.4356536703819945,0.6444847070695288,RNA,A3vsA1_rna
ACZ81_RS19475,0.5445829177236109,21.388124247981228,0.3452189633780411,0.559633661581358,RNA,A3vsA1_rna
ACZ81_RS19480,-0.1683641781204248,404.8907004020906,0.5940400038176303,0.7602196157308877,RNA,A3vsA1_rna
ACZ81_RS19485,-3.063294542827084,7316.649616287133,3.0191611306914025e-11,7.1252202684317116e-09,RNA,A3vsA1_rna
ACZ81_RS19495,-0.3029800049071642,288.15473293085694,0.2600052665095764,0.4642372626775347,RNA,A3vsA1_rna
ACZ81_RS19500,0.176690803717653,381.01397618620985,0.5871147837042003,0.7566670453650022,RNA,A3vsA1_rna
ACZ81_RS19505,0.5918235738174779,141.75397525429935,0.0858787519641046,0.2292343959013038,RNA,A3vsA1_rna
ACZ81_RS19510,0.7459840300424756,212.8265358113016,0.0117874020793997,0.0612578460395746,RNA,A3vsA1_rna
ACZ81_RS19515,0.1811168695445185,573.1999215642844,0.572279944178721,0.7493351164186527,RNA,A3vsA1_rna
ACZ81_RS19520,-1.5020618127254064,7499.040392019558,6.3930704688435415e-09,7.772423854848572e-07,RNA,A3vsA1_rna
ACZ81_RS19525,-1.527043101700502,3986.76576385792,1.5283178027702863e-05,0.0005067447127863131,RNA,A3vsA1_rna
ACZ81_RS19530,0.2862113785238749,491.01652283679584,0.4748289377638117,0.6764963417288397,RNA,A3vsA1_rna
ACZ81_RS19535,0.4869279809233112,453.5997797436351,0.2790002136314419,0.485322894515706,RNA,A3vsA1_rna
ACZ81_RS19540,0.5154005853723698,161.12523090640585,0.2381803180114941,0.437736800669773,RNA,A3vsA1_rna
ACZ81_RS19545,0.6783794372069221,341.5718754601511,0.0761119987071411,0.2127953580578747,RNA,A3vsA1_rna
ACZ81_RS19550,0.2415076279840362,88.74792849083154,0.4601598775206907,0.6652833976983824,RNA,A3vsA1_rna
ACZ81_RS19555,-0.019563706879341,1476.449986484285,0.9573038142878012,0.9810053614526536,RNA,A3vsA1_rna
ACZ81_RS19560,-0.2233236856736199,969.8446673273334,0.4525657911089667,0.6588149324851867,RNA,A3vsA1_rna
ACZ81_RS19565,-0.2302342937118869,3527.033253592077,0.5258916109599931,0.7149702281163988,RNA,A3vsA1_rna
ACZ81_RS19570,-0.5494736327028072,3403.1274403830434,0.0988619891953879,0.2500846788473496,RNA,A3vsA1_rna
ACZ81_RS19575,-0.8040085644763145,2297.4236414427114,0.0084481411148734,0.0483508447259236,RNA,A3vsA1_rna
ACZ81_RS19580,-0.1420389471266929,1313.3386870866543,0.5917356520889034,0.7587227344776863,RNA,A3vsA1_rna
ACZ81_RS19585,-0.3962032958474374,1229.1163036355372,0.1093280969580819,0.2664789337763211,RNA,A3vsA1_rna
ACZ81_RS19590,-0.4633198182858303,2324.140245958645,0.0349537166822226,0.1271391486557934,RNA,A3vsA1_rna
ACZ81_RS19595,0.1803363459663473,773.3303236601,0.4808939306264033,0.6800657207166478,RNA,A3vsA1_rna
ACZ81_RS19600,0.0083894785999455,1323.2096690090616,0.9758875891386716,0.9884526653936758,RNA,A3vsA1_rna
ACZ81_RS19605,-0.7440278354331514,346.37748705695515,0.0385206255372854,0.1347451380883352,RNA,A3vsA1_rna
ACZ81_RS19610,-0.0609486636947658,32.76045699031076,0.8992839731635506,0.9514576213956132,RNA,A3vsA1_rna
ACZ81_RS19615,0.2184942766007988,169.66708483689905,0.4983861695462763,0.6937978182580362,RNA,A3vsA1_rna
ACZ81_RS19620,-1.095634585954799,478.15017093598806,0.1063085592192429,0.2613418747473055,RNA,A3vsA1_rna
ACZ81_RS19625,1.001137493521315,569.2091602791512,0.0007906417614656547,0.0093654697926505,RNA,A3vsA1_rna
ACZ81_RS19630,0.1058536924916156,1320.9902787089045,0.6895302582232095,0.8277664260896218,RNA,A3vsA1_rna
ACZ81_RS19635,0.0608678161850443,788.9630714669514,0.8280419885935155,0.9106645992974736,RNA,A3vsA1_rna
ACZ81_RS19640,-0.0060465620200622,529.5418595827005,0.9824873980095908,0.9908847261977068,RNA,A3vsA1_rna
ACZ81_RS19645,-1.0811924514270952,116.81102486343048,0.016907516026323,0.0775394028596987,RNA,A3vsA1_rna
ACZ81_RS19650,-2.252665251461202,264.3843058940876,0.0001269534337886202,0.002472510564854,RNA,A3vsA1_rna
ACZ81_RS19655,-0.8652113011142655,953.1052364193478,0.0338135227684809,0.1248501108017889,RNA,A3vsA1_rna
ACZ81_RS19660,0.0173791997717291,54.51849468343746,0.9698924591975958,0.9861095623521416,RNA,A3vsA1_rna
ACZ81_RS19665,0.3715193578649794,361.51167258771466,0.190232893510611,0.3795198253428997,RNA,A3vsA1_rna
ACZ81_RS19670,0.1467271126637039,215.64240372092223,0.6393183160546685,0.7916497172874475,RNA,A3vsA1_rna
ACZ81_RS19675,0.6536093544473687,231.7456694485379,0.0525364428259186,0.1655743979713947,RNA,A3vsA1_rna
ACZ81_RS19680,0.3699755523495557,1847.8859341753464,0.1914650109935505,0.380652935632371,RNA,A3vsA1_rna
ACZ81_RS19685,0.4483842364172649,241.36904133540548,0.1400118330090721,0.3108619114733799,RNA,A3vsA1_rna
ACZ81_RS19695,-0.377480981536657,355.70601773212053,0.4781800602260533,0.6793308299940846,RNA,A3vsA1_rna
ACZ81_RS19700,-0.6312889848137505,831.5596394292257,0.056426155335531,0.1749472451361288,RNA,A3vsA1_rna
ACZ81_RS19705,-1.0436523775050726,711.5515489687207,0.0036112802684746,0.0264387891188329,RNA,A3vsA1_rna
ACZ81_RS19710,-1.3560748021459377,564.4478645766108,0.0019055595265751,0.0169514519304199,RNA,A3vsA1_rna
ACZ81_RS19715,-1.0145426561710549,8370.814336899399,0.0057805941223437,0.0371067897901493,RNA,A3vsA1_rna
ACZ81_RS19720,-0.756861943651273,1832.0398590014397,0.003783607398058,0.0274996972482044,RNA,A3vsA1_rna
ACZ81_RS19725,-0.2820885021090442,568.7481266636562,0.3633946267756986,0.5760328892232727,RNA,A3vsA1_rna
ACZ81_RS19730,-0.0096339971148582,128.57751343134746,0.9827892820065498,0.9909400853003966,RNA,A3vsA1_rna
ACZ81_RS19735,-1.8179164815556377,37.43730080775518,0.0021898981438274,0.0184965712695487,RNA,A3vsA1_rna
ACZ81_RS19740,-1.0392940176875565,8.62744527619169,0.3303959427518763,0.5427503300486692,RNA,A3vsA1_rna
ACZ81_RS19745,0.5233846390617913,134.50432218075912,0.1894911007484681,0.3786047291846882,RNA,A3vsA1_rna
ACZ81_RS19750,0.4378447452858243,773.7142055474812,0.1268614898571696,0.2921746827250083,RNA,A3vsA1_rna
ACZ81_RS19755,0.5548703201790891,1012.8417618248322,0.128896833048662,0.2956741533397553,RNA,A3vsA1_rna
ACZ81_RS19760,-0.9974419273380726,2010.2414534240272,0.000677321013815827,0.0083239556307039,RNA,A3vsA1_rna
ACZ81_RS19765,-0.0823024367478708,227.42219403301647,0.7380207147830424,0.8585780798113379,RNA,A3vsA1_rna
ACZ81_RS19770,-0.2995537114895085,552.29432581227,0.0917126817366684,0.239240103463923,RNA,A3vsA1_rna
ACZ81_RS19775,-1.549496186690888,1118.9015998345883,0.0011165532237756,0.0119138604622017,RNA,A3vsA1_rna
ACZ81_RS19780,-0.8614141256459608,579.9034392021432,0.0344932891707835,0.1264964133027271,RNA,A3vsA1_rna
ACZ81_RS19785,-0.5002356455481851,190.2947439058049,0.1850090739398417,0.3723391966288692,RNA,A3vsA1_rna
ACZ81_RS19790,-0.3447557184556206,611.9550718677881,0.1432097784406054,0.3148719083204377,RNA,A3vsA1_rna
ACZ81_RS19795,-0.1086771477811913,320.32151655953226,0.7526085698235201,0.8666596466846298,RNA,A3vsA1_rna
ACZ81_RS19800,-0.623748947942981,172.80759325247146,0.0382500724694123,0.1342600968917607,RNA,A3vsA1_rna
ACZ81_RS19805,-0.2875178053603209,1171.1096768330765,0.6400161111267721,0.7922692495651373,RNA,A3vsA1_rna
ACZ81_RS19810,-1.7571013048125028,1893.3852320157232,4.3864627905783754e-09,5.875123639654514e-07,RNA,A3vsA1_rna
ACZ81_RS19815,-0.8516401515820462,299.3917792334512,0.080633529604497,0.2200199427813675,RNA,A3vsA1_rna
ACZ81_RS19820,-0.6945916077668799,31.331873427799728,0.1383852542771144,0.3083804848207848,RNA,A3vsA1_rna
ACZ81_RS19825,0.7000477190249395,254.47781501119368,0.0437160012642564,0.1468916223385235,RNA,A3vsA1_rna
ACZ81_RS19830,0.3777128374014188,215.75310178465963,0.2298250788564856,0.4278692419360652,RNA,A3vsA1_rna
ACZ81_RS19835,0.3583268423424247,743.7642914827237,0.4038222725107993,0.614152751066462,RNA,A3vsA1_rna
ACZ81_RS19840,0.4026326757815449,4083.276796807447,0.3516100206848359,0.5645539620572164,RNA,A3vsA1_rna
ACZ81_RS19845,0.0517566878719349,2228.5116885001016,0.9100077522786612,0.9575009447002332,RNA,A3vsA1_rna
ACZ81_RS19850,-0.06306005013727,4709.605894589039,0.9051615184654456,0.9541142407601456,RNA,A3vsA1_rna
ACZ81_RS19855,0.2347210584283796,2296.823232541605,0.6777412422688417,0.8192521434114471,RNA,A3vsA1_rna
ACZ81_RS19860,0.1417872908876271,3191.6901246167818,0.7455843801950706,0.8632855796082607,RNA,A3vsA1_rna
ACZ81_RS19865,0.5667891289711251,921.8840113069116,0.117105751078778,0.2788298358030015,RNA,A3vsA1_rna
ACZ81_RS19870,1.1381160361645082,2073.468472028854,0.0149335376046913,0.0712268792985376,RNA,A3vsA1_rna
ACZ81_RS19875,0.4923361039316828,1756.3215342536162,0.4128202835331095,0.6225572916057579,RNA,A3vsA1_rna
ACZ81_RS19880,0.3329265634573955,1510.8332414384065,0.0943545733311307,0.2435975213671148,RNA,A3vsA1_rna
ACZ81_RS19885,-0.1259792421351453,1909.7255556733423,0.5726474244615127,0.7493351164186527,RNA,A3vsA1_rna
ACZ81_RS19890,-0.1578053172423049,949.3517089745192,0.5745380278764645,0.7508295009252037,RNA,A3vsA1_rna
ACZ81_RS19895,1.3476030519903488,5128.712543843079,0.00033667270370465725,0.0049477321877768,RNA,A3vsA1_rna
ACZ81_RS19905,-0.1561650622626503,1246.321515844282,0.3864030979006741,0.598783016136541,RNA,A3vsA1_rna
ACZ81_RS19910,0.4766761215437386,138.8407625255384,0.3274997933089378,0.5393797909505167,RNA,A3vsA1_rna
ACZ81_RS19915,0.5627030636372112,139.92710218560725,0.2068682666357459,0.3990170604531791,RNA,A3vsA1_rna
ACZ81_RS19920,0.3463446781321494,569.97774349198,0.4480808740828589,0.654899987912725,RNA,A3vsA1_rna
ACZ81_RS19925,0.1188291988522499,458.7830259576332,0.6687089776636012,0.8142340116424154,RNA,A3vsA1_rna
ACZ81_RS19930,0.6794597986838375,1068.627971177786,0.0223339432282244,0.0942205890974096,RNA,A3vsA1_rna
ACZ81_RS19935,2.01832758413606,805.1260221758471,0.0001697064412460867,0.0031376140197202,RNA,A3vsA1_rna
ACZ81_RS19940,0.9032323640282636,1102.4357886894916,0.1212854921287848,0.2857295328365735,RNA,A3vsA1_rna
ACZ81_RS19945,0.5423155145494288,461.99599552104047,0.1639675570195804,0.3420893597309187,RNA,A3vsA1_rna
ACZ81_RS19950,0.3014244039278252,741.6499100595113,0.478615503982393,0.6794782031059309,RNA,A3vsA1_rna
ACZ81_RS19955,0.6273353961021421,1762.8181811789048,0.387661978690192,0.6002701113489195,RNA,A3vsA1_rna
ACZ81_RS19960,0.2098387217077232,176.78893614363452,0.6203543968438567,0.7794744253484351,RNA,A3vsA1_rna
ACZ81_RS19965,0.3581552016408147,135.60152601055572,0.5303984376981115,0.718177027352286,RNA,A3vsA1_rna
ACZ81_RS19970,-1.444054659473602,182.2469014181176,0.0010910839734564,0.011735734320395,RNA,A3vsA1_rna
ACZ81_RS19975,-0.6357582590319474,514.6072588267439,0.0763635121592151,0.2129311724349911,RNA,A3vsA1_rna
ACZ81_RS19980,0.1960355179570485,193.85859838672488,0.4091718523723644,0.6197045948350042,RNA,A3vsA1_rna
ACZ81_RS19985,-2.1074006736662616,3078.3727732409,1.294942553900828e-05,0.0004402804683262816,RNA,A3vsA1_rna
ACZ81_RS20005,-0.6039013884844804,41.1226515430098,0.2428543529507383,0.4438140823563729,RNA,A3vsA1_rna
ACZ81_RS20015,-0.3578344351785086,36.25293458138661,0.4673838883928957,0.6700746758814843,RNA,A3vsA1_rna
ACZ81_RS20020,-0.9809581334569024,39.494630572769786,0.0431962639467916,0.146001188672728,RNA,A3vsA1_rna
ACZ81_RS20025,0.3744066296601798,557.9951729384971,0.1045963438614906,0.2585966951219565,RNA,A3vsA1_rna
ACZ81_RS20030,-0.2877473499397682,83.33094297105961,0.3422076947519181,0.5558450491274071,RNA,A3vsA1_rna
ACZ81_RS20035,-0.1969972404430143,82.23289501734021,0.5179012505768796,0.7100769061947345,RNA,A3vsA1_rna
ACZ81_RS20040,-0.8861995243476454,307.9871723587568,0.0029692640266863,0.0226476944392884,RNA,A3vsA1_rna
ACZ81_RS20045,0.368078675987334,121.65241629256684,0.4090155357194788,0.6197017859918992,RNA,A3vsA1_rna
ACZ81_RS20050,0.6485306066086421,74.79757507092455,0.2230391032797051,0.4185054957839048,RNA,A3vsA1_rna
ACZ81_RS20055,0.4111365064793586,44.28935121908871,0.359607685718407,0.5724335431576038,RNA,A3vsA1_rna
ACZ81_RS20060,0.4281193151348451,34.273098053920265,0.388188459978416,0.6006276444262539,RNA,A3vsA1_rna
ACZ81_RS20065,0.1518914278029318,46.78700292199361,0.6783531970748119,0.8194980507871561,RNA,A3vsA1_rna
ACZ81_RS20070,-0.1571967078940911,228.7442631320313,0.5162757211160582,0.7093399673802646,RNA,A3vsA1_rna
ACZ81_RS20075,0.3808168808830511,1229.7449554194773,0.118367333781145,0.2812243305385279,RNA,A3vsA1_rna
ACZ81_RS20080,0.8315203485264601,278.89130513038106,0.055841130288034,0.1738049765055023,RNA,A3vsA1_rna
ACZ81_RS20085,0.5401612330427278,429.0826514071943,0.1431076223858205,0.3148719083204377,RNA,A3vsA1_rna
ACZ81_RS20090,0.1571266894916669,58.13236287164772,0.6696228805701356,0.8142575098661509,RNA,A3vsA1_rna
ACZ81_RS20095,-0.3918143213773757,117.36521281730823,0.1831581103808866,0.369818992877764,RNA,A3vsA1_rna
ACZ81_RS20100,-1.8471606268886815,414.04486175903526,6.147961451384354e-09,7.708006669673135e-07,RNA,A3vsA1_rna
ACZ81_RS20105,-0.1986461955824544,62.64301160044899,0.6422794754059695,0.7938463509946857,RNA,A3vsA1_rna
ACZ81_RS20125,1.0271695567264272,2.996556957464256,0.5877266980820138,0.7571509749048762,RNA,A3vsA1_rna
ACZ81_RS20130,-0.7697431885016361,592.782642270272,0.0242653295702855,0.0990773976651505,RNA,A3vsA1_rna
ACZ81_RS20135,-0.225590301599331,421.9622239506297,0.4640624388150231,0.667797168050887,RNA,A3vsA1_rna
ACZ81_RS20140,-0.4879995847698599,761.8670500612985,0.1513306990999471,0.3256319985933389,RNA,A3vsA1_rna
ACZ81_RS20150,0.2274016865837695,1079.869295059971,0.6866537633687135,0.8255483663875572,RNA,A3vsA1_rna
ACZ81_RS20170,-0.5716412491588123,232.16707426157475,0.2060451606269467,0.398236729545217,RNA,A3vsA1_rna
ACZ81_RS20180,0.6198452995374726,74.58212348818167,0.407427654861477,0.6179961252568036,RNA,A3vsA1_rna
ACZ81_RS20185,0.7299489582800809,179.0684684356611,0.2063644468406047,0.398236729545217,RNA,A3vsA1_rna
ACZ81_RS20190,0.3919307735903736,148.8452815224121,0.328616456481397,0.5405531871272509,RNA,A3vsA1_rna
ACZ81_RS20195,0.8121844527692477,91.45575822241295,0.114743207732063,0.2752734129518491,RNA,A3vsA1_rna
ACZ81_RS20200,0.5437033677277282,73.96700413677442,0.3010010415880156,0.5104041330731693,RNA,A3vsA1_rna
ACZ81_RS20205,0.2404275399909184,88.90418033799041,0.6677350216921298,0.814023976611615,RNA,A3vsA1_rna
ACZ81_RS20210,0.2481144031613481,512.8594338891969,0.5810378217535626,0.7534336589771471,RNA,A3vsA1_rna
ACZ81_RS20215,0.0986598443131019,76.30623975273565,0.7997088734079313,0.8917015764248035,RNA,A3vsA1_rna
ACZ81_RS20220,-0.0125455024934104,125.6042507284626,0.9693121040902578,0.9860031676033096,RNA,A3vsA1_rna
ACZ81_RS20230,-0.0106660949593591,188.3830705624592,0.9772669200123224,0.9890224423769952,RNA,A3vsA1_rna
ACZ81_RS20235,0.2974899180978758,128.72260735859663,0.5916063912500936,0.7587227344776863,RNA,A3vsA1_rna
ACZ81_RS20240,-0.1171332566371302,47.79278390132686,0.8084687860966553,0.8967036223199276,RNA,A3vsA1_rna
ACZ81_RS20245,-0.7747596856929191,45.25455561366043,0.1066486179169566,0.2618569492550978,RNA,A3vsA1_rna
ACZ81_RS20250,-0.585011443705988,32.748522552802314,0.2699301334256483,0.4745167841780322,RNA,A3vsA1_rna
ACZ81_RS20255,-0.2890091505032319,335.4097321841543,0.5239170706792322,0.7132525577078656,RNA,A3vsA1_rna
ACZ81_RS20260,-0.1978936519483128,207.25666976582025,0.7130359067014287,0.8438360468625283,RNA,A3vsA1_rna
ACZ81_RS20265,-0.2714679331904691,62.33496876192362,0.584638057835994,0.7556391216424357,RNA,A3vsA1_rna
ACZ81_RS20270,-0.4116573042321385,90.62509465279032,0.2944028940438461,0.5041162658574095,RNA,A3vsA1_rna
ACZ81_RS20275,-0.4367993680727526,145.05470728783698,0.1843976408221674,0.371573749361394,RNA,A3vsA1_rna
ACZ81_RS20280,-0.264207357460918,94.45503038067008,0.5824143803940944,0.7543224266342529,RNA,A3vsA1_rna
ACZ81_RS20285,-1.085528447825636,115.19215991675416,0.0216594049244533,0.091857856825483,RNA,A3vsA1_rna
ACZ81_RS20290,-0.7065914352900307,304.26320126512866,0.1103046013341196,0.268134878714939,RNA,A3vsA1_rna
ACZ81_RS20300,-0.5348898458358119,238.04605923210949,0.273074019977341,0.4782073191397171,RNA,A3vsA1_rna
ACZ81_RS20305,-0.6980691361127153,237.57333857894747,0.2003380075320954,0.3918849762158786,RNA,A3vsA1_rna
ACZ81_RS20320,-0.3349895533362704,917.1218893767134,0.1946649708444355,0.3854866056406098,RNA,A3vsA1_rna
ACZ81_RS20325,0.2072779292972429,43.57068802229339,0.6338685584433268,0.788063420041719,RNA,A3vsA1_rna
ACZ81_RS20335,1.4151914068819262,39.80976394263206,0.0018797268063459,0.0168336248818306,RNA,A3vsA1_rna
ACZ81_RS20340,0.0309305518859657,182.72570864304703,0.9321699550136976,0.9698822249779449,RNA,A3vsA1_rna
ACZ81_RS20345,0.3652405602710267,100.63155322740388,0.4621045370482643,0.6662682151074996,RNA,A3vsA1_rna
ACZ81_RS20355,0.0685301069025218,432.4014622112898,0.7586724778897984,0.8701526533144286,RNA,A3vsA1_rna
ACZ81_RS20360,0.0640387241431416,138.4318432327665,0.7932245369624822,0.8886950132067798,RNA,A3vsA1_rna
ACZ81_RS20365,0.3778326899996448,88.96903109911646,0.5246200300711266,0.7137927306889634,RNA,A3vsA1_rna
ACZ81_RS20370,-0.4767184667067762,43.34125024502418,0.3363199209691808,0.5482793673012408,RNA,A3vsA1_rna
ACZ81_RS20375,0.2603951669214847,1036.7675875346793,0.2912098120350442,0.4999288685856216,RNA,A3vsA1_rna
ACZ81_RS20390,-1.2236446091130615,38.68197463120955,0.0084267675579898,0.0482974163466505,RNA,A3vsA1_rna
ACZ81_RS20395,-0.5587685589612558,131.18048037386023,0.0805191887473235,0.2200199427813675,RNA,A3vsA1_rna
ACZ81_RS20400,-0.0333811572728209,18.570478473860465,0.9597532396097376,0.9812767577253484,RNA,A3vsA1_rna
ACZ81_RS20405,0.1276419765905528,262.3001046200108,0.7118268258857094,0.8434305921972811,RNA,A3vsA1_rna
ACZ81_RS20410,0.2672982173335437,50.5044143050925,0.5534743899473064,0.7350345092580579,RNA,A3vsA1_rna
ACZ81_RS20415,0.2819729830154544,28.875006139025075,0.6446695095104855,0.7958197145095594,RNA,A3vsA1_rna
ACZ81_RS20425,-0.2396629273877555,8.639070350937416,0.6642117130162566,0.8115484253772163,RNA,A3vsA1_rna
ACZ81_RS20430,-0.8519726034355193,614.9214161979385,0.1371910169185823,0.3069514097253651,RNA,A3vsA1_rna
ACZ81_RS20435,-0.7816262288128338,395.5340748046822,0.205751720907385,0.398236729545217,RNA,A3vsA1_rna
ACZ81_RS20440,-0.5929689545089144,410.22917488817706,0.2278502524286266,0.4249815029026732,RNA,A3vsA1_rna
ACZ81_RS20450,0.0036208110221283,349.2712487595162,0.9933007028132343,0.9965297373560132,RNA,A3vsA1_rna
ACZ81_RS20455,-0.5901671235207095,135.78584839226235,0.1107973259776443,0.2689164378840346,RNA,A3vsA1_rna
ACZ81_RS20460,-0.6324998253878918,414.274759556548,0.0426618881899225,0.144725111694253,RNA,A3vsA1_rna
ACZ81_RS20470,-1.246086139308428,180.37492629872352,0.0017720267032112,0.0162246938227356,RNA,A3vsA1_rna
ACZ81_RS20475,-0.4781853105068058,64.61536855825622,0.2208828009363389,0.4164388145472705,RNA,A3vsA1_rna
ACZ81_RS20480,0.2738643893176286,108.00351217877557,0.3524289595253622,0.5651258935314761,RNA,A3vsA1_rna
ACZ81_RS20485,-0.170660633094656,444.40281926072254,0.563310839686447,0.7414708296660188,RNA,A3vsA1_rna
ACZ81_RS20490,-0.158589728507236,234.5908841836469,0.6698551461215366,0.8142575098661509,RNA,A3vsA1_rna
ACZ81_RS20495,-0.2158672152707798,11.220064883102676,0.8522761732493058,0.9261462641051502,RNA,A3vsA1_rna
ACZ81_RS20500,1.0949119363669566,2143.989996681825,0.1141289620003086,0.2743471513153014,RNA,A3vsA1_rna
ACZ81_RS20510,0.8784074788229184,9874.27476357536,0.0753672092922232,0.2115977912389079,RNA,A3vsA1_rna
ACZ81_RS20515,-1.7281494681030074,467.2745038555512,0.00043284665811046567,0.0059344586644197,RNA,A3vsA1_rna
ACZ81_RS20525,-0.0031778344753401,451.9858121102776,0.9928497731761492,0.9964247010540052,RNA,A3vsA1_rna
ACZ81_RS20530,-0.7244862528061103,116.51479911999968,0.0337210406237127,0.1246901520574522,RNA,A3vsA1_rna
ACZ81_RS20535,-0.9550148734718836,304.7190852170491,0.0203125725245776,0.0886768672128461,RNA,A3vsA1_rna
ACZ81_RS20540,-0.4768144545965878,302.6342451745836,0.1401397038820886,0.3109737234374666,RNA,A3vsA1_rna
ACZ81_RS20545,-0.1545809578523193,773.6130984431658,0.5498389991018866,0.7326317052131415,RNA,A3vsA1_rna
ACZ81_RS20550,0.4301170314877659,578.2629001267499,0.2789118044956,0.485322894515706,RNA,A3vsA1_rna
ACZ81_RS20555,-0.0309287808750784,228.7596103554323,0.8917794410463101,0.948771974934446,RNA,A3vsA1_rna
ACZ81_RS20560,-1.0973417385568949,20.31209388982292,0.0189484514672201,0.0845619435889734,RNA,A3vsA1_rna
ACZ81_RS20565,-1.5812500967141945,52.84173088832715,2.846196286793178e-05,0.0008076000853771757,RNA,A3vsA1_rna
ACZ81_RS20570,-1.478797311243042,31.18440952700967,0.0027872065965484,0.0217553946796737,RNA,A3vsA1_rna
ACZ81_RS20575,-2.152460454954676,30.34395743520156,6.147658676186119e-05,0.0014256882432866,RNA,A3vsA1_rna
ACZ81_RS20580,0.8757019209265452,8.04777172703727,0.3910082909787127,0.6028921073814739,RNA,A3vsA1_rna
ACZ81_RS20585,0.2875821775142029,197.7649754261924,0.2867711515698431,0.4948498323003056,RNA,A3vsA1_rna
ACZ81_RS20590,0.3988410734423344,6.944746027176497,0.7403520084071392,0.8588544371703005,RNA,A3vsA1_rna
ACZ81_RS20595,0.0683543872189976,282.2731846569454,0.7790533875800654,0.8803885107461613,RNA,A3vsA1_rna
ACZ81_RS20600,-0.3290811368000174,300.03171321412884,0.2392566488995745,0.4390730540833674,RNA,A3vsA1_rna
ACZ81_RS20605,-1.0775715353805737,159.68039323945368,0.00031359187500220486,0.0046770654368358,RNA,A3vsA1_rna
ACZ81_RS20615,-0.2604244293900156,211.2180944056952,0.5389301563857001,0.725806574292965,RNA,A3vsA1_rna
ACZ81_RS20620,0.2323511707643762,504.61036574407314,0.2091419748469623,0.4025797950447539,RNA,A3vsA1_rna
ACZ81_RS20625,0.087544161709368,2947.7880845473464,0.627190692535625,0.7841476323148241,RNA,A3vsA1_rna
ACZ81_RS20635,-1.6200850346177469,4.68225650237106,0.1201747795027018,0.2839465343726972,RNA,A3vsA1_rna
ACZ81_RS20655,0.1215993848248487,163.0233580223112,0.6979771078714796,0.833235721684145,RNA,A3vsA1_rna
ACZ81_RS20660,0.5286452834299054,51.15999088616349,0.1477583322354922,0.3209563773301543,RNA,A3vsA1_rna
ACZ81_RS20665,-0.340861185012476,56.94673145683141,0.3560664614155509,0.5693657406134677,RNA,A3vsA1_rna
ACZ81_RS20670,0.4786106079599275,116.3057321784153,0.4083220609892793,0.6191187107668136,RNA,A3vsA1_rna
ACZ81_RS20675,-0.3625801546891817,104.51457928431454,0.289878615553687,0.4987105512870464,RNA,A3vsA1_rna
ACZ81_RS20680,0.524837118636393,99.80657486403798,0.1625784282560641,0.3409642729552166,RNA,A3vsA1_rna
ACZ81_RS20685,-0.3443294461174411,104.73584497729163,0.5371360370007551,0.7248536092993708,RNA,A3vsA1_rna
ACZ81_RS20690,0.0582868036909688,53.11349045402565,0.8723720637746042,0.9375224573538506,RNA,A3vsA1_rna
ACZ81_RS20705,-1.686079468745676,138.4755409696553,0.0185067032071488,0.0830524533188826,RNA,A3vsA1_rna
ACZ81_RS20710,-1.3290314806219812,583.7704217726185,0.0019333528798218,0.0171127673371829,RNA,A3vsA1_rna
ACZ81_RS20715,-0.9086417091854914,34.02099402759713,0.0663433620743974,0.194495781536798,RNA,A3vsA1_rna
ACZ81_RS20720,-1.2723672648364568,28.837580330420305,0.0515271607233743,0.1634205287131841,RNA,A3vsA1_rna
ACZ81_RS20725,-0.4623993371958645,44.2693875871479,0.4752526897378289,0.6766684288289677,RNA,A3vsA1_rna
ACZ81_RS20730,-0.7655040892241052,15.42857874227446,0.4129174857833803,0.6225572916057579,RNA,A3vsA1_rna
ACZ81_RS20745,0.5446337849408959,140.07183831076892,0.084674714202501,0.227290298880657,RNA,A3vsA1_rna
ACZ81_RS20765,0.4078560148183865,6.330355709753602,0.6836284057368374,0.8234203486858055,RNA,A3vsA1_rna
ACZ81_RS20790,0.527352429685817,170.62460349695198,0.5146076442602867,0.7078528528645426,RNA,A3vsA1_rna
ACZ81_RS20800,0.4416970312880369,40.993455642869854,0.3509534552317289,0.564140201626338,RNA,A3vsA1_rna
ACZ81_RS20815,-0.0768795645929717,55.55049871258485,0.9125036076788544,0.959372241616238,RNA,A3vsA1_rna
ACZ81_RS20845,-1.126976811660929,1265.198971124856,0.0508715628107284,0.1619815158703511,RNA,A3vsA1_rna
ACZ81_RS20875,-0.1916259997087604,30.942570196322578,0.7395384589183774,0.8585780798113379,RNA,A3vsA1_rna
ACZ81_RS20885,-0.7707353423540128,915.473779890593,0.3102196852968386,0.5207537143978731,RNA,A3vsA1_rna
ACZ81_RS20895,-0.6666642658874387,108.99615969289884,0.0972958725858596,0.2475276099013753,RNA,A3vsA1_rna
ACZ81_RS20900,0.9547672554773744,15.28080524310592,0.1260576090814451,0.2911589681259401,RNA,A3vsA1_rna
ACZ81_RS20915,-0.8397029459245399,2263.9012202391627,0.182084561749015,0.3685788404324158,RNA,A3vsA1_rna
ACZ81_RS20920,0.3107807269735275,207.61694508091497,0.69523908289769,0.8316336316593715,RNA,A3vsA1_rna
ACZ81_RS20925,-0.36282321026263,5.464791290594358,0.7233649719655425,0.8503608799754446,RNA,A3vsA1_rna
ACZ81_RS21035,1.4763232799754085,140.7401371466792,0.005256336436472,0.0349146056012018,RNA,A3vsA1_rna
ACZ81_RS21040,-0.4029633043386655,537.2740999929352,0.1501743179254231,0.3240162172773064,RNA,A3vsA1_rna
ACZ81_RS21060,0.664432779977212,20.97582790500375,0.3726385383630954,0.585536060726912,RNA,A3vsA1_rna
ACZ81_RS21070,-0.3835459158597529,48.080045690711295,0.5515817173311632,0.733735361383497,RNA,A3vsA1_rna
ACZ81_RS21125,1.1472203676332815,11.613934210567727,0.2468641065172995,0.4489659090423417,RNA,A3vsA1_rna
ACZ81_RS21145,-4.952503429671715,813.0184922200154,7.36469274966378e-10,1.1818858924660437e-07,RNA,A3vsA1_rna
ACZ81_RS21155,-1.3030644605904071,11793.88381139696,0.0050337152198957,0.0336587757703693,RNA,A3vsA1_rna
ACZ81_RS21165,1.3744880205474608,3.381208478100232,0.2360791419292036,0.4350709772255237,RNA,A3vsA1_rna
ACZ81_RS21170,0.8250218351245218,366.9745084866018,0.1649180986644609,0.3433582832598947,RNA,A3vsA1_rna
ACZ81_RS21190,-0.5275455455671649,37.94789553838828,0.4589088245999626,0.6644570945515413,RNA,A3vsA1_rna
ACZ81_RS21195,1.0244352245451953,868.7608483574425,0.0188619417038896,0.0844577121830414,RNA,A3vsA1_rna
ACZ81_RS21200,0.0046075817162844,11.670160822638485,0.9952347082615196,0.9974723081551876,RNA,A3vsA1_rna
ACZ81_RS21205,0.2755971963109688,761.6978731678921,0.6240011924270413,0.7823414950054031,RNA,A3vsA1_rna
ACZ81_RS21210,1.189677483689092,9.297055369465207,0.2339738217987153,0.4323827605050419,RNA,A3vsA1_rna
ACZ81_RS21215,-0.0497898590281868,24.022112511716166,0.940112637891269,0.972095851345302,RNA,A3vsA1_rna
ACZ81_RS21220,0.6730522001160408,5.75245343919023,0.4104742917015402,0.6205536293096413,RNA,A3vsA1_rna
ACZ81_RS21225,1.8277248864117688,1.6986559366377596,0.4618122645913924,0.6662682151074996,RNA,A3vsA1_rna
ACZ81_RS21230,-0.1970747713383519,2821.2809830710385,0.7146865320500011,0.8448209683513861,RNA,A3vsA1_rna
ACZ81_RS21235,-0.5538290570623168,63.721403796480665,0.1298504076609178,0.2971818799404462,RNA,A3vsA1_rna
ACZ81_RS21240,-10.51400702546802,2155.548748595499,6.423296407782403e-21,1.2885132594011501e-17,RNA,A3vsA1_rna
ACZ81_RS21245,0.07028108977645,50.41210216930886,0.9057354961312896,0.9542570405668944,RNA,A3vsA1_rna
ACZ81_RS21250,-3.34127190798856,2.564584615342474,0.0320506508916232,0.1198693353252505,RNA,A3vsA1_rna
ACZ81_RS21255,-0.9653581927725524,208.3303377433363,0.0887981221516404,0.2340723167361245,RNA,A3vsA1_rna
ACZ81_RS21260,2.6881877588486973,7.229324863769305,0.0135552879064345,0.0670577251302284,RNA,A3vsA1_rna
ACZ81_RS21265,0.939094011198947,206.38557172435483,0.146857755986673,0.3200398245619404,RNA,A3vsA1_rna
ACZ81_RS21270,1.5845288390870391,275.06146037641474,1.4954024615576821e-07,1.2765009948445576e-05,RNA,A3vsA1_rna
ACZ81_RS21275,1.2178057492832932,381.3251447306891,7.520461873225233e-06,0.00029011627918634265,RNA,A3vsA1_rna
ACZ81_RS21280,0.4859975735741555,1420.9710315358493,0.2306732731619301,0.4282559796046569,RNA,A3vsA1_rna
ACZ81_RS21290,-1.6928007236712703,134.83930535471606,0.0020027754720186,0.0175439633051063,RNA,A3vsA1_rna
ACZ81_RS21295,0.600974603529493,16049.295954015672,0.2922744841578181,0.5013275889017385,RNA,A3vsA1_rna
ACZ81_RS21305,-0.9999760170491516,1247.479425322529,0.14870916567853,0.3220282417369494,RNA,A3vsA1_rna
ACZ81_RS21310,-0.212648317863482,55.43645644630861,0.7504094075222306,0.8647387521963175,RNA,A3vsA1_rna
ACZ81_RS21315,-1.2296928978660184,748.3029765763288,0.0380203229957449,0.1340400139357897,RNA,A3vsA1_rna
ACZ81_RS21320,2.735938708100686,4.183302100054492,0.0209135863263236,0.0894370914050261,RNA,A3vsA1_rna
ACZ81_RS21325,-0.0813742217866861,10.42209289031021,0.92585388363849,0.9675466041356676,RNA,A3vsA1_rna
ACZ81_RS21340,0.0497750425286256,185.21925148417145,0.8611760666326449,0.9324230998899256,RNA,A3vsA1_rna
ACZ81_RS21345,-0.5019062503105893,181.0080675545245,0.2002173638850401,0.3918400311740395,RNA,A3vsA1_rna
ACZ81_RS21355,1.2475258694689324,859.9121472855677,0.0362992861118976,0.130029228465119,RNA,A3vsA1_rna
ACZ81_RS21360,-2.05913405092878,14019.352613963214,0.0004300424183960454,0.0059289696996733,RNA,A3vsA1_rna
ACZ81_RS21370,0.9070246272448456,35.566416984742446,0.021391161581467,0.0910400853829705,RNA,A3vsA1_rna
ACZ81_RS21375,-0.3113338180160089,151.3726087886678,0.3945005906103507,0.6060481924541377,RNA,A3vsA1_rna
ACZ81_RS21380,0.2855083758719733,20.99165662145555,0.6216579962432307,0.7803646159088071,RNA,A3vsA1_rna
ACZ81_RS21385,-1.5873077833015696,75.19473857744859,0.0053515863851645,0.0354885364913722,RNA,A3vsA1_rna
ACZ81_RS21390,-0.1975693337543753,168.66869474628993,0.6151738812381178,0.7744203362181765,RNA,A3vsA1_rna
ACZ81_RS21395,0.0757784833696168,13.27015124373115,0.9395776894099866,0.972095851345302,RNA,A3vsA1_rna
ACZ81_RS21400,-0.4407686956500823,27.05407861610603,0.326740632082346,0.5383504788149372,RNA,A3vsA1_rna
ACZ81_RS21405,0.2488464034405828,25.07921580180089,0.718416488978725,0.8462380956496314,RNA,A3vsA1_rna
ACZ81_RS21410,-0.0503350334921472,15.519798578273248,0.9358741915903088,0.9705282098644562,RNA,A3vsA1_rna
ACZ81_RS21415,0.9264880144804564,1.1936817268239976,0.5943932942359114,0.760429176171708,RNA,A3vsA1_rna
ACZ81_RS21420,0.9790601433067324,781.7238234645155,0.0373391011226299,0.1332780015160064,RNA,A3vsA1_rna
ACZ81_RS21425,1.2161385601774022,1664.2031469028975,0.0280651337126861,0.1084752567006713,RNA,A3vsA1_rna
ACZ81_RS21430,-1.423449305599282,438.893966560313,0.000181153546133886,0.0032003923536495,RNA,A3vsA1_rna
ACZ81_RS21435,-1.4427798287961624,634.6494588424669,2.6894270857311183e-05,0.0007762576595649818,RNA,A3vsA1_rna
ACZ81_RS21440,-0.4518081213357888,464.1619040849879,0.1681266704895609,0.3484112613657638,RNA,A3vsA1_rna
ACZ81_RS21445,-0.4124928446601063,208.88434454849252,0.4538320018088582,0.6600827593014736,RNA,A3vsA1_rna
ACZ81_RS21450,-0.5644356900243086,120.31012434623844,0.4012803717877389,0.6122455632412127,RNA,A3vsA1_rna
ACZ81_RS21455,-0.426854564174807,1838.272991689626,0.4521461059596593,0.658442895502778,RNA,A3vsA1_rna
ACZ81_RS21460,-0.4534596920901461,0.9242850326821682,0.8451781289782943,0.9223603342063612,RNA,A3vsA1_rna
ACZ81_RS21465,-0.2907289992099479,36.27517441424651,0.6583386989961972,0.8074762642533608,RNA,A3vsA1_rna
ACZ81_RS21470,1.469518611674898,6.860757630701193,0.2653738034350464,0.470057262420047,RNA,A3vsA1_rna
ACZ81_RS21475,-0.0141904525973791,592.5899534850314,0.9673555183385428,0.9852831529764492,RNA,A3vsA1_rna
ACZ81_RS21480,0.0052085270924189,162.29593155122475,0.9885987621456048,0.994431510473454,RNA,A3vsA1_rna
ACZ81_RS21485,-1.62053053318134,174.2807340334284,0.0083696736380908,0.0480388134993142,RNA,A3vsA1_rna
ACZ81_RS21490,-1.6000648558806267,632.68978395791,0.0078657738223044,0.04606932054757,RNA,A3vsA1_rna
ACZ81_RS21495,-1.765108443366879,4939.581199149118,0.0020613571415771,0.0178236311465677,RNA,A3vsA1_rna
ACZ81_RS21500,1.3889453024889822,1500.3752349012086,0.0035926773883714,0.0263506794920404,RNA,A3vsA1_rna
ACZ81_RS21505,1.5502959164013317,4272.416610888717,0.001617670029412,0.0151992790585503,RNA,A3vsA1_rna
ACZ81_RS21510,1.720147554865229,949.9188302816864,0.0035849293011289,0.0263506794920404,RNA,A3vsA1_rna
ACZ81_RS21515,1.1805051526329835,19.48751875299172,0.0688266469624411,0.1999511278879898,RNA,A3vsA1_rna
ACZ81_RS21520,0.765860520704165,23.17244319339633,0.0883968934634627,0.233474875954847,RNA,A3vsA1_rna
ACZ81_RS21525,-0.1227886045966299,45.57099983539894,0.8652634091865167,0.934234838526674,RNA,A3vsA1_rna
ACZ81_RS21530,-0.5084088945482391,16.458322089603737,0.524847596094826,0.7137927306889634,RNA,A3vsA1_rna
ACZ81_RS21535,0.4869175511677229,4.892673667306501,0.6971987849977741,0.8332325068248644,RNA,A3vsA1_rna
ACZ81_RS21540,0.8720756160964762,260.49281231825387,0.1251280919202601,0.2900138098117179,RNA,A3vsA1_rna
ACZ81_RS21545,-0.3946797230972143,693.1947105319379,0.223973402222861,0.4192593497706892,RNA,A3vsA1_rna
ACZ81_RS21550,-0.8742086013916313,419.4254038103164,0.1225335263455893,0.2874880161979557,RNA,A3vsA1_rna
ACZ81_RS21555,0.8726816273033825,202.95509954591276,0.0353605152339407,0.127807555962676,RNA,A3vsA1_rna
ACZ81_RS21560,0.5774049133550971,216.3657770260335,0.1242499406773167,0.2890606836411181,RNA,A3vsA1_rna
ACZ81_RS21565,-0.1588004846874494,398.129938660882,0.5946147400165798,0.7604699830878285,RNA,A3vsA1_rna
ACZ81_RS21570,-0.1991785264807722,10.858158112972149,0.793665873797354,0.8889412299483485,RNA,A3vsA1_rna
ACZ81_RS21580,-0.4096224571318245,10.442481607184192,0.5206848857171449,0.7112503681077281,RNA,A3vsA1_rna
ACZ81_RS21590,-0.0735864941934322,211.31718145249505,0.9133076268865788,0.9599659939923904,RNA,A3vsA1_rna
ACZ81_RS21595,0.1427703244938412,137.712232366521,0.8414244875589655,0.9193341623329436,RNA,A3vsA1_rna
ACZ81_RS21605,-0.2984837341305061,37.97333462066843,0.6440794801640137,0.795752923417181,RNA,A3vsA1_rna
ACZ81_RS21610,0.0659451026624599,70.68355713476163,0.9150974907654298,0.960940386945048,RNA,A3vsA1_rna
ACZ81_RS21615,0.2249267549463191,80.14555915455766,0.6281791568197883,0.7846372282568465,RNA,A3vsA1_rna
ACZ81_RS21620,-0.5063998462023033,63.04990620117239,0.1673278353698463,0.3471144133939108,RNA,A3vsA1_rna
ACZ81_RS21625,0.5610464879227804,51.37900392567858,0.1439068271087805,0.3154940930931298,RNA,A3vsA1_rna
ACZ81_RS21630,-1.6662804754199398,151.1585236535558,0.0031869682998719,0.0239889621371223,RNA,A3vsA1_rna
ACZ81_RS21635,-1.939732513092431,81.4559674943068,2.4974100659651818e-06,0.0001411212561218635,RNA,A3vsA1_rna
ACZ81_RS21640,-0.6690719371864264,58.25083513259206,0.1600080203405715,0.3378202456089449,RNA,A3vsA1_rna
ACZ81_RS21645,-0.7967683379563891,834.9269618375212,0.0232953999414251,0.0965507691787165,RNA,A3vsA1_rna
ACZ81_RS21650,-0.2544231469155709,24.69990607514115,0.6184615977932789,0.7773792864327482,RNA,A3vsA1_rna
ACZ81_RS21655,0.9932321819339776,27.12172180876504,0.0406186670277035,0.1401221772271251,RNA,A3vsA1_rna
ACZ81_RS21660,0.1940771845855526,36.53960435446614,0.688251835006321,0.8271883437856432,RNA,A3vsA1_rna
ACZ81_RS21665,0.1071309132051145,954.4172252285656,0.5109027213827418,0.7053481480342603,RNA,A3vsA1_rna
ACZ81_RS21670,-0.0228455311655343,293.82702873374416,0.9398411540761832,0.972095851345302,RNA,A3vsA1_rna
ACZ81_RS21675,0.7103667681932487,5019.998660470714,0.3023826714682383,0.5114499485373407,RNA,A3vsA1_rna
ACZ81_RS21680,0.6528376177517947,2705.726176154916,0.3304932842245511,0.5427503300486692,RNA,A3vsA1_rna
ACZ81_RS21685,0.0894373946369375,79.62184600180213,0.7489285980781609,0.8641658353084065,RNA,A3vsA1_rna
ACZ81_RS21705,-1.0501690840707865,41.4787641589825,0.0236762598778176,0.0976250304520087,RNA,A3vsA1_rna
