gene_id,logFC,AveExpr,pvalue,padj,Assay,contrast1,resolved_locus_tag,resolution_method
ACZ81_RS00005,-1.2325866568890893,4661.89608143276,0.0001129539547927,0.0023726244326107,RNA,C2vsA2_rna,ACZ81_00005,tier1:gene_id
ACZ81_RS00010,-0.2302055360371392,2059.3914137885563,0.374461338176078,0.6325446464282034,RNA,C2vsA2_rna,ACZ81_00010,tier1:gene_id
ACZ81_RS00015,-0.2786344338856807,557.1271017274662,0.3996469376882609,0.6556730049701546,RNA,C2vsA2_rna,ACZ81_00015,tier1:gene_id
ACZ81_RS00020,-0.0280631543996112,3109.651933699262,0.934168140685217,0.9708313667612825,RNA,C2vsA2_rna,ACZ81_00020,tier1:gene_id
ACZ81_RS00025,0.0400233594182243,160.5452115198893,0.8738769697644315,0.9546482752471784,RNA,C2vsA2_rna,ACZ81_00025,tier1:gene_id
ACZ81_RS00030,0.6917434159075381,2892.2392833721387,0.1180632685074588,0.3253685552112217,RNA,C2vsA2_rna,ACZ81_00030,tier1:gene_id
ACZ81_RS00035,0.60611302402215,1662.4070368377895,0.0257437825606029,0.1256188475947658,RNA,C2vsA2_rna,ACZ81_00035,tier1:gene_id
ACZ81_RS00040,-0.2709271903916959,258.53012275560167,0.2809229759551307,0.53746446329613,RNA,C2vsA2_rna,ACZ81_00040,tier1:gene_id
ACZ81_RS00045,-0.0606471526482601,892.2474602287139,0.8551788383328899,0.9476840481986898,RNA,C2vsA2_rna,ACZ81_00045,tier1:gene_id
ACZ81_RS00050,-0.682835459501563,964.303048675474,0.0338390965894451,0.1498481848971898,RNA,C2vsA2_rna,ACZ81_00050,tier1:gene_id
ACZ81_RS00055,-0.3319878145462881,424.2322444295289,0.3699837480654188,0.6292101414908241,RNA,C2vsA2_rna,ACZ81_00055,tier1:gene_id
ACZ81_RS00060,0.22369184644412,3386.553316232701,0.3300313003590931,0.5897931300849363,RNA,C2vsA2_rna,ACZ81_00060,tier1:gene_id
ACZ81_RS00065,-0.5412345388852292,984.317160815007,0.0103672137765612,0.0664429100184726,RNA,C2vsA2_rna,ACZ81_00065,tier1:gene_id
ACZ81_RS00070,0.927554723924798,1441.6967365650412,0.029388200556219,0.1367812768347456,RNA,C2vsA2_rna,ACZ81_00070,tier1:gene_id
ACZ81_RS00075,0.0344683288461415,696.7404360344724,0.8482638198075099,0.9448180025174152,RNA,C2vsA2_rna,ACZ81_00075,tier1:gene_id
ACZ81_RS00080,-0.4469240815341485,466.4416786304536,0.071080493460741,0.2364634658080372,RNA,C2vsA2_rna,ACZ81_00080,tier1:gene_id
ACZ81_RS00085,0.3195228501688638,462.5721350081219,0.1860249218276518,0.429914738693859,RNA,C2vsA2_rna,ACZ81_00085,tier1:gene_id
ACZ81_RS00090,0.0785380485778103,531.7858593561232,0.8421354230682463,0.9419145016308348,RNA,C2vsA2_rna,ACZ81_00090,tier1:gene_id
ACZ81_RS00095,-0.5438193195416304,1291.6300194768455,0.0669595095370263,0.2279879596351325,RNA,C2vsA2_rna,ACZ81_00095,tier1:gene_id
ACZ81_RS00100,-0.7843193909924946,5101.493465766092,0.0214304569069965,0.1106550747887648,RNA,C2vsA2_rna,ACZ81_00100,tier1:gene_id
ACZ81_RS00105,0.8049967637359847,1556.081876129771,0.04739321916041,0.1868669970866796,RNA,C2vsA2_rna,ACZ81_00105,tier1:gene_id
ACZ81_RS00110,0.3934119002822299,613.575593861557,0.2618536637545794,0.5180260843113278,RNA,C2vsA2_rna,ACZ81_00110,tier1:gene_id
ACZ81_RS00115,0.379436728019663,3014.3512628209605,0.1195259759750529,0.3262474807468675,RNA,C2vsA2_rna,ACZ81_00115,tier1:gene_id
ACZ81_RS00120,-0.1306261026812765,255.4590279754597,0.677934099958666,0.8613456773175844,RNA,C2vsA2_rna,ACZ81_00120,tier1:gene_id
ACZ81_RS00125,0.0589256223932668,196.9206399808533,0.8479351459689498,0.944714192065378,RNA,C2vsA2_rna,ACZ81_00125,tier1:gene_id
ACZ81_RS00130,0.5345659560804428,158.70564873644452,0.0980396473691359,0.2928096295465926,RNA,C2vsA2_rna,ACZ81_00130,tier1:gene_id
ACZ81_RS00135,-5.331014498424361,287.94847033631896,4.749651129429348e-06,0.0001614881384005,RNA,C2vsA2_rna,ACZ81_00135,tier1:gene_id
ACZ81_RS00140,-0.4965292959834892,87.95332994412374,0.0567724750392599,0.2068694386254204,RNA,C2vsA2_rna,ACZ81_00140,tier1:gene_id
ACZ81_RS00145,-0.0836480883026914,214.7079769439887,0.7635858000285395,0.9022660275354628,RNA,C2vsA2_rna,ACZ81_00145,tier1:gene_id
ACZ81_RS00150,-0.0997295809300641,475.3645439551685,0.608504855662537,0.8184114920945686,RNA,C2vsA2_rna,ACZ81_00150,tier1:gene_id
ACZ81_RS00155,-0.5547514300115086,388.5406480708241,0.0258633105052755,0.1256188475947658,RNA,C2vsA2_rna,ACZ81_00155,tier1:gene_id
ACZ81_RS00180,0.4089006453117165,83.06394679967222,0.5279498463173362,0.756476708366126,RNA,C2vsA2_rna,ACZ81_00180,tier1:gene_id
ACZ81_RS00185,0.1851613803460609,146.32040671107194,0.524154522308738,0.7538695316834044,RNA,C2vsA2_rna,ACZ81_00185,tier1:gene_id
ACZ81_RS00190,0.1127871548598143,152.9795615675542,0.7396114717549158,0.8892145767639511,RNA,C2vsA2_rna,ACZ81_00190,tier1:gene_id
ACZ81_RS00195,-0.1321350276527059,125.44152045513596,0.6427750453567656,0.8427495039122037,RNA,C2vsA2_rna,ACZ81_00195,tier1:gene_id
ACZ81_RS00200,-0.1591766541196797,153.6092224492428,0.6710492319829555,0.8595943546346161,RNA,C2vsA2_rna,ACZ81_00200,tier1:gene_id
ACZ81_RS00205,-0.3214068519398164,258.04984908791573,0.4449539386505274,0.6965100280397643,RNA,C2vsA2_rna,ACZ81_00205,tier1:gene_id
ACZ81_RS00210,0.2526821051859151,131.17694763852066,0.3957686715523134,0.6534254774764944,RNA,C2vsA2_rna,ACZ81_00210,tier1:gene_id
ACZ81_RS00215,0.0725119343072581,562.7279291514704,0.8015297386640317,0.92273667475469,RNA,C2vsA2_rna,ACZ81_00215,tier1:gene_id
ACZ81_RS00220,-0.4753196337364321,69.56860381538597,0.1346507304089876,0.3519340263197775,RNA,C2vsA2_rna,ACZ81_00220,tier1:gene_id
ACZ81_RS00225,0.2371360494594518,1219.9736127505785,0.4557699687809944,0.7033159557694415,RNA,C2vsA2_rna,ACZ81_00225,tier1:gene_id
ACZ81_RS00230,0.0246926367424905,656.8374852753045,0.9320766407850816,0.9708313667612825,RNA,C2vsA2_rna,ACZ81_00230,tier1:gene_id
ACZ81_RS00235,0.2454019494691094,1076.058944981807,0.2439971596879419,0.4986839555109644,RNA,C2vsA2_rna,ACZ81_00235,tier1:gene_id
ACZ81_RS00240,-0.4108593467585287,120.08726277533192,0.0917533766762931,0.2792978355275328,RNA,C2vsA2_rna,ACZ81_00240,tier1:gene_id
ACZ81_RS00245,-0.2114060613890304,13866.363026558374,0.5817733368530379,0.7995964716166245,RNA,C2vsA2_rna,ACZ81_00245,tier1:gene_id
ACZ81_RS00250,-0.1178202504549932,251.94275716051257,0.7693419875483405,0.9054268272349494,RNA,C2vsA2_rna,ACZ81_00250,tier1:gene_id
ACZ81_RS00255,-0.0266106390551883,112.06646700724454,0.9461444874374604,0.9765710531512968,RNA,C2vsA2_rna,ACZ81_00255,tier1:gene_id
ACZ81_RS00260,0.6104889123315357,377.1285487408503,0.0263471507627279,0.1268964812245672,RNA,C2vsA2_rna,ACZ81_00260,tier1:gene_id
ACZ81_RS00265,0.2225119952014275,5242.482040030117,0.6520786352480246,0.8482942557117622,RNA,C2vsA2_rna,ACZ81_00265,tier1:gene_id
ACZ81_RS00270,0.3734779547097016,2516.352591078579,0.4793477333287321,0.7190571627135527,RNA,C2vsA2_rna,ACZ81_00270,tier1:gene_id
ACZ81_RS00275,-0.6661328713484168,345.68062363758327,0.0503952499571861,0.1936645046247422,RNA,C2vsA2_rna,ACZ81_00275,tier1:gene_id
ACZ81_RS00280,-0.5053296013031613,382.1429805793016,0.0268546964574526,0.1284938577065902,RNA,C2vsA2_rna,ACZ81_00280,tier1:gene_id
ACZ81_RS00285,-0.0725986156691016,275.99563765803885,0.7834176882328294,0.9152800714007312,RNA,C2vsA2_rna,ACZ81_00285,tier1:gene_id
ACZ81_RS00290,0.1709736771802996,219.6856865350664,0.6126678627589557,0.8209831213723883,RNA,C2vsA2_rna,ACZ81_00290,tier1:gene_id
ACZ81_RS00295,-0.744234044684515,288.05231975857134,0.0012977740019512,0.0147590003960569,RNA,C2vsA2_rna,ACZ81_00295,tier1:gene_id
ACZ81_RS00300,-0.711609220484326,612.4321337778085,0.0031485165310333,0.0286436469898089,RNA,C2vsA2_rna,ACZ81_00300,tier1:gene_id
ACZ81_RS00305,-0.1901877454081879,517.2613444994904,0.5048746963898373,0.7400647723478361,RNA,C2vsA2_rna,ACZ81_00305,tier1:gene_id
ACZ81_RS00310,0.8618764706727309,3845.429327987116,0.0006938831806448,0.0096661781970391,RNA,C2vsA2_rna,ACZ81_00310,tier1:gene_id
ACZ81_RS00315,0.6384453316589915,3128.9408886356264,0.0537218040607286,0.2014316615809751,RNA,C2vsA2_rna,ACZ81_00315,tier1:gene_id
ACZ81_RS00320,0.6105357599778308,796.266971982868,0.0178891216623026,0.0984515172965133,RNA,C2vsA2_rna,ACZ81_00320,tier1:gene_id
ACZ81_RS00325,0.2402446210692474,246.067596261958,0.400787123681576,0.6568455638114719,RNA,C2vsA2_rna,ACZ81_00325,tier1:gene_id
ACZ81_RS00330,0.5520839968195296,516.9041780137908,0.1408111620558551,0.3609804358901539,RNA,C2vsA2_rna,ACZ81_00330,tier1:gene_id
ACZ81_RS00335,-0.27688687608438,240.3320428142352,0.2653021379244147,0.5220167618208691,RNA,C2vsA2_rna,ACZ81_00335,tier1:gene_id
ACZ81_RS00340,-0.6340207542377837,232.49788225746263,0.080320487571559,0.2569743190885925,RNA,C2vsA2_rna,ACZ81_00340,tier1:gene_id
ACZ81_RS00345,0.7176793720352139,175.72517122303077,0.2755356535212461,0.5322335300564465,RNA,C2vsA2_rna,ACZ81_00345,tier1:gene_id
ACZ81_RS00350,0.3990234108220586,461.0219458681487,0.103682005352026,0.3029659180424824,RNA,C2vsA2_rna,ACZ81_00350,tier1:gene_id
ACZ81_RS00355,-0.017152097222402,3194.804882229915,0.9252363304039972,0.9700736661076508,RNA,C2vsA2_rna,ACZ81_00355,tier1:gene_id
ACZ81_RS00360,0.5327969768951841,656.928307133229,0.1891650627177294,0.4341338179772803,RNA,C2vsA2_rna,ACZ81_00360,tier1:gene_id
ACZ81_RS00370,0.0545321471647742,94.53129545700656,0.8786153470913257,0.955852583676635,RNA,C2vsA2_rna,ACZ81_00370,tier1:gene_id
ACZ81_RS00375,0.6733914175707783,13.756901065059974,0.4309829028997979,0.6859664575137427,RNA,C2vsA2_rna,ACZ81_00375,tier1:gene_id
ACZ81_RS00380,-0.1783642619332202,93.42496569111594,0.6440783405739371,0.8437532587642025,RNA,C2vsA2_rna,ACZ81_00380,tier1:gene_id
ACZ81_RS00385,-0.2688911007947839,131.5679646133276,0.4847879584688511,0.7224997360241571,RNA,C2vsA2_rna,ACZ81_00385,tier1:gene_id
ACZ81_RS00390,0.0103350597339877,82.78152585036624,0.9746993887227128,0.9901315028077778,RNA,C2vsA2_rna,ACZ81_00390,tier1:gene_id
ACZ81_RS00395,0.1879517383323338,60.29149226639222,0.74607291200558,0.8925534220803542,RNA,C2vsA2_rna,ACZ81_00395,tier1:gene_id
ACZ81_RS00400,0.2717339650451362,862.9442520704338,0.4541005534109351,0.7015215326471589,RNA,C2vsA2_rna,ACZ81_00400,tier1:gene_id
ACZ81_RS00405,0.2148040122440676,514.3431252969833,0.4161930704286873,0.6735943461753705,RNA,C2vsA2_rna,ACZ81_00405,tier1:gene_id
ACZ81_RS00420,0.4070933972656589,82.96760438220124,0.5012673394947139,0.7377419537977962,RNA,C2vsA2_rna,ACZ81_00420,tier1:gene_id
ACZ81_RS00425,-0.1427839599215384,235.20834326608127,0.5630549514645363,0.7836116966241002,RNA,C2vsA2_rna,ACZ81_00425,tier1:gene_id
ACZ81_RS00430,1.1450591879500636,885.0669744192894,0.0399701611828136,0.1675656078008863,RNA,C2vsA2_rna,ACZ81_00430,tier1:gene_id
ACZ81_RS00435,-0.1528924593951435,4038.217547675053,0.8009332099193758,0.9224306070504428,RNA,C2vsA2_rna,ACZ81_00435,tier1:gene_id
ACZ81_RS00440,-0.2199813599312343,4166.891534491862,0.6704647988267872,0.8594238205937667,RNA,C2vsA2_rna,ACZ81_00440,tier1:gene_id
ACZ81_RS00445,-0.888965232851593,372.3222588411072,0.0633342952615622,0.2207177499782027,RNA,C2vsA2_rna,ACZ81_00445,tier1:gene_id
ACZ81_RS00450,-0.4330504935879301,135.2230638906304,0.1282619385406679,0.3412951679180485,RNA,C2vsA2_rna,ACZ81_00450,tier1:gene_id
ACZ81_RS00455,-0.0983952812359301,433.19632844377054,0.8238815558823783,0.9338995898552276,RNA,C2vsA2_rna,ACZ81_00455,tier1:gene_id
ACZ81_RS00460,-0.2148781653391953,483.0030335055264,0.603691926692475,0.8154922592222927,RNA,C2vsA2_rna,ACZ81_00460,tier1:gene_id
ACZ81_RS00465,-0.2631612802206214,287.27023141496863,0.5923034362328201,0.8069003009052884,RNA,C2vsA2_rna,ACZ81_00465,tier1:gene_id
ACZ81_RS00470,0.4563481525267047,304.0521602227928,0.3234104310620485,0.5828942719770615,RNA,C2vsA2_rna,ACZ81_00470,tier1:gene_id
ACZ81_RS00475,-0.6322949405371491,52.14527333365326,0.135976190390744,0.3540853829793772,RNA,C2vsA2_rna,ACZ81_00475,tier1:gene_id
ACZ81_RS00480,-0.3074627151564584,18.41859924430889,0.6532908291923274,0.8487659930454298,RNA,C2vsA2_rna,ACZ81_00480,tier1:gene_id
ACZ81_RS00485,-0.9073723047723372,1.519234663945611,0.6618140584789552,0.8534869825193084,RNA,C2vsA2_rna,ACZ81_00485,tier1:gene_id
ACZ81_RS00490,0.1142228754751489,16.790488087703125,0.8794917668173039,0.955852583676635,RNA,C2vsA2_rna,ACZ81_00490,tier1:gene_id
ACZ81_RS00495,0.0503706307151783,81.92925587342182,0.9301125923873,0.9708313667612825,RNA,C2vsA2_rna,ACZ81_00495,tier1:gene_id
ACZ81_RS00500,-0.4645187568726973,221.3582233584016,0.274462980316204,0.5314408672918004,RNA,C2vsA2_rna,ACZ81_00500,tier1:gene_id
ACZ81_RS00505,0.2686130466751781,1131.741578399235,0.2394705485756101,0.4951585622184606,RNA,C2vsA2_rna,ACZ81_00505,tier1:gene_id
ACZ81_RS00510,0.2787822101487276,1960.859066500324,0.1766215206000045,0.4175027452944661,RNA,C2vsA2_rna,ACZ81_00510,tier1:gene_id
ACZ81_RS00515,0.239252904642623,914.948277276994,0.3128334100879956,0.5717939140196076,RNA,C2vsA2_rna,ACZ81_00515,tier1:gene_id
ACZ81_RS00520,-0.2207856869302173,1007.313643334394,0.5626432972788595,0.7836116966241002,RNA,C2vsA2_rna,ACZ81_00520,tier1:gene_id
ACZ81_RS00525,-0.904772038149084,393.3929157611526,0.0159038622136176,0.0908921584060312,RNA,C2vsA2_rna,ACZ81_00525,tier1:gene_id
ACZ81_RS00530,0.5554926365245663,359.1632347163572,0.0716788459630864,0.2378623076955358,RNA,C2vsA2_rna,ACZ81_00530,tier1:gene_id
ACZ81_RS00535,-0.7271734988153309,1886.941543525409,0.0082242962448036,0.0561154362825721,RNA,C2vsA2_rna,ACZ81_00535,tier1:gene_id
ACZ81_RS00540,-0.0548996115009281,3013.5326890717483,0.8936908646997105,0.9591995048622896,RNA,C2vsA2_rna,ACZ81_00540,tier1:gene_id
ACZ81_RS00545,0.2770010914619109,1901.1196369185625,0.3426640115447867,0.6048253472581101,RNA,C2vsA2_rna,ACZ81_00545,tier1:gene_id
ACZ81_RS00550,0.0444999290481013,526.818635330733,0.8900880302632517,0.9574814441902894,RNA,C2vsA2_rna,ACZ81_00550,tier1:gene_id
ACZ81_RS00555,-0.0647792915279313,846.4198085843552,0.8348585513905079,0.9373576657616248,RNA,C2vsA2_rna,ACZ81_00555,tier1:gene_id
ACZ81_RS00560,0.2718984066839462,323.1190459401692,0.4043707453453738,0.6600225509868347,RNA,C2vsA2_rna,ACZ81_00560,tier1:gene_id
ACZ81_RS00565,-0.5568215770946978,994.3850689206204,0.1682333531174336,0.405513505750499,RNA,C2vsA2_rna,ACZ81_00565,tier1:gene_id
ACZ81_RS00570,-0.1219805819212106,1254.3056211372102,0.7420910962959103,0.8911312416459719,RNA,C2vsA2_rna,ACZ81_00570,tier1:gene_id
ACZ81_RS00575,-1.5144762343940428,4391.230052207237,8.868116732046945e-05,0.0019548837543391,RNA,C2vsA2_rna,ACZ81_00575,tier1:gene_id
ACZ81_RS00580,-1.2497092284857645,3319.9077352524823,0.0001302675477761,0.0026395626347366,RNA,C2vsA2_rna,ACZ81_00580,tier1:gene_id
ACZ81_RS00585,-1.069800147718397,407.933180297431,1.5608523348951243e-05,0.0004472956833999,RNA,C2vsA2_rna,ACZ81_00585,tier1:gene_id
ACZ81_RS00590,-0.3789729476399833,631.7503368184688,0.0557581586829337,0.2048670745896431,RNA,C2vsA2_rna,ACZ81_00590,tier1:gene_id
ACZ81_RS00595,-0.7685823211394633,369.13198443363046,0.0023477802821936,0.0232002327393129,RNA,C2vsA2_rna,ACZ81_00595,tier1:gene_id
ACZ81_RS00600,2.5465489537294426,21.69905535183419,0.0003685491706428,0.0060351807045675,RNA,C2vsA2_rna,ACZ81_00600,tier1:gene_id
ACZ81_RS00605,1.5583842397035124,61.96037289056295,0.0021006736805206,0.0210697570156223,RNA,C2vsA2_rna,ACZ81_00605,tier1:gene_id
ACZ81_RS00610,1.4433460651724073,280.6689887899975,0.0001515419556923,0.0029950065331899,RNA,C2vsA2_rna,ACZ81_00610,tier1:gene_id
ACZ81_RS00615,0.2204505577145594,131.01300852789623,0.5395359166246426,0.764882719963981,RNA,C2vsA2_rna,ACZ81_00615,tier1:gene_id
ACZ81_RS00620,1.107205576837306,91.49178933528198,0.0259028938647279,0.1256188475947658,RNA,C2vsA2_rna,ACZ81_00620,tier1:gene_id
ACZ81_RS00625,2.019516340595371,186.2169049971166,1.0586767491771486e-06,4.334092977243592e-05,RNA,C2vsA2_rna,ACZ81_00625,tier1:gene_id
ACZ81_RS00630,2.3521405470918104,310.45498277225323,2.5185562540684983e-08,1.5545304140496638e-06,RNA,C2vsA2_rna,ACZ81_00630,tier1:gene_id
ACZ81_RS00635,1.0823384095822666,101.59205556182692,0.0299441760017579,0.1390463357859406,RNA,C2vsA2_rna,ACZ81_00635,tier1:gene_id
ACZ81_RS00640,1.9708390179763704,95.780669882624,7.263646462421322e-06,0.0002294625953325,RNA,C2vsA2_rna,ACZ81_00640,tier1:gene_id
ACZ81_RS00645,0.9454224571948666,78.6256623367854,0.0566048954655415,0.2068295451801026,RNA,C2vsA2_rna,ACZ81_00645,tier1:gene_id
ACZ81_RS00650,2.6083828522562404,210.5094423438248,7.258783500325118e-14,1.2661843218827989e-11,RNA,C2vsA2_rna,ACZ81_00650,tier1:gene_id
ACZ81_RS00655,1.116380143853923,299.0481167512662,0.0001732586952459,0.003358038093365,RNA,C2vsA2_rna,ACZ81_00655,tier1:gene_id
ACZ81_RS00660,1.052166005550124,338.0270556344574,4.166313920340258e-06,0.0001466250127053,RNA,C2vsA2_rna,ACZ81_00660,tier1:gene_id
ACZ81_RS00665,0.4587609516595881,134.63086963215443,0.3250447921381658,0.5850514607708933,RNA,C2vsA2_rna,ACZ81_00665,tier1:gene_id
ACZ81_RS00670,-0.1906132928937146,667.508374030011,0.6793118520058301,0.8618597662631758,RNA,C2vsA2_rna,ACZ81_00670,tier1:gene_id
ACZ81_RS00675,-0.1154497971608763,123.8324715077422,0.7212305523609615,0.878565526260697,RNA,C2vsA2_rna,ACZ81_00675,tier1:gene_id
ACZ81_RS00680,-1.0448881543286097,727.2465686024341,0.0055322557084169,0.0433681525910757,RNA,C2vsA2_rna,ACZ81_00680,tier1:gene_id
ACZ81_RS00685,0.4947770716394674,40.70143695012266,0.2919826549264577,0.5503626339045802,RNA,C2vsA2_rna,ACZ81_00685,tier1:gene_id
ACZ81_RS00690,-0.7686867305099094,37.80687709233189,0.2269224113150109,0.482721481546036,RNA,C2vsA2_rna,ACZ81_00690,tier1:gene_id
ACZ81_RS00695,-1.349638966049456,53.70187911381038,0.0521025208515482,0.1972031260909542,RNA,C2vsA2_rna,ACZ81_00695,tier1:gene_id
ACZ81_RS00700,0.4173647004580109,577.5202316689155,0.1332711198235323,0.3496071034520994,RNA,C2vsA2_rna,ACZ81_00700,tier1:gene_id
ACZ81_RS00705,-0.2535421779578281,107.44342690417776,0.4420616942563879,0.6950302211949916,RNA,C2vsA2_rna,ACZ81_00705,tier1:gene_id
ACZ81_RS00710,0.8454685845884774,1167.3460346594995,0.0268624784327132,0.1284938577065902,RNA,C2vsA2_rna,ACZ81_00710,tier1:gene_id
ACZ81_RS00715,0.322425445446607,976.15362704979,0.2377131130996331,0.4946673905511577,RNA,C2vsA2_rna,ACZ81_00715,tier1:gene_id
ACZ81_RS00720,0.156143446462843,538.6353849972538,0.687022950711984,0.8659554125845051,RNA,C2vsA2_rna,ACZ81_00720,tier1:gene_id
ACZ81_RS00725,0.5695586176215057,828.0304502044837,0.0646302072464607,0.223155443993339,RNA,C2vsA2_rna,ACZ81_00725,tier1:gene_id
ACZ81_RS00730,0.2044262795150787,360.8388848978414,0.5760382560992796,0.795821447476002,RNA,C2vsA2_rna,ACZ81_00730,tier1:gene_id
ACZ81_RS00735,0.6123560269841989,107.64746866027798,0.3776556380661225,0.6354569727411128,RNA,C2vsA2_rna,ACZ81_00735,tier1:gene_id
ACZ81_RS00740,0.7043255092385005,37.593600050558464,0.2096377531247823,0.459599270785042,RNA,C2vsA2_rna,ACZ81_00740,tier1:gene_id
ACZ81_RS00745,1.1912688368461462,1103.595743929824,0.001435691147289,0.0157808024189684,RNA,C2vsA2_rna,ACZ81_00745,tier1:gene_id
ACZ81_RS00750,0.8727632802864826,156.5506263249851,0.0749603943158848,0.2465090999961722,RNA,C2vsA2_rna,ACZ81_00750,tier1:gene_id
ACZ81_RS00755,0.96738119904152,1744.6536093271866,0.0808174742056324,0.2580415072003708,RNA,C2vsA2_rna,ACZ81_00755,tier1:gene_id
ACZ81_RS00760,-0.3072095835424468,898.6195844767584,0.5043659540482941,0.7395892571790044,RNA,C2vsA2_rna,ACZ81_00760,tier1:gene_id
ACZ81_RS00765,-0.0506665493613455,264.2425793949584,0.8583572355766773,0.9486857380533412,RNA,C2vsA2_rna,ACZ81_00765,tier1:gene_id
ACZ81_RS00770,0.4971338350041862,29.20332709590881,0.4322523462531571,0.6863521355100612,RNA,C2vsA2_rna,ACZ81_00770,tier1:gene_id
ACZ81_RS00775,0.8966849389875982,389.9528282998672,0.0001194576826064,0.0024823569966149,RNA,C2vsA2_rna,ACZ81_00775,tier1:gene_id
ACZ81_RS00780,0.5310466804455884,597.1255530412118,0.030896930995,0.1419210755827902,RNA,C2vsA2_rna,ACZ81_00780,tier1:gene_id
ACZ81_RS00785,0.3165882232561343,270.9878980637537,0.2428922923573749,0.497951993986212,RNA,C2vsA2_rna,ACZ81_00785,tier1:gene_id
ACZ81_RS00790,-0.2853752037348929,972.1007906721636,0.1858540059838139,0.4297673037504678,RNA,C2vsA2_rna,ACZ81_00790,tier1:gene_id
ACZ81_RS00795,0.2873525798749962,131.4935759736591,0.479153399117571,0.7190571627135527,RNA,C2vsA2_rna,ACZ81_00795,tier1:gene_id
ACZ81_RS00800,0.6641789399988782,551.0632251001902,0.0506033159638492,0.1940922597007297,RNA,C2vsA2_rna,ACZ81_00800,tier1:gene_id
ACZ81_RS00805,0.4500314084102409,1565.551239802686,0.0598071238654635,0.2127731578419625,RNA,C2vsA2_rna,ACZ81_00805,tier1:gene_id
ACZ81_RS00810,1.284070484309746,940.1013192327214,4.549034663110973e-07,2.0599081034739256e-05,RNA,C2vsA2_rna,ACZ81_00810,tier1:gene_id
ACZ81_RS00815,-1.3550963266821725,0.7697567338223308,0.6794771786366962,0.8618597662631758,RNA,C2vsA2_rna,ACZ81_00815,tier1:gene_id
ACZ81_RS00820,0.0275747260707485,738.184372484125,0.9308415709753884,0.9708313667612825,RNA,C2vsA2_rna,ACZ81_00820,tier1:gene_id
ACZ81_RS00825,0.6349458341732465,47.57560194718479,0.2947396010375423,0.5533436028837715,RNA,C2vsA2_rna,ACZ81_00825,tier1:gene_id
ACZ81_RS00830,0.0076216207687845,132.4086351680665,0.9799543336639162,0.993073196933476,RNA,C2vsA2_rna,ACZ81_00830,tier1:gene_id
ACZ81_RS00835,-0.1550107614780587,419.3101702225,0.4089251414373165,0.6644826518616904,RNA,C2vsA2_rna,ACZ81_00835,tier1:gene_id
ACZ81_RS00840,0.3230921456367395,582.815680329011,0.1668874421722803,0.4033448301175836,RNA,C2vsA2_rna,ACZ81_00840,tier1:gene_id
ACZ81_RS00845,0.7932624422265997,1149.7947949897336,0.0012985860268714,0.0147590003960569,RNA,C2vsA2_rna,ACZ81_00845,tier1:gene_id
ACZ81_RS00850,0.9852571000401316,107.27681997357038,0.000336232245828,0.005597360042581,RNA,C2vsA2_rna,ACZ81_00850,tier1:gene_id
ACZ81_RS00855,1.0116438278264204,458.941775222014,0.0021068593621548,0.0210791016482921,RNA,C2vsA2_rna,ACZ81_00855,tier1:gene_id
ACZ81_RS00860,1.105741273282759,27.02717365648966,0.1728245357711678,0.4119857620403597,RNA,C2vsA2_rna,ACZ81_00860,tier1:gene_id
ACZ81_RS00865,-0.3044442510021151,1802.993681252128,0.463764373473371,0.7094838630141005,RNA,C2vsA2_rna,ACZ81_00865,tier1:gene_id
ACZ81_RS00870,-0.6385515292803188,899.8749940704527,0.056838181891458,0.2068694386254204,RNA,C2vsA2_rna,ACZ81_00870,tier1:gene_id
ACZ81_RS00875,-0.2076570397943863,510.1081258504885,0.4452826262730981,0.6967526897845826,RNA,C2vsA2_rna,ACZ81_00875,tier1:gene_id
ACZ81_RS00880,0.2748000710873784,350.6995120484381,0.2004492671403681,0.4492277503031746,RNA,C2vsA2_rna,ACZ81_00880,tier1:gene_id
ACZ81_RS00885,0.4304733803160451,1017.605965491804,0.0754927181141862,0.2470446860310891,RNA,C2vsA2_rna,ACZ81_00885,tier1:gene_id
ACZ81_RS00890,0.2659589303524126,1419.9990070750127,0.5500208270560356,0.7721076130681648,RNA,C2vsA2_rna,ACZ81_00890,tier1:gene_id
ACZ81_RS00895,0.4536621733011137,3017.481133984874,0.0681429125684853,0.229731129480444,RNA,C2vsA2_rna,ACZ81_00895,tier1:gene_id
ACZ81_RS00900,0.52181816051733,102.33410659504224,0.0554422474654075,0.2040681622304726,RNA,C2vsA2_rna,ACZ81_00900,tier1:gene_id
ACZ81_RS00905,0.0136633306449623,229.85215259950104,0.9617313216553796,0.9851023548521785,RNA,C2vsA2_rna,ACZ81_00905,tier1:gene_id
ACZ81_RS00910,-0.0608573440681039,479.3985258576184,0.7171868556161523,0.8767073932760521,RNA,C2vsA2_rna,ACZ81_00910,tier1:gene_id
ACZ81_RS00915,0.1384341625993163,255.1023648728962,0.6100642245703585,0.8189084002558582,RNA,C2vsA2_rna,ACZ81_00915,tier1:gene_id
ACZ81_RS00920,-0.0039760604781392,9.928712518607773,0.9962114952547496,0.9987007793508385,RNA,C2vsA2_rna,ACZ81_00920,tier1:gene_id
ACZ81_RS00925,0.2956468745951791,46.40112740234897,0.4557880072284516,0.7033159557694415,RNA,C2vsA2_rna,ACZ81_00925,tier1:gene_id
ACZ81_RS00930,0.4197061876969408,290.8188936102805,0.1428556833108623,0.3640405167014066,RNA,C2vsA2_rna,ACZ81_00930,tier1:gene_id
ACZ81_RS00935,0.6496860575422154,2305.259775908215,0.0003184458102883,0.0054135787749022,RNA,C2vsA2_rna,ACZ81_00940,tier1:gene_id
ACZ81_RS00940,-0.2161668231980547,770.0574713486878,0.4464738394714313,0.6975284439094168,RNA,C2vsA2_rna,ACZ81_00945,tier1:gene_id
ACZ81_RS00945,0.387943822044113,204.55185641070472,0.1056640745324621,0.3069690564983622,RNA,C2vsA2_rna,ACZ81_00950,tier1:gene_id
ACZ81_RS00950,0.3866654518596911,75.12740123313573,0.5329232753688464,0.7595339896198265,RNA,C2vsA2_rna,ACZ81_00955,tier1:gene_id
ACZ81_RS00955,-0.0358087000339231,749.6593111908493,0.8462985491422432,0.944201829576941,RNA,C2vsA2_rna,ACZ81_00960,tier1:gene_id
ACZ81_RS00960,-0.0213907083752777,680.0132112302413,0.9186968166935704,0.968421342242408,RNA,C2vsA2_rna,ACZ81_00965,tier1:gene_id
ACZ81_RS00965,0.7231711127064204,318.36348929548336,0.0116034667706522,0.0727275373538491,RNA,C2vsA2_rna,ACZ81_00970,tier1:gene_id
ACZ81_RS00970,1.5874447419744504,334.74473016269724,0.0036636228329365,0.0322334535213628,RNA,C2vsA2_rna,ACZ81_00975,tier1:gene_id
ACZ81_RS00975,0.8988940252705417,446.9218354187496,0.0561591111680769,0.2057841811547622,RNA,C2vsA2_rna,ACZ81_00980,tier1:gene_id
ACZ81_RS00980,0.4127012516022703,721.1833046116999,0.0604602370389569,0.2135268230636401,RNA,C2vsA2_rna,ACZ81_00985,tier1:gene_id
ACZ81_RS00985,-0.0701992999306465,7909.126845128379,0.8183342613371748,0.9319208221642762,RNA,C2vsA2_rna,ACZ81_00990,tier1:gene_id
ACZ81_RS00990,0.486892966140298,103.9242283299924,0.2823669633017562,0.5391985991273898,RNA,C2vsA2_rna,ACZ81_00995,tier1:gene_id
ACZ81_RS00995,0.507829032367984,167.799545195757,0.233333435412705,0.4890980892767883,RNA,C2vsA2_rna,ACZ81_01000,tier1:gene_id
ACZ81_RS01000,-0.1033978075378195,332.2601150188848,0.8293691246469111,0.9362489949587528,RNA,C2vsA2_rna,ACZ81_01005,tier1:gene_id
ACZ81_RS01005,0.3145981431527179,265.7988818210293,0.4312082267820686,0.6859664575137427,RNA,C2vsA2_rna,ACZ81_01010,tier1:gene_id
ACZ81_RS01010,0.0150962971867635,3816.810347477886,0.9797170337062254,0.993073196933476,RNA,C2vsA2_rna,ACZ81_01015,tier1:gene_id
ACZ81_RS01015,0.8828046291715869,908.7089390285396,0.1231059156901539,0.3334915150228885,RNA,C2vsA2_rna,ACZ81_01020,tier1:gene_id
ACZ81_RS01020,0.1820969033581966,356.8326509564665,0.602980506139223,0.8150495632952329,RNA,C2vsA2_rna,ACZ81_01025,tier1:gene_id
ACZ81_RS01025,0.0779870393214205,959.6164349555896,0.8713266451149857,0.9533031088631914,RNA,C2vsA2_rna,ACZ81_01030,tier1:gene_id
ACZ81_RS01030,-0.1955412524818926,131.18289404505003,0.5555556257480265,0.7766164357146629,RNA,C2vsA2_rna,ACZ81_01035,tier1:gene_id
ACZ81_RS01035,-1.5932259819200898,102.40147303814004,3.870141778588399e-05,0.0009827220769428,RNA,C2vsA2_rna,ACZ81_01040,tier1:gene_id
ACZ81_RS01040,0.487912327127818,1124.160775326538,0.2393898241995404,0.4951585622184606,RNA,C2vsA2_rna,ACZ81_01045,tier1:gene_id
ACZ81_RS01045,0.6260717986851537,310.85693585740034,0.1805529663787514,0.422938045068067,RNA,C2vsA2_rna,ACZ81_01050,tier1:gene_id
ACZ81_RS01050,0.4367407719134402,178.09084859299898,0.3526245903046292,0.6134995040338996,RNA,C2vsA2_rna,ACZ81_01055,tier1:gene_id
ACZ81_RS01055,0.4460311996231907,99.9501365198749,0.4579651705376956,0.7048012268904105,RNA,C2vsA2_rna,ACZ81_01060,tier1:gene_id
ACZ81_RS01060,0.3270536417909098,428.3038507549759,0.391145479277045,0.6487290875814405,RNA,C2vsA2_rna,ACZ81_01065,tier1:gene_id
ACZ81_RS01065,-0.3283567792931895,170.10743172603205,0.4790916827254875,0.7190571627135527,RNA,C2vsA2_rna,ACZ81_01070,tier1:gene_id
ACZ81_RS01070,-0.531911002393751,146.9469789300277,0.1368651094097752,0.3549814508658749,RNA,C2vsA2_rna,ACZ81_01075,tier1:gene_id
ACZ81_RS01075,-0.6629230721011896,308.5145955074943,0.0814164200234444,0.2590346369025051,RNA,C2vsA2_rna,ACZ81_01080,tier1:gene_id
ACZ81_RS01080,-0.2111765063645649,578.711899363997,0.6959838920474115,0.8686997522775508,RNA,C2vsA2_rna,ACZ81_01085,tier1:gene_id
ACZ81_RS01085,-0.145737015507808,751.4665363829833,0.6842416371644017,0.8640785169353413,RNA,C2vsA2_rna,ACZ81_01090,tier1:gene_id
ACZ81_RS01090,0.1725046649590703,1009.3552763996132,0.5602521058684797,0.7810761610069026,RNA,C2vsA2_rna,ACZ81_01095,tier1:gene_id
ACZ81_RS01095,0.8621210149224349,926.6679607244336,0.0081365805301603,0.0556115180357804,RNA,C2vsA2_rna,ACZ81_01100,tier1:gene_id
ACZ81_RS01100,0.8881359542736621,259.4561968253279,0.0508521678038937,0.1944889392080284,RNA,C2vsA2_rna,ACZ81_01105,tier1:gene_id
ACZ81_RS01105,0.2769782599317157,123.32060872142884,0.5776858454546805,0.7972021220563327,RNA,C2vsA2_rna,ACZ81_01110,tier1:gene_id
ACZ81_RS01110,-0.6755095985463927,261.84738680025254,0.056468512453629,0.2065192998759888,RNA,C2vsA2_rna,ACZ81_01115,tier1:gene_id
ACZ81_RS01115,-1.1265969106528195,130.57103054882305,0.0197833233053655,0.1056160161215309,RNA,C2vsA2_rna,ACZ81_01120,tier1:gene_id
ACZ81_RS01120,-0.8967209458316783,502.80173516752143,0.000711936634502,0.0098833556319106,RNA,C2vsA2_rna,ACZ81_01125,tier1:gene_id
ACZ81_RS01125,0.2468945084510689,2090.585971642995,0.1966220024386118,0.4441708748782154,RNA,C2vsA2_rna,ACZ81_01130,tier1:gene_id
ACZ81_RS01130,0.0442513685426365,280.449880807231,0.8795265362861577,0.955852583676635,RNA,C2vsA2_rna,ACZ81_01135,tier1:gene_id
ACZ81_RS01135,-0.3141386054136832,102.53451457068302,0.3262532436326152,0.5864372820134643,RNA,C2vsA2_rna,ACZ81_01140,tier1:gene_id
ACZ81_RS01140,-0.047060250591957,107.19804875888484,0.8899721503325967,0.9574814441902894,RNA,C2vsA2_rna,ACZ81_01145,tier1:gene_id
ACZ81_RS01145,0.2282642684162479,2468.434942180892,0.686324094292218,0.8658906497799932,RNA,C2vsA2_rna,ACZ81_01150,tier1:gene_id
ACZ81_RS01150,-0.4641539962822716,3621.5560842075074,0.2428601148834078,0.497951993986212,RNA,C2vsA2_rna,ACZ81_01155,tier1:gene_id
ACZ81_RS01155,-0.2701894631895799,2529.680644940986,0.4206361216742324,0.6771336111275724,RNA,C2vsA2_rna,ACZ81_01160,tier1:gene_id
ACZ81_RS01160,-0.4293332759997921,3993.3305735473423,0.0046733129773001,0.0381083976929433,RNA,C2vsA2_rna,ACZ81_01165,tier1:gene_id
ACZ81_RS01165,-0.1289137373533959,219.7620403428148,0.6212813853211349,0.8276204307076791,RNA,C2vsA2_rna,ACZ81_01170,tier1:gene_id
ACZ81_RS01170,0.3457467896700766,505.3352991226943,0.1379489250336059,0.3563352489831332,RNA,C2vsA2_rna,ACZ81_01175,tier1:gene_id
ACZ81_RS01175,-0.1396880054398264,2629.375393643367,0.4955250840873162,0.7330555447486404,RNA,C2vsA2_rna,ACZ81_01180,tier1:gene_id
ACZ81_RS01180,-0.2088532521227394,100.69443771265782,0.6283900382140901,0.8328711044978294,RNA,C2vsA2_rna,ACZ81_01185,tier1:gene_id
ACZ81_RS01185,1.4199273375340238,621.3853675577591,5.533057200469478e-05,0.0013213467552549,RNA,C2vsA2_rna,ACZ81_01190,tier1:gene_id
ACZ81_RS01190,0.0830041342422892,4094.735721562221,0.6873468555817348,0.8660915780759799,RNA,C2vsA2_rna,ACZ81_01195,tier1:gene_id
ACZ81_RS01195,-0.2439154399227907,1627.2989150507929,0.2458199475189598,0.50032984383452,RNA,C2vsA2_rna,ACZ81_01200,tier1:gene_id
ACZ81_RS01200,0.8522508809393449,809.5913761501874,0.001431163099813,0.0157742482320054,RNA,C2vsA2_rna,ACZ81_01205,tier1:gene_id
ACZ81_RS01205,0.9647010390888728,440.0081000242449,0.0801738413830873,0.2567098576448096,RNA,C2vsA2_rna,ACZ81_01210,tier1:gene_id
ACZ81_RS01210,0.4801498770010046,884.6703727597655,0.1211324177413515,0.3290340284213288,RNA,C2vsA2_rna,ACZ81_01215,tier1:gene_id
ACZ81_RS01215,0.0895949460191127,437.899495226041,0.681731760169558,0.8630823041338804,RNA,C2vsA2_rna,ACZ81_01220,tier1:gene_id
ACZ81_RS01220,0.5108258992136732,274.0476443001934,0.1328145385378198,0.3494111007303167,RNA,C2vsA2_rna,ACZ81_01225,tier1:gene_id
ACZ81_RS01225,0.4174936395717243,200.89346405905243,0.332933402920503,0.5936572500075813,RNA,C2vsA2_rna,ACZ81_01230,tier1:gene_id
ACZ81_RS01235,-0.1785500045621032,658.4725664256796,0.4766288560965147,0.7184779978200372,RNA,C2vsA2_rna,ACZ81_01245,tier1:gene_id
ACZ81_RS01240,0.0072081264361802,99.5175026064648,0.9872662783540194,0.9960924308646488,RNA,C2vsA2_rna,ACZ81_01250,tier1:gene_id
ACZ81_RS01245,-0.1158193871532051,503.2787869134482,0.6378522573773358,0.838945400666534,RNA,C2vsA2_rna,ACZ81_01255,tier1:gene_id
ACZ81_RS01250,-0.0190447095009224,292.81179335048466,0.9411552052275308,0.9742799545820504,RNA,C2vsA2_rna,ACZ81_01260,tier1:gene_id
ACZ81_RS01255,0.3805100252086926,655.2144667417633,0.2929629852145883,0.551298075366289,RNA,C2vsA2_rna,ACZ81_01265,tier1:gene_id
ACZ81_RS01260,-0.0107531081492946,231.19527620025715,0.97562717203813,0.9904897431608116,RNA,C2vsA2_rna,ACZ81_01270,tier1:gene_id
ACZ81_RS01265,-0.908907928375852,114.53361887656408,0.0059241013712608,0.0451853511435334,RNA,C2vsA2_rna,ACZ81_01275,tier1:gene_id
ACZ81_RS01280,-0.461324211345987,351.3485762614596,0.153405306902631,0.3802156587298179,RNA,C2vsA2_rna,ACZ81_01290,tier1:gene_id
ACZ81_RS01285,0.8638239509805854,193.11539427348688,0.0599819233733439,0.2127731578419625,RNA,C2vsA2_rna,ACZ81_01295,tier1:gene_id
ACZ81_RS01290,0.4689398276242384,145.7729790834809,0.175185102978316,0.4153916271566216,RNA,C2vsA2_rna,ACZ81_01300,tier1:gene_id
ACZ81_RS01295,0.3109472689053078,40.20912901843799,0.6180307607613587,0.825687449941582,RNA,C2vsA2_rna,ACZ81_01305,tier1:gene_id
ACZ81_RS01300,0.4185382306832755,15.261711495980704,0.6552567932355857,0.8499483525577658,RNA,C2vsA2_rna,ACZ81_01310,tier1:gene_id
ACZ81_RS01305,0.01051975533182,9.150220126223202,0.9897390701340189,0.9972126534264684,RNA,C2vsA2_rna,ACZ81_01315,tier1:gene_id
ACZ81_RS01310,0.5111686277516617,32.548983292693535,0.2376113234997694,0.4946673905511577,RNA,C2vsA2_rna,ACZ81_01320,tier1:gene_id
ACZ81_RS01315,-0.3959729580564546,10.9280254064016,0.4746076988105742,0.7174551950369343,RNA,C2vsA2_rna,ACZ81_01325,tier1:gene_id
ACZ81_RS01320,-1.3401900867871024,94.55307866755268,0.0114057195868077,0.0717237413515247,RNA,C2vsA2_rna,ACZ81_01330,tier1:gene_id
ACZ81_RS01325,-2.6100108710301404,293.97360452280674,1.0792414317360652e-20,7.216527706875156e-18,RNA,C2vsA2_rna,ACZ81_01335,tier1:gene_id
ACZ81_RS01340,-0.0494920486027109,29.80594956013917,0.9249346904173384,0.9700736661076508,RNA,C2vsA2_rna,ACZ81_01350,tier1:gene_id
ACZ81_RS01350,-0.2788917941645801,107.9729760373606,0.5026510788166517,0.7384184675861442,RNA,C2vsA2_rna,ACZ81_01360,tier1:gene_id
ACZ81_RS01355,-0.8429491673625146,100.576127110209,0.104369852148278,0.3038692647452043,RNA,C2vsA2_rna,ACZ81_01365,tier1:gene_id
ACZ81_RS01360,-0.5773172377582189,102.23398713599958,0.2408522244537876,0.4959740795816909,RNA,C2vsA2_rna,ACZ81_01370,tier1:gene_id
ACZ81_RS01365,-0.7751828051554457,316.4581286721631,0.0243928291932086,0.1217214312477026,RNA,C2vsA2_rna,ACZ81_01375,tier1:gene_id
ACZ81_RS01370,-1.140151567380469,159.30740398452264,0.0411242385198639,0.1710220863104663,RNA,C2vsA2_rna,ACZ81_01380,tier1:gene_id
ACZ81_RS01375,-1.2429436644423804,203.76548387292823,0.0065071571108356,0.0485254913172353,RNA,C2vsA2_rna,ACZ81_01385,tier1:gene_id
ACZ81_RS01380,-0.3089588748468465,361.5602265405402,0.4024499625590903,0.6576901221128596,RNA,C2vsA2_rna,ACZ81_01390,tier1:gene_id
ACZ81_RS01385,-0.3907118628809002,277.989143715666,0.3573448129726703,0.6174278163851651,RNA,C2vsA2_rna,ACZ81_01395,tier1:gene_id
ACZ81_RS01390,-0.2444867197103375,223.7371861596284,0.4486994552342789,0.6985870682007138,RNA,C2vsA2_rna,ACZ81_01400,tier1:gene_id
ACZ81_RS01405,-1.279831526493599,4330.4130965011855,0.0008246363629652,0.0109914986319483,RNA,C2vsA2_rna,,unresolved
ACZ81_RS01410,-1.168568840293798,787.6600711195557,0.0025292132849641,0.0246291351924176,RNA,C2vsA2_rna,ACZ81_01420,tier1:gene_id
ACZ81_RS01415,-1.3073998472624866,1579.5643396162532,0.005173616859035,0.0412655086251466,RNA,C2vsA2_rna,ACZ81_01425,tier1:gene_id
ACZ81_RS01420,-1.113437417716172,355.1770695842404,0.0133881081040997,0.0800493140292819,RNA,C2vsA2_rna,ACZ81_01430,tier1:gene_id
ACZ81_RS01430,-1.460821144285399,468.31638565345503,0.0058882050091538,0.0450872350113861,RNA,C2vsA2_rna,ACZ81_01440,tier1:gene_id
ACZ81_RS01435,-1.4196887341061115,201.5478891675529,0.0077213012532828,0.0533181766405694,RNA,C2vsA2_rna,ACZ81_01445,tier1:gene_id
ACZ81_RS01440,-1.4499628625697758,221.85057303654293,0.0005159744172567,0.0078710622130577,RNA,C2vsA2_rna,ACZ81_01450,tier1:gene_id
ACZ81_RS01445,0.4637452396739246,1767.6992643322462,0.4755700643869217,0.718359064272626,RNA,C2vsA2_rna,ACZ81_01455,tier1:gene_id
ACZ81_RS01450,0.7058080548223841,490.78422726967057,0.3188717178656566,0.5774534134450621,RNA,C2vsA2_rna,ACZ81_01460,tier1:gene_id
ACZ81_RS01455,0.8202824795607798,1309.1450642127036,0.1972147037184197,0.4452561535207521,RNA,C2vsA2_rna,ACZ81_01465,tier1:gene_id
ACZ81_RS01460,0.1516036805730431,123.1688092213594,0.8233247535252226,0.9337076787601928,RNA,C2vsA2_rna,ACZ81_01470,tier1:gene_id
ACZ81_RS01465,-1.331275928348886,1238.0563305449602,0.018460734479273,0.1003750085621519,RNA,C2vsA2_rna,ACZ81_01475,tier1:gene_id
ACZ81_RS01475,-1.6987100511087856,165.94621442754232,0.0010305429982773,0.0125669863498142,RNA,C2vsA2_rna,ACZ81_01485,tier1:gene_id
ACZ81_RS01480,-0.5861920066792107,351.41114675107383,0.0827364522352869,0.2617812668517122,RNA,C2vsA2_rna,ACZ81_01490,tier1:gene_id
ACZ81_RS01485,-0.5510944226058191,363.9415993234412,0.148290635277229,0.371696710934647,RNA,C2vsA2_rna,ACZ81_01495,tier1:gene_id
ACZ81_RS01490,0.2257413396408661,4481.4993945378,0.6214664221904874,0.8276204307076791,RNA,C2vsA2_rna,ACZ81_01500,tier1:gene_id
ACZ81_RS01495,1.0223667296570556,239.70636336371024,2.7158847600530764e-05,0.0007121653370805,RNA,C2vsA2_rna,ACZ81_01505,tier1:gene_id
ACZ81_RS01505,-1.0487304741715524,435.46056856989287,0.0009845956396265,0.0122231394198785,RNA,C2vsA2_rna,ACZ81_01515,tier1:gene_id
ACZ81_RS01510,-0.4255450867959575,916.1150268514142,0.1106722668308095,0.3146825900249523,RNA,C2vsA2_rna,ACZ81_01520,tier1:gene_id
ACZ81_RS01515,-1.0231833344839516,281.44233608772515,2.3713420607094792e-05,0.0006428259694301,RNA,C2vsA2_rna,ACZ81_01525,tier1:gene_id
ACZ81_RS01520,-0.6426661241412571,162.74971345562568,0.0008087832189044,0.0108523019205501,RNA,C2vsA2_rna,ACZ81_01530,tier1:gene_id
ACZ81_RS01525,-0.0221667784026384,96.77376957780092,0.9571880892970794,0.982409468984365,RNA,C2vsA2_rna,ACZ81_01535,tier1:gene_id
ACZ81_RS01530,0.4203868048814767,169.64900147454046,0.2985382117660241,0.5567593173969999,RNA,C2vsA2_rna,ACZ81_01540,tier1:gene_id
ACZ81_RS01535,2.4086019106599648,103.7680983775419,2.930512281493636e-07,1.3514040544083297e-05,RNA,C2vsA2_rna,ACZ81_01545,tier1:gene_id
ACZ81_RS01540,0.1406652689114566,668.9049257178553,0.5407964330584768,0.7661282801661755,RNA,C2vsA2_rna,ACZ81_01550,tier1:gene_id
ACZ81_RS01545,-0.0244832873091668,34.79868391070035,0.962132767043942,0.9851023548521785,RNA,C2vsA2_rna,ACZ81_01555,tier1:gene_id
ACZ81_RS01550,0.8920610490947241,481.0870343965528,0.0155657391584092,0.0899852240684985,RNA,C2vsA2_rna,ACZ81_01560,tier1:gene_id
ACZ81_RS01555,0.713592635643463,625.5501100683297,0.0026490370915724,0.0252737068324573,RNA,C2vsA2_rna,ACZ81_01565,tier1:gene_id
ACZ81_RS01560,1.3958977912472028,1422.2414880101323,0.0001824963945515,0.0034865501663852,RNA,C2vsA2_rna,ACZ81_01570,tier1:gene_id
ACZ81_RS01565,1.2419574033568637,825.3000418538866,0.0122491482847182,0.0751430931472315,RNA,C2vsA2_rna,ACZ81_01575,tier1:gene_id
ACZ81_RS01570,1.0100847502240025,401.1639669936835,0.0045215152626976,0.0372491154701088,RNA,C2vsA2_rna,ACZ81_01580,tier1:gene_id
ACZ81_RS01575,1.0601079853688808,253.8124343972607,0.0109037330642165,0.0695481352204081,RNA,C2vsA2_rna,ACZ81_01585,tier1:gene_id
ACZ81_RS01580,0.4648253317641097,612.073522437001,0.1272243936371138,0.3393778372819819,RNA,C2vsA2_rna,ACZ81_01590,tier1:gene_id
ACZ81_RS01585,0.8027269027046579,216.09072211948208,0.130465485352395,0.3448139178088333,RNA,C2vsA2_rna,ACZ81_01595,tier1:gene_id
ACZ81_RS01590,0.6635416008874949,244.79531686840812,0.1521239448774829,0.3781420488528261,RNA,C2vsA2_rna,ACZ81_01600,tier1:gene_id
ACZ81_RS01595,-0.5498899188720567,479.3665405076229,0.1989351381504078,0.4471304057475833,RNA,C2vsA2_rna,ACZ81_01605,tier1:gene_id
ACZ81_RS01625,0.4338594534148345,2716.0921721899285,0.129002155350414,0.3425259081838921,RNA,C2vsA2_rna,ACZ81_01635,tier1:gene_id
ACZ81_RS01630,0.5613039633517972,1247.7313622123088,0.1248501682435331,0.3354982417903916,RNA,C2vsA2_rna,ACZ81_01640,tier1:gene_id
ACZ81_RS01635,-0.7212608355463264,56.87461021846564,0.0777975231294271,0.2527105945127902,RNA,C2vsA2_rna,ACZ81_01645,tier1:gene_id
ACZ81_RS01640,0.1586211214995848,33151.13741026872,0.6954442564683689,0.8683854207753178,RNA,C2vsA2_rna,ACZ81_01650,tier1:gene_id
ACZ81_RS01645,-0.2521105011317502,160.1531485224058,0.4801297311757541,0.719835755409987,RNA,C2vsA2_rna,ACZ81_01655,tier1:gene_id
ACZ81_RS01650,0.5447765934650818,1171.841020539622,0.0440180562943727,0.1784921109967622,RNA,C2vsA2_rna,ACZ81_01660,tier1:gene_id
ACZ81_RS01655,0.3855540042924257,7616.40639913937,0.3593545469632491,0.6194217440897481,RNA,C2vsA2_rna,ACZ81_01665,tier1:gene_id
ACZ81_RS01660,0.4559585843906499,8345.818399342766,0.2958225724877362,0.5537367594871545,RNA,C2vsA2_rna,ACZ81_01670,tier1:gene_id
ACZ81_RS01665,0.986997949562672,4909.1594484356165,0.066458266287599,0.2272000527943304,RNA,C2vsA2_rna,ACZ81_01675,tier1:gene_id
ACZ81_RS01670,1.210224911942115,2501.4370470503454,0.0420317636735568,0.173489131541471,RNA,C2vsA2_rna,ACZ81_01680,tier1:gene_id
ACZ81_RS01675,1.1306065356058026,7007.028118145328,0.0706089156498398,0.2356763474102808,RNA,C2vsA2_rna,ACZ81_01685,tier1:gene_id
ACZ81_RS01680,0.3722775017550354,2186.443250884472,0.4941432324945144,0.7329030124835461,RNA,C2vsA2_rna,ACZ81_01690,tier1:gene_id
ACZ81_RS01685,0.2292991174502344,2571.9536587891976,0.6504347308781128,0.8475297630019448,RNA,C2vsA2_rna,ACZ81_01695,tier1:gene_id
ACZ81_RS01690,-0.2019720847728182,6033.246522986519,0.6965620895007181,0.8686997522775508,RNA,C2vsA2_rna,ACZ81_01700,tier1:gene_id
ACZ81_RS01695,-0.7194404262823171,2727.3893024886106,0.1194592026628746,0.3262474807468675,RNA,C2vsA2_rna,ACZ81_01705,tier1:gene_id
ACZ81_RS01700,-0.7428514758267221,1134.0882446907085,0.0895753240100289,0.2749138294705882,RNA,C2vsA2_rna,ACZ81_01710,tier1:gene_id
ACZ81_RS01705,-0.3748691980912116,1151.7284201471482,0.4944518769623836,0.7330555447486404,RNA,C2vsA2_rna,ACZ81_01715,tier1:gene_id
ACZ81_RS01710,-0.0895607796980157,883.037461075675,0.8583217450752542,0.9486857380533412,RNA,C2vsA2_rna,ACZ81_01720,tier1:gene_id
ACZ81_RS01715,0.6268085908699553,248.3617153163554,0.018144967941143,0.0993146130693941,RNA,C2vsA2_rna,ACZ81_01725,tier1:gene_id
ACZ81_RS01720,-0.1955110841368234,1033.449048921225,0.4458741879487122,0.6968629692443449,RNA,C2vsA2_rna,ACZ81_01730,tier1:gene_id
ACZ81_RS01725,0.426012740493138,687.6228969961016,0.2206029073353795,0.4742109604929647,RNA,C2vsA2_rna,ACZ81_01735,tier1:gene_id
ACZ81_RS01730,0.619416529838295,5949.928992700555,0.2721309207391156,0.5289676618242888,RNA,C2vsA2_rna,ACZ81_01740,tier1:gene_id
ACZ81_RS01735,-0.1887196665252163,516.7862591659728,0.4757427801027834,0.718359064272626,RNA,C2vsA2_rna,ACZ81_01745,tier1:gene_id
ACZ81_RS01740,0.4960205984422447,1374.8108318422858,0.1440065527705648,0.3653082286215346,RNA,C2vsA2_rna,ACZ81_01750,tier1:gene_id
ACZ81_RS01745,2.4130347893910487,0.6050845591464443,0.4994425339896474,0.73667773763473,RNA,C2vsA2_rna,ACZ81_01755,tier1:gene_id
ACZ81_RS01750,0.9399694169802564,32.45870185469638,0.1760931685252218,0.4170518253383648,RNA,C2vsA2_rna,ACZ81_01760,tier1:gene_id
ACZ81_RS01755,-0.6143163002400298,48.37582125532221,0.309707740045574,0.569063101686202,RNA,C2vsA2_rna,ACZ81_01765,tier1:gene_id
ACZ81_RS01760,-0.0647409256775745,147.8736431005528,0.8629724914550687,0.948815254951822,RNA,C2vsA2_rna,ACZ81_01770,tier1:gene_id
ACZ81_RS01765,-0.0188284972516604,895.6429575608844,0.9438450117810976,0.9751467946019312,RNA,C2vsA2_rna,ACZ81_01775,tier1:gene_id
ACZ81_RS01770,-0.3518799648574944,429.7579174642454,0.0951216716258485,0.285649810301575,RNA,C2vsA2_rna,ACZ81_01780,tier1:gene_id
ACZ81_RS01775,0.0436945404618267,184.2772665324139,0.906174882979196,0.9658825733229368,RNA,C2vsA2_rna,ACZ81_01785,tier1:gene_id
ACZ81_RS01780,0.9201971471588724,1010.0060537839794,0.0003346933663219,0.0055949574403493,RNA,C2vsA2_rna,ACZ81_01790,tier1:gene_id
ACZ81_RS01785,-0.1337103343291049,839.0683563387571,0.6902403572920264,0.866591811500113,RNA,C2vsA2_rna,ACZ81_01795,tier1:gene_id
ACZ81_RS01790,2.9569388118392346,9362.403399173028,1.6176045080552688e-07,8.320293956817614e-06,RNA,C2vsA2_rna,ACZ81_01800,tier1:gene_id
ACZ81_RS01795,0.4777437081271911,358.0422045319385,0.0068572992745636,0.0502764879181676,RNA,C2vsA2_rna,ACZ81_01805,tier1:gene_id
ACZ81_RS01800,0.5670383644762739,159.87966441049684,0.056976752163781,0.2068694386254204,RNA,C2vsA2_rna,ACZ81_01810,tier1:gene_id
ACZ81_RS01805,0.0877105185923836,173.08603301989416,0.804855151937818,0.924301037038234,RNA,C2vsA2_rna,ACZ81_01815,tier1:gene_id
ACZ81_RS01810,0.3060495662032088,347.47683510708987,0.4489575415441066,0.6985870682007138,RNA,C2vsA2_rna,ACZ81_01820,tier1:gene_id
ACZ81_RS01815,1.1956864014988862,285.7416516622142,0.3447988311165161,0.6064491784017393,RNA,C2vsA2_rna,ACZ81_01825,tier1:gene_id
ACZ81_RS01820,-0.6088208693144513,526.876657321752,0.2572256704643125,0.5121535433760902,RNA,C2vsA2_rna,ACZ81_01830,tier1:gene_id
ACZ81_RS01825,-0.0307415074288766,668.6451996503591,0.9069888705439266,0.9658825733229368,RNA,C2vsA2_rna,ACZ81_01835,tier1:gene_id
ACZ81_RS01830,0.0479302422190936,553.79182048282,0.8734243637032422,0.9546482752471784,RNA,C2vsA2_rna,ACZ81_01840,tier1:gene_id
ACZ81_RS01835,0.4700969040604489,177.85686669133105,0.360376037970803,0.619528349291724,RNA,C2vsA2_rna,ACZ81_01845,tier1:gene_id
ACZ81_RS01840,0.992553117773946,908.2576481516796,0.0055486553734537,0.0433681525910757,RNA,C2vsA2_rna,ACZ81_01850,tier1:gene_id
ACZ81_RS01845,1.1477282881750752,831.8536560606448,0.0035990186089148,0.0317346432065195,RNA,C2vsA2_rna,ACZ81_01855,tier1:gene_id
ACZ81_RS01850,-1.0562891982189204,206.5539752649701,0.0167631618164922,0.0943955363644501,RNA,C2vsA2_rna,ACZ81_01860,tier1:gene_id
ACZ81_RS01855,-1.4698113639157977,370.7541682104484,2.087329780094131e-05,0.0005696848352202,RNA,C2vsA2_rna,ACZ81_01865,tier1:gene_id
ACZ81_RS01860,-0.9000977969383638,574.9315329515774,0.0007522571170581,0.0103358066905385,RNA,C2vsA2_rna,ACZ81_01870,tier1:gene_id
ACZ81_RS01865,0.6648768892713902,1627.3052412143174,0.1282472288367085,0.3412951679180485,RNA,C2vsA2_rna,ACZ81_01875,tier1:gene_id
ACZ81_RS01870,0.0833478466507902,591.94442651599,0.7233909911213271,0.8792843495625766,RNA,C2vsA2_rna,ACZ81_01880,tier1:gene_id
ACZ81_RS01875,0.420387812084508,796.4300008189288,0.0545557078549149,0.2024768731858636,RNA,C2vsA2_rna,ACZ81_01885,tier1:gene_id
ACZ81_RS01880,-0.5380681695014996,1115.473825743319,0.1670497450327793,0.4034940259310721,RNA,C2vsA2_rna,ACZ81_01890,tier1:gene_id
ACZ81_RS01885,-0.8139271417318094,1558.9169652964931,0.0071226677200735,0.0506669200229342,RNA,C2vsA2_rna,ACZ81_01895,tier1:gene_id
ACZ81_RS01890,-1.894069880410008,1941.8068872303625,0.0001502353000201,0.0029838813053501,RNA,C2vsA2_rna,ACZ81_01900,tier1:gene_id
ACZ81_RS01895,-1.9406148184043897,6440.468253176364,0.0004269912187651,0.0067711018564648,RNA,C2vsA2_rna,ACZ81_01905,tier1:gene_id
ACZ81_RS01900,-2.061538426513523,4574.694437879677,1.546897070543019e-05,0.0004464856868358,RNA,C2vsA2_rna,ACZ81_01910,tier1:gene_id
ACZ81_RS01905,-2.5197270533188947,16521.701466594295,1.6440393839015735e-10,1.6087526849300275e-08,RNA,C2vsA2_rna,ACZ81_01915,tier1:gene_id
ACZ81_RS01910,-0.7834806175296731,1035.758494289728,0.0282916592180281,0.1330669833326246,RNA,C2vsA2_rna,ACZ81_01920,tier1:gene_id
ACZ81_RS01915,0.8098529964020486,48.48499991937091,0.0909788977010242,0.2777833619303722,RNA,C2vsA2_rna,ACZ81_01925,tier1:gene_id
ACZ81_RS01920,0.4338099293203167,736.1759533268676,0.3755957947129502,0.6336797007520423,RNA,C2vsA2_rna,ACZ81_01930,tier1:gene_id
ACZ81_RS01925,0.1619112444287048,1646.6784340822614,0.4903434070384947,0.7288839381394743,RNA,C2vsA2_rna,ACZ81_01935,tier1:gene_id
ACZ81_RS01930,-0.5787230877480073,952.1994795381856,0.3104762292175253,0.5693010199363399,RNA,C2vsA2_rna,ACZ81_01940,tier1:gene_id
ACZ81_RS01935,0.4372141853873184,2748.403719276841,0.131974284321953,0.3476564863425316,RNA,C2vsA2_rna,ACZ81_01945,tier1:gene_id
ACZ81_RS01940,-0.2907086671378333,970.2601892624264,0.2750724639016383,0.5316857621972061,RNA,C2vsA2_rna,ACZ81_01950,tier1:gene_id
ACZ81_RS01945,-0.3538875160523689,287.4380321098837,0.1814666621804444,0.4243303329100074,RNA,C2vsA2_rna,ACZ81_01955,tier1:gene_id
ACZ81_RS01950,1.1119379866807888,546.9127778751829,0.0025685781966444,0.0247839095170347,RNA,C2vsA2_rna,ACZ81_01960,tier1:gene_id
ACZ81_RS01955,0.6773852818142709,1430.127246916585,0.0249209417328476,0.1232833763652091,RNA,C2vsA2_rna,ACZ81_01965,tier1:gene_id
ACZ81_RS01960,0.0861311803480198,2850.493041062296,0.7915865441387636,0.9197350753213784,RNA,C2vsA2_rna,ACZ81_01970,tier1:gene_id
ACZ81_RS01965,0.5134265867193011,618.2474052290576,0.2514592012149774,0.5073206968087536,RNA,C2vsA2_rna,ACZ81_01975,tier1:gene_id
ACZ81_RS01970,1.3583288374130578,105.94979843677189,0.0447006797310954,0.180059364539312,RNA,C2vsA2_rna,ACZ81_01980,tier1:gene_id
ACZ81_RS01975,1.6523030208488758,169.75578703245156,0.0134564420927661,0.0803381632085979,RNA,C2vsA2_rna,ACZ81_01985,tier1:gene_id
ACZ81_RS01980,1.5980111780607895,221.88267442233592,0.0057343262341761,0.044413352995202,RNA,C2vsA2_rna,ACZ81_01990,tier1:gene_id
ACZ81_RS01985,1.08649236895302,1474.0460818023105,0.0418462790589286,0.1729014125483232,RNA,C2vsA2_rna,ACZ81_01995,tier1:gene_id
ACZ81_RS01990,-0.2699149304561323,819.9211878933789,0.1940520101655995,0.4411766069349579,RNA,C2vsA2_rna,ACZ81_02000,tier1:gene_id
ACZ81_RS01995,0.1668065636242414,1171.566065122976,0.4490668117870491,0.6985870682007138,RNA,C2vsA2_rna,ACZ81_02005,tier1:gene_id
ACZ81_RS02000,1.1401384057711987,151.6526200978472,0.3987758524607205,0.6555530468903147,RNA,C2vsA2_rna,ACZ81_02010,tier1:gene_id
ACZ81_RS02005,0.8837823109673716,447.6706350160604,0.0213963155960733,0.1106211574374307,RNA,C2vsA2_rna,ACZ81_02015,tier1:gene_id
ACZ81_RS02010,-0.7639862220876747,2844.49286953872,0.194006926162484,0.4411766069349579,RNA,C2vsA2_rna,ACZ81_02020,tier1:gene_id
ACZ81_RS02015,1.3532451083871235,26024.486684719137,0.1870216182438534,0.4309768709904309,RNA,C2vsA2_rna,ACZ81_02025,tier1:gene_id
ACZ81_RS02020,-0.6256931257015046,724.0568830307803,0.1360753661180259,0.3540853829793772,RNA,C2vsA2_rna,ACZ81_02030,tier1:gene_id
ACZ81_RS02025,-0.8410357168816589,283.4612233937253,0.086017290762246,0.267297062317314,RNA,C2vsA2_rna,ACZ81_02035,tier1:gene_id
ACZ81_RS02030,-0.0223357486047516,52.401446250427774,0.9633763756310292,0.9851376156836138,RNA,C2vsA2_rna,ACZ81_02040,tier1:gene_id
ACZ81_RS02035,0.2481596913996714,425.2408458535771,0.5066281280987345,0.7406220851073871,RNA,C2vsA2_rna,ACZ81_02045,tier1:gene_id
ACZ81_RS02040,0.2386052298276717,1248.1075671665333,0.4656353811914631,0.7101246896959834,RNA,C2vsA2_rna,ACZ81_02050,tier1:gene_id
ACZ81_RS02045,0.0003248624542063,1353.2620245407325,0.9992961731361472,0.9995453120474254,RNA,C2vsA2_rna,ACZ81_02055,tier1:gene_id
ACZ81_RS02050,0.0949175761975873,659.1953915880817,0.7949023839128713,0.9214963337695252,RNA,C2vsA2_rna,ACZ81_02060,tier1:gene_id
ACZ81_RS02055,0.0022279325052709,433.2928529152035,0.9954619602114412,0.9982539869208604,RNA,C2vsA2_rna,ACZ81_02065,tier1:gene_id
ACZ81_RS02060,-0.3045378400993705,478.3281261981236,0.5757514950682784,0.7956992759951543,RNA,C2vsA2_rna,ACZ81_02070,tier1:gene_id
ACZ81_RS02065,-0.4106971603171204,467.83325913315866,0.3104462619725495,0.5693010199363399,RNA,C2vsA2_rna,ACZ81_02075,tier1:gene_id
ACZ81_RS02070,0.48601345450693,101.05639332968887,0.2484408169625837,0.5028983641038779,RNA,C2vsA2_rna,ACZ81_02080,tier1:gene_id
ACZ81_RS02075,-0.4958857698017055,9.774822937248556,0.6090939117243713,0.8188254735310758,RNA,C2vsA2_rna,ACZ81_02085,tier1:gene_id
ACZ81_RS02080,0.5153187434141991,21.496390987541552,0.3898326658078202,0.6472137294190886,RNA,C2vsA2_rna,ACZ81_02090,tier1:gene_id
ACZ81_RS02085,-0.224311543517433,459.4615677031186,0.4294849987046881,0.6849262304222729,RNA,C2vsA2_rna,ACZ81_02095,tier1:gene_id
ACZ81_RS02090,0.0906491127871257,225.4530621007903,0.7826290591111977,0.9148969558977628,RNA,C2vsA2_rna,ACZ81_02100,tier1:gene_id
ACZ81_RS02095,0.0812824813580042,174.50131714515192,0.77277534603805,0.9084016080587918,RNA,C2vsA2_rna,ACZ81_02105,tier1:gene_id
ACZ81_RS02100,-0.1496874501589504,404.6392460673416,0.4428475954974331,0.6955898643723997,RNA,C2vsA2_rna,ACZ81_02110,tier1:gene_id
ACZ81_RS02105,-0.166377817468603,355.6856634907772,0.4667098814468642,0.7106034323965158,RNA,C2vsA2_rna,ACZ81_02115,tier1:gene_id
ACZ81_RS02110,-0.1740890795983077,30.74470591175779,0.7846117897128313,0.916408297038684,RNA,C2vsA2_rna,ACZ81_02120,tier1:gene_id
ACZ81_RS02115,-0.5097897329240367,93.23382916330044,0.1247850067267429,0.3354982417903916,RNA,C2vsA2_rna,ACZ81_02125,tier1:gene_id
ACZ81_RS02120,-0.4420746301886323,17.5822271592751,0.4249983362688204,0.6798617723726106,RNA,C2vsA2_rna,ACZ81_02130,tier1:gene_id
ACZ81_RS02130,0.4164120074028816,575.3373019722079,0.4204495358131593,0.6771336111275724,RNA,C2vsA2_rna,ACZ81_02140,tier1:gene_id
ACZ81_RS02135,0.6622693916090417,857.1086142453969,0.1742067637570575,0.4135606723037366,RNA,C2vsA2_rna,ACZ81_02145,tier1:gene_id
ACZ81_RS02140,0.8307216967752499,1304.5070689103902,0.0848168209104528,0.2657207178598355,RNA,C2vsA2_rna,ACZ81_02150,tier1:gene_id
ACZ81_RS02145,0.4767410730260936,865.695714888415,0.2652861741507332,0.5220167618208691,RNA,C2vsA2_rna,ACZ81_02155,tier1:gene_id
ACZ81_RS02150,0.9136620570532438,641.0866265016799,0.039617795599416,0.1662621296494321,RNA,C2vsA2_rna,ACZ81_02160,tier1:gene_id
ACZ81_RS02155,-0.2198433224251621,509.8070302030978,0.3947536786923073,0.65257598361861,RNA,C2vsA2_rna,ACZ81_02165,tier1:gene_id
ACZ81_RS02160,-1.0790962710518817,108.7927786764634,0.0304334505298749,0.1406670547532929,RNA,C2vsA2_rna,ACZ81_02170,tier1:gene_id
ACZ81_RS02165,-0.5969987610321256,2389.0270121942926,0.2296735106574966,0.4866855535697243,RNA,C2vsA2_rna,ACZ81_02175,tier1:gene_id
ACZ81_RS02170,-0.0490359539681398,189.0748758383023,0.8491959750050535,0.944930652280262,RNA,C2vsA2_rna,ACZ81_02180,tier1:gene_id
ACZ81_RS02175,-0.0013114566770204,185.3693524326774,0.997400335244218,0.9988941949575144,RNA,C2vsA2_rna,ACZ81_02185,tier1:gene_id
ACZ81_RS02180,-0.0615172560091626,1028.3165093978391,0.8018929045181432,0.922746473756423,RNA,C2vsA2_rna,ACZ81_02190,tier1:gene_id
ACZ81_RS02185,-0.1456078145308537,1667.7281111565983,0.4374180019781964,0.6906418826983566,RNA,C2vsA2_rna,ACZ81_02195,tier1:gene_id
ACZ81_RS02190,-0.066300395990771,1121.4700381129023,0.8708134462308,0.9530015128963364,RNA,C2vsA2_rna,ACZ81_02200,tier1:gene_id
ACZ81_RS02205,-0.0152675317029502,1154.6966843904852,0.9648623413137494,0.9862490989428696,RNA,C2vsA2_rna,ACZ81_02215,tier1:gene_id
ACZ81_RS02215,0.0903038440850298,519.900256721826,0.8592882663221211,0.9487865028179958,RNA,C2vsA2_rna,ACZ81_02225,tier1:gene_id
ACZ81_RS02220,0.5619558343765126,653.0388707353229,0.2029422770313748,0.4519752585298568,RNA,C2vsA2_rna,ACZ81_02230,tier1:gene_id
ACZ81_RS02225,1.766521136996803,2244.4802091028128,0.0001371105478906,0.0027504375906858,RNA,C2vsA2_rna,ACZ81_02235,tier1:gene_id
ACZ81_RS02230,1.7401766441355904,289.3266381123664,0.0005521768629624,0.0082661700530054,RNA,C2vsA2_rna,ACZ81_02240,tier1:gene_id
ACZ81_RS02235,-0.4821913707519425,243.1053789468476,0.1094491277585286,0.3126257926965596,RNA,C2vsA2_rna,ACZ81_02245,tier1:gene_id
ACZ81_RS02240,0.5377889412792691,798.2863133721931,0.3055982372309146,0.5644844050508424,RNA,C2vsA2_rna,ACZ81_02250,tier1:gene_id
ACZ81_RS02245,0.2820167730087473,577.6772452591233,0.5007307265354188,0.7372226329761836,RNA,C2vsA2_rna,ACZ81_02255,tier1:gene_id
ACZ81_RS02250,0.5812318129220705,284.629510696806,0.0137777689268984,0.0815786688595104,RNA,C2vsA2_rna,ACZ81_02260,tier1:gene_id
ACZ81_RS02255,0.2709446991516998,1780.5917156457188,0.5961730103570626,0.8091495661544436,RNA,C2vsA2_rna,ACZ81_02265,tier1:gene_id
ACZ81_RS02260,-0.0714551280559617,607.6440001865311,0.8738384275430713,0.9546482752471784,RNA,C2vsA2_rna,ACZ81_02270,tier1:gene_id
ACZ81_RS02265,0.1378566940051674,458.8607929133669,0.7074875808773835,0.8723147206156796,RNA,C2vsA2_rna,ACZ81_02275,tier1:gene_id
ACZ81_RS02270,0.701955090106434,507.7314783680178,0.0308476361432598,0.1419210755827902,RNA,C2vsA2_rna,ACZ81_02280,tier1:gene_id
ACZ81_RS02275,0.2777209936114359,616.9934546167515,0.2942865699182227,0.5527517408763621,RNA,C2vsA2_rna,ACZ81_02285,tier1:gene_id
ACZ81_RS02280,0.3884871496093236,1810.165326028464,0.2299501267476467,0.4866855535697243,RNA,C2vsA2_rna,ACZ81_02290,tier1:gene_id
ACZ81_RS02285,-0.0187511900980637,1763.668144447959,0.9618369439138584,0.9851023548521785,RNA,C2vsA2_rna,ACZ81_02295,tier1:gene_id
ACZ81_RS02290,-0.0072874790214615,2329.703903549963,0.9804041199108418,0.993165001593074,RNA,C2vsA2_rna,ACZ81_02300,tier1:gene_id
ACZ81_RS02295,0.4825231655165355,837.3303889928585,0.0666286956698278,0.2272000527943304,RNA,C2vsA2_rna,ACZ81_02305,tier1:gene_id
ACZ81_RS02300,-0.0868943077139676,309.87927909763374,0.6780414344893495,0.8613456773175844,RNA,C2vsA2_rna,ACZ81_02310,tier1:gene_id
ACZ81_RS02305,-0.553515594487208,7176.564113441123,0.2503998746693519,0.5060978827070227,RNA,C2vsA2_rna,ACZ81_02315,tier1:gene_id
ACZ81_RS02310,0.4845366372966677,820.6230490937387,0.163528160419291,0.3971398181611352,RNA,C2vsA2_rna,ACZ81_02320,tier1:gene_id
ACZ81_RS02315,0.8456975858214256,1596.9986193912114,0.0417764721429061,0.1728299555614018,RNA,C2vsA2_rna,ACZ81_02325,tier1:gene_id
ACZ81_RS02325,0.3200814942968166,524.6689977959983,0.1043057888232762,0.3038692647452043,RNA,C2vsA2_rna,ACZ81_02335,tier1:gene_id
ACZ81_RS02330,-0.4488634927224781,30211.04482952921,0.4528767585540368,0.7007689512873265,RNA,C2vsA2_rna,ACZ81_02340,tier1:gene_id
ACZ81_RS02335,0.7916380584040618,1579.0941373510225,0.0265036618919897,0.1273445407313329,RNA,C2vsA2_rna,ACZ81_02345,tier1:gene_id
ACZ81_RS02340,-0.3865557041299349,778.9245156294477,0.2802645707423818,0.53746446329613,RNA,C2vsA2_rna,ACZ81_02350,tier1:gene_id
ACZ81_RS02345,-0.602896217650773,491.0677693381744,0.0073428596004488,0.0516834258192996,RNA,C2vsA2_rna,ACZ81_02355,tier1:gene_id
ACZ81_RS02350,0.0372066928112669,500.9973556270502,0.8908924886279299,0.9577332969922976,RNA,C2vsA2_rna,ACZ81_02360,tier1:gene_id
ACZ81_RS02355,-0.3598169571679214,2612.653882570605,0.4439620440915455,0.6965100280397643,RNA,C2vsA2_rna,ACZ81_02365,tier1:gene_id
ACZ81_RS02360,0.8290910136978961,1720.933665845779,2.6591538846527484e-05,0.0007018766700807,RNA,C2vsA2_rna,ACZ81_02370,tier1:gene_id
ACZ81_RS02365,0.659442057988186,63.72882175696445,0.2471284318985481,0.5013677245216374,RNA,C2vsA2_rna,ACZ81_02375,tier1:gene_id
ACZ81_RS02370,0.5016317062755217,3890.151792394178,0.1731480989149355,0.4122671648941967,RNA,C2vsA2_rna,ACZ81_02380,tier1:gene_id
ACZ81_RS02375,0.2321804386826779,2447.127998541515,0.3877647570909268,0.6455237367007463,RNA,C2vsA2_rna,ACZ81_02385,tier1:gene_id
ACZ81_RS02380,0.0877469518289098,794.1844859891248,0.6319385181574121,0.8356418374579885,RNA,C2vsA2_rna,ACZ81_02390,tier1:gene_id
ACZ81_RS02385,-0.3566644111104585,60.644059316944336,0.5646255651885388,0.7851916005325538,RNA,C2vsA2_rna,ACZ81_02395,tier1:gene_id
ACZ81_RS02390,0.0605963167627173,134.14196329420628,0.8759235847035856,0.9556837090602636,RNA,C2vsA2_rna,ACZ81_02400,tier1:gene_id
ACZ81_RS02395,0.0992927475776709,420.6940331831999,0.7762291195184012,0.9111267488320146,RNA,C2vsA2_rna,ACZ81_02405,tier1:gene_id
ACZ81_RS02400,0.065803679009916,422.5549505501763,0.8264213804256421,0.9345965448927482,RNA,C2vsA2_rna,ACZ81_02410,tier1:gene_id
ACZ81_RS02405,0.0921049794669474,171.74940112710263,0.7504534308865487,0.8958105220817713,RNA,C2vsA2_rna,ACZ81_02415,tier1:gene_id
ACZ81_RS02410,-0.2178204123252221,66.49839020136231,0.5090042038931166,0.7420511867802267,RNA,C2vsA2_rna,ACZ81_02420,tier1:gene_id
ACZ81_RS02415,-0.1107577939472332,74.41480038870766,0.7359598525037516,0.8888232776174146,RNA,C2vsA2_rna,ACZ81_02425,tier1:gene_id
ACZ81_RS02420,0.0917943171650062,136.38781020536408,0.724848889975555,0.879907336333412,RNA,C2vsA2_rna,ACZ81_02430,tier1:gene_id
ACZ81_RS02425,-0.2603379710144914,837.8248300050772,0.1440472626319212,0.3653082286215346,RNA,C2vsA2_rna,ACZ81_02435,tier1:gene_id
ACZ81_RS02430,1.82895841975882,174.8964167521322,0.0049357988286708,0.0397639054229468,RNA,C2vsA2_rna,ACZ81_02440,tier1:gene_id
ACZ81_RS02435,-0.3896034450891016,211.0150817432326,0.2705259567019721,0.5271248850356056,RNA,C2vsA2_rna,ACZ81_02445,tier1:gene_id
ACZ81_RS02440,-0.9925682183136352,238.28328896619635,0.0017670835431729,0.0182720081835308,RNA,C2vsA2_rna,ACZ81_02450,tier1:gene_id
ACZ81_RS02450,1.251426195200945,626.8696338436433,0.0056635009308792,0.0440348173152862,RNA,C2vsA2_rna,ACZ81_02460,tier1:gene_id
ACZ81_RS02455,1.1170896214180197,512.3180567827804,0.0011541886830653,0.0134684674686703,RNA,C2vsA2_rna,ACZ81_02465,tier1:gene_id
ACZ81_RS02460,0.6058782380666254,563.9144795860955,0.0655438482942949,0.2253315504342,RNA,C2vsA2_rna,ACZ81_02470,tier1:gene_id
ACZ81_RS02465,-0.0941592657329403,163.1411462837099,0.7200135389228653,0.878022589105938,RNA,C2vsA2_rna,ACZ81_02475,tier1:gene_id
ACZ81_RS02470,-0.6380106143286585,814.782895017107,0.1661623991480134,0.4018791076645206,RNA,C2vsA2_rna,ACZ81_02480,tier1:gene_id
ACZ81_RS02475,2.032228664908929,4582.660800004723,8.299090150834184e-05,0.0018705589710756,RNA,C2vsA2_rna,ACZ81_02485,tier1:gene_id
ACZ81_RS02480,0.4815414688569867,259.95492945463207,0.2004318159764092,0.4492277503031746,RNA,C2vsA2_rna,ACZ81_02490,tier1:gene_id
ACZ81_RS02485,-0.200754963665082,191.80052182572763,0.4586601074780848,0.7048012268904105,RNA,C2vsA2_rna,ACZ81_02495,tier1:gene_id
ACZ81_RS02490,-0.4883651501476385,119.1312341612481,0.313387700734599,0.5720252299122891,RNA,C2vsA2_rna,ACZ81_02500,tier1:gene_id
ACZ81_RS02495,-0.5530923492507162,344.4167212597736,0.1017236542461649,0.2994242852792471,RNA,C2vsA2_rna,ACZ81_02505,tier1:gene_id
ACZ81_RS02500,-0.4267976948417428,344.1556117569424,0.0832708094264797,0.2624371464407201,RNA,C2vsA2_rna,ACZ81_02510,tier1:gene_id
ACZ81_RS02505,-0.168590027153199,469.2244842212807,0.6239304787944573,0.8293748605322407,RNA,C2vsA2_rna,ACZ81_02515,tier1:gene_id
ACZ81_RS02510,-0.0692487975873166,180.5138562375746,0.8204205171967517,0.9322092751754404,RNA,C2vsA2_rna,ACZ81_02520,tier1:gene_id
ACZ81_RS02515,-0.8997646763161345,57.884432565632025,0.0068825545807499,0.0502764879181676,RNA,C2vsA2_rna,ACZ81_02525,tier1:gene_id
ACZ81_RS02520,-1.2925061961391542,90.9104737957914,3.32844134383257e-05,0.0008615294626745,RNA,C2vsA2_rna,ACZ81_02530,tier1:gene_id
ACZ81_RS02525,0.2002179557118619,122.74458139705072,0.693510181160181,0.8677896579102522,RNA,C2vsA2_rna,ACZ81_02535,tier1:gene_id
ACZ81_RS02535,-0.1315937368296938,914.2249561590072,0.7528485515819316,0.8965709629137946,RNA,C2vsA2_rna,ACZ81_02545,tier1:gene_id
ACZ81_RS02540,0.0986836229386831,108.2969642805588,0.7886712626910406,0.9184621682769096,RNA,C2vsA2_rna,ACZ81_02550,tier1:gene_id
ACZ81_RS02545,-0.0217339458189863,119.7520939312904,0.9391274131888552,0.972832218361396,RNA,C2vsA2_rna,ACZ81_02555,tier1:gene_id
ACZ81_RS02550,-0.1518791684458321,270.8137408787323,0.5322925023719591,0.7592522583740169,RNA,C2vsA2_rna,ACZ81_02560,tier1:gene_id
ACZ81_RS02555,0.0251938229204612,292.5704964097481,0.9255473339806763,0.9700736661076508,RNA,C2vsA2_rna,ACZ81_02565,tier1:gene_id
ACZ81_RS02560,-0.5573539919131294,28.77482627492021,0.288907551812554,0.5464861376105454,RNA,C2vsA2_rna,ACZ81_02570,tier1:gene_id
ACZ81_RS02565,0.0230144240583934,128.85634782200282,0.9381696070257144,0.972832218361396,RNA,C2vsA2_rna,ACZ81_02575,tier1:gene_id
ACZ81_RS02580,-0.3348790260441308,49.85051043603911,0.3728474899735811,0.6311511970738544,RNA,C2vsA2_rna,ACZ81_02590,tier1:gene_id
ACZ81_RS02585,-0.95300781179491,43.56488534230278,0.1125105328070711,0.3167664965768206,RNA,C2vsA2_rna,ACZ81_02595,tier1:gene_id
ACZ81_RS02590,-1.6577221272257023,233.28083353608253,1.6234157433870551e-06,6.385435257322417e-05,RNA,C2vsA2_rna,ACZ81_02600,tier1:gene_id
ACZ81_RS02610,-0.1971923331493449,112.98177704732016,0.4931215238226625,0.7321996867418661,RNA,C2vsA2_rna,ACZ81_02620,tier1:gene_id
ACZ81_RS02615,-0.1015680954326332,135.45594871120502,0.6769268814974434,0.8613456773175844,RNA,C2vsA2_rna,ACZ81_02625,tier1:gene_id
ACZ81_RS02620,0.5581032335086307,58.13231510836073,0.1827415312696396,0.4257601762217157,RNA,C2vsA2_rna,ACZ81_02630,tier1:gene_id
ACZ81_RS02625,-0.2937703087494393,177.96676267175974,0.2408438514531104,0.4959740795816909,RNA,C2vsA2_rna,ACZ81_02635,tier1:gene_id
ACZ81_RS02635,-0.0844218487977368,164.89494969206197,0.8575530290496922,0.948439626222868,RNA,C2vsA2_rna,ACZ81_02645,tier1:gene_id
ACZ81_RS02640,0.3685682516818266,21.0252043291539,0.6216654874874497,0.8276204307076791,RNA,C2vsA2_rna,ACZ81_02650,tier1:gene_id
ACZ81_RS02645,0.4181555748165303,4843.071903483577,0.2957791547623281,0.5537367594871545,RNA,C2vsA2_rna,ACZ81_02655,tier1:gene_id
ACZ81_RS02650,0.3283130931771369,12895.047986998788,0.5824371591301692,0.7995964716166245,RNA,C2vsA2_rna,ACZ81_02660,tier1:gene_id
ACZ81_RS02655,-0.3117405218980441,4181.034651814151,0.1818477321691291,0.4249115325932127,RNA,C2vsA2_rna,ACZ81_02665,tier1:gene_id
ACZ81_RS02660,0.0326561496249691,2581.7951815089414,0.8453832761079239,0.9441140110141306,RNA,C2vsA2_rna,ACZ81_02670,tier1:gene_id
ACZ81_RS02665,0.4774883124649468,210.96114493997848,0.2709698344339663,0.527477426370244,RNA,C2vsA2_rna,ACZ81_02675,tier1:gene_id
ACZ81_RS02670,0.2917330196956388,1060.3606073110875,0.3855270599210134,0.643642458567996,RNA,C2vsA2_rna,ACZ81_02680,tier1:gene_id
ACZ81_RS02675,-0.1685977704039769,8624.187058431135,0.6678111933846682,0.8568185771722804,RNA,C2vsA2_rna,ACZ81_02685,tier1:gene_id
ACZ81_RS02680,-0.161356976060031,6636.3030234914495,0.6761087449644995,0.8613456773175844,RNA,C2vsA2_rna,ACZ81_02690,tier1:gene_id
ACZ81_RS02685,-0.4664180704500692,5498.099413224773,0.1842129281099433,0.4281936660353955,RNA,C2vsA2_rna,ACZ81_02695,tier1:gene_id
ACZ81_RS02690,0.5821216386356416,185.87477473788323,0.3050536220651576,0.5639977565554896,RNA,C2vsA2_rna,ACZ81_02700,tier1:gene_id
ACZ81_RS02695,0.5658125003314364,418.18290225894816,0.5114071323154787,0.7438754259779939,RNA,C2vsA2_rna,ACZ81_02705,tier1:gene_id
ACZ81_RS02700,0.2408632346979503,320.3865354531412,0.7828617272176022,0.9148969558977628,RNA,C2vsA2_rna,ACZ81_02710,tier1:gene_id
ACZ81_RS02705,0.2425471790023534,429.7295937501454,0.7486831260264826,0.89396330405305,RNA,C2vsA2_rna,ACZ81_02715,tier1:gene_id
ACZ81_RS02710,0.2165793408075469,204.2703443025568,0.5821372152073598,0.7995964716166245,RNA,C2vsA2_rna,ACZ81_02720,tier1:gene_id
ACZ81_RS02715,0.0851841051642777,37404.25005135247,0.8737818845173019,0.9546482752471784,RNA,C2vsA2_rna,ACZ81_02725,tier1:gene_id
ACZ81_RS02720,-0.4102566741393867,7361.565661563068,0.3602506806506085,0.619528349291724,RNA,C2vsA2_rna,ACZ81_02730,tier1:gene_id
ACZ81_RS02725,-0.7349045072561461,132.59092378469344,0.0285237678718104,0.1335737037129119,RNA,C2vsA2_rna,ACZ81_02735,tier1:gene_id
ACZ81_RS02730,0.0680383420053186,726.7199985561618,0.7234360812249816,0.8792843495625766,RNA,C2vsA2_rna,ACZ81_02740,tier1:gene_id
ACZ81_RS02735,0.6482038078293492,285.9468295531703,0.0498363401486895,0.1923698180281856,RNA,C2vsA2_rna,ACZ81_02745,tier1:gene_id
ACZ81_RS02740,0.3037914844488935,111.01552648804098,0.481767761974768,0.720675712543911,RNA,C2vsA2_rna,ACZ81_02750,tier1:gene_id
ACZ81_RS02745,0.2821260223683591,219.28538064734977,0.6073490508130455,0.8182284727541768,RNA,C2vsA2_rna,ACZ81_02755,tier1:gene_id
ACZ81_RS02750,0.1259951922865353,165.2792090286131,0.7368783049681641,0.888932593054727,RNA,C2vsA2_rna,ACZ81_02760,tier1:gene_id
ACZ81_RS02755,0.3835891242784224,1253.1468155252246,0.0871950866184812,0.2699279996244961,RNA,C2vsA2_rna,ACZ81_02765,tier1:gene_id
ACZ81_RS02760,-0.5227367591216454,2463.514953949189,0.109353511445587,0.3126257926965596,RNA,C2vsA2_rna,ACZ81_02770,tier1:gene_id
ACZ81_RS02765,0.196371443187185,13.212338441184658,0.7400426321325877,0.8892145767639511,RNA,C2vsA2_rna,ACZ81_02775,tier1:gene_id
ACZ81_RS02770,0.1711268962116069,116.88218027708665,0.646159130817054,0.8444268510873031,RNA,C2vsA2_rna,ACZ81_02780,tier1:gene_id
ACZ81_RS02780,-0.4865383778817314,10909.485432287702,0.0849947920444721,0.2657221812925566,RNA,C2vsA2_rna,ACZ81_02790,tier1:gene_id
ACZ81_RS02785,0.1324239684405047,1179.9143713907608,0.6556933209155615,0.8502396908575414,RNA,C2vsA2_rna,ACZ81_02795,tier1:gene_id
ACZ81_RS02790,0.2734478891437082,824.6482986092058,0.3141168823421862,0.572834969071296,RNA,C2vsA2_rna,ACZ81_02800,tier1:gene_id
ACZ81_RS02795,-0.5643988815709177,195.25932467213607,0.115529680204995,0.3216551540474949,RNA,C2vsA2_rna,ACZ81_02805,tier1:gene_id
ACZ81_RS02800,-0.191913638960154,219.042326912685,0.455576745276732,0.7033159557694415,RNA,C2vsA2_rna,ACZ81_02810,tier1:gene_id
ACZ81_RS02805,0.0065941749361534,3306.437919420704,0.9862704793819312,0.9957296472517712,RNA,C2vsA2_rna,ACZ81_02815,tier1:gene_id
ACZ81_RS02810,-0.0408593872568019,1731.4091035136903,0.8824306177065985,0.9562651598402604,RNA,C2vsA2_rna,ACZ81_02820,tier1:gene_id
ACZ81_RS02815,-0.1433093146849389,245.830817238898,0.5800838083197262,0.7978389574832847,RNA,C2vsA2_rna,ACZ81_02825,tier1:gene_id
ACZ81_RS02820,-0.4272427636690039,298.51616626711547,0.0829689224676488,0.2619403714601171,RNA,C2vsA2_rna,ACZ81_02830,tier1:gene_id
ACZ81_RS02825,-0.3776728590854591,820.1964843789913,0.2058945875049597,0.4556376695643371,RNA,C2vsA2_rna,ACZ81_02835,tier1:gene_id
ACZ81_RS02830,-0.6567448334249207,218.18985499032848,0.0599234647154338,0.2127731578419625,RNA,C2vsA2_rna,ACZ81_02840,tier1:gene_id
ACZ81_RS02835,-0.0409217040614422,116.64050966775469,0.9252184843210453,0.9700736661076508,RNA,C2vsA2_rna,ACZ81_02845,tier1:gene_id
ACZ81_RS02840,-0.775985090069594,1136.400210906109,0.0202027180529538,0.106930481304025,RNA,C2vsA2_rna,ACZ81_02850,tier1:gene_id
ACZ81_RS02845,-0.8899574539161347,441.2015245381412,0.0133769680928079,0.0800493140292819,RNA,C2vsA2_rna,ACZ81_02855,tier1:gene_id
ACZ81_RS02850,-0.5185313683712766,1443.995514038883,0.3349775115250601,0.5959777278219696,RNA,C2vsA2_rna,ACZ81_02860,tier1:gene_id
ACZ81_RS02855,-1.127417822890491,850.8938573940624,0.0025837800638793,0.0248588144275394,RNA,C2vsA2_rna,ACZ81_02865,tier1:gene_id
ACZ81_RS02860,1.2812451482040887,58.23546009281663,0.0514589379300224,0.1956902928675356,RNA,C2vsA2_rna,ACZ81_02870,tier1:gene_id
ACZ81_RS02865,0.5307668252594961,1028.2823713828,0.2139954832920047,0.4645832678395688,RNA,C2vsA2_rna,ACZ81_02875,tier1:gene_id
ACZ81_RS02870,-0.0553165263500207,161.01429652933157,0.849307061845121,0.944930652280262,RNA,C2vsA2_rna,ACZ81_02880,tier1:gene_id
ACZ81_RS02875,-0.2784967835993326,138.15339811721472,0.327793600951532,0.5873639691905076,RNA,C2vsA2_rna,ACZ81_02885,tier1:gene_id
ACZ81_RS02880,-0.0332829091197471,1145.5868421546502,0.9227670818930204,0.9686398567647296,RNA,C2vsA2_rna,ACZ81_02890,tier1:gene_id
ACZ81_RS02885,-0.0475800460549376,233.2639674449164,0.8612862520596064,0.9487865028179958,RNA,C2vsA2_rna,ACZ81_02895,tier1:gene_id
ACZ81_RS02890,-0.1637302801697034,39.83917011049265,0.7480938587036281,0.8935256210535742,RNA,C2vsA2_rna,ACZ81_02900,tier1:gene_id
ACZ81_RS02895,-0.4550584406676437,157.7173259731351,0.0925248108251647,0.2804790645788626,RNA,C2vsA2_rna,ACZ81_02905,tier1:gene_id
ACZ81_RS02905,0.959032937159537,949.7272701436508,0.0039504773778117,0.0338660582046601,RNA,C2vsA2_rna,ACZ81_02915,tier1:gene_id
ACZ81_RS02910,-0.4233122591334369,393.31765066669976,0.190304219993714,0.435539378559487,RNA,C2vsA2_rna,ACZ81_02920,tier1:gene_id
ACZ81_RS02915,-0.4075996839415206,5846.54858111759,0.2323569310590049,0.4880712080673967,RNA,C2vsA2_rna,ACZ81_02925,tier1:gene_id
ACZ81_RS02920,-0.0513688839693022,1829.7361348458687,0.7575997970651479,0.8992575105992229,RNA,C2vsA2_rna,ACZ81_02930,tier1:gene_id
ACZ81_RS02930,0.186320115323309,80.4170886500209,0.6859886584530939,0.8657396972990917,RNA,C2vsA2_rna,ACZ81_02940,tier1:gene_id
ACZ81_RS02935,0.5263209352524371,4336.002791670161,0.0409816255879862,0.1707354951806861,RNA,C2vsA2_rna,ACZ81_02945,tier1:gene_id
ACZ81_RS02940,0.3847743324665593,249.79431485039527,0.1159213049735899,0.3216795213260041,RNA,C2vsA2_rna,ACZ81_02950,tier1:gene_id
ACZ81_RS02945,-0.0543242591526976,267.8249626433046,0.8627907829138877,0.948815254951822,RNA,C2vsA2_rna,ACZ81_02955,tier1:gene_id
ACZ81_RS02950,-0.417071014689504,248.3712147102337,0.2239429420841078,0.4782980013756964,RNA,C2vsA2_rna,ACZ81_02960,tier1:gene_id
ACZ81_RS02955,0.1545424161409453,75.15972026700894,0.6637581593311098,0.8541820353777209,RNA,C2vsA2_rna,ACZ81_02965,tier1:gene_id
ACZ81_RS02960,0.0271197677646805,1013.7509819316696,0.9207147525665124,0.9686398567647296,RNA,C2vsA2_rna,ACZ81_02970,tier1:gene_id
ACZ81_RS02970,-0.1252503601155691,446.08873715591005,0.6730776815644512,0.8605441868822749,RNA,C2vsA2_rna,ACZ81_02980,tier1:gene_id
ACZ81_RS02975,-0.417080145642304,134.02522197039258,0.3374109264544493,0.5981849920173447,RNA,C2vsA2_rna,ACZ81_02985,tier1:gene_id
ACZ81_RS02980,-0.5548106970857674,704.9235361787906,0.1092810279188612,0.3126257926965596,RNA,C2vsA2_rna,ACZ81_02990,tier1:gene_id
ACZ81_RS02985,-0.4789634100581336,369.9079587237715,0.0360591560368386,0.1557258708501579,RNA,C2vsA2_rna,ACZ81_02995,tier1:gene_id
ACZ81_RS02990,-1.2787285034554907,159.55114397887667,0.000576978076593,0.0083870871133743,RNA,C2vsA2_rna,ACZ81_03000,tier1:gene_id
ACZ81_RS02995,-0.4247611156355787,166.56355572563976,0.2056623171858111,0.4556141449748616,RNA,C2vsA2_rna,ACZ81_03005,tier1:gene_id
ACZ81_RS03000,0.0168708509156765,441.3088000463068,0.9412535154436756,0.9742799545820504,RNA,C2vsA2_rna,ACZ81_03010,tier1:gene_id
ACZ81_RS03005,-0.5608178024347327,162.89644693624558,0.0702960745651896,0.234827519696537,RNA,C2vsA2_rna,ACZ81_03015,tier1:gene_id
ACZ81_RS03010,-0.1030277721984427,326.0451310921832,0.675054103630926,0.8613456773175844,RNA,C2vsA2_rna,ACZ81_03020,tier1:gene_id
ACZ81_RS03015,-0.3509380613739349,591.9404206368907,0.2397049306569579,0.4951585622184606,RNA,C2vsA2_rna,ACZ81_03025,tier1:gene_id
ACZ81_RS03020,0.5804825712397171,261.8668631943917,0.1503203657408441,0.3748199548491402,RNA,C2vsA2_rna,ACZ81_03030,tier1:gene_id
ACZ81_RS03025,-1.6699772116263554,8136.44604290953,0.0067415745229379,0.0496278843780312,RNA,C2vsA2_rna,ACZ81_03035,tier1:gene_id
ACZ81_RS03030,-0.1462936678493876,490.3468894617749,0.6920396442659644,0.8669189631855041,RNA,C2vsA2_rna,ACZ81_03040,tier1:gene_id
ACZ81_RS03035,-0.2816021492532898,2889.758560441578,0.4166232285744586,0.6739888681615839,RNA,C2vsA2_rna,ACZ81_03045,tier1:gene_id
ACZ81_RS03040,-0.1890181610297049,377.7166963023065,0.6246490525241533,0.8295667374476335,RNA,C2vsA2_rna,ACZ81_03050,tier1:gene_id
ACZ81_RS03045,-0.4739509471853114,4468.9942760009135,0.0337800555385829,0.1497520252163479,RNA,C2vsA2_rna,ACZ81_03055,tier1:gene_id
ACZ81_RS03050,0.2796418498114073,204.10980942899133,0.3015360399185094,0.5602120310278502,RNA,C2vsA2_rna,ACZ81_03060,tier1:gene_id
ACZ81_RS03055,0.1320076312670619,162.59815557434666,0.7078822612615384,0.8723147206156796,RNA,C2vsA2_rna,ACZ81_03065,tier1:gene_id
ACZ81_RS03060,-0.3484259923691956,151.53587359902943,0.2596092766829897,0.5158753927945293,RNA,C2vsA2_rna,ACZ81_03070,tier1:gene_id
ACZ81_RS03065,-0.1751769328434309,572.7775064115228,0.6703125269082675,0.8594238205937667,RNA,C2vsA2_rna,ACZ81_03075,tier1:gene_id
ACZ81_RS03070,0.2189041950989146,773.8887876559737,0.4994154970160567,0.73667773763473,RNA,C2vsA2_rna,ACZ81_03080,tier1:gene_id
ACZ81_RS03075,1.0148094497489537,122.70202112508132,0.0286159090262708,0.13380772379184,RNA,C2vsA2_rna,ACZ81_03085,tier1:gene_id
ACZ81_RS03080,0.0593384057987408,273.4896957016963,0.862323540725173,0.948815254951822,RNA,C2vsA2_rna,ACZ81_03090,tier1:gene_id
ACZ81_RS03085,-0.4033603011417276,368.1585276362955,0.1348642433733782,0.352262594019527,RNA,C2vsA2_rna,ACZ81_03095,tier1:gene_id
ACZ81_RS03090,0.0282976072384321,109.19317661948472,0.9322033531919468,0.9708313667612825,RNA,C2vsA2_rna,ACZ81_03100,tier1:gene_id
ACZ81_RS03095,0.5483548193394401,144.01717502716133,0.2973941247798852,0.5557267017312062,RNA,C2vsA2_rna,ACZ81_03105,tier1:gene_id
ACZ81_RS03100,-0.2009218010259075,130.99833810331293,0.578649150114873,0.797780202838787,RNA,C2vsA2_rna,ACZ81_03110,tier1:gene_id
ACZ81_RS03105,0.0341882344612268,1484.0084960586837,0.9185164533679672,0.968421342242408,RNA,C2vsA2_rna,ACZ81_03115,tier1:gene_id
ACZ81_RS03110,-0.2053527506857933,414.7962835782666,0.7318137881998057,0.8854152346977143,RNA,C2vsA2_rna,ACZ81_03120,tier1:gene_id
ACZ81_RS03115,0.2001709839122985,41.02885313869543,0.8255397415487244,0.9345965448927482,RNA,C2vsA2_rna,ACZ81_03125,tier1:gene_id
ACZ81_RS03120,0.2488823431368796,686.4991240816737,0.7187896299803629,0.8773300868516021,RNA,C2vsA2_rna,ACZ81_03130,tier1:gene_id
ACZ81_RS03125,0.2371874861816812,53.64896983009309,0.7164095562674035,0.8763330204059165,RNA,C2vsA2_rna,ACZ81_03135,tier1:gene_id
ACZ81_RS03130,0.0333365563043581,531.7145151338549,0.849215806183225,0.944930652280262,RNA,C2vsA2_rna,ACZ81_03140,tier1:gene_id
ACZ81_RS03135,-0.8598512588814214,633.0446405524974,0.0167045079594131,0.0942594738863088,RNA,C2vsA2_rna,ACZ81_03145,tier1:gene_id
ACZ81_RS03140,-0.5571466620664782,807.9365086882501,0.1087928214814585,0.3126257926965596,RNA,C2vsA2_rna,ACZ81_03150,tier1:gene_id
ACZ81_RS03145,-0.334081812009462,1601.5623154581654,0.2225167715684293,0.4773996190013574,RNA,C2vsA2_rna,ACZ81_03155,tier1:gene_id
ACZ81_RS03150,0.2400055464900888,152.86134403326108,0.7848531222153601,0.9164233778603098,RNA,C2vsA2_rna,ACZ81_03160,tier1:gene_id
ACZ81_RS03155,-0.9114745168795824,52.8118213638186,0.3720952030716092,0.6304248119608515,RNA,C2vsA2_rna,ACZ81_03165,tier1:gene_id
ACZ81_RS03160,0.0678794987960284,77.8572171565103,0.929863871171346,0.9708313667612825,RNA,C2vsA2_rna,ACZ81_03170,tier1:gene_id
ACZ81_RS03165,-0.4848832647746271,128.16265847813494,0.4486888966071252,0.6985870682007138,RNA,C2vsA2_rna,ACZ81_03175,tier1:gene_id
ACZ81_RS03170,0.8163789657617433,159.91494839168118,0.0041898642825167,0.0351668106725044,RNA,C2vsA2_rna,ACZ81_03180,tier1:gene_id
ACZ81_RS03175,0.4092464683458802,1789.008178178055,0.0537956529830656,0.2014703419747821,RNA,C2vsA2_rna,ACZ81_03185,tier1:gene_id
ACZ81_RS03180,-0.2870682201810438,1071.690425815295,0.3802988062738347,0.6371020317747712,RNA,C2vsA2_rna,ACZ81_03190,tier1:gene_id
ACZ81_RS03185,0.4953821344435838,162.97510176045583,0.3550058597245669,0.615507134492205,RNA,C2vsA2_rna,ACZ81_03195,tier1:gene_id
ACZ81_RS03190,-0.4809074778407624,855.1421752219179,0.0168063837262886,0.0944055554125793,RNA,C2vsA2_rna,ACZ81_03200,tier1:gene_id
ACZ81_RS03195,0.1972520457301951,1454.6076537173178,0.5524754353726726,0.7747419602251719,RNA,C2vsA2_rna,ACZ81_03205,tier1:gene_id
ACZ81_RS03200,-1.6080776164404231,91609.2449735905,0.0087805410988389,0.0589089145293341,RNA,C2vsA2_rna,ACZ81_03210,tier1:gene_id
ACZ81_RS03205,-0.355283405688774,4218.141195354844,0.3743954741354304,0.6325446464282034,RNA,C2vsA2_rna,ACZ81_03215,tier1:gene_id
ACZ81_RS03210,-0.4416832117566127,493.9590652573486,0.0596534554456435,0.2127437243925711,RNA,C2vsA2_rna,ACZ81_03220,tier1:gene_id
ACZ81_RS03215,-0.5552493471801055,193.466398776135,0.0209613521105854,0.109358835718685,RNA,C2vsA2_rna,ACZ81_03225,tier1:gene_id
ACZ81_RS03220,0.3986732218687441,689.627116389094,0.1973243870787381,0.4452561535207521,RNA,C2vsA2_rna,ACZ81_03230,tier1:gene_id
ACZ81_RS03225,0.7298609605477783,484.0882278592145,0.0183612785792832,0.1000889261685929,RNA,C2vsA2_rna,ACZ81_03235,tier1:gene_id
ACZ81_RS03230,-0.2749766225185582,50.99005833671315,0.4402501721092318,0.6936477599705485,RNA,C2vsA2_rna,ACZ81_03240,tier1:gene_id
ACZ81_RS03235,0.7025928946430787,211.8173349855876,0.0031184366580775,0.0286359509072597,RNA,C2vsA2_rna,ACZ81_03245,tier1:gene_id
ACZ81_RS03240,-0.0535110281682976,319.507772057835,0.8240290498722596,0.9338995898552276,RNA,C2vsA2_rna,ACZ81_03250,tier1:gene_id
ACZ81_RS03245,0.7829339758462125,2052.697750316102,0.1360683606370013,0.3540853829793772,RNA,C2vsA2_rna,ACZ81_03255,tier1:gene_id
ACZ81_RS03250,1.1737328085858576,2969.85669964766,0.0294774998215202,0.1370379250103583,RNA,C2vsA2_rna,ACZ81_03260,tier1:gene_id
ACZ81_RS03255,0.6007770826995893,1643.0226811455427,0.0886841575788104,0.2734755346635768,RNA,C2vsA2_rna,ACZ81_03265,tier1:gene_id
ACZ81_RS03260,-0.3127578737952586,13180.981750877972,0.2081933527862971,0.4574324925403198,RNA,C2vsA2_rna,ACZ81_03270,tier1:gene_id
ACZ81_RS03265,-0.3657448870724518,795.4286171260484,0.1192627900600262,0.3262474807468675,RNA,C2vsA2_rna,ACZ81_03275,tier1:gene_id
ACZ81_RS03270,-0.5895110544421154,353.43215527534426,0.0665789652719929,0.2272000527943304,RNA,C2vsA2_rna,ACZ81_03280,tier1:gene_id
ACZ81_RS03275,-0.5249519179028626,6252.258157204881,0.3503095967198486,0.6121263510627319,RNA,C2vsA2_rna,ACZ81_03285,tier1:gene_id
ACZ81_RS03280,-0.0470673335969819,966.36134557199,0.8459123497884924,0.9441140110141306,RNA,C2vsA2_rna,ACZ81_03290,tier1:gene_id
ACZ81_RS03285,0.3915620749846069,159.42829376441296,0.1401278375942479,0.359918619992396,RNA,C2vsA2_rna,ACZ81_03295,tier1:gene_id
ACZ81_RS03290,0.5782687860688892,335.0465772819073,0.0850482465224583,0.2657221812925566,RNA,C2vsA2_rna,ACZ81_03300,tier1:gene_id
ACZ81_RS03295,0.1899187780280084,586.9339582590849,0.6176078722532491,0.8254994476316329,RNA,C2vsA2_rna,ACZ81_03305,tier1:gene_id
ACZ81_RS03300,0.0388427579768845,180.9399892220113,0.8819765305039723,0.9560902027511312,RNA,C2vsA2_rna,ACZ81_03310,tier1:gene_id
ACZ81_RS03305,0.1031742104096041,286.31514707349504,0.5892960849767077,0.8044422908902862,RNA,C2vsA2_rna,ACZ81_03315,tier1:gene_id
ACZ81_RS03310,0.3465477945598282,202.51748836704724,0.4403591337599669,0.6936477599705485,RNA,C2vsA2_rna,ACZ81_03320,tier1:gene_id
ACZ81_RS03315,0.0463336774791681,656.7249708720606,0.8742217754880692,0.9546482752471784,RNA,C2vsA2_rna,ACZ81_03325,tier1:gene_id
ACZ81_RS03320,-0.5071723785511281,4106.902656666334,0.0646883802004619,0.223155443993339,RNA,C2vsA2_rna,ACZ81_03330,tier1:gene_id
ACZ81_RS03325,2.7734265423779205,269.6788528350476,4.452724616713526e-13,6.87089660086718e-11,RNA,C2vsA2_rna,ACZ81_03335,tier1:gene_id
ACZ81_RS03330,0.7150770135990135,207.02717103556915,0.0242375203882571,0.121097050806585,RNA,C2vsA2_rna,ACZ81_03340,tier1:gene_id
ACZ81_RS03335,0.5582066872716734,250.38000495070827,0.1300832601048952,0.3445069909943778,RNA,C2vsA2_rna,ACZ81_03345,tier1:gene_id
ACZ81_RS03340,0.1821622620236928,899.3312204367205,0.5293137267161272,0.7573490269561706,RNA,C2vsA2_rna,ACZ81_03350,tier1:gene_id
ACZ81_RS03345,0.6577599730950333,430.7297943878221,0.0343762819901805,0.1513463896979566,RNA,C2vsA2_rna,ACZ81_03355,tier1:gene_id
ACZ81_RS03350,-0.0071119969210432,489.0166382071181,0.9699800910333864,0.987956365886252,RNA,C2vsA2_rna,ACZ81_03360,tier1:gene_id
ACZ81_RS03355,0.2707094383206596,337.7024562525918,0.1697827568745517,0.407238550631304,RNA,C2vsA2_rna,ACZ81_03365,tier1:gene_id
ACZ81_RS03360,2.698957555606233,756.0173665320158,,,RNA,C2vsA2_rna,ACZ81_03370,tier1:gene_id
ACZ81_RS03365,0.2321320783482593,567.4883682915207,0.1851559142909972,0.4289909483263698,RNA,C2vsA2_rna,ACZ81_03375,tier1:gene_id
ACZ81_RS03370,3.624168975160007,611.6175878441458,1.418087133987461e-07,7.585820775410258e-06,RNA,C2vsA2_rna,ACZ81_03380,tier1:gene_id
ACZ81_RS03375,3.495068364948316,578.457276090919,5.493171890157527e-07,2.421824793770549e-05,RNA,C2vsA2_rna,ACZ81_03385,tier1:gene_id
ACZ81_RS03380,2.6363731714820653,139.48453497365884,4.7131092131250105e-05,0.0011672218619171,RNA,C2vsA2_rna,ACZ81_03390,tier1:gene_id
ACZ81_RS03385,2.479808963362653,77.14267027559477,0.000481390548559,0.007456906875748,RNA,C2vsA2_rna,ACZ81_03395,tier1:gene_id
ACZ81_RS03390,0.3604324067273765,161.6726057815644,0.4248187844089598,0.6798456174905253,RNA,C2vsA2_rna,ACZ81_03400,tier1:gene_id
ACZ81_RS03395,0.7568546290711502,353.85034259120505,0.0433627721948904,0.1767123852127401,RNA,C2vsA2_rna,ACZ81_03405,tier1:gene_id
ACZ81_RS03400,-0.6571641621408518,557.9772172525585,0.0568394403574293,0.2068694386254204,RNA,C2vsA2_rna,ACZ81_03410,tier1:gene_id
ACZ81_RS03405,0.1052977976821876,1748.4652958673114,0.8258686578365814,0.9345965448927482,RNA,C2vsA2_rna,ACZ81_03415,tier1:gene_id
ACZ81_RS03410,0.3480031198291587,967.1352896938296,0.499904075073408,0.7370875226734704,RNA,C2vsA2_rna,ACZ81_03420,tier1:gene_id
ACZ81_RS03415,0.0051099689979002,53.588130127754205,0.989530502951006,0.9972126534264684,RNA,C2vsA2_rna,ACZ81_03425,tier1:gene_id
ACZ81_RS03420,-0.1059970490946003,447.4685185559888,0.56825828278782,0.7888762043407384,RNA,C2vsA2_rna,ACZ81_03430,tier1:gene_id
ACZ81_RS03425,0.2401698403378014,5961.413957458747,0.6448809826691702,0.8438250245409941,RNA,C2vsA2_rna,ACZ81_03435,tier1:gene_id
ACZ81_RS03435,-1.1643677312298637,123.06574506597678,0.0040313797049613,0.0343394806290975,RNA,C2vsA2_rna,ACZ81_03445,tier1:gene_id
ACZ81_RS03440,-0.7183356009954521,108.23195875369171,0.0259253254756894,0.1256188475947658,RNA,C2vsA2_rna,ACZ81_03450,tier1:gene_id
ACZ81_RS03445,0.1489129131068653,39.18884788446857,0.8180886373697347,0.9319056255330423,RNA,C2vsA2_rna,ACZ81_03455,tier1:gene_id
ACZ81_RS03450,0.161519452503277,10.905467084891583,0.804977573605886,0.924301037038234,RNA,C2vsA2_rna,ACZ81_03460,tier1:gene_id
ACZ81_RS03455,0.024512313762423,4057.572316619641,0.9624302521490032,0.9851023548521785,RNA,C2vsA2_rna,ACZ81_03465,tier1:gene_id
ACZ81_RS03460,0.5517128385240715,768.6022849484333,0.020809277491783,0.1088485284185572,RNA,C2vsA2_rna,ACZ81_03470,tier1:gene_id
ACZ81_RS03465,0.7406900043031811,1657.4209085014147,0.0284456080128193,0.1335737037129119,RNA,C2vsA2_rna,ACZ81_03475,tier1:gene_id
ACZ81_RS03470,1.0301879195991723,314.43331874465906,0.0020676784457281,0.0208955312953682,RNA,C2vsA2_rna,ACZ81_03480,tier1:gene_id
ACZ81_RS03475,-0.1364097493528462,3736.996103627256,0.6238386018653101,0.8293748605322407,RNA,C2vsA2_rna,ACZ81_03485,tier1:gene_id
ACZ81_RS03480,-0.0026781598079125,131.4654693037458,0.994728976345298,0.9982539869208604,RNA,C2vsA2_rna,ACZ81_03490,tier1:gene_id
ACZ81_RS03485,-0.6968695382374667,58.67351574373555,0.0970441292588309,0.2903363509220208,RNA,C2vsA2_rna,ACZ81_03495,tier1:gene_id
ACZ81_RS03490,-0.5310133011975672,701.2818803987094,0.0037527307479571,0.0327303386104434,RNA,C2vsA2_rna,ACZ81_03500,tier1:gene_id
ACZ81_RS03495,0.4967638835408923,579.8836059840198,0.0250318182897939,0.123375497516773,RNA,C2vsA2_rna,ACZ81_03505,tier1:gene_id
ACZ81_RS03500,0.2648944478269299,2127.453868561952,0.2517459382447157,0.5075400523808038,RNA,C2vsA2_rna,ACZ81_03510,tier1:gene_id
ACZ81_RS03505,0.2787903118527289,2275.6660708035747,0.3284439722797042,0.5882050751529134,RNA,C2vsA2_rna,ACZ81_03515,tier1:gene_id
ACZ81_RS03515,0.0847154351598299,498.21725381775536,0.7784326957504587,0.912845415957036,RNA,C2vsA2_rna,ACZ81_03525,tier1:gene_id
ACZ81_RS03520,0.3622652641745541,334.33239472562514,0.1141511411511237,0.3200380002084617,RNA,C2vsA2_rna,ACZ81_03530,tier1:gene_id
ACZ81_RS03525,-0.1953972621543701,2101.949845348768,0.6724561123252868,0.8602978069671717,RNA,C2vsA2_rna,ACZ81_03535,tier1:gene_id
ACZ81_RS03530,-0.3567430756422305,661.0731994269512,0.0470141813532156,0.1856504877845485,RNA,C2vsA2_rna,ACZ81_03540,tier1:gene_id
ACZ81_RS03535,0.2546885008641535,39.63171234922243,0.5892836399442928,0.8044422908902862,RNA,C2vsA2_rna,ACZ81_03545,tier1:gene_id
ACZ81_RS03540,-0.086391042705715,181.022061238293,0.7804131207161611,0.9138988442245296,RNA,C2vsA2_rna,ACZ81_03550,tier1:gene_id
ACZ81_RS03545,0.3855528351794588,879.7963545138632,0.0517020966305176,0.1964287989409441,RNA,C2vsA2_rna,ACZ81_03555,tier1:gene_id
ACZ81_RS03550,0.0013976559805589,347.54566800180163,0.9954295540759108,0.9982539869208604,RNA,C2vsA2_rna,ACZ81_03560,tier1:gene_id
ACZ81_RS03555,0.0075429504672676,697.9903059078546,0.974701427276666,0.9901315028077778,RNA,C2vsA2_rna,ACZ81_03565,tier1:gene_id
ACZ81_RS03560,0.1857124848109446,1254.6632784556857,0.4973523032703946,0.7344046524552166,RNA,C2vsA2_rna,ACZ81_03570,tier1:gene_id
ACZ81_RS03565,-0.1729920394180303,327.18440645025174,0.5458756777452112,0.7692494622809228,RNA,C2vsA2_rna,ACZ81_03575,tier1:gene_id
ACZ81_RS03570,0.3139914834724546,937.6091785076296,0.4870908037875442,0.7251236752488412,RNA,C2vsA2_rna,ACZ81_03580,tier1:gene_id
ACZ81_RS03575,-0.4085048528543792,348.3019430677522,0.4421288533689639,0.6950302211949916,RNA,C2vsA2_rna,ACZ81_03585,tier1:gene_id
ACZ81_RS03580,0.1268370112609956,57.86522880011889,0.851794267770947,0.9461618408443204,RNA,C2vsA2_rna,ACZ81_03590,tier1:gene_id
ACZ81_RS03585,-3.308697269117966,123.52174851724918,1.8888568794885888e-11,2.368154312658819e-09,RNA,C2vsA2_rna,ACZ81_03595,tier1:gene_id
ACZ81_RS03590,-3.728655556992177,63.32206184938544,3.896054532261604e-09,2.8946242191543615e-07,RNA,C2vsA2_rna,ACZ81_03600,tier1:gene_id
ACZ81_RS03595,-3.962447983020949,74.09502797592654,2.538184195611415e-10,2.4245702363792847e-08,RNA,C2vsA2_rna,ACZ81_03605,tier1:gene_id
ACZ81_RS03600,-4.1384109740465576,136.7497696302608,1.665386411147831e-12,2.3862608148303914e-10,RNA,C2vsA2_rna,ACZ81_03610,tier1:gene_id
ACZ81_RS03605,-6.2791466477655815,109.14552649875226,1.1739161339947106e-12,1.7443524183654735e-10,RNA,C2vsA2_rna,ACZ81_03615,tier1:gene_id
ACZ81_RS03610,-1.946967660780238,61.84298777099378,2.391155015543481e-05,0.0006438465719704,RNA,C2vsA2_rna,ACZ81_03620,tier1:gene_id
ACZ81_RS03615,-5.052255622743502,35.96255914786888,6.832739627476286e-09,4.726370928523251e-07,RNA,C2vsA2_rna,ACZ81_03625,tier1:gene_id
ACZ81_RS03620,-3.3941953326664933,164.44392915218518,1.1241707345986372e-10,1.2189656722188468e-08,RNA,C2vsA2_rna,ACZ81_03630,tier1:gene_id
ACZ81_RS03625,-0.7930469937626461,44.8022102592576,0.152553870364618,0.3789759305899984,RNA,C2vsA2_rna,ACZ81_03635,tier1:gene_id
ACZ81_RS03630,-0.7072239996822574,15.839151504511111,0.2393917142804857,0.4951585622184606,RNA,C2vsA2_rna,ACZ81_03640,tier1:gene_id
ACZ81_RS03635,-1.4736304833707332,19.23760778273144,0.0242348056093676,0.121097050806585,RNA,C2vsA2_rna,ACZ81_03645,tier1:gene_id
ACZ81_RS03640,-1.085744949509188,134.85585932756578,0.0005978592926279,0.0086592472275217,RNA,C2vsA2_rna,ACZ81_03650,tier1:gene_id
ACZ81_RS03645,-1.5445713394369116,201.3472717050916,0.0002446797106353,0.0043306145892021,RNA,C2vsA2_rna,ACZ81_03655,tier1:gene_id
ACZ81_RS03650,-0.6989302250282602,424.9241368076045,0.0003917849621832,0.0062873650731173,RNA,C2vsA2_rna,ACZ81_03660,tier1:gene_id
ACZ81_RS03655,-0.0735747167220082,7159.704832778554,0.8552005657092296,0.9476840481986898,RNA,C2vsA2_rna,ACZ81_03665,tier1:gene_id
ACZ81_RS03660,0.1191177149438256,4225.2973337006415,0.7015237373755485,0.8706229220976694,RNA,C2vsA2_rna,ACZ81_03670,tier1:gene_id
ACZ81_RS03665,0.7651985593827625,3535.8864759395783,0.0130453954509017,0.0788224797424964,RNA,C2vsA2_rna,ACZ81_03675,tier1:gene_id
ACZ81_RS03670,1.481068776480252,2453.413023176276,0.0207189439160468,0.1085174973775194,RNA,C2vsA2_rna,ACZ81_03680,tier1:gene_id
ACZ81_RS03675,0.8733656880585545,1499.0555908659703,0.034600060907543,0.1518768537867205,RNA,C2vsA2_rna,ACZ81_03685,tier1:gene_id
ACZ81_RS03680,-0.2936101019109275,4508.839035707289,0.0678289101996895,0.2291075362525658,RNA,C2vsA2_rna,ACZ81_03690,tier1:gene_id
ACZ81_RS03685,-0.3460271108641245,1664.081364352796,0.0702131541596511,0.2347459787404335,RNA,C2vsA2_rna,ACZ81_03695,tier1:gene_id
ACZ81_RS03690,2.6115021383402626,98.13270556136442,1.1234142439923817e-05,0.0003388825523983,RNA,C2vsA2_rna,ACZ81_03700,tier1:gene_id
ACZ81_RS03695,2.766328347877092,55.11373420650511,0.0008001798006478,0.0108456802709427,RNA,C2vsA2_rna,ACZ81_03705,tier1:gene_id
ACZ81_RS03700,0.536603519791918,247.0139077603924,0.2693668154635432,0.5266627209306285,RNA,C2vsA2_rna,ACZ81_03710,tier1:gene_id
ACZ81_RS03705,0.2492895318062332,391.8278832232808,0.3420344518272323,0.6039798506737922,RNA,C2vsA2_rna,ACZ81_03715,tier1:gene_id
ACZ81_RS03710,-0.3524896611390832,79.81547623065164,0.3893093515149432,0.6467532580861086,RNA,C2vsA2_rna,ACZ81_03720,tier1:gene_id
ACZ81_RS03715,-0.3008327966151684,576.3843186569745,0.2780710997004648,0.5351996331690968,RNA,C2vsA2_rna,ACZ81_03725,tier1:gene_id
ACZ81_RS03720,-0.3565220930615712,563.0528017927071,0.3217342405331999,0.5809170895675959,RNA,C2vsA2_rna,ACZ81_03730,tier1:gene_id
ACZ81_RS03725,0.0724513267015909,1574.264270173899,0.813943693736237,0.9299477837990834,RNA,C2vsA2_rna,ACZ81_03735,tier1:gene_id
ACZ81_RS03730,-0.0317215686309716,3480.090248779657,0.8916092546331444,0.958247074628496,RNA,C2vsA2_rna,ACZ81_03740,tier1:gene_id
ACZ81_RS03735,0.2210472570181957,455.0432352661966,0.5848093939503104,0.8018644184991952,RNA,C2vsA2_rna,ACZ81_03745,tier1:gene_id
ACZ81_RS03740,0.2771330827128846,618.1872287804042,0.4523231941587127,0.7006414002561505,RNA,C2vsA2_rna,ACZ81_03750,tier1:gene_id
ACZ81_RS03745,-0.2807867275386174,188.2819736352629,0.2369902980251982,0.4941814322646026,RNA,C2vsA2_rna,ACZ81_03755,tier1:gene_id
ACZ81_RS03750,-0.0035038694233123,183.4046497121253,0.9912206802026644,0.9972126534264684,RNA,C2vsA2_rna,ACZ81_03760,tier1:gene_id
ACZ81_RS03755,0.2842568223636108,388.8916382062346,0.295915157612278,0.5537367594871545,RNA,C2vsA2_rna,ACZ81_03765,tier1:gene_id
ACZ81_RS03760,0.2663274362018564,376.7660621392308,0.366591185975512,0.6261233878815471,RNA,C2vsA2_rna,ACZ81_03770,tier1:gene_id
ACZ81_RS03765,0.0070955411061266,1885.2715551781364,0.9905258658183338,0.9972126534264684,RNA,C2vsA2_rna,ACZ81_03775,tier1:gene_id
ACZ81_RS03770,-0.3211004014631936,895.2306294531954,0.4773531713962807,0.7186269882333501,RNA,C2vsA2_rna,ACZ81_03780,tier1:gene_id
ACZ81_RS03775,0.2629762267775684,753.1264561200711,0.4701401157786362,0.7133896159243148,RNA,C2vsA2_rna,ACZ81_03785,tier1:gene_id
ACZ81_RS03780,0.3589227305344994,1301.0576243051646,0.1246304075335929,0.3354698228823529,RNA,C2vsA2_rna,ACZ81_03790,tier1:gene_id
ACZ81_RS03785,-0.1237050636610079,674.6576504282131,0.6678144792666303,0.8568185771722804,RNA,C2vsA2_rna,ACZ81_03795,tier1:gene_id
ACZ81_RS03790,-0.3612397274728716,580.5177550354498,0.1850196348109806,0.4289909483263698,RNA,C2vsA2_rna,ACZ81_03800,tier1:gene_id
ACZ81_RS03795,0.0294391211641925,2109.2775508821483,0.8875040223607786,0.9567514259515674,RNA,C2vsA2_rna,ACZ81_03805,tier1:gene_id
ACZ81_RS03805,-0.3307026312573551,841.0442865909417,0.1774833330360928,0.4183017667343002,RNA,C2vsA2_rna,ACZ81_03815,tier1:gene_id
ACZ81_RS03810,0.6608662745992374,4870.993735066737,0.0370088471863975,0.1586319390083619,RNA,C2vsA2_rna,ACZ81_03820,tier1:gene_id
ACZ81_RS03815,0.8297252333772888,2235.370464262448,0.0212201079976175,0.11027859233995,RNA,C2vsA2_rna,ACZ81_03825,tier1:gene_id
ACZ81_RS03820,-0.6546846018888335,605.7898681615371,0.0013660239723085,0.0152659837796705,RNA,C2vsA2_rna,ACZ81_03830,tier1:gene_id
ACZ81_RS03830,0.2452180184576229,2123.5554931242377,0.3891423389864967,0.6467436056395297,RNA,C2vsA2_rna,ACZ81_03840,tier1:gene_id
ACZ81_RS03835,-0.1029189038106448,82.78001248573572,0.7869671007911889,0.9180901449183628,RNA,C2vsA2_rna,ACZ81_03845,tier1:gene_id
ACZ81_RS03840,-0.2015238943652086,389.7977094253949,0.5074701176371404,0.7406220851073871,RNA,C2vsA2_rna,ACZ81_03850,tier1:gene_id
ACZ81_RS03845,0.7332580100589073,145.31270947451597,0.1180254761716024,0.3253685552112217,RNA,C2vsA2_rna,ACZ81_03855,tier1:gene_id
ACZ81_RS03850,0.0922754048072295,385.23009518579306,0.8020188087668925,0.922746473756423,RNA,C2vsA2_rna,ACZ81_03860,tier1:gene_id
ACZ81_RS03855,-0.5504308581272844,868.187531048015,0.1418086657862504,0.3623798516779852,RNA,C2vsA2_rna,ACZ81_03865,tier1:gene_id
ACZ81_RS03860,-0.1014628465131544,387.8631299021459,0.7982505530393059,0.9224306070504428,RNA,C2vsA2_rna,ACZ81_03870,tier1:gene_id
ACZ81_RS03865,-0.2780326451049281,1806.8294971363832,0.3443413619446039,0.6060057448029095,RNA,C2vsA2_rna,ACZ81_03875,tier1:gene_id
ACZ81_RS03870,0.2626124041818228,853.3131355905114,0.5669337689569252,0.7873098930616766,RNA,C2vsA2_rna,ACZ81_03880,tier1:gene_id
ACZ81_RS03875,0.5847196616052112,129.177864560824,0.1582028579844815,0.387810326193177,RNA,C2vsA2_rna,ACZ81_03885,tier1:gene_id
ACZ81_RS03880,0.3266064512792344,189.055264294323,0.206881952679853,0.4560496671162474,RNA,C2vsA2_rna,ACZ81_03890,tier1:gene_id
ACZ81_RS03885,-0.3731388735355608,272.92348017071663,0.1036277923858415,0.3029659180424824,RNA,C2vsA2_rna,ACZ81_03895,tier1:gene_id
ACZ81_RS03895,0.6348376894513437,692.5064826788016,0.080674610804592,0.2579016243410543,RNA,C2vsA2_rna,ACZ81_03900,tier1:gene_id
ACZ81_RS03900,-0.021081336707417,605.2160842034922,0.9455048003069956,0.9761619297044948,RNA,C2vsA2_rna,ACZ81_03905,tier1:gene_id
ACZ81_RS03905,-1.1892346725930778,88.84296192521674,0.0014900363748016,0.0162006122918812,RNA,C2vsA2_rna,ACZ81_03910,tier1:gene_id
ACZ81_RS03910,-0.597063874131494,1508.9629012551293,0.0077084019530042,0.0533181766405694,RNA,C2vsA2_rna,ACZ81_03915,tier1:gene_id
ACZ81_RS03915,-0.5822886385873692,1487.6372189335002,0.0254971165201339,0.1252073824709635,RNA,C2vsA2_rna,ACZ81_03920,tier1:gene_id
ACZ81_RS03920,0.4405460745830417,350.9310368097898,0.2539102710324898,0.5098128155492397,RNA,C2vsA2_rna,ACZ81_03925,tier1:gene_id
ACZ81_RS03925,-0.9961701849287112,966.3291036046136,0.0011540012850525,0.0134684674686703,RNA,C2vsA2_rna,ACZ81_03930,tier1:gene_id
ACZ81_RS03930,0.1416146621177439,1439.7184707331623,0.4768169822514254,0.7184779978200372,RNA,C2vsA2_rna,ACZ81_03935,tier1:gene_id
ACZ81_RS03935,0.3807385343060969,2544.370321247223,0.24604150266779,0.50032984383452,RNA,C2vsA2_rna,ACZ81_03940,tier1:gene_id
ACZ81_RS03940,0.3991805529980428,408.9566445721129,0.1590266331163162,0.3890334463796712,RNA,C2vsA2_rna,ACZ81_03945,tier1:gene_id
ACZ81_RS03945,0.3947286610925791,1146.9755130754438,0.1576269155889594,0.3872622078033713,RNA,C2vsA2_rna,ACZ81_03950,tier1:gene_id
ACZ81_RS03955,0.1604674136957935,3529.833138039578,0.7139272136305534,0.8753899697694928,RNA,C2vsA2_rna,ACZ81_03960,tier1:gene_id
ACZ81_RS03960,-2.376283186152998,4.396017084796394,0.0093731389447097,0.0616475958134025,RNA,C2vsA2_rna,ACZ81_03965,tier1:gene_id
ACZ81_RS03965,-0.5064482428802956,45.26230421824918,0.2920078865934476,0.5503626339045802,RNA,C2vsA2_rna,ACZ81_03970,tier1:gene_id
ACZ81_RS03970,-1.739119027007041,172.29990867036398,6.067952385873109e-05,0.00144051035338,RNA,C2vsA2_rna,ACZ81_03975,tier1:gene_id
ACZ81_RS03975,-1.0069430394461911,114.38287235687112,0.001193361321339,0.013757947187392,RNA,C2vsA2_rna,ACZ81_03980,tier1:gene_id
ACZ81_RS03980,1.303583554723247,29.05189463708432,0.0793301634364439,0.255594204805241,RNA,C2vsA2_rna,ACZ81_03985,tier1:gene_id
ACZ81_RS03985,0.9217806507544986,9.806590665294832,0.340304415515222,0.6017193984341431,RNA,C2vsA2_rna,ACZ81_03990,tier1:gene_id
ACZ81_RS03990,-0.151372622402241,44.19192973384863,0.7515354810506873,0.8960357652229889,RNA,C2vsA2_rna,ACZ81_03995,tier1:gene_id
ACZ81_RS03995,0.1563064595502913,120.73264254304142,0.6763005710097618,0.8613456773175844,RNA,C2vsA2_rna,ACZ81_04000,tier1:gene_id
ACZ81_RS04000,-0.247970680331632,1129.5136885476848,0.6182866055236373,0.8257542814117287,RNA,C2vsA2_rna,ACZ81_04005,tier1:gene_id
ACZ81_RS04005,0.9792840267914396,365.1823060819875,0.000209620786947,0.0038401762430656,RNA,C2vsA2_rna,ACZ81_04010,tier1:gene_id
ACZ81_RS04010,-0.2082784339384961,1853.1321288930053,0.2816264657529996,0.5385535655867658,RNA,C2vsA2_rna,ACZ81_04015,tier1:gene_id
ACZ81_RS04015,0.1593267581044647,923.6399830539284,0.5864149674679782,0.803242352161669,RNA,C2vsA2_rna,ACZ81_04020,tier1:gene_id
ACZ81_RS04020,0.5857328815864049,819.8337973600403,0.0165241894106161,0.0933733069230872,RNA,C2vsA2_rna,ACZ81_04025,tier1:gene_id
ACZ81_RS04025,0.2221129336066637,250.8224080414292,0.3863042138063057,0.644161473728553,RNA,C2vsA2_rna,ACZ81_04030,tier1:gene_id
ACZ81_RS04030,-0.6975065158458668,128.5398635526662,0.0268675521563453,0.1284938577065902,RNA,C2vsA2_rna,ACZ81_04035,tier1:gene_id
ACZ81_RS04035,-0.0650314099691122,183.11859674490785,0.8301692156581498,0.936493429488955,RNA,C2vsA2_rna,ACZ81_04040,tier1:gene_id
ACZ81_RS04040,-0.2394618561869554,101.42198424075816,0.4669871553276137,0.7107558676685836,RNA,C2vsA2_rna,ACZ81_04045,tier1:gene_id
ACZ81_RS04045,0.5797400590391432,1435.7360787720288,0.1661808174515054,0.4018791076645206,RNA,C2vsA2_rna,ACZ81_04050,tier1:gene_id
ACZ81_RS04050,0.2396676409899347,863.8698925152737,0.3151068064899067,0.5741183050124913,RNA,C2vsA2_rna,ACZ81_04055,tier1:gene_id
ACZ81_RS04055,0.1954040290318127,899.7745321018443,0.4954749683630876,0.7330555447486404,RNA,C2vsA2_rna,ACZ81_04060,tier1:gene_id
ACZ81_RS04060,-0.3898187232700877,761.3247765271346,0.5183949750901736,0.7483100650438594,RNA,C2vsA2_rna,ACZ81_04065,tier1:gene_id
ACZ81_RS04065,-0.3346178473548011,1073.4206509799894,0.5020046689530504,0.7378530812514644,RNA,C2vsA2_rna,ACZ81_04070,tier1:gene_id
ACZ81_RS04070,-0.3762157704012349,1479.82923343392,0.4529418301097637,0.7007689512873265,RNA,C2vsA2_rna,ACZ81_04075,tier1:gene_id
ACZ81_RS04075,-0.1874744152554443,2180.012442212475,0.6120534393608895,0.820433811799495,RNA,C2vsA2_rna,ACZ81_04080,tier1:gene_id
ACZ81_RS04080,-0.179126596833406,5799.521110139827,0.6825491128406587,0.8634085690294259,RNA,C2vsA2_rna,ACZ81_04085,tier1:gene_id
ACZ81_RS04090,-0.122562867808986,89.10066634473341,0.761085007279195,0.9015375734946808,RNA,C2vsA2_rna,ACZ81_04095,tier1:gene_id
ACZ81_RS04095,-0.3223199281486272,77.19202618215083,0.515616618509311,0.7459985118858117,RNA,C2vsA2_rna,ACZ81_04100,tier1:gene_id
ACZ81_RS04100,-0.0493042196794227,1094.451728671165,0.892006448438756,0.95841721240929,RNA,C2vsA2_rna,ACZ81_04105,tier1:gene_id
ACZ81_RS04105,0.7986230744381324,1579.0359943035742,0.0681488371311007,0.229731129480444,RNA,C2vsA2_rna,ACZ81_04110,tier1:gene_id
ACZ81_RS04115,0.0597816472777886,78.04751506161134,0.8607349971808216,0.9487865028179958,RNA,C2vsA2_rna,ACZ81_04120,tier1:gene_id
ACZ81_RS04120,2.582727623791281,12249.904351637037,0.0006195814072621,0.0089415849134384,RNA,C2vsA2_rna,ACZ81_04125,tier1:gene_id
ACZ81_RS04130,-0.2998184666974742,364.39282081058855,0.4066678400965003,0.6626934908477495,RNA,C2vsA2_rna,ACZ81_04135,tier1:gene_id
ACZ81_RS04135,0.0080662881619573,226.57567424574503,0.9831545825568542,0.9940092960146516,RNA,C2vsA2_rna,ACZ81_04140,tier1:gene_id
ACZ81_RS04140,-0.1170677944474334,501.4303457981525,0.5485729176472427,0.7716951422162475,RNA,C2vsA2_rna,ACZ81_04145,tier1:gene_id
ACZ81_RS04145,-0.6043655843537126,176.36365247992185,0.0130411135634626,0.0788224797424964,RNA,C2vsA2_rna,ACZ81_04150,tier1:gene_id
ACZ81_RS04150,0.7316967926757351,246.23033025760927,0.0440750603159645,0.1784921109967622,RNA,C2vsA2_rna,ACZ81_04155,tier1:gene_id
ACZ81_RS04155,-1.576968843055348,345.7294920964857,0.0035040909610618,0.0311026834862389,RNA,C2vsA2_rna,ACZ81_04160,tier1:gene_id
ACZ81_RS04160,-1.8706423353888613,547.8280858078372,0.001430734511666,0.0157742482320054,RNA,C2vsA2_rna,ACZ81_04165,tier1:gene_id
ACZ81_RS04165,-2.068869907226664,657.1974070139142,0.0009487376493296,0.0121266002189214,RNA,C2vsA2_rna,ACZ81_04170,tier1:gene_id
ACZ81_RS04170,-2.289322890444506,1798.2066147137848,1.437132704736828e-05,0.0004178098848843,RNA,C2vsA2_rna,ACZ81_04175,tier1:gene_id
ACZ81_RS04175,-1.767576362204602,1040.076378912098,0.0002200506352556,0.0039947653784877,RNA,C2vsA2_rna,ACZ81_04180,tier1:gene_id
ACZ81_RS04180,0.8324219361360441,1289.0437258722743,0.0961923400540173,0.2880978517664603,RNA,C2vsA2_rna,ACZ81_04185,tier1:gene_id
ACZ81_RS04185,1.159893107249769,440.5093679396615,0.0012724931587261,0.0145864072937412,RNA,C2vsA2_rna,ACZ81_04190,tier1:gene_id
ACZ81_RS04190,-0.066268307445084,250.42804780986663,0.7960479404805157,0.9214963337695252,RNA,C2vsA2_rna,ACZ81_04195,tier1:gene_id
ACZ81_RS04195,-0.0810606918888986,213.37410028044744,0.7453034469102966,0.8925424757152299,RNA,C2vsA2_rna,ACZ81_04200,tier1:gene_id
ACZ81_RS04200,0.9214079438452158,641.4862109483491,0.0162862301303292,0.0924191729602274,RNA,C2vsA2_rna,ACZ81_04205,tier1:gene_id
ACZ81_RS04205,1.4883811980967614,384.2540056894174,0.0479277521387301,0.1875962356883757,RNA,C2vsA2_rna,ACZ81_04210,tier1:gene_id
ACZ81_RS04210,1.0144544991315023,235.3283212217252,0.1561134979141196,0.3845396032017406,RNA,C2vsA2_rna,ACZ81_04215,tier1:gene_id
ACZ81_RS04215,0.5968039120278908,137.12126163766897,0.3541122115169174,0.6145408984432963,RNA,C2vsA2_rna,ACZ81_04220,tier1:gene_id
ACZ81_RS04220,0.5059234136591513,194.15756904299403,0.1683708276202004,0.405513505750499,RNA,C2vsA2_rna,ACZ81_04225,tier1:gene_id
ACZ81_RS04225,-0.5606935173681852,118.91209026084084,0.32119439213626,0.580464820383187,RNA,C2vsA2_rna,ACZ81_04230,tier1:gene_id
ACZ81_RS04235,-0.278022161304562,139.1913542615753,0.4308199732678235,0.6859664575137427,RNA,C2vsA2_rna,ACZ81_04240,tier1:gene_id
ACZ81_RS04240,-4.450972661201623,159.71530731025453,2.2765617310910166e-07,1.0873292458496611e-05,RNA,C2vsA2_rna,ACZ81_04245,tier1:gene_id
ACZ81_RS04245,-2.5000769329268016,152.72001274063769,2.5608532247393906e-07,1.2087227220769924e-05,RNA,C2vsA2_rna,ACZ81_04250,tier1:gene_id
ACZ81_RS04250,-0.7708343528441368,92.61284027977092,0.0678105907659713,0.2291075362525658,RNA,C2vsA2_rna,ACZ81_04255,tier1:gene_id
ACZ81_RS04255,0.3061537719013298,22.270541250991915,0.6945505938957065,0.8682511575501848,RNA,C2vsA2_rna,ACZ81_04260,tier1:gene_id
ACZ81_RS04260,-2.647535139233143,1535.5891106651352,1.5249658803127217e-08,9.87257520460062e-07,RNA,C2vsA2_rna,ACZ81_04265,tier1:gene_id
ACZ81_RS04265,-2.5152618140867338,1668.896749384622,2.746533376574829e-08,1.6446405831071957e-06,RNA,C2vsA2_rna,ACZ81_04270,tier1:gene_id
ACZ81_RS04270,-2.427100080211622,1776.3838195830947,2.840250264527349e-16,8.139345758059805e-14,RNA,C2vsA2_rna,ACZ81_04275,tier1:gene_id
ACZ81_RS04275,-0.9704939714950892,597.5791712957267,0.0383043433074566,0.1622777458812207,RNA,C2vsA2_rna,ACZ81_04280,tier1:gene_id
ACZ81_RS04280,-0.8355877280561312,264.6759573266989,0.00088818303791,0.0116006546333353,RNA,C2vsA2_rna,ACZ81_04285,tier1:gene_id
ACZ81_RS04285,-2.2618540998487062,34.80733608238704,5.8451310191650295e-08,3.2124199519027525e-06,RNA,C2vsA2_rna,ACZ81_04290,tier1:gene_id
ACZ81_RS04290,-1.1744191332361025,31.5687784257581,0.0076067652616805,0.0530753777910653,RNA,C2vsA2_rna,ACZ81_04295,tier1:gene_id
ACZ81_RS04295,-0.7988102715110489,294.0092889432228,0.0029148948312311,0.0271335453895579,RNA,C2vsA2_rna,ACZ81_04300,tier1:gene_id
ACZ81_RS04300,-0.1229743966882451,22.21980105484789,0.8096451208033871,0.9275546044155308,RNA,C2vsA2_rna,ACZ81_04305,tier1:gene_id
ACZ81_RS04305,0.0245534327873926,17.36959139410952,0.9625127694467944,0.9851023548521785,RNA,C2vsA2_rna,ACZ81_04310,tier1:gene_id
ACZ81_RS04310,0.257066040434067,66.83118089234638,0.5314582239157314,0.7587937346440977,RNA,C2vsA2_rna,ACZ81_04315,tier1:gene_id
ACZ81_RS04315,1.1385793440529526,96.23624347540624,0.0061336081665275,0.046342817258208,RNA,C2vsA2_rna,ACZ81_04320,tier1:gene_id
ACZ81_RS04320,1.9280001975116567,248.35309390955936,2.0654939402230503e-09,1.6573523376349757e-07,RNA,C2vsA2_rna,ACZ81_04325,tier1:gene_id
ACZ81_RS04325,3.4838109743704004,82.75381454496404,4.067520521536637e-09,2.9140879165008905e-07,RNA,C2vsA2_rna,ACZ81_04330,tier1:gene_id
ACZ81_RS04330,3.696448808280514,74.77990405875313,6.165486834959444e-11,7.275274465252144e-09,RNA,C2vsA2_rna,ACZ81_04335,tier1:gene_id
ACZ81_RS04335,1.0699740019667734,256.6749653344803,5.387833417277379e-06,0.0001757397371554,RNA,C2vsA2_rna,ACZ81_04340,tier1:gene_id
ACZ81_RS04340,0.5857918411687986,157.20857600244432,0.0478287420987151,0.1873915168945755,RNA,C2vsA2_rna,ACZ81_04345,tier1:gene_id
ACZ81_RS04345,0.9118076893613845,213.9817974212898,0.0256088187887538,0.1255509030381751,RNA,C2vsA2_rna,ACZ81_04350,tier1:gene_id
ACZ81_RS04350,0.8998071562647737,105.87164046241168,0.0513509599477548,0.1956505710450071,RNA,C2vsA2_rna,ACZ81_04355,tier1:gene_id
ACZ81_RS04355,1.2158210500206126,874.4235446197717,0.0001446598188332,0.0028874387719359,RNA,C2vsA2_rna,ACZ81_04360,tier1:gene_id
ACZ81_RS04360,-0.61170569688353,76.95138365829219,0.1033483041349762,0.3024986994025521,RNA,C2vsA2_rna,ACZ81_04365,tier1:gene_id
ACZ81_RS04365,0.0178229716546859,281.63514678846394,0.9362122491738388,0.9718198043170614,RNA,C2vsA2_rna,ACZ81_04370,tier1:gene_id
ACZ81_RS04370,0.0037162527332674,74.57865817534388,0.992511978066497,0.9974844829666298,RNA,C2vsA2_rna,ACZ81_04375,tier1:gene_id
ACZ81_RS04375,0.2561311694803026,186.6741879651709,0.5235482922631284,0.7538695316834044,RNA,C2vsA2_rna,ACZ81_04380,tier1:gene_id
ACZ81_RS04385,-0.7724492644017188,47.63053463675621,0.1160778618301148,0.3216795213260041,RNA,C2vsA2_rna,ACZ81_RS04385,locus_tag:gene_id
ACZ81_RS04390,-0.1618925475381405,25.031600495660623,0.7761885551982752,0.9111267488320146,RNA,C2vsA2_rna,ACZ81_04395,tier1:gene_id
ACZ81_RS04395,-1.126176471234696,142.58810540559108,0.007070963479123,0.050568102456759,RNA,C2vsA2_rna,ACZ81_RS04395,locus_tag:gene_id
ACZ81_RS04400,-0.930883766014668,164.92092928131444,0.0071649778627119,0.050787793613428,RNA,C2vsA2_rna,ACZ81_04405,tier1:gene_id
ACZ81_RS04405,-0.3929367332588186,1766.191007023017,0.0775426842639478,0.2521079815777625,RNA,C2vsA2_rna,ACZ81_04410,tier1:gene_id
ACZ81_RS04410,-0.6726632986310206,760.4499166935501,0.0007666766982833,0.0104622684133092,RNA,C2vsA2_rna,ACZ81_04415,tier1:gene_id
ACZ81_RS04430,0.7358846346523007,1743.7666684507408,0.0070158846152859,0.0503537192782237,RNA,C2vsA2_rna,ACZ81_04435,tier1:gene_id
ACZ81_RS04435,-1.2712951573254427,3744.858163007541,0.0235078901409538,0.1187829411152477,RNA,C2vsA2_rna,ACZ81_04440,tier1:gene_id
ACZ81_RS04440,-1.340085301194082,841.7134340599043,0.0003488520721036,0.0057558671889047,RNA,C2vsA2_rna,ACZ81_04445,tier1:gene_id
ACZ81_RS04445,-0.3932846828214654,936.1674290098348,0.4524830179620354,0.7006414002561505,RNA,C2vsA2_rna,ACZ81_04450,tier1:gene_id
ACZ81_RS04450,-0.1502578893351555,359.99620163528675,0.7748512075129109,0.9100418748658662,RNA,C2vsA2_rna,ACZ81_04455,tier1:gene_id
ACZ81_RS04455,4.891167354829326,3756.969378970525,7.548242171078493e-10,6.443307997950408e-08,RNA,C2vsA2_rna,ACZ81_04460,tier1:gene_id
ACZ81_RS04460,2.6847356241358056,468.1352948316628,0.0003336327151911,0.0055949574403493,RNA,C2vsA2_rna,ACZ81_04465,tier1:gene_id
ACZ81_RS04465,-0.3361713651632859,59.14302421567947,0.3364386824789294,0.5972630326910721,RNA,C2vsA2_rna,ACZ81_04470,tier1:gene_id
ACZ81_RS04470,0.2056776246981474,58.90695059153968,0.6737229325588598,0.8605464519026251,RNA,C2vsA2_rna,ACZ81_04475,tier1:gene_id
ACZ81_RS04475,0.3571665417984916,2688.966640688921,0.2558864457946675,0.5110086712435072,RNA,C2vsA2_rna,ACZ81_04480,tier1:gene_id
ACZ81_RS04480,0.2343302648089898,859.3559021666073,0.4360911832136104,0.6896183757455205,RNA,C2vsA2_rna,ACZ81_04485,tier1:gene_id
ACZ81_RS04485,-0.6838760385489112,2795.428233883202,0.1302223631346119,0.3445069909943778,RNA,C2vsA2_rna,ACZ81_04490,tier1:gene_id
ACZ81_RS04490,-0.8972985834260321,598.71792368797,0.0317815174938671,0.144730361163899,RNA,C2vsA2_rna,ACZ81_04495,tier1:gene_id
ACZ81_RS04495,0.8552502579682887,804.8731144608687,0.0247961292267217,0.1230655157959606,RNA,C2vsA2_rna,ACZ81_04500,tier1:gene_id
ACZ81_RS04505,-0.3128864345361363,313.0790186894062,0.4768960389318941,0.7184779978200372,RNA,C2vsA2_rna,ACZ81_04510,tier1:gene_id
ACZ81_RS04510,0.1993799575253134,309.4733613445977,0.6363115089561039,0.8387350606185463,RNA,C2vsA2_rna,ACZ81_04515,tier1:gene_id
ACZ81_RS04515,0.199036010055385,1783.5903681897817,0.3856721012954791,0.643642458567996,RNA,C2vsA2_rna,ACZ81_04520,tier1:gene_id
ACZ81_RS04520,0.1954127236735376,12.107100936750626,0.8265076124824204,0.9345965448927482,RNA,C2vsA2_rna,ACZ81_04525,tier1:gene_id
ACZ81_RS04525,-0.3648638187057371,61.79134112294486,0.4422762100475607,0.6950302211949916,RNA,C2vsA2_rna,ACZ81_04530,tier1:gene_id
ACZ81_RS04530,0.0527527225719147,412.16786016758897,0.8022282403944178,0.922746473756423,RNA,C2vsA2_rna,ACZ81_04535,tier1:gene_id
ACZ81_RS04535,0.3685818821737834,494.82461577617687,0.2378393291862516,0.4946673905511577,RNA,C2vsA2_rna,ACZ81_04540,tier1:gene_id
ACZ81_RS04540,0.2259866573138977,246.35534907698204,0.2570986303715283,0.5121535433760902,RNA,C2vsA2_rna,ACZ81_04545,tier1:gene_id
ACZ81_RS04545,-0.7049497471417059,757.5772296715527,0.0212866366713203,0.1104021300654,RNA,C2vsA2_rna,ACZ81_04550,tier1:gene_id
ACZ81_RS04550,0.1600200463456166,221.79500963222569,0.6617192864088155,0.8534869825193084,RNA,C2vsA2_rna,ACZ81_04555,tier1:gene_id
ACZ81_RS04555,-0.1076322563169118,827.0045375471063,0.8073285166663986,0.9259582643983966,RNA,C2vsA2_rna,ACZ81_04560,tier1:gene_id
ACZ81_RS04560,0.0166130865660755,572.1307591393129,0.9769270410140092,0.991153443883099,RNA,C2vsA2_rna,ACZ81_04565,tier1:gene_id
ACZ81_RS04565,0.7377127717116324,959.4884970828032,0.1621421457668583,0.3944901690822531,RNA,C2vsA2_rna,ACZ81_04570,tier1:gene_id
ACZ81_RS04570,0.2488990640813418,102.96447379931188,0.4689039435948619,0.7125919021600705,RNA,C2vsA2_rna,ACZ81_04575,tier1:gene_id
ACZ81_RS04575,0.4277907588465331,2726.3388090775147,0.347281408503629,0.6089567355404545,RNA,C2vsA2_rna,ACZ81_04580,tier1:gene_id
ACZ81_RS04580,0.5592417043750226,2650.1235698335745,0.2474038955211567,0.5015585795001923,RNA,C2vsA2_rna,ACZ81_04585,tier1:gene_id
ACZ81_RS04585,0.3732841804660083,763.2735948826613,0.1898287023549855,0.4349473180172483,RNA,C2vsA2_rna,ACZ81_04590,tier1:gene_id
ACZ81_RS04590,0.584240653677912,471.086499597946,0.10913429405016,0.3126257926965596,RNA,C2vsA2_rna,ACZ81_04595,tier1:gene_id
ACZ81_RS04595,-0.5247034194387831,3404.5289093857577,0.0384007030636711,0.1625143678179839,RNA,C2vsA2_rna,ACZ81_04600,tier1:gene_id
ACZ81_RS04600,0.2155596355189332,870.3215371659551,0.5441703372546344,0.7682352891372712,RNA,C2vsA2_rna,ACZ81_04605,tier1:gene_id
ACZ81_RS04605,-0.0291911982753934,608.6851813902257,0.9208632492320332,0.9686398567647296,RNA,C2vsA2_rna,ACZ81_04610,tier1:gene_id
ACZ81_RS04610,-1.4342026167126387,48.1812949967011,8.595982605968269e-05,0.0019159490119524,RNA,C2vsA2_rna,ACZ81_04615,tier1:gene_id
ACZ81_RS04615,-0.6197665674123402,608.515206441917,0.0368910704753554,0.1584359964480853,RNA,C2vsA2_rna,ACZ81_04620,tier1:gene_id
ACZ81_RS04620,0.7339803285971203,351.6239944038286,0.1024886442844268,0.3010134999041877,RNA,C2vsA2_rna,ACZ81_04625,tier1:gene_id
ACZ81_RS04625,0.3646762496670132,156.97396284998916,0.1583333285903349,0.387810326193177,RNA,C2vsA2_rna,ACZ81_04630,tier1:gene_id
ACZ81_RS04630,0.4087217226197491,546.3406555826991,0.091332454640189,0.2782276446594065,RNA,C2vsA2_rna,ACZ81_04635,tier1:gene_id
ACZ81_RS04635,0.1626600353435628,74.09334697439058,0.6762366936170366,0.8613456773175844,RNA,C2vsA2_rna,ACZ81_04640,tier1:gene_id
ACZ81_RS04640,0.1295331515049893,306.7457633758619,0.745707704161036,0.8925424757152299,RNA,C2vsA2_rna,ACZ81_04645,tier1:gene_id
ACZ81_RS04645,0.2684630880900672,658.7700535804772,0.3239731503631469,0.583646286150402,RNA,C2vsA2_rna,ACZ81_04650,tier1:gene_id
ACZ81_RS04650,0.284037544754224,196.3420014312168,0.3316589648784139,0.5920237426239509,RNA,C2vsA2_rna,ACZ81_04655,tier1:gene_id
ACZ81_RS04655,-0.2152468049567913,178.93569423754877,0.5443337688808432,0.7682352891372712,RNA,C2vsA2_rna,ACZ81_04660,tier1:gene_id
ACZ81_RS04660,0.055162657100985,439.1713428807205,0.8233942590861323,0.9337076787601928,RNA,C2vsA2_rna,ACZ81_04665,tier1:gene_id
ACZ81_RS04665,0.0233499697324833,486.83196484237794,0.933122837305121,0.9708313667612825,RNA,C2vsA2_rna,ACZ81_04670,tier1:gene_id
ACZ81_RS04670,0.6766349818531452,1652.7708640315284,0.0009383088637234,0.0121044860490623,RNA,C2vsA2_rna,ACZ81_04675,tier1:gene_id
ACZ81_RS04675,0.7034882898968148,129.47952045604083,0.0669998203724202,0.2279879596351325,RNA,C2vsA2_rna,ACZ81_04680,tier1:gene_id
ACZ81_RS04680,0.5279824879379528,1129.8273130820814,0.0004214193528787,0.0067092636656723,RNA,C2vsA2_rna,ACZ81_04685,tier1:gene_id
ACZ81_RS04685,0.1446203254412545,113.94237127646606,0.6590120234655384,0.8515156966646507,RNA,C2vsA2_rna,ACZ81_04690,tier1:gene_id
ACZ81_RS04690,0.2807105263607404,82.82034423841611,0.4785184933484505,0.7190571627135527,RNA,C2vsA2_rna,ACZ81_04695,tier1:gene_id
ACZ81_RS04695,1.123046931737333,77.79479654899205,0.0069474643649605,0.0502764879181676,RNA,C2vsA2_rna,ACZ81_04700,tier1:gene_id
ACZ81_RS04700,0.8070959259655016,1087.5297160333257,0.0016101824519953,0.017000136835277,RNA,C2vsA2_rna,ACZ81_04705,tier1:gene_id
ACZ81_RS04705,0.9233880110360946,274.1469748236458,0.0026643860100694,0.0253306082284332,RNA,C2vsA2_rna,ACZ81_04710,tier1:gene_id
ACZ81_RS04710,-0.3965501340303177,1351.0912159300126,0.1312919112297491,0.346313706675709,RNA,C2vsA2_rna,ACZ81_04715,tier1:gene_id
ACZ81_RS04715,0.283255097600327,0.7092900935635966,0.9149377022612452,0.9674770209707672,RNA,C2vsA2_rna,ACZ81_04720,tier1:gene_id
ACZ81_RS04720,-0.5164210373377855,27.813917225250965,0.3989789627916294,0.6555530468903147,RNA,C2vsA2_rna,ACZ81_04725,tier1:gene_id
ACZ81_RS04725,0.5019736331426387,137.01373063357735,0.0070655909235114,0.050568102456759,RNA,C2vsA2_rna,ACZ81_04730,tier1:gene_id
ACZ81_RS04730,0.4493745742604355,1412.1638876653203,0.1888702411890763,0.4339904969361822,RNA,C2vsA2_rna,ACZ81_04735,tier1:gene_id
ACZ81_RS04735,-0.2503828849328208,53.0212982581688,0.6081397392950092,0.8184114920945686,RNA,C2vsA2_rna,ACZ81_04740,tier1:gene_id
ACZ81_RS04740,0.3121246218162657,3947.665293405455,0.5562489485331252,0.7773147967658999,RNA,C2vsA2_rna,ACZ81_04745,tier1:gene_id
ACZ81_RS04745,-0.1919354935770379,379.6194139036123,0.3387148796346508,0.5994371844262105,RNA,C2vsA2_rna,ACZ81_04750,tier1:gene_id
ACZ81_RS04750,-0.3777787674165807,843.6395682868192,0.4080984452385195,0.6636769202662912,RNA,C2vsA2_rna,ACZ81_04755,tier1:gene_id
ACZ81_RS04755,-0.0471336862331112,1232.9944724786285,0.8355738078911283,0.9373576657616248,RNA,C2vsA2_rna,ACZ81_04760,tier1:gene_id
ACZ81_RS04760,-0.2727718587832347,1015.0365030871033,0.172995394926359,0.4121481736606606,RNA,C2vsA2_rna,ACZ81_04765,tier1:gene_id
ACZ81_RS04765,-0.0302595162505795,693.9863343431158,0.9036797621313362,0.964502049925757,RNA,C2vsA2_rna,ACZ81_04770,tier1:gene_id
ACZ81_RS04770,0.2721734383475949,216.10221621439115,0.4701065102244186,0.7133896159243148,RNA,C2vsA2_rna,ACZ81_04775,tier1:gene_id
ACZ81_RS04775,-1.614264859484894,106.87950958663951,3.1918122785765784e-08,1.8558769364709032e-06,RNA,C2vsA2_rna,ACZ81_04780,tier1:gene_id
ACZ81_RS04780,1.7367040019414828,3338.304305121617,0.002407758113721,0.0236183998832492,RNA,C2vsA2_rna,ACZ81_04785,tier1:gene_id
ACZ81_RS04785,0.1707667701409165,5207.556115475991,0.6100910213099983,0.8189084002558582,RNA,C2vsA2_rna,ACZ81_04790,tier1:gene_id
ACZ81_RS04790,0.4190803070923273,39.90794610046895,0.3566053309130716,0.6166812877686394,RNA,C2vsA2_rna,ACZ81_04795,tier1:gene_id
ACZ81_RS04795,0.1007250500371113,593.6957807567182,0.7869625287684815,0.9180901449183628,RNA,C2vsA2_rna,ACZ81_04800,tier1:gene_id
ACZ81_RS04800,-0.2458572255651633,83.66307219833314,0.5942822446267148,0.808115803070734,RNA,C2vsA2_rna,ACZ81_04805,tier1:gene_id
ACZ81_RS04805,0.3479321763747339,155.57042997244525,0.4132007504103457,0.6703442825096269,RNA,C2vsA2_rna,ACZ81_04810,tier1:gene_id
ACZ81_RS04810,-0.0997490210783314,379.61783686780194,0.836192194855647,0.9373576657616248,RNA,C2vsA2_rna,ACZ81_04815,tier1:gene_id
ACZ81_RS04815,0.2964359372713973,1023.304387129302,0.3259502909727496,0.5861553417223987,RNA,C2vsA2_rna,ACZ81_04820,tier1:gene_id
ACZ81_RS04820,0.4480141943245016,2394.036797308072,0.1534319918952081,0.3802156587298179,RNA,C2vsA2_rna,ACZ81_04825,tier1:gene_id
ACZ81_RS04825,-0.4349493233213046,3401.109105856169,0.2458121988831231,0.50032984383452,RNA,C2vsA2_rna,ACZ81_04830,tier1:gene_id
ACZ81_RS04830,0.9260752072828996,11714.55046319319,0.0054956771661814,0.0433175968383492,RNA,C2vsA2_rna,ACZ81_04835,tier1:gene_id
ACZ81_RS04835,1.351059309145756,6095.111104798737,0.0426041974177177,0.1748147745325672,RNA,C2vsA2_rna,ACZ81_04840,tier1:gene_id
ACZ81_RS04840,0.2026135700880321,2161.8323545517715,0.3775050360506769,0.6354569727411128,RNA,C2vsA2_rna,ACZ81_04845,tier1:gene_id
ACZ81_RS04845,0.1799684495989465,1264.865767191698,0.5910035502495441,0.8054029360058326,RNA,C2vsA2_rna,ACZ81_04850,tier1:gene_id
ACZ81_RS04850,0.0875866613694718,708.7879662147834,0.75707648977432,0.8989980037298547,RNA,C2vsA2_rna,ACZ81_04855,tier1:gene_id
ACZ81_RS04855,-0.2094402765064865,248.2754931327236,0.5526698629522537,0.7747419602251719,RNA,C2vsA2_rna,ACZ81_04860,tier1:gene_id
ACZ81_RS04860,0.0047362644472382,254.60975237050863,0.9904024283401724,0.9972126534264684,RNA,C2vsA2_rna,ACZ81_04865,tier1:gene_id
ACZ81_RS04865,0.9657796247572388,3154.2974291004166,0.0329118582564873,0.147636205833413,RNA,C2vsA2_rna,ACZ81_04870,tier1:gene_id
ACZ81_RS04870,0.2849954047219877,2444.092274146144,0.1683412705535418,0.405513505750499,RNA,C2vsA2_rna,ACZ81_04875,tier1:gene_id
ACZ81_RS04875,0.1629656162994418,2324.678112900714,0.4759701115898259,0.7184319366811067,RNA,C2vsA2_rna,ACZ81_04880,tier1:gene_id
ACZ81_RS04880,0.258083123005988,853.0526505387959,0.2348511607621938,0.4909967988420644,RNA,C2vsA2_rna,ACZ81_04885,tier1:gene_id
ACZ81_RS04885,0.3904513133512849,1264.984192074994,0.0649198550193182,0.2235694921351972,RNA,C2vsA2_rna,ACZ81_04890,tier1:gene_id
ACZ81_RS04890,0.264499142994842,351.8254594574351,0.4590342985704493,0.7048012268904105,RNA,C2vsA2_rna,ACZ81_04895,tier1:gene_id
ACZ81_RS04895,0.0018131074558125,173.31136154841738,0.9955169994193324,0.9982539869208604,RNA,C2vsA2_rna,ACZ81_04900,tier1:gene_id
ACZ81_RS04900,0.5228602057848446,1279.7598238202618,0.0549903114072985,0.2034746543701181,RNA,C2vsA2_rna,ACZ81_04905,tier1:gene_id
ACZ81_RS04905,0.1792567934370124,1208.9078321116594,0.4788344909579544,0.7190571627135527,RNA,C2vsA2_rna,ACZ81_04910,tier1:gene_id
ACZ81_RS04910,0.3232683744990248,236.4869994701704,0.3436078650429215,0.6054258913272732,RNA,C2vsA2_rna,ACZ81_04915,tier1:gene_id
ACZ81_RS04915,1.482354647670577,1669.05676131486,0.0076684161118073,0.0532278294819571,RNA,C2vsA2_rna,ACZ81_04920,tier1:gene_id
ACZ81_RS04920,-0.7210633489183146,877.1909394660134,0.0011804737226671,0.013681152753121,RNA,C2vsA2_rna,ACZ81_04925,tier1:gene_id
ACZ81_RS04925,0.6563222713855359,9892.809657187989,0.0944238353222627,0.2844006708684515,RNA,C2vsA2_rna,ACZ81_04930,tier1:gene_id
ACZ81_RS04930,-0.5686240232021699,1112.8749354041272,0.211900072577117,0.4624123434210759,RNA,C2vsA2_rna,ACZ81_04935,tier1:gene_id
ACZ81_RS04935,-0.0933261503620334,645.2742355590706,0.8398966329056228,0.9404591937531004,RNA,C2vsA2_rna,ACZ81_04940,tier1:gene_id
ACZ81_RS04940,1.1669651882122305,3468.73855291428,0.012389576714767,0.0758885218009853,RNA,C2vsA2_rna,ACZ81_04945,tier1:gene_id
ACZ81_RS04950,-0.9647234167593876,2681.7667144861543,0.0250298325750853,0.123375497516773,RNA,C2vsA2_rna,ACZ81_04955,tier1:gene_id
ACZ81_RS04960,-0.9639530375182516,1770.5557126760218,0.0411782989471362,0.1710220863104663,RNA,C2vsA2_rna,ACZ81_04965,tier1:gene_id
ACZ81_RS04965,1.191384571417577,243.554594053561,0.0116927241772476,0.0729762681368737,RNA,C2vsA2_rna,ACZ81_04970,tier1:gene_id
ACZ81_RS04970,-1.7544957473512586,10877.43762221937,6.01106717810636e-14,1.096200069025578e-11,RNA,C2vsA2_rna,ACZ81_04975,tier1:gene_id
ACZ81_RS04975,-1.6877102411588747,11844.109810573322,1.5356145454961748e-07,8.10642836385612e-06,RNA,C2vsA2_rna,ACZ81_04980,tier1:gene_id
ACZ81_RS04980,0.4950448282721557,1318.7649035312656,0.4079745310864685,0.6636769202662912,RNA,C2vsA2_rna,ACZ81_04985,tier1:gene_id
ACZ81_RS04985,-0.3401812375529532,6602.71337889772,0.1904629339470565,0.4356540997694361,RNA,C2vsA2_rna,ACZ81_04990,tier1:gene_id
ACZ81_RS04990,-0.6245440823429409,1045.6823957143747,7.527293918323521e-07,3.2127131064163794e-05,RNA,C2vsA2_rna,ACZ81_04995,tier1:gene_id
ACZ81_RS04995,1.3607859710383297,780.7210984656517,0.0309523781492875,0.1419210755827902,RNA,C2vsA2_rna,ACZ81_05000,tier1:gene_id
ACZ81_RS05000,1.121453331822084,792.7978919813742,0.0354019462392748,0.1537514367388468,RNA,C2vsA2_rna,ACZ81_05005,tier1:gene_id
ACZ81_RS05005,0.90600582136207,801.0475850781803,0.0480989884511329,0.1880829840798688,RNA,C2vsA2_rna,ACZ81_05010,tier1:gene_id
ACZ81_RS05010,0.7977534550313049,1769.1438548475503,0.052782787381282,0.1990268261031048,RNA,C2vsA2_rna,ACZ81_05015,tier1:gene_id
ACZ81_RS05015,1.8038207109912023,2139.279538489244,0.0097635198326888,0.0634866151843562,RNA,C2vsA2_rna,ACZ81_05020,tier1:gene_id
ACZ81_RS05020,1.963851140111978,1455.2405017739595,0.0003825783296533,0.0061891300748762,RNA,C2vsA2_rna,ACZ81_05025,tier1:gene_id
ACZ81_RS05025,1.3027076181455737,1009.7427928188944,0.0262596630535604,0.1267795044174301,RNA,C2vsA2_rna,ACZ81_05030,tier1:gene_id
ACZ81_RS05030,1.1245590239888847,800.9871265308259,0.0099052403709806,0.0638903928751999,RNA,C2vsA2_rna,ACZ81_05035,tier1:gene_id
ACZ81_RS05035,1.146967392059772,464.34107106182455,0.0071213916432508,0.0506669200229342,RNA,C2vsA2_rna,ACZ81_05040,tier1:gene_id
ACZ81_RS05040,0.4833320075860263,939.4140524562148,0.1263853263859699,0.338264129059714,RNA,C2vsA2_rna,ACZ81_05045,tier1:gene_id
ACZ81_RS05045,-0.1485271841177684,1430.2805853208504,0.5966934809647557,0.8095820918601961,RNA,C2vsA2_rna,ACZ81_05050,tier1:gene_id
ACZ81_RS05050,0.0488250392584994,199.48847062582809,0.8658932193638513,0.9497147643678128,RNA,C2vsA2_rna,ACZ81_05055,tier1:gene_id
ACZ81_RS05055,-1.1092320666806863,23104.377353350592,0.0499021221335884,0.1923698180281856,RNA,C2vsA2_rna,ACZ81_05060,tier1:gene_id
ACZ81_RS05060,-1.1454964000826424,8940.470397044484,0.0715120058417364,0.2375051054942439,RNA,C2vsA2_rna,ACZ81_05065,tier1:gene_id
ACZ81_RS05065,-1.205581309684336,14679.790511558906,3.74664733214657e-05,0.0009574235093357,RNA,C2vsA2_rna,ACZ81_05070,tier1:gene_id
ACZ81_RS05070,-1.2634397974639515,5860.032324702225,4.723031509783522e-06,0.0001614881384005,RNA,C2vsA2_rna,ACZ81_05075,tier1:gene_id
ACZ81_RS05075,-1.4662257848068785,20640.18763851472,1.3051156185027358e-06,5.236123861432976e-05,RNA,C2vsA2_rna,ACZ81_05080,tier1:gene_id
ACZ81_RS05080,-1.7165637727679288,1810.4259211089,5.831598807215044e-10,5.199194314343725e-08,RNA,C2vsA2_rna,ACZ81_05085,tier1:gene_id
ACZ81_RS05085,-1.7557137267797305,465.1714879792165,8.428863400225595e-07,3.522562496010946e-05,RNA,C2vsA2_rna,ACZ81_05090,tier1:gene_id
ACZ81_RS05090,-0.9554875259315,1908.7724078835,0.0100275045702272,0.064471712076525,RNA,C2vsA2_rna,ACZ81_05095,tier1:gene_id
ACZ81_RS05095,-0.6503426375451862,984.4988351597956,0.0675409098969241,0.2290567459902448,RNA,C2vsA2_rna,ACZ81_05100,tier1:gene_id
ACZ81_RS05100,-0.4439828758586828,267.7886707930718,0.3948306644101462,0.65257598361861,RNA,C2vsA2_rna,ACZ81_05105,tier1:gene_id
ACZ81_RS05105,-0.2743173951532253,259.5154571309346,0.4456850172997405,0.696838772177147,RNA,C2vsA2_rna,ACZ81_05110,tier1:gene_id
ACZ81_RS05110,-0.09863121090044,313.34870748855366,0.7582027430224094,0.899440983147814,RNA,C2vsA2_rna,ACZ81_05115,tier1:gene_id
ACZ81_RS05115,-0.4785930813884497,2171.826009654605,0.2876289763013607,0.5451536953155768,RNA,C2vsA2_rna,ACZ81_05120,tier1:gene_id
ACZ81_RS05120,-0.3749579295417016,160.70219783056513,0.420883626215425,0.6771336111275724,RNA,C2vsA2_rna,ACZ81_05125,tier1:gene_id
ACZ81_RS05125,-0.3040851115065401,966.499676097268,0.5511905365140555,0.7734789900295175,RNA,C2vsA2_rna,ACZ81_05130,tier1:gene_id
ACZ81_RS05130,-0.0195216386283079,332.3983695530917,0.9635294127473828,0.9851376156836138,RNA,C2vsA2_rna,ACZ81_05135,tier1:gene_id
ACZ81_RS05135,-0.2266388295286495,1369.0506406393,0.3607115952965466,0.6197097780089478,RNA,C2vsA2_rna,ACZ81_05140,tier1:gene_id
ACZ81_RS05140,0.2988529660131379,10802.760829700666,0.5003896058167772,0.7372226329761836,RNA,C2vsA2_rna,ACZ81_05145,tier1:gene_id
ACZ81_RS05145,-0.2590289922645678,3023.2073438695065,0.1942434204831824,0.4412503184801222,RNA,C2vsA2_rna,ACZ81_05150,tier1:gene_id
ACZ81_RS05150,2.249756092855049,1918.2118620533413,0.0001947960112857,0.0036423642247033,RNA,C2vsA2_rna,ACZ81_05155,tier1:gene_id
ACZ81_RS05155,1.697488833909898,1605.4794549662363,0.0001824141653564,0.0034865501663852,RNA,C2vsA2_rna,ACZ81_05160,tier1:gene_id
ACZ81_RS05160,2.245368414870704,873.449974116403,0.0041286848215726,0.0350196268586669,RNA,C2vsA2_rna,ACZ81_05165,tier1:gene_id
ACZ81_RS05165,2.2293588184566167,1198.9817327545557,0.0001345546878009,0.0027127306907411,RNA,C2vsA2_rna,ACZ81_05170,tier1:gene_id
ACZ81_RS05170,0.94696688959242,1100.502746529604,0.0110473425467009,0.0703522830116892,RNA,C2vsA2_rna,ACZ81_05175,tier1:gene_id
ACZ81_RS05175,0.1917188362997786,306.12967009719347,0.6269724290671082,0.831541615013963,RNA,C2vsA2_rna,ACZ81_05180,tier1:gene_id
ACZ81_RS05180,-0.0950270596615213,507.4805154522272,0.7455382205182226,0.8925424757152299,RNA,C2vsA2_rna,ACZ81_05185,tier1:gene_id
ACZ81_RS05185,0.6130776734912526,65.15577694610623,0.0800374786003241,0.2566308126790347,RNA,C2vsA2_rna,ACZ81_05190,tier1:gene_id
ACZ81_RS05190,0.1929956955599102,939.0194354285534,0.542800550193719,0.7673417221202257,RNA,C2vsA2_rna,ACZ81_05195,tier1:gene_id
ACZ81_RS05195,0.4035310965519589,831.1440031584348,0.3068135976189041,0.5664685474675764,RNA,C2vsA2_rna,ACZ81_05200,tier1:gene_id
ACZ81_RS05200,0.2604147856930009,1122.3741953285623,0.4356566475966266,0.6895731033650618,RNA,C2vsA2_rna,ACZ81_05205,tier1:gene_id
ACZ81_RS05205,-0.0666224825542565,490.6057290412296,0.8853317784119523,0.9567514259515674,RNA,C2vsA2_rna,ACZ81_05210,tier1:gene_id
ACZ81_RS05210,1.111843757008267,313.22608383886046,0.0194372822624319,0.1041153223456301,RNA,C2vsA2_rna,ACZ81_05215,tier1:gene_id
ACZ81_RS05215,0.6359820612868466,214.8893538965906,0.0821640342343933,0.2603808099118372,RNA,C2vsA2_rna,ACZ81_05220,tier1:gene_id
ACZ81_RS05220,0.4273418859039375,103.21727487825444,0.303303681608672,0.562317176808684,RNA,C2vsA2_rna,ACZ81_05225,tier1:gene_id
ACZ81_RS05225,-0.101190408996828,85.43579562738118,0.7927902433770347,0.9204711696561876,RNA,C2vsA2_rna,ACZ81_05230,tier1:gene_id
ACZ81_RS05230,-0.4064155369572883,159.61881438404237,0.201317169705443,0.4499635013137814,RNA,C2vsA2_rna,ACZ81_05235,tier1:gene_id
ACZ81_RS05235,0.0251947782543668,194.959465737676,0.9217612413172096,0.9686398567647296,RNA,C2vsA2_rna,ACZ81_05240,tier1:gene_id
ACZ81_RS05240,0.7570456869609105,233.4082216523805,0.1006436395110015,0.2979943038510245,RNA,C2vsA2_rna,ACZ81_05245,tier1:gene_id
ACZ81_RS05245,1.391030380806723,1086.1179788885022,0.0087757194650866,0.0589089145293341,RNA,C2vsA2_rna,ACZ81_05250,tier1:gene_id
ACZ81_RS05250,1.305206033500227,3762.1519782438368,0.0098101899703338,0.0636868643381542,RNA,C2vsA2_rna,ACZ81_05255,tier1:gene_id
ACZ81_RS05255,0.0388554359510891,5028.54960312903,0.9264935580229984,0.9700736661076508,RNA,C2vsA2_rna,ACZ81_05260,tier1:gene_id
ACZ81_RS05260,-0.5341811201257981,2626.383786084713,0.1149554682984564,0.3209473478172632,RNA,C2vsA2_rna,ACZ81_05265,tier1:gene_id
ACZ81_RS05265,-0.1037060852561161,948.6480359622576,0.7960883082864343,0.9214963337695252,RNA,C2vsA2_rna,ACZ81_05270,tier1:gene_id
ACZ81_RS05270,-0.4114805721156147,1705.7741308142745,0.0546669670074778,0.2026910087204223,RNA,C2vsA2_rna,ACZ81_05275,tier1:gene_id
ACZ81_RS05275,-0.1889398367614717,5278.083453429783,0.5320739026173218,0.7592522583740169,RNA,C2vsA2_rna,ACZ81_05280,tier1:gene_id
ACZ81_RS05280,-0.705707226887671,1295.2647511670548,0.0488781845963038,0.1901324030413037,RNA,C2vsA2_rna,ACZ81_05285,tier1:gene_id
ACZ81_RS05285,-0.8270744841984806,610.2015026269494,0.0097476351951,0.0634862214330218,RNA,C2vsA2_rna,ACZ81_05290,tier1:gene_id
ACZ81_RS05290,-0.4960326000540767,1743.6243918294977,0.2478886340790757,0.5020339222237516,RNA,C2vsA2_rna,ACZ81_05295,tier1:gene_id
ACZ81_RS05295,-0.549547580453869,2525.389596260952,0.0682390745478429,0.229731129480444,RNA,C2vsA2_rna,ACZ81_05300,tier1:gene_id
ACZ81_RS05300,-0.8237369351236505,212.3678147505506,0.0006613363336226,0.0093755525459155,RNA,C2vsA2_rna,ACZ81_05305,tier1:gene_id
ACZ81_RS05305,0.3808888391301032,208.8978998527708,0.2788626608440156,0.5355658187200529,RNA,C2vsA2_rna,ACZ81_05310,tier1:gene_id
ACZ81_RS05310,0.9351939392267709,269.7963090109895,0.0040025833269488,0.0342395827456691,RNA,C2vsA2_rna,ACZ81_05315,tier1:gene_id
ACZ81_RS05315,0.4471024121065833,545.0495168538023,0.0423408203873104,0.1744059254557385,RNA,C2vsA2_rna,ACZ81_05320,tier1:gene_id
ACZ81_RS05320,0.0329122010919807,109.73395655151644,0.932478910753808,0.9708313667612825,RNA,C2vsA2_rna,ACZ81_05325,tier1:gene_id
ACZ81_RS05325,0.0364274378278545,138.19658942447,0.9152774261029436,0.9674770209707672,RNA,C2vsA2_rna,ACZ81_05330,tier1:gene_id
ACZ81_RS05330,-0.5508965951212861,566.5885184033718,0.0525620601811966,0.1983809834872635,RNA,C2vsA2_rna,ACZ81_05335,tier1:gene_id
ACZ81_RS05335,-0.0206121462276964,216.53326978682065,0.9556554906046044,0.981589817794591,RNA,C2vsA2_rna,ACZ81_05340,tier1:gene_id
ACZ81_RS05340,-0.4051513153390491,429.578243559538,0.1988497207564718,0.4471304057475833,RNA,C2vsA2_rna,ACZ81_05345,tier1:gene_id
ACZ81_RS05345,1.6107873182969077,16754.823422137197,1.4879351934226912e-08,9.87257520460062e-07,RNA,C2vsA2_rna,ACZ81_05350,tier1:gene_id
ACZ81_RS05350,1.9719883978557629,20217.85684044682,2.8289008134245606e-10,2.5794431962407587e-08,RNA,C2vsA2_rna,ACZ81_05355,tier1:gene_id
ACZ81_RS05365,0.5623336248749998,304.5104673646149,0.1145616483112891,0.3202936118640362,RNA,C2vsA2_rna,ACZ81_05370,tier1:gene_id
ACZ81_RS05370,0.0194913375215467,729.9424365528812,0.9673461594986186,0.9870276683388752,RNA,C2vsA2_rna,ACZ81_05375,tier1:gene_id
ACZ81_RS05375,0.6274517692134949,1454.3289306268134,0.0347747826130952,0.152310510746439,RNA,C2vsA2_rna,ACZ81_05380,tier1:gene_id
ACZ81_RS05380,1.4522322931190133,193.959170390868,0.0001559381411172,0.0030667834419729,RNA,C2vsA2_rna,ACZ81_05385,tier1:gene_id
ACZ81_RS05385,-0.2548101732023545,105.68963310719408,0.5340963489229169,0.7601795183668728,RNA,C2vsA2_rna,ACZ81_05390,tier1:gene_id
ACZ81_RS05390,0.4997127624668098,4017.9622298990985,0.0303806606690734,0.1405850179980652,RNA,C2vsA2_rna,ACZ81_05395,tier1:gene_id
ACZ81_RS05395,-0.572112018062669,2609.27213305326,0.2636772414065694,0.5206068368716321,RNA,C2vsA2_rna,ACZ81_05400,tier1:gene_id
ACZ81_RS05415,-1.6730196571699287,5880.033369317334,9.185953483027055e-05,0.0019921105607515,RNA,C2vsA2_rna,,unresolved
ACZ81_RS05420,-0.5413358571163595,393.3134193746812,0.0507353060227477,0.1942271448122748,RNA,C2vsA2_rna,ACZ81_05425,tier1:gene_id
ACZ81_RS05425,-0.3811745578475201,1476.7758121720026,0.1607101273469938,0.3917187308117491,RNA,C2vsA2_rna,ACZ81_05430,tier1:gene_id
ACZ81_RS05430,-0.3718731646988557,629.852076664981,0.2856950715530783,0.543771340242353,RNA,C2vsA2_rna,ACZ81_05435,tier1:gene_id
ACZ81_RS05435,-0.7710610261614114,101.84767229244,0.0574485883748796,0.2074620755635814,RNA,C2vsA2_rna,ACZ81_05440,tier1:gene_id
ACZ81_RS05440,-0.8130070359027477,234.5799752964687,0.0009871129541477,0.0122231394198785,RNA,C2vsA2_rna,ACZ81_05445,tier1:gene_id
ACZ81_RS05445,-0.2526568049565192,135.61119823764116,0.3950841742036116,0.65257598361861,RNA,C2vsA2_rna,ACZ81_05450,tier1:gene_id
ACZ81_RS05450,-1.008715305662363,95.82950601966252,0.0005721878142098,0.0083781660971166,RNA,C2vsA2_rna,ACZ81_05455,tier1:gene_id
ACZ81_RS05455,-0.5663801835037541,458.3557885165142,0.0140749294979054,0.0829201426513898,RNA,C2vsA2_rna,ACZ81_05460,tier1:gene_id
ACZ81_RS05460,-1.2969227902998282,1649.87713211782,6.659773084695312e-12,8.906336538599194e-10,RNA,C2vsA2_rna,ACZ81_05465,tier1:gene_id
ACZ81_RS05465,0.7251368942422014,30344.99168607768,0.1954407959724256,0.442499138510932,RNA,C2vsA2_rna,ACZ81_05470,tier1:gene_id
ACZ81_RS05470,0.7016593809755737,13271.764178136702,0.2001122204314512,0.4490932666132743,RNA,C2vsA2_rna,ACZ81_05475,tier1:gene_id
ACZ81_RS05475,0.8196592142585616,12548.66654884858,0.1184667433876721,0.3259240200735784,RNA,C2vsA2_rna,ACZ81_05480,tier1:gene_id
ACZ81_RS05480,0.6208775719445684,3170.221614193147,0.0066675535045066,0.0492637654881782,RNA,C2vsA2_rna,ACZ81_05485,tier1:gene_id
ACZ81_RS05485,-0.6886881597842535,1900.969645404328,0.0001890142731633,0.0035602125067191,RNA,C2vsA2_rna,ACZ81_05490,tier1:gene_id
ACZ81_RS05490,-0.060907965651789,6618.379540057072,0.8529328728234317,0.9471261239323576,RNA,C2vsA2_rna,ACZ81_05495,tier1:gene_id
ACZ81_RS05495,-1.308004646275874,11459.113454464588,0.0069549977055291,0.0502764879181676,RNA,C2vsA2_rna,ACZ81_05500,tier1:gene_id
ACZ81_RS05500,0.0647475812462986,482.0149635559689,0.8231149282829154,0.9337076787601928,RNA,C2vsA2_rna,ACZ81_05505,tier1:gene_id
ACZ81_RS05505,-1.219968145551023,2799.723269879122,0.0015616926969383,0.0166635933513739,RNA,C2vsA2_rna,ACZ81_05510,tier1:gene_id
ACZ81_RS05515,-0.7852412686677256,463.2484342112072,0.0321419136809543,0.1455455504379107,RNA,C2vsA2_rna,ACZ81_05515,tier1:gene_id
ACZ81_RS05520,0.2115598630706585,419.3456977002957,0.1797379914971553,0.4220082929010701,RNA,C2vsA2_rna,ACZ81_05520,tier1:gene_id
ACZ81_RS05525,-0.0931723053519346,565.6866393429979,0.6455774558846047,0.8442166730798677,RNA,C2vsA2_rna,ACZ81_05525,tier1:gene_id
ACZ81_RS05530,-0.3557436596741016,43240.15761486454,0.4013963200845619,0.6572371443034362,RNA,C2vsA2_rna,ACZ81_05530,tier1:gene_id
ACZ81_RS05535,-0.3847015405490739,313.6556575384207,0.2819056059872297,0.5385739482003646,RNA,C2vsA2_rna,ACZ81_05535,tier1:gene_id
ACZ81_RS05540,-0.6188890980913071,377.7276679760257,0.2127549755951732,0.4630170524676597,RNA,C2vsA2_rna,ACZ81_05540,tier1:gene_id
ACZ81_RS05545,-0.3591785398498847,793.8377842323802,0.3859996885201783,0.6439213099139107,RNA,C2vsA2_rna,ACZ81_05545,tier1:gene_id
ACZ81_RS05550,-0.5192170441977502,583.1196873149486,0.0557614270817273,0.2048670745896431,RNA,C2vsA2_rna,ACZ81_05550,tier1:gene_id
ACZ81_RS05555,0.3773048937466741,382.53501190526447,0.0860787149835417,0.267297062317314,RNA,C2vsA2_rna,ACZ81_05555,tier1:gene_id
ACZ81_RS05560,0.3057947692179485,10705.903544471084,0.5128145408116265,0.7440911167219695,RNA,C2vsA2_rna,ACZ81_05560,tier1:gene_id
ACZ81_RS05565,0.1971634911726871,12745.350257855189,0.7049394158671817,0.8718301283782778,RNA,C2vsA2_rna,ACZ81_05565,tier1:gene_id
ACZ81_RS05570,0.0950487909015321,3935.660354203957,0.798285993048778,0.9224306070504428,RNA,C2vsA2_rna,ACZ81_05570,tier1:gene_id
ACZ81_RS05575,-0.0028021858563266,2513.6033692922424,0.9938113305995928,0.998040314985123,RNA,C2vsA2_rna,ACZ81_05575,tier1:gene_id
ACZ81_RS05580,-0.3208316721663167,5076.759320815812,0.2297808526415278,0.4866855535697243,RNA,C2vsA2_rna,ACZ81_05580,tier1:gene_id
ACZ81_RS05585,-0.0981566341993654,10345.00362651236,0.7901921138531323,0.9193288553520504,RNA,C2vsA2_rna,ACZ81_05585,tier1:gene_id
ACZ81_RS05590,0.1720054114363276,259.95831667231914,0.4572791599902273,0.7048012268904105,RNA,C2vsA2_rna,ACZ81_05590,tier1:gene_id
ACZ81_RS05595,-0.4481021703143406,590.8297454004307,0.1633434712832406,0.3969315607440105,RNA,C2vsA2_rna,ACZ81_05595,tier1:gene_id
ACZ81_RS05600,0.2099901978930651,441.3736210910273,0.5065410985242018,0.7406220851073871,RNA,C2vsA2_rna,ACZ81_05600,tier1:gene_id
ACZ81_RS05605,1.0595009900368286,25.25365338087483,0.067782685896151,0.2291075362525658,RNA,C2vsA2_rna,ACZ81_05605,tier1:gene_id
ACZ81_RS05610,0.2451347408112295,60.99012383322537,0.5708262741593279,0.7912895129275839,RNA,C2vsA2_rna,ACZ81_05610,tier1:gene_id
ACZ81_RS05615,0.0991030034732633,90.26374840625262,0.7601567925589066,0.9014924776075476,RNA,C2vsA2_rna,ACZ81_05615,tier1:gene_id
ACZ81_RS05625,0.1479930250726812,423.59716888151615,0.5630988338402994,0.7836116966241002,RNA,C2vsA2_rna,ACZ81_05625,tier1:gene_id
ACZ81_RS05630,-0.1652988907849785,99.10476532984067,0.6236539131662469,0.8293748605322407,RNA,C2vsA2_rna,ACZ81_05630,tier1:gene_id
ACZ81_RS05635,-0.415386542988415,48.31786102610927,0.2400674944577424,0.4951998705798821,RNA,C2vsA2_rna,ACZ81_05635,tier1:gene_id
ACZ81_RS05640,0.4655438545445867,223.19618672353224,0.3288606356237456,0.5884874532214396,RNA,C2vsA2_rna,ACZ81_05640,tier1:gene_id
ACZ81_RS05645,-0.5563548290918597,69.80144169703077,0.1191596344062542,0.3262474807468675,RNA,C2vsA2_rna,ACZ81_05645,tier1:gene_id
ACZ81_RS05650,0.9033996374436232,19.83568114012046,0.1129109950662694,0.3176710464276809,RNA,C2vsA2_rna,,unresolved
ACZ81_RS05655,1.163356722038248,30.93380350477277,0.0076333632290971,0.0531684952693366,RNA,C2vsA2_rna,ACZ81_05655,tier1:gene_id
ACZ81_RS05660,0.575502116441499,149.05091059588958,0.1006005297854419,0.2979943038510245,RNA,C2vsA2_rna,ACZ81_05660,tier1:gene_id
ACZ81_RS05665,0.533266488759265,97.33783922008038,0.1946234859601711,0.4413959444161711,RNA,C2vsA2_rna,ACZ81_05665,tier1:gene_id
ACZ81_RS05670,0.2195707552351287,37.50619241085416,0.6905273125419027,0.866591811500113,RNA,C2vsA2_rna,ACZ81_05670,tier1:gene_id
ACZ81_RS05675,1.30565429503836,57.94143290117224,0.0066402753264795,0.0492139395504004,RNA,C2vsA2_rna,ACZ81_05675,tier1:gene_id
ACZ81_RS05680,0.934065140948654,25.255458517922825,0.2386983157486888,0.4951585622184606,RNA,C2vsA2_rna,ACZ81_05680,tier1:gene_id
ACZ81_RS05685,0.2210123509863499,19.816748297045915,0.7684849397125377,0.905214790994334,RNA,C2vsA2_rna,ACZ81_05685,tier1:gene_id
ACZ81_RS05690,0.0987016294922104,85.26352510915808,0.8004623139661511,0.9224306070504428,RNA,C2vsA2_rna,ACZ81_05690,tier1:gene_id
ACZ81_RS05695,0.7518300191416628,84.18470542666618,0.0157774888686373,0.0905569175121217,RNA,C2vsA2_rna,ACZ81_05695,tier1:gene_id
ACZ81_RS05700,0.4670307238097624,1762.4468863191707,0.0877169850107727,0.2711774662632525,RNA,C2vsA2_rna,ACZ81_05700,tier1:gene_id
ACZ81_RS05705,0.0598462908824663,1285.645759627206,0.8249419955609145,0.9345898948188408,RNA,C2vsA2_rna,ACZ81_05705,tier1:gene_id
ACZ81_RS05710,0.324674199350119,663.3047323313591,0.185708256661192,0.4296779271768758,RNA,C2vsA2_rna,ACZ81_05710,tier1:gene_id
ACZ81_RS05715,-0.1782443694135846,584.4181846607578,0.5351135686018325,0.7610335474053711,RNA,C2vsA2_rna,ACZ81_05715,tier1:gene_id
ACZ81_RS05720,-0.5125325181092327,157.51732661266388,0.4216649722599739,0.6771671251312897,RNA,C2vsA2_rna,ACZ81_05720,tier1:gene_id
ACZ81_RS05725,-0.2412691749975006,1073.8797230958648,0.7515209788951913,0.8960357652229889,RNA,C2vsA2_rna,ACZ81_05725,tier1:gene_id
ACZ81_RS05730,-1.9506962411531408,1348.1286345884737,0.0002164937817687,0.0039480593293467,RNA,C2vsA2_rna,ACZ81_05730,tier1:gene_id
ACZ81_RS05735,1.7953170903699238,356.47159428632096,0.0061555030542161,0.04635237625441,RNA,C2vsA2_rna,ACZ81_05735,tier1:gene_id
ACZ81_RS05740,1.87510723238264,1964.0862878080536,0.0488415026313307,0.1901324030413037,RNA,C2vsA2_rna,ACZ81_05740,tier1:gene_id
ACZ81_RS05745,0.2661433967801684,277.08517071277544,0.2971751950993025,0.5555763666068974,RNA,C2vsA2_rna,ACZ81_05745,tier1:gene_id
ACZ81_RS05755,0.7577146967320171,76.76553653405144,0.1773207067558957,0.4183017667343002,RNA,C2vsA2_rna,ACZ81_05755,tier1:gene_id
ACZ81_RS05760,0.1974263924530109,684.8460278210642,0.6779563985979524,0.8613456773175844,RNA,C2vsA2_rna,ACZ81_05760,tier1:gene_id
ACZ81_RS05765,-0.113066900525838,28.45037405741035,0.8534760529264506,0.9474670515608522,RNA,C2vsA2_rna,ACZ81_05765,tier1:gene_id
ACZ81_RS05770,-1.0957275751718527,70.99098570593347,0.0078465650837076,0.0539048272531426,RNA,C2vsA2_rna,ACZ81_05770,tier1:gene_id
ACZ81_RS05775,-0.6481129592901587,190.284550955339,0.1362681533699298,0.3540853829793772,RNA,C2vsA2_rna,ACZ81_05775,tier1:gene_id
ACZ81_RS05780,0.480370960531604,224.66408684969824,0.1418038343547605,0.3623798516779852,RNA,C2vsA2_rna,ACZ81_05780,tier1:gene_id
ACZ81_RS05785,1.403035914228375,324.22257412111804,0.000450565143893,0.0070612006144494,RNA,C2vsA2_rna,ACZ81_05785,tier1:gene_id
ACZ81_RS05790,2.13745260636399,616.4725750529196,4.93560948585046e-05,0.001214810240479,RNA,C2vsA2_rna,ACZ81_05790,tier1:gene_id
ACZ81_RS05795,0.7262654149426229,79.11216632836158,0.0325070512082411,0.1467022378486653,RNA,C2vsA2_rna,ACZ81_05795,tier1:gene_id
ACZ81_RS05800,0.8320849865835003,24.7735952897192,0.2866970168597851,0.5446157346787207,RNA,C2vsA2_rna,ACZ81_05800,tier1:gene_id
ACZ81_RS05805,0.5758186578752194,1117.6853492055236,0.1233801760417871,0.3338828364923222,RNA,C2vsA2_rna,ACZ81_05805,tier1:gene_id
ACZ81_RS05810,1.3030019349821822,1020.5501925076384,0.0031405330007961,0.0286359509072597,RNA,C2vsA2_rna,ACZ81_05810,tier1:gene_id
ACZ81_RS05815,-0.1607015158109148,93.13349226785124,0.7027080424131852,0.8706808728109015,RNA,C2vsA2_rna,ACZ81_05815,tier1:gene_id
ACZ81_RS05820,-0.1455000976494814,263.6191902630438,0.6211570677999964,0.8276204307076791,RNA,C2vsA2_rna,ACZ81_05820,tier1:gene_id
ACZ81_RS05825,-0.1995076085071079,948.0305282251372,0.382140564742427,0.6396111580086012,RNA,C2vsA2_rna,ACZ81_05825,tier1:gene_id
ACZ81_RS05830,0.3628973855184722,515.3417852054031,0.1302634858769868,0.3445069909943778,RNA,C2vsA2_rna,ACZ81_05830,tier1:gene_id
ACZ81_RS05835,0.3138760722794519,511.0986475632391,0.2573897729876264,0.5122260760051375,RNA,C2vsA2_rna,ACZ81_05835,tier1:gene_id
ACZ81_RS05840,-0.1265766099284882,146.5255195390465,0.7983978739643933,0.9224306070504428,RNA,C2vsA2_rna,ACZ81_05840,tier1:gene_id
ACZ81_RS05845,-1.006987860783365,1448.752118324314,0.0205557052856524,0.1079443581230861,RNA,C2vsA2_rna,ACZ81_05845,tier1:gene_id
ACZ81_RS05850,-0.864581933979017,479.2058468097696,0.0198168841680082,0.1056160161215309,RNA,C2vsA2_rna,ACZ81_05850,tier1:gene_id
ACZ81_RS05855,-0.0735736859591169,584.1046475252674,0.7798067734185689,0.9137221889472248,RNA,C2vsA2_rna,ACZ81_05855,tier1:gene_id
ACZ81_RS05860,-0.1441076249092768,1000.7751688884176,0.5604379080422928,0.7810761610069026,RNA,C2vsA2_rna,ACZ81_05860,tier1:gene_id
ACZ81_RS05865,0.0188714624001355,734.7726611435351,0.9614717045644388,0.9851023548521785,RNA,C2vsA2_rna,ACZ81_05865,tier1:gene_id
ACZ81_RS05870,-0.3935656049736476,85.52709922515619,0.5323471093734071,0.7592522583740169,RNA,C2vsA2_rna,ACZ81_05870,tier1:gene_id
ACZ81_RS05875,0.1864178783794557,6336.181959249133,0.665960962698436,0.855808898893698,RNA,C2vsA2_rna,ACZ81_05875,tier1:gene_id
ACZ81_RS05880,-0.1072824354177665,10786.352997349548,0.8059445985088554,0.9248998081285834,RNA,C2vsA2_rna,ACZ81_05880,tier1:gene_id
ACZ81_RS05885,-0.0896752615196,63590.58080823145,0.8680609475822887,0.950767273191412,RNA,C2vsA2_rna,ACZ81_05885,tier1:gene_id
ACZ81_RS05890,1.0954534285156194,7584.793545403454,8.500106961693566e-06,0.0002623263779254,RNA,C2vsA2_rna,ACZ81_05890,tier1:gene_id
ACZ81_RS05895,-0.1070108684378401,1083.9105782499646,0.7447554494830309,0.8925424757152299,RNA,C2vsA2_rna,ACZ81_05895,tier1:gene_id
ACZ81_RS05900,2.147366771140101,8834.73083528792,0.0010160623796646,0.0124281776439472,RNA,C2vsA2_rna,ACZ81_05900,tier1:gene_id
ACZ81_RS05905,0.8838531478205287,1320.4623080444146,0.0002063230537997,0.0038145995015888,RNA,C2vsA2_rna,ACZ81_05905,tier1:gene_id
ACZ81_RS05910,0.8523575121952405,1578.3879451571331,0.0003023674853869,0.0051621206441375,RNA,C2vsA2_rna,ACZ81_05910,tier1:gene_id
ACZ81_RS05915,-0.078804297472776,423.1064030927677,0.7388709312275554,0.888932593054727,RNA,C2vsA2_rna,ACZ81_05915,tier1:gene_id
ACZ81_RS05920,0.9768407845462698,416.2987266527037,0.0730830682925578,0.2417223990022604,RNA,C2vsA2_rna,ACZ81_05920,tier1:gene_id
ACZ81_RS05925,-0.0724139470281743,1267.5312165510256,0.8459375242615824,0.9441140110141306,RNA,C2vsA2_rna,ACZ81_05925,tier1:gene_id
ACZ81_RS05930,0.0074449265135642,216.69742179350425,0.983652289166158,0.9940092960146516,RNA,C2vsA2_rna,ACZ81_05930,tier1:gene_id
ACZ81_RS05935,-0.6229791894864953,4103.405400187426,0.0313119485076931,0.1430791997868619,RNA,C2vsA2_rna,ACZ81_05935,tier1:gene_id
ACZ81_RS05940,-0.4572254212684953,194.5609514600944,0.0529040898762052,0.1991482643105298,RNA,C2vsA2_rna,ACZ81_05940,tier1:gene_id
ACZ81_RS05945,-0.3026313026102363,143.09161190842113,0.3112748142561921,0.5701448852574563,RNA,C2vsA2_rna,ACZ81_05945,tier1:gene_id
ACZ81_RS05950,0.481429206565062,108.16605425420885,0.2430725232777429,0.4980002878307658,RNA,C2vsA2_rna,ACZ81_05950,tier1:gene_id
ACZ81_RS05955,-0.003958475761285,3757.375873127425,0.9934290288951226,0.997906175244675,RNA,C2vsA2_rna,ACZ81_05955,tier1:gene_id
ACZ81_RS05960,0.0766338475212489,283.05499630613286,0.8904195583933124,0.9574814441902894,RNA,C2vsA2_rna,ACZ81_05960,tier1:gene_id
ACZ81_RS05965,0.0197804732551416,775.1499657012841,0.9119157843935556,0.9666066385698664,RNA,C2vsA2_rna,ACZ81_05965,tier1:gene_id
ACZ81_RS05970,0.0939010531451842,50.432676133396896,0.8340225704406775,0.9373576657616248,RNA,C2vsA2_rna,ACZ81_05970,tier1:gene_id
ACZ81_RS05975,0.0267323218626514,109.10444260220316,0.9442784887907536,0.9751467946019312,RNA,C2vsA2_rna,ACZ81_05975,tier1:gene_id
ACZ81_RS05980,0.0282487627978231,152.20222622363758,0.9326841430224084,0.9708313667612825,RNA,C2vsA2_rna,ACZ81_05980,tier1:gene_id
ACZ81_RS05985,0.1775372324779745,143.84979102438172,0.66780365031765,0.8568185771722804,RNA,C2vsA2_rna,ACZ81_05985,tier1:gene_id
ACZ81_RS05990,0.2171386773317224,545.8599467514955,0.4447070892284677,0.6965100280397643,RNA,C2vsA2_rna,ACZ81_05990,tier1:gene_id
ACZ81_RS05995,0.1375571817631346,261.25369078972415,0.7054601722828617,0.8719366023409861,RNA,C2vsA2_rna,ACZ81_05995,tier1:gene_id
ACZ81_RS06000,-0.2127196278117321,217.42596275263145,0.5525117327744553,0.7747419602251719,RNA,C2vsA2_rna,ACZ81_06000,tier1:gene_id
ACZ81_RS06015,-0.0406420094524136,394.9145552976551,0.9032557730979448,0.964502049925757,RNA,C2vsA2_rna,ACZ81_06015,tier1:gene_id
ACZ81_RS06020,0.7841110408316552,2008.0453266434813,0.0056981854516557,0.0442188008356729,RNA,C2vsA2_rna,ACZ81_06020,tier1:gene_id
ACZ81_RS06025,-0.5156122431947142,924.2563777860448,0.0302542242666964,0.1401616024919007,RNA,C2vsA2_rna,ACZ81_06025,tier1:gene_id
ACZ81_RS06030,0.5664511359335674,481.6009704194447,0.0391059679382061,0.1649770172114437,RNA,C2vsA2_rna,ACZ81_06030,tier1:gene_id
ACZ81_RS06035,-0.1145175831470258,573.4551433858356,0.6917025519259161,0.8669189631855041,RNA,C2vsA2_rna,ACZ81_06035,tier1:gene_id
ACZ81_RS06040,-0.2158947826559386,470.1916925304285,0.3603924633372619,0.619528349291724,RNA,C2vsA2_rna,ACZ81_06040,tier1:gene_id
ACZ81_RS06050,0.7457847284725698,1979.5169711816063,0.0404573383984933,0.1694309411845043,RNA,C2vsA2_rna,ACZ81_06050,tier1:gene_id
ACZ81_RS06055,0.2900264811212669,1971.6447524525647,0.0368782287615386,0.1584359964480853,RNA,C2vsA2_rna,ACZ81_06055,tier1:gene_id
ACZ81_RS06060,-0.1294708959843028,73.37650227651004,0.7632874027696626,0.9022660275354628,RNA,C2vsA2_rna,ACZ81_06060,tier1:gene_id
ACZ81_RS06065,-1.6830208132258089,3.8102511738410096,0.1774276635606015,0.4183017667343002,RNA,C2vsA2_rna,ACZ81_06065,tier1:gene_id
ACZ81_RS06070,0.0407732905950025,292.2030949697488,0.8764464246496276,0.9556837090602636,RNA,C2vsA2_rna,ACZ81_06070,tier1:gene_id
ACZ81_RS06075,0.8037435241240107,166.87303345672348,0.0574502407654882,0.2074620755635814,RNA,C2vsA2_rna,ACZ81_06075,tier1:gene_id
ACZ81_RS06080,0.8501431796993049,1002.4827568685804,0.0855415830997002,0.2664540616428551,RNA,C2vsA2_rna,ACZ81_06080,tier1:gene_id
ACZ81_RS06085,1.2318230495898763,486.64330942298926,0.019313227175443,0.1035891275773761,RNA,C2vsA2_rna,ACZ81_06085,tier1:gene_id
ACZ81_RS06090,1.1439648369564592,572.5855548777183,0.0236930258961501,0.1194176129338624,RNA,C2vsA2_rna,ACZ81_06090,tier1:gene_id
ACZ81_RS06095,1.191696848365089,1248.7743559053663,0.0256995567785697,0.1255931281689389,RNA,C2vsA2_rna,ACZ81_06095,tier1:gene_id
ACZ81_RS06100,0.6981018995314662,1804.634712448091,0.009156601131711,0.0606209302647272,RNA,C2vsA2_rna,ACZ81_06100,tier1:gene_id
ACZ81_RS06105,0.1438231234904031,82.08385223795976,0.7096948490477872,0.8740081954491946,RNA,C2vsA2_rna,ACZ81_06105,tier1:gene_id
ACZ81_RS06110,-0.01946318292237,1262.4149987248934,0.9302197100551546,0.9708313667612825,RNA,C2vsA2_rna,ACZ81_06110,tier1:gene_id
ACZ81_RS06115,0.3960336664528356,894.1681915040899,0.15934384285462,0.38957190587004,RNA,C2vsA2_rna,ACZ81_06115,tier1:gene_id
ACZ81_RS06120,0.8018833581457709,364.1274545274229,0.0582083858534234,0.209633791780911,RNA,C2vsA2_rna,ACZ81_06120,tier1:gene_id
ACZ81_RS06125,-0.3578907420839791,63.28759902841762,0.409288309528401,0.6648035213878319,RNA,C2vsA2_rna,ACZ81_06125,tier1:gene_id
ACZ81_RS06130,-0.2979632518333961,78.01596468217147,0.4830002918371098,0.7216614124649862,RNA,C2vsA2_rna,ACZ81_06130,tier1:gene_id
ACZ81_RS06135,-0.169353165926846,105.27790538218618,0.7193797777251052,0.8777833540854995,RNA,C2vsA2_rna,ACZ81_06135,tier1:gene_id
ACZ81_RS06140,1.7917459294070288,17.72218097775397,0.0202802933280955,0.1070586010951569,RNA,C2vsA2_rna,ACZ81_06140,tier1:gene_id
ACZ81_RS06145,0.3875762896550905,112.96897908422012,0.3016096677517837,0.5602120310278502,RNA,C2vsA2_rna,ACZ81_06145,tier1:gene_id
ACZ81_RS06150,1.0186576402273626,284.11023505782634,0.0231055723196201,0.1173412103117926,RNA,C2vsA2_rna,ACZ81_06150,tier1:gene_id
ACZ81_RS06155,0.0013894279734334,3999.66447149537,0.997277073527951,0.9988941949575144,RNA,C2vsA2_rna,ACZ81_06155,tier1:gene_id
ACZ81_RS06160,0.5167489540282787,3202.9152816462865,0.3359604412401678,0.5969323694665868,RNA,C2vsA2_rna,ACZ81_06160,tier1:gene_id
ACZ81_RS06165,-0.3332317785486557,541.8458968479417,0.34047872553729,0.6017623994958623,RNA,C2vsA2_rna,ACZ81_06165,tier1:gene_id
ACZ81_RS06170,-0.1516278109126055,1248.9319645807946,0.5243609869260053,0.7538695316834044,RNA,C2vsA2_rna,ACZ81_06170,tier1:gene_id
ACZ81_RS06175,0.3024733667013917,238.91049697355464,0.5378656854138749,0.7638644707541473,RNA,C2vsA2_rna,ACZ81_06175,tier1:gene_id
ACZ81_RS06180,-1.4397395200138603,331.6100667139273,0.0434293150099107,0.1767123852127401,RNA,C2vsA2_rna,ACZ81_06180,tier1:gene_id
ACZ81_RS06185,-0.0029144624608193,1058.0857256395489,0.993005562980798,0.99773060823415,RNA,C2vsA2_rna,ACZ81_06185,tier1:gene_id
ACZ81_RS06190,0.6053482142854757,209.07150225964395,0.0204160811523153,0.1074925427599597,RNA,C2vsA2_rna,ACZ81_06190,tier1:gene_id
ACZ81_RS06195,-0.0236600476557604,3967.43806289198,0.9093582404028024,0.9658825733229368,RNA,C2vsA2_rna,ACZ81_06195,tier1:gene_id
ACZ81_RS06200,0.6698287026679173,587.1527114665037,0.003794856262436,0.0329544660711977,RNA,C2vsA2_rna,ACZ81_06200,tier1:gene_id
ACZ81_RS06205,0.2441539557430159,1042.7211603398189,0.1835307608995385,0.4273507909047874,RNA,C2vsA2_rna,ACZ81_06205,tier1:gene_id
ACZ81_RS06210,0.0708202722478892,133.91827462377452,0.8469570820777998,0.944411287742116,RNA,C2vsA2_rna,ACZ81_06210,tier1:gene_id
ACZ81_RS06215,-0.3714370385828363,257.5653836937336,0.1696891969319463,0.407238550631304,RNA,C2vsA2_rna,ACZ81_06215,tier1:gene_id
ACZ81_RS06220,-0.9805415186915516,1619.6612622369855,0.0093451640775971,0.0615645291942855,RNA,C2vsA2_rna,ACZ81_06220,tier1:gene_id
ACZ81_RS06225,-0.8236315200013212,363.3310787102809,0.0244904049481636,0.1220565275180528,RNA,C2vsA2_rna,ACZ81_06225,tier1:gene_id
ACZ81_RS06230,0.7464281735515628,1155.530161147403,0.0156414307739874,0.0901490992885687,RNA,C2vsA2_rna,ACZ81_06230,tier1:gene_id
ACZ81_RS06235,1.4402954718731134,1136.5471730759807,0.0001597444976256,0.0031263167047511,RNA,C2vsA2_rna,ACZ81_06235,tier1:gene_id
ACZ81_RS06240,1.1842656298446677,229.2194503883824,0.001092886965064,0.013025917019184,RNA,C2vsA2_rna,ACZ81_06240,tier1:gene_id
ACZ81_RS06245,0.1424576441761219,317.3652278995609,0.5731532987334962,0.7929279429375127,RNA,C2vsA2_rna,ACZ81_06245,tier1:gene_id
ACZ81_RS06250,-0.1882769038479614,689.4940032989033,0.5240907522768783,0.7538695316834044,RNA,C2vsA2_rna,ACZ81_06250,tier1:gene_id
ACZ81_RS06255,0.2854471820084122,4100.354853682396,0.4970720350897784,0.734261047415387,RNA,C2vsA2_rna,ACZ81_06255,tier1:gene_id
ACZ81_RS06260,0.3234738183884617,10945.94538799059,0.3222825748821451,0.5816453848075421,RNA,C2vsA2_rna,ACZ81_06260,tier1:gene_id
ACZ81_RS06265,0.449683789336876,10249.651314975672,0.3175038150965897,0.5767429581918353,RNA,C2vsA2_rna,ACZ81_06265,tier1:gene_id
ACZ81_RS06270,0.4474373223656788,1614.9721932886575,0.3801495660212742,0.6371020317747712,RNA,C2vsA2_rna,ACZ81_06270,tier1:gene_id
ACZ81_RS06275,0.6562057334784354,226.14573038306776,0.1369126216680944,0.3549814508658749,RNA,C2vsA2_rna,ACZ81_06275,tier1:gene_id
ACZ81_RS06280,-0.0632037549066851,88.37362006151257,0.8160882191935714,0.9304194189839752,RNA,C2vsA2_rna,ACZ81_06280,tier1:gene_id
ACZ81_RS06285,0.1130959986221112,717.3482989146779,0.7974107337492895,0.9224306070504428,RNA,C2vsA2_rna,ACZ81_06285,tier1:gene_id
ACZ81_RS06290,0.0315175554814788,897.8890441317743,0.8988252167590014,0.961623138569897,RNA,C2vsA2_rna,ACZ81_06290,tier1:gene_id
ACZ81_RS06295,-0.189239685443498,145.22519492800308,0.4866437567404022,0.7247270794515567,RNA,C2vsA2_rna,ACZ81_06295,tier1:gene_id
ACZ81_RS06300,-0.0694422469489393,190.11167246040708,0.8467794573348308,0.944411287742116,RNA,C2vsA2_rna,ACZ81_06300,tier1:gene_id
ACZ81_RS06305,0.23214173337394,81.39333667402096,0.6718161281486911,0.8600275386511004,RNA,C2vsA2_rna,ACZ81_06305,tier1:gene_id
ACZ81_RS06310,0.0621485226353835,392.493423430806,0.9140142554727496,0.9674770209707672,RNA,C2vsA2_rna,ACZ81_06310,tier1:gene_id
ACZ81_RS06315,-0.1956778182970048,674.8804939169219,0.4964953989197158,0.7339497201421885,RNA,C2vsA2_rna,ACZ81_06315,tier1:gene_id
ACZ81_RS06320,-0.4071254225223763,371.9278931477276,0.2873477069700475,0.5451536953155768,RNA,C2vsA2_rna,ACZ81_06320,tier1:gene_id
ACZ81_RS06325,-0.3964930680302068,1300.8248815002348,0.1392635007544573,0.3586169223535833,RNA,C2vsA2_rna,ACZ81_06325,tier1:gene_id
ACZ81_RS06330,-0.7292085527141215,2286.583498538905,0.1491190598739892,0.3732162621425107,RNA,C2vsA2_rna,ACZ81_06330,tier1:gene_id
ACZ81_RS06335,-0.8494893146068624,3398.5245632084816,0.104357866801764,0.3038692647452043,RNA,C2vsA2_rna,ACZ81_06335,tier1:gene_id
ACZ81_RS06340,-0.8318557194409386,2054.019446309775,0.016230643868739,0.0922341971690947,RNA,C2vsA2_rna,ACZ81_06340,tier1:gene_id
ACZ81_RS06345,0.8361170495072389,391.92893046044,0.0168323219139622,0.0944055554125793,RNA,C2vsA2_rna,ACZ81_06345,tier1:gene_id
ACZ81_RS06350,0.1735024360496805,322.67306132234813,0.4590244656758505,0.7048012268904105,RNA,C2vsA2_rna,ACZ81_06350,tier1:gene_id
ACZ81_RS06355,0.729642323941648,479.82970620497696,0.3163156792659677,0.5757978698797925,RNA,C2vsA2_rna,ACZ81_06355,tier1:gene_id
ACZ81_RS06360,1.0348563358214038,763.0317987617592,0.0462730495152668,0.1836275713701786,RNA,C2vsA2_rna,ACZ81_06360,tier1:gene_id
ACZ81_RS06365,0.4756376768112291,265.51937907407955,0.0354541145406218,0.1537750351751077,RNA,C2vsA2_rna,ACZ81_06365,tier1:gene_id
ACZ81_RS06370,0.6505082881509222,479.3173825422425,0.0034621766190925,0.0308704956894259,RNA,C2vsA2_rna,ACZ81_06370,tier1:gene_id
ACZ81_RS06375,0.2018065893960968,49.176979027957934,0.6839137641594988,0.8640785169353413,RNA,C2vsA2_rna,ACZ81_06375,tier1:gene_id
ACZ81_RS06380,0.2215408954180125,51.21757745468673,0.707521957012381,0.8723147206156796,RNA,C2vsA2_rna,ACZ81_06380,tier1:gene_id
ACZ81_RS06385,0.7583191916798496,2495.253723141807,0.0553470626214918,0.2039960899512417,RNA,C2vsA2_rna,ACZ81_06385,tier1:gene_id
ACZ81_RS06390,0.5175650162472755,165.8093089164084,0.1361857148445468,0.3540853829793772,RNA,C2vsA2_rna,ACZ81_06390,tier1:gene_id
ACZ81_RS06395,-0.910414935093009,743.1131337589048,0.0071363839259592,0.0506746412583162,RNA,C2vsA2_rna,ACZ81_06395,tier1:gene_id
ACZ81_RS06400,-1.0654621789448644,497.05182013432704,1.641968060937426e-07,8.338703620861966e-06,RNA,C2vsA2_rna,ACZ81_06400,tier1:gene_id
ACZ81_RS06405,-0.7298419390185428,505.3516780664898,0.0014668321842429,0.0159955378127185,RNA,C2vsA2_rna,ACZ81_06405,tier1:gene_id
ACZ81_RS06410,0.1441553129240785,356.06828636718166,0.786221227937326,0.917753728974266,RNA,C2vsA2_rna,ACZ81_06410,tier1:gene_id
ACZ81_RS06415,0.2572868276796349,650.7952044631035,0.3490479979691603,0.6107198289804934,RNA,C2vsA2_rna,ACZ81_06415,tier1:gene_id
ACZ81_RS06420,0.4547445226880327,406.3646484457011,0.0495583522153043,0.1918678111376533,RNA,C2vsA2_rna,ACZ81_06420,tier1:gene_id
ACZ81_RS06425,0.6289739246721145,500.1150997067964,0.027298399266165,0.1299183604458531,RNA,C2vsA2_rna,ACZ81_06425,tier1:gene_id
ACZ81_RS06430,0.6350296583887932,2366.4782893475985,0.0090607737179291,0.0603850899606839,RNA,C2vsA2_rna,ACZ81_06430,tier1:gene_id
ACZ81_RS06435,0.842890257754542,2519.966707192528,0.0002544008565078,0.0044323562606835,RNA,C2vsA2_rna,ACZ81_06435,tier1:gene_id
ACZ81_RS06440,0.6198973679224739,1302.5495033593534,0.0072934353091847,0.0515163071486782,RNA,C2vsA2_rna,ACZ81_06440,tier1:gene_id
ACZ81_RS06460,0.4359137729709768,4637.3270392980485,0.1010066407690977,0.2984084261897054,RNA,C2vsA2_rna,ACZ81_06460,tier1:gene_id
ACZ81_RS06470,0.0721920281191943,256.4801373974618,0.8624529198724967,0.948815254951822,RNA,C2vsA2_rna,ACZ81_06470,tier1:gene_id
ACZ81_RS06475,-0.3245066765523627,400.2410634242296,0.1879084387089867,0.4322883777470577,RNA,C2vsA2_rna,ACZ81_06475,tier1:gene_id
ACZ81_RS06480,0.2234657525071444,183.3637649266508,0.6176842825997413,0.8254994476316329,RNA,C2vsA2_rna,ACZ81_06480,tier1:gene_id
ACZ81_RS06485,-1.0591450106288958,997.1223318349086,0.0252593671862356,0.1242447267281966,RNA,C2vsA2_rna,ACZ81_06485,tier1:gene_id
ACZ81_RS06490,-1.1898425168351825,283.0960072080137,5.596781570362103e-07,2.440683441336169e-05,RNA,C2vsA2_rna,ACZ81_06490,tier1:gene_id
ACZ81_RS06495,1.0587357568823998,327.4495976929936,0.0665948415785323,0.2272000527943304,RNA,C2vsA2_rna,ACZ81_06495,tier1:gene_id
ACZ81_RS06500,1.5494856590382466,2019.807923933256,0.0475039111145546,0.1868669970866796,RNA,C2vsA2_rna,ACZ81_06500,tier1:gene_id
ACZ81_RS06505,-0.0488333057310435,225.6931431579623,0.8541589121835141,0.9476840481986898,RNA,C2vsA2_rna,ACZ81_06505,tier1:gene_id
ACZ81_RS06510,0.035041263375785,98.74484106041793,0.9175579443452486,0.968421342242408,RNA,C2vsA2_rna,ACZ81_06510,tier1:gene_id
ACZ81_RS06515,0.7299916177555319,109.86227697558851,0.0099252940452663,0.063916981877381,RNA,C2vsA2_rna,ACZ81_06515,tier1:gene_id
ACZ81_RS06520,-0.502054866091162,363.2064462761756,0.2388212206529639,0.4951585622184606,RNA,C2vsA2_rna,ACZ81_06520,tier1:gene_id
ACZ81_RS06525,0.179821409634602,1729.097038000852,0.3781588982449127,0.6358648364453436,RNA,C2vsA2_rna,ACZ81_06525,tier1:gene_id
ACZ81_RS06530,0.4451353497259049,426.7845854154905,0.3317221768241878,0.5920237426239509,RNA,C2vsA2_rna,ACZ81_06530,tier1:gene_id
ACZ81_RS06535,-0.6262613993223526,220.0171930276624,0.0972426843984182,0.29071359896159,RNA,C2vsA2_rna,ACZ81_06535,tier1:gene_id
ACZ81_RS06540,-1.2283001663714046,91.66113119262846,0.0014611790484786,0.0159955378127185,RNA,C2vsA2_rna,ACZ81_06540,tier1:gene_id
ACZ81_RS06545,-0.6017813244652256,1098.4603613081524,0.0412830770387342,0.1712799432051722,RNA,C2vsA2_rna,ACZ81_06545,tier1:gene_id
ACZ81_RS06550,-0.2560888272529407,123.08449187518131,0.4285713164364757,0.6849262304222729,RNA,C2vsA2_rna,ACZ81_06550,tier1:gene_id
ACZ81_RS06555,-0.3601499893668292,145.86739291955664,0.2201179789140359,0.4736163605907396,RNA,C2vsA2_rna,ACZ81_06555,tier1:gene_id
ACZ81_RS06560,0.2043496148497985,488.9325241197907,0.5169407140827472,0.7473751873513449,RNA,C2vsA2_rna,ACZ81_06560,tier1:gene_id
ACZ81_RS06565,-0.3872304480792373,365.6527654585139,0.4448079250644573,0.6965100280397643,RNA,C2vsA2_rna,ACZ81_06565,tier1:gene_id
ACZ81_RS06570,0.1373242249384584,756.8119426597478,0.7215520435195155,0.878565526260697,RNA,C2vsA2_rna,ACZ81_06570,tier1:gene_id
ACZ81_RS06575,1.2451610784339695,1189.2497568520928,0.0002031454223434,0.0037732381224158,RNA,C2vsA2_rna,ACZ81_06575,tier1:gene_id
ACZ81_RS06585,0.5625104115126324,61.07960839537812,0.3047111243722014,0.5638842393825055,RNA,C2vsA2_rna,ACZ81_06585,tier1:gene_id
ACZ81_RS06590,-0.1411839067902528,3502.883197328335,0.6356685304370169,0.8387350606185463,RNA,C2vsA2_rna,ACZ81_06590,tier1:gene_id
ACZ81_RS06595,-0.0536657010623349,2686.911225744117,0.8745411172493887,0.9547371326270876,RNA,C2vsA2_rna,ACZ81_06595,tier1:gene_id
ACZ81_RS06600,-0.2518521046456198,91.03874382484872,0.4162114616572142,0.6735943461753705,RNA,C2vsA2_rna,ACZ81_06600,tier1:gene_id
ACZ81_RS06605,0.2406675151666549,189.88984683273384,0.3719073673330793,0.6303727747107369,RNA,C2vsA2_rna,ACZ81_06605,tier1:gene_id
ACZ81_RS06610,0.2417548349595028,429.27043964034857,0.3409379300448648,0.6023086637340369,RNA,C2vsA2_rna,ACZ81_06610,tier1:gene_id
ACZ81_RS06615,0.0736640388246043,342.56862245331274,0.8197499873243417,0.9322092751754404,RNA,C2vsA2_rna,ACZ81_06615,tier1:gene_id
ACZ81_RS06620,-0.7385551911876764,151.67811086019117,0.0043011924293988,0.0357275031609691,RNA,C2vsA2_rna,ACZ81_06620,tier1:gene_id
ACZ81_RS06625,0.4781922803541594,2136.525418609139,0.0594831294100886,0.2126972506178926,RNA,C2vsA2_rna,ACZ81_06625,tier1:gene_id
ACZ81_RS06630,-0.0411947895285817,635.6268717303016,0.9213010977961988,0.9686398567647296,RNA,C2vsA2_rna,ACZ81_06630,tier1:gene_id
ACZ81_RS06635,0.3222295495845456,950.7010051374368,0.1704308574846325,0.4082200598378184,RNA,C2vsA2_rna,ACZ81_06635,tier1:gene_id
ACZ81_RS06640,0.0434885761748863,514.9935928092157,0.9105210168953464,0.9658825733229368,RNA,C2vsA2_rna,ACZ81_06640,tier1:gene_id
ACZ81_RS06645,0.0484695184939376,365.823767582366,0.8763096168258294,0.9556837090602636,RNA,C2vsA2_rna,ACZ81_06645,tier1:gene_id
ACZ81_RS06650,0.279191716948611,685.0695311056023,0.7400517128152624,0.8892145767639511,RNA,C2vsA2_rna,ACZ81_06650,tier1:gene_id
ACZ81_RS06655,0.5719862604846965,263.4455699884669,0.2627062827138806,0.5192007912552163,RNA,C2vsA2_rna,ACZ81_06655,tier1:gene_id
ACZ81_RS06660,0.5359357418337612,463.8423362118504,0.1114969006881876,0.3161311417392289,RNA,C2vsA2_rna,ACZ81_06660,tier1:gene_id
ACZ81_RS06665,0.5109474083472728,1063.2572853938798,0.0520430485493643,0.197164032842351,RNA,C2vsA2_rna,ACZ81_06665,tier1:gene_id
ACZ81_RS06670,0.2074988749153074,844.705381917418,0.4214363477032772,0.6771336111275724,RNA,C2vsA2_rna,ACZ81_06670,tier1:gene_id
ACZ81_RS06675,-0.5034385358420117,358.08602324626696,0.1112497546722947,0.3161005777232623,RNA,C2vsA2_rna,ACZ81_06675,tier1:gene_id
ACZ81_RS06680,-0.2351064274240367,142.5397084711462,0.3755229870552632,0.6336797007520423,RNA,C2vsA2_rna,ACZ81_06680,tier1:gene_id
ACZ81_RS06685,1.697677695453963,337.9605969307028,0.0013614028254882,0.0152568383683212,RNA,C2vsA2_rna,ACZ81_06685,tier1:gene_id
ACZ81_RS06690,-0.1688982024214034,584.5625995588674,0.4916706662547068,0.730315702707843,RNA,C2vsA2_rna,ACZ81_06690,tier1:gene_id
ACZ81_RS06695,-0.588115529660456,246.8722224880836,0.042587819314469,0.1748147745325672,RNA,C2vsA2_rna,ACZ81_06695,tier1:gene_id
ACZ81_RS06700,0.0437102607449866,206.21988580604287,0.8817364819385439,0.9560883150101184,RNA,C2vsA2_rna,ACZ81_06700,tier1:gene_id
ACZ81_RS06705,0.7950031294198411,4596.89715711622,0.2064980915635768,0.4556376695643371,RNA,C2vsA2_rna,ACZ81_06705,tier1:gene_id
ACZ81_RS06710,0.9291347641501382,76.21609342846925,0.0250289225945021,0.123375497516773,RNA,C2vsA2_rna,ACZ81_06710,tier1:gene_id
ACZ81_RS06715,0.7180552800323029,55.31807014598255,0.1199783616820362,0.3267842410511402,RNA,C2vsA2_rna,ACZ81_06715,tier1:gene_id
ACZ81_RS06720,0.5171641911737856,66.55244273824691,0.2547939472334323,0.5100964652198254,RNA,C2vsA2_rna,ACZ81_06720,tier1:gene_id
ACZ81_RS06725,0.2607951508267975,109.80575093457756,0.4228470129813287,0.6783135610080331,RNA,C2vsA2_rna,ACZ81_06725,tier1:gene_id
ACZ81_RS06730,-0.1133735396500769,53.03508025302855,0.8335451099843728,0.9373576657616248,RNA,C2vsA2_rna,ACZ81_06730,tier1:gene_id
ACZ81_RS06735,-0.465664381037728,26.929370916338264,0.3594251795216684,0.6194217440897481,RNA,C2vsA2_rna,ACZ81_06735,tier1:gene_id
ACZ81_RS06740,-0.1388231390105406,110.82654734617692,0.6534990410063142,0.8487659930454298,RNA,C2vsA2_rna,ACZ81_06740,tier1:gene_id
ACZ81_RS06750,-0.4500324199456648,3095.204546049351,0.1022379956743619,0.3007176236404252,RNA,C2vsA2_rna,ACZ81_06750,tier1:gene_id
ACZ81_RS06755,-0.3792404470078204,3485.9921567261927,0.4231549991480193,0.6785363135818759,RNA,C2vsA2_rna,ACZ81_06755,tier1:gene_id
ACZ81_RS06760,-1.3479922879962178,10731.824434118134,0.001982344490266,0.0201857007485977,RNA,C2vsA2_rna,ACZ81_06760,tier1:gene_id
ACZ81_RS06785,0.6406112989563403,1588.7694326313865,0.0131216032025882,0.0791260291401341,RNA,C2vsA2_rna,ACZ81_06785,tier1:gene_id
ACZ81_RS06815,0.185765825713919,1271.3657262090646,0.6441715432688815,0.8437532587642025,RNA,C2vsA2_rna,ACZ81_06815,tier1:gene_id
ACZ81_RS06820,-0.1436643321273504,77.85232875794986,0.761351958466859,0.9015375734946808,RNA,C2vsA2_rna,ACZ81_06820,tier1:gene_id
ACZ81_RS06825,0.9426090829902322,271.6098023625638,0.1367298704030088,0.3549814508658749,RNA,C2vsA2_rna,ACZ81_06825,tier1:gene_id
ACZ81_RS06830,-0.1787511791348461,137.9679903715056,0.5655735145668626,0.7859649949574826,RNA,C2vsA2_rna,ACZ81_06830,tier1:gene_id
ACZ81_RS06835,0.7941915058962321,921.6008333275976,0.00080643790418,0.0108523019205501,RNA,C2vsA2_rna,ACZ81_06835,tier1:gene_id
ACZ81_RS06840,0.9627200267829218,688.008874618059,0.0065500287176039,0.0487545736827958,RNA,C2vsA2_rna,ACZ81_06840,tier1:gene_id
ACZ81_RS06845,0.6108299928246681,1318.2269311845705,0.0454977959600544,0.1821436877241752,RNA,C2vsA2_rna,ACZ81_06845,tier1:gene_id
ACZ81_RS06850,0.5613767921468857,752.9021698824808,0.0047953037715993,0.0387878200235011,RNA,C2vsA2_rna,ACZ81_06850,tier1:gene_id
ACZ81_RS06855,1.2067233869668867,363.0364892715507,0.0029243039548775,0.027158119136502,RNA,C2vsA2_rna,ACZ81_06855,tier1:gene_id
ACZ81_RS06860,0.1063437697563311,285.36738941752094,0.6502012716269758,0.8475008127899374,RNA,C2vsA2_rna,ACZ81_06860,tier1:gene_id
ACZ81_RS06865,0.0274471084449171,243.91727605211025,0.92836566143072,0.9701925537245092,RNA,C2vsA2_rna,ACZ81_06865,tier1:gene_id
ACZ81_RS06870,0.269759595475431,1035.8002024912132,0.3725285867179834,0.6308926508706414,RNA,C2vsA2_rna,ACZ81_06870,tier1:gene_id
ACZ81_RS06875,0.012265978506162,742.7523367850964,0.980605119960504,0.993165001593074,RNA,C2vsA2_rna,ACZ81_06875,tier1:gene_id
ACZ81_RS06880,0.7908894155922896,169.96697844076536,0.2064347803216075,0.4556376695643371,RNA,C2vsA2_rna,ACZ81_06880,tier1:gene_id
ACZ81_RS06885,-0.3390165216318257,270.7892846588384,0.3688891030206803,0.6284429220038087,RNA,C2vsA2_rna,ACZ81_06885,tier1:gene_id
ACZ81_RS06890,0.0263535510969333,472.4521157914445,0.9541497723552126,0.9807965377117892,RNA,C2vsA2_rna,ACZ81_06890,tier1:gene_id
ACZ81_RS06895,0.0168540320867716,767.005079472843,0.9719303852132728,0.9889385507166246,RNA,C2vsA2_rna,ACZ81_06895,tier1:gene_id
ACZ81_RS06900,0.5594507525722766,820.6422147261998,0.2030478390363116,0.4519752585298568,RNA,C2vsA2_rna,ACZ81_06900,tier1:gene_id
ACZ81_RS06905,0.3826755629532395,736.086648503375,0.2543981198229257,0.5098128155492397,RNA,C2vsA2_rna,ACZ81_06905,tier1:gene_id
ACZ81_RS06910,-0.5659524649114455,232.4577837685543,0.0596552068648161,0.2127437243925711,RNA,C2vsA2_rna,ACZ81_06910,tier1:gene_id
ACZ81_RS06915,-1.1051836318508823,900.8686423959206,0.001854574472205,0.0190295467582773,RNA,C2vsA2_rna,ACZ81_06915,tier1:gene_id
ACZ81_RS06920,-0.4953289263480339,1557.511802993234,0.1401263643748236,0.359918619992396,RNA,C2vsA2_rna,ACZ81_06920,tier1:gene_id
ACZ81_RS06925,-0.3258000244931768,947.3421885822972,0.2113772752952342,0.4620524257649034,RNA,C2vsA2_rna,ACZ81_06925,tier1:gene_id
ACZ81_RS06930,-0.4372750951886325,186.57919385398304,0.2061050478465181,0.4556376695643371,RNA,C2vsA2_rna,ACZ81_06930,tier1:gene_id
ACZ81_RS06935,-0.5694575835010945,1474.7549373906077,0.0607152948028832,0.2142390173695406,RNA,C2vsA2_rna,ACZ81_06935,tier1:gene_id
ACZ81_RS06940,-0.5716365387301486,1730.6428586181405,0.0001089845741449,0.0023134714892565,RNA,C2vsA2_rna,ACZ81_06940,tier1:gene_id
ACZ81_RS06945,1.3383379114226015,1416.6949622794275,0.0042723666123036,0.0357098642678376,RNA,C2vsA2_rna,ACZ81_06945,tier1:gene_id
ACZ81_RS06950,1.851317923888408,2128.8051396562223,8.719085362446061e-05,0.0019326503024383,RNA,C2vsA2_rna,ACZ81_06950,tier1:gene_id
ACZ81_RS06955,2.122866957486223,7423.76382071958,0.0003308974419939,0.0055779854507557,RNA,C2vsA2_rna,ACZ81_06955,tier1:gene_id
ACZ81_RS06960,1.3203132321552025,237.6487178721057,0.0015146977748078,0.0163799662332324,RNA,C2vsA2_rna,ACZ81_06960,tier1:gene_id
ACZ81_RS06965,2.401317665546941,874.5359126532679,7.386781684364743e-11,8.467362319334672e-09,RNA,C2vsA2_rna,ACZ81_06965,tier1:gene_id
ACZ81_RS06970,0.1441139141871295,304.2306541028313,0.5872808344517064,0.8038794636029499,RNA,C2vsA2_rna,ACZ81_06970,tier1:gene_id
ACZ81_RS06975,0.7802293572529697,956.532282385028,0.0862621083609073,0.2676593803124209,RNA,C2vsA2_rna,ACZ81_06975,tier1:gene_id
ACZ81_RS06980,0.4092115575221017,558.2115835212286,0.3293345193754807,0.5890727114286352,RNA,C2vsA2_rna,ACZ81_06980,tier1:gene_id
ACZ81_RS06985,1.1445151444984072,1341.391778329094,0.1256957275432827,0.3373185678285287,RNA,C2vsA2_rna,ACZ81_06985,tier1:gene_id
ACZ81_RS06990,0.241267584554573,542.2490527726683,0.2043378955220724,0.4534312150633598,RNA,C2vsA2_rna,ACZ81_06990,tier1:gene_id
ACZ81_RS06995,0.3809474130078402,251.5525127789724,0.3231552517913197,0.5826961214322582,RNA,C2vsA2_rna,ACZ81_06995,tier1:gene_id
ACZ81_RS07000,0.2709758247170766,1056.1970361240722,0.3366997466406964,0.5974521820090554,RNA,C2vsA2_rna,ACZ81_07000,tier1:gene_id
ACZ81_RS07005,0.3001932513536201,105.16461228987912,0.3085056466909737,0.5680241645361113,RNA,C2vsA2_rna,ACZ81_07005,tier1:gene_id
ACZ81_RS07010,0.1259216221659748,192.3511051567535,0.8145155813235241,0.9299477837990834,RNA,C2vsA2_rna,ACZ81_07010,tier1:gene_id
ACZ81_RS07015,-0.1829277564182604,166.46181849259756,0.5209935322950892,0.7513393427634427,RNA,C2vsA2_rna,ACZ81_07015,tier1:gene_id
ACZ81_RS07020,-0.3475856525229937,334.82746930477026,0.2770310398913579,0.5342601356588279,RNA,C2vsA2_rna,ACZ81_07020,tier1:gene_id
ACZ81_RS07025,-0.2180069366323068,459.04945770623016,0.5693244517816698,0.7898097166487065,RNA,C2vsA2_rna,ACZ81_07025,tier1:gene_id
ACZ81_RS07030,-0.1182693948293305,1350.1888567473895,0.5465012750277136,0.7698606444561753,RNA,C2vsA2_rna,ACZ81_07030,tier1:gene_id
ACZ81_RS07035,0.2745988303192399,362.345191099012,0.2771174831271238,0.5342601356588279,RNA,C2vsA2_rna,ACZ81_07035,tier1:gene_id
ACZ81_RS07040,-0.1319516019227734,481.24598242590696,0.840870195464874,0.941286613896505,RNA,C2vsA2_rna,ACZ81_07040,tier1:gene_id
ACZ81_RS07045,-0.111073200994668,8023.788685119629,0.8127127988853946,0.9294471789375384,RNA,C2vsA2_rna,ACZ81_07045,tier1:gene_id
ACZ81_RS07050,-0.033577225997182,1989.07196758289,0.9278385669178878,0.9700736661076508,RNA,C2vsA2_rna,ACZ81_07050,tier1:gene_id
ACZ81_RS07055,0.5470212917482229,509.2946407550437,0.0539283561718003,0.2014703419747821,RNA,C2vsA2_rna,ACZ81_07055,tier1:gene_id
ACZ81_RS07060,-0.0292230639422736,876.612701228089,0.8670853235435633,0.9504771360810864,RNA,C2vsA2_rna,ACZ81_07060,tier1:gene_id
ACZ81_RS07065,-0.8708431875047213,4672.560662614867,0.0042985171320005,0.0357275031609691,RNA,C2vsA2_rna,ACZ81_07065,tier1:gene_id
ACZ81_RS07070,0.4533956136451382,2239.017784799052,0.3613577394350762,0.6198235359613193,RNA,C2vsA2_rna,ACZ81_07070,tier1:gene_id
ACZ81_RS07075,1.1116636200655994,100.23984380796983,0.0053789376253131,0.0426488097880561,RNA,C2vsA2_rna,ACZ81_07075,tier1:gene_id
ACZ81_RS07080,0.4921587186369757,802.9675657800418,0.0514485547894876,0.1956902928675356,RNA,C2vsA2_rna,ACZ81_07080,tier1:gene_id
ACZ81_RS07085,2.3260914906084604,2336.894523769478,4.281700392941594e-05,0.0010803888035523,RNA,C2vsA2_rna,ACZ81_07085,tier1:gene_id
ACZ81_RS07090,2.1665371314254074,2719.735875298492,0.0002783260693998,0.0047924643366182,RNA,C2vsA2_rna,ACZ81_07090,tier1:gene_id
ACZ81_RS07095,0.640638086083295,641.4690809768131,0.1050377175134402,0.3054937034802006,RNA,C2vsA2_rna,ACZ81_07095,tier1:gene_id
ACZ81_RS07105,-0.3860104138155516,238.7939565861506,0.3915832615372661,0.649001534432863,RNA,C2vsA2_rna,ACZ81_07105,tier1:gene_id
ACZ81_RS07110,0.2583207486549352,323.85846012086387,0.3791727405441662,0.6367347551372486,RNA,C2vsA2_rna,ACZ81_07110,tier1:gene_id
ACZ81_RS07115,0.194155694785515,141.67862627421428,0.4949936927330736,0.7330555447486404,RNA,C2vsA2_rna,ACZ81_07115,tier1:gene_id
ACZ81_RS07120,-0.3914088910792221,180.62140737496009,0.2186138255510974,0.4718013276551925,RNA,C2vsA2_rna,ACZ81_07120,tier1:gene_id
ACZ81_RS07125,-1.7304380725870934,4038.429322632024,0.0814939533075501,0.2590758642392166,RNA,C2vsA2_rna,ACZ81_07125,tier1:gene_id
ACZ81_RS07130,0.3171972275611112,864.5752550429468,0.1802439589366556,0.4226410071618131,RNA,C2vsA2_rna,ACZ81_07130,tier1:gene_id
ACZ81_RS07135,0.1911623736041144,973.8797781959004,0.5006654032650191,0.7372226329761836,RNA,C2vsA2_rna,ACZ81_07135,tier1:gene_id
ACZ81_RS07140,0.4367547754293375,214.1061711407945,0.1461328812196096,0.3680383675160538,RNA,C2vsA2_rna,ACZ81_07140,tier1:gene_id
ACZ81_RS07145,-0.0078629869924733,79.67098453879721,0.9838511750932654,0.9940092960146516,RNA,C2vsA2_rna,ACZ81_07145,tier1:gene_id
ACZ81_RS07150,0.0462017639375444,831.7795141909878,0.7998864200456086,0.9224306070504428,RNA,C2vsA2_rna,ACZ81_07150,tier1:gene_id
ACZ81_RS07155,-0.121476151006338,385.20291521730405,0.7884406146804263,0.9184621682769096,RNA,C2vsA2_rna,ACZ81_07155,tier1:gene_id
ACZ81_RS07160,0.1247805504278864,2620.4446118002074,0.678427801675864,0.8613456773175844,RNA,C2vsA2_rna,ACZ81_07160,tier1:gene_id
ACZ81_RS07165,0.0045317857527513,4563.904867990522,0.975676835735675,0.9904897431608116,RNA,C2vsA2_rna,ACZ81_07165,tier1:gene_id
ACZ81_RS07170,0.0913977585746106,782.147107317622,0.6737027196079897,0.8605464519026251,RNA,C2vsA2_rna,ACZ81_07170,tier1:gene_id
ACZ81_RS07175,0.1532909619031364,158.99191513464402,0.7638086088386116,0.9022660275354628,RNA,C2vsA2_rna,ACZ81_07175,tier1:gene_id
ACZ81_RS07180,-0.1766297122018792,200.23573873800768,0.6318883980006382,0.8356418374579885,RNA,C2vsA2_rna,ACZ81_07180,tier1:gene_id
ACZ81_RS07185,-1.1928597257204585,28.63560649251068,0.1120013019157937,0.3163403596744021,RNA,C2vsA2_rna,ACZ81_07185,tier1:gene_id
ACZ81_RS07190,1.3645097428447106,297.6433234489914,0.0117647773768784,0.0731787392806767,RNA,C2vsA2_rna,ACZ81_07190,tier1:gene_id
ACZ81_RS07200,0.2374124977355749,2038.164902346315,0.5688656563375083,0.7894462169581747,RNA,C2vsA2_rna,ACZ81_07200,tier1:gene_id
ACZ81_RS07205,0.2503053809141944,134.43541244148017,0.3285562246803786,0.5882050751529134,RNA,C2vsA2_rna,ACZ81_07205,tier1:gene_id
ACZ81_RS07210,0.1996492973667457,166.60845972769667,0.7230668553957651,0.8792843495625766,RNA,C2vsA2_rna,ACZ81_07210,tier1:gene_id
ACZ81_RS07215,0.5333114248781337,70.7500471872127,0.1475938556556575,0.370554786539736,RNA,C2vsA2_rna,ACZ81_07215,tier1:gene_id
ACZ81_RS07220,0.2384797294223707,57.7270264248321,0.6496177058343442,0.84701535125362,RNA,C2vsA2_rna,ACZ81_07220,tier1:gene_id
ACZ81_RS07225,1.1853531329799447,614.317411277191,0.0498125345157655,0.1923698180281856,RNA,C2vsA2_rna,ACZ81_07225,tier1:gene_id
ACZ81_RS07230,-0.1146826466375195,346.8201728853894,0.7244097061642484,0.8796403574851587,RNA,C2vsA2_rna,ACZ81_07230,tier1:gene_id
ACZ81_RS07275,0.3236437549234694,189.18991545148447,0.3541422126622385,0.6145408984432963,RNA,C2vsA2_rna,ACZ81_07275,tier1:gene_id
ACZ81_RS07280,1.483544021170791,715.9341182609487,0.0001863890829413,0.003527325475286,RNA,C2vsA2_rna,ACZ81_07280,tier1:gene_id
ACZ81_RS07285,1.4167623589834362,519.1860872403039,0.058976324118775,0.2113438892664076,RNA,C2vsA2_rna,ACZ81_07285,tier1:gene_id
ACZ81_RS07290,0.7246323952998396,4406.818181279024,0.1271282938263941,0.3393778372819819,RNA,C2vsA2_rna,ACZ81_07290,tier1:gene_id
ACZ81_RS07295,0.3145686252130473,1146.9034255836646,0.0937683426551151,0.2830689170295877,RNA,C2vsA2_rna,ACZ81_07295,tier1:gene_id
ACZ81_RS07300,-0.167263835465012,542.0983835561746,0.6117297377613411,0.8202739665436164,RNA,C2vsA2_rna,ACZ81_07300,tier1:gene_id
ACZ81_RS07305,1.0564459707900618,3282.835038497961,0.0222085169203144,0.1136486860769155,RNA,C2vsA2_rna,ACZ81_07305,tier1:gene_id
ACZ81_RS07315,1.1245512984240111,954.149008074443,0.0122472612942362,0.0751430931472315,RNA,C2vsA2_rna,ACZ81_07315,tier1:gene_id
ACZ81_RS07320,-0.2761989270430307,130.3173987137966,0.3501964581458313,0.6121263510627319,RNA,C2vsA2_rna,ACZ81_07320,tier1:gene_id
ACZ81_RS07325,0.4169151635407092,1572.21369512384,0.4842726450070684,0.721999944915778,RNA,C2vsA2_rna,ACZ81_07325,tier1:gene_id
ACZ81_RS07330,1.1555526323373246,1081.3359023955236,0.0005549401199854,0.0082766533880357,RNA,C2vsA2_rna,ACZ81_07330,tier1:gene_id
ACZ81_RS07335,1.453188245089014,134.69477230682404,0.0038980722963606,0.033560227581543,RNA,C2vsA2_rna,ACZ81_07335,tier1:gene_id
ACZ81_RS07340,-0.4419655984897556,810.795961353387,0.1043580407831086,0.3038692647452043,RNA,C2vsA2_rna,ACZ81_07340,tier1:gene_id
ACZ81_RS07345,0.352570333909365,291.76340553136055,0.261628941946914,0.5180260843113278,RNA,C2vsA2_rna,ACZ81_07345,tier1:gene_id
ACZ81_RS07350,-0.0367561948406462,1063.9117969213523,0.9389710370675932,0.972832218361396,RNA,C2vsA2_rna,ACZ81_07350,tier1:gene_id
ACZ81_RS07355,-0.3691731223184842,333.1994834497243,0.7339643241409222,0.8877005225845687,RNA,C2vsA2_rna,ACZ81_07355,tier1:gene_id
ACZ81_RS07360,-0.2953355620423459,240.58283961772872,0.2074693692209993,0.4564071720917533,RNA,C2vsA2_rna,ACZ81_07360,tier1:gene_id
ACZ81_RS07365,0.2856154212163391,114.8678682283597,0.3585877498076262,0.6190421911481052,RNA,C2vsA2_rna,ACZ81_07365,tier1:gene_id
ACZ81_RS07370,0.5234804764394364,32.423819859121494,0.3133255827539402,0.5720252299122891,RNA,C2vsA2_rna,ACZ81_07370,tier1:gene_id
ACZ81_RS07375,-0.5581631269871534,710.1198612270816,0.1154876932768848,0.3216551540474949,RNA,C2vsA2_rna,ACZ81_07375,tier1:gene_id
ACZ81_RS07380,1.2018018763911709,18636.944890725,0.0119060584348075,0.0737146704327898,RNA,C2vsA2_rna,ACZ81_07380,tier1:gene_id
ACZ81_RS07385,0.2722493365531321,37.11582073109124,0.7793896669118919,0.9135002464652384,RNA,C2vsA2_rna,ACZ81_07385,tier1:gene_id
ACZ81_RS07390,-0.6077012435367315,52.5538861148089,0.4328796951266193,0.6863521355100612,RNA,C2vsA2_rna,ACZ81_07390,tier1:gene_id
ACZ81_RS07395,-0.1389195719493898,153.76328024138172,0.8816531127385493,0.9560883150101184,RNA,C2vsA2_rna,ACZ81_07395,tier1:gene_id
ACZ81_RS07400,0.2460868928253026,63.09782064788313,0.6031610551903157,0.8150495632952329,RNA,C2vsA2_rna,ACZ81_07400,tier1:gene_id
ACZ81_RS07405,1.0940665838334729,82.76051506686807,0.1095804451564161,0.3126257926965596,RNA,C2vsA2_rna,ACZ81_07405,tier1:gene_id
ACZ81_RS07410,1.2256107527766775,774.5147204834216,0.0155974368477048,0.0900387289683335,RNA,C2vsA2_rna,ACZ81_07410,tier1:gene_id
ACZ81_RS07415,0.3908245711534964,1189.421636121648,0.2119582002869786,0.4624123434210759,RNA,C2vsA2_rna,ACZ81_07415,tier1:gene_id
ACZ81_RS07420,0.2928243807092515,1834.361449753853,0.3519537360375442,0.6131299995582403,RNA,C2vsA2_rna,ACZ81_07420,tier1:gene_id
ACZ81_RS07425,1.1237355941801204,2482.270447297818,0.0075273911503282,0.052704874860588,RNA,C2vsA2_rna,ACZ81_07425,tier1:gene_id
ACZ81_RS07430,0.563434149670656,546.7677971141003,0.1425456948389293,0.3637998267772166,RNA,C2vsA2_rna,ACZ81_07430,tier1:gene_id
ACZ81_RS07435,0.3533408017616319,852.0700239587469,0.2949353519525849,0.5533782442046998,RNA,C2vsA2_rna,ACZ81_07435,tier1:gene_id
ACZ81_RS07440,0.3684246269351058,719.2830877916501,0.2406728016296445,0.4959740795816909,RNA,C2vsA2_rna,ACZ81_07440,tier1:gene_id
ACZ81_RS07445,0.1631585234707346,1392.2432618467255,0.6045333256093697,0.8160793076530254,RNA,C2vsA2_rna,ACZ81_07445,tier1:gene_id
ACZ81_RS07450,0.0800776523845675,156.14040097171585,0.8221388208113901,0.9330752331245536,RNA,C2vsA2_rna,ACZ81_07450,tier1:gene_id
ACZ81_RS07455,0.1082897271326492,14.996885626334798,0.8537863362224977,0.9475493169916074,RNA,C2vsA2_rna,ACZ81_07455,tier1:gene_id
ACZ81_RS07460,0.1367820172466569,246.29961709230665,0.6841434002936109,0.8640785169353413,RNA,C2vsA2_rna,ACZ81_07460,tier1:gene_id
ACZ81_RS07465,-0.0854683112912763,852.5428135049781,0.7513752963703952,0.8960357652229889,RNA,C2vsA2_rna,ACZ81_07465,tier1:gene_id
ACZ81_RS07470,0.395895166199066,314.5745652834756,0.1067455242859053,0.3083027782728495,RNA,C2vsA2_rna,ACZ81_07470,tier1:gene_id
ACZ81_RS07475,0.3798306249595357,207.37032439930783,0.267520602973166,0.5250942559336311,RNA,C2vsA2_rna,ACZ81_07475,tier1:gene_id
ACZ81_RS07480,0.1924719499538978,202.83548081518,0.5306100929737871,0.7581223977958811,RNA,C2vsA2_rna,ACZ81_07480,tier1:gene_id
ACZ81_RS07485,0.0177121072275495,70.7216771500328,0.974830367918924,0.9901315028077778,RNA,C2vsA2_rna,ACZ81_07485,tier1:gene_id
ACZ81_RS07490,0.2854231469859244,6958.163340127723,0.4885997234557008,0.7271001819377862,RNA,C2vsA2_rna,ACZ81_07490,tier1:gene_id
ACZ81_RS07495,0.3202715377399532,741.4064926585392,0.5799551687907044,0.7978389574832847,RNA,C2vsA2_rna,ACZ81_07495,tier1:gene_id
ACZ81_RS07500,-1.4056060874140222,224.367935873228,0.0006719944856084,0.0094267198470666,RNA,C2vsA2_rna,ACZ81_07500,tier1:gene_id
ACZ81_RS07505,-0.885120488056987,348.0965338016675,0.0120236329974022,0.0740995631114868,RNA,C2vsA2_rna,ACZ81_07505,tier1:gene_id
ACZ81_RS07525,0.4376392085416349,43.80366558098065,0.4237732763349238,0.6789849778976496,RNA,C2vsA2_rna,ACZ81_07525,tier1:gene_id
ACZ81_RS07530,-0.4997860442022859,651.6725862161294,0.0189008875212239,0.1019225278698259,RNA,C2vsA2_rna,ACZ81_07530,tier1:gene_id
ACZ81_RS07535,-0.4691864049060986,7.699022579591689,0.5898670800726702,0.8045200525496383,RNA,C2vsA2_rna,ACZ81_07535,tier1:gene_id
ACZ81_RS07540,0.7722519104032426,7.657737069709304,0.3777579461584133,0.6354569727411128,RNA,C2vsA2_rna,ACZ81_07540,tier1:gene_id
ACZ81_RS07545,0.093455005114873,68.90361964393915,0.765543675494869,0.9026875848368078,RNA,C2vsA2_rna,ACZ81_07545,tier1:gene_id
ACZ81_RS07555,0.2507300310536454,145.1477525936569,0.5341341132293655,0.7601795183668728,RNA,C2vsA2_rna,ACZ81_07555,tier1:gene_id
ACZ81_RS07560,3.742076260009449,1.3155587591568871,0.1096372109481703,0.3126257926965596,RNA,C2vsA2_rna,ACZ81_07560,tier1:gene_id
ACZ81_RS07565,1.2822365645166356,52.795189508736,0.0116197286749295,0.0727275373538491,RNA,C2vsA2_rna,ACZ81_07565,tier1:gene_id
ACZ81_RS07570,1.086475372968702,62.62404713325106,0.0045017619940892,0.03716269366314,RNA,C2vsA2_rna,ACZ81_RS07570,locus_tag:gene_id
ACZ81_RS07575,0.242742596751551,139.8545640695215,0.4473347698280245,0.6980579916569563,RNA,C2vsA2_rna,ACZ81_07575,tier1:gene_id
ACZ81_RS07580,-0.153693133410574,130.3951344107266,0.7163244919445912,0.8763330204059165,RNA,C2vsA2_rna,,unresolved
ACZ81_RS07585,0.2509204359899112,227.4221717913625,0.212424396390228,0.4630170524676597,RNA,C2vsA2_rna,ACZ81_07585,tier1:gene_id
ACZ81_RS07590,-0.0432577057692602,565.495488389089,0.7983103909382345,0.9224306070504428,RNA,C2vsA2_rna,ACZ81_07590,tier1:gene_id
ACZ81_RS07595,0.0837357833002652,258.42042256302483,0.7808991731352186,0.9142011913097452,RNA,C2vsA2_rna,ACZ81_07595,tier1:gene_id
ACZ81_RS07600,-0.0954169563117556,156.30979136169194,0.8126921332630344,0.9294471789375384,RNA,C2vsA2_rna,ACZ81_07600,tier1:gene_id
ACZ81_RS07605,-0.2939529243690675,192.7288251054588,0.3303766769944559,0.5901474746668554,RNA,C2vsA2_rna,ACZ81_RS07605,locus_tag:gene_id
ACZ81_RS07615,-0.0447981351640177,117.5795948768458,0.919752203670816,0.9686398567647296,RNA,C2vsA2_rna,ACZ81_07615,tier1:gene_id
ACZ81_RS07620,0.0089184624390603,147.05850765945593,0.9836033485948886,0.9940092960146516,RNA,C2vsA2_rna,ACZ81_07620,tier1:gene_id
ACZ81_RS07625,-0.3323607829325387,584.9902588129804,0.1458585947491275,0.3678240207610374,RNA,C2vsA2_rna,ACZ81_07625,tier1:gene_id
ACZ81_RS07630,-0.2590504031095176,853.9725303930109,0.1160591216147484,0.3216795213260041,RNA,C2vsA2_rna,ACZ81_07630,tier1:gene_id
ACZ81_RS07635,0.4068842608917896,55.9521731756546,0.5031645382604779,0.7384200209146701,RNA,C2vsA2_rna,ACZ81_07635,tier1:gene_id
ACZ81_RS07640,-0.2563132799251007,30.117418324918955,0.6444343309529341,0.8438219764305391,RNA,C2vsA2_rna,ACZ81_07640,tier1:gene_id
ACZ81_RS07645,-0.8924286469536832,96.43817356605597,0.113889075940165,0.3195265543160433,RNA,C2vsA2_rna,ACZ81_07645,tier1:gene_id
ACZ81_RS07650,-0.5630619148648197,59.00068252745943,0.2804545305923463,0.53746446329613,RNA,C2vsA2_rna,ACZ81_07650,tier1:gene_id
ACZ81_RS07655,0.2121424913898453,192.0565150971396,0.5710613834933198,0.7912895129275839,RNA,C2vsA2_rna,ACZ81_07655,tier1:gene_id
ACZ81_RS07660,-0.3342050463971571,356.8299510372434,0.0925114881962159,0.2804790645788626,RNA,C2vsA2_rna,ACZ81_07660,tier1:gene_id
ACZ81_RS07665,-0.7348262025714011,96.29572353040214,0.0440891530403268,0.1784921109967622,RNA,C2vsA2_rna,ACZ81_07665,tier1:gene_id
ACZ81_RS07670,-0.2317475239761356,198.2106026964903,0.3502626914729109,0.6121263510627319,RNA,C2vsA2_rna,ACZ81_07670,tier1:gene_id
ACZ81_RS07675,0.0974167876510125,229.62914207472045,0.7732553163469917,0.9086995691810577,RNA,C2vsA2_rna,ACZ81_07675,tier1:gene_id
ACZ81_RS07680,-0.0655351910718282,328.49596115210124,0.8151521512972733,0.9301451737783448,RNA,C2vsA2_rna,ACZ81_07680,tier1:gene_id
ACZ81_RS07685,-0.6743621081504536,31.326281905481025,0.2239250430260725,0.4782980013756964,RNA,C2vsA2_rna,ACZ81_07685,tier1:gene_id
ACZ81_RS07690,-0.9321665512849132,215.35230270944035,0.0288634283960605,0.1348080031722874,RNA,C2vsA2_rna,ACZ81_07690,tier1:gene_id
ACZ81_RS07695,-0.5581051347926161,532.2681261496837,0.1891963434411771,0.4341338179772803,RNA,C2vsA2_rna,ACZ81_07695,tier1:gene_id
ACZ81_RS07700,-0.8907096380715586,599.7869939958919,0.0426143692654164,0.1748147745325672,RNA,C2vsA2_rna,ACZ81_07700,tier1:gene_id
ACZ81_RS07705,-1.0374734951542517,4831.481169493688,0.0160197691359888,0.0912944797920272,RNA,C2vsA2_rna,ACZ81_07705,tier1:gene_id
ACZ81_RS07710,0.0051429617444001,219.65322925041087,0.9900219589909768,0.9972126534264684,RNA,C2vsA2_rna,ACZ81_07710,tier1:gene_id
ACZ81_RS07715,-0.2386598480780979,791.6713658982935,0.7578971909533258,0.8993444336305066,RNA,C2vsA2_rna,ACZ81_07715,tier1:gene_id
ACZ81_RS07720,0.377625193443873,456.5540061264378,0.1613056454780798,0.3926975167602242,RNA,C2vsA2_rna,ACZ81_07720,tier1:gene_id
ACZ81_RS07725,0.3826554076149577,372.14083032822856,0.1864551266940869,0.429918372584297,RNA,C2vsA2_rna,ACZ81_07725,tier1:gene_id
ACZ81_RS07730,0.3995879776504255,220.80685754581984,0.1204856706039586,0.3279433585231223,RNA,C2vsA2_rna,ACZ81_07730,tier1:gene_id
ACZ81_RS07735,0.6600666138854335,110.15753628807886,0.0787066230906755,0.2548423357452437,RNA,C2vsA2_rna,ACZ81_07735,tier1:gene_id
ACZ81_RS07740,-1.2479405303015196,4.324073809695692,0.3435553516208043,0.6054258913272732,RNA,C2vsA2_rna,ACZ81_07740,tier1:gene_id
ACZ81_RS07745,-0.2047127922987072,42.97753944224354,0.5629825310309944,0.7836116966241002,RNA,C2vsA2_rna,ACZ81_07745,tier1:gene_id
ACZ81_RS07750,0.0782512289767775,265.8534392152867,0.7389020094950643,0.888932593054727,RNA,C2vsA2_rna,ACZ81_07750,tier1:gene_id
ACZ81_RS07755,-0.0709726432467843,67.85931547079721,0.8796130954471926,0.955852583676635,RNA,C2vsA2_rna,ACZ81_07755,tier1:gene_id
ACZ81_RS07760,-0.7306901340669448,1807.394228305213,0.1196186550794222,0.3262474807468675,RNA,C2vsA2_rna,ACZ81_07760,tier1:gene_id
ACZ81_RS07765,1.4818592037338818,96.2620101970988,0.0059158744667797,0.0451853511435334,RNA,C2vsA2_rna,ACZ81_07765,tier1:gene_id
ACZ81_RS07770,-0.9819808038751562,1388.4086937227262,0.0459119706594018,0.182918397502999,RNA,C2vsA2_rna,ACZ81_07770,tier1:gene_id
ACZ81_RS07775,-0.2039291994582569,138.16309579959008,0.6746798902546873,0.8612204007959928,RNA,C2vsA2_rna,ACZ81_07775,tier1:gene_id
ACZ81_RS07780,-0.0759449743568792,212.71423353332767,0.8617134065821414,0.948815254951822,RNA,C2vsA2_rna,ACZ81_07780,tier1:gene_id
ACZ81_RS07785,0.4295734790302982,71.17098549750148,0.4329903427158437,0.6863521355100612,RNA,C2vsA2_rna,ACZ81_07785,tier1:gene_id
ACZ81_RS07790,-0.2497001440670058,102.3979046956096,0.5356267311592618,0.7612236788561667,RNA,C2vsA2_rna,ACZ81_07790,tier1:gene_id
ACZ81_RS07795,0.38370144586359,298.9140319411868,0.3662660310372179,0.6260314014047026,RNA,C2vsA2_rna,ACZ81_07795,tier1:gene_id
ACZ81_RS07800,0.5424126675518098,977.0386747904156,0.1446583130182039,0.3661635027312517,RNA,C2vsA2_rna,ACZ81_07800,tier1:gene_id
ACZ81_RS07805,0.3308112717300496,786.1141743329429,0.4937903154052999,0.7326504235969169,RNA,C2vsA2_rna,ACZ81_07805,tier1:gene_id
ACZ81_RS07810,0.033061689868697,601.6145654456978,0.9083760884501118,0.9658825733229368,RNA,C2vsA2_rna,ACZ81_07810,tier1:gene_id
ACZ81_RS07815,0.3512217836164056,314.0940278249432,0.2170692259223215,0.4687199862219344,RNA,C2vsA2_rna,ACZ81_07815,tier1:gene_id
ACZ81_RS07820,-0.3942433911326933,120.32741428218036,0.3533840270856943,0.614419572705878,RNA,C2vsA2_rna,ACZ81_07820,tier1:gene_id
ACZ81_RS07825,-0.6499316734141055,343.1544635105635,0.0041533094001916,0.0351541715476139,RNA,C2vsA2_rna,ACZ81_07825,tier1:gene_id
ACZ81_RS07830,0.2423063140901357,778.4659526506641,0.1958610110387485,0.4429506067009351,RNA,C2vsA2_rna,ACZ81_07830,tier1:gene_id
ACZ81_RS07835,0.2100626119822422,1758.5718194871745,0.583408267390725,0.8002167414603722,RNA,C2vsA2_rna,ACZ81_07835,tier1:gene_id
ACZ81_RS07840,-0.6486739429936669,3231.840472896214,0.0501762448055396,0.1930077604600431,RNA,C2vsA2_rna,ACZ81_07840,tier1:gene_id
ACZ81_RS07845,-0.1949062723895632,855.8794495759147,0.4084827279747559,0.6640327004192548,RNA,C2vsA2_rna,ACZ81_07845,tier1:gene_id
ACZ81_RS07850,0.4240605241202283,12753.019534990588,0.4064097998987016,0.6625421036950796,RNA,C2vsA2_rna,ACZ81_07850,tier1:gene_id
ACZ81_RS07855,0.3619491028784738,68.21587199930482,0.5244391482872337,0.7538695316834044,RNA,C2vsA2_rna,ACZ81_07855,tier1:gene_id
ACZ81_RS07860,0.0809444243760098,244.1015049319084,0.9000423276304765,0.9626685733013788,RNA,C2vsA2_rna,ACZ81_07860,tier1:gene_id
ACZ81_RS07865,-0.0290916190579099,20.688925361381724,0.9797003981501335,0.993073196933476,RNA,C2vsA2_rna,ACZ81_07865,tier1:gene_id
ACZ81_RS07870,0.4424938680586532,39.4618109062581,0.6772607158243302,0.8613456773175844,RNA,C2vsA2_rna,ACZ81_07870,tier1:gene_id
ACZ81_RS07875,-0.7460275487814607,152.8779987247114,0.1442793756980643,0.3656657329757639,RNA,C2vsA2_rna,ACZ81_07875,tier1:gene_id
ACZ81_RS07880,-1.5136832957160824,891.3329076844201,0.0010113504421424,0.0124281776439472,RNA,C2vsA2_rna,ACZ81_07880,tier1:gene_id
ACZ81_RS07885,-1.32371963378144,1197.9699937370617,0.0112756160308692,0.0711676759152556,RNA,C2vsA2_rna,ACZ81_07885,tier1:gene_id
ACZ81_RS07890,-1.0849455926884195,619.3164726130535,0.0160483422401561,0.0913275873297961,RNA,C2vsA2_rna,ACZ81_07890,tier1:gene_id
ACZ81_RS07895,-1.22226438449392,2381.176387370811,0.0035806855689869,0.0316425341470831,RNA,C2vsA2_rna,ACZ81_07895,tier1:gene_id
ACZ81_RS07900,-0.4393270503375511,4828.362474965428,0.2001442574039218,0.4490932666132743,RNA,C2vsA2_rna,ACZ81_07900,tier1:gene_id
ACZ81_RS07905,0.5543789269669491,492.87221370102486,0.0901275656406276,0.2760242697329755,RNA,C2vsA2_rna,ACZ81_07905,tier1:gene_id
ACZ81_RS07910,0.1811616122843711,149.4685743244726,0.5820567597711482,0.7995964716166245,RNA,C2vsA2_rna,ACZ81_07910,tier1:gene_id
ACZ81_RS07915,-0.4104983239889023,790.0840871990848,0.2515106844348482,0.5073206968087536,RNA,C2vsA2_rna,ACZ81_07915,tier1:gene_id
ACZ81_RS07920,0.2382479632662649,830.0545303989005,0.5117165368872453,0.7438754259779939,RNA,C2vsA2_rna,ACZ81_07920,tier1:gene_id
ACZ81_RS07925,-0.2693578583127065,176.57381063785476,0.3005546831313155,0.5593361714457941,RNA,C2vsA2_rna,ACZ81_07925,tier1:gene_id
ACZ81_RS07930,-0.2383089893666918,416.2154931072185,0.4063973843760436,0.6625421036950796,RNA,C2vsA2_rna,ACZ81_07930,tier1:gene_id
ACZ81_RS07935,-1.2742026409259608,1251.366588987186,0.006897774290773,0.0502764879181676,RNA,C2vsA2_rna,ACZ81_07935,tier1:gene_id
ACZ81_RS07945,0.9149239483042244,5137.214496187339,0.0011832901309404,0.013681152753121,RNA,C2vsA2_rna,ACZ81_07945,tier1:gene_id
ACZ81_RS07950,0.1583112608131403,25608.63464397848,0.7136039214431921,0.8752610617028697,RNA,C2vsA2_rna,ACZ81_07950,tier1:gene_id
ACZ81_RS07955,0.5359773902938535,6131.473070993148,0.1143983412923082,0.3200777743731645,RNA,C2vsA2_rna,ACZ81_07955,tier1:gene_id
ACZ81_RS07960,0.4568533973003867,7598.599258609663,0.2684778588709005,0.5260530778835635,RNA,C2vsA2_rna,ACZ81_07960,tier1:gene_id
ACZ81_RS07965,0.1758946087709447,354.23283607819985,0.5791697288378935,0.7978163802830948,RNA,C2vsA2_rna,ACZ81_07965,tier1:gene_id
ACZ81_RS07970,0.9972637846097578,968.0991253314812,0.0309260982227705,0.1419210755827902,RNA,C2vsA2_rna,ACZ81_07970,tier1:gene_id
ACZ81_RS07975,0.5241731535136225,1327.7204244052634,0.1158567504956781,0.3216795213260041,RNA,C2vsA2_rna,ACZ81_07975,tier1:gene_id
ACZ81_RS07980,0.2443378586881398,203.2502982588377,0.4180059108175227,0.6751367609500408,RNA,C2vsA2_rna,ACZ81_07980,tier1:gene_id
ACZ81_RS07985,-0.2896308971680613,613.1721079349497,0.1827023649309936,0.4257601762217157,RNA,C2vsA2_rna,ACZ81_07985,tier1:gene_id
ACZ81_RS07990,0.1395561707727834,267.1826193704432,0.6390441462335102,0.8399637183425069,RNA,C2vsA2_rna,ACZ81_07990,tier1:gene_id
ACZ81_RS07995,-0.2876887217915505,97.47360229684054,0.3604135511582462,0.619528349291724,RNA,C2vsA2_rna,ACZ81_07995,tier1:gene_id
ACZ81_RS08000,-0.885406191492466,75.79517968843741,0.0460163698660358,0.1831524562525155,RNA,C2vsA2_rna,ACZ81_08000,tier1:gene_id
ACZ81_RS08005,-0.3594741283759795,242.2183965742622,0.2027292940680027,0.4519752585298568,RNA,C2vsA2_rna,ACZ81_08005,tier1:gene_id
ACZ81_RS08010,0.1113768615826831,2367.1455899897296,0.7571570923736737,0.8989980037298547,RNA,C2vsA2_rna,ACZ81_08010,tier1:gene_id
ACZ81_RS08015,0.227414850386919,358.0434104806003,0.5147009180933819,0.7449423100254864,RNA,C2vsA2_rna,ACZ81_08015,tier1:gene_id
ACZ81_RS08020,-0.2159158603977512,173.49815521845923,0.318677516305759,0.5774534134450621,RNA,C2vsA2_rna,ACZ81_08020,tier1:gene_id
ACZ81_RS08025,0.2122519531893465,223.33730848018632,0.4640531607079685,0.7094838630141005,RNA,C2vsA2_rna,ACZ81_08025,tier1:gene_id
ACZ81_RS08030,-0.231526013294305,105.73342376999568,0.4145672235168408,0.6717462442445741,RNA,C2vsA2_rna,ACZ81_08030,tier1:gene_id
ACZ81_RS08035,0.0057753541260002,137.2844888850702,0.9847159029848284,0.9946324780400632,RNA,C2vsA2_rna,ACZ81_08035,tier1:gene_id
ACZ81_RS08040,0.2537880663311965,231.94736514165703,0.2881513812947276,0.5455702415075259,RNA,C2vsA2_rna,ACZ81_08040,tier1:gene_id
ACZ81_RS08045,0.3563040359362538,144.32059110243745,0.3165565008312523,0.5759749121700609,RNA,C2vsA2_rna,ACZ81_08045,tier1:gene_id
ACZ81_RS08050,-0.0501791675019048,83.05501826824126,0.8807372091640134,0.9560883150101184,RNA,C2vsA2_rna,ACZ81_08050,tier1:gene_id
ACZ81_RS08055,-1.3218420956177694,3043.525383316305,0.0010531003020634,0.0126878030386738,RNA,C2vsA2_rna,ACZ81_08055,tier1:gene_id
ACZ81_RS08065,-0.1084060330670753,395.8213621889966,0.812918781378819,0.9294471789375384,RNA,C2vsA2_rna,ACZ81_08065,tier1:gene_id
ACZ81_RS08070,0.0421707187636978,407.3993153964837,0.9150279142706074,0.9674770209707672,RNA,C2vsA2_rna,ACZ81_08070,tier1:gene_id
ACZ81_RS08075,-0.2791146666915085,1588.7305855396348,0.2984475449983272,0.5567593173969999,RNA,C2vsA2_rna,ACZ81_08075,tier1:gene_id
ACZ81_RS08080,0.3171455038378109,335.2340711887429,0.2731539848113298,0.5304657765096978,RNA,C2vsA2_rna,ACZ81_08080,tier1:gene_id
ACZ81_RS08085,0.0031264034758225,497.1494877994948,0.9874026913132375,0.9960924308646488,RNA,C2vsA2_rna,ACZ81_08085,tier1:gene_id
ACZ81_RS08090,0.3629374390728029,830.5515243837028,0.084903966896926,0.2657207178598355,RNA,C2vsA2_rna,ACZ81_08090,tier1:gene_id
ACZ81_RS08095,0.3023589999454908,671.5272246456786,0.5955294924212302,0.8085496864954232,RNA,C2vsA2_rna,ACZ81_08095,tier1:gene_id
ACZ81_RS08100,0.3230004180166636,1475.186665729614,0.2358100869791868,0.492232085827522,RNA,C2vsA2_rna,ACZ81_08100,tier1:gene_id
ACZ81_RS08105,0.4244418266327887,3477.2639983238223,0.2647887082874212,0.5219086700943011,RNA,C2vsA2_rna,ACZ81_08105,tier1:gene_id
ACZ81_RS08110,-0.2998619466922625,1956.414278940147,0.4195700387127609,0.6770970168134723,RNA,C2vsA2_rna,ACZ81_08110,tier1:gene_id
ACZ81_RS08115,-0.3429299300660115,262.0392131050513,0.4210744841358704,0.6771336111275724,RNA,C2vsA2_rna,ACZ81_08115,tier1:gene_id
ACZ81_RS08125,-1.777795228557344,650.0677741999235,5.08104094038429e-06,0.000168859190666,RNA,C2vsA2_rna,ACZ81_08125,tier1:gene_id
ACZ81_RS08130,-0.4849909851641916,306.87893277752346,0.2305537979685654,0.4866855535697243,RNA,C2vsA2_rna,ACZ81_08130,tier1:gene_id
ACZ81_RS08135,0.2780851064808479,333.1970812697504,0.1655360567783328,0.401045084417072,RNA,C2vsA2_rna,ACZ81_08135,tier1:gene_id
ACZ81_RS08140,0.0260685483872427,331.7094700517165,0.9323806370756648,0.9708313667612825,RNA,C2vsA2_rna,ACZ81_08140,tier1:gene_id
ACZ81_RS08145,0.0856493998098458,109.91977744356473,0.8112435628948761,0.9288553579721012,RNA,C2vsA2_rna,ACZ81_08145,tier1:gene_id
ACZ81_RS08150,0.1731443680314999,657.9777004878448,0.3971854684118131,0.6549560621735282,RNA,C2vsA2_rna,ACZ81_08150,tier1:gene_id
ACZ81_RS08155,-0.0109223197323377,926.95255378374,0.966083871853932,0.9864923629111668,RNA,C2vsA2_rna,ACZ81_08155,tier1:gene_id
ACZ81_RS08160,-0.2998876381756728,754.5907730916149,0.2963877282164944,0.5543625014473547,RNA,C2vsA2_rna,ACZ81_08160,tier1:gene_id
ACZ81_RS08165,-0.346340156186807,146.45844603559686,0.2542810357579267,0.5098128155492397,RNA,C2vsA2_rna,ACZ81_08165,tier1:gene_id
ACZ81_RS08170,0.2899229730476855,749.0997028427204,0.4358817024261707,0.6895731033650618,RNA,C2vsA2_rna,ACZ81_08170,tier1:gene_id
ACZ81_RS08180,1.643708370022768,292.52014204864685,0.0004380789113128,0.0068924415379893,RNA,C2vsA2_rna,ACZ81_08180,tier1:gene_id
ACZ81_RS08185,0.9016089237418132,1872.5579453032635,0.1173141030858129,0.3241488853858689,RNA,C2vsA2_rna,ACZ81_08185,tier1:gene_id
ACZ81_RS08190,0.6711868474154904,153.11277074534985,0.1362308110606846,0.3540853829793772,RNA,C2vsA2_rna,ACZ81_08190,tier1:gene_id
ACZ81_RS08195,0.5654611220140717,480.33031050051926,0.1009630841640298,0.2984084261897054,RNA,C2vsA2_rna,ACZ81_08195,tier1:gene_id
ACZ81_RS08200,0.42109273954058,412.32323642446,0.3461716268471365,0.6080019485897484,RNA,C2vsA2_rna,ACZ81_08200,tier1:gene_id
ACZ81_RS08205,-0.6052144952984876,438.7487229743146,0.0551367847431538,0.2036913263255371,RNA,C2vsA2_rna,ACZ81_08205,tier1:gene_id
ACZ81_RS08210,0.1480469114514155,9544.318511080728,0.6901137859469529,0.866591811500113,RNA,C2vsA2_rna,ACZ81_08210,tier1:gene_id
ACZ81_RS08215,0.0766542485956317,505.6417403883162,0.8359595423818686,0.9373576657616248,RNA,C2vsA2_rna,ACZ81_08215,tier1:gene_id
ACZ81_RS08220,-1.067349852486592,1326.5660613081886,0.004214327333477,0.0352982907346764,RNA,C2vsA2_rna,ACZ81_08220,tier1:gene_id
ACZ81_RS08225,-0.2991098562005358,309.1017005002251,0.250560291763676,0.5061671150835187,RNA,C2vsA2_rna,ACZ81_08225,tier1:gene_id
ACZ81_RS08230,0.3829014003524313,2120.5375199890887,0.3760592268128781,0.6339284109131375,RNA,C2vsA2_rna,ACZ81_08230,tier1:gene_id
ACZ81_RS08235,-0.4792631753849845,895.7332036991791,0.0934522605142393,0.282327160529464,RNA,C2vsA2_rna,ACZ81_08235,tier1:gene_id
ACZ81_RS08240,-0.5711093920341862,452.9954353459639,0.0069311541748018,0.0502764879181676,RNA,C2vsA2_rna,ACZ81_08240,tier1:gene_id
ACZ81_RS08245,-0.2365727374881963,29.892156828925888,0.6396844148350702,0.8400700073054997,RNA,C2vsA2_rna,ACZ81_08245,tier1:gene_id
ACZ81_RS08250,-0.7276477647391545,594.8448311064138,0.0889545295952063,0.2734755346635768,RNA,C2vsA2_rna,ACZ81_08250,tier1:gene_id
ACZ81_RS08255,-0.3641035152021052,1619.5958954623736,0.5402951441978834,0.7656884911769368,RNA,C2vsA2_rna,ACZ81_08255,tier1:gene_id
ACZ81_RS08260,-0.1167886515379402,595.5524268133607,0.859283764677611,0.9487865028179958,RNA,C2vsA2_rna,ACZ81_08260,tier1:gene_id
ACZ81_RS08265,0.7939793471331582,1590.25163376689,0.3095934298432488,0.569063101686202,RNA,C2vsA2_rna,ACZ81_08265,tier1:gene_id
ACZ81_RS08270,0.980265470714918,4007.600851890071,0.1260667923765703,0.3377843074918513,RNA,C2vsA2_rna,ACZ81_08270,tier1:gene_id
ACZ81_RS08275,0.6245513235678432,1181.5203323574383,0.1162855502008182,0.3217500878659881,RNA,C2vsA2_rna,ACZ81_08275,tier1:gene_id
ACZ81_RS08280,0.5096043276708259,2666.95913388518,0.3694696901926856,0.6286312116425168,RNA,C2vsA2_rna,ACZ81_08280,tier1:gene_id
ACZ81_RS08285,0.8511323279296389,341.56315295533034,0.1385046242466775,0.3573508376062187,RNA,C2vsA2_rna,ACZ81_08285,tier1:gene_id
ACZ81_RS08290,0.6332342053572992,191.92956093902765,0.2129068524042442,0.4630170524676597,RNA,C2vsA2_rna,ACZ81_08290,tier1:gene_id
ACZ81_RS08295,-0.2796482999926173,367.2548963122463,0.220728141948186,0.4742109604929647,RNA,C2vsA2_rna,ACZ81_08295,tier1:gene_id
ACZ81_RS08300,-0.2335919427560656,1569.8472367729787,0.4305379735310402,0.6859664575137427,RNA,C2vsA2_rna,ACZ81_08300,tier1:gene_id
ACZ81_RS08305,0.3586654481990908,380.6585535052602,0.2113264603639163,0.4620524257649034,RNA,C2vsA2_rna,ACZ81_08305,tier1:gene_id
ACZ81_RS08310,-0.9518596251278102,1727.967724559182,0.0049599047032697,0.0398780314018397,RNA,C2vsA2_rna,ACZ81_08310,tier1:gene_id
ACZ81_RS08315,-0.3573981762942801,835.0724052794403,0.1943393102578205,0.4412503184801222,RNA,C2vsA2_rna,ACZ81_08315,tier1:gene_id
ACZ81_RS08320,-0.8630445787998197,18378.819745742905,0.0980897662289682,0.2928096295465926,RNA,C2vsA2_rna,ACZ81_08320,tier1:gene_id
ACZ81_RS08325,-0.3624428197080453,163.748993180409,0.3711794527939282,0.6297210151967815,RNA,C2vsA2_rna,ACZ81_08325,tier1:gene_id
ACZ81_RS08330,0.0699630675418239,79.38062834380835,0.8609603023235098,0.9487865028179958,RNA,C2vsA2_rna,ACZ81_08330,tier1:gene_id
ACZ81_RS08335,0.3632489533984407,35.34035552468664,0.4417824507595118,0.6950302211949916,RNA,C2vsA2_rna,ACZ81_08335,tier1:gene_id
ACZ81_RS08340,0.2744117895285253,44.815253181915175,0.4807149587358175,0.7199921614766224,RNA,C2vsA2_rna,ACZ81_08340,tier1:gene_id
ACZ81_RS08345,0.2636843412251862,432.9604306098567,0.295033914345427,0.5533782442046998,RNA,C2vsA2_rna,ACZ81_08345,tier1:gene_id
ACZ81_RS08350,0.4023072505158342,684.9999902825161,0.1562507575709854,0.3845396032017406,RNA,C2vsA2_rna,ACZ81_08350,tier1:gene_id
ACZ81_RS08355,0.5630365667028925,2300.611903248637,0.2207941361417891,0.4742109604929647,RNA,C2vsA2_rna,ACZ81_08355,tier1:gene_id
ACZ81_RS08360,0.552052703746741,4792.458669236545,0.4889424975054702,0.727340489429717,RNA,C2vsA2_rna,ACZ81_08360,tier1:gene_id
ACZ81_RS08365,0.5764942204838894,360.873126155122,0.0798718577488659,0.2564112658200327,RNA,C2vsA2_rna,ACZ81_08365,tier1:gene_id
ACZ81_RS08370,0.1740464280265811,766.5598677968283,0.4485801504782973,0.6985870682007138,RNA,C2vsA2_rna,ACZ81_08370,tier1:gene_id
ACZ81_RS08375,-0.5257532352359101,383.8034295001311,0.0486940339192258,0.1900393619493521,RNA,C2vsA2_rna,ACZ81_08375,tier1:gene_id
ACZ81_RS08380,0.1016293294214996,651.1667022617978,0.5797989565675575,0.7978389574832847,RNA,C2vsA2_rna,ACZ81_08380,tier1:gene_id
ACZ81_RS08385,-0.9681126992542152,616.0466128926013,0.013730856378644,0.0814914138921893,RNA,C2vsA2_rna,ACZ81_08385,tier1:gene_id
ACZ81_RS08410,-0.9666066663397678,1704.8070534639476,0.0202518988544572,0.1070495628512286,RNA,C2vsA2_rna,ACZ81_08410,tier1:gene_id
ACZ81_RS08415,-0.4061636219469487,202.5182793833396,0.1944714613181402,0.441300623760395,RNA,C2vsA2_rna,ACZ81_08415,tier1:gene_id
ACZ81_RS08420,0.0787809540538941,134.10569843824152,0.7544059931564366,0.8973662589635893,RNA,C2vsA2_rna,ACZ81_08420,tier1:gene_id
ACZ81_RS08425,-0.0380772610487495,354.8287755346579,0.8486609096137077,0.944930652280262,RNA,C2vsA2_rna,ACZ81_08425,tier1:gene_id
ACZ81_RS08430,1.0439691185409004,2523.0712134094024,0.0246233160624268,0.12256667995342,RNA,C2vsA2_rna,ACZ81_08430,tier1:gene_id
ACZ81_RS08435,0.8411309023426418,2458.437461216752,0.0607713153400334,0.2142482575959703,RNA,C2vsA2_rna,ACZ81_08435,tier1:gene_id
ACZ81_RS08440,0.2706922433326805,2150.344378591382,0.2609462894173761,0.5177628650556443,RNA,C2vsA2_rna,ACZ81_08440,tier1:gene_id
ACZ81_RS08445,-0.310103098493274,153.90745051564832,0.4678044788459894,0.7111904392308108,RNA,C2vsA2_rna,ACZ81_08445,tier1:gene_id
ACZ81_RS08450,-0.2532172451242743,199.28070467105692,0.458967312625799,0.7048012268904105,RNA,C2vsA2_rna,ACZ81_08450,tier1:gene_id
ACZ81_RS08455,-0.0490806840350484,186.15815890198328,0.8740673828252636,0.9546482752471784,RNA,C2vsA2_rna,ACZ81_08455,tier1:gene_id
ACZ81_RS08460,-0.3090520122582618,129.9240681916928,0.4705626684126019,0.7134910905787449,RNA,C2vsA2_rna,ACZ81_08460,tier1:gene_id
ACZ81_RS08465,-0.1478782746700689,128.86097806840874,0.6982645872393243,0.8698395671841757,RNA,C2vsA2_rna,ACZ81_08465,tier1:gene_id
ACZ81_RS08470,1.0794850200395003,2026.40427310602,0.0010134211826962,0.0124281776439472,RNA,C2vsA2_rna,ACZ81_08470,tier1:gene_id
ACZ81_RS08475,0.6314860262412542,609.9483748416621,0.5229855372975912,0.7533996321859735,RNA,C2vsA2_rna,ACZ81_08475,tier1:gene_id
ACZ81_RS08480,0.1786160376846728,903.9876337850986,0.8349674437904063,0.9373576657616248,RNA,C2vsA2_rna,ACZ81_08480,tier1:gene_id
ACZ81_RS08485,-0.2090914999176256,453.272285849848,0.751859144488059,0.8961553439352622,RNA,C2vsA2_rna,ACZ81_08485,tier1:gene_id
ACZ81_RS08490,0.0408206576406107,191.9262623060129,0.8856872230347161,0.9567514259515674,RNA,C2vsA2_rna,ACZ81_08490,tier1:gene_id
ACZ81_RS08495,-0.0896919200473013,126.03625384978086,0.7765790906299903,0.9112709305666924,RNA,C2vsA2_rna,ACZ81_08495,tier1:gene_id
ACZ81_RS08500,0.1543487813007225,102.0445067278114,0.6319308923588458,0.8356418374579885,RNA,C2vsA2_rna,ACZ81_08500,tier1:gene_id
ACZ81_RS08505,0.5447178071915556,429.20735941813217,0.1033713152744015,0.3024986994025521,RNA,C2vsA2_rna,ACZ81_08505,tier1:gene_id
ACZ81_RS08510,0.0048338848578884,1922.5243747902084,0.9919968913783508,0.9972166194462398,RNA,C2vsA2_rna,ACZ81_08510,tier1:gene_id
ACZ81_RS08515,0.1707064141236284,177.76115926622612,0.4326859017253849,0.6863521355100612,RNA,C2vsA2_rna,ACZ81_08515,tier1:gene_id
ACZ81_RS08520,0.0878345061107134,2397.196367311375,0.7910077788323226,0.9193288553520504,RNA,C2vsA2_rna,ACZ81_08520,tier1:gene_id
ACZ81_RS08525,-0.6274879464015458,981.9686537795084,0.0015902457822199,0.0168784816885352,RNA,C2vsA2_rna,ACZ81_08525,tier1:gene_id
ACZ81_RS08530,-0.7191654299593898,204.60592159141564,0.0380215377277777,0.1613309662494677,RNA,C2vsA2_rna,ACZ81_08530,tier1:gene_id
ACZ81_RS08535,-0.2187647742776568,122.09601925439088,0.5071205661817308,0.7406220851073871,RNA,C2vsA2_rna,ACZ81_08535,tier1:gene_id
ACZ81_RS08540,0.1801291757643461,18042.833143499287,0.609313805976645,0.8188254735310758,RNA,C2vsA2_rna,ACZ81_08540,tier1:gene_id
ACZ81_RS08545,0.3426849565759299,1446.626640749862,0.278337695027946,0.5351996331690968,RNA,C2vsA2_rna,ACZ81_08545,tier1:gene_id
ACZ81_RS08550,1.0103451631240694,835.2337737630869,0.0285325683155447,0.1335737037129119,RNA,C2vsA2_rna,ACZ81_08550,tier1:gene_id
ACZ81_RS08555,0.8272384695248044,1481.087815466913,0.0031898247534763,0.0289537939161697,RNA,C2vsA2_rna,ACZ81_08555,tier1:gene_id
ACZ81_RS08560,0.7375154911029285,735.7850871719862,0.0121383834219916,0.0746920157807217,RNA,C2vsA2_rna,ACZ81_08560,tier1:gene_id
ACZ81_RS08565,0.367231359997348,568.2595886572155,0.3710255731298533,0.6297210151967815,RNA,C2vsA2_rna,ACZ81_08565,tier1:gene_id
ACZ81_RS08570,1.1162771533439202,1480.4549321368029,0.0319599299624837,0.1448850158299262,RNA,C2vsA2_rna,ACZ81_08570,tier1:gene_id
ACZ81_RS08575,0.899196942941065,788.4122370362336,0.0096364063885388,0.0629662254573582,RNA,C2vsA2_rna,ACZ81_08575,tier1:gene_id
ACZ81_RS08580,0.1052066717858363,748.4599028347575,0.6600894773152371,0.8519511667413016,RNA,C2vsA2_rna,ACZ81_08580,tier1:gene_id
ACZ81_RS08585,-0.0937133163636412,460.0869527542229,0.7389307571878153,0.888932593054727,RNA,C2vsA2_rna,ACZ81_08585,tier1:gene_id
ACZ81_RS08590,-0.5825174238920985,350.51099392872896,0.1068059685562311,0.3083027782728495,RNA,C2vsA2_rna,ACZ81_08590,tier1:gene_id
ACZ81_RS08595,0.2204133540185647,438.60359532598807,0.3999082360822453,0.6556730049701546,RNA,C2vsA2_rna,ACZ81_08595,tier1:gene_id
ACZ81_RS08600,0.4892932948082649,543.102774468923,0.0882322540044578,0.2722983100506805,RNA,C2vsA2_rna,ACZ81_08600,tier1:gene_id
ACZ81_RS08605,-0.0214307733887253,320.7002531960464,0.9472242708177284,0.9766804868981565,RNA,C2vsA2_rna,ACZ81_08605,tier1:gene_id
ACZ81_RS08610,1.565792237133113,388.63862061934816,3.062593910924209e-06,0.0001148329604731,RNA,C2vsA2_rna,ACZ81_08610,tier1:gene_id
ACZ81_RS08615,0.9665384300588672,1831.496882298748,0.0572231774488375,0.2074620755635814,RNA,C2vsA2_rna,ACZ81_08615,tier1:gene_id
ACZ81_RS08620,0.2147039050301265,1122.819173434995,0.4517410623500352,0.7006414002561505,RNA,C2vsA2_rna,ACZ81_08620,tier1:gene_id
ACZ81_RS08625,0.0418059448216519,83.51280782309689,0.9181379135976914,0.968421342242408,RNA,C2vsA2_rna,ACZ81_08625,tier1:gene_id
ACZ81_RS08630,-0.7663459175263235,177.0941484421391,0.0640217392767121,0.222343411862592,RNA,C2vsA2_rna,ACZ81_08630,tier1:gene_id
ACZ81_RS08635,0.842924661660914,2591.801852852872,0.2378398296044823,0.4946673905511577,RNA,C2vsA2_rna,ACZ81_08635,tier1:gene_id
ACZ81_RS08640,-0.0540527910184244,320.7898668630798,0.875645108283966,0.955682310782174,RNA,C2vsA2_rna,ACZ81_08640,tier1:gene_id
ACZ81_RS08645,-0.1569200056776482,237.02033370684333,0.8195222802727211,0.9322092751754404,RNA,C2vsA2_rna,ACZ81_08645,tier1:gene_id
ACZ81_RS08650,-1.2246116511033602,2768.5470009196847,0.0238909117356456,0.1201132053676823,RNA,C2vsA2_rna,ACZ81_08650,tier1:gene_id
ACZ81_RS08655,-0.7010070023117343,792.6595904635069,0.2261618770678936,0.4818701278791233,RNA,C2vsA2_rna,ACZ81_08655,tier1:gene_id
ACZ81_RS08660,-0.7739739339981082,1508.4829612063706,0.0182570409626431,0.0997918914742837,RNA,C2vsA2_rna,ACZ81_08660,tier1:gene_id
ACZ81_RS08665,-0.9546199467495649,35.87389583422271,0.0820771584193482,0.2603111142912452,RNA,C2vsA2_rna,ACZ81_08665,tier1:gene_id
ACZ81_RS08670,1.511577992281869,13941.989771081036,0.0505572057007229,0.1940922597007297,RNA,C2vsA2_rna,ACZ81_08670,tier1:gene_id
ACZ81_RS08675,1.655285510869892,19620.44333224339,0.0285174557767362,0.1335737037129119,RNA,C2vsA2_rna,ACZ81_08675,tier1:gene_id
ACZ81_RS08680,0.0848502153130993,121.25088617605924,0.7820215308350658,0.914786033183944,RNA,C2vsA2_rna,ACZ81_08680,tier1:gene_id
ACZ81_RS08685,0.038787777052019,118.21908635218682,0.8932139829723317,0.95896714874413,RNA,C2vsA2_rna,ACZ81_08685,tier1:gene_id
ACZ81_RS08690,-0.2801294136712126,54.746330887698925,0.5993411570544369,0.8120758939893282,RNA,C2vsA2_rna,ACZ81_08690,tier1:gene_id
ACZ81_RS08695,-0.0472645173063413,178.36531974885182,0.8943951789192018,0.9594421010224166,RNA,C2vsA2_rna,ACZ81_08695,tier1:gene_id
ACZ81_RS08700,1.9887025076656688,11767.63628177936,0.0264213878625037,0.1271014485663851,RNA,C2vsA2_rna,ACZ81_08700,tier1:gene_id
ACZ81_RS08705,-1.2598051089883282,2745.6616445819177,0.0120218642135615,0.0740995631114868,RNA,C2vsA2_rna,ACZ81_08705,tier1:gene_id
ACZ81_RS08710,-0.428535577752121,315.4099158253549,0.0693755851893945,0.2326345017130561,RNA,C2vsA2_rna,ACZ81_08710,tier1:gene_id
ACZ81_RS08715,0.384375612644584,258.90157092983264,0.6450676346628188,0.8438250245409941,RNA,C2vsA2_rna,ACZ81_08715,tier1:gene_id
ACZ81_RS08720,-0.97222471556654,4200.928405362666,0.0380406515633091,0.1613309662494677,RNA,C2vsA2_rna,ACZ81_08720,tier1:gene_id
ACZ81_RS08725,0.5841467544562869,447.8561051537821,0.1568493597335575,0.3855880093449957,RNA,C2vsA2_rna,ACZ81_08725,tier1:gene_id
ACZ81_RS08745,-0.0543626092820874,3502.770461004883,0.8931737233028381,0.95896714874413,RNA,C2vsA2_rna,ACZ81_08745,tier1:gene_id
ACZ81_RS08750,-0.6460902598378582,1153.7411619828974,0.0023748400382867,0.0233525937098195,RNA,C2vsA2_rna,ACZ81_08750,tier1:gene_id
ACZ81_RS08755,0.0644724356154134,2737.2466674257817,0.8552687741664298,0.9476840481986898,RNA,C2vsA2_rna,ACZ81_08755,tier1:gene_id
ACZ81_RS08760,-0.1882679908805794,7602.327772853572,0.1841390521164136,0.4281936660353955,RNA,C2vsA2_rna,ACZ81_08760,tier1:gene_id
ACZ81_RS08765,-0.4211161687185906,9699.236479581146,0.0986094417195926,0.2937053304966636,RNA,C2vsA2_rna,ACZ81_08765,tier1:gene_id
ACZ81_RS08770,0.3509233306973081,2315.864016388906,0.4742387863375412,0.7171677387056975,RNA,C2vsA2_rna,ACZ81_08770,tier1:gene_id
ACZ81_RS08775,0.0460941575496526,2070.338937184828,0.9150293102484074,0.9674770209707672,RNA,C2vsA2_rna,ACZ81_08775,tier1:gene_id
ACZ81_RS08780,-0.4600043983046351,622.9060684443574,0.227584739975013,0.4838738615684962,RNA,C2vsA2_rna,ACZ81_08780,tier1:gene_id
ACZ81_RS08785,1.5373475657229,3662.7910723874015,0.0335147718614182,0.1491172466730521,RNA,C2vsA2_rna,ACZ81_08785,tier1:gene_id
ACZ81_RS08790,-0.4428896339838794,295.40487708586585,0.1975714696934364,0.445547841334287,RNA,C2vsA2_rna,ACZ81_08790,tier1:gene_id
ACZ81_RS08795,0.3436862538840127,412.9173958546228,0.2567008309870585,0.5118706431014308,RNA,C2vsA2_rna,ACZ81_08795,tier1:gene_id
ACZ81_RS08800,0.0246878680201732,599.4377173078196,0.907511711126638,0.9658825733229368,RNA,C2vsA2_rna,ACZ81_08800,tier1:gene_id
ACZ81_RS08805,0.4700392978397249,363.3280481730555,0.1846981729442002,0.4289832359246718,RNA,C2vsA2_rna,ACZ81_08805,tier1:gene_id
ACZ81_RS08810,0.9192862161536944,37.065773301624255,0.242201313905142,0.497951993986212,RNA,C2vsA2_rna,ACZ81_08810,tier1:gene_id
ACZ81_RS08815,-0.4124242849096288,1098.4064468528074,0.0990205194983978,0.294492456803241,RNA,C2vsA2_rna,ACZ81_08815,tier1:gene_id
ACZ81_RS08825,-0.2397877807700735,146.60455770737968,0.4178005312044714,0.6750768148176961,RNA,C2vsA2_rna,ACZ81_08825,tier1:gene_id
ACZ81_RS08830,1.0066836155216834,366.2607387555965,0.0261340090768475,0.1263248727907376,RNA,C2vsA2_rna,ACZ81_08830,tier1:gene_id
ACZ81_RS08835,0.4202647972882318,155.65861448550822,0.2830126711103063,0.540174517837559,RNA,C2vsA2_rna,ACZ81_08835,tier1:gene_id
ACZ81_RS08840,0.0897549617294064,65154.54039396608,0.9035409765791694,0.964502049925757,RNA,C2vsA2_rna,ACZ81_08840,tier1:gene_id
ACZ81_RS08845,3.148834306373144,14991.325588878111,0.004021571125986,0.034328815654162,RNA,C2vsA2_rna,ACZ81_08845,tier1:gene_id
ACZ81_RS08850,1.7016464645049525,621.8550347660773,0.0036968769282267,0.0323844340311295,RNA,C2vsA2_rna,ACZ81_08850,tier1:gene_id
ACZ81_RS08855,-0.0527196983862949,82.18613116429714,0.8970729617503188,0.960260598330384,RNA,C2vsA2_rna,ACZ81_08855,tier1:gene_id
ACZ81_RS08860,0.3326223323117567,166.50700147086374,0.3960456434731125,0.6536137892283536,RNA,C2vsA2_rna,ACZ81_08860,tier1:gene_id
ACZ81_RS08865,3.3056179105089174,94.1191373725714,2.3923054399657782e-09,1.8819469461064122e-07,RNA,C2vsA2_rna,ACZ81_08865,tier1:gene_id
ACZ81_RS08870,-0.2712854322639818,203.9600892613524,0.3716244943789379,0.6301595399189767,RNA,C2vsA2_rna,ACZ81_08870,tier1:gene_id
ACZ81_RS08875,0.1545052180756121,1781.4194696004524,0.6848608699767972,0.8645883607133136,RNA,C2vsA2_rna,ACZ81_08875,tier1:gene_id
ACZ81_RS08880,-0.0334775788902371,147.4471284899116,0.8844740451419968,0.9567514259515674,RNA,C2vsA2_rna,ACZ81_08880,tier1:gene_id
ACZ81_RS08885,-0.0460634814679705,3222.4709721117365,0.8788702562226397,0.955852583676635,RNA,C2vsA2_rna,ACZ81_08885,tier1:gene_id
ACZ81_RS08890,0.1129512217762386,254.67514873771475,0.7116768076697935,0.8745014861780126,RNA,C2vsA2_rna,ACZ81_08890,tier1:gene_id
ACZ81_RS08895,0.2616403675327514,13.85903879820417,0.7263094430427939,0.8806145317279206,RNA,C2vsA2_rna,ACZ81_08895,tier1:gene_id
ACZ81_RS08900,0.2895910434389138,477.7443831407565,0.155963985418715,0.3845396032017406,RNA,C2vsA2_rna,ACZ81_08900,tier1:gene_id
ACZ81_RS08905,0.3492942358147276,260.36473262949124,0.1545041861123542,0.3816938390903725,RNA,C2vsA2_rna,ACZ81_08905,tier1:gene_id
ACZ81_RS08910,0.4706862494876756,130.98431573917162,0.1380221776968566,0.3563352489831332,RNA,C2vsA2_rna,ACZ81_08910,tier1:gene_id
ACZ81_RS08915,-0.1356378037173556,89.15306187430988,0.711959943935751,0.8745815355389569,RNA,C2vsA2_rna,ACZ81_08915,tier1:gene_id
ACZ81_RS08920,0.6567437363383855,109.65178609176854,0.1079098604987767,0.3105698424111135,RNA,C2vsA2_rna,ACZ81_08920,tier1:gene_id
ACZ81_RS08925,0.123251599065644,88.7069706852416,0.712668358472943,0.8746845851876799,RNA,C2vsA2_rna,ACZ81_08925,tier1:gene_id
ACZ81_RS08930,1.2999884925130911,118.40617829682644,0.0001730595049139,0.003358038093365,RNA,C2vsA2_rna,ACZ81_08930,tier1:gene_id
ACZ81_RS08935,1.202251140329362,86.56900317196845,0.0027455777632772,0.0258574131133058,RNA,C2vsA2_rna,ACZ81_08935,tier1:gene_id
ACZ81_RS08940,-0.002662009446025,305.9902023816608,0.9943979182298536,0.9982539869208604,RNA,C2vsA2_rna,ACZ81_08940,tier1:gene_id
ACZ81_RS08945,0.3237406444131904,712.5229669451282,0.4811486023773424,0.7200179756575523,RNA,C2vsA2_rna,ACZ81_08945,tier1:gene_id
ACZ81_RS08950,0.1237338918071803,214.89816203542097,0.6989937100203845,0.8698395671841757,RNA,C2vsA2_rna,ACZ81_08950,tier1:gene_id
ACZ81_RS08955,-1.5622996296222451,254.84023596433843,0.0001150974513955,0.0024050571614537,RNA,C2vsA2_rna,ACZ81_08955,tier1:gene_id
ACZ81_RS08960,-2.40591101847267,122.89866755598392,0.0009592746360576,0.0121407250468874,RNA,C2vsA2_rna,ACZ81_08960,tier1:gene_id
ACZ81_RS08965,-0.3854636666980199,265.5785550691462,0.2540259327089061,0.5098128155492397,RNA,C2vsA2_rna,ACZ81_08965,tier1:gene_id
ACZ81_RS08970,0.2110689263985826,93.0971748999758,0.5415712127789813,0.7666977935897905,RNA,C2vsA2_rna,ACZ81_08970,tier1:gene_id
ACZ81_RS08975,-0.629075528920941,110.3156107433395,0.0592510894928576,0.2120565308165431,RNA,C2vsA2_rna,ACZ81_08975,tier1:gene_id
ACZ81_RS08980,0.1175035636339581,36.12491690354831,0.834026354333372,0.9373576657616248,RNA,C2vsA2_rna,ACZ81_08980,tier1:gene_id
ACZ81_RS08985,-0.302543202826466,4898.638673054564,0.6094249411674457,0.8188254735310758,RNA,C2vsA2_rna,ACZ81_08985,tier1:gene_id
ACZ81_RS08990,1.0997235278126472,0.8694736313284441,0.6773531575174743,0.8613456773175844,RNA,C2vsA2_rna,ACZ81_08990,tier1:gene_id
ACZ81_RS08995,-0.2049338407358686,31.498607665670367,0.7232876982475489,0.8792843495625766,RNA,C2vsA2_rna,ACZ81_08995,tier1:gene_id
ACZ81_RS09000,-0.3097082131979256,145.01687483729026,0.2919135163915108,0.5503626339045802,RNA,C2vsA2_rna,ACZ81_09000,tier1:gene_id
ACZ81_RS09005,-0.1290137181214984,395.0457875132639,0.6544165469224543,0.8492747466317369,RNA,C2vsA2_rna,ACZ81_09005,tier1:gene_id
ACZ81_RS09010,0.7891737038713379,52.73571988638525,0.0450708351564495,0.1810051958435192,RNA,C2vsA2_rna,ACZ81_09010,tier1:gene_id
ACZ81_RS09015,-0.0714147087285797,109.27770601847315,0.7885450525582356,0.9184621682769096,RNA,C2vsA2_rna,ACZ81_09015,tier1:gene_id
ACZ81_RS09020,0.795483367620529,43.965327906321065,0.0943201803331818,0.2843069598021981,RNA,C2vsA2_rna,ACZ81_09020,tier1:gene_id
ACZ81_RS09025,-0.1101877368167687,347.41945327692866,0.6450268653802169,0.8438250245409941,RNA,C2vsA2_rna,ACZ81_09025,tier1:gene_id
ACZ81_RS09030,0.1828743057929307,403.9750598752089,0.7236186278496108,0.8792843495625766,RNA,C2vsA2_rna,ACZ81_09030,tier1:gene_id
ACZ81_RS09035,0.0432991926661179,1097.3633074993818,0.8885815844137789,0.9569357630596184,RNA,C2vsA2_rna,ACZ81_09035,tier1:gene_id
ACZ81_RS09040,0.4606993841391053,340.81085589525946,0.0427124399608977,0.175002603323702,RNA,C2vsA2_rna,ACZ81_09040,tier1:gene_id
ACZ81_RS09045,-2.105999860248592,1.7949863720636243,0.2993101914269578,0.5577484849070853,RNA,C2vsA2_rna,ACZ81_09045,tier1:gene_id
ACZ81_RS09050,-0.7040403654521535,66.92226585241282,0.1589721969713126,0.3890334463796712,RNA,C2vsA2_rna,ACZ81_09050,tier1:gene_id
ACZ81_RS09060,0.7900182986710196,31.78436903639728,0.347952360600675,0.6098666975665828,RNA,C2vsA2_rna,,unresolved
ACZ81_RS09065,-0.7722467988205056,50.98784490906262,0.233798551010282,0.4898171209677553,RNA,C2vsA2_rna,ACZ81_RS09065,locus_tag:gene_id
ACZ81_RS09075,0.0264908381184335,590.1068965902296,0.9056572173372603,0.9658417745765784,RNA,C2vsA2_rna,ACZ81_09065,tier1:gene_id
ACZ81_RS09080,-0.4857099226072714,1067.621825990061,0.1723680760240131,0.4111419268777292,RNA,C2vsA2_rna,ACZ81_09070,tier1:gene_id
ACZ81_RS09085,-0.0232828015561628,710.5090834610379,0.9328612539683634,0.9708313667612825,RNA,C2vsA2_rna,ACZ81_09075,tier1:gene_id
ACZ81_RS09090,-0.9042620639264364,309.3614101097272,0.0017665184634959,0.0182720081835308,RNA,C2vsA2_rna,ACZ81_09080,tier1:gene_id
ACZ81_RS09095,-0.3804002201996776,2123.492912542248,0.3130102126620303,0.5718565451730717,RNA,C2vsA2_rna,ACZ81_09085,tier1:gene_id
ACZ81_RS09100,-0.027302333618527,3285.9896229072256,0.8791799133285796,0.955852583676635,RNA,C2vsA2_rna,ACZ81_09090,tier1:gene_id
ACZ81_RS09105,-0.7362020305822373,5323.203056484873,0.1181594923537374,0.3253685552112217,RNA,C2vsA2_rna,ACZ81_09095,tier1:gene_id
ACZ81_RS09110,-0.2694711898179328,639.3380549673627,0.1466770613863191,0.3687145177204965,RNA,C2vsA2_rna,ACZ81_09100,tier1:gene_id
ACZ81_RS09115,0.528239742800628,2465.740938310426,0.3916332788788537,0.649001534432863,RNA,C2vsA2_rna,ACZ81_09105,tier1:gene_id
ACZ81_RS09120,-0.7126888392046765,1281.3255283020214,0.1723301800406992,0.4111419268777292,RNA,C2vsA2_rna,ACZ81_09110,tier1:gene_id
ACZ81_RS09125,0.5641544733037327,536.732613243032,0.0710523538629238,0.2364634658080372,RNA,C2vsA2_rna,ACZ81_09115,tier1:gene_id
ACZ81_RS09130,0.1625775399576528,6559.805064944396,0.6331365921834933,0.8369502497002225,RNA,C2vsA2_rna,ACZ81_09120,tier1:gene_id
ACZ81_RS09145,0.336095662201562,4075.205491701983,0.4951734702161104,0.7330555447486404,RNA,C2vsA2_rna,ACZ81_09135,tier1:gene_id
ACZ81_RS09150,0.4245519926651945,1198.4224068168444,0.298640590986626,0.5567593173969999,RNA,C2vsA2_rna,ACZ81_09140,tier1:gene_id
ACZ81_RS09155,0.112581234068144,290.02605077580614,0.712385743739332,0.8746845851876799,RNA,C2vsA2_rna,ACZ81_09145,tier1:gene_id
ACZ81_RS09160,0.7940099045967991,355.0802291126074,0.0586876871665737,0.2106403697391489,RNA,C2vsA2_rna,ACZ81_09150,tier1:gene_id
ACZ81_RS09170,0.0434561458732096,420.64964855803385,0.900881218990927,0.962920287779617,RNA,C2vsA2_rna,ACZ81_09160,tier1:gene_id
ACZ81_RS09175,0.7433686157382023,14.292431088846824,0.3468257952686907,0.6086898909090057,RNA,C2vsA2_rna,ACZ81_09165,tier1:gene_id
ACZ81_RS09180,1.3292526143982442,696.0832628071792,0.0158021933866467,0.090569142667467,RNA,C2vsA2_rna,ACZ81_09170,tier1:gene_id
ACZ81_RS09185,1.1302103914269048,363.0217640704215,0.0149390828316052,0.0868797334720789,RNA,C2vsA2_rna,ACZ81_09175,tier1:gene_id
ACZ81_RS09190,0.332947632706816,1737.998848842334,0.3977022656659623,0.6554391949851589,RNA,C2vsA2_rna,ACZ81_09180,tier1:gene_id
ACZ81_RS09195,0.3970912064129071,150.69797626394336,0.466636264113306,0.7106034323965158,RNA,C2vsA2_rna,ACZ81_09185,tier1:gene_id
ACZ81_RS09200,0.9877135120132108,3410.3484315671594,0.0310024918389462,0.1419885813445801,RNA,C2vsA2_rna,ACZ81_09190,tier1:gene_id
ACZ81_RS09205,-0.2417596991868028,7511.869983263033,0.7036467364765451,0.8709366131263768,RNA,C2vsA2_rna,ACZ81_09195,tier1:gene_id
ACZ81_RS09210,0.054606023169527,4059.5604923288456,0.8660869017650384,0.9497147643678128,RNA,C2vsA2_rna,ACZ81_09200,tier1:gene_id
ACZ81_RS09215,-0.0860663027094094,18740.46584295185,0.6882327259957219,0.866591811500113,RNA,C2vsA2_rna,ACZ81_09205,tier1:gene_id
ACZ81_RS09220,0.6924945155717187,1414.5988730771237,0.3249332333673363,0.5850514607708933,RNA,C2vsA2_rna,ACZ81_09210,tier1:gene_id
ACZ81_RS09225,-0.9446031897083164,914.5449209050672,0.022615120529557,0.1152882637415285,RNA,C2vsA2_rna,ACZ81_09215,tier1:gene_id
ACZ81_RS09230,0.6598370579227426,171.7363225977553,0.0242213644342102,0.121097050806585,RNA,C2vsA2_rna,ACZ81_09220,tier1:gene_id
ACZ81_RS09235,0.1116619143914928,2575.935190437233,0.5881853738168099,0.8041032769301644,RNA,C2vsA2_rna,ACZ81_09225,tier1:gene_id
ACZ81_RS09240,0.598002382156443,2039.2890012907624,0.0894111276008277,0.2746687932117312,RNA,C2vsA2_rna,ACZ81_09230,tier1:gene_id
ACZ81_RS09245,-0.0522815513407456,88.04765776450738,0.8789375472399347,0.955852583676635,RNA,C2vsA2_rna,ACZ81_09235,tier1:gene_id
ACZ81_RS09250,-0.0799623146997669,3463.973889524178,0.6821158903464362,0.8632961993911362,RNA,C2vsA2_rna,ACZ81_09240,tier1:gene_id
ACZ81_RS09255,-0.1651668811381159,120.31733140641248,0.5566190883278409,0.7775612055610368,RNA,C2vsA2_rna,ACZ81_09245,tier1:gene_id
ACZ81_RS09260,-0.0636991099313881,170.04622879667292,0.9141820072203553,0.9674770209707672,RNA,C2vsA2_rna,ACZ81_09250,tier1:gene_id
ACZ81_RS09265,0.8109149794610262,963.1902805552544,0.0158315453784389,0.0906079316095536,RNA,C2vsA2_rna,ACZ81_09255,tier1:gene_id
ACZ81_RS09270,1.60058085741383,207.2543060027937,0.0002461067114501,0.0043306145892021,RNA,C2vsA2_rna,ACZ81_09260,tier1:gene_id
ACZ81_RS09275,1.6464239982018818,299.49517026123857,0.0016295757040947,0.0170408023428945,RNA,C2vsA2_rna,ACZ81_09265,tier1:gene_id
ACZ81_RS09280,0.0877425284110745,3342.0512119605373,0.6803368056105973,0.8620633604322281,RNA,C2vsA2_rna,ACZ81_09270,tier1:gene_id
ACZ81_RS09285,0.2835849748256739,1269.8336866761613,0.2680511873609509,0.5257182560742102,RNA,C2vsA2_rna,ACZ81_09275,tier1:gene_id
ACZ81_RS09290,0.7794298821677204,407.05939708224594,0.0198227467944947,0.1056160161215309,RNA,C2vsA2_rna,ACZ81_09280,tier1:gene_id
ACZ81_RS09295,0.4262260094889808,2679.5944986114887,0.085840038535818,0.2669691741129472,RNA,C2vsA2_rna,ACZ81_09285,tier1:gene_id
ACZ81_RS09300,0.6705294888950071,508.1307280858834,0.0016310239530586,0.0170408023428945,RNA,C2vsA2_rna,ACZ81_09290,tier1:gene_id
ACZ81_RS09305,-0.4930206809973928,89.01286123109608,0.2092880255136602,0.459083410804158,RNA,C2vsA2_rna,ACZ81_09295,tier1:gene_id
ACZ81_RS09310,-0.4010687913641394,275.84958651125766,0.2355096283444443,0.4918608167193704,RNA,C2vsA2_rna,ACZ81_09300,tier1:gene_id
ACZ81_RS09315,-0.2852862501942953,512.201040175961,0.2662835536778782,0.5234344034079605,RNA,C2vsA2_rna,ACZ81_09305,tier1:gene_id
ACZ81_RS09320,-0.5092513309907739,1120.2813893357056,0.0407134810250242,0.1699713692740866,RNA,C2vsA2_rna,ACZ81_09310,tier1:gene_id
ACZ81_RS09325,0.0622637708120836,826.5111804467417,0.8324171521005131,0.9373576657616248,RNA,C2vsA2_rna,ACZ81_09315,tier1:gene_id
ACZ81_RS09330,0.036101904431971,200.78977056136733,0.9307151062472968,0.9708313667612825,RNA,C2vsA2_rna,ACZ81_09320,tier1:gene_id
ACZ81_RS09335,-0.0975850078756942,142.5599902202291,0.8008278569132945,0.9224306070504428,RNA,C2vsA2_rna,ACZ81_09325,tier1:gene_id
ACZ81_RS09340,0.2092394698662673,1748.1580446388552,0.4030668551374623,0.6584300581480045,RNA,C2vsA2_rna,ACZ81_09330,tier1:gene_id
ACZ81_RS09345,0.6536006159704485,49.80940878741732,0.1040401725656989,0.3037912462398721,RNA,C2vsA2_rna,ACZ81_09335,tier1:gene_id
ACZ81_RS09350,-0.5224524282834297,964.6315840532924,0.0311865455950619,0.1426686669639548,RNA,C2vsA2_rna,ACZ81_09340,tier1:gene_id
ACZ81_RS09355,-0.3849980976686838,183.276394830742,0.3338621819679348,0.5945206720174676,RNA,C2vsA2_rna,ACZ81_09345,tier1:gene_id
ACZ81_RS09360,0.3193130709046468,570.739174362402,0.6885656311747194,0.866591811500113,RNA,C2vsA2_rna,ACZ81_09350,tier1:gene_id
ACZ81_RS09365,0.1117876323566275,3256.0732230954886,0.5019893343064633,0.7378530812514644,RNA,C2vsA2_rna,ACZ81_09355,tier1:gene_id
ACZ81_RS09370,-0.1279282931032636,706.0912058892659,0.6492284129724432,0.8469953748071634,RNA,C2vsA2_rna,ACZ81_09360,tier1:gene_id
ACZ81_RS09375,0.2527591126995971,3883.6557455277807,0.4351964429926905,0.6893044331964763,RNA,C2vsA2_rna,ACZ81_09365,tier1:gene_id
ACZ81_RS09380,0.2620957413519756,12795.48913671254,0.2145469198923732,0.4647701212960254,RNA,C2vsA2_rna,ACZ81_09370,tier1:gene_id
ACZ81_RS09385,0.3538625662436562,176.43665990363422,0.1284796563100443,0.3415907098183551,RNA,C2vsA2_rna,ACZ81_09375,tier1:gene_id
ACZ81_RS09390,-0.0346941268612052,989.8075086048904,0.8659655872656848,0.9497147643678128,RNA,C2vsA2_rna,ACZ81_09380,tier1:gene_id
ACZ81_RS09395,0.538375690031659,4166.675434767994,0.3644670640800966,0.6235572968398071,RNA,C2vsA2_rna,ACZ81_09385,tier1:gene_id
ACZ81_RS09400,0.6486542065456672,814.5288044142752,0.2391383345053582,0.4951585622184606,RNA,C2vsA2_rna,ACZ81_09390,tier1:gene_id
ACZ81_RS09410,-0.1025490168466717,533.7506845009377,0.6762143707735948,0.8613456773175844,RNA,C2vsA2_rna,ACZ81_09400,tier1:gene_id
ACZ81_RS09415,0.9606881784380704,305.83847004575404,0.1444022246771185,0.36574603876553,RNA,C2vsA2_rna,ACZ81_09405,tier1:gene_id
ACZ81_RS09420,1.0056806247429892,598.1717376483326,0.0002904299737851,0.0049795087813083,RNA,C2vsA2_rna,ACZ81_09410,tier1:gene_id
ACZ81_RS09425,0.6877059393028798,777.1009054279584,0.0216300378663759,0.1115420461695376,RNA,C2vsA2_rna,ACZ81_09415,tier1:gene_id
ACZ81_RS09430,0.471368870075924,857.5764919373282,0.3226051619317259,0.5819657867221603,RNA,C2vsA2_rna,ACZ81_09420,tier1:gene_id
ACZ81_RS09435,0.6018778532648029,1175.589178267713,0.0646705281558069,0.223155443993339,RNA,C2vsA2_rna,ACZ81_09425,tier1:gene_id
ACZ81_RS09440,0.1071628678493518,864.7126105120612,0.6276321416491293,0.83214149117525,RNA,C2vsA2_rna,ACZ81_09430,tier1:gene_id
ACZ81_RS09445,0.4440803639511493,620.8819043897275,0.5781521939464538,0.7973690622595987,RNA,C2vsA2_rna,ACZ81_09435,tier1:gene_id
ACZ81_RS09450,0.8071836565240011,165.61717228906204,0.0027054192471308,0.0256131900995828,RNA,C2vsA2_rna,ACZ81_09440,tier1:gene_id
ACZ81_RS09455,-3.829883839673173,10797.16189190312,6.47497737145982e-20,2.6669431758782165e-17,RNA,C2vsA2_rna,ACZ81_09445,tier1:gene_id
ACZ81_RS09460,-1.72707705357371,5731.335879103702,1.5238016124734844e-10,1.5283730173109046e-08,RNA,C2vsA2_rna,ACZ81_09450,tier1:gene_id
ACZ81_RS09465,-2.188968982386259,9136.02070731936,3.400605927145785e-15,7.180647884057313e-13,RNA,C2vsA2_rna,ACZ81_09455,tier1:gene_id
ACZ81_RS09470,-0.2437945851889944,186.5677734893452,0.4779244228582167,0.7189139374664516,RNA,C2vsA2_rna,ACZ81_09460,tier1:gene_id
ACZ81_RS09475,0.0135092624443035,1128.8267396401325,0.966502091951586,0.9866682933612628,RNA,C2vsA2_rna,ACZ81_09465,tier1:gene_id
ACZ81_RS09480,0.5142217121853873,5742.453611900999,0.0864747601501031,0.2681118529537973,RNA,C2vsA2_rna,ACZ81_09470,tier1:gene_id
ACZ81_RS09485,0.6985213053957516,94.63091856643597,0.1429234568173759,0.3640405167014066,RNA,C2vsA2_rna,ACZ81_09475,tier1:gene_id
ACZ81_RS09500,0.2181750121460708,53.23732229268225,0.7438157230894182,0.8922800094212565,RNA,C2vsA2_rna,ACZ81_09490,tier1:gene_id
ACZ81_RS09505,-0.3346878898029448,253.5117662859599,0.2454560546190951,0.50032984383452,RNA,C2vsA2_rna,ACZ81_09495,tier1:gene_id
ACZ81_RS09510,0.0287219945080134,245.76715349115665,0.9099773008359484,0.9658825733229368,RNA,C2vsA2_rna,ACZ81_09500,tier1:gene_id
ACZ81_RS09515,-0.0173341543857668,205.6625649998223,0.9497360350719346,0.9781904235016996,RNA,C2vsA2_rna,ACZ81_RS09515,locus_tag:gene_id
ACZ81_RS09520,-0.1044421218330897,700.977282436061,0.8164197327515513,0.9305329453975067,RNA,C2vsA2_rna,ACZ81_09510,tier1:gene_id
ACZ81_RS09525,0.0179565373119171,267.58846859596764,0.9471768271618898,0.9766804868981565,RNA,C2vsA2_rna,ACZ81_09515,tier1:gene_id
ACZ81_RS09530,0.0303581718490851,304.2173328884525,0.9029219677069398,0.9644629750905864,RNA,C2vsA2_rna,ACZ81_09520,tier1:gene_id
ACZ81_RS09535,-0.877989662073361,144.32589749073944,0.000957928686099,0.0121407250468874,RNA,C2vsA2_rna,ACZ81_09525,tier1:gene_id
ACZ81_RS09540,-0.9218035380966412,162.33407553689733,0.001992248655488,0.0202351939387798,RNA,C2vsA2_rna,ACZ81_09530,tier1:gene_id
ACZ81_RS09545,-0.3300260546712141,161.81870938257276,0.3981382017391027,0.6554495139012229,RNA,C2vsA2_rna,ACZ81_09535,tier1:gene_id
ACZ81_RS09550,-0.3730542809307161,71.83975909581831,0.2314546451174063,0.4866855535697243,RNA,C2vsA2_rna,ACZ81_09540,tier1:gene_id
ACZ81_RS09555,-0.1414757571038548,479.8813556597312,0.4671920174750239,0.7107980182441396,RNA,C2vsA2_rna,ACZ81_09545,tier1:gene_id
ACZ81_RS09565,-0.5625531287280463,174.92243985494136,0.2143961996338367,0.4647701212960254,RNA,C2vsA2_rna,ACZ81_09555,tier1:gene_id
ACZ81_RS09570,-1.3932655271111156,87.15235300582954,0.0013914277964149,0.0154637349562794,RNA,C2vsA2_rna,ACZ81_09560,tier1:gene_id
ACZ81_RS09575,-0.7419875174600788,143.03331785002462,0.0096942569346452,0.06324123385658,RNA,C2vsA2_rna,ACZ81_09565,tier1:gene_id
ACZ81_RS09580,-0.459754526602015,171.08875951763895,0.053932987856659,0.2014703419747821,RNA,C2vsA2_rna,ACZ81_09570,tier1:gene_id
ACZ81_RS09585,-0.1527566137046522,176.31367012700724,0.6625887795320717,0.8535701869789271,RNA,C2vsA2_rna,ACZ81_09575,tier1:gene_id
ACZ81_RS09590,1.1751990623125592,27.2709092464561,0.0589992911212304,0.2113438892664076,RNA,C2vsA2_rna,ACZ81_09580,tier1:gene_id
ACZ81_RS09605,0.306552316446034,416.7544572020687,0.4370685946999383,0.6903618905260444,RNA,C2vsA2_rna,ACZ81_09595,tier1:gene_id
ACZ81_RS09620,-0.3971612402087853,186.7622149543573,0.3072645102282897,0.5667794092119074,RNA,C2vsA2_rna,ACZ81_09610,tier1:gene_id
ACZ81_RS09625,0.8789529042524641,133.81825737956268,0.0147324216809765,0.0860356270510596,RNA,C2vsA2_rna,ACZ81_09615,tier1:gene_id
ACZ81_RS09630,-2.8148073351227865,5117.3741604324205,0.0008601734668228,0.0113520261476756,RNA,C2vsA2_rna,ACZ81_09620,tier1:gene_id
ACZ81_RS09635,-1.3309265895140008,2765.502057649064,0.0371661579835976,0.1591362068625331,RNA,C2vsA2_rna,ACZ81_09625,tier1:gene_id
ACZ81_RS09640,-1.348252984801528,2106.679367524569,0.015462126097419,0.089515223525029,RNA,C2vsA2_rna,ACZ81_09630,tier1:gene_id
ACZ81_RS09645,0.4654901522807131,149.16350059804796,0.1246723594011934,0.3354698228823529,RNA,C2vsA2_rna,ACZ81_09635,tier1:gene_id
ACZ81_RS09650,0.1095978900203506,889.1139396291494,0.6007807283389013,0.8129852618728208,RNA,C2vsA2_rna,ACZ81_09640,tier1:gene_id
ACZ81_RS09655,-0.1269397027648462,279.5909270645812,0.7606238175605997,0.9015375734946808,RNA,C2vsA2_rna,ACZ81_09645,tier1:gene_id
ACZ81_RS09660,0.1626343287147974,370.1645107120284,0.4322033838389408,0.6863521355100612,RNA,C2vsA2_rna,ACZ81_09650,tier1:gene_id
ACZ81_RS09665,-0.1108670144557912,645.0454190021896,0.7615430799036573,0.9015375734946808,RNA,C2vsA2_rna,ACZ81_09655,tier1:gene_id
ACZ81_RS09670,0.4114215987733578,2182.818772950222,0.2228827730687892,0.4775260999368596,RNA,C2vsA2_rna,ACZ81_09660,tier1:gene_id
ACZ81_RS09675,0.2406912392362415,1037.2977843853298,0.429530008908883,0.6849262304222729,RNA,C2vsA2_rna,ACZ81_09665,tier1:gene_id
ACZ81_RS09680,-0.0813325480058002,741.8893609363333,0.7786034430221778,0.912845415957036,RNA,C2vsA2_rna,ACZ81_09670,tier1:gene_id
ACZ81_RS09685,0.3225128083039419,50.07843230403911,0.4079581548503512,0.6636769202662912,RNA,C2vsA2_rna,ACZ81_09675,tier1:gene_id
ACZ81_RS09690,-0.4462471065696119,1430.7653010455117,0.0575030054695323,0.2074658794458308,RNA,C2vsA2_rna,ACZ81_09680,tier1:gene_id
ACZ81_RS09695,-0.7667320824808127,275.7023433691783,0.005975313704337,0.0454894849749531,RNA,C2vsA2_rna,ACZ81_09685,tier1:gene_id
ACZ81_RS09700,-0.0052201823745296,60.46375328944342,0.9917443886270212,0.9972126534264684,RNA,C2vsA2_rna,ACZ81_09690,tier1:gene_id
ACZ81_RS09705,-0.5886580571980958,456.5421571025148,0.0076944266138117,0.0533161305261013,RNA,C2vsA2_rna,ACZ81_09695,tier1:gene_id
ACZ81_RS09710,0.6383345686271973,3041.183784202341,0.1936338839598673,0.440896221593069,RNA,C2vsA2_rna,ACZ81_09700,tier1:gene_id
ACZ81_RS09715,0.2885542725649112,342.1180003597426,0.4287864701800757,0.6849262304222729,RNA,C2vsA2_rna,ACZ81_09705,tier1:gene_id
ACZ81_RS09720,0.5248190729276779,1608.7599300428008,0.2052766509542137,0.4550110075294505,RNA,C2vsA2_rna,ACZ81_09710,tier1:gene_id
ACZ81_RS09725,-0.3029951329912175,85.99703578044439,0.5933565228418005,0.8077863487076022,RNA,C2vsA2_rna,ACZ81_09715,tier1:gene_id
ACZ81_RS09730,0.1978759175638538,417.50622754241823,0.5876572599217476,0.8041032769301644,RNA,C2vsA2_rna,ACZ81_09720,tier1:gene_id
ACZ81_RS09735,0.6494210382012232,296.5895283278391,0.1300285992234578,0.3445069909943778,RNA,C2vsA2_rna,ACZ81_09725,tier1:gene_id
ACZ81_RS09740,1.3312623685683678,628.4654529663268,2.0613141540303824e-05,0.0005664378346554,RNA,C2vsA2_rna,ACZ81_09730,tier1:gene_id
ACZ81_RS09745,0.7849985002183326,529.4101106924805,0.0656455975153403,0.2254881311913917,RNA,C2vsA2_rna,ACZ81_09735,tier1:gene_id
ACZ81_RS09750,0.950322846403884,682.8355337272371,0.0317044979245521,0.1445436882651172,RNA,C2vsA2_rna,ACZ81_09740,tier1:gene_id
ACZ81_RS09755,-0.1342990328290514,1385.2568533185486,0.3075763174265434,0.5670938352551895,RNA,C2vsA2_rna,ACZ81_09745,tier1:gene_id
ACZ81_RS09765,0.9856670005304649,208.8911013231936,0.0057517868532958,0.0444627530933001,RNA,C2vsA2_rna,ACZ81_09755,tier1:gene_id
ACZ81_RS09770,1.4595243244226763,7962.667525387616,0.0049217845410449,0.0397307838605078,RNA,C2vsA2_rna,ACZ81_09760,tier1:gene_id
ACZ81_RS09775,0.6802549114592326,2176.284943924458,0.0046015076195528,0.0376574193300027,RNA,C2vsA2_rna,ACZ81_09765,tier1:gene_id
ACZ81_RS09780,0.8696105033268744,1654.0577648044937,0.0118127679605693,0.0732501160089708,RNA,C2vsA2_rna,ACZ81_09770,tier1:gene_id
ACZ81_RS09785,0.7647440344127369,5841.483437772712,0.0569671030408868,0.2068694386254204,RNA,C2vsA2_rna,ACZ81_09775,tier1:gene_id
ACZ81_RS09790,0.2098432092237655,3334.023893248387,0.4579082484827355,0.7048012268904105,RNA,C2vsA2_rna,ACZ81_09780,tier1:gene_id
ACZ81_RS09795,0.1007384608512033,5318.699448688039,0.7043847078493892,0.8714127190538852,RNA,C2vsA2_rna,ACZ81_09785,tier1:gene_id
ACZ81_RS09800,-0.2467681015728926,2997.548237542764,0.3790357469721278,0.6367347551372486,RNA,C2vsA2_rna,ACZ81_09790,tier1:gene_id
ACZ81_RS09805,-0.1746429390351999,4151.835666690947,0.6936693501790077,0.8677896579102522,RNA,C2vsA2_rna,ACZ81_09795,tier1:gene_id
ACZ81_RS09810,-0.0222259670450157,2994.519531608944,0.921690892308983,0.9686398567647296,RNA,C2vsA2_rna,ACZ81_09800,tier1:gene_id
ACZ81_RS09825,4.368088743369021,7140.024352116634,3.790930652649712e-09,2.8696629770623854e-07,RNA,C2vsA2_rna,ACZ81_09815,tier1:gene_id
ACZ81_RS09830,0.673556886787611,590.1088767337357,0.0080422255709094,0.0550604248984451,RNA,C2vsA2_rna,ACZ81_09820,tier1:gene_id
ACZ81_RS09835,2.760147911220267,1509.8895673241016,5.134800912576132e-06,0.000168859190666,RNA,C2vsA2_rna,ACZ81_09825,tier1:gene_id
ACZ81_RS09840,0.7725508908493534,1308.734202735049,0.0769240022069304,0.2505025136803612,RNA,C2vsA2_rna,ACZ81_09830,tier1:gene_id
ACZ81_RS09845,0.0391124273588322,462.5362469268889,0.9256765069877888,0.9700736661076508,RNA,C2vsA2_rna,ACZ81_09835,tier1:gene_id
ACZ81_RS09850,0.9516050289583662,515.5844570679081,0.0928314105820581,0.2810865050982771,RNA,C2vsA2_rna,ACZ81_09840,tier1:gene_id
ACZ81_RS09855,1.3150735236125093,257.5509526713072,0.0045810408470849,0.0375851449458177,RNA,C2vsA2_rna,ACZ81_09845,tier1:gene_id
ACZ81_RS09860,1.2282450474342246,1197.3548151003797,0.0005214767239125,0.0079248659709746,RNA,C2vsA2_rna,ACZ81_09850,tier1:gene_id
ACZ81_RS09865,2.209860807494012,1115.6630932483354,1.8044310602541576e-05,0.0005098153108267,RNA,C2vsA2_rna,ACZ81_09855,tier1:gene_id
ACZ81_RS09870,0.3515978854827402,382.0025203636032,0.1198408479669476,0.3266314416055665,RNA,C2vsA2_rna,ACZ81_09860,tier1:gene_id
ACZ81_RS09875,0.2510666795296897,418.99682443834814,0.3744060918879537,0.6325446464282034,RNA,C2vsA2_rna,ACZ81_09865,tier1:gene_id
ACZ81_RS09880,-0.0117018833930907,1078.267607166808,0.9613294326127954,0.9851023548521785,RNA,C2vsA2_rna,ACZ81_09870,tier1:gene_id
ACZ81_RS09885,0.3949252243483092,3612.6420273531367,0.1160996876570423,0.3216795213260041,RNA,C2vsA2_rna,ACZ81_09875,tier1:gene_id
ACZ81_RS09890,0.480252027913963,382.8200273182621,0.0759615602005422,0.2479721558377342,RNA,C2vsA2_rna,ACZ81_09880,tier1:gene_id
ACZ81_RS09895,-0.0477204805433281,5943.490322968216,0.9085650276292396,0.9658825733229368,RNA,C2vsA2_rna,ACZ81_09885,tier1:gene_id
ACZ81_RS09905,-0.0517997020093388,4344.221313912689,0.9097672025491608,0.9658825733229368,RNA,C2vsA2_rna,ACZ81_09895,tier1:gene_id
ACZ81_RS09910,-0.0382971605181142,892.376866416506,0.8457019947128039,0.9441140110141306,RNA,C2vsA2_rna,ACZ81_09900,tier1:gene_id
ACZ81_RS09915,-0.2125380788168949,278.4538013817748,0.5796430622886946,0.7978389574832847,RNA,C2vsA2_rna,ACZ81_09905,tier1:gene_id
ACZ81_RS09920,-0.4336139971793137,1478.2347936879953,0.0809136128412889,0.2580488193316781,RNA,C2vsA2_rna,ACZ81_09910,tier1:gene_id
ACZ81_RS09925,-0.1135237803316855,911.5613067770262,0.6493912694184533,0.8469953748071634,RNA,C2vsA2_rna,ACZ81_09915,tier1:gene_id
ACZ81_RS09930,-0.0623229982940042,402.8752521047056,0.8204463984657228,0.9322092751754404,RNA,C2vsA2_rna,ACZ81_09920,tier1:gene_id
ACZ81_RS09935,-0.6581790750705413,160.3456263422814,0.039519483940701,0.166023214209521,RNA,C2vsA2_rna,ACZ81_09925,tier1:gene_id
ACZ81_RS09940,0.7193349402613901,155.40290638298168,0.033653331619582,0.1493552726302689,RNA,C2vsA2_rna,ACZ81_09930,tier1:gene_id
ACZ81_RS09945,0.1830262979642414,652.8999370493137,0.4832017313333679,0.7216614124649862,RNA,C2vsA2_rna,ACZ81_09935,tier1:gene_id
ACZ81_RS09950,0.2621333985943968,1150.8055757931784,0.2348321539417683,0.4909967988420644,RNA,C2vsA2_rna,ACZ81_09940,tier1:gene_id
ACZ81_RS09955,0.8232701718066645,5010.313073781196,0.0467781246631673,0.1850826786475613,RNA,C2vsA2_rna,ACZ81_09945,tier1:gene_id
ACZ81_RS09960,0.7872470715261527,3216.7986404751064,0.1029505173170199,0.3019279791490379,RNA,C2vsA2_rna,ACZ81_09950,tier1:gene_id
ACZ81_RS09965,-0.0610317845810265,327.92527297654067,0.8655905566787463,0.9497147643678128,RNA,C2vsA2_rna,ACZ81_09955,tier1:gene_id
ACZ81_RS09970,-0.0039655792963122,516.843564723299,0.9908387427739268,0.9972126534264684,RNA,C2vsA2_rna,ACZ81_09960,tier1:gene_id
ACZ81_RS09975,0.2207249516608875,221.72615372430744,0.6779242128079546,0.8613456773175844,RNA,C2vsA2_rna,ACZ81_09965,tier1:gene_id
ACZ81_RS09980,-0.1406988153785287,1354.826637383196,0.5138050061249944,0.7441825576077535,RNA,C2vsA2_rna,ACZ81_09970,tier1:gene_id
ACZ81_RS09985,-0.0718653911940461,1539.6037198434487,0.6902851696961179,0.866591811500113,RNA,C2vsA2_rna,ACZ81_09975,tier1:gene_id
ACZ81_RS09990,-0.3230131422491938,1316.0884658621644,0.1093289126977126,0.3126257926965596,RNA,C2vsA2_rna,ACZ81_09980,tier1:gene_id
ACZ81_RS09995,0.3826103065192991,706.6311491668175,0.1134094884633223,0.318849942336965,RNA,C2vsA2_rna,ACZ81_09985,tier1:gene_id
ACZ81_RS10000,0.2192293419362271,238.20080227859765,0.4840302516202422,0.721999944915778,RNA,C2vsA2_rna,ACZ81_09990,tier1:gene_id
ACZ81_RS10005,-0.6352413491102216,283.2689941849885,0.0996036470530157,0.2957881805897108,RNA,C2vsA2_rna,ACZ81_09995,tier1:gene_id
ACZ81_RS10010,0.5574973799555639,541.1423222393803,0.0329347966652304,0.147636205833413,RNA,C2vsA2_rna,ACZ81_10000,tier1:gene_id
ACZ81_RS10015,0.8421482597784871,661.8288403983591,0.0259008158246478,0.1256188475947658,RNA,C2vsA2_rna,ACZ81_10005,tier1:gene_id
ACZ81_RS10020,0.3011936742746807,261.5397010917126,0.2955485954840468,0.5537367594871545,RNA,C2vsA2_rna,ACZ81_10010,tier1:gene_id
ACZ81_RS10025,1.245935694317414,919.0136146685496,0.0111811916956782,0.070755427575806,RNA,C2vsA2_rna,ACZ81_10015,tier1:gene_id
ACZ81_RS10030,-0.6017955365690254,53.22836220221597,0.1413900234124878,0.3617709017416463,RNA,C2vsA2_rna,ACZ81_10020,tier1:gene_id
ACZ81_RS10035,-0.0286899532233766,358.5586336601677,0.9111087555022568,0.9660064289310396,RNA,C2vsA2_rna,ACZ81_10025,tier1:gene_id
ACZ81_RS10040,-1.890416753003111,263.91980853687977,7.806003416710803e-05,0.0017895820404482,RNA,C2vsA2_rna,ACZ81_10030,tier1:gene_id
ACZ81_RS10045,1.3303374385751252,1444.0106672907302,0.0342726050911534,0.1512669874870272,RNA,C2vsA2_rna,ACZ81_10035,tier1:gene_id
ACZ81_RS10050,0.2530404091861286,1314.6449872910473,0.6720991061828466,0.8601153473702011,RNA,C2vsA2_rna,ACZ81_10040,tier1:gene_id
ACZ81_RS10055,-0.4602591635039688,1809.059158748708,0.1981257380207238,0.4458561585850916,RNA,C2vsA2_rna,ACZ81_10045,tier1:gene_id
ACZ81_RS10060,-0.5458733208498198,470.3138091704895,0.1149141717833006,0.3209473478172632,RNA,C2vsA2_rna,ACZ81_10050,tier1:gene_id
ACZ81_RS10065,0.0542209015258259,108.17243975322974,0.9009976969902,0.962920287779617,RNA,C2vsA2_rna,ACZ81_10055,tier1:gene_id
ACZ81_RS10070,-0.1203062529893308,328.51660881713025,0.7156054575823134,0.8763201729758868,RNA,C2vsA2_rna,ACZ81_10060,tier1:gene_id
ACZ81_RS10075,-0.6445434741824244,50.19343763707538,0.1562218993147623,0.3845396032017406,RNA,C2vsA2_rna,ACZ81_10065,tier1:gene_id
ACZ81_RS10080,0.700723916469677,1453.6499914353049,0.0756640059644883,0.2472725491186169,RNA,C2vsA2_rna,ACZ81_10070,tier1:gene_id
ACZ81_RS10085,-0.4714779972895506,1818.746765214793,0.2089116229543588,0.4585084416263061,RNA,C2vsA2_rna,ACZ81_10075,tier1:gene_id
ACZ81_RS10090,-0.6066540513593092,1976.2483966631944,0.1114938386046736,0.3161311417392289,RNA,C2vsA2_rna,ACZ81_10080,tier1:gene_id
ACZ81_RS10095,-0.1244006998949418,371.2098487630968,0.6775225068714377,0.8613456773175844,RNA,C2vsA2_rna,ACZ81_10085,tier1:gene_id
ACZ81_RS10100,-0.2738833658993139,614.1424677493376,0.2471847854196906,0.5013677245216374,RNA,C2vsA2_rna,ACZ81_10090,tier1:gene_id
ACZ81_RS10105,0.0745819153540687,357.47288236122586,0.7377665642744821,0.888932593054727,RNA,C2vsA2_rna,ACZ81_10095,tier1:gene_id
ACZ81_RS10110,0.04053651050355,1201.0885176531835,0.8351312878281496,0.9373576657616248,RNA,C2vsA2_rna,ACZ81_10100,tier1:gene_id
ACZ81_RS10115,0.7245235057842803,6409.570652049457,0.0477727996215048,0.1873915168945755,RNA,C2vsA2_rna,ACZ81_10105,tier1:gene_id
ACZ81_RS10120,-0.0741650471748055,247.999229397308,0.8286785127193539,0.9357326746496052,RNA,C2vsA2_rna,ACZ81_10110,tier1:gene_id
ACZ81_RS10125,0.2232203552596807,330.18046086897215,0.474924743351217,0.7176640566196169,RNA,C2vsA2_rna,ACZ81_10115,tier1:gene_id
ACZ81_RS10130,0.5075963750212572,2963.708651335573,0.1613074545415876,0.3926975167602242,RNA,C2vsA2_rna,ACZ81_10120,tier1:gene_id
ACZ81_RS10135,-0.147946904356483,92.13643103919796,0.6989190846934046,0.8698395671841757,RNA,C2vsA2_rna,ACZ81_10125,tier1:gene_id
ACZ81_RS10145,-2.2188253690601063,2925.443091606594,3.050633913792677e-08,1.7998740091376797e-06,RNA,C2vsA2_rna,ACZ81_10135,tier1:gene_id
ACZ81_RS10150,-2.0732897237145425,2977.88249833764,1.3821271307575778e-05,0.0004047513904087,RNA,C2vsA2_rna,ACZ81_10140,tier1:gene_id
ACZ81_RS10155,-1.9513175377608056,4267.1717497753325,5.098061075840657e-06,0.000168859190666,RNA,C2vsA2_rna,ACZ81_10145,tier1:gene_id
ACZ81_RS10160,-0.078378794335461,734.3325369256646,0.7185321948122814,0.877282764938184,RNA,C2vsA2_rna,ACZ81_10150,tier1:gene_id
ACZ81_RS10165,0.0957483039819697,561.2244902895359,0.7177353166177647,0.8768786550910753,RNA,C2vsA2_rna,ACZ81_10155,tier1:gene_id
ACZ81_RS10170,0.1635873790458125,715.0282583195304,0.5185199353992844,0.7483100650438594,RNA,C2vsA2_rna,ACZ81_10160,tier1:gene_id
ACZ81_RS10175,-0.3122607075279389,193.60977863849143,0.2459959975834991,0.50032984383452,RNA,C2vsA2_rna,ACZ81_10165,tier1:gene_id
ACZ81_RS10180,-0.0185666222082312,1353.9629359077924,0.9688910386556142,0.987348449856826,RNA,C2vsA2_rna,ACZ81_10170,tier1:gene_id
ACZ81_RS10185,1.2315414589369242,638.4877513836249,0.0001096480725716,0.0023153056166185,RNA,C2vsA2_rna,ACZ81_10175,tier1:gene_id
ACZ81_RS10190,1.3111099419162804,966.9886238193463,0.0001202787628333,0.0024823569966149,RNA,C2vsA2_rna,ACZ81_10180,tier1:gene_id
ACZ81_RS10195,1.1507570919072176,205.38624593259453,0.003721093859996,0.0325251167021875,RNA,C2vsA2_rna,ACZ81_10185,tier1:gene_id
ACZ81_RS10200,0.3859278045011632,3314.060898748632,0.1660713010601801,0.4018791076645206,RNA,C2vsA2_rna,ACZ81_10190,tier1:gene_id
ACZ81_RS10205,0.0718222567841115,20379.25634005183,0.7897482489064835,0.919196395303978,RNA,C2vsA2_rna,ACZ81_10195,tier1:gene_id
ACZ81_RS10210,0.1342849713752189,933.0655788096336,0.5884147078226931,0.8041032769301644,RNA,C2vsA2_rna,ACZ81_10200,tier1:gene_id
ACZ81_RS10215,-0.1990459987472024,471.3927951979778,0.4675577915950215,0.7110848596964466,RNA,C2vsA2_rna,ACZ81_10205,tier1:gene_id
ACZ81_RS10220,0.9664974521793696,822.4685843078807,0.0143017556681186,0.083886906053351,RNA,C2vsA2_rna,ACZ81_10210,tier1:gene_id
ACZ81_RS10230,0.0279678412377849,7495.695893611436,0.9285990544122922,0.9701925537245092,RNA,C2vsA2_rna,ACZ81_10220,tier1:gene_id
ACZ81_RS10235,-0.0453230698517777,4906.632548583094,0.9216159879440512,0.9686398567647296,RNA,C2vsA2_rna,ACZ81_10225,tier1:gene_id
ACZ81_RS10240,0.3533260916241495,630.5392353678618,0.3194766946867544,0.5778811988653104,RNA,C2vsA2_rna,ACZ81_10230,tier1:gene_id
ACZ81_RS10245,0.2318323236886841,885.9602521357151,0.4894445917540763,0.727817532289605,RNA,C2vsA2_rna,ACZ81_10235,tier1:gene_id
ACZ81_RS10250,-0.315024287235973,7132.375876796375,0.2215769474723252,0.4756376207913156,RNA,C2vsA2_rna,ACZ81_10240,tier1:gene_id
ACZ81_RS10255,1.0026835076916674,464.8569216277421,0.0131350786159843,0.0791260291401341,RNA,C2vsA2_rna,ACZ81_10245,tier1:gene_id
ACZ81_RS10260,0.1616016024979158,1188.6155613866451,0.3729958844122903,0.6311511970738544,RNA,C2vsA2_rna,ACZ81_10250,tier1:gene_id
ACZ81_RS10265,0.7122099004839422,58.27612269748087,0.0282347296581132,0.1329951888442925,RNA,C2vsA2_rna,ACZ81_10255,tier1:gene_id
ACZ81_RS10270,-0.1761311393058602,1124.0528057257134,0.3788337342547598,0.6367326945245482,RNA,C2vsA2_rna,ACZ81_10260,tier1:gene_id
ACZ81_RS10275,0.5546800907320404,2261.179246054716,0.0179537280385575,0.0986717217680723,RNA,C2vsA2_rna,ACZ81_10265,tier1:gene_id
ACZ81_RS10280,0.1554084891410761,84696.51786304824,0.8297887606238726,0.9364592145212312,RNA,C2vsA2_rna,ACZ81_10270,tier1:gene_id
ACZ81_RS10285,0.8973181586576817,331.65986303011607,0.0025698171383565,0.0247839095170347,RNA,C2vsA2_rna,ACZ81_10275,tier1:gene_id
ACZ81_RS10290,-0.275789563589663,314.6485874011712,0.5103955741096248,0.7435392314189596,RNA,C2vsA2_rna,ACZ81_10280,tier1:gene_id
ACZ81_RS10295,-0.3408129027369092,24.27938115146271,0.6414440142449016,0.8416764691733852,RNA,C2vsA2_rna,,unresolved
ACZ81_RS10300,1.286182682875972,305.6025334416631,5.15216061672578e-05,0.0012452089394158,RNA,C2vsA2_rna,ACZ81_10290,tier1:gene_id
ACZ81_RS10305,0.6717565016272959,1115.9392843881062,0.0356543642116357,0.1543099344305097,RNA,C2vsA2_rna,ACZ81_10295,tier1:gene_id
ACZ81_RS10310,0.729903130183852,745.4436983660881,0.0135331692624519,0.0805564912180372,RNA,C2vsA2_rna,ACZ81_10300,tier1:gene_id
ACZ81_RS10315,0.5315111720399528,610.3220575429252,0.1430065505651743,0.3640405167014066,RNA,C2vsA2_rna,ACZ81_10305,tier1:gene_id
ACZ81_RS10320,0.3308130366037446,2681.952721466744,0.4046032567751975,0.6601334958040229,RNA,C2vsA2_rna,ACZ81_10310,tier1:gene_id
ACZ81_RS10325,-2.5366742363915105,302.89521708086966,1.1266181239090869e-13,1.8079967652493025e-11,RNA,C2vsA2_rna,,unresolved
ACZ81_RS10330,0.9025612926139116,863.4644187708549,0.0600346995705637,0.2127731578419625,RNA,C2vsA2_rna,ACZ81_10320,tier1:gene_id
ACZ81_RS10335,-2.4513422467110386,421.8613496264898,4.608931727827637e-07,2.0599081034739256e-05,RNA,C2vsA2_rna,ACZ81_10325,tier1:gene_id
ACZ81_RS10340,-1.778485586058714,606.1446805465978,0.0010438093889613,0.0126630606214246,RNA,C2vsA2_rna,ACZ81_10330,tier1:gene_id
ACZ81_RS10345,-3.1451316494830888,134.89305897214166,0.0002281605389758,0.0041048434187043,RNA,C2vsA2_rna,ACZ81_10335,tier1:gene_id
ACZ81_RS10350,-0.2745885762849458,1495.4415251178616,0.2241773696766785,0.4782980013756964,RNA,C2vsA2_rna,ACZ81_10340,tier1:gene_id
ACZ81_RS10355,-0.5394368882150987,336.46291674547706,0.0833805442418386,0.2625767217411747,RNA,C2vsA2_rna,ACZ81_10345,tier1:gene_id
ACZ81_RS10360,-2.6280563885846004,11737.43687625664,2.4941838411480236e-09,1.9243587635934369e-07,RNA,C2vsA2_rna,ACZ81_10350,tier1:gene_id
ACZ81_RS10365,-2.3717329594875007,11731.48067257195,1.7168866856911697e-07,8.427916946065168e-06,RNA,C2vsA2_rna,ACZ81_10355,tier1:gene_id
ACZ81_RS10370,-0.258242674970862,304.7887055672271,0.4703695156759299,0.7134678627190287,RNA,C2vsA2_rna,ACZ81_10360,tier1:gene_id
ACZ81_RS10375,0.7778240961196087,3030.151187170149,0.0306739777072223,0.1415578268468597,RNA,C2vsA2_rna,ACZ81_10365,tier1:gene_id
ACZ81_RS10380,0.3604316681786413,1215.3462878637745,0.2533803306396415,0.5095548303389682,RNA,C2vsA2_rna,ACZ81_10370,tier1:gene_id
ACZ81_RS10385,0.3530291589694889,127.1806218479686,0.3669658645478724,0.626405648287147,RNA,C2vsA2_rna,ACZ81_10375,tier1:gene_id
ACZ81_RS10390,0.250048049938613,1131.884960700047,0.4656388896415738,0.7101246896959834,RNA,C2vsA2_rna,ACZ81_10380,tier1:gene_id
ACZ81_RS10395,-0.6550985385845757,94.91053160173712,0.1114294989275851,0.3161311417392289,RNA,C2vsA2_rna,ACZ81_10385,tier1:gene_id
ACZ81_RS10400,-0.2262914755560883,219.90439610620663,0.367068713639851,0.626405648287147,RNA,C2vsA2_rna,ACZ81_10390,tier1:gene_id
ACZ81_RS10405,-0.0976145007052392,25.669848842964125,0.8605952821448497,0.9487865028179958,RNA,C2vsA2_rna,ACZ81_10395,tier1:gene_id
ACZ81_RS10410,-0.0729596509580328,63.14545649465074,0.82028746498336,0.9322092751754404,RNA,C2vsA2_rna,ACZ81_10400,tier1:gene_id
ACZ81_RS10415,-0.4321288789917,1307.052808642416,0.052415441888018,0.1980721576054549,RNA,C2vsA2_rna,ACZ81_10405,tier1:gene_id
ACZ81_RS10420,-0.1173766143733412,1471.669862171654,0.6964286268024525,0.8686997522775508,RNA,C2vsA2_rna,ACZ81_10410,tier1:gene_id
ACZ81_RS10425,-0.0104969811164303,998.6751548384706,0.9668278278005152,0.9867497443743748,RNA,C2vsA2_rna,ACZ81_10415,tier1:gene_id
ACZ81_RS10430,-0.2953233780782224,751.540125884035,0.2136134594831943,0.4642563377283724,RNA,C2vsA2_rna,ACZ81_10420,tier1:gene_id
ACZ81_RS10435,-0.0425252059823976,355.1320575672126,0.8846908333603635,0.9567514259515674,RNA,C2vsA2_rna,ACZ81_10425,tier1:gene_id
ACZ81_RS10440,-0.2604863034366116,747.5549931261144,0.2346652739140611,0.4909967988420644,RNA,C2vsA2_rna,ACZ81_10430,tier1:gene_id
ACZ81_RS10445,0.2153916796811088,434.5214387966237,0.3562883022409607,0.616664654266926,RNA,C2vsA2_rna,ACZ81_10435,tier1:gene_id
ACZ81_RS10450,-0.2841059279831591,103.9417407295593,0.3521174965477772,0.6131490434677439,RNA,C2vsA2_rna,ACZ81_10440,tier1:gene_id
ACZ81_RS10455,0.0910352257539319,212.12724484705188,0.701605574977759,0.8706229220976694,RNA,C2vsA2_rna,ACZ81_10445,tier1:gene_id
ACZ81_RS10460,0.1134350543133363,374.4220783827301,0.7691231751105818,0.9054268272349494,RNA,C2vsA2_rna,ACZ81_10450,tier1:gene_id
ACZ81_RS10465,0.4758996892520652,703.6745298361524,0.1849369827934649,0.4289909483263698,RNA,C2vsA2_rna,ACZ81_10455,tier1:gene_id
ACZ81_RS10470,0.0305102175179175,342.7583108954653,0.9293038137231326,0.9706761001450686,RNA,C2vsA2_rna,ACZ81_10460,tier1:gene_id
ACZ81_RS10490,-0.1504814762469839,396.7878555658206,0.4740697678421086,0.7171677387056975,RNA,C2vsA2_rna,ACZ81_10480,tier1:gene_id
ACZ81_RS10495,-0.0496592599284516,513.1619004556368,0.8347382646019255,0.9373576657616248,RNA,C2vsA2_rna,ACZ81_10485,tier1:gene_id
ACZ81_RS10500,-0.0492832782235118,2466.838122373768,0.8459845138573777,0.9441140110141306,RNA,C2vsA2_rna,ACZ81_10490,tier1:gene_id
ACZ81_RS10505,-0.941692150975698,194.11150350310737,0.0066485431795406,0.0492139395504004,RNA,C2vsA2_rna,ACZ81_10495,tier1:gene_id
ACZ81_RS10510,0.3941642612214332,249.6418167624421,0.1430936926316346,0.3640405167014066,RNA,C2vsA2_rna,ACZ81_10500,tier1:gene_id
ACZ81_RS10515,0.7812903550227127,1650.679676936287,0.0024599174912467,0.0240152723960601,RNA,C2vsA2_rna,,unresolved
ACZ81_RS10520,-0.1709005810236965,118.75478312836977,0.7109246393552602,0.8742716167018763,RNA,C2vsA2_rna,ACZ81_10510,tier1:gene_id
ACZ81_RS10535,-0.2002857788204155,167.37604016146247,0.4431368176879767,0.6955898643723997,RNA,C2vsA2_rna,ACZ81_10525,tier1:gene_id
ACZ81_RS10540,-0.9623405960881894,3.855494485214918,0.3794697905117551,0.6367347551372486,RNA,C2vsA2_rna,ACZ81_10530,tier1:gene_id
ACZ81_RS10545,0.650080480013962,31.446940784422523,0.1880217395734336,0.4322883777470577,RNA,C2vsA2_rna,ACZ81_10535,tier1:gene_id
ACZ81_RS10550,-0.018558390229681,108.61605736416222,0.9654951080369732,0.986393270548596,RNA,C2vsA2_rna,ACZ81_10540,tier1:gene_id
ACZ81_RS10560,0.0673292337059874,27485.29866024825,0.9074349038123072,0.9658825733229368,RNA,C2vsA2_rna,ACZ81_10550,tier1:gene_id
ACZ81_RS10565,-0.0013120590079919,289.0122632214753,0.9967629622453884,0.9988941949575144,RNA,C2vsA2_rna,ACZ81_10555,tier1:gene_id
ACZ81_RS10570,0.5001050263020538,127.92661786424352,0.3182274100910598,0.5769219924470547,RNA,C2vsA2_rna,ACZ81_10560,tier1:gene_id
ACZ81_RS10575,0.1257657641815059,73.95202247039929,0.7906268850884988,0.9193288553520504,RNA,C2vsA2_rna,ACZ81_10565,tier1:gene_id
ACZ81_RS10580,-0.6679153620662927,52.33777468822628,0.1150842625290151,0.3210834918403399,RNA,C2vsA2_rna,ACZ81_10570,tier1:gene_id
ACZ81_RS10585,-0.2222024703638888,276.506823736537,0.7177640835790358,0.8768786550910753,RNA,C2vsA2_rna,ACZ81_10575,tier1:gene_id
ACZ81_RS10590,0.4168787279746797,107.11408509134884,0.1892572401899958,0.4341338179772803,RNA,C2vsA2_rna,ACZ81_10580,tier1:gene_id
ACZ81_RS10595,-0.8045215276017256,3204.9049336970866,0.0411357730405381,0.1710220863104663,RNA,C2vsA2_rna,ACZ81_10585,tier1:gene_id
ACZ81_RS10600,0.1426126998188958,2907.1973279673034,0.3322504783577878,0.5927029431620475,RNA,C2vsA2_rna,ACZ81_10590,tier1:gene_id
ACZ81_RS10605,0.3390214681212437,387.1845505781103,0.3272407972979759,0.586956758267567,RNA,C2vsA2_rna,ACZ81_10595,tier1:gene_id
ACZ81_RS10610,0.0442133390070787,469.4058431913156,0.870385111414069,0.9527926512942004,RNA,C2vsA2_rna,ACZ81_10600,tier1:gene_id
ACZ81_RS10615,0.4556964085282008,1384.0180801967958,0.1977868159063721,0.445547841334287,RNA,C2vsA2_rna,ACZ81_10605,tier1:gene_id
ACZ81_RS10620,-0.7511847966669882,1455.4979955453366,0.0090474131661086,0.0603850899606839,RNA,C2vsA2_rna,,unresolved
ACZ81_RS10625,-0.2693646840359796,182.4049197060084,0.6012327594605429,0.8132656206863447,RNA,C2vsA2_rna,ACZ81_10615,tier1:gene_id
ACZ81_RS10630,-0.4550632083072121,4125.587338911498,0.154376946158558,0.3816144842810443,RNA,C2vsA2_rna,ACZ81_10620,tier1:gene_id
ACZ81_RS10635,-1.101552996474818,398.19873525015583,0.0004922056392603,0.0075660115889372,RNA,C2vsA2_rna,ACZ81_10625,tier1:gene_id
ACZ81_RS10640,-0.1322754091669823,581.562784241207,0.4833260755965647,0.7216614124649862,RNA,C2vsA2_rna,ACZ81_10630,tier1:gene_id
ACZ81_RS10645,-0.2404501011088254,1626.8052285898254,0.260837691407079,0.5177628650556443,RNA,C2vsA2_rna,ACZ81_10635,tier1:gene_id
ACZ81_RS10650,0.2849420853028573,302.8852298636338,0.4015304088627923,0.6572371443034362,RNA,C2vsA2_rna,ACZ81_10640,tier1:gene_id
ACZ81_RS10655,-0.5219015013066256,335.95140915051707,0.0809967287177537,0.2581087177248832,RNA,C2vsA2_rna,ACZ81_10645,tier1:gene_id
ACZ81_RS10665,0.1230835721718477,5436.72181804928,0.6347486938732456,0.8381698384156232,RNA,C2vsA2_rna,ACZ81_10655,tier1:gene_id
ACZ81_RS10670,0.3774430521614305,26305.707648536907,0.1951175703574123,0.4422664928101346,RNA,C2vsA2_rna,ACZ81_10660,tier1:gene_id
ACZ81_RS10675,0.5291387517638613,4492.887396049648,0.1307104499161134,0.3450067928048995,RNA,C2vsA2_rna,ACZ81_10665,tier1:gene_id
ACZ81_RS10680,-0.0568916626524229,705.1714433039945,0.8419468352214122,0.9419145016308348,RNA,C2vsA2_rna,ACZ81_10670,tier1:gene_id
ACZ81_RS10685,0.0659944139362233,915.9369597750618,0.814925579302088,0.9301451737783448,RNA,C2vsA2_rna,ACZ81_10675,tier1:gene_id
ACZ81_RS10690,0.0673069329546119,8075.634241725112,0.7419713171297749,0.8911312416459719,RNA,C2vsA2_rna,ACZ81_10680,tier1:gene_id
ACZ81_RS10695,0.2431436373336623,492.6577076466361,0.3143939345166928,0.5730797207092101,RNA,C2vsA2_rna,ACZ81_10685,tier1:gene_id
ACZ81_RS10700,0.3210155629226803,4348.2191702108585,0.2508036229584979,0.5064036916504748,RNA,C2vsA2_rna,ACZ81_10690,tier1:gene_id
ACZ81_RS10705,0.129169565073618,548.0902207436587,0.736534740044005,0.888932593054727,RNA,C2vsA2_rna,ACZ81_10695,tier1:gene_id
ACZ81_RS10710,-0.7092104070069343,23.30661376733161,0.2460495468308843,0.50032984383452,RNA,C2vsA2_rna,ACZ81_10700,tier1:gene_id
ACZ81_RS10715,1.2243109550851805,747.2479853130598,0.0003500577253471,0.0057558671889047,RNA,C2vsA2_rna,ACZ81_10705,tier1:gene_id
ACZ81_RS10720,0.1189950323742314,401.8897153910518,0.820319800170435,0.9322092751754404,RNA,C2vsA2_rna,ACZ81_10710,tier1:gene_id
ACZ81_RS10725,0.6926196708480751,168.65209429884254,0.061701747285376,0.2167665587643859,RNA,C2vsA2_rna,ACZ81_10715,tier1:gene_id
ACZ81_RS10730,-0.4590951502035673,415.9264945213293,0.1863639770757368,0.429918372584297,RNA,C2vsA2_rna,ACZ81_10720,tier1:gene_id
ACZ81_RS10735,0.217998201283846,1004.6965460610876,0.3826700821275011,0.6396968206231393,RNA,C2vsA2_rna,ACZ81_10725,tier1:gene_id
ACZ81_RS10740,1.0219133043209654,789.702822553403,0.0553718200291381,0.2039960899512417,RNA,C2vsA2_rna,ACZ81_10730,tier1:gene_id
ACZ81_RS10745,-0.5577942797091517,182.97526809774823,0.0925385390158002,0.2804790645788626,RNA,C2vsA2_rna,ACZ81_10735,tier1:gene_id
ACZ81_RS10750,0.2585681978140732,1816.870604232609,0.4357613240579309,0.6895731033650618,RNA,C2vsA2_rna,ACZ81_10740,tier1:gene_id
ACZ81_RS10755,0.2416820310812587,4064.491639457444,0.4213985187715039,0.6771336111275724,RNA,C2vsA2_rna,ACZ81_10745,tier1:gene_id
ACZ81_RS10760,0.9314658372567126,2056.3340604450423,0.0349090502459591,0.1526748835951034,RNA,C2vsA2_rna,ACZ81_10750,tier1:gene_id
ACZ81_RS10765,0.6311737037273785,196.8175324846541,0.0778540116694438,0.2527105945127902,RNA,C2vsA2_rna,ACZ81_10755,tier1:gene_id
ACZ81_RS10770,0.8803121208904581,311.9457862420496,0.0029435596793953,0.0272738139347205,RNA,C2vsA2_rna,ACZ81_10760,tier1:gene_id
ACZ81_RS10775,0.1731818003980212,368.46477577409047,0.4649944999642478,0.7101246896959834,RNA,C2vsA2_rna,ACZ81_10765,tier1:gene_id
ACZ81_RS10780,-0.4235664873008554,2501.1279281689986,0.2985729282124192,0.5567593173969999,RNA,C2vsA2_rna,ACZ81_10770,tier1:gene_id
ACZ81_RS10785,-0.1202843036786825,322.1281428030968,0.6973634812333009,0.8692910869392234,RNA,C2vsA2_rna,ACZ81_10775,tier1:gene_id
ACZ81_RS10790,0.6410683372238981,133.2278750448253,0.1801790165622033,0.4226410071618131,RNA,C2vsA2_rna,ACZ81_10780,tier1:gene_id
ACZ81_RS10795,1.718125670842013,397.813903494172,3.8247386737110354e-08,2.1312293831845376e-06,RNA,C2vsA2_rna,ACZ81_10785,tier1:gene_id
ACZ81_RS10800,0.7610858021576346,301.5640177540925,0.0070038476912793,0.0503537192782237,RNA,C2vsA2_rna,ACZ81_10790,tier1:gene_id
ACZ81_RS10805,0.9375027346824012,1036.7563394975336,0.0005649918117571,0.0083643806227657,RNA,C2vsA2_rna,ACZ81_10795,tier1:gene_id
ACZ81_RS10810,0.0395007326607812,182.5199043608829,0.8865481665949557,0.9567514259515674,RNA,C2vsA2_rna,ACZ81_10800,tier1:gene_id
ACZ81_RS10815,-0.1053187934878699,1450.1053214693632,0.5058902942199097,0.7406220851073871,RNA,C2vsA2_rna,ACZ81_10805,tier1:gene_id
ACZ81_RS10820,0.9319805101040752,2052.429094849703,0.0233226142059457,0.1179953697279371,RNA,C2vsA2_rna,ACZ81_10810,tier1:gene_id
ACZ81_RS10825,0.9515825612797904,1475.4135154285095,0.0021510720486512,0.0214679130825595,RNA,C2vsA2_rna,ACZ81_10815,tier1:gene_id
ACZ81_RS10830,0.2042794710202808,2628.458427814866,0.4982825591494704,0.7355075891492551,RNA,C2vsA2_rna,ACZ81_10820,tier1:gene_id
ACZ81_RS10835,-0.1499778632409245,17289.840517572993,0.7073320876205277,0.8723147206156796,RNA,C2vsA2_rna,ACZ81_10825,tier1:gene_id
ACZ81_RS10840,0.2618529027976553,292.2798326550703,0.6623291024073636,0.8535701869789271,RNA,C2vsA2_rna,ACZ81_10830,tier1:gene_id
ACZ81_RS10845,-0.2918322904205572,3934.679166250614,0.2201631387093044,0.4736163605907396,RNA,C2vsA2_rna,ACZ81_10835,tier1:gene_id
ACZ81_RS10850,0.6754889995738902,344.6614863716828,0.1371794983611332,0.3551851851652101,RNA,C2vsA2_rna,ACZ81_10840,tier1:gene_id
ACZ81_RS10855,0.8402758674396169,247.06445318678087,0.0009976158767259,0.0123151842997676,RNA,C2vsA2_rna,ACZ81_10845,tier1:gene_id
ACZ81_RS10860,0.7174161647789646,205.59057195835675,0.1238958111032768,0.3342770639854383,RNA,C2vsA2_rna,ACZ81_10850,tier1:gene_id
ACZ81_RS10865,0.551107286526459,166.35985230039032,0.2454101135457803,0.50032984383452,RNA,C2vsA2_rna,ACZ81_10855,tier1:gene_id
ACZ81_RS10870,0.551599072907963,223.0414943104128,0.3523563224541827,0.6132987269788204,RNA,C2vsA2_rna,ACZ81_10860,tier1:gene_id
ACZ81_RS10875,-0.6177235815702333,576.3618970955116,0.1194012993007889,0.3262474807468675,RNA,C2vsA2_rna,ACZ81_10865,tier1:gene_id
ACZ81_RS10880,0.4902164021023673,177.37104356388602,0.0924261693738045,0.2804790645788626,RNA,C2vsA2_rna,ACZ81_10870,tier1:gene_id
ACZ81_RS10885,0.3743010008230334,688.889015947808,0.119609238946074,0.3262474807468675,RNA,C2vsA2_rna,ACZ81_10875,tier1:gene_id
ACZ81_RS10890,-0.0664788707507553,284.171159379707,0.7678017541387787,0.904675664494796,RNA,C2vsA2_rna,ACZ81_10880,tier1:gene_id
ACZ81_RS10895,-0.3482128243935649,259.5973736637718,0.1190076364893454,0.3262474807468675,RNA,C2vsA2_rna,ACZ81_10885,tier1:gene_id
ACZ81_RS10900,-0.1934209766821863,719.9156787436106,0.507306266093408,0.7406220851073871,RNA,C2vsA2_rna,ACZ81_10890,tier1:gene_id
ACZ81_RS10905,0.1880815448237741,758.56357734044,0.3994938559085914,0.6556730049701546,RNA,C2vsA2_rna,ACZ81_10895,tier1:gene_id
ACZ81_RS10910,0.790960917295976,2771.467795534877,0.0203528572219394,0.1073004772331421,RNA,C2vsA2_rna,ACZ81_10900,tier1:gene_id
ACZ81_RS10920,0.0005407689094618,347.3242474568888,0.9985346466678372,0.9993744859991994,RNA,C2vsA2_rna,ACZ81_10910,tier1:gene_id
ACZ81_RS10925,-0.768644667033554,229.2525609703956,0.008481089505713,0.0573083403234771,RNA,C2vsA2_rna,ACZ81_10915,tier1:gene_id
ACZ81_RS10935,0.0458605322664108,149.8984662195764,0.9044397953113829,0.9650565049971456,RNA,C2vsA2_rna,ACZ81_10925,tier1:gene_id
ACZ81_RS10940,0.0339342439704349,278.5609714154183,0.9377958713301264,0.972832218361396,RNA,C2vsA2_rna,ACZ81_10930,tier1:gene_id
ACZ81_RS10945,-0.2183597468807583,47.497282559996606,0.5427136896777035,0.7673417221202257,RNA,C2vsA2_rna,ACZ81_10935,tier1:gene_id
ACZ81_RS10950,1.371478236474101,242.1444920953172,0.0026272318275121,0.025216397349231,RNA,C2vsA2_rna,ACZ81_10940,tier1:gene_id
ACZ81_RS10955,-0.195536985122748,173.54036612953547,0.4214145433092686,0.6771336111275724,RNA,C2vsA2_rna,ACZ81_10945,tier1:gene_id
ACZ81_RS10965,-0.2240033066575567,98.75503117331296,0.4948121829623156,0.7330555447486404,RNA,C2vsA2_rna,ACZ81_10955,tier1:gene_id
ACZ81_RS10970,0.3035808532970231,215.3049980230449,0.195591431669351,0.4425904251874993,RNA,C2vsA2_rna,ACZ81_10960,tier1:gene_id
ACZ81_RS10975,0.2757599513098427,181.97451288996896,0.432865192116981,0.6863521355100612,RNA,C2vsA2_rna,ACZ81_10965,tier1:gene_id
ACZ81_RS10980,-0.2939586642265257,88.57676306956462,0.4495365697874267,0.6989867635193886,RNA,C2vsA2_rna,ACZ81_10970,tier1:gene_id
ACZ81_RS10985,-0.8351409458005332,50.69111233377401,0.0544184518011908,0.2021643244348221,RNA,C2vsA2_rna,ACZ81_10975,tier1:gene_id
ACZ81_RS10995,0.1651291864930692,130.10790931195763,0.6516451298871353,0.8482804221632663,RNA,C2vsA2_rna,ACZ81_10985,tier1:gene_id
ACZ81_RS11000,0.3065081271457864,48.73420977857647,0.5386985267841715,0.7645060097128038,RNA,C2vsA2_rna,ACZ81_10990,tier1:gene_id
ACZ81_RS11005,0.064445899063115,169.33844761013552,0.8475353692852383,0.9445555208243992,RNA,C2vsA2_rna,ACZ81_10995,tier1:gene_id
ACZ81_RS11010,0.0350572514418246,271.9748036250894,0.9107245523032292,0.9658825733229368,RNA,C2vsA2_rna,ACZ81_11000,tier1:gene_id
ACZ81_RS11015,-0.2889626158531079,893.9694260398845,0.1515247793211857,0.3768861839036561,RNA,C2vsA2_rna,ACZ81_11005,tier1:gene_id
ACZ81_RS11020,-0.0532790831975767,794.3480488835501,0.8853871352946796,0.9567514259515674,RNA,C2vsA2_rna,ACZ81_11010,tier1:gene_id
ACZ81_RS11025,0.2398808150387694,158.5219523292378,0.4159533572774416,0.6735943461753705,RNA,C2vsA2_rna,ACZ81_11015,tier1:gene_id
ACZ81_RS11030,0.1474935301352333,991.2321228488776,0.5020784924766943,0.7378530812514644,RNA,C2vsA2_rna,ACZ81_11020,tier1:gene_id
ACZ81_RS11035,1.1872375530874446,447.7121519998314,0.0003286577114454,0.0055636064907988,RNA,C2vsA2_rna,ACZ81_11025,tier1:gene_id
ACZ81_RS11040,0.2278373793127814,465.8974059309199,0.512414075601779,0.7440911167219695,RNA,C2vsA2_rna,ACZ81_11030,tier1:gene_id
ACZ81_RS11045,3.225992234654208,14318.63384174481,2.6160477293882284e-08,1.5902399227735713e-06,RNA,C2vsA2_rna,ACZ81_11035,tier1:gene_id
ACZ81_RS11050,0.7254591802633802,673.0618214736239,0.0061579801953141,0.04635237625441,RNA,C2vsA2_rna,ACZ81_11040,tier1:gene_id
ACZ81_RS11055,0.4605634446160037,129.2461820557564,0.1776635619429829,0.4183017667343002,RNA,C2vsA2_rna,ACZ81_11045,tier1:gene_id
ACZ81_RS11060,0.1405917417069212,252.6497096930304,0.6887733929488146,0.866591811500113,RNA,C2vsA2_rna,ACZ81_11050,tier1:gene_id
ACZ81_RS11065,0.7883385186327438,2777.6037460029424,0.1822868992461561,0.4256897786819431,RNA,C2vsA2_rna,ACZ81_11055,tier1:gene_id
ACZ81_RS11070,-0.0521913200141423,147.68243150981726,0.8426372433668161,0.942179064787148,RNA,C2vsA2_rna,ACZ81_11060,tier1:gene_id
ACZ81_RS11075,0.5806338379558256,26.45705896362162,0.2383603267299455,0.4950411623258947,RNA,C2vsA2_rna,ACZ81_11065,tier1:gene_id
ACZ81_RS11085,-0.0146789175178371,343.8025361362989,0.9550856394595444,0.9813844915817104,RNA,C2vsA2_rna,ACZ81_11075,tier1:gene_id
ACZ81_RS11090,-0.1427910041485036,193.98194416586648,0.6580964057540066,0.8514294678765156,RNA,C2vsA2_rna,ACZ81_11080,tier1:gene_id
ACZ81_RS11095,0.2194181543709549,96.4324103621855,0.5393461774078993,0.764882719963981,RNA,C2vsA2_rna,ACZ81_11085,tier1:gene_id
ACZ81_RS11100,-0.4179775363667981,1074.110405903417,0.510818274289051,0.7436149914541629,RNA,C2vsA2_rna,ACZ81_11090,tier1:gene_id
ACZ81_RS11105,-1.2005019384959934,102.23435569409745,0.0043211778159298,0.0358193499948567,RNA,C2vsA2_rna,ACZ81_11095,tier1:gene_id
ACZ81_RS11110,0.5340340225760787,3585.755494496686,0.2075335982884016,0.4564071720917533,RNA,C2vsA2_rna,ACZ81_11100,tier1:gene_id
ACZ81_RS11115,-0.9307797605038944,413.2532118739781,0.0600019034970084,0.2127731578419625,RNA,C2vsA2_rna,ACZ81_11105,tier1:gene_id
ACZ81_RS11120,0.1090066910336757,244.77419358884367,0.6584307801070781,0.8515052669031521,RNA,C2vsA2_rna,ACZ81_11110,tier1:gene_id
ACZ81_RS11125,-0.0173419753048889,812.1302299337648,0.9465059719182768,0.9766804868981565,RNA,C2vsA2_rna,ACZ81_11115,tier1:gene_id
ACZ81_RS11130,0.4983542944640944,858.0760096803073,0.0444409106855033,0.1792037039663608,RNA,C2vsA2_rna,ACZ81_11120,tier1:gene_id
ACZ81_RS11135,-0.0223406368679144,2244.0104388719155,0.9102614901651876,0.9658825733229368,RNA,C2vsA2_rna,ACZ81_11125,tier1:gene_id
ACZ81_RS11140,0.6125620496899642,2411.618022867676,0.2143599979557798,0.4647701212960254,RNA,C2vsA2_rna,ACZ81_11130,tier1:gene_id
ACZ81_RS11145,0.325974617079716,3224.747583005683,0.5069339066153264,0.7406220851073871,RNA,C2vsA2_rna,ACZ81_11135,tier1:gene_id
ACZ81_RS11150,0.3212093420756169,2482.877395551418,0.4642061666031938,0.7094838630141005,RNA,C2vsA2_rna,ACZ81_11140,tier1:gene_id
ACZ81_RS11155,0.0228859730488917,217.83838117333,0.9678586585912629,0.9872995012123432,RNA,C2vsA2_rna,ACZ81_11145,tier1:gene_id
ACZ81_RS11160,0.1293574897286305,123.70223094866638,0.756919584457093,0.8989980037298547,RNA,C2vsA2_rna,ACZ81_11150,tier1:gene_id
ACZ81_RS11165,0.4388440182108913,1237.3909203753428,0.4780813522334229,0.7189139374664516,RNA,C2vsA2_rna,ACZ81_11155,tier1:gene_id
ACZ81_RS11170,0.1813759662717695,2272.109679452595,0.7220538299714143,0.8789077566278259,RNA,C2vsA2_rna,ACZ81_11160,tier1:gene_id
ACZ81_RS11175,-0.9742583795530354,1843.2699312774105,0.0006676626692497,0.0094267198470666,RNA,C2vsA2_rna,ACZ81_11165,tier1:gene_id
ACZ81_RS11180,0.4520285958956617,1511.6527395548726,0.1546221260611331,0.3817501352352408,RNA,C2vsA2_rna,ACZ81_11170,tier1:gene_id
ACZ81_RS11185,-0.2743598975860119,555.8790043787999,0.3868599750397428,0.6448201993599701,RNA,C2vsA2_rna,ACZ81_11175,tier1:gene_id
ACZ81_RS11190,0.2973243893515699,590.3426765808728,0.3828638490555563,0.63975417010033,RNA,C2vsA2_rna,ACZ81_11180,tier1:gene_id
ACZ81_RS11195,0.1827146239768042,933.2365592135516,0.6362304783091045,0.8387350606185463,RNA,C2vsA2_rna,ACZ81_11185,tier1:gene_id
ACZ81_RS11200,0.4914081380875884,236.27698165847733,0.0929467141087773,0.2812233914060443,RNA,C2vsA2_rna,ACZ81_11190,tier1:gene_id
ACZ81_RS11205,-0.0025396922013486,1153.4390579990045,0.9917386800114424,0.9972126534264684,RNA,C2vsA2_rna,ACZ81_11195,tier1:gene_id
ACZ81_RS11210,-0.0390980493393135,416.5199070924976,0.8887195047757076,0.9569357630596184,RNA,C2vsA2_rna,ACZ81_11200,tier1:gene_id
ACZ81_RS11215,1.866294314105968,2717.0515156417146,0.0009688962857938,0.0121856172370057,RNA,C2vsA2_rna,ACZ81_11205,tier1:gene_id
ACZ81_RS11220,1.855178337780801,2596.8258745228827,0.0003721813993235,0.0060698852605122,RNA,C2vsA2_rna,ACZ81_11210,tier1:gene_id
ACZ81_RS11225,1.561234852619552,1427.5683716090643,0.0011152815326092,0.013165158743967,RNA,C2vsA2_rna,ACZ81_11215,tier1:gene_id
ACZ81_RS11230,-0.3097318771946697,168.28053433835936,0.5296762261563897,0.7575975113509574,RNA,C2vsA2_rna,ACZ81_11220,tier1:gene_id
ACZ81_RS11235,0.1244415816618358,4960.80680218902,0.7563622788243449,0.8988523289820117,RNA,C2vsA2_rna,ACZ81_11225,tier1:gene_id
ACZ81_RS11240,0.3684437513238855,950.8690492700896,0.0790961949521322,0.2552968094512909,RNA,C2vsA2_rna,ACZ81_11230,tier1:gene_id
ACZ81_RS11245,-0.0106130388428491,220.1854183008851,0.9707430932719312,0.9882001051744336,RNA,C2vsA2_rna,ACZ81_11235,tier1:gene_id
ACZ81_RS11250,0.2254951047666327,286.5374360600523,0.2702458587387825,0.5271023898835483,RNA,C2vsA2_rna,ACZ81_11240,tier1:gene_id
ACZ81_RS11255,-2.3141808885253234,2732.865749556203,1.3786796198433869e-18,5.028420577101516e-16,RNA,C2vsA2_rna,ACZ81_11245,tier1:gene_id
ACZ81_RS11260,-2.8359033057690666,504.08918895828106,1.3291089357183466e-10,1.4032592237110545e-08,RNA,C2vsA2_rna,ACZ81_11250,tier1:gene_id
ACZ81_RS11265,0.2456755879931155,51.097525916593966,0.7260021408718975,0.8806145317279206,RNA,C2vsA2_rna,ACZ81_11255,tier1:gene_id
ACZ81_RS11270,-0.5704373308478015,1024.8628173323114,0.1977339115817325,0.445547841334287,RNA,C2vsA2_rna,ACZ81_11260,tier1:gene_id
ACZ81_RS11275,-0.9565791899639432,90.68354995655729,0.0615855073484819,0.21654781374418,RNA,C2vsA2_rna,ACZ81_11265,tier1:gene_id
ACZ81_RS11280,3.060282405217441,1180.8357489144057,3.6382136676090128e-06,0.0001315001192292,RNA,C2vsA2_rna,ACZ81_11270,tier1:gene_id
ACZ81_RS11285,-0.6198025309181898,592.3206395086232,0.0219231017904024,0.1126190581089558,RNA,C2vsA2_rna,ACZ81_11275,tier1:gene_id
ACZ81_RS11290,-0.5724040194819098,494.41456030982346,0.1847664585438267,0.4289832359246718,RNA,C2vsA2_rna,ACZ81_11280,tier1:gene_id
ACZ81_RS11295,-0.8630370043818969,961.83703252938,0.0477520328685025,0.1873915168945755,RNA,C2vsA2_rna,ACZ81_11285,tier1:gene_id
ACZ81_RS11300,-0.6201693819611976,617.1121598444181,0.1116769733794577,0.3161947898365451,RNA,C2vsA2_rna,ACZ81_11290,tier1:gene_id
ACZ81_RS11305,0.1075637030076216,241.55793381946748,0.7311880477086448,0.8849250218422572,RNA,C2vsA2_rna,ACZ81_11295,tier1:gene_id
ACZ81_RS11310,-0.5780359671885099,599.316721771308,0.1500788088378418,0.3744503613541178,RNA,C2vsA2_rna,ACZ81_11300,tier1:gene_id
ACZ81_RS11315,-0.1355101251538321,510.383415097977,0.7346833209533955,0.8878161095376575,RNA,C2vsA2_rna,ACZ81_11305,tier1:gene_id
ACZ81_RS11320,0.1409125031198752,367.0437108617214,0.549749866742311,0.7719973627476904,RNA,C2vsA2_rna,ACZ81_11310,tier1:gene_id
ACZ81_RS11325,-2.4095923374460457,219.19344076030367,0.0002231619048968,0.0040329980290375,RNA,C2vsA2_rna,ACZ81_11315,tier1:gene_id
ACZ81_RS11330,-0.1027054173579916,103.29024684515645,0.7741760034830657,0.9095151174155373,RNA,C2vsA2_rna,ACZ81_11320,tier1:gene_id
ACZ81_RS11335,1.0297242517654273,112.7687923921972,0.0231529209749737,0.1174330201663649,RNA,C2vsA2_rna,ACZ81_11325,tier1:gene_id
ACZ81_RS11340,0.1196152381014543,106.3565734419336,0.7452955466149069,0.8925424757152299,RNA,C2vsA2_rna,ACZ81_11330,tier1:gene_id
ACZ81_RS11345,0.2082154485485088,74.52248887078514,0.4807934610769472,0.7199921614766224,RNA,C2vsA2_rna,ACZ81_11335,tier1:gene_id
ACZ81_RS11350,0.4830781344924456,69.62845682204265,0.3617526944698319,0.6202358163303272,RNA,C2vsA2_rna,ACZ81_11340,tier1:gene_id
ACZ81_RS11355,0.0881513381318889,163.06840960610052,0.7608888759422998,0.9015375734946808,RNA,C2vsA2_rna,ACZ81_11345,tier1:gene_id
ACZ81_RS11360,0.752860911233544,179.00391727485228,0.0065011408387717,0.0485254913172353,RNA,C2vsA2_rna,ACZ81_11350,tier1:gene_id
ACZ81_RS11365,0.7335031125129742,234.3939054968736,0.0128816168408157,0.0783046163111406,RNA,C2vsA2_rna,ACZ81_11355,tier1:gene_id
ACZ81_RS11370,0.759635806578921,191.5115690721632,0.0148119685805333,0.0863744446876452,RNA,C2vsA2_rna,ACZ81_11360,tier1:gene_id
ACZ81_RS11375,0.0635857047129106,57.569963316927215,0.86453414034575,0.9497147643678128,RNA,C2vsA2_rna,ACZ81_11365,tier1:gene_id
ACZ81_RS11380,-0.3924900165363854,60.77546081848788,0.2262969266593016,0.4819019478540968,RNA,C2vsA2_rna,ACZ81_11370,tier1:gene_id
ACZ81_RS11385,0.0406284280988691,66.53644746052134,0.9267631652700276,0.9700736661076508,RNA,C2vsA2_rna,ACZ81_11375,tier1:gene_id
ACZ81_RS11390,0.0280254994728616,74.78961351897242,0.9335599677273556,0.9708313667612825,RNA,C2vsA2_rna,ACZ81_11380,tier1:gene_id
ACZ81_RS11395,-0.0781333215667551,531.9498356553066,0.7819753258956978,0.914786033183944,RNA,C2vsA2_rna,ACZ81_11385,tier1:gene_id
ACZ81_RS11400,-0.1772902199043013,23.695058406681632,0.7546420135168406,0.8973662589635893,RNA,C2vsA2_rna,ACZ81_11390,tier1:gene_id
ACZ81_RS11405,-0.8088243376587917,4.341365209947588,0.5004808051258445,0.7372226329761836,RNA,C2vsA2_rna,ACZ81_11395,tier1:gene_id
ACZ81_RS11410,-0.1688803674426453,211.0521488557497,0.547757569224288,0.771088900957138,RNA,C2vsA2_rna,ACZ81_11400,tier1:gene_id
ACZ81_RS11415,0.2362803508097303,960.3711131210084,0.4192763143481738,0.6769161260220818,RNA,C2vsA2_rna,ACZ81_11405,tier1:gene_id
ACZ81_RS11420,-0.5918477661940971,179.29299115510972,0.2061524071617174,0.4556376695643371,RNA,C2vsA2_rna,ACZ81_11410,tier1:gene_id
ACZ81_RS11430,-2.609342920450386,16297.485096216058,2.5073516341541177e-05,0.0006661917057103,RNA,C2vsA2_rna,ACZ81_11420,tier1:gene_id
ACZ81_RS11435,-2.9831948682790284,5579.932147919385,3.1750803390426204e-06,0.000117948354817,RNA,C2vsA2_rna,ACZ81_11425,tier1:gene_id
ACZ81_RS11440,-0.8837029983438811,948.8274587743292,0.0694076516825843,0.2326345017130561,RNA,C2vsA2_rna,ACZ81_11430,tier1:gene_id
ACZ81_RS11445,-0.1138077383896403,170.69376034491108,0.737963902971652,0.888932593054727,RNA,C2vsA2_rna,ACZ81_11435,tier1:gene_id
ACZ81_RS11450,0.1180379044261021,179.81851387002234,0.6419799292002379,0.8419821758585665,RNA,C2vsA2_rna,ACZ81_11440,tier1:gene_id
ACZ81_RS11455,0.069398107924727,144.41243819824373,0.8624026643060423,0.948815254951822,RNA,C2vsA2_rna,ACZ81_11445,tier1:gene_id
ACZ81_RS11460,0.0454304489883033,76.04438277961567,0.8826146278386053,0.9562651598402604,RNA,C2vsA2_rna,ACZ81_11450,tier1:gene_id
ACZ81_RS11470,1.064563589163943,150.77888651015243,0.0128745893848484,0.0783046163111406,RNA,C2vsA2_rna,ACZ81_11460,tier1:gene_id
ACZ81_RS11475,1.6494830693737643,217.7991129199296,1.227147954966735e-05,0.0003646901922464,RNA,C2vsA2_rna,ACZ81_11465,tier1:gene_id
ACZ81_RS11480,0.6161963640525648,147.5913270995213,0.0753414936571236,0.2469502913211424,RNA,C2vsA2_rna,ACZ81_RS11480,locus_tag:gene_id
ACZ81_RS11485,0.023780018836366,142.56450057502138,0.9437242834641548,0.9751467946019312,RNA,C2vsA2_rna,ACZ81_11475,tier1:gene_id
ACZ81_RS11490,0.1945329825035717,268.94063471605847,0.5905026593945422,0.8049937714885842,RNA,C2vsA2_rna,ACZ81_11480,tier1:gene_id
ACZ81_RS11495,-0.0369117775776158,174.8640647140218,0.9107511901497184,0.9658825733229368,RNA,C2vsA2_rna,ACZ81_11485,tier1:gene_id
ACZ81_RS11500,-3.5360139716933854,25.346347367249454,0.0004191985592744,0.0067004964932635,RNA,C2vsA2_rna,ACZ81_11490,tier1:gene_id
ACZ81_RS11510,0.018341696760536,247.29700137737703,0.9510555233469224,0.9788698716438822,RNA,C2vsA2_rna,ACZ81_11500,tier1:gene_id
ACZ81_RS11515,-0.2209425983680381,455.1363731440518,0.3014972057538693,0.5602120310278502,RNA,C2vsA2_rna,ACZ81_11505,tier1:gene_id
ACZ81_RS11520,-0.3251766533148451,374.338284052563,0.1396304461118526,0.3593312057734142,RNA,C2vsA2_rna,ACZ81_11510,tier1:gene_id
ACZ81_RS11525,-0.0370776006532549,802.3192313953876,0.8965897946139063,0.960260598330384,RNA,C2vsA2_rna,ACZ81_11515,tier1:gene_id
ACZ81_RS11530,-0.4815677723362149,3934.643249841321,0.0206409329563784,0.1082502261712294,RNA,C2vsA2_rna,ACZ81_11520,tier1:gene_id
ACZ81_RS11540,-0.0207626167754489,401.335904927388,0.9345902344636062,0.9708313667612825,RNA,C2vsA2_rna,ACZ81_11530,tier1:gene_id
ACZ81_RS11545,0.7084886708289443,443.0150382119338,0.0058386263991361,0.0448746534738207,RNA,C2vsA2_rna,ACZ81_11535,tier1:gene_id
ACZ81_RS11550,0.7725351283347321,493.2988042933026,0.0009829865318031,0.0122231394198785,RNA,C2vsA2_rna,ACZ81_11540,tier1:gene_id
ACZ81_RS11555,-0.6258919688276919,331.4304842681997,0.079246400017606,0.25557601034617,RNA,C2vsA2_rna,ACZ81_11545,tier1:gene_id
ACZ81_RS11560,-0.1317764432700409,1202.033858822392,0.7033656348626594,0.8709366131263768,RNA,C2vsA2_rna,ACZ81_11550,tier1:gene_id
ACZ81_RS11565,0.4697981543687756,349.0885645105839,0.3428599355393892,0.6049050401864686,RNA,C2vsA2_rna,ACZ81_11555,tier1:gene_id
ACZ81_RS11570,-0.1397570405419907,2597.812023748487,0.7164437454963625,0.8763330204059165,RNA,C2vsA2_rna,ACZ81_11560,tier1:gene_id
ACZ81_RS11575,0.0711382135588396,516.6807317818988,0.8871019902187192,0.9567514259515674,RNA,C2vsA2_rna,ACZ81_11565,tier1:gene_id
ACZ81_RS11580,-0.7860638434182537,564.2352072741303,0.042962879643006,0.175600803312376,RNA,C2vsA2_rna,ACZ81_11570,tier1:gene_id
ACZ81_RS11585,-0.3629107309874672,1193.5481578918584,0.0501205374857373,0.1929784994172534,RNA,C2vsA2_rna,ACZ81_11575,tier1:gene_id
ACZ81_RS11590,-0.1039886201401352,971.1134859958944,0.8661531213414325,0.9497147643678128,RNA,C2vsA2_rna,ACZ81_11580,tier1:gene_id
ACZ81_RS11595,0.29261438617274,2006.9704806616635,0.525156252021491,0.7546299724606811,RNA,C2vsA2_rna,ACZ81_11585,tier1:gene_id
ACZ81_RS11600,0.3054203267202284,169.91986010430026,0.4318816823917732,0.6863521355100612,RNA,C2vsA2_rna,ACZ81_11590,tier1:gene_id
ACZ81_RS11605,-0.1676307948655579,390.8511026328336,0.5130694100344502,0.7441825576077535,RNA,C2vsA2_rna,ACZ81_11595,tier1:gene_id
ACZ81_RS11610,-0.1512933740847598,161.8449486176357,0.6165184383367718,0.824765580062397,RNA,C2vsA2_rna,ACZ81_11600,tier1:gene_id
ACZ81_RS11615,0.6622385406409486,785.416130382564,0.0378111062549269,0.1606972015834394,RNA,C2vsA2_rna,ACZ81_11605,tier1:gene_id
ACZ81_RS11620,0.2435963974779897,2526.1216005146493,0.7387798432458978,0.888932593054727,RNA,C2vsA2_rna,ACZ81_11610,tier1:gene_id
ACZ81_RS11625,0.3918334164841818,895.4437298046986,0.5064508449853411,0.7406220851073871,RNA,C2vsA2_rna,ACZ81_11615,tier1:gene_id
ACZ81_RS11630,-0.2182079756470525,598.1702028728528,0.5944042210522772,0.808115803070734,RNA,C2vsA2_rna,ACZ81_11620,tier1:gene_id
ACZ81_RS11635,-0.1013496926251,495.05070813809607,0.826150458911745,0.9345965448927482,RNA,C2vsA2_rna,ACZ81_11625,tier1:gene_id
ACZ81_RS11645,4.979412302418306,431.1222474603262,8.962658165022076e-37,1.797909227903429e-33,RNA,C2vsA2_rna,ACZ81_11635,tier1:gene_id
ACZ81_RS11650,5.552248615007559,60.61764438101086,1.526014848225122e-21,1.2244743142158378e-18,RNA,C2vsA2_rna,ACZ81_11640,tier1:gene_id
ACZ81_RS11655,-0.2745324948991904,1365.677697072994,0.7262205451794466,0.8806145317279206,RNA,C2vsA2_rna,ACZ81_11645,tier1:gene_id
ACZ81_RS11660,-0.3570110627986436,36.30199930671982,0.4496721925831361,0.6989867635193886,RNA,C2vsA2_rna,ACZ81_11650,tier1:gene_id
ACZ81_RS11665,0.1604014336502228,1312.7244261092665,0.4107978634177154,0.6669854423439395,RNA,C2vsA2_rna,ACZ81_11655,tier1:gene_id
ACZ81_RS11670,0.4252435342798166,221.44185665192305,0.1812950106083715,0.4243303329100074,RNA,C2vsA2_rna,ACZ81_11660,tier1:gene_id
ACZ81_RS11675,0.1784538728046794,409.1963449141237,0.5281461578251034,0.7564878204906516,RNA,C2vsA2_rna,ACZ81_11665,tier1:gene_id
ACZ81_RS11680,0.002108768910078,778.1795801664018,0.9917216608838476,0.9972126534264684,RNA,C2vsA2_rna,ACZ81_11670,tier1:gene_id
ACZ81_RS11685,0.4665394944059471,1707.0598369853476,0.0924677067366919,0.2804790645788626,RNA,C2vsA2_rna,ACZ81_11675,tier1:gene_id
ACZ81_RS11690,0.473165700378761,2565.2192335933487,0.3823692585984289,0.6396968206231393,RNA,C2vsA2_rna,ACZ81_11680,tier1:gene_id
ACZ81_RS11695,-0.3338570984811722,273.09659924658047,0.2690840789556363,0.5266172315951282,RNA,C2vsA2_rna,ACZ81_11685,tier1:gene_id
ACZ81_RS11700,0.5431703095971695,1172.4126160426094,0.1062690031739155,0.3078348308546924,RNA,C2vsA2_rna,ACZ81_11690,tier1:gene_id
ACZ81_RS11705,0.8839853045596271,2599.717974230832,0.005053202666744,0.0404659662654231,RNA,C2vsA2_rna,ACZ81_11695,tier1:gene_id
ACZ81_RS11710,0.4743170035222948,899.857676486144,0.0149830465384211,0.0869927390913829,RNA,C2vsA2_rna,ACZ81_11700,tier1:gene_id
ACZ81_RS11715,1.064641777626875,1788.0950430507276,3.990711716690452e-06,0.0001429529947085,RNA,C2vsA2_rna,ACZ81_11705,tier1:gene_id
ACZ81_RS11720,1.4457886100692687,1651.2997551328915,7.247657214370413e-05,0.0016807861701765,RNA,C2vsA2_rna,ACZ81_11710,tier1:gene_id
ACZ81_RS11725,1.879589408854296,3614.731509068591,0.0001206529447507,0.0024823569966149,RNA,C2vsA2_rna,ACZ81_11715,tier1:gene_id
ACZ81_RS11730,-0.1333894105476042,1054.44161066754,0.636558923421162,0.8387350606185463,RNA,C2vsA2_rna,ACZ81_11720,tier1:gene_id
ACZ81_RS11735,-0.4875474140771857,539.3118700219809,0.1206584611750014,0.3281910143960038,RNA,C2vsA2_rna,ACZ81_11725,tier1:gene_id
ACZ81_RS11740,0.0172356818447361,726.4591924737502,0.9684284571998824,0.987348449856826,RNA,C2vsA2_rna,ACZ81_11730,tier1:gene_id
ACZ81_RS11745,0.3302106574257625,2136.2901438677213,0.472318225650493,0.7156120548752938,RNA,C2vsA2_rna,ACZ81_11735,tier1:gene_id
ACZ81_RS11750,0.6354066695756692,794.2538383915245,0.1333037790472159,0.3496071034520994,RNA,C2vsA2_rna,ACZ81_11740,tier1:gene_id
ACZ81_RS11755,0.3773619591804889,3233.836947773721,0.2737119239402349,0.5307903996353872,RNA,C2vsA2_rna,ACZ81_11745,tier1:gene_id
ACZ81_RS11760,0.8016925335456038,370.5540069555175,0.0252701139108196,0.1242447267281966,RNA,C2vsA2_rna,ACZ81_11750,tier1:gene_id
ACZ81_RS11765,0.6979903392588492,2323.5048449882565,0.0224257797552958,0.1146143036665565,RNA,C2vsA2_rna,ACZ81_11755,tier1:gene_id
ACZ81_RS11780,0.0934094654794805,88.29270903577574,0.8628168490349539,0.948815254951822,RNA,C2vsA2_rna,ACZ81_11770,tier1:gene_id
ACZ81_RS11785,0.5458764672021099,231.88813951694488,0.4665001917286828,0.7106034323965158,RNA,C2vsA2_rna,ACZ81_11775,tier1:gene_id
ACZ81_RS11790,-0.2392860300468965,68.16743805945141,0.6161375272094889,0.8245309403483887,RNA,C2vsA2_rna,ACZ81_11780,tier1:gene_id
ACZ81_RS11795,-0.0158984136844873,32.5045024157827,0.9734587551334838,0.9894898722056084,RNA,C2vsA2_rna,ACZ81_11785,tier1:gene_id
ACZ81_RS11800,-0.1776953428438084,4138.522570795169,0.8256735697631151,0.9345965448927482,RNA,C2vsA2_rna,ACZ81_11790,tier1:gene_id
ACZ81_RS11805,0.4180009930125866,274.4423822357481,0.2327303673060744,0.4885998082846523,RNA,C2vsA2_rna,ACZ81_11795,tier1:gene_id
ACZ81_RS11810,0.0095273312153761,392.9330760449576,0.9811757893903268,0.993307410303808,RNA,C2vsA2_rna,ACZ81_11800,tier1:gene_id
ACZ81_RS11815,0.9948771849716158,357.47616142053647,0.1438928238086321,0.3653082286215346,RNA,C2vsA2_rna,ACZ81_11805,tier1:gene_id
ACZ81_RS11820,0.7770134423079534,62.20763726144215,0.1763381587365891,0.4173856594992303,RNA,C2vsA2_rna,ACZ81_11810,tier1:gene_id
ACZ81_RS11825,-0.2861067698129612,115.5878835980126,0.3990743196154573,0.6555530468903147,RNA,C2vsA2_rna,ACZ81_11815,tier1:gene_id
ACZ81_RS11830,-0.054524492651172,215.4569171465804,0.8875944185921569,0.9567514259515674,RNA,C2vsA2_rna,ACZ81_11820,tier1:gene_id
ACZ81_RS11835,-1.122827120427637,356.2297871199334,0.0013571123374382,0.0152568383683212,RNA,C2vsA2_rna,ACZ81_11825,tier1:gene_id
ACZ81_RS11840,-1.0946868453258698,136.30700469121973,0.0142161070082273,0.0835066197906412,RNA,C2vsA2_rna,ACZ81_11830,tier1:gene_id
ACZ81_RS11845,-0.9253220500146642,199.28498584379332,0.0015407442330669,0.0165279835910813,RNA,C2vsA2_rna,ACZ81_11835,tier1:gene_id
ACZ81_RS11850,-0.0668334034519465,170.0398367587567,0.8660656791851749,0.9497147643678128,RNA,C2vsA2_rna,ACZ81_11840,tier1:gene_id
ACZ81_RS11855,0.0082771740307131,94.58584888016529,0.9865326568522876,0.9957296472517712,RNA,C2vsA2_rna,ACZ81_11845,tier1:gene_id
ACZ81_RS11860,-0.3797820711993848,18.6077613106321,0.4966918752332602,0.733969725022409,RNA,C2vsA2_rna,ACZ81_11850,tier1:gene_id
ACZ81_RS11865,0.4306549021985117,45.52504828686977,0.2697522121816219,0.5266627209306285,RNA,C2vsA2_rna,ACZ81_11855,tier1:gene_id
ACZ81_RS11870,0.1188213883333295,1285.971663619137,0.6788296372448381,0.8615832029820597,RNA,C2vsA2_rna,ACZ81_11860,tier1:gene_id
ACZ81_RS11875,-1.8318193701838807,115.42266088278603,4.585811531826003e-05,0.0011427500537693,RNA,C2vsA2_rna,ACZ81_11865,tier1:gene_id
ACZ81_RS11880,-0.7942645120884437,83.75321204893366,0.1386703335746276,0.3575484436384357,RNA,C2vsA2_rna,ACZ81_11870,tier1:gene_id
ACZ81_RS11885,0.0311066177031894,82.97197655246167,0.9347760642569376,0.9708313667612825,RNA,C2vsA2_rna,ACZ81_11875,tier1:gene_id
ACZ81_RS11890,-0.1390478135302867,46.23610163387448,0.763995057990309,0.9022660275354628,RNA,C2vsA2_rna,ACZ81_11880,tier1:gene_id
ACZ81_RS11895,0.189928471516909,137.64205716705567,0.677805011205872,0.8613456773175844,RNA,C2vsA2_rna,ACZ81_11885,tier1:gene_id
ACZ81_RS11900,-2.131918925577661,29.77438741973072,0.0008712903807452,0.0114235849919936,RNA,C2vsA2_rna,ACZ81_11890,tier1:gene_id
ACZ81_RS11905,-4.30348413928753,2558.592470841742,9.962311519113383e-15,1.998439690734145e-12,RNA,C2vsA2_rna,ACZ81_11895,tier1:gene_id
ACZ81_RS11910,-3.2376458641615,208.88282482345232,2.6952661892653953e-10,2.5147460351936665e-08,RNA,C2vsA2_rna,ACZ81_11900,tier1:gene_id
ACZ81_RS11915,-2.0045075102850105,173.55939639304574,2.903000205142933e-07,1.3514040544083297e-05,RNA,C2vsA2_rna,ACZ81_11905,tier1:gene_id
ACZ81_RS11920,-0.1435965626593687,128.93688228242038,0.6561836728579971,0.8503258706415646,RNA,C2vsA2_rna,ACZ81_11910,tier1:gene_id
ACZ81_RS11925,-0.6031488911293419,485.6792992120164,0.059925298689547,0.2127731578419625,RNA,C2vsA2_rna,ACZ81_11915,tier1:gene_id
ACZ81_RS11930,-0.327461837880914,312.1721301784812,0.243674767040515,0.4982788814304517,RNA,C2vsA2_rna,ACZ81_11920,tier1:gene_id
ACZ81_RS11935,-1.1539155020749354,40.664178559866286,0.0198731527722615,0.1056451249641838,RNA,C2vsA2_rna,ACZ81_11925,tier1:gene_id
ACZ81_RS11940,0.3833324370371105,418.0691733649076,0.3536044292551252,0.614419572705878,RNA,C2vsA2_rna,ACZ81_11930,tier1:gene_id
ACZ81_RS11945,0.0726926948644104,749.7654322142033,0.765664469391739,0.9026875848368078,RNA,C2vsA2_rna,ACZ81_11935,tier1:gene_id
ACZ81_RS11950,-0.1199242382271558,1606.2679522560295,0.6814935228273671,0.8630530345907187,RNA,C2vsA2_rna,ACZ81_11940,tier1:gene_id
ACZ81_RS11955,-0.644505855179263,69.43384029928069,0.1063845988822661,0.3079473381786809,RNA,C2vsA2_rna,ACZ81_11945,tier1:gene_id
ACZ81_RS11960,-0.0414445851559241,2488.182550463447,0.8680493253911932,0.950767273191412,RNA,C2vsA2_rna,ACZ81_11950,tier1:gene_id
ACZ81_RS11965,0.5872511758401928,117.97819350008535,0.0568381961685238,0.2068694386254204,RNA,C2vsA2_rna,ACZ81_11955,tier1:gene_id
ACZ81_RS11970,0.3154488616226397,111.65652141589683,0.5735158725668297,0.7931560429983181,RNA,C2vsA2_rna,ACZ81_11960,tier1:gene_id
ACZ81_RS11975,0.915503493880628,176.08906803313073,0.1994132269399001,0.4479540125883983,RNA,C2vsA2_rna,ACZ81_11965,tier1:gene_id
ACZ81_RS11980,-0.2617855359527721,833.7960801980472,0.6655618307966343,0.855808898893698,RNA,C2vsA2_rna,ACZ81_11970,tier1:gene_id
ACZ81_RS11985,0.0028165096316227,368.4961298048499,0.9913580683681874,0.9972126534264684,RNA,C2vsA2_rna,ACZ81_11975,tier1:gene_id
ACZ81_RS11990,-0.3386483675388901,409.0033063085095,0.3189523340464251,0.5774534134450621,RNA,C2vsA2_rna,ACZ81_11980,tier1:gene_id
ACZ81_RS11995,1.0857463261164242,3616.64711702886,0.0855364622038376,0.2664540616428551,RNA,C2vsA2_rna,ACZ81_11985,tier1:gene_id
ACZ81_RS12000,-0.2904963383451253,5514.510392114245,0.4509580389601762,0.7001716920697473,RNA,C2vsA2_rna,ACZ81_11990,tier1:gene_id
ACZ81_RS12005,-0.2311397857509315,1526.0679349063807,0.5288708129411821,0.7572554252391229,RNA,C2vsA2_rna,ACZ81_11995,tier1:gene_id
ACZ81_RS12010,-0.5547002657727431,66.83923562628522,0.0800851888021314,0.2566308126790347,RNA,C2vsA2_rna,ACZ81_12000,tier1:gene_id
ACZ81_RS12015,0.293006296912811,322.05604298393234,0.2560612469302353,0.5111033446189573,RNA,C2vsA2_rna,ACZ81_12005,tier1:gene_id
ACZ81_RS12020,-0.3665177829472574,22.26236292373072,0.5698606710484226,0.790280336068535,RNA,C2vsA2_rna,ACZ81_12010,tier1:gene_id
ACZ81_RS12025,-0.4812803070551892,6.065978192886738,0.6561620537824677,0.8503258706415646,RNA,C2vsA2_rna,ACZ81_12015,tier1:gene_id
ACZ81_RS12030,-0.0344011596318162,16.745640967946535,0.9652114787991328,0.9863546747178096,RNA,C2vsA2_rna,ACZ81_12020,tier1:gene_id
ACZ81_RS12050,0.6422133557317503,3.7684973918415934,0.6476922594690837,0.8456040823267047,RNA,C2vsA2_rna,ACZ81_12040,tier1:gene_id
ACZ81_RS12055,-0.4606866801436081,77.05630519528965,0.1500707063262353,0.3744503613541178,RNA,C2vsA2_rna,ACZ81_12045,tier1:gene_id
ACZ81_RS12065,-0.0798651920925932,231.0875484577326,0.7936309450991308,0.9210434919692544,RNA,C2vsA2_rna,ACZ81_12055,tier1:gene_id
ACZ81_RS12070,-0.4116339983428278,251.8553053771957,0.1234168111959406,0.3338828364923222,RNA,C2vsA2_rna,ACZ81_12060,tier1:gene_id
ACZ81_RS12075,-0.1715041491593832,369.8965317440506,0.710464083432168,0.8742716167018763,RNA,C2vsA2_rna,ACZ81_12065,tier1:gene_id
ACZ81_RS12080,-0.4442787582604777,392.2546444531568,0.3877017277728979,0.6455237367007463,RNA,C2vsA2_rna,ACZ81_12070,tier1:gene_id
ACZ81_RS12085,-0.0536689701659796,56.25872128820112,0.9152995221320058,0.9674770209707672,RNA,C2vsA2_rna,ACZ81_12075,tier1:gene_id
ACZ81_RS12090,-0.8755445062412904,443.0485698327038,0.000766384974019,0.0104622684133092,RNA,C2vsA2_rna,ACZ81_12080,tier1:gene_id
ACZ81_RS12100,0.0173466000924265,72.77860435546721,0.9730056759563168,0.9892799726144812,RNA,C2vsA2_rna,ACZ81_12090,tier1:gene_id
ACZ81_RS12105,-0.0605087030766828,42.59459854405952,0.918327179105519,0.968421342242408,RNA,C2vsA2_rna,ACZ81_12095,tier1:gene_id
ACZ81_RS12110,-0.4986157905295429,169.61167761726236,0.1452141433972753,0.3667432461601069,RNA,C2vsA2_rna,ACZ81_12100,tier1:gene_id
ACZ81_RS12115,0.189596339495505,359.42290398774406,0.4640238594618907,0.7094838630141005,RNA,C2vsA2_rna,ACZ81_12105,tier1:gene_id
ACZ81_RS12120,0.3350668437566622,500.39353785433,0.0952930047830606,0.2859502880999545,RNA,C2vsA2_rna,ACZ81_12110,tier1:gene_id
ACZ81_RS12125,0.80234160328281,1854.8416358649283,0.006358460270147,0.047593549634011,RNA,C2vsA2_rna,ACZ81_12115,tier1:gene_id
ACZ81_RS12130,1.0392098371695422,2064.271882821801,0.0020571290149377,0.020841418201844,RNA,C2vsA2_rna,ACZ81_12120,tier1:gene_id
ACZ81_RS12135,0.1894436535759527,187.55771070748168,0.5304571515035279,0.7581223977958811,RNA,C2vsA2_rna,ACZ81_12125,tier1:gene_id
ACZ81_RS12140,1.275070221551115,424.2969477698829,0.0013810242540156,0.0153907480753079,RNA,C2vsA2_rna,ACZ81_12130,tier1:gene_id
ACZ81_RS12145,0.5368783347154444,2647.9338087923966,0.2685335751509317,0.5260530778835635,RNA,C2vsA2_rna,ACZ81_12135,tier1:gene_id
ACZ81_RS12150,0.4803637588354093,781.8735084975677,0.2687010397874029,0.5261242418872916,RNA,C2vsA2_rna,ACZ81_12140,tier1:gene_id
ACZ81_RS12155,0.6224376919132085,52.9116134528998,0.2063449637492817,0.4556376695643371,RNA,C2vsA2_rna,ACZ81_12145,tier1:gene_id
ACZ81_RS12160,-0.380463511697494,22.256806081236885,0.4455481519428093,0.696838772177147,RNA,C2vsA2_rna,ACZ81_12150,tier1:gene_id
ACZ81_RS12165,-0.2452722871810083,91.0767627236404,0.575503783544435,0.7956310060579852,RNA,C2vsA2_rna,ACZ81_RS12165,locus_tag:gene_id
ACZ81_RS12170,0.3062568987877547,2312.7004240601195,0.3272457053056545,0.586956758267567,RNA,C2vsA2_rna,ACZ81_12160,tier1:gene_id
ACZ81_RS12175,0.8362672460808158,807.9055121236546,0.005556139190382,0.0433681525910757,RNA,C2vsA2_rna,ACZ81_12165,tier1:gene_id
ACZ81_RS12180,0.8262238606196011,438.209537210063,0.1073823210232642,0.3094955976618795,RNA,C2vsA2_rna,ACZ81_12170,tier1:gene_id
ACZ81_RS12185,-0.6705724008344224,338.49068865370174,0.0433352219423946,0.1767123852127401,RNA,C2vsA2_rna,ACZ81_12175,tier1:gene_id
ACZ81_RS12190,-0.7496419731190279,636.7393936327255,0.0343342216712594,0.1513463896979566,RNA,C2vsA2_rna,ACZ81_12180,tier1:gene_id
ACZ81_RS12195,-0.4532970800255226,157.8422697913615,0.170634145110279,0.4084631206339138,RNA,C2vsA2_rna,ACZ81_12185,tier1:gene_id
ACZ81_RS12200,-0.5354310982473978,76.10908131656272,0.0520091439725826,0.197164032842351,RNA,C2vsA2_rna,ACZ81_12190,tier1:gene_id
ACZ81_RS12205,4.613924205194843,1477.5424285002237,1.5815094937365797e-15,3.7323624052183283e-13,RNA,C2vsA2_rna,ACZ81_12195,tier1:gene_id
ACZ81_RS12210,0.0643113891873525,1160.2962915874402,0.8554036594944708,0.9476840481986898,RNA,C2vsA2_rna,ACZ81_12200,tier1:gene_id
ACZ81_RS12215,0.3545220098622084,508.23264456888313,0.0949264027356924,0.2852769496446428,RNA,C2vsA2_rna,ACZ81_12205,tier1:gene_id
ACZ81_RS12220,-0.4367992532473789,643.4136706929901,0.2857387717857244,0.543771340242353,RNA,C2vsA2_rna,ACZ81_12210,tier1:gene_id
ACZ81_RS12225,-0.4158007196694391,1982.4885146042632,0.33860032890036,0.5994371844262105,RNA,C2vsA2_rna,ACZ81_12215,tier1:gene_id
ACZ81_RS12230,-0.1923797791668927,187.4071947427756,0.5349031331052938,0.7610040319214322,RNA,C2vsA2_rna,ACZ81_12220,tier1:gene_id
ACZ81_RS12235,-0.2238803969901007,195.5451155824337,0.5575545164671847,0.7785968395636426,RNA,C2vsA2_rna,ACZ81_12225,tier1:gene_id
ACZ81_RS12240,-1.1470869979878318,588.8247127134579,0.0282432454873721,0.1329951888442925,RNA,C2vsA2_rna,ACZ81_12230,tier1:gene_id
ACZ81_RS12245,0.4176449505672759,590.909763741379,0.0734242151196142,0.2424509885266604,RNA,C2vsA2_rna,ACZ81_12235,tier1:gene_id
ACZ81_RS12250,0.3790745501729333,119.81161932831624,0.2395186264810871,0.4951585622184606,RNA,C2vsA2_rna,ACZ81_12240,tier1:gene_id
ACZ81_RS12255,0.2905438193591146,315.5584112751442,0.3039707775156354,0.563033591594058,RNA,C2vsA2_rna,ACZ81_12245,tier1:gene_id
ACZ81_RS12260,-0.3899235441782481,2174.995212687092,0.3194431383712814,0.5778811988653104,RNA,C2vsA2_rna,ACZ81_12250,tier1:gene_id
ACZ81_RS12265,2.0084124849749907,872.2417487492818,2.470195245163293e-05,0.0006606948882396,RNA,C2vsA2_rna,ACZ81_12255,tier1:gene_id
ACZ81_RS12270,0.7720039602912249,235.67124364879203,0.0700118262505538,0.2342680958442219,RNA,C2vsA2_rna,ACZ81_12260,tier1:gene_id
ACZ81_RS12275,-0.3586858595460235,350.5015904221109,0.2651499577455342,0.5220167618208691,RNA,C2vsA2_rna,ACZ81_12265,tier1:gene_id
ACZ81_RS12280,0.2428428473371161,571.7732302182976,0.3481682862199698,0.6099786743731523,RNA,C2vsA2_rna,ACZ81_12270,tier1:gene_id
ACZ81_RS12285,0.6015942477624485,1529.2502261044774,0.0078952212262963,0.0541463718972668,RNA,C2vsA2_rna,ACZ81_12275,tier1:gene_id
ACZ81_RS12290,0.1560011264751658,379.3787924355312,0.576338811245148,0.7959625854442457,RNA,C2vsA2_rna,ACZ81_12280,tier1:gene_id
ACZ81_RS12295,0.2034752454229276,589.4057834354716,0.6527736931569375,0.8487659930454298,RNA,C2vsA2_rna,ACZ81_12285,tier1:gene_id
ACZ81_RS12300,-0.6540968239428785,1880.7337573836007,0.004693711451816,0.0381832310212809,RNA,C2vsA2_rna,ACZ81_12290,tier1:gene_id
ACZ81_RS12305,0.2547144792352386,859.9791112852805,0.5328223356133229,0.7595339896198265,RNA,C2vsA2_rna,ACZ81_12295,tier1:gene_id
ACZ81_RS12310,-0.1543921284003441,1326.2722029848203,0.4448125510090903,0.6965100280397643,RNA,C2vsA2_rna,ACZ81_12300,tier1:gene_id
ACZ81_RS12315,-1.0390128485265635,398.1886937902201,0.0027709422298191,0.026035176173383,RNA,C2vsA2_rna,ACZ81_12305,tier1:gene_id
ACZ81_RS12320,-1.0246242849091145,99.77265440134931,0.0011462471551549,0.0134684674686703,RNA,C2vsA2_rna,ACZ81_12310,tier1:gene_id
ACZ81_RS12325,-0.7094978106605093,121.22476628445128,0.0998809332479562,0.296392236827515,RNA,C2vsA2_rna,ACZ81_12315,tier1:gene_id
ACZ81_RS12330,-0.3939237710634391,79.51065619666943,0.3537660052219786,0.614419572705878,RNA,C2vsA2_rna,ACZ81_12320,tier1:gene_id
ACZ81_RS12335,1.11850386925546,2156.6469501424426,1.1908628838490396e-05,0.0003565479022389,RNA,C2vsA2_rna,ACZ81_12325,tier1:gene_id
ACZ81_RS12340,-1.1893858761781275,413.1767821513126,0.001310181312831,0.0148487215454188,RNA,C2vsA2_rna,ACZ81_12330,tier1:gene_id
ACZ81_RS12345,0.3624836348807361,142.9496845103413,0.2009424441957288,0.4494294179429093,RNA,C2vsA2_rna,ACZ81_12335,tier1:gene_id
ACZ81_RS12350,1.0238991612313202,385.24531111784216,0.0017068477485156,0.0177406040597013,RNA,C2vsA2_rna,ACZ81_12340,tier1:gene_id
ACZ81_RS12355,0.0891171354546351,461.33165222199136,0.8373419103534652,0.9383842861279617,RNA,C2vsA2_rna,ACZ81_12345,tier1:gene_id
ACZ81_RS12360,-0.4342172859925957,1289.782283027215,0.2758930529438098,0.5324112209767027,RNA,C2vsA2_rna,ACZ81_12350,tier1:gene_id
ACZ81_RS12365,0.3918292103718525,688.5019819416516,0.3904008719620181,0.6477619099717191,RNA,C2vsA2_rna,ACZ81_12355,tier1:gene_id
ACZ81_RS12370,-0.0997993091181975,81.05789840667396,0.7723611140977581,0.90818077073863,RNA,C2vsA2_rna,ACZ81_12360,tier1:gene_id
ACZ81_RS12375,0.1727843424243191,52.50367039979686,0.7145685496660656,0.8759086529973282,RNA,C2vsA2_rna,ACZ81_12365,tier1:gene_id
ACZ81_RS12380,0.077727110395691,201.70921706640056,0.8610882839710073,0.9487865028179958,RNA,C2vsA2_rna,ACZ81_12370,tier1:gene_id
ACZ81_RS12385,-0.5753749366700185,25.34188940793041,0.3116251047837219,0.5701448852574563,RNA,C2vsA2_rna,ACZ81_12375,tier1:gene_id
ACZ81_RS12390,0.1083574426910994,68.54123067990837,0.799984237056995,0.9224306070504428,RNA,C2vsA2_rna,ACZ81_12380,tier1:gene_id
ACZ81_RS12395,-0.0573413453639672,48.1663124610692,0.8771037194188551,0.955852583676635,RNA,C2vsA2_rna,ACZ81_12385,tier1:gene_id
ACZ81_RS12400,-0.0898112107017497,157.02091503328043,0.792332261260864,0.9203349832595792,RNA,C2vsA2_rna,ACZ81_12390,tier1:gene_id
ACZ81_RS12405,0.159701364366646,114.65312696186776,0.5892190941152002,0.8044422908902862,RNA,C2vsA2_rna,ACZ81_12395,tier1:gene_id
ACZ81_RS12410,0.7740123145578263,67.49605028635146,0.0405577638190318,0.1696264228700563,RNA,C2vsA2_rna,ACZ81_12400,tier1:gene_id
ACZ81_RS12415,-0.1365995869388857,146.7610712589121,0.713318624365338,0.8751786914231608,RNA,C2vsA2_rna,ACZ81_12405,tier1:gene_id
ACZ81_RS12420,0.1457266763866816,103.12468399346544,0.6949277300321881,0.8682809258452627,RNA,C2vsA2_rna,ACZ81_12410,tier1:gene_id
ACZ81_RS12425,-0.97943054937964,10.008448780446685,0.3018331569013764,0.5603677119335133,RNA,C2vsA2_rna,ACZ81_12415,tier1:gene_id
ACZ81_RS12430,0.246756488901,185.1338527568037,0.5032004828466371,0.7384200209146701,RNA,C2vsA2_rna,ACZ81_12420,tier1:gene_id
ACZ81_RS12435,0.0212350912854813,436.983740298062,0.9430616128095508,0.975145152214412,RNA,C2vsA2_rna,ACZ81_12425,tier1:gene_id
ACZ81_RS12440,-0.3698314010321167,925.5620476159074,0.5028313194031271,0.7384184675861442,RNA,C2vsA2_rna,ACZ81_12430,tier1:gene_id
ACZ81_RS12445,0.2106961401234973,1634.0427112968248,0.4582693950022919,0.7048012268904105,RNA,C2vsA2_rna,ACZ81_12435,tier1:gene_id
ACZ81_RS12450,0.4626164849147937,66.3390347757447,0.2114471860547143,0.4620524257649034,RNA,C2vsA2_rna,ACZ81_12440,tier1:gene_id
ACZ81_RS12455,0.1383849686293503,968.1907938303572,0.6041330632486311,0.8158134802266941,RNA,C2vsA2_rna,ACZ81_12445,tier1:gene_id
ACZ81_RS12460,0.186527070778893,670.4099932284763,0.5241477576191169,0.7538695316834044,RNA,C2vsA2_rna,ACZ81_12450,tier1:gene_id
ACZ81_RS12465,0.3223991657074005,279.3880928668668,0.2268443097237141,0.482721481546036,RNA,C2vsA2_rna,ACZ81_12455,tier1:gene_id
ACZ81_RS12470,0.3587763715980022,132.5521487617172,0.2751195519245762,0.5316857621972061,RNA,C2vsA2_rna,ACZ81_12460,tier1:gene_id
ACZ81_RS12475,0.2003719404791984,91.23530018617484,0.6357757888152991,0.8387350606185463,RNA,C2vsA2_rna,ACZ81_12465,tier1:gene_id
ACZ81_RS12480,0.206324515453883,46.557064618903134,0.6372137743487897,0.8388524711611065,RNA,C2vsA2_rna,ACZ81_12470,tier1:gene_id
ACZ81_RS12485,-0.6927271022697209,903.7001579805992,0.1425335497722553,0.3637998267772166,RNA,C2vsA2_rna,ACZ81_12475,tier1:gene_id
ACZ81_RS12490,-0.8945208788608543,483.1881779994091,0.0146294306818475,0.0855587112180354,RNA,C2vsA2_rna,ACZ81_12480,tier1:gene_id
ACZ81_RS12495,-0.7732227088234258,207.40754458754145,0.0170916012096938,0.0951061082569925,RNA,C2vsA2_rna,ACZ81_12485,tier1:gene_id
ACZ81_RS12500,0.00736879859874,2185.674129749468,0.9770717523822672,0.991153443883099,RNA,C2vsA2_rna,ACZ81_12490,tier1:gene_id
ACZ81_RS12505,-0.620036323742164,49.477662787140936,0.1261218575829494,0.3377843074918513,RNA,C2vsA2_rna,ACZ81_12495,tier1:gene_id
ACZ81_RS12510,-0.4471822595403197,337.86389650489394,0.1697307213583981,0.407238550631304,RNA,C2vsA2_rna,ACZ81_12500,tier1:gene_id
ACZ81_RS12515,-0.6253078851012529,277.38582385736987,0.00227302264943,0.0225169552333667,RNA,C2vsA2_rna,ACZ81_12505,tier1:gene_id
ACZ81_RS12520,-0.0669099462050339,1001.647039413951,0.8860476560264436,0.9567514259515674,RNA,C2vsA2_rna,ACZ81_12510,tier1:gene_id
ACZ81_RS12525,-1.359095913008984,4448.940328776636,9.04468016668052e-05,0.0019738268466481,RNA,C2vsA2_rna,ACZ81_12515,tier1:gene_id
ACZ81_RS12530,-0.8837911705188068,695.5356939427788,0.0543856994056996,0.2021643244348221,RNA,C2vsA2_rna,ACZ81_12520,tier1:gene_id
ACZ81_RS12535,-2.1963779390489098,5583.006042180922,3.314328604161931e-05,0.0008615294626745,RNA,C2vsA2_rna,ACZ81_12525,tier1:gene_id
ACZ81_RS12540,-2.507936227142314,4028.3629838050174,8.284047264878259e-09,5.633152140117216e-07,RNA,C2vsA2_rna,ACZ81_12530,tier1:gene_id
ACZ81_RS12545,-0.3042416911721959,462.3748512736294,0.2703205448959031,0.5271023898835483,RNA,C2vsA2_rna,ACZ81_12535,tier1:gene_id
ACZ81_RS12550,-0.6341651134007005,2392.404786926916,0.0762580999003865,0.2487378022767078,RNA,C2vsA2_rna,ACZ81_12540,tier1:gene_id
ACZ81_RS12555,0.0500437011761105,1142.7205373896456,0.813916571554804,0.9299477837990834,RNA,C2vsA2_rna,ACZ81_12545,tier1:gene_id
ACZ81_RS12560,-0.1191950650199604,159.13273110879337,0.676037273782605,0.8613456773175844,RNA,C2vsA2_rna,ACZ81_12550,tier1:gene_id
ACZ81_RS12565,-0.3457731187242562,103.9073023898177,0.2805775052500427,0.53746446329613,RNA,C2vsA2_rna,ACZ81_12555,tier1:gene_id
ACZ81_RS12570,-0.7170536061961386,294.9824931673203,0.1015042789378369,0.2991209905300719,RNA,C2vsA2_rna,ACZ81_12560,tier1:gene_id
ACZ81_RS12575,-0.3594423720328908,210.57120363487903,0.1251070399322281,0.3359634834056889,RNA,C2vsA2_rna,ACZ81_12565,tier1:gene_id
ACZ81_RS12580,-0.3332005997491774,266.5626793982273,0.3099186730972262,0.569063101686202,RNA,C2vsA2_rna,ACZ81_12570,tier1:gene_id
ACZ81_RS12585,-0.6195884326773478,153.86094008444718,0.0306967371278085,0.1415578268468597,RNA,C2vsA2_rna,ACZ81_12575,tier1:gene_id
ACZ81_RS12590,0.0690457798651087,500.3456578945856,0.8323427063570461,0.9373576657616248,RNA,C2vsA2_rna,ACZ81_12580,tier1:gene_id
ACZ81_RS12595,0.2540287937540996,3445.898154770091,0.2749317835543798,0.5316857621972061,RNA,C2vsA2_rna,ACZ81_12585,tier1:gene_id
ACZ81_RS12600,1.103380897808394,686.8964664440683,9.052446156113136e-05,0.0019738268466481,RNA,C2vsA2_rna,ACZ81_12590,tier1:gene_id
ACZ81_RS12605,0.8178138113537277,2666.598342859916,0.0173535345447334,0.0964298900186574,RNA,C2vsA2_rna,ACZ81_12595,tier1:gene_id
ACZ81_RS12610,0.6212809086544551,106.0467257863396,0.2365132926649245,0.4934432294184489,RNA,C2vsA2_rna,ACZ81_12600,tier1:gene_id
ACZ81_RS12615,0.5091387002420426,177.92751648183693,0.1246647924232704,0.3354698228823529,RNA,C2vsA2_rna,ACZ81_12605,tier1:gene_id
ACZ81_RS12620,0.3078156368780065,684.1677587139534,0.255252692939825,0.5102510234551959,RNA,C2vsA2_rna,ACZ81_12610,tier1:gene_id
ACZ81_RS12625,-0.6338593134515934,90.66389024695204,0.3831487219113912,0.6399636437587434,RNA,C2vsA2_rna,ACZ81_12615,tier1:gene_id
ACZ81_RS12630,-0.7593347329375625,131.76022922724408,0.0330560275251035,0.1478492557756026,RNA,C2vsA2_rna,ACZ81_12620,tier1:gene_id
ACZ81_RS12635,-0.5839025414135495,185.9108514125988,0.0512242948395382,0.1953871690802776,RNA,C2vsA2_rna,ACZ81_12625,tier1:gene_id
ACZ81_RS12640,0.4996069892289834,127.57623800357972,0.1160529550575938,0.3216795213260041,RNA,C2vsA2_rna,ACZ81_12630,tier1:gene_id
ACZ81_RS12645,0.6013137149370666,42.75321138640816,0.3390177235567819,0.5997086009302508,RNA,C2vsA2_rna,ACZ81_12635,tier1:gene_id
ACZ81_RS12650,0.6367292204191296,299.6607794585736,0.3178707736626525,0.5767429581918353,RNA,C2vsA2_rna,ACZ81_12640,tier1:gene_id
ACZ81_RS12655,1.4008530092316045,803.9914557573527,0.0361850142619515,0.1559337027056385,RNA,C2vsA2_rna,ACZ81_12645,tier1:gene_id
ACZ81_RS12660,0.6330483097170614,535.8682679421686,0.0357922253572811,0.1547396639368662,RNA,C2vsA2_rna,ACZ81_12650,tier1:gene_id
ACZ81_RS12665,0.5427604030020141,84.69638514402136,0.1450028975899091,0.3667432461601069,RNA,C2vsA2_rna,ACZ81_12655,tier1:gene_id
ACZ81_RS12670,0.846792271271859,147.68051916959766,0.0624311839812297,0.2189457256404665,RNA,C2vsA2_rna,ACZ81_12660,tier1:gene_id
ACZ81_RS12675,2.8661145621222435,541.4949210300924,1.0340232020601048e-10,1.1523614129625391e-08,RNA,C2vsA2_rna,ACZ81_12665,tier1:gene_id
ACZ81_RS12680,1.0619648870598546,2181.182719274966,0.0015406181976101,0.0165279835910813,RNA,C2vsA2_rna,ACZ81_12670,tier1:gene_id
ACZ81_RS12685,-0.3180874546166972,37407.119651809386,0.6576900951603796,0.851178277994659,RNA,C2vsA2_rna,ACZ81_12675,tier1:gene_id
ACZ81_RS12690,-0.3981542054307636,188.43647787723776,0.3102014134519388,0.5693010199363399,RNA,C2vsA2_rna,ACZ81_12680,tier1:gene_id
ACZ81_RS12695,0.5231434940173506,182.1239584865028,0.080847002629827,0.2580415072003708,RNA,C2vsA2_rna,ACZ81_12685,tier1:gene_id
ACZ81_RS12700,-0.3665419811806107,696.7433999694271,0.5038012254721381,0.7390312674933156,RNA,C2vsA2_rna,ACZ81_12690,tier1:gene_id
ACZ81_RS12705,0.7068649023976071,1210.3943244951845,0.0263463759804904,0.1268964812245672,RNA,C2vsA2_rna,ACZ81_12695,tier1:gene_id
ACZ81_RS12710,1.0490302429967449,667.8297192264203,0.0787648295922488,0.2548423357452437,RNA,C2vsA2_rna,ACZ81_12700,tier1:gene_id
ACZ81_RS12715,0.9468325283487876,420.7410227531081,0.0627816326717889,0.2195988755703724,RNA,C2vsA2_rna,ACZ81_12705,tier1:gene_id
ACZ81_RS12720,0.5666021011943024,401.7154623676024,0.1909799023868457,0.4363390480501283,RNA,C2vsA2_rna,ACZ81_12710,tier1:gene_id
ACZ81_RS12725,0.4482059761219916,178.2006238763115,0.2346938932376906,0.4909967988420644,RNA,C2vsA2_rna,ACZ81_12715,tier1:gene_id
ACZ81_RS12730,0.0232636432471152,319.5386879876708,0.946748736355974,0.9766804868981565,RNA,C2vsA2_rna,ACZ81_12720,tier1:gene_id
ACZ81_RS12735,-0.1376613082813846,291.3664552954796,0.690983849698121,0.866591811500113,RNA,C2vsA2_rna,ACZ81_12725,tier1:gene_id
ACZ81_RS12740,-0.2020074444122783,214.5442216292257,0.5853084844108649,0.80227456079822,RNA,C2vsA2_rna,ACZ81_12730,tier1:gene_id
ACZ81_RS12745,-1.684001083000615,514.9017149399886,0.0015565882432489,0.0166534187517727,RNA,C2vsA2_rna,ACZ81_12735,tier1:gene_id
ACZ81_RS12750,0.2913751343078972,137.3819400135302,0.1359214246666853,0.3540853829793772,RNA,C2vsA2_rna,ACZ81_12740,tier1:gene_id
ACZ81_RS12755,1.1680001287974595,242.10088551817296,0.0015683445590878,0.0166901813555975,RNA,C2vsA2_rna,ACZ81_12745,tier1:gene_id
ACZ81_RS12760,0.2939817636493041,614.0755146134866,0.1191085568123754,0.3262474807468675,RNA,C2vsA2_rna,ACZ81_12750,tier1:gene_id
ACZ81_RS12765,0.616507728517018,2875.18279535109,0.07385849905824,0.2436844557743906,RNA,C2vsA2_rna,ACZ81_12755,tier1:gene_id
ACZ81_RS12770,0.5918804974822405,4228.56176922048,0.3117891022569439,0.5701448852574563,RNA,C2vsA2_rna,ACZ81_12760,tier1:gene_id
ACZ81_RS12775,0.1149367868690627,460.2841074974988,0.7908834526255883,0.9193288553520504,RNA,C2vsA2_rna,ACZ81_12765,tier1:gene_id
ACZ81_RS12780,0.5284550963047572,2015.484955900069,0.0896279384216174,0.2749138294705882,RNA,C2vsA2_rna,ACZ81_12770,tier1:gene_id
ACZ81_RS12785,-0.5059723483591896,1309.6689091032176,0.3505769845933502,0.6121314423621042,RNA,C2vsA2_rna,ACZ81_12775,tier1:gene_id
ACZ81_RS12790,0.3690447878717486,370.4660617256527,0.2242468944635307,0.4782980013756964,RNA,C2vsA2_rna,ACZ81_12780,tier1:gene_id
ACZ81_RS12795,0.4808420079696301,317.67694108647083,0.1966194941276102,0.4441708748782154,RNA,C2vsA2_rna,ACZ81_12785,tier1:gene_id
ACZ81_RS12800,3.252993911278123,199.14761113523784,6.647415692617688e-20,2.6669431758782165e-17,RNA,C2vsA2_rna,ACZ81_12790,tier1:gene_id
ACZ81_RS12805,0.4811109641229718,188.8865105836128,0.2877954951840457,0.5451536953155768,RNA,C2vsA2_rna,ACZ81_12795,tier1:gene_id
ACZ81_RS12810,0.1721742478190938,263.0704269077892,0.788731471745135,0.9184621682769096,RNA,C2vsA2_rna,ACZ81_12800,tier1:gene_id
ACZ81_RS12815,0.3994835537267778,2101.8119412738097,0.096224108017711,0.2880978517664603,RNA,C2vsA2_rna,ACZ81_12805,tier1:gene_id
ACZ81_RS12820,0.4503470017779195,1377.120423068931,0.1236785833469099,0.3341403881399345,RNA,C2vsA2_rna,ACZ81_12810,tier1:gene_id
ACZ81_RS12825,0.6149566894388918,202.49125391822207,0.0602284094597522,0.2130832264131622,RNA,C2vsA2_rna,ACZ81_12815,tier1:gene_id
ACZ81_RS12830,-0.2760829965392317,667.8691909357136,0.2808570401906883,0.53746446329613,RNA,C2vsA2_rna,ACZ81_12820,tier1:gene_id
ACZ81_RS12835,0.3053147696580611,197.190104124299,0.3793441954440624,0.6367347551372486,RNA,C2vsA2_rna,ACZ81_12825,tier1:gene_id
ACZ81_RS12845,0.3637708558521463,164.8445267751096,0.2785385927360603,0.5351996331690968,RNA,C2vsA2_rna,ACZ81_12835,tier1:gene_id
ACZ81_RS12875,-0.6362934690193509,4014.122414181684,0.1878833862798982,0.4322883777470577,RNA,C2vsA2_rna,ACZ81_12865,tier1:gene_id
ACZ81_RS12880,1.732934966839423,11057.292992235847,0.0240029039054463,0.1204603890897004,RNA,C2vsA2_rna,ACZ81_12870,tier1:gene_id
ACZ81_RS12885,-0.0842698283087313,1434.4714441004662,0.8189010080906449,0.9322092751754404,RNA,C2vsA2_rna,ACZ81_12875,tier1:gene_id
ACZ81_RS12890,0.3523681580582229,702.2707591270189,0.0499145016369245,0.1923698180281856,RNA,C2vsA2_rna,ACZ81_12880,tier1:gene_id
ACZ81_RS12895,0.8910580349766234,3217.5212688946763,0.003844315922047,0.0333118692856435,RNA,C2vsA2_rna,ACZ81_12885,tier1:gene_id
ACZ81_RS12900,2.146785822244332,4022.410455384859,2.6274028510394184e-15,5.856189021316748e-13,RNA,C2vsA2_rna,ACZ81_12890,tier1:gene_id
ACZ81_RS12905,0.9370815644327952,208.40395513179047,0.0002740955540896,0.0047399627715839,RNA,C2vsA2_rna,ACZ81_12895,tier1:gene_id
ACZ81_RS12910,1.866892308792607,1884.947447535844,4.981704639229133e-05,0.001214810240479,RNA,C2vsA2_rna,ACZ81_12900,tier1:gene_id
ACZ81_RS12915,0.4934923389282871,23.48864609516309,0.4444832159581428,0.6965100280397643,RNA,C2vsA2_rna,ACZ81_12905,tier1:gene_id
ACZ81_RS12920,-0.942416639811825,3020.5104453627914,0.0349832377979809,0.1526873400751975,RNA,C2vsA2_rna,ACZ81_12910,tier1:gene_id
ACZ81_RS12925,-0.741283702778514,719.1831658580845,0.0005320331542511,0.0080547811881341,RNA,C2vsA2_rna,ACZ81_12915,tier1:gene_id
ACZ81_RS12930,-0.4479593178234091,4936.201185786213,0.1499133643344445,0.3744503613541178,RNA,C2vsA2_rna,ACZ81_12920,tier1:gene_id
ACZ81_RS12935,0.3803755345892817,2874.080170590885,0.1333247428419023,0.3496071034520994,RNA,C2vsA2_rna,ACZ81_12925,tier1:gene_id
ACZ81_RS12940,1.473437428186419,5452.943850576544,1.5974027119072746e-09,1.3079142204432626e-07,RNA,C2vsA2_rna,ACZ81_12930,tier1:gene_id
ACZ81_RS12945,1.694580816279944,14473.39822429522,2.3308546022314446e-11,2.833754140652289e-09,RNA,C2vsA2_rna,ACZ81_12935,tier1:gene_id
ACZ81_RS12950,0.6705683260050146,3687.179381246861,0.1060199725719018,0.3077801229800799,RNA,C2vsA2_rna,ACZ81_12940,tier1:gene_id
ACZ81_RS12955,1.2346459602805744,220.6799685942483,0.0008352843869695,0.0110965594719266,RNA,C2vsA2_rna,ACZ81_12945,tier1:gene_id
ACZ81_RS12960,1.4950311869093276,907.4311573677026,1.9452889482434325e-05,0.0005419791153022,RNA,C2vsA2_rna,ACZ81_12950,tier1:gene_id
ACZ81_RS12965,0.9452597969915528,682.4502094678983,0.0009490908446513,0.0121266002189214,RNA,C2vsA2_rna,ACZ81_12955,tier1:gene_id
ACZ81_RS12970,0.7965225093646381,296.54975170273826,0.0031372819523618,0.0286359509072597,RNA,C2vsA2_rna,ACZ81_12960,tier1:gene_id
ACZ81_RS12975,0.2827160603092937,3582.875795095538,0.5720691039758659,0.7919742046760434,RNA,C2vsA2_rna,ACZ81_12965,tier1:gene_id
ACZ81_RS12980,-0.9260414291791532,906.6293369035418,0.0150090421132107,0.0870177412690773,RNA,C2vsA2_rna,ACZ81_12970,tier1:gene_id
ACZ81_RS12985,-0.8474075959964332,2293.3665347029983,0.0213155442862117,0.1104021300654,RNA,C2vsA2_rna,ACZ81_12975,tier1:gene_id
ACZ81_RS12990,0.3459119914012646,184.72721475035613,0.3634102105584599,0.622014404761323,RNA,C2vsA2_rna,ACZ81_12980,tier1:gene_id
ACZ81_RS12995,0.5909479401318712,298.8455064195311,0.1105813279715135,0.3146470126395124,RNA,C2vsA2_rna,ACZ81_12985,tier1:gene_id
ACZ81_RS13000,0.330620896234941,839.0441237558838,0.1332131050984904,0.3496071034520994,RNA,C2vsA2_rna,ACZ81_12990,tier1:gene_id
ACZ81_RS13010,0.4406033351244862,97.03490510675358,0.2817951824750587,0.5385739482003646,RNA,C2vsA2_rna,ACZ81_13000,tier1:gene_id
ACZ81_RS13015,0.3684024564067041,640.1126738035331,0.2615222654496528,0.5180260843113278,RNA,C2vsA2_rna,ACZ81_13005,tier1:gene_id
ACZ81_RS13020,0.2011304931317029,1931.6221779665896,0.5942461020597134,0.808115803070734,RNA,C2vsA2_rna,ACZ81_13010,tier1:gene_id
ACZ81_RS13025,0.7917802720815932,1957.1099525622424,0.0851079269593557,0.2657221812925566,RNA,C2vsA2_rna,ACZ81_13015,tier1:gene_id
ACZ81_RS13030,0.1901334658275309,472.0673795331175,0.3967241355562836,0.6544643223074877,RNA,C2vsA2_rna,ACZ81_13020,tier1:gene_id
ACZ81_RS13035,0.1884134775229214,289.5036375210449,0.5383252922525152,0.7642466640187867,RNA,C2vsA2_rna,ACZ81_13025,tier1:gene_id
ACZ81_RS13040,0.5807457133866896,492.639165810064,0.0663290782028841,0.2272000527943304,RNA,C2vsA2_rna,ACZ81_13030,tier1:gene_id
ACZ81_RS13045,1.3764960187570452,374.7197160720763,0.0003868079559927,0.0062324237728632,RNA,C2vsA2_rna,ACZ81_13035,tier1:gene_id
ACZ81_RS13050,1.6674725264663366,3323.077341018728,0.0014986538293182,0.0162502680087155,RNA,C2vsA2_rna,ACZ81_13040,tier1:gene_id
ACZ81_RS13055,0.1697379831450831,1590.6181549057449,0.2314135291578828,0.4866855535697243,RNA,C2vsA2_rna,ACZ81_13045,tier1:gene_id
ACZ81_RS13060,0.374318309302967,2444.369206180732,0.3558148737374091,0.6163770610684307,RNA,C2vsA2_rna,ACZ81_13050,tier1:gene_id
ACZ81_RS13065,0.0989624735405175,648.3934635519008,0.7558464763507875,0.8985055001835138,RNA,C2vsA2_rna,ACZ81_13055,tier1:gene_id
ACZ81_RS13070,-0.2919307981783229,1684.5634654605285,0.0686707647010189,0.2307429715079462,RNA,C2vsA2_rna,ACZ81_13060,tier1:gene_id
ACZ81_RS13075,-0.1508355794407832,2259.88856127075,0.5421351160453534,0.766941497028899,RNA,C2vsA2_rna,ACZ81_13065,tier1:gene_id
ACZ81_RS13080,-0.0330115343657783,438.00746817073934,0.8850188045255025,0.9567514259515674,RNA,C2vsA2_rna,ACZ81_13070,tier1:gene_id
ACZ81_RS13085,0.3616349960106876,204.9916521432471,0.3273982183739207,0.586956758267567,RNA,C2vsA2_rna,ACZ81_13075,tier1:gene_id
ACZ81_RS13090,0.1895807992029802,236.85991123178843,0.7079403614966732,0.8723147206156796,RNA,C2vsA2_rna,ACZ81_13080,tier1:gene_id
ACZ81_RS13095,0.5557287221156532,912.9255930324892,0.1285962827861577,0.3416743619457384,RNA,C2vsA2_rna,ACZ81_13085,tier1:gene_id
ACZ81_RS13100,0.7367263247472219,1528.2527957298046,0.0750491335634707,0.246598791037383,RNA,C2vsA2_rna,ACZ81_13090,tier1:gene_id
ACZ81_RS13105,-0.0978133726889441,728.3219689951911,0.8193437999076322,0.9322092751754404,RNA,C2vsA2_rna,ACZ81_13095,tier1:gene_id
ACZ81_RS13110,0.3392363336428926,727.173623160681,0.3746076968876897,0.6325446464282034,RNA,C2vsA2_rna,ACZ81_13100,tier1:gene_id
ACZ81_RS13115,0.3680577532545907,2721.629913654655,0.3589207305224911,0.6191729545060821,RNA,C2vsA2_rna,ACZ81_13105,tier1:gene_id
ACZ81_RS13120,-1.3500011037437174,1171.4912547917954,0.0005361810457623,0.008087061487213,RNA,C2vsA2_rna,ACZ81_13110,tier1:gene_id
ACZ81_RS13125,-1.404482168590654,3278.983335949588,1.838569567702321e-05,0.0005158280493441,RNA,C2vsA2_rna,ACZ81_13115,tier1:gene_id
ACZ81_RS13130,-0.1829895194349765,49279.01226582527,0.6545258017411093,0.8492747466317369,RNA,C2vsA2_rna,ACZ81_13120,tier1:gene_id
ACZ81_RS13135,-1.217205467558822,7606.934400541477,0.0041708632548157,0.0351668106725044,RNA,C2vsA2_rna,ACZ81_13125,tier1:gene_id
ACZ81_RS13140,0.4433677116392568,1150.2846131814597,0.0634063822295707,0.2207177499782027,RNA,C2vsA2_rna,ACZ81_13130,tier1:gene_id
ACZ81_RS13145,-0.4795320949453485,494.7667505193404,0.1912639112068047,0.4367392212644852,RNA,C2vsA2_rna,ACZ81_13135,tier1:gene_id
ACZ81_RS13150,-0.4697093903068018,363.6982276738982,0.0213264333999713,0.1104021300654,RNA,C2vsA2_rna,ACZ81_13140,tier1:gene_id
ACZ81_RS13155,-0.0569573791200717,580.5826918189173,0.8792617512373796,0.955852583676635,RNA,C2vsA2_rna,ACZ81_13145,tier1:gene_id
ACZ81_RS13160,-0.008423234476212,407.7619730534193,0.9826866677860188,0.9940092960146516,RNA,C2vsA2_rna,ACZ81_13150,tier1:gene_id
ACZ81_RS13165,-0.4743909094951176,2963.042284473703,0.1452529955504511,0.3667432461601069,RNA,C2vsA2_rna,ACZ81_13155,tier1:gene_id
ACZ81_RS13175,0.1197211995710237,1156.2736383222752,0.7057389749089377,0.8720125553848653,RNA,C2vsA2_rna,ACZ81_13165,tier1:gene_id
ACZ81_RS13180,0.3719971391030958,1280.022605050931,0.3079307869607127,0.5674865949868533,RNA,C2vsA2_rna,ACZ81_13170,tier1:gene_id
ACZ81_RS13185,1.379041811875924,584.209748068758,0.0353706718538597,0.1537514367388468,RNA,C2vsA2_rna,ACZ81_13175,tier1:gene_id
ACZ81_RS13190,-0.600212032288492,29.75721904749389,0.2546509778721718,0.5100647644648794,RNA,C2vsA2_rna,ACZ81_13180,tier1:gene_id
ACZ81_RS13195,1.4214942542789069,9.444161963254189,0.0869440875074902,0.2693588255444409,RNA,C2vsA2_rna,ACZ81_13185,tier1:gene_id
ACZ81_RS13200,0.5985897938456302,10.159675958204549,0.4311148818464494,0.6859664575137427,RNA,C2vsA2_rna,ACZ81_13190,tier1:gene_id
ACZ81_RS13205,0.6563096182879151,11.287518872452704,0.3712089234647029,0.6297210151967815,RNA,C2vsA2_rna,ACZ81_13195,tier1:gene_id
ACZ81_RS13210,0.6689065012793365,2.806920603093872,0.6730153190905237,0.8605441868822749,RNA,C2vsA2_rna,ACZ81_13200,tier1:gene_id
ACZ81_RS13215,-1.0501807266046763,154.61360857690136,0.0034823849898342,0.0309785556080158,RNA,C2vsA2_rna,ACZ81_13205,tier1:gene_id
ACZ81_RS13220,-0.013293586535451,990.2801786613372,0.9774314701162056,0.9912677093291752,RNA,C2vsA2_rna,ACZ81_13210,tier1:gene_id
ACZ81_RS13225,1.0884881270798863,164.45154403265778,0.1061703549504609,0.3078348308546924,RNA,C2vsA2_rna,ACZ81_13215,tier1:gene_id
ACZ81_RS13230,1.6554475481779671,439.3875898967788,0.0077616518051644,0.0535047200039859,RNA,C2vsA2_rna,ACZ81_13220,tier1:gene_id
ACZ81_RS13235,1.1402571826266923,1586.893574959081,0.0947832868739998,0.2850603800138584,RNA,C2vsA2_rna,ACZ81_13225,tier1:gene_id
ACZ81_RS13240,0.0255624553363143,1492.6183603763857,0.8885181955385784,0.9569357630596184,RNA,C2vsA2_rna,ACZ81_13230,tier1:gene_id
ACZ81_RS13245,0.3859740603963116,691.856273265895,0.0847775945499575,0.2657207178598355,RNA,C2vsA2_rna,ACZ81_13235,tier1:gene_id
ACZ81_RS13250,0.4986497248812113,323.24808965340804,0.0665649824828594,0.2272000527943304,RNA,C2vsA2_rna,ACZ81_13240,tier1:gene_id
ACZ81_RS13255,0.3570333831314602,3335.309359896719,0.2681005862232886,0.5257182560742102,RNA,C2vsA2_rna,ACZ81_13245,tier1:gene_id
ACZ81_RS13260,0.4567977853822315,820.6104940569676,0.2114691490829735,0.4620524257649034,RNA,C2vsA2_rna,ACZ81_13250,tier1:gene_id
ACZ81_RS13265,-0.3290894690629181,379.0607038542595,0.2628362874009283,0.5192019621135029,RNA,C2vsA2_rna,ACZ81_13255,tier1:gene_id
ACZ81_RS13270,0.4841766283622494,6349.508327717521,0.3691945880010839,0.6286312116425168,RNA,C2vsA2_rna,ACZ81_13260,tier1:gene_id
ACZ81_RS13275,-1.190930014221153,112.49277146095996,0.0016296564298557,0.0170408023428945,RNA,C2vsA2_rna,ACZ81_13265,tier1:gene_id
ACZ81_RS13280,-0.9918752573698982,235.3296556018296,0.0002539306428529,0.0044323562606835,RNA,C2vsA2_rna,ACZ81_13270,tier1:gene_id
ACZ81_RS13285,-0.9918049583495228,302.69007306341655,8.016770660784471e-05,0.0018274593119924,RNA,C2vsA2_rna,ACZ81_13275,tier1:gene_id
ACZ81_RS13290,-1.1591255041129211,401.5361222725029,0.0006887780182751,0.0096284927153996,RNA,C2vsA2_rna,ACZ81_13280,tier1:gene_id
ACZ81_RS13295,-0.7725131231289766,147.58331956879255,0.0170626839251464,0.095077066538455,RNA,C2vsA2_rna,ACZ81_13285,tier1:gene_id
ACZ81_RS13300,0.096563168283063,52.285969420481,0.8306231338701592,0.9366104589901852,RNA,C2vsA2_rna,ACZ81_13290,tier1:gene_id
ACZ81_RS13305,0.0695855805178287,51.17367133539705,0.8850062481773736,0.9567514259515674,RNA,C2vsA2_rna,ACZ81_13295,tier1:gene_id
ACZ81_RS13310,-0.0369965824830001,49.21778123459126,0.924153136234501,0.9698410626661832,RNA,C2vsA2_rna,ACZ81_13300,tier1:gene_id
ACZ81_RS13315,0.0855452345017214,2752.280194821051,0.7426522907810831,0.8915382976103248,RNA,C2vsA2_rna,ACZ81_13305,tier1:gene_id
ACZ81_RS13320,1.1923417940057983,3635.519059822669,0.0349340835344728,0.1526748835951034,RNA,C2vsA2_rna,ACZ81_13310,tier1:gene_id
ACZ81_RS13325,0.1487559688953139,3532.370265129417,0.6658550739829365,0.855808898893698,RNA,C2vsA2_rna,ACZ81_13315,tier1:gene_id
ACZ81_RS13330,-0.0465288405778611,12691.527695387998,0.8504773868543622,0.9457082250719794,RNA,C2vsA2_rna,ACZ81_13320,tier1:gene_id
ACZ81_RS13335,0.7363009966963957,3991.353862010037,0.0074619332225486,0.0523378952602539,RNA,C2vsA2_rna,ACZ81_13325,tier1:gene_id
ACZ81_RS13340,0.4780139043947966,8343.132812045822,0.2146607763612999,0.4647701212960254,RNA,C2vsA2_rna,ACZ81_13330,tier1:gene_id
ACZ81_RS13385,0.1451485347537446,793.4940621343796,0.6379916294699889,0.838945400666534,RNA,C2vsA2_rna,ACZ81_13375,tier1:gene_id
ACZ81_RS13390,0.3583650691074718,72.62670275196196,0.3609824903307355,0.6197097780089478,RNA,C2vsA2_rna,ACZ81_13380,tier1:gene_id
ACZ81_RS13395,0.1959329389470069,52.84123181623384,0.5532484781599212,0.7750114854670405,RNA,C2vsA2_rna,ACZ81_13385,tier1:gene_id
ACZ81_RS13400,0.3687009112988605,1848.0290891805205,0.1720449073450215,0.4109265736810081,RNA,C2vsA2_rna,ACZ81_13390,tier1:gene_id
ACZ81_RS13405,0.0612675796160412,664.0132830443712,0.8358064501544149,0.9373576657616248,RNA,C2vsA2_rna,ACZ81_13395,tier1:gene_id
ACZ81_RS13410,0.3090217389927756,229.4815626783285,0.2708269024188548,0.5274551128662357,RNA,C2vsA2_rna,ACZ81_13400,tier1:gene_id
ACZ81_RS13415,1.309107624838995,82.37199928598504,0.0023677668670004,0.0233402473474344,RNA,C2vsA2_rna,ACZ81_13405,tier1:gene_id
ACZ81_RS13420,0.9057961750627028,179.5554687221082,0.046572490854582,0.1844509706896181,RNA,C2vsA2_rna,ACZ81_13410,tier1:gene_id
ACZ81_RS13425,0.8211399089939994,791.6973095660078,0.1062498348397292,0.3078348308546924,RNA,C2vsA2_rna,ACZ81_13415,tier1:gene_id
ACZ81_RS13430,1.0914154360523969,2104.1666366894246,0.0495929511838849,0.1918678111376533,RNA,C2vsA2_rna,ACZ81_13420,tier1:gene_id
ACZ81_RS13435,0.1966308474885136,698.4180463011677,0.5862711519910047,0.803242352161669,RNA,C2vsA2_rna,ACZ81_13425,tier1:gene_id
ACZ81_RS13440,-1.0573224635325822,1565.3816258753525,9.738400551939947e-05,0.002100562527655,RNA,C2vsA2_rna,ACZ81_13430,tier1:gene_id
ACZ81_RS13445,0.2839365679032372,117.92818879795216,0.5127691828810508,0.7440911167219695,RNA,C2vsA2_rna,ACZ81_13435,tier1:gene_id
ACZ81_RS13450,0.6685783970102028,402.028165074545,0.2383897122666073,0.4950411623258947,RNA,C2vsA2_rna,ACZ81_13440,tier1:gene_id
ACZ81_RS13455,-0.0425204753423106,4436.576173560398,0.7652224609954146,0.9026875848368078,RNA,C2vsA2_rna,ACZ81_13445,tier1:gene_id
ACZ81_RS13460,0.5965135868828308,2443.4917229514112,0.0482336222300678,0.1884257958977917,RNA,C2vsA2_rna,ACZ81_13450,tier1:gene_id
ACZ81_RS13465,0.5624301486089179,604.7153185480512,0.045727813269165,0.1826239268771361,RNA,C2vsA2_rna,ACZ81_13455,tier1:gene_id
ACZ81_RS13470,0.5943047196730121,921.7522171184992,0.0698614283676669,0.233959975468347,RNA,C2vsA2_rna,ACZ81_13460,tier1:gene_id
ACZ81_RS13475,-0.019561664388273,878.311338393429,0.9390442819154612,0.972832218361396,RNA,C2vsA2_rna,ACZ81_13465,tier1:gene_id
ACZ81_RS13480,0.1624998202500166,665.1195549396052,0.6083643469998401,0.8184114920945686,RNA,C2vsA2_rna,ACZ81_13470,tier1:gene_id
ACZ81_RS13485,0.5858140076032505,737.2354327333555,0.0389277677762683,0.1645713428012525,RNA,C2vsA2_rna,ACZ81_13475,tier1:gene_id
ACZ81_RS13490,0.4535003364727473,4002.1717324009214,0.1407390429845285,0.3609804358901539,RNA,C2vsA2_rna,ACZ81_13480,tier1:gene_id
ACZ81_RS13495,0.7449789082231156,2872.6230111491413,0.2152347258474374,0.4657614455770868,RNA,C2vsA2_rna,ACZ81_13485,tier1:gene_id
ACZ81_RS13500,0.0314595515100915,386.4690140336551,0.9198908765908644,0.9686398567647296,RNA,C2vsA2_rna,ACZ81_13490,tier1:gene_id
ACZ81_RS13505,-0.4057594174202152,520.5978969038765,0.2748933823074191,0.5316857621972061,RNA,C2vsA2_rna,ACZ81_13495,tier1:gene_id
ACZ81_RS13510,0.5293110608553129,402.7745249812591,0.1458644110246287,0.3678240207610374,RNA,C2vsA2_rna,ACZ81_13500,tier1:gene_id
ACZ81_RS13515,0.3644529283011281,1985.7076572512133,0.25363701529692,0.5095601929750841,RNA,C2vsA2_rna,ACZ81_13505,tier1:gene_id
ACZ81_RS13520,0.8807262070020466,2172.425494865608,0.068853917029626,0.2311647825295897,RNA,C2vsA2_rna,ACZ81_13510,tier1:gene_id
ACZ81_RS13525,1.2091113366724509,2221.2195954296694,0.0216966336159752,0.1117418409079493,RNA,C2vsA2_rna,ACZ81_13515,tier1:gene_id
ACZ81_RS13530,1.1007806615819122,5331.21137051857,0.0340833375378729,0.1505973019845221,RNA,C2vsA2_rna,ACZ81_13520,tier1:gene_id
ACZ81_RS13535,1.408820513241945,4227.267312616531,0.0026521013400958,0.0252737068324573,RNA,C2vsA2_rna,ACZ81_13525,tier1:gene_id
ACZ81_RS13540,0.6297070042948518,3976.0488035143726,0.2232917793239077,0.4775301805157346,RNA,C2vsA2_rna,ACZ81_13530,tier1:gene_id
ACZ81_RS13545,0.0872168080420287,440.7399695964183,0.8051000804098856,0.924301037038234,RNA,C2vsA2_rna,ACZ81_13535,tier1:gene_id
ACZ81_RS13550,0.1098786042237482,417.108493245916,0.5824996360185415,0.7995964716166245,RNA,C2vsA2_rna,ACZ81_13540,tier1:gene_id
ACZ81_RS13555,-1.0142811078932032,730.5020495925381,1.7464592249462462e-06,6.802713019887707e-05,RNA,C2vsA2_rna,ACZ81_13545,tier1:gene_id
ACZ81_RS13560,-1.1227871169201695,1135.7867756944463,3.5410853340263506e-06,0.0001291530396373,RNA,C2vsA2_rna,ACZ81_13550,tier1:gene_id
ACZ81_RS13565,1.260308477490398,2576.291319389801,0.0210164260172443,0.1095037677677717,RNA,C2vsA2_rna,ACZ81_13555,tier1:gene_id
ACZ81_RS13570,-0.4404095360090417,78.11805910782164,0.2230518223533586,0.4775260999368596,RNA,C2vsA2_rna,ACZ81_13560,tier1:gene_id
ACZ81_RS13575,-0.2540033286478168,96.4077931965554,0.4382056545414005,0.6915228131014464,RNA,C2vsA2_rna,ACZ81_13565,tier1:gene_id
ACZ81_RS13580,-0.4352768821129556,482.4425271277425,0.3596653206424723,0.619528349291724,RNA,C2vsA2_rna,ACZ81_13570,tier1:gene_id
ACZ81_RS13585,-0.7089320446376524,1341.1865667700013,0.0176646345894224,0.0974835130299349,RNA,C2vsA2_rna,ACZ81_13575,tier1:gene_id
ACZ81_RS13590,-0.1785783191809931,669.7654762298422,0.5989563454104171,0.8118286681711464,RNA,C2vsA2_rna,ACZ81_13580,tier1:gene_id
ACZ81_RS13595,-0.2819012168940632,2526.3234458776765,0.3069833119038782,0.5665211809376077,RNA,C2vsA2_rna,ACZ81_13585,tier1:gene_id
ACZ81_RS13600,-1.817547689403764,2120.931102313933,7.479589876967887e-06,0.0002326210433053,RNA,C2vsA2_rna,ACZ81_13590,tier1:gene_id
ACZ81_RS13605,-0.7084765889865408,118.45935399991976,0.1306406272243866,0.3450067928048995,RNA,C2vsA2_rna,ACZ81_13595,tier1:gene_id
ACZ81_RS13610,-0.2212485765948914,8375.252310833854,0.6797335557748027,0.8619124607359382,RNA,C2vsA2_rna,ACZ81_13600,tier1:gene_id
ACZ81_RS13615,-0.0482854111052379,12163.094633820778,0.9268651817822612,0.9700736661076508,RNA,C2vsA2_rna,ACZ81_13605,tier1:gene_id
ACZ81_RS13620,0.1894741376026897,1434.6628308373868,0.6601984490026687,0.8519511667413016,RNA,C2vsA2_rna,ACZ81_13610,tier1:gene_id
ACZ81_RS13625,-0.0275280742730312,413.7255676244627,0.9441740043225946,0.9751467946019312,RNA,C2vsA2_rna,ACZ81_13615,tier1:gene_id
ACZ81_RS13630,0.2309222740128886,322.32772605613167,0.4652729979906614,0.7101246896959834,RNA,C2vsA2_rna,ACZ81_13620,tier1:gene_id
ACZ81_RS13635,0.5753701897583872,613.4574804135963,0.0789529134369239,0.2552450352207402,RNA,C2vsA2_rna,ACZ81_13625,tier1:gene_id
ACZ81_RS13640,0.1612394744045259,420.4843904949077,0.6734598689748896,0.8605464519026251,RNA,C2vsA2_rna,ACZ81_13630,tier1:gene_id
ACZ81_RS13645,0.5811292650884655,78.05789208937726,0.1864346825161583,0.429918372584297,RNA,C2vsA2_rna,ACZ81_13635,tier1:gene_id
ACZ81_RS13650,0.1526521361035242,495.3183210675194,0.5125575439894139,0.7440911167219695,RNA,C2vsA2_rna,ACZ81_13640,tier1:gene_id
ACZ81_RS13655,0.4977027994221872,331.3626485947772,0.169203003442815,0.4072240250825279,RNA,C2vsA2_rna,ACZ81_13645,tier1:gene_id
ACZ81_RS13660,-0.065604122623892,67.5401301826082,0.881616071253346,0.9560883150101184,RNA,C2vsA2_rna,ACZ81_13650,tier1:gene_id
ACZ81_RS13665,-0.2151416257903735,44.57244895176201,0.6048943378685062,0.8162919890778496,RNA,C2vsA2_rna,ACZ81_13655,tier1:gene_id
ACZ81_RS13670,0.5874151202323102,191.5354675172178,0.0198808747128511,0.1056451249641838,RNA,C2vsA2_rna,ACZ81_13660,tier1:gene_id
ACZ81_RS13675,0.269407429456849,1342.8978156155326,0.0793794564275499,0.255594204805241,RNA,C2vsA2_rna,ACZ81_13665,tier1:gene_id
ACZ81_RS13680,-0.9783485663273586,3221.820398533839,0.0074157037161082,0.0521047343415525,RNA,C2vsA2_rna,ACZ81_13670,tier1:gene_id
ACZ81_RS13685,-0.70198342912383,7495.015585048509,0.5172857848118306,0.7476046717093171,RNA,C2vsA2_rna,ACZ81_13675,tier1:gene_id
ACZ81_RS13690,-1.4846683207172786,1704.3295382360916,3.5545826831765255e-08,2.02768752604139e-06,RNA,C2vsA2_rna,ACZ81_13680,tier1:gene_id
ACZ81_RS13695,-0.5619487961074566,3362.246641206464,0.4292400948670925,0.6849262304222729,RNA,C2vsA2_rna,ACZ81_13685,tier1:gene_id
ACZ81_RS13700,-0.4741935574382701,5719.790041369103,0.2441459829598294,0.4987340548038879,RNA,C2vsA2_rna,ACZ81_13690,tier1:gene_id
ACZ81_RS13705,0.2065505810224777,411.7795283644046,0.4175225387537116,0.6748994462046298,RNA,C2vsA2_rna,ACZ81_13695,tier1:gene_id
ACZ81_RS13710,-0.0035888858116146,124.94358310478913,0.9913315575331538,0.9972126534264684,RNA,C2vsA2_rna,ACZ81_13700,tier1:gene_id
ACZ81_RS13715,-1.0932134924827797,202.91670275995696,0.0067269569053414,0.0496113071768935,RNA,C2vsA2_rna,ACZ81_13705,tier1:gene_id
ACZ81_RS13720,-0.6455850053176291,6256.914039576238,0.0205332341504959,0.1079443581230861,RNA,C2vsA2_rna,ACZ81_RS13720,locus_tag:gene_id
ACZ81_RS13725,-0.15505422051742,854.1233693198725,0.6264651554050444,0.8311435858085444,RNA,C2vsA2_rna,ACZ81_13715,tier1:gene_id
ACZ81_RS13730,-0.1955785909998217,539.0817650566187,0.2776607812772178,0.5350504584458203,RNA,C2vsA2_rna,ACZ81_13720,tier1:gene_id
ACZ81_RS13735,0.1078587560113589,127.80193630813964,0.699928852966325,0.8701082242042281,RNA,C2vsA2_rna,ACZ81_13725,tier1:gene_id
ACZ81_RS13740,-0.1554724741827755,2964.90784897518,0.7374748946456329,0.888932593054727,RNA,C2vsA2_rna,ACZ81_13730,tier1:gene_id
ACZ81_RS13745,-0.8068100119480843,34482.32940348589,0.1144046681084541,0.3200777743731645,RNA,C2vsA2_rna,ACZ81_13735,tier1:gene_id
ACZ81_RS13750,0.0893059787060916,1204.398038510354,0.6587418756778897,0.8515052669031521,RNA,C2vsA2_rna,ACZ81_13740,tier1:gene_id
ACZ81_RS13755,-0.6921682854671882,309.39145478695065,0.0225597885986813,0.115152508725076,RNA,C2vsA2_rna,ACZ81_13745,tier1:gene_id
ACZ81_RS13760,-0.4631717488805945,340.8208929530756,0.1172332104018182,0.3241486148394863,RNA,C2vsA2_rna,ACZ81_13750,tier1:gene_id
ACZ81_RS13765,-0.1516109389529539,1170.798169511548,0.6213717211885974,0.8276204307076791,RNA,C2vsA2_rna,ACZ81_13755,tier1:gene_id
ACZ81_RS13770,-0.1143210818572229,601.7141324411522,0.5792719630520078,0.7978163802830948,RNA,C2vsA2_rna,ACZ81_13760,tier1:gene_id
ACZ81_RS13775,-0.1871069599163027,225.26507757086927,0.4536347479127883,0.7010718831379456,RNA,C2vsA2_rna,ACZ81_13765,tier1:gene_id
ACZ81_RS13780,0.0565686103573759,588.291062898132,0.7959062152892051,0.9214963337695252,RNA,C2vsA2_rna,ACZ81_13770,tier1:gene_id
ACZ81_RS13785,0.0971498776811502,167.5971761401504,0.7944109813620156,0.921415685812202,RNA,C2vsA2_rna,ACZ81_13775,tier1:gene_id
ACZ81_RS13790,-0.0258571779308917,217.7666094062264,0.9223829463593074,0.9686398567647296,RNA,C2vsA2_rna,ACZ81_13780,tier1:gene_id
ACZ81_RS13795,-0.7400513332543139,79.35930934944025,0.0416291845154656,0.1725374878884794,RNA,C2vsA2_rna,ACZ81_13785,tier1:gene_id
ACZ81_RS13800,-0.3231237623040496,1346.04817349103,0.1071401966082233,0.3090197475141569,RNA,C2vsA2_rna,ACZ81_13790,tier1:gene_id
ACZ81_RS13805,-0.293284191149127,750.7600716184728,0.1151699225996177,0.3210991865668287,RNA,C2vsA2_rna,ACZ81_13795,tier1:gene_id
ACZ81_RS13810,-0.3327309600725152,253.64611296803224,0.2396550076716721,0.4951585622184606,RNA,C2vsA2_rna,ACZ81_13800,tier1:gene_id
ACZ81_RS13815,-0.3446877354240111,377.75538895705785,0.2808353083246923,0.53746446329613,RNA,C2vsA2_rna,ACZ81_RS13815,locus_tag:gene_id
ACZ81_RS13820,-0.3361497315551233,186.0748114822971,0.2656099546299367,0.5223662441055422,RNA,C2vsA2_rna,ACZ81_13810,tier1:gene_id
ACZ81_RS13825,-0.3958459197693715,341.03795324866815,0.0451727323721943,0.1812330022772436,RNA,C2vsA2_rna,ACZ81_13815,tier1:gene_id
ACZ81_RS13830,-0.7629738941677603,218.52549088368187,0.0424595373517155,0.1747155526718799,RNA,C2vsA2_rna,ACZ81_13820,tier1:gene_id
ACZ81_RS13835,-0.6919949240978465,77.6931074758324,0.0376158064309086,0.1603982314288036,RNA,C2vsA2_rna,ACZ81_13825,tier1:gene_id
ACZ81_RS13840,-0.274784575920821,308.9880722925463,0.3507702357902486,0.6121314423621042,RNA,C2vsA2_rna,ACZ81_13830,tier1:gene_id
ACZ81_RS13845,0.0447368126549581,850.8309371802101,0.8302859243998536,0.936493429488955,RNA,C2vsA2_rna,ACZ81_13835,tier1:gene_id
ACZ81_RS13850,-0.0514774961772687,206.9538917334206,0.8576617557169903,0.948439626222868,RNA,C2vsA2_rna,ACZ81_13840,tier1:gene_id
ACZ81_RS13855,-0.4557309111648837,97.43453857808493,0.1765079941961183,0.4175027452944661,RNA,C2vsA2_rna,ACZ81_13845,tier1:gene_id
ACZ81_RS13860,-0.236821777739842,403.7025526198525,0.4349735185245141,0.6892234424645935,RNA,C2vsA2_rna,ACZ81_13850,tier1:gene_id
ACZ81_RS13865,-0.3892830376408927,179.52015050942344,0.2007464637662363,0.4494294179429093,RNA,C2vsA2_rna,ACZ81_13855,tier1:gene_id
ACZ81_RS13870,-0.0555098869440718,417.4664736958075,0.8899703834842366,0.9574814441902894,RNA,C2vsA2_rna,ACZ81_13860,tier1:gene_id
ACZ81_RS13875,-0.0919488271697168,1378.9375482499256,0.6877211941816739,0.8662911871450159,RNA,C2vsA2_rna,ACZ81_13865,tier1:gene_id
ACZ81_RS13880,0.0885008597945853,2627.095565044545,0.6916107429888569,0.8669189631855041,RNA,C2vsA2_rna,ACZ81_13870,tier1:gene_id
ACZ81_RS13885,-0.0947744647936581,842.7907496674648,0.7000060120001372,0.8701082242042281,RNA,C2vsA2_rna,ACZ81_13875,tier1:gene_id
ACZ81_RS13890,-0.3385920648130988,384.37313727457,0.258244059561827,0.5135245017951316,RNA,C2vsA2_rna,ACZ81_13880,tier1:gene_id
ACZ81_RS13895,0.0698341919954572,503.6248697647988,0.8125405288660452,0.9294471789375384,RNA,C2vsA2_rna,ACZ81_13885,tier1:gene_id
ACZ81_RS13900,-0.6083174673243216,1106.8303393584342,0.000243205032977,0.0043306145892021,RNA,C2vsA2_rna,ACZ81_13890,tier1:gene_id
ACZ81_RS13905,-0.5928299803375295,218.4002260534648,0.1116459390016758,0.3161947898365451,RNA,C2vsA2_rna,ACZ81_13895,tier1:gene_id
ACZ81_RS13910,0.2409611944449656,627.7213006641196,0.3632957919491981,0.622014404761323,RNA,C2vsA2_rna,ACZ81_13900,tier1:gene_id
ACZ81_RS13915,0.6921667478791941,412.1569958941381,0.002835011570839,0.026512975343138,RNA,C2vsA2_rna,ACZ81_13905,tier1:gene_id
ACZ81_RS13920,-0.2247349626710712,2678.9243432057565,0.5711800671580964,0.7912895129275839,RNA,C2vsA2_rna,ACZ81_13910,tier1:gene_id
ACZ81_RS13925,0.117752239153135,947.954748756198,0.6538223202195526,0.8489110513659691,RNA,C2vsA2_rna,ACZ81_13915,tier1:gene_id
ACZ81_RS13930,1.245612482998498,1277.071788356846,0.0335625308439097,0.1491172466730521,RNA,C2vsA2_rna,ACZ81_13920,tier1:gene_id
ACZ81_RS13935,0.492311694109514,276.86794816902994,0.0529142696298666,0.1991482643105298,RNA,C2vsA2_rna,ACZ81_13925,tier1:gene_id
ACZ81_RS13940,-0.1371683178394947,30801.340107113672,0.8107884742249649,0.9285993030518296,RNA,C2vsA2_rna,ACZ81_13930,tier1:gene_id
ACZ81_RS13945,-0.6046125616077547,110.76693927060394,0.1222367729486069,0.3313607655877103,RNA,C2vsA2_rna,ACZ81_13935,tier1:gene_id
ACZ81_RS13950,6.920058045398503,4848.142414288178,2.247362712574478e-16,6.935707079114468e-14,RNA,C2vsA2_rna,ACZ81_13940,tier1:gene_id
ACZ81_RS13955,-0.6033842122384286,616.6394013193,0.0369236432400198,0.1584359964480853,RNA,C2vsA2_rna,ACZ81_13945,tier1:gene_id
ACZ81_RS13960,0.1997088251247648,108.22335091866096,0.5448425111778539,0.7686034299738219,RNA,C2vsA2_rna,ACZ81_13950,tier1:gene_id
ACZ81_RS13965,2.6567571539733583,14988.035910823502,1.368237994569131e-09,1.1436189237940324e-07,RNA,C2vsA2_rna,ACZ81_13955,tier1:gene_id
ACZ81_RS13970,1.429962052896535,758.1942504429287,2.046051291774048e-05,0.000566121226386,RNA,C2vsA2_rna,ACZ81_13960,tier1:gene_id
ACZ81_RS13975,1.477232498042569,658.662590427656,6.129889496505374e-10,5.3463297086912124e-08,RNA,C2vsA2_rna,ACZ81_13965,tier1:gene_id
ACZ81_RS13980,0.0891120547426805,658.6305077908389,0.7036207878061602,0.8709366131263768,RNA,C2vsA2_rna,ACZ81_13970,tier1:gene_id
ACZ81_RS13985,0.2111857368140318,961.546126564922,0.7277096895883644,0.8820457023046882,RNA,C2vsA2_rna,ACZ81_13975,tier1:gene_id
ACZ81_RS13990,-0.335702220746,322.0694288652896,0.4936782086558709,0.7326504235969169,RNA,C2vsA2_rna,ACZ81_13980,tier1:gene_id
ACZ81_RS13995,1.7351247931773006,465.415839097701,0.0007172264267209,0.0099224566344983,RNA,C2vsA2_rna,ACZ81_13985,tier1:gene_id
ACZ81_RS14000,4.624938803643216,1461.7651194800417,1.695196786920291e-20,9.715899298748869e-18,RNA,C2vsA2_rna,ACZ81_13990,tier1:gene_id
ACZ81_RS14005,0.7157670989549244,214.644264355324,0.0361789590026159,0.1559337027056385,RNA,C2vsA2_rna,ACZ81_13995,tier1:gene_id
ACZ81_RS14010,1.019365398836112,346.6531752040036,0.0032392411019299,0.0292698993264483,RNA,C2vsA2_rna,ACZ81_14000,tier1:gene_id
ACZ81_RS14015,0.274799448038621,40.29031497248293,0.5949596025533057,0.8083230360460083,RNA,C2vsA2_rna,ACZ81_14005,tier1:gene_id
ACZ81_RS14020,-0.05730239585778,79.00275759797127,0.9009282022548726,0.962920287779617,RNA,C2vsA2_rna,ACZ81_14010,tier1:gene_id
ACZ81_RS14025,0.1658813543381526,970.6216963141304,0.6056069349513544,0.8166563984440995,RNA,C2vsA2_rna,ACZ81_14015,tier1:gene_id
ACZ81_RS14035,3.2289809158281115,2.6678874657569374,0.1271754408480635,0.3393778372819819,RNA,C2vsA2_rna,ACZ81_14025,tier1:gene_id
ACZ81_RS14040,0.0651954071975698,203.0046894890916,0.8157069979601355,0.9302491403684092,RNA,C2vsA2_rna,ACZ81_14030,tier1:gene_id
ACZ81_RS14045,-0.4746941275906685,248.00262709392047,0.2614399452261343,0.5180260843113278,RNA,C2vsA2_rna,ACZ81_14035,tier1:gene_id
ACZ81_RS14050,0.877775893310978,1198.135119384995,0.0004669072818628,0.007288840524645,RNA,C2vsA2_rna,ACZ81_14040,tier1:gene_id
ACZ81_RS14055,0.6476152343312763,129.80247567609678,0.1027532202558524,0.3015698022432186,RNA,C2vsA2_rna,ACZ81_14045,tier1:gene_id
ACZ81_RS14060,0.5242018548188155,123.082841534899,0.1162239743281238,0.3217500878659881,RNA,C2vsA2_rna,ACZ81_14050,tier1:gene_id
ACZ81_RS14065,0.0856994255576145,23.17288399465773,0.8959057537721958,0.960260598330384,RNA,C2vsA2_rna,ACZ81_14055,tier1:gene_id
ACZ81_RS14070,-0.2321498133836743,14.87623954264953,0.7929083654864867,0.9204711696561876,RNA,C2vsA2_rna,ACZ81_14060,tier1:gene_id
ACZ81_RS14075,0.0945537548222314,385.8246513203701,0.6573475217027951,0.8510094408104594,RNA,C2vsA2_rna,ACZ81_14065,tier1:gene_id
ACZ81_RS14080,0.057676107737877,160.70509263060364,0.8518286563134809,0.9461618408443204,RNA,C2vsA2_rna,ACZ81_14070,tier1:gene_id
ACZ81_RS14085,0.0649001683218183,34.25014185033661,0.9048634961196182,0.9652518868470908,RNA,C2vsA2_rna,ACZ81_14075,tier1:gene_id
ACZ81_RS14090,-0.9341475087149742,99.38589446465572,0.1120882073429119,0.3163403596744021,RNA,C2vsA2_rna,ACZ81_14080,tier1:gene_id
ACZ81_RS14095,0.0738474543314796,326.0245634922942,0.78027214051961,0.9138988442245296,RNA,C2vsA2_rna,ACZ81_14085,tier1:gene_id
ACZ81_RS14100,1.983004233665831,400.59176957437575,0.0086024457123793,0.058005062517758,RNA,C2vsA2_rna,ACZ81_14090,tier1:gene_id
ACZ81_RS14105,-0.181637703163139,449.1093122013926,0.3484971057410406,0.6102882532662833,RNA,C2vsA2_rna,ACZ81_14095,tier1:gene_id
ACZ81_RS14110,0.0386122875317628,306.68114792284314,0.8503687124784299,0.9457082250719794,RNA,C2vsA2_rna,ACZ81_14100,tier1:gene_id
ACZ81_RS14115,-0.0594805249815264,250.13572131768825,0.8973565478692922,0.9603079407979728,RNA,C2vsA2_rna,ACZ81_14105,tier1:gene_id
ACZ81_RS14120,0.8037771099558061,265.6218868024687,0.0053244958489032,0.0423007472194057,RNA,C2vsA2_rna,ACZ81_14110,tier1:gene_id
ACZ81_RS14125,1.278707244310099,310.8779007615293,0.0013232373745653,0.014954446047201,RNA,C2vsA2_rna,ACZ81_14115,tier1:gene_id
ACZ81_RS14130,0.917203224350404,972.4171179214268,0.0248462282638903,0.1230655157959606,RNA,C2vsA2_rna,ACZ81_14120,tier1:gene_id
ACZ81_RS14135,-0.2330506661660726,32.257338559456635,0.6709880835663026,0.8595943546346161,RNA,C2vsA2_rna,ACZ81_14125,tier1:gene_id
ACZ81_RS14140,0.1185371116862146,986.215240954018,0.6566135068461272,0.8506081335055415,RNA,C2vsA2_rna,ACZ81_14130,tier1:gene_id
ACZ81_RS14145,-0.7937030870214548,506.8755644270209,0.0208723797503717,0.1090364421334521,RNA,C2vsA2_rna,ACZ81_14135,tier1:gene_id
ACZ81_RS14150,0.0447799612172807,1378.7523962566995,0.9079177945952116,0.9658825733229368,RNA,C2vsA2_rna,ACZ81_14140,tier1:gene_id
ACZ81_RS14155,0.0691483293543115,535.2062529655302,0.8632043072218718,0.948815254951822,RNA,C2vsA2_rna,ACZ81_14145,tier1:gene_id
ACZ81_RS14160,-0.0958989493766578,305.9825839075061,0.7024174728964754,0.8706808728109015,RNA,C2vsA2_rna,ACZ81_14150,tier1:gene_id
ACZ81_RS14165,0.328844272958228,971.1136627575214,0.229063464267038,0.4865021803278754,RNA,C2vsA2_rna,ACZ81_14155,tier1:gene_id
ACZ81_RS14170,-0.6769326257235175,483.4346553539335,0.0108281569550461,0.0692863886820495,RNA,C2vsA2_rna,ACZ81_14160,tier1:gene_id
ACZ81_RS14175,1.4552092232303655,210.4035962812144,0.0025500943065836,0.0247723446925271,RNA,C2vsA2_rna,ACZ81_14165,tier1:gene_id
ACZ81_RS14180,1.417616129723168,244.01768238981177,0.0257008868959867,0.1255931281689389,RNA,C2vsA2_rna,ACZ81_14170,tier1:gene_id
ACZ81_RS14185,1.548780916723619,664.5497390832205,0.0027959982857196,0.0262092175754838,RNA,C2vsA2_rna,ACZ81_14175,tier1:gene_id
ACZ81_RS14190,0.0712631385158317,1165.2030026892517,0.746571770420081,0.8925534220803542,RNA,C2vsA2_rna,ACZ81_14180,tier1:gene_id
ACZ81_RS14195,0.1342794283527994,94.21079754462473,0.7541223760657781,0.8973662589635893,RNA,C2vsA2_rna,ACZ81_RS14195,locus_tag:gene_id
ACZ81_RS14200,0.2304769767792458,105.3586934109197,0.6909605990337346,0.866591811500113,RNA,C2vsA2_rna,ACZ81_14195,tier1:gene_id
ACZ81_RS14205,0.6042741292812256,74.4006754921657,0.0462129670047932,0.1835707164586439,RNA,C2vsA2_rna,ACZ81_14200,tier1:gene_id
ACZ81_RS14210,-0.2624386458893737,96.84209170339676,0.4604243083214267,0.7062852368079948,RNA,C2vsA2_rna,ACZ81_14205,tier1:gene_id
ACZ81_RS14215,-0.0385065649593349,72.7913175784936,0.9090780657657168,0.9658825733229368,RNA,C2vsA2_rna,ACZ81_14210,tier1:gene_id
ACZ81_RS14220,0.5487154253293175,730.596389318113,0.0395020795922133,0.166023214209521,RNA,C2vsA2_rna,ACZ81_14215,tier1:gene_id
ACZ81_RS14225,-0.2127574262253321,173.6697642985928,0.4960780845293445,0.7336031238966938,RNA,C2vsA2_rna,ACZ81_14220,tier1:gene_id
ACZ81_RS14230,-0.4260401857778735,32.43977672280067,0.2932853194554238,0.5516458985725085,RNA,C2vsA2_rna,ACZ81_14225,tier1:gene_id
ACZ81_RS14235,-0.224699435530696,18.94610522024453,0.7282650788907366,0.8824522792236892,RNA,C2vsA2_rna,ACZ81_14230,tier1:gene_id
ACZ81_RS14240,0.1233052105488374,94.6944020563824,0.8002154637390452,0.9224306070504428,RNA,C2vsA2_rna,ACZ81_14235,tier1:gene_id
ACZ81_RS14245,-0.7296642262624634,294.8216566706611,0.059750651988984,0.2127731578419625,RNA,C2vsA2_rna,ACZ81_14240,tier1:gene_id
ACZ81_RS14250,0.6395053444422979,183.9127660330064,0.2304802266663906,0.4866855535697243,RNA,C2vsA2_rna,ACZ81_14245,tier1:gene_id
ACZ81_RS14255,0.9713601496501868,164.422617052325,0.137748539178459,0.3560870742164806,RNA,C2vsA2_rna,ACZ81_14250,tier1:gene_id
ACZ81_RS14260,0.3981278571277417,149.51677099420135,0.2935311121977277,0.5518494949096925,RNA,C2vsA2_rna,ACZ81_14255,tier1:gene_id
ACZ81_RS14265,1.134775122164683,46.6500324188444,0.0274633634794384,0.1303616797071356,RNA,C2vsA2_rna,ACZ81_14260,tier1:gene_id
ACZ81_RS14270,1.5825663528342404,1523.8105426279224,0.0117911451744447,0.0732292173991834,RNA,C2vsA2_rna,ACZ81_14265,tier1:gene_id
ACZ81_RS14275,0.6190863119304805,213.9446912429843,0.1693245349747754,0.407238550631304,RNA,C2vsA2_rna,ACZ81_14270,tier1:gene_id
ACZ81_RS14280,-0.3105963725879411,438.8807918968321,0.335471538157293,0.5965921148435548,RNA,C2vsA2_rna,ACZ81_14275,tier1:gene_id
ACZ81_RS14285,0.7704144426803051,45.07588499190296,0.0405885757615289,0.1696264228700563,RNA,C2vsA2_rna,ACZ81_14280,tier1:gene_id
ACZ81_RS14290,0.6049965226179475,346.37841426434534,0.2809071047180324,0.53746446329613,RNA,C2vsA2_rna,ACZ81_14285,tier1:gene_id
ACZ81_RS14295,-1.1922217961749022,79.32103545829527,0.0132113338081598,0.0794660738205957,RNA,C2vsA2_rna,ACZ81_14290,tier1:gene_id
ACZ81_RS14300,-0.299962048295084,171.01889511297588,0.3672255718041021,0.6264068852372695,RNA,C2vsA2_rna,ACZ81_14295,tier1:gene_id
ACZ81_RS14305,0.5935376669133016,7.048987286582006,0.4738447309501395,0.7171677387056975,RNA,C2vsA2_rna,ACZ81_14300,tier1:gene_id
ACZ81_RS14310,0.37530594758492,127.82790774444832,0.4467427719460199,0.6976769174960811,RNA,C2vsA2_rna,ACZ81_14305,tier1:gene_id
ACZ81_RS14315,0.7829343786665762,71.53817501414754,0.0378013419219099,0.1606972015834394,RNA,C2vsA2_rna,ACZ81_14310,tier1:gene_id
ACZ81_RS14320,0.612378022903321,55.06563610071942,0.0771355610457137,0.250987729858397,RNA,C2vsA2_rna,ACZ81_14315,tier1:gene_id
ACZ81_RS14325,0.0847987570319011,739.9767508469223,0.8171278037628426,0.9310754753469254,RNA,C2vsA2_rna,ACZ81_14320,tier1:gene_id
ACZ81_RS14330,-0.6473650230695949,66.89728931107926,0.3978426054681815,0.6554391949851589,RNA,C2vsA2_rna,ACZ81_14325,tier1:gene_id
ACZ81_RS14335,4.433527366030402,2773.847826094935,2.217758738709611e-20,1.11220600746287e-17,RNA,C2vsA2_rna,ACZ81_14330,tier1:gene_id
ACZ81_RS14340,1.7410442359971796,174.9600266244581,0.0004966918160558,0.007605830404642,RNA,C2vsA2_rna,ACZ81_14335,tier1:gene_id
ACZ81_RS14345,-0.0834789964311709,59.37378194328328,0.8596107669715448,0.9487865028179958,RNA,C2vsA2_rna,ACZ81_14340,tier1:gene_id
ACZ81_RS14350,-0.3018787789284556,134.53233994836373,0.5208974308641012,0.7513393427634427,RNA,C2vsA2_rna,,unresolved
ACZ81_RS14355,0.2768671192885916,13.409009963942676,0.6665412925880714,0.8562803925274871,RNA,C2vsA2_rna,ACZ81_14350,tier1:gene_id
ACZ81_RS14360,-0.6201824092712964,51.70965220274677,0.2306777701664021,0.4866855535697243,RNA,C2vsA2_rna,ACZ81_14355,tier1:gene_id
ACZ81_RS14365,-2.83424685559191,681.6515541483528,2.631810300532414e-25,3.5196076419120148e-22,RNA,C2vsA2_rna,ACZ81_14360,tier1:gene_id
ACZ81_RS14370,0.2248496263873096,163.15432842516606,0.5714121567722199,0.7913377883914899,RNA,C2vsA2_rna,ACZ81_14365,tier1:gene_id
ACZ81_RS14375,-0.695244122450734,975.41128740741,0.0236376682431028,0.1192884591085897,RNA,C2vsA2_rna,ACZ81_14370,tier1:gene_id
ACZ81_RS14380,0.2885958581372208,375.24588470733954,0.1506855207624878,0.3754618979340651,RNA,C2vsA2_rna,ACZ81_14375,tier1:gene_id
ACZ81_RS14385,-0.1606906993612696,111.42755092324374,0.5778324453987576,0.7972021220563327,RNA,C2vsA2_rna,ACZ81_14380,tier1:gene_id
ACZ81_RS14390,0.602038445981708,162.9874899308193,0.0541128632004624,0.2019542392188422,RNA,C2vsA2_rna,ACZ81_14385,tier1:gene_id
ACZ81_RS14395,0.1831990550608756,882.3774622033893,0.5067574218869898,0.7406220851073871,RNA,C2vsA2_rna,ACZ81_14390,tier1:gene_id
ACZ81_RS14400,-0.4292928669059303,179.65575926816308,0.1547574171642557,0.3818491744544857,RNA,C2vsA2_rna,ACZ81_14395,tier1:gene_id
ACZ81_RS14405,-0.3730660846587172,304.5362298207594,0.2999247047265889,0.5586341296950207,RNA,C2vsA2_rna,ACZ81_14400,tier1:gene_id
ACZ81_RS14410,0.2694185240939404,457.4897685666705,0.2697636818326125,0.5266627209306285,RNA,C2vsA2_rna,ACZ81_14405,tier1:gene_id
ACZ81_RS14415,1.13215505623951,2328.463364426324,1.6152017963706434e-06,6.385435257322417e-05,RNA,C2vsA2_rna,ACZ81_14410,tier1:gene_id
ACZ81_RS14420,1.2549361421072036,1759.6606506793864,0.0010964890980541,0.013025917019184,RNA,C2vsA2_rna,ACZ81_14415,tier1:gene_id
ACZ81_RS14425,0.1442156691657979,257.7847739402374,0.6865995619748727,0.8659554125845051,RNA,C2vsA2_rna,ACZ81_14420,tier1:gene_id
ACZ81_RS14430,-0.1665265068699742,86.63218629141392,0.5946869522413076,0.8082263050108828,RNA,C2vsA2_rna,ACZ81_14425,tier1:gene_id
ACZ81_RS14435,-0.3616301765770457,267.4950811539145,0.269753948277449,0.5266627209306285,RNA,C2vsA2_rna,ACZ81_14430,tier1:gene_id
ACZ81_RS14440,0.0623246685127755,1288.3574113901152,0.7634628436155102,0.9022660275354628,RNA,C2vsA2_rna,ACZ81_14435,tier1:gene_id
ACZ81_RS14445,-1.2214613409282762,363.5003802071779,0.0001257544141056,0.0025741158642437,RNA,C2vsA2_rna,ACZ81_14440,tier1:gene_id
ACZ81_RS14450,-0.3044470702708294,924.0490089464436,0.4909674563879983,0.729541272232833,RNA,C2vsA2_rna,ACZ81_14445,tier1:gene_id
ACZ81_RS14455,-0.201604064747654,3900.479256023015,0.6302609154816812,0.834799205319414,RNA,C2vsA2_rna,ACZ81_14450,tier1:gene_id
ACZ81_RS14460,2.0029606942923595,2685.053635581009,0.0017841472574398,0.0184010251847009,RNA,C2vsA2_rna,ACZ81_14455,tier1:gene_id
ACZ81_RS14465,1.5861904546988868,1657.31156445984,0.0012969042364097,0.0147590003960569,RNA,C2vsA2_rna,ACZ81_14460,tier1:gene_id
ACZ81_RS14470,1.3070193846398863,5767.942155666857,0.0332787295681949,0.1486326319114075,RNA,C2vsA2_rna,ACZ81_14465,tier1:gene_id
ACZ81_RS14475,0.334578370913487,75.03911393956945,0.4588511409900159,0.7048012268904105,RNA,C2vsA2_rna,ACZ81_14470,tier1:gene_id
ACZ81_RS14480,-0.2203417791397243,43.60477334969179,0.6894661340385293,0.866591811500113,RNA,C2vsA2_rna,ACZ81_14475,tier1:gene_id
ACZ81_RS14485,-0.3037973452186945,56.20535410029418,0.2860683719919321,0.5438082346672982,RNA,C2vsA2_rna,ACZ81_14480,tier1:gene_id
ACZ81_RS14490,-0.228277077036815,52.55631144143202,0.5263555016838004,0.7550011700948899,RNA,C2vsA2_rna,ACZ81_14485,tier1:gene_id
ACZ81_RS14495,-0.6187965976411497,152.2929860717278,0.0756856157322187,0.2472725491186169,RNA,C2vsA2_rna,ACZ81_14490,tier1:gene_id
ACZ81_RS14500,0.0443802897188366,180.1638275614958,0.902468020059628,0.9642348059864788,RNA,C2vsA2_rna,ACZ81_14495,tier1:gene_id
ACZ81_RS14505,0.2005419633151281,151.41527980566107,0.4794311840126504,0.7190571627135527,RNA,C2vsA2_rna,ACZ81_14500,tier1:gene_id
ACZ81_RS14510,-0.0947001889326705,92.50806711305688,0.7463435826639695,0.8925534220803542,RNA,C2vsA2_rna,ACZ81_14505,tier1:gene_id
ACZ81_RS14515,-0.3660452561986528,222.58097431467888,0.240940548630288,0.4959740795816909,RNA,C2vsA2_rna,ACZ81_14510,tier1:gene_id
ACZ81_RS14520,-0.2381255160078826,3423.66401634606,0.5087901583529577,0.7420087660167454,RNA,C2vsA2_rna,ACZ81_14515,tier1:gene_id
ACZ81_RS14525,0.1109053020820053,436.5546282151443,0.6367863894925454,0.8387350606185463,RNA,C2vsA2_rna,ACZ81_14520,tier1:gene_id
ACZ81_RS14530,-0.161082268915303,85.96760777900843,0.7060284340311904,0.8720453958094521,RNA,C2vsA2_rna,ACZ81_14525,tier1:gene_id
ACZ81_RS14535,0.3313423319748322,400.4050532611443,0.157918445348257,0.3877410053471281,RNA,C2vsA2_rna,ACZ81_14530,tier1:gene_id
ACZ81_RS14540,-0.1778745488160029,350.5771714158874,0.4443092554475452,0.6965100280397643,RNA,C2vsA2_rna,ACZ81_14535,tier1:gene_id
ACZ81_RS14545,-0.1614950607116082,567.3888625082801,0.3899091684959963,0.6472137294190886,RNA,C2vsA2_rna,ACZ81_14540,tier1:gene_id
ACZ81_RS14550,-0.383162545707059,1340.8661163884285,0.0670552822456272,0.2279879596351325,RNA,C2vsA2_rna,ACZ81_14545,tier1:gene_id
ACZ81_RS14555,-0.8044718398276673,997.3870352694184,1.913919331483852e-07,9.25137874447375e-06,RNA,C2vsA2_rna,ACZ81_14550,tier1:gene_id
ACZ81_RS14565,0.4227366376823244,1714.7742609051184,0.185391992669186,0.4291936956657671,RNA,C2vsA2_rna,ACZ81_14560,tier1:gene_id
ACZ81_RS14570,0.2994750402357435,1160.1975133428791,0.3701236126416612,0.6292101414908241,RNA,C2vsA2_rna,ACZ81_14565,tier1:gene_id
ACZ81_RS14575,0.3567078590175567,504.8513189977108,0.2703830305035749,0.5271023898835483,RNA,C2vsA2_rna,ACZ81_14570,tier1:gene_id
ACZ81_RS14585,-0.0222267666354429,355.59349923146897,0.9423338317434812,0.9746574957957934,RNA,C2vsA2_rna,ACZ81_14580,tier1:gene_id
ACZ81_RS14590,-0.2218583710310683,1125.1516266811818,0.3510612226029411,0.6123728804708694,RNA,C2vsA2_rna,ACZ81_14585,tier1:gene_id
ACZ81_RS14595,0.0884042736697565,1502.0674743799664,0.8010339568703246,0.9224306070504428,RNA,C2vsA2_rna,ACZ81_14590,tier1:gene_id
ACZ81_RS14600,0.936838590602722,1476.5178637913382,0.0273714953616957,0.130111895013179,RNA,C2vsA2_rna,ACZ81_14595,tier1:gene_id
ACZ81_RS14605,-0.3442542956885601,1440.120730120768,0.121078115527315,0.3290340284213288,RNA,C2vsA2_rna,ACZ81_14600,tier1:gene_id
ACZ81_RS14615,-0.2787569046676565,1966.1494786161604,0.0840204615366624,0.2639703145537116,RNA,C2vsA2_rna,ACZ81_14610,tier1:gene_id
ACZ81_RS14620,-0.3486859399799646,2125.856967218365,0.1698180695927646,0.407238550631304,RNA,C2vsA2_rna,ACZ81_14615,tier1:gene_id
ACZ81_RS14625,-0.4664677293738402,1353.3545370222423,0.4241746745394346,0.6793568040926992,RNA,C2vsA2_rna,ACZ81_14620,tier1:gene_id
ACZ81_RS14630,0.7740425948604541,612.1065787114038,0.1940869170588735,0.4411766069349579,RNA,C2vsA2_rna,ACZ81_14625,tier1:gene_id
ACZ81_RS14635,0.6443562807195656,834.9677152107729,0.3564817623452649,0.6166812877686394,RNA,C2vsA2_rna,ACZ81_14630,tier1:gene_id
ACZ81_RS14640,-0.0630951467975912,3729.080443430754,0.8278526616137767,0.9353266342986404,RNA,C2vsA2_rna,ACZ81_14635,tier1:gene_id
ACZ81_RS14645,0.1178561311238009,5364.923964575163,0.4197258925261978,0.6770970168134723,RNA,C2vsA2_rna,ACZ81_14640,tier1:gene_id
ACZ81_RS14650,0.4348209263288205,1042.713530381517,0.2227611154341038,0.4775260999368596,RNA,C2vsA2_rna,ACZ81_14645,tier1:gene_id
ACZ81_RS14655,1.1980804100603235,2013.52360918759,0.0061001473661522,0.0461769645905711,RNA,C2vsA2_rna,ACZ81_14650,tier1:gene_id
ACZ81_RS14660,1.110938567786924,747.8425826393834,0.0458122818058085,0.182702658652986,RNA,C2vsA2_rna,ACZ81_14655,tier1:gene_id
ACZ81_RS14665,-0.0897629765356349,939.5631431356992,0.6459492866832521,0.8444268510873031,RNA,C2vsA2_rna,ACZ81_14660,tier1:gene_id
ACZ81_RS14670,-0.2582082875190802,139.59436059906383,0.2836674862620091,0.5411668829687022,RNA,C2vsA2_rna,ACZ81_14665,tier1:gene_id
ACZ81_RS14675,0.2964192836282908,372.2218474103015,0.5491368548790697,0.7719471134459802,RNA,C2vsA2_rna,ACZ81_14670,tier1:gene_id
ACZ81_RS14680,0.6943780319893464,716.2685575657014,0.018463797686657,0.1003750085621519,RNA,C2vsA2_rna,ACZ81_14675,tier1:gene_id
ACZ81_RS14685,1.4393039799648255,19672.423546639475,0.0176350830305881,0.0974835130299349,RNA,C2vsA2_rna,ACZ81_14680,tier1:gene_id
ACZ81_RS14690,1.906936788913766,1618.3832734539644,0.0047015244577549,0.0381832310212809,RNA,C2vsA2_rna,ACZ81_14685,tier1:gene_id
ACZ81_RS14695,1.172390134719221,250.6227348084212,0.0094798606882312,0.062145753400627,RNA,C2vsA2_rna,ACZ81_14690,tier1:gene_id
ACZ81_RS14700,0.2002180509933973,116.1344022046517,0.5589234418544661,0.7799655125983019,RNA,C2vsA2_rna,ACZ81_14695,tier1:gene_id
ACZ81_RS14705,-0.3535896427372179,3075.63467760032,0.1797637518863232,0.4220082929010701,RNA,C2vsA2_rna,ACZ81_14700,tier1:gene_id
ACZ81_RS14710,-0.7391390286212415,436.4704418605968,0.0170001687851885,0.0949386216585917,RNA,C2vsA2_rna,ACZ81_14705,tier1:gene_id
ACZ81_RS14715,-0.4832745577696968,859.5497499527359,0.0749186594310024,0.2465090999961722,RNA,C2vsA2_rna,ACZ81_14710,tier1:gene_id
ACZ81_RS14720,0.7853906182220498,359.4548508975658,0.1754724298217981,0.4158271638777637,RNA,C2vsA2_rna,ACZ81_14715,tier1:gene_id
ACZ81_RS14725,-0.3649873888757343,1234.9647748494272,0.1928088056332218,0.4395164364775489,RNA,C2vsA2_rna,ACZ81_14720,tier1:gene_id
ACZ81_RS14730,0.0968972710661539,2200.086785526917,0.8117688115725422,0.9291915754719086,RNA,C2vsA2_rna,ACZ81_14725,tier1:gene_id
ACZ81_RS14735,-0.9681099157417346,25459.04126922456,0.0519564964644813,0.197164032842351,RNA,C2vsA2_rna,ACZ81_14730,tier1:gene_id
ACZ81_RS14740,-0.2904599583193646,6266.796570671685,0.4582510451001322,0.7048012268904105,RNA,C2vsA2_rna,ACZ81_14735,tier1:gene_id
ACZ81_RS14745,-0.3234364255274345,2105.959992107761,0.4329396156840605,0.6863521355100612,RNA,C2vsA2_rna,ACZ81_14740,tier1:gene_id
ACZ81_RS14750,-0.8864134494736052,760.7526744464507,0.0327474435335302,0.1472900711396,RNA,C2vsA2_rna,ACZ81_14745,tier1:gene_id
ACZ81_RS14755,0.059859864217759,1159.6168496850223,0.8949661952366725,0.9597980153139616,RNA,C2vsA2_rna,ACZ81_14750,tier1:gene_id
ACZ81_RS14760,-0.4246079957157805,851.2585442405197,0.2282916691116835,0.4851197968623276,RNA,C2vsA2_rna,ACZ81_14755,tier1:gene_id
ACZ81_RS14765,0.0679156835495334,466.5305981609828,0.8361168121973652,0.9373576657616248,RNA,C2vsA2_rna,ACZ81_14760,tier1:gene_id
ACZ81_RS14770,-0.8885609683043701,459.79755512930177,0.0461293023718395,0.1834199812842617,RNA,C2vsA2_rna,ACZ81_14765,tier1:gene_id
ACZ81_RS14775,-0.6342490853448733,781.0219544988447,0.0547144472692466,0.2026910087204223,RNA,C2vsA2_rna,ACZ81_14770,tier1:gene_id
ACZ81_RS14780,-0.3688177350591629,444.9059336130791,0.3443901042249834,0.6060057448029095,RNA,C2vsA2_rna,ACZ81_14775,tier1:gene_id
ACZ81_RS14785,-0.0291593831987062,1064.3907887095531,0.927652059507936,0.9700736661076508,RNA,C2vsA2_rna,ACZ81_14780,tier1:gene_id
ACZ81_RS14790,0.148267657757075,2110.6939849994574,0.6782575610046399,0.8613456773175844,RNA,C2vsA2_rna,ACZ81_14785,tier1:gene_id
ACZ81_RS14795,-0.8061065867839138,909.9720083366886,0.0640650508756621,0.222343411862592,RNA,C2vsA2_rna,ACZ81_14790,tier1:gene_id
ACZ81_RS14800,-0.8574816523708703,98.792535948831,0.1090648188389336,0.3126257926965596,RNA,C2vsA2_rna,ACZ81_14795,tier1:gene_id
ACZ81_RS14805,-0.9898422422762057,1818.3431423524248,0.0110897635848316,0.07050325380606,RNA,C2vsA2_rna,ACZ81_14800,tier1:gene_id
ACZ81_RS14810,-0.3136339925621572,13439.526541106425,0.7013911136009203,0.8706229220976694,RNA,C2vsA2_rna,ACZ81_14805,tier1:gene_id
ACZ81_RS14815,1.5756080205333156,416.89658038789474,0.0039110828867898,0.0336001382051412,RNA,C2vsA2_rna,ACZ81_14810,tier1:gene_id
ACZ81_RS14820,0.4027010815632756,1857.52917916994,0.219015475085624,0.4724140247545826,RNA,C2vsA2_rna,ACZ81_14815,tier1:gene_id
ACZ81_RS14825,-0.3966056496881107,211.6798059958008,0.3053778725488801,0.5643371831718595,RNA,C2vsA2_rna,ACZ81_14820,tier1:gene_id
ACZ81_RS14830,-0.8047946573548616,259.0589824890696,0.0493726982932193,0.1915698893156634,RNA,C2vsA2_rna,ACZ81_14825,tier1:gene_id
ACZ81_RS14835,0.3210524177037693,32.951729167101284,0.5082903162611159,0.7415493632143989,RNA,C2vsA2_rna,ACZ81_14830,tier1:gene_id
ACZ81_RS14840,0.1263835066024203,102.68862275819144,0.719887122168583,0.878022589105938,RNA,C2vsA2_rna,ACZ81_14835,tier1:gene_id
ACZ81_RS14850,0.0719341242584147,768.6555612805666,0.7713422998960866,0.9072486975031074,RNA,C2vsA2_rna,ACZ81_14845,tier1:gene_id
ACZ81_RS14855,0.0046593610781049,1959.0259639757653,0.9807875713638484,0.993165001593074,RNA,C2vsA2_rna,ACZ81_14850,tier1:gene_id
ACZ81_RS14860,2.0004337170054862,2925.973142694888,0.0108633136477325,0.0694006598004825,RNA,C2vsA2_rna,ACZ81_14855,tier1:gene_id
ACZ81_RS14865,2.507159157218731,681.1414495431587,0.0006570369042221,0.0093476314175151,RNA,C2vsA2_rna,ACZ81_14860,tier1:gene_id
ACZ81_RS14870,0.6557678376225601,999.957635073952,0.045265037462613,0.1814219083916118,RNA,C2vsA2_rna,ACZ81_14865,tier1:gene_id
ACZ81_RS14875,0.0933760409209459,103.95872325219791,0.8568404839459384,0.948439626222868,RNA,C2vsA2_rna,ACZ81_14870,tier1:gene_id
ACZ81_RS14880,-0.1134094684177586,1112.8433672829588,0.6076287726361087,0.8183305256180156,RNA,C2vsA2_rna,ACZ81_14875,tier1:gene_id
ACZ81_RS14885,-0.202515066402277,407.8249885442509,0.3710576706276406,0.6297210151967815,RNA,C2vsA2_rna,ACZ81_14880,tier1:gene_id
ACZ81_RS14890,0.3096574949872311,2392.0589608874507,0.0495258542928892,0.1918678111376533,RNA,C2vsA2_rna,ACZ81_14885,tier1:gene_id
ACZ81_RS14895,-0.3451514500273305,6038.61080090035,0.0899358679244834,0.2756475951971182,RNA,C2vsA2_rna,ACZ81_14890,tier1:gene_id
ACZ81_RS14900,0.1213939345397022,4070.395494391853,0.8042839381102895,0.924301037038234,RNA,C2vsA2_rna,ACZ81_14895,tier1:gene_id
ACZ81_RS14905,1.04018606047754,4982.466206371413,0.0350370281887197,0.1526873400751975,RNA,C2vsA2_rna,ACZ81_14900,tier1:gene_id
ACZ81_RS14910,-1.0480618870206704,897.8922722216297,0.0187852317749641,0.1014351949948264,RNA,C2vsA2_rna,ACZ81_14905,tier1:gene_id
ACZ81_RS14915,-0.6320887791267388,1431.3816561575854,0.1023180140655152,0.3007325072753459,RNA,C2vsA2_rna,ACZ81_14910,tier1:gene_id
ACZ81_RS14920,0.1039361304587674,1359.0483404475513,0.7475397094070861,0.8931296349437848,RNA,C2vsA2_rna,ACZ81_14915,tier1:gene_id
ACZ81_RS14925,-0.2301009353943223,641.2147330436183,0.5493504634978494,0.7719769035213212,RNA,C2vsA2_rna,ACZ81_14920,tier1:gene_id
ACZ81_RS14930,0.7778744363950391,41.1028985301038,0.0857803001780928,0.2669691741129472,RNA,C2vsA2_rna,ACZ81_14925,tier1:gene_id
ACZ81_RS14935,0.8588855215544524,819.5539220817433,0.0156614960628445,0.0901490992885687,RNA,C2vsA2_rna,ACZ81_14930,tier1:gene_id
ACZ81_RS14940,1.1956499771664924,1352.5148819258347,0.003205890517627,0.0290339339880807,RNA,C2vsA2_rna,ACZ81_14935,tier1:gene_id
ACZ81_RS14945,0.6678853326912148,525.8071582357741,0.1068147711364059,0.3083027782728495,RNA,C2vsA2_rna,ACZ81_14940,tier1:gene_id
ACZ81_RS14950,0.6211180232837513,3325.946828781657,0.1427906472966536,0.3640405167014066,RNA,C2vsA2_rna,ACZ81_14945,tier1:gene_id
ACZ81_RS14955,0.5652923849727208,1223.3049517990262,0.0720562810588635,0.2389171897588103,RNA,C2vsA2_rna,ACZ81_14950,tier1:gene_id
ACZ81_RS14960,0.6016068383946868,515.2730193240358,0.0543464456122043,0.2021643244348221,RNA,C2vsA2_rna,ACZ81_14955,tier1:gene_id
ACZ81_RS14965,0.0923342997120641,351.76776675126905,0.7400036971883625,0.8892145767639511,RNA,C2vsA2_rna,ACZ81_14960,tier1:gene_id
ACZ81_RS14970,-0.0287406414152855,438.0141325116258,0.9601009664033704,0.984391790751424,RNA,C2vsA2_rna,ACZ81_14965,tier1:gene_id
ACZ81_RS14975,0.2325900130010071,1553.1821587221634,0.6933398894080236,0.8677896579102522,RNA,C2vsA2_rna,ACZ81_14970,tier1:gene_id
ACZ81_RS14980,0.8695667771800006,622.2005591859474,0.001538662999371,0.0165279835910813,RNA,C2vsA2_rna,ACZ81_14975,tier1:gene_id
ACZ81_RS14985,0.340926223805768,211.98230515547496,0.588388537252799,0.8041032769301644,RNA,C2vsA2_rna,ACZ81_14980,tier1:gene_id
ACZ81_RS14990,0.9323158896542372,153.7487743579029,0.1276076241415011,0.3401739455519617,RNA,C2vsA2_rna,ACZ81_14985,tier1:gene_id
ACZ81_RS14995,-0.3410877461551033,260.40037809769467,0.3169073554647788,0.5763519084880746,RNA,C2vsA2_rna,ACZ81_14990,tier1:gene_id
ACZ81_RS15000,-0.3704777919546667,32.951734123348785,0.4414919093162382,0.6948864418111995,RNA,C2vsA2_rna,ACZ81_14995,tier1:gene_id
ACZ81_RS15005,-0.6897370462582846,51.9833604576074,0.0615775188001983,0.21654781374418,RNA,C2vsA2_rna,ACZ81_15000,tier1:gene_id
ACZ81_RS15010,-0.5964220534849608,73.12072591477272,0.2673631054292225,0.5250419867753503,RNA,C2vsA2_rna,ACZ81_15005,tier1:gene_id
ACZ81_RS15020,-0.0501896924397014,81.96272455226546,0.8805038566562934,0.9560883150101184,RNA,C2vsA2_rna,ACZ81_15015,tier1:gene_id
ACZ81_RS15025,1.101970582812179,1314.7665416949617,0.0673980305017935,0.2287655654595564,RNA,C2vsA2_rna,ACZ81_15020,tier1:gene_id
ACZ81_RS15030,0.4661996178027053,5591.313273439206,0.4488963994026963,0.6985870682007138,RNA,C2vsA2_rna,ACZ81_15025,tier1:gene_id
ACZ81_RS15040,0.3637619274482288,2179.0634538257764,0.4662582628152397,0.7106034323965158,RNA,C2vsA2_rna,ACZ81_15035,tier1:gene_id
ACZ81_RS15045,0.7569835868764179,2714.3940927953577,0.016357692791592,0.0926935924856882,RNA,C2vsA2_rna,ACZ81_15040,tier1:gene_id
ACZ81_RS15050,-0.0384641798268602,128.6350723601815,0.9396002691332226,0.973070800145196,RNA,C2vsA2_rna,ACZ81_15045,tier1:gene_id
ACZ81_RS15055,0.0191871499861604,598.106714046122,0.922619152900804,0.9686398567647296,RNA,C2vsA2_rna,ACZ81_15050,tier1:gene_id
ACZ81_RS15060,0.0496703117585568,341.849850238178,0.8035379616026568,0.9237232956876388,RNA,C2vsA2_rna,ACZ81_15055,tier1:gene_id
ACZ81_RS15065,0.3122394487245815,1227.914769251736,0.3378486905641858,0.5984322059794761,RNA,C2vsA2_rna,ACZ81_15060,tier1:gene_id
ACZ81_RS15070,-0.6023424353460209,101.03876977012872,0.085192636967553,0.2657798285488513,RNA,C2vsA2_rna,ACZ81_15065,tier1:gene_id
ACZ81_RS15075,0.0194789578123134,1381.9491725490486,0.9684004722265802,0.987348449856826,RNA,C2vsA2_rna,ACZ81_15070,tier1:gene_id
ACZ81_RS15080,0.4020836587757047,31.110975867352817,0.2873667886801303,0.5451536953155768,RNA,C2vsA2_rna,ACZ81_15075,tier1:gene_id
ACZ81_RS15085,0.3009920204778732,50.6414782925493,0.4139458998183238,0.6710104848772183,RNA,C2vsA2_rna,ACZ81_15080,tier1:gene_id
ACZ81_RS15090,1.094913183646226,103.62687119016336,0.0441496218163666,0.1785567366202247,RNA,C2vsA2_rna,ACZ81_15085,tier1:gene_id
ACZ81_RS15095,0.6504341270174545,313.714036125109,0.1899685471688504,0.4350192986537829,RNA,C2vsA2_rna,ACZ81_15090,tier1:gene_id
ACZ81_RS15100,-0.1301050119023521,27.6652937489453,0.8339842166001561,0.9373576657616248,RNA,C2vsA2_rna,ACZ81_15095,tier1:gene_id
ACZ81_RS15105,1.405108784348644,28.297081589498674,0.1499734756717388,0.3744503613541178,RNA,C2vsA2_rna,ACZ81_15100,tier1:gene_id
ACZ81_RS15110,1.2131126827727208,44.54840733959452,0.0849087637827291,0.2657207178598355,RNA,C2vsA2_rna,ACZ81_15105,tier1:gene_id
ACZ81_RS15115,-0.1858321494483956,100.5192210705193,0.6262998585499853,0.8311435858085444,RNA,C2vsA2_rna,ACZ81_15110,tier1:gene_id
ACZ81_RS15120,-0.1361777919247387,637.0284724013147,0.7990303840451222,0.9224306070504428,RNA,C2vsA2_rna,ACZ81_15115,tier1:gene_id
ACZ81_RS15125,0.5219702809469258,365.8302016097726,0.0664952958125121,0.2272000527943304,RNA,C2vsA2_rna,ACZ81_15120,tier1:gene_id
ACZ81_RS15130,0.9939296843154724,5140.15568676101,0.0128289064812683,0.0782212352626876,RNA,C2vsA2_rna,ACZ81_15125,tier1:gene_id
ACZ81_RS15135,1.1228518493059445,1113.578549762342,2.504416249681625e-06,9.569255232116837e-05,RNA,C2vsA2_rna,ACZ81_15130,tier1:gene_id
ACZ81_RS15140,0.2200567820626255,505.91434081657326,0.5529463472855655,0.7748588003177397,RNA,C2vsA2_rna,ACZ81_15135,tier1:gene_id
ACZ81_RS15145,1.660215208877872,717.5031916247364,1.1105086191373023e-05,0.000337527316665,RNA,C2vsA2_rna,ACZ81_15140,tier1:gene_id
ACZ81_RS15150,1.836061419038344,1484.9599694736216,6.595362012838856e-06,0.000211684739164,RNA,C2vsA2_rna,ACZ81_15145,tier1:gene_id
ACZ81_RS15155,0.9467510379503192,88.82393601783306,0.0200039991310497,0.1061587890393803,RNA,C2vsA2_rna,ACZ81_15150,tier1:gene_id
ACZ81_RS15160,0.6629658713586299,11.698252661372972,0.548403715414056,0.7716951422162475,RNA,C2vsA2_rna,ACZ81_15155,tier1:gene_id
ACZ81_RS15165,-0.0547729787392885,95.5895611875151,0.8810220520213349,0.9560883150101184,RNA,C2vsA2_rna,ACZ81_15160,tier1:gene_id
ACZ81_RS15170,0.6193499922440331,161.90129755019132,0.1600039765911378,0.3902346225432493,RNA,C2vsA2_rna,ACZ81_15165,tier1:gene_id
ACZ81_RS15175,0.5055463106285434,373.2389082969131,0.3873306927661512,0.6453366857881223,RNA,C2vsA2_rna,ACZ81_15170,tier1:gene_id
ACZ81_RS15180,0.2057512700061413,102.01087597148054,0.6298202855863722,0.834491078524612,RNA,C2vsA2_rna,ACZ81_15175,tier1:gene_id
ACZ81_RS15190,0.8938800558998963,2657.159561636292,0.0028572012930314,0.0266583525294007,RNA,C2vsA2_rna,ACZ81_15185,tier1:gene_id
ACZ81_RS15195,1.0616275829184536,3648.141382815048,0.0098790173203307,0.0638238606910899,RNA,C2vsA2_rna,ACZ81_15190,tier1:gene_id
ACZ81_RS15200,0.5691580540310873,964.8512204257833,0.044085831926712,0.1784921109967622,RNA,C2vsA2_rna,ACZ81_15195,tier1:gene_id
ACZ81_RS15205,0.4377755560329379,647.817659496119,0.1282834280210411,0.3412951679180485,RNA,C2vsA2_rna,ACZ81_15200,tier1:gene_id
ACZ81_RS15210,0.3757517874191678,201.39244342525927,0.2784094562959684,0.5351996331690968,RNA,C2vsA2_rna,ACZ81_15205,tier1:gene_id
ACZ81_RS15215,0.0771880920536301,774.6282737412697,0.6908752169291499,0.866591811500113,RNA,C2vsA2_rna,ACZ81_15210,tier1:gene_id
ACZ81_RS15220,0.7497654869506282,1508.468558781195,0.0014221677166251,0.0157617040859123,RNA,C2vsA2_rna,ACZ81_15215,tier1:gene_id
ACZ81_RS15225,0.383970486547922,154.38600771618314,0.0992452371783658,0.2949421418960026,RNA,C2vsA2_rna,ACZ81_15220,tier1:gene_id
ACZ81_RS15230,-0.0215671556843784,573.2568025473885,0.9153895243282734,0.9674770209707672,RNA,C2vsA2_rna,ACZ81_15225,tier1:gene_id
ACZ81_RS15235,0.1042439411809496,216.82192457855783,0.7466124836743939,0.8925534220803542,RNA,C2vsA2_rna,ACZ81_15230,tier1:gene_id
ACZ81_RS15240,-0.4478764504550352,143.56992210426716,0.1653444444161032,0.4008229069470733,RNA,C2vsA2_rna,ACZ81_15235,tier1:gene_id
ACZ81_RS15245,-0.2602938140730801,74.61976216175127,0.5791523515392313,0.7978163802830948,RNA,C2vsA2_rna,ACZ81_15240,tier1:gene_id
ACZ81_RS15250,2.4599204268077224,58.45833302204672,0.0016274253247636,0.0170408023428945,RNA,C2vsA2_rna,ACZ81_15245,tier1:gene_id
ACZ81_RS15255,1.7233185723091176,35.21239595877465,0.0058140317288142,0.0448574909538515,RNA,C2vsA2_rna,ACZ81_15250,tier1:gene_id
ACZ81_RS15260,-0.0791870766565397,249.24248459018025,0.7986375006489842,0.9224306070504428,RNA,C2vsA2_rna,ACZ81_15255,tier1:gene_id
ACZ81_RS15265,0.2365410448082265,116.46681102680634,0.6204461470246168,0.8276204307076791,RNA,C2vsA2_rna,ACZ81_15260,tier1:gene_id
ACZ81_RS15270,-0.6015879593431585,978.575991393607,0.0116958475603214,0.0729762681368737,RNA,C2vsA2_rna,ACZ81_15265,tier1:gene_id
ACZ81_RS15275,-0.3448181993613341,874.2605951986566,0.1720729421196644,0.4109265736810081,RNA,C2vsA2_rna,ACZ81_15270,tier1:gene_id
ACZ81_RS15280,1.0395918482843138,1552.803582947505,0.0417859065041275,0.1728299555614018,RNA,C2vsA2_rna,ACZ81_15275,tier1:gene_id
ACZ81_RS15285,-1.3288942304662668,2525.8389754994714,0.0004862670631996,0.007503474836758,RNA,C2vsA2_rna,ACZ81_15280,tier1:gene_id
ACZ81_RS15290,-1.3416294458123004,3246.8442260094266,0.0327074162048153,0.1472751445720755,RNA,C2vsA2_rna,ACZ81_15285,tier1:gene_id
ACZ81_RS15295,-1.3527287033038078,1919.2254677961084,0.0633247258610153,0.2207177499782027,RNA,C2vsA2_rna,ACZ81_15290,tier1:gene_id
ACZ81_RS15300,-1.281361633063909,3667.2425412401626,0.0192301481729652,0.1032815990226727,RNA,C2vsA2_rna,ACZ81_15295,tier1:gene_id
ACZ81_RS15305,-1.663264126609192,1093.5993997292533,0.0003458236503979,0.0057332416751922,RNA,C2vsA2_rna,ACZ81_15300,tier1:gene_id
ACZ81_RS15310,0.1856164066068076,3638.0611011257697,0.6518585741637943,0.8482830358563551,RNA,C2vsA2_rna,ACZ81_15305,tier1:gene_id
ACZ81_RS15315,-0.4278883247523106,251.12306906422188,0.2428943300675515,0.497951993986212,RNA,C2vsA2_rna,ACZ81_15310,tier1:gene_id
ACZ81_RS15320,-0.1576768763714313,272.6997599990832,0.5604980726667179,0.7810761610069026,RNA,C2vsA2_rna,ACZ81_15315,tier1:gene_id
ACZ81_RS15325,0.2028694432990742,129.91115438622123,0.4809518925118016,0.7199921614766224,RNA,C2vsA2_rna,ACZ81_15320,tier1:gene_id
ACZ81_RS15330,-0.2833639635190635,1346.4781509400011,0.243166142537505,0.4980002878307658,RNA,C2vsA2_rna,ACZ81_15325,tier1:gene_id
ACZ81_RS15335,-0.6137854146370822,659.1664923104146,0.0939439233186688,0.2833857295898492,RNA,C2vsA2_rna,ACZ81_15330,tier1:gene_id
ACZ81_RS15340,0.4123911920147927,10534.470739611716,0.1734008918714451,0.4123708025431435,RNA,C2vsA2_rna,ACZ81_15335,tier1:gene_id
ACZ81_RS15345,-0.375912283346703,3207.7888574259773,0.2621893695515741,0.518434573997494,RNA,C2vsA2_rna,ACZ81_15340,tier1:gene_id
ACZ81_RS15350,-0.0813644635521116,201.3474700622891,0.80758903109624,0.9259923385990612,RNA,C2vsA2_rna,ACZ81_15345,tier1:gene_id
ACZ81_RS15355,1.363711771824858,611.208041653157,0.0117205831639713,0.0730170491519455,RNA,C2vsA2_rna,ACZ81_15350,tier1:gene_id
ACZ81_RS15360,1.4736073602965958,1307.3695427509645,0.0112836058588053,0.0711676759152556,RNA,C2vsA2_rna,ACZ81_15355,tier1:gene_id
ACZ81_RS15365,-0.2233945691706919,1342.721813757902,0.5180300394148949,0.7483100650438594,RNA,C2vsA2_rna,ACZ81_15360,tier1:gene_id
ACZ81_RS15370,0.0238274185435254,236.12075115864863,0.9552109769757176,0.9813844915817104,RNA,C2vsA2_rna,ACZ81_15365,tier1:gene_id
ACZ81_RS15375,-0.0260252016544305,72.85762928482616,0.9569205101473444,0.9823861532014192,RNA,C2vsA2_rna,ACZ81_15370,tier1:gene_id
ACZ81_RS15380,0.2165124756388521,2076.947781667794,0.6923251141690816,0.8669189631855041,RNA,C2vsA2_rna,ACZ81_15375,tier1:gene_id
ACZ81_RS15385,-0.3558298461823495,384.1927216611469,0.380323869915398,0.6371020317747712,RNA,C2vsA2_rna,ACZ81_15380,tier1:gene_id
ACZ81_RS15390,0.0380965611135887,287.33296912096586,0.9196928088932548,0.9686398567647296,RNA,C2vsA2_rna,ACZ81_15385,tier1:gene_id
ACZ81_RS15395,0.2582855749862586,338.29936717931884,0.5260501920532518,0.754833108196583,RNA,C2vsA2_rna,ACZ81_15390,tier1:gene_id
ACZ81_RS15400,-0.3584613182429454,192.82346218357927,0.2550062654088084,0.5101878863855417,RNA,C2vsA2_rna,ACZ81_15395,tier1:gene_id
ACZ81_RS15405,0.434048597646934,1111.1269925268832,0.0877338861439934,0.2711774662632525,RNA,C2vsA2_rna,ACZ81_15400,tier1:gene_id
ACZ81_RS15410,0.1950075234429799,3391.2942900010844,0.343872460937571,0.605626125233334,RNA,C2vsA2_rna,ACZ81_15405,tier1:gene_id
ACZ81_RS15415,0.5704002010565342,303.38874544865587,0.1299542415878695,0.3445069909943778,RNA,C2vsA2_rna,ACZ81_15410,tier1:gene_id
ACZ81_RS15420,0.6379639916661792,58.16165686927272,0.1439239151600901,0.3653082286215346,RNA,C2vsA2_rna,ACZ81_15415,tier1:gene_id
ACZ81_RS15425,3.550151795268524,505.081920272781,3.5883802180692604e-08,2.02768752604139e-06,RNA,C2vsA2_rna,ACZ81_15420,tier1:gene_id
ACZ81_RS15430,4.398334023180011,132.44533096852982,9.711758116385245e-07,4.0168632539110926e-05,RNA,C2vsA2_rna,ACZ81_15425,tier1:gene_id
ACZ81_RS15435,1.3356120946304124,1495.2039120741726,4.711315447499698e-06,0.0001614881384005,RNA,C2vsA2_rna,ACZ81_15430,tier1:gene_id
ACZ81_RS15440,0.1640890419439857,387.6442951953869,0.6345296036178902,0.8381698384156232,RNA,C2vsA2_rna,ACZ81_15435,tier1:gene_id
ACZ81_RS15445,0.8771415295644436,3662.6083535256193,6.871251257544329e-05,0.0016121321663899,RNA,C2vsA2_rna,ACZ81_15440,tier1:gene_id
ACZ81_RS15450,0.1442977736319632,220.9053942965324,0.5254258993997656,0.7547471207990905,RNA,C2vsA2_rna,ACZ81_15445,tier1:gene_id
ACZ81_RS15455,0.4695516476924386,251.1095985234456,0.0444435905898626,0.1792037039663608,RNA,C2vsA2_rna,ACZ81_15450,tier1:gene_id
ACZ81_RS15460,0.0257635908247046,904.216790452522,0.9561796304418688,0.9818768050506216,RNA,C2vsA2_rna,ACZ81_15455,tier1:gene_id
ACZ81_RS15465,0.2727573706313702,263.1807263830265,0.3106986213721858,0.5694485468000043,RNA,C2vsA2_rna,ACZ81_15460,tier1:gene_id
ACZ81_RS15470,0.3322864255392832,412.4816131642102,0.4077474069648374,0.6636769202662912,RNA,C2vsA2_rna,ACZ81_15465,tier1:gene_id
ACZ81_RS15475,0.0074979405192075,278.82734053903624,0.9697676759600232,0.987956365886252,RNA,C2vsA2_rna,ACZ81_15470,tier1:gene_id
ACZ81_RS15480,0.042955886658654,406.4736367039357,0.8635440196175973,0.9489286789114764,RNA,C2vsA2_rna,ACZ81_15475,tier1:gene_id
ACZ81_RS15485,1.492959614560747,447.2566898098913,0.0069332804923251,0.0502764879181676,RNA,C2vsA2_rna,ACZ81_15480,tier1:gene_id
ACZ81_RS15490,1.151875806012952,44.289595730268736,0.0572914861721876,0.2074620755635814,RNA,C2vsA2_rna,ACZ81_15485,tier1:gene_id
ACZ81_RS15495,1.6313494317373716,1679.2433537766397,1.5256721402922197e-08,9.87257520460062e-07,RNA,C2vsA2_rna,ACZ81_15490,tier1:gene_id
ACZ81_RS15500,1.290745842698734,618.6093932064508,0.0098544755009577,0.0638238606910899,RNA,C2vsA2_rna,ACZ81_15495,tier1:gene_id
ACZ81_RS15505,-0.4348692132516539,481.577983809066,0.1696969794980904,0.407238550631304,RNA,C2vsA2_rna,ACZ81_15500,tier1:gene_id
ACZ81_RS15510,0.0689823571536209,260.7357905539167,0.803261843353906,0.9236705404230068,RNA,C2vsA2_rna,ACZ81_15505,tier1:gene_id
ACZ81_RS15515,-0.1861119107176772,467.7969581141946,0.6376083901236238,0.838945400666534,RNA,C2vsA2_rna,ACZ81_15510,tier1:gene_id
ACZ81_RS15520,1.038722747476421,1759.913454048665,0.1192788211298076,0.3262474807468675,RNA,C2vsA2_rna,ACZ81_15515,tier1:gene_id
ACZ81_RS15525,0.069858623879907,218.11828056717232,0.7691154962607469,0.9054268272349494,RNA,C2vsA2_rna,ACZ81_15520,tier1:gene_id
ACZ81_RS15530,0.5033585669580932,201.2521539822966,0.0544211042845483,0.2021643244348221,RNA,C2vsA2_rna,ACZ81_15525,tier1:gene_id
ACZ81_RS15535,-0.4342534729160917,1206.617452766665,0.011106195514813,0.07050325380606,RNA,C2vsA2_rna,ACZ81_15530,tier1:gene_id
ACZ81_RS15540,-0.3368579371929978,4369.668521052624,0.4596727466080962,0.7055114993847292,RNA,C2vsA2_rna,ACZ81_15535,tier1:gene_id
ACZ81_RS15545,1.5490522186219104,4798.804285955468,0.003344216867517,0.0300829553194582,RNA,C2vsA2_rna,ACZ81_15540,tier1:gene_id
ACZ81_RS15550,0.6695300454417528,6791.630444442192,0.1096241267031228,0.3126257926965596,RNA,C2vsA2_rna,ACZ81_15545,tier1:gene_id
ACZ81_RS15555,1.0804353306607115,198.45590427360423,0.0478189838931217,0.1873915168945755,RNA,C2vsA2_rna,ACZ81_15550,tier1:gene_id
ACZ81_RS15560,-0.2666432242996346,402.2148077209917,0.5470365736719018,0.770344237827894,RNA,C2vsA2_rna,ACZ81_15555,tier1:gene_id
ACZ81_RS15565,-0.2208835975013579,389.2488502036827,0.6130188957999032,0.8211792353753629,RNA,C2vsA2_rna,ACZ81_15560,tier1:gene_id
ACZ81_RS15570,0.0558507051011126,1958.7365055495736,0.8805115564338801,0.9560883150101184,RNA,C2vsA2_rna,ACZ81_15565,tier1:gene_id
ACZ81_RS15575,1.3336480416731613,235.4113420059936,0.0002458179611577,0.0043306145892021,RNA,C2vsA2_rna,ACZ81_15570,tier1:gene_id
ACZ81_RS15580,0.2815964381889352,487.2029762305006,0.3030409567858603,0.5620898375519517,RNA,C2vsA2_rna,ACZ81_15575,tier1:gene_id
ACZ81_RS15585,1.526069498579824,457.7350230712688,0.0112995537283194,0.0711676759152556,RNA,C2vsA2_rna,ACZ81_15580,tier1:gene_id
ACZ81_RS15590,-1.2520412130457028,277.5668784163193,0.0256296584218009,0.1255509030381751,RNA,C2vsA2_rna,,unresolved
ACZ81_RS15595,2.1822519128661497,508.7410232204948,6.96001775338351e-05,0.0016234646061962,RNA,C2vsA2_rna,ACZ81_15590,tier1:gene_id
ACZ81_RS15600,2.867666704337486,3027.28204015442,7.505676952370791e-07,3.2127131064163794e-05,RNA,C2vsA2_rna,ACZ81_15595,tier1:gene_id
ACZ81_RS15605,-1.0858432893563732,701.1479575182685,0.0030164225936277,0.0278845332848722,RNA,C2vsA2_rna,ACZ81_15600,tier1:gene_id
ACZ81_RS15610,-0.4212875782416621,254.6375100948101,0.0291049663213026,0.1356203541011221,RNA,C2vsA2_rna,ACZ81_15605,tier1:gene_id
ACZ81_RS15615,0.1554200446802975,1877.256691967346,0.6148902614475675,0.8234111244751806,RNA,C2vsA2_rna,ACZ81_15610,tier1:gene_id
ACZ81_RS15620,0.3144687904086896,249.06901123275333,0.4606900941568886,0.7062852368079948,RNA,C2vsA2_rna,ACZ81_15615,tier1:gene_id
ACZ81_RS15625,0.3436962848722044,2707.818868209072,0.2034702187214483,0.4520058236491974,RNA,C2vsA2_rna,ACZ81_15620,tier1:gene_id
ACZ81_RS15630,-0.3683539660505026,351.68310407521307,0.2519746794054716,0.5077460641761689,RNA,C2vsA2_rna,ACZ81_15625,tier1:gene_id
ACZ81_RS15635,0.1630911200294188,269.8343695486416,0.5259177335806493,0.754833108196583,RNA,C2vsA2_rna,ACZ81_15630,tier1:gene_id
ACZ81_RS15640,0.2623492632740201,703.5303465522198,0.5137631115796863,0.7441825576077535,RNA,C2vsA2_rna,ACZ81_15635,tier1:gene_id
ACZ81_RS15645,1.0427242181994931,117.2066468594363,0.013505141388695,0.0805091043855047,RNA,C2vsA2_rna,ACZ81_15640,tier1:gene_id
ACZ81_RS15650,-0.0423121752098867,252.48066821371003,0.8970094043920842,0.960260598330384,RNA,C2vsA2_rna,ACZ81_15645,tier1:gene_id
ACZ81_RS15655,-0.0529397984930006,244.1435929263071,0.860222433309912,0.9487865028179958,RNA,C2vsA2_rna,ACZ81_15650,tier1:gene_id
ACZ81_RS15660,1.9095985708708028,542.6643136938163,0.0084125612344198,0.0571086221192766,RNA,C2vsA2_rna,ACZ81_15655,tier1:gene_id
ACZ81_RS15665,1.4807952003225584,204.60500870702657,0.0011156914189802,0.013165158743967,RNA,C2vsA2_rna,ACZ81_15660,tier1:gene_id
ACZ81_RS15670,1.1175699052129875,73.39246357628119,0.0020759386507857,0.0209262961481215,RNA,C2vsA2_rna,ACZ81_15665,tier1:gene_id
ACZ81_RS15675,1.6028448367991672,20.185901017669725,0.0506885944033713,0.1942271448122748,RNA,C2vsA2_rna,ACZ81_15670,tier1:gene_id
ACZ81_RS15685,0.3333381310030307,97.15997876157344,0.40348897209457,0.6588513455610154,RNA,C2vsA2_rna,ACZ81_RS15685,locus_tag:gene_id
ACZ81_RS15690,-0.25393064665579,70.63280354748798,0.4739199583550764,0.7171677387056975,RNA,C2vsA2_rna,ACZ81_15685,tier1:gene_id
ACZ81_RS15695,0.1589234567076602,90.2104597575068,0.6530941002511155,0.8487659930454298,RNA,C2vsA2_rna,ACZ81_RS15695,locus_tag:gene_id
ACZ81_RS15700,-0.4156119426210766,132.03914309411618,0.2240941908578066,0.4782980013756964,RNA,C2vsA2_rna,ACZ81_15695,tier1:gene_id
ACZ81_RS15705,-0.2140266989658341,828.491277861795,0.6055004237441601,0.8166563984440995,RNA,C2vsA2_rna,ACZ81_15700,tier1:gene_id
ACZ81_RS15710,0.4817564854545827,998.1439060449356,0.2194554986622626,0.4731087913127339,RNA,C2vsA2_rna,ACZ81_15705,tier1:gene_id
ACZ81_RS15715,-0.4068325896423312,107.77235915084454,0.2064479592455272,0.4556376695643371,RNA,C2vsA2_rna,ACZ81_15710,tier1:gene_id
ACZ81_RS15720,-0.5146855340274383,116.69343611102737,0.1537609452742387,0.3805799626746811,RNA,C2vsA2_rna,ACZ81_15715,tier1:gene_id
ACZ81_RS15725,0.2531103499818995,164.36129480640523,0.6223286043515621,0.8281201859563739,RNA,C2vsA2_rna,ACZ81_15720,tier1:gene_id
ACZ81_RS15730,0.0008305200771739,36.04884886290104,0.998703660968102,0.9993744859991994,RNA,C2vsA2_rna,ACZ81_15725,tier1:gene_id
ACZ81_RS15735,-0.1218876445974607,304.88830852719235,0.5669194458860496,0.7873098930616766,RNA,C2vsA2_rna,ACZ81_15730,tier1:gene_id
ACZ81_RS15740,-0.0776904002505718,12.484282746444135,0.9336498124689564,0.9708313667612825,RNA,C2vsA2_rna,ACZ81_15735,tier1:gene_id
ACZ81_RS15745,1.1911251481479697,301.8892883713048,0.0005625980824144,0.0083597907653585,RNA,C2vsA2_rna,ACZ81_15740,tier1:gene_id
ACZ81_RS15750,0.9977020746911182,1315.4541649982425,0.0005679166534898,0.008376770638976,RNA,C2vsA2_rna,ACZ81_15745,tier1:gene_id
ACZ81_RS15755,0.1355744486242686,931.5811389174952,0.6116553472097119,0.8202739665436164,RNA,C2vsA2_rna,ACZ81_15750,tier1:gene_id
ACZ81_RS15760,-0.1310062316435961,579.2753066682803,0.7345004068581791,0.8878161095376575,RNA,C2vsA2_rna,ACZ81_15755,tier1:gene_id
ACZ81_RS15765,0.5649948162440441,668.3253681972319,0.2124833923792811,0.4630170524676597,RNA,C2vsA2_rna,ACZ81_15760,tier1:gene_id
ACZ81_RS15770,0.6698128981567546,42.684502940669766,0.207612933466463,0.4564071720917533,RNA,C2vsA2_rna,ACZ81_15765,tier1:gene_id
ACZ81_RS15775,-0.2038857296559729,126.41587321304262,0.4520694534700174,0.7006414002561505,RNA,C2vsA2_rna,ACZ81_15770,tier1:gene_id
ACZ81_RS15785,0.9650230589606388,771.1439814469236,0.0045374123156231,0.0373034799390987,RNA,C2vsA2_rna,ACZ81_15780,tier1:gene_id
ACZ81_RS15790,1.4844265347587895,47.49177574853943,0.0038706267544327,0.0334675744370348,RNA,C2vsA2_rna,ACZ81_15785,tier1:gene_id
ACZ81_RS15795,1.4554579847263418,46.01065761181437,0.0055426326762052,0.0433681525910757,RNA,C2vsA2_rna,ACZ81_15790,tier1:gene_id
ACZ81_RS15800,0.3765142342416697,52.17231766969198,0.4819690314097003,0.7207080708221087,RNA,C2vsA2_rna,ACZ81_15795,tier1:gene_id
ACZ81_RS15805,0.5531050703109998,48.92967671906484,0.1246237261726903,0.3354698228823529,RNA,C2vsA2_rna,ACZ81_15800,tier1:gene_id
ACZ81_RS15810,-0.0985182564347176,537.7297188268191,0.5353907934345139,0.7611579954852125,RNA,C2vsA2_rna,ACZ81_15805,tier1:gene_id
ACZ81_RS15815,0.3086824708222279,155.6345666055485,0.2009661953613108,0.4494294179429093,RNA,C2vsA2_rna,ACZ81_15810,tier1:gene_id
ACZ81_RS15820,0.9503178985568532,132.71267672167838,0.0335319103456876,0.1491172466730521,RNA,C2vsA2_rna,ACZ81_15815,tier1:gene_id
ACZ81_RS15825,1.8661786005441856,103.89286270772708,0.0044589640278924,0.0368852859379475,RNA,C2vsA2_rna,ACZ81_15820,tier1:gene_id
ACZ81_RS15830,-0.6251862651661281,381.5379674566875,0.0247841847764033,0.1230655157959606,RNA,C2vsA2_rna,ACZ81_15825,tier1:gene_id
ACZ81_RS15835,0.840910299563048,107.10451932043416,0.143534226727744,0.3649298590821985,RNA,C2vsA2_rna,ACZ81_15830,tier1:gene_id
ACZ81_RS15840,0.8766528377970981,23.434387727524427,0.1337310187094783,0.3500743286301936,RNA,C2vsA2_rna,ACZ81_15835,tier1:gene_id
ACZ81_RS15845,0.6311853295251417,232.21151546498567,0.0531402312004754,0.1998112535860427,RNA,C2vsA2_rna,ACZ81_15840,tier1:gene_id
ACZ81_RS15850,3.069006934246196,1.3600561278513497,0.2426166759791095,0.497951993986212,RNA,C2vsA2_rna,,unresolved
ACZ81_RS15855,0.4686048535720328,152.88541092013745,0.132328420040671,0.3483606438341023,RNA,C2vsA2_rna,ACZ81_15850,tier1:gene_id
ACZ81_RS15860,0.7235503211505613,188.19484894106017,0.0455359219310438,0.1821436877241752,RNA,C2vsA2_rna,ACZ81_15855,tier1:gene_id
ACZ81_RS15865,0.8361874791414442,726.450338868475,0.0077985735213174,0.0536670273885515,RNA,C2vsA2_rna,ACZ81_15860,tier1:gene_id
ACZ81_RS15870,1.0662913386109572,732.6271871122357,0.0005769314525825,0.0083870871133743,RNA,C2vsA2_rna,ACZ81_15865,tier1:gene_id
ACZ81_RS15875,0.9381408867969016,319.6017231052244,0.0372495765064359,0.1593233485541803,RNA,C2vsA2_rna,ACZ81_15870,tier1:gene_id
ACZ81_RS15880,-0.4082578696514879,197.9895273144518,0.1495835221734469,0.3741453185535343,RNA,C2vsA2_rna,ACZ81_15875,tier1:gene_id
ACZ81_RS15885,0.0866657340338919,41.99606155357161,0.8318410299941805,0.9373576657616248,RNA,C2vsA2_rna,ACZ81_15880,tier1:gene_id
ACZ81_RS15890,-2.6287139217609568,6383.298058455112,0.0001033068794018,0.0022046127668093,RNA,C2vsA2_rna,ACZ81_15885,tier1:gene_id
ACZ81_RS15895,-2.101081029157128,3842.353164859174,0.0020953972640221,0.0210695083289648,RNA,C2vsA2_rna,ACZ81_15890,tier1:gene_id
ACZ81_RS15900,-2.037675215623824,594.2281913478465,0.0012715469852219,0.0145864072937412,RNA,C2vsA2_rna,ACZ81_15895,tier1:gene_id
ACZ81_RS15905,-1.4035958378461324,1002.942936208358,0.0177661869694394,0.0979092611557567,RNA,C2vsA2_rna,ACZ81_15900,tier1:gene_id
ACZ81_RS15910,-1.3764627754554004,257.9619757189046,0.1091598406145403,0.3126257926965596,RNA,C2vsA2_rna,ACZ81_15905,tier1:gene_id
ACZ81_RS15915,-1.4462930759055486,119.14388510411187,0.0573362915489075,0.2074620755635814,RNA,C2vsA2_rna,ACZ81_15910,tier1:gene_id
ACZ81_RS15920,-1.6377602858035816,69.72142215559155,0.0132608744180624,0.0796446529420159,RNA,C2vsA2_rna,ACZ81_15915,tier1:gene_id
ACZ81_RS15925,-1.2787839253306956,145.41462723348883,0.030930549726486,0.1419210755827902,RNA,C2vsA2_rna,ACZ81_RS15925,locus_tag:gene_id
ACZ81_RS15930,-1.5460110995726453,2843.289497940292,0.0041084607461269,0.0349219163420792,RNA,C2vsA2_rna,ACZ81_15925,tier1:gene_id
ACZ81_RS15935,-1.2415085653012603,517.1488868519154,0.0721807539478815,0.238934970989192,RNA,C2vsA2_rna,ACZ81_15930,tier1:gene_id
ACZ81_RS15940,-1.0665066163524437,244.28172759890384,0.1174322451285557,0.3242520078842159,RNA,C2vsA2_rna,ACZ81_15935,tier1:gene_id
ACZ81_RS15945,-0.783430582688209,487.8830302312558,0.2129095988807122,0.4630170524676597,RNA,C2vsA2_rna,ACZ81_15940,tier1:gene_id
ACZ81_RS15950,-0.3563915777769424,98.13214194085214,0.4400926471817258,0.6936477599705485,RNA,C2vsA2_rna,ACZ81_15945,tier1:gene_id
ACZ81_RS15955,-0.448833169158585,822.2553965242636,0.4690983861312762,0.7126174650354715,RNA,C2vsA2_rna,ACZ81_15950,tier1:gene_id
ACZ81_RS15960,-1.5196614320135406,737.1265245882876,0.0449773632124541,0.1808108028139938,RNA,C2vsA2_rna,ACZ81_15955,tier1:gene_id
ACZ81_RS15965,-1.3444835731923743,163.2032113114474,0.0228337443325614,0.11625505363228,RNA,C2vsA2_rna,ACZ81_15960,tier1:gene_id
ACZ81_RS15970,-0.3227041443968304,2161.7602697849893,0.3430380726068476,0.6049532955159002,RNA,C2vsA2_rna,ACZ81_15965,tier1:gene_id
ACZ81_RS15975,-0.7881334374480612,294.3450128955259,0.0220262029995563,0.1128596761612007,RNA,C2vsA2_rna,ACZ81_15970,tier1:gene_id
ACZ81_RS15980,-1.1931401642365604,204.0214646702386,0.000942601193899,0.0121208845830866,RNA,C2vsA2_rna,ACZ81_15975,tier1:gene_id
ACZ81_RS15985,-1.3631449744406614,459.5362556891262,0.046965985194845,0.1856428892627767,RNA,C2vsA2_rna,ACZ81_15980,tier1:gene_id
ACZ81_RS15990,-1.6146633490365474,12787.463108557871,0.032622035690204,0.1470557384147177,RNA,C2vsA2_rna,ACZ81_15985,tier1:gene_id
ACZ81_RS15995,-1.9793383480012143,238.9368125605268,0.0533221359958804,0.2003074996399555,RNA,C2vsA2_rna,ACZ81_15990,tier1:gene_id
ACZ81_RS16000,-1.7138181782368287,1167.3007042991626,0.0075836855041151,0.0530065265548956,RNA,C2vsA2_rna,ACZ81_15995,tier1:gene_id
ACZ81_RS16005,-0.2943185753762327,3270.963624813854,0.2644324661617565,0.5215845891056868,RNA,C2vsA2_rna,ACZ81_16000,tier1:gene_id
ACZ81_RS16010,-0.8974173346860566,399.6800605649886,0.0144442193710458,0.084598843965892,RNA,C2vsA2_rna,ACZ81_16005,tier1:gene_id
ACZ81_RS16015,-1.195477932439638,2083.5628542964896,0.0076540740935654,0.0532203557424339,RNA,C2vsA2_rna,ACZ81_16010,tier1:gene_id
ACZ81_RS16020,-1.279222679484123,962.8325960388238,0.0035557543926884,0.0314915819502564,RNA,C2vsA2_rna,ACZ81_16015,tier1:gene_id
ACZ81_RS16025,0.5566561033095268,729.4505221574998,0.0830266639728265,0.2619403714601171,RNA,C2vsA2_rna,ACZ81_16020,tier1:gene_id
ACZ81_RS16030,0.6964086700671421,19.499570820043832,0.2411645802816818,0.4961806646615936,RNA,C2vsA2_rna,ACZ81_16025,tier1:gene_id
ACZ81_RS16035,1.807846429434812,13.78592358275288,0.0559197497828145,0.2052607832833048,RNA,C2vsA2_rna,ACZ81_16030,tier1:gene_id
ACZ81_RS16040,-0.507245883901776,75.99582163536722,0.2313259482367866,0.4866855535697243,RNA,C2vsA2_rna,ACZ81_16035,tier1:gene_id
ACZ81_RS16045,0.0091324843287057,49.657669744901725,0.9827247194140878,0.9940092960146516,RNA,C2vsA2_rna,ACZ81_16040,tier1:gene_id
ACZ81_RS16050,0.5721249368883883,219.9560739947888,0.0579079962725121,0.2087393360694686,RNA,C2vsA2_rna,ACZ81_16045,tier1:gene_id
ACZ81_RS16055,2.030081726272769,2612.759738657412,5.577169728212287e-09,3.925544727997842e-07,RNA,C2vsA2_rna,ACZ81_16050,tier1:gene_id
ACZ81_RS16060,0.6839111277493646,1131.6101827537836,0.0088551560685755,0.059310327457638,RNA,C2vsA2_rna,ACZ81_16055,tier1:gene_id
ACZ81_RS16065,0.2666411178253287,557.8593015209113,0.398719185517213,0.6555530468903147,RNA,C2vsA2_rna,ACZ81_16060,tier1:gene_id
ACZ81_RS16070,0.145963759404013,148.25151110136477,0.7288523038764463,0.8826936195488411,RNA,C2vsA2_rna,ACZ81_16065,tier1:gene_id
ACZ81_RS16075,-0.0563041721744264,86.10464710952803,0.9265048231745868,0.9700736661076508,RNA,C2vsA2_rna,ACZ81_16070,tier1:gene_id
ACZ81_RS16080,0.1143987940777952,152.01967194329288,0.8361899097939749,0.9373576657616248,RNA,C2vsA2_rna,ACZ81_16075,tier1:gene_id
ACZ81_RS16085,0.3667924952055679,2303.532184716912,0.5649611506736023,0.7853860486841623,RNA,C2vsA2_rna,ACZ81_16080,tier1:gene_id
ACZ81_RS16090,0.7017774874627976,662.958441872451,0.3469936808959932,0.6087182543746062,RNA,C2vsA2_rna,ACZ81_16085,tier1:gene_id
ACZ81_RS16095,1.1851544980325497,1712.3038320713588,0.2385322545871955,0.4950809132973763,RNA,C2vsA2_rna,ACZ81_16090,tier1:gene_id
ACZ81_RS16100,0.1152044492435409,100.99803333283944,0.7126978835938498,0.8746845851876799,RNA,C2vsA2_rna,ACZ81_16095,tier1:gene_id
ACZ81_RS16105,-0.1918709930773751,37.23240133330127,0.6169821539532188,0.8251108005534379,RNA,C2vsA2_rna,ACZ81_16100,tier1:gene_id
ACZ81_RS16110,0.1275064525297677,221.6727325536615,0.7037827766091012,0.8709366131263768,RNA,C2vsA2_rna,ACZ81_16105,tier1:gene_id
ACZ81_RS16115,0.6569419558309013,684.055993879233,0.1467791748282702,0.3687401686981968,RNA,C2vsA2_rna,ACZ81_16110,tier1:gene_id
ACZ81_RS16120,0.272589580602629,563.8535210945635,0.2451778705195202,0.50032984383452,RNA,C2vsA2_rna,ACZ81_16115,tier1:gene_id
ACZ81_RS16125,1.6758807185641469,115.58460498784224,0.0069909259362008,0.0503537192782237,RNA,C2vsA2_rna,ACZ81_16120,tier1:gene_id
ACZ81_RS16130,1.4072469475716365,37846.74343267942,0.0797130616962975,0.2564112658200327,RNA,C2vsA2_rna,ACZ81_16125,tier1:gene_id
ACZ81_RS16135,1.5754970756273643,115.27992390963054,0.0782725239182291,0.2538636749878216,RNA,C2vsA2_rna,ACZ81_16130,tier1:gene_id
ACZ81_RS16140,0.7223642111264303,649.279657146393,0.2907982048277598,0.5490270107148106,RNA,C2vsA2_rna,ACZ81_16135,tier1:gene_id
ACZ81_RS16145,-0.2346087921246707,100.60735537691222,0.6704876765848677,0.8594238205937667,RNA,C2vsA2_rna,ACZ81_16140,tier1:gene_id
ACZ81_RS16150,-0.0923582576923739,51.41254773247695,0.8284366176264341,0.935722891305533,RNA,C2vsA2_rna,ACZ81_16145,tier1:gene_id
ACZ81_RS16155,0.4629355964351596,46.390812967200326,0.2531756871564375,0.5093986243087398,RNA,C2vsA2_rna,ACZ81_16150,tier1:gene_id
ACZ81_RS16160,2.703778719671259,4.449925707789175,0.1098530876592995,0.3130188833019245,RNA,C2vsA2_rna,ACZ81_16155,tier1:gene_id
ACZ81_RS16165,-0.2307434208653243,93.57657226014706,0.6415370495344497,0.8416764691733852,RNA,C2vsA2_rna,ACZ81_16160,tier1:gene_id
ACZ81_RS16170,-0.1669082628745423,2515.956114661381,0.7380056787439759,0.888932593054727,RNA,C2vsA2_rna,ACZ81_16165,tier1:gene_id
ACZ81_RS16175,0.2285687266560397,1376.36359876499,0.6832039270000606,0.8635835397366866,RNA,C2vsA2_rna,ACZ81_16170,tier1:gene_id
ACZ81_RS16180,0.2137481584532168,597.9173419916339,0.6348948501857126,0.8381698384156232,RNA,C2vsA2_rna,ACZ81_16175,tier1:gene_id
ACZ81_RS16185,-0.2670048530498763,601.2216130251666,0.4609824891942137,0.7064406977261978,RNA,C2vsA2_rna,ACZ81_16180,tier1:gene_id
ACZ81_RS16190,0.5741876277532297,221.4046051679568,0.0742623228755219,0.2448154801779735,RNA,C2vsA2_rna,ACZ81_16185,tier1:gene_id
ACZ81_RS16195,0.6279183660302451,849.0864358533878,0.4293643469129268,0.6849262304222729,RNA,C2vsA2_rna,ACZ81_16190,tier1:gene_id
ACZ81_RS16200,0.9777792212572192,1549.6860024816594,0.0710142985981302,0.2364634658080372,RNA,C2vsA2_rna,ACZ81_16195,tier1:gene_id
ACZ81_RS16230,-0.3023017354978515,1832.1355109653089,0.2424779827077718,0.497951993986212,RNA,C2vsA2_rna,ACZ81_16225,tier1:gene_id
ACZ81_RS16235,-1.782897955133956,3489.2168421883475,4.083569190412487e-06,0.0001449847751498,RNA,C2vsA2_rna,ACZ81_16230,tier1:gene_id
ACZ81_RS16240,0.9559937574191316,274.9908516329083,0.0595749675101349,0.2127437243925711,RNA,C2vsA2_rna,ACZ81_16235,tier1:gene_id
ACZ81_RS16245,-0.1923501356774546,428.2494467802552,0.5068786318332171,0.7406220851073871,RNA,C2vsA2_rna,ACZ81_16240,tier1:gene_id
ACZ81_RS16250,-0.5848674539234892,3508.651404157102,0.0838709305656813,0.2637070324682709,RNA,C2vsA2_rna,ACZ81_16245,tier1:gene_id
ACZ81_RS16255,0.2063518970641999,688.3988279040602,0.3817290916934815,0.6391891134700534,RNA,C2vsA2_rna,ACZ81_16250,tier1:gene_id
ACZ81_RS16260,-0.7776205878070672,46623.68659436119,0.2434046784214563,0.4982344744014707,RNA,C2vsA2_rna,ACZ81_16255,tier1:gene_id
ACZ81_RS16265,-0.827110077174376,113.47107749833324,0.0137862256946032,0.0815786688595104,RNA,C2vsA2_rna,ACZ81_16260,tier1:gene_id
ACZ81_RS16270,-1.0973833116231728,6813.714763853519,2.877455515233404e-06,0.0001089089766709,RNA,C2vsA2_rna,ACZ81_16265,tier1:gene_id
ACZ81_RS16275,0.2102953352449832,338.65483499187667,0.4578954328545079,0.7048012268904105,RNA,C2vsA2_rna,ACZ81_16270,tier1:gene_id
ACZ81_RS16280,0.5396741172866083,203.6414330172917,0.1338519491821328,0.3500743286301936,RNA,C2vsA2_rna,ACZ81_16275,tier1:gene_id
ACZ81_RS16285,0.6082856342528553,878.9920332777397,0.0091861525553638,0.0607163822934426,RNA,C2vsA2_rna,ACZ81_16280,tier1:gene_id
ACZ81_RS16290,0.7808624010022484,905.1465500326768,0.0071191465156519,0.0506669200229342,RNA,C2vsA2_rna,ACZ81_16285,tier1:gene_id
ACZ81_RS16295,0.8427663055970734,1545.8248159794523,0.0009091542752091,0.0117662159746427,RNA,C2vsA2_rna,ACZ81_16290,tier1:gene_id
ACZ81_RS16300,0.5064759830772962,3090.70901942246,0.1733095454159972,0.4123708025431435,RNA,C2vsA2_rna,ACZ81_16295,tier1:gene_id
ACZ81_RS16305,0.8473697065067828,4895.673120277087,0.1893908455053252,0.4341920412384942,RNA,C2vsA2_rna,ACZ81_16300,tier1:gene_id
ACZ81_RS16310,0.74169238053227,3969.4548465449807,0.3009895122925491,0.5598377020480793,RNA,C2vsA2_rna,ACZ81_16305,tier1:gene_id
ACZ81_RS16315,1.171696438903343,22554.918662780725,0.063431596641293,0.2207177499782027,RNA,C2vsA2_rna,ACZ81_16310,tier1:gene_id
ACZ81_RS16320,2.707199476526136,28011.05502599335,0.0008125633656034,0.0108666807426707,RNA,C2vsA2_rna,ACZ81_16315,tier1:gene_id
ACZ81_RS16325,0.4446072556820998,568.0288828715375,0.2400707248947833,0.4951998705798821,RNA,C2vsA2_rna,ACZ81_16320,tier1:gene_id
ACZ81_RS16330,0.0332417963945073,2715.151333266453,0.9507060055908628,0.9787612251553868,RNA,C2vsA2_rna,ACZ81_16325,tier1:gene_id
ACZ81_RS16335,-0.2309833764173419,1703.8246600447812,0.6156504223942555,0.8241539855341184,RNA,C2vsA2_rna,ACZ81_16330,tier1:gene_id
ACZ81_RS16340,0.2812235295310905,330.718023769723,0.3631621618419384,0.622014404761323,RNA,C2vsA2_rna,ACZ81_16335,tier1:gene_id
ACZ81_RS16345,0.0157426342642236,508.3469569042501,0.957803818926056,0.9825387168323542,RNA,C2vsA2_rna,ACZ81_16340,tier1:gene_id
ACZ81_RS16350,0.5555339297725339,503.0484555196333,0.0136172449627217,0.0809368693191696,RNA,C2vsA2_rna,ACZ81_16345,tier1:gene_id
ACZ81_RS16355,0.6428091480061815,261.0737472674104,0.0751360410128034,0.2466823212302516,RNA,C2vsA2_rna,ACZ81_16350,tier1:gene_id
ACZ81_RS16360,1.2955312631473352,113.84480039952828,0.0086432848916933,0.0581826493044862,RNA,C2vsA2_rna,ACZ81_16355,tier1:gene_id
ACZ81_RS16365,1.1575366766476065,113.55457124663748,0.0010732405211138,0.0128917394332593,RNA,C2vsA2_rna,ACZ81_16360,tier1:gene_id
ACZ81_RS16370,0.1295015908808792,517.4305226723784,0.8607812378747776,0.9487865028179958,RNA,C2vsA2_rna,ACZ81_16365,tier1:gene_id
ACZ81_RS16375,1.6145631801002716,14656.062791720702,0.0068010526487807,0.0499740352141176,RNA,C2vsA2_rna,ACZ81_16370,tier1:gene_id
ACZ81_RS16380,-0.0175202321100445,598.0913408366666,0.9590288130106468,0.983543864467974,RNA,C2vsA2_rna,ACZ81_16375,tier1:gene_id
ACZ81_RS16385,0.0291730421074914,4923.062607921853,0.942347065351915,0.9746574957957934,RNA,C2vsA2_rna,ACZ81_16380,tier1:gene_id
ACZ81_RS16390,0.1859821166603823,5196.706473051733,0.7215536911836979,0.878565526260697,RNA,C2vsA2_rna,ACZ81_16385,tier1:gene_id
ACZ81_RS16395,0.5438414983764155,6089.497603155556,,,RNA,C2vsA2_rna,ACZ81_16390,tier1:gene_id
ACZ81_RS16400,-0.0499352272605043,304.8187527260997,0.8966317209576854,0.960260598330384,RNA,C2vsA2_rna,ACZ81_16395,tier1:gene_id
ACZ81_RS16405,0.3118256799727878,648.5874920061524,0.2296159791434954,0.4866855535697243,RNA,C2vsA2_rna,ACZ81_16400,tier1:gene_id
ACZ81_RS16410,0.3269979828579153,411.30242247512496,0.2114540999722601,0.4620524257649034,RNA,C2vsA2_rna,ACZ81_16405,tier1:gene_id
ACZ81_RS16415,0.4186720359220534,319.3099050187538,0.1006279955102384,0.2979943038510245,RNA,C2vsA2_rna,ACZ81_16410,tier1:gene_id
ACZ81_RS16420,0.6362458420508714,510.55640384357446,0.1185252106897684,0.3259240200735784,RNA,C2vsA2_rna,ACZ81_16415,tier1:gene_id
ACZ81_RS16425,-0.0759691236818423,6208.246373568121,0.8739061284239511,0.9546482752471784,RNA,C2vsA2_rna,ACZ81_16420,tier1:gene_id
ACZ81_RS16430,1.8292105173739588,16478.435176544026,0.0026475720466394,0.0252737068324573,RNA,C2vsA2_rna,ACZ81_16425,tier1:gene_id
ACZ81_RS16435,-0.5511821623347599,910.0962973084636,0.090592220464608,0.276813395661849,RNA,C2vsA2_rna,ACZ81_16430,tier1:gene_id
ACZ81_RS16440,-0.576515607646079,498.19810024444064,0.1187451548335463,0.3262474807468675,RNA,C2vsA2_rna,ACZ81_16435,tier1:gene_id
ACZ81_RS16445,-0.7634476149200211,789.6669360736757,0.0096268722593482,0.0629662254573582,RNA,C2vsA2_rna,ACZ81_16440,tier1:gene_id
ACZ81_RS16450,-1.1393589926137144,1084.563494402402,0.0673418096274723,0.2287655654595564,RNA,C2vsA2_rna,ACZ81_16445,tier1:gene_id
ACZ81_RS16455,-0.7350076442135601,6995.109805205631,0.3176289031681314,0.5767429581918353,RNA,C2vsA2_rna,ACZ81_16450,tier1:gene_id
ACZ81_RS16460,0.5478830672111811,16.504977710257535,0.3257035509448105,0.5859742808926368,RNA,C2vsA2_rna,ACZ81_16455,tier1:gene_id
ACZ81_RS16465,1.6991665807968264,138.1992667688469,0.0001852894303943,0.0035231336243708,RNA,C2vsA2_rna,ACZ81_16460,tier1:gene_id
ACZ81_RS16470,0.690991885063388,203.223504648583,0.0229554597592545,0.1167266217416086,RNA,C2vsA2_rna,ACZ81_16465,tier1:gene_id
ACZ81_RS16475,0.7711410648499191,935.3292369427908,0.0083970355787722,0.0570998419356512,RNA,C2vsA2_rna,ACZ81_16470,tier1:gene_id
ACZ81_RS16480,0.7707361380077127,1167.4047429430068,0.065086550201614,0.2239513202477491,RNA,C2vsA2_rna,ACZ81_16475,tier1:gene_id
ACZ81_RS16485,0.3933294075897863,217.4668478695916,0.208413447204327,0.4576654352401534,RNA,C2vsA2_rna,ACZ81_16480,tier1:gene_id
ACZ81_RS16490,0.4490777891058212,442.4768394969332,0.2115628878689251,0.4620524257649034,RNA,C2vsA2_rna,ACZ81_16485,tier1:gene_id
ACZ81_RS16495,0.3661362704065244,867.9075348516766,0.0911933665413362,0.278015035382858,RNA,C2vsA2_rna,ACZ81_16490,tier1:gene_id
ACZ81_RS16500,-0.3859415307146701,276.3089293311121,0.2902926554005139,0.548330571312082,RNA,C2vsA2_rna,ACZ81_16495,tier1:gene_id
ACZ81_RS16505,0.2718159702140905,167.47050050908064,0.3179849011765552,0.5767429581918353,RNA,C2vsA2_rna,ACZ81_16500,tier1:gene_id
ACZ81_RS16510,-1.0680812612067343,35.77591515206691,0.0170141747189749,0.0949386216585917,RNA,C2vsA2_rna,ACZ81_16505,tier1:gene_id
ACZ81_RS16520,0.0,0.882653639761123,1.0,1.0,RNA,C2vsA2_rna,ACZ81_16515,tier1:gene_id
ACZ81_RS16525,-0.0855683698662353,716.8424397875101,0.7625348511513008,0.902179245891778,RNA,C2vsA2_rna,ACZ81_16520,tier1:gene_id
ACZ81_RS16530,0.6397590832692226,41.69997983956342,0.1778773220268979,0.4185594228574278,RNA,C2vsA2_rna,ACZ81_16525,tier1:gene_id
ACZ81_RS16535,-0.9002642256020404,125.9534071285744,0.0069137202473326,0.0502764879181676,RNA,C2vsA2_rna,ACZ81_16530,tier1:gene_id
ACZ81_RS16545,-1.5039736515640565,174.29631683060677,0.0550274177446605,0.2034746543701181,RNA,C2vsA2_rna,ACZ81_16540,tier1:gene_id
ACZ81_RS16550,-1.1277601230202896,582.4549190874164,0.115737704447094,0.3216795213260041,RNA,C2vsA2_rna,ACZ81_16545,tier1:gene_id
ACZ81_RS16555,-1.3497854233528792,844.6015576559763,0.0232262937178602,0.1176564272677466,RNA,C2vsA2_rna,ACZ81_16550,tier1:gene_id
ACZ81_RS16560,-1.5202134753476877,120.0763888082658,1.609630785809833e-08,1.0250537639157225e-06,RNA,C2vsA2_rna,ACZ81_16555,tier1:gene_id
ACZ81_RS16570,-0.0246664104312627,176.3051650826893,0.9486355178765444,0.977382048721288,RNA,C2vsA2_rna,ACZ81_16565,tier1:gene_id
ACZ81_RS16575,0.8261036526459058,365.2014516524691,0.1479737368351997,0.3712761927347225,RNA,C2vsA2_rna,ACZ81_16570,tier1:gene_id
ACZ81_RS16580,1.3329889002598998,432.1139580137673,0.0748456868397408,0.2465090999961722,RNA,C2vsA2_rna,ACZ81_16575,tier1:gene_id
ACZ81_RS16585,1.6037229613694424,225.24771127589267,0.0583303547356613,0.2098846486093932,RNA,C2vsA2_rna,ACZ81_16580,tier1:gene_id
ACZ81_RS16590,0.5652368097031187,140.04239970049616,0.518226472356504,0.7483100650438594,RNA,C2vsA2_rna,ACZ81_16585,tier1:gene_id
ACZ81_RS16595,0.5624181219891725,296.4654617354783,0.4213472447668944,0.6771336111275724,RNA,C2vsA2_rna,ACZ81_16590,tier1:gene_id
ACZ81_RS16600,-0.9274402640966224,178.45836962608269,0.3114905421987713,0.5701448852574563,RNA,C2vsA2_rna,ACZ81_16595,tier1:gene_id
ACZ81_RS16605,-0.8339261339859769,488.74928480221104,0.2758729730597399,0.5324112209767027,RNA,C2vsA2_rna,ACZ81_16600,tier1:gene_id
ACZ81_RS16610,-1.2820456153658313,1338.4238616797063,0.2196793135395854,0.473139196821823,RNA,C2vsA2_rna,ACZ81_16605,tier1:gene_id
ACZ81_RS16615,-0.1019702796603773,254.80284638082657,0.7508630047724165,0.8960328302043234,RNA,C2vsA2_rna,ACZ81_16610,tier1:gene_id
ACZ81_RS16620,-0.4238484687788748,80.55027114641838,0.2694631074058431,0.5266627209306285,RNA,C2vsA2_rna,ACZ81_16615,tier1:gene_id
ACZ81_RS16625,1.957875352318737,113.34153879653276,0.0019360418380052,0.0197643762190251,RNA,C2vsA2_rna,ACZ81_16620,tier1:gene_id
ACZ81_RS16630,-0.0898576432619465,162.11869511717754,0.7888884924930784,0.9184621682769096,RNA,C2vsA2_rna,ACZ81_16625,tier1:gene_id
ACZ81_RS16635,-0.36044204284859,212.66138130360287,0.3609138127097108,0.6197097780089478,RNA,C2vsA2_rna,ACZ81_16630,tier1:gene_id
ACZ81_RS16640,-0.3315032482758235,129.01184728681187,0.4952899689090622,0.7330555447486404,RNA,C2vsA2_rna,ACZ81_16635,tier1:gene_id
ACZ81_RS16645,-0.3279851079368987,159.69056259852508,0.2802897510936477,0.53746446329613,RNA,C2vsA2_rna,ACZ81_16640,tier1:gene_id
ACZ81_RS16650,0.6030042903889733,1276.9882390687524,0.006054070486642,0.045914803010223,RNA,C2vsA2_rna,ACZ81_16645,tier1:gene_id
ACZ81_RS16655,-0.5298350516681356,103.57011942600796,0.1646213756866735,0.3995529094101235,RNA,C2vsA2_rna,ACZ81_16650,tier1:gene_id
ACZ81_RS16660,-0.7125036649393287,153.4873510332529,0.0260920997562169,0.1262744321133201,RNA,C2vsA2_rna,ACZ81_16655,tier1:gene_id
ACZ81_RS16665,-0.3563221294167281,54.543068257319554,0.401023887414766,0.6569652251155742,RNA,C2vsA2_rna,ACZ81_16660,tier1:gene_id
ACZ81_RS16670,-0.6761278933775728,110.71671012293557,0.0269320992692558,0.1284938577065902,RNA,C2vsA2_rna,ACZ81_16665,tier1:gene_id
ACZ81_RS16675,-0.6314052276722498,1764.3333145971635,0.3462822663328951,0.6080019485897484,RNA,C2vsA2_rna,ACZ81_16670,tier1:gene_id
ACZ81_RS16680,-0.3713875603387648,2751.5435528964586,0.4693460898317981,0.7127238881170227,RNA,C2vsA2_rna,ACZ81_16675,tier1:gene_id
ACZ81_RS16685,-0.3917343896053369,4093.7912868262833,0.3087734835130887,0.5682565210341798,RNA,C2vsA2_rna,ACZ81_16680,tier1:gene_id
ACZ81_RS16690,-0.3426825367743226,1804.328328019359,0.3335507793622902,0.5942298964482718,RNA,C2vsA2_rna,ACZ81_16685,tier1:gene_id
ACZ81_RS16695,0.154213430713705,1478.050979570197,0.6599924369137893,0.8519511667413016,RNA,C2vsA2_rna,ACZ81_16690,tier1:gene_id
ACZ81_RS16700,0.3240146353621013,3129.965914894713,0.3945395700818483,0.65257598361861,RNA,C2vsA2_rna,ACZ81_16695,tier1:gene_id
ACZ81_RS16705,0.7923018624505349,4198.7453543265965,0.0553484597941219,0.2039960899512417,RNA,C2vsA2_rna,ACZ81_16700,tier1:gene_id
ACZ81_RS16710,0.3372549130686341,8403.151877906577,0.3507092079360422,0.6121314423621042,RNA,C2vsA2_rna,ACZ81_16705,tier1:gene_id
ACZ81_RS16715,0.4615197518055968,1714.1647757834494,0.0220163141445594,0.1128596761612007,RNA,C2vsA2_rna,ACZ81_16710,tier1:gene_id
ACZ81_RS16720,-0.0850946617165785,2247.186619134809,0.8080777455866293,0.9260233976845348,RNA,C2vsA2_rna,ACZ81_16715,tier1:gene_id
ACZ81_RS16725,0.8355587770065962,2786.995992633477,0.0645190958336318,0.223155443993339,RNA,C2vsA2_rna,ACZ81_16720,tier1:gene_id
ACZ81_RS16730,0.6392489736940159,6568.124185050007,0.0318920662114427,0.1448850158299262,RNA,C2vsA2_rna,ACZ81_16725,tier1:gene_id
ACZ81_RS16735,0.051702573082053,279.7020500069695,0.8511464992831796,0.9460478481763048,RNA,C2vsA2_rna,ACZ81_16730,tier1:gene_id
ACZ81_RS16740,1.5679517611626843,3798.4159381566105,1.7225553080193013e-07,8.427916946065168e-06,RNA,C2vsA2_rna,ACZ81_16735,tier1:gene_id
ACZ81_RS16745,0.0586923775405284,5312.809067516248,0.8512544197199552,0.9460478481763048,RNA,C2vsA2_rna,ACZ81_16740,tier1:gene_id
ACZ81_RS16750,-0.753605770168479,539.5755857206431,0.0985029807308177,0.2936062100238045,RNA,C2vsA2_rna,ACZ81_16745,tier1:gene_id
ACZ81_RS16755,-1.034292024867947,220.3852539498573,0.0133874902332404,0.0800493140292819,RNA,C2vsA2_rna,ACZ81_16750,tier1:gene_id
ACZ81_RS16760,0.6097138749562832,922.874685441184,0.1013149891290977,0.2988792179308384,RNA,C2vsA2_rna,ACZ81_16755,tier1:gene_id
ACZ81_RS16765,0.0885654988055558,655.595486680515,0.8329348208107523,0.9373576657616248,RNA,C2vsA2_rna,ACZ81_16760,tier1:gene_id
ACZ81_RS16770,1.5095706109098943,3070.614543148303,0.0344037655544707,0.1513463896979566,RNA,C2vsA2_rna,ACZ81_16765,tier1:gene_id
ACZ81_RS16775,-0.5794646522939354,4919.583040196604,0.1683912015404614,0.405513505750499,RNA,C2vsA2_rna,ACZ81_16770,tier1:gene_id
ACZ81_RS16780,4.34110099477288,1509.813187833197,1.6392382517899459e-38,6.576623866181261e-35,RNA,C2vsA2_rna,ACZ81_16775,tier1:gene_id
ACZ81_RS16785,0.6960148437229563,1109.2048548591074,0.1463695498295018,0.36817218427333,RNA,C2vsA2_rna,ACZ81_16780,tier1:gene_id
ACZ81_RS16790,0.6244618805161701,4123.513691121068,0.1267995602398867,0.339146557121617,RNA,C2vsA2_rna,ACZ81_16785,tier1:gene_id
ACZ81_RS16795,0.0846866959782687,131.9917588651816,0.8576249214358627,0.948439626222868,RNA,C2vsA2_rna,ACZ81_16790,tier1:gene_id
ACZ81_RS16800,-0.3745583309828154,690.7843024139354,0.3939888608020602,0.652366202863337,RNA,C2vsA2_rna,ACZ81_16795,tier1:gene_id
ACZ81_RS16805,0.0587749375937224,3446.222802955147,0.9280016775974984,0.9700736661076508,RNA,C2vsA2_rna,ACZ81_16800,tier1:gene_id
ACZ81_RS16810,0.3322657877832722,425.5403541060093,0.6993215575179995,0.8699777019417718,RNA,C2vsA2_rna,ACZ81_16805,tier1:gene_id
ACZ81_RS16815,0.4198090909282767,547.0570688804313,0.0512178642268565,0.1953871690802776,RNA,C2vsA2_rna,ACZ81_16810,tier1:gene_id
ACZ81_RS16820,0.5846086700707624,218.8174031021072,0.0666536545710186,0.2272000527943304,RNA,C2vsA2_rna,ACZ81_16815,tier1:gene_id
ACZ81_RS16825,0.8767403914662327,401.8411210823586,0.0011734955381347,0.0136465626057873,RNA,C2vsA2_rna,ACZ81_16820,tier1:gene_id
ACZ81_RS16830,0.3688723332563496,470.5530356720081,0.1259771077105994,0.3377843074918513,RNA,C2vsA2_rna,ACZ81_16825,tier1:gene_id
ACZ81_RS16835,0.0555711655648818,964.5028608731656,0.8609493950813865,0.9487865028179958,RNA,C2vsA2_rna,ACZ81_16830,tier1:gene_id
ACZ81_RS16840,-0.752505274266629,1578.858710302167,0.0010447340642301,0.0126630606214246,RNA,C2vsA2_rna,ACZ81_16835,tier1:gene_id
ACZ81_RS16845,0.1944977144683685,866.2627724308859,0.3041813514435223,0.5631636280532587,RNA,C2vsA2_rna,ACZ81_16840,tier1:gene_id
ACZ81_RS16850,0.3199330537349032,4351.126044656754,0.5552869867345686,0.7765114641962666,RNA,C2vsA2_rna,ACZ81_16845,tier1:gene_id
ACZ81_RS16855,1.0822210422902705,4464.186815262603,0.1337955421247313,0.3500743286301936,RNA,C2vsA2_rna,ACZ81_16850,tier1:gene_id
ACZ81_RS16860,0.0256784598057445,45.30551756732791,0.9479395931149712,0.9771669186991944,RNA,C2vsA2_rna,,unresolved
ACZ81_RS16865,1.0377817666065037,1424.2106698298523,0.0056220458703288,0.0437973748189505,RNA,C2vsA2_rna,ACZ81_16860,tier1:gene_id
ACZ81_RS16870,1.1632775524805647,3180.993387835819,0.0433944141646984,0.1767123852127401,RNA,C2vsA2_rna,ACZ81_16865,tier1:gene_id
ACZ81_RS16875,1.3575576067263229,122576.09236594076,0.0628390301462193,0.2196081785249407,RNA,C2vsA2_rna,ACZ81_16870,tier1:gene_id
ACZ81_RS16880,0.659211461257991,12263.56421976421,0.1404689719614757,0.3605639894494181,RNA,C2vsA2_rna,ACZ81_16875,tier1:gene_id
ACZ81_RS16885,0.2134824932890578,4454.318651529131,0.633873996897149,0.8376490367428727,RNA,C2vsA2_rna,ACZ81_16880,tier1:gene_id
ACZ81_RS16890,-0.7326839895429629,2614.3246439667587,0.0129746497158873,0.0786318650455285,RNA,C2vsA2_rna,ACZ81_16885,tier1:gene_id
ACZ81_RS16895,-0.5529360215996111,225.1564881754507,0.0878700705702703,0.2713893172655309,RNA,C2vsA2_rna,ACZ81_16890,tier1:gene_id
ACZ81_RS16900,-0.4014226093328079,296.4914101223591,0.0845362496751431,0.2653829684637514,RNA,C2vsA2_rna,ACZ81_16895,tier1:gene_id
ACZ81_RS16905,1.4418577867969846,103232.66881337904,0.0625731526247612,0.2190606355414853,RNA,C2vsA2_rna,ACZ81_16900,tier1:gene_id
ACZ81_RS16910,0.1659011802446192,27881.10393587673,0.7156332658759399,0.8763201729758868,RNA,C2vsA2_rna,ACZ81_16905,tier1:gene_id
ACZ81_RS16915,5.562823972273883,606.8860632829109,4.996103930185571e-05,0.001214810240479,RNA,C2vsA2_rna,ACZ81_16910,tier1:gene_id
ACZ81_RS16920,1.935606056243472,12593.615452223235,0.0815706567540754,0.259114390259185,RNA,C2vsA2_rna,ACZ81_16915,tier1:gene_id
ACZ81_RS16925,-0.0379766583789523,440.55602380692994,0.890238455217141,0.9574814441902894,RNA,C2vsA2_rna,ACZ81_16920,tier1:gene_id
ACZ81_RS16930,-0.1845949387142007,793.3217822700501,0.5136643067827702,0.7441825576077535,RNA,C2vsA2_rna,ACZ81_16925,tier1:gene_id
ACZ81_RS16935,1.256490799426605,1514.6735574835047,0.0329936896412875,0.1477351370991581,RNA,C2vsA2_rna,ACZ81_16930,tier1:gene_id
ACZ81_RS16960,0.3269052566978947,213.19882287882203,0.4793318953972638,0.7190571627135527,RNA,C2vsA2_rna,ACZ81_16955,tier1:gene_id
ACZ81_RS16965,0.0542408704739097,339.7861058434917,0.8143152428508652,0.9299477837990834,RNA,C2vsA2_rna,ACZ81_16960,tier1:gene_id
ACZ81_RS16970,0.349156840957685,349.4734917502529,0.0911701020563724,0.278015035382858,RNA,C2vsA2_rna,ACZ81_16965,tier1:gene_id
ACZ81_RS16975,0.6515123844646282,435.4163807579486,0.1718482797182015,0.4109265736810081,RNA,C2vsA2_rna,ACZ81_16970,tier1:gene_id
ACZ81_RS16980,-0.2695710006172934,92.4039590154086,0.348867589780875,0.6106704931068372,RNA,C2vsA2_rna,ACZ81_16975,tier1:gene_id
ACZ81_RS16985,-1.2159147525541374,0.9702661158995332,0.710873317138329,0.8742716167018763,RNA,C2vsA2_rna,ACZ81_16980,tier1:gene_id
ACZ81_RS17005,-0.0278218551402459,7950.472192907654,0.912456068749598,0.9669238636617504,RNA,C2vsA2_rna,ACZ81_17000,tier1:gene_id
ACZ81_RS17010,0.8296824876460528,369.4585232601751,0.0089155693957962,0.059615440693224,RNA,C2vsA2_rna,ACZ81_17005,tier1:gene_id
ACZ81_RS17015,0.5039784160015556,276.1823128154329,0.1093983128518114,0.3126257926965596,RNA,C2vsA2_rna,ACZ81_17010,tier1:gene_id
ACZ81_RS17020,0.8826751649051476,603.1750788953385,0.0046086223556907,0.0376574193300027,RNA,C2vsA2_rna,ACZ81_17015,tier1:gene_id
ACZ81_RS17025,-0.4998831074003468,126.65131737176004,0.1269901638009735,0.3393778372819819,RNA,C2vsA2_rna,ACZ81_17020,tier1:gene_id
ACZ81_RS17030,0.6718495544198113,20.46847988208947,0.2497521089885965,0.5051684944735297,RNA,C2vsA2_rna,ACZ81_17025,tier1:gene_id
ACZ81_RS17035,0.4690445405936054,1161.902718876845,0.0427473956274247,0.175002603323702,RNA,C2vsA2_rna,ACZ81_17030,tier1:gene_id
ACZ81_RS17040,-0.1160006805919312,222.7208532284735,0.6624103079472806,0.8535701869789271,RNA,C2vsA2_rna,ACZ81_17035,tier1:gene_id
ACZ81_RS17045,-0.2215069698531159,249.79927359024853,0.3358098551347286,0.5969291709351048,RNA,C2vsA2_rna,ACZ81_17040,tier1:gene_id
ACZ81_RS17050,0.3216372470551338,181.01195896817177,0.4219635625194975,0.6771671251312897,RNA,C2vsA2_rna,ACZ81_17045,tier1:gene_id
ACZ81_RS17055,-0.2348942394085665,619.1374984625379,0.3274200461123666,0.586956758267567,RNA,C2vsA2_rna,ACZ81_17050,tier1:gene_id
ACZ81_RS17060,-0.081326542860576,382.1356384914213,0.7648580206602302,0.9025324643790716,RNA,C2vsA2_rna,ACZ81_17055,tier1:gene_id
ACZ81_RS17065,0.2403745058068392,2360.2221717384587,0.3710794031730702,0.6297210151967815,RNA,C2vsA2_rna,ACZ81_17060,tier1:gene_id
ACZ81_RS17070,-0.2523133094584421,226.3344666949683,0.4278743616995281,0.6841896927614615,RNA,C2vsA2_rna,ACZ81_17065,tier1:gene_id
ACZ81_RS17075,-0.1261918390848198,123.5383843142338,0.693888796911414,0.8677935951398358,RNA,C2vsA2_rna,ACZ81_17070,tier1:gene_id
ACZ81_RS17080,-0.0565424334668991,253.72118898046733,0.8433444349730501,0.9424785161871524,RNA,C2vsA2_rna,ACZ81_17075,tier1:gene_id
ACZ81_RS17085,0.034096869900977,784.6103591639633,0.9275852840485852,0.9700736661076508,RNA,C2vsA2_rna,ACZ81_17080,tier1:gene_id
ACZ81_RS17090,-0.0824719309361848,557.2232001493958,0.7020263439390306,0.8706428722978025,RNA,C2vsA2_rna,ACZ81_17085,tier1:gene_id
ACZ81_RS17095,-0.4232467098227379,4078.3419546236846,0.3005804550441505,0.5593361714457941,RNA,C2vsA2_rna,ACZ81_17090,tier1:gene_id
ACZ81_RS17105,-0.1543922993784369,167.2564628238366,0.5776316940561447,0.7972021220563327,RNA,C2vsA2_rna,ACZ81_17100,tier1:gene_id
ACZ81_RS17110,-0.4643880241290292,178.1342687039752,0.0887574174534392,0.2734755346635768,RNA,C2vsA2_rna,ACZ81_17105,tier1:gene_id
ACZ81_RS17115,-0.2675858715493696,948.8869333015502,0.2861363866856098,0.5438082346672982,RNA,C2vsA2_rna,ACZ81_RS17115,locus_tag:gene_id
ACZ81_RS17120,-0.1610090191062136,4005.062736568055,0.6100990050759622,0.8189084002558582,RNA,C2vsA2_rna,ACZ81_17115,tier1:gene_id
ACZ81_RS17125,-0.6487009634677486,2151.335968849532,0.2611982374562838,0.5180065885687646,RNA,C2vsA2_rna,ACZ81_17120,tier1:gene_id
ACZ81_RS17140,0.7772818518898271,300.8610393785861,0.0062441680735439,0.0469131129420567,RNA,C2vsA2_rna,ACZ81_17135,tier1:gene_id
ACZ81_RS17145,0.8234308109812088,208.1811213473877,0.0101568268057716,0.0651987026316093,RNA,C2vsA2_rna,ACZ81_17140,tier1:gene_id
ACZ81_RS17150,0.4573068448067036,267.5316624101941,0.2477332289873196,0.5019725831803669,RNA,C2vsA2_rna,ACZ81_17145,tier1:gene_id
ACZ81_RS17155,-0.2286530895756169,1095.846024694257,0.4611986637422332,0.7065021149041006,RNA,C2vsA2_rna,ACZ81_17150,tier1:gene_id
ACZ81_RS17160,-0.156052756192764,728.7890168468905,0.5105884220846354,0.7435501812717087,RNA,C2vsA2_rna,ACZ81_17155,tier1:gene_id
ACZ81_RS17165,-0.10961088036709,1480.1872850006391,0.6826484559605666,0.8634085690294259,RNA,C2vsA2_rna,ACZ81_17160,tier1:gene_id
ACZ81_RS17170,-0.3549408722092454,790.577861797713,0.1137642626035157,0.3193997351751612,RNA,C2vsA2_rna,ACZ81_RS17170,locus_tag:gene_id
ACZ81_RS17175,-0.0208700007195084,150.91219207899596,0.9533528875195012,0.9807063516822124,RNA,C2vsA2_rna,ACZ81_17175,tier1:gene_id
ACZ81_RS17180,-0.1330369003311884,477.73695953065805,0.7341451480397804,0.8877005225845687,RNA,C2vsA2_rna,ACZ81_17180,tier1:gene_id
ACZ81_RS17185,-0.0047818649197824,701.601664299378,0.9865466968658502,0.9957296472517712,RNA,C2vsA2_rna,ACZ81_17185,tier1:gene_id
ACZ81_RS17190,-0.0251671904779301,535.2009831158335,0.9361598777360768,0.9718198043170614,RNA,C2vsA2_rna,ACZ81_17190,tier1:gene_id
ACZ81_RS17195,-0.3026783521310922,881.303170152945,0.3136512002525949,0.5722458460270172,RNA,C2vsA2_rna,ACZ81_17195,tier1:gene_id
ACZ81_RS17200,-1.0506423215352887,833.7618678231798,0.0092572604359751,0.0610857382715991,RNA,C2vsA2_rna,ACZ81_17200,tier1:gene_id
ACZ81_RS17205,0.2279417120972673,335.8821749229568,0.3688539152603052,0.6284429220038087,RNA,C2vsA2_rna,ACZ81_17205,tier1:gene_id
ACZ81_RS17215,1.6970499870850535,18036.032999631578,0.0318405041198934,0.1448345833662271,RNA,C2vsA2_rna,ACZ81_17215,tier1:gene_id
ACZ81_RS17220,-0.6422399355980248,623.3695840734923,0.0524308652485027,0.1980721576054549,RNA,C2vsA2_rna,ACZ81_17220,tier1:gene_id
ACZ81_RS17225,-0.2502765623041119,326.41418891776493,0.3773906008319276,0.6354569727411128,RNA,C2vsA2_rna,ACZ81_17225,tier1:gene_id
ACZ81_RS17230,-0.8302882029146633,742.9108414062894,0.0072195544701178,0.0510843960037263,RNA,C2vsA2_rna,ACZ81_17230,tier1:gene_id
ACZ81_RS17235,-0.8662346114802082,3513.7978971651096,0.0248225308243467,0.1230655157959606,RNA,C2vsA2_rna,ACZ81_RS17235,locus_tag:gene_id
ACZ81_RS17240,0.2668653440039149,157.415766217071,0.3552349299801065,0.615638245822975,RNA,C2vsA2_rna,ACZ81_17240,tier1:gene_id
ACZ81_RS17245,0.0330883110756116,119.7865604258512,0.9367114404384694,0.9720864715569424,RNA,C2vsA2_rna,ACZ81_RS17245,locus_tag:gene_id
ACZ81_RS17250,0.3193873449428513,561.9382912474446,0.2858459014384651,0.543771340242353,RNA,C2vsA2_rna,ACZ81_17250,tier1:gene_id
ACZ81_RS17255,0.1052335563593619,2111.687397511901,0.6403102608948336,0.8406167430334006,RNA,C2vsA2_rna,ACZ81_17255,tier1:gene_id
ACZ81_RS17260,0.1832953166811854,570.6094991936981,0.3984911164653655,0.6555530468903147,RNA,C2vsA2_rna,ACZ81_17260,tier1:gene_id
ACZ81_RS17265,-0.1810386800763815,226.3085808149962,0.424537379917528,0.6796663879605437,RNA,C2vsA2_rna,ACZ81_17265,tier1:gene_id
ACZ81_RS17270,-0.7500067696948285,4182.653661069032,0.0618903523337032,0.2172389270015902,RNA,C2vsA2_rna,ACZ81_17270,tier1:gene_id
ACZ81_RS17275,-0.8847056350453694,13892.972660621825,0.0603668923457927,0.2133849974372867,RNA,C2vsA2_rna,ACZ81_17275,tier1:gene_id
ACZ81_RS17280,-0.7723957973093093,9644.347637042558,0.1012564168156666,0.2988792179308384,RNA,C2vsA2_rna,ACZ81_17280,tier1:gene_id
ACZ81_RS17285,-0.5914018758565279,9892.794696508034,0.0944930444336106,0.2844006708684515,RNA,C2vsA2_rna,ACZ81_17285,tier1:gene_id
ACZ81_RS17290,-0.6055491969146473,8132.913733541307,0.0084375832211324,0.0571817295324041,RNA,C2vsA2_rna,ACZ81_17290,tier1:gene_id
ACZ81_RS17295,-0.9047553107344928,5335.197687704816,0.0082557238391118,0.0562342343676005,RNA,C2vsA2_rna,ACZ81_17295,tier1:gene_id
ACZ81_RS17300,-0.4582419425429364,15167.799852897164,0.154156976213684,0.3813056649625774,RNA,C2vsA2_rna,ACZ81_17300,tier1:gene_id
ACZ81_RS17305,-0.5445499366256729,3464.006749891456,0.2301457994885367,0.4866855535697243,RNA,C2vsA2_rna,ACZ81_17305,tier1:gene_id
ACZ81_RS17310,-0.1429349722749153,1532.6420589630518,0.7696638298648646,0.9055399663981926,RNA,C2vsA2_rna,ACZ81_17310,tier1:gene_id
ACZ81_RS17315,0.2276738466665134,4505.600773998825,0.663843366477501,0.8541820353777209,RNA,C2vsA2_rna,ACZ81_17315,tier1:gene_id
ACZ81_RS17320,0.3815645914527522,3470.0535931445133,0.4500112901925428,0.6991743751866645,RNA,C2vsA2_rna,ACZ81_17320,tier1:gene_id
ACZ81_RS17325,0.5873257453734164,4461.931846188082,0.2618240950941961,0.5180260843113278,RNA,C2vsA2_rna,ACZ81_17325,tier1:gene_id
ACZ81_RS17330,0.5514752421871942,2268.3169109335563,0.354968557103937,0.615507134492205,RNA,C2vsA2_rna,ACZ81_17330,tier1:gene_id
ACZ81_RS17335,0.7586576815914395,3539.0866155087606,0.1906108475549153,0.4357440002224048,RNA,C2vsA2_rna,ACZ81_17335,tier1:gene_id
ACZ81_RS17340,0.5963821279950128,7305.4254520167,0.2535945751091623,0.5095601929750841,RNA,C2vsA2_rna,ACZ81_17340,tier1:gene_id
ACZ81_RS17345,0.4227559426147021,7206.217884092488,0.2005401048835956,0.4492277503031746,RNA,C2vsA2_rna,ACZ81_17345,tier1:gene_id
ACZ81_RS17350,0.5674967971844823,14002.956278665291,0.0713909983974719,0.2372996566451179,RNA,C2vsA2_rna,ACZ81_17350,tier1:gene_id
ACZ81_RS17355,0.1512998237122096,13559.032738093454,0.7212208401872021,0.878565526260697,RNA,C2vsA2_rna,ACZ81_17355,tier1:gene_id
ACZ81_RS17360,-0.1904261651427082,105.33813012173708,0.5833738617709716,0.8002167414603722,RNA,C2vsA2_rna,ACZ81_17360,tier1:gene_id
ACZ81_RS17365,0.3815848930614089,3171.6548957407545,0.2895386348254938,0.5474217732892936,RNA,C2vsA2_rna,ACZ81_17365,tier1:gene_id
ACZ81_RS17370,-0.1879834310780576,984.7332375806836,0.5986491936326597,0.8116865714275872,RNA,C2vsA2_rna,ACZ81_17370,tier1:gene_id
ACZ81_RS17375,-0.3544260968516301,4313.853059110997,0.0390581030484948,0.1649485362426962,RNA,C2vsA2_rna,ACZ81_17375,tier1:gene_id
ACZ81_RS17380,-0.0467660979346333,84.63856481750103,0.8853692805344497,0.9567514259515674,RNA,C2vsA2_rna,ACZ81_17380,tier1:gene_id
ACZ81_RS17390,-1.5225167088927742,726.6330699089949,0.0006707943891618,0.0094267198470666,RNA,C2vsA2_rna,ACZ81_17390,tier1:gene_id
ACZ81_RS17395,-1.2290074944930822,460.0598088641737,4.575729546769341e-05,0.0011427500537693,RNA,C2vsA2_rna,ACZ81_17395,tier1:gene_id
ACZ81_RS17400,-2.242186775319907,169.73639674749478,2.430016784752504e-06,9.374257058102928e-05,RNA,C2vsA2_rna,ACZ81_17400,tier1:gene_id
ACZ81_RS17405,-2.374489831483056,221.9649715126912,3.716392560152554e-12,5.14143687976967e-10,RNA,C2vsA2_rna,ACZ81_17405,tier1:gene_id
ACZ81_RS17410,-1.3133723253171037,214.40634221830032,0.0034186964073813,0.0306156472911025,RNA,C2vsA2_rna,ACZ81_17410,tier1:gene_id
ACZ81_RS17415,-0.6914238100943386,206.55673971259327,0.035623834146357,0.1543099344305097,RNA,C2vsA2_rna,ACZ81_17415,tier1:gene_id
ACZ81_RS17420,-1.1264088515830353,1881.5927653870208,0.0022713463355319,0.0225169552333667,RNA,C2vsA2_rna,ACZ81_17420,tier1:gene_id
ACZ81_RS17425,0.4313937838646842,275.32922645825136,0.1789067337291393,0.4204884684952002,RNA,C2vsA2_rna,ACZ81_17425,tier1:gene_id
ACZ81_RS17430,-0.0182973096916796,877.5528184394769,0.9276717077816784,0.9700736661076508,RNA,C2vsA2_rna,ACZ81_17430,tier1:gene_id
ACZ81_RS17435,0.3982127488659724,658.1076758904384,0.2033438039995991,0.4519752585298568,RNA,C2vsA2_rna,ACZ81_17435,tier1:gene_id
ACZ81_RS17440,-0.0926719165900465,199.0643490837696,0.8574875615037181,0.948439626222868,RNA,C2vsA2_rna,ACZ81_17440,tier1:gene_id
ACZ81_RS17445,1.2897121316920477,363.9418835504817,6.269040536000001e-05,0.001479493566496,RNA,C2vsA2_rna,ACZ81_17445,tier1:gene_id
ACZ81_RS17450,0.5351292492123203,293.43203295207365,0.0272131000853178,0.1296662203590205,RNA,C2vsA2_rna,ACZ81_17450,tier1:gene_id
ACZ81_RS17455,-0.2553893699975078,1112.201650147833,0.2304062140376928,0.4866855535697243,RNA,C2vsA2_rna,ACZ81_17455,tier1:gene_id
ACZ81_RS17460,-0.6552232313647871,424.6920256304121,0.0027242967271543,0.0257173611043374,RNA,C2vsA2_rna,ACZ81_17460,tier1:gene_id
ACZ81_RS17470,-0.4009586545033958,1951.825412808349,0.420597648201986,0.6771336111275724,RNA,C2vsA2_rna,ACZ81_17470,tier1:gene_id
ACZ81_RS17475,0.2497792455765362,2988.835182808661,0.600705366174227,0.8129852618728208,RNA,C2vsA2_rna,ACZ81_17475,tier1:gene_id
ACZ81_RS17480,0.4189594093404229,1645.5457028498777,0.3599430544289367,0.619528349291724,RNA,C2vsA2_rna,ACZ81_17480,tier1:gene_id
ACZ81_RS17485,0.8499631895014155,169.04077969181338,0.068255111251418,0.229731129480444,RNA,C2vsA2_rna,ACZ81_17485,tier1:gene_id
ACZ81_RS17490,0.3991228304869609,173.13052012176044,0.1452139246520493,0.3667432461601069,RNA,C2vsA2_rna,ACZ81_17490,tier1:gene_id
ACZ81_RS17495,0.1333004433956633,389.9043649861802,0.4768940402590727,0.7184779978200372,RNA,C2vsA2_rna,ACZ81_17495,tier1:gene_id
ACZ81_RS17500,0.7610296488051875,8768.114258185957,0.2023022901663309,0.4514108944089654,RNA,C2vsA2_rna,ACZ81_17500,tier1:gene_id
ACZ81_RS17505,0.312891025001245,202.7793445017287,0.231032732900581,0.4866855535697243,RNA,C2vsA2_rna,ACZ81_17505,tier1:gene_id
ACZ81_RS17510,0.0893034432205215,280.6311540250084,0.8051924537509043,0.924301037038234,RNA,C2vsA2_rna,ACZ81_17510,tier1:gene_id
ACZ81_RS17515,0.0236808522825531,851.290298857903,0.8963732910042327,0.960260598330384,RNA,C2vsA2_rna,ACZ81_17515,tier1:gene_id
ACZ81_RS17520,-0.3355423115768361,785.208338533785,0.3536668602524497,0.614419572705878,RNA,C2vsA2_rna,ACZ81_17520,tier1:gene_id
ACZ81_RS17525,-0.3953141005922425,3789.448168215978,0.1738204906645109,0.4128879861136874,RNA,C2vsA2_rna,ACZ81_17525,tier1:gene_id
ACZ81_RS17530,0.0376283771218824,3211.645757773343,0.9499077492429268,0.9781904235016996,RNA,C2vsA2_rna,ACZ81_17530,tier1:gene_id
ACZ81_RS17535,0.4561188901572179,1178.614334879871,0.4623561366638435,0.7080048932424964,RNA,C2vsA2_rna,ACZ81_17535,tier1:gene_id
ACZ81_RS17540,0.4267509460591154,1319.2015392548717,0.183787027128612,0.4276992765893222,RNA,C2vsA2_rna,ACZ81_17540,tier1:gene_id
ACZ81_RS17545,0.4192754339582495,691.621693418485,0.3335338759066358,0.5942298964482718,RNA,C2vsA2_rna,ACZ81_17545,tier1:gene_id
ACZ81_RS17550,-0.0764409511811757,1451.7402458944234,0.8009310442160591,0.9224306070504428,RNA,C2vsA2_rna,ACZ81_17550,tier1:gene_id
ACZ81_RS17555,-0.2322224787350215,617.0617503910681,0.4711769513041103,0.7141525986520931,RNA,C2vsA2_rna,ACZ81_17555,tier1:gene_id
ACZ81_RS17560,0.5638342570685333,205.79827022950155,0.3215175661905486,0.580787246986259,RNA,C2vsA2_rna,ACZ81_17560,tier1:gene_id
ACZ81_RS17565,0.2193618980501743,55.91995370159061,0.6571429486245114,0.8510094408104594,RNA,C2vsA2_rna,ACZ81_17565,tier1:gene_id
ACZ81_RS17570,0.2412082689622906,754.6446854414445,0.420748578086179,0.6771336111275724,RNA,C2vsA2_rna,ACZ81_17570,tier1:gene_id
ACZ81_RS17575,-0.3783182193066852,699.7717021577298,0.1879781473959773,0.4322883777470577,RNA,C2vsA2_rna,ACZ81_17575,tier1:gene_id
ACZ81_RS17580,-0.813206313103857,886.5624310110604,0.1181610131960992,0.3253685552112217,RNA,C2vsA2_rna,ACZ81_17580,tier1:gene_id
ACZ81_RS17585,-0.7350801583818424,300.4891339276667,0.0647523728525021,0.2231842954331945,RNA,C2vsA2_rna,ACZ81_17585,tier1:gene_id
ACZ81_RS17590,-0.1079508523172343,195.32853831394053,0.7613283899884641,0.9015375734946808,RNA,C2vsA2_rna,ACZ81_17590,tier1:gene_id
ACZ81_RS17595,-0.2510545087520907,64.74241841405377,0.5496305347168741,0.7719973627476904,RNA,C2vsA2_rna,ACZ81_17595,tier1:gene_id
ACZ81_RS17600,-0.549713532701871,119.69314321020812,0.3560519669480056,0.6165215759151483,RNA,C2vsA2_rna,ACZ81_17600,tier1:gene_id
ACZ81_RS17605,-1.0125493406640034,22.471093681981124,0.1805814733802589,0.422938045068067,RNA,C2vsA2_rna,ACZ81_17605,tier1:gene_id
ACZ81_RS17610,-0.228106818491115,620.3752778968498,0.4384930300423927,0.6915228131014464,RNA,C2vsA2_rna,,unresolved
ACZ81_RS17615,-0.1733439828430564,13.82016039283826,0.8216986294622722,0.932864799789561,RNA,C2vsA2_rna,ACZ81_17615,tier1:gene_id
ACZ81_RS17620,0.3356399096076253,11.84326041217154,0.6901213336475396,0.866591811500113,RNA,C2vsA2_rna,ACZ81_17620,tier1:gene_id
ACZ81_RS17625,3.62260437363895,3.13786541052721,0.0186689877390208,0.1010795935343479,RNA,C2vsA2_rna,ACZ81_17625,tier1:gene_id
ACZ81_RS17630,0.2556220099248743,4.06422791315824,0.8555612219779797,0.9476840481986898,RNA,C2vsA2_rna,ACZ81_17630,tier1:gene_id
ACZ81_RS17635,0.3101806447331989,11.512298897878848,0.6946874914596444,0.8682511575501848,RNA,C2vsA2_rna,ACZ81_17635,tier1:gene_id
ACZ81_RS17640,-0.3189667788770273,24.34514685172521,0.5117503716583824,0.7438754259779939,RNA,C2vsA2_rna,ACZ81_17640,tier1:gene_id
ACZ81_RS17645,-0.3015664920173253,45.027675355236674,0.4298957546338602,0.6852370947918345,RNA,C2vsA2_rna,ACZ81_17645,tier1:gene_id
ACZ81_RS17650,-0.1823366934739797,0.3825332339110174,0.970958328663414,0.9882001051744336,RNA,C2vsA2_rna,ACZ81_17650,tier1:gene_id
ACZ81_RS17655,0.1824934404486327,1225.3215576562716,0.6367012071892355,0.8387350606185463,RNA,C2vsA2_rna,ACZ81_17655,tier1:gene_id
ACZ81_RS17660,-0.2885037510075662,376.06384100601736,0.6828502964931127,0.8634085690294259,RNA,C2vsA2_rna,ACZ81_17660,tier1:gene_id
ACZ81_RS17665,0.1648052447424411,190.4240469348687,0.6594610877345782,0.8518215981941815,RNA,C2vsA2_rna,ACZ81_17665,tier1:gene_id
ACZ81_RS17670,-0.3470779995129081,161.4098552847331,0.2667824715297743,0.5241583133092333,RNA,C2vsA2_rna,ACZ81_17670,tier1:gene_id
ACZ81_RS17675,-0.2913543296025035,470.0169709467986,0.2435460546887215,0.4982696437588734,RNA,C2vsA2_rna,ACZ81_17675,tier1:gene_id
ACZ81_RS17680,0.1906193122993522,310.8323373553763,0.5098765383860808,0.7430529139138962,RNA,C2vsA2_rna,ACZ81_17680,tier1:gene_id
ACZ81_RS17685,1.6339364509298753,1014.8757576711996,0.0217796541179086,0.1120256055398068,RNA,C2vsA2_rna,ACZ81_17685,tier1:gene_id
ACZ81_RS17695,-0.5037813989585189,99.25681259288186,0.3661976463768679,0.6260314014047026,RNA,C2vsA2_rna,ACZ81_17695,tier1:gene_id
ACZ81_RS17700,-0.4759845537128648,1699.319355234104,0.2447176898710569,0.4996475174364785,RNA,C2vsA2_rna,ACZ81_17700,tier1:gene_id
ACZ81_RS17705,-0.107504095921711,86.95867989531486,0.825104039742855,0.9345898948188408,RNA,C2vsA2_rna,ACZ81_17705,tier1:gene_id
ACZ81_RS17710,-0.7690108696862348,216.51578393154333,0.0630404788235076,0.2201204534725087,RNA,C2vsA2_rna,ACZ81_17710,tier1:gene_id
ACZ81_RS17715,0.3030527798062613,328.57840948219047,0.3375694430164278,0.5982016808223977,RNA,C2vsA2_rna,ACZ81_17715,tier1:gene_id
ACZ81_RS17720,0.2061367666157236,1111.9901798115982,0.5540744188275462,0.77589758057107,RNA,C2vsA2_rna,ACZ81_17720,tier1:gene_id
ACZ81_RS17725,0.458968349829167,242.4825395865268,0.2467172716719047,0.5009259584755474,RNA,C2vsA2_rna,ACZ81_17725,tier1:gene_id
ACZ81_RS17730,-0.7145775645965193,668.0059279760247,0.0159536280588001,0.0910468787651583,RNA,C2vsA2_rna,ACZ81_17730,tier1:gene_id
ACZ81_RS17735,-1.1014738794161063,90.13207132600353,0.0031204596269676,0.0286359509072597,RNA,C2vsA2_rna,ACZ81_17735,tier1:gene_id
ACZ81_RS17740,0.1919039771995002,598.6968229153362,0.3585308738338158,0.6190421911481052,RNA,C2vsA2_rna,ACZ81_17740,tier1:gene_id
ACZ81_RS17745,0.1266251107897854,21212.995416161004,0.7062002719304361,0.8720453958094521,RNA,C2vsA2_rna,ACZ81_17745,tier1:gene_id
ACZ81_RS17750,0.19299171412827,482.834203798524,0.3369493778552245,0.5976308151879578,RNA,C2vsA2_rna,ACZ81_17750,tier1:gene_id
ACZ81_RS17755,0.3048663388972905,810.6272632177418,0.2305808802440579,0.4866855535697243,RNA,C2vsA2_rna,ACZ81_17755,tier1:gene_id
ACZ81_RS17760,-0.971459550218052,444.238744376663,0.0125935290783017,0.0769029507795228,RNA,C2vsA2_rna,ACZ81_17760,tier1:gene_id
ACZ81_RS17765,-0.6982624912850834,820.6244305778501,0.0033113263586735,0.0298540255078608,RNA,C2vsA2_rna,ACZ81_17765,tier1:gene_id
ACZ81_RS17770,-0.5357930657353249,1936.2984393782792,0.0625037689635984,0.2190088393728881,RNA,C2vsA2_rna,ACZ81_17770,tier1:gene_id
ACZ81_RS17775,0.0448664890366901,161.8297318600263,0.9212105975277624,0.9686398567647296,RNA,C2vsA2_rna,ACZ81_17775,tier1:gene_id
ACZ81_RS17780,-0.1688924280849748,322.637297580045,0.6248630808989902,0.8295667374476335,RNA,C2vsA2_rna,ACZ81_17780,tier1:gene_id
ACZ81_RS17785,0.0983584917789338,132.40462194843053,0.7439373458410028,0.8922800094212565,RNA,C2vsA2_rna,ACZ81_17785,tier1:gene_id
ACZ81_RS17790,-0.3348353614987048,817.1917328870741,0.53932364371341,0.764882719963981,RNA,C2vsA2_rna,ACZ81_17790,tier1:gene_id
ACZ81_RS17795,0.1679512864561964,3818.675514139961,0.5938741146499178,0.808115803070734,RNA,C2vsA2_rna,ACZ81_17795,tier1:gene_id
ACZ81_RS17800,-0.1154432024308407,130.83384574947883,0.7252666926766989,0.880148206599793,RNA,C2vsA2_rna,ACZ81_17800,tier1:gene_id
ACZ81_RS17805,0.4626495073425888,1425.5119171746069,0.0904073896352623,0.2766700588990637,RNA,C2vsA2_rna,ACZ81_17805,tier1:gene_id
ACZ81_RS17810,0.799426271213367,164.79177153247483,0.0376608010981886,0.1603982314288036,RNA,C2vsA2_rna,ACZ81_17810,tier1:gene_id
ACZ81_RS17815,0.3547582854170775,1080.4248455347345,0.2351047893605093,0.4912710494345643,RNA,C2vsA2_rna,ACZ81_17815,tier1:gene_id
ACZ81_RS17820,1.186688311428514,145.00361385716934,0.0058280122933798,0.0448746534738207,RNA,C2vsA2_rna,ACZ81_17820,tier1:gene_id
ACZ81_RS17825,0.8142640946052444,636.3922049129766,0.0050278741154574,0.0403436619024307,RNA,C2vsA2_rna,ACZ81_17825,tier1:gene_id
ACZ81_RS17830,1.1091727064031076,372.23265950329954,0.0002303181400159,0.0041251624006436,RNA,C2vsA2_rna,ACZ81_17830,tier1:gene_id
ACZ81_RS17835,0.7086689320050727,2176.6628032152944,0.0114432280695263,0.0718469968934895,RNA,C2vsA2_rna,ACZ81_17835,tier1:gene_id
ACZ81_RS17840,-1.1803731970366464,2516.770816537062,0.0002552029651589,0.0044323562606835,RNA,C2vsA2_rna,ACZ81_17840,tier1:gene_id
ACZ81_RS17845,0.3105564548457678,145.59048396886644,0.4016813254815616,0.6572371443034362,RNA,C2vsA2_rna,ACZ81_17845,tier1:gene_id
ACZ81_RS17850,-0.03815898570547,153.8565124115688,0.912699831970579,0.9669267826421872,RNA,C2vsA2_rna,ACZ81_17850,tier1:gene_id
ACZ81_RS17855,0.1306297316314331,355.16107983128217,0.7101456361444777,0.8742265394942144,RNA,C2vsA2_rna,ACZ81_17855,tier1:gene_id
ACZ81_RS17860,0.1641393299417877,814.7224871777945,0.700293982042735,0.8701082242042281,RNA,C2vsA2_rna,ACZ81_17860,tier1:gene_id
ACZ81_RS17865,-0.3371588119683273,744.0920272683844,0.3998433669582599,0.6556730049701546,RNA,C2vsA2_rna,ACZ81_17865,tier1:gene_id
ACZ81_RS17870,-0.211365503946685,176.01777904167952,0.4536313600824793,0.7010718831379456,RNA,C2vsA2_rna,ACZ81_17870,tier1:gene_id
ACZ81_RS17875,-0.1484756696732029,206.08529892394253,0.5415806448238949,0.7666977935897905,RNA,C2vsA2_rna,ACZ81_17875,tier1:gene_id
ACZ81_RS17880,-0.1946688779601145,649.4435532678726,0.5118227998197995,0.7438754259779939,RNA,C2vsA2_rna,ACZ81_17880,tier1:gene_id
ACZ81_RS17885,-0.1490408289261368,447.8516884899898,0.589954634746021,0.8045200525496383,RNA,C2vsA2_rna,ACZ81_17885,tier1:gene_id
ACZ81_RS17890,-0.1392899188285259,1441.1243812359014,0.6869635698107515,0.8659554125845051,RNA,C2vsA2_rna,ACZ81_17890,tier1:gene_id
ACZ81_RS17895,0.0790776742203384,1566.6089361485142,0.7939596647663808,0.9211585237254828,RNA,C2vsA2_rna,ACZ81_17895,tier1:gene_id
ACZ81_RS17900,1.422421285858332,86.37987917448201,0.0002073699395226,0.0038163678778211,RNA,C2vsA2_rna,ACZ81_17900,tier1:gene_id
ACZ81_RS17905,1.188740540688442,147.59490625173206,0.0280495066380644,0.1323936713316643,RNA,C2vsA2_rna,ACZ81_17905,tier1:gene_id
ACZ81_RS17910,0.7045109068140267,55.02297305129839,0.2498141308662719,0.5051684944735297,RNA,C2vsA2_rna,ACZ81_17910,tier1:gene_id
ACZ81_RS17915,1.6528358655218705,152.52591488153044,0.0027068775180017,0.0256131900995828,RNA,C2vsA2_rna,ACZ81_17915,tier1:gene_id
ACZ81_RS17920,-0.4968647531961771,10.445990704296578,0.5443900615696068,0.7682352891372712,RNA,C2vsA2_rna,ACZ81_17920,tier1:gene_id
ACZ81_RS17925,0.0876154921600118,75.74539279217335,0.7661616249959069,0.9030083547249056,RNA,C2vsA2_rna,ACZ81_17925,tier1:gene_id
ACZ81_RS17930,1.0441502899310702,9.578837978918228,0.1718946531610455,0.4109265736810081,RNA,C2vsA2_rna,ACZ81_17930,tier1:gene_id
ACZ81_RS17935,1.1330398701664774,202.96594141537105,0.0183528261890968,0.1000889261685929,RNA,C2vsA2_rna,ACZ81_17935,tier1:gene_id
ACZ81_RS17940,-0.4711624553883011,9.719468130639957,0.5927627690057424,0.8072519447559533,RNA,C2vsA2_rna,ACZ81_17940,tier1:gene_id
ACZ81_RS17945,0.4170669327425368,6.946054714041974,0.6472764901306012,0.8453363536471262,RNA,C2vsA2_rna,ACZ81_17945,tier1:gene_id
ACZ81_RS17950,-0.0231602153358695,5.594423842203195,0.9836351751579998,0.9940092960146516,RNA,C2vsA2_rna,ACZ81_17950,tier1:gene_id
ACZ81_RS17955,0.0333849085550663,29.48024258170077,0.9538075937136667,0.9807063516822124,RNA,C2vsA2_rna,ACZ81_17955,tier1:gene_id
ACZ81_RS17960,1.6824214242377,15.091277528514242,0.0269350284973186,0.1284938577065902,RNA,C2vsA2_rna,ACZ81_17960,tier1:gene_id
ACZ81_RS17965,2.9810483011245523,80.34598407035378,0.0003813519153342,0.0061891300748762,RNA,C2vsA2_rna,ACZ81_17965,tier1:gene_id
ACZ81_RS17970,1.2637307191893652,63.15483743602224,0.0347642060542464,0.152310510746439,RNA,C2vsA2_rna,ACZ81_17970,tier1:gene_id
ACZ81_RS17975,0.2395363724906651,207.6229453475121,0.4292416118520709,0.6849262304222729,RNA,C2vsA2_rna,ACZ81_17975,tier1:gene_id
ACZ81_RS17980,1.7095465972411588,94.82096280569962,0.0024601886726771,0.0240152723960601,RNA,C2vsA2_rna,ACZ81_17980,tier1:gene_id
ACZ81_RS17985,-0.4367273343562828,180.3544873841924,0.1215484911801775,0.3297177461899069,RNA,C2vsA2_rna,ACZ81_17985,tier1:gene_id
ACZ81_RS17990,-0.0324982138878524,1060.7268388617156,0.8845717118626522,0.9567514259515674,RNA,C2vsA2_rna,ACZ81_17990,tier1:gene_id
ACZ81_RS17995,0.2802487105768104,3048.382181686252,0.5825574492859904,0.7995964716166245,RNA,C2vsA2_rna,ACZ81_17995,tier1:gene_id
ACZ81_RS18000,0.7022868817146615,7028.041341726927,0.0090937688202088,0.060504478452202,RNA,C2vsA2_rna,ACZ81_18000,tier1:gene_id
ACZ81_RS18005,0.559750573306517,5828.725488937952,0.1583247407375956,0.387810326193177,RNA,C2vsA2_rna,ACZ81_18005,tier1:gene_id
ACZ81_RS18010,1.0273077693089934,5016.027749135219,0.0034625431356534,0.0308704956894259,RNA,C2vsA2_rna,ACZ81_18010,tier1:gene_id
ACZ81_RS18015,-0.3792083491897804,14605.674561960675,0.3569702285294233,0.6170463407410798,RNA,C2vsA2_rna,ACZ81_18015,tier1:gene_id
ACZ81_RS18020,0.0941704632547118,16288.111058060658,0.7826486330238183,0.9148969558977628,RNA,C2vsA2_rna,ACZ81_18020,tier1:gene_id
ACZ81_RS18025,0.0319281373330689,4902.4285206041495,0.918424615557354,0.968421342242408,RNA,C2vsA2_rna,ACZ81_18025,tier1:gene_id
ACZ81_RS18030,0.3097595463402651,9744.746008458562,0.2741472530796603,0.5310858422769664,RNA,C2vsA2_rna,ACZ81_18030,tier1:gene_id
ACZ81_RS18035,-0.169180546598447,10281.246527190053,0.690296318144306,0.866591811500113,RNA,C2vsA2_rna,ACZ81_18035,tier1:gene_id
ACZ81_RS18040,0.074757667715412,8850.31974117547,0.8837016884203241,0.9567514259515674,RNA,C2vsA2_rna,ACZ81_18040,tier1:gene_id
ACZ81_RS18045,-0.7331437061893695,22.507652252654744,0.1597034622884984,0.389909209037463,RNA,C2vsA2_rna,ACZ81_18045,tier1:gene_id
ACZ81_RS18055,0.3768454233546974,2414.289012399488,0.3891274584000933,0.6467436056395297,RNA,C2vsA2_rna,ACZ81_18055,tier1:gene_id
ACZ81_RS18060,0.0745837701157695,1765.6946765807277,0.8872447266770375,0.9567514259515674,RNA,C2vsA2_rna,ACZ81_18060,tier1:gene_id
ACZ81_RS18070,0.1938997765391203,430.8903965513035,0.4842012179874912,0.721999944915778,RNA,C2vsA2_rna,ACZ81_18070,tier1:gene_id
ACZ81_RS18075,-0.177010910020669,185.9173221832724,0.6953229861353465,0.8683854207753178,RNA,C2vsA2_rna,ACZ81_18075,tier1:gene_id
ACZ81_RS18080,-0.0981192167734021,1552.7836453614682,0.6632116554913252,0.853916932551732,RNA,C2vsA2_rna,ACZ81_18080,tier1:gene_id
ACZ81_RS18085,-1.1304923714811606,17.140309052320834,0.0721372325951018,0.238934970989192,RNA,C2vsA2_rna,ACZ81_18085,tier1:gene_id
ACZ81_RS18090,-0.2702442421901985,97.80109933166698,0.5724803044023852,0.7922700866720832,RNA,C2vsA2_rna,ACZ81_18090,tier1:gene_id
ACZ81_RS18095,-0.2549185928086332,710.0567316262276,0.3346966274909812,0.5957421781250296,RNA,C2vsA2_rna,ACZ81_18095,tier1:gene_id
ACZ81_RS18100,-0.5102572142987853,475.860517994314,0.0185252785214998,0.1005729599841098,RNA,C2vsA2_rna,ACZ81_18100,tier1:gene_id
ACZ81_RS18105,0.3734208414229828,1525.298204483108,0.2371271302844185,0.4942098943901752,RNA,C2vsA2_rna,ACZ81_18105,tier1:gene_id
ACZ81_RS18110,0.2532154983941633,1173.1889775481131,0.6001089335091467,0.812841674962423,RNA,C2vsA2_rna,ACZ81_18110,tier1:gene_id
ACZ81_RS18115,0.5202440413320781,485.9822218174781,0.0176637951022201,0.0974835130299349,RNA,C2vsA2_rna,ACZ81_18115,tier1:gene_id
ACZ81_RS18120,-0.1700602316419096,211.34590852031275,0.5433520996629017,0.7678508713799089,RNA,C2vsA2_rna,ACZ81_18120,tier1:gene_id
ACZ81_RS18125,0.4814466313776048,202.1687258984444,0.081734712424527,0.2594301157019008,RNA,C2vsA2_rna,ACZ81_18125,tier1:gene_id
ACZ81_RS18130,5.253792579914357,1840.5125140750763,2.102030506711398e-17,7.027788660771773e-15,RNA,C2vsA2_rna,ACZ81_18130,tier1:gene_id
ACZ81_RS18135,4.948630592545124,2390.185098986586,2.150746333664419e-22,2.1571985726654124e-19,RNA,C2vsA2_rna,ACZ81_18135,tier1:gene_id
ACZ81_RS18140,-0.377010043068146,6705.757677022404,0.5644454748446659,0.7851916005325538,RNA,C2vsA2_rna,ACZ81_18140,tier1:gene_id
ACZ81_RS18145,0.440656376058059,11795.651381686745,0.213935019413654,0.4645832678395688,RNA,C2vsA2_rna,ACZ81_18145,tier1:gene_id
ACZ81_RS18150,0.5779639104529217,574.8222183512244,0.0409076593741147,0.1706045004251024,RNA,C2vsA2_rna,ACZ81_18150,tier1:gene_id
ACZ81_RS18155,0.6133046967555879,638.3761113918382,0.07982390717811,0.2564112658200327,RNA,C2vsA2_rna,ACZ81_18155,tier1:gene_id
ACZ81_RS18160,1.1420526569012,1870.30593953958,1.243259815187627e-06,5.038341796497737e-05,RNA,C2vsA2_rna,ACZ81_18160,tier1:gene_id
ACZ81_RS18170,-0.1359280923230759,102.6936532107304,0.6372937019190061,0.8388524711611065,RNA,C2vsA2_rna,ACZ81_18170,tier1:gene_id
ACZ81_RS18175,1.355596571121434,339.8818850806617,8.571119012931936e-05,0.0019159490119524,RNA,C2vsA2_rna,ACZ81_18175,tier1:gene_id
ACZ81_RS18180,0.9255884414956752,50.62916144826081,0.0392450259169673,0.165389752078648,RNA,C2vsA2_rna,ACZ81_18180,tier1:gene_id
ACZ81_RS18185,-0.2226940984342356,155.3509070422149,0.5119242400611269,0.7438754259779939,RNA,C2vsA2_rna,ACZ81_18185,tier1:gene_id
ACZ81_RS18190,1.25838308227448,422.52005455780375,3.438751568010308e-05,0.0008843763647985,RNA,C2vsA2_rna,ACZ81_18190,tier1:gene_id
ACZ81_RS18195,0.928943704294534,613.6861123828166,0.0009830601168325,0.0122231394198785,RNA,C2vsA2_rna,ACZ81_18195,tier1:gene_id
ACZ81_RS18200,0.4546766513888295,343.121100160335,0.1337309689007896,0.3500743286301936,RNA,C2vsA2_rna,ACZ81_18200,tier1:gene_id
ACZ81_RS18205,4.409148475933886,570.6255069046745,5.0847615240522686e-14,9.714315825951286e-12,RNA,C2vsA2_rna,ACZ81_18205,tier1:gene_id
ACZ81_RS18210,0.4207822303324201,175.02124430758974,0.1369669207229248,0.3549814508658749,RNA,C2vsA2_rna,ACZ81_18210,tier1:gene_id
ACZ81_RS18215,0.4928018589206565,114.85522063517,0.178431167495099,0.4196165556801509,RNA,C2vsA2_rna,ACZ81_18215,tier1:gene_id
ACZ81_RS18220,-0.1698409578488118,13.657858498357152,0.8595363583830765,0.9487865028179958,RNA,C2vsA2_rna,ACZ81_18220,tier1:gene_id
ACZ81_RS18225,-0.9039385507756512,233.22490653502248,0.0187221776238813,0.1012309658045982,RNA,C2vsA2_rna,ACZ81_18225,tier1:gene_id
ACZ81_RS18230,0.0677565623674027,328.5656558022513,0.8428416409573964,0.942179064787148,RNA,C2vsA2_rna,ACZ81_18230,tier1:gene_id
ACZ81_RS18235,-0.1648225395196394,238.46394737188805,0.7357798242469089,0.8888232776174146,RNA,C2vsA2_rna,ACZ81_18235,tier1:gene_id
ACZ81_RS18240,0.019410260345561,534.0832722839979,0.9724564902198606,0.9889722278230876,RNA,C2vsA2_rna,ACZ81_18240,tier1:gene_id
ACZ81_RS18245,-0.085988214581718,3249.8794894692787,0.8550977272129684,0.9476840481986898,RNA,C2vsA2_rna,ACZ81_18245,tier1:gene_id
ACZ81_RS18250,0.7444555111563403,908.742528608933,0.1700053623988749,0.407444154088582,RNA,C2vsA2_rna,ACZ81_18250,tier1:gene_id
ACZ81_RS18255,0.1484805778080707,91.68917636357666,0.744577882239509,0.8925424757152299,RNA,C2vsA2_rna,ACZ81_18255,tier1:gene_id
ACZ81_RS18260,0.8668033345837988,1964.593487866793,0.027784388364777,0.1312967798816085,RNA,C2vsA2_rna,ACZ81_18260,tier1:gene_id
ACZ81_RS18265,0.5621387378731275,1901.6221898090864,0.137279502507111,0.3551851851652101,RNA,C2vsA2_rna,ACZ81_18265,tier1:gene_id
ACZ81_RS18270,0.8316507804132859,557.4223878738844,0.0268870838772384,0.1284938577065902,RNA,C2vsA2_rna,ACZ81_18270,tier1:gene_id
ACZ81_RS18275,0.2196649234609739,4825.998147140591,0.6672676876397292,0.8568185771722804,RNA,C2vsA2_rna,ACZ81_18275,tier1:gene_id
ACZ81_RS18280,-1.0072269960556874,3479.1393645150165,0.0009628672911891,0.0121478728687139,RNA,C2vsA2_rna,ACZ81_18280,tier1:gene_id
ACZ81_RS18285,0.495275698196895,2358.359698005067,0.1484443577531085,0.3717595276563492,RNA,C2vsA2_rna,ACZ81_18285,tier1:gene_id
ACZ81_RS18290,0.8270496082557983,5562.789301015734,0.0354103508341711,0.1537514367388468,RNA,C2vsA2_rna,ACZ81_18290,tier1:gene_id
ACZ81_RS18295,0.1867034198880531,8868.142298716302,0.4656874522906611,0.7101246896959834,RNA,C2vsA2_rna,ACZ81_18295,tier1:gene_id
ACZ81_RS18300,0.7376304117121232,1818.808921304828,0.0276754088646891,0.1310388435394339,RNA,C2vsA2_rna,ACZ81_18300,tier1:gene_id
ACZ81_RS18305,0.5100371747461535,1835.5093125706087,0.2161417326885475,0.4674720385695164,RNA,C2vsA2_rna,ACZ81_18305,tier1:gene_id
ACZ81_RS18310,-0.3119302774252175,527.4140347221454,0.11950449638156,0.3262474807468675,RNA,C2vsA2_rna,ACZ81_18310,tier1:gene_id
ACZ81_RS18315,-0.2246307555522309,1033.3182041648408,0.412559702692072,0.6695750514565506,RNA,C2vsA2_rna,ACZ81_18315,tier1:gene_id
ACZ81_RS18320,-0.2808089298541873,778.642286787513,0.4562382097229263,0.7034695224474944,RNA,C2vsA2_rna,ACZ81_18320,tier1:gene_id
ACZ81_RS18325,0.0604210960065194,1273.8609164596778,0.8079227288559541,0.9260233976845348,RNA,C2vsA2_rna,ACZ81_18325,tier1:gene_id
ACZ81_RS18330,-0.356932779083635,583.9773575418048,0.0955974021628238,0.2866493105211131,RNA,C2vsA2_rna,ACZ81_18330,tier1:gene_id
ACZ81_RS18335,0.2521457670083747,406.5329095050639,0.3663812887582855,0.6260314014047026,RNA,C2vsA2_rna,ACZ81_18335,tier1:gene_id
ACZ81_RS18340,0.1346745225809096,1769.170499021423,0.5419792682071398,0.766941497028899,RNA,C2vsA2_rna,ACZ81_18340,tier1:gene_id
ACZ81_RS18345,-0.3086686544508099,739.6870402847906,0.0643116629756714,0.2229487885293657,RNA,C2vsA2_rna,ACZ81_18345,tier1:gene_id
ACZ81_RS18350,-0.2487257108036846,1180.2354996741678,0.4522685286189519,0.7006414002561505,RNA,C2vsA2_rna,ACZ81_18350,tier1:gene_id
ACZ81_RS18355,0.2403431951339124,1448.523058900821,0.2853161465046014,0.543771340242353,RNA,C2vsA2_rna,ACZ81_18355,tier1:gene_id
ACZ81_RS18360,-0.2128296552489131,787.3628884330266,0.2941178285229342,0.5526935494304507,RNA,C2vsA2_rna,ACZ81_18360,tier1:gene_id
ACZ81_RS18365,0.0718149691651606,1036.1959271750802,0.7110539095957682,0.8742716167018763,RNA,C2vsA2_rna,ACZ81_18365,tier1:gene_id
ACZ81_RS18370,0.0838478222537598,11206.866969026429,0.7157779678070741,0.8763201729758868,RNA,C2vsA2_rna,ACZ81_18370,tier1:gene_id
ACZ81_RS18375,-0.4496448404831871,1715.171021151417,0.001467187915025,0.0159955378127185,RNA,C2vsA2_rna,ACZ81_18375,tier1:gene_id
ACZ81_RS18380,-0.0747536003900649,721.1362527718353,0.8868130261693756,0.9567514259515674,RNA,C2vsA2_rna,ACZ81_18380,tier1:gene_id
ACZ81_RS18385,-0.2332515026732315,603.3768434846354,0.5300383318703151,0.757845255689132,RNA,C2vsA2_rna,ACZ81_18385,tier1:gene_id
ACZ81_RS18390,-0.5787405518409874,254.98498822831093,0.1412211095498402,0.3615692989878488,RNA,C2vsA2_rna,ACZ81_18390,tier1:gene_id
ACZ81_RS18395,-0.858141227640177,351.8107695127204,0.0828421060516275,0.2619090066817413,RNA,C2vsA2_rna,ACZ81_18395,tier1:gene_id
ACZ81_RS18400,-0.1377787567076728,472.72227681270107,0.5212564424262291,0.7514483819669534,RNA,C2vsA2_rna,ACZ81_18400,tier1:gene_id
ACZ81_RS18405,0.3041175779866175,377.7020798987467,0.204542255913561,0.4536337925512476,RNA,C2vsA2_rna,ACZ81_18405,tier1:gene_id
ACZ81_RS18410,-0.036661590552864,79.83935091644179,0.9436586917265778,0.9751467946019312,RNA,C2vsA2_rna,ACZ81_18410,tier1:gene_id
ACZ81_RS18415,0.8351364598456793,53.43534718805931,0.0676485613900273,0.2291075362525658,RNA,C2vsA2_rna,ACZ81_18415,tier1:gene_id
ACZ81_RS18420,-0.2860197812910903,32.03577648118695,0.5981538915279816,0.8112891862103658,RNA,C2vsA2_rna,ACZ81_18420,tier1:gene_id
ACZ81_RS18425,0.1521211151872309,122.88140116208692,0.7068998212931398,0.8723147206156796,RNA,C2vsA2_rna,ACZ81_18425,tier1:gene_id
ACZ81_RS18430,0.704438994909131,184.8034633381722,0.098379533045876,0.2934562725502265,RNA,C2vsA2_rna,ACZ81_18430,tier1:gene_id
ACZ81_RS18435,1.3705392571574984,636.9768669895113,0.0055287535340247,0.0433681525910757,RNA,C2vsA2_rna,ACZ81_18435,tier1:gene_id
ACZ81_RS18440,-0.0636234402120819,511.3679720474455,0.6804949764808241,0.8620633604322281,RNA,C2vsA2_rna,ACZ81_18440,tier1:gene_id
ACZ81_RS18445,0.5286927461374551,4993.448074594958,0.2843848688349387,0.5422776111054061,RNA,C2vsA2_rna,ACZ81_18445,tier1:gene_id
ACZ81_RS18450,0.5666625375868944,3947.8437789806553,0.3688731395374421,0.6284429220038087,RNA,C2vsA2_rna,ACZ81_18450,tier1:gene_id
ACZ81_RS18455,0.3068827710945629,9826.221308122098,0.4836406948712548,0.7218625252319473,RNA,C2vsA2_rna,ACZ81_18455,tier1:gene_id
ACZ81_RS18460,0.5299147158069077,760.4581034977143,0.3272111205772463,0.586956758267567,RNA,C2vsA2_rna,ACZ81_18460,tier1:gene_id
ACZ81_RS18465,0.3046443524895802,486.7452814772534,0.4137737547795513,0.6710025481712046,RNA,C2vsA2_rna,ACZ81_18465,tier1:gene_id
ACZ81_RS18470,0.0613699901553875,239.1434335190377,0.7958173552008956,0.9214963337695252,RNA,C2vsA2_rna,ACZ81_18470,tier1:gene_id
ACZ81_RS18475,-0.7357571951527788,1247.9435529204388,0.0302358078462013,0.1401616024919007,RNA,C2vsA2_rna,ACZ81_18475,tier1:gene_id
ACZ81_RS18480,-0.395568580404815,3023.21594278642,0.0683761534233976,0.2299456224096154,RNA,C2vsA2_rna,ACZ81_18480,tier1:gene_id
ACZ81_RS18485,0.3374139404131067,1333.9140879531094,0.394564846263928,0.65257598361861,RNA,C2vsA2_rna,ACZ81_18485,tier1:gene_id
ACZ81_RS18490,-0.2782517360341693,100.24306553526202,0.4406468006019263,0.6938284788127663,RNA,C2vsA2_rna,ACZ81_18490,tier1:gene_id
ACZ81_RS18495,0.9142464047503448,601.1965263024719,0.0008087819189368,0.0108523019205501,RNA,C2vsA2_rna,ACZ81_18495,tier1:gene_id
ACZ81_RS18500,0.7724948193920845,450.72648393280593,0.0157669211101161,0.0905569175121217,RNA,C2vsA2_rna,ACZ81_18500,tier1:gene_id
ACZ81_RS18505,1.0744265068555363,553.978227060232,0.0129356287171752,0.0785139824709638,RNA,C2vsA2_rna,ACZ81_18505,tier1:gene_id
ACZ81_RS18510,2.0091852986402623,332.5697009235037,0.0005720838972824,0.0083781660971166,RNA,C2vsA2_rna,ACZ81_18510,tier1:gene_id
ACZ81_RS18515,-0.3177061014500231,398.61520862445406,0.2648569422512455,0.5219086700943011,RNA,C2vsA2_rna,ACZ81_18515,tier1:gene_id
ACZ81_RS18520,-0.1288635098939005,110.00444047892434,0.7155250049108016,0.8763201729758868,RNA,C2vsA2_rna,ACZ81_18520,tier1:gene_id
ACZ81_RS18525,1.429924339046311,549.9687373308175,0.0008934701599453,0.0116006546333353,RNA,C2vsA2_rna,ACZ81_18525,tier1:gene_id
ACZ81_RS18530,0.6563814971770333,337.48212401032924,0.0375455120685474,0.1603982314288036,RNA,C2vsA2_rna,ACZ81_18530,tier1:gene_id
ACZ81_RS18535,3.5871604338572065,1329.6017331683292,1.3836362369956875e-10,1.4233714314940252e-08,RNA,C2vsA2_rna,ACZ81_18535,tier1:gene_id
ACZ81_RS18540,-0.3167488878006261,494.5679285534762,0.0364268339336475,0.1568073580920533,RNA,C2vsA2_rna,ACZ81_18540,tier1:gene_id
ACZ81_RS18545,-0.5059521537446199,129.41049799812492,0.1301371224989822,0.3445069909943778,RNA,C2vsA2_rna,ACZ81_18545,tier1:gene_id
ACZ81_RS18550,-0.4605767886314204,275.76682038848105,0.0584637944753632,0.2101762934006786,RNA,C2vsA2_rna,ACZ81_18550,tier1:gene_id
ACZ81_RS18555,-0.2918948946211978,331.3732870337506,0.3021416638993855,0.5606810155246693,RNA,C2vsA2_rna,ACZ81_18555,tier1:gene_id
ACZ81_RS18560,0.3313283288488327,5079.58379811825,0.373855799019494,0.6323395723719267,RNA,C2vsA2_rna,,unresolved
ACZ81_RS18565,-0.4353794270424441,803.7866295200159,0.2033152877204032,0.4519752585298568,RNA,C2vsA2_rna,ACZ81_18565,tier1:gene_id
ACZ81_RS18570,-0.6202965770250176,13.35729406407845,0.292468891072423,0.5508850661889958,RNA,C2vsA2_rna,ACZ81_18570,tier1:gene_id
ACZ81_RS18575,-0.1750782636029272,262.5387226823429,0.7052047127070704,0.8718894629832871,RNA,C2vsA2_rna,ACZ81_18575,tier1:gene_id
ACZ81_RS18580,0.4676299475455311,692.2414939094683,0.0069131431883273,0.0502764879181676,RNA,C2vsA2_rna,ACZ81_18580,tier1:gene_id
ACZ81_RS18585,-0.0667874704001531,281.68923917723265,0.8214404965217519,0.932864799789561,RNA,C2vsA2_rna,ACZ81_18585,tier1:gene_id
ACZ81_RS18590,-1.9956672141283327,489.8630612546303,0.0007452617957368,0.0102748808401929,RNA,C2vsA2_rna,ACZ81_18590,tier1:gene_id
ACZ81_RS18595,-1.906962228626708,652.2424969972442,0.0006291778206946,0.0090152193450958,RNA,C2vsA2_rna,ACZ81_18595,tier1:gene_id
ACZ81_RS18600,-2.138611573069669,148.78688255817124,0.0063569553422325,0.047593549634011,RNA,C2vsA2_rna,ACZ81_RS18600,locus_tag:gene_id
ACZ81_RS18605,-1.7288311908261549,1068.0582543522255,0.0323776732618629,0.1462829111785971,RNA,C2vsA2_rna,ACZ81_18600,tier1:gene_id
ACZ81_RS18610,-1.818790701845304,1794.7499678253223,0.0240200177646461,0.1204603890897004,RNA,C2vsA2_rna,ACZ81_18605,tier1:gene_id
ACZ81_RS18615,-0.6163477996418791,732.0488587848633,0.3094303883877647,0.569063101686202,RNA,C2vsA2_rna,ACZ81_18610,tier1:gene_id
ACZ81_RS18620,0.1126185467700704,158.858704907344,0.6906033840970074,0.866591811500113,RNA,C2vsA2_rna,ACZ81_18615,tier1:gene_id
ACZ81_RS18625,0.011791883594044,364.43709303666185,0.9576838483980944,0.9825387168323542,RNA,C2vsA2_rna,ACZ81_18620,tier1:gene_id
ACZ81_RS18630,1.6484115385409253,143.02632407992263,0.0001301315133299,0.0026395626347366,RNA,C2vsA2_rna,ACZ81_18625,tier1:gene_id
ACZ81_RS18635,-0.59079214295274,587.7066564912064,0.1119185117802734,0.3163403596744021,RNA,C2vsA2_rna,ACZ81_18630,tier1:gene_id
ACZ81_RS18640,-0.1931675186485579,142.19516263601386,0.8004366165746333,0.9224306070504428,RNA,C2vsA2_rna,ACZ81_18635,tier1:gene_id
ACZ81_RS18645,0.9567964139880504,333.8881735162228,0.0664614749725445,0.2272000527943304,RNA,C2vsA2_rna,ACZ81_18640,tier1:gene_id
ACZ81_RS18650,-1.0293083000336,851.0540869834817,0.0010902066744361,0.013025917019184,RNA,C2vsA2_rna,ACZ81_18645,tier1:gene_id
ACZ81_RS18655,-3.065677422563548,1394.3826396301815,4.90018415443801e-16,1.310635921840353e-13,RNA,C2vsA2_rna,ACZ81_18650,tier1:gene_id
ACZ81_RS18660,-1.6491445756089276,208.1080754340548,8.247658935299992e-05,0.0018694693586679,RNA,C2vsA2_rna,ACZ81_18655,tier1:gene_id
ACZ81_RS18665,-0.9761509805254168,166.40007115203449,0.005320408594173,0.0423007472194057,RNA,C2vsA2_rna,ACZ81_18660,tier1:gene_id
ACZ81_RS18670,0.2565477191197695,575.1457457474377,0.4171459987330581,0.6745625743317327,RNA,C2vsA2_rna,ACZ81_18665,tier1:gene_id
ACZ81_RS18675,-0.0368828962945087,99.10435758518275,0.9159571192702728,0.9678219548360112,RNA,C2vsA2_rna,ACZ81_18670,tier1:gene_id
ACZ81_RS18680,-0.0920855709397616,622.4243680132857,0.7363871248323481,0.888932593054727,RNA,C2vsA2_rna,ACZ81_18675,tier1:gene_id
ACZ81_RS18685,0.33031166765561,615.4338604054899,0.2920543488491653,0.5503626339045802,RNA,C2vsA2_rna,ACZ81_18680,tier1:gene_id
ACZ81_RS18690,0.2238028848536733,1132.4411421638708,0.3082276878394686,0.5677729493167806,RNA,C2vsA2_rna,ACZ81_18685,tier1:gene_id
ACZ81_RS18695,-0.3418452649155102,208.8930522445889,0.2982964904447517,0.5567593173969999,RNA,C2vsA2_rna,ACZ81_18690,tier1:gene_id
ACZ81_RS18700,-2.5948072179457458,824.0613229845505,1.2093775976463133e-07,6.556787732104066e-06,RNA,C2vsA2_rna,ACZ81_18695,tier1:gene_id
ACZ81_RS18705,-0.9395707870012356,473.48091085681295,0.1776293012831148,0.4183017667343002,RNA,C2vsA2_rna,ACZ81_18700,tier1:gene_id
ACZ81_RS18710,0.0224883159060461,1754.593505008708,0.951885973452784,0.9794733330322056,RNA,C2vsA2_rna,ACZ81_18705,tier1:gene_id
ACZ81_RS18715,0.1639035960226089,145.94056350132578,0.673987447399433,0.8606103243050685,RNA,C2vsA2_rna,ACZ81_18710,tier1:gene_id
ACZ81_RS18720,1.0711971913934693,101.97023160744892,0.0823378799099906,0.2607257886336878,RNA,C2vsA2_rna,ACZ81_18715,tier1:gene_id
ACZ81_RS18725,0.0428543018006239,182.3420893573848,0.879076497426534,0.955852583676635,RNA,C2vsA2_rna,ACZ81_18720,tier1:gene_id
ACZ81_RS18730,-1.4945495726322813,54.45920291792153,0.0001743095249263,0.0033621625673298,RNA,C2vsA2_rna,ACZ81_18725,tier1:gene_id
ACZ81_RS18735,-1.3287217515138003,504.06721069878137,0.0488471845105151,0.1901324030413037,RNA,C2vsA2_rna,ACZ81_18730,tier1:gene_id
ACZ81_RS18740,-0.7723376125026493,2413.3403415076737,0.1748197492951295,0.4147704519054167,RNA,C2vsA2_rna,ACZ81_18735,tier1:gene_id
ACZ81_RS18745,0.41790126172843,563.0154791811763,0.264328924297819,0.5215845891056868,RNA,C2vsA2_rna,ACZ81_18740,tier1:gene_id
ACZ81_RS18750,-0.2727497860872742,395.8480470018303,0.2169644389533245,0.4687199862219344,RNA,C2vsA2_rna,ACZ81_18745,tier1:gene_id
ACZ81_RS18755,-0.4851826717160025,1756.4589079277243,0.316280726418958,0.5757978698797925,RNA,C2vsA2_rna,ACZ81_18750,tier1:gene_id
ACZ81_RS18760,-1.0702425445421648,2095.752804620045,0.0493156648984811,0.1915338311449237,RNA,C2vsA2_rna,ACZ81_18755,tier1:gene_id
ACZ81_RS18765,1.2286788677050144,246.66304034358225,0.0175487957476812,0.0972455366570401,RNA,C2vsA2_rna,ACZ81_18760,tier1:gene_id
ACZ81_RS18770,1.125073128102936,428.0558985114807,0.0561790871760399,0.2057841811547622,RNA,C2vsA2_rna,ACZ81_18765,tier1:gene_id
ACZ81_RS18775,1.082121011839078,480.59718072441945,0.0033942520974408,0.0304647414204308,RNA,C2vsA2_rna,ACZ81_18770,tier1:gene_id
ACZ81_RS18780,0.9191109212075552,1049.8195287581598,0.0008555023727862,0.0113276419789387,RNA,C2vsA2_rna,ACZ81_18775,tier1:gene_id
ACZ81_RS18785,-0.5910739127790776,2559.444446813449,0.0189338411943938,0.1019613345657222,RNA,C2vsA2_rna,ACZ81_18780,tier1:gene_id
ACZ81_RS18790,0.4747937186798809,208.53467106284089,0.0643506224120153,0.2229487885293657,RNA,C2vsA2_rna,ACZ81_18785,tier1:gene_id
ACZ81_RS18795,-0.1314761236408906,61.63532919642193,0.7202346497228684,0.8780253463045118,RNA,C2vsA2_rna,ACZ81_18790,tier1:gene_id
ACZ81_RS18800,-0.2813646215599967,63.2408396537866,0.6019255413664193,0.813928301975758,RNA,C2vsA2_rna,ACZ81_18795,tier1:gene_id
ACZ81_RS18805,1.3024601148483204,226.5516586161577,4.620930441491858e-07,2.0599081034739256e-05,RNA,C2vsA2_rna,ACZ81_18800,tier1:gene_id
ACZ81_RS18815,1.2874189028423002,214.76964553589383,0.004774738971002,0.0386995005084045,RNA,C2vsA2_rna,ACZ81_18810,tier1:gene_id
ACZ81_RS18820,-0.3891609705214061,979.1763726302952,0.4021562562605885,0.6576253573900311,RNA,C2vsA2_rna,ACZ81_18815,tier1:gene_id
ACZ81_RS18825,-0.6596371558060723,380.3070754418217,0.0069978953467497,0.0503537192782237,RNA,C2vsA2_rna,ACZ81_18820,tier1:gene_id
ACZ81_RS18830,0.0294509970679959,375.179645001096,0.9095139136311732,0.9658825733229368,RNA,C2vsA2_rna,ACZ81_18825,tier1:gene_id
ACZ81_RS18835,-0.2665794277881985,573.4784657191992,0.3099209564268074,0.569063101686202,RNA,C2vsA2_rna,ACZ81_18830,tier1:gene_id
ACZ81_RS18840,0.8487722413204786,304.6804844241068,0.1527432999351815,0.3790882046378817,RNA,C2vsA2_rna,ACZ81_18835,tier1:gene_id
ACZ81_RS18845,0.3726852345604342,349.84756997799155,0.4234815796449096,0.6787886925830513,RNA,C2vsA2_rna,ACZ81_18840,tier1:gene_id
ACZ81_RS18850,-0.0518710359189174,317.5102908529615,0.9221623356544436,0.9686398567647296,RNA,C2vsA2_rna,ACZ81_18845,tier1:gene_id
ACZ81_RS18855,-0.2224268200950554,624.7536128184574,0.3515852282010309,0.613020397888977,RNA,C2vsA2_rna,ACZ81_18850,tier1:gene_id
ACZ81_RS18860,0.0790256032906385,1809.7975862955864,0.671265938768181,0.8595974932454331,RNA,C2vsA2_rna,ACZ81_18855,tier1:gene_id
ACZ81_RS18865,-0.6577782535352396,2090.609592835508,0.0376499191994317,0.1603982314288036,RNA,C2vsA2_rna,ACZ81_18860,tier1:gene_id
ACZ81_RS18870,0.1426308920744816,228.8530552874642,0.6057750353364009,0.8166563984440995,RNA,C2vsA2_rna,ACZ81_18865,tier1:gene_id
ACZ81_RS18875,0.6458879275980269,90.48729072982589,0.0138532629893298,0.0817342516370458,RNA,C2vsA2_rna,ACZ81_18870,tier1:gene_id
ACZ81_RS18880,0.0005871204808521,250.9245380202623,0.9980456930088246,0.9992910707141016,RNA,C2vsA2_rna,ACZ81_18875,tier1:gene_id
ACZ81_RS18885,-0.0022972690489516,470.9386530058895,0.9950466926940168,0.9982539869208604,RNA,C2vsA2_rna,ACZ81_18880,tier1:gene_id
ACZ81_RS18890,0.967787856229658,1505.5057237730102,0.0016544514173805,0.0172406729520277,RNA,C2vsA2_rna,ACZ81_18885,tier1:gene_id
ACZ81_RS18895,0.2793773822333822,62.18396154683104,0.4383580686355653,0.6915228131014464,RNA,C2vsA2_rna,ACZ81_18890,tier1:gene_id
ACZ81_RS18900,-1.6547752983745876,441.5085134621697,0.0004740471629913,0.0073716171237254,RNA,C2vsA2_rna,ACZ81_18895,tier1:gene_id
ACZ81_RS18905,-0.8669733744702319,114.65112596981233,0.2554923565730651,0.510475764228654,RNA,C2vsA2_rna,ACZ81_18900,tier1:gene_id
ACZ81_RS18910,-1.03238219489365,551.2575267018761,0.1143649367456984,0.3200777743731645,RNA,C2vsA2_rna,ACZ81_18905,tier1:gene_id
ACZ81_RS18915,2.4697209390080426,856.768589651298,6.985068218801089e-06,0.0002224134420145,RNA,C2vsA2_rna,ACZ81_18910,tier1:gene_id
ACZ81_RS18920,1.88940792411359,232.11928363532743,1.0182058433043138e-05,0.0003118352552165,RNA,C2vsA2_rna,ACZ81_18915,tier1:gene_id
ACZ81_RS18925,1.4332955174787596,93.11833483396954,0.00019519150257,0.0036423642247033,RNA,C2vsA2_rna,ACZ81_18920,tier1:gene_id
ACZ81_RS18930,1.435621916591852,55.41260923222651,0.0036969269158168,0.0323844340311295,RNA,C2vsA2_rna,ACZ81_18925,tier1:gene_id
ACZ81_RS18935,0.930964380889518,38.518950558391744,0.1373111221812664,0.3551851851652101,RNA,C2vsA2_rna,ACZ81_18930,tier1:gene_id
ACZ81_RS18940,1.6364506345158445,71.47644950290834,0.0345939535710567,0.1518768537867205,RNA,C2vsA2_rna,ACZ81_18935,tier1:gene_id
ACZ81_RS18945,1.846247960514095,94.89831599285192,0.0141840541076328,0.0834405059821454,RNA,C2vsA2_rna,ACZ81_18940,tier1:gene_id
ACZ81_RS18950,1.159948957779366,94.07373858722758,0.0586978896730729,0.2106403697391489,RNA,C2vsA2_rna,ACZ81_18945,tier1:gene_id
ACZ81_RS18955,1.774450787256784,14.44124712022124,0.0335032762235192,0.1491172466730521,RNA,C2vsA2_rna,ACZ81_18950,tier1:gene_id
ACZ81_RS18960,0.7174491602893082,197.47667872540865,0.0025576505323634,0.0247839095170347,RNA,C2vsA2_rna,ACZ81_18955,tier1:gene_id
ACZ81_RS18965,0.3270054999068962,627.815176903183,0.5259248499878226,0.754833108196583,RNA,C2vsA2_rna,ACZ81_18960,tier1:gene_id
ACZ81_RS18970,0.5016045361061936,707.9893857907977,0.1050800874383541,0.3054937034802006,RNA,C2vsA2_rna,ACZ81_18965,tier1:gene_id
ACZ81_RS18975,0.4385913412874974,209.4738993536585,0.1597733648199374,0.389909209037463,RNA,C2vsA2_rna,ACZ81_18970,tier1:gene_id
ACZ81_RS18980,-0.7300674197605483,305.3515704283495,0.0258587175058984,0.1256188475947658,RNA,C2vsA2_rna,ACZ81_18975,tier1:gene_id
ACZ81_RS18985,0.595795138851043,37.5417900879432,0.2329397228544053,0.488736331399744,RNA,C2vsA2_rna,ACZ81_18980,tier1:gene_id
ACZ81_RS18990,-0.1503143752548945,33.46699826403475,0.7957965928540927,0.9214963337695252,RNA,C2vsA2_rna,ACZ81_18985,tier1:gene_id
ACZ81_RS18995,1.5647921764593309,7.658604909561975,0.1212885634642929,0.3292352615823704,RNA,C2vsA2_rna,ACZ81_18990,tier1:gene_id
ACZ81_RS19000,-0.089480894803829,9.82826183302658,0.8956278238942411,0.9602508897551296,RNA,C2vsA2_rna,ACZ81_18995,tier1:gene_id
ACZ81_RS19005,-0.8965553710918529,44.896522286335575,0.1463546252151013,0.36817218427333,RNA,C2vsA2_rna,ACZ81_19000,tier1:gene_id
ACZ81_RS19010,0.661882511809109,7.493373481244564,0.3589721565755601,0.6191729545060821,RNA,C2vsA2_rna,ACZ81_19005,tier1:gene_id
ACZ81_RS19015,0.0574069349054113,63.35769910773922,0.9102253523427044,0.9658825733229368,RNA,C2vsA2_rna,ACZ81_19010,tier1:gene_id
ACZ81_RS19020,-3.194387472727576,77.91211596015177,2.2237823089016413e-08,1.3940335348927162e-06,RNA,C2vsA2_rna,ACZ81_19015,tier1:gene_id
ACZ81_RS19025,-1.112527537324112,98.83312169232322,0.0022243212668058,0.0221438633310798,RNA,C2vsA2_rna,ACZ81_19020,tier1:gene_id
ACZ81_RS19030,-0.9654386065859416,51.67166213293645,0.0731943456250681,0.2418910334825151,RNA,C2vsA2_rna,ACZ81_19025,tier1:gene_id
ACZ81_RS19035,-0.6449016740523303,96.45485207893049,0.0393329043352599,0.1655861617975477,RNA,C2vsA2_rna,ACZ81_19030,tier1:gene_id
ACZ81_RS19045,0.0253489099808667,32.60440273951502,0.9659044732880144,0.9864923629111668,RNA,C2vsA2_rna,ACZ81_19040,tier1:gene_id
ACZ81_RS19050,-0.0822765328195342,413.7918066042878,0.7289042775586516,0.8826936195488411,RNA,C2vsA2_rna,ACZ81_19045,tier1:gene_id
ACZ81_RS19055,-0.6507630387524245,213.0789043783452,0.0539188955554879,0.2014703419747821,RNA,C2vsA2_rna,ACZ81_19050,tier1:gene_id
ACZ81_RS19060,-0.151304616047227,377.7690456645904,0.723678195975979,0.8792843495625766,RNA,C2vsA2_rna,ACZ81_19055,tier1:gene_id
ACZ81_RS19065,-0.765581947354392,62.49551971060257,0.0475085585813592,0.1868669970866796,RNA,C2vsA2_rna,ACZ81_19060,tier1:gene_id
ACZ81_RS19070,-1.4755587183921277,87.78042771523982,1.2800249763160584e-05,0.0003776073680132,RNA,C2vsA2_rna,ACZ81_19065,tier1:gene_id
ACZ81_RS19075,-0.3317096686373719,232.59404705585987,0.19259218985725,0.4395164364775489,RNA,C2vsA2_rna,ACZ81_19070,tier1:gene_id
ACZ81_RS19080,0.2384459438359885,2802.370372153486,0.5314479602632363,0.7587937346440977,RNA,C2vsA2_rna,ACZ81_19075,tier1:gene_id
ACZ81_RS19085,0.0755658063308157,329.2582736880302,0.8673777031194371,0.9505379254070424,RNA,C2vsA2_rna,ACZ81_19080,tier1:gene_id
ACZ81_RS19090,0.4575826621774608,888.0317649500589,0.388703862714456,0.6465505378152562,RNA,C2vsA2_rna,ACZ81_19085,tier1:gene_id
ACZ81_RS19095,-0.1544549629662852,670.0947975190045,0.6921338867262781,0.8669189631855041,RNA,C2vsA2_rna,ACZ81_19090,tier1:gene_id
ACZ81_RS19100,0.108800814171356,954.8143592937674,0.6115967290165453,0.8202739665436164,RNA,C2vsA2_rna,ACZ81_19095,tier1:gene_id
ACZ81_RS19105,-0.0068520730566675,91.92172763458856,0.9830037341813316,0.9940092960146516,RNA,C2vsA2_rna,ACZ81_19100,tier1:gene_id
ACZ81_RS19110,1.9483211512158287,411.51934767152136,9.637724927605268e-14,1.6111063503980134e-11,RNA,C2vsA2_rna,ACZ81_19105,tier1:gene_id
ACZ81_RS19115,1.702428699005574,762.7328074547501,4.0644374951082215e-09,2.9140879165008905e-07,RNA,C2vsA2_rna,ACZ81_19110,tier1:gene_id
ACZ81_RS19120,1.6217233930145392,1297.778084721985,1.7009943526143728e-07,8.427916946065168e-06,RNA,C2vsA2_rna,ACZ81_19115,tier1:gene_id
ACZ81_RS19125,0.4369664626800522,236.1771551202883,0.1766998159297117,0.4175027452944661,RNA,C2vsA2_rna,ACZ81_19120,tier1:gene_id
ACZ81_RS19140,1.6605918966579818,68.03022043447568,0.0091285603019066,0.0605432963243533,RNA,C2vsA2_rna,ACZ81_19135,tier1:gene_id
ACZ81_RS19145,0.7952094200825424,301.8449270398522,0.08120971838919,0.2585820556963734,RNA,C2vsA2_rna,ACZ81_19140,tier1:gene_id
ACZ81_RS19150,-0.8596718306943725,632.535560770951,0.0004314326129035,0.0068145970195629,RNA,C2vsA2_rna,ACZ81_19145,tier1:gene_id
ACZ81_RS19155,0.881939196055905,155.32801338034892,0.1032771033977034,0.3024986994025521,RNA,C2vsA2_rna,ACZ81_19150,tier1:gene_id
ACZ81_RS19160,0.8632605973605516,171.23702232201708,,,RNA,C2vsA2_rna,ACZ81_19155,tier1:gene_id
ACZ81_RS19165,0.7071379746615304,1474.8070700109715,0.1397894314915654,0.3595097430411286,RNA,C2vsA2_rna,ACZ81_19160,tier1:gene_id
ACZ81_RS19170,-1.3930387787401368,5921.8653678358405,0.0018363606030321,0.0188909711265763,RNA,C2vsA2_rna,ACZ81_19165,tier1:gene_id
ACZ81_RS19175,0.1928667489489495,454.6593750586696,0.4512673187364553,0.7003808443987074,RNA,C2vsA2_rna,ACZ81_19170,tier1:gene_id
ACZ81_RS19180,0.3079289447785813,713.8111214870064,0.5598586009536273,0.7809988550159779,RNA,C2vsA2_rna,ACZ81_19175,tier1:gene_id
ACZ81_RS19185,0.0840005567604231,648.8531161805053,0.7007670388972982,0.8704264272619073,RNA,C2vsA2_rna,ACZ81_19180,tier1:gene_id
ACZ81_RS19190,0.9308629401930196,9140.751747338769,0.0489074376716414,0.1901324030413037,RNA,C2vsA2_rna,ACZ81_19185,tier1:gene_id
ACZ81_RS19195,0.708842368163363,3067.3689995088744,0.1008217083372728,0.2983013966439076,RNA,C2vsA2_rna,ACZ81_19190,tier1:gene_id
ACZ81_RS19200,1.8277362970331648,1634.5379724108775,0.0008706740144583,0.0114235849919936,RNA,C2vsA2_rna,ACZ81_19195,tier1:gene_id
ACZ81_RS19205,1.1501879583548476,625.0251196521297,0.0018637325728735,0.0190747323529817,RNA,C2vsA2_rna,ACZ81_19200,tier1:gene_id
ACZ81_RS19210,0.1874749554608567,582.0884274153353,0.4560787128902901,0.7034695224474944,RNA,C2vsA2_rna,ACZ81_19205,tier1:gene_id
ACZ81_RS19215,1.8046023002913347,753.6845317230072,7.457328051704725e-06,0.0002326210433053,RNA,C2vsA2_rna,ACZ81_19210,tier1:gene_id
ACZ81_RS19220,0.0100986344916421,540.6751552539532,0.9633394993765338,0.9851376156836138,RNA,C2vsA2_rna,ACZ81_19215,tier1:gene_id
ACZ81_RS19225,0.0853085801112418,81.6123164477287,0.7635524974812538,0.9022660275354628,RNA,C2vsA2_rna,ACZ81_19220,tier1:gene_id
ACZ81_RS19230,0.1697084024792197,1075.206605503278,0.5144751417272104,0.7448842542798876,RNA,C2vsA2_rna,ACZ81_19225,tier1:gene_id
ACZ81_RS19235,-0.4790011760463982,250.6088626673476,0.2232832045053161,0.4775301805157346,RNA,C2vsA2_rna,ACZ81_19230,tier1:gene_id
ACZ81_RS19240,0.4472787409975693,1256.7891277063757,0.0889470394345868,0.2734755346635768,RNA,C2vsA2_rna,ACZ81_19235,tier1:gene_id
ACZ81_RS19245,0.1751694004022609,120.97274309201453,0.6986124531459883,0.8698395671841757,RNA,C2vsA2_rna,ACZ81_19240,tier1:gene_id
ACZ81_RS19250,0.0615131517903284,135.88042840572518,0.837937611257133,0.9387896387499628,RNA,C2vsA2_rna,ACZ81_19245,tier1:gene_id
ACZ81_RS19255,1.0906473698480574,384.3806859828566,0.0016003486161018,0.0169408935298169,RNA,C2vsA2_rna,ACZ81_19250,tier1:gene_id
ACZ81_RS19265,-0.6167039917636793,8139.005311544381,0.2565355319304214,0.5117954023395579,RNA,C2vsA2_rna,ACZ81_19260,tier1:gene_id
ACZ81_RS19270,-0.1030747149708432,682.9740508017936,0.5954509256134424,0.8085496864954232,RNA,C2vsA2_rna,ACZ81_19265,tier1:gene_id
ACZ81_RS19275,-0.0010674419008083,259.9576458968661,0.9973425854771154,0.9988941949575144,RNA,C2vsA2_rna,ACZ81_19270,tier1:gene_id
ACZ81_RS19280,0.2328921319472235,391.8012310820504,0.3950914915776679,0.65257598361861,RNA,C2vsA2_rna,ACZ81_19275,tier1:gene_id
ACZ81_RS19285,-0.1438971300060426,595.8819628366517,0.7026792668490027,0.8706808728109015,RNA,C2vsA2_rna,ACZ81_19280,tier1:gene_id
ACZ81_RS19290,-0.3633543908127587,439.89523317674224,0.2330390333917523,0.488736331399744,RNA,C2vsA2_rna,ACZ81_19285,tier1:gene_id
ACZ81_RS19295,-0.1838387810107037,145.55893827567334,0.7292207570153135,0.8828104034838377,RNA,C2vsA2_rna,ACZ81_19290,tier1:gene_id
ACZ81_RS19300,0.3065977892959974,619.3124300314597,0.2522526200207149,0.507796041908233,RNA,C2vsA2_rna,ACZ81_19295,tier1:gene_id
ACZ81_RS19305,0.3057314275664073,392.5562863712693,0.3273322067101657,0.586956758267567,RNA,C2vsA2_rna,ACZ81_19300,tier1:gene_id
ACZ81_RS19310,0.6522611090038457,106.82444820432096,0.0210800404810467,0.1096927657716725,RNA,C2vsA2_rna,ACZ81_19305,tier1:gene_id
ACZ81_RS19315,0.0370082551177253,124.93655372879827,0.9096361896064206,0.9658825733229368,RNA,C2vsA2_rna,ACZ81_19310,tier1:gene_id
ACZ81_RS19320,0.0959741277223465,145.248565913332,0.761848715040543,0.9016333465317576,RNA,C2vsA2_rna,ACZ81_19315,tier1:gene_id
ACZ81_RS19325,0.135242826695785,334.9418182051066,0.6465573591685234,0.8446721344787091,RNA,C2vsA2_rna,ACZ81_19320,tier1:gene_id
ACZ81_RS19330,0.5261924500272193,119.62186515659285,0.2105932174057723,0.4614418286356956,RNA,C2vsA2_rna,ACZ81_19325,tier1:gene_id
ACZ81_RS19335,-0.0816021245064375,222.60422885149748,0.8061875923495023,0.9249141036620542,RNA,C2vsA2_rna,ACZ81_19330,tier1:gene_id
ACZ81_RS19340,-0.6851879520642822,496.5839462615208,0.003764458771419,0.0327614069217639,RNA,C2vsA2_rna,ACZ81_19335,tier1:gene_id
ACZ81_RS19345,1.1927639961313892,4098.653061720579,0.0180754494848467,0.0990692668486408,RNA,C2vsA2_rna,ACZ81_19340,tier1:gene_id
ACZ81_RS19350,1.1334517972993698,578.940174877966,0.0574391098570907,0.2074620755635814,RNA,C2vsA2_rna,ACZ81_19345,tier1:gene_id
ACZ81_RS19355,-0.2278908541646105,138.69134415544897,0.3881821768241591,0.645950598680434,RNA,C2vsA2_rna,ACZ81_19350,tier1:gene_id
ACZ81_RS19360,0.0288907716008744,296.56907820108074,0.8857600635563998,0.9567514259515674,RNA,C2vsA2_rna,ACZ81_19355,tier1:gene_id
ACZ81_RS19365,-0.4265461819802544,644.3561043701558,0.0541971684168534,0.2020808919037322,RNA,C2vsA2_rna,ACZ81_19360,tier1:gene_id
ACZ81_RS19370,-0.4660754534388749,901.3964239831356,0.0013604195673078,0.0152568383683212,RNA,C2vsA2_rna,ACZ81_19365,tier1:gene_id
ACZ81_RS19375,0.6015152610429814,3476.964594175597,0.0314651891072545,0.1436158574497216,RNA,C2vsA2_rna,ACZ81_19370,tier1:gene_id
ACZ81_RS19380,0.7613752441390641,187.00313384914256,0.0290449769497246,0.1354981947933668,RNA,C2vsA2_rna,ACZ81_19375,tier1:gene_id
ACZ81_RS19385,1.1586881130608755,187.1148757754505,0.1315402344985957,0.3467407495455755,RNA,C2vsA2_rna,ACZ81_19380,tier1:gene_id
ACZ81_RS19390,1.625542089607877,221.33625549922104,0.1461185904587089,0.3680383675160538,RNA,C2vsA2_rna,ACZ81_19385,tier1:gene_id
ACZ81_RS19395,-1.66199473645223,26.876259884577987,0.0031058086459227,0.0286359509072597,RNA,C2vsA2_rna,ACZ81_19390,tier1:gene_id
ACZ81_RS19400,0.0099593451395093,217.08726780093784,0.9704359092745865,0.9881697634542234,RNA,C2vsA2_rna,ACZ81_19395,tier1:gene_id
ACZ81_RS19405,0.6978825379452294,168.96776177324458,0.0457470205661819,0.1826239268771361,RNA,C2vsA2_rna,ACZ81_19400,tier1:gene_id
ACZ81_RS19410,0.1871418042617983,719.194659547269,0.4530893967196722,0.7007689512873265,RNA,C2vsA2_rna,ACZ81_19405,tier1:gene_id
ACZ81_RS19415,-0.2658921932486991,143.58009063358324,0.4633419360312675,0.7092437418380181,RNA,C2vsA2_rna,ACZ81_19410,tier1:gene_id
ACZ81_RS19420,0.777310114311465,106.93791514262624,0.0422052937270076,0.1740263498795011,RNA,C2vsA2_rna,ACZ81_19415,tier1:gene_id
ACZ81_RS19425,0.4762269245994352,118.54704678732548,0.2129278319548435,0.4630170524676597,RNA,C2vsA2_rna,ACZ81_19420,tier1:gene_id
ACZ81_RS19430,-0.1595804743694422,500.4488046163232,0.4607050011780963,0.7062852368079948,RNA,C2vsA2_rna,ACZ81_19425,tier1:gene_id
ACZ81_RS19435,0.2129680554843014,1534.248789805297,0.2521496009377562,0.507796041908233,RNA,C2vsA2_rna,ACZ81_19430,tier1:gene_id
ACZ81_RS19440,0.1711205523968856,18302.84675639675,0.8271129917537487,0.9350175606976726,RNA,C2vsA2_rna,ACZ81_19435,tier1:gene_id
ACZ81_RS19445,-0.2333804903519755,697.945257988729,0.6208751770342877,0.8276204307076791,RNA,C2vsA2_rna,ACZ81_19440,tier1:gene_id
ACZ81_RS19450,0.0764231016347283,876.4464522275264,0.8765992146913685,0.9556837090602636,RNA,C2vsA2_rna,ACZ81_19445,tier1:gene_id
ACZ81_RS19455,-0.7569174223741891,3289.4615104285845,0.3207646571518522,0.5799494387080808,RNA,C2vsA2_rna,ACZ81_19450,tier1:gene_id
ACZ81_RS19460,-0.3598051707974612,4324.933649292091,0.1388968439288082,0.3579024648955547,RNA,C2vsA2_rna,ACZ81_19455,tier1:gene_id
ACZ81_RS19465,-0.1028750624592228,6606.975730625329,0.7169898957051917,0.8767073932760521,RNA,C2vsA2_rna,ACZ81_19460,tier1:gene_id
ACZ81_RS19470,1.1577648154698683,620.9906543902202,0.0010500623635074,0.0126878030386738,RNA,C2vsA2_rna,ACZ81_19465,tier1:gene_id
ACZ81_RS19475,-0.8758098064590295,21.388124247981228,0.1359363982437993,0.3540853829793772,RNA,C2vsA2_rna,ACZ81_19470,tier1:gene_id
ACZ81_RS19480,0.7589129738959846,404.8907004020906,0.0175072186767771,0.0971493241095847,RNA,C2vsA2_rna,ACZ81_19475,tier1:gene_id
ACZ81_RS19485,-0.0353164826156598,7316.649616287133,0.938963324753556,0.972832218361396,RNA,C2vsA2_rna,ACZ81_19480,tier1:gene_id
ACZ81_RS19495,0.1022792667257972,288.15473293085694,0.7069787559657914,0.8723147206156796,RNA,C2vsA2_rna,ACZ81_19490,tier1:gene_id
ACZ81_RS19500,-0.5719997349947878,381.01397618620985,0.07988885400674,0.2564112658200327,RNA,C2vsA2_rna,ACZ81_19495,tier1:gene_id
ACZ81_RS19505,-0.5095825992854514,141.75397525429935,0.1411450116772703,0.3615692989878488,RNA,C2vsA2_rna,ACZ81_19500,tier1:gene_id
ACZ81_RS19510,-0.4021324294701875,212.8265358113016,0.1776280554923995,0.4183017667343002,RNA,C2vsA2_rna,ACZ81_19505,tier1:gene_id
ACZ81_RS19515,0.6879545817979503,573.1999215642844,0.0333052682174365,0.1486326319114075,RNA,C2vsA2_rna,ACZ81_19510,tier1:gene_id
ACZ81_RS19520,-0.3654814724801878,7499.040392019558,0.1583239838096617,0.387810326193177,RNA,C2vsA2_rna,ACZ81_19515,tier1:gene_id
ACZ81_RS19525,-0.4172004022204632,3986.76576385792,0.2380430354766186,0.4948335017265253,RNA,C2vsA2_rna,ACZ81_19520,tier1:gene_id
ACZ81_RS19530,-0.182127824859864,491.01652283679584,0.6493234714746619,0.8469953748071634,RNA,C2vsA2_rna,ACZ81_19525,tier1:gene_id
ACZ81_RS19535,-0.2034968333625817,453.5997797436351,0.6509956580272758,0.8479852532485164,RNA,C2vsA2_rna,ACZ81_19530,tier1:gene_id
ACZ81_RS19540,-0.6952383630452162,161.12523090640585,0.1124276254646849,0.3167664965768206,RNA,C2vsA2_rna,ACZ81_19535,tier1:gene_id
ACZ81_RS19545,-0.1843370646998921,341.5718754601511,0.6308614759550549,0.8350432997465128,RNA,C2vsA2_rna,ACZ81_19540,tier1:gene_id
ACZ81_RS19550,-0.4772553781736518,88.74792849083154,0.1507649844396258,0.3754618979340651,RNA,C2vsA2_rna,ACZ81_19545,tier1:gene_id
ACZ81_RS19555,0.2312121689834239,1476.449986484285,0.5273938600079291,0.7559500415690644,RNA,C2vsA2_rna,ACZ81_19550,tier1:gene_id
ACZ81_RS19560,0.4232124721881895,969.8446673273334,0.1563270420792719,0.3845396032017406,RNA,C2vsA2_rna,ACZ81_19555,tier1:gene_id
ACZ81_RS19565,0.3674316590409867,3527.033253592077,0.311719142212788,0.5701448852574563,RNA,C2vsA2_rna,ACZ81_19560,tier1:gene_id
ACZ81_RS19570,0.2908580119678831,3403.1274403830434,0.3826276483462101,0.6396968206231393,RNA,C2vsA2_rna,ACZ81_19565,tier1:gene_id
ACZ81_RS19575,-1.421100629269287,2297.4236414427114,3.462510725171293e-06,0.000127445807609,RNA,C2vsA2_rna,ACZ81_19570,tier1:gene_id
ACZ81_RS19580,-0.3785513895025914,1313.3386870866543,0.1537687237028061,0.3805799626746811,RNA,C2vsA2_rna,ACZ81_19575,tier1:gene_id
ACZ81_RS19585,-0.4297438515877189,1229.1163036355372,0.0838231942550455,0.2637070324682709,RNA,C2vsA2_rna,ACZ81_19580,tier1:gene_id
ACZ81_RS19590,0.0777280793326812,2324.140245958645,0.7242490335625211,0.8796403574851587,RNA,C2vsA2_rna,ACZ81_19585,tier1:gene_id
ACZ81_RS19595,-0.0953694426654327,773.3303236601,0.7097504239216043,0.8740081954491946,RNA,C2vsA2_rna,ACZ81_19590,tier1:gene_id
ACZ81_RS19600,0.2925705281999333,1323.2096690090616,0.292915009646275,0.551298075366289,RNA,C2vsA2_rna,ACZ81_19595,tier1:gene_id
ACZ81_RS19605,0.0044192961217383,346.37748705695515,0.9902963292753716,0.9972126534264684,RNA,C2vsA2_rna,ACZ81_19600,tier1:gene_id
ACZ81_RS19610,-0.6506122681479979,32.76045699031076,0.1863885955947261,0.429918372584297,RNA,C2vsA2_rna,ACZ81_19605,tier1:gene_id
ACZ81_RS19615,-0.836232342053837,169.66708483689905,0.0111592406109472,0.0707280779322597,RNA,C2vsA2_rna,ACZ81_19610,tier1:gene_id
ACZ81_RS19620,1.6567460833658911,478.15017093598806,0.0149419282392159,0.0868797334720789,RNA,C2vsA2_rna,ACZ81_19615,tier1:gene_id
ACZ81_RS19625,-0.716010603447808,569.2091602791512,0.0165142644289167,0.0933733069230872,RNA,C2vsA2_rna,ACZ81_19620,tier1:gene_id
ACZ81_RS19630,-0.7317119910047711,1320.9902787089045,0.0058887615019856,0.0450872350113861,RNA,C2vsA2_rna,ACZ81_19625,tier1:gene_id
ACZ81_RS19635,-1.0971526348952436,788.9630714669514,0.0001004884583746,0.0021559341978552,RNA,C2vsA2_rna,ACZ81_19630,tier1:gene_id
ACZ81_RS19640,-0.72901881135093,529.5418595827005,0.0084848340359285,0.0573083403234771,RNA,C2vsA2_rna,ACZ81_19635,tier1:gene_id
ACZ81_RS19645,-0.227224306539952,116.81102486343048,0.6246828234341723,0.8295667374476335,RNA,C2vsA2_rna,ACZ81_19640,tier1:gene_id
ACZ81_RS19650,-0.1066632018963962,264.3843058940876,0.8572847872712965,0.948439626222868,RNA,C2vsA2_rna,ACZ81_19645,tier1:gene_id
ACZ81_RS19655,0.6504570261715377,953.1052364193478,0.1117646794503537,0.316219953423709,RNA,C2vsA2_rna,ACZ81_19650,tier1:gene_id
ACZ81_RS19660,-0.1082827263327492,54.51849468343746,0.815598108770742,0.9302491403684092,RNA,C2vsA2_rna,ACZ81_19655,tier1:gene_id
ACZ81_RS19665,-0.3406278981858324,361.51167258771466,0.2311633820845581,0.4866855535697243,RNA,C2vsA2_rna,ACZ81_19660,tier1:gene_id
ACZ81_RS19670,0.3264417004360326,215.64240372092223,0.3048838453951767,0.5639437472224293,RNA,C2vsA2_rna,ACZ81_19665,tier1:gene_id
ACZ81_RS19675,0.0308774707531376,231.7456694485379,0.927411947294988,0.9700736661076508,RNA,C2vsA2_rna,ACZ81_19670,tier1:gene_id
ACZ81_RS19680,-0.0478827252215978,1847.8859341753464,0.8657994086094435,0.9497147643678128,RNA,C2vsA2_rna,ACZ81_19675,tier1:gene_id
ACZ81_RS19685,0.1835261614449499,241.36904133540548,0.5488475232510054,0.7718108178349224,RNA,C2vsA2_rna,ACZ81_19680,tier1:gene_id
ACZ81_RS19695,0.8547992545220472,355.70601773212053,0.1102144374949598,0.3138256374945202,RNA,C2vsA2_rna,ACZ81_19690,tier1:gene_id
ACZ81_RS19700,0.9864004027936648,831.5596394292257,0.003139936387391,0.0286359509072597,RNA,C2vsA2_rna,ACZ81_19695,tier1:gene_id
ACZ81_RS19705,0.8513626056431892,711.5515489687207,0.0186176667101596,0.1009379443799465,RNA,C2vsA2_rna,ACZ81_19700,tier1:gene_id
ACZ81_RS19710,0.7032152401519628,564.4478645766108,0.1093520722213376,0.3126257926965596,RNA,C2vsA2_rna,ACZ81_19705,tier1:gene_id
ACZ81_RS19715,-0.0307637314280395,8370.814336899399,0.9333256653446214,0.9708313667612825,RNA,C2vsA2_rna,ACZ81_19710,tier1:gene_id
ACZ81_RS19720,0.0874008340817101,1832.03985900144,0.7387904910665264,0.888932593054727,RNA,C2vsA2_rna,ACZ81_19715,tier1:gene_id
ACZ81_RS19725,-0.2424988645678778,568.7481266636562,0.4362540971191752,0.6896183757455205,RNA,C2vsA2_rna,ACZ81_19720,tier1:gene_id
ACZ81_RS19730,0.2823138932732442,128.57751343134746,0.5334385802204076,0.7599984317628818,RNA,C2vsA2_rna,ACZ81_19725,tier1:gene_id
ACZ81_RS19735,0.2052904421373315,37.43730080775518,0.7457134542865032,0.8925424757152299,RNA,C2vsA2_rna,ACZ81_19730,tier1:gene_id
ACZ81_RS19740,-0.2387121683620585,8.62744527619169,0.8386837733046661,0.9393632882463208,RNA,C2vsA2_rna,ACZ81_19735,tier1:gene_id
ACZ81_RS19745,-0.2358218947717801,134.50432218075912,0.55467830498265,0.7762013810918702,RNA,C2vsA2_rna,ACZ81_19740,tier1:gene_id
ACZ81_RS19750,0.0385031449393347,773.7142055474812,0.8932353526562348,0.95896714874413,RNA,C2vsA2_rna,ACZ81_19745,tier1:gene_id
ACZ81_RS19755,0.0703094977843301,1012.8417618248322,0.847557296851405,0.9445555208243992,RNA,C2vsA2_rna,ACZ81_19750,tier1:gene_id
ACZ81_RS19760,-0.2435329428883693,2010.2414534240272,0.4080967448049247,0.6636769202662912,RNA,C2vsA2_rna,ACZ81_19755,tier1:gene_id
ACZ81_RS19765,-0.441084616559893,227.42219403301647,0.0784052734097801,0.2540888181906605,RNA,C2vsA2_rna,ACZ81_19760,tier1:gene_id
ACZ81_RS19770,0.0542644809410654,552.29432581227,0.7641824430621891,0.9022660275354628,RNA,C2vsA2_rna,ACZ81_19765,tier1:gene_id
ACZ81_RS19775,-2.506429232855302,1118.9015998345883,1.566333722798236e-07,8.161208955670807e-06,RNA,C2vsA2_rna,ACZ81_19770,tier1:gene_id
ACZ81_RS19780,-1.1242781850046364,579.9034392021432,0.0060168125388624,0.0457186589127203,RNA,C2vsA2_rna,ACZ81_19775,tier1:gene_id
ACZ81_RS19785,-0.6717943556977759,190.2947439058049,0.0790394596858339,0.2552968094512909,RNA,C2vsA2_rna,ACZ81_19780,tier1:gene_id
ACZ81_RS19790,0.0267164615192653,611.9550718677881,0.9103801182729536,0.9658825733229368,RNA,C2vsA2_rna,ACZ81_19785,tier1:gene_id
ACZ81_RS19795,-0.8124291784548674,320.32151655953226,0.020161565910651,0.1068536359756035,RNA,C2vsA2_rna,ACZ81_19790,tier1:gene_id
ACZ81_RS19800,0.0471713986229917,172.80759325247146,0.8780010360364315,0.955852583676635,RNA,C2vsA2_rna,ACZ81_19795,tier1:gene_id
ACZ81_RS19805,0.6510816766028508,1171.1096768330765,0.2900186562836749,0.5480710546444201,RNA,C2vsA2_rna,ACZ81_19800,tier1:gene_id
ACZ81_RS19810,-0.9938714658535586,1893.3852320157232,0.0009573096031006,0.0121407250468874,RNA,C2vsA2_rna,ACZ81_19805,tier1:gene_id
ACZ81_RS19815,-0.1538516846186348,299.3917792334512,0.7538740074917472,0.8973662589635893,RNA,C2vsA2_rna,ACZ81_19810,tier1:gene_id
ACZ81_RS19820,-0.6621060524463606,31.331873427799728,0.1594993567330518,0.389714628022536,RNA,C2vsA2_rna,ACZ81_19815,tier1:gene_id
ACZ81_RS19825,0.2803238522380336,254.47781501119368,0.421828830699374,0.6771671251312897,RNA,C2vsA2_rna,ACZ81_19820,tier1:gene_id
ACZ81_RS19830,-0.08776460845853,215.75310178465963,0.7820827751298426,0.914786033183944,RNA,C2vsA2_rna,ACZ81_19825,tier1:gene_id
ACZ81_RS19835,-0.1283885957316827,743.7642914827237,0.7647100206866251,0.9025324643790716,RNA,C2vsA2_rna,ACZ81_19830,tier1:gene_id
ACZ81_RS19840,-0.1120260302616426,4083.276796807447,0.7954871212024869,0.9214963337695252,RNA,C2vsA2_rna,ACZ81_19835,tier1:gene_id
ACZ81_RS19845,0.1536358548784793,2228.5116885001016,0.7371870248379296,0.888932593054727,RNA,C2vsA2_rna,ACZ81_19840,tier1:gene_id
ACZ81_RS19850,0.5958758395414153,4709.605894589039,0.2601966785150544,0.5167866703972269,RNA,C2vsA2_rna,ACZ81_19845,tier1:gene_id
ACZ81_RS19855,0.6383101353028513,2296.823232541605,0.2582982165061255,0.5135245017951316,RNA,C2vsA2_rna,ACZ81_19850,tier1:gene_id
ACZ81_RS19860,0.6723389798109307,3191.6901246167818,0.1237699197131382,0.3341621250936142,RNA,C2vsA2_rna,ACZ81_19855,tier1:gene_id
ACZ81_RS19865,0.8426964092251636,921.8840113069116,0.0195791507879068,0.1047354039481095,RNA,C2vsA2_rna,ACZ81_19860,tier1:gene_id
ACZ81_RS19870,1.2189937750062203,2073.468472028854,0.0091297842164092,0.0605432963243533,RNA,C2vsA2_rna,ACZ81_19865,tier1:gene_id
ACZ81_RS19875,0.8018775603037593,1756.3215342536162,0.1826515594663002,0.4257601762217157,RNA,C2vsA2_rna,ACZ81_19870,tier1:gene_id
ACZ81_RS19880,-0.104335959147866,1510.8332414384065,0.60082285679285,0.8129852618728208,RNA,C2vsA2_rna,ACZ81_19875,tier1:gene_id
ACZ81_RS19885,-0.1885735414000584,1909.7255556733423,0.3991814789514055,0.6555530468903147,RNA,C2vsA2_rna,ACZ81_19880,tier1:gene_id
ACZ81_RS19890,-0.0710577394613195,949.3517089745192,0.8009102292499217,0.9224306070504428,RNA,C2vsA2_rna,ACZ81_19885,tier1:gene_id
ACZ81_RS19895,0.4835406135896533,5128.712543843079,0.1981459448547403,0.4458561585850916,RNA,C2vsA2_rna,ACZ81_19890,tier1:gene_id
ACZ81_RS19905,-0.0571038055681459,1246.321515844282,0.7528782587379297,0.8965709629137946,RNA,C2vsA2_rna,ACZ81_19900,tier1:gene_id
ACZ81_RS19910,-0.3246685902317658,138.8407625255384,0.5066593338077454,0.7406220851073871,RNA,C2vsA2_rna,ACZ81_19905,tier1:gene_id
ACZ81_RS19915,-0.4745942539167362,139.92710218560725,0.2876584167454625,0.5451536953155768,RNA,C2vsA2_rna,ACZ81_19910,tier1:gene_id
ACZ81_RS19920,0.2675555196930299,569.97774349198,0.5585586309966513,0.779727636589619,RNA,C2vsA2_rna,ACZ81_19915,tier1:gene_id
ACZ81_RS19925,-0.0630983882344684,458.7830259576332,0.8217208879502265,0.932864799789561,RNA,C2vsA2_rna,ACZ81_19920,tier1:gene_id
ACZ81_RS19930,0.3220298537007476,1068.627971177786,0.2785288629195401,0.5351996331690968,RNA,C2vsA2_rna,ACZ81_19925,tier1:gene_id
ACZ81_RS19935,0.4580716662805131,805.1260221758471,0.393037049111547,0.651058893904016,RNA,C2vsA2_rna,ACZ81_19930,tier1:gene_id
ACZ81_RS19940,0.6983169237985698,1102.4357886894916,0.2313486445533912,0.4866855535697243,RNA,C2vsA2_rna,ACZ81_19935,tier1:gene_id
ACZ81_RS19945,0.3675009673617657,461.99599552104047,0.3458675880303396,0.6078058533410962,RNA,C2vsA2_rna,,unresolved
ACZ81_RS19950,0.4541964301965787,741.6499100595113,0.2857054781452022,0.543771340242353,RNA,C2vsA2_rna,ACZ81_19950,tier1:gene_id
ACZ81_RS19955,0.9239025122659028,1762.8181811789048,0.2032502136603965,0.4519752585298568,RNA,C2vsA2_rna,,unresolved
ACZ81_RS19960,0.1955107733168499,176.78893614363452,0.6437267859731445,0.843721615591067,RNA,C2vsA2_rna,,unresolved
ACZ81_RS19965,0.6837262667358306,135.60152601055572,0.2317426397863103,0.4870358673769916,RNA,C2vsA2_rna,ACZ81_19965,tier1:gene_id
ACZ81_RS19970,0.677998132523044,182.2469014181176,0.1331678588814737,0.3496071034520994,RNA,C2vsA2_rna,ACZ81_19970,tier1:gene_id
ACZ81_RS19975,0.1394706506499962,514.6072588267439,0.6989268227634565,0.8698395671841757,RNA,C2vsA2_rna,ACZ81_RS19975,locus_tag:gene_id
ACZ81_RS19980,-0.1445793326873891,193.85859838672488,0.5454378231610832,0.7689675904689297,RNA,C2vsA2_rna,ACZ81_19980,tier1:gene_id
ACZ81_RS19985,-0.8964426061519067,3078.3727732409,0.063898838189717,0.222150900188167,RNA,C2vsA2_rna,ACZ81_19985,tier1:gene_id
ACZ81_RS20005,-0.3749377084508489,41.1226515430098,0.4763381933885209,0.7184779978200372,RNA,C2vsA2_rna,,unresolved
ACZ81_RS20015,0.9431704191353611,36.25293458138661,0.0678414140249372,0.2291075362525658,RNA,C2vsA2_rna,ACZ81_20015,tier1:gene_id
ACZ81_RS20020,-0.1389828163620421,39.494630572769786,0.7784345050025107,0.912845415957036,RNA,C2vsA2_rna,ACZ81_20020,tier1:gene_id
ACZ81_RS20025,-0.3792297713109043,557.9951729384971,0.1015460590981949,0.2991209905300719,RNA,C2vsA2_rna,,unresolved
ACZ81_RS20030,-0.3079390140440443,83.33094297105961,0.3299440823948619,0.5897931300849363,RNA,C2vsA2_rna,ACZ81_20030,tier1:gene_id
ACZ81_RS20035,-0.1032122756036836,82.23289501734021,0.7434350705432976,0.892211038893123,RNA,C2vsA2_rna,ACZ81_20035,tier1:gene_id
ACZ81_RS20040,-0.3421344607976824,307.9871723587568,0.2569225050432397,0.5120581670310371,RNA,C2vsA2_rna,,unresolved
ACZ81_RS20045,-0.3524539066025811,121.65241629256684,0.4322542802366471,0.6863521355100612,RNA,C2vsA2_rna,ACZ81_20045,tier1:gene_id
ACZ81_RS20050,-0.0349617913153915,74.79757507092455,0.9483357530546634,0.9773241821873389,RNA,C2vsA2_rna,ACZ81_20050,tier1:gene_id
ACZ81_RS20055,-0.925380831902338,44.28935121908871,0.0444045375928955,0.1792037039663608,RNA,C2vsA2_rna,ACZ81_20055,tier1:gene_id
ACZ81_RS20060,-1.2599711906702518,34.273098053920265,0.0124729630121093,0.0762828164704001,RNA,C2vsA2_rna,ACZ81_20060,tier1:gene_id
ACZ81_RS20065,-0.7453032631398328,46.78700292199361,0.0435197959096813,0.1769011359570836,RNA,C2vsA2_rna,ACZ81_20065,tier1:gene_id
ACZ81_RS20070,0.1777329072824393,228.7442631320313,0.4726123520482342,0.7157873750160498,RNA,C2vsA2_rna,,unresolved
ACZ81_RS20075,-0.8062969536867334,1229.7449554194773,0.0009841144357453,0.0122231394198785,RNA,C2vsA2_rna,ACZ81_RS20075,locus_tag:gene_id
ACZ81_RS20080,-0.7356868551583636,278.89130513038106,0.090529355905058,0.276813395661849,RNA,C2vsA2_rna,ACZ81_RS20080,locus_tag:gene_id
ACZ81_RS20085,-0.3368328044524171,429.0826514071943,0.3612819798727969,0.6198235359613193,RNA,C2vsA2_rna,ACZ81_20080,tier1:gene_id
ACZ81_RS20090,-0.4840967720589043,58.13236287164772,0.2017962970486305,0.4505324116633866,RNA,C2vsA2_rna,ACZ81_20085,tier1:gene_id
ACZ81_RS20095,-0.5096433856963103,117.36521281730823,0.0888886322623004,0.2734755346635768,RNA,C2vsA2_rna,ACZ81_20090,tier1:gene_id
ACZ81_RS20100,-0.9244375207130672,414.04486175903526,0.004188315530051,0.0351668106725044,RNA,C2vsA2_rna,ACZ81_20095,tier1:gene_id
ACZ81_RS20105,-0.742177512229226,62.64301160044899,0.0830478944409942,0.2619403714601171,RNA,C2vsA2_rna,ACZ81_20100,tier1:gene_id
ACZ81_RS20125,-0.9590326260103884,2.996556957464256,0.6079253864675291,0.8184114920945686,RNA,C2vsA2_rna,ACZ81_20120,tier1:gene_id
ACZ81_RS20130,-0.2384592852196126,592.782642270272,0.4865869124612347,0.7247270794515567,RNA,C2vsA2_rna,ACZ81_20125,tier1:gene_id
ACZ81_RS20135,0.4914594367584343,421.9622239506297,0.112122629974327,0.3163403596744021,RNA,C2vsA2_rna,,unresolved
ACZ81_RS20140,0.3402520022433548,761.8670500612985,0.3172817927041028,0.5767429581918353,RNA,C2vsA2_rna,,unresolved
ACZ81_RS20150,1.839299556702907,1079.869295059971,0.0010973977947368,0.013025917019184,RNA,C2vsA2_rna,ACZ81_20150,tier1:gene_id
ACZ81_RS20170,0.4292441567727514,232.16707426157475,0.3449444230091648,0.6064491784017393,RNA,C2vsA2_rna,ACZ81_20170,tier1:gene_id
ACZ81_RS20180,-0.3842171079721841,74.58212348818167,0.606592842750477,0.8174842072942269,RNA,C2vsA2_rna,ACZ81_20180,tier1:gene_id
ACZ81_RS20185,-0.4376176181594983,179.0684684356611,0.4478761168305416,0.6983594950346417,RNA,C2vsA2_rna,,unresolved
ACZ81_RS20190,-0.4421558810061225,148.8452815224121,0.2717033354899927,0.5286487788486184,RNA,C2vsA2_rna,ACZ81_20190,tier1:gene_id
ACZ81_RS20195,-0.2799059620979344,91.45575822241295,0.5868557048021009,0.8035717022750951,RNA,C2vsA2_rna,,unresolved
ACZ81_RS20200,-0.0157465769301994,73.96700413677442,0.9763348753375164,0.9909070376559868,RNA,C2vsA2_rna,,unresolved
ACZ81_RS20205,0.2725333773349812,88.90418033799041,0.6305864122633122,0.8349546818483197,RNA,C2vsA2_rna,ACZ81_20205,tier1:gene_id
ACZ81_RS20210,-0.5684197288355841,512.8594338891969,0.2065814857770511,0.4556376695643371,RNA,C2vsA2_rna,,unresolved
ACZ81_RS20215,-0.5253833315154338,76.30623975273565,0.1825846538728419,0.4257601762217157,RNA,C2vsA2_rna,ACZ81_20215,tier1:gene_id
ACZ81_RS20220,-0.7342775644063118,125.6042507284626,0.0259060251198137,0.1256188475947658,RNA,C2vsA2_rna,ACZ81_20220,tier1:gene_id
ACZ81_RS20230,-0.265317931935433,188.3830705624592,0.482236229936049,0.7208389547330211,RNA,C2vsA2_rna,ACZ81_20235,tier1:gene_id
ACZ81_RS20235,-1.0460492292975074,128.72260735859663,0.0609449105913336,0.2146716253664887,RNA,C2vsA2_rna,ACZ81_20240,tier1:gene_id
ACZ81_RS20240,-0.6370534062683795,47.79278390132686,0.2028760264588104,0.4519752585298568,RNA,C2vsA2_rna,ACZ81_20245,tier1:gene_id
ACZ81_RS20245,-1.267525928095136,45.25455561366043,0.0094483961787452,0.0620408600149359,RNA,C2vsA2_rna,ACZ81_20250,tier1:gene_id
ACZ81_RS20250,-1.5856830754787978,32.748522552802314,0.0038948217759996,0.033560227581543,RNA,C2vsA2_rna,ACZ81_20255,tier1:gene_id
ACZ81_RS20255,-1.2216365979595134,335.4097321841543,0.00731358566959,0.0515678483416435,RNA,C2vsA2_rna,,unresolved
ACZ81_RS20260,-1.2914653395861415,207.25666976582025,0.0167756773249882,0.0943955363644501,RNA,C2vsA2_rna,ACZ81_20265,tier1:gene_id
ACZ81_RS20265,-0.6433369953018123,62.33496876192362,0.2039766246309396,0.4528800321080963,RNA,C2vsA2_rna,ACZ81_20270,tier1:gene_id
ACZ81_RS20270,-0.5862965259660851,90.62509465279032,0.1483266286655957,0.371696710934647,RNA,C2vsA2_rna,ACZ81_20275,tier1:gene_id
ACZ81_RS20275,-0.430972919917634,145.05470728783698,0.2017280109292823,0.4505324116633866,RNA,C2vsA2_rna,ACZ81_20280,tier1:gene_id
ACZ81_RS20280,-0.9367230216476724,94.45503038067008,0.0562162169854485,0.2057841811547622,RNA,C2vsA2_rna,ACZ81_20285,tier1:gene_id
ACZ81_RS20285,-0.6633477570429144,115.19215991675416,0.1678290362329347,0.4051324268150023,RNA,C2vsA2_rna,ACZ81_20290,tier1:gene_id
ACZ81_RS20290,-0.489249149607164,304.26320126512866,0.2719462255726578,0.5288648846328179,RNA,C2vsA2_rna,ACZ81_20295,tier1:gene_id
ACZ81_RS20300,-0.8096467173494255,238.04605923210949,0.0987827602279586,0.294003289343153,RNA,C2vsA2_rna,ACZ81_20305,tier1:gene_id
ACZ81_RS20305,-0.48472940167242,237.57333857894747,0.375839055740586,0.6338235778189286,RNA,C2vsA2_rna,ACZ81_20310,tier1:gene_id
ACZ81_RS20320,-0.5072649679835962,917.1218893767134,0.0512331260898434,0.1953871690802776,RNA,C2vsA2_rna,ACZ81_20325,tier1:gene_id
ACZ81_RS20325,0.3319716794344792,43.57068802229339,0.4476822532348899,0.6983286158547349,RNA,C2vsA2_rna,ACZ81_20330,tier1:gene_id
ACZ81_RS20335,0.3363364043570456,39.80976394263206,0.4470218731767775,0.697841149877522,RNA,C2vsA2_rna,ACZ81_20340,tier1:gene_id
ACZ81_RS20340,0.0143908066216609,182.72570864304703,0.9687139501159102,0.987348449856826,RNA,C2vsA2_rna,ACZ81_20345,tier1:gene_id
ACZ81_RS20345,0.5482546448836939,100.63155322740388,0.2738624444778792,0.5307903996353872,RNA,C2vsA2_rna,ACZ81_20350,tier1:gene_id
ACZ81_RS20355,0.0597066625725818,432.4014622112898,0.7905759492654935,0.9193288553520504,RNA,C2vsA2_rna,,unresolved
ACZ81_RS20360,0.1930531365634941,138.4318432327665,0.4368533843154172,0.6902937289773352,RNA,C2vsA2_rna,,unresolved
ACZ81_RS20365,0.596147361431344,88.96903109911646,0.3177684742230613,0.5767429581918353,RNA,C2vsA2_rna,ACZ81_20375,tier1:gene_id
ACZ81_RS20370,0.0562976277048113,43.34125024502418,0.9100911723259452,0.9658825733229368,RNA,C2vsA2_rna,,unresolved
ACZ81_RS20375,1.131240419421078,1036.7675875346793,4.6426686327557314e-06,0.0001614881384005,RNA,C2vsA2_rna,,unresolved
ACZ81_RS20390,-0.3663516929121766,38.68197463120955,0.4522850583714967,0.7006414002561505,RNA,C2vsA2_rna,ACZ81_20400,tier1:gene_id
ACZ81_RS20395,-1.06705461437947,131.18048037386023,0.0011548237311123,0.0134684674686703,RNA,C2vsA2_rna,ACZ81_20405,tier1:gene_id
ACZ81_RS20400,0.3650801292608864,18.570478473860465,0.5884464658691333,0.8041032769301644,RNA,C2vsA2_rna,ACZ81_20410,tier1:gene_id
ACZ81_RS20405,-0.5841568113138967,262.3001046200108,0.0932163266659847,0.2818266033036404,RNA,C2vsA2_rna,ACZ81_20415,tier1:gene_id
ACZ81_RS20410,0.1732957499722234,50.5044143050925,0.7002009034233997,0.8701082242042281,RNA,C2vsA2_rna,ACZ81_20420,tier1:gene_id
ACZ81_RS20415,-0.000894626236921,28.875006139025075,0.9988762933341948,0.9993744859991994,RNA,C2vsA2_rna,ACZ81_20425,tier1:gene_id
ACZ81_RS20425,-0.7700471315175523,8.639070350937416,0.2311189938650202,0.4866855535697243,RNA,C2vsA2_rna,ACZ81_20435,tier1:gene_id
ACZ81_RS20430,-0.6702480368007295,614.9214161979385,0.2427856814411551,0.497951993986212,RNA,C2vsA2_rna,ACZ81_20440,tier1:gene_id
ACZ81_RS20435,-1.100284151534541,395.5340748046822,0.0754023197578263,0.2469502913211424,RNA,C2vsA2_rna,ACZ81_20445,tier1:gene_id
ACZ81_RS20440,-1.3728198679197738,410.22917488817706,0.0054327767187636,0.042906102747401,RNA,C2vsA2_rna,ACZ81_20450,tier1:gene_id
ACZ81_RS20450,0.7265972422674652,349.2712487595162,0.0925608877124661,0.2804790645788626,RNA,C2vsA2_rna,ACZ81_20460,tier1:gene_id
ACZ81_RS20455,0.241694882226224,135.78584839226235,0.5167793136773038,0.7473751873513449,RNA,C2vsA2_rna,ACZ81_20465,tier1:gene_id
ACZ81_RS20460,-1.2495025577413077,414.274759556548,7.319093082729165e-05,0.0016875977843626,RNA,C2vsA2_rna,ACZ81_20470,tier1:gene_id
ACZ81_RS20470,0.1312038394571308,180.37492629872352,0.747296593060681,0.8931051329637927,RNA,C2vsA2_rna,,unresolved
ACZ81_RS20475,-0.1087115033280093,64.61536855825622,0.7888270604987045,0.9184621682769096,RNA,C2vsA2_rna,ACZ81_20485,tier1:gene_id
ACZ81_RS20480,-0.7724517017506436,108.00351217877557,0.009874454975212,0.0638238606910899,RNA,C2vsA2_rna,ACZ81_20490,tier1:gene_id
ACZ81_RS20485,-0.827818464702559,444.40281926072254,0.005420747820724,0.0428955429127117,RNA,C2vsA2_rna,ACZ81_20495,tier1:gene_id
ACZ81_RS20490,-0.6634046472393086,234.5908841836469,0.0764931755732821,0.2493018849715741,RNA,C2vsA2_rna,ACZ81_20500,tier1:gene_id
ACZ81_RS20495,-0.2497084219115752,11.220064883102676,0.8325853064576035,0.9373576657616248,RNA,C2vsA2_rna,ACZ81_20505,tier1:gene_id
ACZ81_RS20500,-0.5058080837271024,2143.989996681825,0.465367182652234,0.7101246896959834,RNA,C2vsA2_rna,ACZ81_RS20500,locus_tag:gene_id
ACZ81_RS20510,-0.7951115211832281,9874.27476357536,0.1074757355583416,0.3095424630725533,RNA,C2vsA2_rna,ACZ81_20520,tier1:gene_id
ACZ81_RS20515,-0.9988436895124224,467.2745038555512,0.0429810540510352,0.175600803312376,RNA,C2vsA2_rna,ACZ81_20525,tier1:gene_id
ACZ81_RS20525,-0.4978903607064162,451.9858121102776,0.162644491899578,0.3954725463643072,RNA,C2vsA2_rna,ACZ81_20535,tier1:gene_id
ACZ81_RS20530,-0.9932460972090106,116.51479911999968,0.0042971217265508,0.0357275031609691,RNA,C2vsA2_rna,ACZ81_20540,tier1:gene_id
ACZ81_RS20535,-1.3786742711194913,304.7190852170491,0.0008916842898115,0.0116006546333353,RNA,C2vsA2_rna,ACZ81_20545,tier1:gene_id
ACZ81_RS20540,-0.6875153617872023,302.6342451745836,0.0350511067321178,0.1526873400751975,RNA,C2vsA2_rna,ACZ81_20550,tier1:gene_id
ACZ81_RS20545,-0.5729063051068257,773.6130984431658,0.0274890281735385,0.1303616797071356,RNA,C2vsA2_rna,ACZ81_20555,tier1:gene_id
ACZ81_RS20550,-0.240619971420128,578.2629001267499,0.5454839886526854,0.7689675904689297,RNA,C2vsA2_rna,ACZ81_20560,tier1:gene_id
ACZ81_RS20555,0.0080630174562821,228.7596103554323,0.972239224893255,0.9889722278230876,RNA,C2vsA2_rna,ACZ81_20565,tier1:gene_id
ACZ81_RS20560,-0.2010849589519077,20.31209388982292,0.6964921597855216,0.8686997522775508,RNA,C2vsA2_rna,ACZ81_RS20560,locus_tag:gene_id
ACZ81_RS20565,-0.741399661428091,52.84173088832715,0.0709391788931692,0.2364634658080372,RNA,C2vsA2_rna,ACZ81_RS20565,locus_tag:gene_id
ACZ81_RS20570,-1.1103698326537703,31.18440952700967,0.0465517241415208,0.1844509706896181,RNA,C2vsA2_rna,ACZ81_RS20570,locus_tag:gene_id
ACZ81_RS20575,-0.6171131355762556,30.34395743520156,0.2734686448089037,0.5307903996353872,RNA,C2vsA2_rna,ACZ81_20575,tier1:gene_id
ACZ81_RS20580,-1.0167000506610586,8.04777172703727,0.33644428062857,0.5972630326910721,RNA,C2vsA2_rna,ACZ81_20580,tier1:gene_id
ACZ81_RS20585,-0.3944270090123325,197.7649754261924,0.1512492600564009,0.3764342626217621,RNA,C2vsA2_rna,ACZ81_20585,tier1:gene_id
ACZ81_RS20590,2.062808151489049,6.944746027176497,0.113653605030839,0.3193125093723574,RNA,C2vsA2_rna,ACZ81_20590,tier1:gene_id
ACZ81_RS20595,-0.2086863964260457,282.2731846569454,0.3979685640538004,0.6554391949851589,RNA,C2vsA2_rna,ACZ81_20595,tier1:gene_id
ACZ81_RS20600,-0.3080404464682764,300.03171321412884,0.2737343837793149,0.5307903996353872,RNA,C2vsA2_rna,ACZ81_RS20600,locus_tag:gene_id
ACZ81_RS20605,-0.0670628750035105,159.68039323945368,0.82741311534627,0.9350933573997846,RNA,C2vsA2_rna,ACZ81_20605,tier1:gene_id
ACZ81_RS20615,0.0352224230459521,211.2180944056952,0.9346782971515532,0.9708313667612825,RNA,C2vsA2_rna,ACZ81_20615,tier1:gene_id
ACZ81_RS20620,-0.4618247479150317,504.61036574407314,0.0138280380017914,0.0817055794745025,RNA,C2vsA2_rna,ACZ81_20620,tier1:gene_id
ACZ81_RS20625,-0.516999947301728,2947.7880845473464,0.0041739914201186,0.0351668106725044,RNA,C2vsA2_rna,ACZ81_20625,tier1:gene_id
ACZ81_RS20635,-1.414914241079408,4.68225650237106,0.2251743233359495,0.4800209273240328,RNA,C2vsA2_rna,ACZ81_20635,tier1:gene_id
ACZ81_RS20655,-0.2094168252618961,163.0233580223112,0.5064608797365266,0.7406220851073871,RNA,C2vsA2_rna,,unresolved
ACZ81_RS20660,-0.1693815573395107,51.15999088616349,0.6512859776875879,0.8480880696146066,RNA,C2vsA2_rna,ACZ81_20660,tier1:gene_id
ACZ81_RS20665,-0.8492786958024087,56.94673145683141,0.0238241536103398,0.1199278598302177,RNA,C2vsA2_rna,ACZ81_20665,tier1:gene_id
ACZ81_RS20670,0.1214755244412085,116.3057321784153,0.8346104903790721,0.9373576657616248,RNA,C2vsA2_rna,ACZ81_20670,tier1:gene_id
ACZ81_RS20675,0.7003111180774793,104.51457928431454,0.044876020394214,0.1805843468621734,RNA,C2vsA2_rna,ACZ81_20675,tier1:gene_id
ACZ81_RS20680,0.7221469466426665,99.80657486403798,0.0534823044779747,0.2007212400052711,RNA,C2vsA2_rna,ACZ81_20680,tier1:gene_id
ACZ81_RS20685,0.3748386626427651,104.73584497729163,0.5018352038631719,0.7378530812514644,RNA,C2vsA2_rna,ACZ81_20685,tier1:gene_id
ACZ81_RS20690,-0.2581425314164305,53.11349045402565,0.4772139597249816,0.7186269882333501,RNA,C2vsA2_rna,ACZ81_20690,tier1:gene_id
ACZ81_RS20705,-5.062362564502443,138.4755409696553,7.602665704457588e-12,9.83932090525285e-10,RNA,C2vsA2_rna,ACZ81_20705,tier1:gene_id
ACZ81_RS20710,-3.491056401131119,583.7704217726185,7.164954967055983e-16,1.7966124579892872e-13,RNA,C2vsA2_rna,,unresolved
ACZ81_RS20715,-2.3503051972923656,34.02099402759713,6.254705476187599e-06,0.0002023699868585,RNA,C2vsA2_rna,,unresolved
ACZ81_RS20720,-1.8444240619811023,28.837580330420305,0.0065651524689329,0.0487766513062201,RNA,C2vsA2_rna,ACZ81_20720,tier1:gene_id
ACZ81_RS20725,-3.3324801414573324,44.2693875871479,8.004272486615118e-07,3.380330654347353e-05,RNA,C2vsA2_rna,,unresolved
ACZ81_RS20730,-2.025285448253636,15.42857874227446,0.0319394914489022,0.1448850158299262,RNA,C2vsA2_rna,ACZ81_20730,tier1:gene_id
ACZ81_RS20745,0.0318037419885838,140.07183831076892,0.9193311181411266,0.9686398567647296,RNA,C2vsA2_rna,,unresolved
ACZ81_RS20765,0.4158849915299416,6.330355709753602,0.6974695934340379,0.8692910869392234,RNA,C2vsA2_rna,ACZ81_RS20765,locus_tag:gene_id
ACZ81_RS20790,1.742958919822552,170.62460349695198,0.032329919540304,0.1462318344934609,RNA,C2vsA2_rna,ACZ81_RS20790,locus_tag:gene_id
ACZ81_RS20800,-0.2939425703063843,40.993455642869854,0.5371386606944498,0.7631020916098203,RNA,C2vsA2_rna,ACZ81_RS20800,locus_tag:gene_id
ACZ81_RS20815,-0.4922706792649676,55.55049871258485,0.4807814700334774,0.7199921614766224,RNA,C2vsA2_rna,ACZ81_RS20815,locus_tag:gene_id
ACZ81_RS20845,1.1465967429820798,1265.198971124856,0.0474541466695786,0.1868669970866796,RNA,C2vsA2_rna,ACZ81_RS20845,locus_tag:gene_id
ACZ81_RS20875,-0.6962179315935776,30.942570196322578,0.2464623257198711,0.5007041704058849,RNA,C2vsA2_rna,ACZ81_RS20875,locus_tag:gene_id
ACZ81_RS20885,-0.0783740212199701,915.473779890593,0.9178859207622396,0.968421342242408,RNA,C2vsA2_rna,ACZ81_RS20885,locus_tag:gene_id
ACZ81_RS20895,-0.4722910854132943,108.99615969289884,0.2550939431927708,0.5101878863855417,RNA,C2vsA2_rna,ACZ81_RS20895,locus_tag:gene_id
ACZ81_RS20900,-0.3150045055268866,15.28080524310592,0.6240983808441761,0.8293748605322407,RNA,C2vsA2_rna,ACZ81_RS20900,locus_tag:gene_id
ACZ81_RS20915,-0.2273232632538045,2263.9012202391627,0.7179905153037263,0.8768882640482648,RNA,C2vsA2_rna,ACZ81_RS20915,locus_tag:gene_id
ACZ81_RS20920,-2.227774308980296,207.61694508091497,0.0050904185949478,0.0406827876552408,RNA,C2vsA2_rna,ACZ81_RS20920,locus_tag:gene_id
ACZ81_RS20925,1.30603006329554,5.464791290594358,0.2541531928549582,0.5098128155492397,RNA,C2vsA2_rna,,unresolved
ACZ81_RS21035,0.4641360788419457,140.7401371466792,0.3777285291075057,0.6354569727411128,RNA,C2vsA2_rna,ACZ81_RS21035,locus_tag:gene_id
ACZ81_RS21040,0.012965040609297,537.2740999929352,0.9633133736752342,0.9851376156836138,RNA,C2vsA2_rna,,unresolved
ACZ81_RS21060,0.0790472661396813,20.97582790500375,0.9177841702555696,0.968421342242408,RNA,C2vsA2_rna,,unresolved
ACZ81_RS21070,-0.6752363180807809,48.080045690711295,0.2959051121009824,0.5537367594871545,RNA,C2vsA2_rna,,unresolved
ACZ81_RS21125,1.214372855900831,11.613934210567727,0.2398038600175645,0.4951585622184606,RNA,C2vsA2_rna,ACZ81_RS21125,locus_tag:gene_id
ACZ81_RS21145,-1.917411352934037,813.0184922200154,0.0170103746342035,0.0949386216585917,RNA,C2vsA2_rna,ACZ81_RS21145,locus_tag:gene_id
ACZ81_RS21155,0.6453410752685077,11793.88381139696,0.1648908582671468,0.3999650080820998,RNA,C2vsA2_rna,ACZ81_17465,tier1:gene_id
ACZ81_RS21165,1.666451650247093,3.381208478100232,0.2197054645261855,0.473139196821823,RNA,C2vsA2_rna,ACZ81_RS21165,locus_tag:gene_id
ACZ81_RS21170,-0.773782384974633,366.9745084866018,0.1927852063007701,0.4395164364775489,RNA,C2vsA2_rna,ACZ81_RS21170,locus_tag:gene_id
ACZ81_RS21190,-1.1697086109529582,37.94789553838828,0.1066024072288878,0.3083027782728495,RNA,C2vsA2_rna,ACZ81_RS21190,locus_tag:gene_id
ACZ81_RS21195,-1.0310333467485489,868.7608483574425,0.0180602580699306,0.0990692668486408,RNA,C2vsA2_rna,ACZ81_02610,tier1:gene_id
ACZ81_RS21200,-0.8225455390520409,11.670160822638485,0.2877249049123205,0.5451536953155768,RNA,C2vsA2_rna,ACZ81_RS21200,locus_tag:gene_id
ACZ81_RS21205,0.4254184062843868,761.6978731678921,0.4501414284913146,0.6991743751866645,RNA,C2vsA2_rna,ACZ81_RS21205,locus_tag:gene_id
ACZ81_RS21210,-0.3504714318264046,9.297055369465207,0.7115361047764881,0.8745014861780126,RNA,C2vsA2_rna,ACZ81_RS21210,locus_tag:gene_id
ACZ81_RS21215,0.6224446865413106,24.022112511716166,0.3693458694441426,0.6286312116425168,RNA,C2vsA2_rna,ACZ81_RS21215,locus_tag:gene_id
ACZ81_RS21220,0.9490020881854364,5.75245343919023,0.2886199193732245,0.5461995832666872,RNA,C2vsA2_rna,ACZ81_07940,tier1:gene_id
ACZ81_RS21225,0.5109932854710918,1.6986559366377596,0.8331549416649948,0.9373576657616248,RNA,C2vsA2_rna,ACZ81_RS21225,locus_tag:gene_id
ACZ81_RS21230,-0.5846113761179348,2821.2809830710385,0.278312331333104,0.5351996331690968,RNA,C2vsA2_rna,ACZ81_RS21230,locus_tag:gene_id
ACZ81_RS21235,0.1004635140583555,63.721403796480665,0.7885928539567584,0.9184621682769096,RNA,C2vsA2_rna,ACZ81_16510,tier1:gene_id
ACZ81_RS21240,0.0922839364137336,2155.548748595499,0.9326479794075152,0.9708313667612825,RNA,C2vsA2_rna,ACZ81_RS21240,locus_tag:gene_id
ACZ81_RS21245,-0.3895054493330033,50.41210216930886,0.5133239570071748,0.7441825576077535,RNA,C2vsA2_rna,ACZ81_RS21245,locus_tag:gene_id
ACZ81_RS21250,-0.2630167362402426,2.564584615342474,0.8697590289898459,0.9523671463720692,RNA,C2vsA2_rna,ACZ81_RS21250,locus_tag:gene_id
ACZ81_RS21255,-0.1781866821809185,208.3303377433363,0.7546644460974952,0.8973662589635893,RNA,C2vsA2_rna,ACZ81_20300,tier1:gene_id
ACZ81_RS21260,0.420928391709836,7.229324863769305,0.6627295943268589,0.8535701869789271,RNA,C2vsA2_rna,ACZ81_RS21260,locus_tag:gene_id
ACZ81_RS21265,1.2335337644997373,206.38557172435483,0.0569750506889433,0.2068694386254204,RNA,C2vsA2_rna,ACZ81_00935,tier1:gene_id
ACZ81_RS21270,-1.004780496650194,275.06146037641474,0.0006474754773342,0.0092443829717621,RNA,C2vsA2_rna,,unresolved
ACZ81_RS21275,-0.4994461357160241,381.3251447306891,0.0646276440500624,0.223155443993339,RNA,C2vsA2_rna,,unresolved
ACZ81_RS21280,0.0569004038555381,1420.9710315358493,0.8884795175244582,0.9569357630596184,RNA,C2vsA2_rna,ACZ81_RS21280,locus_tag:gene_id
ACZ81_RS21290,-0.0840960114412357,134.83930535471606,0.8810818613611218,0.9560883150101184,RNA,C2vsA2_rna,ACZ81_RS21290,locus_tag:gene_id
ACZ81_RS21295,-0.2349392887686172,16049.295954015672,0.6804971740999168,0.8620633604322281,RNA,C2vsA2_rna,ACZ81_RS21295,locus_tag:gene_id
ACZ81_RS21305,0.8978265838317082,1247.479425322529,0.1954117738719222,0.442499138510932,RNA,C2vsA2_rna,ACZ81_RS21305,locus_tag:gene_id
ACZ81_RS21310,-0.3364882505212019,55.43645644630861,0.619079047850908,0.8262625216160487,RNA,C2vsA2_rna,ACZ81_RS21310,locus_tag:gene_id
ACZ81_RS21315,-1.4190365358322203,748.3029765763288,0.0168480502680475,0.0944055554125793,RNA,C2vsA2_rna,ACZ81_RS21315,locus_tag:gene_id
ACZ81_RS21320,0.5590055015416057,4.183302100054492,0.6531989956010871,0.8487659930454298,RNA,C2vsA2_rna,ACZ81_RS21320,locus_tag:gene_id
ACZ81_RS21325,0.5611543472637532,10.42209289031021,0.5292704961445998,0.7573490269561706,RNA,C2vsA2_rna,ACZ81_RS21325,locus_tag:gene_id
ACZ81_RS21340,-0.7294624705955429,185.21925148417145,0.011936849470188,0.0737914330884351,RNA,C2vsA2_rna,ACZ81_09550,tier1:gene_id
ACZ81_RS21345,-0.4935681829794605,181.0080675545245,0.2146392498628808,0.4647701212960254,RNA,C2vsA2_rna,ACZ81_RS21345,locus_tag:gene_id
ACZ81_RS21355,-0.3773634646279776,859.9121472855677,0.5266536246988605,0.7551588071093024,RNA,C2vsA2_rna,ACZ81_RS21355,locus_tag:gene_id
ACZ81_RS21360,-0.7608208475866176,14019.352613963214,0.1933721574176452,0.440550309801018,RNA,C2vsA2_rna,ACZ81_RS21360,locus_tag:gene_id
ACZ81_RS21370,-0.1001711769708444,35.566416984742446,0.7970187425488494,0.922307238276892,RNA,C2vsA2_rna,ACZ81_RS21370,locus_tag:gene_id
ACZ81_RS21375,0.0493163804465522,151.3726087886678,0.8942410494361235,0.9594421010224166,RNA,C2vsA2_rna,ACZ81_RS21375,locus_tag:gene_id
ACZ81_RS21380,0.2689081704032656,20.99165662145555,0.6587917119809032,0.8515052669031521,RNA,C2vsA2_rna,ACZ81_20010,tier1:gene_id
ACZ81_RS21385,0.2858834081564916,75.19473857744859,0.62174675427541,0.8276204307076791,RNA,C2vsA2_rna,ACZ81_RS21385,locus_tag:gene_id
ACZ81_RS21390,-0.235031161827473,168.66869474628993,0.5543759092945637,0.7760489002406802,RNA,C2vsA2_rna,ACZ81_RS21390,locus_tag:gene_id
ACZ81_RS21395,-0.2018964371125497,13.27015124373115,0.8419264758761875,0.9419145016308348,RNA,C2vsA2_rna,,unresolved
ACZ81_RS21400,0.232958084861888,27.05407861610603,0.6188856551995385,0.8262625216160487,RNA,C2vsA2_rna,ACZ81_RS21400,locus_tag:gene_id
ACZ81_RS21405,0.9034807666909584,25.07921580180089,0.2169748705791598,0.4687199862219344,RNA,C2vsA2_rna,ACZ81_RS21405,locus_tag:gene_id
ACZ81_RS21410,0.863573123753907,15.519798578273248,0.1851974881608356,0.4289909483263698,RNA,C2vsA2_rna,ACZ81_RS21410,locus_tag:gene_id
ACZ81_RS21415,3.600942421271533,1.1936817268239976,0.0600962172094039,0.2128031980972007,RNA,C2vsA2_rna,ACZ81_RS21415,locus_tag:gene_id
ACZ81_RS21420,-1.0352807575425655,781.7238234645155,0.0276971434001595,0.1310388435394339,RNA,C2vsA2_rna,,unresolved
ACZ81_RS21425,-1.1742191344313957,1664.2031469028975,0.0339183466338571,0.1500335244708213,RNA,C2vsA2_rna,,unresolved
ACZ81_RS21430,-0.4623009067555362,438.893966560313,0.2303774135375809,0.4866855535697243,RNA,C2vsA2_rna,,unresolved
ACZ81_RS21435,-1.4996634003466875,634.6494588424669,1.7576098420609145e-05,0.0005001085593154,RNA,C2vsA2_rna,,unresolved
ACZ81_RS21440,-1.5115876591726265,464.1619040849879,4.817651581217367e-06,0.000162423681881,RNA,C2vsA2_rna,ACZ81_RS21440,locus_tag:gene_id
ACZ81_RS21445,0.3358462510254112,208.8843445484925,0.5440308569143233,0.7682352891372712,RNA,C2vsA2_rna,ACZ81_RS21445,locus_tag:gene_id
ACZ81_RS21450,0.4212180571577105,120.31012434623844,0.5339748753567344,0.7601795183668728,RNA,C2vsA2_rna,,unresolved
ACZ81_RS21455,0.5292328150978421,1838.272991689626,0.3517509404160041,0.6130429074496128,RNA,C2vsA2_rna,ACZ81_RS21455,locus_tag:gene_id
ACZ81_RS21460,1.6662462061729415,0.9242850326821682,0.5219846347674723,0.7522278572870326,RNA,C2vsA2_rna,,unresolved
ACZ81_RS21465,0.0555134607830877,36.27517441424651,0.9345762084664108,0.9708313667612825,RNA,C2vsA2_rna,,unresolved
ACZ81_RS21470,-0.0950767873723441,6.860757630701193,0.9423426871217102,0.9746574957957934,RNA,C2vsA2_rna,,unresolved
ACZ81_RS21475,-0.4979054900009867,592.5899534850314,0.1527880425970724,0.3790882046378817,RNA,C2vsA2_rna,ACZ81_RS21475,locus_tag:gene_id
ACZ81_RS21480,-0.4238441156324776,162.29593155122475,0.2464832344346018,0.5007041704058849,RNA,C2vsA2_rna,ACZ81_RS21480,locus_tag:gene_id
ACZ81_RS21485,-0.0606082595928076,174.2807340334284,0.9227265895908228,0.9686398567647296,RNA,C2vsA2_rna,,unresolved
ACZ81_RS21490,-0.7368989050591189,632.68978395791,0.2229347892647855,0.4775260999368596,RNA,C2vsA2_rna,ACZ81_08175,tier1:gene_id
ACZ81_RS21495,-1.3449158143822268,4939.581199149118,0.0189589121600271,0.1019613345657222,RNA,C2vsA2_rna,ACZ81_RS21495,locus_tag:gene_id
ACZ81_RS21500,-0.1117064945071611,1500.3752349012086,0.8144643953685837,0.9299477837990834,RNA,C2vsA2_rna,,unresolved
ACZ81_RS21505,-0.5054279053043927,4272.416610888717,0.3036301322824986,0.5626623975599928,RNA,C2vsA2_rna,,unresolved
ACZ81_RS21510,0.064262798728384,949.9188302816864,0.9131875791192215,0.9671881117809707,RNA,C2vsA2_rna,,unresolved
ACZ81_RS21515,-0.1017714073042258,19.48751875299172,0.8780113521461019,0.955852583676635,RNA,C2vsA2_rna,ACZ81_RS21515,locus_tag:gene_id
ACZ81_RS21520,1.711803449156851,23.17244319339633,0.00062290503041,0.0089573296846068,RNA,C2vsA2_rna,,unresolved
ACZ81_RS21525,0.2803247710197992,45.57099983539894,0.7017932527576927,0.8706229220976694,RNA,C2vsA2_rna,,unresolved
ACZ81_RS21530,-0.3803540949084725,16.458322089603737,0.6391972228899255,0.8399637183425069,RNA,C2vsA2_rna,,unresolved
ACZ81_RS21535,2.6321649458369647,4.892673667306501,0.0329037376966894,0.147636205833413,RNA,C2vsA2_rna,ACZ81_RS21535,locus_tag:gene_id
ACZ81_RS21540,0.3073146700605536,260.49281231825387,0.5897128253965485,0.8045200525496383,RNA,C2vsA2_rna,,unresolved
ACZ81_RS21545,-0.1927994811275389,693.1947105319379,0.554977895547633,0.7763498315680277,RNA,C2vsA2_rna,ACZ81_RS21545,locus_tag:gene_id
ACZ81_RS21550,-0.7612032820386775,419.4254038103164,0.181493233119036,0.4243303329100074,RNA,C2vsA2_rna,ACZ81_RS21550,locus_tag:gene_id
ACZ81_RS21555,0.6488691173175591,202.9550995459128,0.1124515876998849,0.3167664965768206,RNA,C2vsA2_rna,,unresolved
ACZ81_RS21560,-0.4784790264479893,216.3657770260335,0.2073649184898594,0.4564071720917533,RNA,C2vsA2_rna,,unresolved
ACZ81_RS21565,-0.3805781318096446,398.129938660882,0.2073960138527694,0.4564071720917533,RNA,C2vsA2_rna,ACZ81_RS21565,locus_tag:gene_id
ACZ81_RS21570,-0.2398555923751711,10.858158112972149,0.752708052820166,0.8965709629137946,RNA,C2vsA2_rna,ACZ81_RS21570,locus_tag:gene_id
ACZ81_RS21580,0.0917511903206239,10.442481607184192,0.8869378462080312,0.9567514259515674,RNA,C2vsA2_rna,ACZ81_RS21580,locus_tag:gene_id
ACZ81_RS21590,2.2610165207170074,211.31718145249505,0.0007834120150069,0.010654403404094,RNA,C2vsA2_rna,ACZ81_20140,tier1:gene_id
ACZ81_RS21595,2.866682372962844,137.712232366521,5.356083386316198e-05,0.0012867429069401,RNA,C2vsA2_rna,ACZ81_20145,tier1:gene_id
ACZ81_RS21605,-0.2861298201656121,37.97333462066843,0.6657863017778352,0.855808898893698,RNA,C2vsA2_rna,ACZ81_RS21605,locus_tag:gene_id
ACZ81_RS21610,-0.4774366918988548,70.68355713476163,0.4431524659361549,0.6955898643723997,RNA,C2vsA2_rna,ACZ81_RS21610,locus_tag:gene_id
ACZ81_RS21615,-0.4168082917521873,80.14555915455766,0.3797005262046663,0.6368555648549838,RNA,C2vsA2_rna,,unresolved
ACZ81_RS21620,-0.0224276449109521,63.04990620117239,0.9538175932861396,0.9807063516822124,RNA,C2vsA2_rna,ACZ81_RS21620,locus_tag:gene_id
ACZ81_RS21625,-0.6917681191429561,51.37900392567858,0.0752987232292803,0.2469502913211424,RNA,C2vsA2_rna,ACZ81_20230,tier1:gene_id
ACZ81_RS21630,-0.2671689300286006,151.1585236535558,0.63939411660469,0.8399637183425069,RNA,C2vsA2_rna,ACZ81_RS21630,locus_tag:gene_id
ACZ81_RS21635,0.035767465852083,81.4559674943068,0.9329611189408116,0.9708313667612825,RNA,C2vsA2_rna,ACZ81_RS21635,locus_tag:gene_id
ACZ81_RS21640,0.6617190771843198,58.25083513259206,0.1734999787369956,0.4123708025431435,RNA,C2vsA2_rna,ACZ81_RS21640,locus_tag:gene_id
ACZ81_RS21645,-0.4229000615863096,834.9269618375212,0.2310377629027171,0.4866855535697243,RNA,C2vsA2_rna,ACZ81_RS21645,locus_tag:gene_id
ACZ81_RS21650,-0.0405646874651562,24.69990607514115,0.9386823409896938,0.972832218361396,RNA,C2vsA2_rna,ACZ81_RS21650,locus_tag:gene_id
ACZ81_RS21655,-0.433401078514038,27.12172180876504,0.3624653330181355,0.6211921896919093,RNA,C2vsA2_rna,ACZ81_RS21655,locus_tag:gene_id
ACZ81_RS21660,0.0496255278476869,36.53960435446614,0.9186833250102066,0.968421342242408,RNA,C2vsA2_rna,,unresolved
ACZ81_RS21665,0.5657422498809805,954.4172252285656,0.0005433381842015,0.0081643175843323,RNA,C2vsA2_rna,,unresolved
ACZ81_RS21670,0.2563472570884572,293.82702873374416,0.4022464175062653,0.6576253573900311,RNA,C2vsA2_rna,,unresolved
ACZ81_RS21675,-0.7547158184462999,5019.998660470714,0.2731660753412352,0.5304657765096978,RNA,C2vsA2_rna,ACZ81_RS21675,locus_tag:gene_id
ACZ81_RS21680,-1.0331106683750289,2705.726176154916,0.1235223245005915,0.3339431037037556,RNA,C2vsA2_rna,ACZ81_RS21680,locus_tag:gene_id
ACZ81_RS21685,0.0334659412230216,79.62184600180213,0.9091981763000244,0.9658825733229368,RNA,C2vsA2_rna,ACZ81_RS21685,locus_tag:gene_id
ACZ81_RS21705,-0.3357111317294368,41.4787641589825,0.4778286749858893,0.7189139374664516,RNA,C2vsA2_rna,ACZ81_RS21705,locus_tag:gene_id
