gene_id,logFC,AveExpr,pvalue,padj,Assay,contrast1
ACZ81_RS00005,-0.9436448938867792,4661.89608143276,0.0031232268098921,0.0148113309235072,RNA,C3vsC1_rna
ACZ81_RS00010,-0.5008273928848838,2059.3914137885563,0.0537880520546183,0.1343696543232433,RNA,C3vsC1_rna
ACZ81_RS00015,0.1354757234611328,557.1271017274662,0.683709532790815,0.7985568109335516,RNA,C3vsC1_rna
ACZ81_RS00020,-0.7234479610000825,3109.651933699262,0.0332874144070082,0.0950657517737299,RNA,C3vsC1_rna
ACZ81_RS00025,0.309278281714313,160.5452115198893,0.2435569392340612,0.4049525239150657,RNA,C3vsC1_rna
ACZ81_RS00030,-0.0554481506844099,2892.2392833721387,0.9003427098463604,0.9381110447035398,RNA,C3vsC1_rna
ACZ81_RS00035,0.8867394456778274,1662.4070368377895,0.0011598793593577,0.0064541414559548,RNA,C3vsC1_rna
ACZ81_RS00040,-0.1769029272559532,258.53012275560167,0.4871477319597203,0.6433300528710987,RNA,C3vsC1_rna
ACZ81_RS00045,-0.6783294116257066,892.2474602287139,0.0409025275588526,0.1109539828033244,RNA,C3vsC1_rna
ACZ81_RS00050,-0.3684886699311439,964.303048675474,0.2532018512008323,0.4137589530174151,RNA,C3vsC1_rna
ACZ81_RS00055,0.8367758783185444,424.2322444295289,0.0257331143095114,0.0775666826519607,RNA,C3vsC1_rna
ACZ81_RS00060,0.3563647458838453,3386.553316232701,0.1211791749451538,0.2467872334416025,RNA,C3vsC1_rna
ACZ81_RS00065,-0.9306767156562384,984.317160815007,1.0628894286889706e-05,0.0001288311899667719,RNA,C3vsC1_rna
ACZ81_RS00070,0.7086194088063149,1441.6967365650412,0.0971547955979181,0.2090000214149316,RNA,C3vsC1_rna
ACZ81_RS00075,-0.3674984317543076,696.7404360344724,0.043247113740312,0.1151343200571546,RNA,C3vsC1_rna
ACZ81_RS00080,0.182180755778271,466.4416786304536,0.4650969252543979,0.6240698542209513,RNA,C3vsC1_rna
ACZ81_RS00085,0.312221301284456,462.5721350081219,0.2048958199571268,0.3594412023034512,RNA,C3vsC1_rna
ACZ81_RS00090,0.1002296683021792,531.7858593561232,0.8003741040109094,0.8711613959011851,RNA,C3vsC1_rna
ACZ81_RS00095,-0.698628993723826,1291.6300194768455,0.018897387136024,0.0615392184981563,RNA,C3vsC1_rna
ACZ81_RS00100,-0.9485489381042768,5101.493465766092,0.0054229587956285,0.0227344939269192,RNA,C3vsC1_rna
ACZ81_RS00105,-1.0946997116745063,1556.081876129771,0.0071334717542072,0.0283923498788488,RNA,C3vsC1_rna
ACZ81_RS00110,-0.8668760328284294,613.575593861557,0.0132189651385959,0.0464807082699797,RNA,C3vsC1_rna
ACZ81_RS00115,-0.6950718485296318,3014.3512628209605,0.00432437792899,0.0191104179738077,RNA,C3vsC1_rna
ACZ81_RS00120,-0.7544444625072813,255.4590279754597,0.0165555705246545,0.0556157548735099,RNA,C3vsC1_rna
ACZ81_RS00125,0.2354957073436893,196.9206399808533,0.4511838350192478,0.6109178353348708,RNA,C3vsC1_rna
ACZ81_RS00130,-0.0371745585329616,158.70564873644452,0.9095032788923948,0.9438301179008064,RNA,C3vsC1_rna
ACZ81_RS00135,-2.299975029537673,287.94847033631896,0.0471822650692346,0.1220472259560085,RNA,C3vsC1_rna
ACZ81_RS00140,-0.282933227425643,87.95332994412374,0.3018614929793471,0.4652097551905952,RNA,C3vsC1_rna
ACZ81_RS00145,0.8987040116041186,214.7079769439887,0.002077226245394,0.0105821573280657,RNA,C3vsC1_rna
ACZ81_RS00150,0.0797560899820974,475.3645439551685,0.6883710357713542,0.8021331964898847,RNA,C3vsC1_rna
ACZ81_RS00155,-0.7917306580675633,388.5406480708241,0.0014981219349321,0.0079820255019224,RNA,C3vsC1_rna
ACZ81_RS00180,-1.295436380987383,83.06394679967222,0.0437616205213231,0.116349649788965,RNA,C3vsC1_rna
ACZ81_RS00185,0.4543722376509417,146.32040671107194,0.1302104861227089,0.2605508580171113,RNA,C3vsC1_rna
ACZ81_RS00190,-0.6239458161919909,152.9795615675542,0.0678896720886383,0.160948607043988,RNA,C3vsC1_rna
ACZ81_RS00195,-1.7102312143125835,125.44152045513596,7.172597529232507e-09,2.0408837792397746e-07,RNA,C3vsC1_rna
ACZ81_RS00200,-2.9583003618795574,153.6092224492428,2.284759128355916e-14,2.235720395844862e-12,RNA,C3vsC1_rna
ACZ81_RS00205,-2.7934515721068847,258.04984908791573,6.862485317472846e-11,3.234247824395532e-09,RNA,C3vsC1_rna
ACZ81_RS00210,0.3234979140673157,131.17694763852066,0.2859825840419146,0.4476637250004531,RNA,C3vsC1_rna
ACZ81_RS00215,-0.2171798150270562,562.7279291514704,0.4516759471108494,0.6109655764695644,RNA,C3vsC1_rna
ACZ81_RS00220,-0.3772784088671238,69.56860381538597,0.2665371813774248,0.4288767915915862,RNA,C3vsC1_rna
ACZ81_RS00225,-0.0177096028913996,1219.9736127505785,0.95564939724735,0.9738545546752267,RNA,C3vsC1_rna
ACZ81_RS00230,0.6415299319512453,656.8374852753045,0.0272147857488723,0.0813604474101905,RNA,C3vsC1_rna
ACZ81_RS00235,0.3129138700374502,1076.058944981807,0.1396891387252838,0.2741843564412126,RNA,C3vsC1_rna
ACZ81_RS00240,-0.0008484056373399895,120.08726277533192,0.9973207600201456,0.9978181768580608,RNA,C3vsC1_rna
ACZ81_RS00245,-0.1561862914927402,13866.363026558374,0.684057004536192,0.7987301228752043,RNA,C3vsC1_rna
ACZ81_RS00250,0.2097999786871253,251.94275716051257,0.6050735141544958,0.7358320159767995,RNA,C3vsC1_rna
ACZ81_RS00255,0.4553841543510303,112.06646700724454,0.2626469653894278,0.4240400906005571,RNA,C3vsC1_rna
ACZ81_RS00260,-0.1220655529215436,377.1285487408503,0.6598018619952091,0.7792537740137707,RNA,C3vsC1_rna
ACZ81_RS00265,1.9050148919902985,5242.482040030117,0.00011507244593999916,0.0009364516290289588,RNA,C3vsC1_rna
ACZ81_RS00270,1.9977604935152184,2516.352591078579,0.00015863119469321124,0.0012215515414763,RNA,C3vsC1_rna
ACZ81_RS00275,-0.642626591844359,345.68062363758327,0.0593952250641807,0.1445475305082563,RNA,C3vsC1_rna
ACZ81_RS00280,-1.105862547832987,382.1429805793016,1.4648147447932405e-06,2.332078077821619e-05,RNA,C3vsC1_rna
ACZ81_RS00285,0.3238930724334153,275.99563765803885,0.2330846188152794,0.3932445293048365,RNA,C3vsC1_rna
ACZ81_RS00290,0.0993587551015326,219.6856865350664,0.7679905350499259,0.855407558750778,RNA,C3vsC1_rna
ACZ81_RS00295,-0.6271047258028442,288.05231975857134,0.007069326236949,0.0281649819887185,RNA,C3vsC1_rna
ACZ81_RS00300,-0.2798776152855731,612.4321337778085,0.2483783558665776,0.4104176127416431,RNA,C3vsC1_rna
ACZ81_RS00305,-0.0581811741249551,517.2613444994904,0.8392016952750714,0.8978339203849565,RNA,C3vsC1_rna
ACZ81_RS00310,0.1698407937981371,3845.429327987116,0.5043707551792116,0.6576325868635025,RNA,C3vsC1_rna
ACZ81_RS00315,-0.0084504158618086,3128.9408886356264,0.9796520837273576,0.9867848757002656,RNA,C3vsC1_rna
ACZ81_RS00320,-0.1034558149473643,796.266971982868,0.6893837658318533,0.8030800431235179,RNA,C3vsC1_rna
ACZ81_RS00325,0.556965345933866,246.067596261958,0.0574331285677447,0.1411329921125692,RNA,C3vsC1_rna
ACZ81_RS00330,-0.2409400471353811,516.9041780137908,0.5224705280734415,0.6720589158802973,RNA,C3vsC1_rna
ACZ81_RS00335,-0.8043887749698656,240.3320428142352,0.0011887787781618,0.0065784558041177,RNA,C3vsC1_rna
ACZ81_RS00340,-0.4517725146270932,232.49788225746263,0.2149624453291085,0.3715766181216646,RNA,C3vsC1_rna
ACZ81_RS00345,0.8946085008812963,175.72517122303077,0.1774859723362918,0.3236698731878195,RNA,C3vsC1_rna
ACZ81_RS00350,0.607888530950682,461.0219458681487,0.0150389924320536,0.0515696048182899,RNA,C3vsC1_rna
ACZ81_RS00355,-0.2014104917388252,3194.804882229915,0.271594672887659,0.4337730205514682,RNA,C3vsC1_rna
ACZ81_RS00360,1.0137593043483082,656.928307133229,0.0127828181541815,0.0452750150514379,RNA,C3vsC1_rna
ACZ81_RS00370,-0.1703067868227732,94.53129545700656,0.6440547498102451,0.7676612169455447,RNA,C3vsC1_rna
ACZ81_RS00375,0.0239892202649839,13.756901065059974,0.9778515447246698,0.986144670322684,RNA,C3vsC1_rna
ACZ81_RS00380,-0.5347044329636295,93.42496569111594,0.1761437745220769,0.3218190528200311,RNA,C3vsC1_rna
ACZ81_RS00385,-0.2941911395236676,131.5679646133276,0.4440884423997293,0.6034561320052795,RNA,C3vsC1_rna
ACZ81_RS00390,0.6241766538721187,82.78152585036624,0.0668205691400198,0.1592894375459058,RNA,C3vsC1_rna
ACZ81_RS00395,0.1509554582242663,60.29149226639222,0.7979162884467565,0.8706591255960662,RNA,C3vsC1_rna
ACZ81_RS00400,0.11509043280355,862.9442520704338,0.751919719448973,0.8448807650215368,RNA,C3vsC1_rna
ACZ81_RS00405,0.2846576618754883,514.3431252969833,0.2875668347901124,0.4495886297436431,RNA,C3vsC1_rna
ACZ81_RS00420,-0.5056983820311477,82.96760438220124,0.4114030236583446,0.5727095527124492,RNA,C3vsC1_rna
ACZ81_RS00425,0.6383471482151267,235.20834326608127,0.0124775830889819,0.0444350762435393,RNA,C3vsC1_rna
ACZ81_RS00430,1.3559604904676443,885.0669744192894,0.0149032208541798,0.0511477519820099,RNA,C3vsC1_rna
ACZ81_RS00435,-0.3087311843337592,4038.217547675053,0.6107467630194174,0.7416210693807211,RNA,C3vsC1_rna
ACZ81_RS00440,0.0490909242655306,4166.891534491862,0.9243763753823188,0.9533670997516358,RNA,C3vsC1_rna
ACZ81_RS00445,-1.7959433021092504,372.3222588411072,0.0001599946287549402,0.0012273392936229,RNA,C3vsC1_rna
ACZ81_RS00450,-0.8517966995328872,135.2230638906304,0.0034975794613194,0.0161105497116113,RNA,C3vsC1_rna
ACZ81_RS00455,-0.2250191660079039,433.19632844377054,0.6130996071669148,0.743961371342158,RNA,C3vsC1_rna
ACZ81_RS00460,-0.1970259962583426,483.0030335055264,0.634753167998314,0.7610967453703634,RNA,C3vsC1_rna
ACZ81_RS00465,0.1670106750408316,287.27023141496863,0.7351638694929747,0.8334211484616599,RNA,C3vsC1_rna
ACZ81_RS00470,-0.1510453461815936,304.0521602227928,0.7450789064630321,0.8406233331635783,RNA,C3vsC1_rna
ACZ81_RS00475,-0.3135486398997053,52.14527333365326,0.4946285403606767,0.6506392471891919,RNA,C3vsC1_rna
ACZ81_RS00480,-0.6895840078289589,18.41859924430889,0.3241970466655571,0.4882426994077385,RNA,C3vsC1_rna
ACZ81_RS00485,1.033133694790839,1.519234663945611,0.6577389075503032,0.7778110275838037,RNA,C3vsC1_rna
ACZ81_RS00490,-1.3740074744052284,16.790488087703125,0.0837688935224762,0.1877546373252373,RNA,C3vsC1_rna
ACZ81_RS00495,-0.9566720986129318,81.92925587342182,0.101541869378407,0.2160052915939391,RNA,C3vsC1_rna
ACZ81_RS00500,-0.1345735016032322,221.35822335840157,0.7556597783624605,0.8463727054132305,RNA,C3vsC1_rna
ACZ81_RS00505,-0.0814938127895088,1131.741578399235,0.7214709971134491,0.8256064797982346,RNA,C3vsC1_rna
ACZ81_RS00510,-0.505107575234524,1960.8590665003237,0.014458400058881,0.049877129007937,RNA,C3vsC1_rna
ACZ81_RS00515,-0.2700220494758037,914.948277276994,0.2545352537686273,0.4147828749470889,RNA,C3vsC1_rna
ACZ81_RS00520,-0.9478839003319456,1007.313643334394,0.013015709852335,0.0458866677746645,RNA,C3vsC1_rna
ACZ81_RS00525,-1.388860295358134,393.3929157611526,0.0002155286461463323,0.0015779214020786,RNA,C3vsC1_rna
ACZ81_RS00530,0.0379202804092422,359.1632347163572,0.9030902750458862,0.9398698271035268,RNA,C3vsC1_rna
ACZ81_RS00535,-0.8765925403688689,1886.9415435254095,0.0014330595446237,0.0076761480547802,RNA,C3vsC1_rna
ACZ81_RS00540,0.4537666921786046,3013.5326890717483,0.2697533122417051,0.4316913796225453,RNA,C3vsC1_rna
ACZ81_RS00545,0.0286822788215794,1901.1196369185625,0.921893150769074,0.951700652605298,RNA,C3vsC1_rna
ACZ81_RS00550,-0.0555753715125276,526.818635330733,0.8638844524541431,0.9144875526304476,RNA,C3vsC1_rna
ACZ81_RS00555,-0.1671852816061995,846.4198085843552,0.5908595788408263,0.7238255359723343,RNA,C3vsC1_rna
ACZ81_RS00560,0.1042012437261407,323.1190459401692,0.7524078228770652,0.8448807650215368,RNA,C3vsC1_rna
ACZ81_RS00565,-0.1140182360964852,994.3850689206204,0.7780250371416694,0.8610859169689317,RNA,C3vsC1_rna
ACZ81_RS00570,-0.1487768768654744,1254.3056211372102,0.6882264085858427,0.8021331964898847,RNA,C3vsC1_rna
ACZ81_RS00575,-2.385350997293728,4391.230052207237,6.715796601213362e-10,2.384404952572391e-08,RNA,C3vsC1_rna
ACZ81_RS00580,-1.8037744376689564,3319.9077352524823,3.3749462989386424e-08,8.464765307645489e-07,RNA,C3vsC1_rna
ACZ81_RS00585,-0.8625729938077901,407.933180297431,0.0004992887472502965,0.0032165101984272,RNA,C3vsC1_rna
ACZ81_RS00590,-0.5250423440703159,631.7503368184688,0.0083681797501451,0.0321917045885873,RNA,C3vsC1_rna
ACZ81_RS00595,-0.5296704257800833,369.13198443363046,0.0375338223352316,0.104139484930117,RNA,C3vsC1_rna
ACZ81_RS00600,-0.0160537097287347,21.69905535183419,0.9813914285859124,0.9875451245263808,RNA,C3vsC1_rna
ACZ81_RS00605,0.287821483190548,61.96037289056295,0.5857534290481217,0.7198206245574579,RNA,C3vsC1_rna
ACZ81_RS00610,0.1890695597572234,280.6689887899975,0.6228178683742078,0.7516052120611468,RNA,C3vsC1_rna
ACZ81_RS00615,-0.3734279692573164,131.01300852789623,0.3156208482880672,0.4803758889725818,RNA,C3vsC1_rna
ACZ81_RS00620,-0.821175755876864,91.49178933528198,0.1072327408309983,0.2246567917566398,RNA,C3vsC1_rna
ACZ81_RS00625,0.1374567080475349,186.2169049971166,0.7440767861649317,0.8402015384446118,RNA,C3vsC1_rna
ACZ81_RS00630,-0.133489969171685,310.45498277225323,0.7538739697964609,0.8450919486332672,RNA,C3vsC1_rna
ACZ81_RS00635,0.5866751198281536,101.59205556182692,0.2596175366364144,0.4211829991853194,RNA,C3vsC1_rna
ACZ81_RS00640,1.1220959760731042,95.780669882624,0.0172453786935562,0.0572752146676719,RNA,C3vsC1_rna
ACZ81_RS00645,0.4556643314393042,78.6256623367854,0.3704324946197693,0.5330613946967412,RNA,C3vsC1_rna
ACZ81_RS00650,0.4713927304237395,210.50944234382476,0.1868004008663867,0.3362239606442097,RNA,C3vsC1_rna
ACZ81_RS00655,0.469221714453218,299.0481167512662,0.1204245042400099,0.2457492934948727,RNA,C3vsC1_rna
ACZ81_RS00660,0.3564732650224588,338.0270556344574,0.1315963578581478,0.2625383330317699,RNA,C3vsC1_rna
ACZ81_RS00665,-2.463757477424642,134.63086963215443,4.751230337428682e-07,8.9492657811098e-06,RNA,C3vsC1_rna
ACZ81_RS00670,-2.480193827589748,667.508374030011,1.1362754942017514e-07,2.4378274239237566e-06,RNA,C3vsC1_rna
ACZ81_RS00675,0.3832448110758362,123.8324715077422,0.2506896221466655,0.4115676861766523,RNA,C3vsC1_rna
ACZ81_RS00680,-1.545795907895167,727.2465686024341,3.888320018425755e-05,0.0003714271408077173,RNA,C3vsC1_rna
ACZ81_RS00685,-0.2489857113733967,40.70143695012266,0.5917658123483082,0.7244932679711359,RNA,C3vsC1_rna
ACZ81_RS00690,-0.7966088816012948,37.80687709233189,0.2349835552573975,0.3957217728605898,RNA,C3vsC1_rna
ACZ81_RS00695,2.0039717601714373,53.70187911381038,0.0065230525152655,0.0264081601324371,RNA,C3vsC1_rna
ACZ81_RS00700,0.0333940136053684,577.5202316689155,0.9049989857826416,0.9410912611501242,RNA,C3vsC1_rna
ACZ81_RS00705,0.7439345154664865,107.44342690417776,0.0327211358369222,0.0943129859685143,RNA,C3vsC1_rna
ACZ81_RS00710,-0.0395632042145126,1167.3460346594995,0.9173952637749522,0.9487319863029096,RNA,C3vsC1_rna
ACZ81_RS00715,0.5714944579611321,976.15362704979,0.0361446851691478,0.1015211449909234,RNA,C3vsC1_rna
ACZ81_RS00720,0.5554646926259619,538.6353849972538,0.1525827302962502,0.292340933117744,RNA,C3vsC1_rna
ACZ81_RS00725,1.2475519356384266,828.0304502044837,5.722776025442576e-05,0.000527810975036221,RNA,C3vsC1_rna
ACZ81_RS00730,1.0830300572547682,360.8388848978414,0.0032638946351722,0.0152975996218589,RNA,C3vsC1_rna
ACZ81_RS00735,-0.5450527000516923,107.64746866027798,0.4355358040083753,0.5955588431089305,RNA,C3vsC1_rna
ACZ81_RS00740,-2.971741800890649,37.593600050558464,1.491587312724143e-06,2.356243828976032e-05,RNA,C3vsC1_rna
ACZ81_RS00745,-2.0531420937618656,1103.595743929824,4.573663287351078e-08,1.1120931581122745e-06,RNA,C3vsC1_rna
ACZ81_RS00750,0.1734573477435292,156.5506263249851,0.7254020630663613,0.8277340947162235,RNA,C3vsC1_rna
ACZ81_RS00755,-0.9146116187783472,1744.6536093271866,0.0984790156472825,0.2115084640133284,RNA,C3vsC1_rna
ACZ81_RS00760,-1.7943627534572932,898.6195844767584,9.36051536699093e-05,0.0007891304844896772,RNA,C3vsC1_rna
ACZ81_RS00765,-0.0850248134835759,264.2425793949584,0.7668764911642915,0.8549439552802476,RNA,C3vsC1_rna
ACZ81_RS00770,1.4684131895151749,29.20332709590881,0.0243451341766682,0.0741630055556514,RNA,C3vsC1_rna
ACZ81_RS00775,-0.4766378737015402,389.9528282998672,0.0387144324543813,0.1065225693644821,RNA,C3vsC1_rna
ACZ81_RS00780,0.6023371199673054,597.1255530412118,0.0158447249339488,0.0535891926756603,RNA,C3vsC1_rna
ACZ81_RS00785,-0.1166537197578969,270.9878980637537,0.6708943737208746,0.7895653351035932,RNA,C3vsC1_rna
ACZ81_RS00790,-0.4617849254897492,972.1007906721636,0.033729689558205,0.0960422388271956,RNA,C3vsC1_rna
ACZ81_RS00795,1.3028663903811213,131.4935759736591,0.0024068303431758,0.0119359744583704,RNA,C3vsC1_rna
ACZ81_RS00800,0.7327194897886155,551.0632251001902,0.0332689498766577,0.0950657517737299,RNA,C3vsC1_rna
ACZ81_RS00805,0.4356761013990172,1565.551239802686,0.0700801293705497,0.1644219175641201,RNA,C3vsC1_rna
ACZ81_RS00810,-0.0117186767755763,940.1013192327214,0.9633460332011377,0.9779209879726488,RNA,C3vsC1_rna
ACZ81_RS00815,0.320150618941133,0.7697567338223308,0.9233822418111216,0.9525866685899256,RNA,C3vsC1_rna
ACZ81_RS00820,-0.5085624862457602,738.184372484125,0.1091205702335543,0.2278978280983968,RNA,C3vsC1_rna
ACZ81_RS00825,-1.2709032032757168,47.57560194718479,0.032355673403646,0.0936077036240041,RNA,C3vsC1_rna
ACZ81_RS00830,0.4090109628219671,132.4086351680665,0.18831471581251,0.338342427156198,RNA,C3vsC1_rna
ACZ81_RS00835,-0.0849249614741301,419.3101702225,0.6564951409644364,0.7772808023900536,RNA,C3vsC1_rna
ACZ81_RS00840,0.4681576445471099,582.815680329011,0.0468449933428379,0.121331254545814,RNA,C3vsC1_rna
ACZ81_RS00845,0.8452034612640799,1149.7947949897336,0.0006935962222556063,0.0042162243086204,RNA,C3vsC1_rna
ACZ81_RS00850,0.1030152897502309,107.27681997357038,0.7130626516077088,0.8201855958285915,RNA,C3vsC1_rna
ACZ81_RS00855,-1.45417710984387,458.941775222014,8.700635522046558e-06,0.00010807105174752566,RNA,C3vsC1_rna
ACZ81_RS00860,-0.1704817497048169,27.02717365648966,0.8380123380708814,0.8972792901895853,RNA,C3vsC1_rna
ACZ81_RS00865,-0.3587385216651443,1802.993681252128,0.3880555770611151,0.5499395885443991,RNA,C3vsC1_rna
ACZ81_RS00870,-0.3121240037721587,899.8749940704527,0.3525570800902597,0.5168090702349369,RNA,C3vsC1_rna
ACZ81_RS00875,0.1738065266497511,510.1081258504885,0.5280405198808505,0.6764043951985864,RNA,C3vsC1_rna
ACZ81_RS00880,-0.1083144956792935,350.6995120484381,0.6228624528998703,0.7516052120611468,RNA,C3vsC1_rna
ACZ81_RS00885,-0.4932062424289113,1017.605965491804,0.0423859826742379,0.1132174184347819,RNA,C3vsC1_rna
ACZ81_RS00890,0.0970044128962836,1419.9990070750127,0.8276284705303736,0.8915714323258803,RNA,C3vsC1_rna
ACZ81_RS00895,1.266612873217302,3017.481133984874,3.876524684843559e-07,7.477219728650173e-06,RNA,C3vsC1_rna
ACZ81_RS00900,0.8060233994955912,102.33410659504224,0.0055285517215743,0.0230327616894665,RNA,C3vsC1_rna
ACZ81_RS00905,1.355648334720832,229.85215259950104,5.0746463670932565e-06,6.901519059246828e-05,RNA,C3vsC1_rna
ACZ81_RS00910,-0.074669717506613,479.3985258576184,0.6602652225068786,0.779342180846601,RNA,C3vsC1_rna
ACZ81_RS00915,0.2482294576081599,255.1023648728962,0.3673492500229845,0.5298907963661282,RNA,C3vsC1_rna
ACZ81_RS00920,1.7611092299419298,9.928712518607773,0.0582939067083187,0.1427809241231837,RNA,C3vsC1_rna
ACZ81_RS00925,1.1821671133272278,46.40112740234897,0.0062019143390309,0.0253983418582567,RNA,C3vsC1_rna
ACZ81_RS00930,0.4038162844573558,290.8188936102805,0.167115828955767,0.3114113821507373,RNA,C3vsC1_rna
ACZ81_RS00935,0.113499647208323,2305.259775908215,0.5304658710543548,0.6779958823415329,RNA,C3vsC1_rna
ACZ81_RS00940,0.6429088840171964,770.0574713486878,0.0250315599815908,0.0759321930226213,RNA,C3vsC1_rna
ACZ81_RS00945,0.9333497677628438,204.55185641070472,0.0001880391776415295,0.0014127587653517,RNA,C3vsC1_rna
ACZ81_RS00950,2.738551335055075,75.12740123313573,1.8578468214904423e-05,0.00020090785573637887,RNA,C3vsC1_rna
ACZ81_RS00955,0.2527168887522916,749.6593111908493,0.1758661126132789,0.3217395548584018,RNA,C3vsC1_rna
ACZ81_RS00960,-0.5184914328764321,680.0132112302413,0.0131271172661903,0.0461982407648732,RNA,C3vsC1_rna
ACZ81_RS00965,0.4148810736778866,318.36348929548336,0.1568114509952571,0.2978602076158019,RNA,C3vsC1_rna
ACZ81_RS00970,-0.8689072349472721,334.74473016269724,0.1122670336739017,0.233098799270459,RNA,C3vsC1_rna
ACZ81_RS00975,-0.803933379251531,446.9218354187496,0.0876955365505826,0.1945987238058283,RNA,C3vsC1_rna
ACZ81_RS00980,1.0382805691437609,721.1833046116999,3.599660766040513e-06,5.085154575124838e-05,RNA,C3vsC1_rna
ACZ81_RS00985,-0.8019766437314194,7909.126845128379,0.0086726999044496,0.0329496894097082,RNA,C3vsC1_rna
ACZ81_RS00990,1.209430776901761,103.9242283299924,0.0079213666739088,0.0310356670856661,RNA,C3vsC1_rna
ACZ81_RS00995,-0.0546162785374028,167.799545195757,0.8982089888901571,0.9369772395806838,RNA,C3vsC1_rna
ACZ81_RS01000,0.0583872370315183,332.2601150188848,0.9027436479210594,0.9397528581887103,RNA,C3vsC1_rna
ACZ81_RS01005,-0.1072672478505764,265.7988818210293,0.7884717567710804,0.8671460219752123,RNA,C3vsC1_rna
ACZ81_RS01010,-1.085421538962562,3816.810347477886,0.0675656468837471,0.1606836842309387,RNA,C3vsC1_rna
ACZ81_RS01015,0.5379385703099426,908.7089390285396,0.3479323585369974,0.5130116216282372,RNA,C3vsC1_rna
ACZ81_RS01020,-1.0019663366834095,356.8326509564665,0.0042207700444351,0.0187371299802342,RNA,C3vsC1_rna
ACZ81_RS01025,-0.0328369435194854,959.6164349555896,0.9456701058785152,0.9683584647229716,RNA,C3vsC1_rna
ACZ81_RS01030,0.1059829329208975,131.18289404505003,0.7534256502232383,0.8450499604964026,RNA,C3vsC1_rna
ACZ81_RS01035,-1.8062629523960143,102.40147303814004,3.03111350810871e-06,4.3743983433568864e-05,RNA,C3vsC1_rna
ACZ81_RS01040,-1.4493708380217016,1124.160775326538,0.0004940196979504846,0.0031957471268209,RNA,C3vsC1_rna
ACZ81_RS01045,-1.032793818033855,310.85693585740034,0.0287213871571767,0.084978027488638,RNA,C3vsC1_rna
ACZ81_RS01050,-0.6502276622899774,178.09084859299898,0.1719492276884001,0.3168857609030139,RNA,C3vsC1_rna
ACZ81_RS01055,-1.32531113880768,99.9501365198749,0.0295380884935046,0.0865013219240441,RNA,C3vsC1_rna
ACZ81_RS01060,-0.6849607467509843,428.3038507549759,0.0745420740613277,0.1717714359262273,RNA,C3vsC1_rna
ACZ81_RS01065,-0.3878574754933476,170.10743172603205,0.4065681415637872,0.5679496462235077,RNA,C3vsC1_rna
ACZ81_RS01070,-0.8704762230955952,146.9469789300277,0.0153147294167421,0.052380813657263,RNA,C3vsC1_rna
ACZ81_RS01075,-0.4082833882851517,308.5145955074943,0.285454049831976,0.4471853369488042,RNA,C3vsC1_rna
ACZ81_RS01080,-0.6163923552941714,578.711899363997,0.2568576203698367,0.4175497459172548,RNA,C3vsC1_rna
ACZ81_RS01085,-1.3442880022136172,751.4665363829833,0.00018667440950675208,0.0014051364557994,RNA,C3vsC1_rna
ACZ81_RS01090,-1.190326390544954,1009.3552763996132,6.316858747627816e-05,0.000570793632781144,RNA,C3vsC1_rna
ACZ81_RS01095,-1.4221065889312232,926.6679607244336,1.3283763122949225e-05,0.00015403022441986208,RNA,C3vsC1_rna
ACZ81_RS01100,-1.41538102168143,259.4561968253279,0.0020288821759954,0.0103957538826228,RNA,C3vsC1_rna
ACZ81_RS01105,-0.3561846414751128,123.32060872142884,0.4840131221781844,0.640878101049134,RNA,C3vsC1_rna
ACZ81_RS01110,-0.7582440181268777,261.84738680025254,0.0328769212924432,0.0945535542833564,RNA,C3vsC1_rna
ACZ81_RS01115,-1.2059432401357375,130.57103054882305,0.0134039625803726,0.0468846537684874,RNA,C3vsC1_rna
ACZ81_RS01120,-0.4019097687833093,502.80173516752143,0.132313031003945,0.2638024759280626,RNA,C3vsC1_rna
ACZ81_RS01125,0.3563826036034591,2090.585971642995,0.063817246907994,0.1537746514083314,RNA,C3vsC1_rna
ACZ81_RS01130,0.7992820478432806,280.449880807231,0.0072718302152439,0.0288857255678798,RNA,C3vsC1_rna
ACZ81_RS01135,-0.3237281448855186,102.53451457068302,0.3198989339188012,0.4846262425605774,RNA,C3vsC1_rna
ACZ81_RS01140,0.5017568300536396,107.19804875888484,0.1582737381985577,0.2989342407445233,RNA,C3vsC1_rna
ACZ81_RS01145,-1.150980238864801,2468.434942180892,0.0416163595087417,0.1118317711648171,RNA,C3vsC1_rna
ACZ81_RS01150,-1.745757002330527,3621.5560842075074,1.1091170975505336e-05,0.00013282918792157438,RNA,C3vsC1_rna
ACZ81_RS01155,-1.4176232192076217,2529.680644940986,2.355444886802855e-05,0.000244819815695675,RNA,C3vsC1_rna
ACZ81_RS01160,-0.7194829363426389,3993.3305735473423,2.090231361759169e-06,3.188596282653151e-05,RNA,C3vsC1_rna
ACZ81_RS01165,0.9354806040306048,219.76204034281477,0.0005850224180424362,0.0036366365539343,RNA,C3vsC1_rna
ACZ81_RS01170,0.3422688410087939,505.3352991226943,0.147611401106717,0.2849937157074826,RNA,C3vsC1_rna
ACZ81_RS01175,0.0766988870211288,2629.375393643367,0.7084943835178932,0.8168044444464907,RNA,C3vsC1_rna
ACZ81_RS01180,-0.2095190452900473,100.69443771265782,0.6246882507908784,0.7535325502624788,RNA,C3vsC1_rna
ACZ81_RS01185,0.6333200133439911,621.3853675577591,0.074089299692865,0.1710277735142546,RNA,C3vsC1_rna
ACZ81_RS01190,-0.409112240444922,4094.735721562221,0.047606892626501,0.122828844512876,RNA,C3vsC1_rna
ACZ81_RS01195,-0.1445424843132763,1627.2989150507929,0.4923283042556757,0.6482511180419332,RNA,C3vsC1_rna
ACZ81_RS01200,0.330200506445132,809.5913761501874,0.2182730367978924,0.3751610988149655,RNA,C3vsC1_rna
ACZ81_RS01205,0.5102867734580218,440.0081000242449,0.3569277531801426,0.5213435672702867,RNA,C3vsC1_rna
ACZ81_RS01210,0.7246609867230889,884.6703727597655,0.0203384971931921,0.0651533607599074,RNA,C3vsC1_rna
ACZ81_RS01215,-0.1343365035121211,437.899495226041,0.5426710732561559,0.6868127274144156,RNA,C3vsC1_rna
ACZ81_RS01220,0.958020694179505,274.0476443001934,0.0059476420246377,0.0245999379410791,RNA,C3vsC1_rna
ACZ81_RS01225,1.087508830573458,200.89346405905243,0.0125540194963144,0.0446118035599765,RNA,C3vsC1_rna
ACZ81_RS01235,0.3244612153950451,658.4725664256796,0.1987060015710532,0.3518130972211233,RNA,C3vsC1_rna
ACZ81_RS01240,1.5077227765945516,99.5175026064648,0.0013325083121978,0.0072243558764021,RNA,C3vsC1_rna
ACZ81_RS01245,0.7798220153316313,503.2787869134482,0.0017982653984518,0.0093940635137873,RNA,C3vsC1_rna
ACZ81_RS01250,0.5479379260306662,292.81179335048466,0.0383127185056056,0.1055704853327539,RNA,C3vsC1_rna
ACZ81_RS01255,0.5242165399965489,655.2144667417633,0.1490927027252294,0.2870249152272652,RNA,C3vsC1_rna
ACZ81_RS01260,-0.1153381364992725,231.19527620025715,0.7442939080444346,0.8402102304654675,RNA,C3vsC1_rna
ACZ81_RS01265,0.5379043064577014,114.53361887656408,0.1119256311222954,0.2326888147079535,RNA,C3vsC1_rna
ACZ81_RS01280,0.127448546022076,351.3485762614596,0.6946478770013316,0.8074862722626104,RNA,C3vsC1_rna
ACZ81_RS01285,-0.318917418387682,193.11539427348688,0.4938665381507148,0.6500631729201666,RNA,C3vsC1_rna
ACZ81_RS01290,-0.0899845777932248,145.7729790834809,0.7986996191304114,0.8706591255960662,RNA,C3vsC1_rna
ACZ81_RS01295,0.274785486456089,40.20912901843799,0.6748871359555284,0.7921945243449445,RNA,C3vsC1_rna
ACZ81_RS01300,0.527186335521706,15.261711495980704,0.5688394804484862,0.7096343269774026,RNA,C3vsC1_rna
ACZ81_RS01305,-0.104804046979932,9.150220126223202,0.9159831692032092,0.947878378860788,RNA,C3vsC1_rna
ACZ81_RS01310,1.0436035475020886,32.548983292693535,0.033063788510832,0.0948527081626599,RNA,C3vsC1_rna
ACZ81_RS01315,-0.4788520083093836,10.9280254064016,0.5259390168518074,0.6747896819985454,RNA,C3vsC1_rna
ACZ81_RS01320,-0.974601639331668,94.55307866755268,0.0676066465953683,0.160685939656764,RNA,C3vsC1_rna
ACZ81_RS01325,-2.4133043260889537,293.97360452280674,4.129448158348498e-18,6.90306083803924e-16,RNA,C3vsC1_rna
ACZ81_RS01340,0.7012783263624222,29.80594956013917,0.1969951355407749,0.349400744380897,RNA,C3vsC1_rna
ACZ81_RS01350,-0.1936672522063251,107.9729760373606,0.6442923073504043,0.7677162866319638,RNA,C3vsC1_rna
ACZ81_RS01355,-0.5596203459157991,100.576127110209,0.2845539499900547,0.4461236605549432,RNA,C3vsC1_rna
ACZ81_RS01360,-1.5516057426301897,102.23398713599958,0.001656816026746,0.0087693217668931,RNA,C3vsC1_rna
ACZ81_RS01365,-1.0872506537827646,316.4581286721631,0.001550801572773,0.0082408157747887,RNA,C3vsC1_rna
ACZ81_RS01370,-1.1510879331841188,159.30740398452264,0.0388187424625336,0.1065258514088133,RNA,C3vsC1_rna
ACZ81_RS01375,-1.3269117917278888,203.76548387292823,0.0036781426909015,0.0166931091356302,RNA,C3vsC1_rna
ACZ81_RS01380,-0.8038045809732577,361.5602265405402,0.0296856448219582,0.0868095247641194,RNA,C3vsC1_rna
ACZ81_RS01385,-0.43893743239845,277.989143715666,0.3016036505762345,0.4650399101121649,RNA,C3vsC1_rna
ACZ81_RS01390,-0.0964873781145519,223.7371861596284,0.7668669889603679,0.8549439552802476,RNA,C3vsC1_rna
ACZ81_RS01405,-1.4846040624720085,4330.4130965011855,0.00010472143443002296,0.0008627153900066779,RNA,C3vsC1_rna
ACZ81_RS01410,-0.5525238514202797,787.6600711195557,0.1535488943621686,0.2932118820471302,RNA,C3vsC1_rna
ACZ81_RS01415,-0.2520032050656304,1579.5643396162532,0.5901439621144874,0.7236117286073727,RNA,C3vsC1_rna
ACZ81_RS01420,-0.1774851849476423,355.1770695842404,0.6941299840910533,0.8072027525140016,RNA,C3vsC1_rna
ACZ81_RS01430,0.0674075062826293,468.31638565345503,0.8990860571258181,0.9374046936561284,RNA,C3vsC1_rna
ACZ81_RS01435,0.1387918451733387,201.5478891675529,0.7947842214687297,0.8697075386899209,RNA,C3vsC1_rna
ACZ81_RS01440,0.4163256254488474,221.85057303654293,0.3213198643673672,0.4855500172662438,RNA,C3vsC1_rna
ACZ81_RS01445,-3.426670172781696,1767.6992643322462,1.4527829030644424e-07,3.0516047157563047e-06,RNA,C3vsC1_rna
ACZ81_RS01450,-3.2225549249498164,490.78422726967057,6.211425772478432e-06,8.19744743394193e-05,RNA,C3vsC1_rna
ACZ81_RS01455,-3.140479759215279,1309.1450642127036,8.799577280152944e-07,1.521720002067828e-05,RNA,C3vsC1_rna
ACZ81_RS01460,-2.883520090269073,123.1688092213594,3.246620328425366e-05,0.00031692069969933254,RNA,C3vsC1_rna
ACZ81_RS01465,-3.2083547407911466,1238.0563305449602,1.5340678109261723e-08,4.1585676063755436e-07,RNA,C3vsC1_rna
ACZ81_RS01475,-2.290355297480253,165.94621442754232,8.524257211637838e-06,0.0001065399374862648,RNA,C3vsC1_rna
ACZ81_RS01480,-0.8094092889670217,351.41114675107383,0.0168431626711075,0.0563592732581181,RNA,C3vsC1_rna
ACZ81_RS01485,-0.757974499695908,363.9415993234412,0.0475092412535716,0.122773620944416,RNA,C3vsC1_rna
ACZ81_RS01490,0.989617520473835,4481.4993945378,0.0305500063461012,0.0890098950330851,RNA,C3vsC1_rna
ACZ81_RS01495,0.2653725831227859,239.70636336371024,0.2794157411116531,0.4406509250550127,RNA,C3vsC1_rna
ACZ81_RS01505,-0.1927931343210525,435.46056856989287,0.5478757626096277,0.6912193583615805,RNA,C3vsC1_rna
ACZ81_RS01510,0.1646501021353164,916.1150268514142,0.5382252750874041,0.6835580258469977,RNA,C3vsC1_rna
ACZ81_RS01515,-1.20997196910595,281.44233608772515,7.706698604484386e-07,1.3620825903608528e-05,RNA,C3vsC1_rna
ACZ81_RS01520,-0.6570684113444307,162.74971345562568,0.0011829153947285,0.0065550505022802,RNA,C3vsC1_rna
ACZ81_RS01525,0.7667289623501145,96.77376957780092,0.0680301274381969,0.1610247028212662,RNA,C3vsC1_rna
ACZ81_RS01530,1.0597826711180058,169.64900147454046,0.0109140153464014,0.0397091012267356,RNA,C3vsC1_rna
ACZ81_RS01535,-0.2908873952631386,103.7680983775419,0.5341331860268275,0.68051519286746,RNA,C3vsC1_rna
ACZ81_RS01540,-0.1210609077372604,668.9049257178553,0.6036924725371742,0.734834405284934,RNA,C3vsC1_rna
ACZ81_RS01545,0.1692458781652244,34.79868391070035,0.751575330318718,0.8448807650215368,RNA,C3vsC1_rna
ACZ81_RS01550,0.6961935923615608,481.0870343965528,0.0598520894332232,0.1454431149643197,RNA,C3vsC1_rna
ACZ81_RS01555,0.4607797641914204,625.5501100683297,0.0512354294894709,0.1292808447243757,RNA,C3vsC1_rna
ACZ81_RS01560,1.5342378934261438,1422.2414880101323,3.735673331948173e-05,0.0003585531437267002,RNA,C3vsC1_rna
ACZ81_RS01565,1.3520997930895429,825.3000418538866,0.0063603368119877,0.0259589738450609,RNA,C3vsC1_rna
ACZ81_RS01570,0.7378730555983305,401.1639669936835,0.0376499871958012,0.1043281337434357,RNA,C3vsC1_rna
ACZ81_RS01575,0.8918089014046391,253.8124343972607,0.0321490244792938,0.0931277156757595,RNA,C3vsC1_rna
ACZ81_RS01580,0.1072344739088773,612.073522437001,0.725192369254533,0.8277302376811341,RNA,C3vsC1_rna
ACZ81_RS01585,-0.1109980713204635,216.09072211948208,0.8344946061142369,0.895185122922545,RNA,C3vsC1_rna
ACZ81_RS01590,0.0540422209427041,244.79531686840815,0.9072365575586192,0.9421219236869048,RNA,C3vsC1_rna
ACZ81_RS01595,-1.0892830746071342,479.3665405076229,0.0114197140402718,0.0411273722886632,RNA,C3vsC1_rna
ACZ81_RS01625,0.0653609600188497,2716.0921721899285,0.8195115450871248,0.8851481817925473,RNA,C3vsC1_rna
ACZ81_RS01630,1.0419665227835555,1247.7313622123088,0.0045105859399646,0.0197775637061617,RNA,C3vsC1_rna
ACZ81_RS01635,0.2254150459616455,56.87461021846564,0.5857414818058213,0.7198206245574579,RNA,C3vsC1_rna
ACZ81_RS01640,-1.802657707705108,33151.13741026872,8.600249648602932e-06,0.00010715590555961169,RNA,C3vsC1_rna
ACZ81_RS01645,0.6297335905474568,160.1531485224058,0.0848636727563304,0.1897843116490511,RNA,C3vsC1_rna
ACZ81_RS01650,-0.1093457758334119,1171.841020539622,0.6873799970265693,0.8015739312710899,RNA,C3vsC1_rna
ACZ81_RS01655,3.1078128760911423,7616.40639913937,1.6961814975312448e-13,1.3887918710398679e-11,RNA,C3vsC1_rna
ACZ81_RS01660,2.6166680379164675,8345.818399342766,2.09463272800559e-09,6.565364456842522e-08,RNA,C3vsC1_rna
ACZ81_RS01665,2.261266608299957,4909.1594484356165,2.675478636238469e-05,0.0002738270481782841,RNA,C3vsC1_rna
ACZ81_RS01670,1.860581153570634,2501.4370470503454,0.0018058269396644,0.0094179029977886,RNA,C3vsC1_rna
ACZ81_RS01675,1.391715035165905,7007.028118145328,0.0261086100249897,0.0784627291537519,RNA,C3vsC1_rna
ACZ81_RS01680,1.616932884069769,2186.443250884472,0.0030432792964597,0.0145007559826563,RNA,C3vsC1_rna
ACZ81_RS01685,1.6580140492561275,2571.9536587891976,0.0010771606912837,0.00608671646962,RNA,C3vsC1_rna
ACZ81_RS01690,1.2706129826439023,6033.246522986519,0.0142250983698323,0.049241669249152,RNA,C3vsC1_rna
ACZ81_RS01695,1.1752104310444131,2727.3893024886106,0.0111287399930405,0.0402601486493043,RNA,C3vsC1_rna
ACZ81_RS01700,1.1362501586602856,1134.0882446907085,0.0097525845857478,0.0363299622637142,RNA,C3vsC1_rna
ACZ81_RS01705,1.6043264358383549,1151.7284201471482,0.003591721588485,0.0163749852420475,RNA,C3vsC1_rna
ACZ81_RS01710,-0.6655216110718911,883.037461075675,0.1832265289781273,0.3320256703975822,RNA,C3vsC1_rna
ACZ81_RS01715,0.4179258276435613,248.3617153163554,0.1207835654137504,0.2462315368089261,RNA,C3vsC1_rna
ACZ81_RS01720,-0.0532640289082256,1033.449048921225,0.8369321757652173,0.8968407823637958,RNA,C3vsC1_rna
ACZ81_RS01725,-0.0997760101768337,687.6228969961016,0.7761542652250493,0.8602019094151651,RNA,C3vsC1_rna
ACZ81_RS01730,-1.5773508083482106,5949.928992700555,0.0051888134994519,0.0220058348412275,RNA,C3vsC1_rna
ACZ81_RS01735,-0.7339511064106776,516.7862591659728,0.0054898183842867,0.0228951677315576,RNA,C3vsC1_rna
ACZ81_RS01740,0.6494003115416825,1374.8108318422858,0.055622736185134,0.1378371943018887,RNA,C3vsC1_rna
ACZ81_RS01745,1.5732255764417422,0.6050845591464443,0.6578523036209898,0.7778110275838037,RNA,C3vsC1_rna
ACZ81_RS01750,1.2445012718964863,32.45870185469638,0.0954901018192652,0.2058604451901624,RNA,C3vsC1_rna
ACZ81_RS01755,3.269460692254526,48.37582125532221,6.28521431824872e-06,8.246284298872528e-05,RNA,C3vsC1_rna
ACZ81_RS01760,0.3827823767130613,147.8736431005528,0.3174099968198645,0.4821843647259736,RNA,C3vsC1_rna
ACZ81_RS01765,-0.5621690133777708,895.6429575608844,0.035226356772769,0.0994568215146723,RNA,C3vsC1_rna
ACZ81_RS01770,-0.2820393157023522,429.7579174642454,0.1849930100732707,0.3341701739819731,RNA,C3vsC1_rna
ACZ81_RS01775,-0.0224145339415234,184.2772665324139,0.9526559337315303,0.9725332331121884,RNA,C3vsC1_rna
ACZ81_RS01780,-0.0057458163758313,1010.0060537839794,0.9822650497167336,0.9881763739878474,RNA,C3vsC1_rna
ACZ81_RS01785,0.3776473307342515,839.0683563387571,0.2618158425235165,0.423379750183131,RNA,C3vsC1_rna
ACZ81_RS01790,3.767942942884047,9362.403399173028,2.3450539591346358e-11,1.2061995492369436e-09,RNA,C3vsC1_rna
ACZ81_RS01795,0.0354296959999723,358.0422045319385,0.8456952651645194,0.9030953962842831,RNA,C3vsC1_rna
ACZ81_RS01800,0.3942833672297039,159.87966441049684,0.1860343596856381,0.335900022978749,RNA,C3vsC1_rna
ACZ81_RS01805,0.2008890965223709,173.08603301989416,0.5748268353231445,0.7122313969476392,RNA,C3vsC1_rna
ACZ81_RS01810,-0.4307571553266334,347.47683510708987,0.291995385921483,0.4538882170929833,RNA,C3vsC1_rna
ACZ81_RS01815,5.315746515296258,285.7416516622142,1.5034068917230174e-05,0.00017086879460602675,RNA,C3vsC1_rna
ACZ81_RS01820,3.371581962037248,526.876657321752,4.328279663444666e-10,1.68592796211068e-08,RNA,C3vsC1_rna
ACZ81_RS01825,0.2528350856695587,668.6451996503591,0.339622424878959,0.5050278608652274,RNA,C3vsC1_rna
ACZ81_RS01830,-0.0790748257997487,553.79182048282,0.7918937712195271,0.8686344374158939,RNA,C3vsC1_rna
ACZ81_RS01835,-0.7073672842586394,177.85686669133105,0.1730016297401789,0.3183864855585311,RNA,C3vsC1_rna
ACZ81_RS01840,0.0984528257145947,908.2576481516796,0.7841009173966522,0.8651850606697934,RNA,C3vsC1_rna
ACZ81_RS01845,0.5891729719077545,831.8536560606448,0.1377947426377251,0.2713954381259465,RNA,C3vsC1_rna
ACZ81_RS01850,0.6739813128387947,206.5539752649701,0.1264145692641728,0.2557615995400209,RNA,C3vsC1_rna
ACZ81_RS01855,0.2509168889694437,370.7541682104484,0.467526860410027,0.6258651197747843,RNA,C3vsC1_rna
ACZ81_RS01860,0.3011757158205164,574.9315329515774,0.2590701350467334,0.4206351201163473,RNA,C3vsC1_rna
ACZ81_RS01865,-0.8782315679362329,1627.3052412143174,0.044116785184183,0.1169010157239546,RNA,C3vsC1_rna
ACZ81_RS01870,-0.052937974750227,591.94442651599,0.8225102480975899,0.8875500579256403,RNA,C3vsC1_rna
ACZ81_RS01875,0.9913337422236836,796.4300008189288,6.817683276012918e-06,8.655868766887287e-05,RNA,C3vsC1_rna
ACZ81_RS01880,-0.9637564881579326,1115.473825743319,0.0135251778981858,0.0471852293282796,RNA,C3vsC1_rna
ACZ81_RS01885,-0.6770799387561801,1558.9169652964931,0.0253769196195947,0.0767235881792119,RNA,C3vsC1_rna
ACZ81_RS01890,-2.703136466341421,1941.8068872303625,6.284127887600011e-08,1.4743813500029967e-06,RNA,C3vsC1_rna
ACZ81_RS01895,-3.580671404523024,6440.468253176364,8.086341383568844e-11,3.6452136663908105e-09,RNA,C3vsC1_rna
ACZ81_RS01900,-3.316763654181333,4574.694437879677,3.6247854538657706e-12,2.2034301880165864e-10,RNA,C3vsC1_rna
ACZ81_RS01905,-3.7307335517504745,16521.701466594295,3.0379377225449137e-21,7.617628839281371e-19,RNA,C3vsC1_rna
ACZ81_RS01910,-2.2154389923189624,1035.758494289728,5.473612248076644e-10,2.0146910403012383e-08,RNA,C3vsC1_rna
ACZ81_RS01915,-0.2699323762539828,48.48499991937091,0.5781961073740517,0.7150810057905966,RNA,C3vsC1_rna
ACZ81_RS01920,-0.0848507094326275,736.1759533268676,0.8626243490835177,0.9136348702542432,RNA,C3vsC1_rna
ACZ81_RS01925,-0.2161139660548746,1646.6784340822614,0.3585218475064251,0.5227629626386807,RNA,C3vsC1_rna
ACZ81_RS01930,2.1737165679235013,952.1994795381856,0.00013739284322365753,0.0010787085851532,RNA,C3vsC1_rna
ACZ81_RS01935,0.171852956246596,2748.403719276841,0.5540878480867961,0.6959926257120307,RNA,C3vsC1_rna
ACZ81_RS01940,0.3834163807376002,970.2601892624264,0.1527858492992191,0.2925903710684807,RNA,C3vsC1_rna
ACZ81_RS01945,0.3338412222014654,287.4380321098837,0.2193187245832943,0.3760285141146055,RNA,C3vsC1_rna
ACZ81_RS01950,0.2598676882248557,546.9127778751829,0.4825435153564925,0.6393542217999498,RNA,C3vsC1_rna
ACZ81_RS01955,0.4117990577862161,1430.127246916585,0.1740619212348815,0.3196047725374575,RNA,C3vsC1_rna
ACZ81_RS01960,0.8643003814678648,2850.493041062296,0.0081059111715959,0.0316155739088352,RNA,C3vsC1_rna
ACZ81_RS01965,-0.7244376263325218,618.2474052290576,0.1067414311286593,0.2240509008862889,RNA,C3vsC1_rna
ACZ81_RS01970,-0.8603553834369095,105.94979843677189,0.2065635842970586,0.361103747363747,RNA,C3vsC1_rna
ACZ81_RS01975,-0.8730816358265675,169.75578703245156,0.1961186181792949,0.3484181715394846,RNA,C3vsC1_rna
ACZ81_RS01980,-0.715245322719471,221.88267442233592,0.2195535355015411,0.3761862449849544,RNA,C3vsC1_rna
ACZ81_RS01985,-0.5552082511348693,1474.0460818023105,0.2989892493462511,0.4620742944442062,RNA,C3vsC1_rna
ACZ81_RS01990,-0.2308707860966976,819.9211878933789,0.2704919071419799,0.4325283106630624,RNA,C3vsC1_rna
ACZ81_RS01995,0.5755770842338452,1171.566065122976,0.0094589046711772,0.0356329817284161,RNA,C3vsC1_rna
ACZ81_RS02000,-0.0506981839296247,151.6526200978472,0.9701151641887747,0.9815805633272812,RNA,C3vsC1_rna
ACZ81_RS02005,0.857287707224451,447.6706350160604,0.0263307210494533,0.0788938408143442,RNA,C3vsC1_rna
ACZ81_RS02010,-2.5383776328640866,2844.49286953872,1.5942105712988667e-05,0.00017717376210667736,RNA,C3vsC1_rna
ACZ81_RS02015,-6.825841423786041,26024.486684719137,3.158992335623976e-11,1.545594786649194e-09,RNA,C3vsC1_rna
ACZ81_RS02020,-1.6646902985235852,724.0568830307803,7.401952648352859e-05,0.00064278428625956,RNA,C3vsC1_rna
ACZ81_RS02025,-0.5124420464412696,283.4612233937253,0.3019457134886116,0.4652097551905952,RNA,C3vsC1_rna
ACZ81_RS02030,-0.1648754938356686,52.401446250427774,0.7422862762582054,0.8391244126085997,RNA,C3vsC1_rna
ACZ81_RS02035,1.3308073560981757,425.2408458535771,0.0004031578229263101,0.0027276040229011,RNA,C3vsC1_rna
ACZ81_RS02040,0.6792181609965785,1248.1075671665333,0.038145155783439,0.1052533459443999,RNA,C3vsC1_rna
ACZ81_RS02045,0.1286606266683466,1353.2620245407325,0.726988222229785,0.8288368137498997,RNA,C3vsC1_rna
ACZ81_RS02050,0.2436497659642221,659.1953915880817,0.5062721912026078,0.6590408926362304,RNA,C3vsC1_rna
ACZ81_RS02055,0.5945499597515417,433.2928529152035,0.1313867176717652,0.2622505031338916,RNA,C3vsC1_rna
ACZ81_RS02060,-0.1983377157794418,478.3281261981236,0.7166838052040571,0.8226996928408231,RNA,C3vsC1_rna
ACZ81_RS02065,-0.2954280956181535,467.83325913315866,0.4665739297447889,0.6252152993106523,RNA,C3vsC1_rna
ACZ81_RS02070,-0.6888681299656164,101.05639332968887,0.1061955799164596,0.223183167430506,RNA,C3vsC1_rna
ACZ81_RS02075,1.197005144498975,9.774822937248556,0.2751908714416045,0.4367348798353311,RNA,C3vsC1_rna
ACZ81_RS02080,-0.6039536471625767,21.496390987541552,0.329640129197678,0.4943985788190969,RNA,C3vsC1_rna
ACZ81_RS02085,-0.6856735718303092,459.4615677031186,0.0169442497259835,0.0565560148923842,RNA,C3vsC1_rna
ACZ81_RS02090,-0.2409745320762234,225.4530621007903,0.4677554766897458,0.6259622990257706,RNA,C3vsC1_rna
ACZ81_RS02095,-0.0635776995541227,174.50131714515192,0.8246424526826417,0.8893724516566556,RNA,C3vsC1_rna
ACZ81_RS02100,0.302481484550384,404.6392460673416,0.1341309062376778,0.2665345199730379,RNA,C3vsC1_rna
ACZ81_RS02105,-0.230198978473531,355.6856634907772,0.3207419023276973,0.4848592736016283,RNA,C3vsC1_rna
ACZ81_RS02110,-0.834671827102744,30.74470591175779,0.2024345573957958,0.3560948747210527,RNA,C3vsC1_rna
ACZ81_RS02115,-0.1240930509083943,93.23382916330044,0.7152438789135575,0.8215168743776675,RNA,C3vsC1_rna
ACZ81_RS02120,0.4170659161812981,17.5822271592751,0.5214122018008913,0.6711533223407844,RNA,C3vsC1_rna
ACZ81_RS02130,0.1747953831871731,575.3373019722079,0.734719976825436,0.8333889021836723,RNA,C3vsC1_rna
ACZ81_RS02135,1.1773459417830583,857.1086142453969,0.0163200275221116,0.0549756090837213,RNA,C3vsC1_rna
ACZ81_RS02140,1.147800645329138,1304.5070689103902,0.0176115875619173,0.0582984235135414,RNA,C3vsC1_rna
ACZ81_RS02145,1.2720507416427194,865.695714888415,0.0031381958753955,0.0148174988317423,RNA,C3vsC1_rna
ACZ81_RS02150,1.9413814884129768,641.0866265016799,1.5177535680624648e-05,0.00017201207104707936,RNA,C3vsC1_rna
ACZ81_RS02155,0.1441769795747917,509.8070302030978,0.5795608556099183,0.7159616071004674,RNA,C3vsC1_rna
ACZ81_RS02160,0.9738928492750992,108.7927786764634,0.0567549334805859,0.1400359578785173,RNA,C3vsC1_rna
ACZ81_RS02165,-0.5747666721210809,2389.0270121942926,0.2475257712065192,0.4096837434325723,RNA,C3vsC1_rna
ACZ81_RS02170,0.0951530000522806,189.0748758383023,0.7170119367822771,0.822707427122267,RNA,C3vsC1_rna
ACZ81_RS02175,-0.1183646219185486,185.3693524326774,0.769707149902205,0.8557853841619152,RNA,C3vsC1_rna
ACZ81_RS02180,0.1393543321650788,1028.3165093978391,0.5715384680682861,0.7110115763999889,RNA,C3vsC1_rna
ACZ81_RS02185,-0.0510262942710638,1667.7281111565983,0.7860017260555039,0.8663293749820554,RNA,C3vsC1_rna
ACZ81_RS02190,0.2286286702501719,1121.4700381129023,0.5751858269427319,0.7124561709460452,RNA,C3vsC1_rna
ACZ81_RS02205,0.9389183906490066,1154.6966843904852,0.006994369391081,0.0279218009920568,RNA,C3vsC1_rna
ACZ81_RS02215,-0.3357953139772187,519.900256721826,0.5093726814626862,0.6616440060565829,RNA,C3vsC1_rna
ACZ81_RS02220,0.8613623720805478,653.0388707353229,0.0518030093633735,0.1303849896899965,RNA,C3vsC1_rna
ACZ81_RS02225,0.0209288703204748,2244.4802091028128,0.9640272949730374,0.9779209879726488,RNA,C3vsC1_rna
ACZ81_RS02230,0.1690798652201341,289.3266381123664,0.7393762114793436,0.8365418388198328,RNA,C3vsC1_rna
ACZ81_RS02235,-1.1627449572847257,243.10537894684757,0.00012251036532492753,0.0009882588689544825,RNA,C3vsC1_rna
ACZ81_RS02240,0.9426309173133148,798.2863133721931,0.0727695826246604,0.1685632595208648,RNA,C3vsC1_rna
ACZ81_RS02245,0.8647598920547062,577.6772452591233,0.0394821707394733,0.10783013547091,RNA,C3vsC1_rna
ACZ81_RS02250,0.701664564458271,284.629510696806,0.0038965387702937,0.0176443719485536,RNA,C3vsC1_rna
ACZ81_RS02255,-0.8690737410848606,1780.5917156457188,0.0890021595853233,0.1964118065216265,RNA,C3vsC1_rna
ACZ81_RS02260,-0.7822824935220758,607.6440001865311,0.0820562039033301,0.1847415769136703,RNA,C3vsC1_rna
ACZ81_RS02265,-0.6930220175599512,458.8607929133669,0.0619171070900875,0.1497356441503504,RNA,C3vsC1_rna
ACZ81_RS02270,0.7186075231821151,507.7314783680178,0.0289048800217358,0.0853321402849185,RNA,C3vsC1_rna
ACZ81_RS02275,0.4632066440522895,616.9934546167515,0.0834271275417332,0.1871977828285425,RNA,C3vsC1_rna
ACZ81_RS02280,0.086938368109899,1810.1653260284636,0.7887399074357988,0.8672032087236023,RNA,C3vsC1_rna
ACZ81_RS02285,0.7502226241424875,1763.668144447959,0.0559859856080735,0.1384807486187368,RNA,C3vsC1_rna
ACZ81_RS02290,0.889604364696191,2329.703903549963,0.0028237517471496,0.0136492674814029,RNA,C3vsC1_rna
ACZ81_RS02295,0.6761968065720032,837.3303889928585,0.0109908580023835,0.0399052690548081,RNA,C3vsC1_rna
ACZ81_RS02300,0.2864894305204578,309.87927909763374,0.1836986856645629,0.3327309827928787,RNA,C3vsC1_rna
ACZ81_RS02305,-1.913235166993722,7176.564113441123,7.047705722851108e-05,0.0006160216854047636,RNA,C3vsC1_rna
ACZ81_RS02310,0.7928781604256594,820.6230490937387,0.0235650758616518,0.0727814352247477,RNA,C3vsC1_rna
ACZ81_RS02315,0.7085543408561958,1596.9986193912114,0.0888372493558999,0.1962637909779022,RNA,C3vsC1_rna
ACZ81_RS02325,0.2359192581621463,524.6689977959983,0.2408504928440553,0.4016176962969036,RNA,C3vsC1_rna
ACZ81_RS02330,-2.8458005178848698,30211.04482952921,1.957336307928606e-06,3.020320487465218e-05,RNA,C3vsC1_rna
ACZ81_RS02335,-0.2022661941463505,1579.0941373510225,0.5713897511930712,0.7110115763999889,RNA,C3vsC1_rna
ACZ81_RS02340,0.0483791639535645,778.9245156294477,0.8924179709254404,0.9321481123022304,RNA,C3vsC1_rna
ACZ81_RS02345,-1.207469804447327,491.0677693381744,7.132666631385574e-08,1.6541189898912673e-06,RNA,C3vsC1_rna
ACZ81_RS02350,0.4393742882557566,500.9973556270502,0.1149470340826081,0.2361328728824494,RNA,C3vsC1_rna
ACZ81_RS02355,-0.5478592434851455,2612.653882570605,0.2437635880761957,0.4049604618474937,RNA,C3vsC1_rna
ACZ81_RS02360,0.2071113953181108,1720.933665845779,0.2963095976268998,0.4597038305023673,RNA,C3vsC1_rna
ACZ81_RS02365,-0.3226952885706585,63.72882175696445,0.5815580327828566,0.7163680772259197,RNA,C3vsC1_rna
ACZ81_RS02370,1.7457195684398037,3890.151792394178,2.27087720813778e-06,3.425097503401795e-05,RNA,C3vsC1_rna
ACZ81_RS02375,0.2337513306082726,2447.127998541515,0.3854018633718628,0.5481149506727805,RNA,C3vsC1_rna
ACZ81_RS02380,0.3363368538990889,794.1844859891248,0.070243399487283,0.1646557185945156,RNA,C3vsC1_rna
ACZ81_RS02385,-0.9388214353372556,60.644059316944336,0.1301635485616347,0.2605508580171113,RNA,C3vsC1_rna
ACZ81_RS02390,-0.6439074513256733,134.14196329420628,0.0977234484446061,0.2099981120298659,RNA,C3vsC1_rna
ACZ81_RS02395,0.1959107147154183,420.6940331831999,0.5756587697993143,0.7126019698965903,RNA,C3vsC1_rna
ACZ81_RS02400,0.4788811869336906,422.5549505501763,0.1128472649029564,0.233493154610965,RNA,C3vsC1_rna
ACZ81_RS02405,-0.1838682932889561,171.74940112710263,0.5313052548846511,0.678020692276295,RNA,C3vsC1_rna
ACZ81_RS02410,-0.5090744654145352,66.49839020136231,0.1399404438816406,0.2745433060406562,RNA,C3vsC1_rna
ACZ81_RS02415,0.308467657855707,74.41480038870766,0.3696616409698833,0.5321429865702088,RNA,C3vsC1_rna
ACZ81_RS02420,1.7222648680240178,136.38781020536408,1.043693918223618e-08,2.887793103388383e-07,RNA,C3vsC1_rna
ACZ81_RS02425,-0.0203055647020037,837.8248300050772,0.9099538624228114,0.9438301179008064,RNA,C3vsC1_rna
ACZ81_RS02430,-0.1544760158863574,174.8964167521322,0.8126967152607945,0.8812331293550162,RNA,C3vsC1_rna
ACZ81_RS02435,-0.5253333682452906,211.0150817432326,0.1404620822543751,0.2750287330427295,RNA,C3vsC1_rna
ACZ81_RS02440,-2.099117827782294,238.28328896619635,7.09406302459638e-11,3.234247824395532e-09,RNA,C3vsC1_rna
ACZ81_RS02450,0.4267383719520787,626.8696338436433,0.3473930052117977,0.5127817280756927,RNA,C3vsC1_rna
ACZ81_RS02455,0.2487001483080601,512.3180567827804,0.4726437310796773,0.6306107911844581,RNA,C3vsC1_rna
ACZ81_RS02460,-0.2995780882894804,563.9144795860955,0.3670578928396812,0.5297252755657558,RNA,C3vsC1_rna
ACZ81_RS02465,-0.8136464143793958,163.1411462837099,0.0020848311504041,0.0106011946456544,RNA,C3vsC1_rna
ACZ81_RS02470,-1.8458638848666395,814.782895017107,6.501489708545721e-05,0.0005819362918969042,RNA,C3vsC1_rna
ACZ81_RS02475,-0.4427191750903698,4582.660800004723,0.3907190694652056,0.5522246560445413,RNA,C3vsC1_rna
ACZ81_RS02480,-1.0245739187481764,259.95492945463207,0.0060141249927652,0.0248237340236361,RNA,C3vsC1_rna
ACZ81_RS02485,-0.346424582569703,191.80052182572763,0.2104796522231733,0.3658364359478691,RNA,C3vsC1_rna
ACZ81_RS02490,-0.2014353895933369,119.1312341612481,0.677026774844589,0.7942197136480967,RNA,C3vsC1_rna
ACZ81_RS02495,-0.078047247837414,344.4167212597736,0.8188194743215313,0.8849989803756365,RNA,C3vsC1_rna
ACZ81_RS02500,-0.3457685432308095,344.1556117569424,0.1647729357990763,0.307760250663824,RNA,C3vsC1_rna
ACZ81_RS02505,-0.1977671126229579,469.2244842212807,0.5646024286537982,0.7045676341396697,RNA,C3vsC1_rna
ACZ81_RS02510,-0.0493468408246693,180.5138562375746,0.8733471312136938,0.9217411174923404,RNA,C3vsC1_rna
ACZ81_RS02515,-0.731780673852203,57.884432565632025,0.0311447188326806,0.090479805906383,RNA,C3vsC1_rna
ACZ81_RS02520,-0.5293966487410133,90.9104737957914,0.0942714363206594,0.2038905673954101,RNA,C3vsC1_rna
ACZ81_RS02525,-0.3083229502951026,122.74458139705072,0.5443661150954491,0.6883066037702307,RNA,C3vsC1_rna
ACZ81_RS02535,0.3056150500754905,914.2249561590072,0.4660298399547232,0.624903649030197,RNA,C3vsC1_rna
ACZ81_RS02540,-0.5161051296258883,108.2969642805588,0.1634714825975707,0.3056139739894938,RNA,C3vsC1_rna
ACZ81_RS02545,-0.2642809949126808,119.7520939312904,0.3632807500014241,0.5265470986292318,RNA,C3vsC1_rna
ACZ81_RS02550,-0.3780259164906708,270.8137408787323,0.1270909676580051,0.2565074973253394,RNA,C3vsC1_rna
ACZ81_RS02555,-0.3783409322895378,292.5704964097481,0.1685525104398968,0.313360830345165,RNA,C3vsC1_rna
ACZ81_RS02560,0.2906617564809948,28.77482627492021,0.5951546989271552,0.727753932366884,RNA,C3vsC1_rna
ACZ81_RS02565,-0.5114440958613534,128.85634782200282,0.0939436881359282,0.203401012844762,RNA,C3vsC1_rna
ACZ81_RS02580,0.2622091583593822,49.85051043603911,0.5166196875415943,0.6667758262580767,RNA,C3vsC1_rna
ACZ81_RS02585,-0.7978662966494396,43.56488534230278,0.182374334165672,0.3309298184860588,RNA,C3vsC1_rna
ACZ81_RS02590,-1.5507143693658385,233.28083353608253,7.192847332381995e-06,9.046302036839048e-05,RNA,C3vsC1_rna
ACZ81_RS02610,-0.1114925413142514,112.98177704732016,0.6984918705812345,0.80971102665609,RNA,C3vsC1_rna
ACZ81_RS02615,0.1591134401436009,135.45594871120502,0.5354344864426202,0.6817401331665478,RNA,C3vsC1_rna
ACZ81_RS02620,0.5749131503800814,58.13231510836073,0.1765106105446975,0.322330709834013,RNA,C3vsC1_rna
ACZ81_RS02625,0.2131286155679844,177.96676267175974,0.4167435285763926,0.5769410064349506,RNA,C3vsC1_rna
ACZ81_RS02635,-0.0351904987787719,164.89494969206197,0.9406537855868008,0.964945790788608,RNA,C3vsC1_rna
ACZ81_RS02640,-1.0164857091830646,21.0252043291539,0.175115510623709,0.3213079791409324,RNA,C3vsC1_rna
ACZ81_RS02645,-0.0630116617183846,4843.071903483577,0.8748498195827885,0.9219588852550952,RNA,C3vsC1_rna
ACZ81_RS02650,-0.3903679710669984,12895.047986998788,0.5133110785659742,0.6642437450568284,RNA,C3vsC1_rna
ACZ81_RS02655,-0.5285802909948598,4181.034651814151,0.0235923444343673,0.0728086037022019,RNA,C3vsC1_rna
ACZ81_RS02660,-0.1769251200943829,2581.7951815089414,0.2906743569231099,0.4523202262384552,RNA,C3vsC1_rna
ACZ81_RS02665,0.7825610115521112,210.96114493997848,0.0708289342582869,0.1655012721282743,RNA,C3vsC1_rna
ACZ81_RS02670,0.414428517352142,1060.3606073110875,0.2195982516836399,0.3761862449849544,RNA,C3vsC1_rna
ACZ81_RS02675,1.49429304938481,8624.187058431135,0.00014427626189418422,0.0011239541023678,RNA,C3vsC1_rna
ACZ81_RS02680,1.3452657382338364,6636.3030234914495,0.0005003977560337054,0.0032173009570628,RNA,C3vsC1_rna
ACZ81_RS02685,-1.1314302945854493,5498.099413224773,0.0012756862783012,0.0069728247255378,RNA,C3vsC1_rna
ACZ81_RS02690,0.3736017751783287,185.87477473788323,0.5070453453324417,0.6598332551001479,RNA,C3vsC1_rna
ACZ81_RS02695,-0.3002685939315693,418.18290225894816,0.7265032538234422,0.8285193446104747,RNA,C3vsC1_rna
ACZ81_RS02700,-1.274747676039786,320.3865354531412,0.1422582062199671,0.2776682012455691,RNA,C3vsC1_rna
ACZ81_RS02705,-1.2700304482136435,429.7295937501454,0.0913118251680969,0.1998325790986448,RNA,C3vsC1_rna
ACZ81_RS02710,1.763526843898786,204.2703443025568,1.5460889438655788e-05,0.00017375094797727455,RNA,C3vsC1_rna
ACZ81_RS02715,-2.354407512987365,37404.25005135247,1.131686312938034e-05,0.00013432915643512994,RNA,C3vsC1_rna
ACZ81_RS02720,-1.143632623638377,7361.565661563068,0.0107905798992527,0.039437107892854,RNA,C3vsC1_rna
ACZ81_RS02725,0.0995979809882066,132.59092378469344,0.7692653677936941,0.8556397714411702,RNA,C3vsC1_rna
ACZ81_RS02730,0.6316132508041248,726.7199985561618,0.001182864427801,0.0065550505022802,RNA,C3vsC1_rna
ACZ81_RS02735,0.7471554050823211,285.9468295531703,0.0260546960678938,0.0783614893432847,RNA,C3vsC1_rna
ACZ81_RS02740,0.8833800439442803,111.01552648804098,0.0461982887628784,0.1204337456248658,RNA,C3vsC1_rna
ACZ81_RS02745,0.4751664811504709,219.28538064734977,0.3907332507974568,0.5522246560445413,RNA,C3vsC1_rna
ACZ81_RS02750,0.5201139897308207,165.2792090286131,0.1758171461664038,0.3217395548584018,RNA,C3vsC1_rna
ACZ81_RS02755,-0.222536834427251,1253.1468155252246,0.3217637774473835,0.4857452967902553,RNA,C3vsC1_rna
ACZ81_RS02760,-1.372344149314942,2463.514953949189,2.6415502627767746e-05,0.00027104602696318206,RNA,C3vsC1_rna
ACZ81_RS02765,0.0331464065517534,13.212338441184658,0.9537427000994984,0.9730410128536208,RNA,C3vsC1_rna
ACZ81_RS02770,-1.2882545141702135,116.88218027708665,0.0005458493308109478,0.0034433137031659,RNA,C3vsC1_rna
ACZ81_RS02780,-1.1593474263294836,10909.485432287702,4.047106626492069e-05,0.0003838532336994369,RNA,C3vsC1_rna
ACZ81_RS02785,1.1892475191471727,1179.9143713907608,6.849921349809047e-05,0.0006013541456331269,RNA,C3vsC1_rna
ACZ81_RS02790,0.4893417320257995,824.6482986092058,0.0728857049931494,0.1687348231001243,RNA,C3vsC1_rna
ACZ81_RS02795,0.4525972422039369,195.25932467213607,0.2119567324719666,0.3678072710542951,RNA,C3vsC1_rna
ACZ81_RS02800,0.3083063025738475,219.042326912685,0.2436773050215017,0.4049604618474937,RNA,C3vsC1_rna
ACZ81_RS02805,0.3905488937290167,3306.437919420704,0.3082562353940324,0.4723926724220238,RNA,C3vsC1_rna
ACZ81_RS02810,0.5735297845179403,1731.4091035136903,0.0382442301152163,0.1054541932798955,RNA,C3vsC1_rna
ACZ81_RS02815,0.8428826772359742,245.830817238898,0.0014941790371662,0.0079716041184984,RNA,C3vsC1_rna
ACZ81_RS02820,0.9491950341079988,298.51616626711547,0.0002305880834538976,0.0016820352560309,RNA,C3vsC1_rna
ACZ81_RS02825,1.0420103250185069,820.1964843789913,0.0005264978340461807,0.0033582024009432,RNA,C3vsC1_rna
ACZ81_RS02830,0.9326834623821496,218.18985499032848,0.0083074945061428,0.0320477576525434,RNA,C3vsC1_rna
ACZ81_RS02835,1.142934881902398,116.64050966775469,0.0100275346853462,0.037215975168926,RNA,C3vsC1_rna
ACZ81_RS02840,-0.3877366836118889,1136.400210906109,0.2457199330254003,0.4076012175566263,RNA,C3vsC1_rna
ACZ81_RS02845,-1.1226331986407714,441.2015245381412,0.0018849701751292,0.0097706722772848,RNA,C3vsC1_rna
ACZ81_RS02850,-0.2564743074019441,1443.995514038883,0.6335869558621647,0.7606076801074222,RNA,C3vsC1_rna
ACZ81_RS02855,-4.174564557973601,850.8938573940624,1.783090885773047e-28,7.948622926357183e-26,RNA,C3vsC1_rna
ACZ81_RS02860,0.6164269309173602,58.23546009281663,0.360644171969592,0.5245930813533088,RNA,C3vsC1_rna
ACZ81_RS02865,0.0828852392876339,1028.2823713828,0.8466179604308699,0.9035996959959164,RNA,C3vsC1_rna
ACZ81_RS02870,0.1009554364886675,161.01429652933157,0.7363210789033264,0.8342615556509871,RNA,C3vsC1_rna
ACZ81_RS02875,1.8333816600141903,138.15339811721472,1.7483142116513816e-09,5.6566424331817284e-08,RNA,C3vsC1_rna
ACZ81_RS02880,0.1552707447135506,1145.5868421546502,0.6525777701470091,0.7734540661240179,RNA,C3vsC1_rna
ACZ81_RS02885,-0.6493101217090583,233.2639674449164,0.0182532071957032,0.0600250014946688,RNA,C3vsC1_rna
ACZ81_RS02890,0.0935100915651042,39.83917011049265,0.8602640187936141,0.9124293526484122,RNA,C3vsC1_rna
ACZ81_RS02895,-0.2710287885215724,157.7173259731351,0.3321066369928807,0.4969831509195962,RNA,C3vsC1_rna
ACZ81_RS02905,-1.6080934520013512,949.7272701436508,1.3930961885166577e-06,2.2446192402927037e-05,RNA,C3vsC1_rna
ACZ81_RS02910,0.5386309476213634,393.31765066669976,0.0996965549496585,0.2126435823806644,RNA,C3vsC1_rna
ACZ81_RS02915,-0.1074561389053215,5846.54858111759,0.7529518214635994,0.8449909671921568,RNA,C3vsC1_rna
ACZ81_RS02920,-0.057673069705205,1829.7361348458687,0.7297285584633375,0.8298387121754279,RNA,C3vsC1_rna
ACZ81_RS02930,0.0985933285599276,80.4170886500209,0.8332729151437093,0.8943528452532268,RNA,C3vsC1_rna
ACZ81_RS02935,1.9367708908691037,4336.002791670161,5.718485513411861e-14,5.098347528846308e-12,RNA,C3vsC1_rna
ACZ81_RS02940,0.1923864765567291,249.79431485039527,0.4391294919818915,0.5988400821996427,RNA,C3vsC1_rna
ACZ81_RS02945,-0.4255877657032832,267.8249626433046,0.1772331930745351,0.3233558756775966,RNA,C3vsC1_rna
ACZ81_RS02950,0.018042025025719,248.3712147102337,0.958368647534752,0.9756343602916582,RNA,C3vsC1_rna
ACZ81_RS02955,-0.3384806029627704,75.15972026700894,0.3505152325486431,0.5148279918835199,RNA,C3vsC1_rna
ACZ81_RS02960,0.612370320272433,1013.7509819316696,0.0250394544787956,0.0759321930226213,RNA,C3vsC1_rna
ACZ81_RS02970,0.3563791989569717,446.08873715591005,0.2311591635434344,0.3906531441180534,RNA,C3vsC1_rna
ACZ81_RS02975,0.3109174577075203,134.02522197039258,0.4813992721603773,0.6382839075267525,RNA,C3vsC1_rna
ACZ81_RS02980,0.2400282992464723,704.9235361787906,0.4901048441810581,0.6459594726854158,RNA,C3vsC1_rna
ACZ81_RS02985,0.0651611259209907,369.9079587237715,0.7767575503749862,0.8604797349224792,RNA,C3vsC1_rna
ACZ81_RS02990,0.8549441293677496,159.55114397887667,0.0237819990922941,0.0731137014239726,RNA,C3vsC1_rna
ACZ81_RS02995,0.6468106753403704,166.56355572563976,0.0582712519716092,0.1427809241231837,RNA,C3vsC1_rna
ACZ81_RS03000,-0.0107297360358862,441.3088000463068,0.9631117634892954,0.9779209879726488,RNA,C3vsC1_rna
ACZ81_RS03005,-1.1375252787806052,162.89644693624558,0.00024310350010300623,0.0017605257083271,RNA,C3vsC1_rna
ACZ81_RS03010,0.2104479743820969,326.0451310921832,0.3969310616948393,0.557576186587162,RNA,C3vsC1_rna
ACZ81_RS03015,-0.2122200633423361,591.9404206368907,0.4779077116651988,0.6350345295010645,RNA,C3vsC1_rna
ACZ81_RS03020,1.7668700728796969,261.8668631943917,2.020896076714181e-05,0.00021563391116428976,RNA,C3vsC1_rna
ACZ81_RS03025,-4.132662942893945,8136.44604290953,2.001520180886086e-11,1.0428699955473996e-09,RNA,C3vsC1_rna
ACZ81_RS03030,-0.1722783679340082,490.3468894617749,0.64276918149135,0.7668123568668737,RNA,C3vsC1_rna
ACZ81_RS03035,-0.0917378977380925,2889.758560441578,0.7913657631551695,0.8684243549722485,RNA,C3vsC1_rna
ACZ81_RS03040,-0.5226941926256271,377.7166963023065,0.1779515378880763,0.324371453887761,RNA,C3vsC1_rna
ACZ81_RS03045,-1.4335975284046427,4468.9942760009135,1.5692397877045491e-10,6.769666697065216e-09,RNA,C3vsC1_rna
ACZ81_RS03050,0.3915300683378375,204.10980942899133,0.1678404509313281,0.3126164759222323,RNA,C3vsC1_rna
ACZ81_RS03055,-0.5816746527527712,162.59815557434666,0.0987629772407578,0.2116650986591455,RNA,C3vsC1_rna
ACZ81_RS03060,0.4812151527275752,151.53587359902943,0.1286006239888288,0.2581019026729272,RNA,C3vsC1_rna
ACZ81_RS03065,-0.5209448099050276,572.7775064115228,0.206281157184958,0.3607672199764827,RNA,C3vsC1_rna
ACZ81_RS03070,-0.6137134867014797,773.8887876559737,0.0586521109218269,0.1432817689345346,RNA,C3vsC1_rna
ACZ81_RS03075,-0.1704801567418485,122.70202112508132,0.7097633691785912,0.8177974259461539,RNA,C3vsC1_rna
ACZ81_RS03080,0.1224665444478805,273.4896957016963,0.7200471865335212,0.8250461304331234,RNA,C3vsC1_rna
ACZ81_RS03085,-0.2429023996050349,368.1585276362955,0.3684366997000867,0.530951163504579,RNA,C3vsC1_rna
ACZ81_RS03090,-0.3406989937475995,109.19317661948472,0.3098842156058389,0.4743439423924555,RNA,C3vsC1_rna
ACZ81_RS03095,3.0943876426707555,144.01717502716133,5.572040783640642e-09,1.6199295379685694e-07,RNA,C3vsC1_rna
ACZ81_RS03100,0.2736803457227293,130.99833810331293,0.4540757806309132,0.6140047293195902,RNA,C3vsC1_rna
ACZ81_RS03105,1.1035754438712613,1484.0084960586837,0.0010234256620411,0.0058240904341974,RNA,C3vsC1_rna
ACZ81_RS03110,1.664523642540623,414.7962835782666,0.0062428111607159,0.0255052529295237,RNA,C3vsC1_rna
ACZ81_RS03115,0.2318805522728753,41.02885313869543,0.8057139254877284,0.8757854968996929,RNA,C3vsC1_rna
ACZ81_RS03120,1.407128208839305,686.4991240816737,0.0422592074391718,0.113029293497305,RNA,C3vsC1_rna
ACZ81_RS03125,0.937331706012647,53.64896983009309,0.1706402001360467,0.3156332332622497,RNA,C3vsC1_rna
ACZ81_RS03130,0.6235182673189724,531.7145151338549,0.0005390853644500089,0.0034167622151239,RNA,C3vsC1_rna
ACZ81_RS03135,-1.3663727781029364,633.0446405524974,0.0001413781353471275,0.0011056707193229,RNA,C3vsC1_rna
ACZ81_RS03140,-1.3907332380125614,807.9365086882501,6.204020147483501e-05,0.0005618629533115983,RNA,C3vsC1_rna
ACZ81_RS03145,-0.3564283960717957,1601.5623154581654,0.1944142490620641,0.3474342838472167,RNA,C3vsC1_rna
ACZ81_RS03150,1.1291565167194355,152.86134403326108,0.1943059770711923,0.3473955347636468,RNA,C3vsC1_rna
ACZ81_RS03155,-0.0833823125009951,52.8118213638186,0.934092278868812,0.9604249674068872,RNA,C3vsC1_rna
ACZ81_RS03160,0.8193283971032463,77.8572171565103,0.3317283194213293,0.4966022453426766,RNA,C3vsC1_rna
ACZ81_RS03165,0.4789082781348762,128.16265847813494,0.4600252166465914,0.6191282016726348,RNA,C3vsC1_rna
ACZ81_RS03170,0.4585100630578533,159.91494839168118,0.1161967570170881,0.2383776490154675,RNA,C3vsC1_rna
ACZ81_RS03175,-0.3299501367509855,1789.008178178055,0.1203828626582732,0.2457492934948727,RNA,C3vsC1_rna
ACZ81_RS03180,0.1653800838147933,1071.690425815295,0.6145983413705881,0.744589980301062,RNA,C3vsC1_rna
ACZ81_RS03185,0.7135789765858526,162.97510176045583,0.188861398840665,0.3390209987242721,RNA,C3vsC1_rna
ACZ81_RS03190,-0.1401828147070779,855.1421752219179,0.4865308220345872,0.6430449312188463,RNA,C3vsC1_rna
ACZ81_RS03195,-1.0666713508061103,1454.6076537173178,0.0013283600676381,0.0072116110843901,RNA,C3vsC1_rna
ACZ81_RS03200,-2.45816813216858,91609.2449735905,6.180503708267552e-05,0.000560999567365824,RNA,C3vsC1_rna
ACZ81_RS03205,-1.5354471334747282,4218.141195354844,0.00012532055740839375,0.0010055721526449,RNA,C3vsC1_rna
ACZ81_RS03210,-0.157660815238409,493.9590652573486,0.505076572570859,0.6581251085268874,RNA,C3vsC1_rna
ACZ81_RS03215,-0.3114309083997531,193.466398776135,0.2054837498934114,0.3602426745248859,RNA,C3vsC1_rna
ACZ81_RS03220,0.3987685306869058,689.627116389094,0.2009207447992592,0.3546388157213498,RNA,C3vsC1_rna
ACZ81_RS03225,0.4437950013533643,484.0882278592145,0.1567411201853366,0.2978602076158019,RNA,C3vsC1_rna
ACZ81_RS03230,-0.4317262004521184,50.99005833671315,0.2329083312894474,0.3931124211751212,RNA,C3vsC1_rna
ACZ81_RS03235,1.6001085174398488,211.81733498558756,1.405182091107795e-10,6.127815814700516e-09,RNA,C3vsC1_rna
ACZ81_RS03240,1.3159458219046445,319.507772057835,1.057639031278338e-07,2.3187146412506514e-06,RNA,C3vsC1_rna
ACZ81_RS03245,-0.3794780920256079,2052.697750316102,0.470918570542938,0.6293555313185434,RNA,C3vsC1_rna
ACZ81_RS03250,-0.4552133780717588,2969.85669964766,0.3989652003353658,0.56005891663593,RNA,C3vsC1_rna
ACZ81_RS03255,-0.8999864169288158,1643.0226811455427,0.0108029365838102,0.039437107892854,RNA,C3vsC1_rna
ACZ81_RS03260,-0.1750118723397599,13180.981750877972,0.4814175234735676,0.6382839075267525,RNA,C3vsC1_rna
ACZ81_RS03265,0.4165184050561116,795.4286171260484,0.0777625585267024,0.1767611245377507,RNA,C3vsC1_rna
ACZ81_RS03270,1.3346183109570795,353.43215527534426,4.614246310118614e-05,0.0004345623520233775,RNA,C3vsC1_rna
ACZ81_RS03275,1.7451016328253706,6252.258157204881,0.0019193360611848,0.0099231653060228,RNA,C3vsC1_rna
ACZ81_RS03280,0.604065127472927,966.36134557199,0.0137001398230255,0.0477126397308842,RNA,C3vsC1_rna
ACZ81_RS03285,0.6466843619213785,159.42829376441296,0.0199502462434655,0.06418635760127,RNA,C3vsC1_rna
ACZ81_RS03290,0.9495144839083456,335.0465772819073,0.0048770987770573,0.0210124708216946,RNA,C3vsC1_rna
ACZ81_RS03295,-0.1645158666153894,586.9339582590849,0.6656600475291466,0.7842828292017783,RNA,C3vsC1_rna
ACZ81_RS03300,-0.3555031085951031,180.9399892220113,0.1845303249987346,0.3337852407100645,RNA,C3vsC1_rna
ACZ81_RS03305,0.4814898495910642,286.31514707349504,0.0144566677510029,0.049877129007937,RNA,C3vsC1_rna
ACZ81_RS03310,1.6152354482774502,202.51748836704724,0.0004329912251108187,0.0028808636735399,RNA,C3vsC1_rna
ACZ81_RS03315,0.1530437557856813,656.7249708720606,0.6017164911360597,0.7333191258924275,RNA,C3vsC1_rna
ACZ81_RS03320,-1.5189095974178342,4106.902656666334,3.162072420541983e-08,8.029262374186352e-07,RNA,C3vsC1_rna
ACZ81_RS03325,0.7139065601333188,269.6788528350476,0.0510354465738656,0.1290196670789848,RNA,C3vsC1_rna
ACZ81_RS03330,0.3502848642130286,207.02717103556915,0.2672788959020142,0.4297887496428381,RNA,C3vsC1_rna
ACZ81_RS03335,0.981235074878688,250.38000495070827,0.0096183455763068,0.0360306278731495,RNA,C3vsC1_rna
ACZ81_RS03340,-0.4089704449234409,899.3312204367205,0.1594142949409271,0.2999859996730769,RNA,C3vsC1_rna
ACZ81_RS03345,1.2308372344565686,430.7297943878221,9.478816875067783e-05,0.0007972539476472107,RNA,C3vsC1_rna
ACZ81_RS03350,0.2394736351465667,489.0166382071181,0.2147816251753493,0.3714527690484917,RNA,C3vsC1_rna
ACZ81_RS03355,0.3342575672198848,337.7024562525918,0.0998017853977815,0.2127549219000528,RNA,C3vsC1_rna
ACZ81_RS03360,2.065711913276517,756.0173665320158,,,RNA,C3vsC1_rna
ACZ81_RS03365,0.2212729251199167,567.4883682915207,0.2140038865364572,0.3707183043109958,RNA,C3vsC1_rna
ACZ81_RS03370,4.455044158401333,611.6175878441458,2.0348270038025709e-10,8.50388118672491e-09,RNA,C3vsC1_rna
ACZ81_RS03375,2.4884285016748344,578.457276090919,0.000382422936758784,0.0025916905781693,RNA,C3vsC1_rna
ACZ81_RS03380,1.7693851494045487,139.48453497365884,0.0064046200869592,0.0260337748620874,RNA,C3vsC1_rna
ACZ81_RS03385,1.6927247711400617,77.14267027559477,0.0167295777611127,0.0561196203825954,RNA,C3vsC1_rna
ACZ81_RS03390,2.178985473920057,161.6726057815644,4.062428871228806e-06,5.678907537062707e-05,RNA,C3vsC1_rna
ACZ81_RS03395,2.067766263241848,353.85034259120505,6.132218746520439e-08,1.4472036241788238e-06,RNA,C3vsC1_rna
ACZ81_RS03400,-1.3248959042183108,557.9772172525585,0.00013447545835437816,0.0010599519428639,RNA,C3vsC1_rna
ACZ81_RS03405,-1.744746616811218,1748.4652958673114,0.0002753314544880493,0.0019447707665599,RNA,C3vsC1_rna
ACZ81_RS03410,-0.0601278983231907,967.1352896938296,0.9073676752557828,0.9421219236869048,RNA,C3vsC1_rna
ACZ81_RS03415,0.6322823913466411,53.588130127754205,0.1402120040529409,0.2746731251271481,RNA,C3vsC1_rna
ACZ81_RS03420,-0.2301471819011717,447.4685185559888,0.2183336972744455,0.3751610988149655,RNA,C3vsC1_rna
ACZ81_RS03425,-0.2280099439829771,5961.413957458747,0.6617786801617397,0.7808988425908527,RNA,C3vsC1_rna
ACZ81_RS03435,-0.9583174709726978,123.06574506597678,0.017547944106042,0.0581357157336422,RNA,C3vsC1_rna
ACZ81_RS03440,-0.0484326403775935,108.23195875369171,0.8843498965513554,0.9277068538023864,RNA,C3vsC1_rna
ACZ81_RS03445,1.0090346527359173,39.18884788446857,0.1338841973660127,0.2661761148822811,RNA,C3vsC1_rna
ACZ81_RS03450,-0.6119432429495146,10.905467084891583,0.3331566850319914,0.4981828625972231,RNA,C3vsC1_rna
ACZ81_RS03455,-0.353706701841302,4057.572316619641,0.4969110131688158,0.6521449083524007,RNA,C3vsC1_rna
ACZ81_RS03460,1.0705084629192894,768.6022849484333,1.107652971545459e-05,0.00013282918792157438,RNA,C3vsC1_rna
ACZ81_RS03465,0.6279804783500315,1657.4209085014147,0.0642857681086387,0.1546368049604281,RNA,C3vsC1_rna
ACZ81_RS03470,-1.2363483107625244,314.43331874465906,0.00019382881228400235,0.0014454297302665,RNA,C3vsC1_rna
ACZ81_RS03475,-0.2255208373392496,3736.996103627256,0.4175737151753609,0.5772055605209572,RNA,C3vsC1_rna
ACZ81_RS03480,0.3851889609682135,131.4654693037458,0.3550361956994061,0.5191177932355727,RNA,C3vsC1_rna
ACZ81_RS03485,0.5457781103122484,58.67351574373555,0.2235359185657208,0.3816281299087966,RNA,C3vsC1_rna
ACZ81_RS03490,-0.3400148737457312,701.2818803987094,0.0648899663242428,0.1554890980857103,RNA,C3vsC1_rna
ACZ81_RS03495,-0.1277842683945623,579.8836059840198,0.5636012293479649,0.7041060522124075,RNA,C3vsC1_rna
ACZ81_RS03500,-0.6181616801150038,2127.453868561952,0.0074625255895089,0.0295262846795955,RNA,C3vsC1_rna
ACZ81_RS03505,-0.1309026149462025,2275.6660708035747,0.6467205291834959,0.7690108959941273,RNA,C3vsC1_rna
ACZ81_RS03515,-0.3280163672246804,498.21725381775536,0.2789918444466679,0.4401554384270671,RNA,C3vsC1_rna
ACZ81_RS03520,-0.0180364162733625,334.33239472562514,0.9386632055638346,0.9637687549365592,RNA,C3vsC1_rna
ACZ81_RS03525,-0.7255669014007752,2101.949845348768,0.1163865429400208,0.2384794740936484,RNA,C3vsC1_rna
ACZ81_RS03530,-0.1982036007729432,661.0731994269512,0.2739018221257179,0.4357600082625976,RNA,C3vsC1_rna
ACZ81_RS03535,0.1985167825166143,39.63171234922243,0.6746890804637704,0.7921945243449445,RNA,C3vsC1_rna
ACZ81_RS03540,-0.0021287129043383,181.022061238293,0.9945829866951356,0.9963213339877364,RNA,C3vsC1_rna
ACZ81_RS03545,-1.0254811839413531,879.7963545138632,2.400215285514888e-07,4.8390269977315215e-06,RNA,C3vsC1_rna
ACZ81_RS03550,-1.0774315894499504,347.54566800180163,1.115005759334184e-05,0.00013313699721573648,RNA,C3vsC1_rna
ACZ81_RS03555,-0.8051774815267749,697.9903059078546,0.000721507136812693,0.0043398600193291,RNA,C3vsC1_rna
ACZ81_RS03560,-0.125998169886612,1254.6632784556857,0.6455479787840407,0.7684418173879993,RNA,C3vsC1_rna
ACZ81_RS03565,-0.2313267099667491,327.18440645025174,0.417338065593647,0.5772055605209572,RNA,C3vsC1_rna
ACZ81_RS03570,-0.9387227797654288,937.6091785076296,0.0373371794844329,0.1037373712545325,RNA,C3vsC1_rna
ACZ81_RS03575,-0.0940321172019924,348.3019430677522,0.8605764382905264,0.9124293526484122,RNA,C3vsC1_rna
ACZ81_RS03580,0.5566484735367141,57.86522880011889,0.431906078395147,0.5926153168677599,RNA,C3vsC1_rna
ACZ81_RS03585,-1.693164811003553,123.52174851724918,0.0007548619089339319,0.0045134217267405,RNA,C3vsC1_rna
ACZ81_RS03590,-0.3907119021106898,63.32206184938544,0.5440615511124476,0.6883066037702307,RNA,C3vsC1_rna
ACZ81_RS03595,-1.0805325490845046,74.09502797592654,0.0959931503031426,0.2066118664250044,RNA,C3vsC1_rna
ACZ81_RS03600,-0.4653358707304376,136.7497696302608,0.4591831525827356,0.618409804686786,RNA,C3vsC1_rna
ACZ81_RS03605,-2.091301977200751,109.14552649875226,0.0213845848317986,0.0675550821615561,RNA,C3vsC1_rna
ACZ81_RS03610,0.207088487442759,61.84298777099378,0.6827311303089474,0.7980057205852447,RNA,C3vsC1_rna
ACZ81_RS03615,0.2636531899975424,35.96255914786888,0.7746247111662097,0.8589812993916068,RNA,C3vsC1_rna
ACZ81_RS03620,-0.888146945733039,164.44392915218518,0.1027302003891008,0.2181861111493237,RNA,C3vsC1_rna
ACZ81_RS03625,1.0497933369390644,44.8022102592576,0.0800008377838241,0.1809263591819067,RNA,C3vsC1_rna
ACZ81_RS03630,0.2023853120371979,15.839151504511111,0.7812722979690294,0.8636636480819974,RNA,C3vsC1_rna
ACZ81_RS03635,2.1853779462097718,19.237607782731438,0.0378339331737626,0.1045000752876277,RNA,C3vsC1_rna
ACZ81_RS03640,-0.5128942335492025,134.85585932756578,0.1119665812952066,0.2326888147079535,RNA,C3vsC1_rna
ACZ81_RS03645,-0.1534630653462381,201.3472717050916,0.7216505729755212,0.8256064797982346,RNA,C3vsC1_rna
ACZ81_RS03650,-0.4149178767845138,424.9241368076045,0.0392645213845506,0.107383395641705,RNA,C3vsC1_rna
ACZ81_RS03655,1.176280074773551,7159.704832778554,0.0035661496081463,0.0162954353392746,RNA,C3vsC1_rna
ACZ81_RS03660,1.050716546015082,4225.2973337006415,0.0007467072269623098,0.004478011053173,RNA,C3vsC1_rna
ACZ81_RS03665,0.4601227725611577,3535.8864759395783,0.1362217898966124,0.2692225719533049,RNA,C3vsC1_rna
ACZ81_RS03670,0.3110906418356509,2453.413023176276,0.6273076379210862,0.7551029833001494,RNA,C3vsC1_rna
ACZ81_RS03675,0.4455600547331888,1499.0555908659703,0.2820458675012359,0.4443417604466435,RNA,C3vsC1_rna
ACZ81_RS03680,-0.4289912930220262,4508.839035707289,0.0076767360429596,0.0302544842871847,RNA,C3vsC1_rna
ACZ81_RS03685,-0.2624623971531572,1664.081364352796,0.1709095189277297,0.3158075404054536,RNA,C3vsC1_rna
ACZ81_RS03690,-0.231162284445425,98.13270556136442,0.7007497178460742,0.8115620685041577,RNA,C3vsC1_rna
ACZ81_RS03695,-0.8544001053747388,55.11373420650511,0.3164056865038415,0.4810229686447185,RNA,C3vsC1_rna
ACZ81_RS03700,-2.1848025440099565,247.0139077603924,9.816645236438178e-06,0.0001204415311577675,RNA,C3vsC1_rna
ACZ81_RS03705,0.017047604608172,391.8278832232808,0.9492374775042368,0.9708716718469445,RNA,C3vsC1_rna
ACZ81_RS03710,0.0322243530988634,79.81547623065164,0.939260004832266,0.9640089893545796,RNA,C3vsC1_rna
ACZ81_RS03715,0.015859591312909,576.3843186569745,0.954764155297364,0.973446960877516,RNA,C3vsC1_rna
ACZ81_RS03720,0.078531828678266,563.0528017927071,0.8277505425462274,0.8915714323258803,RNA,C3vsC1_rna
ACZ81_RS03725,-0.2143401210851054,1574.264270173899,0.4864642162950844,0.6430449312188463,RNA,C3vsC1_rna
ACZ81_RS03730,-0.3365471273767675,3480.090248779657,0.1480611137122384,0.285410074420243,RNA,C3vsC1_rna
ACZ81_RS03735,0.1402750573725597,455.0432352661966,0.7280532980700942,0.8292764717637908,RNA,C3vsC1_rna
ACZ81_RS03740,-0.6639084749784183,618.1872287804042,0.0709178442774121,0.1655671306609943,RNA,C3vsC1_rna
ACZ81_RS03745,0.189819841056078,188.2819736352629,0.4425583861373989,0.60242519319626,RNA,C3vsC1_rna
ACZ81_RS03750,0.3579228454180931,183.4046497121253,0.2717213387786814,0.43380263079191,RNA,C3vsC1_rna
ACZ81_RS03755,0.175944490493573,388.8916382062346,0.5206497441489042,0.670792155916957,RNA,C3vsC1_rna
ACZ81_RS03760,0.7597338003511581,376.7660621392308,0.0110749251045266,0.0401016241149465,RNA,C3vsC1_rna
ACZ81_RS03765,-0.8432943681028655,1885.2715551781364,0.1581021465363895,0.2989342407445233,RNA,C3vsC1_rna
ACZ81_RS03770,-0.708004932970679,895.2306294531954,0.1170975832889941,0.2396915837527777,RNA,C3vsC1_rna
ACZ81_RS03775,-0.1891398276666725,753.1264561200711,0.6034650752455524,0.7347805407845694,RNA,C3vsC1_rna
ACZ81_RS03780,-0.7056717149470632,1301.0576243051646,0.0025328590161164,0.0124532234959056,RNA,C3vsC1_rna
ACZ81_RS03785,-0.6770231024943325,674.6576504282131,0.019145842352916,0.0621968579108496,RNA,C3vsC1_rna
ACZ81_RS03790,-0.2945221142909397,580.5177550354498,0.2834382652476611,0.4457380357857985,RNA,C3vsC1_rna
ACZ81_RS03795,-0.3383411499497805,2109.2775508821483,0.104508289707568,0.2210264935723578,RNA,C3vsC1_rna
ACZ81_RS03805,-0.1508941868843471,841.0442865909417,0.5387363508488281,0.683794847304756,RNA,C3vsC1_rna
ACZ81_RS03810,-0.9811531263822724,4870.993735066737,0.0019502099830095,0.0100518840791681,RNA,C3vsC1_rna
ACZ81_RS03815,-1.0285466903509284,2235.370464262448,0.0042076047369093,0.0187357493945396,RNA,C3vsC1_rna
ACZ81_RS03820,-0.0853185960656329,605.7898681615371,0.6788352572885092,0.7956433106168563,RNA,C3vsC1_rna
ACZ81_RS03830,1.573829086449173,2123.5554931242377,3.811325745640312e-08,9.497539684167036e-07,RNA,C3vsC1_rna
ACZ81_RS03835,0.0518838520772927,82.78001248573572,0.8939145359224892,0.9329826009680088,RNA,C3vsC1_rna
ACZ81_RS03840,-0.8160326033491804,389.7977094253949,0.0069152171920285,0.0277000287282305,RNA,C3vsC1_rna
ACZ81_RS03845,-0.453628201703154,145.31270947451597,0.3418547641976612,0.5070319090428899,RNA,C3vsC1_rna
ACZ81_RS03850,0.6721497359071549,385.23009518579306,0.0690695422832651,0.1625261018419118,RNA,C3vsC1_rna
ACZ81_RS03855,0.4564272877380682,868.187531048015,0.2242906686757214,0.3824284584475114,RNA,C3vsC1_rna
ACZ81_RS03860,0.2685156905223163,387.8631299021459,0.5000172034555433,0.6549360170628925,RNA,C3vsC1_rna
ACZ81_RS03865,-0.1881776806481681,1806.8294971363832,0.5223738263031146,0.6720589158802973,RNA,C3vsC1_rna
ACZ81_RS03870,0.3539685026790402,853.3131355905114,0.441041144900085,0.601038408063567,RNA,C3vsC1_rna
ACZ81_RS03875,0.9683939193116023,129.177864560824,0.02182240941199,0.0687217476930174,RNA,C3vsC1_rna
ACZ81_RS03880,0.5608913639903196,189.055264294323,0.0363598079875089,0.1018299674456276,RNA,C3vsC1_rna
ACZ81_RS03885,-0.2440624227146155,272.92348017071663,0.2916846877140768,0.4535809950034404,RNA,C3vsC1_rna
ACZ81_RS03895,0.0777215667124755,692.5064826788016,0.8314033243955132,0.8937808514133974,RNA,C3vsC1_rna
ACZ81_RS03900,1.1031169333561182,605.2160842034922,0.00033928379071631064,0.0023509612579513,RNA,C3vsC1_rna
ACZ81_RS03905,-0.4464155795566509,88.84296192521674,0.2510852145610386,0.4118372366389562,RNA,C3vsC1_rna
ACZ81_RS03910,-0.9305957828597928,1508.9629012551293,3.485457581485404e-05,0.0003369555618534805,RNA,C3vsC1_rna
ACZ81_RS03915,-1.642825894341419,1487.6372189335002,3.3963582877102345e-10,1.3763827727569157e-08,RNA,C3vsC1_rna
ACZ81_RS03920,0.1617149460227077,350.9310368097898,0.6744754942404436,0.7921945243449445,RNA,C3vsC1_rna
ACZ81_RS03925,-0.9048072025972376,966.3291036046136,0.0031393005999454,0.0148174988317423,RNA,C3vsC1_rna
ACZ81_RS03930,0.6571617571686129,1439.7184707331623,0.001051590805568,0.0059590145648858,RNA,C3vsC1_rna
ACZ81_RS03935,0.4657465581146426,2544.370321247223,0.156604508653617,0.2978602076158019,RNA,C3vsC1_rna
ACZ81_RS03940,0.754834076845782,408.9566445721129,0.0092163989821931,0.0348503230127793,RNA,C3vsC1_rna
ACZ81_RS03945,0.5016056927101541,1146.9755130754438,0.0743449135961604,0.1714205708895377,RNA,C3vsC1_rna
ACZ81_RS03955,0.2925075178450307,3529.833138039578,0.5041628158689524,0.6575751681619756,RNA,C3vsC1_rna
ACZ81_RS03960,-3.927028261291051,4.396017084796394,0.0163356736161394,0.05498214978855,RNA,C3vsC1_rna
ACZ81_RS03965,-0.5638477386316744,45.26230421824918,0.2477524169649894,0.4098897719024897,RNA,C3vsC1_rna
ACZ81_RS03970,-0.1877568525834582,172.29990867036398,0.6703529295449457,0.7891596107201649,RNA,C3vsC1_rna
ACZ81_RS03975,0.1854615992331897,114.38287235687112,0.573450686346422,0.7118797396751225,RNA,C3vsC1_rna
ACZ81_RS03980,1.4184589309784432,29.05189463708432,0.0796664466038989,0.1804753155137451,RNA,C3vsC1_rna
ACZ81_RS03985,-0.7808764400694868,9.806590665294832,0.414565033182167,0.5752516784965706,RNA,C3vsC1_rna
ACZ81_RS03990,0.819190398661851,44.19192973384863,0.1096174519849772,0.228816450241274,RNA,C3vsC1_rna
ACZ81_RS03995,0.2909462747486752,120.73264254304142,0.4432190354065719,0.6029822889288459,RNA,C3vsC1_rna
ACZ81_RS04000,-1.7889630718907052,1129.5136885476848,0.00033610334571406185,0.0023329526349564,RNA,C3vsC1_rna
ACZ81_RS04005,1.2428789411729542,365.1823060819875,2.877683916857095e-06,4.189304997288236e-05,RNA,C3vsC1_rna
ACZ81_RS04010,-0.7652084974828973,1853.1321288930053,7.718772137202795e-05,0.0006659723400958627,RNA,C3vsC1_rna
ACZ81_RS04015,-0.5003352175956569,923.6399830539284,0.0879545385882048,0.19485014291324,RNA,C3vsC1_rna
ACZ81_RS04020,-0.3014384688470899,819.8337973600403,0.2179034653431613,0.3750257014405079,RNA,C3vsC1_rna
ACZ81_RS04025,0.6012055435820665,250.8224080414292,0.0210032699521532,0.0667182256912422,RNA,C3vsC1_rna
ACZ81_RS04030,-0.1044735319848437,128.5398635526662,0.745311674434387,0.8406495467615296,RNA,C3vsC1_rna
ACZ81_RS04035,-0.1717157673654498,183.11859674490785,0.5733977271261004,0.7118797396751225,RNA,C3vsC1_rna
ACZ81_RS04040,0.4577959588503127,101.42198424075816,0.1815540219410727,0.3296613785467904,RNA,C3vsC1_rna
ACZ81_RS04045,1.8131854903429208,1435.7360787720288,1.6776255843857788e-05,0.0001854169103183401,RNA,C3vsC1_rna
ACZ81_RS04050,-0.4609314401595876,863.8698925152737,0.054908261200829,0.1364036804567963,RNA,C3vsC1_rna
ACZ81_RS04055,-0.4558171395568214,899.7745321018443,0.1123080705358418,0.233098799270459,RNA,C3vsC1_rna
ACZ81_RS04060,-1.0348249004560337,761.3247765271346,0.0843685003220007,0.1889929778290714,RNA,C3vsC1_rna
ACZ81_RS04065,-1.7089132805671994,1073.4206509799894,0.0005701490548988644,0.0035629875517978,RNA,C3vsC1_rna
ACZ81_RS04070,-1.263157916843522,1479.82923343392,0.0114841976032616,0.0412854845737328,RNA,C3vsC1_rna
ACZ81_RS04075,-1.4087569449550932,2180.012442212475,0.0001371581422979217,0.0010787085851532,RNA,C3vsC1_rna
ACZ81_RS04080,-1.4920039553347568,5799.521110139827,0.0006547985863922866,0.0039985569689586,RNA,C3vsC1_rna
ACZ81_RS04090,-0.3801605383552484,89.10066634473341,0.347279912577955,0.5127817280756927,RNA,C3vsC1_rna
ACZ81_RS04095,-0.4572808156934322,77.19202618215083,0.3569618093946853,0.5213435672702867,RNA,C3vsC1_rna
ACZ81_RS04100,0.098993123097688,1094.451728671165,0.7856743794484049,0.8662065431016764,RNA,C3vsC1_rna
ACZ81_RS04105,-1.6408669404897784,1579.0359943035742,0.00017516330066759452,0.0013360016237023,RNA,C3vsC1_rna
ACZ81_RS04115,0.4839287211206527,78.04751506161134,0.1690067924915432,0.3140598663622378,RNA,C3vsC1_rna
ACZ81_RS04120,4.520287313921996,12249.904351637037,2.072457094649448e-09,6.547006191916209e-08,RNA,C3vsC1_rna
ACZ81_RS04130,-0.482148930221382,364.39282081058855,0.1839602689063001,0.3329041943401335,RNA,C3vsC1_rna
ACZ81_RS04135,0.3962766864806258,226.57567424574503,0.3064174750859187,0.4702933856330168,RNA,C3vsC1_rna
ACZ81_RS04140,-0.2898496382212229,501.4303457981525,0.139234737008328,0.2734262187358846,RNA,C3vsC1_rna
ACZ81_RS04145,0.1836878378627712,176.36365247992185,0.4584629415701462,0.6182700240603115,RNA,C3vsC1_rna
ACZ81_RS04150,0.4662646183160394,246.23033025760927,0.211240102776322,0.3667223246813517,RNA,C3vsC1_rna
ACZ81_RS04155,-1.6012889222478293,345.7294920964857,0.0029584651851873,0.0141808390955453,RNA,C3vsC1_rna
ACZ81_RS04160,-2.1960398026743118,547.8280858078372,0.0001793084407251976,0.0013598969077306,RNA,C3vsC1_rna
ACZ81_RS04165,-1.737531937747304,657.1974070139142,0.00540008674588,0.0226860188737912,RNA,C3vsC1_rna
ACZ81_RS04170,-2.123555543237032,1798.2066147137848,5.578904532969322e-05,0.0005169183599601136,RNA,C3vsC1_rna
ACZ81_RS04175,-1.9351830895594209,1040.076378912098,5.039550022320197e-05,0.000471297778311157,RNA,C3vsC1_rna
ACZ81_RS04180,-0.4513995653345577,1289.0437258722743,0.3664818755994038,0.5292747605848841,RNA,C3vsC1_rna
ACZ81_RS04185,-0.8845086995187167,440.5093679396615,0.0136611661793796,0.0476182438850312,RNA,C3vsC1_rna
ACZ81_RS04190,0.7294011928919059,250.42804780986663,0.005147288162116,0.021856492873836,RNA,C3vsC1_rna
ACZ81_RS04195,0.0112336190543972,213.37410028044744,0.964683710977406,0.9782243944194912,RNA,C3vsC1_rna
ACZ81_RS04200,0.3786669643565231,641.4862109483491,0.3223301877410982,0.4861611703824383,RNA,C3vsC1_rna
ACZ81_RS04205,2.326844368825555,384.2540056894174,0.0022076396252488,0.011112986419697,RNA,C3vsC1_rna
ACZ81_RS04210,-0.133566811058565,235.3283212217252,0.8522886395198457,0.906997883754276,RNA,C3vsC1_rna
ACZ81_RS04215,-1.0301614863828237,137.12126163766897,0.1133278392286256,0.2342458995287202,RNA,C3vsC1_rna
ACZ81_RS04220,-0.8580455384687417,194.15756904299403,0.0188117429323151,0.0613732253894784,RNA,C3vsC1_rna
ACZ81_RS04225,0.4150378549800203,118.91209026084084,0.4742816282266294,0.6315359749237428,RNA,C3vsC1_rna
ACZ81_RS04235,-0.2091832970604143,139.1913542615753,0.5503250529561634,0.693001918537391,RNA,C3vsC1_rna
ACZ81_RS04240,-1.7231913598009585,159.71530731025453,0.0456701622558586,0.1195229556232908,RNA,C3vsC1_rna
ACZ81_RS04245,-0.5784477596239047,152.72001274063769,0.2410022883595188,0.401703855794927,RNA,C3vsC1_rna
ACZ81_RS04250,-0.1652728103101496,92.61284027977092,0.7026398968993058,0.8130093505681263,RNA,C3vsC1_rna
ACZ81_RS04255,-0.2637895137570104,22.270541250991915,0.754383509545471,0.8453383292738691,RNA,C3vsC1_rna
ACZ81_RS04260,-3.495931622190345,1535.5891106651352,7.605839837262783e-14,6.492474346191124e-12,RNA,C3vsC1_rna
ACZ81_RS04265,-3.5011641507794447,1668.896749384622,9.980945442734484e-15,1.053777713585546e-12,RNA,C3vsC1_rna
ACZ81_RS04270,-2.7045827642969877,1776.3838195830947,7.093121463452676e-20,1.4977685953353753e-17,RNA,C3vsC1_rna
ACZ81_RS04275,-0.8552241351157315,597.5791712957267,0.0677224460452057,0.1608658694691329,RNA,C3vsC1_rna
ACZ81_RS04280,-1.3205376963614075,264.6759573266989,1.4452426816756013e-07,3.0516047157563047e-06,RNA,C3vsC1_rna
ACZ81_RS04285,-0.9601507192570996,34.80733608238704,0.0323993591941718,0.0936500209560644,RNA,C3vsC1_rna
ACZ81_RS04290,-1.5643442407002934,31.5687784257581,0.0004610653370732178,0.003042424559766,RNA,C3vsC1_rna
ACZ81_RS04295,-0.552905734324377,294.0092889432228,0.0410946837078363,0.1109985647915601,RNA,C3vsC1_rna
ACZ81_RS04300,0.3898089495448461,22.21980105484789,0.4957728155614349,0.651223666736188,RNA,C3vsC1_rna
ACZ81_RS04305,1.03226410800081,17.36959139410952,0.0813200486068185,0.1833929370492164,RNA,C3vsC1_rna
ACZ81_RS04310,0.0496932499366468,66.83118089234638,0.9059058949555782,0.9410912611501242,RNA,C3vsC1_rna
ACZ81_RS04315,0.474462018812457,96.23624347540624,0.2682547336774333,0.4303482384649282,RNA,C3vsC1_rna
ACZ81_RS04320,0.1200826998956709,248.35309390955936,0.7149097256989663,0.8215168743776675,RNA,C3vsC1_rna
ACZ81_RS04325,1.8939549853024384,82.75381454496404,0.0036938279855677,0.0167453535345738,RNA,C3vsC1_rna
ACZ81_RS04330,1.0456672007806995,74.77990405875313,0.093594051416938,0.2028839114456075,RNA,C3vsC1_rna
ACZ81_RS04335,0.4436432906723206,256.6749653344803,0.06810294580997,0.1611020156778301,RNA,C3vsC1_rna
ACZ81_RS04340,0.3970757938797227,157.20857600244432,0.2057102546002427,0.3603971796751851,RNA,C3vsC1_rna
ACZ81_RS04345,-0.08720161027353,213.9817974212898,0.8326621709175667,0.8942144713001242,RNA,C3vsC1_rna
ACZ81_RS04350,-0.413618458908805,105.87164046241168,0.3787497760372694,0.5419201503072485,RNA,C3vsC1_rna
ACZ81_RS04355,0.1196224281416127,874.4235446197717,0.709691359956996,0.8177974259461539,RNA,C3vsC1_rna
ACZ81_RS04360,-0.3472840642226162,76.95138365829219,0.3812390803463056,0.5437366478312755,RNA,C3vsC1_rna
ACZ81_RS04365,0.2305885124878238,281.63514678846394,0.3177886205143848,0.4825768151036002,RNA,C3vsC1_rna
ACZ81_RS04370,0.0754090337361001,74.57865817534388,0.853605998398196,0.9081589142332438,RNA,C3vsC1_rna
ACZ81_RS04375,0.3199800915035095,186.6741879651709,0.4335541856928527,0.5936584959043429,RNA,C3vsC1_rna
ACZ81_RS04385,-1.5290567208721888,47.63053463675621,0.0013184734113193,0.0071676359433781,RNA,C3vsC1_rna
ACZ81_RS04390,-1.445170373037929,25.031600495660623,0.0096845734237663,0.0362110983934301,RNA,C3vsC1_rna
ACZ81_RS04395,1.0727950796118877,142.58810540559108,0.0117548582730804,0.0421075815996417,RNA,C3vsC1_rna
ACZ81_RS04400,0.5590794502693919,164.92092928131444,0.1138613651463732,0.2348946323229838,RNA,C3vsC1_rna
ACZ81_RS04405,0.1885803877732547,1766.191007023017,0.3992274180643257,0.5602309903022298,RNA,C3vsC1_rna
ACZ81_RS04410,0.3688625917820755,760.4499166935501,0.0688283005512443,0.1623392955976439,RNA,C3vsC1_rna
ACZ81_RS04430,0.7470103061897091,1743.7666684507408,0.0063730833423274,0.0259845633835544,RNA,C3vsC1_rna
ACZ81_RS04435,-2.446840046579574,3744.858163007541,1.3016610743692262e-05,0.00015199994785163357,RNA,C3vsC1_rna
ACZ81_RS04440,-2.452529985382593,841.7134340599043,6.646055507654741e-11,3.1742827019893834e-09,RNA,C3vsC1_rna
ACZ81_RS04445,0.0759422840925697,936.1674290098348,0.884776356023794,0.9277895296308054,RNA,C3vsC1_rna
ACZ81_RS04450,-0.2269273233115479,359.99620163528675,0.6650435894696053,0.7838292834759272,RNA,C3vsC1_rna
ACZ81_RS04455,6.764265969781423,3756.969378970525,1.1971436652915324e-17,1.8472847635190882e-15,RNA,C3vsC1_rna
ACZ81_RS04460,6.232376555822259,468.1352948316628,8.635170590107884e-17,1.2372965859826012e-14,RNA,C3vsC1_rna
ACZ81_RS04465,1.0450108450706324,59.14302421567947,0.0033497369844269,0.015626912536652,RNA,C3vsC1_rna
ACZ81_RS04470,0.9203427218694912,58.90695059153968,0.0613368255072175,0.1484217997195155,RNA,C3vsC1_rna
ACZ81_RS04475,-0.7155723739408841,2688.966640688921,0.0230964287654424,0.0718874105562101,RNA,C3vsC1_rna
ACZ81_RS04480,-2.136344297417065,859.3559021666073,1.3746238950943233e-12,9.347442486641398e-11,RNA,C3vsC1_rna
ACZ81_RS04485,-3.5279118808437087,2795.428233883202,6.1096267434337305e-15,6.624816890447601e-13,RNA,C3vsC1_rna
ACZ81_RS04490,-3.2277822981964404,598.71792368797,1.2132075976911664e-14,1.2480484312658869e-12,RNA,C3vsC1_rna
ACZ81_RS04495,1.3645757236105305,804.8731144608687,0.0003790362535389535,0.0025774465240648,RNA,C3vsC1_rna
ACZ81_RS04505,-0.1620830853485826,313.0790186894062,0.7136222261192162,0.8203588456132652,RNA,C3vsC1_rna
ACZ81_RS04510,-0.1095330897035061,309.4733613445977,0.7961864170588709,0.8699073816013589,RNA,C3vsC1_rna
ACZ81_RS04515,0.1346568290235577,1783.5903681897817,0.558527509011469,0.6993796398732876,RNA,C3vsC1_rna
ACZ81_RS04520,-0.5187572103376543,12.107100936750626,0.5743655825843399,0.7118797396751225,RNA,C3vsC1_rna
ACZ81_RS04525,0.3211960387892414,61.79134112294486,0.5059205341802064,0.6587968786533556,RNA,C3vsC1_rna
ACZ81_RS04530,0.2757603280307665,412.16786016758897,0.2018331883933368,0.3557797679411543,RNA,C3vsC1_rna
ACZ81_RS04535,1.2394374295457669,494.82461577617687,8.961904079485977e-05,0.0007605584741116494,RNA,C3vsC1_rna
ACZ81_RS04540,0.8275938683188683,246.35534907698204,6.779375003899027e-05,0.000597840373170515,RNA,C3vsC1_rna
ACZ81_RS04545,0.0445041603043663,757.5772296715527,0.8844089960555276,0.9277068538023864,RNA,C3vsC1_rna
ACZ81_RS04550,0.6516492573370071,221.79500963222569,0.0767786434155829,0.1749876055421549,RNA,C3vsC1_rna
ACZ81_RS04555,0.5455273840364808,827.0045375471063,0.2178729547000645,0.3750257014405079,RNA,C3vsC1_rna
ACZ81_RS04560,0.5513440521493197,572.1307591393129,0.3386734894630617,0.5039469056533566,RNA,C3vsC1_rna
ACZ81_RS04565,0.510607455465748,959.4884970828032,0.3342562354932287,0.4994547548599008,RNA,C3vsC1_rna
ACZ81_RS04570,0.1567039856498762,102.96447379931188,0.6582002466292872,0.7778201441757586,RNA,C3vsC1_rna
ACZ81_RS04575,0.9154413559538628,2726.3388090775147,0.0445658634992101,0.1173216826501516,RNA,C3vsC1_rna
ACZ81_RS04580,0.6180490395329875,2650.1235698335745,0.2015552992466648,0.355446092561591,RNA,C3vsC1_rna
ACZ81_RS04585,0.3907171976888556,763.2735948826613,0.1733445066941809,0.3187250966347634,RNA,C3vsC1_rna
ACZ81_RS04590,1.3215088081907331,471.086499597946,0.0003444522429340235,0.002378558345355,RNA,C3vsC1_rna
ACZ81_RS04595,-0.8719172631789083,3404.5289093857577,0.0005855601230911291,0.0036366365539343,RNA,C3vsC1_rna
ACZ81_RS04600,0.4371875504470273,870.3215371659551,0.2192623813049851,0.3760285141146055,RNA,C3vsC1_rna
ACZ81_RS04605,0.5048267939574662,608.6851813902257,0.0879339799040505,0.19485014291324,RNA,C3vsC1_rna
ACZ81_RS04610,-0.3370554691750651,48.1812949967011,0.3917027773741454,0.5531543621348368,RNA,C3vsC1_rna
ACZ81_RS04615,-1.4121029082813716,608.515206441917,2.010981370010992e-06,3.079411166596984e-05,RNA,C3vsC1_rna
ACZ81_RS04620,1.064918513603481,351.6239944038286,0.0184767691246986,0.060612263064833,RNA,C3vsC1_rna
ACZ81_RS04625,0.7117225151717468,156.97396284998916,0.0082926190717526,0.0320254999150971,RNA,C3vsC1_rna
ACZ81_RS04630,0.6405693775828901,546.3406555826991,0.0091513653163773,0.0346370543861376,RNA,C3vsC1_rna
ACZ81_RS04635,1.1399841224188243,74.09334697439058,0.0081812890394844,0.0317747644011729,RNA,C3vsC1_rna
ACZ81_RS04640,0.2728804826795953,306.7457633758619,0.499591452163949,0.654592065996657,RNA,C3vsC1_rna
ACZ81_RS04645,0.3396506282915795,658.7700535804772,0.2146822533015256,0.3714527690484917,RNA,C3vsC1_rna
ACZ81_RS04650,0.2412573567365861,196.3420014312168,0.4190797456191117,0.578319972973861,RNA,C3vsC1_rna
ACZ81_RS04655,0.2745261052811291,178.93569423754877,0.4463337281437113,0.6055769081205851,RNA,C3vsC1_rna
ACZ81_RS04660,0.6377939368575175,439.1713428807205,0.0110549175469897,0.0400653380293793,RNA,C3vsC1_rna
ACZ81_RS04665,0.2607031307486398,486.83196484237794,0.3506505001885354,0.5148279918835199,RNA,C3vsC1_rna
ACZ81_RS04670,0.0760395972819012,1652.7708640315284,0.7105067496511547,0.8181468846093588,RNA,C3vsC1_rna
ACZ81_RS04675,0.7629267923888964,129.47952045604083,0.0563536741705065,0.1391328866289676,RNA,C3vsC1_rna
ACZ81_RS04680,0.5955358105905092,1129.8273130820814,8.800557462904886e-05,0.0007512305647058384,RNA,C3vsC1_rna
ACZ81_RS04685,0.7175769193007541,113.94237127646606,0.0392650651561269,0.107383395641705,RNA,C3vsC1_rna
ACZ81_RS04690,0.450301770630594,82.82034423841611,0.2739249104781334,0.4357600082625976,RNA,C3vsC1_rna
ACZ81_RS04695,0.94601565525046,77.79479654899205,0.0282808215772568,0.0838600562956055,RNA,C3vsC1_rna
ACZ81_RS04700,0.7135363105948362,1087.5297160333257,0.0056846543668964,0.0236095583022655,RNA,C3vsC1_rna
ACZ81_RS04705,0.5325635760413706,274.1469748236458,0.0913155210222428,0.1998325790986448,RNA,C3vsC1_rna
ACZ81_RS04710,0.5213313479575901,1351.0912159300126,0.0482585927489962,0.1240316938558443,RNA,C3vsC1_rna
ACZ81_RS04715,-1.2884051184541754,0.7092900935635966,0.6388202413020646,0.7636301796913201,RNA,C3vsC1_rna
ACZ81_RS04720,0.3416947353504771,27.813917225250965,0.5941130347694583,0.726701675455813,RNA,C3vsC1_rna
ACZ81_RS04725,-0.3895120241920026,137.01373063357735,0.0511583160717427,0.1291675041408633,RNA,C3vsC1_rna
ACZ81_RS04730,0.4148750336598612,1412.1638876653203,0.2258786639884392,0.3844824776926679,RNA,C3vsC1_rna
ACZ81_RS04735,0.8456876451984433,53.0212982581688,0.0877745777653745,0.1946664488638379,RNA,C3vsC1_rna
ACZ81_RS04740,-0.2400055226678468,3947.665293405455,0.6510224224338328,0.7722950794809395,RNA,C3vsC1_rna
ACZ81_RS04745,-0.0979930128536298,379.6194139036123,0.6261948728593509,0.7545439826557365,RNA,C3vsC1_rna
ACZ81_RS04750,0.3467919226369693,843.6395682868192,0.4476384767794856,0.6067316110943568,RNA,C3vsC1_rna
ACZ81_RS04755,-1.1868878249486183,1232.9944724786285,1.483215369236799e-07,3.099302115301061e-06,RNA,C3vsC1_rna
ACZ81_RS04760,-0.5308498377441753,1015.0365030871033,0.0080913481330142,0.0316090445079388,RNA,C3vsC1_rna
ACZ81_RS04765,-0.5529629326298804,693.9863343431158,0.0274658214983408,0.081988746913202,RNA,C3vsC1_rna
ACZ81_RS04770,0.5374972793771468,216.10221621439115,0.1613538142796609,0.302642123838242,RNA,C3vsC1_rna
ACZ81_RS04775,-0.9212066010869334,106.87950958663951,0.0014230581511937,0.0076327664473117,RNA,C3vsC1_rna
ACZ81_RS04780,2.913089012554252,3338.304305121617,3.491474320414242e-07,6.799900472573756e-06,RNA,C3vsC1_rna
ACZ81_RS04785,0.7789133515187874,5207.556115475991,0.0200400640339519,0.0643940846938516,RNA,C3vsC1_rna
ACZ81_RS04790,0.3092888857970743,39.90794610046895,0.5128255014651024,0.6639096198380093,RNA,C3vsC1_rna
ACZ81_RS04795,-0.1531573970056838,593.6957807567182,0.6828398900222196,0.7980057205852447,RNA,C3vsC1_rna
ACZ81_RS04800,-0.2956851353184346,83.66307219833314,0.527079844070049,0.675821135956867,RNA,C3vsC1_rna
ACZ81_RS04805,-0.8658430224000636,155.57042997244525,0.043963846980111,0.1166553929128343,RNA,C3vsC1_rna
ACZ81_RS04810,0.5732936988543861,379.61783686780194,0.237652608255232,0.3983480767055136,RNA,C3vsC1_rna
ACZ81_RS04815,1.1636852333759886,1023.304387129302,0.00012607857019194177,0.0010096351768664,RNA,C3vsC1_rna
ACZ81_RS04820,0.2101937164076576,2394.036797308072,0.5037263115812523,0.6575751681619756,RNA,C3vsC1_rna
ACZ81_RS04825,-1.026385942243803,3401.109105856169,0.0061859986423205,0.0253765097678836,RNA,C3vsC1_rna
ACZ81_RS04830,1.1874137043880488,11714.55046319319,0.0003759299684687768,0.0025693884727371,RNA,C3vsC1_rna
ACZ81_RS04835,1.016956157961172,6095.111104798737,0.1271668524875623,0.2565074973253394,RNA,C3vsC1_rna
ACZ81_RS04840,1.2093741265855529,2161.8323545517715,1.6293627927899167e-07,3.352309499832382e-06,RNA,C3vsC1_rna
ACZ81_RS04845,0.6484394658298924,1264.865767191698,0.0537103913346762,0.134259246127552,RNA,C3vsC1_rna
ACZ81_RS04850,1.140782218268646,708.7879662147834,6.3924332919677e-05,0.0005750323400756594,RNA,C3vsC1_rna
ACZ81_RS04855,1.3199167049169638,248.2754931327236,0.0002485990792771096,0.0017914862819481,RNA,C3vsC1_rna
ACZ81_RS04860,0.7715963457316726,254.60975237050863,0.0523487429694111,0.1315110562262225,RNA,C3vsC1_rna
ACZ81_RS04865,0.3290197358903637,3154.2974291004166,0.4673632718681884,0.6258651197747843,RNA,C3vsC1_rna
ACZ81_RS04870,0.4179830992969641,2444.092274146144,0.0440003003380089,0.116674953705282,RNA,C3vsC1_rna
ACZ81_RS04875,0.470222838184495,2324.678112900714,0.0401364248688618,0.1093193052096903,RNA,C3vsC1_rna
ACZ81_RS04880,1.2079063695711354,853.0526505387959,4.13525543061664e-08,1.024113875779874e-06,RNA,C3vsC1_rna
ACZ81_RS04885,0.34220585411014,1264.984192074994,0.1069140386390205,0.2242232739256405,RNA,C3vsC1_rna
ACZ81_RS04890,0.7049042485047364,351.8254594574351,0.0506583406877414,0.1285523484119029,RNA,C3vsC1_rna
ACZ81_RS04895,0.8242983938933518,173.31136154841738,0.0132502639176887,0.0465106720172007,RNA,C3vsC1_rna
ACZ81_RS04900,1.099033331640978,1279.7598238202618,5.995729619763727e-05,0.0005480074570687239,RNA,C3vsC1_rna
ACZ81_RS04905,1.170307045506163,1208.9078321116594,4.102957554922224e-06,5.695870488009676e-05,RNA,C3vsC1_rna
ACZ81_RS04910,1.2036324603963298,236.4869994701704,0.0005712231143493979,0.0035641479545408,RNA,C3vsC1_rna
ACZ81_RS04915,0.3639420751948569,1669.05676131486,0.5124354683994478,0.663636477211627,RNA,C3vsC1_rna
ACZ81_RS04920,-0.5324323766429198,877.1909394660134,0.0171510797382679,0.0570564941210041,RNA,C3vsC1_rna
ACZ81_RS04925,1.9064067257092283,9892.809657187989,1.1782109186512606e-06,1.9372877891921546e-05,RNA,C3vsC1_rna
ACZ81_RS04930,-1.201583491405665,1112.8749354041272,0.0082700433136921,0.0320254999150971,RNA,C3vsC1_rna
ACZ81_RS04935,-0.8511548937331976,645.2742355590706,0.0646339270713758,0.1552055507022034,RNA,C3vsC1_rna
ACZ81_RS04940,1.209836542405779,3468.73855291428,0.0096293194076477,0.0360380871860845,RNA,C3vsC1_rna
ACZ81_RS04950,-1.0813753849165473,2681.7667144861543,0.011968559509578,0.042758558105456,RNA,C3vsC1_rna
ACZ81_RS04960,-1.437927282934057,1770.5557126760218,0.0023060142601669,0.0115147268120355,RNA,C3vsC1_rna
ACZ81_RS04965,0.9433472542328512,243.554594053561,0.0444639564443641,0.1172116314749607,RNA,C3vsC1_rna
ACZ81_RS04970,-4.083103559944127,10877.43762221937,2.661427664338301e-68,5.338823894662632e-65,RNA,C3vsC1_rna
ACZ81_RS04975,-3.3568717326505224,11844.109810573322,1.6127214544378708e-25,5.391865396003947e-23,RNA,C3vsC1_rna
ACZ81_RS04980,0.5921555847099752,1318.7649035312656,0.3218123127787883,0.4857452967902553,RNA,C3vsC1_rna
ACZ81_RS04985,-1.2853477722259194,6602.71337889772,7.579617987834063e-07,1.3455498835039938e-05,RNA,C3vsC1_rna
ACZ81_RS04990,-0.6940498003893459,1045.6823957143747,5.5222567399762244e-08,1.326664313819438e-06,RNA,C3vsC1_rna
ACZ81_RS04995,0.8566265180436539,780.7210984656517,0.1739151001575133,0.3194814019377029,RNA,C3vsC1_rna
ACZ81_RS05000,0.0774293732441592,792.7978919813742,0.8844662801082072,0.9277068538023864,RNA,C3vsC1_rna
ACZ81_RS05005,-0.4007422140382679,801.0475850781803,0.3823655233749606,0.5447622442401783,RNA,C3vsC1_rna
ACZ81_RS05010,-1.14226611061244,1769.1438548475503,0.0055692131272707,0.023178094467438,RNA,C3vsC1_rna
ACZ81_RS05015,1.043387816174813,2139.279538489244,0.1347027153959468,0.2674058852887375,RNA,C3vsC1_rna
ACZ81_RS05020,-0.754767894949318,1455.2405017739595,0.1719086344640965,0.3168857609030139,RNA,C3vsC1_rna
ACZ81_RS05025,-1.127341752016072,1009.7427928188944,0.0546108034702623,0.1359172106220177,RNA,C3vsC1_rna
ACZ81_RS05030,-0.5016702954802726,800.9871265308259,0.249672616504046,0.4113702412378779,RNA,C3vsC1_rna
ACZ81_RS05035,-0.3372348169636852,464.34107106182455,0.4284079453362443,0.5884570827823775,RNA,C3vsC1_rna
ACZ81_RS05040,-0.5666679815423586,939.4140524562148,0.0731464064309279,0.169143160000509,RNA,C3vsC1_rna
ACZ81_RS05045,-1.2907312745199426,1430.2805853208504,4.215441093455295e-06,5.8318447127388425e-05,RNA,C3vsC1_rna
ACZ81_RS05050,-0.4257801151190311,199.48847062582809,0.1480712790100948,0.285410074420243,RNA,C3vsC1_rna
ACZ81_RS05055,-4.687430948692778,23104.377353350592,1.183847676537308e-16,1.58319895942256e-14,RNA,C3vsC1_rna
ACZ81_RS05060,-4.377028153364288,8940.470397044484,5.883261573377351e-12,3.278284087831935e-10,RNA,C3vsC1_rna
ACZ81_RS05065,-3.6335498644179554,14679.790511558906,1.9558866255759038e-35,1.5694034283621055e-32,RNA,C3vsC1_rna
ACZ81_RS05070,-2.29475276862016,5860.032324702225,9.150288494319651e-17,1.2658950841107047e-14,RNA,C3vsC1_rna
ACZ81_RS05075,-3.1737909612771347,20640.18763851472,1.1458771311492047e-25,4.179326409246009e-23,RNA,C3vsC1_rna
ACZ81_RS05080,-3.056705302125992,1810.4259211089,3.122237104067187e-28,1.252641526151755e-25,RNA,C3vsC1_rna
ACZ81_RS05085,-3.283758711929928,465.1714879792165,5.876392505582625e-20,1.3097825962443053e-17,RNA,C3vsC1_rna
ACZ81_RS05090,-2.0711192178875435,1908.7724078834997,2.4291189167890585e-08,6.369689604024643e-07,RNA,C3vsC1_rna
ACZ81_RS05095,-2.351290376021667,984.4988351597956,4.0794224822000237e-11,1.9718846986248787e-09,RNA,C3vsC1_rna
ACZ81_RS05100,-1.827753997624849,267.7886707930718,0.0004734827803468978,0.0031039426711629,RNA,C3vsC1_rna
ACZ81_RS05105,-0.5820230409360623,259.5154571309346,0.1060177308803425,0.2230430709449052,RNA,C3vsC1_rna
ACZ81_RS05110,-0.707509507274772,313.34870748855366,0.0276530699517278,0.0824863320790574,RNA,C3vsC1_rna
ACZ81_RS05115,-2.504416484964845,2171.826009654605,2.711069820659696e-08,7.062865013303051e-07,RNA,C3vsC1_rna
ACZ81_RS05120,-2.034086577245961,160.70219783056513,1.69625713275669e-05,0.0001869610883686769,RNA,C3vsC1_rna
ACZ81_RS05125,-1.4077632917186738,966.499676097268,0.0058425519819957,0.0242152051154618,RNA,C3vsC1_rna
ACZ81_RS05130,-0.6288878404892192,332.3983695530917,0.1412658737997065,0.2763328550387239,RNA,C3vsC1_rna
ACZ81_RS05135,-1.2531903432959703,1369.0506406393,4.318604435970946e-07,8.25059095100735e-06,RNA,C3vsC1_rna
ACZ81_RS05140,-1.1952038945415628,10802.760829700666,0.0070376565428086,0.0280666779818572,RNA,C3vsC1_rna
ACZ81_RS05145,-0.420956552439685,3023.2073438695065,0.0353239194846449,0.0996621413307984,RNA,C3vsC1_rna
ACZ81_RS05150,0.981823144283697,1918.2118620533415,0.1037347626178549,0.2197380504872407,RNA,C3vsC1_rna
ACZ81_RS05155,-0.545108540980574,1605.4794549662363,0.2297215731057253,0.3893988905102605,RNA,C3vsC1_rna
ACZ81_RS05160,2.231207342086842,873.449974116403,0.0043250896112206,0.0191104179738077,RNA,C3vsC1_rna
ACZ81_RS05165,1.684308431223091,1198.9817327545557,0.003908760268154,0.0176753176005947,RNA,C3vsC1_rna
ACZ81_RS05170,-0.1181523383747481,1100.502746529604,0.7514472459137234,0.8448807650215368,RNA,C3vsC1_rna
ACZ81_RS05175,-0.1896941167743467,306.12967009719347,0.634522566478918,0.7610476940847292,RNA,C3vsC1_rna
ACZ81_RS05180,-0.2049326400152931,507.4805154522272,0.4885323777798581,0.644381667838313,RNA,C3vsC1_rna
ACZ81_RS05185,0.5325423188963655,65.15577694610623,0.1480761385672183,0.285410074420243,RNA,C3vsC1_rna
ACZ81_RS05190,-0.3742949299161606,939.0194354285534,0.2389279535446641,0.3997603697340982,RNA,C3vsC1_rna
ACZ81_RS05195,0.1222131889110496,831.1440031584348,0.7572411782798044,0.8475491806549756,RNA,C3vsC1_rna
ACZ81_RS05200,-0.1259654381593826,1122.3741953285623,0.7065733304575093,0.8150581373765173,RNA,C3vsC1_rna
ACZ81_RS05205,0.1843797447831112,490.6057290412296,0.6899808064453408,0.8033090526577792,RNA,C3vsC1_rna
ACZ81_RS05210,1.3409184828695402,313.22608383886046,0.0049225851767634,0.0210981248224467,RNA,C3vsC1_rna
ACZ81_RS05215,0.6543043645103238,214.8893538965906,0.0766621747952918,0.1748542611021664,RNA,C3vsC1_rna
ACZ81_RS05220,1.1739201173302831,103.21727487825444,0.0060723490515107,0.025038298452889,RNA,C3vsC1_rna
ACZ81_RS05225,0.4681692964410165,85.43579562738118,0.2297472245544732,0.3893988905102605,RNA,C3vsC1_rna
ACZ81_RS05230,-0.081032221841202,159.61881438404237,0.801929934478119,0.8726180898091167,RNA,C3vsC1_rna
ACZ81_RS05235,-0.3065763244676597,194.959465737676,0.2399662426888224,0.4006714785766525,RNA,C3vsC1_rna
ACZ81_RS05240,-0.6711680388537535,233.4082216523805,0.1459619322821078,0.2831535222867929,RNA,C3vsC1_rna
ACZ81_RS05245,0.7734688526309809,1086.1179788885022,0.144984263493939,0.2816627418081406,RNA,C3vsC1_rna
ACZ81_RS05250,-0.2048270365430391,3762.1519782438368,0.6852391627774423,0.7994124806813313,RNA,C3vsC1_rna
ACZ81_RS05255,-0.5867516880405871,5028.54960312903,0.1634683310362246,0.3056139739894938,RNA,C3vsC1_rna
ACZ81_RS05260,-0.3354636596022995,2626.383786084713,0.322309768873218,0.4861611703824383,RNA,C3vsC1_rna
ACZ81_RS05265,0.3442892513139587,948.6480359622576,0.3907691422010101,0.5522246560445413,RNA,C3vsC1_rna
ACZ81_RS05270,0.108145768730038,1705.7741308142745,0.6148620649893864,0.744589980301062,RNA,C3vsC1_rna
ACZ81_RS05275,-0.7054515143033927,5278.083453429783,0.0196864591587875,0.0634904132998841,RNA,C3vsC1_rna
ACZ81_RS05280,-0.0218883344395879,1295.2647511670548,0.9513188348943016,0.97141541501551,RNA,C3vsC1_rna
ACZ81_RS05285,-0.5372519873837321,610.2015026269494,0.09369487377534,0.2029718323902075,RNA,C3vsC1_rna
ACZ81_RS05290,-0.5103464662534685,1743.6243918294977,0.235046107858122,0.3957217728605898,RNA,C3vsC1_rna
ACZ81_RS05295,-0.428132348844664,2525.3895962609517,0.1558289637640753,0.296791886498745,RNA,C3vsC1_rna
ACZ81_RS05300,-0.0918930759526779,212.3678147505506,0.7105419605982544,0.8181468846093588,RNA,C3vsC1_rna
ACZ81_RS05305,0.7880245410671364,208.8978998527708,0.0278732507548902,0.0828351718730514,RNA,C3vsC1_rna
ACZ81_RS05310,0.5983465275046262,269.7963090109895,0.0696517654223749,0.1635125119219241,RNA,C3vsC1_rna
ACZ81_RS05315,0.1852614031138638,545.0495168538023,0.403302572217488,0.564173612181507,RNA,C3vsC1_rna
ACZ81_RS05320,-0.3192831730163629,109.73395655151644,0.4145296806191961,0.5752516784965706,RNA,C3vsC1_rna
ACZ81_RS05325,-0.0376061780305099,138.19658942447,0.913825802031569,0.9463781925014596,RNA,C3vsC1_rna
ACZ81_RS05330,-0.7044026302124188,566.5885184033718,0.0130130126142102,0.0458866677746645,RNA,C3vsC1_rna
ACZ81_RS05335,-0.3757078070886788,216.53326978682065,0.3127121885059588,0.4779433524898693,RNA,C3vsC1_rna
ACZ81_RS05340,-1.2255759332036151,429.578243559538,0.00010031113092607266,0.0008349548906128704,RNA,C3vsC1_rna
ACZ81_RS05345,-3.191842927697488,16754.823422137197,3.1615026258047736e-29,1.585493566841094e-26,RNA,C3vsC1_rna
ACZ81_RS05350,-3.142908731197204,20217.85684044682,8.815095870106002e-24,2.5261546164903773e-21,RNA,C3vsC1_rna
ACZ81_RS05365,-0.9091950861463968,304.5104673646149,0.0104243222991378,0.0383691569395788,RNA,C3vsC1_rna
ACZ81_RS05370,0.3485189575534285,729.9424365528812,0.4636256307200987,0.622303790715636,RNA,C3vsC1_rna
ACZ81_RS05375,1.464457018580215,1454.3289306268134,9.53369958091284e-07,1.6207289287551825e-05,RNA,C3vsC1_rna
ACZ81_RS05380,1.5152579079191653,193.959170390868,0.00010072788975556336,0.0008366879786735407,RNA,C3vsC1_rna
ACZ81_RS05385,0.5450879358645365,105.68963310719408,0.1961604275149981,0.3484181715394846,RNA,C3vsC1_rna
ACZ81_RS05390,0.2454512735891831,4017.9622298990985,0.2884225269313542,0.4497366712342233,RNA,C3vsC1_rna
ACZ81_RS05395,-0.0522999623913558,2609.27213305326,0.918613802279219,0.949506702701064,RNA,C3vsC1_rna
ACZ81_RS05415,-2.075740127566415,5880.033369317334,1.217087773675545e-06,1.984941523571661e-05,RNA,C3vsC1_rna
ACZ81_RS05420,-0.6563939974572509,393.3134193746812,0.0186214135210667,0.0608876210648081,RNA,C3vsC1_rna
ACZ81_RS05425,-0.6206077978872219,1476.7758121720026,0.022661686510595,0.0707538414634297,RNA,C3vsC1_rna
ACZ81_RS05430,-0.19366362631243,629.852076664981,0.5796055999580698,0.7159616071004674,RNA,C3vsC1_rna
ACZ81_RS05435,0.0791114695710717,101.84767229244,0.8483431168619968,0.904917620785344,RNA,C3vsC1_rna
ACZ81_RS05440,0.0011219363444402,234.5799752964687,0.9964497982251728,0.9976343984442144,RNA,C3vsC1_rna
ACZ81_RS05445,-0.0779766776420976,135.61119823764116,0.7987993006150527,0.8706591255960662,RNA,C3vsC1_rna
ACZ81_RS05450,0.4205506045738976,95.82950601966252,0.1761476296390842,0.3218190528200311,RNA,C3vsC1_rna
ACZ81_RS05455,-0.4617144868015155,458.3557885165142,0.0477354516460667,0.1230207252374119,RNA,C3vsC1_rna
ACZ81_RS05460,-1.2581657296742237,1649.87713211782,2.8325611267677343e-11,1.4029920050113767e-09,RNA,C3vsC1_rna
ACZ81_RS05465,2.090013387017532,30344.99168607768,0.00019016696236918,0.0014207632272349,RNA,C3vsC1_rna
ACZ81_RS05470,1.355052023999358,13271.764178136702,0.0133354024258747,0.046685544967373,RNA,C3vsC1_rna
ACZ81_RS05475,1.4764869785254238,12548.66654884858,0.0049097605133576,0.021067336020953,RNA,C3vsC1_rna
ACZ81_RS05480,-0.1370164041827361,3170.221614193147,0.5501486049846802,0.6929972380529158,RNA,C3vsC1_rna
ACZ81_RS05485,-1.0812763926010025,1900.969645404328,4.8233117832540856e-09,1.4228769760599553e-07,RNA,C3vsC1_rna
ACZ81_RS05490,-1.4110990692068228,6618.379540057072,1.7343385092453968e-05,0.00019011382784405825,RNA,C3vsC1_rna
ACZ81_RS05495,-1.732044220009451,11459.113454464588,0.000350817468478938,0.0024183499717139,RNA,C3vsC1_rna
ACZ81_RS05500,0.3347029921935012,482.0149635559689,0.2505628532352958,0.4115676861766523,RNA,C3vsC1_rna
ACZ81_RS05505,-1.247888137584326,2799.723269879122,0.0012121765601548,0.0066986947098362,RNA,C3vsC1_rna
ACZ81_RS05515,-0.4867054957160771,463.2484342112072,0.186677707964755,0.336168012610948,RNA,C3vsC1_rna
ACZ81_RS05520,-0.3958185107578302,419.3456977002957,0.0132622654007172,0.0465106720172007,RNA,C3vsC1_rna
ACZ81_RS05525,0.118647921105587,565.6866393429979,0.5637217405858939,0.7041060522124075,RNA,C3vsC1_rna
ACZ81_RS05530,0.9038531163435796,43240.15761486454,0.0330249922846948,0.0948523091967533,RNA,C3vsC1_rna
ACZ81_RS05535,0.915827335146975,313.6556575384207,0.0125248664817309,0.0445476634084258,RNA,C3vsC1_rna
ACZ81_RS05540,2.542243056696556,377.7276679760257,3.776689611413563e-07,7.31984479274938e-06,RNA,C3vsC1_rna
ACZ81_RS05545,0.9775659248710618,793.8377842323802,0.0187594558678155,0.0612890365974559,RNA,C3vsC1_rna
ACZ81_RS05550,0.6138538094739723,583.1196873149486,0.0247339857120612,0.0751194176205827,RNA,C3vsC1_rna
ACZ81_RS05555,-0.0108296524415675,382.53501190526447,0.9611846083491832,0.9775720105017496,RNA,C3vsC1_rna
ACZ81_RS05560,-0.0831215375637901,10705.903544471084,0.8588069557710989,0.9123901975694408,RNA,C3vsC1_rna
ACZ81_RS05565,-0.2581125531370351,12745.350257855189,0.6201016175646539,0.749577490108283,RNA,C3vsC1_rna
ACZ81_RS05570,-0.0368431937817464,3935.660354203957,0.921097822863844,0.951208356584232,RNA,C3vsC1_rna
ACZ81_RS05575,0.2814551451196066,2513.6033692922424,0.4361612609902913,0.5962108957727594,RNA,C3vsC1_rna
ACZ81_RS05580,-0.004281970454031,5076.759320815812,0.9872139608026522,0.9911667694545148,RNA,C3vsC1_rna
ACZ81_RS05585,0.1780939729187117,10345.00362651236,0.6292984527378233,0.7563647071252686,RNA,C3vsC1_rna
ACZ81_RS05590,0.2843748091873415,259.95831667231914,0.2272466957369261,0.3861557574318288,RNA,C3vsC1_rna
ACZ81_RS05595,-0.4883053557799949,590.8297454004307,0.1295073720175929,0.259661957288647,RNA,C3vsC1_rna
ACZ81_RS05600,-0.9106638445266116,441.3736210910273,0.0040859117030115,0.0183214147150602,RNA,C3vsC1_rna
ACZ81_RS05605,-0.4649695791327524,25.25365338087483,0.4160822865871379,0.5762244162193985,RNA,C3vsC1_rna
ACZ81_RS05610,0.4530374668875921,60.99012383322537,0.3027826439702489,0.46632014111656,RNA,C3vsC1_rna
ACZ81_RS05615,-0.0911316993144366,90.26374840625262,0.7821390219673696,0.8639707478339996,RNA,C3vsC1_rna
ACZ81_RS05625,-0.2453579759830748,423.59716888151615,0.3387698914623885,0.5039469056533566,RNA,C3vsC1_rna
ACZ81_RS05630,-0.3920594635068344,99.10476532984067,0.2587590126951242,0.4204702952340374,RNA,C3vsC1_rna
ACZ81_RS05635,-0.2314736463876033,48.31786102610927,0.5329787374741326,0.6794759118990212,RNA,C3vsC1_rna
ACZ81_RS05640,1.624648152757378,223.19618672353224,0.0008574088463355011,0.0050291290811374,RNA,C3vsC1_rna
ACZ81_RS05645,-0.8078464431121877,69.80144169703077,0.0243136182812314,0.0741232800488605,RNA,C3vsC1_rna
ACZ81_RS05650,-0.0250867416338023,19.83568114012046,0.9676158970151434,0.9803219643496855,RNA,C3vsC1_rna
ACZ81_RS05655,-0.8258783545567,30.93380350477277,0.0574452084047421,0.1411329921125692,RNA,C3vsC1_rna
ACZ81_RS05660,0.7222564005479202,149.05091059588958,0.0501438295300727,0.1274886210865981,RNA,C3vsC1_rna
ACZ81_RS05665,-0.4065910545360013,97.33783922008038,0.3252774720246192,0.489669111743602,RNA,C3vsC1_rna
ACZ81_RS05670,-0.6162499059220269,37.50619241085416,0.2666048649624666,0.4288767915915862,RNA,C3vsC1_rna
ACZ81_RS05675,0.8196062351967434,57.94143290117224,0.099356130697388,0.2126036174113976,RNA,C3vsC1_rna
ACZ81_RS05680,6.508632083135864,25.255458517922825,3.890496565333919e-06,5.457577699342546e-05,RNA,C3vsC1_rna
ACZ81_RS05685,0.8341411861040711,19.816748297045915,0.2879556464422483,0.4495886297436431,RNA,C3vsC1_rna
ACZ81_RS05690,-0.0754399449247318,85.26352510915808,0.8496325631497125,0.9058532669031748,RNA,C3vsC1_rna
ACZ81_RS05695,0.4154589749523024,84.18470542666618,0.2147982114138835,0.3714527690484917,RNA,C3vsC1_rna
ACZ81_RS05700,1.7188623049070102,1762.4468863191707,4.659913439961877e-10,1.7483090239734912e-08,RNA,C3vsC1_rna
ACZ81_RS05705,0.620057583123253,1285.645759627206,0.0225903662991845,0.0705860978133398,RNA,C3vsC1_rna
ACZ81_RS05710,0.4590108579354685,663.3047323313591,0.0640590904166671,0.1542647483503413,RNA,C3vsC1_rna
ACZ81_RS05715,0.5225040015800851,584.4181846607578,0.0715504604903826,0.1664118536158928,RNA,C3vsC1_rna
ACZ81_RS05720,-0.527159660191604,157.51732661266388,0.4203279789347828,0.5795037290331095,RNA,C3vsC1_rna
ACZ81_RS05725,0.4341683013147207,1073.8797230958648,0.5712765942209811,0.7110115763999889,RNA,C3vsC1_rna
ACZ81_RS05730,-0.4646851712592441,1348.1286345884737,0.3790145317097413,0.542105633233327,RNA,C3vsC1_rna
ACZ81_RS05735,-0.0296186441849906,356.47159428632096,0.964003353513849,0.9779209879726488,RNA,C3vsC1_rna
ACZ81_RS05740,-0.0194972962081843,1964.0862878080536,0.9836584868014854,0.988339055609206,RNA,C3vsC1_rna
ACZ81_RS05745,0.4136656587586191,277.08517071277544,0.1103519030872042,0.2301527227297694,RNA,C3vsC1_rna
ACZ81_RS05755,-1.3058301749859214,76.76553653405144,0.0190718182930925,0.0620065923759217,RNA,C3vsC1_rna
ACZ81_RS05760,-0.7591329266863153,684.8460278210642,0.1103723426052035,0.2301527227297694,RNA,C3vsC1_rna
ACZ81_RS05765,1.3232692239617632,28.45037405741035,0.04663273423787,0.1210158665991814,RNA,C3vsC1_rna
ACZ81_RS05770,-1.2189307204275766,70.99098570593347,0.0034561393662436,0.0159746902504256,RNA,C3vsC1_rna
ACZ81_RS05775,-0.2135060823798587,190.284550955339,0.6262790284754742,0.7545439826557365,RNA,C3vsC1_rna
ACZ81_RS05780,0.1663566817584021,224.66408684969824,0.6145793714171196,0.744589980301062,RNA,C3vsC1_rna
ACZ81_RS05785,2.129057579134735,324.22257412111804,1.3947646928229398e-07,2.976487206173209e-06,RNA,C3vsC1_rna
ACZ81_RS05790,2.279625432202343,616.4725750529196,1.397153205274332e-05,0.00016015367598744629,RNA,C3vsC1_rna
ACZ81_RS05795,0.7078197560981432,79.11216632836158,0.0443610830698971,0.1172116314749607,RNA,C3vsC1_rna
ACZ81_RS05800,0.5360188282399917,24.7735952897192,0.4954066502099692,0.651223666736188,RNA,C3vsC1_rna
ACZ81_RS05805,1.3712452847776753,1117.6853492055236,0.0002695672758742296,0.0019141662138184,RNA,C3vsC1_rna
ACZ81_RS05810,0.9220358122404186,1020.5501925076384,0.0372604588413448,0.103595953479886,RNA,C3vsC1_rna
ACZ81_RS05815,0.3973965986749631,93.13349226785124,0.3626548282767518,0.5262182999012429,RNA,C3vsC1_rna
ACZ81_RS05820,0.187828733034282,263.6191902630438,0.5275401602258525,0.6759792790885085,RNA,C3vsC1_rna
ACZ81_RS05825,0.1331854899615304,948.0305282251372,0.5629585888628834,0.7038298094477683,RNA,C3vsC1_rna
ACZ81_RS05830,0.8942126965632536,515.3417852054031,0.0002487183098317837,0.0017914862819481,RNA,C3vsC1_rna
ACZ81_RS05835,0.7959344990383405,511.0986475632391,0.0046961629386725,0.020346658434076,RNA,C3vsC1_rna
ACZ81_RS05840,0.5003598005568672,146.5255195390465,0.3146774725383422,0.4791218291551533,RNA,C3vsC1_rna
ACZ81_RS05845,-0.700629132046949,1448.752118324314,0.1067760026157987,0.2240509008862889,RNA,C3vsC1_rna
ACZ81_RS05850,-1.0083864639825664,479.2058468097696,0.006450550213279,0.0261939346717363,RNA,C3vsC1_rna
ACZ81_RS05855,0.0364518320386866,584.1046475252674,0.8910160485279539,0.9312043814321508,RNA,C3vsC1_rna
ACZ81_RS05860,1.0508403398195316,1000.7751688884176,2.8680401001192694e-05,0.00028821428281930684,RNA,C3vsC1_rna
ACZ81_RS05865,0.8362521975531679,734.7726611435351,0.0332194767009046,0.0950617264793362,RNA,C3vsC1_rna
ACZ81_RS05870,1.2512676447479922,85.52709922515619,0.051137640883585,0.1291675041408633,RNA,C3vsC1_rna
ACZ81_RS05875,-1.8714296645384616,6336.181959249133,1.4542273124069462e-05,0.00016574886299365536,RNA,C3vsC1_rna
ACZ81_RS05880,-1.5162423543638923,10786.352997349548,0.0005149439146851287,0.0033055279771467,RNA,C3vsC1_rna
ACZ81_RS05885,-2.1825970146627527,63590.58080823145,5.26912683735484e-05,0.0004916217877085492,RNA,C3vsC1_rna
ACZ81_RS05890,-0.2258612434268582,7584.793545403454,0.3585851628069913,0.5227629626386807,RNA,C3vsC1_rna
ACZ81_RS05895,0.9296642280938848,1083.9105782499646,0.0049693707510212,0.0212322848275795,RNA,C3vsC1_rna
ACZ81_RS05900,0.6415309431049684,8834.73083528792,0.3261705923265544,0.4902946483380053,RNA,C3vsC1_rna
ACZ81_RS05905,0.7082416600810878,1320.4623080444146,0.0030420602934221,0.0145007559826563,RNA,C3vsC1_rna
ACZ81_RS05910,0.6589569874263473,1578.3879451571331,0.0052904479445188,0.0223423970035891,RNA,C3vsC1_rna
ACZ81_RS05915,0.4247043283411569,423.1064030927677,0.0741904523215727,0.1711627916700113,RNA,C3vsC1_rna
ACZ81_RS05920,-0.317490652821784,416.2987266527037,0.5583946654522689,0.6993796398732876,RNA,C3vsC1_rna
ACZ81_RS05925,0.937053651931432,1267.5312165510256,0.0124821363226492,0.0444350762435393,RNA,C3vsC1_rna
ACZ81_RS05930,0.2649812234619196,216.69742179350425,0.4731539099548891,0.630871879939852,RNA,C3vsC1_rna
ACZ81_RS05935,-2.6022414395424924,4103.405400187426,2.36718324306672e-19,4.522447224373181e-17,RNA,C3vsC1_rna
ACZ81_RS05940,0.2420706527887142,194.56095146009437,0.3135532363119148,0.478368685213801,RNA,C3vsC1_rna
ACZ81_RS05945,0.369792569071134,143.09161190842113,0.2305381135830952,0.3901911198687207,RNA,C3vsC1_rna
ACZ81_RS05950,1.5830039195150176,108.16605425420885,0.00013222325795850454,0.0010483788753547,RNA,C3vsC1_rna
ACZ81_RS05955,0.7942252279624501,3757.375873127425,0.0986780925831945,0.2116176061688775,RNA,C3vsC1_rna
ACZ81_RS05960,0.0783010644663648,283.05499630613286,0.8886797093326521,0.9304235370152923,RNA,C3vsC1_rna
ACZ81_RS05965,0.3657090907194901,775.1499657012841,0.0423350099772086,0.1131566022841844,RNA,C3vsC1_rna
ACZ81_RS05970,0.1349365825433397,50.432676133396896,0.7611134514741141,0.851055509284879,RNA,C3vsC1_rna
ACZ81_RS05975,0.0176578528302688,109.10444260220316,0.9634563312083494,0.9779209879726488,RNA,C3vsC1_rna
ACZ81_RS05980,-0.2678479609018496,152.20222622363758,0.4220768493726721,0.5817149844325525,RNA,C3vsC1_rna
ACZ81_RS05985,-0.445345214574105,143.84979102438172,0.2789487034689316,0.4401554384270671,RNA,C3vsC1_rna
ACZ81_RS05990,-0.1425746091641133,545.8599467514955,0.6170461771791631,0.7470094335675325,RNA,C3vsC1_rna
ACZ81_RS05995,-0.4669602138690876,261.25369078972415,0.2022868038083923,0.3560948747210527,RNA,C3vsC1_rna
ACZ81_RS06000,-0.6783193390468454,217.42596275263145,0.0607708886067863,0.1473189154624936,RNA,C3vsC1_rna
ACZ81_RS06015,-0.2107765715026718,394.9145552976551,0.5300251945094694,0.6778645458629236,RNA,C3vsC1_rna
ACZ81_RS06020,-1.021770121540536,2008.0453266434813,0.0003097761979256396,0.0021689740071163,RNA,C3vsC1_rna
ACZ81_RS06025,-1.1651889965572757,924.2563777860448,9.725099162136331e-07,1.6462910480375934e-05,RNA,C3vsC1_rna
ACZ81_RS06030,0.5037341396053586,481.6009704194447,0.0707868906972524,0.1655012721282743,RNA,C3vsC1_rna
ACZ81_RS06035,-0.0119116078198967,573.4551433858356,0.9673296296196732,0.9802794832114494,RNA,C3vsC1_rna
ACZ81_RS06040,-0.3743187624485066,470.1916925304285,0.1163221440370579,0.2384693111275812,RNA,C3vsC1_rna
ACZ81_RS06050,0.6740101498704597,1979.5169711816063,0.0646431892381311,0.1552055507022034,RNA,C3vsC1_rna
ACZ81_RS06055,0.1680660305304404,1971.6447524525652,0.2279960846069984,0.3871012659514506,RNA,C3vsC1_rna
ACZ81_RS06060,0.6737797137575104,73.37650227651004,0.1366009163469437,0.2698389347040563,RNA,C3vsC1_rna
ACZ81_RS06065,2.8260231934580853,3.8102511738410096,0.0794263443691127,0.1800330472366555,RNA,C3vsC1_rna
ACZ81_RS06070,1.074584527459372,292.2030949697488,6.010051872139543e-05,0.0005480074570687239,RNA,C3vsC1_rna
ACZ81_RS06075,-1.1820679353413217,166.87303345672348,0.0050497642875208,0.02152991957655,RNA,C3vsC1_rna
ACZ81_RS06080,-1.537935802885908,1002.4827568685804,0.0018690700585499,0.0097132078669386,RNA,C3vsC1_rna
ACZ81_RS06085,-1.5371305214293176,486.64330942298926,0.0035121155221543,0.0161589535262424,RNA,C3vsC1_rna
ACZ81_RS06090,-1.6777156224892984,572.5855548777183,0.0009067291948534616,0.005270178034711,RNA,C3vsC1_rna
ACZ81_RS06095,-1.8470515459206225,1248.7743559053663,0.0005478998956257533,0.0034508232044749,RNA,C3vsC1_rna
ACZ81_RS06100,0.2928267691747346,1804.634712448091,0.2745842068618718,0.4362812967996223,RNA,C3vsC1_rna
ACZ81_RS06105,0.1645795206427212,82.08385223795976,0.6800233353773621,0.7965704004478765,RNA,C3vsC1_rna
ACZ81_RS06110,-1.4220656787581498,1262.4149987248934,2.1598457865944972e-10,8.933300304966107e-09,RNA,C3vsC1_rna
ACZ81_RS06115,-1.3144652136890722,894.1681915040899,3.504254408592606e-06,4.985485350096999e-05,RNA,C3vsC1_rna
ACZ81_RS06120,1.3161895295761818,364.1274545274229,0.0019573463649491,0.0100677866874053,RNA,C3vsC1_rna
ACZ81_RS06125,0.3814370359255506,63.28759902841762,0.3951274912783352,0.5553085833786243,RNA,C3vsC1_rna
ACZ81_RS06130,0.4678658430402422,78.01596468217147,0.2907611823202831,0.4523202262384552,RNA,C3vsC1_rna
ACZ81_RS06135,0.3767811833317792,105.27790538218618,0.429981629389839,0.5903786095523731,RNA,C3vsC1_rna
ACZ81_RS06140,1.8650338258006207,17.72218097775397,0.0286326980641417,0.0847800469405953,RNA,C3vsC1_rna
ACZ81_RS06145,1.4233541662569835,112.96897908422012,0.0002985818538338314,0.0020942489468205,RNA,C3vsC1_rna
ACZ81_RS06150,0.8679724719965881,284.11023505782634,0.0559478240796137,0.1384717274567614,RNA,C3vsC1_rna
ACZ81_RS06155,-0.57702545653173,3999.66447149537,0.1566716243828897,0.2978602076158019,RNA,C3vsC1_rna
ACZ81_RS06160,-0.0473074964612137,3202.9152816462865,0.929841700687628,0.9575269258621056,RNA,C3vsC1_rna
ACZ81_RS06165,0.2788932383270887,541.8458968479417,0.42843547826703,0.5884570827823775,RNA,C3vsC1_rna
ACZ81_RS06170,-0.1409264427829581,1248.9319645807946,0.5553968330861087,0.6974184958815236,RNA,C3vsC1_rna
ACZ81_RS06175,1.3504175588272178,238.91049697355464,0.0063922845845516,0.0260337748620874,RNA,C3vsC1_rna
ACZ81_RS06180,-2.151208264480632,331.6100667139273,0.0025200965884835,0.0124361962029471,RNA,C3vsC1_rna
ACZ81_RS06185,1.4642987751139545,1058.0857256395489,1.3262096438557036e-05,0.00015403022441986208,RNA,C3vsC1_rna
ACZ81_RS06190,-0.4064438158451053,209.07150225964395,0.127822148238222,0.2569250795249232,RNA,C3vsC1_rna
ACZ81_RS06195,0.3964594222322252,3967.43806289198,0.0569811349072414,0.1403502193997071,RNA,C3vsC1_rna
ACZ81_RS06200,-0.50454786578032,587.1527114665037,0.0297020300669094,0.0868095247641194,RNA,C3vsC1_rna
ACZ81_RS06205,0.1499619040936861,1042.7211603398189,0.4183742805035097,0.5778029650189608,RNA,C3vsC1_rna
ACZ81_RS06210,-0.2738772225201006,133.91827462377452,0.4600211706860551,0.6191282016726348,RNA,C3vsC1_rna
ACZ81_RS06215,-0.1120801541822755,257.5653836937336,0.6818638181478587,0.7975619937053087,RNA,C3vsC1_rna
ACZ81_RS06220,-1.5666307474371386,1619.6612622369855,3.3020625363742736e-05,0.00032155036155178605,RNA,C3vsC1_rna
ACZ81_RS06225,-1.2234096566706787,363.3310787102809,0.0008726753193269282,0.0050963222432891,RNA,C3vsC1_rna
ACZ81_RS06230,0.8207015292275501,1155.530161147403,0.0079541588119222,0.0311337416131043,RNA,C3vsC1_rna
ACZ81_RS06235,0.6543245422518483,1136.5471730759807,0.085501846103323,0.1906800481192507,RNA,C3vsC1_rna
ACZ81_RS06240,0.3763446666249613,229.2194503883824,0.2930047228606348,0.4551045095303394,RNA,C3vsC1_rna
ACZ81_RS06245,0.5851513706698488,317.3652278995609,0.0231579035087294,0.0719325754967206,RNA,C3vsC1_rna
ACZ81_RS06250,-0.372120682859335,689.4940032989033,0.2102290465294106,0.3657368400521114,RNA,C3vsC1_rna
ACZ81_RS06255,1.8272044646693832,4100.354853682396,1.4377123069028192e-05,0.00016433338391151314,RNA,C3vsC1_rna
ACZ81_RS06260,1.5765245631515366,10945.94538799059,1.4458516676065174e-06,2.320302756174939e-05,RNA,C3vsC1_rna
ACZ81_RS06265,1.3150434944594651,10249.651314975672,0.0034838779042978,0.0160658829333827,RNA,C3vsC1_rna
ACZ81_RS06270,1.182622225859953,1614.9721932886575,0.0207167130283108,0.0661689613648126,RNA,C3vsC1_rna
ACZ81_RS06275,0.2109785784688259,226.14573038306776,0.6288555285638654,0.7560588494450787,RNA,C3vsC1_rna
ACZ81_RS06280,-0.0752997837038687,88.37362006151257,0.7961266131480413,0.8699073816013589,RNA,C3vsC1_rna
ACZ81_RS06285,-0.0390591926184099,717.3482989146779,0.9297065774980336,0.9575269258621056,RNA,C3vsC1_rna
ACZ81_RS06290,0.2865867402600637,897.8890441317743,0.2508516585685509,0.4116224352462276,RNA,C3vsC1_rna
ACZ81_RS06295,0.2499415666093225,145.22519492800308,0.3695591818363574,0.5321429865702088,RNA,C3vsC1_rna
ACZ81_RS06300,0.6248354155960807,190.11167246040708,0.0855010402274296,0.1906800481192507,RNA,C3vsC1_rna
ACZ81_RS06305,-0.6366156151667918,81.39333667402096,0.2467726079864013,0.4089432892364487,RNA,C3vsC1_rna
ACZ81_RS06310,0.460563493210952,392.493423430806,0.4234168626300694,0.5829610339299378,RNA,C3vsC1_rna
ACZ81_RS06315,-0.3364647968689186,674.8804939169219,0.2423159860067948,0.4033907617673282,RNA,C3vsC1_rna
ACZ81_RS06320,-0.0399062075531402,371.9278931477276,0.9170546386275592,0.9487319863029096,RNA,C3vsC1_rna
ACZ81_RS06325,-1.1595014013023677,1300.8248815002348,1.5544350606828877e-05,0.00017420093473351244,RNA,C3vsC1_rna
ACZ81_RS06330,-1.1405177145776595,2286.583498538905,0.024059093163182,0.0736832685272415,RNA,C3vsC1_rna
ACZ81_RS06335,-1.0691042532388753,3398.5245632084816,0.0411120360219881,0.1109985647915601,RNA,C3vsC1_rna
ACZ81_RS06340,-1.0180973948923673,2054.019446309775,0.0033259879987649,0.0155341837614029,RNA,C3vsC1_rna
ACZ81_RS06345,-0.3918352050184618,391.92893046044,0.2597975453252116,0.4213046692986051,RNA,C3vsC1_rna
ACZ81_RS06350,0.1310832447104606,322.67306132234813,0.5796699473571039,0.7159616071004674,RNA,C3vsC1_rna
ACZ81_RS06355,0.7813085716777189,479.82970620497696,0.2840080818527998,0.4457904633777124,RNA,C3vsC1_rna
ACZ81_RS06360,0.5550553648758432,763.0317987617592,0.2856951553473357,0.447388354119247,RNA,C3vsC1_rna
ACZ81_RS06365,0.251157486365508,265.51937907407955,0.2676177934548919,0.4299890217625256,RNA,C3vsC1_rna
ACZ81_RS06370,-0.1228330974562946,479.3173825422425,0.5837397639705368,0.7181735458601024,RNA,C3vsC1_rna
ACZ81_RS06375,0.6586132255350627,49.176979027957934,0.2261187082071536,0.3845647551195847,RNA,C3vsC1_rna
ACZ81_RS06380,1.520976566701179,51.21757745468673,0.0160611532170532,0.0541945725036311,RNA,C3vsC1_rna
ACZ81_RS06385,1.284264350724151,2495.253723141807,0.0012156734525897,0.0066995630381731,RNA,C3vsC1_rna
ACZ81_RS06390,1.552870104596748,165.8093089164084,3.129010223520739e-05,0.0003069337167913253,RNA,C3vsC1_rna
ACZ81_RS06395,-1.3202159528675208,743.1131337589048,9.522961562304662e-05,0.0007977470338065031,RNA,C3vsC1_rna
ACZ81_RS06400,-1.492725480370868,497.05182013432704,2.742139396716819e-13,2.1156660114668997e-11,RNA,C3vsC1_rna
ACZ81_RS06405,-0.9347513960787251,505.3516780664898,4.459384484429588e-05,0.0004209658953301531,RNA,C3vsC1_rna
ACZ81_RS06410,-0.6895622505418102,356.06828636718166,0.1957405809908672,0.3483514656499843,RNA,C3vsC1_rna
ACZ81_RS06415,-0.5418540074518396,650.7952044631035,0.0491761292738783,0.1257454624899936,RNA,C3vsC1_rna
ACZ81_RS06420,-0.4155474979286875,406.3646484457011,0.0745827122092442,0.1717714359262273,RNA,C3vsC1_rna
ACZ81_RS06425,-0.1078673444845795,500.1150997067964,0.7056252653022048,0.8146348154648771,RNA,C3vsC1_rna
ACZ81_RS06430,0.0084437073480114,2366.4782893475985,0.9723358865175088,0.982870137744582,RNA,C3vsC1_rna
ACZ81_RS06435,-0.0728156617495363,2519.966707192528,0.75188855899374,0.8448807650215368,RNA,C3vsC1_rna
ACZ81_RS06440,0.1789496236890849,1302.5495033593534,0.4390429982307201,0.5988400821996427,RNA,C3vsC1_rna
ACZ81_RS06460,0.6715375306572734,4637.3270392980485,0.0116825257471923,0.0418858742607109,RNA,C3vsC1_rna
ACZ81_RS06470,0.6146907467958448,256.4801373974618,0.1446641229010708,0.2813342031406186,RNA,C3vsC1_rna
ACZ81_RS06475,-0.0443801629933352,400.2410634242296,0.8588164708868289,0.9123901975694408,RNA,C3vsC1_rna
ACZ81_RS06480,0.3851229836749991,183.3637649266508,0.3944147299850751,0.5549736788029777,RNA,C3vsC1_rna
ACZ81_RS06485,-1.3417467097770877,997.1223318349086,0.0045268506553201,0.0198181989707432,RNA,C3vsC1_rna
ACZ81_RS06490,-1.2438915315942418,283.0960072080137,1.7397649563872813e-07,3.5611923495029453e-06,RNA,C3vsC1_rna
ACZ81_RS06495,1.507931899720515,327.4495976929936,0.0104838985167232,0.038517766345324,RNA,C3vsC1_rna
ACZ81_RS06500,-3.889316935425411,2019.807923933256,7.328368611358657e-07,1.3067295497231524e-05,RNA,C3vsC1_rna
ACZ81_RS06505,-0.4088914701309032,225.6931431579623,0.1323615114763684,0.2638024759280626,RNA,C3vsC1_rna
ACZ81_RS06510,1.2154840714967687,98.74484106041793,0.0003579521188009672,0.0024633000010797,RNA,C3vsC1_rna
ACZ81_RS06515,-0.420140140770912,109.86227697558851,0.1516746721680923,0.2907849977255235,RNA,C3vsC1_rna
ACZ81_RS06520,-0.161299689557266,363.2064462761756,0.7060033034325468,0.8146348154648771,RNA,C3vsC1_rna
ACZ81_RS06525,0.4288617638376046,1729.097038000852,0.0371115101223259,0.1033250372038666,RNA,C3vsC1_rna
ACZ81_RS06530,0.1936470492371403,426.7845854154905,0.6728781048785688,0.7912753300406373,RNA,C3vsC1_rna
ACZ81_RS06535,-0.0467543081029515,220.0171930276624,0.9021684860112476,0.9396417356898042,RNA,C3vsC1_rna
ACZ81_RS06540,-0.8042428953436686,91.66113119262846,0.0419360988804422,0.1123898655366293,RNA,C3vsC1_rna
ACZ81_RS06545,-1.463872361773331,1098.4603613081524,6.859782729195647e-07,1.23970487880779e-05,RNA,C3vsC1_rna
ACZ81_RS06550,-0.1991314811521015,123.08449187518131,0.5486283575723934,0.6915431531401618,RNA,C3vsC1_rna
ACZ81_RS06555,-0.7206290978783584,145.86739291955664,0.0152757496278462,0.0522920712516375,RNA,C3vsC1_rna
ACZ81_RS06560,-1.9231571936261436,488.9325241197907,1.2350756345604043e-09,4.0615765949642154e-08,RNA,C3vsC1_rna
ACZ81_RS06565,-3.18904516900716,365.6527654585139,3.724471013679322e-10,1.4794631392951924e-08,RNA,C3vsC1_rna
ACZ81_RS06570,-0.8012780314092748,756.8119426597478,0.0376538229462848,0.1043281337434357,RNA,C3vsC1_rna
ACZ81_RS06575,1.0114949365002908,1189.2497568520928,0.0025750091569616,0.0125762420564358,RNA,C3vsC1_rna
ACZ81_RS06585,1.223349351156112,61.07960839537812,0.0305156940561943,0.0889745381929154,RNA,C3vsC1_rna
ACZ81_RS06590,1.4359482941321289,3502.883197328335,1.4630905105813982e-06,2.332078077821619e-05,RNA,C3vsC1_rna
ACZ81_RS06595,2.042086808867789,2686.911225744117,1.983248113837766e-09,6.314913835489777e-08,RNA,C3vsC1_rna
ACZ81_RS06600,0.5184070764728822,91.03874382484872,0.1047986934884695,0.2214072450109213,RNA,C3vsC1_rna
ACZ81_RS06605,-0.2916502653215311,189.88984683273384,0.2842462551973275,0.4459898223901752,RNA,C3vsC1_rna
ACZ81_RS06610,0.2816008693725076,429.27043964034857,0.2694167005063146,0.4313247415927111,RNA,C3vsC1_rna
ACZ81_RS06615,0.3809666193342766,342.56862245331274,0.2417275628767396,0.4025782408723451,RNA,C3vsC1_rna
ACZ81_RS06620,-0.0182042461756072,151.67811086019117,0.9451026890061904,0.968024505563655,RNA,C3vsC1_rna
ACZ81_RS06625,0.6211067602035547,2136.525418609139,0.0146851222242948,0.0505289111182426,RNA,C3vsC1_rna
ACZ81_RS06630,-1.73591910672199,635.6268717303016,2.8771590283855245e-05,0.00028821428281930684,RNA,C3vsC1_rna
ACZ81_RS06635,-0.2035524303176382,950.7010051374368,0.3856120549260037,0.5482195479670896,RNA,C3vsC1_rna
ACZ81_RS06640,-0.2524073697647044,514.9935928092157,0.5160616294084377,0.6665934504786387,RNA,C3vsC1_rna
ACZ81_RS06645,0.2671956307458604,365.823767582366,0.395166003376364,0.5553085833786243,RNA,C3vsC1_rna
ACZ81_RS06650,0.0114069691156569,685.0695311056023,0.9891859792807012,0.9924016376279502,RNA,C3vsC1_rna
ACZ81_RS06655,-0.6653906857108489,263.4455699884669,0.1949019865885529,0.3479958923868599,RNA,C3vsC1_rna
ACZ81_RS06660,0.2856697009786338,463.8423362118504,0.4019398356176931,0.5628560630011117,RNA,C3vsC1_rna
ACZ81_RS06665,0.8949670694390836,1063.2572853938798,0.0007294516696516209,0.0043810779919794,RNA,C3vsC1_rna
ACZ81_RS06670,0.0646314825927571,844.705381917418,0.803169497487169,0.8736290144389782,RNA,C3vsC1_rna
ACZ81_RS06675,-0.6951117317864767,358.08602324626696,0.0292650087699219,0.0858896965507876,RNA,C3vsC1_rna
ACZ81_RS06680,-0.232759014832595,142.5397084711462,0.3947316611786996,0.5550870748857143,RNA,C3vsC1_rna
ACZ81_RS06685,0.4545893399140217,337.9605969307028,0.3944895535538609,0.5549736788029777,RNA,C3vsC1_rna
ACZ81_RS06690,0.177662342499347,584.5625995588674,0.4724884004684134,0.6306107911844581,RNA,C3vsC1_rna
ACZ81_RS06695,0.2374457824470331,246.8722224880836,0.419112978112779,0.578319972973861,RNA,C3vsC1_rna
ACZ81_RS06700,0.924727610320513,206.21988580604292,0.0021350468555217,0.0108017755162086,RNA,C3vsC1_rna
ACZ81_RS06705,-1.115631920735366,4596.89715711622,0.0765002834354546,0.1747156328840673,RNA,C3vsC1_rna
ACZ81_RS06710,0.8311996418307499,76.21609342846925,0.0527224363829006,0.1322841868469027,RNA,C3vsC1_rna
ACZ81_RS06715,0.3337169432696319,55.31807014598255,0.4810041701791199,0.6381576490603932,RNA,C3vsC1_rna
ACZ81_RS06720,0.1372902191513945,66.55244273824691,0.7669981497843634,0.8549439552802476,RNA,C3vsC1_rna
ACZ81_RS06725,-0.5793007843075645,109.80575093457756,0.0740296139267647,0.1709883771296374,RNA,C3vsC1_rna
ACZ81_RS06730,-0.1273084152302887,53.03508025302855,0.8128802757979354,0.8812331293550162,RNA,C3vsC1_rna
ACZ81_RS06735,-0.2112041986290433,26.929370916338264,0.6845238949399612,0.7988103160265051,RNA,C3vsC1_rna
ACZ81_RS06740,0.1117310005441637,110.82654734617692,0.728905517246798,0.8293729254662943,RNA,C3vsC1_rna
ACZ81_RS06750,-0.5535174937744944,3095.204546049351,0.0444712492706308,0.1172116314749607,RNA,C3vsC1_rna
ACZ81_RS06755,0.070452932321617,3485.9921567261927,0.8817304930889405,0.926775671541218,RNA,C3vsC1_rna
ACZ81_RS06760,-1.8434875224371663,10731.824434118134,2.334486105622191e-05,0.0002432716430066553,RNA,C3vsC1_rna
ACZ81_RS06785,0.8803614658437549,1588.7694326313865,0.0007016413741923005,0.0042522434943497,RNA,C3vsC1_rna
ACZ81_RS06815,-0.0754941405035301,1271.3657262090646,0.8513698487543064,0.9066006005748212,RNA,C3vsC1_rna
ACZ81_RS06820,0.415298695110657,77.85232875794986,0.393405212643015,0.5543569430819365,RNA,C3vsC1_rna
ACZ81_RS06825,1.4837366249903994,271.6098023625638,0.0203088498254076,0.0651311794560635,RNA,C3vsC1_rna
ACZ81_RS06830,-1.015523043713295,137.9679903715056,0.001271948629869,0.0069618798131441,RNA,C3vsC1_rna
ACZ81_RS06835,-0.501836228082145,921.6008333275976,0.0345540152678625,0.097833951485296,RNA,C3vsC1_rna
ACZ81_RS06840,-0.2399082301691688,688.008874618059,0.4958016578833545,0.651223666736188,RNA,C3vsC1_rna
ACZ81_RS06845,-0.1189904064100976,1318.2269311845705,0.6962453720583388,0.8084910080168032,RNA,C3vsC1_rna
ACZ81_RS06850,-0.6174819510412871,752.9021698824808,0.0018075237558068,0.0094179029977886,RNA,C3vsC1_rna
ACZ81_RS06855,-1.0570735134992764,363.0364892715507,0.0085421635067983,0.0326998596710317,RNA,C3vsC1_rna
ACZ81_RS06860,0.725641551289447,285.36738941752094,0.0030472681073492,0.0145025381336714,RNA,C3vsC1_rna
ACZ81_RS06865,0.2808165783502291,243.91727605211025,0.3648345384581276,0.5272972801186704,RNA,C3vsC1_rna
ACZ81_RS06870,-0.0535555963852616,1035.8002024912132,0.8596298471616366,0.9123901975694408,RNA,C3vsC1_rna
ACZ81_RS06875,-0.0269322554116046,742.7523367850964,0.9574688129780538,0.9752132210378144,RNA,C3vsC1_rna
ACZ81_RS06880,-0.7127757695205946,169.96697844076536,0.2558152908831448,0.4163614389546357,RNA,C3vsC1_rna
ACZ81_RS06885,-0.3886337886102946,270.7892846588384,0.3046752983860654,0.4685113639478416,RNA,C3vsC1_rna
ACZ81_RS06890,-0.8583935772231494,472.4521157914445,0.0611125728896874,0.1479684021927736,RNA,C3vsC1_rna
ACZ81_RS06895,-0.7695114199335673,767.005079472843,0.1083164429126586,0.2265722465931107,RNA,C3vsC1_rna
ACZ81_RS06900,-0.8492118970409583,820.6422147261998,0.0533943364691375,0.1336357316994258,RNA,C3vsC1_rna
ACZ81_RS06905,-0.4164416739738488,736.086648503375,0.2159236336776212,0.3727562901525888,RNA,C3vsC1_rna
ACZ81_RS06910,-0.2787780988763852,232.4577837685543,0.3491236733949074,0.5140125422606857,RNA,C3vsC1_rna
ACZ81_RS06915,-0.9920858221544782,900.8686423959206,0.0051481519854873,0.021856492873836,RNA,C3vsC1_rna
ACZ81_RS06920,-0.3010293899789141,1557.511802993234,0.3693107496613852,0.5320196508586993,RNA,C3vsC1_rna
ACZ81_RS06925,-0.907706872536642,947.3421885822972,0.0004933847208573385,0.0031957471268209,RNA,C3vsC1_rna
ACZ81_RS06930,-0.6877471445038852,186.57919385398304,0.0475548870756785,0.122773620944416,RNA,C3vsC1_rna
ACZ81_RS06935,-0.2770486981855824,1474.7549373906077,0.3612679872102242,0.5251475234374708,RNA,C3vsC1_rna
ACZ81_RS06940,-0.5412230908808312,1730.6428586181405,0.0002516189053241664,0.0018058945405376,RNA,C3vsC1_rna
ACZ81_RS06945,-0.1510278341047416,1416.6949622794275,0.747046052356424,0.8420856750940241,RNA,C3vsC1_rna
ACZ81_RS06950,2.134904004056949,2128.8051396562223,5.638791416503063e-06,7.54094372100343e-05,RNA,C3vsC1_rna
ACZ81_RS06955,2.795949114795932,7423.76382071958,2.2268145494077788e-06,3.3840833228121246e-05,RNA,C3vsC1_rna
ACZ81_RS06960,3.230527237183649,237.64871787210572,2.0085112536637164e-14,2.0145367874247078e-12,RNA,C3vsC1_rna
ACZ81_RS06965,3.751532860737341,874.5359126532679,1.5586304079105371e-24,4.810173228105442e-22,RNA,C3vsC1_rna
ACZ81_RS06970,0.7446903402738329,304.2306541028313,0.0068655242254036,0.0275996825574342,RNA,C3vsC1_rna
ACZ81_RS06975,0.2806875263878045,956.532282385028,0.5372714416157167,0.6832117349484169,RNA,C3vsC1_rna
ACZ81_RS06980,-1.4313395135841085,558.2115835212286,0.0006645339309262044,0.0040518391046746,RNA,C3vsC1_rna
ACZ81_RS06985,-1.3811581731595377,1341.391778329094,0.0645456561050835,0.1551570834593139,RNA,C3vsC1_rna
ACZ81_RS06990,0.0454499496015596,542.2490527726683,0.8158168901550757,0.8829396717836968,RNA,C3vsC1_rna
ACZ81_RS06995,-0.7709717371205721,251.5525127789724,0.0464784938264764,0.1207718375853779,RNA,C3vsC1_rna
ACZ81_RS07000,0.3550549288330957,1056.1970361240722,0.210307799102747,0.3657368400521114,RNA,C3vsC1_rna
ACZ81_RS07005,0.7515329806129498,105.16461228987912,0.0141714216592165,0.0490982242631924,RNA,C3vsC1_rna
ACZ81_RS07010,-0.2519812404687602,192.3511051567535,0.6389597490587641,0.7636301796913201,RNA,C3vsC1_rna
ACZ81_RS07015,0.1998496982248662,166.46181849259756,0.4873605350063031,0.643399297941852,RNA,C3vsC1_rna
ACZ81_RS07020,-0.3775484630729387,334.82746930477026,0.2399834404336231,0.4006714785766525,RNA,C3vsC1_rna
ACZ81_RS07025,0.2525100590194792,459.04945770623016,0.5124491042875425,0.663636477211627,RNA,C3vsC1_rna
ACZ81_RS07030,-0.945213363855353,1350.1888567473895,1.4976126031627323e-06,2.356243828976032e-05,RNA,C3vsC1_rna
ACZ81_RS07035,-0.0464891310535826,362.345191099012,0.8553124301983916,0.9094920408046508,RNA,C3vsC1_rna
ACZ81_RS07040,1.4015378140534949,481.24598242590696,0.034436213143372,0.0975842210307957,RNA,C3vsC1_rna
ACZ81_RS07045,0.617529086369603,8023.788685119629,0.1879574496233042,0.3378518314913515,RNA,C3vsC1_rna
ACZ81_RS07050,0.8610412549454664,1989.07196758289,0.020538689430477,0.0656583442191825,RNA,C3vsC1_rna
ACZ81_RS07055,1.3361446523428229,509.2946407550437,3.522113958612162e-06,4.993187703869962e-05,RNA,C3vsC1_rna
ACZ81_RS07060,-0.2000708692047753,876.612701228089,0.2544174899270346,0.4147594350212364,RNA,C3vsC1_rna
ACZ81_RS07065,-0.2493732208599857,4672.560662614867,0.4137729258547067,0.5748119731748904,RNA,C3vsC1_rna
ACZ81_RS07070,2.055088604808518,2239.017784799052,3.665615348979287e-05,0.00035267263261642447,RNA,C3vsC1_rna
ACZ81_RS07075,1.134890862058116,100.23984380796983,0.0061106983784021,0.0251705563594963,RNA,C3vsC1_rna
ACZ81_RS07080,1.5373224734841615,802.9675657800418,2.8513989229153663e-09,8.66652460510337e-08,RNA,C3vsC1_rna
ACZ81_RS07085,1.5394241367827175,2336.894523769478,0.0069250071820576,0.0277000287282305,RNA,C3vsC1_rna
ACZ81_RS07090,0.5767442285579549,2719.735875298492,0.3339103129493579,0.4991237613833174,RNA,C3vsC1_rna
ACZ81_RS07095,1.132542594310452,641.4690809768131,0.0043970287904956,0.0193430696353823,RNA,C3vsC1_rna
ACZ81_RS07105,0.0501969419752045,238.7939565861506,0.9111662986688058,0.9443552545231848,RNA,C3vsC1_rna
ACZ81_RS07110,0.3789641912920964,323.85846012086387,0.2029604843668321,0.3566730762538507,RNA,C3vsC1_rna
ACZ81_RS07115,0.3123687101858405,141.67862627421428,0.282283486366737,0.4444746261002154,RNA,C3vsC1_rna
ACZ81_RS07120,0.7369299670207541,180.62140737496009,0.0252460769270145,0.0764432155707035,RNA,C3vsC1_rna
ACZ81_RS07125,0.2707290173340826,4038.429322632024,0.7853032213431148,0.8660353282101639,RNA,C3vsC1_rna
ACZ81_RS07130,-0.2919398599461801,864.5752550429468,0.2187806289331968,0.3755874554043584,RNA,C3vsC1_rna
ACZ81_RS07135,-0.2594230726957183,973.8797781959004,0.3614552300230726,0.5252294034236028,RNA,C3vsC1_rna
ACZ81_RS07140,1.0044714136037716,214.1061711407945,0.0009591236153640232,0.0055128996344419,RNA,C3vsC1_rna
ACZ81_RS07145,0.8728211892315404,79.67098453879721,0.0274114707193642,0.0818874315160755,RNA,C3vsC1_rna
ACZ81_RS07150,0.8838902117348167,831.7795141909878,1.9651652478722725e-06,3.020782748836612e-05,RNA,C3vsC1_rna
ACZ81_RS07155,-0.2082184719702834,385.20291521730405,0.645994340020116,0.7686029929302212,RNA,C3vsC1_rna
ACZ81_RS07160,-0.6159766048899468,2620.4446118002074,0.0405793279270712,0.1102315471364599,RNA,C3vsC1_rna
ACZ81_RS07165,0.0136855816236002,4563.904867990522,0.9267649969516624,0.9548487847380764,RNA,C3vsC1_rna
ACZ81_RS07170,-0.6030872886276112,782.147107317622,0.0056774841266333,0.0236042137990187,RNA,C3vsC1_rna
ACZ81_RS07175,0.2377983514716968,158.99191513464402,0.6456673395849815,0.7684418173879993,RNA,C3vsC1_rna
ACZ81_RS07180,-0.6582617218654967,200.23573873800768,0.0749627840638333,0.1724487899450111,RNA,C3vsC1_rna
ACZ81_RS07185,-1.0692079282735252,28.63560649251068,0.1590002776544515,0.2996982811588051,RNA,C3vsC1_rna
ACZ81_RS07190,-0.6128435553962562,297.6433234489914,0.2538515662629048,0.414341938098769,RNA,C3vsC1_rna
ACZ81_RS07200,1.833794626344388,2038.164902346315,1.1277034274918712e-05,0.00013425359498805305,RNA,C3vsC1_rna
ACZ81_RS07205,0.177435833573193,134.43541244148017,0.5040759212051019,0.6575751681619756,RNA,C3vsC1_rna
ACZ81_RS07210,0.406921826450895,166.60845972769667,0.4799888766667191,0.6371015522565769,RNA,C3vsC1_rna
ACZ81_RS07215,0.6615092609290931,70.7500471872127,0.0894470703744525,0.1969602888816155,RNA,C3vsC1_rna
ACZ81_RS07220,-1.1156938578411422,57.7270264248321,0.0310998896109585,0.090479805906383,RNA,C3vsC1_rna
ACZ81_RS07225,-1.135519199419417,614.317411277191,0.0590324291158605,0.1439745322874361,RNA,C3vsC1_rna
ACZ81_RS07230,0.216808521321578,346.8201728853894,0.5058417488718507,0.6587968786533556,RNA,C3vsC1_rna
ACZ81_RS07275,0.525678316401267,189.18991545148447,0.1386572448897895,0.2724254977952182,RNA,C3vsC1_rna
ACZ81_RS07280,1.189985375996974,715.9341182609487,0.0029222144016594,0.0140574630449131,RNA,C3vsC1_rna
ACZ81_RS07285,2.608400421696894,519.1860872403039,0.0005789396099638979,0.0036066858931291,RNA,C3vsC1_rna
ACZ81_RS07290,1.8133390247797017,4406.818181279024,0.0001389327588497485,0.0010886684150492,RNA,C3vsC1_rna
ACZ81_RS07295,-0.0888131943602053,1146.9034255836646,0.6377164192402659,0.7632903713720515,RNA,C3vsC1_rna
ACZ81_RS07300,0.0867743279903804,542.0983835561746,0.7931227372839433,0.8691637317626826,RNA,C3vsC1_rna
ACZ81_RS07305,1.3910934813282805,3282.835038497961,0.0026610147845882,0.0129366079691659,RNA,C3vsC1_rna
ACZ81_RS07315,1.737610317557454,954.149008074443,0.00011945900511710688,0.000968221269757238,RNA,C3vsC1_rna
ACZ81_RS07320,0.2041251074252495,130.3173987137966,0.5148014935746937,0.6657523159836637,RNA,C3vsC1_rna
ACZ81_RS07325,0.6864938493835376,1572.21369512384,0.2501251018470625,0.4114956657049932,RNA,C3vsC1_rna
ACZ81_RS07330,-0.3834730625172042,1081.3359023955236,0.2511916995151545,0.4118435220493665,RNA,C3vsC1_rna
ACZ81_RS07335,-0.1724553910311229,134.69477230682404,0.7304564818468979,0.8301958654871826,RNA,C3vsC1_rna
ACZ81_RS07340,-0.3343139082184211,810.795961353387,0.2220140754025522,0.3795144740157816,RNA,C3vsC1_rna
ACZ81_RS07345,-0.1713585616135373,291.76340553136055,0.5882164953852765,0.722131144273479,RNA,C3vsC1_rna
ACZ81_RS07350,-0.0710462406419066,1063.9117969213523,0.8825149426070447,0.927120934414174,RNA,C3vsC1_rna
ACZ81_RS07355,-0.8528652494325708,333.1994834497243,0.4323473868529078,0.5930180225825183,RNA,C3vsC1_rna
ACZ81_RS07360,0.6166649886407252,240.58283961772872,0.0113642009301364,0.0409642175487038,RNA,C3vsC1_rna
ACZ81_RS07365,0.1098273474220978,114.8678682283597,0.7288396353033042,0.8293729254662943,RNA,C3vsC1_rna
ACZ81_RS07370,0.3538681185472488,32.423819859121494,0.4950506751807961,0.6509810910604241,RNA,C3vsC1_rna
ACZ81_RS07375,1.561021502040315,710.1198612270816,1.212385655455944e-05,0.00014264197213164948,RNA,C3vsC1_rna
ACZ81_RS07380,0.9085538073565024,18636.944890724997,0.0573179759358322,0.1409930836631264,RNA,C3vsC1_rna
ACZ81_RS07385,0.7148685480218235,37.11582073109124,0.4842302575097141,0.640954072295933,RNA,C3vsC1_rna
ACZ81_RS07390,-1.1141682329398086,52.5538861148089,0.163562470972795,0.3056416551200995,RNA,C3vsC1_rna
ACZ81_RS07395,1.6741446187117268,153.76328024138172,0.0760976268739,0.1744592451531925,RNA,C3vsC1_rna
ACZ81_RS07400,0.2021540397243898,63.09782064788313,0.684362038978718,0.7988103160265051,RNA,C3vsC1_rna
ACZ81_RS07405,0.0979217776993078,82.76051506686807,0.8878307273642012,0.9300200726332052,RNA,C3vsC1_rna
ACZ81_RS07410,-1.0554323833517492,774.5147204834216,0.0377758153619261,0.1045000752876277,RNA,C3vsC1_rna
ACZ81_RS07415,-0.4267130085866734,1189.421636121648,0.1736236144594672,0.3190920481957776,RNA,C3vsC1_rna
ACZ81_RS07420,-0.1816976826190004,1834.3614497538535,0.5638815418141738,0.7041060522124075,RNA,C3vsC1_rna
ACZ81_RS07425,2.6068908312564574,2482.270447297818,5.95163970689956e-10,2.1707253185528222e-08,RNA,C3vsC1_rna
ACZ81_RS07430,-0.5873272048281504,546.7677971141003,0.1267992237039734,0.2562813528968974,RNA,C3vsC1_rna
ACZ81_RS07435,0.8112957158055714,852.0700239587469,0.0168350077740572,0.0563592732581181,RNA,C3vsC1_rna
ACZ81_RS07440,2.4985617204013995,719.2830877916501,3.307832853997242e-15,3.6863959472880377e-13,RNA,C3vsC1_rna
ACZ81_RS07445,2.5502160666084954,1392.2432618467255,8.55701190119874e-16,1.072835367112792e-13,RNA,C3vsC1_rna
ACZ81_RS07450,-0.3514382631420196,156.14040097171585,0.3297915783510152,0.4944408865262604,RNA,C3vsC1_rna
ACZ81_RS07455,0.563768501179466,14.996885626334798,0.401105204277018,0.5620796645334951,RNA,C3vsC1_rna
ACZ81_RS07460,0.2427391417126578,246.29961709230665,0.4711564740216401,0.6294637941308093,RNA,C3vsC1_rna
ACZ81_RS07465,-0.1777621948789756,852.5428135049781,0.5107653857383729,0.662097165616269,RNA,C3vsC1_rna
ACZ81_RS07470,-0.101925311767295,314.5745652834756,0.6764587447907847,0.793785458935545,RNA,C3vsC1_rna
ACZ81_RS07475,0.4730877544692929,207.37032439930783,0.170142071614289,0.3154389978357336,RNA,C3vsC1_rna
ACZ81_RS07480,0.3533981703163433,202.83548081518,0.2589232594935481,0.4205668490235283,RNA,C3vsC1_rna
ACZ81_RS07485,1.1231586629899066,70.7216771500328,0.0513810190756822,0.1295667181217077,RNA,C3vsC1_rna
ACZ81_RS07490,-1.64045524644756,6958.163340127723,6.881976862518186e-05,0.0006028491522363092,RNA,C3vsC1_rna
ACZ81_RS07495,-2.122007150226219,741.4064926585392,0.00025020548008513336,0.0017989684338737,RNA,C3vsC1_rna
ACZ81_RS07500,-1.590459501789638,224.367935873228,0.0001308123363588767,0.0010392457296471,RNA,C3vsC1_rna
ACZ81_RS07505,-1.0152419840966722,348.0965338016675,0.004343054128578,0.0191686833485755,RNA,C3vsC1_rna
ACZ81_RS07525,-0.6597271047337264,43.80366558098065,0.2172495208103905,0.3744008064825115,RNA,C3vsC1_rna
ACZ81_RS07530,-0.386796496360715,651.6725862161294,0.0708004883485826,0.1655012721282743,RNA,C3vsC1_rna
ACZ81_RS07535,-0.971871301293594,7.699022579591689,0.2733630337108786,0.435730032279716,RNA,C3vsC1_rna
ACZ81_RS07540,-0.0383904928186311,7.657737069709304,0.9669378978107368,0.9801300773159868,RNA,C3vsC1_rna
ACZ81_RS07545,-0.710936601190463,68.90361964393915,0.0258152466115495,0.0777558328870395,RNA,C3vsC1_rna
ACZ81_RS07555,0.8432254912360164,145.1477525936569,0.0389288730571448,0.1066950731557458,RNA,C3vsC1_rna
ACZ81_RS07560,0.5011561049972759,1.3155587591568871,0.8399481384962645,0.8981534999059204,RNA,C3vsC1_rna
ACZ81_RS07565,-0.8652856472025934,52.795189508736,0.0831928215697207,0.1867764969992834,RNA,C3vsC1_rna
ACZ81_RS07570,-1.0957870123812885,62.62404713325106,0.0045628559803591,0.0198880411603037,RNA,C3vsC1_rna
ACZ81_RS07575,-0.8377729474009857,139.8545640695215,0.008518354971803,0.0326414901116274,RNA,C3vsC1_rna
ACZ81_RS07580,0.1966230810647829,130.3951344107266,0.6464267085485488,0.7688894025190565,RNA,C3vsC1_rna
ACZ81_RS07585,-0.0469072076115953,227.4221717913625,0.8188225860304992,0.8849989803756365,RNA,C3vsC1_rna
ACZ81_RS07590,0.177851648947918,565.495488389089,0.3004585618075191,0.4638090611665127,RNA,C3vsC1_rna
ACZ81_RS07595,0.4419530049519513,258.42042256302483,0.1462348200843058,0.2831535222867929,RNA,C3vsC1_rna
ACZ81_RS07600,0.5653002814982836,156.30979136169194,0.1653361995472911,0.3086686052041563,RNA,C3vsC1_rna
ACZ81_RS07605,0.8001506591808106,192.7288251054588,0.0098143292144781,0.0364922046417854,RNA,C3vsC1_rna
ACZ81_RS07615,-0.1433163267225009,117.5795948768458,0.7445809683321759,0.8402978466803628,RNA,C3vsC1_rna
ACZ81_RS07620,0.8321299596682225,147.05850765945593,0.0625158081682553,0.1510014583811199,RNA,C3vsC1_rna
ACZ81_RS07625,-0.0200759225700716,584.9902588129804,0.9307163739168574,0.9581817018615426,RNA,C3vsC1_rna
ACZ81_RS07630,0.0292769637118759,853.9725303930109,0.8605521049554291,0.9124293526484122,RNA,C3vsC1_rna
ACZ81_RS07635,-0.4479515871046512,55.9521731756546,0.4617750246800089,0.6208583776863927,RNA,C3vsC1_rna
ACZ81_RS07640,-0.1011297674473131,30.117418324918955,0.860499302238733,0.9124293526484122,RNA,C3vsC1_rna
ACZ81_RS07645,-0.6274290317735761,96.43817356605597,0.2679860892397109,0.4303482384649282,RNA,C3vsC1_rna
ACZ81_RS07650,-0.6763949793214552,59.00068252745943,0.1956916939470246,0.3483514656499843,RNA,C3vsC1_rna
ACZ81_RS07655,-0.3409571324317794,192.0565150971396,0.3648497631130182,0.5272972801186704,RNA,C3vsC1_rna
ACZ81_RS07660,-0.1894128422807288,356.8299510372434,0.3433434379311528,0.5086757285745144,RNA,C3vsC1_rna
ACZ81_RS07665,-0.0051167427207453,96.29572353040214,0.989087847668734,0.9924016376279502,RNA,C3vsC1_rna
ACZ81_RS07670,0.4528278096437254,198.2106026964903,0.0759071736726673,0.174209295206579,RNA,C3vsC1_rna
ACZ81_RS07675,0.5132934116773739,229.62914207472045,0.1342215278870154,0.2665825593478742,RNA,C3vsC1_rna
ACZ81_RS07680,0.7940193341442113,328.49596115210124,0.0054440317110005,0.0227990138043154,RNA,C3vsC1_rna
ACZ81_RS07685,-0.7081747726592034,31.326281905481025,0.1995988856771298,0.3530823321590144,RNA,C3vsC1_rna
ACZ81_RS07690,0.0779080202448029,215.35230270944035,0.8566337582340313,0.9106557069514928,RNA,C3vsC1_rna
ACZ81_RS07695,-0.2692274898158993,532.2681261496837,0.5265494247967564,0.6753568709349701,RNA,C3vsC1_rna
ACZ81_RS07700,-1.211644970157922,599.7869939958919,0.0058423346830029,0.0242152051154618,RNA,C3vsC1_rna
ACZ81_RS07705,-1.242445992192524,4831.481169493688,0.0039121839554656,0.0176753176005947,RNA,C3vsC1_rna
ACZ81_RS07710,-1.4239670886492115,219.65322925041087,0.0005552653677452006,0.0034862670663438,RNA,C3vsC1_rna
ACZ81_RS07715,-5.5473531261608136,791.6713658982935,9.96353154062581e-13,7.012927814208903e-11,RNA,C3vsC1_rna
ACZ81_RS07720,-0.0711924970971849,456.5540061264378,0.7927423198568546,0.8691637317626826,RNA,C3vsC1_rna
ACZ81_RS07725,-0.2167618724677477,372.14083032822856,0.4572586174436642,0.6170607377006326,RNA,C3vsC1_rna
ACZ81_RS07730,-0.0924458837193288,220.80685754581984,0.7244840754238743,0.8271571174162162,RNA,C3vsC1_rna
ACZ81_RS07735,-0.2143648263665089,110.15753628807886,0.5723625567876133,0.7111547159590909,RNA,C3vsC1_rna
ACZ81_RS07740,-1.7342547122381582,4.324073809695692,0.216869801414657,0.3739070233242819,RNA,C3vsC1_rna
ACZ81_RS07745,0.1096802772851795,42.97753944224354,0.7713044308136785,0.85659346266377,RNA,C3vsC1_rna
ACZ81_RS07750,-0.5982422241127798,265.8534392152867,0.0106972653957277,0.039193998874575,RNA,C3vsC1_rna
ACZ81_RS07755,-1.332491700113616,67.85931547079721,0.0048411509319009,0.0209296309685199,RNA,C3vsC1_rna
ACZ81_RS07760,-0.9565154856191788,1807.394228305213,0.041676974799264,0.1119196940392553,RNA,C3vsC1_rna
ACZ81_RS07765,2.023739454276991,96.2620101970988,0.00026862258634538554,0.0019108401000313,RNA,C3vsC1_rna
ACZ81_RS07770,0.4608252244981471,1388.4086937227262,0.3488698259520927,0.5139361797566953,RNA,C3vsC1_rna
ACZ81_RS07775,-0.757700089901944,138.16309579959008,0.1173329686006101,0.2400509281109882,RNA,C3vsC1_rna
ACZ81_RS07780,-0.8644254733448796,212.71423353332767,0.0467178808264548,0.1211584601653115,RNA,C3vsC1_rna
ACZ81_RS07785,-2.115059005288989,71.17098549750148,9.840325230600016e-05,0.0008207772312924587,RNA,C3vsC1_rna
ACZ81_RS07790,-1.3101946527801165,102.3979046956096,0.0010885594978876,0.0061081128748602,RNA,C3vsC1_rna
ACZ81_RS07795,-1.258867204233941,298.9140319411868,0.00285706296247,0.0137770872661415,RNA,C3vsC1_rna
ACZ81_RS07800,-1.1470002856811956,977.0386747904156,0.0019707571266995,0.0101108409108931,RNA,C3vsC1_rna
ACZ81_RS07805,-0.369359727025749,786.1141743329429,0.4436665839619581,0.6033865541882631,RNA,C3vsC1_rna
ACZ81_RS07810,0.337862966535949,601.6145654456978,0.2397828162072615,0.4006714785766525,RNA,C3vsC1_rna
ACZ81_RS07815,0.4337838821115331,314.0940278249432,0.1265621767283179,0.2559311759244009,RNA,C3vsC1_rna
ACZ81_RS07820,0.4087894710970804,120.32741428218036,0.3542019888156087,0.5182561557725099,RNA,C3vsC1_rna
ACZ81_RS07825,-0.2467046852836051,343.1544635105635,0.2812070607896585,0.4433016612526954,RNA,C3vsC1_rna
ACZ81_RS07830,0.2220520894344136,778.4659526506641,0.2374865304673055,0.3983480767055136,RNA,C3vsC1_rna
ACZ81_RS07835,-0.237870804432644,1758.5718194871745,0.5346675377286257,0.6809797337673799,RNA,C3vsC1_rna
ACZ81_RS07840,-1.622389351498703,3231.840472896214,1.0096360223615412e-06,1.6948367036462358e-05,RNA,C3vsC1_rna
ACZ81_RS07845,-0.107721752625835,855.8794495759147,0.6505193614425957,0.7719265537141953,RNA,C3vsC1_rna
ACZ81_RS07850,-2.3074587734135417,12753.019534990588,6.298842892520174e-06,8.246284298872528e-05,RNA,C3vsC1_rna
ACZ81_RS07855,0.7343139466733937,68.21587199930482,0.2105474403299176,0.3658364359478691,RNA,C3vsC1_rna
ACZ81_RS07860,1.989666342969998,244.1015049319084,0.0025511841081265,0.0125126535963369,RNA,C3vsC1_rna
ACZ81_RS07865,0.7354782171929655,20.688925361381724,0.5008541836017766,0.6554650825504769,RNA,C3vsC1_rna
ACZ81_RS07870,-0.1143126413388935,39.4618109062581,0.904099743908042,0.9406763932985128,RNA,C3vsC1_rna
ACZ81_RS07875,-1.9854166990916344,152.8779987247114,9.131377383237952e-05,0.0007728921110031786,RNA,C3vsC1_rna
ACZ81_RS07880,-2.706463217097095,891.3329076844201,3.965831020573099e-09,1.1904359611089357e-07,RNA,C3vsC1_rna
ACZ81_RS07885,-3.213118300598392,1197.9699937370617,7.583442194417602e-10,2.6456321812176885e-08,RNA,C3vsC1_rna
ACZ81_RS07890,-3.247905254322333,619.3164726130535,5.480614109904437e-13,3.9264685373101074e-11,RNA,C3vsC1_rna
ACZ81_RS07895,-3.3113449834186306,2381.176387370811,2.9427891677279264e-15,3.373277183121269e-13,RNA,C3vsC1_rna
ACZ81_RS07900,-2.5070428076178497,4828.362474965428,2.632967812794342e-13,2.071268012731549e-11,RNA,C3vsC1_rna
ACZ81_RS07905,-1.1081857756776987,492.87221370102486,0.0006500126343075837,0.003975382147625,RNA,C3vsC1_rna
ACZ81_RS07910,-0.5268854126878267,149.4685743244726,0.1061079488088152,0.2231158755875088,RNA,C3vsC1_rna
ACZ81_RS07915,-1.2263603092309374,790.0840871990848,0.0006338783849273729,0.003906482458262,RNA,C3vsC1_rna
ACZ81_RS07920,-0.6939420800845446,830.0545303989005,0.0552563917882838,0.1370987284196627,RNA,C3vsC1_rna
ACZ81_RS07925,-0.3419847361440121,176.57381063785476,0.1960914809993744,0.3484181715394846,RNA,C3vsC1_rna
ACZ81_RS07930,-0.6615584898608939,416.2154931072185,0.0209578774587286,0.0666796228108005,RNA,C3vsC1_rna
ACZ81_RS07935,-1.5832432638014826,1251.366588987186,0.0007652746024006815,0.0045688715845707,RNA,C3vsC1_rna
ACZ81_RS07945,0.0805227517249101,5137.214496187339,0.7753649953225883,0.8595646204018303,RNA,C3vsC1_rna
ACZ81_RS07950,-0.69221052548805,25608.63464397848,0.1085406292225676,0.2269228788123718,RNA,C3vsC1_rna
ACZ81_RS07955,-0.0863041756774241,6131.473070993148,0.7993253035571373,0.8709327752526572,RNA,C3vsC1_rna
ACZ81_RS07960,0.0490079747846626,7598.599258609663,0.9055167252430736,0.9410912611501242,RNA,C3vsC1_rna
ACZ81_RS07965,0.2926465722054487,354.23283607819985,0.3629283913165737,0.526226492938957,RNA,C3vsC1_rna
ACZ81_RS07970,0.3007420169115581,968.0991253314812,0.5163043208584519,0.6666922868632471,RNA,C3vsC1_rna
ACZ81_RS07975,0.516736963848787,1327.7204244052634,0.1217171047715562,0.2476313510869592,RNA,C3vsC1_rna
ACZ81_RS07980,0.6392131061897189,203.2502982588377,0.0367812859996284,0.1026192763772664,RNA,C3vsC1_rna
ACZ81_RS07985,0.3449955663780063,613.1721079349497,0.1145711423437021,0.2357227810681708,RNA,C3vsC1_rna
ACZ81_RS07990,0.0609522616165763,267.1826193704432,0.8390803443619493,0.8978339203849565,RNA,C3vsC1_rna
ACZ81_RS07995,0.3291786692385983,97.47360229684054,0.3124069472730842,0.4776587928580846,RNA,C3vsC1_rna
ACZ81_RS08000,0.6111480483365732,75.79517968843741,0.1864784458408764,0.3360968215245267,RNA,C3vsC1_rna
ACZ81_RS08005,-0.2688455541218149,242.2183965742622,0.3451507571946555,0.5109759549317188,RNA,C3vsC1_rna
ACZ81_RS08010,-0.2289113692417341,2367.1455899897296,0.5251047597264396,0.6745822273526978,RNA,C3vsC1_rna
ACZ81_RS08015,0.6800712634339614,358.0434104806003,0.0529093300221481,0.1325872779817977,RNA,C3vsC1_rna
ACZ81_RS08020,1.1773432716963292,173.49815521845923,4.3646177208512957e-07,8.298979287230044e-06,RNA,C3vsC1_rna
ACZ81_RS08025,0.934544437097972,223.33730848018632,0.0017930142059731,0.0093788435389365,RNA,C3vsC1_rna
ACZ81_RS08030,0.5296537221658177,105.73342376999568,0.076377803146317,0.1747156328840673,RNA,C3vsC1_rna
ACZ81_RS08035,0.3896941172487606,137.2844888850702,0.2030951973847896,0.3567504080156638,RNA,C3vsC1_rna
ACZ81_RS08040,0.9653614144531142,231.94736514165703,0.00010758922695755524,0.0008845245462166222,RNA,C3vsC1_rna
ACZ81_RS08045,0.2627321857947238,144.32059110243745,0.466341996412663,0.6251132942223868,RNA,C3vsC1_rna
ACZ81_RS08050,0.1142362250292781,83.05501826824126,0.7417590949767591,0.8387647939816114,RNA,C3vsC1_rna
ACZ81_RS08055,-1.406439762742796,3043.525383316305,0.000494655774116604,0.0031957471268209,RNA,C3vsC1_rna
ACZ81_RS08065,-0.0396471870302416,395.8213621889966,0.9313068271970242,0.9585436097266448,RNA,C3vsC1_rna
ACZ81_RS08070,0.386775705345676,407.3993153964837,0.3315883476145037,0.4966022453426766,RNA,C3vsC1_rna
ACZ81_RS08075,-0.3498058332123486,1588.7305855396348,0.1932656392327178,0.3457440884955955,RNA,C3vsC1_rna
ACZ81_RS08080,0.5032680036707382,335.2340711887429,0.0849455638013095,0.1898616166968546,RNA,C3vsC1_rna
ACZ81_RS08085,0.3749824446362269,497.1494877994948,0.0620357912182253,0.1499322857635663,RNA,C3vsC1_rna
ACZ81_RS08090,0.5504061013734484,830.5515243837028,0.0095649960540586,0.0358978149381508,RNA,C3vsC1_rna
ACZ81_RS08095,1.840151037655504,671.5272246456786,0.0012920824103275,0.0070432535736874,RNA,C3vsC1_rna
ACZ81_RS08100,0.5451521764392807,1475.186665729614,0.0463352388377113,0.1205557575985071,RNA,C3vsC1_rna
ACZ81_RS08105,0.1012568011494928,3477.2639983238223,0.7903530434392945,0.8680252970923761,RNA,C3vsC1_rna
ACZ81_RS08110,-0.4593610983632996,1956.414278940147,0.2165522401744885,0.3735200290541908,RNA,C3vsC1_rna
ACZ81_RS08115,0.4744959261408004,262.0392131050513,0.2687011832286254,0.4306948250552317,RNA,C3vsC1_rna
ACZ81_RS08125,-1.659203815615587,650.0677741999235,2.1222910677728886e-05,0.00022406925694486396,RNA,C3vsC1_rna
ACZ81_RS08130,-0.1189999908512015,306.87893277752346,0.7691592429210505,0.8556397714411702,RNA,C3vsC1_rna
ACZ81_RS08135,-0.0730437620775566,333.1970812697504,0.7203730296378941,0.8250461304331234,RNA,C3vsC1_rna
ACZ81_RS08140,0.3541225385836962,331.7094700517165,0.25308501464382,0.4137589530174151,RNA,C3vsC1_rna
ACZ81_RS08145,0.2563353313009095,109.91977744356473,0.4850098501136142,0.6415626503975669,RNA,C3vsC1_rna
ACZ81_RS08150,-0.0235110613731859,657.9777004878448,0.9090369725124426,0.943610953097004,RNA,C3vsC1_rna
ACZ81_RS08155,0.1657487960272066,926.95255378374,0.5214319306421298,0.6711533223407844,RNA,C3vsC1_rna
ACZ81_RS08160,-0.6676744588334914,754.5907730916149,0.020046912209028,0.0643940846938516,RNA,C3vsC1_rna
ACZ81_RS08165,0.0465875632303781,146.45844603559686,0.879327414427905,0.9252194037987818,RNA,C3vsC1_rna
ACZ81_RS08170,1.2810387844157942,749.0997028427204,0.0006358425737163975,0.0039125773094328,RNA,C3vsC1_rna
ACZ81_RS08180,-0.2605495515198688,292.52014204864685,0.577660642081345,0.7146390675394253,RNA,C3vsC1_rna
ACZ81_RS08185,-0.964880147226348,1872.5579453032635,0.0941199210977052,0.2036726663667711,RNA,C3vsC1_rna
ACZ81_RS08190,0.4063642390880789,153.11277074534985,0.3750234418258688,0.5385089651415125,RNA,C3vsC1_rna
ACZ81_RS08195,-0.1687204542646296,480.33031050051926,0.6258676797150498,0.7545015417718689,RNA,C3vsC1_rna
ACZ81_RS08200,-0.3218634786339812,412.32323642446,0.4735871118396261,0.6310300540353968,RNA,C3vsC1_rna
ACZ81_RS08205,-0.8302812072026972,438.7487229743146,0.0085933840313576,0.0327413644195696,RNA,C3vsC1_rna
ACZ81_RS08210,-0.2667286959104337,9544.318511080728,0.4726355623953859,0.6306107911844581,RNA,C3vsC1_rna
ACZ81_RS08215,-0.03177384455703,505.6417403883162,0.932337617723244,0.9591124416168346,RNA,C3vsC1_rna
ACZ81_RS08220,-0.1860530759764991,1326.5660613081886,0.6184866601905759,0.7483017131135676,RNA,C3vsC1_rna
ACZ81_RS08225,0.0184385991008187,309.1017005002251,0.9439043015517208,0.9677853457259148,RNA,C3vsC1_rna
ACZ81_RS08230,-0.073953631249196,2120.5375199890887,0.8643552510504401,0.9145024438856448,RNA,C3vsC1_rna
ACZ81_RS08235,0.2816443344062165,895.7332036991791,0.3260755509082949,0.4902946483380053,RNA,C3vsC1_rna
ACZ81_RS08240,-0.7309981130885593,452.9954353459639,0.0005902019947831523,0.0036597996956259,RNA,C3vsC1_rna
ACZ81_RS08245,-0.6126713394995268,29.892156828925888,0.2289339503057833,0.3885291914664986,RNA,C3vsC1_rna
ACZ81_RS08250,-1.9877891338739968,594.8448311064138,3.3546983585096064e-06,4.806803505121622e-05,RNA,C3vsC1_rna
ACZ81_RS08255,-2.2040996200964766,1619.5958954623736,0.0002090366634812605,0.001535998340452,RNA,C3vsC1_rna
ACZ81_RS08260,-1.8126923599445035,595.5524268133607,0.0059249120275922,0.0245312147107326,RNA,C3vsC1_rna
ACZ81_RS08265,-1.6108929650152426,1590.25163376689,0.0392534352062355,0.107383395641705,RNA,C3vsC1_rna
ACZ81_RS08270,-1.355546789092455,4007.600851890071,0.0343954510308404,0.0975842210307957,RNA,C3vsC1_rna
ACZ81_RS08275,-1.140368910671265,1181.5203323574383,0.0041463750515664,0.018524784751542,RNA,C3vsC1_rna
ACZ81_RS08280,-1.32798262667974,2666.95913388518,0.0193550828774546,0.0627242265786332,RNA,C3vsC1_rna
ACZ81_RS08285,-1.1368053747232616,341.56315295533034,0.0479622381994188,0.1234255338361248,RNA,C3vsC1_rna
ACZ81_RS08290,-0.6242945802738467,191.92956093902765,0.2193003963817835,0.3760285141146055,RNA,C3vsC1_rna
ACZ81_RS08295,-0.0678684268105051,367.2548963122463,0.7691772312833723,0.8556397714411702,RNA,C3vsC1_rna
ACZ81_RS08300,-1.2580576157154657,1569.8472367729787,2.214860014920867e-05,0.0002326182821953539,RNA,C3vsC1_rna
ACZ81_RS08305,0.2393621661535065,380.6585535052602,0.4123306109853724,0.5734039553806981,RNA,C3vsC1_rna
ACZ81_RS08310,-1.2781570735465737,1727.967724559182,0.00016212547935776913,0.0012413118763041,RNA,C3vsC1_rna
ACZ81_RS08315,-0.6256270214419266,835.0724052794403,0.023712482043258,0.0730118787087884,RNA,C3vsC1_rna
ACZ81_RS08320,-0.8278342398667768,18378.819745742905,0.1125627836504765,0.2332654380194792,RNA,C3vsC1_rna
ACZ81_RS08325,-1.0027655599034773,163.748993180409,0.0132567821565592,0.0465106720172007,RNA,C3vsC1_rna
ACZ81_RS08330,-1.3013903563103613,79.38062834380835,0.0010473765659003,0.005943528687966,RNA,C3vsC1_rna
ACZ81_RS08335,0.3059116101041919,35.34035552468664,0.5472037278049814,0.6906965600422855,RNA,C3vsC1_rna
ACZ81_RS08340,-0.1371896983439512,44.815253181915175,0.731603099525091,0.8305579047240139,RNA,C3vsC1_rna
ACZ81_RS08345,0.3919255125079215,432.9604306098567,0.1225173777401678,0.2490069500980514,RNA,C3vsC1_rna
ACZ81_RS08350,0.8535850841381042,684.9999902825161,0.0029675395318539,0.0142073610999977,RNA,C3vsC1_rna
ACZ81_RS08355,0.7577515143695186,2300.611903248637,0.0995857733832211,0.2126435823806644,RNA,C3vsC1_rna
ACZ81_RS08360,-3.935765184179528,4792.458669236545,8.787523135638169e-07,1.521720002067828e-05,RNA,C3vsC1_rna
ACZ81_RS08365,0.863879680918879,360.873126155122,0.0095256770261697,0.035783723060855,RNA,C3vsC1_rna
ACZ81_RS08370,-0.3382645734007633,766.5598677968283,0.1424455972362884,0.2778277764278022,RNA,C3vsC1_rna
ACZ81_RS08375,0.3285083384523979,383.8034295001311,0.2235358212168786,0.3816281299087966,RNA,C3vsC1_rna
ACZ81_RS08380,-0.2312824402838791,651.1667022617978,0.2109891266185916,0.3664451844128959,RNA,C3vsC1_rna
ACZ81_RS08385,-1.3768268644543855,616.0466128926013,0.0004714298131042476,0.0030955424061771,RNA,C3vsC1_rna
ACZ81_RS08410,-1.8742428530059043,1704.8070534639476,6.975575472030296e-06,8.818516345719393e-05,RNA,C3vsC1_rna
ACZ81_RS08415,0.1199849661927688,202.5182793833396,0.7069229394171386,0.815227028727094,RNA,C3vsC1_rna
ACZ81_RS08420,0.8392862651964227,134.10569843824152,0.0016855465612272,0.0088862191900706,RNA,C3vsC1_rna
ACZ81_RS08425,0.7212447367522359,354.8287755346579,0.0004597561424232778,0.003042424559766,RNA,C3vsC1_rna
ACZ81_RS08430,-0.7391655183051168,2523.0712134094024,0.111917857091016,0.2326888147079535,RNA,C3vsC1_rna
ACZ81_RS08435,1.0608421163538428,2458.437461216752,0.0182678282215829,0.0600250014946688,RNA,C3vsC1_rna
ACZ81_RS08440,1.0007641667472975,2150.344378591382,3.495175968693715e-05,0.00033708283621151886,RNA,C3vsC1_rna
ACZ81_RS08445,0.6569756716653129,153.90745051564832,0.1277949171930936,0.2569250795249232,RNA,C3vsC1_rna
ACZ81_RS08450,-1.0247889394705505,199.28070467105695,0.0032050826057663,0.0151102131778313,RNA,C3vsC1_rna
ACZ81_RS08455,-0.7243572763467273,186.15815890198328,0.0217848377613684,0.0686573205802121,RNA,C3vsC1_rna
ACZ81_RS08460,-0.6137343159259715,129.9240681916928,0.1559414996857812,0.296791886498745,RNA,C3vsC1_rna
ACZ81_RS08465,-0.328481620523528,128.86097806840874,0.3932162444246699,0.5543160831453885,RNA,C3vsC1_rna
ACZ81_RS08470,-0.1036145699152041,2026.40427310602,0.7520826229457094,0.8448807650215368,RNA,C3vsC1_rna
ACZ81_RS08475,0.6675975165508068,609.9483748416621,0.4958844222031542,0.651223666736188,RNA,C3vsC1_rna
ACZ81_RS08480,0.8008083705310584,903.9876337850986,0.346325718545325,0.5119597578496109,RNA,C3vsC1_rna
ACZ81_RS08485,0.6654194434335415,453.272285849848,0.3050228521016356,0.4685113639478416,RNA,C3vsC1_rna
ACZ81_RS08490,-0.59273921356518,191.9262623060129,0.0349325254740014,0.0987662383380506,RNA,C3vsC1_rna
ACZ81_RS08495,0.0951809266527213,126.03625384978086,0.7725221437112106,0.8573606751229259,RNA,C3vsC1_rna
ACZ81_RS08500,-0.4525856651870066,102.0445067278114,0.1631564216119949,0.3054519661723396,RNA,C3vsC1_rna
ACZ81_RS08505,-0.8411183682892183,429.20735941813217,0.0110264539034212,0.0399983119896255,RNA,C3vsC1_rna
ACZ81_RS08510,-2.458796213788057,1922.5243747902084,3.242546114125379e-07,6.408421187128581e-06,RNA,C3vsC1_rna
ACZ81_RS08515,0.1452802673273308,177.76115926622612,0.5302786832447455,0.6779726186035433,RNA,C3vsC1_rna
ACZ81_RS08520,-0.33382747246175,2397.196367311375,0.3140948985732263,0.4789618901846386,RNA,C3vsC1_rna
ACZ81_RS08525,-0.8182247591174658,981.9686537795084,3.967683595547844e-05,0.00037721200439189454,RNA,C3vsC1_rna
ACZ81_RS08530,-1.016641519393552,204.60592159141564,0.0034364716566858,0.0159388720076573,RNA,C3vsC1_rna
ACZ81_RS08535,-0.7947619316886835,122.09601925439088,0.017758424969758,0.0587360271876909,RNA,C3vsC1_rna
ACZ81_RS08540,1.1533210215900929,18042.833143499287,0.0010722230807121,0.0060673610716741,RNA,C3vsC1_rna
ACZ81_RS08545,0.6223303812662851,1446.626640749862,0.0496084054062702,0.1266087293193106,RNA,C3vsC1_rna
ACZ81_RS08550,1.4842886233409869,835.2337737630869,0.0013862453500686,0.0074652568382218,RNA,C3vsC1_rna
ACZ81_RS08555,2.3886307662552064,1481.087815466913,3.0185537286095385e-17,4.4853472441412846e-15,RNA,C3vsC1_rna
ACZ81_RS08560,0.9564600633983869,735.7850871719862,0.0012405980946535,0.0068181911722602,RNA,C3vsC1_rna
ACZ81_RS08565,1.710608979006409,568.2595886572155,3.3931308610007325e-05,0.0003288222467230662,RNA,C3vsC1_rna
ACZ81_RS08570,2.916658830979293,1480.4549321368029,2.3243757178008177e-08,6.135128539353212e-07,RNA,C3vsC1_rna
ACZ81_RS08575,2.4706055267174136,788.4122370362336,1.7494612503239886e-12,1.1698064227166404e-10,RNA,C3vsC1_rna
ACZ81_RS08580,0.5083201900379182,748.4599028347575,0.0344414897755749,0.0975842210307957,RNA,C3vsC1_rna
ACZ81_RS08585,0.2975771326829675,460.0869527542229,0.2926125147836888,0.4546713436530439,RNA,C3vsC1_rna
ACZ81_RS08590,-0.0676159544500473,350.51099392872896,0.85199433148024,0.906925247518897,RNA,C3vsC1_rna
ACZ81_RS08595,0.2423242213998177,438.60359532598807,0.3554091154821673,0.5194540514806758,RNA,C3vsC1_rna
ACZ81_RS08600,-0.3987686324422834,543.102774468923,0.1633405166109195,0.3056139739894938,RNA,C3vsC1_rna
ACZ81_RS08605,-0.3486521063224312,320.7002531960464,0.2837735435961656,0.4457380357857985,RNA,C3vsC1_rna
ACZ81_RS08610,0.6357317343175964,388.63862061934816,0.0575302916416545,0.1412555263563758,RNA,C3vsC1_rna
ACZ81_RS08615,-1.0228319429422992,1831.496882298748,0.0444948441516364,0.1172116314749607,RNA,C3vsC1_rna
ACZ81_RS08620,0.4806798872181309,1122.819173434995,0.092768611065568,0.2015636429858815,RNA,C3vsC1_rna
ACZ81_RS08625,1.1604697253946152,83.51280782309689,0.0081211603931141,0.0316311649532585,RNA,C3vsC1_rna
ACZ81_RS08630,0.4458116210188494,177.0941484421391,0.2864763398447325,0.4482617298974519,RNA,C3vsC1_rna
ACZ81_RS08635,-1.0648398472511609,2591.801852852872,0.136146249553616,0.2692058911824088,RNA,C3vsC1_rna
ACZ81_RS08640,-0.5093515994698232,320.7898668630798,0.1426292087153887,0.2780507217522543,RNA,C3vsC1_rna
ACZ81_RS08645,-1.0537877453931592,237.02033370684333,0.126241822937732,0.255540965502614,RNA,C3vsC1_rna
ACZ81_RS08650,-1.3361725242775149,2768.5470009196847,0.0137657018789568,0.0478578820956453,RNA,C3vsC1_rna
ACZ81_RS08655,-0.8272113718781606,792.6595904635069,0.1535271499155561,0.2932118820471302,RNA,C3vsC1_rna
ACZ81_RS08660,-0.5970473489230276,1508.4829612063706,0.0689142617080791,0.1623928825690143,RNA,C3vsC1_rna
ACZ81_RS08665,-0.771317163536367,35.87389583422271,0.1704290992461184,0.3156332332622497,RNA,C3vsC1_rna
ACZ81_RS08670,-1.516635484906912,13941.989771081036,0.0498158235673421,0.1270572690096483,RNA,C3vsC1_rna
ACZ81_RS08675,-1.1976407586497928,19620.44333224339,0.1130690200824182,0.2338313961704443,RNA,C3vsC1_rna
ACZ81_RS08680,-0.4276014395095895,121.25088617605924,0.166439431164109,0.3102950733412665,RNA,C3vsC1_rna
ACZ81_RS08685,-0.2341185688445467,118.21908635218682,0.4230599751763242,0.5826696259551708,RNA,C3vsC1_rna
ACZ81_RS08690,-0.493414714186359,54.746330887698925,0.3550496571880387,0.5191177932355727,RNA,C3vsC1_rna
ACZ81_RS08695,-0.0218871807189854,178.36531974885182,0.9509823140095504,0.9713473671245524,RNA,C3vsC1_rna
ACZ81_RS08700,-0.0472763164123725,11767.63628177936,0.9579104575076896,0.975415420182957,RNA,C3vsC1_rna
ACZ81_RS08705,-2.0051698313375432,2745.6616445819177,6.385266702032161e-05,0.0005750323400756594,RNA,C3vsC1_rna
ACZ81_RS08710,-0.7451779324537333,315.4099158253549,0.001853892893094,0.0096469757290446,RNA,C3vsC1_rna
ACZ81_RS08715,-0.391296486016675,258.90157092983264,0.6397856451229329,0.7643895200218007,RNA,C3vsC1_rna
ACZ81_RS08720,-0.0212090710360767,4200.928405362666,0.963924812776446,0.9779209879726488,RNA,C3vsC1_rna
ACZ81_RS08725,1.1722148781623427,447.8561051537821,0.0046302634029955,0.0201263453660002,RNA,C3vsC1_rna
ACZ81_RS08745,-1.5211079005517762,3502.770461004883,0.00017461087163389894,0.0013343596514194,RNA,C3vsC1_rna
ACZ81_RS08750,-0.7146421299069162,1153.7411619828974,0.0007966114724268129,0.0047348225590761,RNA,C3vsC1_rna
ACZ81_RS08755,0.4707408262190213,2737.2466674257817,0.1831951253221878,0.3320256703975822,RNA,C3vsC1_rna
ACZ81_RS08760,-0.2746352799964857,7602.327772853572,0.0528722045681408,0.132577052954613,RNA,C3vsC1_rna
ACZ81_RS08765,-0.1976892666439491,9699.236479581146,0.4381965474751652,0.5981777980504808,RNA,C3vsC1_rna
ACZ81_RS08770,-0.8974684776426722,2315.864016388906,0.0669914398178005,0.1595072145691489,RNA,C3vsC1_rna
ACZ81_RS08775,-0.9552850026245878,2070.338937184828,0.026918018857526,0.0805332525401897,RNA,C3vsC1_rna
ACZ81_RS08780,0.8653624220672345,622.9060684443574,0.023612066734547,0.0728086037022019,RNA,C3vsC1_rna
ACZ81_RS08785,3.0889810666072224,3662.7910723874015,1.964985316872332e-05,0.0002107893339917592,RNA,C3vsC1_rna
ACZ81_RS08790,0.2795154928890492,295.40487708586585,0.4193252246712267,0.578319972973861,RNA,C3vsC1_rna
ACZ81_RS08795,0.1811510393532832,412.9173958546228,0.5516402674683161,0.6940046262411051,RNA,C3vsC1_rna
ACZ81_RS08800,0.3060900052697774,599.4377173078196,0.1506732681978962,0.289523833410216,RNA,C3vsC1_rna
ACZ81_RS08805,-0.099330218955088,363.3280481730555,0.7800774799934752,0.8628814032902736,RNA,C3vsC1_rna
ACZ81_RS08810,0.1772559724540163,37.065773301624255,0.8285446492123203,0.891663393948452,RNA,C3vsC1_rna
ACZ81_RS08815,-0.1162727383100061,1098.4064468528074,0.6419870078018204,0.7661070420288232,RNA,C3vsC1_rna
ACZ81_RS08825,-0.3145062507861246,146.60455770737968,0.2987684378290652,0.4620742944442062,RNA,C3vsC1_rna
ACZ81_RS08830,1.9691822158324297,366.2607387555965,1.5734230645567138e-05,0.0001753492593055982,RNA,C3vsC1_rna
ACZ81_RS08835,0.3123356005242841,155.65861448550822,0.4349308103107764,0.5951372479423039,RNA,C3vsC1_rna
ACZ81_RS08840,-4.015836477981936,65154.54039396608,5.9219914001736334e-08,1.4058597335796813e-06,RNA,C3vsC1_rna
ACZ81_RS08845,-3.343548858625105,14991.325588878111,0.0022671057991599,0.0113585413620227,RNA,C3vsC1_rna
ACZ81_RS08850,0.9486410411478924,621.8550347660773,0.1050496875313176,0.2218207086187612,RNA,C3vsC1_rna
ACZ81_RS08855,0.9058804801325124,82.18613116429714,0.0292621459557762,0.0858896965507876,RNA,C3vsC1_rna
ACZ81_RS08860,1.5099263067445738,166.50700147086374,0.0001483759266657198,0.0011536515848505,RNA,C3vsC1_rna
ACZ81_RS08865,-1.8922828644213456,94.1191373725714,0.0004891321295337097,0.0031857112072877,RNA,C3vsC1_rna
ACZ81_RS08870,-0.348644466067802,203.9600892613524,0.2592584570078738,0.4207706025548503,RNA,C3vsC1_rna
ACZ81_RS08875,-0.4197740833996869,1781.4194696004524,0.2710110503243791,0.4330132751499041,RNA,C3vsC1_rna
ACZ81_RS08880,0.2868740523017606,147.4471284899116,0.2517376225941495,0.4123925166073469,RNA,C3vsC1_rna
ACZ81_RS08885,-0.43039064299003,3222.4709721117365,0.154540418105308,0.2945444928448911,RNA,C3vsC1_rna
ACZ81_RS08890,0.4679073201489779,254.67514873771475,0.1297141003771975,0.2599465388178404,RNA,C3vsC1_rna
ACZ81_RS08895,-0.3309809706292277,13.85903879820417,0.6579986609220911,0.7778110275838037,RNA,C3vsC1_rna
ACZ81_RS08900,0.0605552210796488,477.7443831407565,0.7701093862489847,0.8558667195653537,RNA,C3vsC1_rna
ACZ81_RS08905,0.3769337760818343,260.36473262949124,0.135299479992258,0.2679276968059916,RNA,C3vsC1_rna
ACZ81_RS08910,0.2992453324223096,130.98431573917162,0.3532058011509507,0.5171757935100781,RNA,C3vsC1_rna
ACZ81_RS08915,0.9716380855907252,89.15306187430988,0.0117987071623032,0.0421893165197511,RNA,C3vsC1_rna
ACZ81_RS08920,0.7041774743616851,109.65178609176854,0.0891649227803474,0.1965547638432714,RNA,C3vsC1_rna
ACZ81_RS08925,1.146778779582606,88.7069706852416,0.0015480658265481,0.008237188456381,RNA,C3vsC1_rna
ACZ81_RS08930,-0.2538823304318782,118.40617829682644,0.4695688892461623,0.6277608742604476,RNA,C3vsC1_rna
ACZ81_RS08935,-0.3345640801078441,86.56900317196845,0.4028354868349171,0.5637167677648021,RNA,C3vsC1_rna
ACZ81_RS08940,-0.3626047431525243,305.9902023816608,0.3359849752506986,0.5011068106398643,RNA,C3vsC1_rna
ACZ81_RS08945,-0.7460662669629302,712.5229669451282,0.1029319563815207,0.2182679751599689,RNA,C3vsC1_rna
ACZ81_RS08950,-1.47887447711911,214.89816203542097,4.735330384710702e-06,6.506214213513471e-05,RNA,C3vsC1_rna
ACZ81_RS08955,-0.7394444940023469,254.84023596433843,0.0685504104691895,0.1620401865683969,RNA,C3vsC1_rna
ACZ81_RS08960,-1.67791385565439,122.89866755598392,0.0209781392207237,0.0666912001216669,RNA,C3vsC1_rna
ACZ81_RS08965,-0.6701882981941868,265.5785550691462,0.0487966752561972,0.1250940965673247,RNA,C3vsC1_rna
ACZ81_RS08970,-0.3963259387635751,93.0971748999758,0.2489600030467766,0.4110097377043189,RNA,C3vsC1_rna
ACZ81_RS08975,-0.3273764859186144,110.3156107433395,0.3364474057850932,0.5011068106398643,RNA,C3vsC1_rna
ACZ81_RS08980,-1.25169893731987,36.12491690354831,0.0236283155583915,0.0728086037022019,RNA,C3vsC1_rna
ACZ81_RS08985,-0.6791631730390771,4898.638673054564,0.2514041755480627,0.4120235099259917,RNA,C3vsC1_rna
ACZ81_RS08990,-0.337538326384928,0.8694736313284441,0.8997482618528062,0.9378513968702152,RNA,C3vsC1_rna
ACZ81_RS08995,0.357593973447971,31.498607665670367,0.553529815798209,0.6955094334426604,RNA,C3vsC1_rna
ACZ81_RS09000,-1.1358281956573382,145.01687483729026,0.0001108463162460056,0.0009075824913856622,RNA,C3vsC1_rna
ACZ81_RS09005,0.1829817777262422,395.0457875132639,0.5328750103561675,0.6794759118990212,RNA,C3vsC1_rna
ACZ81_RS09010,-0.5279198624004184,52.73571988638525,0.2083966049563266,0.3636742840734155,RNA,C3vsC1_rna
ACZ81_RS09015,-0.190763320479771,109.27770601847315,0.5007925462393992,0.6554650825504769,RNA,C3vsC1_rna
ACZ81_RS09020,-0.7448339710413465,43.965327906321065,0.1261620911436382,0.2555084854458742,RNA,C3vsC1_rna
ACZ81_RS09025,0.647687359847836,347.41945327692866,0.0083575887582224,0.0321917045885873,RNA,C3vsC1_rna
ACZ81_RS09030,0.3843984607392516,403.9750598752089,0.45912456913866,0.618409804686786,RNA,C3vsC1_rna
ACZ81_RS09035,0.5667891413343263,1097.3633074993818,0.0685803182435538,0.1620401865683969,RNA,C3vsC1_rna
ACZ81_RS09040,0.6096778368805094,340.81085589525946,0.0083766114208231,0.0321917045885873,RNA,C3vsC1_rna
ACZ81_RS09045,0.497517995026446,1.7949863720636243,0.8384886029099079,0.8975496998064436,RNA,C3vsC1_rna
ACZ81_RS09050,0.2997269853754774,66.92226585241282,0.569338972156111,0.7100366665496789,RNA,C3vsC1_rna
ACZ81_RS09060,-2.3671401896990494,31.784369036397276,0.0082535754470165,0.0320099145596736,RNA,C3vsC1_rna
ACZ81_RS09065,-1.7363817076661414,50.98784490906262,0.0109269311451436,0.0397091012267356,RNA,C3vsC1_rna
ACZ81_RS09075,0.157146149547419,590.1068965902296,0.4867715493797697,0.6430449312188463,RNA,C3vsC1_rna
ACZ81_RS09080,-0.5645848828568947,1067.621825990061,0.11273112619369,0.2333732086114987,RNA,C3vsC1_rna
ACZ81_RS09085,-0.43730842829823,710.5090834610379,0.1138758873051354,0.2348946323229838,RNA,C3vsC1_rna
ACZ81_RS09090,0.1789560190921532,309.3614101097272,0.5409012549344396,0.6853218511572589,RNA,C3vsC1_rna
ACZ81_RS09095,-0.7584777583895068,2123.492912542248,0.0441729660611952,0.1169010157239546,RNA,C3vsC1_rna
ACZ81_RS09100,-0.3626308525838387,3285.9896229072256,0.0430022680750948,0.1145584990154583,RNA,C3vsC1_rna
ACZ81_RS09105,0.8354095013838705,5323.203056484873,0.0762652856561228,0.1746440217193862,RNA,C3vsC1_rna
ACZ81_RS09110,0.0320751326585063,639.3380549673627,0.8638853002166992,0.9144875526304476,RNA,C3vsC1_rna
ACZ81_RS09115,-0.5441080585815166,2465.740938310426,0.3773681122746767,0.5407145951592869,RNA,C3vsC1_rna
ACZ81_RS09120,-0.9479889268231986,1281.3255283020214,0.0687750257222519,0.1623392955976439,RNA,C3vsC1_rna
ACZ81_RS09125,-0.0765064028928689,536.732613243032,0.8081148737555058,0.8774443500695777,RNA,C3vsC1_rna
ACZ81_RS09130,-0.5678814222857012,6559.805064944396,0.0957628200674085,0.206283519780721,RNA,C3vsC1_rna
ACZ81_RS09145,0.7268738603232294,4075.205491701983,0.1402060883496879,0.2746731251271481,RNA,C3vsC1_rna
ACZ81_RS09150,0.8348084029737385,1198.4224068168444,0.0410551243130349,0.1109985647915601,RNA,C3vsC1_rna
ACZ81_RS09155,1.9658806426012008,290.02605077580614,3.0763501279325713e-10,1.2594200727821917e-08,RNA,C3vsC1_rna
ACZ81_RS09160,0.8212767299028868,355.0802291126074,0.0507502075723447,0.1287040662327731,RNA,C3vsC1_rna
ACZ81_RS09170,1.2443198369313355,420.64964855803385,0.0004810117096565048,0.0031430276533255,RNA,C3vsC1_rna
ACZ81_RS09175,-0.1400900598717978,14.292431088846824,0.8592128651831152,0.9123901975694408,RNA,C3vsC1_rna
ACZ81_RS09180,0.4844361575226305,696.0832628071792,0.3807127711516494,0.5433723364853851,RNA,C3vsC1_rna
ACZ81_RS09185,1.2525885353120545,363.0217640704215,0.0076125637581576,0.0300606356276857,RNA,C3vsC1_rna
ACZ81_RS09190,1.6266833292139578,1737.998848842334,3.9660896720370765e-05,0.00037721200439189454,RNA,C3vsC1_rna
ACZ81_RS09195,0.881653643883949,150.69797626394336,0.1138069053344851,0.2348946323229838,RNA,C3vsC1_rna
ACZ81_RS09200,1.0416983109444704,3410.3484315671594,0.0230567353662456,0.0718195825228085,RNA,C3vsC1_rna
ACZ81_RS09205,0.989096527823154,7511.869983263033,0.1196339644597936,0.244384656523774,RNA,C3vsC1_rna
ACZ81_RS09210,-0.8420312395435862,4059.5604923288456,0.0092622330384764,0.0349577412515215,RNA,C3vsC1_rna
ACZ81_RS09215,-1.1373580305971271,18740.46584295185,1.133085058998201e-07,2.4378274239237566e-06,RNA,C3vsC1_rna
ACZ81_RS09220,1.978918623187452,1414.5988730771237,0.0049615334287892,0.0212213988446723,RNA,C3vsC1_rna
ACZ81_RS09225,-0.966189053081308,914.5449209050672,0.0195543189537872,0.0632167023711479,RNA,C3vsC1_rna
ACZ81_RS09230,-0.2002774049608896,171.7363225977553,0.5050429821546714,0.6581251085268874,RNA,C3vsC1_rna
ACZ81_RS09235,-0.2823933670285826,2575.935190437233,0.1716929663906782,0.3168501293281513,RNA,C3vsC1_rna
ACZ81_RS09240,-1.608261118303543,2039.2890012907624,4.773270714908069e-06,6.535959763894599e-05,RNA,C3vsC1_rna
ACZ81_RS09245,0.7319931070951778,88.04765776450738,0.0372589932643209,0.103595953479886,RNA,C3vsC1_rna
ACZ81_RS09250,1.192009011285734,3463.973889524178,1.1212263384648827e-09,3.717652950348024e-08,RNA,C3vsC1_rna
ACZ81_RS09255,0.2709127497627767,120.31733140641248,0.3576235662407697,0.5219300646627749,RNA,C3vsC1_rna
ACZ81_RS09260,-2.5187460282288496,170.04622879667292,2.9798763626597883e-05,0.0002959223754205711,RNA,C3vsC1_rna
ACZ81_RS09265,-0.2773970471326493,963.1902805552544,0.408491267994864,0.569746147987164,RNA,C3vsC1_rna
ACZ81_RS09270,1.384184301654111,207.2543060027937,0.0018714630311923,0.0097132078669386,RNA,C3vsC1_rna
ACZ81_RS09275,1.1684324165917497,299.49517026123857,0.0277492930050484,0.0825891420892095,RNA,C3vsC1_rna
ACZ81_RS09280,-0.2028416020080525,3342.0512119605373,0.3413524323507361,0.5064740971121129,RNA,C3vsC1_rna
ACZ81_RS09285,0.120524972528065,1269.8336866761613,0.6400390337488471,0.7644646035726033,RNA,C3vsC1_rna
ACZ81_RS09290,0.3153045953694633,407.05939708224594,0.3502632859187456,0.5147458985736292,RNA,C3vsC1_rna
ACZ81_RS09295,-0.3690815910524285,2679.5944986114887,0.1377446637706732,0.2713954381259465,RNA,C3vsC1_rna
ACZ81_RS09300,0.4579870341170722,508.1307280858834,0.0339327675884794,0.0965519599751628,RNA,C3vsC1_rna
ACZ81_RS09305,-0.5320889253650872,89.01286123109608,0.178424637360694,0.3250861240195751,RNA,C3vsC1_rna
ACZ81_RS09310,-0.3154454809278814,275.84958651125766,0.3529529580657001,0.5169942562101457,RNA,C3vsC1_rna
ACZ81_RS09315,0.3990018564801609,512.201040175961,0.1243627114469503,0.252246308556706,RNA,C3vsC1_rna
ACZ81_RS09320,0.219425533679049,1120.2813893357056,0.3802457378223685,0.5430150829773964,RNA,C3vsC1_rna
ACZ81_RS09325,0.0829161171436673,826.5111804467417,0.7784150681850102,0.8612799927077387,RNA,C3vsC1_rna
ACZ81_RS09330,0.3937407617025166,200.78977056136733,0.3462792030691396,0.5119597578496109,RNA,C3vsC1_rna
ACZ81_RS09335,0.5028697979111891,142.5599902202291,0.2029622714575127,0.3566730762538507,RNA,C3vsC1_rna
ACZ81_RS09340,0.1745015455030636,1748.1580446388552,0.4867648123518739,0.6430449312188463,RNA,C3vsC1_rna
ACZ81_RS09345,1.694633632766493,49.80940878741732,0.000155618857376392,0.0012006593380655,RNA,C3vsC1_rna
ACZ81_RS09350,-0.1627669488732928,964.6315840532924,0.5023938031737787,0.6563347243025724,RNA,C3vsC1_rna
ACZ81_RS09355,0.4128526214455819,183.27639483074196,0.301582587061536,0.4650399101121649,RNA,C3vsC1_rna
ACZ81_RS09360,-0.9124209921426056,570.739174362402,0.2519377014468114,0.4123925166073469,RNA,C3vsC1_rna
ACZ81_RS09365,0.0488559426977342,3256.0732230954886,0.7698228941775553,0.8557853841619152,RNA,C3vsC1_rna
ACZ81_RS09370,0.2900447307499054,706.0912058892659,0.3039737284929187,0.4677953965146105,RNA,C3vsC1_rna
ACZ81_RS09375,-0.0745424309171028,3883.6557455277807,0.8179933334107717,0.8845793136506783,RNA,C3vsC1_rna
ACZ81_RS09380,-0.3710254749141132,12795.48913671254,0.0790052149936196,0.1792810647932138,RNA,C3vsC1_rna
ACZ81_RS09385,0.3767202678068516,176.43665990363422,0.1143566028119841,0.2354020987591998,RNA,C3vsC1_rna
ACZ81_RS09390,0.9783164420696046,989.8075086048904,2.754547022570883e-06,4.0629568582920526e-05,RNA,C3vsC1_rna
ACZ81_RS09395,2.4755347157874774,4166.675434767994,3.112349641156613e-05,0.0003060477147137336,RNA,C3vsC1_rna
ACZ81_RS09400,2.623351719296036,814.5288044142752,2.2550370587245164e-06,3.4140410111708524e-05,RNA,C3vsC1_rna
ACZ81_RS09410,0.1114096885042503,533.7506845009377,0.6530791162203026,0.7738196734423668,RNA,C3vsC1_rna
ACZ81_RS09415,-1.7786819179076332,305.83847004575404,0.0069453181373141,0.0277536019590679,RNA,C3vsC1_rna
ACZ81_RS09420,-0.3532829437029711,598.1717376483326,0.2015333032138911,0.355446092561591,RNA,C3vsC1_rna
ACZ81_RS09425,-0.8740510223790755,777.1009054279584,0.003538523818375,0.0161876368977432,RNA,C3vsC1_rna
ACZ81_RS09430,-0.6687976461622994,857.5764919373282,0.1605227211116584,0.301506159690999,RNA,C3vsC1_rna
ACZ81_RS09435,-0.7566092407822086,1175.589178267713,0.0201835558252334,0.0647811407766691,RNA,C3vsC1_rna
ACZ81_RS09440,-0.7495219061040291,864.7126105120612,0.0007010139251558071,0.0042522434943497,RNA,C3vsC1_rna
ACZ81_RS09445,-1.6614465081643377,620.8819043897275,0.037812445071264,0.1045000752876277,RNA,C3vsC1_rna
ACZ81_RS09450,-0.705721667734216,165.61717228906204,0.0086610205034366,0.0329365064073819,RNA,C3vsC1_rna
ACZ81_RS09455,-1.8410893744354515,10797.16189190312,1.1036314542426055e-05,0.00013282918792157438,RNA,C3vsC1_rna
ACZ81_RS09460,-1.9933333937951436,5731.335879103702,1.4156384940213896e-13,1.1832378412528779e-11,RNA,C3vsC1_rna
ACZ81_RS09465,-1.9403100625201084,9136.02070731936,2.886810757608532e-12,1.8096694936758483e-10,RNA,C3vsC1_rna
ACZ81_RS09470,0.4737112930563641,186.5677734893452,0.1751891105076042,0.3213079791409324,RNA,C3vsC1_rna
ACZ81_RS09475,-0.4780109727486925,1128.8267396401325,0.1371760179429048,0.2707542940174186,RNA,C3vsC1_rna
ACZ81_RS09480,1.4983560947496952,5742.453611900999,6.18314241375395e-07,1.1431690029484262e-05,RNA,C3vsC1_rna
ACZ81_RS09485,0.9188932983037792,94.63091856643597,0.0606870006713499,0.1472045022330447,RNA,C3vsC1_rna
ACZ81_RS09500,0.3983152616135375,53.23732229268225,0.5485783688190664,0.6915431531401618,RNA,C3vsC1_rna
ACZ81_RS09505,0.465446852629785,253.5117662859599,0.1116922835993057,0.2325425229893174,RNA,C3vsC1_rna
ACZ81_RS09510,-0.1066304158149483,245.76715349115665,0.677442785566077,0.7944754328240576,RNA,C3vsC1_rna
ACZ81_RS09515,-0.022823466574618,205.6625649998223,0.9352594832418544,0.9613786950464565,RNA,C3vsC1_rna
ACZ81_RS09520,0.2379763694095478,700.977282436061,0.5980219431062801,0.7301473024170406,RNA,C3vsC1_rna
ACZ81_RS09525,-0.0520858696821292,267.58846859596764,0.8499721340932161,0.9059745488793792,RNA,C3vsC1_rna
ACZ81_RS09530,0.0482073575875132,304.2173328884525,0.8481583118560533,0.904917620785344,RNA,C3vsC1_rna
ACZ81_RS09535,0.2062145603668924,144.32589749073944,0.4503130932940254,0.6101506687928504,RNA,C3vsC1_rna
ACZ81_RS09540,0.433872303728305,162.33407553689733,0.1568740325753214,0.2978602076158019,RNA,C3vsC1_rna
ACZ81_RS09545,0.3472459071158082,161.81870938257276,0.3833176567848615,0.5457311706958355,RNA,C3vsC1_rna
ACZ81_RS09550,0.1789859627192802,71.83975909581831,0.5737769686383674,0.7118797396751225,RNA,C3vsC1_rna
ACZ81_RS09555,0.2599973870676048,479.8813556597312,0.1928679973293953,0.3454403595024706,RNA,C3vsC1_rna
ACZ81_RS09565,-0.2116039847781834,174.92243985494136,0.6434580741600981,0.7671779475572997,RNA,C3vsC1_rna
ACZ81_RS09570,0.3132201786048352,87.15235300582954,0.4888989481299607,0.6445818534003951,RNA,C3vsC1_rna
ACZ81_RS09575,0.723736092089049,143.03331785002462,0.0169775887114043,0.0566099453985843,RNA,C3vsC1_rna
ACZ81_RS09580,0.4484689404827215,171.08875951763895,0.0725870988759759,0.1682376895958496,RNA,C3vsC1_rna
ACZ81_RS09585,0.2003212296874243,176.31367012700724,0.5742211141973577,0.7118797396751225,RNA,C3vsC1_rna
ACZ81_RS09590,2.233761427667304,27.2709092464561,0.0005364007746859402,0.0034051264367721,RNA,C3vsC1_rna
ACZ81_RS09605,0.4505848516088787,416.7544572020687,0.2561578879464766,0.4165810484155914,RNA,C3vsC1_rna
ACZ81_RS09620,-0.4068313524860818,186.7622149543573,0.2949127956457785,0.4578909195552877,RNA,C3vsC1_rna
ACZ81_RS09625,0.5289255661186021,133.81825737956268,0.1515892937328513,0.2907849977255235,RNA,C3vsC1_rna
ACZ81_RS09630,-0.9325945207895676,5117.3741604324205,0.2682704248257192,0.4303482384649282,RNA,C3vsC1_rna
ACZ81_RS09635,-0.1766598186115878,2765.502057649064,0.7816482884817312,0.8636664647173521,RNA,C3vsC1_rna
ACZ81_RS09640,0.1365780243174318,2106.679367524569,0.8055315816548413,0.8757854968996929,RNA,C3vsC1_rna
ACZ81_RS09645,0.8914314181340787,149.16350059804796,0.0042659200173864,0.0188905862138568,RNA,C3vsC1_rna
ACZ81_RS09650,0.1866202357979593,889.1139396291494,0.3762268804116987,0.5398505880585606,RNA,C3vsC1_rna
ACZ81_RS09655,0.5061070086726083,279.5909270645812,0.2276140159839706,0.3866161863368713,RNA,C3vsC1_rna
ACZ81_RS09660,0.4171987828779078,370.1645107120284,0.0487462939675249,0.1250448410471291,RNA,C3vsC1_rna
ACZ81_RS09665,0.0119345372205858,645.0454190021896,0.9739677036403496,0.983776039024442,RNA,C3vsC1_rna
ACZ81_RS09670,-0.1025717473741108,2182.818772950222,0.7611081776604466,0.851055509284879,RNA,C3vsC1_rna
ACZ81_RS09675,-0.4903894052236278,1037.2977843853298,0.1069803278724032,0.2242450759791441,RNA,C3vsC1_rna
ACZ81_RS09680,0.0831659084432537,741.8893609363333,0.7746160655739134,0.8589812993916068,RNA,C3vsC1_rna
ACZ81_RS09685,-0.2399176653611498,50.07843230403911,0.5377863325156347,0.6835580258469977,RNA,C3vsC1_rna
ACZ81_RS09690,-0.3213987942752793,1430.7653010455117,0.1719252393422002,0.3168857609030139,RNA,C3vsC1_rna
ACZ81_RS09695,0.3257506895233328,275.7023433691783,0.2500298450948848,0.4114956657049932,RNA,C3vsC1_rna
ACZ81_RS09700,1.743110464796812,60.46375328944342,0.0013518245050121,0.0072994884442915,RNA,C3vsC1_rna
ACZ81_RS09705,0.2219170392741901,456.5421571025148,0.3230534081217385,0.4868859028491415,RNA,C3vsC1_rna
ACZ81_RS09710,-0.8442649598366089,3041.183784202341,0.0852834050088256,0.1904045747887637,RNA,C3vsC1_rna
ACZ81_RS09715,0.0395403688320894,342.1180003597426,0.9150151790147952,0.94736539308577,RNA,C3vsC1_rna
ACZ81_RS09720,1.036044498576964,1608.7599300428008,0.0126826277581826,0.0450289403237421,RNA,C3vsC1_rna
ACZ81_RS09725,0.090974845775686,85.99703578044439,0.8757672870195359,0.922441153983297,RNA,C3vsC1_rna
ACZ81_RS09730,0.0169632994707025,417.50622754241823,0.9629689106114988,0.9779209879726488,RNA,C3vsC1_rna
ACZ81_RS09735,0.8987286100438011,296.5895283278391,0.0389335959870418,0.1066950731557458,RNA,C3vsC1_rna
ACZ81_RS09740,-0.6858039208601557,628.4654529663268,0.028231757833365,0.0837764884818496,RNA,C3vsC1_rna
ACZ81_RS09745,-0.5517358204218332,529.4101106924805,0.1954819705071746,0.3483514656499843,RNA,C3vsC1_rna
ACZ81_RS09750,-0.4055670104275511,682.8355337272371,0.358829029814742,0.5229284662610769,RNA,C3vsC1_rna
ACZ81_RS09755,0.2418354789555625,1385.2568533185486,0.0704015004282617,0.1648866431513054,RNA,C3vsC1_rna
ACZ81_RS09765,-0.0945742547929592,208.8911013231936,0.7908557770286886,0.8681810104504666,RNA,C3vsC1_rna
ACZ81_RS09770,0.7320239754076606,7962.667525387616,0.1585443238312564,0.2990502243587215,RNA,C3vsC1_rna
ACZ81_RS09775,0.2512133738727998,2176.284943924458,0.2968051112170187,0.4600513937706681,RNA,C3vsC1_rna
ACZ81_RS09780,0.2073814773275651,1654.0577648044937,0.5488540513711576,0.6915836853332552,RNA,C3vsC1_rna
ACZ81_RS09785,0.1393960466241418,5841.483437772712,0.7287252501457653,0.8293729254662943,RNA,C3vsC1_rna
ACZ81_RS09790,-0.3422010899204248,3334.023893248387,0.2263735453399062,0.3848350270778405,RNA,C3vsC1_rna
ACZ81_RS09795,0.7006492890492343,5318.699448688039,0.0084201068972646,0.0322958593420896,RNA,C3vsC1_rna
ACZ81_RS09800,0.5722551881405631,2997.548237542764,0.0417679685518899,0.1120890232977808,RNA,C3vsC1_rna
ACZ81_RS09805,0.5771473689679066,4151.835666690947,0.1932961092960171,0.3457440884955955,RNA,C3vsC1_rna
ACZ81_RS09810,0.4766947509823128,2994.519531608944,0.0353674368749834,0.0997147974296791,RNA,C3vsC1_rna
ACZ81_RS09825,3.725874994166508,7140.024352116634,4.886962084962397e-07,9.161912095733242e-06,RNA,C3vsC1_rna
ACZ81_RS09830,0.9236441236214292,590.1088767337357,0.0003304605864290312,0.0022983206872191,RNA,C3vsC1_rna
ACZ81_RS09835,3.020667804903165,1509.8895673241016,5.686338120360899e-07,1.0561846545781448e-05,RNA,C3vsC1_rna
ACZ81_RS09840,0.8334220946603302,1308.734202735049,0.0561022463276995,0.1386828171698894,RNA,C3vsC1_rna
ACZ81_RS09845,0.110852917917,462.5362469268889,0.7919902223497857,0.8686344374158939,RNA,C3vsC1_rna
ACZ81_RS09850,1.1878714513793434,515.5844570679081,0.0367757432828235,0.1026192763772664,RNA,C3vsC1_rna
ACZ81_RS09855,0.5117668444828238,257.5509526713072,0.2732345371078069,0.435698315928665,RNA,C3vsC1_rna
ACZ81_RS09860,2.48139869002532,1197.3548151003797,2.568038932579096e-12,1.635392412302751e-10,RNA,C3vsC1_rna
ACZ81_RS09865,3.3609058428398653,1115.6630932483354,7.045471429295004e-11,3.234247824395532e-09,RNA,C3vsC1_rna
ACZ81_RS09870,1.311074805333343,382.0025203636032,1.140690553190476e-08,3.134555136575472e-07,RNA,C3vsC1_rna
ACZ81_RS09875,0.5933962752104353,418.99682443834814,0.0366960377075583,0.1025240273556573,RNA,C3vsC1_rna
ACZ81_RS09880,-0.2262742879670948,1078.267607166808,0.3496515143454589,0.5144143265804779,RNA,C3vsC1_rna
ACZ81_RS09885,0.454330513077674,3612.6420273531367,0.0709786756541812,0.1655671306609943,RNA,C3vsC1_rna
ACZ81_RS09890,0.4518744775360453,382.8200273182621,0.0994700385491374,0.2126435823806644,RNA,C3vsC1_rna
ACZ81_RS09895,-0.8140477333370425,5943.490322968216,0.0500881444488365,0.127427796784231,RNA,C3vsC1_rna
ACZ81_RS09905,0.175908634651128,4344.221313912689,0.7004771338406321,0.8115289808820688,RNA,C3vsC1_rna
ACZ81_RS09910,0.6683554443825926,892.376866416506,0.0008137915174720803,0.0048155332862802,RNA,C3vsC1_rna
ACZ81_RS09915,0.8085910674059844,278.4538013817748,0.0377276630653802,0.1044605826213289,RNA,C3vsC1_rna
ACZ81_RS09920,0.4230518110948664,1478.2347936879953,0.0886868870499987,0.1960395541843499,RNA,C3vsC1_rna
ACZ81_RS09925,-0.2685350448014673,911.5613067770262,0.2832550081277047,0.4456545461209221,RNA,C3vsC1_rna
ACZ81_RS09930,-0.1639722958887547,402.8752521047056,0.5520552823149194,0.6943090259082936,RNA,C3vsC1_rna
ACZ81_RS09935,0.105256051673813,160.3456263422814,0.7473038955939674,0.8420856750940241,RNA,C3vsC1_rna
ACZ81_RS09940,-0.106879421853449,155.40290638298168,0.7526430344434127,0.8448807650215368,RNA,C3vsC1_rna
ACZ81_RS09945,0.0717030255197951,652.8999370493137,0.7843985181770441,0.8652754618989005,RNA,C3vsC1_rna
ACZ81_RS09950,-0.0065798009095717,1150.8055757931784,0.9763890441289488,0.9852295887941002,RNA,C3vsC1_rna
ACZ81_RS09955,-1.1010333888015864,5010.313073781196,0.0078445399381239,0.0308249698645969,RNA,C3vsC1_rna
ACZ81_RS09960,-0.7151000300148883,3216.7986404751064,0.1385724437723432,0.2723922804579329,RNA,C3vsC1_rna
ACZ81_RS09965,0.5425171981552922,327.92527297654067,0.1349294754233744,0.2675912285707258,RNA,C3vsC1_rna
ACZ81_RS09970,0.868148872044341,516.843564723299,0.0127467821476424,0.0452167020126803,RNA,C3vsC1_rna
ACZ81_RS09975,0.603277557798111,221.72615372430744,0.2600483946814812,0.421370823692287,RNA,C3vsC1_rna
ACZ81_RS09980,0.4171920732391493,1354.826637383196,0.054353110542418,0.1355280792393917,RNA,C3vsC1_rna
ACZ81_RS09985,0.028700991130775,1539.6037198434487,0.8739539409124782,0.9217411174923404,RNA,C3vsC1_rna
ACZ81_RS09990,-0.0494956076238808,1316.0884658621644,0.8064281030877287,0.8760870700211123,RNA,C3vsC1_rna
ACZ81_RS09995,-0.431221803606838,706.6311491668175,0.0764976495236388,0.1747156328840673,RNA,C3vsC1_rna
ACZ81_RS10000,0.6328106261559513,238.20080227859765,0.0453215994629094,0.1191548211305326,RNA,C3vsC1_rna
ACZ81_RS10005,0.1048234306034692,283.2689941849885,0.7868607936930087,0.8665620379622154,RNA,C3vsC1_rna
ACZ81_RS10010,0.8243794946831124,541.1423222393803,0.0016735782430677,0.0088347314620889,RNA,C3vsC1_rna
ACZ81_RS10015,0.6247872779254183,661.8288403983591,0.0988219290231735,0.211678365852094,RNA,C3vsC1_rna
ACZ81_RS10020,0.0809562591800346,261.5397010917126,0.7834212361312664,0.8646729021619368,RNA,C3vsC1_rna
ACZ81_RS10025,0.8311255713527312,919.0136146685496,0.0899182273925473,0.1977806624445723,RNA,C3vsC1_rna
ACZ81_RS10030,-0.1211564188772674,53.22836220221597,0.7768338982774725,0.8604797349224792,RNA,C3vsC1_rna
ACZ81_RS10035,-0.8788397741384628,358.5586336601677,0.0007120907623694724,0.0042896518597992,RNA,C3vsC1_rna
ACZ81_RS10040,-2.9883720065970247,263.91980853687977,4.662738423857517e-10,1.7483090239734912e-08,RNA,C3vsC1_rna
ACZ81_RS10045,1.1948832288810938,1444.0106672907302,0.0578931220662388,0.1419726196392116,RNA,C3vsC1_rna
ACZ81_RS10050,0.2855070603068288,1314.6449872910473,0.6332187247172865,0.760393152818244,RNA,C3vsC1_rna
ACZ81_RS10055,-1.7803576162552537,1809.059158748708,6.439626311572705e-07,1.174537352868246e-05,RNA,C3vsC1_rna
ACZ81_RS10060,-1.0702901183738684,470.3138091704895,0.0020341286511474,0.010409342026025,RNA,C3vsC1_rna
ACZ81_RS10065,-0.4527482639665425,108.17243975322974,0.3013251422797167,0.4649678733947012,RNA,C3vsC1_rna
ACZ81_RS10070,-0.0080742427205259,328.51660881713025,0.9806548006773176,0.98705144513733,RNA,C3vsC1_rna
ACZ81_RS10075,0.689259852568645,50.19343763707538,0.153403792135339,0.2932118820471302,RNA,C3vsC1_rna
ACZ81_RS10080,0.7183159405227607,1453.6499914353049,0.0694743692751188,0.1632871526255283,RNA,C3vsC1_rna
ACZ81_RS10085,-0.7459906694107833,1818.746765214793,0.0469574216516659,0.1215439843009573,RNA,C3vsC1_rna
ACZ81_RS10090,-0.7989134953722115,1976.2483966631944,0.036313597606338,0.1018100304658478,RNA,C3vsC1_rna
ACZ81_RS10095,-0.2607547872586708,371.2098487630968,0.3853737759297506,0.5481149506727805,RNA,C3vsC1_rna
ACZ81_RS10100,-0.5376640379766325,614.1424677493376,0.0232359469184424,0.0719865784067886,RNA,C3vsC1_rna
ACZ81_RS10105,-0.3063898815762514,357.47288236122586,0.1724717288927912,0.3175569418622664,RNA,C3vsC1_rna
ACZ81_RS10110,-0.030990334645927,1201.0885176531835,0.8742026623829655,0.9217611252248248,RNA,C3vsC1_rna
ACZ81_RS10115,-0.1516205854512798,6409.570652049457,0.6786476596562887,0.7956433106168563,RNA,C3vsC1_rna
ACZ81_RS10120,0.1685101024229341,247.999229397308,0.6275699151741932,0.7551921114813627,RNA,C3vsC1_rna
ACZ81_RS10125,-0.382350693554764,330.18046086897215,0.2212996844578769,0.3786159207014936,RNA,C3vsC1_rna
ACZ81_RS10130,0.4167052324078951,2963.708651335573,0.2506731163857059,0.4115676861766523,RNA,C3vsC1_rna
ACZ81_RS10135,0.0078671407531761,92.13643103919796,0.9839657072703148,0.9884002046991744,RNA,C3vsC1_rna
ACZ81_RS10145,-2.9985649070206257,2925.443091606594,7.004877500957634e-14,6.109471420400441e-12,RNA,C3vsC1_rna
ACZ81_RS10150,-2.767696095843593,2977.88249833764,6.4323547789224966e-09,1.856590458491875e-07,RNA,C3vsC1_rna
ACZ81_RS10155,-2.5100125545068583,4267.1717497753325,4.3661364214881006e-09,1.2975510609637229e-07,RNA,C3vsC1_rna
ACZ81_RS10160,-0.4988631673987885,734.3325369256646,0.0221923181023503,0.0695047464688754,RNA,C3vsC1_rna
ACZ81_RS10165,-0.3037225091412577,561.2244902895359,0.2524747570001092,0.4129346616732319,RNA,C3vsC1_rna
ACZ81_RS10170,-0.3400075628375043,715.0282583195304,0.1809229878276797,0.3288912674058228,RNA,C3vsC1_rna
ACZ81_RS10175,0.3039232231409746,193.60977863849143,0.2736523287814414,0.4357600082625976,RNA,C3vsC1_rna
ACZ81_RS10180,-0.0657227312311882,1353.9629359077924,0.8905654443938976,0.9311828415189776,RNA,C3vsC1_rna
ACZ81_RS10185,-0.2126868477117462,638.4877513836249,0.5011928227581834,0.6556196951111287,RNA,C3vsC1_rna
ACZ81_RS10190,0.9999758142200482,966.9886238193463,0.0034501350460926,0.0159653308015268,RNA,C3vsC1_rna
ACZ81_RS10195,0.970898835864889,205.38624593259453,0.0159659491186386,0.0539186766531804,RNA,C3vsC1_rna
ACZ81_RS10200,-0.5731406387742657,3314.060898748632,0.0396171329776961,0.1081251275554537,RNA,C3vsC1_rna
ACZ81_RS10205,-1.2667999141344872,20379.25634005183,2.560059933689271e-06,3.804059427393094e-05,RNA,C3vsC1_rna
ACZ81_RS10210,0.3255445652655038,933.0655788096336,0.1906958041899986,0.3418550341422138,RNA,C3vsC1_rna
ACZ81_RS10215,0.0973388887888207,471.3927951979778,0.7233556297001095,0.8265744193554085,RNA,C3vsC1_rna
ACZ81_RS10220,-0.3636530592503877,822.4685843078807,0.3573641720692845,0.521741287606248,RNA,C3vsC1_rna
ACZ81_RS10230,-0.6014899256615112,7495.695893611436,0.0539882744480259,0.1347859098229497,RNA,C3vsC1_rna
ACZ81_RS10235,-0.5438988378660943,4906.632548583094,0.2376830987285849,0.3983480767055136,RNA,C3vsC1_rna
ACZ81_RS10240,0.2882016053671881,630.5392353678618,0.4183441928312286,0.5778029650189608,RNA,C3vsC1_rna
ACZ81_RS10245,0.8814717659589127,885.9602521357151,0.0087870874799548,0.033321167268033,RNA,C3vsC1_rna
ACZ81_RS10250,-0.6381470503693841,7132.375876796375,0.0132981260197755,0.0465957044465848,RNA,C3vsC1_rna
ACZ81_RS10255,1.442937731341269,464.8569216277421,0.0004198398203482274,0.0028073289320618,RNA,C3vsC1_rna
ACZ81_RS10260,0.0885379722616454,1188.6155613866451,0.6268848596054608,0.755047150026151,RNA,C3vsC1_rna
ACZ81_RS10265,-0.1022945270072669,58.27612269748087,0.7569358684103087,0.8475491806549756,RNA,C3vsC1_rna
ACZ81_RS10270,0.0202343688588804,1124.0528057257134,0.9199106592727048,0.950471688128275,RNA,C3vsC1_rna
ACZ81_RS10275,-0.1296328087662491,2261.179246054716,0.5809751810758199,0.7159616071004674,RNA,C3vsC1_rna
ACZ81_RS10280,-0.1931429615793617,84696.51786304824,0.7893376370802487,0.867279110017101,RNA,C3vsC1_rna
ACZ81_RS10285,2.696536906988884,331.65986303011607,1.0585102630404424e-18,1.9303378069628432e-16,RNA,C3vsC1_rna
ACZ81_RS10290,0.2258569755904536,314.6485874011712,0.5903445827667673,0.7236365615827284,RNA,C3vsC1_rna
ACZ81_RS10295,0.7158318723743303,24.27938115146271,0.3584424143150831,0.5227629626386807,RNA,C3vsC1_rna
ACZ81_RS10300,0.0831155362154893,305.6025334416631,0.7937504537930222,0.8693766914052977,RNA,C3vsC1_rna
ACZ81_RS10305,-0.5656567072035988,1115.9392843881062,0.0755602928619628,0.1736242239187828,RNA,C3vsC1_rna
ACZ81_RS10310,-0.4480808866907732,745.4436983660881,0.1271062493041943,0.2565074973253394,RNA,C3vsC1_rna
ACZ81_RS10315,-0.8472201719946983,610.3220575429252,0.0188354562423611,0.0613873683544702,RNA,C3vsC1_rna
ACZ81_RS10320,-2.03078814610627,2681.952721466744,3.1980758567167386e-07,6.351821949082949e-06,RNA,C3vsC1_rna
ACZ81_RS10325,-2.434638946732837,302.89521708086966,1.0551998633628795e-12,7.299072158296334e-11,RNA,C3vsC1_rna
ACZ81_RS10330,-1.087977016765298,863.4644187708549,0.0231258960405267,0.0719233293911577,RNA,C3vsC1_rna
ACZ81_RS10335,-0.5482214803710836,421.8613496264898,0.2630996611550656,0.4246000967635251,RNA,C3vsC1_rna
ACZ81_RS10340,-0.3579632925181605,606.1446805465978,0.5111855384681281,0.6624277714257526,RNA,C3vsC1_rna
ACZ81_RS10345,-1.455305940161026,134.89305897214166,0.0904190859510649,0.1984471405009149,RNA,C3vsC1_rna
ACZ81_RS10350,-1.055430351789187,1495.4415251178616,2.9732822665126597e-06,4.3064290444941474e-05,RNA,C3vsC1_rna
ACZ81_RS10355,-0.5538021906920372,336.46291674547706,0.0768078697307415,0.1749876055421549,RNA,C3vsC1_rna
ACZ81_RS10360,-1.607808405756193,11737.43687625664,0.00026509080982214847,0.0018890663037414,RNA,C3vsC1_rna
ACZ81_RS10365,-1.740834331171282,11731.48067257195,0.00012454697256919506,0.0010013676431815,RNA,C3vsC1_rna
ACZ81_RS10370,0.0337352777168684,304.7887055672271,0.9251772344698548,0.9537027401575172,RNA,C3vsC1_rna
ACZ81_RS10375,0.4887619793260347,3030.151187170149,0.1752297752642971,0.3213079791409324,RNA,C3vsC1_rna
ACZ81_RS10380,0.0430372053330825,1215.3462878637745,0.8919769940530955,0.931930130245057,RNA,C3vsC1_rna
ACZ81_RS10385,0.1984940679486403,127.1806218479686,0.6190615489716667,0.7487714604987418,RNA,C3vsC1_rna
ACZ81_RS10390,0.7023476447527099,1131.884960700047,0.0413513703981,0.1112687444917352,RNA,C3vsC1_rna
ACZ81_RS10395,-0.1385449077235736,94.91053160173712,0.7464241885670495,0.8416677471981457,RNA,C3vsC1_rna
ACZ81_RS10400,-0.2218088506708163,219.90439610620663,0.3862561642056127,0.5485521170948384,RNA,C3vsC1_rna
ACZ81_RS10405,0.8437765315479917,25.669848842964125,0.1591866991897841,0.2996982811588051,RNA,C3vsC1_rna
ACZ81_RS10410,0.3615566214612987,63.14545649465074,0.2753469495247706,0.4368097910215024,RNA,C3vsC1_rna
ACZ81_RS10415,-0.3239463852698629,1307.052808642416,0.1465204020076785,0.2835696347587103,RNA,C3vsC1_rna
ACZ81_RS10420,-1.3425026436197955,1471.669862171654,7.98685638010268e-06,0.00010013521186553736,RNA,C3vsC1_rna
ACZ81_RS10425,-0.429692062657642,998.6751548384706,0.0895206809514538,0.1970142468333695,RNA,C3vsC1_rna
ACZ81_RS10430,0.2451201889415348,751.540125884035,0.3050046584423312,0.4685113639478416,RNA,C3vsC1_rna
ACZ81_RS10435,0.5109528560351736,355.1320575672126,0.0858796329137224,0.191309876318631,RNA,C3vsC1_rna
ACZ81_RS10440,0.1342832609472552,747.5549931261144,0.5442593949326976,0.6883066037702307,RNA,C3vsC1_rna
ACZ81_RS10445,0.4539971721456295,434.5214387966237,0.058676955722692,0.1432817689345346,RNA,C3vsC1_rna
ACZ81_RS10450,-0.7805881501353744,103.9417407295593,0.0129736910200488,0.0458190566658767,RNA,C3vsC1_rna
ACZ81_RS10455,0.0735311715581079,212.12724484705188,0.764446856728543,0.8535933173378553,RNA,C3vsC1_rna
ACZ81_RS10460,0.2282765643578117,374.4220783827301,0.5579532220569521,0.6993796398732876,RNA,C3vsC1_rna
ACZ81_RS10465,0.2251751127423174,703.6745298361524,0.5311532308585463,0.678020692276295,RNA,C3vsC1_rna
ACZ81_RS10470,0.76053701451403,342.7583108954653,0.0290962913889043,0.0855359128872196,RNA,C3vsC1_rna
ACZ81_RS10490,0.5008004758859983,396.7878555658206,0.0196380411606279,0.0634362489021249,RNA,C3vsC1_rna
ACZ81_RS10495,0.1591774823891182,513.1619004556368,0.5092206678074451,0.6616440060565829,RNA,C3vsC1_rna
ACZ81_RS10500,0.2986608825412971,2466.838122373768,0.2398346315083398,0.4006714785766525,RNA,C3vsC1_rna
ACZ81_RS10505,0.0874662579874137,194.11150350310737,0.8032944751409249,0.8736290144389782,RNA,C3vsC1_rna
ACZ81_RS10510,0.4478255051131368,249.6418167624421,0.1042782987919734,0.2206564001863909,RNA,C3vsC1_rna
ACZ81_RS10515,-0.00806361813717,1650.679676936287,0.9750946087205116,0.984418613534648,RNA,C3vsC1_rna
ACZ81_RS10520,1.060275707699232,118.75478312836977,0.024306668488062,0.0741232800488605,RNA,C3vsC1_rna
ACZ81_RS10535,-0.1647505495467282,167.37604016146247,0.5364771373666226,0.6824179692818294,RNA,C3vsC1_rna
ACZ81_RS10540,1.3831547921369305,3.855494485214918,0.2838635796193208,0.4457380357857985,RNA,C3vsC1_rna
ACZ81_RS10545,0.120896030175003,31.446940784422523,0.812922186376599,0.8812331293550162,RNA,C3vsC1_rna
ACZ81_RS10550,2.1890535466884105,108.61605736416222,1.2417326321209956e-06,2.0169357571131317e-05,RNA,C3vsC1_rna
ACZ81_RS10560,-1.961444795710544,27485.29866024825,0.000705449707597818,0.0042688751536688,RNA,C3vsC1_rna
ACZ81_RS10565,-0.8110360451033216,289.0122632214753,0.0127857906413956,0.0452750150514379,RNA,C3vsC1_rna
ACZ81_RS10570,-0.757155134769709,127.92661786424352,0.1337217122752029,0.2659848833158722,RNA,C3vsC1_rna
ACZ81_RS10575,-0.8712552591425062,73.95202247039929,0.0705405374226267,0.1651158903964867,RNA,C3vsC1_rna
ACZ81_RS10580,-1.195132627159103,52.33777468822628,0.0062305980967952,0.0254813043469342,RNA,C3vsC1_rna
ACZ81_RS10585,-0.0583938846650438,276.506823736537,0.9246700707796416,0.9534249097835832,RNA,C3vsC1_rna
ACZ81_RS10590,-0.0695519591111637,107.11408509134884,0.8302804379645081,0.893052310218125,RNA,C3vsC1_rna
ACZ81_RS10595,0.7651918723965161,3204.9049336970866,0.0524165797988154,0.1315990726863877,RNA,C3vsC1_rna
ACZ81_RS10600,0.5818478969386397,2907.1973279673034,8.292747968780108e-05,0.000710908223306534,RNA,C3vsC1_rna
ACZ81_RS10605,0.3345377229986079,387.1845505781103,0.3368597351030734,0.5014772754113286,RNA,C3vsC1_rna
ACZ81_RS10610,-0.7194025284440834,469.4058431913156,0.0082871143649247,0.0320254999150971,RNA,C3vsC1_rna
ACZ81_RS10615,-0.4967078803539567,1384.0180801967958,0.1601417039743282,0.3009313893887611,RNA,C3vsC1_rna
ACZ81_RS10620,-0.3155736958805037,1455.4979955453366,0.273139835134323,0.435698315928665,RNA,C3vsC1_rna
ACZ81_RS10625,-0.0779815746095541,182.40491970600837,0.8806945762579113,0.9261637041987488,RNA,C3vsC1_rna
ACZ81_RS10630,-1.207898399561539,4125.587338911498,0.0001594865855910448,0.0012257857881058,RNA,C3vsC1_rna
ACZ81_RS10635,-0.9346685386351672,398.19873525015583,0.0032344800605085,0.0152309084539438,RNA,C3vsC1_rna
ACZ81_RS10640,0.4068220112509652,581.562784241207,0.0327981249086175,0.0943946033955334,RNA,C3vsC1_rna
ACZ81_RS10645,-0.3012949015716023,1626.8052285898254,0.1591366759792642,0.2996982811588051,RNA,C3vsC1_rna
ACZ81_RS10650,0.1437133242247679,302.8852298636338,0.6734076466045911,0.7915943387569936,RNA,C3vsC1_rna
ACZ81_RS10655,-0.0465152418837441,335.95140915051707,0.8767341675454616,0.9232171864022028,RNA,C3vsC1_rna
ACZ81_RS10665,0.1709878241514881,5436.72181804928,0.5097561372684192,0.6616440060565829,RNA,C3vsC1_rna
ACZ81_RS10670,0.687854034195895,26305.707648536907,0.0182597263888027,0.0600250014946688,RNA,C3vsC1_rna
ACZ81_RS10675,1.399149126320406,4492.887396049648,6.658542417346805e-05,0.0005897146176246221,RNA,C3vsC1_rna
ACZ81_RS10680,0.6797843742832653,705.1714433039945,0.0179247195427929,0.0592372115368082,RNA,C3vsC1_rna
ACZ81_RS10685,0.4762603074307465,915.9369597750618,0.0921281424052211,0.200781038983677,RNA,C3vsC1_rna
ACZ81_RS10690,0.2770202536342201,8075.634241725112,0.1757366966217516,0.3217395548584018,RNA,C3vsC1_rna
ACZ81_RS10695,0.6431305026759205,492.6577076466361,0.0085498885331286,0.0326998596710317,RNA,C3vsC1_rna
ACZ81_RS10700,0.622182492647607,4348.2191702108585,0.0262201086109728,0.0786799369837121,RNA,C3vsC1_rna
ACZ81_RS10705,0.5817225050055029,548.0902207436587,0.1329722923336795,0.2647567428499863,RNA,C3vsC1_rna
ACZ81_RS10710,0.3374687104599161,23.30661376733161,0.6146582427558965,0.744589980301062,RNA,C3vsC1_rna
ACZ81_RS10715,0.7012453084998195,747.2479853130598,0.0410686047246277,0.1109985647915601,RNA,C3vsC1_rna
ACZ81_RS10720,0.4190870811806004,401.8897153910518,0.4247968944911904,0.584660425625611,RNA,C3vsC1_rna
ACZ81_RS10725,-0.3064830140507322,168.65209429884254,0.4087062347724472,0.569746147987164,RNA,C3vsC1_rna
ACZ81_RS10730,-0.3698970068327775,415.9264945213293,0.2902082827883017,0.4519858814233954,RNA,C3vsC1_rna
ACZ81_RS10735,-0.2651940378867553,1004.6965460610876,0.2895813952258033,0.451359968005409,RNA,C3vsC1_rna
ACZ81_RS10740,-0.9010970244741064,789.702822553403,0.0927936312549658,0.2015636429858815,RNA,C3vsC1_rna
ACZ81_RS10745,0.3870130618264994,182.97526809774823,0.2550414372693291,0.4152703921771706,RNA,C3vsC1_rna
ACZ81_RS10750,0.2707523064997701,1816.870604232609,0.4148063574004433,0.5752516784965706,RNA,C3vsC1_rna
ACZ81_RS10755,-0.2466257012845324,4064.491639457444,0.4122001471035495,0.5734039553806981,RNA,C3vsC1_rna
ACZ81_RS10760,1.763576903644832,2056.3340604450423,6.780093962925829e-05,0.000597840373170515,RNA,C3vsC1_rna
ACZ81_RS10765,0.5830733906784349,196.8175324846541,0.110683049188948,0.2306807238161348,RNA,C3vsC1_rna
ACZ81_RS10770,0.5255699177048717,311.9457862420496,0.081112760781185,0.1830283443498955,RNA,C3vsC1_rna
ACZ81_RS10775,0.287336821313794,368.46477577409047,0.2332645488372433,0.3933826691614208,RNA,C3vsC1_rna
ACZ81_RS10780,-1.657463078218437,2501.1279281689986,4.711805183935358e-05,0.00044271106318380935,RNA,C3vsC1_rna
ACZ81_RS10785,-0.1971522336427151,322.1281428030968,0.5253929678837912,0.6747364235434603,RNA,C3vsC1_rna
ACZ81_RS10790,0.688836392804934,133.2278750448253,0.1629333387729644,0.305176729765235,RNA,C3vsC1_rna
ACZ81_RS10795,-0.0843222522028957,397.813903494172,0.7877647847011919,0.8666060642229728,RNA,C3vsC1_rna
ACZ81_RS10800,-0.0493798526989245,301.5640177540925,0.8621353422835265,0.9133580652869048,RNA,C3vsC1_rna
ACZ81_RS10805,-0.2620935750706269,1036.7563394975336,0.336485979028862,0.5011068106398643,RNA,C3vsC1_rna
ACZ81_RS10810,0.2775247357433926,182.51990436088292,0.320578824675758,0.4847954182431742,RNA,C3vsC1_rna
ACZ81_RS10815,0.3064333147606891,1450.1053214693632,0.0547862228471678,0.1361848364701594,RNA,C3vsC1_rna
ACZ81_RS10820,1.449535591444846,2052.429094849703,0.0004412142434688325,0.0029258703219784,RNA,C3vsC1_rna
ACZ81_RS10825,-0.3543354747015143,1475.4135154285095,0.2535534267714673,0.4140237477440485,RNA,C3vsC1_rna
ACZ81_RS10830,-1.2967889352431212,2628.458427814866,1.7158814493748377e-05,0.0001886059280792288,RNA,C3vsC1_rna
ACZ81_RS10835,-1.424850765443928,17289.840517572993,0.0003613252399365583,0.0024780117309837,RNA,C3vsC1_rna
ACZ81_RS10840,-0.6712292685824901,292.2798326550703,0.2656159868857758,0.4278006179790176,RNA,C3vsC1_rna
ACZ81_RS10845,-0.060359467399198,3934.679166250614,0.799857237063429,0.8709649004619072,RNA,C3vsC1_rna
ACZ81_RS10850,1.1753537428019036,344.6614863716828,0.0105977166737075,0.0388647525547668,RNA,C3vsC1_rna
ACZ81_RS10855,1.3495727250880836,247.06445318678087,3.395119694647469e-07,6.644497665817387e-06,RNA,C3vsC1_rna
ACZ81_RS10860,1.5325300459498623,205.59057195835675,0.0011102884420369,0.0062213369126427,RNA,C3vsC1_rna
ACZ81_RS10865,2.117949901280819,166.35985230039032,9.867901581132227e-06,0.000120701283974093,RNA,C3vsC1_rna
ACZ81_RS10870,1.1733464666278015,223.0414943104128,0.0479919822493406,0.1234255338361248,RNA,C3vsC1_rna
ACZ81_RS10875,-0.358873378263679,576.3618970955116,0.3659024002257764,0.5286281705818563,RNA,C3vsC1_rna
ACZ81_RS10880,0.4248299590805395,177.37104356388602,0.1502726304704588,0.2890190764369515,RNA,C3vsC1_rna
ACZ81_RS10885,0.8437234772232372,688.889015947808,0.0005168457258727202,0.0033124361856251,RNA,C3vsC1_rna
ACZ81_RS10890,0.1328847319055204,284.171159379707,0.5621425038742103,0.7030285927504151,RNA,C3vsC1_rna
ACZ81_RS10895,-0.0753744357789747,259.5973736637718,0.7387104490749992,0.8360243502648509,RNA,C3vsC1_rna
ACZ81_RS10900,-0.1797892971106375,719.9156787436106,0.5390934950211723,0.683794847304756,RNA,C3vsC1_rna
ACZ81_RS10905,-0.1056663711756924,758.56357734044,0.6386447920886165,0.7636301796913201,RNA,C3vsC1_rna
ACZ81_RS10910,-0.8263982705643615,2771.467795534877,0.0154319966637909,0.0526920600979824,RNA,C3vsC1_rna
ACZ81_RS10920,-0.660413373293226,347.3242474568888,0.0242308531809627,0.0739833964703367,RNA,C3vsC1_rna
ACZ81_RS10925,-0.5153962132028693,229.25256097039556,0.0762190266536954,0.1746377698084671,RNA,C3vsC1_rna
ACZ81_RS10935,-2.5280564446615794,149.8984662195764,8.720934912758493e-11,3.887598985554119e-09,RNA,C3vsC1_rna
ACZ81_RS10940,0.2364877327266935,278.5609714154183,0.5874383865715691,0.7214566524062378,RNA,C3vsC1_rna
ACZ81_RS10945,0.5695507315942435,47.497282559996606,0.1493884833248153,0.2874564005271747,RNA,C3vsC1_rna
ACZ81_RS10950,1.3136279696401405,242.1444920953172,0.0042519399338012,0.0188494839938239,RNA,C3vsC1_rna
ACZ81_RS10955,0.0111014915594386,173.54036612953547,0.9648140400593036,0.9782243944194912,RNA,C3vsC1_rna
ACZ81_RS10965,0.3466198308872534,98.75503117331296,0.3135866505763451,0.478368685213801,RNA,C3vsC1_rna
ACZ81_RS10970,1.0794575856105235,215.3049980230449,2.1690950502264032e-05,0.0002284096940028433,RNA,C3vsC1_rna
ACZ81_RS10975,0.2799532760274776,181.97451288996896,0.4418943865507087,0.6019966990972644,RNA,C3vsC1_rna
ACZ81_RS10980,-0.1908018640589077,88.57676306956462,0.6327698819658794,0.7600816666009306,RNA,C3vsC1_rna
ACZ81_RS10985,-0.0863749290600235,50.69111233377401,0.8485294340464767,0.904917620785344,RNA,C3vsC1_rna
ACZ81_RS10995,0.918996732331024,130.10790931195763,0.0143897017757642,0.049768520279626,RNA,C3vsC1_rna
ACZ81_RS11000,1.006119748470643,48.73420977857647,0.0518654472970742,0.130460297527186,RNA,C3vsC1_rna
ACZ81_RS11005,0.3264784303139345,169.33844761013552,0.3458824497908579,0.5118703019405836,RNA,C3vsC1_rna
ACZ81_RS11010,-0.0960457101568888,271.9748036250894,0.7618103268418084,0.8511230942047717,RNA,C3vsC1_rna
ACZ81_RS11015,0.1909202898563275,893.9694260398845,0.3470735681928477,0.5126874652392139,RNA,C3vsC1_rna
ACZ81_RS11020,-0.7610813054618758,794.3480488835501,0.0397897021809496,0.1085222876614345,RNA,C3vsC1_rna
ACZ81_RS11025,0.8899896462775568,158.5219523292378,0.0039548203993757,0.0178077883751914,RNA,C3vsC1_rna
ACZ81_RS11030,0.5481957538310865,991.2321228488776,0.0129650440717744,0.0458190566658767,RNA,C3vsC1_rna
ACZ81_RS11035,0.2121009589488138,447.7121519998314,0.5246987881835283,0.6742765977553862,RNA,C3vsC1_rna
ACZ81_RS11040,-0.4627952876093459,465.8974059309199,0.1838139499089332,0.3327895158098557,RNA,C3vsC1_rna
ACZ81_RS11045,-0.3063526127559005,14318.63384174481,0.597110845398574,0.7292568376679083,RNA,C3vsC1_rna
ACZ81_RS11050,0.7292797619330358,673.0618214736239,0.0062039818098433,0.0253983418582567,RNA,C3vsC1_rna
ACZ81_RS11055,0.2666610600310173,129.2461820557564,0.4438651563771451,0.6034520526550682,RNA,C3vsC1_rna
ACZ81_RS11060,-0.2074167860663684,252.6497096930304,0.5583687559409313,0.6993796398732876,RNA,C3vsC1_rna
ACZ81_RS11065,-0.116344300885185,2777.6037460029424,0.8440310149694804,0.9019753244253182,RNA,C3vsC1_rna
ACZ81_RS11070,1.276288253107985,147.68243150981726,2.5421125060890207e-06,3.791433224694852e-05,RNA,C3vsC1_rna
ACZ81_RS11075,0.0152836508164527,26.45705896362162,0.9755574051995454,0.9846380653234152,RNA,C3vsC1_rna
ACZ81_RS11085,0.0829035523174231,343.8025361362989,0.752497888959293,0.8448807650215368,RNA,C3vsC1_rna
ACZ81_RS11090,0.082120019711477,193.98194416586648,0.7999764850952463,0.8709649004619072,RNA,C3vsC1_rna
ACZ81_RS11095,-0.2258245174298934,96.4324103621855,0.5312082402646008,0.678020692276295,RNA,C3vsC1_rna
ACZ81_RS11100,-0.9686905038371112,1074.110405903417,0.1276132092610555,0.256891217037308,RNA,C3vsC1_rna
ACZ81_RS11105,-1.4093889944624494,102.23435569409745,0.0007825343606924032,0.0046649745246625,RNA,C3vsC1_rna
ACZ81_RS11110,1.4053393304978432,3585.755494496686,0.0009240951761821608,0.0053268244925902,RNA,C3vsC1_rna
ACZ81_RS11115,-2.9271902621211936,413.2532118739781,3.976032372597142e-09,1.1904359611089357e-07,RNA,C3vsC1_rna
ACZ81_RS11120,0.8871582827498826,244.77419358884367,0.000462091198678509,0.0030441870100134,RNA,C3vsC1_rna
ACZ81_RS11125,0.8694518158080117,812.1302299337648,0.0008341275425726858,0.0049141258455236,RNA,C3vsC1_rna
ACZ81_RS11130,0.7270596061375412,858.0760096803073,0.0034488742959559,0.0159653308015268,RNA,C3vsC1_rna
ACZ81_RS11135,0.3788620774892353,2244.0104388719155,0.0570216494570096,0.1403502193997071,RNA,C3vsC1_rna
ACZ81_RS11140,-0.1069242512136892,2411.618022867676,0.8284488502665635,0.891663393948452,RNA,C3vsC1_rna
ACZ81_RS11145,-0.3118271577963646,3224.747583005683,0.5257710843602552,0.6747896819985454,RNA,C3vsC1_rna
ACZ81_RS11150,-0.0522662507293944,2482.877395551418,0.9052688656430684,0.9410912611501242,RNA,C3vsC1_rna
ACZ81_RS11155,1.367641198166495,217.83838117333,0.0164287574521915,0.0552490988249728,RNA,C3vsC1_rna
ACZ81_RS11160,0.7180386920703442,123.70223094866638,0.0936037188648602,0.2028839114456075,RNA,C3vsC1_rna
ACZ81_RS11165,0.2294398409532165,1237.3909203753428,0.7106784379021973,0.8181468846093588,RNA,C3vsC1_rna
ACZ81_RS11170,0.1115007124800858,2272.109679452595,0.8268918004188011,0.8913191572488527,RNA,C3vsC1_rna
ACZ81_RS11175,-1.038923490784111,1843.2699312774105,0.0002815198419774115,0.0019815045719532,RNA,C3vsC1_rna
ACZ81_RS11180,1.0791048338166067,1511.6527395548726,0.0007115868422895472,0.0042896518597992,RNA,C3vsC1_rna
ACZ81_RS11185,-0.7373524229962831,555.8790043787999,0.0208225964949761,0.0663544536440385,RNA,C3vsC1_rna
ACZ81_RS11190,-1.4324429908869254,590.3426765808728,2.989181106208794e-05,0.0002961134468669057,RNA,C3vsC1_rna
ACZ81_RS11195,-1.4253483047926592,933.2365592135516,0.00023685006737348552,0.0017214537505478,RNA,C3vsC1_rna
ACZ81_RS11200,0.6478572479250817,236.27698165847733,0.0297082446413599,0.0868095247641194,RNA,C3vsC1_rna
ACZ81_RS11205,0.5161933249296579,1153.4390579990045,0.0363714714231267,0.1018299674456276,RNA,C3vsC1_rna
ACZ81_RS11210,0.6795881657210602,416.5199070924976,0.0158550278429733,0.0535891926756603,RNA,C3vsC1_rna
ACZ81_RS11215,3.4975062262585666,2717.0515156417146,6.259385979039448e-10,2.2624014908023663e-08,RNA,C3vsC1_rna
ACZ81_RS11220,3.6405785611524575,2596.8258745228827,2.950266473803363e-12,1.8209952450613988e-10,RNA,C3vsC1_rna
ACZ81_RS11225,3.33556480026814,1427.5683716090643,3.701099982587439e-12,2.216240765692657e-10,RNA,C3vsC1_rna
ACZ81_RS11230,2.2213079828891145,168.28053433835936,6.724476332397883e-06,8.620401011555957e-05,RNA,C3vsC1_rna
ACZ81_RS11235,-0.656873804083106,4960.80680218902,0.1015143039181249,0.2160052915939391,RNA,C3vsC1_rna
ACZ81_RS11240,-0.033872298819059,950.8690492700896,0.8726349694188142,0.9215195655766965,RNA,C3vsC1_rna
ACZ81_RS11245,0.0816131211465305,220.1854183008851,0.7810959768140103,0.8636636480819974,RNA,C3vsC1_rna
ACZ81_RS11250,0.0736677283336043,286.5374360600523,0.7293830409512367,0.8296809640760879,RNA,C3vsC1_rna
ACZ81_RS11255,-3.222192767031524,2732.865749556203,2.9420264131080284e-34,1.9672349948982356e-31,RNA,C3vsC1_rna
ACZ81_RS11260,-4.287203553849238,504.08918895828106,1.653445809603614e-21,4.422416392086465e-19,RNA,C3vsC1_rna
ACZ81_RS11265,1.6580722175170484,51.097525916593966,0.0228460398080889,0.0712739593390767,RNA,C3vsC1_rna
ACZ81_RS11270,-3.211841572688712,1024.8628173323114,5.282070721834883e-13,3.8530304974548276e-11,RNA,C3vsC1_rna
ACZ81_RS11275,-2.5618742363245683,90.68354995655729,8.612491869462907e-07,1.502318146968921e-05,RNA,C3vsC1_rna
ACZ81_RS11280,2.493961941703072,1180.8357489144057,0.0001555530470344,0.0012006593380655,RNA,C3vsC1_rna
ACZ81_RS11285,0.3211095117224758,592.3206395086232,0.2368012700747912,0.3980086701047601,RNA,C3vsC1_rna
ACZ81_RS11290,-0.0607922733297942,494.41456030982346,0.888260891711475,0.9302277988896992,RNA,C3vsC1_rna
ACZ81_RS11295,-0.4740781709866187,961.83703252938,0.277541721125212,0.4389031868956841,RNA,C3vsC1_rna
ACZ81_RS11300,-0.9988449088406572,617.1121598444181,0.0107969092228806,0.039437107892854,RNA,C3vsC1_rna
ACZ81_RS11305,0.62738117109528,241.55793381946748,0.0466101829384405,0.1210158665991814,RNA,C3vsC1_rna
ACZ81_RS11310,-0.3671382686476598,599.316721771308,0.3623908207286478,0.526207735346846,RNA,C3vsC1_rna
ACZ81_RS11315,0.0069080524487364,510.383415097977,0.9863087512175956,0.990505809733415,RNA,C3vsC1_rna
ACZ81_RS11320,0.0203297955716893,367.0437108617214,0.9322599192782804,0.9591124416168346,RNA,C3vsC1_rna
ACZ81_RS11325,-0.5192079759325046,219.19344076030367,0.4311392399209103,0.5917655253379036,RNA,C3vsC1_rna
ACZ81_RS11330,-0.0894392588923675,103.29024684515645,0.8061584521489158,0.8760313407425379,RNA,C3vsC1_rna
ACZ81_RS11335,0.7428081751798223,112.7687923921972,0.0996821943710617,0.2126435823806644,RNA,C3vsC1_rna
ACZ81_RS11340,0.7288378209282267,106.3565734419336,0.0545664282143683,0.1358910676573842,RNA,C3vsC1_rna
ACZ81_RS11345,0.4668218883431876,74.52248887078514,0.1372667582331578,0.2707542940174186,RNA,C3vsC1_rna
ACZ81_RS11350,0.3451166631692721,69.62845682204265,0.5156376807279354,0.6662603462416995,RNA,C3vsC1_rna
ACZ81_RS11355,0.5579922281455718,163.06840960610052,0.0642906756415738,0.1546368049604281,RNA,C3vsC1_rna
ACZ81_RS11360,0.5638040563896907,179.00391727485228,0.0510304963460519,0.1290196670789848,RNA,C3vsC1_rna
ACZ81_RS11365,0.2869263513452382,234.39390549687357,0.3413203388182683,0.5064740971121129,RNA,C3vsC1_rna
ACZ81_RS11370,0.3067888232058634,191.51156907216316,0.3325045897799089,0.4973931447416087,RNA,C3vsC1_rna
ACZ81_RS11375,-0.1992021730924538,57.569963316927215,0.6044453437458501,0.7353046449691785,RNA,C3vsC1_rna
ACZ81_RS11380,-0.349788295111151,60.77546081848788,0.3079972253890402,0.4721761055639393,RNA,C3vsC1_rna
ACZ81_RS11385,0.1869375126787033,66.53644746052134,0.6729390394064443,0.7912753300406373,RNA,C3vsC1_rna
ACZ81_RS11390,0.8473415311086095,74.78961351897242,0.0156763015355009,0.0533552697464965,RNA,C3vsC1_rna
ACZ81_RS11395,-0.1472069478918509,531.9498356553066,0.6025242580053701,0.733857718007755,RNA,C3vsC1_rna
ACZ81_RS11400,-0.0430772214174428,23.695058406681632,0.9449614018854084,0.968024505563655,RNA,C3vsC1_rna
ACZ81_RS11405,0.181008573689697,4.341365209947588,0.8866939278734298,0.9295573657246408,RNA,C3vsC1_rna
ACZ81_RS11410,0.2295408182061354,211.05214885574972,0.4254074458820414,0.5852999564056071,RNA,C3vsC1_rna
ACZ81_RS11415,-0.3241568272964071,960.3711131210084,0.2690110039995311,0.4308471648886702,RNA,C3vsC1_rna
ACZ81_RS11420,-1.5919209173545044,179.29299115510972,0.0006302198961321202,0.0038899111127416,RNA,C3vsC1_rna
ACZ81_RS11430,-4.133860298301749,16297.485096216058,2.4446643981127827e-11,1.2415181728137324e-09,RNA,C3vsC1_rna
ACZ81_RS11435,-3.3048737687031498,5579.932147919385,2.426306967468101e-07,4.867171776741009e-06,RNA,C3vsC1_rna
ACZ81_RS11440,-0.7668127232847598,948.8274587743292,0.1147882946316752,0.2359275809745292,RNA,C3vsC1_rna
ACZ81_RS11445,0.6320000146262972,170.69376034491108,0.0677816008418093,0.1609111139510881,RNA,C3vsC1_rna
ACZ81_RS11450,0.05062393867816,179.81851387002234,0.8446421109954115,0.9022109023731604,RNA,C3vsC1_rna
ACZ81_RS11455,-0.6007427670688286,144.41243819824373,0.1352962010200523,0.2679276968059916,RNA,C3vsC1_rna
ACZ81_RS11460,0.065363575282138,76.04438277961567,0.8434291268875902,0.9016354002326172,RNA,C3vsC1_rna
ACZ81_RS11470,0.205311165462677,150.77888651015243,0.6377822944741256,0.7632903713720515,RNA,C3vsC1_rna
ACZ81_RS11475,-0.3585330485347929,217.7991129199296,0.3404580518477673,0.5057081466172687,RNA,C3vsC1_rna
ACZ81_RS11480,-0.1967274830784025,147.5913270995213,0.5699546152958519,0.7101422101139621,RNA,C3vsC1_rna
ACZ81_RS11485,-0.01648669977865,142.56450057502138,0.9614563429357388,0.9775720105017496,RNA,C3vsC1_rna
ACZ81_RS11490,-0.6841955281209328,268.94063471605847,0.0584650467891668,0.1430274534449357,RNA,C3vsC1_rna
ACZ81_RS11495,-1.523029599480802,174.8640647140218,4.662713416676416e-06,6.428455748352502e-05,RNA,C3vsC1_rna
ACZ81_RS11500,-0.5141149855318047,25.346347367249454,0.6025164598513217,0.733857718007755,RNA,C3vsC1_rna
ACZ81_RS11510,0.0230749760254983,247.29700137737703,0.9387857164237472,0.9637687549365592,RNA,C3vsC1_rna
ACZ81_RS11515,0.323476037687152,455.1363731440518,0.1358122545446814,0.268810441654298,RNA,C3vsC1_rna
ACZ81_RS11520,0.1998542745953829,374.338284052563,0.3725388261976636,0.5357081615430203,RNA,C3vsC1_rna
ACZ81_RS11525,0.4550983090878729,802.3192313953876,0.1125192116926326,0.2332654380194792,RNA,C3vsC1_rna
ACZ81_RS11530,-0.1720628956113045,3934.643249841321,0.4090933678040389,0.5700877358908663,RNA,C3vsC1_rna
ACZ81_RS11540,0.4721338966029278,401.335904927388,0.0664410820048614,0.15876213281924,RNA,C3vsC1_rna
ACZ81_RS11545,0.5717494494382344,443.0150382119338,0.0286333408784911,0.0847800469405953,RNA,C3vsC1_rna
ACZ81_RS11550,0.2837787517426944,493.2988042933026,0.2306912603012476,0.3901911198687207,RNA,C3vsC1_rna
ACZ81_RS11555,1.0822291784963896,331.4304842681997,0.0031069133701193,0.0147514040720931,RNA,C3vsC1_rna
ACZ81_RS11560,0.536211476023714,1202.033858822392,0.123170893173402,0.2500817932245389,RNA,C3vsC1_rna
ACZ81_RS11565,-0.0423890721918812,349.0885645105839,0.932881699743159,0.9594261418532566,RNA,C3vsC1_rna
ACZ81_RS11570,-1.7490481390921642,2597.812023748487,5.5215957379307536e-06,7.408910401531165e-05,RNA,C3vsC1_rna
ACZ81_RS11575,-0.3680638812928986,516.6807317818988,0.4610792454300357,0.6201307182920895,RNA,C3vsC1_rna
ACZ81_RS11580,-0.1516718742369588,564.2352072741303,0.6947763239906608,0.8074862722626104,RNA,C3vsC1_rna
ACZ81_RS11585,-0.6143098343122771,1193.5481578918584,0.0009077001550312316,0.005270178034711,RNA,C3vsC1_rna
ACZ81_RS11590,-1.3138899548682683,971.1134859958944,0.0332157464496831,0.0950617264793362,RNA,C3vsC1_rna
ACZ81_RS11595,-1.086486385719758,2006.9704806616635,0.0184342369657559,0.0605222248008288,RNA,C3vsC1_rna
ACZ81_RS11600,-0.8926678696294109,169.91986010430026,0.023731621311452,0.0730147735441299,RNA,C3vsC1_rna
ACZ81_RS11605,-0.2842129606266919,390.8511026328336,0.2774987140933387,0.4389031868956841,RNA,C3vsC1_rna
ACZ81_RS11610,-0.0122080664101659,161.8449486176357,0.9688688694524934,0.9808483230490548,RNA,C3vsC1_rna
ACZ81_RS11615,-0.1535767592452014,785.416130382564,0.6308908172603345,0.7580515001043612,RNA,C3vsC1_rna
ACZ81_RS11620,-1.386920423674758,2526.1216005146493,0.0576321094491158,0.1414189743791148,RNA,C3vsC1_rna
ACZ81_RS11625,-1.7291543981667636,895.4437298046986,0.0033986899361013,0.0158001668871828,RNA,C3vsC1_rna
ACZ81_RS11630,-1.7967017489731618,598.1702028728528,1.197982242812355e-05,0.0001413619046518579,RNA,C3vsC1_rna
ACZ81_RS11635,-1.3462433917360568,495.05070813809607,0.0035227550336543,0.0161708160126103,RNA,C3vsC1_rna
ACZ81_RS11645,-1.3160327541321994,431.1222474603262,0.0013389424987465,0.0072494430566412,RNA,C3vsC1_rna
ACZ81_RS11650,-0.4121860067746514,60.61764438101086,0.4905366398933321,0.6463162559120028,RNA,C3vsC1_rna
ACZ81_RS11655,-0.779565682437913,1365.677697072994,0.3202253661585471,0.4846262425605774,RNA,C3vsC1_rna
ACZ81_RS11660,0.7201620104215202,36.30199930671982,0.1378733444102227,0.271408958762724,RNA,C3vsC1_rna
ACZ81_RS11665,0.7139995868099177,1312.7244261092665,0.000280847586100098,0.0019802469515528,RNA,C3vsC1_rna
ACZ81_RS11670,1.1904114051844734,221.44185665192305,0.00032306300633753635,0.0022580640791397,RNA,C3vsC1_rna
ACZ81_RS11675,0.2336492542040309,409.1963449141237,0.4147071081311854,0.5752516784965706,RNA,C3vsC1_rna
ACZ81_RS11680,0.3366345939204576,778.1795801664018,0.1002776605617376,0.2135424491367789,RNA,C3vsC1_rna
ACZ81_RS11685,1.020672234952112,1707.0598369853476,0.000252934891494074,0.0018088677088667,RNA,C3vsC1_rna
ACZ81_RS11690,0.3890605573115629,2565.2192335933487,0.4734650807220649,0.6310300540353968,RNA,C3vsC1_rna
ACZ81_RS11695,0.6296528829183178,273.09659924658047,0.0414758269468848,0.1115288322459128,RNA,C3vsC1_rna
ACZ81_RS11700,0.181159314500692,1172.4126160426094,0.5916759713328315,0.7244932679711359,RNA,C3vsC1_rna
ACZ81_RS11705,1.019575973365708,2599.717974230832,0.0012668296837699,0.0069433342777118,RNA,C3vsC1_rna
ACZ81_RS11710,0.3401491387504941,899.857676486144,0.0822883357106737,0.1851602932536304,RNA,C3vsC1_rna
ACZ81_RS11715,0.4804383155130934,1788.0950430507276,0.0375233485990638,0.104139484930117,RNA,C3vsC1_rna
ACZ81_RS11720,2.526534511887249,1651.2997551328915,4.396370017289223e-12,2.5562661607774436e-10,RNA,C3vsC1_rna
ACZ81_RS11725,1.596766854962888,3614.731509068591,0.0010848670395632,0.0060960703398914,RNA,C3vsC1_rna
ACZ81_RS11730,0.8186034691613534,1054.44161066754,0.0039409287821498,0.0177651755887472,RNA,C3vsC1_rna
ACZ81_RS11735,0.1214333796700703,539.3118700219809,0.7009129031323296,0.8115620685041577,RNA,C3vsC1_rna
ACZ81_RS11740,0.0407914642791396,726.4591924737502,0.925478113045919,0.9537678370254884,RNA,C3vsC1_rna
ACZ81_RS11745,-0.2429605967516837,2136.2901438677213,0.5970654664546371,0.7292568376679083,RNA,C3vsC1_rna
ACZ81_RS11750,0.4125564008573756,794.2538383915245,0.3300608732663391,0.4946597771925859,RNA,C3vsC1_rna
ACZ81_RS11755,1.340295648924955,3233.836947773721,0.0001031957293558226,0.0008521803810229144,RNA,C3vsC1_rna
ACZ81_RS11760,1.5072101152857234,370.5540069555175,2.880706067062364e-05,0.00028821428281930684,RNA,C3vsC1_rna
ACZ81_RS11765,1.3277032941585607,2323.5048449882565,1.3726913832766444e-05,0.00015825396062373268,RNA,C3vsC1_rna
ACZ81_RS11780,-0.2625454986942822,88.29270903577574,0.6281741176819379,0.7556925217810898,RNA,C3vsC1_rna
ACZ81_RS11785,-0.1255541205027413,231.88813951694488,0.8664725738094654,0.916259347950336,RNA,C3vsC1_rna
ACZ81_RS11790,-2.3346325382899944,68.16743805945141,2.8168138142728465e-06,4.139581327055919e-05,RNA,C3vsC1_rna
ACZ81_RS11795,-0.6211425841462187,32.5045024157827,0.2252335772600349,0.3835471612764262,RNA,C3vsC1_rna
ACZ81_RS11800,-1.639966777740708,4138.522570795169,0.0420657188226967,0.1125868338336619,RNA,C3vsC1_rna
ACZ81_RS11805,-0.0217616279731793,274.4423822357481,0.9504833098875496,0.9713038816273174,RNA,C3vsC1_rna
ACZ81_RS11810,-0.7594849183973974,392.9330760449576,0.0593326205037315,0.1445475305082563,RNA,C3vsC1_rna
ACZ81_RS11815,-0.8804073156638025,357.47616142053647,0.1957957515056617,0.3483514656499843,RNA,C3vsC1_rna
ACZ81_RS11820,-1.1720949790331854,62.20763726144215,0.0420538810442326,0.1125868338336619,RNA,C3vsC1_rna
ACZ81_RS11825,-0.3097379672126171,115.5878835980126,0.3642119076612336,0.5267549291769537,RNA,C3vsC1_rna
ACZ81_RS11830,-0.1835416705573313,215.4569171465804,0.63428336681255,0.7609882977428082,RNA,C3vsC1_rna
ACZ81_RS11835,-1.050017718321658,356.2297871199334,0.0026101670370942,0.0127197358945696,RNA,C3vsC1_rna
ACZ81_RS11840,-0.5031250166880592,136.30700469121973,0.2626396638145939,0.4240400906005571,RNA,C3vsC1_rna
ACZ81_RS11845,-1.032260596408768,199.28498584379335,0.0005427066311377605,0.0034342886500389,RNA,C3vsC1_rna
ACZ81_RS11850,-0.8738876594259073,170.0398367587567,0.0290077375240098,0.0854600279639771,RNA,C3vsC1_rna
ACZ81_RS11855,-0.7275846845237567,94.58584888016529,0.140110431157636,0.2746731251271481,RNA,C3vsC1_rna
ACZ81_RS11860,-0.6205864641897187,18.6077613106321,0.2880768533046984,0.4495886297436431,RNA,C3vsC1_rna
ACZ81_RS11865,-0.2947998197209662,45.52504828686977,0.4692066999646693,0.6276949917500012,RNA,C3vsC1_rna
ACZ81_RS11870,-0.3760225134692835,1285.971663619137,0.1897431874170189,0.3402993598198837,RNA,C3vsC1_rna
ACZ81_RS11875,-1.2709002918787553,115.42266088278603,0.0051126145363262,0.0217516537855154,RNA,C3vsC1_rna
ACZ81_RS11880,-1.6513827510340562,83.75321204893366,0.0023584080851252,0.0117393712624349,RNA,C3vsC1_rna
ACZ81_RS11885,-0.677683652517155,82.97197655246167,0.0780279906468078,0.1772640421715702,RNA,C3vsC1_rna
ACZ81_RS11890,-1.439066812873428,46.23610163387448,0.0030037183952916,0.0143634305147915,RNA,C3vsC1_rna
ACZ81_RS11895,0.2337605039310755,137.64205716705567,0.6132303726392114,0.743961371342158,RNA,C3vsC1_rna
ACZ81_RS11900,-1.9621773847949404,29.77438741973072,0.0022458612458704,0.011291222203549,RNA,C3vsC1_rna
ACZ81_RS11905,-3.2213717913496382,2558.592470841742,6.815796450456296e-09,1.953212525659333e-07,RNA,C3vsC1_rna
ACZ81_RS11910,-2.551454879137447,208.88282482345232,7.067310564103893e-07,1.2714820620262251e-05,RNA,C3vsC1_rna
ACZ81_RS11915,-2.011644220401996,173.55939639304574,3.292164118041327e-07,6.474589432147944e-06,RNA,C3vsC1_rna
ACZ81_RS11920,-0.5474713709293908,128.93688228242038,0.0924008066875354,0.2011459774445969,RNA,C3vsC1_rna
ACZ81_RS11925,-0.4976934374747199,485.6792992120164,0.121826536207711,0.2477283645541493,RNA,C3vsC1_rna
ACZ81_RS11930,-0.779837911534984,312.1721301784812,0.0053802315796801,0.0226262988445248,RNA,C3vsC1_rna
ACZ81_RS11935,-0.0881747710901887,40.664178559866286,0.8641832448998196,0.9145024438856448,RNA,C3vsC1_rna
ACZ81_RS11940,1.006756958900954,418.0691733649076,0.0157386365386752,0.0535053043368328,RNA,C3vsC1_rna
ACZ81_RS11945,0.5640582868773962,749.7654322142033,0.0224214246663625,0.0701128260026863,RNA,C3vsC1_rna
ACZ81_RS11950,-1.3257588025863178,1606.2679522560295,6.0420235039990586e-06,8.000197458100404e-05,RNA,C3vsC1_rna
ACZ81_RS11955,0.6455556546190186,69.43384029928069,0.1147280755359657,0.2359246740391052,RNA,C3vsC1_rna
ACZ81_RS11960,-1.3441194027911445,2488.182550463447,7.382515387437504e-08,1.7022213640459346e-06,RNA,C3vsC1_rna
ACZ81_RS11965,-0.3102033454756274,117.97819350008535,0.3145805320379793,0.4791218291551533,RNA,C3vsC1_rna
ACZ81_RS11970,2.0548097935195417,111.65652141589683,0.0002967170270047017,0.0020848138569927,RNA,C3vsC1_rna
ACZ81_RS11975,1.1615233262553577,176.08906803313073,0.1041088652468701,0.2204141252614474,RNA,C3vsC1_rna
ACZ81_RS11980,-1.680891027950829,833.7960801980472,0.0053637769091117,0.0225807691074043,RNA,C3vsC1_rna
ACZ81_RS11985,0.1484226081489511,368.4961298048499,0.5739568045994423,0.7118797396751225,RNA,C3vsC1_rna
ACZ81_RS11990,0.2218127133332906,409.0033063085095,0.5181881228340562,0.6682644644198759,RNA,C3vsC1_rna
ACZ81_RS11995,-0.7869642428439184,3616.64711702886,0.2126588746398436,0.3687067437575854,RNA,C3vsC1_rna
ACZ81_RS12000,-2.462726866875966,5514.510392114245,1.7157282583385294e-10,7.245791339425452e-09,RNA,C3vsC1_rna
ACZ81_RS12005,-2.0944596014864043,1526.0679349063807,1.2633920673114524e-08,3.4481149483357465e-07,RNA,C3vsC1_rna
ACZ81_RS12010,-1.4669378933629342,66.83923562628522,4.865900465205075e-06,6.640133560000939e-05,RNA,C3vsC1_rna
ACZ81_RS12015,0.0025526259418004,322.05604298393234,0.992218776743963,0.9946980840321789,RNA,C3vsC1_rna
ACZ81_RS12020,-0.6478690657093598,22.26236292373072,0.3198853228545406,0.4846262425605774,RNA,C3vsC1_rna
ACZ81_RS12025,-1.2339227849679515,6.065978192886738,0.2998801736448092,0.4630944021027615,RNA,C3vsC1_rna
ACZ81_RS12030,0.5063845931637981,16.745640967946535,0.5642475323628299,0.704343839402512,RNA,C3vsC1_rna
ACZ81_RS12050,0.1031354397203696,3.7684973918415934,0.9448867952635835,0.968024505563655,RNA,C3vsC1_rna
ACZ81_RS12055,-0.4653458947880969,77.05630519528965,0.1577108000439834,0.2988831978159951,RNA,C3vsC1_rna
ACZ81_RS12065,0.1717342339848633,231.0875484577326,0.5796662726034494,0.7159616071004674,RNA,C3vsC1_rna
ACZ81_RS12070,0.0554159209014067,251.8553053771957,0.8378799892075866,0.8972792901895853,RNA,C3vsC1_rna
ACZ81_RS12075,-0.1803722272691048,369.8965317440506,0.6970845545094706,0.8087771626302421,RNA,C3vsC1_rna
ACZ81_RS12080,0.2761624858167112,392.2546444531568,0.5936524022906522,0.7265812806559172,RNA,C3vsC1_rna
ACZ81_RS12085,-0.7631239451929848,56.25872128820112,0.1379369060112647,0.271408958762724,RNA,C3vsC1_rna
ACZ81_RS12090,-0.1367052336000129,443.0485698327038,0.6016500877918782,0.7333191258924275,RNA,C3vsC1_rna
ACZ81_RS12100,0.132355265052894,72.77860435546721,0.7981769988835521,0.8706591255960662,RNA,C3vsC1_rna
ACZ81_RS12105,-2.672711207346733,42.59459854405952,9.10147020754212e-06,0.000112354149146643,RNA,C3vsC1_rna
ACZ81_RS12110,0.7525029302024717,169.61167761726236,0.0326644882019555,0.0942805227814717,RNA,C3vsC1_rna
ACZ81_RS12115,0.5995314877320277,359.42290398774406,0.0232311560406143,0.0719865784067886,RNA,C3vsC1_rna
ACZ81_RS12120,0.4048880350183058,500.39353785433,0.0479311285891284,0.1234255338361248,RNA,C3vsC1_rna
ACZ81_RS12125,1.2889857101874878,1854.8416358649283,1.3032896824766183e-05,0.00015199994785163357,RNA,C3vsC1_rna
ACZ81_RS12130,-0.6719807248798237,2064.271882821801,0.0461853467037221,0.1204337456248658,RNA,C3vsC1_rna
ACZ81_RS12135,0.1395433351833578,187.55771070748168,0.6522265875471394,0.7732662734158166,RNA,C3vsC1_rna
ACZ81_RS12140,-0.2453918923346263,424.2969477698829,0.5410505423340396,0.6853218511572589,RNA,C3vsC1_rna
ACZ81_RS12145,-0.9506526904559394,2647.9338087923966,0.0499531959566208,0.127165115595154,RNA,C3vsC1_rna
ACZ81_RS12150,-0.9456991066636292,781.8735084975677,0.0290121032120979,0.0854600279639771,RNA,C3vsC1_rna
ACZ81_RS12155,-1.532792622445681,52.9116134528998,0.0014411925288598,0.007709419234381,RNA,C3vsC1_rna
ACZ81_RS12160,-0.0141062971795666,22.256806081236885,0.9792703566290069,0.9866480840772416,RNA,C3vsC1_rna
ACZ81_RS12165,-0.5877599533851828,91.0767627236404,0.1849811682933286,0.3341701739819731,RNA,C3vsC1_rna
ACZ81_RS12170,0.8969240462417315,2312.7004240601195,0.0042186785444006,0.0187371299802342,RNA,C3vsC1_rna
ACZ81_RS12175,0.6820879622263396,807.9055121236546,0.0246547680550268,0.074935552603612,RNA,C3vsC1_rna
ACZ81_RS12180,0.9447651901495928,438.209537210063,0.0672713191839229,0.1600786076903314,RNA,C3vsC1_rna
ACZ81_RS12185,0.3799204363769664,338.49068865370174,0.2622806680395241,0.4237897866188364,RNA,C3vsC1_rna
ACZ81_RS12190,0.7038658415417182,636.7393936327255,0.0487422751935738,0.1250448410471291,RNA,C3vsC1_rna
ACZ81_RS12195,-0.7029110475516784,157.8422697913615,0.0348847492839877,0.0987007151814942,RNA,C3vsC1_rna
ACZ81_RS12200,-1.0995440578295526,76.10908131656272,6.6280564703302e-05,0.0005883133309505479,RNA,C3vsC1_rna
ACZ81_RS12205,-0.3413465378971267,1477.5424285002237,0.5533512227636039,0.6955094334426604,RNA,C3vsC1_rna
ACZ81_RS12210,-0.1449515734125938,1160.2962915874402,0.6810615685749604,0.79685593850182,RNA,C3vsC1_rna
ACZ81_RS12215,-0.4197497365233565,508.23264456888313,0.0491098266722977,0.1256560105926393,RNA,C3vsC1_rna
ACZ81_RS12220,-0.6013280090909017,643.4136706929901,0.1418994434937445,0.2774369236339684,RNA,C3vsC1_rna
ACZ81_RS12225,-2.379440692602339,1982.4885146042632,4.380530683080167e-08,1.0716273841779043e-06,RNA,C3vsC1_rna
ACZ81_RS12230,0.1662720121569189,187.4071947427756,0.6001732035992688,0.7318829461520567,RNA,C3vsC1_rna
ACZ81_RS12235,-0.4598841537043884,195.5451155824337,0.2339230905858645,0.3942234248144163,RNA,C3vsC1_rna
ACZ81_RS12240,-0.957234394161989,588.8247127134579,0.0678632170445644,0.160948607043988,RNA,C3vsC1_rna
ACZ81_RS12245,1.0002352911009942,590.909763741379,2.0475906136099205e-05,0.00021790274646692312,RNA,C3vsC1_rna
ACZ81_RS12250,0.4890308414603614,119.81161932831624,0.1351039787765476,0.2678049223574649,RNA,C3vsC1_rna
ACZ81_RS12255,-0.4646607523961323,315.5584112751442,0.1051602921989287,0.2219374499221999,RNA,C3vsC1_rna
ACZ81_RS12260,-0.6952600206185874,2174.995212687092,0.0758798883012282,0.174209295206579,RNA,C3vsC1_rna
ACZ81_RS12265,1.6091519756249892,872.2417487492818,0.0007944593673620381,0.0047290370650689,RNA,C3vsC1_rna
ACZ81_RS12270,1.9219137517572715,235.67124364879203,1.3801588000629283e-05,0.00015865894286110226,RNA,C3vsC1_rna
ACZ81_RS12275,0.4566850956753229,350.5015904221109,0.1598946776368792,0.3006977949353909,RNA,C3vsC1_rna
ACZ81_RS12280,1.8240179697517105,571.7732302182976,6.67891566420945e-12,3.621055357406529e-10,RNA,C3vsC1_rna
ACZ81_RS12285,1.6697824485075852,1529.2502261044774,2.411768012595822e-13,1.9352026533068875e-11,RNA,C3vsC1_rna
ACZ81_RS12290,0.6869675435211365,379.3787924355312,0.0153665510815419,0.0525132904081315,RNA,C3vsC1_rna
ACZ81_RS12295,1.7712532931971343,589.4057834354716,0.000109506830902908,0.000898448682172734,RNA,C3vsC1_rna
ACZ81_RS12300,-0.6454888456619664,1880.7337573836007,0.0053250470133242,0.0224554230869072,RNA,C3vsC1_rna
ACZ81_RS12305,-0.0658200838820361,859.9791112852805,0.8723091676344195,0.921459815837096,RNA,C3vsC1_rna
ACZ81_RS12310,0.0080872518199727,1326.2722029848203,0.9681967288420747,0.9804152640369522,RNA,C3vsC1_rna
ACZ81_RS12315,-1.5649518360093893,398.1886937902201,6.339278621697456e-06,8.257527866964349e-05,RNA,C3vsC1_rna
ACZ81_RS12320,-1.4191332297480417,99.77265440134931,6.310092920622797e-06,8.246284298872528e-05,RNA,C3vsC1_rna
ACZ81_RS12325,-1.0808909206977169,121.22476628445128,0.0116236964845163,0.041712227456064,RNA,C3vsC1_rna
ACZ81_RS12330,-0.7679342781528027,79.51065619666943,0.0702618619725351,0.1646557185945156,RNA,C3vsC1_rna
ACZ81_RS12335,1.5991272938987255,2156.6469501424426,4.484491458194586e-10,1.7135028314549215e-08,RNA,C3vsC1_rna
ACZ81_RS12340,-0.2432352152407131,413.1767821513126,0.5154695208419806,0.6662576409851889,RNA,C3vsC1_rna
ACZ81_RS12345,0.5914330912733183,142.9496845103413,0.045363328067157,0.1191685380090866,RNA,C3vsC1_rna
ACZ81_RS12350,-0.4005309903860329,385.24531111784216,0.2214193204409786,0.378659127710659,RNA,C3vsC1_rna
ACZ81_RS12355,-1.9049566154156408,461.33165222199136,1.1427273146379946e-05,0.00013523958661733435,RNA,C3vsC1_rna
ACZ81_RS12360,-2.5512254407412223,1289.782283027215,1.652997805403601e-10,7.055135314126858e-09,RNA,C3vsC1_rna
ACZ81_RS12365,-1.1201186823843303,688.5019819416516,0.0140572220064744,0.0487446626533929,RNA,C3vsC1_rna
ACZ81_RS12370,0.5008947235637207,81.05789840667396,0.1508676662718915,0.2897468056882857,RNA,C3vsC1_rna
ACZ81_RS12375,0.8787533083897606,52.50367039979686,0.0823693544792421,0.1852387052526453,RNA,C3vsC1_rna
ACZ81_RS12380,0.533830341625836,201.70921706640056,0.2318410266038758,0.3915796988293349,RNA,C3vsC1_rna
ACZ81_RS12385,-0.7641046177645003,25.34188940793041,0.1732999674117441,0.3187250966347634,RNA,C3vsC1_rna
ACZ81_RS12390,-0.1034134717180493,68.54123067990837,0.8138532752747201,0.8817659574405015,RNA,C3vsC1_rna
ACZ81_RS12395,1.160364110466315,48.1663124610692,0.0041629716203767,0.0185782448731384,RNA,C3vsC1_rna
ACZ81_RS12400,0.6358796779105398,157.02091503328043,0.0667043093776545,0.1592014807990183,RNA,C3vsC1_rna
ACZ81_RS12405,0.7469590571672684,114.65312696186776,0.0182107181974138,0.0600250014946688,RNA,C3vsC1_rna
ACZ81_RS12410,-0.9362232012975742,67.49605028635146,0.0196648620028315,0.0634717830694771,RNA,C3vsC1_rna
ACZ81_RS12415,-0.4916444243529603,146.7610712589121,0.1999562471603844,0.3532472318835148,RNA,C3vsC1_rna
ACZ81_RS12420,-0.4208618058058453,103.12468399346544,0.2599208151753444,0.4213342668620128,RNA,C3vsC1_rna
ACZ81_RS12425,1.4373564347362482,10.008448780446685,0.2490440359818542,0.4110097377043189,RNA,C3vsC1_rna
ACZ81_RS12430,0.3250225835696115,185.13385275680372,0.387509067852693,0.5495533334128683,RNA,C3vsC1_rna
ACZ81_RS12435,-0.2915194634205754,436.983740298062,0.3316981657167462,0.4966022453426766,RNA,C3vsC1_rna
ACZ81_RS12440,-0.1956711924133875,925.5620476159074,0.7236973650627379,0.826701736141903,RNA,C3vsC1_rna
ACZ81_RS12445,1.5434005622669926,1634.0427112968248,6.32517773669219e-08,1.4753844813726202e-06,RNA,C3vsC1_rna
ACZ81_RS12450,1.2003074171325314,66.3390347757447,0.0029356801460782,0.0140955078851367,RNA,C3vsC1_rna
ACZ81_RS12455,0.7636973885167219,968.1907938303572,0.0045608286113181,0.0198880411603037,RNA,C3vsC1_rna
ACZ81_RS12460,0.9543514907217652,670.4099932284763,0.0012816604367515,0.0069959478533973,RNA,C3vsC1_rna
ACZ81_RS12465,0.8093099289502007,279.3880928668668,0.0032870364491629,0.0153880866208186,RNA,C3vsC1_rna
ACZ81_RS12470,1.5619197779553764,132.5521487617172,6.475686676104247e-06,8.353844033611009e-05,RNA,C3vsC1_rna
ACZ81_RS12475,1.0733160169382376,91.23530018617484,0.0148766678059659,0.0511003349636432,RNA,C3vsC1_rna
ACZ81_RS12480,0.5472681253619189,46.557064618903134,0.2360917559050012,0.3969824495770599,RNA,C3vsC1_rna
ACZ81_RS12485,-0.6339529368472377,903.7001579805992,0.1808234371121802,0.3288593062983078,RNA,C3vsC1_rna
ACZ81_RS12490,-0.9749327389239052,483.1881779994091,0.0083769041850661,0.0321917045885873,RNA,C3vsC1_rna
ACZ81_RS12495,-0.7310113080642536,207.40754458754145,0.0277459678402088,0.0825891420892095,RNA,C3vsC1_rna
ACZ81_RS12500,0.4503237845971589,2185.674129749468,0.0798624372367337,0.180715227407657,RNA,C3vsC1_rna
ACZ81_RS12505,-0.7277725856859313,49.477662787140936,0.0766147023086535,0.1748453843357894,RNA,C3vsC1_rna
ACZ81_RS12510,0.1012851288837382,337.86389650489394,0.7573439213978284,0.8475491806549756,RNA,C3vsC1_rna
ACZ81_RS12515,-0.4505905746951669,277.38582385736987,0.033075508155424,0.0948527081626599,RNA,C3vsC1_rna
ACZ81_RS12520,0.8496615891687574,1001.647039413951,0.0693170847621382,0.1630129801088503,RNA,C3vsC1_rna
ACZ81_RS12525,-1.9161084680260647,4448.940328776636,3.3757787866981015e-08,8.464765307645489e-07,RNA,C3vsC1_rna
ACZ81_RS12530,-0.5558543165267161,695.5356939427788,0.2260052438787405,0.3845347915358383,RNA,C3vsC1_rna
ACZ81_RS12535,-2.0032035420786105,5583.006042180922,0.00015344684996329932,0.0011884725136153,RNA,C3vsC1_rna
ACZ81_RS12540,-1.2207004120944154,4028.3629838050183,0.0050313951276725,0.0214744226087469,RNA,C3vsC1_rna
ACZ81_RS12545,1.24407026921055,462.3748512736294,1.0420648958794977e-05,0.00012692215592899025,RNA,C3vsC1_rna
ACZ81_RS12550,-0.0536309537861042,2392.404786926916,0.8809174215409834,0.9261637041987488,RNA,C3vsC1_rna
ACZ81_RS12555,-0.0687435366175717,1142.7205373896456,0.7476343904997292,0.8420856750940241,RNA,C3vsC1_rna
ACZ81_RS12560,0.4472062054029659,159.13273110879337,0.131079786998137,0.2618345337029029,RNA,C3vsC1_rna
ACZ81_RS12565,0.2661257706337908,103.9073023898177,0.4141524366004082,0.5751400400279811,RNA,C3vsC1_rna
ACZ81_RS12570,-0.2628398022816781,294.9824931673203,0.54864951556459,0.6915431531401618,RNA,C3vsC1_rna
ACZ81_RS12575,0.1009356689847892,210.57120363487903,0.6808002270128597,0.79685593850182,RNA,C3vsC1_rna
ACZ81_RS12580,0.2026294950510909,266.5626793982273,0.5403423918870436,0.6849458692735605,RNA,C3vsC1_rna
ACZ81_RS12585,0.510404994389005,153.86094008444718,0.0871094571872299,0.1937267972478751,RNA,C3vsC1_rna
ACZ81_RS12590,0.3563571133253036,500.3456578945856,0.2764567653097937,0.4377050285804626,RNA,C3vsC1_rna
ACZ81_RS12595,0.0978550072628412,3445.898154770091,0.6749055045391377,0.7921945243449445,RNA,C3vsC1_rna
ACZ81_RS12600,-0.4026375016767904,686.8964664440683,0.154494606169777,0.2945444928448911,RNA,C3vsC1_rna
ACZ81_RS12605,-1.0179667129316663,2666.598342859916,0.0030325200117205,0.0144838931988367,RNA,C3vsC1_rna
ACZ81_RS12610,0.651262098955351,106.0467257863396,0.2156720794424375,0.372482299923831,RNA,C3vsC1_rna
ACZ81_RS12615,0.3365613319580403,177.92751648183693,0.3200666704296034,0.4846262425605774,RNA,C3vsC1_rna
ACZ81_RS12620,0.9054630176302132,684.1677587139534,0.0009136082513251536,0.0052891721563008,RNA,C3vsC1_rna
ACZ81_RS12625,0.5326113700129318,90.66389024695204,0.4730496627373002,0.630871879939852,RNA,C3vsC1_rna
ACZ81_RS12630,-1.1192164764786037,131.76022922724408,0.0017752595260303,0.0093224361497824,RNA,C3vsC1_rna
ACZ81_RS12635,0.6793887013135783,185.91085141259876,0.0311273658986263,0.090479805906383,RNA,C3vsC1_rna
ACZ81_RS12640,0.0322297553334315,127.57623800357972,0.9223684622961144,0.9517855634598792,RNA,C3vsC1_rna
ACZ81_RS12645,0.5568750517100249,42.75321138640816,0.3930618043336455,0.5542931314539844,RNA,C3vsC1_rna
ACZ81_RS12650,-0.8845611790312256,299.6607794585736,0.1655873855258412,0.3089937631300814,RNA,C3vsC1_rna
ACZ81_RS12655,0.6429668786637567,803.9914557573527,0.3358340797193611,0.5011068106398643,RNA,C3vsC1_rna
ACZ81_RS12660,-0.4287463796998811,535.8682679421686,0.1541419693466983,0.2940644702895642,RNA,C3vsC1_rna
ACZ81_RS12665,0.5539234896999128,84.69638514402136,0.1485598962294516,0.2861364876008449,RNA,C3vsC1_rna
ACZ81_RS12670,-1.032073025416027,147.68051916959766,0.0207587081156435,0.0662034475039442,RNA,C3vsC1_rna
ACZ81_RS12675,-1.1410933804419376,541.4949210300924,0.0094219798991143,0.0355272399955327,RNA,C3vsC1_rna
ACZ81_RS12680,-1.285337536026054,2181.182719274966,0.00012643705578128313,0.0010104889796703,RNA,C3vsC1_rna
ACZ81_RS12685,-0.7372974051415655,37407.119651809386,0.3043749704834649,0.4682332751455756,RNA,C3vsC1_rna
ACZ81_RS12690,-0.1248188840696005,188.43647787723776,0.7533568415094181,0.8450499604964026,RNA,C3vsC1_rna
ACZ81_RS12695,0.897120005173899,182.1239584865028,0.0036211430414834,0.0164716846739588,RNA,C3vsC1_rna
ACZ81_RS12700,-0.5800611730429678,696.7433999694271,0.2897960996979218,0.4515192046555582,RNA,C3vsC1_rna
ACZ81_RS12705,0.2359692945176107,1210.3943244951845,0.4606612703597209,0.6197763302089874,RNA,C3vsC1_rna
ACZ81_RS12710,-0.0924031473569091,667.8297192264203,0.8771660861400591,0.9234296346349822,RNA,C3vsC1_rna
ACZ81_RS12715,-0.0106222043035608,420.7410227531081,0.9833973422866674,0.988339055609206,RNA,C3vsC1_rna
ACZ81_RS12720,0.2668126966355731,401.7154623676024,0.5401348412565719,0.6848991729207858,RNA,C3vsC1_rna
ACZ81_RS12725,0.4745362307471474,178.2006238763115,0.2142034672989851,0.3709038889959122,RNA,C3vsC1_rna
ACZ81_RS12730,0.1147498699860854,319.5386879876708,0.7436146966484081,0.8399161494801275,RNA,C3vsC1_rna
ACZ81_RS12735,0.1931529276842039,291.3664552954796,0.57995544064614,0.7159616071004674,RNA,C3vsC1_rna
ACZ81_RS12740,0.537686544302537,214.5442216292257,0.1530498962144723,0.2928164919468112,RNA,C3vsC1_rna
ACZ81_RS12745,-1.556634921147824,514.9017149399886,0.0035191175410869,0.0161708160126103,RNA,C3vsC1_rna
ACZ81_RS12750,0.2904171356890019,137.3819400135302,0.1661684427516139,0.3099338876427127,RNA,C3vsC1_rna
ACZ81_RS12755,-0.2291099947763056,242.10088551817296,0.5362761351977928,0.6824179692818294,RNA,C3vsC1_rna
ACZ81_RS12760,0.210075123282302,614.0755146134866,0.2770140800582151,0.4384143941591948,RNA,C3vsC1_rna
ACZ81_RS12765,-0.1041212427633749,2875.18279535109,0.7626108699955991,0.8517802924338372,RNA,C3vsC1_rna
ACZ81_RS12770,1.6472833716738051,4228.56176922048,0.0048812619157077,0.0210124708216946,RNA,C3vsC1_rna
ACZ81_RS12775,-0.0688027932162771,460.2841074974988,0.8739090302314813,0.9217411174923404,RNA,C3vsC1_rna
ACZ81_RS12780,1.2020677584622674,2015.484955900069,0.00011878476751864146,0.000964705439847752,RNA,C3vsC1_rna
ACZ81_RS12785,0.981417601433498,1309.6689091032176,0.0714414229454613,0.1663511252798554,RNA,C3vsC1_rna
ACZ81_RS12790,0.3343757218234962,370.4660617256527,0.2757018765734755,0.4371999718627604,RNA,C3vsC1_rna
ACZ81_RS12795,0.0855021481550585,317.67694108647083,0.8191848514159344,0.8851481817925473,RNA,C3vsC1_rna
ACZ81_RS12800,-1.7215629233707934,199.14761113523784,8.433160388772968e-07,1.4774602392907052e-05,RNA,C3vsC1_rna
ACZ81_RS12805,-0.2615445062507233,188.8865105836128,0.5611877642366232,0.702272398664171,RNA,C3vsC1_rna
ACZ81_RS12810,1.5062350615933562,263.0704269077892,0.0192172572689869,0.0623783464103362,RNA,C3vsC1_rna
ACZ81_RS12815,1.2820042863101315,2101.8119412738097,1.1180581491322386e-07,2.4246752942262385e-06,RNA,C3vsC1_rna
ACZ81_RS12820,1.4485683457355123,1377.120423068931,8.897483806400131e-07,1.5320474262350782e-05,RNA,C3vsC1_rna
ACZ81_RS12825,-0.8095165490014052,202.49125391822207,0.0147351857436457,0.050657725110117,RNA,C3vsC1_rna
ACZ81_RS12830,-0.9046973916496632,667.8691909357136,0.0004846252442514005,0.003161490211279,RNA,C3vsC1_rna
ACZ81_RS12835,0.0908686617675767,197.190104124299,0.7995128143707718,0.8709327752526572,RNA,C3vsC1_rna
ACZ81_RS12845,-0.5849379320993698,164.8445267751096,0.0900870489920855,0.1979349619694672,RNA,C3vsC1_rna
ACZ81_RS12875,-1.3666839305847218,4014.122414181684,0.0046694496761205,0.0202527914601034,RNA,C3vsC1_rna
ACZ81_RS12880,-1.5366109903732672,11057.292992235847,0.0453862228509183,0.1191685380090866,RNA,C3vsC1_rna
ACZ81_RS12885,-1.895959298596124,1434.4714441004662,2.865508262669289e-07,5.719611517327954e-06,RNA,C3vsC1_rna
ACZ81_RS12890,0.3713838401453924,702.2707591270189,0.0410801665350515,0.1109985647915601,RNA,C3vsC1_rna
ACZ81_RS12895,4.83597093565847,3217.5212688946763,2.371389756362469e-55,3.1713385675087426e-52,RNA,C3vsC1_rna
ACZ81_RS12900,5.996376618023493,4022.410455384859,2.700181412331939e-107,1.0833127826275738e-103,RNA,C3vsC1_rna
ACZ81_RS12905,-0.2687171802581067,208.40395513179047,0.3066848852683632,0.470523808679416,RNA,C3vsC1_rna
ACZ81_RS12910,5.518456273666017,1884.947447535844,2.9237446442142968e-33,1.6757233589411084e-30,RNA,C3vsC1_rna
ACZ81_RS12915,-0.0663267449959578,23.48864609516309,0.9135204433974576,0.9463062274491608,RNA,C3vsC1_rna
ACZ81_RS12920,-0.5780486444966807,3020.5104453627914,0.1961806205153778,0.3484181715394846,RNA,C3vsC1_rna
ACZ81_RS12925,-0.5787370142502222,719.1831658580845,0.0069032447193533,0.0276958178140455,RNA,C3vsC1_rna
ACZ81_RS12930,-1.11013872961162,4936.201185786213,0.0003591217355153931,0.0024671171282324,RNA,C3vsC1_rna
ACZ81_RS12935,-0.7635440465834121,2874.080170590885,0.0026124283093532,0.0127197358945696,RNA,C3vsC1_rna
ACZ81_RS12940,-1.4794429644799,5452.943850576544,1.3779720730065863e-09,4.4946536234979066e-08,RNA,C3vsC1_rna
ACZ81_RS12945,-1.3516264698742142,14473.39822429522,9.729588056349834e-08,2.192983555172783e-06,RNA,C3vsC1_rna
ACZ81_RS12950,-0.9925755876445436,3687.179381246861,0.0167439905184153,0.0561210442438448,RNA,C3vsC1_rna
ACZ81_RS12955,-0.9559456497028406,220.6799685942483,0.0094949227756082,0.0357016215330276,RNA,C3vsC1_rna
ACZ81_RS12960,-1.1546459238036744,907.4311573677026,0.0009175341963724945,0.0052966146702826,RNA,C3vsC1_rna
ACZ81_RS12965,-0.5517815502341606,682.4502094678983,0.0529958770076625,0.1327212600216867,RNA,C3vsC1_rna
ACZ81_RS12970,-0.3755068345817807,296.54975170273826,0.1613397282084283,0.302642123838242,RNA,C3vsC1_rna
ACZ81_RS12975,-1.1746843974988532,3582.875795095538,0.0188158193492169,0.0613732253894784,RNA,C3vsC1_rna
ACZ81_RS12980,-1.5589591277443098,906.6293369035418,4.259630830804742e-05,0.00040305752106576943,RNA,C3vsC1_rna
ACZ81_RS12985,-1.8567160857349023,2293.3665347029983,4.542771352909853e-07,8.596980503714306e-06,RNA,C3vsC1_rna
ACZ81_RS12990,1.120287911731407,184.72721475035613,0.0052819425832621,0.0223299827650661,RNA,C3vsC1_rna
ACZ81_RS12995,1.3874441732001848,298.8455064195311,0.00027456343473372186,0.0019427663142005,RNA,C3vsC1_rna
ACZ81_RS13000,0.4258276136697526,839.0441237558838,0.0544862887637789,0.1357757705094913,RNA,C3vsC1_rna
ACZ81_RS13010,1.392712208070937,97.03490510675358,0.0011350183943995,0.0063245747199042,RNA,C3vsC1_rna
ACZ81_RS13015,2.0521139385733296,640.1126738035331,8.015970604022853e-10,2.7724201778741103e-08,RNA,C3vsC1_rna
ACZ81_RS13020,1.7850398959287828,1931.6221779665896,2.52655443377958e-06,3.782289697135699e-05,RNA,C3vsC1_rna
ACZ81_RS13025,1.9262038814053188,1957.1099525622424,2.9502798888450947e-05,0.0002937102460061171,RNA,C3vsC1_rna
ACZ81_RS13030,0.8615444448168532,472.0673795331175,0.00019471943540303745,0.001449377318807,RNA,C3vsC1_rna
ACZ81_RS13035,0.4840876216619418,289.5036375210449,0.1212549117409152,0.2468161876735422,RNA,C3vsC1_rna
ACZ81_RS13040,0.985699195343866,492.639165810064,0.0020784496446948,0.0105821573280657,RNA,C3vsC1_rna
ACZ81_RS13045,0.8577038981722644,374.7197160720763,0.0288371116018681,0.0852575473446535,RNA,C3vsC1_rna
ACZ81_RS13050,0.577146035212618,3323.077341018728,0.2721653495519359,0.4343386564846327,RNA,C3vsC1_rna
ACZ81_RS13055,-0.0289577493022205,1590.6181549057449,0.8395733865536212,0.8979921159299196,RNA,C3vsC1_rna
ACZ81_RS13060,-0.2290813513681897,2444.369206180732,0.5723457767428884,0.7111547159590909,RNA,C3vsC1_rna
ACZ81_RS13065,0.1217751714814814,648.3934635519008,0.7027707945588888,0.8130093505681263,RNA,C3vsC1_rna
ACZ81_RS13070,-0.4371683424334314,1684.5634654605285,0.0065112048667056,0.0263868221466899,RNA,C3vsC1_rna
ACZ81_RS13075,-0.2847947886750064,2259.88856127075,0.2500524964716483,0.4114956657049932,RNA,C3vsC1_rna
ACZ81_RS13080,-0.3942269120667916,438.00746817073934,0.08838178611401,0.1954728367637312,RNA,C3vsC1_rna
ACZ81_RS13085,-0.3531725955433413,204.9916521432471,0.3440674600881646,0.5095602251287251,RNA,C3vsC1_rna
ACZ81_RS13090,-0.946191169599074,236.85991123178843,0.0610389349456654,0.1478793520543536,RNA,C3vsC1_rna
ACZ81_RS13095,-1.0743800141792104,912.9255930324892,0.0032564713738241,0.0152975996218589,RNA,C3vsC1_rna
ACZ81_RS13100,-0.82398573814561,1528.2527957298046,0.0462324205481513,0.1204444618436254,RNA,C3vsC1_rna
ACZ81_RS13105,0.0809521281782706,728.3219689951911,0.8504403458504624,0.906232846627372,RNA,C3vsC1_rna
ACZ81_RS13110,0.4953485433425287,727.173623160681,0.1956001328803538,0.3483514656499843,RNA,C3vsC1_rna
ACZ81_RS13115,0.3937996900873257,2721.629913654655,0.3267828106274029,0.4910309499015508,RNA,C3vsC1_rna
ACZ81_RS13120,-1.1968077007622282,1171.4912547917954,0.0021449446336481,0.0108365632553189,RNA,C3vsC1_rna
ACZ81_RS13125,-1.7578261238293431,3278.983335949588,8.364074904226237e-08,1.9066288929406624e-06,RNA,C3vsC1_rna
ACZ81_RS13130,-1.2080831986653418,49279.01226582527,0.0031340225075751,0.0148174988317423,RNA,C3vsC1_rna
ACZ81_RS13135,-0.7294290264731869,7606.934400541477,0.0860363317336156,0.1915525876333329,RNA,C3vsC1_rna
ACZ81_RS13140,0.8517182832514265,1150.2846131814597,0.0004104234039753578,0.0027674263810909,RNA,C3vsC1_rna
ACZ81_RS13145,-0.0506835076944815,494.7667505193404,0.8905050647003896,0.9311828415189776,RNA,C3vsC1_rna
ACZ81_RS13150,-0.6394714775030916,363.6982276738982,0.0017821656517566,0.0093464687514348,RNA,C3vsC1_rna
ACZ81_RS13155,-0.2048827484614065,580.5826918189173,0.5852808259270061,0.7198206245574579,RNA,C3vsC1_rna
ACZ81_RS13160,0.148566027847055,407.7619730534193,0.704227354964818,0.8144595411123812,RNA,C3vsC1_rna
ACZ81_RS13165,0.0459777348032744,2963.042284473703,0.887800398013705,0.9300200726332052,RNA,C3vsC1_rna
ACZ81_RS13175,0.2054464439379691,1156.2736383222752,0.5174380168757875,0.667511679648122,RNA,C3vsC1_rna
ACZ81_RS13180,-0.0753458552145912,1280.022605050931,0.8366866367960296,0.896817201930449,RNA,C3vsC1_rna
ACZ81_RS13185,-0.8376589959143075,584.209748068758,0.2021083979123186,0.3560948747210527,RNA,C3vsC1_rna
ACZ81_RS13190,-1.0514660782209804,29.75721904749389,0.0477425895300723,0.1230207252374119,RNA,C3vsC1_rna
ACZ81_RS13195,-0.297128925650149,9.444161963254189,0.7310078320602593,0.8305579047240139,RNA,C3vsC1_rna
ACZ81_RS13200,2.850156157165069,10.159675958204549,0.0209186038234547,0.066607490904524,RNA,C3vsC1_rna
ACZ81_RS13205,-1.76412804778812,11.287518872452704,0.0277076564647918,0.0825877546335399,RNA,C3vsC1_rna
ACZ81_RS13210,2.9011541892796666,2.806920603093872,0.1230662777724935,0.2499959019864526,RNA,C3vsC1_rna
ACZ81_RS13215,-1.030127587044234,154.61360857690136,0.0043708214599898,0.019248886605356,RNA,C3vsC1_rna
ACZ81_RS13220,-0.8597652960535811,990.2801786613372,0.0679177446972761,0.160948607043988,RNA,C3vsC1_rna
ACZ81_RS13225,-0.8130519281859766,164.45154403265778,0.2306047887210738,0.3901911198687207,RNA,C3vsC1_rna
ACZ81_RS13230,-1.0496606228816965,439.3875898967788,0.0924809248682601,0.2011653550823268,RNA,C3vsC1_rna
ACZ81_RS13235,-0.9881665932678314,1586.893574959081,0.1481116089090094,0.285410074420243,RNA,C3vsC1_rna
ACZ81_RS13240,0.134656155259754,1492.6183603763857,0.4624634881181291,0.6211595294040623,RNA,C3vsC1_rna
ACZ81_RS13245,0.3281837514531354,691.856273265895,0.1457531945094816,0.2829036363677021,RNA,C3vsC1_rna
ACZ81_RS13250,0.469863034567619,323.24808965340804,0.0874915256806671,0.1942982349980218,RNA,C3vsC1_rna
ACZ81_RS13255,0.2864855934570915,3335.309359896719,0.3747496876360694,0.5383085380579702,RNA,C3vsC1_rna
ACZ81_RS13260,1.4095016476644042,820.6104940569676,0.00013341459204769876,0.0010539125532577,RNA,C3vsC1_rna
ACZ81_RS13265,0.9201176657744048,379.0607038542595,0.0021190632558799,0.0107344466951897,RNA,C3vsC1_rna
ACZ81_RS13270,1.8677156838189224,6349.508327717521,0.0005363545651252956,0.0034051264367721,RNA,C3vsC1_rna
ACZ81_RS13275,0.0647318032001341,112.49277146095996,0.8618097144776431,0.913254245769758,RNA,C3vsC1_rna
ACZ81_RS13280,-0.4380601447418302,235.32965560182956,0.1046126961268388,0.2211307359646351,RNA,C3vsC1_rna
ACZ81_RS13285,-0.5255095809386034,302.69007306341655,0.0370312900070622,0.103173288547454,RNA,C3vsC1_rna
ACZ81_RS13290,-0.3950976822617246,401.5361222725029,0.2496418381192437,0.4113702412378779,RNA,C3vsC1_rna
ACZ81_RS13295,-0.7610856317769001,147.58331956879255,0.0198749454877854,0.0639954103507184,RNA,C3vsC1_rna
ACZ81_RS13300,-0.1814449169345652,52.285969420481,0.6918133150988596,0.8052088831379822,RNA,C3vsC1_rna
ACZ81_RS13305,0.3616947636554773,51.17367133539705,0.4752188944122014,0.6321545770496526,RNA,C3vsC1_rna
ACZ81_RS13310,0.3926253528072383,49.21778123459126,0.3424806269069048,0.5077724594052114,RNA,C3vsC1_rna
ACZ81_RS13315,0.5650196123383596,2752.280194821051,0.0303526134339742,0.0885634073433488,RNA,C3vsC1_rna
ACZ81_RS13320,1.859942416378521,3635.519059822669,0.0010055146776889,0.0057466166479886,RNA,C3vsC1_rna
ACZ81_RS13325,0.5908359625614725,3532.370265129417,0.0868323359721501,0.1932175995120723,RNA,C3vsC1_rna
ACZ81_RS13330,-0.5992176315378515,12691.527695387998,0.0151783607564975,0.0520030600811856,RNA,C3vsC1_rna
ACZ81_RS13335,-0.4865578162534721,3991.353862010037,0.077006926077944,0.1753415365634003,RNA,C3vsC1_rna
ACZ81_RS13340,1.1770663989032195,8343.132812045822,0.0022677446737238,0.0113585413620227,RNA,C3vsC1_rna
ACZ81_RS13385,0.5569772687018169,793.4940621343796,0.0720032934586387,0.1671743132847562,RNA,C3vsC1_rna
ACZ81_RS13390,0.7741822791424842,72.62670275196196,0.06343942993385,0.1529561255376239,RNA,C3vsC1_rna
ACZ81_RS13395,-0.1265444520632785,52.84123181623384,0.7299833377334113,0.8298932136544194,RNA,C3vsC1_rna
ACZ81_RS13400,0.3340029986345684,1848.0290891805205,0.2179051227607911,0.3750257014405079,RNA,C3vsC1_rna
ACZ81_RS13405,-0.2068195949412135,664.0132830443712,0.4877844110698445,0.6437470582934921,RNA,C3vsC1_rna
ACZ81_RS13410,0.3606130435393123,229.4815626783285,0.2078382175763268,0.3628576714169814,RNA,C3vsC1_rna
ACZ81_RS13415,-0.2738412397481294,82.37199928598504,0.5235787149897413,0.6730528050428843,RNA,C3vsC1_rna
ACZ81_RS13420,1.060265838071694,179.5554687221082,0.0221531500879212,0.0694362798068281,RNA,C3vsC1_rna
ACZ81_RS13425,0.8524932970256108,791.6973095660078,0.0950864792519936,0.2051005133112894,RNA,C3vsC1_rna
ACZ81_RS13430,1.4647049818669982,2104.1666366894246,0.008588463991074,0.0327413644195696,RNA,C3vsC1_rna
ACZ81_RS13435,-0.5891140737962502,698.4180463011677,0.1036199778938318,0.2196108564765204,RNA,C3vsC1_rna
ACZ81_RS13440,-1.669282207070163,1565.3816258753525,8.393427797267605e-10,2.8537654510709866e-08,RNA,C3vsC1_rna
ACZ81_RS13445,-0.3940606347803675,117.92818879795216,0.3627915796427811,0.5262182999012429,RNA,C3vsC1_rna
ACZ81_RS13450,-0.0020421725087235,402.028165074545,0.9971221005534264,0.9978181768580608,RNA,C3vsC1_rna
ACZ81_RS13455,0.5326279430274908,4436.576173560398,0.00020018084862808428,0.0014790526053331,RNA,C3vsC1_rna
ACZ81_RS13460,-0.0637827221244052,2443.4917229514112,0.832839359133591,0.8942144713001242,RNA,C3vsC1_rna
ACZ81_RS13465,0.5605858778382927,604.7153185480512,0.0486370290287092,0.1249243024732275,RNA,C3vsC1_rna
ACZ81_RS13470,1.1901893559933028,921.7522171184992,0.0003247960939261221,0.0022662294414462,RNA,C3vsC1_rna
ACZ81_RS13475,0.6149258978954757,878.311338393429,0.0171683710167816,0.0570666980276121,RNA,C3vsC1_rna
ACZ81_RS13480,0.6783580719676149,665.1195549396052,0.0334422725635499,0.0952914755148879,RNA,C3vsC1_rna
ACZ81_RS13485,0.6894031708531889,737.2354327333555,0.0157769619430108,0.0535056393198306,RNA,C3vsC1_rna
ACZ81_RS13490,0.7359912550843576,4002.1717324009214,0.0169341725819492,0.0565560148923842,RNA,C3vsC1_rna
ACZ81_RS13495,2.207119579219353,2872.6230111491413,0.0002464154779793417,0.0017812953110867,RNA,C3vsC1_rna
ACZ81_RS13500,-0.6455101768130524,386.4690140336551,0.0387467085920026,0.1065225693644821,RNA,C3vsC1_rna
ACZ81_RS13505,-1.6142245500063188,520.5978969038765,1.3362715607913318e-05,0.00015449917872895744,RNA,C3vsC1_rna
ACZ81_RS13510,-1.678051589882511,402.7745249812591,3.3737499102493525e-06,4.8168984483702497e-05,RNA,C3vsC1_rna
ACZ81_RS13515,-1.2733916571677262,1985.7076572512135,6.548174980419689e-05,0.0005825117077925452,RNA,C3vsC1_rna
ACZ81_RS13520,-1.1822942602041728,2172.425494865608,0.0145980865924036,0.0503157417600718,RNA,C3vsC1_rna
ACZ81_RS13525,-1.0753210132750848,2221.2195954296694,0.0411947816430458,0.1110708763117605,RNA,C3vsC1_rna
ACZ81_RS13530,-0.8412513026749407,5331.21137051857,0.1053961466082823,0.2222014399329631,RNA,C3vsC1_rna
ACZ81_RS13535,-1.952629206250353,4227.267312616531,3.108924890661376e-05,0.0003060477147137336,RNA,C3vsC1_rna
ACZ81_RS13540,-2.127866462526108,3976.0488035143726,3.866638461350306e-05,0.0003702375538648551,RNA,C3vsC1_rna
ACZ81_RS13545,-0.3356122770321093,440.7399695964183,0.3426185400449147,0.5077892806280746,RNA,C3vsC1_rna
ACZ81_RS13550,-0.3427925699675164,417.108493245916,0.0915352218086471,0.2000655235658048,RNA,C3vsC1_rna
ACZ81_RS13555,-0.234678988534819,730.5020495925381,0.2682154252093474,0.4303482384649282,RNA,C3vsC1_rna
ACZ81_RS13560,-0.3694269555594102,1135.7867756944463,0.1275427800134099,0.2568783300270084,RNA,C3vsC1_rna
ACZ81_RS13565,2.1352530226637247,2576.291319389801,9.565175857475407e-05,0.0007994892820873193,RNA,C3vsC1_rna
ACZ81_RS13570,-0.3414432909507964,78.11805910782164,0.3460236879598534,0.5118905000350044,RNA,C3vsC1_rna
ACZ81_RS13575,-0.1979272228798606,96.4077931965554,0.5581513014456347,0.6993796398732876,RNA,C3vsC1_rna
ACZ81_RS13580,0.2238886414181758,482.4425271277425,0.6379144105709094,0.7632903713720515,RNA,C3vsC1_rna
ACZ81_RS13585,-0.3724881892077827,1341.1865667700013,0.2134091776291827,0.3698477842973137,RNA,C3vsC1_rna
ACZ81_RS13590,-0.3750263836816768,669.7654762298422,0.2700928145821142,0.4320623493235415,RNA,C3vsC1_rna
ACZ81_RS13595,-0.0078289791150285,2526.3234458776765,0.9774157876563192,0.9860176364287536,RNA,C3vsC1_rna
ACZ81_RS13600,-2.1617099238408186,2120.931102313933,1.0058413728786209e-07,2.2295224243033297e-06,RNA,C3vsC1_rna
ACZ81_RS13605,-0.9505528151207652,118.45935399991976,0.0438320574891443,0.1163826701829562,RNA,C3vsC1_rna
ACZ81_RS13610,-1.085786770867259,8375.252310833854,0.0427509003415567,0.1140403006451633,RNA,C3vsC1_rna
ACZ81_RS13615,-0.7994134229876526,12163.094633820778,0.1285579176585256,0.2581019026729272,RNA,C3vsC1_rna
ACZ81_RS13620,-0.9767033428539164,1434.6628308373868,0.0234576230396892,0.0725053803044941,RNA,C3vsC1_rna
ACZ81_RS13625,-0.7689390344295658,413.7255676244627,0.0509435456252094,0.1289818553610832,RNA,C3vsC1_rna
ACZ81_RS13630,-0.7077936252880883,322.32772605613167,0.0253376854080692,0.0766627404654401,RNA,C3vsC1_rna
ACZ81_RS13635,-0.5209339493135089,613.4574804135963,0.1119945416752388,0.2326888147079535,RNA,C3vsC1_rna
ACZ81_RS13640,-0.3282393184614374,420.4843904949077,0.3919058157188652,0.5532463520985528,RNA,C3vsC1_rna
ACZ81_RS13645,-0.3838806759262707,78.05789208937726,0.3802691688798351,0.5430150829773964,RNA,C3vsC1_rna
ACZ81_RS13650,0.3803118592768916,495.3183210675194,0.1079349451217846,0.2260099164032359,RNA,C3vsC1_rna
ACZ81_RS13655,-0.9302733109092152,331.3626485947772,0.0098115727386496,0.0364922046417854,RNA,C3vsC1_rna
ACZ81_RS13660,-0.5884726075823845,67.5401301826082,0.1924083244315821,0.3447709681194763,RNA,C3vsC1_rna
ACZ81_RS13665,-0.317064490546698,44.57244895176201,0.4567715438146307,0.6166108458224424,RNA,C3vsC1_rna
ACZ81_RS13670,0.7623699920198861,191.5354675172178,0.0034228373535185,0.0158940086369403,RNA,C3vsC1_rna
ACZ81_RS13675,0.7492605924838864,1342.8978156155326,1.4922185010968036e-06,2.356243828976032e-05,RNA,C3vsC1_rna
ACZ81_RS13680,-1.9220897806095687,3221.820398533839,1.4306049861161024e-07,3.036818626612594e-06,RNA,C3vsC1_rna
ACZ81_RS13685,-0.8821365920567587,7495.015585048509,0.4159586637196782,0.5762244162193985,RNA,C3vsC1_rna
ACZ81_RS13690,-2.309619235799676,1704.3295382360916,9.231467943930328e-18,1.4814659756419388e-15,RNA,C3vsC1_rna
ACZ81_RS13695,-1.175149808459368,3362.246641206464,0.0986241211146508,0.2116176061688775,RNA,C3vsC1_rna
ACZ81_RS13700,-1.4476680829363255,5719.790041369103,0.00037661672551597296,0.0025697045965477,RNA,C3vsC1_rna
ACZ81_RS13705,0.2545803951938757,411.7795283644046,0.3259960855506618,0.4902946483380053,RNA,C3vsC1_rna
ACZ81_RS13710,0.0886294350271179,124.94358310478913,0.7943785695550533,0.8697075386899209,RNA,C3vsC1_rna
ACZ81_RS13715,0.2071998450483179,202.91670275995696,0.613735879833796,0.7443495616363933,RNA,C3vsC1_rna
ACZ81_RS13720,-0.6092234784862225,6256.914039576238,0.0288767954158775,0.0853120053081742,RNA,C3vsC1_rna
ACZ81_RS13725,-0.5430900215378311,854.1233693198725,0.0892963333014813,0.1967363477240764,RNA,C3vsC1_rna
ACZ81_RS13730,-0.3880432701262959,539.0817650566187,0.0330280847327678,0.0948523091967533,RNA,C3vsC1_rna
ACZ81_RS13735,0.1313461572680095,127.80193630813964,0.653625188641006,0.7742380445313599,RNA,C3vsC1_rna
ACZ81_RS13740,-0.5135097514168264,2964.90784897518,0.2685337374652732,0.4305984631137794,RNA,C3vsC1_rna
ACZ81_RS13745,-2.485628846755456,34482.32940348589,1.1540622055138586e-06,1.913263458066777e-05,RNA,C3vsC1_rna
ACZ81_RS13750,0.0157677605921188,1204.398038510354,0.938093247656494,0.9637687549365592,RNA,C3vsC1_rna
ACZ81_RS13755,-0.3046674433630328,309.39145478695065,0.3184655073644882,0.4832388863639663,RNA,C3vsC1_rna
ACZ81_RS13760,0.0109922610829369,340.8208929530756,0.9703859007989776,0.9815805633272812,RNA,C3vsC1_rna
ACZ81_RS13765,0.0686864390497593,1170.798169511548,0.8229067451132341,0.8877391399285547,RNA,C3vsC1_rna
ACZ81_RS13770,0.3502657872856308,601.7141324411522,0.091555409089436,0.2000655235658048,RNA,C3vsC1_rna
ACZ81_RS13775,0.4531478389674198,225.26507757086927,0.074930099044558,0.1724487899450111,RNA,C3vsC1_rna
ACZ81_RS13780,0.1089268418497315,588.291062898132,0.6229031231563593,0.7516052120611468,RNA,C3vsC1_rna
ACZ81_RS13785,0.7592383400278934,167.5971761401504,0.0456153539547535,0.1195229556232908,RNA,C3vsC1_rna
ACZ81_RS13790,0.7152690026992222,217.7666094062264,0.009232967730694,0.0348801003159554,RNA,C3vsC1_rna
ACZ81_RS13795,0.3992535806322073,79.35930934944025,0.2837461455263966,0.4457380357857985,RNA,C3vsC1_rna
ACZ81_RS13800,0.4979687926886422,1346.04817349103,0.0135114633330467,0.047178408087192,RNA,C3vsC1_rna
ACZ81_RS13805,0.1910347984274233,750.7600716184728,0.3073308720788593,0.4713346554970885,RNA,C3vsC1_rna
ACZ81_RS13810,0.6636781190103066,253.64611296803224,0.0213200672200184,0.0674141333203422,RNA,C3vsC1_rna
ACZ81_RS13815,0.9558682182280902,377.75538895705785,0.0032909699278517,0.0153885446976006,RNA,C3vsC1_rna
ACZ81_RS13820,-0.0798632539706018,186.0748114822971,0.7933980453925916,0.8692280060390709,RNA,C3vsC1_rna
ACZ81_RS13825,0.1833712307480754,341.03795324866815,0.363940960789879,0.5266713442138842,RNA,C3vsC1_rna
ACZ81_RS13830,-0.0574642028267631,218.52549088368187,0.8788965915059522,0.925008689696191,RNA,C3vsC1_rna
ACZ81_RS13835,0.3189799885521381,77.6931074758324,0.3591875434614537,0.5232608657833523,RNA,C3vsC1_rna
ACZ81_RS13840,0.8002614492444798,308.9880722925463,0.0078719778256327,0.0308723118635762,RNA,C3vsC1_rna
ACZ81_RS13845,0.6390353832946438,850.8309371802101,0.0025462556184209,0.0125037668801771,RNA,C3vsC1_rna
ACZ81_RS13850,-0.2321588611115916,206.9538917334206,0.4257880949576743,0.5856228443504248,RNA,C3vsC1_rna
ACZ81_RS13855,-0.2976638590802249,97.43453857808493,0.3903704784468986,0.5522246560445413,RNA,C3vsC1_rna
ACZ81_RS13860,0.2668314490310982,403.7025526198525,0.3818031733979504,0.5443476658395796,RNA,C3vsC1_rna
ACZ81_RS13865,0.7489688109263866,179.52015050942344,0.0162797338637578,0.0548859598835264,RNA,C3vsC1_rna
ACZ81_RS13870,0.9962320261070908,417.4664736958075,0.0138371813645784,0.0480231588535368,RNA,C3vsC1_rna
ACZ81_RS13875,0.5944255089907483,1378.9375482499256,0.0097211213348739,0.0362801291121062,RNA,C3vsC1_rna
ACZ81_RS13880,0.1426801754357027,2627.095565044545,0.5233761235883273,0.6730080153321697,RNA,C3vsC1_rna
ACZ81_RS13885,0.7589321724194441,842.7907496674648,0.0021473249720783,0.0108365632553189,RNA,C3vsC1_rna
ACZ81_RS13890,1.0364983988371,384.37313727457,0.0006390785437589936,0.0039204634825093,RNA,C3vsC1_rna
ACZ81_RS13895,0.6466305317637904,503.6248697647988,0.0291018247983686,0.0855359128872196,RNA,C3vsC1_rna
ACZ81_RS13900,0.0590955648635052,1106.8303393584342,0.7238791622797869,0.826701736141903,RNA,C3vsC1_rna
ACZ81_RS13905,-0.2193288770065689,218.40022605346476,0.5561503819290246,0.6979278487016723,RNA,C3vsC1_rna
ACZ81_RS13910,0.3669154628151223,627.7213006641196,0.1704907312361477,0.3156332332622497,RNA,C3vsC1_rna
ACZ81_RS13915,0.2300298531618601,412.1569958941381,0.327740268469966,0.4921010318493651,RNA,C3vsC1_rna
ACZ81_RS13920,-1.571903577617609,2678.9243432057565,7.483975581039935e-05,0.0006485034563959444,RNA,C3vsC1_rna
ACZ81_RS13925,0.2235158536286514,947.954748756198,0.3970576184146366,0.557576186587162,RNA,C3vsC1_rna
ACZ81_RS13930,-0.6883937215271517,1277.071788356846,0.2394168382161891,0.400391977875511,RNA,C3vsC1_rna
ACZ81_RS13935,0.8058698971862669,276.86794816902994,0.0021029051224971,0.0106795637360237,RNA,C3vsC1_rna
ACZ81_RS13940,-1.777872889405705,30801.340107113672,0.0019167253791523,0.009922454478915,RNA,C3vsC1_rna
ACZ81_RS13945,-0.1616425533615421,110.76693927060394,0.6832572863360129,0.7982609879965299,RNA,C3vsC1_rna
ACZ81_RS13950,0.9463321865329856,4848.142414288178,0.2601623281468459,0.4213852484962236,RNA,C3vsC1_rna
ACZ81_RS13955,-1.1440307062726074,616.6394013193,7.96285105986678e-05,0.000684089046085343,RNA,C3vsC1_rna
ACZ81_RS13960,0.9520725395352412,108.22335091866096,0.0044469524511037,0.0195412631257701,RNA,C3vsC1_rna
ACZ81_RS13965,-0.4391487408670702,14988.035910823502,0.3163963073301473,0.4810229686447185,RNA,C3vsC1_rna
ACZ81_RS13970,0.1376324632203556,758.1942504429287,0.6809013958072121,0.79685593850182,RNA,C3vsC1_rna
ACZ81_RS13975,0.2804371100132313,658.662590427656,0.2357091311475215,0.3966715747331613,RNA,C3vsC1_rna
ACZ81_RS13980,-0.0787376021060884,658.6305077908389,0.7380230082970669,0.8357178406118635,RNA,C3vsC1_rna
ACZ81_RS13985,1.2034186531852051,961.546126564922,0.0475373422668614,0.122773620944416,RNA,C3vsC1_rna
ACZ81_RS13990,0.0281715700770237,322.0694288652896,0.9543175371389444,0.9732389321305148,RNA,C3vsC1_rna
ACZ81_RS13995,1.297261528147658,465.415839097701,0.0115056592714259,0.0413256087707796,RNA,C3vsC1_rna
ACZ81_RS14000,1.1176366981545998,1461.7651194800417,0.0239997656108106,0.0735860522449703,RNA,C3vsC1_rna
ACZ81_RS14005,0.5877798381478416,214.644264355324,0.0900202339328785,0.1978965361855938,RNA,C3vsC1_rna
ACZ81_RS14010,1.4256243454355588,346.6531752040036,6.17717958616899e-05,0.000560999567365824,RNA,C3vsC1_rna
ACZ81_RS14015,0.3816645318326593,40.29031497248293,0.46527711129296,0.6241028988657157,RNA,C3vsC1_rna
ACZ81_RS14020,0.388705667164091,79.00275759797127,0.4052566216461606,0.5665120439179082,RNA,C3vsC1_rna
ACZ81_RS14025,0.0509110229387059,970.6216963141304,0.8744719696729034,0.9218028224718046,RNA,C3vsC1_rna
ACZ81_RS14035,-5.128109476303539,2.6678874657569374,0.025656805840687,0.0773948158141627,RNA,C3vsC1_rna
ACZ81_RS14040,0.5697830613019466,203.0046894890916,0.0489122411273629,0.1253102882522222,RNA,C3vsC1_rna
ACZ81_RS14045,-1.468576453149,248.00262709392047,0.000492463685021019,0.0031957471268209,RNA,C3vsC1_rna
ACZ81_RS14050,-1.2270930623309515,1198.135119384995,1.0177496176064458e-06,1.7013381107654418e-05,RNA,C3vsC1_rna
ACZ81_RS14055,-0.4791020112154259,129.80247567609678,0.2298346392642814,0.3893988905102605,RNA,C3vsC1_rna
ACZ81_RS14060,-0.3431803247627027,123.082841534899,0.3054063720866832,0.4689209203259752,RNA,C3vsC1_rna
ACZ81_RS14065,0.0306351588839031,23.17288399465773,0.9633176538267086,0.9779209879726488,RNA,C3vsC1_rna
ACZ81_RS14070,0.0620000107551322,14.87623954264953,0.9467606129896712,0.9687333790651772,RNA,C3vsC1_rna
ACZ81_RS14075,-0.0258653751621192,385.8246513203701,0.9054180075578362,0.9410912611501242,RNA,C3vsC1_rna
ACZ81_RS14080,0.6326302634333326,160.70509263060364,0.050212747440308,0.1275829909629612,RNA,C3vsC1_rna
ACZ81_RS14085,-0.8951123202175836,34.25014185033661,0.0943398808044698,0.2039286647562138,RNA,C3vsC1_rna
ACZ81_RS14090,-1.6948807794089429,99.38589446465572,0.0033686096789181,0.0156967038697092,RNA,C3vsC1_rna
ACZ81_RS14095,0.2493130641969827,326.0245634922942,0.3477465338341218,0.5130014851174893,RNA,C3vsC1_rna
ACZ81_RS14100,4.637778428692187,400.59176957437575,1.0174510379502052e-09,3.4302634993749776e-08,RNA,C3vsC1_rna
ACZ81_RS14105,0.5539050967373129,449.1093122013926,0.0054608293266255,0.0228455133038807,RNA,C3vsC1_rna
ACZ81_RS14110,0.6141824884704377,306.68114792284314,0.0035371472389159,0.0161876368977432,RNA,C3vsC1_rna
ACZ81_RS14115,-0.2136238025301325,250.13572131768825,0.6430507508539266,0.7669202177247186,RNA,C3vsC1_rna
ACZ81_RS14120,0.5844868291125931,265.6218868024687,0.0460879614230346,0.1203024731484807,RNA,C3vsC1_rna
ACZ81_RS14125,0.5915311998909702,310.8779007615293,0.1410780349015338,0.2761000370853433,RNA,C3vsC1_rna
ACZ81_RS14130,-1.976933063272767,972.4171179214268,1.1876366299452029e-06,1.944815575240879e-05,RNA,C3vsC1_rna
ACZ81_RS14135,-1.4241040502964633,32.257338559456635,0.0117792771642552,0.0421574130089135,RNA,C3vsC1_rna
ACZ81_RS14140,-0.1934217302294365,986.215240954018,0.4694909544596684,0.6277608742604476,RNA,C3vsC1_rna
ACZ81_RS14145,-1.5663081119168731,506.8755644270209,5.739710552530693e-06,7.650404895931276e-05,RNA,C3vsC1_rna
ACZ81_RS14150,-1.1755603695162744,1378.7523962566995,0.0024063385163808,0.0119359744583704,RNA,C3vsC1_rna
ACZ81_RS14155,-0.4383749279970823,535.2062529655302,0.2759081728380768,0.4373542431554184,RNA,C3vsC1_rna
ACZ81_RS14160,0.5694896988355936,305.9825839075061,0.0280247660037111,0.0832238054825235,RNA,C3vsC1_rna
ACZ81_RS14165,-0.0726263141736148,971.1136627575214,0.7909276154527556,0.8681810104504666,RNA,C3vsC1_rna
ACZ81_RS14170,-0.3045896010388589,483.4346553539335,0.2543761678211166,0.4147594350212364,RNA,C3vsC1_rna
ACZ81_RS14175,-0.128838979248366,210.40359628121436,0.7893105624769667,0.867279110017101,RNA,C3vsC1_rna
ACZ81_RS14180,-0.3086474016991696,244.01768238981177,0.6272672135804095,0.7551029833001494,RNA,C3vsC1_rna
ACZ81_RS14185,0.1847231438110914,664.5497390832205,0.7213907582579746,0.8256064797982346,RNA,C3vsC1_rna
ACZ81_RS14190,0.2578430616795141,1165.2030026892517,0.2453819046082579,0.4073116265156519,RNA,C3vsC1_rna
ACZ81_RS14195,-1.0925328077598937,94.21079754462473,0.0121689895138611,0.0433973208263207,RNA,C3vsC1_rna
ACZ81_RS14200,-2.460380263297715,105.3586934109197,3.0388282997683963e-05,0.00030029012656824643,RNA,C3vsC1_rna
ACZ81_RS14205,-0.1423860291724177,74.4006754921657,0.66483023572284,0.7838080827857872,RNA,C3vsC1_rna
ACZ81_RS14210,0.3799975714027224,96.84209170339676,0.2988048770295436,0.4620742944442062,RNA,C3vsC1_rna
ACZ81_RS14215,0.7262419783254503,72.7913175784936,0.0364433987355407,0.1019601922782354,RNA,C3vsC1_rna
ACZ81_RS14220,1.2210037688568207,730.596389318113,5.192591831392736e-06,7.038067036333667e-05,RNA,C3vsC1_rna
ACZ81_RS14225,1.5195011788269228,173.6697642985928,2.400058190327099e-06,3.606379572881019e-05,RNA,C3vsC1_rna
ACZ81_RS14230,1.7709648936112226,32.43977672280067,0.0009130925497567654,0.0052891721563008,RNA,C3vsC1_rna
ACZ81_RS14235,2.5147778514750803,18.94610522024453,0.0020549064748876,0.0104889119303428,RNA,C3vsC1_rna
ACZ81_RS14240,0.1857060026216664,94.6944020563824,0.7058845132545537,0.8146348154648771,RNA,C3vsC1_rna
ACZ81_RS14245,-0.024891948269521,294.8216566706611,0.9495763809390352,0.9708716718469445,RNA,C3vsC1_rna
ACZ81_RS14250,-0.4422199945302195,183.9127660330064,0.4084250424535333,0.569746147987164,RNA,C3vsC1_rna
ACZ81_RS14255,-1.514618115216442,164.422617052325,0.0213231643029696,0.0674141333203422,RNA,C3vsC1_rna
ACZ81_RS14260,-0.4340081326613312,149.51677099420135,0.2480972164409371,0.4102910273540971,RNA,C3vsC1_rna
ACZ81_RS14265,0.630848056579115,46.6500324188444,0.2244756976345598,0.3825813504289949,RNA,C3vsC1_rna
ACZ81_RS14270,-3.890957043227252,1523.8105426279224,7.183104780952603e-10,2.527948805366829e-08,RNA,C3vsC1_rna
ACZ81_RS14275,-3.749577872394621,213.9446912429843,1.6384965749267238e-15,1.992014623820005e-13,RNA,C3vsC1_rna
ACZ81_RS14280,0.2858623900859541,438.8807918968321,0.3786625631851614,0.5419201503072485,RNA,C3vsC1_rna
ACZ81_RS14285,1.8285446107122505,45.07588499190296,5.791590390959448e-05,0.0005329325836818647,RNA,C3vsC1_rna
ACZ81_RS14290,0.6509231212841432,346.37841426434534,0.247333372211416,0.4095342506447383,RNA,C3vsC1_rna
ACZ81_RS14295,-1.810791920553186,79.32103545829527,0.0002418695869147034,0.0017547572924083,RNA,C3vsC1_rna
ACZ81_RS14300,0.1594338953530854,171.01889511297588,0.6351685186327147,0.761367223410353,RNA,C3vsC1_rna
ACZ81_RS14305,-0.8584019401003458,7.048987286582006,0.3131621085586962,0.4781228038073742,RNA,C3vsC1_rna
ACZ81_RS14310,-1.388267732049099,127.82790774444832,0.0052342485589541,0.0221750847080508,RNA,C3vsC1_rna
ACZ81_RS14315,1.8723006476623787,71.53817501414754,6.73130404614358e-06,8.620401011555957e-05,RNA,C3vsC1_rna
ACZ81_RS14320,0.6680265836059854,55.06563610071942,0.0669843186112601,0.1595072145691489,RNA,C3vsC1_rna
ACZ81_RS14325,1.345555836519921,739.9767508469223,0.0002744013201667167,0.0019427663142005,RNA,C3vsC1_rna
ACZ81_RS14330,7.687316861806046,66.89728931107926,7.509501780816898e-09,2.121698672157563e-07,RNA,C3vsC1_rna
ACZ81_RS14335,-2.066395993963386,2773.847826094935,1.5427657050313354e-05,0.00017375094797727455,RNA,C3vsC1_rna
ACZ81_RS14340,-0.4137671081474138,174.9600266244581,0.4075986342092165,0.5690183599280003,RNA,C3vsC1_rna
ACZ81_RS14345,0.3038703223688543,59.37378194328328,0.5411514517612652,0.6853218511572589,RNA,C3vsC1_rna
ACZ81_RS14350,-0.5214270037808901,134.53233994836373,0.2784967133833796,0.4400435416671867,RNA,C3vsC1_rna
ACZ81_RS14355,0.4244543936440163,13.409009963942676,0.5804761380558847,0.7159616071004674,RNA,C3vsC1_rna
ACZ81_RS14360,-0.3636740579780175,51.70965220274677,0.5016576236709696,0.6559495048066096,RNA,C3vsC1_rna
ACZ81_RS14365,-1.535039607657829,681.6515541483528,2.8741631693185478e-08,7.391758099555137e-07,RNA,C3vsC1_rna
ACZ81_RS14370,-0.236016422530726,163.15432842516606,0.5511624286754404,0.6938386143225187,RNA,C3vsC1_rna
ACZ81_RS14375,-0.1692143744308093,975.41128740741,0.5820660039556649,0.7167737286280318,RNA,C3vsC1_rna
ACZ81_RS14380,0.1968414735350181,375.24588470733954,0.3402805264213951,0.5056917846495594,RNA,C3vsC1_rna
ACZ81_RS14385,-0.2613015339715395,111.42755092324374,0.3809492397317081,0.5435164828604597,RNA,C3vsC1_rna
ACZ81_RS14390,-0.1637699018419331,162.9874899308193,0.6042647363430649,0.7353046449691785,RNA,C3vsC1_rna
ACZ81_RS14395,-0.0142486531869028,882.3774622033893,0.958802882090178,0.9758288084591056,RNA,C3vsC1_rna
ACZ81_RS14400,0.6953705789532172,179.65575926816308,0.0232600211031759,0.0720055591558195,RNA,C3vsC1_rna
ACZ81_RS14405,0.2175630768185141,304.5362298207594,0.5471109680997177,0.6906965600422855,RNA,C3vsC1_rna
ACZ81_RS14410,0.1544093535118949,457.4897685666705,0.5313302733092402,0.678020692276295,RNA,C3vsC1_rna
ACZ81_RS14415,0.1555252272284409,2328.463364426324,0.5107019288557402,0.662097165616269,RNA,C3vsC1_rna
ACZ81_RS14420,-0.6702643805619096,1759.6606506793864,0.0807609726683533,0.1824397648341406,RNA,C3vsC1_rna
ACZ81_RS14425,-0.603184074704391,257.7847739402374,0.0917684085294668,0.2004218045836804,RNA,C3vsC1_rna
ACZ81_RS14430,0.8392977547225351,86.63218629141392,0.0108339907573274,0.0395145190167251,RNA,C3vsC1_rna
ACZ81_RS14435,0.2241769302371418,267.4950811539145,0.4984900986882636,0.6537895638892821,RNA,C3vsC1_rna
ACZ81_RS14440,-0.0703648443430008,1288.3574113901152,0.7355178608965445,0.8335869090160837,RNA,C3vsC1_rna
ACZ81_RS14445,-0.2169793113889665,363.5003802071779,0.4991973762882904,0.6545032266890919,RNA,C3vsC1_rna
ACZ81_RS14450,-1.2371003357008634,924.0490089464436,0.0050686512184444,0.0215875039154981,RNA,C3vsC1_rna
ACZ81_RS14455,-1.2318119668016518,3900.479256023015,0.0032634404016111,0.0152975996218589,RNA,C3vsC1_rna
ACZ81_RS14460,-0.1019861013730185,2685.053635581009,0.8736310830941417,0.9217411174923404,RNA,C3vsC1_rna
ACZ81_RS14465,0.1362284870591681,1657.31156445984,0.782400899582188,0.8640221329820363,RNA,C3vsC1_rna
ACZ81_RS14470,-0.3639389679009361,5767.942155666857,0.5533860172910017,0.6955094334426604,RNA,C3vsC1_rna
ACZ81_RS14475,0.2250474389383158,75.03911393956945,0.6197236135230466,0.7493463343744614,RNA,C3vsC1_rna
ACZ81_RS14480,0.4239787088367831,43.60477334969179,0.4426593892179896,0.60242519319626,RNA,C3vsC1_rna
ACZ81_RS14485,0.2683716081489194,56.20535410029418,0.3864820473128672,0.5486590607006054,RNA,C3vsC1_rna
ACZ81_RS14490,0.2101412119175745,52.55631144143202,0.5608972629709759,0.7021278686550875,RNA,C3vsC1_rna
ACZ81_RS14495,-1.0106924488858542,152.2929860717278,0.0035307067338156,0.0161876368977432,RNA,C3vsC1_rna
ACZ81_RS14500,-0.5345994059923812,180.1638275614958,0.145043675118549,0.2816627418081406,RNA,C3vsC1_rna
ACZ81_RS14505,-0.9019794356621657,151.41527980566107,0.0019651086222663,0.0100947705410149,RNA,C3vsC1_rna
ACZ81_RS14510,-0.8338869718718745,92.50806711305688,0.0066165722724673,0.0267328176809052,RNA,C3vsC1_rna
ACZ81_RS14515,-0.9697887481747612,222.58097431467888,0.0019517491768873,0.0100518840791681,RNA,C3vsC1_rna
ACZ81_RS14520,-0.2257878601866256,3423.66401634606,0.5312398007644801,0.678020692276295,RNA,C3vsC1_rna
ACZ81_RS14525,0.5714772092020364,436.5546282151443,0.016988627681928,0.0566099453985843,RNA,C3vsC1_rna
ACZ81_RS14530,0.5774963993672894,85.96760777900843,0.1956018964085599,0.3483514656499843,RNA,C3vsC1_rna
ACZ81_RS14535,0.4386051487339024,400.4050532611443,0.0667795760222277,0.1592863608806051,RNA,C3vsC1_rna
ACZ81_RS14540,-0.333057793672591,350.5771714158874,0.1516981555931008,0.2907849977255235,RNA,C3vsC1_rna
ACZ81_RS14545,-0.1059103851859094,567.3888625082801,0.5741552305693807,0.7118797396751225,RNA,C3vsC1_rna
ACZ81_RS14550,-0.4025400997531514,1340.8661163884285,0.0547532150697699,0.1361848364701594,RNA,C3vsC1_rna
ACZ81_RS14555,-0.6530239203758605,997.3870352694184,2.2846347090312063e-05,0.0002386967305373229,RNA,C3vsC1_rna
ACZ81_RS14565,0.7307966101188585,1714.7742609051184,0.0221249901246654,0.0694022364192008,RNA,C3vsC1_rna
ACZ81_RS14570,0.2919498068935646,1160.1975133428791,0.3825918981467494,0.5448912656601912,RNA,C3vsC1_rna
ACZ81_RS14575,-0.0219330852300286,504.8513189977108,0.9463895661294645,0.9686007498243396,RNA,C3vsC1_rna
ACZ81_RS14585,-0.4403547596283709,355.59349923146897,0.1529528269814712,0.2927703921038467,RNA,C3vsC1_rna
ACZ81_RS14590,0.5112990693092061,1125.1516266811818,0.0332919694023156,0.0950657517737299,RNA,C3vsC1_rna
ACZ81_RS14595,0.937114640148368,1502.0674743799664,0.0078026969865554,0.0306906081471182,RNA,C3vsC1_rna
ACZ81_RS14600,1.1579509457599482,1476.5178637913382,0.0066563464384072,0.0268664606749396,RNA,C3vsC1_rna
ACZ81_RS14605,-0.4231325195531201,1440.120730120768,0.0567892580928085,0.1400359578785173,RNA,C3vsC1_rna
ACZ81_RS14615,-0.6799233287327706,1966.1494786161604,2.690325348691351e-05,0.0002746459363600433,RNA,C3vsC1_rna
ACZ81_RS14620,-1.0731133005674245,2125.856967218365,2.4567905107404607e-05,0.00025403720435800847,RNA,C3vsC1_rna
ACZ81_RS14625,-2.847970453298122,1353.3545370222423,1.1325132950611206e-06,1.88532918663287e-05,RNA,C3vsC1_rna
ACZ81_RS14630,-2.0217063238526065,612.1065787114038,0.0007077215272335028,0.0042761728422602,RNA,C3vsC1_rna
ACZ81_RS14635,-2.40217710736666,834.9677152107729,0.000597742544598003,0.0036951357302422,RNA,C3vsC1_rna
ACZ81_RS14640,-2.0129931400155723,3729.080443430754,3.964735317535517e-12,2.339193837345955e-10,RNA,C3vsC1_rna
ACZ81_RS14645,-0.0196443507203162,5364.923964575163,0.8931926432286827,0.9324717368289032,RNA,C3vsC1_rna
ACZ81_RS14650,0.7659357394904255,1042.713530381517,0.0323613870704122,0.0936077036240041,RNA,C3vsC1_rna
ACZ81_RS14655,1.1892642352858709,2013.52360918759,0.0065546886672965,0.0265094868278162,RNA,C3vsC1_rna
ACZ81_RS14660,3.419790007023243,747.8425826393834,1.0655644186676956e-09,3.562537039745662e-08,RNA,C3vsC1_rna
ACZ81_RS14665,0.0854805990887871,939.5631431356992,0.6640778229914002,0.7833814248284321,RNA,C3vsC1_rna
ACZ81_RS14670,-0.1911248851239896,139.59436059906383,0.4468480840976806,0.6060698152129461,RNA,C3vsC1_rna
ACZ81_RS14675,-0.8490394222200909,372.2218474103015,0.084714715580354,0.1895568538250867,RNA,C3vsC1_rna
ACZ81_RS14680,0.3729911540419945,716.2685575657014,0.2087833416239863,0.3639641346594738,RNA,C3vsC1_rna
ACZ81_RS14685,-1.4937564488034778,19672.423546639475,0.0137887405893864,0.0478964738048644,RNA,C3vsC1_rna
ACZ81_RS14690,-1.5088835719820817,1618.3832734539644,0.0255587457437236,0.0771570262782689,RNA,C3vsC1_rna
ACZ81_RS14695,0.1323526296198594,250.6227348084212,0.7714038336500999,0.85659346266377,RNA,C3vsC1_rna
ACZ81_RS14700,0.2990708273141989,116.1344022046517,0.4044359102732933,0.5655618236376622,RNA,C3vsC1_rna
ACZ81_RS14705,-2.008042564108316,3075.6346776003197,2.5906203231746526e-14,2.4746592229944544e-12,RNA,C3vsC1_rna
ACZ81_RS14710,-0.8024704407460908,436.4704418605968,0.009616395928728,0.0360306278731495,RNA,C3vsC1_rna
ACZ81_RS14715,-0.6279877815608715,859.5497499527359,0.021210630164851,0.0672703938508951,RNA,C3vsC1_rna
ACZ81_RS14720,-0.2619398906727357,359.4548508975658,0.650118798059095,0.7719265537141953,RNA,C3vsC1_rna
ACZ81_RS14725,-0.0725401460136942,1234.9647748494272,0.7964552467480566,0.8699641845775125,RNA,C3vsC1_rna
ACZ81_RS14730,0.4665269667463778,2200.086785526917,0.2518806370652192,0.4123925166073469,RNA,C3vsC1_rna
ACZ81_RS14735,-1.5354603251875127,25459.04126922456,0.0020523022847881,0.0104889119303428,RNA,C3vsC1_rna
ACZ81_RS14740,-1.0519841287256242,6266.796570671685,0.0072235297136656,0.0287223005066667,RNA,C3vsC1_rna
ACZ81_RS14745,-0.1888119938740353,2105.959992107761,0.6471319516160445,0.7692721155210579,RNA,C3vsC1_rna
ACZ81_RS14750,0.0992776545691808,760.7526744464507,0.8112279984875211,0.880109986460772,RNA,C3vsC1_rna
ACZ81_RS14755,-0.0093998375155143,1159.6168496850223,0.9834551266707332,0.988339055609206,RNA,C3vsC1_rna
ACZ81_RS14760,-0.2361432310409134,851.2585442405197,0.5040649189310193,0.6575751681619756,RNA,C3vsC1_rna
ACZ81_RS14765,-0.008110063651935,466.5305981609828,0.9803614048163826,0.98705144513733,RNA,C3vsC1_rna
ACZ81_RS14770,-0.6295695996028667,459.79755512930177,0.1583538432652354,0.2989342407445233,RNA,C3vsC1_rna
ACZ81_RS14775,-0.3083262786068002,781.0219544988447,0.3526977154295257,0.5168090702349369,RNA,C3vsC1_rna
ACZ81_RS14780,-0.5533517398758603,444.9059336130791,0.1581787066361877,0.2989342407445233,RNA,C3vsC1_rna
ACZ81_RS14785,-0.467828493518905,1064.3907887095531,0.1468067684520228,0.2839868635629293,RNA,C3vsC1_rna
ACZ81_RS14790,-0.7315621419540385,2110.6939849994574,0.0410364075307344,0.1109985647915601,RNA,C3vsC1_rna
ACZ81_RS14795,-0.6885562991609214,909.9720083366886,0.113955342054175,0.2349377350058326,RNA,C3vsC1_rna
ACZ81_RS14800,-0.2085886963181224,98.792535948831,0.698506944979244,0.80971102665609,RNA,C3vsC1_rna
ACZ81_RS14805,-1.1207665083934903,1818.3431423524248,0.0040510653329213,0.0182003069604485,RNA,C3vsC1_rna
ACZ81_RS14810,0.3183848087367886,13439.526541106425,0.6970965673916694,0.8087771626302421,RNA,C3vsC1_rna
ACZ81_RS14815,0.1871680705172704,416.89658038789474,0.7312319183536087,0.8305579047240139,RNA,C3vsC1_rna
ACZ81_RS14820,0.3749129185271113,1857.52917916994,0.2532881327544296,0.4137589530174151,RNA,C3vsC1_rna
ACZ81_RS14825,0.5547404001518056,211.6798059958008,0.1583858474160888,0.2989342407445233,RNA,C3vsC1_rna
ACZ81_RS14830,-0.8793484010247974,259.0589824890696,0.0313552774791125,0.0910255956918955,RNA,C3vsC1_rna
ACZ81_RS14835,-0.0570151269793398,32.951729167101284,0.9124629951029888,0.9454549422399772,RNA,C3vsC1_rna
ACZ81_RS14840,-0.2418782805881714,102.68862275819144,0.5017719417376583,0.6559495048066096,RNA,C3vsC1_rna
ACZ81_RS14850,0.350821450674431,768.6555612805666,0.1599424462592533,0.3006977949353909,RNA,C3vsC1_rna
ACZ81_RS14855,-0.1485019076048651,1959.0259639757653,0.4456940605432732,0.6050713456048255,RNA,C3vsC1_rna
ACZ81_RS14860,-1.2707593824121568,2925.973142694888,0.1059392290247773,0.2229948514414516,RNA,C3vsC1_rna
ACZ81_RS14865,-1.2951876565490166,681.1414495431587,0.0793116816048228,0.1798747691342844,RNA,C3vsC1_rna
ACZ81_RS14870,0.3489776132679926,999.957635073952,0.2881087654713126,0.4495886297436431,RNA,C3vsC1_rna
ACZ81_RS14875,1.0621895848927967,103.95872325219791,0.0444208277931983,0.1172116314749607,RNA,C3vsC1_rna
ACZ81_RS14880,0.1755247703306081,1112.8433672829588,0.4278169568136273,0.5880101509887883,RNA,C3vsC1_rna
ACZ81_RS14885,0.2690357643040351,407.8249885442509,0.2374587153640601,0.3983480767055136,RNA,C3vsC1_rna
ACZ81_RS14890,-0.4523018539158077,2392.0589608874507,0.0041222557513874,0.0184581362439359,RNA,C3vsC1_rna
ACZ81_RS14895,0.4626643242782334,6038.61080090035,0.0231647277023337,0.0719325754967206,RNA,C3vsC1_rna
ACZ81_RS14900,-2.172745590567922,4070.395494391853,9.05698653227638e-06,0.00011215009249226188,RNA,C3vsC1_rna
ACZ81_RS14905,-0.4007436336579049,4982.466206371413,0.4170941598954432,0.5772055605209572,RNA,C3vsC1_rna
ACZ81_RS14910,-0.4887196549886566,897.8922722216297,0.273522386454828,0.4357600082625976,RNA,C3vsC1_rna
ACZ81_RS14915,-0.4545106158903279,1431.3816561575854,0.2401309663683754,0.4007510137562072,RNA,C3vsC1_rna
ACZ81_RS14920,-0.2830395335287584,1359.0483404475513,0.3803271144482761,0.5430150829773964,RNA,C3vsC1_rna
ACZ81_RS14925,-0.170917268868191,641.2147330436183,0.6567939828261913,0.7772808023900536,RNA,C3vsC1_rna
ACZ81_RS14930,-0.5730112651649077,41.1028985301038,0.207320881545328,0.3621120490900548,RNA,C3vsC1_rna
ACZ81_RS14935,-0.600424706816763,819.5539220817433,0.0923816996442423,0.2011459774445969,RNA,C3vsC1_rna
ACZ81_RS14940,-0.917047592153892,1352.5148819258347,0.0240999805861561,0.0736959772192519,RNA,C3vsC1_rna
ACZ81_RS14945,-0.2499330164208001,525.8071582357741,0.5468886569271834,0.6906965600422855,RNA,C3vsC1_rna
ACZ81_RS14950,-1.0070884423692927,3325.946828781657,0.0174155105883228,0.0577924139622425,RNA,C3vsC1_rna
ACZ81_RS14955,0.3751663019042265,1223.3049517990262,0.2319026332050099,0.3915796988293349,RNA,C3vsC1_rna
ACZ81_RS14960,0.7736853169184386,515.2730193240358,0.0134533383528728,0.0470163706199702,RNA,C3vsC1_rna
ACZ81_RS14965,0.2486546048647413,351.76776675126905,0.3765856820394693,0.5400270150270838,RNA,C3vsC1_rna
ACZ81_RS14970,-0.1301527931866958,438.0141325116258,0.8204238926008824,0.885775203744548,RNA,C3vsC1_rna
ACZ81_RS14975,1.5627625003174206,1553.1821587221634,0.0081087800479041,0.0316155739088352,RNA,C3vsC1_rna
ACZ81_RS14980,1.5841484947289477,622.2005591859474,1.0323376795890668e-08,2.876207479521761e-07,RNA,C3vsC1_rna
ACZ81_RS14985,0.1539480392569318,211.98230515547496,0.8073331190775416,0.876832829923957,RNA,C3vsC1_rna
ACZ81_RS14990,0.2431124338402669,153.7487743579029,0.693348312660006,0.8067614357285221,RNA,C3vsC1_rna
ACZ81_RS14995,-2.2546298617741742,260.40037809769467,1.0163151350670091e-10,4.4807212328448814e-09,RNA,C3vsC1_rna
ACZ81_RS15000,-1.0310122194822515,32.951734123348785,0.0320115736237908,0.0927965559094283,RNA,C3vsC1_rna
ACZ81_RS15005,-1.1828788358948366,51.9833604576074,0.0015729005398776,0.008347191753954,RNA,C3vsC1_rna
ACZ81_RS15010,-1.4369623650336758,73.12072591477272,0.0077687215804534,0.0305869587642583,RNA,C3vsC1_rna
ACZ81_RS15020,0.8112669668395727,81.96272455226546,0.0220933104245978,0.0693570903157171,RNA,C3vsC1_rna
ACZ81_RS15025,-1.2072697416128817,1314.7665416949617,0.0454806101048386,0.1193382653633831,RNA,C3vsC1_rna
ACZ81_RS15030,-1.967278615170584,5591.313273439206,0.0014075507375911,0.0075596968664201,RNA,C3vsC1_rna
ACZ81_RS15040,0.1601143693644277,2179.0634538257764,0.7486053299729731,0.8427061121917981,RNA,C3vsC1_rna
ACZ81_RS15045,0.4223408975556666,2714.3940927953577,0.1805492843977987,0.3285096276661988,RNA,C3vsC1_rna
ACZ81_RS15050,-0.6225343547760197,128.6350723601815,0.2179860258622294,0.3750257014405079,RNA,C3vsC1_rna
ACZ81_RS15055,0.2267139767464503,598.106714046122,0.2560325235080952,0.4165460195922458,RNA,C3vsC1_rna
ACZ81_RS15060,0.5610315880680126,341.849850238178,0.0061610803221695,0.0253260801767871,RNA,C3vsC1_rna
ACZ81_RS15065,0.919229599528106,1227.914769251736,0.00490826797873,0.021067336020953,RNA,C3vsC1_rna
ACZ81_RS15070,-0.5193038847452381,101.03876977012872,0.1303909082067618,0.2607818164135236,RNA,C3vsC1_rna
ACZ81_RS15075,-0.0813451533486704,1381.9491725490486,0.8685887873585698,0.918013228367382,RNA,C3vsC1_rna
ACZ81_RS15080,0.3109946268268074,31.110975867352817,0.4458102935214018,0.6050713456048255,RNA,C3vsC1_rna
ACZ81_RS15085,0.4343910264566787,50.6414782925493,0.265015637547872,0.4271766724958066,RNA,C3vsC1_rna
ACZ81_RS15090,-1.289679620090675,103.62687119016336,0.0207314019031828,0.0661689613648126,RNA,C3vsC1_rna
ACZ81_RS15095,0.1296458274035326,313.714036125109,0.7948554779456091,0.8697075386899209,RNA,C3vsC1_rna
ACZ81_RS15100,0.6743745037795426,27.6652937489453,0.3229974108505603,0.4868859028491415,RNA,C3vsC1_rna
ACZ81_RS15105,0.2353240590266229,28.297081589498674,0.8147789587605285,0.8823995538143248,RNA,C3vsC1_rna
ACZ81_RS15110,-0.5006966789516599,44.54840733959452,0.4738733086191492,0.6312017643359982,RNA,C3vsC1_rna
ACZ81_RS15115,-0.0831401396347047,100.5192210705193,0.8329211064926629,0.8942144713001242,RNA,C3vsC1_rna
ACZ81_RS15120,0.78441104146711,637.0284724013147,0.1422055873219267,0.2776682012455691,RNA,C3vsC1_rna
ACZ81_RS15125,-0.1746363324789513,365.8302016097726,0.5460509207140467,0.6900019823322064,RNA,C3vsC1_rna
ACZ81_RS15130,-1.2122749169306235,5140.15568676101,0.0023906318989386,0.0118850250043889,RNA,C3vsC1_rna
ACZ81_RS15135,-1.228453051460223,1113.578549762342,2.3690528749009099e-07,4.800323300051743e-06,RNA,C3vsC1_rna
ACZ81_RS15140,-0.3236143651831851,505.91434081657326,0.3823468240510284,0.5447622442401783,RNA,C3vsC1_rna
ACZ81_RS15145,-0.6083291131876226,717.5031916247364,0.1056057562379339,0.2224096031635647,RNA,C3vsC1_rna
ACZ81_RS15150,-0.9950481163885982,1484.9599694736216,0.0144157033664554,0.049815505517846,RNA,C3vsC1_rna
ACZ81_RS15155,0.3131430374628617,88.82393601783306,0.4510875345802335,0.6109178353348708,RNA,C3vsC1_rna
ACZ81_RS15160,-1.430778747342591,11.698252661372972,0.1895252813382634,0.3400605674101579,RNA,C3vsC1_rna
ACZ81_RS15165,-0.1983690724712951,95.5895611875151,0.5884278043983098,0.7221695782337164,RNA,C3vsC1_rna
ACZ81_RS15170,1.1333208010746738,161.90129755019132,0.0096950885740971,0.0362166623456961,RNA,C3vsC1_rna
ACZ81_RS15175,1.928610285683353,373.2389082969131,0.00096572886163599,0.0055429244533384,RNA,C3vsC1_rna
ACZ81_RS15180,-1.16739495746834,102.01087597148054,0.0069228588643662,0.0277000287282305,RNA,C3vsC1_rna
ACZ81_RS15190,-1.7828553417073172,2657.159561636292,2.766172784329896e-09,8.471668099795073e-08,RNA,C3vsC1_rna
ACZ81_RS15195,-0.4293187298653488,3648.141382815048,0.2969809435689846,0.4600513937706681,RNA,C3vsC1_rna
ACZ81_RS15200,0.0069715600701081,964.8512204257833,0.9804127901550376,0.98705144513733,RNA,C3vsC1_rna
ACZ81_RS15205,-0.1636292721127711,647.817659496119,0.5695257277062735,0.7100488562950806,RNA,C3vsC1_rna
ACZ81_RS15210,-0.2626868672989392,201.39244342525927,0.4516644341357262,0.6109655764695644,RNA,C3vsC1_rna
ACZ81_RS15215,0.0993739301101317,774.6282737412697,0.6120961266871977,0.7430346929709644,RNA,C3vsC1_rna
ACZ81_RS15220,-0.381080039580651,1508.468558781195,0.1052443067042577,0.2219979802825878,RNA,C3vsC1_rna
ACZ81_RS15225,0.0096612495011182,154.38600771618314,0.9680981119658876,0.9804152640369522,RNA,C3vsC1_rna
ACZ81_RS15230,0.2294633463345624,573.2568025473885,0.2640543023255703,0.4259693851749852,RNA,C3vsC1_rna
ACZ81_RS15235,0.1030719421332929,216.82192457855783,0.7497436801014142,0.8437508119402171,RNA,C3vsC1_rna
ACZ81_RS15240,-0.2078479550988854,143.56992210426716,0.5208809417816778,0.6708745869753101,RNA,C3vsC1_rna
ACZ81_RS15245,-0.0019692425013305,74.61976216175127,0.9966397479971116,0.9976343984442144,RNA,C3vsC1_rna
ACZ81_RS15250,-0.2016657836614871,58.45833302204672,0.7987818307151883,0.8706591255960662,RNA,C3vsC1_rna
ACZ81_RS15255,1.312156815412823,35.21239595877465,0.0594114849970375,0.1445475305082563,RNA,C3vsC1_rna
ACZ81_RS15260,-1.0495176996715436,249.24248459018025,0.0007529699893757642,0.0045088292498142,RNA,C3vsC1_rna
ACZ81_RS15265,-1.0793797231054627,116.46681102680634,0.023890448975658,0.0733908738823429,RNA,C3vsC1_rna
ACZ81_RS15270,-0.7258358104689652,978.575991393607,0.0024821751744232,0.0122641463051552,RNA,C3vsC1_rna
ACZ81_RS15275,-0.7058157290037848,874.2605951986566,0.0054805820323616,0.0228804319602862,RNA,C3vsC1_rna
ACZ81_RS15280,1.3562908380250462,1552.803582947505,0.0080837984501921,0.0316090445079388,RNA,C3vsC1_rna
ACZ81_RS15285,-2.626664709994736,2525.8389754994714,5.4338903751753286e-12,3.0705307303103406e-10,RNA,C3vsC1_rna
ACZ81_RS15290,-2.6366181947831886,3246.8442260094266,2.706646862256992e-05,0.00027561084292830075,RNA,C3vsC1_rna
ACZ81_RS15295,-2.572128072648587,1919.2254677961084,0.0004138866768684891,0.002781313695251,RNA,C3vsC1_rna
ACZ81_RS15300,-2.463222369791081,3667.2425412401626,6.765682929972167e-06,8.620401011555957e-05,RNA,C3vsC1_rna
ACZ81_RS15305,-2.293493802928217,1093.5993997292533,7.760716265192208e-07,1.365613756839962e-05,RNA,C3vsC1_rna
ACZ81_RS15310,-1.4211195824152354,3638.0611011257697,0.0005573509608695926,0.0034938938359512,RNA,C3vsC1_rna
ACZ81_RS15315,0.2437003416954808,251.12306906422188,0.5104687056524568,0.662097165616269,RNA,C3vsC1_rna
ACZ81_RS15320,1.7252446680484534,272.6997599990832,6.517381093492265e-10,2.3346190131331225e-08,RNA,C3vsC1_rna
ACZ81_RS15325,2.0151414460232693,129.91115438622123,2.5032362104963943e-11,1.2553729595639415e-09,RNA,C3vsC1_rna
ACZ81_RS15330,0.4954595167952932,1346.4781509400011,0.0418672128845064,0.1122802527357218,RNA,C3vsC1_rna
ACZ81_RS15335,-0.6229316357239535,659.1664923104146,0.0907429210582211,0.1990489881277109,RNA,C3vsC1_rna
ACZ81_RS15340,-1.1764845085508753,10534.470739611716,0.0001032302256174318,0.0008521803810229144,RNA,C3vsC1_rna
ACZ81_RS15345,-0.7492324840904353,3207.7888574259773,0.0254656177292123,0.0769337788626506,RNA,C3vsC1_rna
ACZ81_RS15350,-0.3675519913267848,201.3474700622891,0.2763502533069669,0.4377050285804626,RNA,C3vsC1_rna
ACZ81_RS15355,-0.1956540316384142,611.208041653157,0.719364575590963,0.8245973363631268,RNA,C3vsC1_rna
ACZ81_RS15360,0.5119526710689478,1307.3695427509645,0.3781004316045107,0.5415704861111378,RNA,C3vsC1_rna
ACZ81_RS15365,-0.1232728595880535,1342.721813757902,0.7218916677630325,0.8256064797982346,RNA,C3vsC1_rna
ACZ81_RS15370,0.2370182061989181,236.12075115864863,0.5802514634423056,0.7159616071004674,RNA,C3vsC1_rna
ACZ81_RS15375,0.4573995254568336,72.85762928482616,0.3606732555171461,0.5245930813533088,RNA,C3vsC1_rna
ACZ81_RS15380,-0.520636984056791,2076.947781667794,0.3408809110980462,0.5061488583735609,RNA,C3vsC1_rna
ACZ81_RS15385,-0.808011920438905,384.1927216611469,0.0458422851430804,0.1198170996703835,RNA,C3vsC1_rna
ACZ81_RS15390,-0.2131779899244234,287.33296912096586,0.5719583414454701,0.7111547159590909,RNA,C3vsC1_rna
ACZ81_RS15395,-0.8445762271197271,338.29936717931884,0.0387869142599386,0.1065225693644821,RNA,C3vsC1_rna
ACZ81_RS15400,0.3906406140466423,192.82346218357927,0.2292696984090133,0.3889344735801106,RNA,C3vsC1_rna
ACZ81_RS15405,1.0349084526167995,1111.1269925268832,5.476799456048025e-05,0.000508632393927423,RNA,C3vsC1_rna
ACZ81_RS15410,0.2676390681753082,3391.2942900010844,0.1954002944408462,0.3483514656499843,RNA,C3vsC1_rna
ACZ81_RS15415,-0.2753653947572144,303.38874544865587,0.4674291569946863,0.6258651197747843,RNA,C3vsC1_rna
ACZ81_RS15420,0.4201140826746665,58.16165686927272,0.3498741233529856,0.5144806215766577,RNA,C3vsC1_rna
ACZ81_RS15425,1.103158848225957,505.081920272781,0.0856399734386944,0.1908819852422456,RNA,C3vsC1_rna
ACZ81_RS15430,0.7530209511435082,132.44533096852982,0.4026025370092162,0.563587361647235,RNA,C3vsC1_rna
ACZ81_RS15435,-0.8765809664662702,1495.2039120741726,0.0025716060539262,0.0125762420564358,RNA,C3vsC1_rna
ACZ81_RS15440,-0.7265872291519041,387.6442951953869,0.0362536032202433,0.1017129063773541,RNA,C3vsC1_rna
ACZ81_RS15445,-0.4100591822278382,3662.6083535256193,0.0630181216950246,0.1520316922672512,RNA,C3vsC1_rna
ACZ81_RS15450,0.3194760224963999,220.9053942965324,0.1697529590704556,0.3151440058255561,RNA,C3vsC1_rna
ACZ81_RS15455,0.4873335600937053,251.10959852344556,0.0443954802906451,0.1172116314749607,RNA,C3vsC1_rna
ACZ81_RS15460,0.2425351016357818,904.216790452522,0.6052456761524023,0.7358320159767995,RNA,C3vsC1_rna
ACZ81_RS15465,-0.052462465515151,263.1807263830265,0.8463787277095529,0.9035847407053555,RNA,C3vsC1_rna
ACZ81_RS15470,-0.0864121858006378,412.4816131642102,0.829622934586373,0.8925843962350573,RNA,C3vsC1_rna
ACZ81_RS15475,-0.0857273367484639,278.82734053903624,0.6806207620355439,0.79685593850182,RNA,C3vsC1_rna
ACZ81_RS15480,0.3000404815175412,406.4736367039357,0.2378519014111109,0.3984391768105959,RNA,C3vsC1_rna
ACZ81_RS15485,-0.7051489354897627,447.2566898098913,0.200322896480896,0.3537391992435541,RNA,C3vsC1_rna
ACZ81_RS15490,-2.07070087749506,44.289595730268736,0.0004372471019650661,0.0029043632004699,RNA,C3vsC1_rna
ACZ81_RS15495,-0.9553434594583028,1679.2433537766397,0.0008934111029243988,0.0052022719084654,RNA,C3vsC1_rna
ACZ81_RS15500,-1.283160848208717,618.6093932064508,0.0102004063158468,0.0377180001282743,RNA,C3vsC1_rna
ACZ81_RS15505,-0.4170805958100426,481.577983809066,0.187930678064477,0.3378518314913515,RNA,C3vsC1_rna
ACZ81_RS15510,-0.276622270588384,260.7357905539167,0.3193765707848463,0.4842550272066528,RNA,C3vsC1_rna
ACZ81_RS15515,-0.5454409154778267,467.7969581141946,0.1679389396320072,0.3126547683543447,RNA,C3vsC1_rna
ACZ81_RS15520,0.4415262575463021,1759.913454048665,0.5074290750741048,0.6600133358502472,RNA,C3vsC1_rna
ACZ81_RS15525,-0.2208908583335631,218.11828056717232,0.3617669640418475,0.5254920563851891,RNA,C3vsC1_rna
ACZ81_RS15530,0.3139474968863739,201.2521539822966,0.2427981613806244,0.4040258081539051,RNA,C3vsC1_rna
ACZ81_RS15535,-0.3906898203734519,1206.617452766665,0.0234468082712081,0.0725053803044941,RNA,C3vsC1_rna
ACZ81_RS15540,-1.6929079333997483,4369.668521052624,0.00020382899881766543,0.0015032388662802,RNA,C3vsC1_rna
ACZ81_RS15545,1.8420844519632795,4798.804285955468,0.0004918452417440965,0.0031957471268209,RNA,C3vsC1_rna
ACZ81_RS15550,2.2736217689110703,6791.630444442192,5.6515542298769916e-08,1.349644974420624e-06,RNA,C3vsC1_rna
ACZ81_RS15555,0.8482788114356404,198.45590427360423,0.1277161097891827,0.2569250795249232,RNA,C3vsC1_rna
ACZ81_RS15560,1.8872801738940996,402.2148077209917,1.832083609825889e-05,0.00019973694137558328,RNA,C3vsC1_rna
ACZ81_RS15565,1.8886192070109185,389.2488502036827,1.5668454627685365e-05,0.00017510261829045595,RNA,C3vsC1_rna
ACZ81_RS15570,-1.0357489890585827,1958.7365055495736,0.0054203443835682,0.0227344939269192,RNA,C3vsC1_rna
ACZ81_RS15575,2.0447563553691377,235.41134200599356,4.9172897660034215e-08,1.1884437675425134e-06,RNA,C3vsC1_rna
ACZ81_RS15580,1.105358213585702,487.2029762305006,8.537710834502422e-05,0.000730347459872574,RNA,C3vsC1_rna
ACZ81_RS15585,-0.5213544509194703,457.7350230712688,0.3866049762214883,0.5486590607006054,RNA,C3vsC1_rna
ACZ81_RS15590,-1.3775896645927708,277.5668784163193,0.013720021992034,0.0477404407910152,RNA,C3vsC1_rna
ACZ81_RS15595,0.2844405073561734,508.7410232204948,0.6054977178232419,0.7359154328709017,RNA,C3vsC1_rna
ACZ81_RS15600,0.6314649725284396,3027.28204015442,0.2761552995322467,0.4375730891482519,RNA,C3vsC1_rna
ACZ81_RS15605,-0.6166077147649489,701.1479575182685,0.0925099900615386,0.2011653550823268,RNA,C3vsC1_rna
ACZ81_RS15610,-0.2701365250596503,254.6375100948101,0.1712071542129913,0.3160989888184634,RNA,C3vsC1_rna
ACZ81_RS15615,-0.3211906073814525,1877.256691967346,0.2988386337127552,0.4620742944442062,RNA,C3vsC1_rna
ACZ81_RS15620,-0.1761138218693599,249.06901123275333,0.6822858156611209,0.7978229940053678,RNA,C3vsC1_rna
ACZ81_RS15625,-0.5385241784691313,2707.8188682090718,0.0464663424914867,0.1207718375853779,RNA,C3vsC1_rna
ACZ81_RS15630,1.4166860797805867,351.68310407521307,1.8955583379901004e-05,0.00020443494763484635,RNA,C3vsC1_rna
ACZ81_RS15635,0.7564527778388359,269.8343695486416,0.0041429979085572,0.018524784751542,RNA,C3vsC1_rna
ACZ81_RS15640,0.6588528601158737,703.5303465522198,0.1017674990945914,0.2163705386155276,RNA,C3vsC1_rna
ACZ81_RS15645,-0.8578934666015559,117.2066468594363,0.0426901292274544,0.1139539577249151,RNA,C3vsC1_rna
ACZ81_RS15650,-0.5825746237274216,252.48066821371003,0.0751539864479035,0.1727895665495639,RNA,C3vsC1_rna
ACZ81_RS15655,-0.3240298677596819,244.1435929263071,0.2826133827026937,0.4448194944696772,RNA,C3vsC1_rna
ACZ81_RS15660,-1.5199683390038403,542.6643136938163,0.0358805325520762,0.1009485950904135,RNA,C3vsC1_rna
ACZ81_RS15665,-1.2075904917285696,204.60500870702657,0.0078538254003804,0.030831259790926,RNA,C3vsC1_rna
ACZ81_RS15670,-0.3821565333045001,73.39246357628119,0.2879888694431013,0.4495886297436431,RNA,C3vsC1_rna
ACZ81_RS15675,-0.2952514260107399,20.185901017669725,0.7056186851073234,0.8146348154648771,RNA,C3vsC1_rna
ACZ81_RS15685,0.6906005741554931,97.15997876157344,0.088082133488197,0.1949364976959849,RNA,C3vsC1_rna
ACZ81_RS15690,0.4750088763400913,70.63280354748798,0.1998398547462296,0.3532455396213988,RNA,C3vsC1_rna
ACZ81_RS15695,-0.0819755605213826,90.2104597575068,0.8170608409946749,0.883809138331258,RNA,C3vsC1_rna
ACZ81_RS15700,-0.9827455851486988,132.03914309411618,0.0040126109105127,0.0180477522118577,RNA,C3vsC1_rna
ACZ81_RS15705,-0.5203833625792285,828.491277861795,0.2086838060938789,0.3639641346594738,RNA,C3vsC1_rna
ACZ81_RS15710,-1.194565068304022,998.1439060449356,0.0022816988915348,0.0114141844798477,RNA,C3vsC1_rna
ACZ81_RS15715,-1.5156583667340855,107.77235915084454,1.651394993095907e-06,2.5779753744361005e-05,RNA,C3vsC1_rna
ACZ81_RS15720,-1.9706567964294568,116.69343611102737,4.2320239140486533e-08,1.0416490762676809e-06,RNA,C3vsC1_rna
ACZ81_RS15725,2.0384002780716424,164.36129480640523,0.00011149237303143211,0.0009110130358495024,RNA,C3vsC1_rna
ACZ81_RS15730,3.183621391379948,36.04884886290104,6.839466452019479e-07,1.23970487880779e-05,RNA,C3vsC1_rna
ACZ81_RS15735,-0.7832389593790167,304.88830852719235,0.000252100811670523,0.0018061222436109,RNA,C3vsC1_rna
ACZ81_RS15740,0.7381859023949882,12.484282746444135,0.4425328693778017,0.60242519319626,RNA,C3vsC1_rna
ACZ81_RS15745,-0.8956525453427596,301.8892883713048,0.0085904116660541,0.0327413644195696,RNA,C3vsC1_rna
ACZ81_RS15750,-0.5423507961664658,1315.4541649982425,0.0598985228337215,0.1454678411676095,RNA,C3vsC1_rna
ACZ81_RS15755,0.2916939404925914,931.5811389174952,0.2749772973516907,0.4365686256331552,RNA,C3vsC1_rna
ACZ81_RS15760,0.3101368614862909,579.2753066682803,0.4230285131174038,0.5826696259551708,RNA,C3vsC1_rna
ACZ81_RS15765,0.8839133828870446,668.3253681972319,0.0508140917381602,0.1287846721752993,RNA,C3vsC1_rna
ACZ81_RS15770,0.1336118330546973,42.684502940669766,0.7953531803223628,0.8697075386899209,RNA,C3vsC1_rna
ACZ81_RS15775,-0.2001982884931719,126.41587321304262,0.4554508045101172,0.6153344148741251,RNA,C3vsC1_rna
ACZ81_RS15785,-0.2645005228059202,771.1439814469236,0.4367109742536649,0.5965874302802967,RNA,C3vsC1_rna
ACZ81_RS15790,0.4627526136972422,47.49177574853943,0.4017852848270244,0.5628360903372982,RNA,C3vsC1_rna
ACZ81_RS15795,-0.1206039505618001,46.01065761181437,0.8320320855260217,0.8942144713001242,RNA,C3vsC1_rna
ACZ81_RS15800,0.2122558185487154,52.17231766969198,0.6956327318896884,0.8081474821298883,RNA,C3vsC1_rna
ACZ81_RS15805,0.6282299090983883,48.92967671906484,0.1137710415981902,0.2348946323229838,RNA,C3vsC1_rna
ACZ81_RS15810,-0.123456544182686,537.7297188268191,0.4441689825053814,0.6034561320052795,RNA,C3vsC1_rna
ACZ81_RS15815,0.173923828337285,155.6345666055485,0.4845622130942309,0.6411819257698069,RNA,C3vsC1_rna
ACZ81_RS15820,0.2495631215818551,132.71267672167838,0.5809301857830715,0.7159616071004674,RNA,C3vsC1_rna
ACZ81_RS15825,1.4588488027818125,103.89286270772708,0.0241841949984053,0.073897174663825,RNA,C3vsC1_rna
ACZ81_RS15830,-0.2805990307380426,381.5379674566875,0.3086754288826233,0.4728544561577261,RNA,C3vsC1_rna
ACZ81_RS15835,0.750351384180159,107.10451932043416,0.1993393941975487,0.3527788484872368,RNA,C3vsC1_rna
ACZ81_RS15840,1.3289537150319195,23.434387727524427,0.0387909954739552,0.1065225693644821,RNA,C3vsC1_rna
ACZ81_RS15845,1.1362132912956764,232.21151546498567,0.0006712820253773849,0.0040867731195964,RNA,C3vsC1_rna
ACZ81_RS15850,-0.0566575572870185,1.3600561278513497,0.9831838797892712,0.988339055609206,RNA,C3vsC1_rna
ACZ81_RS15855,1.6471672026165471,152.88541092013745,6.440633540154887e-07,1.174537352868246e-05,RNA,C3vsC1_rna
ACZ81_RS15860,-0.2238026905724643,188.19484894106017,0.5390557673704373,0.683794847304756,RNA,C3vsC1_rna
ACZ81_RS15865,-0.0718020525834655,726.450338868475,0.8196225063208656,0.8851481817925473,RNA,C3vsC1_rna
ACZ81_RS15870,1.1948057296502348,732.6271871122357,0.00014893932599345733,0.0011557922164134,RNA,C3vsC1_rna
ACZ81_RS15875,0.909434855692885,319.6017231052244,0.0460870770199249,0.1203024731484807,RNA,C3vsC1_rna
ACZ81_RS15880,0.2061220277456414,197.9895273144518,0.4755844094937073,0.6324311073545753,RNA,C3vsC1_rna
ACZ81_RS15885,1.154350512017282,41.99606155357161,0.0109093908754247,0.0397091012267356,RNA,C3vsC1_rna
ACZ81_RS15890,-0.7818098458815483,6383.298058455112,0.2482627370062936,0.4103955916230943,RNA,C3vsC1_rna
ACZ81_RS15895,-0.4706284910484538,3842.353164859174,0.4908707084641041,0.646544084818774,RNA,C3vsC1_rna
ACZ81_RS15900,-0.8703993863719363,594.2281913478465,0.1698258575759851,0.3151440058255561,RNA,C3vsC1_rna
ACZ81_RS15905,-1.134383642338788,1002.942936208358,0.0557380532778808,0.1380376973770728,RNA,C3vsC1_rna
ACZ81_RS15910,-1.1465429716769824,257.9619757189046,0.1847341197080475,0.33400328448341,RNA,C3vsC1_rna
ACZ81_RS15915,-0.720814463758152,119.14388510411187,0.3525947362887305,0.5168090702349369,RNA,C3vsC1_rna
ACZ81_RS15920,-1.304175911729539,69.72142215559155,0.0550639838286276,0.1367058806438454,RNA,C3vsC1_rna
ACZ81_RS15925,-0.9116246575059758,145.41462723348883,0.1311130553861245,0.2618345337029029,RNA,C3vsC1_rna
ACZ81_RS15930,-0.1685953566834202,2843.2894979402918,0.7545255625946474,0.8453383292738691,RNA,C3vsC1_rna
ACZ81_RS15935,-0.4744189106848456,517.1488868519154,0.4944179052716843,0.6505754791570999,RNA,C3vsC1_rna
ACZ81_RS15940,-0.9409486975038296,244.28172759890384,0.1705392010142525,0.3156332332622497,RNA,C3vsC1_rna
ACZ81_RS15945,-1.048265677158814,487.8830302312558,0.0973851113826285,0.209383208396091,RNA,C3vsC1_rna
ACZ81_RS15950,-0.4357147690944914,98.13214194085214,0.364022840853714,0.5266713442138842,RNA,C3vsC1_rna
ACZ81_RS15955,-0.2128416698241661,822.2553965242636,0.7321696793533867,0.8309659840355834,RNA,C3vsC1_rna
ACZ81_RS15960,0.3572534602025485,737.1265245882876,0.6386112918071198,0.7636301796913201,RNA,C3vsC1_rna
ACZ81_RS15965,-1.400473812375121,163.2032113114474,0.0195228315958031,0.0631658067438404,RNA,C3vsC1_rna
ACZ81_RS15970,-1.309542608898947,2161.7602697849893,0.00012093504690128652,0.0009782084842095997,RNA,C3vsC1_rna
ACZ81_RS15975,0.0220670276885955,294.3450128955259,0.9504472706221196,0.9713038816273174,RNA,C3vsC1_rna
ACZ81_RS15980,-0.2922696821940908,204.0214646702386,0.433162375999868,0.5935075216143161,RNA,C3vsC1_rna
ACZ81_RS15985,-0.7068107655049113,459.5362556891262,0.3050060782435034,0.4685113639478416,RNA,C3vsC1_rna
ACZ81_RS15990,-1.3577809814346888,12787.463108557871,0.0724103502489811,0.1680221661069475,RNA,C3vsC1_rna
ACZ81_RS15995,-0.9250688870241276,238.93681256052676,0.3682486988130481,0.5308709233337943,RNA,C3vsC1_rna
ACZ81_RS16000,-1.2869134573609855,1167.3007042991626,0.045280643638727,0.1191252080515233,RNA,C3vsC1_rna
ACZ81_RS16005,-1.2399129777530715,3270.963624813854,2.641971811202333e-06,3.9112881573962215e-05,RNA,C3vsC1_rna
ACZ81_RS16010,-0.6147128937449323,399.6800605649886,0.0921330739703264,0.200781038983677,RNA,C3vsC1_rna
ACZ81_RS16015,-1.1956410401544468,2083.5628542964896,0.0076748846156899,0.0302544842871847,RNA,C3vsC1_rna
ACZ81_RS16020,-0.877588143328455,962.8325960388238,0.045579859869658,0.1195205214359923,RNA,C3vsC1_rna
ACZ81_RS16025,-0.8220893451735493,729.4505221574998,0.0100977342922114,0.0374418761371093,RNA,C3vsC1_rna
ACZ81_RS16030,-0.1994200974936956,19.499570820043832,0.7351250948577206,0.8334211484616599,RNA,C3vsC1_rna
ACZ81_RS16035,-0.3912474540924764,13.78592358275288,0.6742988534674906,0.7921945243449445,RNA,C3vsC1_rna
ACZ81_RS16040,-0.715418961980273,75.99582163536722,0.0946585895788035,0.2043973419753283,RNA,C3vsC1_rna
ACZ81_RS16045,0.3989451785340232,49.657669744901725,0.3666998953502008,0.5293990572670045,RNA,C3vsC1_rna
ACZ81_RS16050,1.1488023570849966,219.95607399478877,0.00021454549904394136,0.0015735951410681,RNA,C3vsC1_rna
ACZ81_RS16055,4.82233797581558,2612.759738657412,9.399607957741231e-44,9.427806781614454e-41,RNA,C3vsC1_rna
ACZ81_RS16060,1.1926351171968144,1131.6101827537836,6.384040622387432e-06,8.288922646284266e-05,RNA,C3vsC1_rna
ACZ81_RS16065,1.239800384997155,557.8593015209113,0.0001267950802060995,0.0010113357093178,RNA,C3vsC1_rna
ACZ81_RS16070,0.8327454746497547,148.25151110136477,0.0518007887678344,0.1303849896899965,RNA,C3vsC1_rna
ACZ81_RS16075,1.2977024406429294,86.10464710952803,0.0401045187355193,0.1093066094883854,RNA,C3vsC1_rna
ACZ81_RS16080,0.3506803199120318,152.01967194329288,0.5282649511669928,0.676475896610908,RNA,C3vsC1_rna
ACZ81_RS16085,1.1098298812764575,2303.532184716912,0.0818954579584557,0.1844831989496488,RNA,C3vsC1_rna
ACZ81_RS16090,2.2854612043760927,662.958441872451,0.0022623264972002,0.0113585413620227,RNA,C3vsC1_rna
ACZ81_RS16095,0.4868706750791001,1712.3038320713588,0.6283890598799023,0.7557244928771488,RNA,C3vsC1_rna
ACZ81_RS16100,0.2365044395843677,100.99803333283944,0.4590196631187174,0.618409804686786,RNA,C3vsC1_rna
ACZ81_RS16105,0.9319938465238214,37.23240133330127,0.0357823759577117,0.1007430823455014,RNA,C3vsC1_rna
ACZ81_RS16110,-0.0988067198645228,221.6727325536615,0.7709225878262346,0.8565332102904606,RNA,C3vsC1_rna
ACZ81_RS16115,0.7767867400942826,684.055993879233,0.0880906954942225,0.1949364976959849,RNA,C3vsC1_rna
ACZ81_RS16120,-0.3819167417011501,563.8535210945635,0.1028665431399146,0.2182679751599689,RNA,C3vsC1_rna
ACZ81_RS16125,-0.1604054242869613,115.58460498784224,0.7988275775969889,0.8706591255960662,RNA,C3vsC1_rna
ACZ81_RS16130,-3.072190160097191,37846.74343267942,0.00013075506006823983,0.0010392457296471,RNA,C3vsC1_rna
ACZ81_RS16135,-1.2282560893988836,115.27992390963054,0.1680274945185197,0.3126745398925329,RNA,C3vsC1_rna
ACZ81_RS16140,-1.2453874666624838,649.279657146393,0.0688132090170474,0.1623392955976439,RNA,C3vsC1_rna
ACZ81_RS16145,-0.6410535402325442,100.60735537691222,0.2507157091265549,0.4115676861766523,RNA,C3vsC1_rna
ACZ81_RS16150,1.3147649160067705,51.41254773247695,0.0045503468663487,0.0198867011195984,RNA,C3vsC1_rna
ACZ81_RS16155,-0.1994818779429513,46.390812967200326,0.6341874274986218,0.7609882977428082,RNA,C3vsC1_rna
ACZ81_RS16160,3.4052960628463933,4.449925707789175,0.0570118071201736,0.1403502193997071,RNA,C3vsC1_rna
ACZ81_RS16165,-0.0391133817999705,93.57657226014706,0.938594891235988,0.9637687549365592,RNA,C3vsC1_rna
ACZ81_RS16170,-1.5625895750787764,2515.956114661381,0.0017505079318573,0.0092045056652841,RNA,C3vsC1_rna
ACZ81_RS16175,-1.791453551385118,1376.36359876499,0.0013971625881861,0.0075139628737302,RNA,C3vsC1_rna
ACZ81_RS16180,-1.1864513423325165,597.9173419916339,0.0086359736591449,0.0328724158638422,RNA,C3vsC1_rna
ACZ81_RS16185,-0.5311493322297135,601.2216130251666,0.1461337116098093,0.2831535222867929,RNA,C3vsC1_rna
ACZ81_RS16190,-0.0972232843834436,221.4046051679568,0.7656403624248143,0.8544993334356455,RNA,C3vsC1_rna
ACZ81_RS16195,-0.6887158734220539,849.0864358533878,0.3861773798586184,0.5485521170948384,RNA,C3vsC1_rna
ACZ81_RS16200,0.7848793709046379,1549.6860024816594,0.1474792996583884,0.2848757584157219,RNA,C3vsC1_rna
ACZ81_RS16230,-0.4013801364650275,1832.1355109653089,0.1206460319755311,0.2460761974000158,RNA,C3vsC1_rna
ACZ81_RS16235,-2.93017756698914,3489.2168421883475,3.629014815626613e-14,3.385955218673017e-12,RNA,C3vsC1_rna
ACZ81_RS16240,1.18348839566458,274.9908516329083,0.0220259585475426,0.0691998008557095,RNA,C3vsC1_rna
ACZ81_RS16245,-0.3137946156026959,428.2494467802552,0.2789859628598345,0.4401554384270671,RNA,C3vsC1_rna
ACZ81_RS16250,-0.4897466292524871,3508.651404157102,0.1474086902746831,0.2848757584157219,RNA,C3vsC1_rna
ACZ81_RS16255,-0.2257610615269007,688.3988279040602,0.3403209916634622,0.5056917846495594,RNA,C3vsC1_rna
ACZ81_RS16260,-2.611026636588647,46623.68659436119,8.966703844835747e-05,0.0007605584741116494,RNA,C3vsC1_rna
ACZ81_RS16265,0.040369785586615,113.47107749833324,0.9057942663366784,0.9410912611501242,RNA,C3vsC1_rna
ACZ81_RS16270,-1.1354052431100536,6813.714763853519,1.2784908901448413e-06,2.0682683271214123e-05,RNA,C3vsC1_rna
ACZ81_RS16275,0.5749730751794557,338.65483499187667,0.0456525015192659,0.1195229556232908,RNA,C3vsC1_rna
ACZ81_RS16280,0.5015749476698202,203.64143301729172,0.1682752275707316,0.3129903630105587,RNA,C3vsC1_rna
ACZ81_RS16285,0.344386103651099,878.9920332777397,0.142779096322579,0.2780726866243627,RNA,C3vsC1_rna
ACZ81_RS16290,0.974083125280546,905.1465500326768,0.0008619050772061787,0.0050481214156951,RNA,C3vsC1_rna
ACZ81_RS16295,1.099952437699781,1545.8248159794523,1.5237517971764111e-05,0.00017220541437385243,RNA,C3vsC1_rna
ACZ81_RS16300,0.9417503967393568,3090.70901942246,0.0113136287697916,0.0408185958852556,RNA,C3vsC1_rna
ACZ81_RS16305,1.4650693823739969,4895.673120277087,0.0232114961936922,0.0719865784067886,RNA,C3vsC1_rna
ACZ81_RS16310,1.399172872132576,3969.4548465449807,0.0509561916119932,0.1289818553610832,RNA,C3vsC1_rna
ACZ81_RS16315,1.7122795374462707,22554.918662780725,0.0066697184840627,0.0268933774452862,RNA,C3vsC1_rna
ACZ81_RS16320,3.0327704271151465,28011.05502599335,0.00017549173870666054,0.0013360016237023,RNA,C3vsC1_rna
ACZ81_RS16325,0.6945614619067374,568.0288828715375,0.0680204969464098,0.1610247028212662,RNA,C3vsC1_rna
ACZ81_RS16330,-0.1962633299475314,2715.151333266453,0.7150944741784568,0.8215168743776675,RNA,C3vsC1_rna
ACZ81_RS16335,0.2706689885813573,1703.8246600447812,0.5565751612275502,0.6981413529703193,RNA,C3vsC1_rna
ACZ81_RS16340,0.8875605089077674,330.718023769723,0.0048516438340074,0.0209524166437437,RNA,C3vsC1_rna
ACZ81_RS16345,0.8021043649949154,508.3469569042501,0.007611640879737,0.0300606356276857,RNA,C3vsC1_rna
ACZ81_RS16350,0.1005131264295831,503.0484555196333,0.6601274712183167,0.779342180846601,RNA,C3vsC1_rna
ACZ81_RS16355,0.523654463668715,261.0737472674104,0.1533712530525105,0.2932118820471302,RNA,C3vsC1_rna
ACZ81_RS16360,1.3250232302296434,113.84480039952828,0.010115274380172,0.0374722814526779,RNA,C3vsC1_rna
ACZ81_RS16365,0.771509982032423,113.55457124663748,0.0361599492004061,0.1015211449909234,RNA,C3vsC1_rna
ACZ81_RS16370,0.8670810802221731,517.4305226723784,0.2411577410548911,0.4017960370067372,RNA,C3vsC1_rna
ACZ81_RS16375,2.395907726786448,14656.062791720702,5.891963049139341e-05,0.0005409280492710992,RNA,C3vsC1_rna
ACZ81_RS16380,0.4545986833567302,598.0913408366666,0.1805316866036164,0.3285096276661988,RNA,C3vsC1_rna
ACZ81_RS16385,-0.7335676035544858,4923.062607921853,0.068931973832261,0.1623928825690143,RNA,C3vsC1_rna
ACZ81_RS16390,-2.2341173206291574,5196.706473051733,1.843970974941139e-05,0.0001999462581476716,RNA,C3vsC1_rna
ACZ81_RS16395,-2.3204783585589865,6089.497603155556,,,RNA,C3vsC1_rna
ACZ81_RS16400,0.7072617400717572,304.8187527260997,0.0732390250996614,0.1692597745966831,RNA,C3vsC1_rna
ACZ81_RS16405,0.0097324636812215,648.5874920061524,0.9703098468412692,0.9815805633272812,RNA,C3vsC1_rna
ACZ81_RS16410,0.2942878267593189,411.30242247512496,0.2654287464349723,0.4276707352197224,RNA,C3vsC1_rna
ACZ81_RS16415,0.4621338653072144,319.3099050187538,0.0765142988477832,0.1747156328840673,RNA,C3vsC1_rna
ACZ81_RS16420,-0.0722935469273238,510.55640384357446,0.8589774591240995,0.9123901975694408,RNA,C3vsC1_rna
ACZ81_RS16425,0.3925873797463585,6208.246373568121,0.4121661282525983,0.5734039553806981,RNA,C3vsC1_rna
ACZ81_RS16430,-1.7838820760813,16478.435176544026,0.0033786722184178,0.0157253282369981,RNA,C3vsC1_rna
ACZ81_RS16435,-0.6491311482858566,910.0962973084636,0.0462941149118133,0.1205269234433453,RNA,C3vsC1_rna
ACZ81_RS16440,-0.8704817849708355,498.19810024444064,0.0185741571603252,0.0607826415393353,RNA,C3vsC1_rna
ACZ81_RS16445,-1.0340160449617273,789.6669360736757,0.0004607479325677574,0.003042424559766,RNA,C3vsC1_rna
ACZ81_RS16450,-1.6903609322149549,1084.563494402402,0.006837864225734,0.027516059452001,RNA,C3vsC1_rna
ACZ81_RS16455,-2.9080203443848154,6995.109805205631,7.768236109483335e-05,0.0006688017869366338,RNA,C3vsC1_rna
ACZ81_RS16460,0.401928918877755,16.504977710257535,0.5284697770755262,0.6765222545076615,RNA,C3vsC1_rna
ACZ81_RS16465,-0.122581298377226,138.1992667688469,0.7872675123171491,0.8666060642229728,RNA,C3vsC1_rna
ACZ81_RS16470,0.1416515827489243,203.223504648583,0.6456218195890538,0.7684418173879993,RNA,C3vsC1_rna
ACZ81_RS16475,0.889172698671907,935.3292369427908,0.0025233300985296,0.0124368554733427,RNA,C3vsC1_rna
ACZ81_RS16480,0.3608078040682577,1167.4047429430068,0.3879855337273456,0.5499395885443991,RNA,C3vsC1_rna
ACZ81_RS16485,0.3629438156424496,217.4668478695916,0.2491956141988442,0.4110907911865802,RNA,C3vsC1_rna
ACZ81_RS16490,-0.2314826325072744,442.4768394969332,0.5185819698879437,0.6685574753182616,RNA,C3vsC1_rna
ACZ81_RS16495,0.4675920228008773,867.9075348516766,0.0314066248816588,0.0911087339300183,RNA,C3vsC1_rna
ACZ81_RS16500,0.8519615728994678,276.3089293311121,0.0210246152202145,0.0667331932464403,RNA,C3vsC1_rna
ACZ81_RS16505,0.3676701423543169,167.47050050908064,0.1863455586685774,0.3360968215245267,RNA,C3vsC1_rna
ACZ81_RS16510,-0.3843587264512978,35.77591515206691,0.4271262829974985,0.5872620450260329,RNA,C3vsC1_rna
ACZ81_RS16520,-1.5413229492229714,0.882653639761123,0.7974742350317061,0.8706591255960662,RNA,C3vsC1_rna
ACZ81_RS16525,-0.246159678818487,716.8424397875101,0.3860879153060505,0.5485521170948384,RNA,C3vsC1_rna
ACZ81_RS16530,0.1194472893681317,41.69997983956342,0.7957713699932831,0.8699073816013589,RNA,C3vsC1_rna
ACZ81_RS16535,0.3465632443799374,125.9534071285744,0.3092242492154327,0.4735143846764564,RNA,C3vsC1_rna
ACZ81_RS16545,-0.5225501403315825,174.29631683060677,0.5149126212605455,0.6657523159836637,RNA,C3vsC1_rna
ACZ81_RS16550,-0.0249783823515344,582.4549190874164,0.9726267357514844,0.9829164896309712,RNA,C3vsC1_rna
ACZ81_RS16555,0.0125029613370992,844.6015576559763,0.98339351226225,0.988339055609206,RNA,C3vsC1_rna
ACZ81_RS16560,-0.711651975789202,120.0763888082658,0.0081420205910175,0.0316528940030645,RNA,C3vsC1_rna
ACZ81_RS16570,0.6986771556668556,176.3051650826893,0.0709809234139856,0.1655671306609943,RNA,C3vsC1_rna
ACZ81_RS16575,0.7804016552536943,365.2014516524691,0.1705656183363839,0.3156332332622497,RNA,C3vsC1_rna
ACZ81_RS16580,3.302067664301004,432.1139580137673,1.0439758588376566e-05,0.00012692215592899025,RNA,C3vsC1_rna
ACZ81_RS16585,3.956077527406876,225.24771127589267,4.100202619790562e-06,5.695870488009676e-05,RNA,C3vsC1_rna
ACZ81_RS16590,4.528553510431195,140.04239970049616,1.6867104678231746e-06,2.6229001538397586e-05,RNA,C3vsC1_rna
ACZ81_RS16595,3.684503400879404,296.4654617354783,9.989611952714413e-08,2.2265735085716787e-06,RNA,C3vsC1_rna
ACZ81_RS16600,5.766124929675944,178.45836962608269,7.83526505154514e-09,2.198257579496441e-07,RNA,C3vsC1_rna
ACZ81_RS16605,3.957342818711484,488.74928480221104,1.095401436135153e-07,2.388451392268605e-06,RNA,C3vsC1_rna
ACZ81_RS16610,4.352222441266217,1338.4238616797063,2.8383851223669096e-05,0.0002868413378069532,RNA,C3vsC1_rna
ACZ81_RS16615,0.8579922586861609,254.80284638082657,0.0085792310983177,0.0327413644195696,RNA,C3vsC1_rna
ACZ81_RS16620,-0.8210900313232605,80.55027114641838,0.0333433963321513,0.0951201980761644,RNA,C3vsC1_rna
ACZ81_RS16625,0.0319484087288653,113.34153879653276,0.9605409648806515,0.9773498227494736,RNA,C3vsC1_rna
ACZ81_RS16630,-0.4198455870352746,162.11869511717754,0.2184676708237797,0.375210742870293,RNA,C3vsC1_rna
ACZ81_RS16635,-1.7044461753716036,212.66138130360292,1.9336194396616408e-05,0.0002079807290059652,RNA,C3vsC1_rna
ACZ81_RS16640,-1.859812097419875,129.01184728681187,0.00014231788565352763,0.0011108547806263,RNA,C3vsC1_rna
ACZ81_RS16645,-0.4493337339745338,159.69056259852508,0.1427031610859462,0.2780597776963653,RNA,C3vsC1_rna
ACZ81_RS16650,-0.3232034337981457,1276.9882390687524,0.1422945717250474,0.2776682012455691,RNA,C3vsC1_rna
ACZ81_RS16655,-0.1686345960675773,103.57011942600796,0.6658193709524569,0.7842828292017783,RNA,C3vsC1_rna
ACZ81_RS16660,-1.296412518262772,153.4873510332529,6.527201678803762e-05,0.0005819362918969042,RNA,C3vsC1_rna
ACZ81_RS16665,0.4125513167169485,54.543068257319554,0.3477976170288063,0.5130014851174893,RNA,C3vsC1_rna
ACZ81_RS16670,0.292747508709391,110.71671012293557,0.3515179618036958,0.5158339658948162,RNA,C3vsC1_rna
ACZ81_RS16675,-1.161483829186086,1764.3333145971635,0.0830613376870033,0.1865857148937611,RNA,C3vsC1_rna
ACZ81_RS16680,-1.1399416235079232,2751.5435528964586,0.0262960087295092,0.0788487197479752,RNA,C3vsC1_rna
ACZ81_RS16685,-0.1009890163262136,4093.7912868262833,0.7930206217069861,0.8691637317626826,RNA,C3vsC1_rna
ACZ81_RS16690,-0.3315540556789704,1804.328328019359,0.3496530081218752,0.5144143265804779,RNA,C3vsC1_rna
ACZ81_RS16695,-0.3526390112369224,1478.050979570197,0.3146371064937138,0.4791218291551533,RNA,C3vsC1_rna
ACZ81_RS16700,-0.2141574987289271,3129.965914894713,0.5735825321165666,0.7118797396751225,RNA,C3vsC1_rna
ACZ81_RS16705,-0.5332260673987035,4198.7453543265965,0.1972065509124431,0.3496211587541855,RNA,C3vsC1_rna
ACZ81_RS16710,0.0244529666207652,8403.151877906577,0.94606642956685,0.9685171001332488,RNA,C3vsC1_rna
ACZ81_RS16715,0.8584454208904578,1714.1647757834494,2.253233372936792e-05,0.0002360306081520212,RNA,C3vsC1_rna
ACZ81_RS16720,0.7503184158709972,2247.186619134809,0.032426723116876,0.0936616365334101,RNA,C3vsC1_rna
ACZ81_RS16725,0.3663445772073413,2786.995992633477,0.417653973627203,0.5772055605209572,RNA,C3vsC1_rna
ACZ81_RS16730,1.0332880111802738,6568.124185050007,0.0005348138466810265,0.0034051264367721,RNA,C3vsC1_rna
ACZ81_RS16735,0.0020695916022042,279.7020500069695,0.994040871799471,0.996026967447422,RNA,C3vsC1_rna
ACZ81_RS16740,0.4500021500893462,3798.4159381566105,0.1336054463406056,0.2658854418246576,RNA,C3vsC1_rna
ACZ81_RS16745,1.4273013322777988,5312.809067516248,5.26906494805482e-06,7.117672919729273e-05,RNA,C3vsC1_rna
ACZ81_RS16750,-0.3749445675488028,539.5755857206431,0.4103920688405484,0.5715005137758696,RNA,C3vsC1_rna
ACZ81_RS16755,-0.6040634829458866,220.38525394985732,0.146186586030011,0.2831535222867929,RNA,C3vsC1_rna
ACZ81_RS16760,1.217457369054789,922.874685441184,0.0011299911681652,0.0063120157171162,RNA,C3vsC1_rna
ACZ81_RS16765,1.4612685202437952,655.595486680515,0.0005227133892859065,0.0033393727990685,RNA,C3vsC1_rna
ACZ81_RS16770,1.6558518928770556,3070.614543148303,0.0203482455214765,0.0651533607599074,RNA,C3vsC1_rna
ACZ81_RS16775,-2.5147135509047427,4919.583040196604,2.23661801858761e-09,6.956055419049218e-08,RNA,C3vsC1_rna
ACZ81_RS16780,-1.4201202249989269,1509.813187833197,1.8388505557222907e-05,0.00019993139375495476,RNA,C3vsC1_rna
ACZ81_RS16785,-2.004827171842836,1109.2048548591074,2.7936470646430237e-05,0.0002830331319027225,RNA,C3vsC1_rna
ACZ81_RS16790,-1.702546929542166,4123.513691121068,3.188237646627586e-05,0.0003119807180065823,RNA,C3vsC1_rna
ACZ81_RS16795,0.8611193332322108,131.9917588651816,0.0689771296652003,0.1624038991882534,RNA,C3vsC1_rna
ACZ81_RS16800,1.559641080545782,690.7843024139354,0.0004168941447742777,0.0027922859913762,RNA,C3vsC1_rna
ACZ81_RS16805,3.478374417443768,3446.222802955147,9.490883577631549e-08,2.151266944263151e-06,RNA,C3vsC1_rna
ACZ81_RS16810,3.858714932119584,425.5403541060093,9.670857405257096e-06,0.00011901680953954438,RNA,C3vsC1_rna
ACZ81_RS16815,0.759050779024798,547.0570688804313,0.000499473044272224,0.0032165101984272,RNA,C3vsC1_rna
ACZ81_RS16820,0.3926395018740198,218.8174031021072,0.2234674927105063,0.3816281299087966,RNA,C3vsC1_rna
ACZ81_RS16825,-0.0214384913108261,401.8411210823586,0.9368766636260102,0.9627943582140248,RNA,C3vsC1_rna
ACZ81_RS16830,-0.1443560388173467,470.5530356720081,0.5514517666130991,0.6939850965030595,RNA,C3vsC1_rna
ACZ81_RS16835,0.4890606322083331,964.5028608731656,0.1255938508352075,0.2546147193283742,RNA,C3vsC1_rna
ACZ81_RS16840,-0.4337102561362022,1578.858710302167,0.0595330015680675,0.1447553953279316,RNA,C3vsC1_rna
ACZ81_RS16845,0.2618596227561456,866.2627724308859,0.1700475947391405,0.3154095932008468,RNA,C3vsC1_rna
ACZ81_RS16850,1.0267214805568114,4351.126044656754,0.0584658583374114,0.1430274534449357,RNA,C3vsC1_rna
ACZ81_RS16855,4.524893202980438,4464.186815262603,4.0475690865438435e-10,1.5920438407072454e-08,RNA,C3vsC1_rna
ACZ81_RS16860,-0.0932140941599337,45.30551756732791,0.8148779528619325,0.8823995538143248,RNA,C3vsC1_rna
ACZ81_RS16865,-0.6179114645116891,1424.2106698298523,0.0995568093460029,0.2126435823806644,RNA,C3vsC1_rna
ACZ81_RS16870,-2.2017965637749204,3180.993387835819,0.0001334465545999327,0.0010539125532577,RNA,C3vsC1_rna
ACZ81_RS16875,0.1948515877196266,122576.09236594076,0.7894574550803721,0.867279110017101,RNA,C3vsC1_rna
ACZ81_RS16880,-0.7292379883992127,12263.56421976421,0.102914886752842,0.2182679751599689,RNA,C3vsC1_rna
ACZ81_RS16885,-0.4377280649040629,4454.318651529131,0.328639575285556,0.4932667325273666,RNA,C3vsC1_rna
ACZ81_RS16890,-1.527332110635212,2614.3246439667587,2.19199318019122e-07,4.4640998167143015e-06,RNA,C3vsC1_rna
ACZ81_RS16895,-1.099432113526298,225.1564881754507,0.0005503890657804348,0.0034610672913967,RNA,C3vsC1_rna
ACZ81_RS16900,-0.2530916048184883,296.4914101223591,0.2785918733386476,0.4400435416671867,RNA,C3vsC1_rna
ACZ81_RS16905,0.3614226330151774,103232.66881337904,0.6406483973265216,0.7649646934744061,RNA,C3vsC1_rna
ACZ81_RS16910,-0.0769678490290038,27881.10393587673,0.8657909412081493,0.9157799251587384,RNA,C3vsC1_rna
ACZ81_RS16915,-0.9048466494890536,606.8860632829109,0.510407035855897,0.662097165616269,RNA,C3vsC1_rna
ACZ81_RS16920,-7.697406648130052,12593.615452223235,6.134539731343176e-12,3.3714758085135367e-10,RNA,C3vsC1_rna
ACZ81_RS16925,-0.1042582170906347,440.55602380692994,0.7053469207670072,0.8146348154648771,RNA,C3vsC1_rna
ACZ81_RS16930,0.220544727412605,793.3217822700501,0.4387134555013789,0.5986797222692287,RNA,C3vsC1_rna
ACZ81_RS16935,2.08250286527312,1514.6735574835047,0.0004325553892121228,0.0028808636735399,RNA,C3vsC1_rna
ACZ81_RS16960,1.1021280271175398,213.19882287882203,0.0182346046625996,0.0600250014946688,RNA,C3vsC1_rna
ACZ81_RS16965,0.9195250735751797,339.7861058434917,8.958601029702217e-05,0.0007605584741116494,RNA,C3vsC1_rna
ACZ81_RS16970,1.7379076434415324,349.4734917502529,2.5594804054056377e-15,3.020186878378652e-13,RNA,C3vsC1_rna
ACZ81_RS16975,0.1661326151988754,435.4163807579486,0.7281927679868028,0.8292764717637908,RNA,C3vsC1_rna
ACZ81_RS16980,0.9385829511413858,92.4039590154086,0.0036153506592133,0.0164640032290169,RNA,C3vsC1_rna
ACZ81_RS16985,-3.725582353926874,0.9702661158995332,0.2463955417308146,0.4084871543074497,RNA,C3vsC1_rna
ACZ81_RS17005,-1.4008844152791629,7950.472192907654,3.1321677833181616e-08,8.003985443740423e-07,RNA,C3vsC1_rna
ACZ81_RS17010,0.1131967816195796,369.4585232601751,0.7230910847823623,0.8265075305261645,RNA,C3vsC1_rna
ACZ81_RS17015,0.2359388458888364,276.1823128154329,0.4588631819147955,0.618409804686786,RNA,C3vsC1_rna
ACZ81_RS17020,-0.534729071923341,603.1750788953385,0.0872631556999795,0.1939610973231677,RNA,C3vsC1_rna
ACZ81_RS17025,-0.2590077064549302,126.65131737176004,0.4347799918543312,0.5951338544249666,RNA,C3vsC1_rna
ACZ81_RS17030,0.7750825286165743,20.46847988208947,0.2540473630403063,0.4144928916298125,RNA,C3vsC1_rna
ACZ81_RS17035,0.6619615198394447,1161.902718876845,0.0044875398729778,0.0196980415430931,RNA,C3vsC1_rna
ACZ81_RS17040,0.9224958999580608,222.7208532284735,0.0008572598556336896,0.0050291290811374,RNA,C3vsC1_rna
ACZ81_RS17045,0.6104755093400365,249.79927359024853,0.0102204620271508,0.0377573606380563,RNA,C3vsC1_rna
ACZ81_RS17050,0.7214933197810965,181.01195896817177,0.0730096368006997,0.1689242576957367,RNA,C3vsC1_rna
ACZ81_RS17055,0.4378127929645453,619.1374984625379,0.0714888993046844,0.1663651183354953,RNA,C3vsC1_rna
ACZ81_RS17060,0.4903710487489134,382.1356384914213,0.0759451787926986,0.174209295206579,RNA,C3vsC1_rna
ACZ81_RS17065,0.2635745872539484,2360.2221717384587,0.3277393288008168,0.4921010318493651,RNA,C3vsC1_rna
ACZ81_RS17070,0.5226581417315257,226.3344666949683,0.1062946251402949,0.2232743644308185,RNA,C3vsC1_rna
ACZ81_RS17075,0.357051731905619,123.5383843142338,0.2737383478757578,0.4357600082625976,RNA,C3vsC1_rna
ACZ81_RS17080,0.9463393748090592,253.72118898046733,0.0013137704211835,0.0071517597419107,RNA,C3vsC1_rna
ACZ81_RS17085,0.3243050374403103,784.6103591639633,0.3888295987860062,0.5504671507016221,RNA,C3vsC1_rna
ACZ81_RS17090,0.7085549369785773,557.2232001493958,0.0012147856622025,0.0066995630381731,RNA,C3vsC1_rna
ACZ81_RS17095,0.4469223964222252,4078.3419546236846,0.2745821241337209,0.4362812967996223,RNA,C3vsC1_rna
ACZ81_RS17105,0.2593786766039996,167.2564628238366,0.3636175609097583,0.5266547488700181,RNA,C3vsC1_rna
ACZ81_RS17110,0.5726659678154474,178.1342687039752,0.0441630543119034,0.1169010157239546,RNA,C3vsC1_rna
ACZ81_RS17115,-0.2518872578538361,948.8869333015502,0.3183414291700807,0.4832333764019538,RNA,C3vsC1_rna
ACZ81_RS17120,0.7392585653237226,4005.062736568055,0.019390012030676,0.0627867056231416,RNA,C3vsC1_rna
ACZ81_RS17125,1.091116145250173,2151.335968849532,0.0589459286313923,0.1438510131807458,RNA,C3vsC1_rna
ACZ81_RS17140,0.7790012217622695,300.8610393785861,0.0073905222697188,0.0292991851246166,RNA,C3vsC1_rna
ACZ81_RS17145,0.3927532446239489,208.18112134738772,0.2308464399892627,0.3902890506687408,RNA,C3vsC1_rna
ACZ81_RS17150,0.1337586360082694,267.5316624101941,0.7384364012654884,0.8359500118163485,RNA,C3vsC1_rna
ACZ81_RS17155,0.1669623529128768,1095.846024694257,0.590847006738372,0.7238255359723343,RNA,C3vsC1_rna
ACZ81_RS17160,0.5348704667792972,728.7890168468905,0.0260553905244122,0.0783614893432847,RNA,C3vsC1_rna
ACZ81_RS17165,0.3398424146360871,1480.1872850006391,0.2067341270237065,0.3612444763149436,RNA,C3vsC1_rna
ACZ81_RS17170,0.4528676613501047,790.577861797713,0.0458213159576214,0.1198170996703835,RNA,C3vsC1_rna
ACZ81_RS17175,-0.2024011794788192,150.91219207899596,0.5755715438753963,0.7126019698965903,RNA,C3vsC1_rna
ACZ81_RS17180,-0.0946624860292355,477.73695953065805,0.8098529307826682,0.8790936034361647,RNA,C3vsC1_rna
ACZ81_RS17185,0.2535885149012499,701.601664299378,0.3738687205837551,0.537427913644581,RNA,C3vsC1_rna
ACZ81_RS17190,0.5348674855169153,535.2009831158335,0.0910333326379683,0.1994679030822114,RNA,C3vsC1_rna
ACZ81_RS17195,0.6810509540672683,881.303170152945,0.0240090085714521,0.0735860522449703,RNA,C3vsC1_rna
ACZ81_RS17200,1.2244310086204366,833.7618678231798,0.0025577798529603,0.0125296859219496,RNA,C3vsC1_rna
ACZ81_RS17205,0.2164411315938498,335.8821749229568,0.408652038521331,0.569746147987164,RNA,C3vsC1_rna
ACZ81_RS17215,3.7003290442773182,18036.032999631578,2.8819745245552174e-06,4.189304997288236e-05,RNA,C3vsC1_rna
ACZ81_RS17220,0.4189268696907347,623.3695840734923,0.2088348549317319,0.3639641346594738,RNA,C3vsC1_rna
ACZ81_RS17225,0.1614312618190286,326.41418891776493,0.5705014962711197,0.7106029192920621,RNA,C3vsC1_rna
ACZ81_RS17230,0.7129573615007171,742.9108414062894,0.021842851995393,0.0687261531827038,RNA,C3vsC1_rna
ACZ81_RS17235,0.4012572231167907,3513.7978971651096,0.2989085621294346,0.4620742944442062,RNA,C3vsC1_rna
ACZ81_RS17240,-0.2064878778402998,157.415766217071,0.477789875057624,0.6350345295010645,RNA,C3vsC1_rna
ACZ81_RS17245,-0.1926800134256134,119.7865604258512,0.6503229984772845,0.7719265537141953,RNA,C3vsC1_rna
ACZ81_RS17250,0.616224912927056,561.9382912474446,0.0411126289332647,0.1109985647915601,RNA,C3vsC1_rna
ACZ81_RS17255,0.1719592614564661,2111.687397511901,0.4457406277997777,0.6050713456048255,RNA,C3vsC1_rna
ACZ81_RS17260,0.2560376689649504,570.6094991936981,0.2431958884942924,0.4045198609614848,RNA,C3vsC1_rna
ACZ81_RS17265,0.4915961526567817,226.3085808149962,0.03653263711914,0.1021386342313519,RNA,C3vsC1_rna
ACZ81_RS17270,-0.0874097443010163,4182.653661069032,0.8277925187970848,0.8915714323258803,RNA,C3vsC1_rna
ACZ81_RS17275,-0.3661657882911428,13892.972660621825,0.4370073963427209,0.5967575473543215,RNA,C3vsC1_rna
ACZ81_RS17280,-0.4289630081420195,9644.347637042558,0.362790846616597,0.5262182999012429,RNA,C3vsC1_rna
ACZ81_RS17285,-0.4724937927476973,9892.794696508034,0.1815931322503506,0.3296613785467904,RNA,C3vsC1_rna
ACZ81_RS17290,-0.53314102431745,8132.913733541307,0.0203811775779654,0.0652067659033472,RNA,C3vsC1_rna
ACZ81_RS17295,-0.4527170982430829,5335.197687704816,0.1862566639335524,0.3360968215245267,RNA,C3vsC1_rna
ACZ81_RS17300,0.204035211180247,15167.799852897164,0.5258315413650341,0.6747896819985454,RNA,C3vsC1_rna
ACZ81_RS17305,0.5879542644730553,3464.006749891456,0.1955960390107363,0.3483514656499843,RNA,C3vsC1_rna
ACZ81_RS17310,0.7293851425392431,1532.6420589630518,0.1360641088945042,0.2691761365309422,RNA,C3vsC1_rna
ACZ81_RS17315,0.5564630801820347,4505.600773998825,0.2884278302805724,0.4497366712342233,RNA,C3vsC1_rna
ACZ81_RS17320,0.6826685141252687,3470.0535931445133,0.1769434460910604,0.3229741154309984,RNA,C3vsC1_rna
ACZ81_RS17325,0.6571395822243894,4461.931846188082,0.2096367285349122,0.3648861409466672,RNA,C3vsC1_rna
ACZ81_RS17330,0.5339426313228788,2268.3169109335563,0.3710310979870642,0.5337313607472577,RNA,C3vsC1_rna
ACZ81_RS17335,0.7494926781346184,3539.0866155087606,0.1963854340388446,0.3486275935238251,RNA,C3vsC1_rna
ACZ81_RS17340,0.7178150901474643,7305.4254520167,0.1696130592416987,0.3150405526285627,RNA,C3vsC1_rna
ACZ81_RS17345,1.1281017149324268,7206.217884092488,0.0006471118105201757,0.0039636833340564,RNA,C3vsC1_rna
ACZ81_RS17350,1.3216653814130956,14002.956278665291,2.7185708974719943e-05,0.00027612421368753526,RNA,C3vsC1_rna
ACZ81_RS17355,-2.645733206581117,13559.032738093454,4.4553241221488284e-10,1.7135028314549215e-08,RNA,C3vsC1_rna
ACZ81_RS17360,0.2143754303708609,105.33813012173708,0.537945961938743,0.6835580258469977,RNA,C3vsC1_rna
ACZ81_RS17365,0.4250618257062621,3171.6548957407545,0.2389395230863328,0.3997603697340982,RNA,C3vsC1_rna
ACZ81_RS17370,0.1320136191357995,984.7332375806836,0.71178040230729,0.8189455044613845,RNA,C3vsC1_rna
ACZ81_RS17375,0.1263958398463578,4313.853059110997,0.462125485950252,0.6211214236624493,RNA,C3vsC1_rna
ACZ81_RS17380,0.4251660034427713,84.63856481750103,0.2236776479176189,0.3817076662890205,RNA,C3vsC1_rna
ACZ81_RS17390,-0.0934906344498944,726.6330699089949,0.8348027176794944,0.8952762639214465,RNA,C3vsC1_rna
ACZ81_RS17395,-0.8642771470871239,460.0598088641737,0.0040871550772629,0.0183214147150602,RNA,C3vsC1_rna
ACZ81_RS17400,-1.850189308159214,169.73639674749478,9.524447387669864e-05,0.0007977470338065031,RNA,C3vsC1_rna
ACZ81_RS17405,-2.336771671975017,221.96497151269116,9.357917677678244e-12,5.005862096379349e-10,RNA,C3vsC1_rna
ACZ81_RS17410,-0.4480386209898981,214.40634221830032,0.3130377372285615,0.4781228038073742,RNA,C3vsC1_rna
ACZ81_RS17415,-0.491748679563009,206.55673971259327,0.1384700367979692,0.2723244057026728,RNA,C3vsC1_rna
ACZ81_RS17420,-1.93469440981464,1881.5927653870208,1.5610033547000508e-07,3.23561205914535e-06,RNA,C3vsC1_rna
ACZ81_RS17425,0.5990978297526974,275.32922645825136,0.0665427997879747,0.1589105433031873,RNA,C3vsC1_rna
ACZ81_RS17430,0.2265227299943415,877.5528184394769,0.2688339313104652,0.4307355161412086,RNA,C3vsC1_rna
ACZ81_RS17435,1.0380669294701432,658.1076758904384,0.0010073005722624,0.0057486342758422,RNA,C3vsC1_rna
ACZ81_RS17440,1.0637582783008046,199.06434908376957,0.0412970500777625,0.1112315388856125,RNA,C3vsC1_rna
ACZ81_RS17445,1.6010651581629518,363.9418835504817,7.102566776597273e-07,1.2721204423084043e-05,RNA,C3vsC1_rna
ACZ81_RS17450,-0.6284033764002518,293.43203295207365,0.010251754460651,0.0378361395758514,RNA,C3vsC1_rna
ACZ81_RS17455,0.6993774659143411,1112.201650147833,0.0010826322348113,0.0060960703398914,RNA,C3vsC1_rna
ACZ81_RS17460,-0.2541238271705118,424.6920256304121,0.2496371989584163,0.4113702412378779,RNA,C3vsC1_rna
ACZ81_RS17470,1.7009142179186134,1951.825412808349,0.0006369324936532719,0.0039132820283873,RNA,C3vsC1_rna
ACZ81_RS17475,1.3016255497704194,2988.835182808661,0.006400372472588,0.0260337748620874,RNA,C3vsC1_rna
ACZ81_RS17480,1.476132008997274,1645.5457028498777,0.0012629615882689,0.0069316031356157,RNA,C3vsC1_rna
ACZ81_RS17485,-1.888914577400676,169.04077969181338,6.47572173765255e-05,0.000581221378332484,RNA,C3vsC1_rna
ACZ81_RS17490,0.2180465720773066,173.13052012176044,0.439411247529191,0.5990207016945682,RNA,C3vsC1_rna
ACZ81_RS17495,0.5037744373446514,389.9043649861802,0.0098891531807158,0.0367363727416961,RNA,C3vsC1_rna
ACZ81_RS17500,0.7880987001285454,8768.114258185957,0.1866855264449631,0.336168012610948,RNA,C3vsC1_rna
ACZ81_RS17505,0.8795077033247094,202.7793445017287,0.0010401456182016,0.0059108558360127,RNA,C3vsC1_rna
ACZ81_RS17510,0.5597857984638425,280.6311540250084,0.1269039220444558,0.2563638143214284,RNA,C3vsC1_rna
ACZ81_RS17515,0.3922927568973051,851.290298857903,0.03310940885651,0.0948821059516559,RNA,C3vsC1_rna
ACZ81_RS17520,0.4631868620271097,785.208338533785,0.2023603944327704,0.3560948747210527,RNA,C3vsC1_rna
ACZ81_RS17525,0.0881956096105307,3789.448168215978,0.7618071107903774,0.8511230942047717,RNA,C3vsC1_rna
ACZ81_RS17530,-1.106648903009433,3211.645757773343,0.0647354480197839,0.1553341013489074,RNA,C3vsC1_rna
ACZ81_RS17535,-1.6399396914524245,1178.614334879871,0.008293742375819,0.0320254999150971,RNA,C3vsC1_rna
ACZ81_RS17540,-1.0492734423934946,1319.2015392548717,0.00108481126045,0.0060960703398914,RNA,C3vsC1_rna
ACZ81_RS17545,-0.4268338679468598,691.621693418485,0.3253882980828622,0.489669111743602,RNA,C3vsC1_rna
ACZ81_RS17550,-0.1614364391345344,1451.7402458944234,0.5955826899742414,0.7280553784816138,RNA,C3vsC1_rna
ACZ81_RS17555,-0.1706739369221653,617.0617503910681,0.5992192013720481,0.7311640620147983,RNA,C3vsC1_rna
ACZ81_RS17560,1.6752139887944089,205.79827022950155,0.0030684656279224,0.0145861186009774,RNA,C3vsC1_rna
ACZ81_RS17565,0.8179835473860552,55.91995370159061,0.1088754965113664,0.2275044229185428,RNA,C3vsC1_rna
ACZ81_RS17570,1.4123771528330218,754.6446854414445,2.8631018860899947e-06,4.189304997288236e-05,RNA,C3vsC1_rna
ACZ81_RS17575,0.8151798135666743,699.7717021577298,0.0047587333163704,0.0205955103185309,RNA,C3vsC1_rna
ACZ81_RS17580,0.9621208769229578,886.5624310110604,0.0650587010755178,0.155737177037576,RNA,C3vsC1_rna
ACZ81_RS17585,0.8450744514710828,300.4891339276667,0.0355937719634911,0.1002824530319708,RNA,C3vsC1_rna
ACZ81_RS17590,1.0527946902473917,195.32853831394053,0.0035863065085419,0.0163688984212403,RNA,C3vsC1_rna
ACZ81_RS17595,1.1226968915472946,64.74241841405377,0.0102807808609717,0.0378755673225149,RNA,C3vsC1_rna
ACZ81_RS17600,-0.3251299718230238,119.69314321020812,0.5827545627069803,0.7171813820798789,RNA,C3vsC1_rna
ACZ81_RS17605,0.4690634298599674,22.471093681981124,0.5363741899050891,0.6824179692818294,RNA,C3vsC1_rna
ACZ81_RS17610,0.0477218962613828,620.3752778968498,0.8718027111791329,0.921167362984114,RNA,C3vsC1_rna
ACZ81_RS17615,-0.6475502490315781,13.82016039283826,0.4058273313100474,0.5671122442409998,RNA,C3vsC1_rna
ACZ81_RS17620,-0.2706053104671134,11.84326041217154,0.7428219882280991,0.8392570590738196,RNA,C3vsC1_rna
ACZ81_RS17625,3.491141796938201,3.13786541052721,0.0434525835744193,0.1156046188995825,RNA,C3vsC1_rna
ACZ81_RS17630,4.581772500589553,4.06422791315824,0.0073995167734397,0.0293058847927347,RNA,C3vsC1_rna
ACZ81_RS17635,0.2491704262003285,11.512298897878848,0.7608531213051721,0.851055509284879,RNA,C3vsC1_rna
ACZ81_RS17640,-0.0381131528496283,24.34514685172521,0.9423689791152796,0.9664581656979812,RNA,C3vsC1_rna
ACZ81_RS17645,0.2536988214200926,45.027675355236674,0.5317794469068251,0.6783781052433012,RNA,C3vsC1_rna
ACZ81_RS17650,-2.5031145478569456,0.3825332339110174,0.6253874742675174,0.7541492475988216,RNA,C3vsC1_rna
ACZ81_RS17655,0.402721533418771,1225.3215576562716,0.2994251041247301,0.4625697026370495,RNA,C3vsC1_rna
ACZ81_RS17660,2.188356629483572,376.06384100601736,0.0024341613016239,0.012056611286562,RNA,C3vsC1_rna
ACZ81_RS17665,1.0829830040818085,190.4240469348687,0.0043577883899873,0.0192125791435486,RNA,C3vsC1_rna
ACZ81_RS17670,0.6506591344129641,161.4098552847331,0.0438305011254209,0.1163826701829562,RNA,C3vsC1_rna
ACZ81_RS17675,0.4938678922898271,470.0169709467986,0.0498491829720453,0.127061576927475,RNA,C3vsC1_rna
ACZ81_RS17680,0.6051279766837192,310.8323373553763,0.0393698882463679,0.1075967245534253,RNA,C3vsC1_rna
ACZ81_RS17685,2.8367234471338554,1014.8757576711996,7.119381170543631e-05,0.0006195869252976367,RNA,C3vsC1_rna
ACZ81_RS17695,-0.0694303531855027,99.25681259288186,0.9004650132485872,0.9381110447035398,RNA,C3vsC1_rna
ACZ81_RS17700,-0.8298418877412669,1699.319355234104,0.0429794329240247,0.1145584990154583,RNA,C3vsC1_rna
ACZ81_RS17705,1.16436713163128,86.95867989531486,0.0185693427110382,0.0607826415393353,RNA,C3vsC1_rna
ACZ81_RS17710,0.7580882474247796,216.51578393154333,0.0714079538072123,0.1663511252798554,RNA,C3vsC1_rna
ACZ81_RS17715,-0.1148347627726999,328.57840948219047,0.7187137607535249,0.8240867699751763,RNA,C3vsC1_rna
ACZ81_RS17720,0.550360214868589,1111.9901798115982,0.1151770677283352,0.2364843376284958,RNA,C3vsC1_rna
ACZ81_RS17725,0.6767850695688552,242.48253958652677,0.0909558015329889,0.1994069266395364,RNA,C3vsC1_rna
ACZ81_RS17730,-0.949045713425676,668.0059279760247,0.0013761893152695,0.0074210638882545,RNA,C3vsC1_rna
ACZ81_RS17735,-0.1026291431382547,90.13207132600353,0.7875942000632236,0.8666060642229728,RNA,C3vsC1_rna
ACZ81_RS17740,0.7369358326492722,598.6968229153362,0.0005177365034623997,0.0033128530333192,RNA,C3vsC1_rna
ACZ81_RS17745,-0.097309789052076,21212.995416161004,0.7720653240888908,0.8570907803665274,RNA,C3vsC1_rna
ACZ81_RS17750,0.8142433939119418,482.834203798524,7.114976103801358e-05,0.0006195869252976367,RNA,C3vsC1_rna
ACZ81_RS17755,-0.4329247972162305,810.6272632177418,0.0901703833199784,0.1980096211711842,RNA,C3vsC1_rna
ACZ81_RS17760,-0.8472953230735665,444.238744376663,0.0289294939694061,0.0853420072097481,RNA,C3vsC1_rna
ACZ81_RS17765,-0.546769374119333,820.6244305778501,0.0213172985288521,0.0674141333203422,RNA,C3vsC1_rna
ACZ81_RS17770,-0.5299092415511834,1936.2984393782792,0.0655524277316456,0.1568254860222793,RNA,C3vsC1_rna
ACZ81_RS17775,0.8797926631522348,161.8297318600263,0.0555224954219993,0.1376738267200626,RNA,C3vsC1_rna
ACZ81_RS17780,0.7597106573808051,322.637297580045,0.0290902059370255,0.0855359128872196,RNA,C3vsC1_rna
ACZ81_RS17785,0.0009148607563430308,132.40462194843053,0.9976397398339006,0.997888465772528,RNA,C3vsC1_rna
ACZ81_RS17790,0.5264333992873784,817.1917328870741,0.3359921246091278,0.5011068106398643,RNA,C3vsC1_rna
ACZ81_RS17795,0.1389108866775545,3818.675514139961,0.6592314692325902,0.7788093800238963,RNA,C3vsC1_rna
ACZ81_RS17800,0.2565566530472182,130.83384574947883,0.4476144427607725,0.6067316110943568,RNA,C3vsC1_rna
ACZ81_RS17805,1.1513189936229924,1425.5119171746069,2.8585947864729883e-05,0.0002881578463148148,RNA,C3vsC1_rna
ACZ81_RS17810,0.5130863191583561,164.79177153247483,0.1948000890755551,0.3479688145018375,RNA,C3vsC1_rna
ACZ81_RS17815,0.5308088342911449,1080.4248455347345,0.0775226797261097,0.1764157635060421,RNA,C3vsC1_rna
ACZ81_RS17820,0.910893994542184,145.00361385716934,0.0387552999036182,0.1065225693644821,RNA,C3vsC1_rna
ACZ81_RS17825,1.331181439710874,636.3922049129766,6.989751241123547e-06,8.818516345719393e-05,RNA,C3vsC1_rna
ACZ81_RS17830,0.77757165206162,372.23265950329954,0.0104407309696696,0.0383943287353937,RNA,C3vsC1_rna
ACZ81_RS17835,0.727172321271165,2176.6628032152944,0.0097477572207488,0.0363299622637142,RNA,C3vsC1_rna
ACZ81_RS17840,-2.1751481288201187,2516.770816537062,1.6211032625883806e-11,8.557718801979713e-10,RNA,C3vsC1_rna
ACZ81_RS17845,0.7180167034156574,145.59048396886644,0.0586357578028128,0.1432817689345346,RNA,C3vsC1_rna
ACZ81_RS17850,0.8583829415006275,153.8565124115688,0.0170789545808115,0.0568637060400132,RNA,C3vsC1_rna
ACZ81_RS17855,0.8614329223172147,355.16107983128217,0.0156628140736315,0.0533552697464965,RNA,C3vsC1_rna
ACZ81_RS17860,-1.599128995094106,814.7224871777945,0.00018541787691232187,0.0014009350700042,RNA,C3vsC1_rna
ACZ81_RS17865,-1.7251821747393463,744.0920272683844,1.7582197206505942e-05,0.00019220647191417397,RNA,C3vsC1_rna
ACZ81_RS17870,-0.688660373450299,176.01777904167952,0.0156794274753538,0.0533552697464965,RNA,C3vsC1_rna
ACZ81_RS17875,-0.0431507842519782,206.08529892394253,0.8612629019992674,0.9129159214850886,RNA,C3vsC1_rna
ACZ81_RS17880,0.7009332455633387,649.4435532678726,0.0190349049541519,0.0619367710268106,RNA,C3vsC1_rna
ACZ81_RS17885,0.7267764791098807,447.8516884899898,0.0094911187837933,0.0357016215330276,RNA,C3vsC1_rna
ACZ81_RS17890,-0.7094708243092274,1441.1243812359014,0.0405812550150925,0.1102315471364599,RNA,C3vsC1_rna
ACZ81_RS17895,1.4027790748280922,1566.6089361485142,3.739584938554411e-06,5.264285885431683e-05,RNA,C3vsC1_rna
ACZ81_RS17900,1.0838344309782575,86.37987917448201,0.0068738898644372,0.0276056517879103,RNA,C3vsC1_rna
ACZ81_RS17905,1.3277585321440797,147.59490625173206,0.0158145577880601,0.0535878427750821,RNA,C3vsC1_rna
ACZ81_RS17910,0.6808276598557973,55.02297305129839,0.2708428257949425,0.4329168992387687,RNA,C3vsC1_rna
ACZ81_RS17915,0.5691957752436583,152.52591488153044,0.2969923005648132,0.4600513937706681,RNA,C3vsC1_rna
ACZ81_RS17920,0.7127379421331693,10.445990704296578,0.4094777237806231,0.5704252179888402,RNA,C3vsC1_rna
ACZ81_RS17925,0.8768928550216415,75.74539279217335,0.0053284054782491,0.0224554230869072,RNA,C3vsC1_rna
ACZ81_RS17930,0.6454808151995687,9.578837978918228,0.3924450298881274,0.5536179535552628,RNA,C3vsC1_rna
ACZ81_RS17935,0.0269685494522936,202.96594141537105,0.9552093691414936,0.9736534524887378,RNA,C3vsC1_rna
ACZ81_RS17940,1.3350802286750172,9.719468130639957,0.15764807160743,0.2988831978159951,RNA,C3vsC1_rna
ACZ81_RS17945,0.8384685485887674,6.946054714041974,0.3766190398917698,0.5400270150270838,RNA,C3vsC1_rna
ACZ81_RS17950,0.2889311792255281,5.594423842203195,0.7951429852085099,0.8697075386899209,RNA,C3vsC1_rna
ACZ81_RS17955,0.7527103599867104,29.48024258170077,0.2059495933757281,0.3605078918771747,RNA,C3vsC1_rna
ACZ81_RS17960,2.5282122105010365,15.091277528514242,0.0048653455577636,0.0209889961051051,RNA,C3vsC1_rna
ACZ81_RS17965,2.798534624514172,80.34598407035378,0.0009695726295544776,0.0055570362711036,RNA,C3vsC1_rna
ACZ81_RS17970,0.7484248699794406,63.15483743602224,0.1966032498710855,0.3488599020268885,RNA,C3vsC1_rna
ACZ81_RS17975,0.403936592191458,207.62294534751211,0.1887518563527469,0.3389760285081561,RNA,C3vsC1_rna
ACZ81_RS17980,0.8964230473060459,94.82096280569962,0.1140988046488906,0.2350302290222674,RNA,C3vsC1_rna
ACZ81_RS17985,-0.0094150374106901,180.3544873841924,0.973730163881492,0.983776039024442,RNA,C3vsC1_rna
ACZ81_RS17990,0.3616513566141612,1060.7268388617156,0.1080460811536369,0.2261246101139235,RNA,C3vsC1_rna
ACZ81_RS17995,0.1642732805361206,3048.382181686252,0.7474734103895784,0.8420856750940241,RNA,C3vsC1_rna
ACZ81_RS18000,1.047468774436376,7028.041341726927,0.00010264152301152624,0.0008508218808310812,RNA,C3vsC1_rna
ACZ81_RS18005,1.3734946033579836,5828.725488937952,0.0005453785837117326,0.0034433137031659,RNA,C3vsC1_rna
ACZ81_RS18010,1.7526131497111377,5016.027749135219,6.427959294567318e-07,1.174537352868246e-05,RNA,C3vsC1_rna
ACZ81_RS18015,0.3771283245610846,14605.674561960675,0.3596795699781865,0.5237874536306659,RNA,C3vsC1_rna
ACZ81_RS18020,0.2792336016371004,16288.111058060658,0.4134528088765406,0.5745662172541326,RNA,C3vsC1_rna
ACZ81_RS18025,1.6655140403480122,4902.4285206041495,9.936126020211196e-08,2.2265735085716787e-06,RNA,C3vsC1_rna
ACZ81_RS18030,1.9625980203709248,9744.746008458562,4.603559742022837e-12,2.6384973835708034e-10,RNA,C3vsC1_rna
ACZ81_RS18035,2.1296387358227458,10281.246527190053,5.426306759055655e-07,1.012574079875874e-05,RNA,C3vsC1_rna
ACZ81_RS18040,2.042294884966333,8850.31974117547,6.523696003061773e-05,0.0005819362918969042,RNA,C3vsC1_rna
ACZ81_RS18045,0.5934852230843894,22.507652252654744,0.2906895560394497,0.4523202262384552,RNA,C3vsC1_rna
ACZ81_RS18055,2.104784656153217,2414.289012399488,1.6053392143252169e-06,2.515867549950301e-05,RNA,C3vsC1_rna
ACZ81_RS18060,2.0617302495847034,1765.6946765807277,9.362565070216508e-05,0.0007891304844896772,RNA,C3vsC1_rna
ACZ81_RS18070,0.1073878092685084,430.8903965513035,0.7004797758710379,0.8115289808820688,RNA,C3vsC1_rna
ACZ81_RS18075,0.8988941177045278,185.9173221832724,0.0540474824820038,0.1348498132573378,RNA,C3vsC1_rna
ACZ81_RS18080,1.2089476489553597,1552.7836453614682,1.0271053299436822e-07,2.26414647457915e-06,RNA,C3vsC1_rna
ACZ81_RS18085,0.2513307021392321,17.140309052320834,0.6965158669623688,0.808571081670435,RNA,C3vsC1_rna
ACZ81_RS18090,0.0708774325437092,97.80109933166698,0.8841216722967398,0.9277068538023864,RNA,C3vsC1_rna
ACZ81_RS18095,-0.3903005770053688,710.0567316262276,0.1422162342884486,0.2776682012455691,RNA,C3vsC1_rna
ACZ81_RS18100,-1.359467139216043,475.860517994314,5.190856572947203e-10,1.928307089876313e-08,RNA,C3vsC1_rna
ACZ81_RS18105,-0.7130184438268501,1525.298204483108,0.0240796652063564,0.073690020448438,RNA,C3vsC1_rna
ACZ81_RS18110,-1.7046737808176502,1173.1889775481131,0.00040677111514097146,0.0027474170268444,RNA,C3vsC1_rna
ACZ81_RS18115,0.1040539633421438,485.9822218174781,0.637264858304279,0.7631960034378411,RNA,C3vsC1_rna
ACZ81_RS18120,-0.2286622448804146,211.34590852031275,0.4192330435585217,0.578319972973861,RNA,C3vsC1_rna
ACZ81_RS18125,0.3576042795543293,202.16872589844436,0.2055322736758384,0.3602426745248859,RNA,C3vsC1_rna
ACZ81_RS18130,0.5927323684129383,1840.5125140750763,0.3345368170803837,0.4996879039934845,RNA,C3vsC1_rna
ACZ81_RS18135,0.4982770095631124,2390.185098986586,0.3237580444376716,0.487764654256079,RNA,C3vsC1_rna
ACZ81_RS18140,-0.7450735466850444,6705.757677022404,0.2546934624959172,0.4148721768305399,RNA,C3vsC1_rna
ACZ81_RS18145,-2.002792091712565,11795.651381686745,1.6053017147569683e-08,4.322463409130844e-07,RNA,C3vsC1_rna
ACZ81_RS18150,-1.1376635850376104,574.8222183512244,6.00335042008442e-05,0.0005480074570687239,RNA,C3vsC1_rna
ACZ81_RS18155,0.0565112461896886,638.3761113918382,0.8728251119619755,0.9215195655766965,RNA,C3vsC1_rna
ACZ81_RS18160,-0.9325814713438164,1870.3059395395796,7.502850397566093e-05,0.0006487378404102406,RNA,C3vsC1_rna
ACZ81_RS18170,0.0634435020785134,102.6936532107304,0.8343357681747388,0.895185122922545,RNA,C3vsC1_rna
ACZ81_RS18175,0.2785771475308103,339.8818850806617,0.4131927836289706,0.5744038281079106,RNA,C3vsC1_rna
ACZ81_RS18180,2.2121227332734694,50.62916144826081,6.768261013559637e-06,8.620401011555957e-05,RNA,C3vsC1_rna
ACZ81_RS18185,-0.4025368038109618,155.3509070422149,0.2375663362202157,0.3983480767055136,RNA,C3vsC1_rna
ACZ81_RS18190,-1.4795795049815397,422.52005455780375,9.501510942481236e-07,1.6207289287551825e-05,RNA,C3vsC1_rna
ACZ81_RS18195,-1.2302818759052998,613.6861123828166,1.221779114271947e-05,0.00014332683644617108,RNA,C3vsC1_rna
ACZ81_RS18200,0.2249771446964686,343.121100160335,0.457495167314918,0.6171723642459487,RNA,C3vsC1_rna
ACZ81_RS18205,1.3796197987526777,570.6255069046745,0.0175183891839779,0.0580857664513385,RNA,C3vsC1_rna
ACZ81_RS18210,0.0635795470812297,175.02124430758974,0.8254988647772799,0.8900568249090155,RNA,C3vsC1_rna
ACZ81_RS18215,0.2318199169251227,114.85522063517,0.5339776442298548,0.68051519286746,RNA,C3vsC1_rna
ACZ81_RS18220,0.4522390914629772,13.657858498357152,0.6353598211540326,0.7613690568906746,RNA,C3vsC1_rna
ACZ81_RS18225,-2.149912361086141,233.22490653502248,1.970870585346242e-08,5.271421858939416e-07,RNA,C3vsC1_rna
ACZ81_RS18230,0.3895992214803322,328.5656558022513,0.2610274770976871,0.4226159153010172,RNA,C3vsC1_rna
ACZ81_RS18235,0.0338784199059109,238.46394737188805,0.945080893689178,0.968024505563655,RNA,C3vsC1_rna
ACZ81_RS18240,0.4666042441774963,534.0832722839979,0.4076168410850131,0.5690183599280003,RNA,C3vsC1_rna
ACZ81_RS18245,-0.331372105520193,3249.8794894692787,0.4818328244803645,0.6386234858986529,RNA,C3vsC1_rna
ACZ81_RS18250,-0.0755567945688653,908.742528608933,0.8890147748755336,0.9305315097314482,RNA,C3vsC1_rna
ACZ81_RS18255,0.6749016084044503,91.68917636357666,0.1435706969535773,0.2794787172138536,RNA,C3vsC1_rna
ACZ81_RS18260,0.1951879798389167,1964.593487866793,0.6203395723429641,0.749639266337341,RNA,C3vsC1_rna
ACZ81_RS18265,-0.3259821436786702,1901.6221898090864,0.3888394578984041,0.5504671507016221,RNA,C3vsC1_rna
ACZ81_RS18270,-1.0451415025235578,557.4223878738844,0.0052422150483154,0.0221854079892842,RNA,C3vsC1_rna
ACZ81_RS18275,-2.447750020403734,4825.998147140591,1.714772032241536e-06,2.6562414646150746e-05,RNA,C3vsC1_rna
ACZ81_RS18280,-1.0175481247019882,3479.1393645150165,0.0008515863232881162,0.0050096251158825,RNA,C3vsC1_rna
ACZ81_RS18285,-1.32182535919957,2358.359698005067,0.00011215894601482516,0.0009145969337631676,RNA,C3vsC1_rna
ACZ81_RS18290,-1.4630848579819993,5562.789301015734,0.00019619301676640185,0.0014522626997542,RNA,C3vsC1_rna
ACZ81_RS18295,-0.1791640526902099,8868.142298716302,0.4838872173859228,0.640878101049134,RNA,C3vsC1_rna
ACZ81_RS18300,0.8554915367630401,1818.808921304828,0.0107265776070712,0.0392655377368336,RNA,C3vsC1_rna
ACZ81_RS18305,0.4915628674726368,1835.5093125706092,0.233959614776452,0.3942234248144163,RNA,C3vsC1_rna
ACZ81_RS18310,-0.3617783643762777,527.4140347221454,0.0714240943801275,0.1663511252798554,RNA,C3vsC1_rna
ACZ81_RS18315,-0.5063095137459529,1033.3182041648408,0.0648839179144053,0.1554890980857103,RNA,C3vsC1_rna
ACZ81_RS18320,-0.5494634073683913,778.642286787513,0.1447843929339748,0.2814316785131331,RNA,C3vsC1_rna
ACZ81_RS18325,-0.213749099744554,1273.8609164596778,0.3915879523138799,0.5531543621348368,RNA,C3vsC1_rna
ACZ81_RS18330,-0.6434647062955962,583.9773575418048,0.0026941044186246,0.013069826998213,RNA,C3vsC1_rna
ACZ81_RS18335,0.8005203286928249,406.5329095050639,0.0046176690806282,0.02009337131397,RNA,C3vsC1_rna
ACZ81_RS18340,0.3886781230089908,1769.170499021423,0.079810027283254,0.1806985493568935,RNA,C3vsC1_rna
ACZ81_RS18345,-0.4398112033743556,739.6870402847906,0.0088722706589339,0.0336124172650074,RNA,C3vsC1_rna
ACZ81_RS18350,-0.1828409240547277,1180.2354996741678,0.5806627566752061,0.7159616071004674,RNA,C3vsC1_rna
ACZ81_RS18355,-0.1894578565690165,1448.523058900821,0.400204266181659,0.5614054251471384,RNA,C3vsC1_rna
ACZ81_RS18360,0.4942473303669968,787.3628884330266,0.0158350906905767,0.0535891926756603,RNA,C3vsC1_rna
ACZ81_RS18365,0.0251798436084188,1036.1959271750802,0.8970368280822246,0.93599785546577,RNA,C3vsC1_rna
ACZ81_RS18370,0.0133231801931084,11206.866969026429,0.9538809330890556,0.9730410128536208,RNA,C3vsC1_rna
ACZ81_RS18375,-0.1679541887784385,1715.171021151417,0.2376982292205881,0.3983480767055136,RNA,C3vsC1_rna
ACZ81_RS18380,-0.375171305130857,721.1362527718353,0.4749274563150505,0.6319764360650026,RNA,C3vsC1_rna
ACZ81_RS18385,0.0097385895000586,603.3768434846354,0.9790096522558972,0.9866331888597488,RNA,C3vsC1_rna
ACZ81_RS18390,-0.5949444300505373,254.98498822831093,0.1273008805683646,0.2565199059971266,RNA,C3vsC1_rna
ACZ81_RS18395,-0.3821153663066798,351.8107695127204,0.4367341183283229,0.5965874302802967,RNA,C3vsC1_rna
ACZ81_RS18400,0.6737946346692523,472.72227681270107,0.0021736416937976,0.0109555910496433,RNA,C3vsC1_rna
ACZ81_RS18405,1.802989806841184,377.7020798987467,3.275652264487044e-13,2.4796069594569847e-11,RNA,C3vsC1_rna
ACZ81_RS18410,-0.6733330113059625,79.83935091644179,0.1825023225503802,0.3310123499421905,RNA,C3vsC1_rna
ACZ81_RS18415,0.6554366755138894,53.43534718805931,0.1506794028316378,0.289523833410216,RNA,C3vsC1_rna
ACZ81_RS18420,0.0605103400935082,32.03577648118695,0.9108179102754486,0.9442381023320672,RNA,C3vsC1_rna
ACZ81_RS18425,1.1652262248395795,122.88140116208692,0.0045655249024525,0.0198880411603037,RNA,C3vsC1_rna
ACZ81_RS18430,2.5424516759079423,184.8034633381722,2.5043137600762514e-09,7.728697542635325e-08,RNA,C3vsC1_rna
ACZ81_RS18435,2.752120628857049,636.9768669895113,2.2358039124750943e-08,5.940427348907338e-07,RNA,C3vsC1_rna
ACZ81_RS18440,-0.3394657652683779,511.3679720474455,0.0292889027765404,0.0858969867978658,RNA,C3vsC1_rna
ACZ81_RS18445,0.6976246464793763,4993.448074594958,0.1581264261134565,0.2989342407445233,RNA,C3vsC1_rna
ACZ81_RS18450,0.8613526350112807,3947.8437789806553,0.1722720986530451,0.3173350136804486,RNA,C3vsC1_rna
ACZ81_RS18455,0.9645065327660548,9826.221308122098,0.0278045405397889,0.0826922287958734,RNA,C3vsC1_rna
ACZ81_RS18460,-2.1746102390258213,760.4581034977143,5.72200171345313e-05,0.000527810975036221,RNA,C3vsC1_rna
ACZ81_RS18465,-0.7012337757407329,486.7452814772534,0.0603115961946443,0.1463824101227545,RNA,C3vsC1_rna
ACZ81_RS18470,0.2580014450485717,239.1434335190377,0.2820883509116652,0.4443417604466435,RNA,C3vsC1_rna
ACZ81_RS18475,-0.4845924599363262,1247.9435529204388,0.1537417654231404,0.293440515165385,RNA,C3vsC1_rna
ACZ81_RS18480,-0.982594776812732,3023.21594278642,5.996809569123597e-06,7.966622513683401e-05,RNA,C3vsC1_rna
ACZ81_RS18485,-1.0909072835506577,1333.9140879531094,0.0059706128566703,0.0246695147074785,RNA,C3vsC1_rna
ACZ81_RS18490,0.385077639553719,100.24306553526202,0.2874494697345369,0.4495886297436431,RNA,C3vsC1_rna
ACZ81_RS18495,0.4697133507514389,601.1965263024719,0.0809996694236209,0.1828760122271058,RNA,C3vsC1_rna
ACZ81_RS18500,0.4473567816655143,450.72648393280593,0.1574483281748869,0.2988092207368242,RNA,C3vsC1_rna
ACZ81_RS18505,0.5655570626129581,553.978227060232,0.1875814242486998,0.33747832918645,RNA,C3vsC1_rna
ACZ81_RS18510,0.4654950266654311,332.5697009235037,0.4175639112934149,0.5772055605209572,RNA,C3vsC1_rna
ACZ81_RS18515,-0.4366866657134832,398.61520862445406,0.1259594989299412,0.2552270251045072,RNA,C3vsC1_rna
ACZ81_RS18520,-0.0812091756988499,110.00444047892434,0.8206823955183528,0.8858159189721903,RNA,C3vsC1_rna
ACZ81_RS18525,0.1610374804656293,549.9687373308175,0.7057494486980878,0.8146348154648771,RNA,C3vsC1_rna
ACZ81_RS18530,0.3420110861129682,337.48212401032924,0.2746875762003604,0.4362812967996223,RNA,C3vsC1_rna
ACZ81_RS18535,1.1243204808908611,1329.6017331683292,0.0411739697736288,0.1110708763117605,RNA,C3vsC1_rna
ACZ81_RS18540,-0.6545221540503218,494.5679285534762,2.6231136537123303e-05,0.0002698444097100992,RNA,C3vsC1_rna
ACZ81_RS18545,-1.0041531298994433,129.41049799812492,0.0028407559110245,0.0137149370818657,RNA,C3vsC1_rna
ACZ81_RS18550,-0.5185403584436985,275.76682038848105,0.0351376697790625,0.0992762895447879,RNA,C3vsC1_rna
ACZ81_RS18555,-0.5778576442759245,331.3732870337506,0.041309818778555,0.1112315388856125,RNA,C3vsC1_rna
ACZ81_RS18560,-1.3733318270389197,5079.58379811825,0.00022585569770522767,0.0016505155905161,RNA,C3vsC1_rna
ACZ81_RS18565,-0.8285962390811419,803.7866295200159,0.015496719510731,0.0528680600995348,RNA,C3vsC1_rna
ACZ81_RS18570,0.0666463303126371,13.35729406407845,0.9175174742909494,0.9487319863029096,RNA,C3vsC1_rna
ACZ81_RS18575,-0.0622646301628899,262.5387226823429,0.8928331840395838,0.9323390771386804,RNA,C3vsC1_rna
ACZ81_RS18580,0.0578395867060526,692.2414939094683,0.7409643956910399,0.8381023838490138,RNA,C3vsC1_rna
ACZ81_RS18585,0.2567824493637988,281.68923917723265,0.3922332376629377,0.5535138056643356,RNA,C3vsC1_rna
ACZ81_RS18590,1.677026371952462,489.8630612546303,0.0049274533795196,0.0210981248224467,RNA,C3vsC1_rna
ACZ81_RS18595,1.287260510707085,652.2424969972442,0.0214638267688168,0.0677520637265877,RNA,C3vsC1_rna
ACZ81_RS18600,1.4046666773696317,148.78688255817124,0.0776513125235001,0.1766083139706818,RNA,C3vsC1_rna
ACZ81_RS18605,1.494062323806583,1068.0582543522255,0.064916310890719,0.1554890980857103,RNA,C3vsC1_rna
ACZ81_RS18610,1.5010787427998116,1794.7499678253223,0.0627709877815032,0.1515265962571546,RNA,C3vsC1_rna
ACZ81_RS18615,2.147456771119977,732.0488587848633,0.0004137202761170089,0.002781313695251,RNA,C3vsC1_rna
ACZ81_RS18620,0.0430887906586261,158.858704907344,0.8827522356585605,0.927120934414174,RNA,C3vsC1_rna
ACZ81_RS18625,0.4767324730401617,364.43709303666185,0.0368880446358525,0.102845611590716,RNA,C3vsC1_rna
ACZ81_RS18630,-0.4079808809355133,143.02632407992263,0.3499545404493267,0.5144806215766577,RNA,C3vsC1_rna
ACZ81_RS18635,0.5268541621431477,587.7066564912064,0.1579420741062642,0.2989342407445233,RNA,C3vsC1_rna
ACZ81_RS18640,0.1067066966712624,142.19516263601386,0.8900674659255492,0.9311475028144208,RNA,C3vsC1_rna
ACZ81_RS18645,-0.9469252685690082,333.8881735162228,0.0718122540208542,0.1669239647344537,RNA,C3vsC1_rna
ACZ81_RS18650,-2.245112943255221,851.0540869834817,2.0770552587393947e-12,1.3440557577520083e-10,RNA,C3vsC1_rna
ACZ81_RS18655,-3.4515030984127857,1394.3826396301815,1.583621514712525e-19,3.1767447585133247e-17,RNA,C3vsC1_rna
ACZ81_RS18660,-2.8663135630805705,208.10807543405477,6.980599025494374e-11,3.234247824395532e-09,RNA,C3vsC1_rna
ACZ81_RS18665,-0.9329281764947792,166.40007115203449,0.0109241396491804,0.0397091012267356,RNA,C3vsC1_rna
ACZ81_RS18670,0.8153318185058683,575.1457457474377,0.0105714620792893,0.0388039394895781,RNA,C3vsC1_rna
ACZ81_RS18675,-0.4066573280655821,99.10435758518275,0.2501590051481751,0.4114956657049932,RNA,C3vsC1_rna
ACZ81_RS18680,0.0514987832733099,622.4243680132857,0.851082680723215,0.9066006005748212,RNA,C3vsC1_rna
ACZ81_RS18685,0.0680631712354218,615.4338604054899,0.8282565044428796,0.891663393948452,RNA,C3vsC1_rna
ACZ81_RS18690,-0.2537271156916448,1132.4411421638708,0.2489652111959585,0.4110097377043189,RNA,C3vsC1_rna
ACZ81_RS18695,-0.8341874546519502,208.8930522445889,0.0114495178896964,0.0411977271510871,RNA,C3vsC1_rna
ACZ81_RS18700,-4.330161781994084,824.0613229845505,2.2647007805367733e-18,3.950425883266753e-16,RNA,C3vsC1_rna
ACZ81_RS18705,-0.7458979917928698,473.48091085681295,0.2851289048599593,0.4468504555852175,RNA,C3vsC1_rna
ACZ81_RS18710,-1.0179413742921395,1754.593505008708,0.0061849375583985,0.0253765097678836,RNA,C3vsC1_rna
ACZ81_RS18715,0.2645392539906906,145.94056350132578,0.507512747033403,0.6600133358502472,RNA,C3vsC1_rna
ACZ81_RS18720,0.1222797292246495,101.97023160744892,0.8441967455675647,0.9019753244253182,RNA,C3vsC1_rna
ACZ81_RS18725,-0.5716576772382521,182.3420893573848,0.0442662388150377,0.1170706329109633,RNA,C3vsC1_rna
ACZ81_RS18730,-0.1702895758705078,54.45920291792153,0.6896965008579234,0.8032111353968038,RNA,C3vsC1_rna
ACZ81_RS18735,0.1870225990071571,504.06721069878137,0.7827799112563476,0.8642028079142726,RNA,C3vsC1_rna
ACZ81_RS18740,0.7706614248744537,2413.3403415076737,0.1757988628680696,0.3217395548584018,RNA,C3vsC1_rna
ACZ81_RS18745,-1.1661570326417527,563.0154791811763,0.0017857506755832,0.0093530440084074,RNA,C3vsC1_rna
ACZ81_RS18750,-0.1366197313120145,395.8480470018303,0.5448375677094355,0.6886856715974339,RNA,C3vsC1_rna
ACZ81_RS18755,-1.499219031925339,1756.4589079277243,0.0019478878654051,0.0100518840791681,RNA,C3vsC1_rna
ACZ81_RS18760,-1.6180044776897475,2095.752804620045,0.0029371496988968,0.0140955078851367,RNA,C3vsC1_rna
ACZ81_RS18765,1.5521377170231638,246.66304034358225,0.002703170618836,0.0130979716458576,RNA,C3vsC1_rna
ACZ81_RS18770,2.0805410980609222,428.0558985114807,0.00043174131681401103,0.0028808636735399,RNA,C3vsC1_rna
ACZ81_RS18775,-0.7943675372654121,480.59718072441945,0.0307825462784415,0.0896223335770012,RNA,C3vsC1_rna
ACZ81_RS18780,0.7917449623260235,1049.8195287581598,0.0042219255987367,0.0187371299802342,RNA,C3vsC1_rna
ACZ81_RS18785,0.0728524302429655,2559.444446813449,0.7727387393381938,0.8573638888896111,RNA,C3vsC1_rna
ACZ81_RS18790,-0.5902320985518373,208.53467106284089,0.022367164593823,0.0699977101017301,RNA,C3vsC1_rna
ACZ81_RS18795,0.3320338447891314,61.63532919642193,0.4008070689232596,0.5618581273655198,RNA,C3vsC1_rna
ACZ81_RS18800,-0.5714180017489743,63.2408396537866,0.2985376813950823,0.4620742944442062,RNA,C3vsC1_rna
ACZ81_RS18805,2.5511874126469425,226.5516586161577,3.035188206211399e-20,7.163044166658902e-18,RNA,C3vsC1_rna
ACZ81_RS18815,0.4693245821391064,214.76964553589383,0.3119941517187836,0.4772095069370033,RNA,C3vsC1_rna
ACZ81_RS18820,-0.0475370539725317,979.1763726302952,0.918740034866782,0.949506702701064,RNA,C3vsC1_rna
ACZ81_RS18825,-0.8982508330445144,380.3070754418217,0.0002544732463168764,0.0018166310751304,RNA,C3vsC1_rna
ACZ81_RS18830,0.2405838890878253,375.179645001096,0.3607558104321483,0.5245930813533088,RNA,C3vsC1_rna
ACZ81_RS18835,-0.0848670401674612,573.4784657191992,0.7480213241623076,0.8422850273755762,RNA,C3vsC1_rna
ACZ81_RS18840,1.967028591833444,304.6804844241068,0.0010050602597085,0.0057466166479886,RNA,C3vsC1_rna
ACZ81_RS18845,0.9099558018076628,349.84756997799155,0.0536640764483406,0.1342271039343782,RNA,C3vsC1_rna
ACZ81_RS18850,1.797646560006957,317.5102908529615,0.0008133933690356642,0.0048155332862802,RNA,C3vsC1_rna
ACZ81_RS18855,-0.893429882166803,624.7536128184574,0.00019616759692680933,0.0014522626997542,RNA,C3vsC1_rna
ACZ81_RS18860,0.5516860258164156,1809.7975862955864,0.0032530891926634,0.0152975996218589,RNA,C3vsC1_rna
ACZ81_RS18865,-0.8349747379525091,2090.609592835508,0.0084181545150001,0.0322958593420896,RNA,C3vsC1_rna
ACZ81_RS18870,0.2773164341912236,228.8530552874642,0.3204192436153553,0.4847368044437427,RNA,C3vsC1_rna
ACZ81_RS18875,0.2347024248749696,90.48729072982589,0.3873746293516604,0.5495533334128683,RNA,C3vsC1_rna
ACZ81_RS18880,-0.3769436186829991,250.9245380202623,0.1175603804081457,0.2403936015277679,RNA,C3vsC1_rna
ACZ81_RS18885,0.0028690205508754,470.9386530058895,0.9938239353698308,0.996026967447422,RNA,C3vsC1_rna
ACZ81_RS18890,-0.0377471374965429,1505.5057237730102,0.9026056614433882,0.9397528581887103,RNA,C3vsC1_rna
ACZ81_RS18895,-0.2189636076191396,62.18396154683104,0.5566685414137715,0.6981413529703193,RNA,C3vsC1_rna
ACZ81_RS18900,-0.2498931320641246,441.5085134621697,0.5990976376477575,0.7311640620147983,RNA,C3vsC1_rna
ACZ81_RS18905,-1.0888226227547473,114.65112596981233,0.1559002964663912,0.296791886498745,RNA,C3vsC1_rna
ACZ81_RS18910,-0.9746126668586902,551.2575267018761,0.1372476703419109,0.2707542940174186,RNA,C3vsC1_rna
ACZ81_RS18915,0.2924894850254246,856.768589651298,0.5938436777272156,0.7265937282834977,RNA,C3vsC1_rna
ACZ81_RS18920,0.0200797568890435,232.11928363532743,0.962433138704062,0.9779209879726488,RNA,C3vsC1_rna
ACZ81_RS18925,-0.0797602528794189,93.11833483396954,0.8357696159478413,0.8960736769595776,RNA,C3vsC1_rna
ACZ81_RS18930,0.2582176695887021,55.41260923222651,0.6083135327546532,0.7388900676390157,RNA,C3vsC1_rna
ACZ81_RS18935,0.6170218049923896,38.518950558391744,0.3364628798128318,0.5011068106398643,RNA,C3vsC1_rna
ACZ81_RS18940,-0.1794303207263123,71.47644950290834,0.8153864840629963,0.882711973572785,RNA,C3vsC1_rna
ACZ81_RS18945,-0.3330313121645603,94.89831599285192,0.650349915576278,0.7719265537141953,RNA,C3vsC1_rna
ACZ81_RS18950,-0.6864348157696354,94.07373858722758,0.2614146390287731,0.4230720176617337,RNA,C3vsC1_rna
ACZ81_RS18955,0.609237289159047,14.44124712022124,0.5020994384431914,0.656163826395467,RNA,C3vsC1_rna
ACZ81_RS18960,0.8147527226823681,197.47667872540865,0.000832268604882245,0.0049103847688052,RNA,C3vsC1_rna
ACZ81_RS18965,-0.9253279879966692,627.815176903183,0.0724551214182827,0.1680288711734973,RNA,C3vsC1_rna
ACZ81_RS18970,-0.8560050537128451,707.9893857907977,0.0054766633034099,0.0228804319602862,RNA,C3vsC1_rna
ACZ81_RS18975,0.0580779917965135,209.4738993536585,0.8550259711027955,0.9094284719152744,RNA,C3vsC1_rna
ACZ81_RS18980,-0.3320510769222013,305.3515704283495,0.3202205247207445,0.4846262425605774,RNA,C3vsC1_rna
ACZ81_RS18985,0.7256302775394649,37.5417900879432,0.158333832223057,0.2989342407445233,RNA,C3vsC1_rna
ACZ81_RS18990,-0.2719138585965433,33.46699826403475,0.6491066431044983,0.7711625265428625,RNA,C3vsC1_rna
ACZ81_RS18995,2.663736164805029,7.658604909561975,0.050263105097901,0.1276301124384677,RNA,C3vsC1_rna
ACZ81_RS19000,-0.2673791401185221,9.82826183302658,0.7379463169133538,0.8357178406118635,RNA,C3vsC1_rna
ACZ81_RS19005,-0.2937274486748349,44.896522286335575,0.6369843519288347,0.7630878530721066,RNA,C3vsC1_rna
ACZ81_RS19010,2.271216661963351,7.493373481244564,0.0251820666950084,0.0763069875984696,RNA,C3vsC1_rna
ACZ81_RS19015,1.026150146907474,63.35769910773922,0.0493541584330089,0.1260400277741767,RNA,C3vsC1_rna
ACZ81_RS19020,-2.635761446193013,77.91211596015177,3.301251003088274e-06,4.747175277559196e-05,RNA,C3vsC1_rna
ACZ81_RS19025,-1.2944191558556764,98.83312169232322,0.0003815158481885237,0.0025899180760276,RNA,C3vsC1_rna
ACZ81_RS19030,-1.6492740846367469,51.67166213293645,0.0031295398172168,0.0148174988317423,RNA,C3vsC1_rna
ACZ81_RS19035,-0.6609413929566742,96.45485207893049,0.0405558888733319,0.1102315471364599,RNA,C3vsC1_rna
ACZ81_RS19045,2.363699632714213,32.60440273951502,0.0008272409061653675,0.0048879094485058,RNA,C3vsC1_rna
ACZ81_RS19050,0.4060095271968673,413.7918066042878,0.0932327427914653,0.2024078809953241,RNA,C3vsC1_rna
ACZ81_RS19055,0.7211025209180707,213.0789043783452,0.0359516235677571,0.1010777251253269,RNA,C3vsC1_rna
ACZ81_RS19060,0.9115057740343876,377.7690456645904,0.0340001615473852,0.0966751581347339,RNA,C3vsC1_rna
ACZ81_RS19065,-0.4220284900131038,62.49551971060257,0.2843814429243245,0.4460275015685652,RNA,C3vsC1_rna
ACZ81_RS19070,-1.1519529665807744,87.78042771523982,0.0005632690890914918,0.00352548453266,RNA,C3vsC1_rna
ACZ81_RS19075,-0.0369320173536669,232.59404705585987,0.8870854359691418,0.9297248613135312,RNA,C3vsC1_rna
ACZ81_RS19080,0.2595741382645218,2802.370372153486,0.496413038221464,0.6517045514870791,RNA,C3vsC1_rna
ACZ81_RS19085,0.7059504123706998,329.2582736880302,0.1240097375691082,0.2516575959166728,RNA,C3vsC1_rna
ACZ81_RS19090,-0.0725944498373334,888.0317649500589,0.8910502543165569,0.9312043814321508,RNA,C3vsC1_rna
ACZ81_RS19095,-1.9013405205996696,670.0947975190045,1.0000674861132711e-06,1.6858280480195144e-05,RNA,C3vsC1_rna
ACZ81_RS19100,-0.9076036944913244,954.8143592937674,2.0685490487484127e-05,0.00021955076147033416,RNA,C3vsC1_rna
ACZ81_RS19105,0.0827107733921976,91.92172763458856,0.7982337437637089,0.8706591255960662,RNA,C3vsC1_rna
ACZ81_RS19110,1.3938143157182172,411.51934767152136,1.5645781143424673e-07,3.23561205914535e-06,RNA,C3vsC1_rna
ACZ81_RS19115,1.243556372905199,762.7328074547501,2.0763281935516905e-05,0.00021979495283718688,RNA,C3vsC1_rna
ACZ81_RS19120,0.7596497443708542,1297.778084721985,0.0146526479429672,0.0504604493967251,RNA,C3vsC1_rna
ACZ81_RS19125,-0.266884404709766,236.1771551202883,0.415573198087329,0.5761159885025446,RNA,C3vsC1_rna
ACZ81_RS19140,0.0095692619063388,68.03022043447568,0.9884194637138798,0.9921288187190608,RNA,C3vsC1_rna
ACZ81_RS19145,-0.713822498047387,301.8449270398522,0.1162180163196048,0.2383776490154675,RNA,C3vsC1_rna
ACZ81_RS19150,-1.4291167549717732,632.535560770951,5.256250955988574e-09,1.5392758274033696e-07,RNA,C3vsC1_rna
ACZ81_RS19155,-0.4208145114464798,155.32801338034892,0.4332959947179291,0.5935075216143161,RNA,C3vsC1_rna
ACZ81_RS19160,-1.999329883225451,171.23702232201708,,,RNA,C3vsC1_rna
ACZ81_RS19165,-1.790818180841379,1474.8070700109715,0.00017853046387140276,0.0013565610247198,RNA,C3vsC1_rna
ACZ81_RS19170,-2.195975792136692,5921.8653678358405,9.047322147601912e-07,1.5511904468452507e-05,RNA,C3vsC1_rna
ACZ81_RS19175,-0.0376818284387572,454.6593750586696,0.8839435021517,0.9277068538023864,RNA,C3vsC1_rna
ACZ81_RS19180,-0.8833920534345775,713.8111214870064,0.0949447970323291,0.2049050703032299,RNA,C3vsC1_rna
ACZ81_RS19185,0.7199337997897358,648.8531161805053,0.0011311912513974,0.0063120157171162,RNA,C3vsC1_rna
ACZ81_RS19190,1.7673600001794632,9140.751747338769,0.00018601057764649603,0.0014027714990935,RNA,C3vsC1_rna
ACZ81_RS19195,-0.7244123182655868,3067.3689995088744,0.0935178598430026,0.2028839114456075,RNA,C3vsC1_rna
ACZ81_RS19200,0.6401318785466985,1634.5379724108775,0.2442661911737465,0.4056274664689864,RNA,C3vsC1_rna
ACZ81_RS19205,0.3219858271703159,625.0251196521297,0.3846499455100869,0.5474336932906948,RNA,C3vsC1_rna
ACZ81_RS19210,0.6472147678232247,582.0884274153353,0.0113039769859476,0.0408185958852556,RNA,C3vsC1_rna
ACZ81_RS19215,-0.7944878905592389,753.6845317230072,0.0491036704113881,0.1256560105926393,RNA,C3vsC1_rna
ACZ81_RS19220,0.9483159038951046,540.6751552539532,2.4869061077173628e-05,0.0002564901620607213,RNA,C3vsC1_rna
ACZ81_RS19225,1.1208368344035438,81.6123164477287,0.0004769043264076546,0.0031212726876794,RNA,C3vsC1_rna
ACZ81_RS19230,0.9675358588944952,1075.206605503278,0.00023371125789969235,0.0017017233515309,RNA,C3vsC1_rna
ACZ81_RS19235,0.0003023642341397965,250.6088626673476,0.9993952777651048,0.9993952777651048,RNA,C3vsC1_rna
ACZ81_RS19240,2.1733703387755496,1256.7891277063757,2.549534170759317e-16,3.2995906751891554e-14,RNA,C3vsC1_rna
ACZ81_RS19245,1.8959286899804504,120.97274309201453,4.892946066417057e-05,0.000458656533141711,RNA,C3vsC1_rna
ACZ81_RS19250,0.195413466898935,135.88042840572518,0.519228022344717,0.6691753375030531,RNA,C3vsC1_rna
ACZ81_RS19255,2.522677539297178,384.3806859828566,4.374710251553551e-13,3.250247690598675e-11,RNA,C3vsC1_rna
ACZ81_RS19265,-1.1513032787606403,8139.005311544381,0.0342598891357266,0.0972757786359059,RNA,C3vsC1_rna
ACZ81_RS19270,0.1301364252884169,682.9740508017936,0.5094713081047337,0.6616440060565829,RNA,C3vsC1_rna
ACZ81_RS19275,0.7541106378846099,259.9576458968661,0.0213107431805853,0.0674141333203422,RNA,C3vsC1_rna
ACZ81_RS19280,0.1542302457850089,391.8012310820504,0.5772576349964618,0.7143607747087615,RNA,C3vsC1_rna
ACZ81_RS19285,0.3358340546739639,595.8819628366517,0.3742892675956465,0.5378397355278416,RNA,C3vsC1_rna
ACZ81_RS19290,0.378449935135758,439.89523317674224,0.2165286328059047,0.3735200290541908,RNA,C3vsC1_rna
ACZ81_RS19295,0.3586322222650804,145.55893827567334,0.4995488168561355,0.654592065996657,RNA,C3vsC1_rna
ACZ81_RS19300,-1.302369797413704,619.3124300314597,1.162022967176168e-06,1.918533392720488e-05,RNA,C3vsC1_rna
ACZ81_RS19305,-0.858829191206406,392.5562863712693,0.0061263579669884,0.0252091776036489,RNA,C3vsC1_rna
ACZ81_RS19310,-0.4941272079456125,106.82444820432096,0.0875116925826085,0.1942982349980218,RNA,C3vsC1_rna
ACZ81_RS19315,-0.5119639455169027,124.93655372879827,0.1169520965720016,0.2395159833827823,RNA,C3vsC1_rna
ACZ81_RS19320,-0.2800695096477038,145.248565913332,0.3782500316648796,0.541591408650784,RNA,C3vsC1_rna
ACZ81_RS19325,0.4529619324765181,334.9418182051066,0.1272944077671521,0.2565199059971266,RNA,C3vsC1_rna
ACZ81_RS19330,0.6808018207670635,119.62186515659285,0.1127068121891334,0.2333732086114987,RNA,C3vsC1_rna
ACZ81_RS19335,-0.1354623194464038,222.60422885149748,0.6874914998763261,0.8015739312710899,RNA,C3vsC1_rna
ACZ81_RS19340,0.2937309671035104,496.5839462615208,0.2183452556662374,0.3751610988149655,RNA,C3vsC1_rna
ACZ81_RS19345,-1.5262032513568553,4098.653061720579,0.002468959648627,0.0122138916279801,RNA,C3vsC1_rna
ACZ81_RS19350,-1.2410341038463473,578.940174877966,0.0378461140062121,0.1045000752876277,RNA,C3vsC1_rna
ACZ81_RS19355,-0.1218958873290723,138.69134415544897,0.6566440990331515,0.7772808023900536,RNA,C3vsC1_rna
ACZ81_RS19360,-0.1355927103917375,296.56907820108074,0.5096729257029728,0.6616440060565829,RNA,C3vsC1_rna
ACZ81_RS19365,-0.2758835942718823,644.3561043701558,0.2154146485444553,0.3721979198795671,RNA,C3vsC1_rna
ACZ81_RS19370,-0.0434830476670005,901.3964239831356,0.7673625755387425,0.8549454743297514,RNA,C3vsC1_rna
ACZ81_RS19375,0.378479306512289,3476.964594175597,0.175734627392281,0.3217395548584018,RNA,C3vsC1_rna
ACZ81_RS19380,0.4962915915227288,187.00313384914256,0.1607274035016355,0.3017493415295094,RNA,C3vsC1_rna
ACZ81_RS19385,0.2164328924494384,187.1148757754505,0.7778427535094831,0.8610859169689317,RNA,C3vsC1_rna
ACZ81_RS19390,-0.1256721864228564,221.33625549922104,0.9105962158970454,0.9442381023320672,RNA,C3vsC1_rna
ACZ81_RS19395,-0.360438135246225,26.876259884577987,0.513414719197713,0.6642437450568284,RNA,C3vsC1_rna
ACZ81_RS19400,0.5848113609710602,217.08726780093784,0.0327462585877717,0.0943129859685143,RNA,C3vsC1_rna
ACZ81_RS19405,0.4796443457944127,168.96776177324458,0.1761502093700868,0.3218190528200311,RNA,C3vsC1_rna
ACZ81_RS19410,0.6693929243871116,719.194659547269,0.0082577920162667,0.0320099145596736,RNA,C3vsC1_rna
ACZ81_RS19415,-0.5584397248353713,143.58009063358324,0.1298449482822445,0.2600788479822092,RNA,C3vsC1_rna
ACZ81_RS19420,-0.4939959362781211,106.93791514262624,0.2033771022912287,0.3570892491870501,RNA,C3vsC1_rna
ACZ81_RS19425,0.7684172236263578,118.54704678732548,0.0492623893501822,0.1258858000464531,RNA,C3vsC1_rna
ACZ81_RS19430,0.1783141074597749,500.4488046163232,0.4159037782796213,0.5762244162193985,RNA,C3vsC1_rna
ACZ81_RS19435,0.6111531230255182,1534.248789805297,0.0011256328437859,0.0062985201802919,RNA,C3vsC1_rna
ACZ81_RS19440,-1.666981270952712,18302.84675639675,0.0333584543103597,0.0951201980761644,RNA,C3vsC1_rna
ACZ81_RS19445,-0.111464713140376,697.945257988729,0.8135855977743152,0.8817140513966916,RNA,C3vsC1_rna
ACZ81_RS19450,0.0154489821747075,876.4464522275264,0.9750199923540388,0.984418613534648,RNA,C3vsC1_rna
ACZ81_RS19455,0.3446902013399485,3289.4615104285845,0.6512340096419316,0.7723177199773661,RNA,C3vsC1_rna
ACZ81_RS19460,-1.070301461005602,4324.933649292091,1.0682643857132503e-05,0.00012909267215305904,RNA,C3vsC1_rna
ACZ81_RS19465,-0.7985512453165494,6606.975730625329,0.0048905817378972,0.0210300256510649,RNA,C3vsC1_rna
ACZ81_RS19470,-0.112012636008459,620.9906543902202,0.7514876132120247,0.8448807650215368,RNA,C3vsC1_rna
ACZ81_RS19475,0.6386137498355041,21.388124247981228,0.3171605869002745,0.4819879828196596,RNA,C3vsC1_rna
ACZ81_RS19480,0.464671959560853,404.8907004020906,0.1446252128464688,0.2813342031406186,RNA,C3vsC1_rna
ACZ81_RS19485,-1.7117290397129212,7316.649616287133,0.00020610961856547632,0.0015172693388709,RNA,C3vsC1_rna
ACZ81_RS19495,-0.6949595081021692,288.15473293085694,0.0111704779662577,0.0403747365771406,RNA,C3vsC1_rna
ACZ81_RS19500,-0.1784774556770466,381.01397618620985,0.5890762115774224,0.7227442693726663,RNA,C3vsC1_rna
ACZ81_RS19505,0.1645764915691557,141.75397525429935,0.6413398300567322,0.7655624511120529,RNA,C3vsC1_rna
ACZ81_RS19510,-0.1108766077792414,212.8265358113016,0.713429304886428,0.8203588456132652,RNA,C3vsC1_rna
ACZ81_RS19515,-1.074100054568538,573.1999215642844,0.0008718060506085252,0.0050963222432891,RNA,C3vsC1_rna
ACZ81_RS19520,-1.6249499507726206,7499.040392019558,3.524423852947914e-10,1.4139988498027033e-08,RNA,C3vsC1_rna
ACZ81_RS19525,-1.316924263867392,3986.76576385792,0.0001951619539684349,0.0014499810357802,RNA,C3vsC1_rna
ACZ81_RS19530,-0.562427134856602,491.01652283679584,0.1629220987007181,0.305176729765235,RNA,C3vsC1_rna
ACZ81_RS19535,-0.8185954985196507,453.5997797436351,0.0695154003326394,0.1632879309921248,RNA,C3vsC1_rna
ACZ81_RS19540,-0.3449190873213447,161.12523090640585,0.4351354608742535,0.5952142751542807,RNA,C3vsC1_rna
ACZ81_RS19545,-0.4742709643543022,341.5718754601511,0.2202615133513686,0.3771614133869787,RNA,C3vsC1_rna
ACZ81_RS19550,-0.0952355907729806,88.74792849083154,0.7863046867071815,0.8664252686265345,RNA,C3vsC1_rna
ACZ81_RS19555,-0.982663170101915,1476.449986484285,0.007308128116859,0.029001196839603,RNA,C3vsC1_rna
ACZ81_RS19560,-0.7676299687185653,969.8446673273334,0.0102606480205698,0.0378361395758514,RNA,C3vsC1_rna
ACZ81_RS19565,-0.8599685547155529,3527.033253592077,0.0179615067556746,0.059309930126557,RNA,C3vsC1_rna
ACZ81_RS19570,-1.2812937568247975,3403.1274403830434,0.0001226702185292453,0.0009882588689544825,RNA,C3vsC1_rna
ACZ81_RS19575,-1.6979718362438123,2297.4236414427114,2.8708662704904598e-08,7.391758099555137e-07,RNA,C3vsC1_rna
ACZ81_RS19580,0.1755518493952062,1313.3386870866543,0.509187997471594,0.6616440060565829,RNA,C3vsC1_rna
ACZ81_RS19585,-0.9353086157351428,1229.1163036355372,0.00018133012483085784,0.0013726348317384,RNA,C3vsC1_rna
ACZ81_RS19590,-0.1218857300924113,2324.140245958645,0.5810495993816356,0.7159616071004674,RNA,C3vsC1_rna
ACZ81_RS19595,-0.259464709144593,773.3303236601,0.3143218286022196,0.4791218291551533,RNA,C3vsC1_rna
ACZ81_RS19600,-0.6075756147049051,1323.2096690090616,0.0293179784581259,0.0859194518436825,RNA,C3vsC1_rna
ACZ81_RS19605,-0.5515774801957298,346.37748705695515,0.1291657541727756,0.2591065028705879,RNA,C3vsC1_rna
ACZ81_RS19610,-0.1849879633856976,32.76045699031076,0.7186376647802044,0.8240867699751763,RNA,C3vsC1_rna
ACZ81_RS19615,-1.0065656009837578,169.66708483689905,0.0023075374767887,0.0115147268120355,RNA,C3vsC1_rna
ACZ81_RS19620,2.917157041816976,478.15017093598806,2.410077514292112e-05,0.00024985092990542515,RNA,C3vsC1_rna
ACZ81_RS19625,0.0299180106278561,569.2091602791512,0.9207416358558675,0.9510853354927242,RNA,C3vsC1_rna
ACZ81_RS19630,0.2472832550933043,1320.9902787089045,0.3519072874517563,0.5162164670041852,RNA,C3vsC1_rna
ACZ81_RS19635,-0.5779816395653958,788.9630714669514,0.0406463808719708,0.110333748348002,RNA,C3vsC1_rna
ACZ81_RS19640,-0.8515790850316779,529.5418595827005,0.0021163248589545,0.0107341281088818,RNA,C3vsC1_rna
ACZ81_RS19645,-1.525818476145213,116.81102486343048,0.000915998529574154,0.0052953690211116,RNA,C3vsC1_rna
ACZ81_RS19650,-2.0977488687254184,264.3843058940876,0.00037899238168626607,0.0025774465240648,RNA,C3vsC1_rna
ACZ81_RS19655,-0.5469464354807407,953.1052364193478,0.1810842062450225,0.3290352515647782,RNA,C3vsC1_rna
ACZ81_RS19660,1.1195964695605087,54.51849468343746,0.0245842258082035,0.0747777967721853,RNA,C3vsC1_rna
ACZ81_RS19665,0.1100859807482093,361.51167258771466,0.7016553112480872,0.8121872789172896,RNA,C3vsC1_rna
ACZ81_RS19670,0.3089041569517091,215.64240372092223,0.334704578997647,0.4997524268472497,RNA,C3vsC1_rna
ACZ81_RS19675,0.1461715471334925,231.7456694485379,0.6713532464722288,0.7898736729755372,RNA,C3vsC1_rna
ACZ81_RS19680,0.3996282200392602,1847.8859341753464,0.1590812703889774,0.2996982811588051,RNA,C3vsC1_rna
ACZ81_RS19685,0.6060958019736009,241.36904133540548,0.0499128725702509,0.1271431395249822,RNA,C3vsC1_rna
ACZ81_RS19695,3.9046665870257775,355.70601773212053,1.7805734106770742e-12,1.1710918891207247e-10,RNA,C3vsC1_rna
ACZ81_RS19700,-0.7191883559787425,831.5596394292257,0.0303495494782625,0.0885634073433488,RNA,C3vsC1_rna
ACZ81_RS19705,-0.6250230078000578,711.5515489687207,0.0829272990517522,0.1863889769163193,RNA,C3vsC1_rna
ACZ81_RS19710,-0.270042890526319,564.4478645766108,0.5388875480461037,0.683794847304756,RNA,C3vsC1_rna
ACZ81_RS19715,-1.5248346992102542,8370.814336899399,3.380902759149622e-05,0.00032843055374596325,RNA,C3vsC1_rna
ACZ81_RS19720,-0.8782411987297141,1832.0398590014397,0.0008122985834950766,0.0048155332862802,RNA,C3vsC1_rna
ACZ81_RS19725,1.0164208877695304,568.7481266636562,0.0011826663594745,0.0065550505022802,RNA,C3vsC1_rna
ACZ81_RS19730,0.2841434145386857,128.57751343134746,0.5289191944391576,0.6766657551307079,RNA,C3vsC1_rna
ACZ81_RS19735,-1.5018672369745116,37.43730080775518,0.0181453294951179,0.0598676496171161,RNA,C3vsC1_rna
ACZ81_RS19740,-1.7136898777939165,8.62744527619169,0.1282558027782263,0.2576676418358757,RNA,C3vsC1_rna
ACZ81_RS19745,0.7308509444738797,134.50432218075912,0.076503722614266,0.1747156328840673,RNA,C3vsC1_rna
ACZ81_RS19750,0.1119995499535774,773.7142055474812,0.6976617474978453,0.8091988814574603,RNA,C3vsC1_rna
ACZ81_RS19755,-0.0018925179870138,1012.8417618248322,0.9958836386089184,0.9973752266847182,RNA,C3vsC1_rna
ACZ81_RS19760,-0.8331650921135012,2010.2414534240272,0.0046546391889592,0.0202104030585544,RNA,C3vsC1_rna
ACZ81_RS19765,-0.190283777785109,227.42219403301647,0.4516434250170647,0.6109655764695644,RNA,C3vsC1_rna
ACZ81_RS19770,-0.1778350191848743,552.29432581227,0.3295909611915742,0.4943985788190969,RNA,C3vsC1_rna
ACZ81_RS19775,-1.527889516568466,1118.9015998345883,0.0013503157176977,0.0072994884442915,RNA,C3vsC1_rna
ACZ81_RS19780,-1.531300039996032,579.9034392021432,0.0001891552200760765,0.0014158409383306,RNA,C3vsC1_rna
ACZ81_RS19785,-0.1045338323635344,190.2947439058049,0.7868015135168094,0.8665620379622154,RNA,C3vsC1_rna
ACZ81_RS19790,-0.2388915148943562,611.9550718677881,0.3163351098155857,0.4810229686447185,RNA,C3vsC1_rna
ACZ81_RS19795,-0.5764918975118956,320.32151655953226,0.0993598660634024,0.2126036174113976,RNA,C3vsC1_rna
ACZ81_RS19800,-0.7760122484364732,172.80759325247146,0.0119918117520115,0.0428035131219488,RNA,C3vsC1_rna
ACZ81_RS19805,-0.3316593136059882,1171.1096768330765,0.5899580793053874,0.7236049569468708,RNA,C3vsC1_rna
ACZ81_RS19810,-1.2826453089189271,1893.3852320157232,1.9997493336790004e-05,0.000213946515379204,RNA,C3vsC1_rna
ACZ81_RS19815,0.0053285314075708,299.3917792334512,0.9913618200067812,0.9940873836208962,RNA,C3vsC1_rna
ACZ81_RS19820,-0.3275402038657997,31.331873427799728,0.502838410553546,0.6567017262828211,RNA,C3vsC1_rna
ACZ81_RS19825,0.103502455198214,254.47781501119368,0.7683511396168213,0.8555716825264188,RNA,C3vsC1_rna
ACZ81_RS19830,0.4553187053929949,215.75310178465963,0.1584083239837628,0.2989342407445233,RNA,C3vsC1_rna
ACZ81_RS19835,0.8403971484349322,743.7642914827237,0.0514762054676017,0.129725211266343,RNA,C3vsC1_rna
ACZ81_RS19840,0.6269488690149163,4083.276796807447,0.1472258148946892,0.2846602261963822,RNA,C3vsC1_rna
ACZ81_RS19845,0.9401027363977736,2228.5116885001016,0.0404261092329162,0.1100336161753459,RNA,C3vsC1_rna
ACZ81_RS19850,0.900744392474936,4709.605894589039,0.0889804601832889,0.1964118065216265,RNA,C3vsC1_rna
ACZ81_RS19855,0.8399756774626139,2296.823232541605,0.13738613744985,0.2708566012033406,RNA,C3vsC1_rna
ACZ81_RS19860,0.9878515589287948,3191.6901246167818,0.0239409245769806,0.0734896628942971,RNA,C3vsC1_rna
ACZ81_RS19865,1.143686283670405,921.8840113069116,0.0016720200645781,0.0088347314620889,RNA,C3vsC1_rna
ACZ81_RS19870,1.751553907069609,2073.468472028854,0.00018858312551248613,0.0014141971954319,RNA,C3vsC1_rna
ACZ81_RS19875,1.8174000143807287,1756.3215342536162,0.0025766876795588,0.0125762420564358,RNA,C3vsC1_rna
ACZ81_RS19880,0.8390725133029823,1510.8332414384065,2.918670841944669e-05,0.00029128625417616945,RNA,C3vsC1_rna
ACZ81_RS19885,0.4752158620334578,1909.7255556733423,0.0342458502478728,0.0972757786359059,RNA,C3vsC1_rna
ACZ81_RS19890,0.3135843839367123,949.3517089745192,0.2665661648166351,0.4288767915915862,RNA,C3vsC1_rna
ACZ81_RS19895,1.0242253948958162,5128.712543843079,0.0064892082433181,0.0263242704471107,RNA,C3vsC1_rna
ACZ81_RS19905,-0.5165071216338402,1246.321515844282,0.004529732915297,0.0198181989707432,RNA,C3vsC1_rna
ACZ81_RS19910,0.3504136555715017,138.8407625255384,0.4800493500677049,0.6371015522565769,RNA,C3vsC1_rna
ACZ81_RS19915,-0.2011764516901198,139.92710218560725,0.6569688935455313,0.7772808023900536,RNA,C3vsC1_rna
ACZ81_RS19920,0.026696559310876,569.97774349198,0.9536512083372078,0.9730410128536208,RNA,C3vsC1_rna
ACZ81_RS19925,0.1464672745442257,458.7830259576332,0.6082267316133307,0.7388900676390157,RNA,C3vsC1_rna
ACZ81_RS19930,0.9690514831658764,1068.627971177786,0.0012215218179724,0.0067225590311462,RNA,C3vsC1_rna
ACZ81_RS19935,1.7656512858050666,805.1260221758471,0.0010848938740484,0.0060960703398914,RNA,C3vsC1_rna
ACZ81_RS19940,1.7477516058785048,1102.4357886894916,0.0028217282757461,0.0136492674814029,RNA,C3vsC1_rna
ACZ81_RS19945,-0.6741673081309917,461.99599552104047,0.0852707039992887,0.1904045747887637,RNA,C3vsC1_rna
ACZ81_RS19950,-1.0958891589730455,741.6499100595113,0.0101499290353683,0.0375659735146659,RNA,C3vsC1_rna
ACZ81_RS19955,-1.0927800632573754,1762.8181811789048,0.1324906895040337,0.2639288213953243,RNA,C3vsC1_rna
ACZ81_RS19960,-0.7450614194207053,176.78893614363452,0.0835584319284898,0.1873876069855233,RNA,C3vsC1_rna
ACZ81_RS19965,-0.9004524678925552,135.60152601055572,0.1178742544319661,0.2409126381971718,RNA,C3vsC1_rna
ACZ81_RS19970,-1.0534202229759857,182.2469014181176,0.0184940417917142,0.0606193592061745,RNA,C3vsC1_rna
ACZ81_RS19975,0.3647572908153361,514.6072588267439,0.3131871207392271,0.4781228038073742,RNA,C3vsC1_rna
ACZ81_RS19980,0.4221234181829868,193.85859838672488,0.091349189946888,0.1998325790986448,RNA,C3vsC1_rna
ACZ81_RS19985,-1.5397202091526123,3078.3727732409,0.0014526594661714,0.0077604124877229,RNA,C3vsC1_rna
ACZ81_RS20005,0.02554710462367,41.1226515430098,0.9614903174077528,0.9775720105017496,RNA,C3vsC1_rna
ACZ81_RS20015,0.2062260596150412,36.25293458138661,0.705589016564577,0.8146348154648771,RNA,C3vsC1_rna
ACZ81_RS20020,-0.6194446110990466,39.494630572769786,0.2241949484030203,0.3824277776330432,RNA,C3vsC1_rna
ACZ81_RS20025,-0.1293149036305136,557.9951729384971,0.5807557940938094,0.7159616071004674,RNA,C3vsC1_rna
ACZ81_RS20030,-0.142568386731807,83.33094297105961,0.67002607491222,0.7890063435714196,RNA,C3vsC1_rna
ACZ81_RS20035,-0.2236550937116613,82.23289501734021,0.5009112520188839,0.6554650825504769,RNA,C3vsC1_rna
ACZ81_RS20040,-0.4279348415604317,307.9871723587568,0.1575331445559902,0.2988288302404883,RNA,C3vsC1_rna
ACZ81_RS20045,0.3391780424463045,121.65241629256684,0.456076385280218,0.6158796559219908,RNA,C3vsC1_rna
ACZ81_RS20050,0.3932888249274494,74.79757507092455,0.474538103663874,0.6316678407098416,RNA,C3vsC1_rna
ACZ81_RS20055,-1.0044144674161437,44.28935121908871,0.0327358305460694,0.0943129859685143,RNA,C3vsC1_rna
ACZ81_RS20060,-1.881206069582189,34.273098053920265,0.0003402804381225535,0.0023538019271511,RNA,C3vsC1_rna
ACZ81_RS20065,-0.6600760621973675,46.78700292199361,0.091955470088637,0.2007210805199193,RNA,C3vsC1_rna
ACZ81_RS20070,-0.0873576493209212,228.7442631320313,0.728200650554296,0.8292764717637908,RNA,C3vsC1_rna
ACZ81_RS20075,-0.261108301985602,1229.7449554194773,0.288040180927446,0.4495886297436431,RNA,C3vsC1_rna
ACZ81_RS20080,-0.3846672455025862,278.89130513038106,0.3801128541062983,0.5430150829773964,RNA,C3vsC1_rna
ACZ81_RS20085,0.2626880723666193,429.0826514071943,0.4799019992986951,0.6371015522565769,RNA,C3vsC1_rna
ACZ81_RS20090,0.0240651682434775,58.13236287164772,0.9510100842635196,0.9713473671245524,RNA,C3vsC1_rna
ACZ81_RS20095,-0.5965708801189141,117.36521281730823,0.0522097160488579,0.1312439729248233,RNA,C3vsC1_rna
ACZ81_RS20100,-1.9877738635016493,414.04486175903526,8.297895655591081e-10,2.8453980658317456e-08,RNA,C3vsC1_rna
ACZ81_RS20105,-1.5562919283354293,62.64301160044899,0.0003630400167997425,0.002485523118431,RNA,C3vsC1_rna
ACZ81_RS20125,-0.7623447672200312,2.996556957464256,0.6957481064996595,0.8081474821298883,RNA,C3vsC1_rna
ACZ81_RS20130,-0.2967375796505958,592.782642270272,0.3886301945940557,0.5504671507016221,RNA,C3vsC1_rna
ACZ81_RS20135,-0.1692664133986087,421.9622239506297,0.5857961962064058,0.7198206245574579,RNA,C3vsC1_rna
ACZ81_RS20140,-1.3583703132669311,761.8670500612985,6.838370026813292e-05,0.0006013541456331269,RNA,C3vsC1_rna
ACZ81_RS20150,-1.2524195582774698,1079.869295059971,0.0264432176913053,0.07917178311755,RNA,C3vsC1_rna
ACZ81_RS20170,1.2035772997095022,232.16707426157475,0.00874018098807,0.033174651016213,RNA,C3vsC1_rna
ACZ81_RS20180,-0.7871530013899402,74.58212348818167,0.2969126601578989,0.4600513937706681,RNA,C3vsC1_rna
ACZ81_RS20185,-0.0858930418856271,179.0684684356611,0.8825348063321432,0.927120934414174,RNA,C3vsC1_rna
ACZ81_RS20190,0.2598530469061242,148.8452815224121,0.5288539480961063,0.6766657551307079,RNA,C3vsC1_rna
ACZ81_RS20195,0.2069394560666089,91.45575822241295,0.6940274533489337,0.8072027525140016,RNA,C3vsC1_rna
ACZ81_RS20200,0.1114054005972708,73.96700413677442,0.8377543976547712,0.8972792901895853,RNA,C3vsC1_rna
ACZ81_RS20205,-0.1736908313537873,88.90418033799041,0.7615436777538782,0.8511230942047717,RNA,C3vsC1_rna
ACZ81_RS20210,0.1086693770979646,512.8594338891969,0.8104268796928445,0.8794786695503631,RNA,C3vsC1_rna
ACZ81_RS20215,0.5254707951492064,76.30623975273565,0.2212702666736386,0.3786159207014936,RNA,C3vsC1_rna
ACZ81_RS20220,0.4799622230703547,125.6042507284626,0.1709651388970786,0.3158075404054536,RNA,C3vsC1_rna
ACZ81_RS20230,0.685294666150314,188.3830705624592,0.0804459043872657,0.1818304047333579,RNA,C3vsC1_rna
ACZ81_RS20235,0.3018450886603359,128.72260735859663,0.5969839104433451,0.7292568376679083,RNA,C3vsC1_rna
ACZ81_RS20240,-0.2622208771443097,47.79278390132686,0.614737079664923,0.744589980301062,RNA,C3vsC1_rna
ACZ81_RS20245,-0.1617286389025934,45.25455561366043,0.7656842232555198,0.8544993334356455,RNA,C3vsC1_rna
ACZ81_RS20250,-0.7403367908537185,32.748522552802314,0.204527275233856,0.3589516309003632,RNA,C3vsC1_rna
ACZ81_RS20255,0.0585700014119233,335.4097321841543,0.8989123265099117,0.9374046936561284,RNA,C3vsC1_rna
ACZ81_RS20260,-0.3116337742324336,207.25666976582025,0.5697915300110787,0.7101422101139621,RNA,C3vsC1_rna
ACZ81_RS20265,-0.7737641494879953,62.33496876192362,0.1462285704040325,0.2831535222867929,RNA,C3vsC1_rna
ACZ81_RS20270,-0.5241380251956066,90.62509465279032,0.2090726113681529,0.364220285197147,RNA,C3vsC1_rna
ACZ81_RS20275,0.3093878200857727,145.05470728783698,0.3768194533765247,0.5401213458187271,RNA,C3vsC1_rna
ACZ81_RS20280,-0.4370859542144362,94.45503038067008,0.3935215787381244,0.5543569430819365,RNA,C3vsC1_rna
ACZ81_RS20285,-0.5381393728682721,115.19215991675416,0.2741730810838904,0.4359819267968958,RNA,C3vsC1_rna
ACZ81_RS20290,-0.3876851594337048,304.26320126512866,0.3893060916371951,0.550933347318669,RNA,C3vsC1_rna
ACZ81_RS20300,-0.3227484632348683,238.04605923210949,0.5167014067388735,0.6667758262580767,RNA,C3vsC1_rna
ACZ81_RS20305,-0.2057599260968262,237.57333857894747,0.7111021574480313,0.8183998438558524,RNA,C3vsC1_rna
ACZ81_RS20320,-0.4911810338091147,917.1218893767134,0.05935464368056,0.1445475305082563,RNA,C3vsC1_rna
ACZ81_RS20325,0.7582193921818862,43.57068802229339,0.1125249534008133,0.2332654380194792,RNA,C3vsC1_rna
ACZ81_RS20335,-0.3371690483665793,39.80976394263206,0.4635513400991327,0.622303790715636,RNA,C3vsC1_rna
ACZ81_RS20340,-0.4592473840422827,182.72570864304703,0.212564914949722,0.3687031728397255,RNA,C3vsC1_rna
ACZ81_RS20345,-0.2326027715283375,100.63155322740388,0.6449692789082909,0.7682947586045319,RNA,C3vsC1_rna
ACZ81_RS20355,-0.1287535726000774,432.4014622112898,0.5707210694512901,0.7106557823210974,RNA,C3vsC1_rna
ACZ81_RS20360,0.0719285252871609,138.4318432327665,0.7814304692267324,0.8636636480819974,RNA,C3vsC1_rna
ACZ81_RS20365,-0.560253767901139,88.96903109911646,0.3507041131150697,0.5148279918835199,RNA,C3vsC1_rna
ACZ81_RS20370,-0.5271039046547119,43.34125024502418,0.3035291096663201,0.4672904021417023,RNA,C3vsC1_rna
ACZ81_RS20375,0.1465522203267922,1036.7675875346793,0.5556250687219519,0.6974867883956417,RNA,C3vsC1_rna
ACZ81_RS20390,-0.4442302064930858,38.68197463120955,0.3638520256307587,0.5266713442138842,RNA,C3vsC1_rna
ACZ81_RS20395,-1.4773663425770436,131.18048037386023,6.458988081348881e-06,8.353844033611009e-05,RNA,C3vsC1_rna
ACZ81_RS20400,0.3690982716198689,18.570478473860465,0.6222257115888659,0.7514658503595816,RNA,C3vsC1_rna
ACZ81_RS20405,-0.367608555979222,262.3001046200108,0.2962953920438773,0.4597038305023673,RNA,C3vsC1_rna
ACZ81_RS20410,0.34882120774405,50.5044143050925,0.4555192453081135,0.6153344148741251,RNA,C3vsC1_rna
ACZ81_RS20415,-0.8064916056952522,28.875006139025075,0.1976219311426561,0.3502028214418446,RNA,C3vsC1_rna
ACZ81_RS20425,-1.372307241742643,8.639070350937416,0.0999227467882063,0.2128996601775273,RNA,C3vsC1_rna
ACZ81_RS20430,-1.8890337251607487,614.9214161979385,0.0010124024797218,0.0057695436770514,RNA,C3vsC1_rna
ACZ81_RS20435,-2.1277155935015624,395.5340748046822,0.0005974278432346342,0.0036951357302422,RNA,C3vsC1_rna
ACZ81_RS20440,-2.2520693249441663,410.22917488817706,5.411100442070788e-06,7.285011736103357e-05,RNA,C3vsC1_rna
ACZ81_RS20450,-0.4175585105387201,349.2712487595162,0.3361384971209917,0.5011068106398643,RNA,C3vsC1_rna
ACZ81_RS20455,-0.0574069177127744,135.78584839226235,0.8805735499768224,0.9261637041987488,RNA,C3vsC1_rna
ACZ81_RS20460,-1.689444713070853,414.274759556548,8.163127181369615e-08,1.87145521438028e-06,RNA,C3vsC1_rna
ACZ81_RS20470,-0.4416842902793842,180.37492629872352,0.2779450115900088,0.4393677645780597,RNA,C3vsC1_rna
ACZ81_RS20475,-1.1003951551037632,64.61536855825622,0.0067345822481254,0.0271276545978707,RNA,C3vsC1_rna
ACZ81_RS20480,0.0943129111895468,108.00351217877557,0.7671481154060049,0.8549439552802476,RNA,C3vsC1_rna
ACZ81_RS20485,-0.1087505858219167,444.40281926072254,0.7161689134835358,0.8223439269879638,RNA,C3vsC1_rna
ACZ81_RS20490,-0.3747446166971956,234.5908841836469,0.3214552828563781,0.485571760097812,RNA,C3vsC1_rna
ACZ81_RS20495,-1.258847160629847,11.220064883102676,0.3189832709942277,0.4838415437538153,RNA,C3vsC1_rna
ACZ81_RS20500,-0.1961269059062642,2143.989996681825,0.7771980901875801,0.8606455252091006,RNA,C3vsC1_rna
ACZ81_RS20510,-0.1729031695129127,9874.27476357536,0.7263705379999122,0.8285193446104747,RNA,C3vsC1_rna
ACZ81_RS20515,-0.8048570673797424,467.2745038555512,0.1023763818881493,0.2175498115123174,RNA,C3vsC1_rna
ACZ81_RS20525,-0.2419356906888584,451.9858121102776,0.4984448932640522,0.6537895638892821,RNA,C3vsC1_rna
ACZ81_RS20530,-0.8681099363354127,116.51479911999968,0.012802951014134,0.0452958020006225,RNA,C3vsC1_rna
ACZ81_RS20535,-0.6949271793179302,304.7190852170491,0.0944510758142059,0.2040590824806646,RNA,C3vsC1_rna
ACZ81_RS20540,-0.1346491219392181,302.6342451745836,0.6793156197001551,0.7959737927094106,RNA,C3vsC1_rna
ACZ81_RS20545,-0.238340731630912,773.6130984431658,0.3600117997544719,0.5240810379589773,RNA,C3vsC1_rna
ACZ81_RS20550,0.0746278448598675,578.2629001267499,0.8514633756146376,0.9066006005748212,RNA,C3vsC1_rna
ACZ81_RS20555,0.0232497806629773,228.7596103554323,0.9220489622823514,0.951700652605298,RNA,C3vsC1_rna
ACZ81_RS20560,-0.6454348391885628,20.31209388982292,0.2248534623718972,0.3830624590386631,RNA,C3vsC1_rna
ACZ81_RS20565,-1.4204383752757714,52.84173088832715,0.0004145627093120916,0.002781313695251,RNA,C3vsC1_rna
ACZ81_RS20570,-1.5023451895663562,31.18440952700967,0.0036425289212216,0.016550199356672,RNA,C3vsC1_rna
ACZ81_RS20575,-0.9389399671724424,30.34395743520156,0.1055810794228224,0.2224096031635647,RNA,C3vsC1_rna
ACZ81_RS20580,-0.3877613764293005,8.04777172703727,0.7052004752888493,0.8146348154648771,RNA,C3vsC1_rna
ACZ81_RS20585,0.35659657004404,197.7649754261924,0.1982635199342036,0.3511846542940507,RNA,C3vsC1_rna
ACZ81_RS20590,-1.6757148273395377,6.944746027176497,0.1510481852971792,0.2899546982833889,RNA,C3vsC1_rna
ACZ81_RS20595,0.2823432848896488,282.2731846569454,0.2616824015479594,0.4233345947622633,RNA,C3vsC1_rna
ACZ81_RS20600,-0.0897298060682212,300.03171321412884,0.7538843679358084,0.8450919486332672,RNA,C3vsC1_rna
ACZ81_RS20605,-0.3868966400916607,159.68039323945368,0.2062435152197259,0.3607672199764827,RNA,C3vsC1_rna
ACZ81_RS20615,-0.3057948222150475,211.2180944056952,0.4780170187171522,0.6350345295010645,RNA,C3vsC1_rna
ACZ81_RS20620,-0.3157655574400842,504.61036574407314,0.0995938073945687,0.2126435823806644,RNA,C3vsC1_rna
ACZ81_RS20625,-0.3010119222121029,2947.7880845473464,0.0957891817924933,0.206283519780721,RNA,C3vsC1_rna
ACZ81_RS20635,0.0750485540098941,4.68225650237106,0.9495460114463826,0.9708716718469445,RNA,C3vsC1_rna
ACZ81_RS20655,-0.5084506390541379,163.0233580223112,0.1141173694255675,0.2350302290222674,RNA,C3vsC1_rna
ACZ81_RS20660,-0.1312683087528794,51.15999088616349,0.7333315782302227,0.8320492906842911,RNA,C3vsC1_rna
ACZ81_RS20665,0.0108851480112871,56.94673145683141,0.9780333108708772,0.986144670322684,RNA,C3vsC1_rna
ACZ81_RS20670,-0.1590890611198296,116.3057321784153,0.7876797703097291,0.8666060642229728,RNA,C3vsC1_rna
ACZ81_RS20675,-0.2847868809517502,104.51457928431454,0.4325186102095176,0.5930501244567958,RNA,C3vsC1_rna
ACZ81_RS20680,-0.2267013616702787,99.80657486403798,0.5619287719263231,0.7029804281161235,RNA,C3vsC1_rna
ACZ81_RS20685,-0.7164094883571704,104.73584497729163,0.2024557351043672,0.3560948747210527,RNA,C3vsC1_rna
ACZ81_RS20690,0.3486860796069532,53.11349045402565,0.3945126949018176,0.5549736788029777,RNA,C3vsC1_rna
ACZ81_RS20705,-1.876533329264616,138.4755409696553,0.0168993887123698,0.0565002895950231,RNA,C3vsC1_rna
ACZ81_RS20710,-0.9739113921036232,583.7704217726185,0.0261661018699596,0.078576647232244,RNA,C3vsC1_rna
ACZ81_RS20715,-1.92313610675394,34.02099402759713,0.0008808502685183504,0.0051365861588599,RNA,C3vsC1_rna
ACZ81_RS20720,-0.3980552935146584,28.837580330420305,0.6183533477137277,0.7483017131135676,RNA,C3vsC1_rna
ACZ81_RS20725,-0.8031884952898232,44.2693875871479,0.2644192919985287,0.4263867361326757,RNA,C3vsC1_rna
ACZ81_RS20730,0.1133194338243843,15.42857874227446,0.9155175882519436,0.9476410124011349,RNA,C3vsC1_rna
ACZ81_RS20745,0.7445070133154313,140.07183831076892,0.0193323113671239,0.0627010777727578,RNA,C3vsC1_rna
ACZ81_RS20765,-0.320929379847729,6.330355709753602,0.766442095256883,0.8549439552802476,RNA,C3vsC1_rna
ACZ81_RS20790,3.0373741294050336,170.62460349695198,0.0003305411357241904,0.0022983206872191,RNA,C3vsC1_rna
ACZ81_RS20800,0.44803058035406,40.993455642869854,0.3674367386566721,0.5298907963661282,RNA,C3vsC1_rna
ACZ81_RS20815,0.5161991647189663,55.55049871258485,0.4623423221559109,0.6211595294040623,RNA,C3vsC1_rna
ACZ81_RS20845,1.3468946514246056,1265.198971124856,0.0197737833729839,0.0637208183874793,RNA,C3vsC1_rna
ACZ81_RS20875,-0.1769251771650631,30.942570196322578,0.7686309071979464,0.8556397714411702,RNA,C3vsC1_rna
ACZ81_RS20885,-0.8980261427978736,915.473779890593,0.2376039522542168,0.3983480767055136,RNA,C3vsC1_rna
ACZ81_RS20895,0.2542303989616528,108.99615969289884,0.5381177042741787,0.6835580258469977,RNA,C3vsC1_rna
ACZ81_RS20900,1.4103637750755245,15.28080524310592,0.0920148963204811,0.2007415791396251,RNA,C3vsC1_rna
ACZ81_RS20915,0.8789248993397678,2263.9012202391627,0.1627696226742573,0.3051550122285609,RNA,C3vsC1_rna
ACZ81_RS20920,-0.0601157019991371,207.61694508091497,0.9402438739971298,0.9647719750579246,RNA,C3vsC1_rna
ACZ81_RS20925,0.9639641218006524,5.464791290594358,0.3760236746840514,0.5397520511028315,RNA,C3vsC1_rna
ACZ81_RS21035,0.6264894143120575,140.7401371466792,0.2457595576444365,0.4076012175566263,RNA,C3vsC1_rna
ACZ81_RS21040,0.4241358778132776,537.2740999929352,0.1348881424934241,0.2675912285707258,RNA,C3vsC1_rna
ACZ81_RS21060,0.2842519413283713,20.97582790500375,0.7171006661631524,0.822707427122267,RNA,C3vsC1_rna
ACZ81_RS21070,-0.0377234606174721,48.080045690711295,0.956450928751282,0.974423851231626,RNA,C3vsC1_rna
ACZ81_RS21125,0.1136807348698357,11.613934210567727,0.9097939937826536,0.9438301179008064,RNA,C3vsC1_rna
ACZ81_RS21145,-2.531388701550443,813.0184922200154,0.0017296140903268,0.0091065770740042,RNA,C3vsC1_rna
ACZ81_RS21155,-1.153356487077522,11793.88381139696,0.0130802641004643,0.0460737660852176,RNA,C3vsC1_rna
ACZ81_RS21165,-1.2537734446154256,3.381208478100232,0.2380236500172397,0.3985604690605867,RNA,C3vsC1_rna
ACZ81_RS21170,-0.7745833535944077,366.9745084866018,0.1930165939650472,0.3455522422970858,RNA,C3vsC1_rna
ACZ81_RS21190,-0.1005967872883211,37.94789553838828,0.8898680385588184,0.9311475028144208,RNA,C3vsC1_rna
ACZ81_RS21195,-0.396466988705704,868.7608483574425,0.3634520526282972,0.5266051408973379,RNA,C3vsC1_rna
ACZ81_RS21200,-1.3183825325964311,11.670160822638485,0.0891140162680515,0.1965505405538333,RNA,C3vsC1_rna
ACZ81_RS21205,1.3639659837065818,761.6978731678921,0.0157635268509811,0.0535053043368328,RNA,C3vsC1_rna
ACZ81_RS21210,-1.1311173067507487,9.297055369465207,0.2404612925764789,0.401135428614068,RNA,C3vsC1_rna
ACZ81_RS21215,0.247769105938234,24.022112511716166,0.7425034005848085,0.8391334206045779,RNA,C3vsC1_rna
ACZ81_RS21220,-0.9219031551004512,5.75245343919023,0.2674392773266644,0.4298743512157763,RNA,C3vsC1_rna
ACZ81_RS21225,0.9206165918528102,1.6986559366377596,0.7272070495736908,0.828850762184559,RNA,C3vsC1_rna
ACZ81_RS21230,-0.3046095688591592,2821.2809830710385,0.5722955299318668,0.7111547159590909,RNA,C3vsC1_rna
ACZ81_RS21235,-0.1379373700353676,63.721403796480665,0.7217200919078592,0.8256064797982346,RNA,C3vsC1_rna
ACZ81_RS21240,-11.065809246599526,2155.548748595499,5.244321643996904e-14,4.781867826298996e-12,RNA,C3vsC1_rna
ACZ81_RS21245,0.6919054854030215,50.41210216930886,0.2619674821306247,0.4234542861837496,RNA,C3vsC1_rna
ACZ81_RS21250,-3.2334883003376738,2.564584615342474,0.0986880710722756,0.2116176061688775,RNA,C3vsC1_rna
ACZ81_RS21255,-1.0985901458524563,208.3303377433363,0.056148067563917,0.1387106201148,RNA,C3vsC1_rna
ACZ81_RS21260,-1.5602153235066412,7.229324863769305,0.1107669513979141,0.2307357263802863,RNA,C3vsC1_rna
ACZ81_RS21265,0.6104319031812092,206.38557172435483,0.3488088936305814,0.5139361797566953,RNA,C3vsC1_rna
ACZ81_RS21270,1.0586365017726709,275.06146037641474,0.00046783738013928287,0.0030769894575718,RNA,C3vsC1_rna
ACZ81_RS21275,-0.0483921849466664,381.3251447306891,0.8595977393608795,0.9123901975694408,RNA,C3vsC1_rna
ACZ81_RS21280,0.9315730667087934,1420.9710315358493,0.0218580686593046,0.0687261531827038,RNA,C3vsC1_rna
ACZ81_RS21290,-1.2510025117342682,134.83930535471606,0.0229681643854284,0.071599281673923,RNA,C3vsC1_rna
ACZ81_RS21295,1.8852122718132136,16049.295954015672,0.0009554936725011104,0.0054999147978112,RNA,C3vsC1_rna
ACZ81_RS21305,0.8021336247105526,1247.479425322529,0.2470569273297704,0.4092454138922539,RNA,C3vsC1_rna
ACZ81_RS21310,0.4346310335934859,55.43645644630861,0.5272588478221131,0.6758346637259801,RNA,C3vsC1_rna
ACZ81_RS21315,-0.6782640230031055,748.3029765763288,0.2524720293205701,0.4129346616732319,RNA,C3vsC1_rna
ACZ81_RS21320,-0.835091408964668,4.183302100054492,0.455244467073609,0.6153344148741251,RNA,C3vsC1_rna
ACZ81_RS21325,-2.5197555786674,10.42209289031021,0.0081285471253264,0.0316311649532585,RNA,C3vsC1_rna
ACZ81_RS21340,-0.2335651240607121,185.21925148417145,0.4327665227874108,0.5931873212924811,RNA,C3vsC1_rna
ACZ81_RS21345,-0.3749482404968612,181.0080675545245,0.3489437072924322,0.5139361797566953,RNA,C3vsC1_rna
ACZ81_RS21355,1.3460231305405643,859.9121472855677,0.0243832931416186,0.0742228923248665,RNA,C3vsC1_rna
ACZ81_RS21360,-2.362983211824751,14019.352613963214,5.345945596946561e-05,0.0004976318732006869,RNA,C3vsC1_rna
ACZ81_RS21370,0.2290554365106999,35.566416984742446,0.587487259075568,0.7214566524062378,RNA,C3vsC1_rna
ACZ81_RS21375,0.2285637868052308,151.3726087886678,0.5424778910131416,0.6867848844255993,RNA,C3vsC1_rna
ACZ81_RS21380,-0.0942768037649789,20.99165662145555,0.8753714916623125,0.922266393001365,RNA,C3vsC1_rna
ACZ81_RS21385,-0.4102485483239287,75.19473857744859,0.4885864988943539,0.644381667838313,RNA,C3vsC1_rna
ACZ81_RS21390,-0.210687910504142,168.66869474628993,0.5994195565555157,0.7311861541200149,RNA,C3vsC1_rna
ACZ81_RS21395,1.3126724243737715,13.27015124373115,0.2304210451582156,0.3901911198687207,RNA,C3vsC1_rna
ACZ81_RS21400,1.7132075013776535,27.05407861610603,0.0041928105621807,0.0186906177505213,RNA,C3vsC1_rna
ACZ81_RS21405,-0.0271582545208866,25.07921580180089,0.9708154724034528,0.9815805633272812,RNA,C3vsC1_rna
ACZ81_RS21410,0.8614150816522319,15.519798578273248,0.2360711625203442,0.3969824495770599,RNA,C3vsC1_rna
ACZ81_RS21415,2.070257305290544,1.1936817268239976,0.2836509647984523,0.4457380357857985,RNA,C3vsC1_rna
ACZ81_RS21420,-0.1674103208961902,781.7238234645155,0.7220969934227333,0.8256064797982346,RNA,C3vsC1_rna
ACZ81_RS21425,-0.1179725694814325,1664.2031469028975,0.8312820129400673,0.8937808514133974,RNA,C3vsC1_rna
ACZ81_RS21430,-0.663873078496022,438.893966560313,0.0845554974129576,0.1893061694312421,RNA,C3vsC1_rna
ACZ81_RS21435,-1.7691107084417994,634.6494588424669,3.9943326933145005e-07,7.667589839989364e-06,RNA,C3vsC1_rna
ACZ81_RS21440,-1.9976680910989604,464.1619040849879,1.896568066655701e-09,6.087224866738139e-08,RNA,C3vsC1_rna
ACZ81_RS21445,-1.0076378103648176,208.88434454849252,0.0719606699147281,0.1671720947874287,RNA,C3vsC1_rna
ACZ81_RS21450,-2.052123533621736,120.31012434623844,0.0028756396170787,0.0138500193802159,RNA,C3vsC1_rna
ACZ81_RS21455,-1.718812891500424,1838.272991689626,0.0025319589380755,0.0124532234959056,RNA,C3vsC1_rna
ACZ81_RS21460,2.340186078194586,0.9242850326821682,0.3466428375904762,0.5122398027303834,RNA,C3vsC1_rna
ACZ81_RS21465,-0.8988363885848196,36.27517441424651,0.1864447208790947,0.3360968215245267,RNA,C3vsC1_rna
ACZ81_RS21470,-1.3208641964994978,6.860757630701193,0.3109250215861647,0.4757556012981284,RNA,C3vsC1_rna
ACZ81_RS21475,-0.1593121373574189,592.5899534850314,0.6483350986957483,0.7704740568623644,RNA,C3vsC1_rna
ACZ81_RS21480,-0.2253824880632384,162.29593155122475,0.5472892234233364,0.6906965600422855,RNA,C3vsC1_rna
ACZ81_RS21485,-1.965117632574463,174.2807340334284,0.0016510921010818,0.0087505700258127,RNA,C3vsC1_rna
ACZ81_RS21490,-1.819006462378114,632.68978395791,0.0026634192877694,0.0129366079691659,RNA,C3vsC1_rna
ACZ81_RS21495,-1.6530150107123451,4939.581199149118,0.0039218225219441,0.0176989335860968,RNA,C3vsC1_rna
ACZ81_RS21500,0.4418149051146727,1500.3752349012086,0.3539780941717849,0.5181175168979208,RNA,C3vsC1_rna
ACZ81_RS21505,0.4323250356332484,4272.416610888717,0.3791745083933525,0.5421411716586353,RNA,C3vsC1_rna
ACZ81_RS21510,0.4964544846218602,949.9188302816864,0.4004972489450288,0.5616200499012429,RNA,C3vsC1_rna
ACZ81_RS21515,-1.1984074910106028,19.48751875299172,0.0817420973838393,0.1842411767999796,RNA,C3vsC1_rna
ACZ81_RS21520,-0.0827908019169277,23.17244319339633,0.8669082963291326,0.9164785467384664,RNA,C3vsC1_rna
ACZ81_RS21525,0.0084076835093467,45.57099983539894,0.9907599575314872,0.9937322374040816,RNA,C3vsC1_rna
ACZ81_RS21530,-0.1875061375441812,16.458322089603737,0.8165309981942309,0.8834742084021723,RNA,C3vsC1_rna
ACZ81_RS21535,-1.4054169767038325,4.892673667306501,0.2502791855625689,0.4115246280643551,RNA,C3vsC1_rna
ACZ81_RS21540,0.0211363973290134,260.49281231825387,0.9706566167913184,0.9815805633272812,RNA,C3vsC1_rna
ACZ81_RS21545,-0.188970722296721,693.1947105319379,0.5633154586755451,0.7040565795035162,RNA,C3vsC1_rna
ACZ81_RS21550,-1.3698697300385547,419.4254038103164,0.0157535421886084,0.0535053043368328,RNA,C3vsC1_rna
ACZ81_RS21555,1.7784966324802782,202.95509954591276,1.638736908239364e-05,0.00018161912916730188,RNA,C3vsC1_rna
ACZ81_RS21560,-0.7539534732897849,216.3657770260335,0.0467533886131247,0.1211722190670906,RNA,C3vsC1_rna
ACZ81_RS21565,-0.379846041981755,398.129938660882,0.2091957970657104,0.3642767091265756,RNA,C3vsC1_rna
ACZ81_RS21570,-1.4407479561383625,10.858158112972149,0.0657510048320703,0.157206812506714,RNA,C3vsC1_rna
ACZ81_RS21580,-1.1212393386610118,10.442481607184192,0.1308067999747379,0.2614832493765066,RNA,C3vsC1_rna
ACZ81_RS21590,-2.061237078922717,211.31718145249505,0.0023162338673089,0.0115437643175696,RNA,C3vsC1_rna
ACZ81_RS21595,-2.094568873905089,137.712232366521,0.0034631858404449,0.0159888395763693,RNA,C3vsC1_rna
ACZ81_RS21605,-0.5734878745013473,37.97333462066843,0.3938495822178253,0.5546242624983907,RNA,C3vsC1_rna
ACZ81_RS21610,0.2216981966872074,70.68355713476163,0.7315080200068997,0.8305579047240139,RNA,C3vsC1_rna
ACZ81_RS21615,-0.66193184685943,80.14555915455766,0.1709705826920851,0.3158075404054536,RNA,C3vsC1_rna
ACZ81_RS21620,-0.6325885210253474,63.04990620117239,0.1210835447341023,0.2467177153241334,RNA,C3vsC1_rna
ACZ81_RS21625,-0.2085920421662779,51.37900392567858,0.6214208669706699,0.7507198188155156,RNA,C3vsC1_rna
ACZ81_RS21630,-1.326026618070558,151.1585236535558,0.0214998037848587,0.0678122742019286,RNA,C3vsC1_rna
ACZ81_RS21635,-0.5741692227461622,81.4559674943068,0.1998672420091164,0.3532455396213988,RNA,C3vsC1_rna
ACZ81_RS21640,-1.1960572276877075,58.25083513259206,0.0165655102377478,0.0556157548735099,RNA,C3vsC1_rna
ACZ81_RS21645,-0.4739273501441368,834.9269618375212,0.179850521067537,0.3275353111770126,RNA,C3vsC1_rna
ACZ81_RS21650,0.2396287414451002,24.69990607514115,0.6645340187085031,0.7836891484592929,RNA,C3vsC1_rna
ACZ81_RS21655,0.0138824121082465,27.12172180876504,0.9784587754663108,0.9863257806961904,RNA,C3vsC1_rna
ACZ81_RS21660,0.383604510436676,36.53960435446614,0.472437559647702,0.6306107911844581,RNA,C3vsC1_rna
ACZ81_RS21665,0.0349915067583475,954.4172252285656,0.8328128886764643,0.8942144713001242,RNA,C3vsC1_rna
ACZ81_RS21670,-0.1689905844031733,293.82702873374416,0.5823929876992414,0.7169563260660806,RNA,C3vsC1_rna
ACZ81_RS21675,-0.1787298178767266,5019.998660470714,0.7952813925001332,0.8697075386899209,RNA,C3vsC1_rna
ACZ81_RS21680,-0.2403734906312655,2705.726176154916,0.7201775149979404,0.8250461304331234,RNA,C3vsC1_rna
ACZ81_RS21685,0.5456463776714093,79.62184600180213,0.0788381918528453,0.1790032969516783,RNA,C3vsC1_rna
ACZ81_RS21705,-0.622860352125668,41.4787641589825,0.2059531625579473,0.3605078918771747,RNA,C3vsC1_rna
