gene_id,logFC,AveExpr,pvalue,padj,Assay,contrast1,resolved_locus_tag,resolution_method
ACZ81_RS00005,-0.8852704243413981,4661.89608143276,0.0055897454127995,0.0235190750466768,RNA,C4vsC1_rna,ACZ81_00005,tier1:gene_id
ACZ81_RS00010,-0.7821312958983295,2059.3914137885563,0.0026681839633444,0.0130864964070145,RNA,C4vsC1_rna,ACZ81_00010,tier1:gene_id
ACZ81_RS00015,-0.080908607400259,557.1271017274662,0.8085839388931555,0.8840707630117215,RNA,C4vsC1_rna,ACZ81_00015,tier1:gene_id
ACZ81_RS00020,-1.2459685162633407,3109.651933699262,0.0002511342375592,0.0019413305608629,RNA,C4vsC1_rna,ACZ81_00020,tier1:gene_id
ACZ81_RS00025,0.1891996413007841,160.5452115198893,0.4849728259410719,0.6391954591575495,RNA,C4vsC1_rna,ACZ81_00025,tier1:gene_id
ACZ81_RS00030,-0.3668191109616612,2892.2392833721387,0.4076909193552129,0.5756663623841963,RNA,C4vsC1_rna,ACZ81_00030,tier1:gene_id
ACZ81_RS00035,0.7654955940788616,1662.4070368377895,0.0051165119892822,0.0219310321591886,RNA,C4vsC1_rna,ACZ81_00035,tier1:gene_id
ACZ81_RS00040,-0.1094403983603796,258.53012275560167,0.6709781091191029,0.7894323090281058,RNA,C4vsC1_rna,ACZ81_00040,tier1:gene_id
ACZ81_RS00045,-0.8639472733074733,892.2474602287139,0.0094373578817057,0.0354187837431277,RNA,C4vsC1_rna,ACZ81_00045,tier1:gene_id
ACZ81_RS00050,-0.0066387292965933,964.303048675474,0.9835977678646324,0.9897652983879872,RNA,C4vsC1_rna,ACZ81_00050,tier1:gene_id
ACZ81_RS00055,0.9756890711893887,424.2322444295289,0.0095048307381938,0.0355389261101582,RNA,C4vsC1_rna,ACZ81_00055,tier1:gene_id
ACZ81_RS00060,-0.0906064533518389,3386.553316232701,0.6940655724212215,0.8064391646644128,RNA,C4vsC1_rna,ACZ81_00060,tier1:gene_id
ACZ81_RS00065,-0.7223751202893525,984.317160815007,0.0006656745602418,0.004328502975187,RNA,C4vsC1_rna,ACZ81_00065,tier1:gene_id
ACZ81_RS00070,0.7564711407091116,1441.6967365650412,0.0768183451500667,0.17275515736663,RNA,C4vsC1_rna,ACZ81_00070,tier1:gene_id
ACZ81_RS00075,-0.3797935527694701,696.7404360344724,0.0387548076888373,0.1043518714413525,RNA,C4vsC1_rna,ACZ81_00075,tier1:gene_id
ACZ81_RS00080,0.0915547809933522,466.4416786304536,0.7156060917554867,0.8216976646030374,RNA,C4vsC1_rna,ACZ81_00080,tier1:gene_id
ACZ81_RS00085,0.4902537967561596,462.5721350081219,0.0478457319360648,0.1227347036620794,RNA,C4vsC1_rna,ACZ81_00085,tier1:gene_id
ACZ81_RS00090,0.3701197763786127,531.7858593561232,0.3513393509589175,0.5244724252145869,RNA,C4vsC1_rna,ACZ81_00090,tier1:gene_id
ACZ81_RS00095,-0.6080214483687141,1291.6300194768455,0.0415655591526157,0.110183294638597,RNA,C4vsC1_rna,ACZ81_00095,tier1:gene_id
ACZ81_RS00100,0.264154867984464,5101.493465766092,0.4386006641909258,0.6038661169299911,RNA,C4vsC1_rna,ACZ81_00100,tier1:gene_id
ACZ81_RS00105,-1.235454100471303,1556.081876129771,0.0024501718449495,0.0123184078219771,RNA,C4vsC1_rna,ACZ81_00105,tier1:gene_id
ACZ81_RS00110,-1.1058675008557253,613.575593861557,0.0016598800006418,0.008832146634715,RNA,C4vsC1_rna,ACZ81_00110,tier1:gene_id
ACZ81_RS00115,-0.8876810609443088,3014.3512628209605,0.0002757974773805,0.0020659792195041,RNA,C4vsC1_rna,ACZ81_00115,tier1:gene_id
ACZ81_RS00120,-0.8014970615770844,255.4590279754597,0.0118893096940606,0.042174987172919,RNA,C4vsC1_rna,ACZ81_00120,tier1:gene_id
ACZ81_RS00125,0.2974921102419767,196.9206399808533,0.3457784322046553,0.5196735891619365,RNA,C4vsC1_rna,ACZ81_00125,tier1:gene_id
ACZ81_RS00130,-0.1632044964367847,158.70564873644452,0.6229411669225173,0.7546014377092813,RNA,C4vsC1_rna,ACZ81_00130,tier1:gene_id
ACZ81_RS00135,-2.26744490319587,287.94847033631896,0.051766804960283,0.1296432094261269,RNA,C4vsC1_rna,ACZ81_00135,tier1:gene_id
ACZ81_RS00140,-0.1683293311383329,87.95332994412374,0.5508002472709337,0.6964420397261223,RNA,C4vsC1_rna,ACZ81_00140,tier1:gene_id
ACZ81_RS00145,0.945344755621443,214.7079769439887,0.0013397165956257,0.0074342226578846,RNA,C4vsC1_rna,ACZ81_00145,tier1:gene_id
ACZ81_RS00150,0.1881333802350883,475.3645439551685,0.3488673896784876,0.5223103302103338,RNA,C4vsC1_rna,ACZ81_00150,tier1:gene_id
ACZ81_RS00155,-0.6778518450203853,388.5406480708241,0.0070458670958995,0.0281273818793522,RNA,C4vsC1_rna,ACZ81_00155,tier1:gene_id
ACZ81_RS00180,-1.6883813966247252,83.06394679967222,0.009533379139963,0.0355463913657358,RNA,C4vsC1_rna,ACZ81_00180,tier1:gene_id
ACZ81_RS00185,0.6647156419865056,146.32040671107194,0.0284563611974055,0.083151435632914,RNA,C4vsC1_rna,ACZ81_00185,tier1:gene_id
ACZ81_RS00190,-0.2725483019058725,152.9795615675542,0.428848684063194,0.5957551663647972,RNA,C4vsC1_rna,ACZ81_00190,tier1:gene_id
ACZ81_RS00195,-1.4078680442623988,125.44152045513596,3.232019258946867e-06,4.987254333421089e-05,RNA,C4vsC1_rna,ACZ81_00195,tier1:gene_id
ACZ81_RS00200,-2.198423713539617,153.6092224492428,1.5429986816869097e-08,4.453604828005672e-07,RNA,C4vsC1_rna,ACZ81_00200,tier1:gene_id
ACZ81_RS00205,-2.1258937727790355,258.04984908791573,7.443787047339486e-07,1.428922183441436e-05,RNA,C4vsC1_rna,ACZ81_00205,tier1:gene_id
ACZ81_RS00210,0.3651732400488282,131.17694763852066,0.2352173777919411,0.3973780427380259,RNA,C4vsC1_rna,ACZ81_00210,tier1:gene_id
ACZ81_RS00215,-0.2954210745368371,562.7279291514704,0.3083511128324755,0.4810666430802367,RNA,C4vsC1_rna,ACZ81_00215,tier1:gene_id
ACZ81_RS00220,-0.1817071109138687,69.56860381538597,0.6011226246678063,0.7382013988880437,RNA,C4vsC1_rna,ACZ81_00220,tier1:gene_id
ACZ81_RS00225,-0.0300408838838888,1219.9736127505785,0.9249723343880044,0.9577870157206856,RNA,C4vsC1_rna,ACZ81_00225,tier1:gene_id
ACZ81_RS00230,0.4402809435401759,656.8374852753045,0.1310992252792912,0.2592262650667898,RNA,C4vsC1_rna,ACZ81_00230,tier1:gene_id
ACZ81_RS00235,0.459089603478077,1076.058944981807,0.0307934872682746,0.0879939251569214,RNA,C4vsC1_rna,ACZ81_00235,tier1:gene_id
ACZ81_RS00240,-0.1097660731145182,120.08726277533192,0.6731246636162151,0.7914935962568158,RNA,C4vsC1_rna,ACZ81_00240,tier1:gene_id
ACZ81_RS00245,0.2616372449758686,13866.363026558374,0.4954614139606104,0.6496049649705782,RNA,C4vsC1_rna,ACZ81_00245,tier1:gene_id
ACZ81_RS00250,-0.6040424964906715,251.94275716051257,0.1416646412420214,0.274039797812435,RNA,C4vsC1_rna,ACZ81_00250,tier1:gene_id
ACZ81_RS00255,-0.5142849038118056,112.06646700724454,0.2201042364235544,0.3798099770027098,RNA,C4vsC1_rna,ACZ81_00255,tier1:gene_id
ACZ81_RS00260,-0.2779749009623261,377.1285487408503,0.3208442408479842,0.4941370803386229,RNA,C4vsC1_rna,ACZ81_00260,tier1:gene_id
ACZ81_RS00265,2.03551223434986,5242.482040030117,3.7858495029014094e-05,0.000401820852001,RNA,C4vsC1_rna,ACZ81_00265,tier1:gene_id
ACZ81_RS00270,2.0429695245130963,2516.352591078579,0.000112509194042,0.000989883523019,RNA,C4vsC1_rna,ACZ81_00270,tier1:gene_id
ACZ81_RS00275,-0.3127751961604335,345.68062363758327,0.3607073086391434,0.5332194997274293,RNA,C4vsC1_rna,ACZ81_00275,tier1:gene_id
ACZ81_RS00280,-0.801372488654511,382.1429805793016,0.0005474968986549,0.0037104012793983,RNA,C4vsC1_rna,ACZ81_00280,tier1:gene_id
ACZ81_RS00285,0.3780408464892017,275.99563765803885,0.1681491240038644,0.3104529615754735,RNA,C4vsC1_rna,ACZ81_00285,tier1:gene_id
ACZ81_RS00290,0.1011655886707399,219.6856865350664,0.7656397118602234,0.854015120146171,RNA,C4vsC1_rna,ACZ81_00290,tier1:gene_id
ACZ81_RS00295,-0.7320544710741429,288.05231975857134,0.0020390820276108,0.0105151633608928,RNA,C4vsC1_rna,ACZ81_00295,tier1:gene_id
ACZ81_RS00300,-0.2178326272924495,612.4321337778085,0.3719655225594911,0.543058834246244,RNA,C4vsC1_rna,ACZ81_00300,tier1:gene_id
ACZ81_RS00305,0.0637083684288862,517.2613444994904,0.8248832497626111,0.8971080504330701,RNA,C4vsC1_rna,ACZ81_00305,tier1:gene_id
ACZ81_RS00310,0.2179478048079865,3845.429327987116,0.3919920654360576,0.5620701095530605,RNA,C4vsC1_rna,ACZ81_00310,tier1:gene_id
ACZ81_RS00315,0.1285747410441998,3128.9408886356264,0.698131024197074,0.8090414988673196,RNA,C4vsC1_rna,ACZ81_00315,tier1:gene_id
ACZ81_RS00320,0.4219982881163326,796.266971982868,0.1035147717139485,0.217435216814849,RNA,C4vsC1_rna,ACZ81_00320,tier1:gene_id
ACZ81_RS00325,0.1282743091116376,246.067596261958,0.6667330720417235,0.7874633229024955,RNA,C4vsC1_rna,ACZ81_00325,tier1:gene_id
ACZ81_RS00330,0.1924031949161428,516.9041780137908,0.6101998548892071,0.7456965634527868,RNA,C4vsC1_rna,ACZ81_00330,tier1:gene_id
ACZ81_RS00335,-0.6544513923214968,240.3320428142352,0.0092489712778656,0.0348421340533304,RNA,C4vsC1_rna,ACZ81_00335,tier1:gene_id
ACZ81_RS00340,-0.3083826827320545,232.49788225746263,0.4003783354283966,0.5694143501377976,RNA,C4vsC1_rna,ACZ81_00340,tier1:gene_id
ACZ81_RS00345,1.753772786166134,175.72517122303077,0.0082011163177274,0.0315766589891769,RNA,C4vsC1_rna,ACZ81_00345,tier1:gene_id
ACZ81_RS00350,0.735425813857573,461.0219458681487,0.0034391092894702,0.0160066200340539,RNA,C4vsC1_rna,ACZ81_00350,tier1:gene_id
ACZ81_RS00355,-0.0273199161576581,3194.804882229915,0.8816494657593574,0.9331487679628112,RNA,C4vsC1_rna,ACZ81_00355,tier1:gene_id
ACZ81_RS00360,0.8743745432675852,656.928307133229,0.0320524031796689,0.0903684058726857,RNA,C4vsC1_rna,ACZ81_00360,tier1:gene_id
ACZ81_RS00370,-0.1462354564473899,94.53129545700656,0.6969967910844541,0.8081939670031301,RNA,C4vsC1_rna,ACZ81_00370,tier1:gene_id
ACZ81_RS00375,-0.1770066023887508,13.756901065059974,0.8424290215124223,0.9102680404815078,RNA,C4vsC1_rna,ACZ81_00375,tier1:gene_id
ACZ81_RS00380,-0.102853062232834,93.42496569111594,0.7964340129987982,0.8756627185944584,RNA,C4vsC1_rna,ACZ81_00380,tier1:gene_id
ACZ81_RS00385,-0.1497168625841105,131.5679646133276,0.6993787132988507,0.8101378923908454,RNA,C4vsC1_rna,ACZ81_00385,tier1:gene_id
ACZ81_RS00390,0.4310952691361667,82.78152585036624,0.2160513870590404,0.374588662437714,RNA,C4vsC1_rna,ACZ81_00390,tier1:gene_id
ACZ81_RS00395,0.6978044718878544,60.29149226639222,0.2380228588568133,0.4003973625717129,RNA,C4vsC1_rna,ACZ81_00395,tier1:gene_id
ACZ81_RS00400,0.233440765247072,862.9442520704338,0.522075211547671,0.6728447634851449,RNA,C4vsC1_rna,ACZ81_00400,tier1:gene_id
ACZ81_RS00405,0.472894205890617,514.3431252969833,0.0785190055996465,0.1756933912246414,RNA,C4vsC1_rna,ACZ81_00405,tier1:gene_id
ACZ81_RS00420,-0.7434477469931473,82.96760438220124,0.2348096540535443,0.3973780427380259,RNA,C4vsC1_rna,ACZ81_00420,tier1:gene_id
ACZ81_RS00425,0.710030170818175,235.20834326608127,0.0059667297870299,0.0247043549077028,RNA,C4vsC1_rna,ACZ81_00425,tier1:gene_id
ACZ81_RS00430,1.2262656189466323,885.0669744192894,0.0277674650902791,0.081853835372667,RNA,C4vsC1_rna,ACZ81_00430,tier1:gene_id
ACZ81_RS00435,0.1008032358651359,4038.217547675053,0.8680140199912902,0.9259431662337296,RNA,C4vsC1_rna,ACZ81_00435,tier1:gene_id
ACZ81_RS00440,0.4819903836231062,4166.891534491862,0.3513912958566325,0.5244724252145869,RNA,C4vsC1_rna,ACZ81_00440,tier1:gene_id
ACZ81_RS00445,-1.514031479833133,372.3222588411072,0.0015135474685195,0.0082474260422678,RNA,C4vsC1_rna,ACZ81_00445,tier1:gene_id
ACZ81_RS00450,-0.6850787105043182,135.2230638906304,0.0213598241417909,0.0674237721926556,RNA,C4vsC1_rna,ACZ81_00450,tier1:gene_id
ACZ81_RS00455,1.0126770178116515,433.19632844377054,0.0227124719527074,0.0706923486999706,RNA,C4vsC1_rna,ACZ81_00455,tier1:gene_id
ACZ81_RS00460,-0.5769468350622111,483.0030335055264,0.1662474808283876,0.3076498584333446,RNA,C4vsC1_rna,ACZ81_00460,tier1:gene_id
ACZ81_RS00465,0.3553923164136604,287.27023141496863,0.4727174755651268,0.6304995053082741,RNA,C4vsC1_rna,ACZ81_00465,tier1:gene_id
ACZ81_RS00470,-0.2172281295960364,304.0521602227928,0.6414956903387726,0.7687218368097837,RNA,C4vsC1_rna,ACZ81_00470,tier1:gene_id
ACZ81_RS00475,0.783816983359779,52.14527333365326,0.0857398448220789,0.1879717253694975,RNA,C4vsC1_rna,ACZ81_00475,tier1:gene_id
ACZ81_RS00480,-0.4449188248370789,18.41859924430889,0.5333892136491954,0.6819494981391243,RNA,C4vsC1_rna,ACZ81_00480,tier1:gene_id
ACZ81_RS00485,-1.6643495535714246,1.519234663945611,0.5137976417656223,0.6655769973254785,RNA,C4vsC1_rna,ACZ81_00485,tier1:gene_id
ACZ81_RS00490,-1.2532517883031398,16.790488087703125,0.1272907231629553,0.2534443579800381,RNA,C4vsC1_rna,ACZ81_00490,tier1:gene_id
ACZ81_RS00495,-1.0154936602649598,81.92925587342182,0.0864862912971417,0.1892978727136567,RNA,C4vsC1_rna,ACZ81_00495,tier1:gene_id
ACZ81_RS00500,0.0133070143459503,221.3582233584016,0.9755909397623208,0.9861604561165108,RNA,C4vsC1_rna,ACZ81_00500,tier1:gene_id
ACZ81_RS00505,-0.102984613368176,1131.741578399235,0.6535339500630186,0.7775736084379689,RNA,C4vsC1_rna,ACZ81_00505,tier1:gene_id
ACZ81_RS00510,-0.3217479490983042,1960.859066500324,0.1201719014724281,0.2425199540781598,RNA,C4vsC1_rna,ACZ81_00510,tier1:gene_id
ACZ81_RS00515,-0.2241485174711167,914.948277276994,0.3462383033039119,0.5200704128997734,RNA,C4vsC1_rna,ACZ81_00515,tier1:gene_id
ACZ81_RS00520,-1.010588791684991,1007.313643334394,0.0082474750641368,0.0317247075333814,RNA,C4vsC1_rna,ACZ81_00520,tier1:gene_id
ACZ81_RS00525,-1.0161465035392792,393.3929157611526,0.0069958367164099,0.028039257648588,RNA,C4vsC1_rna,ACZ81_00525,tier1:gene_id
ACZ81_RS00530,-0.063804563509163,359.1632347163572,0.8388707737265115,0.9071562113721736,RNA,C4vsC1_rna,ACZ81_00530,tier1:gene_id
ACZ81_RS00535,-0.6658448154505151,1886.941543525409,0.0155915132101405,0.0520842223139748,RNA,C4vsC1_rna,ACZ81_00535,tier1:gene_id
ACZ81_RS00540,1.0426969265412669,3013.5326890717483,0.0112213170004545,0.0404128579944555,RNA,C4vsC1_rna,ACZ81_00540,tier1:gene_id
ACZ81_RS00545,0.5617844848030068,1901.1196369185625,0.0549275453640715,0.1356118843080953,RNA,C4vsC1_rna,ACZ81_00545,tier1:gene_id
ACZ81_RS00550,0.6838263417088883,526.818635330733,0.0350022454906598,0.096714193463173,RNA,C4vsC1_rna,ACZ81_00550,tier1:gene_id
ACZ81_RS00555,0.3748883405283604,846.4198085843552,0.2284430253143443,0.3898398203152485,RNA,C4vsC1_rna,ACZ81_00555,tier1:gene_id
ACZ81_RS00560,0.0416511134244778,323.1190459401692,0.900361401907709,0.945507829180418,RNA,C4vsC1_rna,ACZ81_00560,tier1:gene_id
ACZ81_RS00565,0.0588989504684553,994.3850689206204,0.8843426814518941,0.9349098387312252,RNA,C4vsC1_rna,ACZ81_00565,tier1:gene_id
ACZ81_RS00570,-0.2137935031265078,1254.3056211372102,0.5647573000661321,0.7074046278907173,RNA,C4vsC1_rna,ACZ81_00570,tier1:gene_id
ACZ81_RS00575,-2.1292749505585142,4391.230052207237,3.6525184652663625e-08,9.57771508669846e-07,RNA,C4vsC1_rna,ACZ81_00575,tier1:gene_id
ACZ81_RS00580,-1.9706019343239207,3319.9077352524823,1.7174139276449195e-09,6.74808726268158e-08,RNA,C4vsC1_rna,ACZ81_00580,tier1:gene_id
ACZ81_RS00585,-0.723834247693702,407.933180297431,0.0037690040950124,0.0171737803430157,RNA,C4vsC1_rna,ACZ81_00585,tier1:gene_id
ACZ81_RS00590,-0.346044628177064,631.7503368184688,0.0845669469608003,0.1863166343804124,RNA,C4vsC1_rna,ACZ81_00590,tier1:gene_id
ACZ81_RS00595,-0.1169558807340657,369.13198443363046,0.6476879932097275,0.7740614324567848,RNA,C4vsC1_rna,ACZ81_00595,tier1:gene_id
ACZ81_RS00600,-0.1437459490659496,21.69905535183419,0.8383689756687464,0.9071025702219554,RNA,C4vsC1_rna,ACZ81_00600,tier1:gene_id
ACZ81_RS00605,-0.438768693270593,61.96037289056295,0.4219988208709767,0.5895053166205985,RNA,C4vsC1_rna,ACZ81_00605,tier1:gene_id
ACZ81_RS00610,-0.4958673706449812,280.6689887899975,0.2025739021589267,0.3577141265235977,RNA,C4vsC1_rna,ACZ81_00610,tier1:gene_id
ACZ81_RS00615,0.0652330426377468,131.01300852789623,0.8618012264506656,0.9232433966675756,RNA,C4vsC1_rna,ACZ81_00615,tier1:gene_id
ACZ81_RS00620,-0.7159011843392523,91.49178933528198,0.1657604975340558,0.3071737256843566,RNA,C4vsC1_rna,ACZ81_00620,tier1:gene_id
ACZ81_RS00625,-0.5630854897412954,186.2169049971166,0.1896690400683493,0.3407757226843786,RNA,C4vsC1_rna,ACZ81_00625,tier1:gene_id
ACZ81_RS00630,-0.7113170501598259,310.45498277225323,0.0988492291818738,0.2098034738024581,RNA,C4vsC1_rna,ACZ81_00630,tier1:gene_id
ACZ81_RS00635,1.198965918885492,101.59205556182692,0.0215270202579761,0.0677383570784315,RNA,C4vsC1_rna,ACZ81_00635,tier1:gene_id
ACZ81_RS00640,0.5076568025405347,95.780669882624,0.2932357381833877,0.4635389210369391,RNA,C4vsC1_rna,ACZ81_00640,tier1:gene_id
ACZ81_RS00645,0.1477516229151597,78.6256623367854,0.7748103932194395,0.8613298136870021,RNA,C4vsC1_rna,ACZ81_00645,tier1:gene_id
ACZ81_RS00650,0.0328207252188824,210.5094423438248,0.9280027725784716,0.9588343375479318,RNA,C4vsC1_rna,ACZ81_00650,tier1:gene_id
ACZ81_RS00655,0.3149964158850545,299.0481167512662,0.3013979831371161,0.4740136057805213,RNA,C4vsC1_rna,ACZ81_00655,tier1:gene_id
ACZ81_RS00660,0.2997604408103973,338.0270556344574,0.2109127260404855,0.3688015712397696,RNA,C4vsC1_rna,ACZ81_00660,tier1:gene_id
ACZ81_RS00665,-2.167341322475606,134.63086963215443,1.450962326099392e-05,0.0001776337955258,RNA,C4vsC1_rna,ACZ81_00665,tier1:gene_id
ACZ81_RS00670,-1.360530954136107,667.508374030011,0.0035377829403909,0.0163898211972844,RNA,C4vsC1_rna,ACZ81_00670,tier1:gene_id
ACZ81_RS00675,0.3209307908451846,123.8324715077422,0.3435308604680663,0.5175538160713039,RNA,C4vsC1_rna,ACZ81_00675,tier1:gene_id
ACZ81_RS00680,-1.484592020780103,727.2465686024341,8.207268971666948e-05,0.0007675422637372,RNA,C4vsC1_rna,ACZ81_00680,tier1:gene_id
ACZ81_RS00685,0.0360777592139812,40.70143695012266,0.9389866418751082,0.9640607851356848,RNA,C4vsC1_rna,ACZ81_00685,tier1:gene_id
ACZ81_RS00690,-0.8715609642344234,37.80687709233189,0.2052635825419273,0.361380599078005,RNA,C4vsC1_rna,ACZ81_00690,tier1:gene_id
ACZ81_RS00695,2.4239520043131173,53.70187911381038,0.0010270347470483,0.006122531062642,RNA,C4vsC1_rna,ACZ81_00695,tier1:gene_id
ACZ81_RS00700,-0.2726724541864946,577.5202316689155,0.3334395981070157,0.5063435532192835,RNA,C4vsC1_rna,ACZ81_00700,tier1:gene_id
ACZ81_RS00705,0.7749628409956972,107.44342690417776,0.0283138238815483,0.0828556246628534,RNA,C4vsC1_rna,ACZ81_00705,tier1:gene_id
ACZ81_RS00710,-0.435886005797046,1167.3460346594995,0.2540984239624241,0.4200374804964282,RNA,C4vsC1_rna,ACZ81_00710,tier1:gene_id
ACZ81_RS00715,0.4496292936958176,976.15362704979,0.100130961873978,0.2118804952734176,RNA,C4vsC1_rna,ACZ81_00715,tier1:gene_id
ACZ81_RS00720,0.7052217937927475,538.6353849972538,0.0698182070707884,0.1614470586559096,RNA,C4vsC1_rna,ACZ81_00720,tier1:gene_id
ACZ81_RS00725,1.2236474710576428,828.0304502044837,8.179841730665133e-05,0.0007667646033511,RNA,C4vsC1_rna,ACZ81_00725,tier1:gene_id
ACZ81_RS00730,1.1542846801541455,360.8388848978414,0.0017699154622128,0.0093432905715765,RNA,C4vsC1_rna,ACZ81_00730,tier1:gene_id
ACZ81_RS00735,-1.6899865295860563,107.64746866027798,0.0177953092334049,0.0579033095250775,RNA,C4vsC1_rna,ACZ81_00735,tier1:gene_id
ACZ81_RS00740,-2.48635952402066,37.593600050558464,8.717871424108937e-05,0.0008040482793913,RNA,C4vsC1_rna,ACZ81_00740,tier1:gene_id
ACZ81_RS00745,-1.5259418240308311,1103.595743929824,4.9678762908295295e-05,0.0005071531724887,RNA,C4vsC1_rna,ACZ81_00745,tier1:gene_id
ACZ81_RS00750,-0.3267510426847059,156.5506263249851,0.5129415870801206,0.6655632753445808,RNA,C4vsC1_rna,ACZ81_00750,tier1:gene_id
ACZ81_RS00755,-0.1650104151457811,1744.6536093271866,0.7656437937872994,0.854015120146171,RNA,C4vsC1_rna,ACZ81_00755,tier1:gene_id
ACZ81_RS00760,-2.0152154061202903,898.6195844767584,1.2057974623138476e-05,0.0001516507654797,RNA,C4vsC1_rna,ACZ81_00760,tier1:gene_id
ACZ81_RS00765,-0.3722227176259607,264.2425793949584,0.2012489785206634,0.3561583157586686,RNA,C4vsC1_rna,ACZ81_00765,tier1:gene_id
ACZ81_RS00770,1.150259290708859,29.20332709590881,0.082560874094611,0.1825988020218189,RNA,C4vsC1_rna,ACZ81_00770,tier1:gene_id
ACZ81_RS00775,-0.5615125527584112,389.9528282998672,0.01622154740151,0.0537858249378992,RNA,C4vsC1_rna,ACZ81_00775,tier1:gene_id
ACZ81_RS00780,0.7992910316057771,597.1255530412118,0.0014275426383085,0.0078348851776934,RNA,C4vsC1_rna,ACZ81_00780,tier1:gene_id
ACZ81_RS00785,0.4032445499130185,270.9878980637537,0.143402014392188,0.2764675068435648,RNA,C4vsC1_rna,ACZ81_00785,tier1:gene_id
ACZ81_RS00790,-0.41563825120955,972.1007906721636,0.0574086801876231,0.1399292982458956,RNA,C4vsC1_rna,ACZ81_00790,tier1:gene_id
ACZ81_RS00795,1.4112453582745577,131.4935759736591,0.0010924659422694,0.0064266471559896,RNA,C4vsC1_rna,ACZ81_00795,tier1:gene_id
ACZ81_RS00800,0.7565992943279753,551.0632251001902,0.0284424978593511,0.083151435632914,RNA,C4vsC1_rna,ACZ81_00800,tier1:gene_id
ACZ81_RS00805,0.6686181977217295,1565.551239802686,0.0055129897034078,0.0233313446097808,RNA,C4vsC1_rna,ACZ81_00805,tier1:gene_id
ACZ81_RS00810,0.0189730360233834,940.1013192327214,0.940917880032782,0.9654635638597244,RNA,C4vsC1_rna,ACZ81_00810,tier1:gene_id
ACZ81_RS00815,1.5114239917745538,0.7697567338223308,0.6465084377183778,0.773804251827605,RNA,C4vsC1_rna,ACZ81_00815,tier1:gene_id
ACZ81_RS00820,-0.1855524064242421,738.184372484125,0.5596229160202071,0.7036061231817834,RNA,C4vsC1_rna,ACZ81_00820,tier1:gene_id
ACZ81_RS00825,-1.0958168075258554,47.57560194718479,0.0687897963264417,0.1597133465634748,RNA,C4vsC1_rna,ACZ81_00825,tier1:gene_id
ACZ81_RS00830,0.6059237271340868,132.4086351680665,0.0537978513564063,0.1334798884612877,RNA,C4vsC1_rna,ACZ81_00830,tier1:gene_id
ACZ81_RS00835,0.1380391837009634,419.3101702225,0.4740748461054265,0.6318897948754058,RNA,C4vsC1_rna,ACZ81_00835,tier1:gene_id
ACZ81_RS00840,0.537452684094781,582.815680329011,0.0231897310448638,0.0718433984185279,RNA,C4vsC1_rna,ACZ81_00840,tier1:gene_id
ACZ81_RS00845,0.8056672856715437,1149.7947949897336,0.0012654306299383,0.0071707735696504,RNA,C4vsC1_rna,ACZ81_00845,tier1:gene_id
ACZ81_RS00850,0.5557667019560215,107.27681997357038,0.049536368556237,0.1254671153078428,RNA,C4vsC1_rna,ACZ81_00850,tier1:gene_id
ACZ81_RS00855,-1.7643008188985383,458.941775222014,9.388383331837984e-08,2.269047826947831e-06,RNA,C4vsC1_rna,ACZ81_00855,tier1:gene_id
ACZ81_RS00860,-0.3611170445541577,27.02717365648966,0.670511523288186,0.7891147642804935,RNA,C4vsC1_rna,ACZ81_00860,tier1:gene_id
ACZ81_RS00865,-0.5613969886657616,1802.993681252128,0.1772337374351369,0.3235315904980415,RNA,C4vsC1_rna,ACZ81_00865,tier1:gene_id
ACZ81_RS00870,-0.2628759924009356,899.8749940704527,0.4346972314365814,0.6003345748616038,RNA,C4vsC1_rna,ACZ81_00870,tier1:gene_id
ACZ81_RS00875,0.3588963788304534,510.1081258504885,0.194656387998237,0.3484879199682851,RNA,C4vsC1_rna,ACZ81_00875,tier1:gene_id
ACZ81_RS00880,0.0333875071095704,350.6995120484381,0.8809525843855797,0.9331487679628112,RNA,C4vsC1_rna,ACZ81_00880,tier1:gene_id
ACZ81_RS00885,-0.328250513275188,1017.605965491804,0.1783345779387834,0.3249220375524065,RNA,C4vsC1_rna,ACZ81_00885,tier1:gene_id
ACZ81_RS00890,-0.0266168088269343,1419.9990070750127,0.9524019040060144,0.9732445143652052,RNA,C4vsC1_rna,ACZ81_00890,tier1:gene_id
ACZ81_RS00895,0.8045055486186301,3017.481133984874,0.0012884979570592,0.0072706804553049,RNA,C4vsC1_rna,ACZ81_00895,tier1:gene_id
ACZ81_RS00900,0.7238296281413531,102.33410659504224,0.0148284798934922,0.0504168316378737,RNA,C4vsC1_rna,ACZ81_00900,tier1:gene_id
ACZ81_RS00905,1.1778257608558405,229.85215259950104,8.691644335965393e-05,0.0008034764303201,RNA,C4vsC1_rna,ACZ81_00905,tier1:gene_id
ACZ81_RS00910,-0.0849765911219345,479.3985258576184,0.6222788536503723,0.7540268078662922,RNA,C4vsC1_rna,ACZ81_00910,tier1:gene_id
ACZ81_RS00915,0.7605157959397498,255.1023648728962,0.0059238387413064,0.0245774984799603,RNA,C4vsC1_rna,ACZ81_00915,tier1:gene_id
ACZ81_RS00920,1.428251124227917,9.928712518607773,0.1338753179515724,0.2626443890570703,RNA,C4vsC1_rna,ACZ81_00920,tier1:gene_id
ACZ81_RS00925,1.0967257572228142,46.40112740234897,0.0127766501480252,0.0446904275447927,RNA,C4vsC1_rna,ACZ81_00925,tier1:gene_id
ACZ81_RS00930,0.1941034643269293,290.8188936102805,0.5112308814991147,0.6639877942940914,RNA,C4vsC1_rna,ACZ81_00930,tier1:gene_id
ACZ81_RS00935,-0.3525995704689178,2305.259775908215,0.0525505635462532,0.1310334747964997,RNA,C4vsC1_rna,ACZ81_00940,tier1:gene_id
ACZ81_RS00940,0.8156891627968617,770.0574713486878,0.0045635859866129,0.0200294679604989,RNA,C4vsC1_rna,ACZ81_00945,tier1:gene_id
ACZ81_RS00945,0.4584741478689024,204.55185641070472,0.0730198981745818,0.166926399701665,RNA,C4vsC1_rna,ACZ81_00950,tier1:gene_id
ACZ81_RS00950,1.5969178005413929,75.12740123313573,0.0134034435974996,0.0464693747255712,RNA,C4vsC1_rna,ACZ81_00955,tier1:gene_id
ACZ81_RS00955,0.3201177337419452,749.6593111908493,0.0885726160071994,0.1929171202067774,RNA,C4vsC1_rna,ACZ81_00960,tier1:gene_id
ACZ81_RS00960,-0.5662500433222368,680.0132112302413,0.0072111529697382,0.0286549549429638,RNA,C4vsC1_rna,ACZ81_00965,tier1:gene_id
ACZ81_RS00965,0.3414684100219426,318.36348929548336,0.2479843681331085,0.4130944064538773,RNA,C4vsC1_rna,ACZ81_00970,tier1:gene_id
ACZ81_RS00970,-1.0781779355991932,334.74473016269724,0.0496882116762596,0.1254836940346176,RNA,C4vsC1_rna,ACZ81_00975,tier1:gene_id
ACZ81_RS00975,-0.8930902493119154,446.9218354187496,0.058595307026253,0.14201360383764,RNA,C4vsC1_rna,ACZ81_00980,tier1:gene_id
ACZ81_RS00980,0.8788732674046192,721.1833046116999,9.700859180012823e-05,0.0008785518516977,RNA,C4vsC1_rna,ACZ81_00985,tier1:gene_id
ACZ81_RS00985,-0.7600984178528246,7909.126845128379,0.0128912547744145,0.0450520158144172,RNA,C4vsC1_rna,ACZ81_00990,tier1:gene_id
ACZ81_RS00990,0.9861282887373496,103.9242283299924,0.0317434142141408,0.0899960904214539,RNA,C4vsC1_rna,ACZ81_00995,tier1:gene_id
ACZ81_RS00995,0.0158286766178338,167.799545195757,0.9706049095515248,0.9834798985066164,RNA,C4vsC1_rna,ACZ81_01000,tier1:gene_id
ACZ81_RS01000,-0.3362620913781284,332.2601150188848,0.4831317579084224,0.6378165885911783,RNA,C4vsC1_rna,ACZ81_01005,tier1:gene_id
ACZ81_RS01005,-0.5198917234350063,265.7988818210293,0.1967594399657642,0.3508439436189539,RNA,C4vsC1_rna,ACZ81_01010,tier1:gene_id
ACZ81_RS01010,-1.5941995268455944,3816.810347477886,0.0072809103830444,0.0287509965125733,RNA,C4vsC1_rna,ACZ81_01015,tier1:gene_id
ACZ81_RS01015,0.4937659910630051,908.7089390285396,0.3892647240165738,0.559960585426495,RNA,C4vsC1_rna,ACZ81_01020,tier1:gene_id
ACZ81_RS01020,-1.121049162456462,356.8326509564665,0.0014754893743748,0.0080759391132221,RNA,C4vsC1_rna,ACZ81_01025,tier1:gene_id
ACZ81_RS01025,-0.1176613088492944,959.6164349555896,0.8072830738096202,0.8834750933235668,RNA,C4vsC1_rna,ACZ81_01030,tier1:gene_id
ACZ81_RS01030,0.4725679119858775,131.18289404505003,0.1641594635941556,0.3055705482562157,RNA,C4vsC1_rna,ACZ81_01035,tier1:gene_id
ACZ81_RS01035,-2.05724544466974,102.40147303814004,3.891362190276658e-07,8.006228260199976e-06,RNA,C4vsC1_rna,ACZ81_01040,tier1:gene_id
ACZ81_RS01040,-1.1443198726316628,1124.160775326538,0.0060307758574082,0.0248924616665863,RNA,C4vsC1_rna,ACZ81_01045,tier1:gene_id
ACZ81_RS01045,-0.8207294911639431,310.85693585740034,0.0835662243502753,0.1845171668097439,RNA,C4vsC1_rna,ACZ81_01050,tier1:gene_id
ACZ81_RS01050,-0.6851902893363305,178.09084859299898,0.1536311879030723,0.2903289335219625,RNA,C4vsC1_rna,ACZ81_01055,tier1:gene_id
ACZ81_RS01055,-1.3236246010246355,99.9501365198749,0.0317203926881111,0.0899960904214539,RNA,C4vsC1_rna,ACZ81_01060,tier1:gene_id
ACZ81_RS01060,-0.7505741282497376,428.3038507549759,0.0520620998717371,0.1301390309566414,RNA,C4vsC1_rna,ACZ81_01065,tier1:gene_id
ACZ81_RS01065,-0.5080101176205407,170.10743172603205,0.2809807297021631,0.4509466320832066,RNA,C4vsC1_rna,ACZ81_01070,tier1:gene_id
ACZ81_RS01070,-0.7946898703284478,146.9469789300277,0.0289238642980344,0.084149777783694,RNA,C4vsC1_rna,ACZ81_01075,tier1:gene_id
ACZ81_RS01075,-0.3831067889435521,308.5145955074943,0.3189260892080872,0.4919382813928665,RNA,C4vsC1_rna,ACZ81_01080,tier1:gene_id
ACZ81_RS01080,0.3223322694962088,578.711899363997,0.5531488479458009,0.6985310601065637,RNA,C4vsC1_rna,ACZ81_01085,tier1:gene_id
ACZ81_RS01085,-1.244019628430043,751.4665363829833,0.0005732550839919,0.0038395649365205,RNA,C4vsC1_rna,ACZ81_01090,tier1:gene_id
ACZ81_RS01090,-1.3876420601244912,1009.3552763996132,3.5627568312886644e-06,5.3947551117249456e-05,RNA,C4vsC1_rna,ACZ81_01095,tier1:gene_id
ACZ81_RS01095,-1.320539863056441,926.6679607244336,5.6008906627184985e-05,0.0005521074530424,RNA,C4vsC1_rna,ACZ81_01100,tier1:gene_id
ACZ81_RS01100,-1.2147314176141712,259.4561968253279,0.0084901067241446,0.0325332456325388,RNA,C4vsC1_rna,ACZ81_01105,tier1:gene_id
ACZ81_RS01105,-0.628424974406793,123.32060872142884,0.2236806496264477,0.3843632801172701,RNA,C4vsC1_rna,ACZ81_01110,tier1:gene_id
ACZ81_RS01110,-0.3473362630809648,261.84738680025254,0.3303072911123254,0.5034927249022225,RNA,C4vsC1_rna,ACZ81_01115,tier1:gene_id
ACZ81_RS01115,-1.42392795502591,130.57103054882305,0.0040749508872094,0.0182056825829444,RNA,C4vsC1_rna,ACZ81_01120,tier1:gene_id
ACZ81_RS01120,-0.1615776574154029,502.80173516752143,0.5471548737998994,0.6937517927522405,RNA,C4vsC1_rna,ACZ81_01125,tier1:gene_id
ACZ81_RS01125,0.2461252366970166,2090.585971642995,0.2020063305224624,0.3568689555509111,RNA,C4vsC1_rna,ACZ81_01130,tier1:gene_id
ACZ81_RS01130,0.7816667285388476,280.449880807231,0.0091620802069052,0.0345861174251763,RNA,C4vsC1_rna,ACZ81_01135,tier1:gene_id
ACZ81_RS01135,-0.0557141566571737,102.53451457068302,0.8658600098905553,0.9249068366486718,RNA,C4vsC1_rna,ACZ81_01140,tier1:gene_id
ACZ81_RS01140,0.5177001998578076,107.19804875888484,0.1515736591208833,0.2876601326362271,RNA,C4vsC1_rna,ACZ81_01145,tier1:gene_id
ACZ81_RS01145,-0.9420431367393812,2468.434942180892,0.0955207990958396,0.2038454499853769,RNA,C4vsC1_rna,ACZ81_01150,tier1:gene_id
ACZ81_RS01150,-1.462915918865679,3621.5560842075074,0.0002322314306653,0.0018126702331307,RNA,C4vsC1_rna,ACZ81_01155,tier1:gene_id
ACZ81_RS01155,-1.1076449775380195,2529.680644940986,0.0009624346713909,0.0058239636525194,RNA,C4vsC1_rna,ACZ81_01160,tier1:gene_id
ACZ81_RS01160,-0.5293894521466113,3993.3305735473423,0.0004944188323761,0.0033984285994812,RNA,C4vsC1_rna,ACZ81_01165,tier1:gene_id
ACZ81_RS01165,1.0251140706581567,219.7620403428148,0.0001898443108464,0.0015233107502316,RNA,C4vsC1_rna,ACZ81_01170,tier1:gene_id
ACZ81_RS01170,0.3743643777903346,505.3352991226943,0.1158178935993967,0.2364894104254003,RNA,C4vsC1_rna,ACZ81_01175,tier1:gene_id
ACZ81_RS01175,0.3023675592289523,2629.375393643367,0.1410067268876133,0.2734262872272134,RNA,C4vsC1_rna,ACZ81_01180,tier1:gene_id
ACZ81_RS01180,0.0522074763912712,100.69443771265782,0.9036656225713866,0.945507829180418,RNA,C4vsC1_rna,ACZ81_01185,tier1:gene_id
ACZ81_RS01185,1.430027277261403,621.3853675577591,5.5241980003752e-05,0.0005468446520923,RNA,C4vsC1_rna,ACZ81_01190,tier1:gene_id
ACZ81_RS01190,-0.6560885689359661,4094.735721562221,0.0015264824021211,0.0082705677818755,RNA,C4vsC1_rna,ACZ81_01195,tier1:gene_id
ACZ81_RS01195,-0.0599598794138722,1627.2989150507929,0.7763691972775948,0.8624637873483583,RNA,C4vsC1_rna,ACZ81_01200,tier1:gene_id
ACZ81_RS01200,0.4289943732150466,809.5913761501874,0.1107525506630245,0.2288945464506559,RNA,C4vsC1_rna,ACZ81_01205,tier1:gene_id
ACZ81_RS01205,0.2889822079702718,440.0081000242449,0.602654263604594,0.7391772869402724,RNA,C4vsC1_rna,ACZ81_01210,tier1:gene_id
ACZ81_RS01210,0.6885146658753704,884.6703727597655,0.0278816224208631,0.0820095814901047,RNA,C4vsC1_rna,ACZ81_01215,tier1:gene_id
ACZ81_RS01215,0.2703307557229952,437.899495226041,0.2228861020657716,0.3837849963467278,RNA,C4vsC1_rna,ACZ81_01220,tier1:gene_id
ACZ81_RS01220,1.274334437132448,274.0476443001934,0.0002651108698991,0.0020144409280976,RNA,C4vsC1_rna,ACZ81_01225,tier1:gene_id
ACZ81_RS01225,1.0389448570314812,200.89346405905243,0.0175653498262303,0.0573426978065608,RNA,C4vsC1_rna,ACZ81_01230,tier1:gene_id
ACZ81_RS01235,0.2824032778025543,658.4725664256796,0.2655725783941965,0.4331208067144375,RNA,C4vsC1_rna,ACZ81_01245,tier1:gene_id
ACZ81_RS01240,1.5420100571720785,99.5175026064648,0.0011086014644903,0.0064930059496868,RNA,C4vsC1_rna,ACZ81_01250,tier1:gene_id
ACZ81_RS01245,0.5520241856467979,503.2787869134482,0.0282344563112602,0.0827440750334376,RNA,C4vsC1_rna,ACZ81_01255,tier1:gene_id
ACZ81_RS01250,0.3153824569977407,292.81179335048466,0.2390924096440131,0.4013551244735484,RNA,C4vsC1_rna,ACZ81_01260,tier1:gene_id
ACZ81_RS01255,0.6429262291675497,655.2144667417633,0.0773415337294748,0.1735210612564953,RNA,C4vsC1_rna,ACZ81_01265,tier1:gene_id
ACZ81_RS01260,0.1537744988481532,231.19527620025715,0.6652257488957757,0.7866913347034608,RNA,C4vsC1_rna,ACZ81_01270,tier1:gene_id
ACZ81_RS01265,0.429775789299315,114.53361887656408,0.2109670004973258,0.3688015712397696,RNA,C4vsC1_rna,ACZ81_01275,tier1:gene_id
ACZ81_RS01280,0.1979682198084001,351.3485762614596,0.5439450530840982,0.6919174232636024,RNA,C4vsC1_rna,ACZ81_01290,tier1:gene_id
ACZ81_RS01285,0.0535709332371184,193.11539427348688,0.9088833258047644,0.9478658443277136,RNA,C4vsC1_rna,ACZ81_01295,tier1:gene_id
ACZ81_RS01290,-0.1199657843399348,145.7729790834809,0.7372239066082308,0.8345547464616736,RNA,C4vsC1_rna,ACZ81_01300,tier1:gene_id
ACZ81_RS01295,1.1698992596776556,40.20912901843799,0.0739505778157854,0.1680961576186579,RNA,C4vsC1_rna,ACZ81_01305,tier1:gene_id
ACZ81_RS01300,0.9205154866928966,15.261711495980704,0.3227341119038768,0.4957156420208092,RNA,C4vsC1_rna,ACZ81_01310,tier1:gene_id
ACZ81_RS01305,1.0131369036244455,9.150220126223202,0.3026179307274013,0.4755593960353834,RNA,C4vsC1_rna,ACZ81_01315,tier1:gene_id
ACZ81_RS01310,0.9348382335159224,32.548983292693535,0.0634803481430055,0.1504330518309145,RNA,C4vsC1_rna,ACZ81_01320,tier1:gene_id
ACZ81_RS01315,1.2812615749181508,10.9280254064016,0.0736993437479395,0.1679324120163935,RNA,C4vsC1_rna,ACZ81_01325,tier1:gene_id
ACZ81_RS01320,-1.3098260866176836,94.55307866755268,0.0156600870409999,0.0521829478475845,RNA,C4vsC1_rna,ACZ81_01330,tier1:gene_id
ACZ81_RS01325,-2.7055985084975656,293.97360452280674,6.2935103738631406e-21,1.3289244010494173e-18,RNA,C4vsC1_rna,ACZ81_01335,tier1:gene_id
ACZ81_RS01340,1.079732250178587,29.80594956013917,0.0490654372589234,0.124615662008678,RNA,C4vsC1_rna,ACZ81_01350,tier1:gene_id
ACZ81_RS01350,-0.0183607400870659,107.9729760373606,0.96536808479195,0.9792811014374978,RNA,C4vsC1_rna,ACZ81_01360,tier1:gene_id
ACZ81_RS01355,-0.4904669292396758,100.576127110209,0.3522078267711016,0.5251050914179337,RNA,C4vsC1_rna,ACZ81_01365,tier1:gene_id
ACZ81_RS01360,-1.6696808974295507,102.23398713599958,0.0008647046949753,0.0053702712635309,RNA,C4vsC1_rna,ACZ81_01370,tier1:gene_id
ACZ81_RS01365,-1.3838379908076308,316.4581286721631,6.664324402621271e-05,0.0006427228245989,RNA,C4vsC1_rna,ACZ81_01375,tier1:gene_id
ACZ81_RS01370,-1.694721629402882,159.30740398452264,0.0026049225222541,0.0128547960138791,RNA,C4vsC1_rna,ACZ81_01380,tier1:gene_id
ACZ81_RS01375,-2.0201458089134823,203.76548387292823,1.3368491094512703e-05,0.0001665664169912,RNA,C4vsC1_rna,ACZ81_01385,tier1:gene_id
ACZ81_RS01380,-1.6275596157449483,361.5602265405402,1.3987393037063216e-05,0.0001726689872759,RNA,C4vsC1_rna,ACZ81_01390,tier1:gene_id
ACZ81_RS01385,-0.8856961630398229,277.989143715666,0.0386026760682321,0.104081946495798,RNA,C4vsC1_rna,ACZ81_01395,tier1:gene_id
ACZ81_RS01390,-0.0337383298344277,223.7371861596284,0.9181068721517928,0.9540131497210548,RNA,C4vsC1_rna,ACZ81_01400,tier1:gene_id
ACZ81_RS01405,-1.2482924018546773,4330.4130965011855,0.0011122222452775,0.0065047166881246,RNA,C4vsC1_rna,,unresolved
ACZ81_RS01410,-0.273306780151494,787.6600711195557,0.4808544363079704,0.6363630081927415,RNA,C4vsC1_rna,ACZ81_01420,tier1:gene_id
ACZ81_RS01415,-0.0957850346834953,1579.5643396162532,0.8378700056615138,0.906807246483408,RNA,C4vsC1_rna,ACZ81_01425,tier1:gene_id
ACZ81_RS01420,-0.2455420570184916,355.1770695842404,0.5876438072455923,0.7263176077231411,RNA,C4vsC1_rna,ACZ81_01430,tier1:gene_id
ACZ81_RS01430,0.0408969143772488,468.31638565345503,0.9387716472551448,0.9640607851356848,RNA,C4vsC1_rna,ACZ81_01440,tier1:gene_id
ACZ81_RS01435,-0.1365880135153038,201.5478891675529,0.7988702977908353,0.8773795879378131,RNA,C4vsC1_rna,ACZ81_01445,tier1:gene_id
ACZ81_RS01440,0.2179324251296406,221.85057303654293,0.6057158905295768,0.7411781087141089,RNA,C4vsC1_rna,ACZ81_01450,tier1:gene_id
ACZ81_RS01445,-3.1776600024202195,1767.6992643322462,1.1294269113105043e-06,2.031955501424997e-05,RNA,C4vsC1_rna,ACZ81_01455,tier1:gene_id
ACZ81_RS01450,-3.4974688659232047,490.78422726967057,1.2165782432770455e-06,2.159695536295357e-05,RNA,C4vsC1_rna,ACZ81_01460,tier1:gene_id
ACZ81_RS01455,-3.683802431641933,1309.1450642127036,1.0604027378412416e-08,3.198748709939144e-07,RNA,C4vsC1_rna,ACZ81_01465,tier1:gene_id
ACZ81_RS01460,-3.0842554579400168,123.1688092213594,1.8577506259621805e-05,0.0002166655671907,RNA,C4vsC1_rna,ACZ81_01470,tier1:gene_id
ACZ81_RS01465,-3.338978416827223,1238.0563305449602,4.90057328848961e-09,1.6521932801193545e-07,RNA,C4vsC1_rna,ACZ81_01475,tier1:gene_id
ACZ81_RS01475,-2.2300375350414785,165.94621442754232,2.062965149694917e-05,0.0002358010307856,RNA,C4vsC1_rna,ACZ81_01485,tier1:gene_id
ACZ81_RS01480,-1.074287814850901,351.41114675107383,0.0017083759097577,0.0090422218337046,RNA,C4vsC1_rna,ACZ81_01490,tier1:gene_id
ACZ81_RS01485,-1.194107585018435,363.9415993234412,0.0020108659417035,0.0104097989136962,RNA,C4vsC1_rna,ACZ81_01495,tier1:gene_id
ACZ81_RS01490,1.0637138067365837,4481.4993945378,0.0201030613753826,0.0642657228988328,RNA,C4vsC1_rna,ACZ81_01500,tier1:gene_id
ACZ81_RS01495,-0.0297400732216908,239.70636336371024,0.9054001292662022,0.9457082318708678,RNA,C4vsC1_rna,ACZ81_01505,tier1:gene_id
ACZ81_RS01505,0.713274282240839,435.46056856989287,0.0261549800834329,0.0783266194442496,RNA,C4vsC1_rna,ACZ81_01515,tier1:gene_id
ACZ81_RS01510,0.6091697116458324,916.1150268514142,0.0229490457540706,0.0713733112909546,RNA,C4vsC1_rna,ACZ81_01520,tier1:gene_id
ACZ81_RS01515,-0.8399416862407226,281.44233608772515,0.000685162952613,0.0044373245055295,RNA,C4vsC1_rna,ACZ81_01525,tier1:gene_id
ACZ81_RS01520,-0.0534332298831657,162.74971345562568,0.7940768004044018,0.8737893919973834,RNA,C4vsC1_rna,ACZ81_01530,tier1:gene_id
ACZ81_RS01525,0.6086259268331247,96.77376957780092,0.152436649852775,0.2888879731739883,RNA,C4vsC1_rna,ACZ81_01535,tier1:gene_id
ACZ81_RS01530,0.7170224605872366,169.64900147454046,0.0879375850602538,0.1918464335300372,RNA,C4vsC1_rna,ACZ81_01540,tier1:gene_id
ACZ81_RS01535,-0.7551482703604733,103.7680983775419,0.1130217716256384,0.2319403313360928,RNA,C4vsC1_rna,ACZ81_01545,tier1:gene_id
ACZ81_RS01540,0.1037962912936985,668.9049257178553,0.6578359437415049,0.7813747294630333,RNA,C4vsC1_rna,ACZ81_01550,tier1:gene_id
ACZ81_RS01545,0.0353029857329176,34.79868391070035,0.9486018726615852,0.970617371364009,RNA,C4vsC1_rna,ACZ81_01555,tier1:gene_id
ACZ81_RS01550,-0.2252244233769714,481.0870343965528,0.5452415081838937,0.6929489095173834,RNA,C4vsC1_rna,ACZ81_01560,tier1:gene_id
ACZ81_RS01555,-0.5494877128044575,625.5501100683297,0.0216128949896675,0.0677958832670417,RNA,C4vsC1_rna,ACZ81_01565,tier1:gene_id
ACZ81_RS01560,-1.0106930263278169,1422.2414880101323,0.0068386615629391,0.0276023241353236,RNA,C4vsC1_rna,ACZ81_01570,tier1:gene_id
ACZ81_RS01565,-1.3255618583772717,825.3000418538866,0.0078081718830553,0.0303256394915952,RNA,C4vsC1_rna,ACZ81_01575,tier1:gene_id
ACZ81_RS01570,-1.0203702562045325,401.1639669936835,0.004573029075727,0.0200294679604989,RNA,C4vsC1_rna,ACZ81_01580,tier1:gene_id
ACZ81_RS01575,-0.2381808988476492,253.8124343972607,0.5709994398255505,0.7138827524400463,RNA,C4vsC1_rna,ACZ81_01585,tier1:gene_id
ACZ81_RS01580,-0.3157041012897316,612.073522437001,0.3033159030765067,0.4757192571443031,RNA,C4vsC1_rna,ACZ81_01590,tier1:gene_id
ACZ81_RS01585,-0.2706316687253527,216.09072211948208,0.6119833466975235,0.7471933009587536,RNA,C4vsC1_rna,ACZ81_01595,tier1:gene_id
ACZ81_RS01590,0.0164380460809029,244.79531686840812,0.9718307782185798,0.9835986584795516,RNA,C4vsC1_rna,ACZ81_01600,tier1:gene_id
ACZ81_RS01595,-0.0208742094692446,479.3665405076229,0.9613034742104204,0.9768869145218352,RNA,C4vsC1_rna,ACZ81_01605,tier1:gene_id
ACZ81_RS01625,0.3468880753682614,2716.0921721899285,0.2262217459760329,0.387367326016152,RNA,C4vsC1_rna,ACZ81_01635,tier1:gene_id
ACZ81_RS01630,0.5311330828258072,1247.7313622123088,0.1484960789402862,0.2839686695464387,RNA,C4vsC1_rna,ACZ81_01640,tier1:gene_id
ACZ81_RS01635,0.2850572496992489,56.87461021846564,0.4980942673510821,0.6523076732552826,RNA,C4vsC1_rna,ACZ81_01645,tier1:gene_id
ACZ81_RS01640,-2.6241672547359305,33151.13741026872,9.393050359972796e-11,4.595721712708642e-09,RNA,C4vsC1_rna,ACZ81_01650,tier1:gene_id
ACZ81_RS01645,0.9803858808848464,160.1531485224058,0.0075682716319953,0.0295944500853461,RNA,C4vsC1_rna,ACZ81_01655,tier1:gene_id
ACZ81_RS01650,-0.0421022648177315,1171.841020539622,0.8771957840496237,0.9317737584344956,RNA,C4vsC1_rna,ACZ81_01660,tier1:gene_id
ACZ81_RS01655,2.7677319504266578,7616.40639913937,5.264803938147162e-11,2.743167974006028e-09,RNA,C4vsC1_rna,ACZ81_01665,tier1:gene_id
ACZ81_RS01660,1.605134421592516,8345.818399342766,0.0002391614051628,0.0018595262742505,RNA,C4vsC1_rna,ACZ81_01670,tier1:gene_id
ACZ81_RS01665,0.9779964166118176,4909.1594484356165,0.0694417492968062,0.1607618569987227,RNA,C4vsC1_rna,ACZ81_01675,tier1:gene_id
ACZ81_RS01670,1.096178896845611,2501.4370470503454,0.0661203877434859,0.1547695423727336,RNA,C4vsC1_rna,ACZ81_01680,tier1:gene_id
ACZ81_RS01675,0.8249076139011212,7007.028118145328,0.1873696468040125,0.3378548417877295,RNA,C4vsC1_rna,ACZ81_01685,tier1:gene_id
ACZ81_RS01680,1.1793533359790482,2186.443250884472,0.0307422040535919,0.0879099947704997,RNA,C4vsC1_rna,ACZ81_01690,tier1:gene_id
ACZ81_RS01685,1.0892194990263284,2571.9536587891976,0.0318103790908499,0.0900146404069906,RNA,C4vsC1_rna,ACZ81_01695,tier1:gene_id
ACZ81_RS01690,0.8717952359718123,6033.246522986519,0.0926238398709172,0.1997886266463011,RNA,C4vsC1_rna,ACZ81_01700,tier1:gene_id
ACZ81_RS01695,0.7699494131815905,2727.3893024886106,0.0964593370242887,0.205580753653915,RNA,C4vsC1_rna,ACZ81_01705,tier1:gene_id
ACZ81_RS01700,0.869222629593449,1134.0882446907085,0.0483113350006717,0.1235341466046494,RNA,C4vsC1_rna,ACZ81_01710,tier1:gene_id
ACZ81_RS01705,1.4998733351846332,1151.7284201471482,0.0065140659860246,0.0265324190212497,RNA,C4vsC1_rna,ACZ81_01715,tier1:gene_id
ACZ81_RS01710,-0.6250839351079557,883.037461075675,0.2117983268076347,0.3699324715508186,RNA,C4vsC1_rna,ACZ81_01720,tier1:gene_id
ACZ81_RS01715,0.5337730772993965,248.3617153163554,0.0494414836997043,0.1253058955168754,RNA,C4vsC1_rna,ACZ81_01725,tier1:gene_id
ACZ81_RS01720,-0.1347111610494205,1033.449048921225,0.6043497587696383,0.7403515212774927,RNA,C4vsC1_rna,ACZ81_01730,tier1:gene_id
ACZ81_RS01725,0.0076737561672297,687.6228969961016,0.9826084746597498,0.9893907858687706,RNA,C4vsC1_rna,ACZ81_01735,tier1:gene_id
ACZ81_RS01730,-1.0275098747041982,5949.928992700555,0.0686820146865326,0.159647881183296,RNA,C4vsC1_rna,ACZ81_01740,tier1:gene_id
ACZ81_RS01735,-0.2702448595040525,516.7862591659728,0.3081261730453578,0.4810125316178893,RNA,C4vsC1_rna,ACZ81_01745,tier1:gene_id
ACZ81_RS01740,0.1639642795613796,1374.8108318422858,0.6295294621591049,0.7589159261365171,RNA,C4vsC1_rna,ACZ81_01750,tier1:gene_id
ACZ81_RS01745,1.9648464020328664,0.6050845591464443,0.5826255367366133,0.7226331409657594,RNA,C4vsC1_rna,ACZ81_01755,tier1:gene_id
ACZ81_RS01750,0.3056318845532954,32.45870185469638,0.6914051930671752,0.8040340969813063,RNA,C4vsC1_rna,ACZ81_01760,tier1:gene_id
ACZ81_RS01755,3.106685941578553,48.37582125532221,1.9992160701366955e-05,0.0002291672820968,RNA,C4vsC1_rna,ACZ81_01765,tier1:gene_id
ACZ81_RS01760,0.4994699794371592,147.8736431005528,0.1954321426334441,0.3495122293837353,RNA,C4vsC1_rna,ACZ81_01770,tier1:gene_id
ACZ81_RS01765,-0.2041933237432289,895.6429575608844,0.445223227441042,0.6089116078227599,RNA,C4vsC1_rna,ACZ81_01775,tier1:gene_id
ACZ81_RS01770,-0.0635652095922339,429.7579174642454,0.7669707619007226,0.8552214276669535,RNA,C4vsC1_rna,ACZ81_01780,tier1:gene_id
ACZ81_RS01775,0.4336207786119394,184.2772665324139,0.2526227789208964,0.4179474593940769,RNA,C4vsC1_rna,ACZ81_01785,tier1:gene_id
ACZ81_RS01780,0.1424133873063482,1010.0060537839794,0.5828616261628109,0.7226331409657594,RNA,C4vsC1_rna,ACZ81_01790,tier1:gene_id
ACZ81_RS01785,0.7069965050885251,839.0683563387571,0.035874627110141,0.0983793601954107,RNA,C4vsC1_rna,ACZ81_01795,tier1:gene_id
ACZ81_RS01790,1.477488129389013,9362.403399173028,0.00879212062921,0.0334350596818869,RNA,C4vsC1_rna,ACZ81_01800,tier1:gene_id
ACZ81_RS01795,0.1367012296526886,358.0422045319385,0.4595872123921612,0.6201244637431852,RNA,C4vsC1_rna,ACZ81_01805,tier1:gene_id
ACZ81_RS01800,0.2309418419712242,159.87966441049684,0.4453007620518388,0.6089116078227599,RNA,C4vsC1_rna,ACZ81_01810,tier1:gene_id
ACZ81_RS01805,0.6833643969729596,173.08603301989416,0.0571823715159339,0.1394624161227519,RNA,C4vsC1_rna,ACZ81_01815,tier1:gene_id
ACZ81_RS01810,0.1198412236130616,347.47683510708987,0.7698079471707007,0.8576699483612472,RNA,C4vsC1_rna,ACZ81_01820,tier1:gene_id
ACZ81_RS01815,5.384504757584833,285.7416516622142,1.1678526399518453e-05,0.000147340402248,RNA,C4vsC1_rna,ACZ81_01825,tier1:gene_id
ACZ81_RS01820,3.649153284572984,526.876657321752,1.4484411992677988e-11,8.071036238142231e-10,RNA,C4vsC1_rna,ACZ81_01830,tier1:gene_id
ACZ81_RS01825,0.3873615683111536,668.6451996503591,0.1448182696718499,0.2782619242928457,RNA,C4vsC1_rna,ACZ81_01835,tier1:gene_id
ACZ81_RS01830,0.2978827718985387,553.79182048282,0.3212663526165791,0.4942259075989197,RNA,C4vsC1_rna,ACZ81_01840,tier1:gene_id
ACZ81_RS01835,-0.2609022322133098,177.85686669133105,0.6165083380330695,0.7497518800208168,RNA,C4vsC1_rna,ACZ81_01845,tier1:gene_id
ACZ81_RS01840,-0.0738511521141265,908.2576481516796,0.8376222686393366,0.9067837403618506,RNA,C4vsC1_rna,ACZ81_01850,tier1:gene_id
ACZ81_RS01845,0.6202430350805952,831.8536560606448,0.1188961426387525,0.2407424280064662,RNA,C4vsC1_rna,ACZ81_01855,tier1:gene_id
ACZ81_RS01850,0.2236292500576285,206.5539752649701,0.6148027947263248,0.7490400280722792,RNA,C4vsC1_rna,ACZ81_01860,tier1:gene_id
ACZ81_RS01855,0.4385858165859841,370.7541682104484,0.2057081434558628,0.3618154631937402,RNA,C4vsC1_rna,ACZ81_01865,tier1:gene_id
ACZ81_RS01860,0.2621068601277792,574.9315329515774,0.3282686712807301,0.500956222585884,RNA,C4vsC1_rna,ACZ81_01870,tier1:gene_id
ACZ81_RS01865,-1.132731663043544,1627.3052412143174,0.0095047796724384,0.0355389261101582,RNA,C4vsC1_rna,ACZ81_01875,tier1:gene_id
ACZ81_RS01870,-0.0931097167761258,591.94442651599,0.6950276803629716,0.8068434761621069,RNA,C4vsC1_rna,ACZ81_01880,tier1:gene_id
ACZ81_RS01875,0.8119855713314778,796.4300008189288,0.0002458052831434,0.0019038046254274,RNA,C4vsC1_rna,ACZ81_01885,tier1:gene_id
ACZ81_RS01880,-0.872113835119815,1115.473825743319,0.0257351749056318,0.07734046570891,RNA,C4vsC1_rna,ACZ81_01890,tier1:gene_id
ACZ81_RS01885,-0.8959086958271515,1558.9169652964931,0.0031824637436682,0.0150035776023467,RNA,C4vsC1_rna,ACZ81_01895,tier1:gene_id
ACZ81_RS01890,-2.371616191771009,1941.8068872303625,2.0927585450128977e-06,3.4269988908537733e-05,RNA,C4vsC1_rna,ACZ81_01900,tier1:gene_id
ACZ81_RS01895,-3.232807637527294,6440.468253176364,4.454692255499735e-09,1.5456819604443006e-07,RNA,C4vsC1_rna,ACZ81_01905,tier1:gene_id
ACZ81_RS01900,-3.1767016924444285,4574.694437879677,2.856366653903821e-11,1.5279657353949502e-09,RNA,C4vsC1_rna,ACZ81_01910,tier1:gene_id
ACZ81_RS01905,-3.5568968600792727,16521.701466594295,1.9161954378227802e-19,3.0751104386179964e-17,RNA,C4vsC1_rna,ACZ81_01915,tier1:gene_id
ACZ81_RS01910,-2.4682443322087564,1035.758494289728,6.049565637677474e-12,3.6225160206510485e-10,RNA,C4vsC1_rna,ACZ81_01920,tier1:gene_id
ACZ81_RS01915,0.1431383390903716,48.48499991937091,0.7700829735120902,0.8577381703860371,RNA,C4vsC1_rna,ACZ81_01925,tier1:gene_id
ACZ81_RS01920,0.021647039413278,736.1759533268676,0.9648276039570002,0.9789803609194448,RNA,C4vsC1_rna,ACZ81_01930,tier1:gene_id
ACZ81_RS01925,-0.1739708898813413,1646.6784340822614,0.4609062617856189,0.6208872717185522,RNA,C4vsC1_rna,ACZ81_01935,tier1:gene_id
ACZ81_RS01930,2.713258300846736,952.1994795381856,1.949235784037604e-06,3.2538166037175815e-05,RNA,C4vsC1_rna,ACZ81_01940,tier1:gene_id
ACZ81_RS01935,0.5936960224606753,2748.403719276841,0.0410383752607489,0.1091093184533629,RNA,C4vsC1_rna,ACZ81_01945,tier1:gene_id
ACZ81_RS01940,0.6383595674122622,970.2601892624264,0.0175032998546399,0.0573250930749514,RNA,C4vsC1_rna,ACZ81_01950,tier1:gene_id
ACZ81_RS01945,0.2606992306414039,287.4380321098837,0.3429117592729534,0.5168151683708073,RNA,C4vsC1_rna,ACZ81_01955,tier1:gene_id
ACZ81_RS01950,-0.3338586674443997,546.9127778751829,0.3697111601331508,0.541145995787742,RNA,C4vsC1_rna,ACZ81_01960,tier1:gene_id
ACZ81_RS01955,0.1461279688834938,1430.127246916585,0.6303163769747876,0.7591802174790897,RNA,C4vsC1_rna,ACZ81_01965,tier1:gene_id
ACZ81_RS01960,0.9483302322901545,2850.493041062296,0.0036888701031925,0.0169139964045812,RNA,C4vsC1_rna,ACZ81_01970,tier1:gene_id
ACZ81_RS01965,-0.5344950434994566,618.2474052290576,0.2349628476267409,0.3973780427380259,RNA,C4vsC1_rna,ACZ81_01975,tier1:gene_id
ACZ81_RS01970,-0.9718328115999484,105.94979843677189,0.1574514734816711,0.295460856692453,RNA,C4vsC1_rna,ACZ81_01980,tier1:gene_id
ACZ81_RS01975,-1.0263082266500787,169.75578703245156,0.131701201710606,0.2599041914721847,RNA,C4vsC1_rna,ACZ81_01985,tier1:gene_id
ACZ81_RS01980,-1.1573281036646017,221.88267442233592,0.0490909577064675,0.124615662008678,RNA,C4vsC1_rna,ACZ81_01990,tier1:gene_id
ACZ81_RS01985,-0.9550782280423994,1474.0460818023105,0.0744751514984577,0.1688245324175898,RNA,C4vsC1_rna,ACZ81_01995,tier1:gene_id
ACZ81_RS01990,-0.0015581531059283,819.9211878933789,0.994093267168914,0.9953337129727188,RNA,C4vsC1_rna,ACZ81_02000,tier1:gene_id
ACZ81_RS01995,0.337507302373622,1171.566065122976,0.1297630717947548,0.2572181047631207,RNA,C4vsC1_rna,ACZ81_02005,tier1:gene_id
ACZ81_RS02000,-3.152463262184807,151.6526200978472,0.0215931921439553,0.0677870789370491,RNA,C4vsC1_rna,ACZ81_02010,tier1:gene_id
ACZ81_RS02005,0.0482546824307202,447.6706350160604,0.9011787123651194,0.945507829180418,RNA,C4vsC1_rna,ACZ81_02015,tier1:gene_id
ACZ81_RS02010,-2.798348224563478,2844.49286953872,2.0081873987340247e-06,3.329275968479714e-05,RNA,C4vsC1_rna,ACZ81_02020,tier1:gene_id
ACZ81_RS02015,0.9523966513128322,26024.486684719137,0.3530904865505206,0.5254447448222139,RNA,C4vsC1_rna,ACZ81_02025,tier1:gene_id
ACZ81_RS02020,-1.4238611968059247,724.0568830307803,0.0007195580169947,0.0045823281971156,RNA,C4vsC1_rna,ACZ81_02030,tier1:gene_id
ACZ81_RS02025,0.1464910223772894,283.4612233937253,0.7681869548341695,0.8563395562085824,RNA,C4vsC1_rna,ACZ81_02035,tier1:gene_id
ACZ81_RS02030,0.1096486807613656,52.401446250427774,0.8288719789514211,0.9002264031253643,RNA,C4vsC1_rna,ACZ81_02040,tier1:gene_id
ACZ81_RS02035,0.312624589866633,425.2408458535771,0.4091413131987257,0.5765177591799779,RNA,C4vsC1_rna,ACZ81_02045,tier1:gene_id
ACZ81_RS02040,-0.197306129741339,1248.1075671665333,0.5483305507437906,0.6947363874941682,RNA,C4vsC1_rna,ACZ81_02050,tier1:gene_id
ACZ81_RS02045,-0.5591926855941595,1353.2620245407325,0.1300921640669797,0.2574887825538838,RNA,C4vsC1_rna,ACZ81_02055,tier1:gene_id
ACZ81_RS02050,-0.3068788877730109,659.1953915880817,0.4048926192694627,0.5733954071687556,RNA,C4vsC1_rna,ACZ81_02060,tier1:gene_id
ACZ81_RS02055,0.2489559493562632,433.2928529152035,0.5294281477516449,0.6788776507019264,RNA,C4vsC1_rna,ACZ81_02065,tier1:gene_id
ACZ81_RS02060,-0.5389648826292273,478.3281261981236,0.3255789807632987,0.49855834764212,RNA,C4vsC1_rna,ACZ81_02070,tier1:gene_id
ACZ81_RS02065,-0.1863592378493247,467.83325913315866,0.6468554072050257,0.7739354865455417,RNA,C4vsC1_rna,ACZ81_02075,tier1:gene_id
ACZ81_RS02070,-1.3403480033736224,101.05639332968887,0.0024804932810472,0.0124552428580246,RNA,C4vsC1_rna,ACZ81_02080,tier1:gene_id
ACZ81_RS02075,-0.1826275803630762,9.774822937248556,0.8766096339813028,0.9313977361051342,RNA,C4vsC1_rna,ACZ81_02085,tier1:gene_id
ACZ81_RS02080,0.0244044300271692,21.496390987541552,0.9687930934536338,0.982258754343184,RNA,C4vsC1_rna,ACZ81_02090,tier1:gene_id
ACZ81_RS02085,-0.6911914308867022,459.4615677031186,0.0169816439007682,0.0559362523233844,RNA,C4vsC1_rna,ACZ81_02095,tier1:gene_id
ACZ81_RS02090,-0.2624437763553233,225.4530621007903,0.4336645520835025,0.5995390017088257,RNA,C4vsC1_rna,ACZ81_02100,tier1:gene_id
ACZ81_RS02095,-0.2337101903033162,174.50131714515192,0.4247573596862958,0.5923276075986859,RNA,C4vsC1_rna,ACZ81_02105,tier1:gene_id
ACZ81_RS02100,0.475255835412256,404.6392460673416,0.0197937152488446,0.0634284229859142,RNA,C4vsC1_rna,ACZ81_02110,tier1:gene_id
ACZ81_RS02105,-0.3978895171351728,355.6856634907772,0.0910993405708829,0.1976693100975568,RNA,C4vsC1_rna,ACZ81_02115,tier1:gene_id
ACZ81_RS02110,-0.0621837620003652,30.74470591175779,0.924481685591308,0.9577870157206856,RNA,C4vsC1_rna,ACZ81_02120,tier1:gene_id
ACZ81_RS02115,0.3863773605694017,93.23382916330044,0.2593847072641234,0.4257984638067362,RNA,C4vsC1_rna,ACZ81_02125,tier1:gene_id
ACZ81_RS02120,0.4468097087857065,17.5822271592751,0.5065237794913933,0.6599916730440583,RNA,C4vsC1_rna,ACZ81_02130,tier1:gene_id
ACZ81_RS02130,1.019217971430238,575.3373019722079,0.0481769701953976,0.1232691354744486,RNA,C4vsC1_rna,ACZ81_02140,tier1:gene_id
ACZ81_RS02135,0.736412960175109,857.1086142453969,0.1337365093297459,0.2625004282930238,RNA,C4vsC1_rna,ACZ81_02145,tier1:gene_id
ACZ81_RS02140,0.8941271029626744,1304.5070689103902,0.0647076778729183,0.152530671930757,RNA,C4vsC1_rna,ACZ81_02150,tier1:gene_id
ACZ81_RS02145,0.7685400358216452,865.695714888415,0.0750071386203784,0.1698242890208569,RNA,C4vsC1_rna,ACZ81_02155,tier1:gene_id
ACZ81_RS02150,2.258067760144211,641.0866265016799,4.947465173027682e-07,9.826351620884683e-06,RNA,C4vsC1_rna,ACZ81_02160,tier1:gene_id
ACZ81_RS02155,0.3918928095130002,509.8070302030978,0.1335856063317547,0.2623325759192365,RNA,C4vsC1_rna,ACZ81_02165,tier1:gene_id
ACZ81_RS02160,1.3205993350261271,108.7927786764634,0.0100530492272002,0.0371047226306598,RNA,C4vsC1_rna,ACZ81_02170,tier1:gene_id
ACZ81_RS02165,0.1511143202836359,2389.0270121942926,0.7611195351708551,0.8508251811383312,RNA,C4vsC1_rna,ACZ81_02175,tier1:gene_id
ACZ81_RS02170,0.4190604958846008,189.0748758383023,0.1135578052808347,0.2328022047964787,RNA,C4vsC1_rna,ACZ81_02180,tier1:gene_id
ACZ81_RS02175,-0.292073341285031,185.3693524326774,0.4743055204777002,0.6319872959669655,RNA,C4vsC1_rna,ACZ81_02185,tier1:gene_id
ACZ81_RS02180,0.2313749029531939,1028.3165093978391,0.3490314046096473,0.5223103302103338,RNA,C4vsC1_rna,ACZ81_02190,tier1:gene_id
ACZ81_RS02185,0.2902200576045812,1667.7281111565983,0.1232633334741996,0.247166978142022,RNA,C4vsC1_rna,ACZ81_02195,tier1:gene_id
ACZ81_RS02190,0.3377399192843539,1121.4700381129023,0.4081542361627533,0.5756663623841963,RNA,C4vsC1_rna,ACZ81_02200,tier1:gene_id
ACZ81_RS02205,1.0931918949785742,1154.6966843904852,0.0017072382612894,0.0090422218337046,RNA,C4vsC1_rna,ACZ81_02215,tier1:gene_id
ACZ81_RS02215,-0.1864811766865695,519.900256721826,0.7144223391635994,0.8206599255237288,RNA,C4vsC1_rna,ACZ81_02225,tier1:gene_id
ACZ81_RS02220,0.6786974094866475,653.0388707353229,0.1260942280153397,0.2518118679928039,RNA,C4vsC1_rna,ACZ81_02230,tier1:gene_id
ACZ81_RS02225,0.1683026924649809,2244.4802091028128,0.7170046833901601,0.8228326057669686,RNA,C4vsC1_rna,ACZ81_02235,tier1:gene_id
ACZ81_RS02230,0.5044526990091417,289.3266381123664,0.321946462019229,0.4948847531115505,RNA,C4vsC1_rna,ACZ81_02240,tier1:gene_id
ACZ81_RS02235,-0.8802980362300353,243.1053789468476,0.003957124032496,0.0178181611878496,RNA,C4vsC1_rna,ACZ81_02245,tier1:gene_id
ACZ81_RS02240,1.4567051207854949,798.2863133721931,0.0055692170987439,0.0234949516300324,RNA,C4vsC1_rna,ACZ81_02250,tier1:gene_id
ACZ81_RS02245,0.8075429854736486,577.6772452591233,0.0549098193817431,0.1356118843080953,RNA,C4vsC1_rna,ACZ81_02255,tier1:gene_id
ACZ81_RS02250,0.5955484858655654,284.629510696806,0.0156281793779985,0.0521632742633364,RNA,C4vsC1_rna,ACZ81_02260,tier1:gene_id
ACZ81_RS02255,-1.256681555175923,1780.5917156457188,0.0140289572166305,0.0480240412569299,RNA,C4vsC1_rna,ACZ81_02265,tier1:gene_id
ACZ81_RS02260,-1.0912400758110794,607.6440001865311,0.0156562174850361,0.0521829478475845,RNA,C4vsC1_rna,ACZ81_02270,tier1:gene_id
ACZ81_RS02265,-0.5561051445912334,458.8607929133669,0.1361550399496491,0.266465375745362,RNA,C4vsC1_rna,ACZ81_02275,tier1:gene_id
ACZ81_RS02270,0.5250781352487838,507.7314783680178,0.1121733850895396,0.2305530845180497,RNA,C4vsC1_rna,ACZ81_02280,tier1:gene_id
ACZ81_RS02275,0.6080618610084018,616.9934546167515,0.0235402387020937,0.0725929574733281,RNA,C4vsC1_rna,ACZ81_02285,tier1:gene_id
ACZ81_RS02280,0.0370798654071464,1810.165326028464,0.9091383402885828,0.9478854005295724,RNA,C4vsC1_rna,ACZ81_02290,tier1:gene_id
ACZ81_RS02285,0.4695193613241472,1763.668144447959,0.2321275901420624,0.3947841846756907,RNA,C4vsC1_rna,ACZ81_02295,tier1:gene_id
ACZ81_RS02290,0.9409875199783876,2329.703903549963,0.0016007783832744,0.0085859931466541,RNA,C4vsC1_rna,ACZ81_02300,tier1:gene_id
ACZ81_RS02295,0.8357060234802567,837.3303889928585,0.0017195860753566,0.0090895643403568,RNA,C4vsC1_rna,ACZ81_02305,tier1:gene_id
ACZ81_RS02300,0.3021494594776732,309.87927909763374,0.1666521190710906,0.3081144247526339,RNA,C4vsC1_rna,ACZ81_02310,tier1:gene_id
ACZ81_RS02305,-2.526891257572625,7176.564113441123,1.5455648900880996e-07,3.5433179080191173e-06,RNA,C4vsC1_rna,ACZ81_02315,tier1:gene_id
ACZ81_RS02310,0.7189862987100911,820.6230490937387,0.0405141430929395,0.1080018219859623,RNA,C4vsC1_rna,ACZ81_02320,tier1:gene_id
ACZ81_RS02315,0.1609792299437245,1596.9986193912114,0.6994809718947879,0.8101378923908454,RNA,C4vsC1_rna,ACZ81_02325,tier1:gene_id
ACZ81_RS02325,0.6401156554255247,524.6689977959983,0.0015419975611534,0.0083375932821396,RNA,C4vsC1_rna,ACZ81_02335,tier1:gene_id
ACZ81_RS02330,0.5738908840160929,30211.04482952921,0.33719678974618,0.5101323681309825,RNA,C4vsC1_rna,ACZ81_02340,tier1:gene_id
ACZ81_RS02335,-0.0281364603985226,1579.0941373510225,0.9373223159891396,0.9639931124707584,RNA,C4vsC1_rna,ACZ81_02345,tier1:gene_id
ACZ81_RS02340,-0.1525924463797228,778.9245156294477,0.6704155463961204,0.7891147642804935,RNA,C4vsC1_rna,ACZ81_02350,tier1:gene_id
ACZ81_RS02345,-0.9904083082319908,491.0677693381744,1.1676713959521144e-05,0.000147340402248,RNA,C4vsC1_rna,ACZ81_02355,tier1:gene_id
ACZ81_RS02350,0.4521995084620415,500.9973556270502,0.1071760429958005,0.2228420594698821,RNA,C4vsC1_rna,ACZ81_02360,tier1:gene_id
ACZ81_RS02355,-0.3104565673672569,2612.653882570605,0.5090435660154109,0.6620041448472702,RNA,C4vsC1_rna,ACZ81_02365,tier1:gene_id
ACZ81_RS02360,0.7026168202701655,1720.933665845779,0.0004020420919619,0.0028548546423919,RNA,C4vsC1_rna,ACZ81_02370,tier1:gene_id
ACZ81_RS02365,0.5782368642700203,63.72882175696445,0.3230863612863987,0.4958770013316877,RNA,C4vsC1_rna,ACZ81_02375,tier1:gene_id
ACZ81_RS02370,1.3895123420083106,3890.151792394178,0.0001691652776205,0.0014022543260615,RNA,C4vsC1_rna,ACZ81_02380,tier1:gene_id
ACZ81_RS02375,-0.1096869954100528,2447.127998541515,0.6843472279361688,0.7988843146985609,RNA,C4vsC1_rna,ACZ81_02385,tier1:gene_id
ACZ81_RS02380,-0.0756844602964438,794.1844859891248,0.6874282375057481,0.8010345886938894,RNA,C4vsC1_rna,ACZ81_02390,tier1:gene_id
ACZ81_RS02385,-0.6314910492625346,60.644059316944336,0.3123030098042145,0.4841420692946325,RNA,C4vsC1_rna,ACZ81_02395,tier1:gene_id
ACZ81_RS02390,-0.0488140139392827,134.14196329420628,0.9004177070214927,0.945507829180418,RNA,C4vsC1_rna,ACZ81_02400,tier1:gene_id
ACZ81_RS02395,0.2025516849544412,420.6940331831999,0.5641347111039194,0.7072348652385912,RNA,C4vsC1_rna,ACZ81_02405,tier1:gene_id
ACZ81_RS02400,0.3638391852243747,422.5549505501763,0.2308198510435592,0.3930599500792698,RNA,C4vsC1_rna,ACZ81_02410,tier1:gene_id
ACZ81_RS02405,-0.3286551638475876,171.74940112710263,0.2721121879859409,0.4409819188039203,RNA,C4vsC1_rna,ACZ81_02415,tier1:gene_id
ACZ81_RS02410,-1.0163210522724546,66.49839020136231,0.0054019973798483,0.0229828350879654,RNA,C4vsC1_rna,ACZ81_02420,tier1:gene_id
ACZ81_RS02415,0.3881216338787673,74.41480038870766,0.267590031795314,0.4360565424706741,RNA,C4vsC1_rna,ACZ81_02425,tier1:gene_id
ACZ81_RS02420,1.270347712062409,136.38781020536408,3.771275798175718e-05,0.0004013357692912,RNA,C4vsC1_rna,ACZ81_02430,tier1:gene_id
ACZ81_RS02425,-0.05140236944789,837.8248300050772,0.7763945162272785,0.8624637873483583,RNA,C4vsC1_rna,ACZ81_02435,tier1:gene_id
ACZ81_RS02430,-0.1513010915804983,174.8964167521322,0.8170885480476558,0.8903202756021714,RNA,C4vsC1_rna,ACZ81_02440,tier1:gene_id
ACZ81_RS02435,-0.8612757667392329,211.0150817432326,0.0171920554952956,0.0565828766588401,RNA,C4vsC1_rna,ACZ81_02445,tier1:gene_id
ACZ81_RS02440,-1.644283137977659,238.28328896619635,4.126404377438001e-07,8.40362150369607e-06,RNA,C4vsC1_rna,ACZ81_02450,tier1:gene_id
ACZ81_RS02450,-0.0312979418928729,626.8696338436433,0.945241602458004,0.9684191215430996,RNA,C4vsC1_rna,ACZ81_02460,tier1:gene_id
ACZ81_RS02455,0.0157696241080069,512.3180567827804,0.9638850143562896,0.9782713578541448,RNA,C4vsC1_rna,ACZ81_02465,tier1:gene_id
ACZ81_RS02460,-0.16751321686733,563.9144795860955,0.6156439320498499,0.7492210861726423,RNA,C4vsC1_rna,ACZ81_02470,tier1:gene_id
ACZ81_RS02465,-1.037979900525701,163.1411462837099,0.0001404391682805,0.0011937329303848,RNA,C4vsC1_rna,ACZ81_02475,tier1:gene_id
ACZ81_RS02470,-1.1541406643303391,814.782895017107,0.0125689444069246,0.0440792001403686,RNA,C4vsC1_rna,ACZ81_02480,tier1:gene_id
ACZ81_RS02475,0.6002718992306084,4582.660800004723,0.2445042754501489,0.4083893226919224,RNA,C4vsC1_rna,ACZ81_02485,tier1:gene_id
ACZ81_RS02480,-0.7067493500399871,259.95492945463207,0.0591037845741129,0.1424183612056054,RNA,C4vsC1_rna,ACZ81_02490,tier1:gene_id
ACZ81_RS02485,-0.1331027680634456,191.80052182572763,0.6344408599882723,0.7618553425634605,RNA,C4vsC1_rna,ACZ81_02495,tier1:gene_id
ACZ81_RS02490,-0.1494696389598188,119.1312341612481,0.7588205769763521,0.8492017168282078,RNA,C4vsC1_rna,ACZ81_02500,tier1:gene_id
ACZ81_RS02495,0.0414517435897247,344.4167212597736,0.903638172281362,0.945507829180418,RNA,C4vsC1_rna,ACZ81_02505,tier1:gene_id
ACZ81_RS02500,-0.4383214732338911,344.1556117569424,0.0822683475358431,0.1822532359546121,RNA,C4vsC1_rna,ACZ81_02510,tier1:gene_id
ACZ81_RS02505,0.1398828335492531,469.2244842212807,0.6843107581111281,0.7988843146985609,RNA,C4vsC1_rna,ACZ81_02515,tier1:gene_id
ACZ81_RS02510,0.1065309575845327,180.5138562375746,0.733165037631431,0.8316251430526721,RNA,C4vsC1_rna,ACZ81_02520,tier1:gene_id
ACZ81_RS02515,-0.7845516402817349,57.884432565632025,0.0261442874429933,0.0783266194442496,RNA,C4vsC1_rna,ACZ81_02525,tier1:gene_id
ACZ81_RS02520,-0.1756854809266475,90.9104737957914,0.5840311636623579,0.7231236463829417,RNA,C4vsC1_rna,ACZ81_02530,tier1:gene_id
ACZ81_RS02525,0.1338034020133072,122.74458139705072,0.7930953607913919,0.8734788993751469,RNA,C4vsC1_rna,ACZ81_02535,tier1:gene_id
ACZ81_RS02535,0.4158518202827015,914.2249561590072,0.3218032476607323,0.4948542083613867,RNA,C4vsC1_rna,ACZ81_02545,tier1:gene_id
ACZ81_RS02540,-0.1681453959527022,108.2969642805588,0.6530111140741077,0.7774595702445356,RNA,C4vsC1_rna,ACZ81_02550,tier1:gene_id
ACZ81_RS02545,-0.1787963175638389,119.7520939312904,0.5462588986462366,0.6931026886049023,RNA,C4vsC1_rna,ACZ81_02555,tier1:gene_id
ACZ81_RS02550,-0.2962639140254358,270.8137408787323,0.2383576811154204,0.4006246404001117,RNA,C4vsC1_rna,ACZ81_02560,tier1:gene_id
ACZ81_RS02555,0.2057321397733815,292.5704964097481,0.4555226331043039,0.6165979548322754,RNA,C4vsC1_rna,ACZ81_02565,tier1:gene_id
ACZ81_RS02560,-0.1328942756859144,28.77482627492021,0.8148496315055486,0.8886047082360046,RNA,C4vsC1_rna,ACZ81_02570,tier1:gene_id
ACZ81_RS02565,-0.2608292135169515,128.85634782200282,0.3999051049074386,0.5689430074073205,RNA,C4vsC1_rna,ACZ81_02575,tier1:gene_id
ACZ81_RS02580,0.7384552435114121,49.85051043603911,0.0706005770042394,0.1628806871426156,RNA,C4vsC1_rna,ACZ81_02590,tier1:gene_id
ACZ81_RS02585,-0.9494340327750376,43.56488534230278,0.1189230196393138,0.2407424280064662,RNA,C4vsC1_rna,ACZ81_02595,tier1:gene_id
ACZ81_RS02590,-1.633617041065521,233.28083353608253,3.112668159467236e-06,4.840319634024244e-05,RNA,C4vsC1_rna,ACZ81_02600,tier1:gene_id
ACZ81_RS02610,0.3519756482383659,112.98177704732016,0.2252582127589729,0.3863770626716543,RNA,C4vsC1_rna,ACZ81_02620,tier1:gene_id
ACZ81_RS02615,0.1377417500926648,135.45594871120502,0.6004723287543321,0.737628592456332,RNA,C4vsC1_rna,ACZ81_02625,tier1:gene_id
ACZ81_RS02620,0.4670812832256582,58.13231510836073,0.2814840285189741,0.4515449509868549,RNA,C4vsC1_rna,ACZ81_02630,tier1:gene_id
ACZ81_RS02625,0.7853857762105231,177.96676267175974,0.0029092044382488,0.0139613973759025,RNA,C4vsC1_rna,ACZ81_02635,tier1:gene_id
ACZ81_RS02635,-0.2381609086388262,164.89494969206197,0.6168624236720952,0.7499551647795292,RNA,C4vsC1_rna,ACZ81_02645,tier1:gene_id
ACZ81_RS02640,-0.5253193497061794,21.0252043291539,0.4876554519845195,0.6419335644835751,RNA,C4vsC1_rna,ACZ81_02650,tier1:gene_id
ACZ81_RS02645,0.3029819602063359,4843.071903483577,0.4489338705479825,0.6115866514901549,RNA,C4vsC1_rna,ACZ81_02655,tier1:gene_id
ACZ81_RS02650,0.145057610683864,12895.047986998788,0.8080820012815539,0.8838672271378392,RNA,C4vsC1_rna,ACZ81_02660,tier1:gene_id
ACZ81_RS02655,-0.20380074458723,4181.034651814151,0.383060755574283,0.5528200544474905,RNA,C4vsC1_rna,ACZ81_02665,tier1:gene_id
ACZ81_RS02660,0.0545256783005812,2581.7951815089414,0.7451948393152805,0.8401129595801781,RNA,C4vsC1_rna,ACZ81_02670,tier1:gene_id
ACZ81_RS02665,0.0395130119346841,210.96114493997848,0.92800441991491,0.9588343375479318,RNA,C4vsC1_rna,ACZ81_02675,tier1:gene_id
ACZ81_RS02670,0.7967837094448972,1060.3606073110875,0.0183779761558309,0.0594137311339191,RNA,C4vsC1_rna,ACZ81_02680,tier1:gene_id
ACZ81_RS02675,1.9102779302006392,8624.187058431135,1.1827780485933226e-06,2.1090246804250708e-05,RNA,C4vsC1_rna,ACZ81_02685,tier1:gene_id
ACZ81_RS02680,1.4622424301631691,6636.3030234914495,0.000155141204083,0.0012989835362973,RNA,C4vsC1_rna,ACZ81_02690,tier1:gene_id
ACZ81_RS02685,-1.1137069214183046,5498.099413224773,0.0015275400614082,0.0082705677818755,RNA,C4vsC1_rna,ACZ81_02695,tier1:gene_id
ACZ81_RS02690,0.445539266365437,185.87477473788323,0.4300630658681514,0.5968222138578427,RNA,C4vsC1_rna,ACZ81_02700,tier1:gene_id
ACZ81_RS02695,-0.2434163957596009,418.18290225894816,0.776902914852518,0.8624904411811067,RNA,C4vsC1_rna,ACZ81_02705,tier1:gene_id
ACZ81_RS02700,-0.9840828601264668,320.3865354531412,0.2576882972084428,0.4240547368335818,RNA,C4vsC1_rna,ACZ81_02710,tier1:gene_id
ACZ81_RS02705,-0.6702346318491037,429.7295937501454,0.3730538367756711,0.5438561021598811,RNA,C4vsC1_rna,ACZ81_02715,tier1:gene_id
ACZ81_RS02710,2.304969768917605,204.2703443025568,1.686962525112284e-08,4.834352607678917e-07,RNA,C4vsC1_rna,ACZ81_02720,tier1:gene_id
ACZ81_RS02715,-2.220643809708814,37404.25005135247,3.462618612395576e-05,0.0003704540232781,RNA,C4vsC1_rna,ACZ81_02725,tier1:gene_id
ACZ81_RS02720,-0.7468854747872924,7361.565661563068,0.0959660975246788,0.2046868597921379,RNA,C4vsC1_rna,ACZ81_02730,tier1:gene_id
ACZ81_RS02725,0.4650411495673418,132.59092378469344,0.1736144889283793,0.3187832171993857,RNA,C4vsC1_rna,ACZ81_02735,tier1:gene_id
ACZ81_RS02730,0.4278575566566367,726.7199985561618,0.0293866083831199,0.0849416951246952,RNA,C4vsC1_rna,ACZ81_02740,tier1:gene_id
ACZ81_RS02735,0.4864810649429543,285.9468295531703,0.1507076869580121,0.2866947558442601,RNA,C4vsC1_rna,ACZ81_02745,tier1:gene_id
ACZ81_RS02740,0.6603948239882053,111.01552648804098,0.1402315467478434,0.2724498622529529,RNA,C4vsC1_rna,ACZ81_02750,tier1:gene_id
ACZ81_RS02745,-0.1391693764087894,219.28538064734977,0.8027966734613007,0.8798691025404195,RNA,C4vsC1_rna,ACZ81_02755,tier1:gene_id
ACZ81_RS02750,0.2900777152227829,165.2792090286131,0.4555324870695075,0.6165979548322754,RNA,C4vsC1_rna,ACZ81_02760,tier1:gene_id
ACZ81_RS02755,-0.3107065428193648,1253.1468155252246,0.1683169011939931,0.3106197827002301,RNA,C4vsC1_rna,ACZ81_02765,tier1:gene_id
ACZ81_RS02760,-1.4722713320700684,2463.514953949189,6.776330621347625e-06,9.337485524424476e-05,RNA,C4vsC1_rna,ACZ81_02770,tier1:gene_id
ACZ81_RS02765,-0.2260455201574318,13.212338441184658,0.707498346137252,0.814719679880211,RNA,C4vsC1_rna,ACZ81_02775,tier1:gene_id
ACZ81_RS02770,-0.7483958657781705,116.88218027708665,0.0458841654122338,0.1186894078877384,RNA,C4vsC1_rna,ACZ81_02780,tier1:gene_id
ACZ81_RS02780,-1.3544654008033297,10909.485432287702,1.640538673898054e-06,2.8248245320510696e-05,RNA,C4vsC1_rna,ACZ81_02790,tier1:gene_id
ACZ81_RS02785,1.05668014267703,1179.9143713907608,0.0004135300851357,0.0029209202492333,RNA,C4vsC1_rna,ACZ81_02795,tier1:gene_id
ACZ81_RS02790,0.8267167492989199,824.6482986092058,0.0024878343096992,0.0124609129219894,RNA,C4vsC1_rna,ACZ81_02800,tier1:gene_id
ACZ81_RS02795,0.6656439667974777,195.25932467213607,0.0678297777287482,0.1578498075682935,RNA,C4vsC1_rna,ACZ81_02805,tier1:gene_id
ACZ81_RS02800,0.5870668478644532,219.042326912685,0.0277906528267808,0.0818620404853484,RNA,C4vsC1_rna,ACZ81_02810,tier1:gene_id
ACZ81_RS02805,0.6978521659418382,3306.437919420704,0.0687279897626475,0.1596622437334927,RNA,C4vsC1_rna,ACZ81_02815,tier1:gene_id
ACZ81_RS02810,0.6268841091368924,1731.4091035136903,0.0236835429504077,0.0728668514701194,RNA,C4vsC1_rna,ACZ81_02820,tier1:gene_id
ACZ81_RS02815,0.7457037950605993,245.830817238898,0.0054292937130502,0.0230680427787184,RNA,C4vsC1_rna,ACZ81_02825,tier1:gene_id
ACZ81_RS02820,1.2209229472300591,298.51616626711547,2.485865947150535e-06,3.989317671987178e-05,RNA,C4vsC1_rna,ACZ81_02830,tier1:gene_id
ACZ81_RS02825,1.4324144304426418,820.1964843789913,1.9294536521549697e-06,3.252507585061235e-05,RNA,C4vsC1_rna,ACZ81_02835,tier1:gene_id
ACZ81_RS02830,0.6007679181840712,218.18985499032848,0.0921253273293454,0.1991416019640807,RNA,C4vsC1_rna,ACZ81_02840,tier1:gene_id
ACZ81_RS02835,1.196615048776516,116.64050966775469,0.0073788137825396,0.0289949078310961,RNA,C4vsC1_rna,ACZ81_02845,tier1:gene_id
ACZ81_RS02840,-0.0563727975768896,1136.400210906109,0.8661203851667647,0.9249068366486718,RNA,C4vsC1_rna,ACZ81_02850,tier1:gene_id
ACZ81_RS02845,-1.1418106383969102,441.2015245381412,0.0017076911133669,0.0090422218337046,RNA,C4vsC1_rna,ACZ81_02855,tier1:gene_id
ACZ81_RS02850,0.1005669787910681,1443.995514038883,0.85177727141562,0.9169118360395672,RNA,C4vsC1_rna,ACZ81_02860,tier1:gene_id
ACZ81_RS02855,-4.608922766854918,850.8938573940624,7.515149979342791e-33,3.0150781717123283e-30,RNA,C4vsC1_rna,ACZ81_02865,tier1:gene_id
ACZ81_RS02860,0.6061483214688298,58.23546009281663,0.3726516293113502,0.5437595962523923,RNA,C4vsC1_rna,ACZ81_02870,tier1:gene_id
ACZ81_RS02865,0.0610644030177997,1028.2823713828,0.8868369968819253,0.9356302191707396,RNA,C4vsC1_rna,ACZ81_02875,tier1:gene_id
ACZ81_RS02870,0.6321021937688285,161.01429652933157,0.0359135611192575,0.0984093191539779,RNA,C4vsC1_rna,ACZ81_02880,tier1:gene_id
ACZ81_RS02875,1.411706870693718,138.15339811721472,5.128066329992372e-06,7.269894740611095e-05,RNA,C4vsC1_rna,ACZ81_02885,tier1:gene_id
ACZ81_RS02880,0.5495732524061034,1145.5868421546502,0.1114065664242541,0.2294471994322934,RNA,C4vsC1_rna,ACZ81_02890,tier1:gene_id
ACZ81_RS02885,-0.5685141259854279,233.2639674449164,0.0415796381063898,0.110183294638597,RNA,C4vsC1_rna,ACZ81_02895,tier1:gene_id
ACZ81_RS02890,0.5690891001871684,39.83917011049265,0.2877223182958409,0.4580943294642749,RNA,C4vsC1_rna,ACZ81_02900,tier1:gene_id
ACZ81_RS02895,-0.005148733467154,157.7173259731351,0.985496882179518,0.9906958969325864,RNA,C4vsC1_rna,ACZ81_02905,tier1:gene_id
ACZ81_RS02905,-1.465503620876787,949.7272701436508,1.166976016635284e-05,0.000147340402248,RNA,C4vsC1_rna,ACZ81_02915,tier1:gene_id
ACZ81_RS02910,0.6320102035109464,393.31765066669976,0.0544230979110231,0.1345320202212105,RNA,C4vsC1_rna,ACZ81_02920,tier1:gene_id
ACZ81_RS02915,-0.0716678733228503,5846.54858111759,0.8337822432789281,0.9038460848514076,RNA,C4vsC1_rna,ACZ81_02925,tier1:gene_id
ACZ81_RS02920,-0.0116228509122985,1829.7361348458687,0.9447025755401351,0.968356344677318,RNA,C4vsC1_rna,ACZ81_02930,tier1:gene_id
ACZ81_RS02930,0.1516245246273396,80.4170886500209,0.7486750766843202,0.8427846261665244,RNA,C4vsC1_rna,ACZ81_02940,tier1:gene_id
ACZ81_RS02935,0.5856973747064086,4336.002791670161,0.0232557781374964,0.0719369174152935,RNA,C4vsC1_rna,ACZ81_02945,tier1:gene_id
ACZ81_RS02940,0.5305240307788847,249.79431485039527,0.0341303595021534,0.0946964054790039,RNA,C4vsC1_rna,ACZ81_02950,tier1:gene_id
ACZ81_RS02945,-0.3233315052771172,267.8249626433046,0.3089909414127104,0.481425886193318,RNA,C4vsC1_rna,ACZ81_02955,tier1:gene_id
ACZ81_RS02950,0.0304406334005639,248.3712147102337,0.9303106095155568,0.959981009613275,RNA,C4vsC1_rna,ACZ81_02960,tier1:gene_id
ACZ81_RS02955,-0.2615412262547908,75.15972026700894,0.4792235113716796,0.6349972834502595,RNA,C4vsC1_rna,ACZ81_02965,tier1:gene_id
ACZ81_RS02960,0.4494609572693951,1013.7509819316696,0.1009887479026198,0.2130214808545273,RNA,C4vsC1_rna,ACZ81_02970,tier1:gene_id
ACZ81_RS02970,0.1820506844524431,446.08873715591005,0.5430686446975852,0.6912409271975608,RNA,C4vsC1_rna,ACZ81_02980,tier1:gene_id
ACZ81_RS02975,0.0463494004368569,134.02522197039258,0.9172847955077484,0.9539001035710436,RNA,C4vsC1_rna,ACZ81_02985,tier1:gene_id
ACZ81_RS02980,0.2520971200184417,704.9235361787906,0.4695532950879443,0.6279492732976109,RNA,C4vsC1_rna,ACZ81_02990,tier1:gene_id
ACZ81_RS02985,-0.1512377315812378,369.9079587237715,0.5158329982837584,0.66704494435337,RNA,C4vsC1_rna,ACZ81_02995,tier1:gene_id
ACZ81_RS02990,0.9556441570145244,159.55114397887667,0.0120274767164648,0.0425522368487276,RNA,C4vsC1_rna,ACZ81_03000,tier1:gene_id
ACZ81_RS02995,0.4913505775092601,166.56355572563976,0.1547047446996398,0.291945172029612,RNA,C4vsC1_rna,ACZ81_03005,tier1:gene_id
ACZ81_RS03000,0.0536716883422066,441.3088000463068,0.8185456053535782,0.8916657531030562,RNA,C4vsC1_rna,ACZ81_03010,tier1:gene_id
ACZ81_RS03005,-0.8879968573150979,162.89644693624558,0.0046668570256631,0.0203515547684354,RNA,C4vsC1_rna,ACZ81_03015,tier1:gene_id
ACZ81_RS03010,-0.3259418573387453,326.0451310921832,0.1976764559721038,0.3518535675954217,RNA,C4vsC1_rna,ACZ81_03020,tier1:gene_id
ACZ81_RS03015,-0.2502475452835663,591.9404206368907,0.4046928647597008,0.5733954071687556,RNA,C4vsC1_rna,ACZ81_03025,tier1:gene_id
ACZ81_RS03020,1.6775688083908078,261.8668631943917,5.53387160392538e-05,0.0005468446520923,RNA,C4vsC1_rna,ACZ81_03030,tier1:gene_id
ACZ81_RS03025,-5.412148618692232,8136.44604290953,1.779506235646492e-18,2.6442144508939727e-16,RNA,C4vsC1_rna,ACZ81_03035,tier1:gene_id
ACZ81_RS03030,-0.0377557188387359,490.3468894617749,0.9192709612628412,0.9547608750585972,RNA,C4vsC1_rna,ACZ81_03040,tier1:gene_id
ACZ81_RS03035,-0.044809971992195,2889.758560441578,0.8972456074299174,0.9443204032027356,RNA,C4vsC1_rna,ACZ81_03045,tier1:gene_id
ACZ81_RS03040,-0.5971288999285791,377.7166963023065,0.1257292255537175,0.2513331603993595,RNA,C4vsC1_rna,ACZ81_03050,tier1:gene_id
ACZ81_RS03045,-0.8417049383870286,4468.9942760009135,0.0001738628466874,0.001426457547873,RNA,C4vsC1_rna,ACZ81_03055,tier1:gene_id
ACZ81_RS03050,0.4252154068674657,204.10980942899133,0.1397178037731633,0.2717148951710766,RNA,C4vsC1_rna,ACZ81_03060,tier1:gene_id
ACZ81_RS03055,-0.6290797672551518,162.59815557434666,0.0779826583052175,0.1746881212286616,RNA,C4vsC1_rna,ACZ81_03065,tier1:gene_id
ACZ81_RS03060,0.5728817996430622,151.53587359902943,0.0732680240085824,0.167382184990429,RNA,C4vsC1_rna,ACZ81_03070,tier1:gene_id
ACZ81_RS03065,-0.2412625529019021,572.7775064115228,0.5589777748869447,0.7030153081023266,RNA,C4vsC1_rna,ACZ81_03075,tier1:gene_id
ACZ81_RS03070,-0.92070293814291,773.8887876559737,0.0047339859416189,0.0205549259716182,RNA,C4vsC1_rna,ACZ81_03080,tier1:gene_id
ACZ81_RS03075,-0.9493955183701324,122.70202112508132,0.0418714274486838,0.1106536014356284,RNA,C4vsC1_rna,ACZ81_03085,tier1:gene_id
ACZ81_RS03080,0.3627774716520808,273.4896957016963,0.2902624588679215,0.4608361634262371,RNA,C4vsC1_rna,ACZ81_03090,tier1:gene_id
ACZ81_RS03085,-0.073499441936475,368.1585276362955,0.7867548085308749,0.8685911645090452,RNA,C4vsC1_rna,ACZ81_03095,tier1:gene_id
ACZ81_RS03090,-0.2362314008089137,109.19317661948472,0.4876903052208217,0.6419335644835751,RNA,C4vsC1_rna,ACZ81_03100,tier1:gene_id
ACZ81_RS03095,3.0806548480109424,144.01717502716133,7.099032543778753e-09,2.2078541523752214e-07,RNA,C4vsC1_rna,ACZ81_03105,tier1:gene_id
ACZ81_RS03100,0.8336445650484744,130.99833810331293,0.0230036279903834,0.0714323184964539,RNA,C4vsC1_rna,ACZ81_03110,tier1:gene_id
ACZ81_RS03105,0.9405098444560404,1484.0084960586837,0.0051947765386829,0.0222427358305185,RNA,C4vsC1_rna,ACZ81_03115,tier1:gene_id
ACZ81_RS03110,4.339070324528096,414.7962835782666,8.655361392521965e-13,6.945061981359623e-11,RNA,C4vsC1_rna,ACZ81_03120,tier1:gene_id
ACZ81_RS03115,3.610170006698446,41.02885313869543,9.245323801391896e-05,0.0008410704144453,RNA,C4vsC1_rna,ACZ81_03125,tier1:gene_id
ACZ81_RS03120,5.368225427474444,686.4991240816737,8.263598604892036e-15,8.960420973736986e-13,RNA,C4vsC1_rna,ACZ81_03130,tier1:gene_id
ACZ81_RS03125,3.263961132185912,53.64896983009309,1.4399617990978742e-06,2.522762767677149e-05,RNA,C4vsC1_rna,ACZ81_03135,tier1:gene_id
ACZ81_RS03130,1.2053806686287671,531.7145151338549,2.562505190179549e-11,1.389293354459507e-09,RNA,C4vsC1_rna,ACZ81_03140,tier1:gene_id
ACZ81_RS03135,-1.0431205698609136,633.0446405524974,0.0037712114860909,0.0171737803430157,RNA,C4vsC1_rna,ACZ81_03145,tier1:gene_id
ACZ81_RS03140,-1.1323794887882566,807.9365086882501,0.0011458130110046,0.0066334802310974,RNA,C4vsC1_rna,ACZ81_03150,tier1:gene_id
ACZ81_RS03145,-0.4049522886528574,1601.5623154581654,0.1414043133401647,0.2737280047988583,RNA,C4vsC1_rna,ACZ81_03155,tier1:gene_id
ACZ81_RS03150,4.931580453449771,152.86134403326108,1.1359510609510823e-08,3.3758782641005505e-07,RNA,C4vsC1_rna,ACZ81_03160,tier1:gene_id
ACZ81_RS03155,4.538927832281403,52.8118213638186,3.5317333372829697e-06,5.3875719198400285e-05,RNA,C4vsC1_rna,ACZ81_03165,tier1:gene_id
ACZ81_RS03160,4.825456206676514,77.8572171565103,5.07466195485251e-09,1.696628646905689e-07,RNA,C4vsC1_rna,ACZ81_03170,tier1:gene_id
ACZ81_RS03165,2.4793783178685094,128.16265847813494,0.0001231766195591,0.001062762575637,RNA,C4vsC1_rna,ACZ81_03175,tier1:gene_id
ACZ81_RS03170,-0.0617790630734069,159.91494839168118,0.8364502752491212,0.9060607501102576,RNA,C4vsC1_rna,ACZ81_03180,tier1:gene_id
ACZ81_RS03175,-0.307051679258198,1789.008178178055,0.1495530265330821,0.2855815052121492,RNA,C4vsC1_rna,ACZ81_03185,tier1:gene_id
ACZ81_RS03180,0.2507167414756233,1071.690425815295,0.4460468223073183,0.609516298057548,RNA,C4vsC1_rna,ACZ81_03190,tier1:gene_id
ACZ81_RS03185,0.5240051875339892,162.97510176045583,0.3373171716132785,0.5101323681309825,RNA,C4vsC1_rna,ACZ81_03195,tier1:gene_id
ACZ81_RS03190,-0.2389539940291576,855.1421752219179,0.2389030142768942,0.4012050620673502,RNA,C4vsC1_rna,ACZ81_03200,tier1:gene_id
ACZ81_RS03195,-1.0191583472954882,1454.6076537173178,0.0022085365333262,0.0113307526492391,RNA,C4vsC1_rna,ACZ81_03205,tier1:gene_id
ACZ81_RS03200,-3.154373871257428,91609.2449735905,2.74502607805802e-07,5.920991733961708e-06,RNA,C4vsC1_rna,ACZ81_03210,tier1:gene_id
ACZ81_RS03205,-0.6981939312537461,4218.141195354844,0.0811526841065963,0.1804792509066876,RNA,C4vsC1_rna,ACZ81_03215,tier1:gene_id
ACZ81_RS03210,-0.0455502535194763,493.9590652573486,0.8482909725265699,0.9143040812494264,RNA,C4vsC1_rna,ACZ81_03220,tier1:gene_id
ACZ81_RS03215,-0.4925810046514944,193.466398776135,0.0506816463333293,0.1277162955244548,RNA,C4vsC1_rna,ACZ81_03225,tier1:gene_id
ACZ81_RS03220,0.5907526068949153,689.627116389094,0.0587593674901501,0.14201360383764,RNA,C4vsC1_rna,ACZ81_03230,tier1:gene_id
ACZ81_RS03225,0.8436300688008905,484.0882278592145,0.0072372205195756,0.0286914315459857,RNA,C4vsC1_rna,ACZ81_03235,tier1:gene_id
ACZ81_RS03230,-0.3346273517004557,50.99005833671315,0.3679906645761456,0.5398093405043861,RNA,C4vsC1_rna,ACZ81_03240,tier1:gene_id
ACZ81_RS03235,1.391191866587925,211.8173349855876,3.70564007862579e-08,9.65391428275758e-07,RNA,C4vsC1_rna,ACZ81_03245,tier1:gene_id
ACZ81_RS03240,1.1530563885256262,319.507772057835,3.87134517267922e-06,5.7525321602922335e-05,RNA,C4vsC1_rna,ACZ81_03250,tier1:gene_id
ACZ81_RS03245,-0.7327012192753953,2052.697750316102,0.1644383882565228,0.3055705482562157,RNA,C4vsC1_rna,ACZ81_03255,tier1:gene_id
ACZ81_RS03250,-0.9972424897661468,2969.85669964766,0.0648803532238867,0.1526260444173575,RNA,C4vsC1_rna,ACZ81_03260,tier1:gene_id
ACZ81_RS03255,-1.0566726620523088,1643.0226811455427,0.0028183314200746,0.0135740043905637,RNA,C4vsC1_rna,ACZ81_03265,tier1:gene_id
ACZ81_RS03260,-0.4716762646107243,13180.981750877972,0.0578900608723159,0.1408459212975933,RNA,C4vsC1_rna,ACZ81_03270,tier1:gene_id
ACZ81_RS03265,0.410810200781235,795.4286171260484,0.0832804035212882,0.1840886936239164,RNA,C4vsC1_rna,ACZ81_03275,tier1:gene_id
ACZ81_RS03270,0.6446401456381067,353.43215527534426,0.051126151490703,0.128359273955382,RNA,C4vsC1_rna,ACZ81_03280,tier1:gene_id
ACZ81_RS03275,2.27235216536072,6252.258157204881,5.352652877952429e-05,0.0005368710836586,RNA,C4vsC1_rna,ACZ81_03285,tier1:gene_id
ACZ81_RS03280,0.8045014620641195,966.36134557199,0.0010573944613443,0.0062755422764992,RNA,C4vsC1_rna,ACZ81_03290,tier1:gene_id
ACZ81_RS03285,0.5168250372256294,159.42829376441296,0.0675288911659995,0.1574235394293957,RNA,C4vsC1_rna,ACZ81_03295,tier1:gene_id
ACZ81_RS03290,0.9331980361887124,335.0465772819073,0.005862840767712,0.0244508494387325,RNA,C4vsC1_rna,ACZ81_03300,tier1:gene_id
ACZ81_RS03295,0.1276728308545489,586.9339582590849,0.7377999715202632,0.8345547464616736,RNA,C4vsC1_rna,ACZ81_03305,tier1:gene_id
ACZ81_RS03300,-0.2699303289127461,180.9399892220113,0.3226105638796101,0.4957156420208092,RNA,C4vsC1_rna,ACZ81_03310,tier1:gene_id
ACZ81_RS03305,0.181355148737904,286.31514707349504,0.3683140332355429,0.540036314898781,RNA,C4vsC1_rna,ACZ81_03315,tier1:gene_id
ACZ81_RS03310,1.7858813227198933,202.51748836704724,0.0001041111212057,0.000934438072209,RNA,C4vsC1_rna,ACZ81_03320,tier1:gene_id
ACZ81_RS03315,0.1406637447204193,656.7249708720606,0.6326338291468564,0.760829413230572,RNA,C4vsC1_rna,ACZ81_03325,tier1:gene_id
ACZ81_RS03320,-1.4263861637266997,4106.902656666334,2.119521148573312e-07,4.724177137820069e-06,RNA,C4vsC1_rna,ACZ81_03330,tier1:gene_id
ACZ81_RS03325,0.3914991667139993,269.6788528350476,0.2873039002164586,0.4579512306986221,RNA,C4vsC1_rna,ACZ81_03335,tier1:gene_id
ACZ81_RS03330,0.5976147747475675,207.02717103556915,0.0597465488907014,0.1434489252839582,RNA,C4vsC1_rna,ACZ81_03340,tier1:gene_id
ACZ81_RS03335,0.5624607385912666,250.38000495070827,0.1414352327886424,0.2737280047988583,RNA,C4vsC1_rna,ACZ81_03345,tier1:gene_id
ACZ81_RS03340,-0.0242764874774214,899.3312204367205,0.9335464101518858,0.9618356953080036,RNA,C4vsC1_rna,ACZ81_03350,tier1:gene_id
ACZ81_RS03345,0.8566762351228605,430.7297943878221,0.0069077144222384,0.0277692888397,RNA,C4vsC1_rna,ACZ81_03355,tier1:gene_id
ACZ81_RS03350,0.3822181992781149,489.0166382071181,0.0496899730271137,0.1254836940346176,RNA,C4vsC1_rna,ACZ81_03360,tier1:gene_id
ACZ81_RS03355,0.5974243338167575,337.7024562525918,0.0035622331474355,0.0164461212744667,RNA,C4vsC1_rna,ACZ81_03365,tier1:gene_id
ACZ81_RS03360,1.787637835000612,756.0173665320158,,,RNA,C4vsC1_rna,ACZ81_03370,tier1:gene_id
ACZ81_RS03365,0.3916222905319919,567.4883682915207,0.029233117820526,0.0848931682410625,RNA,C4vsC1_rna,ACZ81_03375,tier1:gene_id
ACZ81_RS03370,4.382675683029033,611.6175878441458,4.031977754510767e-10,1.720882420329489e-08,RNA,C4vsC1_rna,ACZ81_03380,tier1:gene_id
ACZ81_RS03375,2.213629384920288,578.457276090919,0.0015939909162318,0.0085610328727207,RNA,C4vsC1_rna,ACZ81_03385,tier1:gene_id
ACZ81_RS03380,1.6511492751819117,139.48453497365884,0.0112117125158062,0.0404128579944555,RNA,C4vsC1_rna,ACZ81_03390,tier1:gene_id
ACZ81_RS03385,1.2107486996661077,77.14267027559477,0.089135290922087,0.1939320971688791,RNA,C4vsC1_rna,ACZ81_03395,tier1:gene_id
ACZ81_RS03390,2.5478210929299308,161.6726057815644,7.587045726745934e-08,1.8674372672211456e-06,RNA,C4vsC1_rna,ACZ81_03400,tier1:gene_id
ACZ81_RS03395,2.3922291851817965,353.85034259120505,4.000725141403481e-10,1.720882420329489e-08,RNA,C4vsC1_rna,ACZ81_03405,tier1:gene_id
ACZ81_RS03400,-1.3776194089575335,557.9772172525585,8.108539503299193e-05,0.0007636493072121,RNA,C4vsC1_rna,ACZ81_03410,tier1:gene_id
ACZ81_RS03405,-1.4972590790419098,1748.4652958673114,0.0018220567898874,0.0095432008368516,RNA,C4vsC1_rna,ACZ81_03415,tier1:gene_id
ACZ81_RS03410,0.2201882571908068,967.1352896938296,0.6702214389562253,0.7891147642804935,RNA,C4vsC1_rna,ACZ81_03420,tier1:gene_id
ACZ81_RS03415,0.4103721462726259,53.588130127754205,0.3528175984266486,0.5254447448222139,RNA,C4vsC1_rna,ACZ81_03425,tier1:gene_id
ACZ81_RS03420,0.2222569883848121,447.4685185559888,0.237247594845494,0.3995958650378345,RNA,C4vsC1_rna,ACZ81_03430,tier1:gene_id
ACZ81_RS03425,-0.1322051566857182,5961.413957458747,0.799794094092529,0.8779135172364505,RNA,C4vsC1_rna,ACZ81_03435,tier1:gene_id
ACZ81_RS03435,-1.2544861569917256,123.06574506597678,0.0023646069641709,0.0120086115699416,RNA,C4vsC1_rna,ACZ81_03445,tier1:gene_id
ACZ81_RS03440,0.0572492247779143,108.23195875369171,0.8655903002767307,0.9249068366486718,RNA,C4vsC1_rna,ACZ81_03450,tier1:gene_id
ACZ81_RS03445,1.70449637752385,39.18884788446857,0.0114714820847033,0.0410558306189383,RNA,C4vsC1_rna,ACZ81_03455,tier1:gene_id
ACZ81_RS03450,-1.0576373130539285,10.905467084891583,0.1204065358069126,0.2428713029951401,RNA,C4vsC1_rna,ACZ81_03460,tier1:gene_id
ACZ81_RS03455,0.2555320513668716,4057.572316619641,0.623593970082875,0.7548656227429446,RNA,C4vsC1_rna,ACZ81_03465,tier1:gene_id
ACZ81_RS03460,0.9967047716768204,768.6022849484333,4.628223141383595e-05,0.0004798044248896,RNA,C4vsC1_rna,ACZ81_03470,tier1:gene_id
ACZ81_RS03465,0.4337434819416744,1657.4209085014147,0.2019558562935139,0.3568689555509111,RNA,C4vsC1_rna,ACZ81_03475,tier1:gene_id
ACZ81_RS03470,-1.5472607429359235,314.43331874465906,4.278658777084847e-06,6.287904400609673e-05,RNA,C4vsC1_rna,ACZ81_03480,tier1:gene_id
ACZ81_RS03475,-0.2456665239370756,3736.996103627256,0.3776524955349846,0.548019783879947,RNA,C4vsC1_rna,ACZ81_03485,tier1:gene_id
ACZ81_RS03480,0.3032664738437668,131.4654693037458,0.4715568804567794,0.6297890161093872,RNA,C4vsC1_rna,ACZ81_03490,tier1:gene_id
ACZ81_RS03485,0.4870219671439392,58.67351574373555,0.2868848446807577,0.4576469172402385,RNA,C4vsC1_rna,ACZ81_03495,tier1:gene_id
ACZ81_RS03490,-0.5112831174037139,701.2818803987094,0.0061357022446249,0.0252476281081387,RNA,C4vsC1_rna,ACZ81_03500,tier1:gene_id
ACZ81_RS03495,-0.2423327596946357,579.8836059840198,0.2775138160983804,0.4473223905932914,RNA,C4vsC1_rna,ACZ81_03505,tier1:gene_id
ACZ81_RS03500,-0.5498008691987889,2127.453868561952,0.0175853147213683,0.0573595794001054,RNA,C4vsC1_rna,ACZ81_03510,tier1:gene_id
ACZ81_RS03505,0.0237017850788932,2275.6660708035747,0.9339338643743176,0.9619878469498748,RNA,C4vsC1_rna,ACZ81_03515,tier1:gene_id
ACZ81_RS03515,-0.1528487918432106,498.21725381775536,0.6154826874567121,0.7492210861726423,RNA,C4vsC1_rna,ACZ81_03525,tier1:gene_id
ACZ81_RS03520,0.0539855157837895,334.33239472562514,0.8200034700461326,0.8927391230598057,RNA,C4vsC1_rna,ACZ81_03530,tier1:gene_id
ACZ81_RS03525,-0.8205265097353982,2101.949845348768,0.076008152795,0.1712210606476925,RNA,C4vsC1_rna,ACZ81_03535,tier1:gene_id
ACZ81_RS03530,0.0461539507939897,661.0731994269512,0.8002534277582363,0.8781774486230974,RNA,C4vsC1_rna,ACZ81_03540,tier1:gene_id
ACZ81_RS03535,0.3434571391991494,39.63171234922243,0.4750674772267803,0.6323725012056545,RNA,C4vsC1_rna,ACZ81_03545,tier1:gene_id
ACZ81_RS03540,0.2669367490418661,181.022061238293,0.3981727497776148,0.5682920925321205,RNA,C4vsC1_rna,ACZ81_03550,tier1:gene_id
ACZ81_RS03545,-1.1166403181735909,879.7963545138632,2.5363547944624946e-08,7.066566274571894e-07,RNA,C4vsC1_rna,ACZ81_03555,tier1:gene_id
ACZ81_RS03550,-1.2543852164624647,347.54566800180163,4.996102573570067e-07,9.874070702050792e-06,RNA,C4vsC1_rna,ACZ81_03560,tier1:gene_id
ACZ81_RS03555,-0.589898668320938,697.9903059078546,0.0136623872811954,0.0470906338248765,RNA,C4vsC1_rna,ACZ81_03565,tier1:gene_id
ACZ81_RS03560,0.1667488475927742,1254.6632784556857,0.5432679951304371,0.6912753556813555,RNA,C4vsC1_rna,ACZ81_03570,tier1:gene_id
ACZ81_RS03565,0.2410491411758588,327.18440645025174,0.3994168563157222,0.568651677621958,RNA,C4vsC1_rna,ACZ81_03575,tier1:gene_id
ACZ81_RS03570,-1.1981090323429286,937.6091785076296,0.0080014694428835,0.0308969156928285,RNA,C4vsC1_rna,ACZ81_03580,tier1:gene_id
ACZ81_RS03575,1.0638695765696828,348.3019430677522,0.0467183102606099,0.1204587794123181,RNA,C4vsC1_rna,ACZ81_03585,tier1:gene_id
ACZ81_RS03580,0.80139895547881,57.86522880011889,0.260737690332525,0.4274947338022436,RNA,C4vsC1_rna,ACZ81_03590,tier1:gene_id
ACZ81_RS03585,-1.5294628420801886,123.52174851724918,0.0028028108238225,0.0135154771937211,RNA,C4vsC1_rna,ACZ81_03595,tier1:gene_id
ACZ81_RS03590,-2.06123101648198,63.32206184938544,0.0038956497336791,0.0176403461981048,RNA,C4vsC1_rna,ACZ81_03600,tier1:gene_id
ACZ81_RS03595,-2.5181749472193435,74.09502797592654,0.0007152248879903,0.0045692392525752,RNA,C4vsC1_rna,ACZ81_03605,tier1:gene_id
ACZ81_RS03600,-1.0554743784172766,136.7497696302608,0.1126075885417651,0.2312086208953744,RNA,C4vsC1_rna,ACZ81_03610,tier1:gene_id
ACZ81_RS03605,-1.7236169831665793,109.14552649875226,0.0659965229183178,0.1545697898121957,RNA,C4vsC1_rna,ACZ81_03615,tier1:gene_id
ACZ81_RS03610,0.5994696408397188,61.84298777099378,0.2423844303238596,0.4059828092317842,RNA,C4vsC1_rna,ACZ81_03620,tier1:gene_id
ACZ81_RS03615,-1.0319473258825047,35.96255914786888,0.3242589927749333,0.4972962840263886,RNA,C4vsC1_rna,ACZ81_03625,tier1:gene_id
ACZ81_RS03620,-0.9973963722628376,164.44392915218518,0.0738799333428148,0.1680307781016855,RNA,C4vsC1_rna,ACZ81_03630,tier1:gene_id
ACZ81_RS03625,0.9021840906934806,44.8022102592576,0.1386375979216564,0.2700068169231483,RNA,C4vsC1_rna,ACZ81_03635,tier1:gene_id
ACZ81_RS03630,1.2094434208386962,15.839151504511111,0.0950052074297996,0.2033942861303928,RNA,C4vsC1_rna,ACZ81_03640,tier1:gene_id
ACZ81_RS03635,2.7396049842263563,19.23760778273144,0.0096114951767126,0.0357380154300009,RNA,C4vsC1_rna,ACZ81_03645,tier1:gene_id
ACZ81_RS03640,-0.7022117008420564,134.85585932756578,0.034348451075258,0.0952142289982048,RNA,C4vsC1_rna,ACZ81_03650,tier1:gene_id
ACZ81_RS03645,0.3626629448280693,201.3472717050916,0.4015050782978669,0.5702082740286875,RNA,C4vsC1_rna,ACZ81_03655,tier1:gene_id
ACZ81_RS03650,-0.0244489360623245,424.9241368076045,0.9040792232820432,0.945507829180418,RNA,C4vsC1_rna,ACZ81_03660,tier1:gene_id
ACZ81_RS03655,1.3393957375565928,7159.704832778554,0.0009072164597196,0.0055484031042609,RNA,C4vsC1_rna,ACZ81_03665,tier1:gene_id
ACZ81_RS03660,0.8464531936107558,4225.2973337006415,0.006637501691493,0.0268986432184544,RNA,C4vsC1_rna,ACZ81_03670,tier1:gene_id
ACZ81_RS03665,0.0612257926451287,3535.8864759395783,0.8430030563640845,0.9106430431159684,RNA,C4vsC1_rna,ACZ81_03675,tier1:gene_id
ACZ81_RS03670,-0.2555718194357143,2453.413023176276,0.6901369330255526,0.8030247608174353,RNA,C4vsC1_rna,ACZ81_03680,tier1:gene_id
ACZ81_RS03675,0.062838867456293,1499.0555908659703,0.8795718799493841,0.9331487679628112,RNA,C4vsC1_rna,ACZ81_03685,tier1:gene_id
ACZ81_RS03680,-0.2310244701326132,4508.839035707289,0.1517359811232941,0.2878320360598846,RNA,C4vsC1_rna,ACZ81_03690,tier1:gene_id
ACZ81_RS03685,-0.3949728004484794,1664.081364352796,0.0403026949797596,0.107581112613969,RNA,C4vsC1_rna,ACZ81_03695,tier1:gene_id
ACZ81_RS03690,0.1155697417387398,98.13270556136442,0.848348459390131,0.9143040812494264,RNA,C4vsC1_rna,ACZ81_03700,tier1:gene_id
ACZ81_RS03695,-0.7535582266964913,55.11373420650511,0.3836008080527507,0.5534003746521524,RNA,C4vsC1_rna,ACZ81_03705,tier1:gene_id
ACZ81_RS03700,-2.597007664005049,247.0139077603924,3.0520125716169336e-07,6.410824312736722e-06,RNA,C4vsC1_rna,ACZ81_03710,tier1:gene_id
ACZ81_RS03705,0.1110573004259443,391.8278832232808,0.6806346371755184,0.7962750406445818,RNA,C4vsC1_rna,ACZ81_03715,tier1:gene_id
ACZ81_RS03710,0.3878495798259652,79.81547623065164,0.3631387648303842,0.5350325557266677,RNA,C4vsC1_rna,ACZ81_03720,tier1:gene_id
ACZ81_RS03715,0.0449417254667816,576.3843186569745,0.8729601139480481,0.929489378227062,RNA,C4vsC1_rna,ACZ81_03725,tier1:gene_id
ACZ81_RS03720,0.2711413947346042,563.0528017927071,0.4535210012866858,0.6152043310500066,RNA,C4vsC1_rna,ACZ81_03730,tier1:gene_id
ACZ81_RS03725,-0.0342661865548787,1574.264270173899,0.9115266205810912,0.9491421753883568,RNA,C4vsC1_rna,ACZ81_03735,tier1:gene_id
ACZ81_RS03730,-0.3290372060444596,3480.090248779657,0.157879693268558,0.2959875370997453,RNA,C4vsC1_rna,ACZ81_03740,tier1:gene_id
ACZ81_RS03735,0.2676728215571023,455.0432352661966,0.5078824020358444,0.6611369879843634,RNA,C4vsC1_rna,ACZ81_03745,tier1:gene_id
ACZ81_RS03740,-0.6708973872736036,618.1872287804042,0.0688779369337428,0.1598254962279794,RNA,C4vsC1_rna,ACZ81_03750,tier1:gene_id
ACZ81_RS03745,0.5363099525796847,188.2819736352629,0.0316980361185011,0.0899960904214539,RNA,C4vsC1_rna,ACZ81_03755,tier1:gene_id
ACZ81_RS03750,0.5319438577481541,183.4046497121253,0.1049384357643304,0.2197353884585041,RNA,C4vsC1_rna,ACZ81_03760,tier1:gene_id
ACZ81_RS03755,0.2415905818199585,388.8916382062346,0.380729572109576,0.5510415019132824,RNA,C4vsC1_rna,ACZ81_03765,tier1:gene_id
ACZ81_RS03760,0.7209883740649398,376.7660621392308,0.0165145396272929,0.0546669414065176,RNA,C4vsC1_rna,ACZ81_03770,tier1:gene_id
ACZ81_RS03765,-1.160043369286035,1885.2715551781364,0.0523161973421843,0.1306114397864615,RNA,C4vsC1_rna,ACZ81_03775,tier1:gene_id
ACZ81_RS03770,-1.0022057694568136,895.2306294531954,0.0268261316167289,0.0796053550638434,RNA,C4vsC1_rna,ACZ81_03780,tier1:gene_id
ACZ81_RS03775,-0.1972233364887891,753.1264561200711,0.5888453308667448,0.7273545158366318,RNA,C4vsC1_rna,ACZ81_03785,tier1:gene_id
ACZ81_RS03780,-0.7726334135181452,1301.0576243051646,0.0009902661895243,0.005947526874808,RNA,C4vsC1_rna,ACZ81_03790,tier1:gene_id
ACZ81_RS03785,-0.9989563860361697,674.6576504282131,0.0005966153808977,0.0039534838621235,RNA,C4vsC1_rna,ACZ81_03795,tier1:gene_id
ACZ81_RS03790,-0.2682147353791176,580.5177550354498,0.3312639026238676,0.504184665146797,RNA,C4vsC1_rna,ACZ81_03800,tier1:gene_id
ACZ81_RS03795,-0.3880897485710861,2109.2775508821483,0.0632945081265255,0.1500813041392555,RNA,C4vsC1_rna,ACZ81_03805,tier1:gene_id
ACZ81_RS03805,0.1184701901168639,841.0442865909417,0.6302725748093168,0.7591802174790897,RNA,C4vsC1_rna,ACZ81_03815,tier1:gene_id
ACZ81_RS03810,-1.6781088236429529,4870.993735066737,1.2165597651114998e-07,2.905260581921034e-06,RNA,C4vsC1_rna,ACZ81_03820,tier1:gene_id
ACZ81_RS03815,-1.5958143608303408,2235.370464262448,9.30990099498532e-06,0.000121270528545,RNA,C4vsC1_rna,ACZ81_03825,tier1:gene_id
ACZ81_RS03820,0.1946111925413199,605.7898681615371,0.3474588034169923,0.5215131759479885,RNA,C4vsC1_rna,ACZ81_03830,tier1:gene_id
ACZ81_RS03830,1.3988080092862112,2123.5554931242377,1.046684052595748e-06,1.9001341262507422e-05,RNA,C4vsC1_rna,ACZ81_03840,tier1:gene_id
ACZ81_RS03835,-0.1645544817395451,82.78001248573572,0.6797693660674229,0.7962750406445818,RNA,C4vsC1_rna,ACZ81_03845,tier1:gene_id
ACZ81_RS03840,-1.0336329596705531,389.7977094253949,0.0007057235998603,0.0045301809322237,RNA,C4vsC1_rna,ACZ81_03850,tier1:gene_id
ACZ81_RS03845,-0.057060803717814,145.31270947451597,0.905306231476742,0.9457082318708678,RNA,C4vsC1_rna,ACZ81_03855,tier1:gene_id
ACZ81_RS03850,0.2679314647717403,385.23009518579306,0.4711810439810602,0.6297063119427093,RNA,C4vsC1_rna,ACZ81_03860,tier1:gene_id
ACZ81_RS03855,0.2399842015145092,868.187531048015,0.523779702080295,0.6734242198237387,RNA,C4vsC1_rna,ACZ81_03865,tier1:gene_id
ACZ81_RS03860,0.3905674349749373,387.8631299021459,0.3280346693720411,0.500956222585884,RNA,C4vsC1_rna,ACZ81_03870,tier1:gene_id
ACZ81_RS03865,-0.2329807727116987,1806.8294971363832,0.4291785550387608,0.5960070483958145,RNA,C4vsC1_rna,ACZ81_03875,tier1:gene_id
ACZ81_RS03870,0.3883943038885779,853.3131355905114,0.3983756095374322,0.5683794258407461,RNA,C4vsC1_rna,ACZ81_03880,tier1:gene_id
ACZ81_RS03875,1.0164360143806097,129.177864560824,0.0168535176395021,0.0556055203698049,RNA,C4vsC1_rna,ACZ81_03885,tier1:gene_id
ACZ81_RS03880,0.657712040051071,189.055264294323,0.0154137642554749,0.0516758759393664,RNA,C4vsC1_rna,ACZ81_03890,tier1:gene_id
ACZ81_RS03885,0.0351015508194345,272.92348017071663,0.880594774478676,0.9331487679628112,RNA,C4vsC1_rna,ACZ81_03895,tier1:gene_id
ACZ81_RS03895,-0.2265875714036321,692.5064826788016,0.5362372949360132,0.6839993836292564,RNA,C4vsC1_rna,ACZ81_03900,tier1:gene_id
ACZ81_RS03900,1.4880081848364484,605.2160842034922,1.3851186609774815e-06,2.437322836772656e-05,RNA,C4vsC1_rna,ACZ81_03905,tier1:gene_id
ACZ81_RS03905,-0.3119255116016082,88.84296192521674,0.4310150079675774,0.5973168262403871,RNA,C4vsC1_rna,ACZ81_03910,tier1:gene_id
ACZ81_RS03910,-0.6524716248210621,1508.9629012551293,0.0037962590905362,0.0172486879628892,RNA,C4vsC1_rna,ACZ81_03915,tier1:gene_id
ACZ81_RS03915,-1.347507154728698,1487.6372189335002,2.804882522039849e-07,6.017747956376404e-06,RNA,C4vsC1_rna,ACZ81_03920,tier1:gene_id
ACZ81_RS03920,0.1390698805242282,350.9310368097898,0.7190203503942219,0.8229661070129397,RNA,C4vsC1_rna,ACZ81_03925,tier1:gene_id
ACZ81_RS03925,-0.5486961811141984,966.3291036046136,0.0737955018405795,0.1679339497359075,RNA,C4vsC1_rna,ACZ81_03930,tier1:gene_id
ACZ81_RS03930,0.2146385566664361,1439.7184707331623,0.2875670113819296,0.4580943294642749,RNA,C4vsC1_rna,ACZ81_03935,tier1:gene_id
ACZ81_RS03935,0.2069303583659701,2544.370321247223,0.52952808666113,0.6788776507019264,RNA,C4vsC1_rna,ACZ81_03940,tier1:gene_id
ACZ81_RS03940,0.8729840193340536,408.9566445721129,0.002730313700368,0.0132628311360727,RNA,C4vsC1_rna,ACZ81_03945,tier1:gene_id
ACZ81_RS03945,0.5309891220453854,1146.9755130754438,0.0595043073274709,0.1429528628729422,RNA,C4vsC1_rna,ACZ81_03950,tier1:gene_id
ACZ81_RS03955,0.3318434143048102,3529.833138039578,0.4487146506509863,0.6115726915163646,RNA,C4vsC1_rna,ACZ81_03960,tier1:gene_id
ACZ81_RS03960,0.9751917759400172,4.396017084796394,0.4278685550301632,0.5954244338470396,RNA,C4vsC1_rna,ACZ81_03965,tier1:gene_id
ACZ81_RS03965,-0.7014212090275487,45.26230421824918,0.1640329783614691,0.3055247489258191,RNA,C4vsC1_rna,ACZ81_03970,tier1:gene_id
ACZ81_RS03970,0.1824132670377918,172.29990867036398,0.6807030939526998,0.7962750406445818,RNA,C4vsC1_rna,ACZ81_03975,tier1:gene_id
ACZ81_RS03975,0.3289902447607949,114.38287235687112,0.3260783902151969,0.4987520021133702,RNA,C4vsC1_rna,ACZ81_03980,tier1:gene_id
ACZ81_RS03980,1.8091911499263795,29.05189463708432,0.0261804577952988,0.0783266194442496,RNA,C4vsC1_rna,ACZ81_03985,tier1:gene_id
ACZ81_RS03985,-1.6760630820878315,9.806590665294832,0.1059166128924261,0.2211670925543802,RNA,C4vsC1_rna,ACZ81_03990,tier1:gene_id
ACZ81_RS03990,1.0411046715479575,44.19192973384863,0.0443535451523017,0.1156247064009322,RNA,C4vsC1_rna,ACZ81_03995,tier1:gene_id
ACZ81_RS03995,0.2906104909722407,120.73264254304142,0.4486468566407153,0.6115726915163646,RNA,C4vsC1_rna,ACZ81_04000,tier1:gene_id
ACZ81_RS04000,-0.7599663775310416,1129.5136885476848,0.1275525298814714,0.2538396576807853,RNA,C4vsC1_rna,ACZ81_04005,tier1:gene_id
ACZ81_RS04005,0.8246627486222937,365.1823060819875,0.0020912030454256,0.0107562905362149,RNA,C4vsC1_rna,ACZ81_04010,tier1:gene_id
ACZ81_RS04010,-0.8355482966571828,1853.1321288930053,1.736092508062137e-05,0.0002060710988859,RNA,C4vsC1_rna,ACZ81_04015,tier1:gene_id
ACZ81_RS04015,-0.6164614745748106,923.6399830539284,0.0362394569364233,0.0989065994754629,RNA,C4vsC1_rna,ACZ81_04020,tier1:gene_id
ACZ81_RS04020,-0.0119171438672945,819.8337973600403,0.9612694542230926,0.9768869145218352,RNA,C4vsC1_rna,ACZ81_04025,tier1:gene_id
ACZ81_RS04025,0.5698975811120547,250.8224080414292,0.0304144912988731,0.0871592422079136,RNA,C4vsC1_rna,ACZ81_04030,tier1:gene_id
ACZ81_RS04030,0.3141326015794451,128.5398635526662,0.3322420418478871,0.5054816351512034,RNA,C4vsC1_rna,ACZ81_04035,tier1:gene_id
ACZ81_RS04035,-0.1489012435604095,183.11859674490785,0.6295053736503571,0.7589159261365171,RNA,C4vsC1_rna,ACZ81_04040,tier1:gene_id
ACZ81_RS04040,0.0796952263493765,101.42198424075816,0.8208676843963449,0.8932251558985994,RNA,C4vsC1_rna,ACZ81_04045,tier1:gene_id
ACZ81_RS04045,1.8134086660534343,1435.7360787720288,1.6949970609542493e-05,0.0002023907204925,RNA,C4vsC1_rna,ACZ81_04050,tier1:gene_id
ACZ81_RS04050,-0.1250104773317641,863.8698925152737,0.6037439617364516,0.7398353006984251,RNA,C4vsC1_rna,ACZ81_04055,tier1:gene_id
ACZ81_RS04055,-0.0282662545920625,899.7745321018443,0.9216802834855744,0.9559930965212318,RNA,C4vsC1_rna,ACZ81_04060,tier1:gene_id
ACZ81_RS04060,0.1867924497082506,761.3247765271346,0.7553070029735686,0.846923335922291,RNA,C4vsC1_rna,ACZ81_04065,tier1:gene_id
ACZ81_RS04065,-0.467719372310755,1073.4206509799894,0.345422638211528,0.5196735891619365,RNA,C4vsC1_rna,ACZ81_04070,tier1:gene_id
ACZ81_RS04070,0.3734748832944659,1479.82923343392,0.4545951545934583,0.616009253978219,RNA,C4vsC1_rna,ACZ81_04075,tier1:gene_id
ACZ81_RS04075,-1.330610456730015,2180.012442212475,0.0003208381729019,0.0023575141935576,RNA,C4vsC1_rna,ACZ81_04080,tier1:gene_id
ACZ81_RS04080,-1.4181935812242752,5799.521110139827,0.0012026724458259,0.0069001246888788,RNA,C4vsC1_rna,ACZ81_04085,tier1:gene_id
ACZ81_RS04090,0.0088432117270438,89.10066634473341,0.9826865829935404,0.9893907858687706,RNA,C4vsC1_rna,ACZ81_04095,tier1:gene_id
ACZ81_RS04095,0.537874227961862,77.19202618215083,0.2776635092563426,0.4473839353961632,RNA,C4vsC1_rna,ACZ81_04100,tier1:gene_id
ACZ81_RS04100,0.40009002853143,1094.451728671165,0.2721764505423585,0.4409819188039203,RNA,C4vsC1_rna,ACZ81_04105,tier1:gene_id
ACZ81_RS04105,-2.0283392379813687,1579.0359943035742,3.669735797596758e-06,5.5219859825811246e-05,RNA,C4vsC1_rna,ACZ81_04110,tier1:gene_id
ACZ81_RS04115,0.272798490413942,78.04751506161134,0.449314380748965,0.6118972490036823,RNA,C4vsC1_rna,ACZ81_04120,tier1:gene_id
ACZ81_RS04120,1.8839802157073424,12249.904351637037,0.0125188424585343,0.0439580210043599,RNA,C4vsC1_rna,ACZ81_04125,tier1:gene_id
ACZ81_RS04130,-0.3486860735844628,364.39282081058855,0.339002739199039,0.5116926221469317,RNA,C4vsC1_rna,ACZ81_04135,tier1:gene_id
ACZ81_RS04135,0.8463058763365678,226.57567424574503,0.0293602902457205,0.0849268092760136,RNA,C4vsC1_rna,ACZ81_04140,tier1:gene_id
ACZ81_RS04140,-0.289138742381411,501.4303457981525,0.1447981184695204,0.2782619242928457,RNA,C4vsC1_rna,ACZ81_04145,tier1:gene_id
ACZ81_RS04145,-0.0039637404853817,176.36365247992185,0.9875004079997778,0.9919508354769924,RNA,C4vsC1_rna,ACZ81_04150,tier1:gene_id
ACZ81_RS04150,0.3258719413524353,246.23033025760927,0.3862702328452715,0.5564510499731524,RNA,C4vsC1_rna,ACZ81_04155,tier1:gene_id
ACZ81_RS04155,-1.859558426155577,345.7294920964857,0.0005978853852784,0.0039534838621235,RNA,C4vsC1_rna,ACZ81_04160,tier1:gene_id
ACZ81_RS04160,-2.704778776590682,547.8280858078372,4.408724611470464e-06,6.455402606284491e-05,RNA,C4vsC1_rna,ACZ81_04165,tier1:gene_id
ACZ81_RS04165,-2.1253278079138656,657.1974070139142,0.0006868341271021,0.0044373245055295,RNA,C4vsC1_rna,ACZ81_04170,tier1:gene_id
ACZ81_RS04170,-2.2691410303403776,1798.2066147137848,1.692584881215079e-05,0.0002023907204925,RNA,C4vsC1_rna,ACZ81_04175,tier1:gene_id
ACZ81_RS04175,-2.15749651295254,1040.076378912098,6.458577612359622e-06,8.966025391275712e-05,RNA,C4vsC1_rna,ACZ81_04180,tier1:gene_id
ACZ81_RS04180,-0.6233538996434149,1289.0437258722743,0.212750452267604,0.3710838867794933,RNA,C4vsC1_rna,ACZ81_04185,tier1:gene_id
ACZ81_RS04185,-1.3513333934137632,440.5093679396615,0.0001892088604316,0.001521254404913,RNA,C4vsC1_rna,ACZ81_04190,tier1:gene_id
ACZ81_RS04190,1.1450785584288332,250.42804780986663,1.225182836530385e-05,0.0001536072981299,RNA,C4vsC1_rna,ACZ81_04195,tier1:gene_id
ACZ81_RS04195,0.141746666645395,213.37410028044744,0.5813839045167926,0.7216931388989394,RNA,C4vsC1_rna,ACZ81_04200,tier1:gene_id
ACZ81_RS04200,-0.18250058123802,641.4862109483491,0.6345678727321448,0.7618553425634605,RNA,C4vsC1_rna,ACZ81_04205,tier1:gene_id
ACZ81_RS04205,0.9888567182246016,384.2540056894174,0.1947529046199533,0.348505197740969,RNA,C4vsC1_rna,ACZ81_04210,tier1:gene_id
ACZ81_RS04210,-0.9987471182436976,235.3283212217252,0.1662462843477252,0.3076498584333446,RNA,C4vsC1_rna,ACZ81_04215,tier1:gene_id
ACZ81_RS04215,-1.810935025118116,137.12126163766897,0.0062184971145125,0.025535936973822,RNA,C4vsC1_rna,ACZ81_04220,tier1:gene_id
ACZ81_RS04220,-1.0465247636047323,194.15756904299403,0.0046734993322926,0.0203583923139611,RNA,C4vsC1_rna,ACZ81_04225,tier1:gene_id
ACZ81_RS04225,0.0738570925996325,118.91209026084084,0.8999187691374415,0.945507829180418,RNA,C4vsC1_rna,ACZ81_04230,tier1:gene_id
ACZ81_RS04235,-0.3670901899632642,139.1913542615753,0.3018200985428363,0.4744914715336439,RNA,C4vsC1_rna,ACZ81_04240,tier1:gene_id
ACZ81_RS04240,-1.5114501924260413,159.71530731025453,0.0818624058558835,0.1814541283391186,RNA,C4vsC1_rna,ACZ81_04245,tier1:gene_id
ACZ81_RS04245,-0.0441097463111377,152.72001274063769,0.9290201589798684,0.959389672542402,RNA,C4vsC1_rna,ACZ81_04250,tier1:gene_id
ACZ81_RS04250,-0.158292398292669,92.61284027977092,0.7187769600812928,0.8229661070129397,RNA,C4vsC1_rna,ACZ81_04255,tier1:gene_id
ACZ81_RS04255,0.4996145935521039,22.270541250991915,0.554427821947455,0.6992657722895912,RNA,C4vsC1_rna,ACZ81_04260,tier1:gene_id
ACZ81_RS04260,-3.485261029601732,1535.5891106651352,1.052724985058432e-13,1.0056030095367686e-11,RNA,C4vsC1_rna,ACZ81_04265,tier1:gene_id
ACZ81_RS04265,-4.055438238987168,1668.896749384622,4.802144017706432e-19,7.410077615014693e-17,RNA,C4vsC1_rna,ACZ81_04270,tier1:gene_id
ACZ81_RS04270,-2.743513544891918,1776.3838195830947,2.932311675291753e-20,5.602111638700246e-18,RNA,C4vsC1_rna,ACZ81_04275,tier1:gene_id
ACZ81_RS04275,-0.4687044103159946,597.5791712957267,0.3172302162132494,0.4897258616278965,RNA,C4vsC1_rna,ACZ81_04280,tier1:gene_id
ACZ81_RS04280,-1.2209662486199886,264.6759573266989,1.715504828808176e-06,2.941284347512137e-05,RNA,C4vsC1_rna,ACZ81_04285,tier1:gene_id
ACZ81_RS04285,-0.3942788091153344,34.80733608238704,0.387433327075757,0.5579262412878453,RNA,C4vsC1_rna,ACZ81_04290,tier1:gene_id
ACZ81_RS04290,-0.8291814175582692,31.5687784257581,0.0648688057848493,0.1526260444173575,RNA,C4vsC1_rna,ACZ81_04295,tier1:gene_id
ACZ81_RS04295,-0.344059298011438,294.0092889432228,0.2076996874287124,0.3649983118545749,RNA,C4vsC1_rna,ACZ81_04300,tier1:gene_id
ACZ81_RS04300,0.5402168299533079,22.21980105484789,0.3567108049527294,0.5298430352130648,RNA,C4vsC1_rna,ACZ81_04305,tier1:gene_id
ACZ81_RS04305,0.4438577025071424,17.36959139410952,0.4759596070641941,0.633139901704757,RNA,C4vsC1_rna,ACZ81_04310,tier1:gene_id
ACZ81_RS04310,0.1143694837390586,66.83118089234638,0.7888908633200966,0.8703012094890384,RNA,C4vsC1_rna,ACZ81_04315,tier1:gene_id
ACZ81_RS04315,0.622049428717462,96.23624347540624,0.1503134164975619,0.286602665623839,RNA,C4vsC1_rna,ACZ81_04320,tier1:gene_id
ACZ81_RS04320,0.9038111206989714,248.35309390955936,0.0060055423307061,0.024813837106893,RNA,C4vsC1_rna,ACZ81_04325,tier1:gene_id
ACZ81_RS04325,2.6490402978964984,82.75381454496404,4.958233538552381e-05,0.0005071531724887,RNA,C4vsC1_rna,ACZ81_04330,tier1:gene_id
ACZ81_RS04330,1.6991011451565474,74.77990405875313,0.0065899458336357,0.0267719434991246,RNA,C4vsC1_rna,ACZ81_04335,tier1:gene_id
ACZ81_RS04335,0.5301026036125486,256.6749653344803,0.0312321694934374,0.0891205291661956,RNA,C4vsC1_rna,ACZ81_04340,tier1:gene_id
ACZ81_RS04340,0.6670987735456173,157.20857600244432,0.0352535760068873,0.0970771095278668,RNA,C4vsC1_rna,ACZ81_04345,tier1:gene_id
ACZ81_RS04345,-0.4230156220962209,213.9817974212898,0.3107347936935223,0.4828303610760696,RNA,C4vsC1_rna,ACZ81_04350,tier1:gene_id
ACZ81_RS04350,-0.3841576130711511,105.87164046241168,0.4192288010853969,0.5866291378565788,RNA,C4vsC1_rna,ACZ81_04355,tier1:gene_id
ACZ81_RS04355,0.2798611254059961,874.4235446197717,0.3847602335646002,0.5545082836795454,RNA,C4vsC1_rna,ACZ81_04360,tier1:gene_id
ACZ81_RS04360,0.3058799924662379,76.95138365829219,0.4426150050789469,0.6076252915227475,RNA,C4vsC1_rna,ACZ81_04365,tier1:gene_id
ACZ81_RS04365,-0.0136048387882147,281.63514678846394,0.9539540156958732,0.973610661656536,RNA,C4vsC1_rna,ACZ81_04370,tier1:gene_id
ACZ81_RS04370,-0.0059538128014871,74.57865817534388,0.9885930088015914,0.992054815235614,RNA,C4vsC1_rna,ACZ81_04375,tier1:gene_id
ACZ81_RS04375,0.5488985989975487,186.6741879651709,0.1811590303534571,0.3291712091386186,RNA,C4vsC1_rna,ACZ81_04380,tier1:gene_id
ACZ81_RS04385,-1.3255489505675453,47.63053463675621,0.0062736441653891,0.025705155126305,RNA,C4vsC1_rna,ACZ81_RS04385,locus_tag:gene_id
ACZ81_RS04390,-1.936382518999204,25.031600495660623,0.0011222341896609,0.0065346931334101,RNA,C4vsC1_rna,ACZ81_04395,tier1:gene_id
ACZ81_RS04395,0.945033256510596,142.58810540559108,0.0274628750163769,0.0810154812983119,RNA,C4vsC1_rna,ACZ81_RS04395,locus_tag:gene_id
ACZ81_RS04400,0.2477217771480568,164.92092928131444,0.4887293430911782,0.6430902343331608,RNA,C4vsC1_rna,ACZ81_04405,tier1:gene_id
ACZ81_RS04405,0.2878260128304337,1766.191007023017,0.1991511984744761,0.3540073585642881,RNA,C4vsC1_rna,ACZ81_04410,tier1:gene_id
ACZ81_RS04410,0.2515004190591066,760.4499166935501,0.2182472780463694,0.3777429161009639,RNA,C4vsC1_rna,ACZ81_04415,tier1:gene_id
ACZ81_RS04430,1.3785277811597965,1743.7666684507408,4.839830689813676e-07,9.708700363766237e-06,RNA,C4vsC1_rna,ACZ81_04435,tier1:gene_id
ACZ81_RS04435,-2.527014688055305,3744.858163007541,6.795976503319909e-06,9.337485524424476e-05,RNA,C4vsC1_rna,ACZ81_04440,tier1:gene_id
ACZ81_RS04440,-2.088343568712803,841.7134340599043,2.9604325279095698e-08,8.079765511546391e-07,RNA,C4vsC1_rna,ACZ81_04445,tier1:gene_id
ACZ81_RS04445,0.6530222003354995,936.1674290098348,0.2128275233000035,0.3710838867794933,RNA,C4vsC1_rna,ACZ81_04450,tier1:gene_id
ACZ81_RS04450,-0.7441360203194555,359.99620163528675,0.1571975906729766,0.2952606431554224,RNA,C4vsC1_rna,ACZ81_04455,tier1:gene_id
ACZ81_RS04455,3.022974268578864,3756.969378970525,0.0001329771919714,0.0011399668679264,RNA,C4vsC1_rna,ACZ81_04460,tier1:gene_id
ACZ81_RS04460,2.4631510174475464,468.1352948316628,0.0010500575061939,0.0062412306886668,RNA,C4vsC1_rna,ACZ81_04465,tier1:gene_id
ACZ81_RS04465,0.2152455309963063,59.14302421567947,0.5618195430317071,0.705704447915845,RNA,C4vsC1_rna,ACZ81_04470,tier1:gene_id
ACZ81_RS04470,0.6568721737319495,58.90695059153968,0.1878925416793484,0.3386454974023118,RNA,C4vsC1_rna,ACZ81_04475,tier1:gene_id
ACZ81_RS04475,-0.4933840953552533,2688.966640688921,0.117627198099078,0.2389469968473423,RNA,C4vsC1_rna,ACZ81_04480,tier1:gene_id
ACZ81_RS04480,-2.2862658815806745,859.3559021666073,5.5367766033280685e-14,5.417938471354198e-12,RNA,C4vsC1_rna,ACZ81_04485,tier1:gene_id
ACZ81_RS04485,-3.935513370911778,2795.428233883202,4.036752086736038e-18,5.784089061423208e-16,RNA,C4vsC1_rna,ACZ81_04490,tier1:gene_id
ACZ81_RS04490,-3.2163298829218783,598.71792368797,2.2968485007774225e-14,2.303739046279755e-12,RNA,C4vsC1_rna,ACZ81_04495,tier1:gene_id
ACZ81_RS04495,1.0374150447358397,804.8731144608687,0.0070112271424151,0.0280728975003686,RNA,C4vsC1_rna,ACZ81_04500,tier1:gene_id
ACZ81_RS04505,0.1225483870884165,313.0790186894062,0.7819105141687215,0.8649090109856384,RNA,C4vsC1_rna,ACZ81_04510,tier1:gene_id
ACZ81_RS04510,0.3160407660386594,309.4733613445977,0.4570053700765606,0.6179661424830337,RNA,C4vsC1_rna,ACZ81_04515,tier1:gene_id
ACZ81_RS04515,0.1696106448809708,1783.5903681897817,0.4621757083839326,0.6211889253053058,RNA,C4vsC1_rna,ACZ81_04520,tier1:gene_id
ACZ81_RS04520,-0.770088859514718,12.107100936750626,0.4192053402471019,0.5866291378565788,RNA,C4vsC1_rna,ACZ81_04525,tier1:gene_id
ACZ81_RS04525,0.7596408748593962,61.79134112294486,0.1180105280501635,0.2394831757902155,RNA,C4vsC1_rna,ACZ81_04530,tier1:gene_id
ACZ81_RS04530,0.4079559536033921,412.16786016758897,0.0613266726907029,0.1466133473438935,RNA,C4vsC1_rna,ACZ81_04535,tier1:gene_id
ACZ81_RS04535,1.283136208306658,494.82461577617687,5.27100555059045e-05,0.0005300068739089,RNA,C4vsC1_rna,ACZ81_04540,tier1:gene_id
ACZ81_RS04540,0.6059719890373383,246.35534907698204,0.0042462107127575,0.0188033083659858,RNA,C4vsC1_rna,ACZ81_04545,tier1:gene_id
ACZ81_RS04545,-0.0290102054978161,757.5772296715527,0.9247246538301096,0.9577870157206856,RNA,C4vsC1_rna,ACZ81_04550,tier1:gene_id
ACZ81_RS04550,0.5979910269698141,221.79500963222569,0.1065139424267936,0.221991655592881,RNA,C4vsC1_rna,ACZ81_04555,tier1:gene_id
ACZ81_RS04555,0.6947763541817571,827.0045375471063,0.1169386616636947,0.2379096909709651,RNA,C4vsC1_rna,ACZ81_04560,tier1:gene_id
ACZ81_RS04560,0.4867054246891773,572.1307591393129,0.3989056891691649,0.568651677621958,RNA,C4vsC1_rna,ACZ81_04565,tier1:gene_id
ACZ81_RS04565,0.4624737906764135,959.4884970828032,0.3822449792134841,0.5520399051852046,RNA,C4vsC1_rna,ACZ81_04570,tier1:gene_id
ACZ81_RS04570,-0.0328451302272198,102.96447379931188,0.9276140338708948,0.9588343375479318,RNA,C4vsC1_rna,ACZ81_04575,tier1:gene_id
ACZ81_RS04575,0.6501983063845508,2726.3388090775147,0.1538578795399557,0.2906204391310275,RNA,C4vsC1_rna,ACZ81_04580,tier1:gene_id
ACZ81_RS04580,0.5591228244100681,2650.1235698335745,0.2481174042054292,0.4130944064538773,RNA,C4vsC1_rna,ACZ81_04585,tier1:gene_id
ACZ81_RS04585,0.4597245562197238,763.2735948826613,0.110232418003363,0.2281906764263739,RNA,C4vsC1_rna,ACZ81_04590,tier1:gene_id
ACZ81_RS04590,1.6501532381573436,471.086499597946,8.070546668238755e-06,0.000107215341831,RNA,C4vsC1_rna,ACZ81_04595,tier1:gene_id
ACZ81_RS04595,-0.94454708724968,3404.5289093857577,0.0001999125375237,0.0015913672629865,RNA,C4vsC1_rna,ACZ81_04600,tier1:gene_id
ACZ81_RS04600,0.100335901440079,870.3215371659551,0.7785280095139457,0.8635483478490324,RNA,C4vsC1_rna,ACZ81_04605,tier1:gene_id
ACZ81_RS04605,0.2198880667479495,608.6851813902257,0.4595862333652975,0.6201244637431852,RNA,C4vsC1_rna,ACZ81_04610,tier1:gene_id
ACZ81_RS04610,-0.5262314223469908,48.1812949967011,0.2031139335455214,0.3583522873283342,RNA,C4vsC1_rna,ACZ81_04615,tier1:gene_id
ACZ81_RS04615,-1.7985035730233732,608.515206441917,2.2626090172229583e-09,8.328061813851844e-08,RNA,C4vsC1_rna,ACZ81_04620,tier1:gene_id
ACZ81_RS04620,1.1022980372686593,351.6239944038286,0.0149630380880206,0.0506596698811299,RNA,C4vsC1_rna,ACZ81_04625,tier1:gene_id
ACZ81_RS04625,0.0649233990429995,156.97396284998916,0.8157873700424516,0.8893855784267163,RNA,C4vsC1_rna,ACZ81_04630,tier1:gene_id
ACZ81_RS04630,0.8793167814563746,546.3406555826991,0.0003656964655332,0.0026388025534522,RNA,C4vsC1_rna,ACZ81_04635,tier1:gene_id
ACZ81_RS04635,1.3819847628220605,74.09334697439058,0.0015032912326922,0.0082057203068858,RNA,C4vsC1_rna,ACZ81_04640,tier1:gene_id
ACZ81_RS04640,0.4739968697963658,306.7457633758619,0.2424563337286528,0.4059828092317842,RNA,C4vsC1_rna,ACZ81_04645,tier1:gene_id
ACZ81_RS04645,0.6270245792886848,658.7700535804772,0.022325246529934,0.069703415624977,RNA,C4vsC1_rna,ACZ81_04650,tier1:gene_id
ACZ81_RS04650,0.6054681990873659,196.3420014312168,0.0439088972832357,0.1146891249351184,RNA,C4vsC1_rna,ACZ81_04655,tier1:gene_id
ACZ81_RS04655,0.5150440282395529,178.93569423754877,0.1556250965299785,0.2932681480874936,RNA,C4vsC1_rna,ACZ81_04660,tier1:gene_id
ACZ81_RS04660,1.0675190929806295,439.1713428807205,2.231230193026603e-05,0.0002514521217534,RNA,C4vsC1_rna,ACZ81_04665,tier1:gene_id
ACZ81_RS04665,0.2473608108411578,486.83196484237794,0.3783032041184771,0.5487174457423465,RNA,C4vsC1_rna,ACZ81_04670,tier1:gene_id
ACZ81_RS04670,-0.439507161935384,1652.7708640315284,0.0329299577897149,0.09219468991789,RNA,C4vsC1_rna,ACZ81_04675,tier1:gene_id
ACZ81_RS04675,0.8646733813809393,129.47952045604083,0.0320456325713297,0.0903684058726857,RNA,C4vsC1_rna,ACZ81_04680,tier1:gene_id
ACZ81_RS04680,0.5811058791631479,1129.8273130820814,0.0001447501594753,0.0012251848941247,RNA,C4vsC1_rna,ACZ81_04685,tier1:gene_id
ACZ81_RS04685,0.6954815541801322,113.94237127646606,0.0489473840907342,0.1245256214153618,RNA,C4vsC1_rna,ACZ81_04690,tier1:gene_id
ACZ81_RS04690,-0.4322928917613685,82.82034423841611,0.3097705816216752,0.4822660354932715,RNA,C4vsC1_rna,ACZ81_04695,tier1:gene_id
ACZ81_RS04695,0.3123263493665639,77.79479654899205,0.4796359732197108,0.6352920186719974,RNA,C4vsC1_rna,ACZ81_04700,tier1:gene_id
ACZ81_RS04700,0.4407627497820258,1087.5297160333257,0.0887964258574973,0.1932996530332497,RNA,C4vsC1_rna,ACZ81_04705,tier1:gene_id
ACZ81_RS04705,0.6056353824772727,274.1469748236458,0.0566113413477649,0.1383219862894232,RNA,C4vsC1_rna,ACZ81_04710,tier1:gene_id
ACZ81_RS04710,0.1979152368273719,1351.0912159300126,0.4547904811274887,0.616009253978219,RNA,C4vsC1_rna,ACZ81_04715,tier1:gene_id
ACZ81_RS04715,-0.9598498370710922,0.7092900935635966,0.73169655744907,0.8310942899335555,RNA,C4vsC1_rna,ACZ81_04720,tier1:gene_id
ACZ81_RS04720,0.3093248634857121,27.813917225250965,0.6355202299951906,0.7627003179003007,RNA,C4vsC1_rna,ACZ81_04725,tier1:gene_id
ACZ81_RS04725,-0.1889636962923937,137.01373063357735,0.3603774820807147,0.5329282927046912,RNA,C4vsC1_rna,ACZ81_04730,tier1:gene_id
ACZ81_RS04730,0.5256073066774087,1412.1638876653203,0.1253122248243973,0.2506244496487947,RNA,C4vsC1_rna,ACZ81_04735,tier1:gene_id
ACZ81_RS04735,0.5300491655873324,53.0212982581688,0.2927415783413796,0.4631227177861257,RNA,C4vsC1_rna,ACZ81_04740,tier1:gene_id
ACZ81_RS04740,-0.358867030893477,3947.665293405455,0.4989297192576336,0.6526592871410584,RNA,C4vsC1_rna,ACZ81_04745,tier1:gene_id
ACZ81_RS04745,0.0912530677704785,379.6194139036123,0.6533458243062162,0.7775736084379689,RNA,C4vsC1_rna,ACZ81_04750,tier1:gene_id
ACZ81_RS04750,0.7385817411549397,843.6395682868192,0.1059968851677021,0.2211670925543802,RNA,C4vsC1_rna,ACZ81_04755,tier1:gene_id
ACZ81_RS04755,-1.4802015702890745,1232.9944724786285,7.611664810805777e-11,3.865569521639592e-09,RNA,C4vsC1_rna,ACZ81_04760,tier1:gene_id
ACZ81_RS04760,-0.7581095573815635,1015.0365030871033,0.0001779371326669,0.0014493009686746,RNA,C4vsC1_rna,ACZ81_04765,tier1:gene_id
ACZ81_RS04765,-0.5449993849934196,693.9863343431158,0.0308268702122683,0.0880266215598722,RNA,C4vsC1_rna,ACZ81_04770,tier1:gene_id
ACZ81_RS04770,0.4076099186679802,216.10221621439115,0.2917588256400972,0.4624798136973805,RNA,C4vsC1_rna,ACZ81_04775,tier1:gene_id
ACZ81_RS04775,-0.2582112614287327,106.87950958663951,0.3738758910344654,0.5442634524057602,RNA,C4vsC1_rna,ACZ81_04780,tier1:gene_id
ACZ81_RS04780,0.7374434264723926,3338.304305121617,0.1973732396262743,0.3516258602933448,RNA,C4vsC1_rna,ACZ81_04785,tier1:gene_id
ACZ81_RS04785,-0.16227897665665,5207.556115475991,0.6282620184926577,0.7579180570728651,RNA,C4vsC1_rna,ACZ81_04790,tier1:gene_id
ACZ81_RS04790,0.5267107502249115,39.90794610046895,0.2721865408906883,0.4409819188039203,RNA,C4vsC1_rna,ACZ81_04795,tier1:gene_id
ACZ81_RS04795,0.0637223698951734,593.6957807567182,0.8653030279710939,0.9249068366486718,RNA,C4vsC1_rna,ACZ81_04800,tier1:gene_id
ACZ81_RS04800,0.1491147538913065,83.66307219833314,0.751006721459219,0.8442249836072812,RNA,C4vsC1_rna,ACZ81_04805,tier1:gene_id
ACZ81_RS04805,-0.6438601617833041,155.57042997244525,0.1369594209170448,0.2673874436589703,RNA,C4vsC1_rna,ACZ81_04810,tier1:gene_id
ACZ81_RS04810,1.1178392673275332,379.61783686780194,0.0213972081730276,0.0674886786086376,RNA,C4vsC1_rna,ACZ81_04815,tier1:gene_id
ACZ81_RS04815,1.224205479568978,1023.304387129302,5.643139960632008e-05,0.0005549087627954,RNA,C4vsC1_rna,ACZ81_04820,tier1:gene_id
ACZ81_RS04820,0.3883561821514177,2394.036797308072,0.217013927582034,0.375932589576477,RNA,C4vsC1_rna,ACZ81_04825,tier1:gene_id
ACZ81_RS04825,-1.081804580669104,3401.109105856169,0.0039315923619319,0.0177430242475486,RNA,C4vsC1_rna,ACZ81_04830,tier1:gene_id
ACZ81_RS04830,0.930355415377598,11714.55046319319,0.0053384838810272,0.0227531695562901,RNA,C4vsC1_rna,ACZ81_04835,tier1:gene_id
ACZ81_RS04835,0.4252223542245275,6095.111104798737,0.5236791665484508,0.6734242198237387,RNA,C4vsC1_rna,ACZ81_04840,tier1:gene_id
ACZ81_RS04840,1.1190174852212302,2161.8323545517715,1.3092233440237763e-06,2.313922491728366e-05,RNA,C4vsC1_rna,ACZ81_04845,tier1:gene_id
ACZ81_RS04845,0.3927031618681524,1264.865767191698,0.2435668589175795,0.4073323209576195,RNA,C4vsC1_rna,ACZ81_04850,tier1:gene_id
ACZ81_RS04850,0.8352453321134002,708.7879662147834,0.0035493924011799,0.0164057169510759,RNA,C4vsC1_rna,ACZ81_04855,tier1:gene_id
ACZ81_RS04855,1.261939086716673,248.2754931327236,0.0004917040270787,0.0033895473481783,RNA,C4vsC1_rna,ACZ81_04860,tier1:gene_id
ACZ81_RS04860,0.9329497757304516,254.60975237050863,0.0193756621538679,0.0622379155815196,RNA,C4vsC1_rna,ACZ81_04865,tier1:gene_id
ACZ81_RS04865,0.2709114454314982,3154.2974291004166,0.5497101873528394,0.695721536801133,RNA,C4vsC1_rna,ACZ81_04870,tier1:gene_id
ACZ81_RS04870,0.2134947739574,2444.092274146144,0.3048638858364069,0.477405897726645,RNA,C4vsC1_rna,ACZ81_04875,tier1:gene_id
ACZ81_RS04875,0.3017618347496749,2324.678112900714,0.1886893219145403,0.3396238490449241,RNA,C4vsC1_rna,ACZ81_04880,tier1:gene_id
ACZ81_RS04880,0.2636905253402655,853.0526505387959,0.2358974008715931,0.3981574978110356,RNA,C4vsC1_rna,ACZ81_04885,tier1:gene_id
ACZ81_RS04885,-0.1168625344589913,1264.984192074994,0.5841584591044651,0.7231236463829417,RNA,C4vsC1_rna,ACZ81_04890,tier1:gene_id
ACZ81_RS04890,0.1058440436840833,351.8254594574351,0.7709682742357888,0.8583010208917421,RNA,C4vsC1_rna,ACZ81_04895,tier1:gene_id
ACZ81_RS04895,0.6758009525870408,173.31136154841738,0.0446145254993132,0.1161541053233255,RNA,C4vsC1_rna,ACZ81_04900,tier1:gene_id
ACZ81_RS04900,0.9074094666163518,1279.7598238202618,0.0009453242600094,0.0057290648506915,RNA,C4vsC1_rna,ACZ81_04905,tier1:gene_id
ACZ81_RS04905,0.6611423957232466,1208.9078321116594,0.0094950532897522,0.0355389261101582,RNA,C4vsC1_rna,ACZ81_04910,tier1:gene_id
ACZ81_RS04910,0.897887556339285,236.4869994701704,0.0108146828783721,0.0393725115317868,RNA,C4vsC1_rna,ACZ81_04915,tier1:gene_id
ACZ81_RS04915,-1.3949572882010604,1669.05676131486,0.0122336988464088,0.0430918347425743,RNA,C4vsC1_rna,ACZ81_04920,tier1:gene_id
ACZ81_RS04920,-0.3766287747294653,877.1909394660134,0.0933743634727593,0.2007356238622321,RNA,C4vsC1_rna,ACZ81_04925,tier1:gene_id
ACZ81_RS04925,-0.1142284154016695,9892.809657187989,0.771016171309531,0.8583010208917421,RNA,C4vsC1_rna,ACZ81_04930,tier1:gene_id
ACZ81_RS04930,-1.2666756847605043,1112.8749354041272,0.0054335245328736,0.0230680427787184,RNA,C4vsC1_rna,ACZ81_04935,tier1:gene_id
ACZ81_RS04935,-1.2151520700713652,645.2742355590706,0.0085332308142537,0.0326566004346708,RNA,C4vsC1_rna,ACZ81_04940,tier1:gene_id
ACZ81_RS04940,0.3550503675633486,3468.73855291428,0.447723735419492,0.6113239602108841,RNA,C4vsC1_rna,ACZ81_04945,tier1:gene_id
ACZ81_RS04950,-1.1568823030753177,2681.7667144861543,0.0072137349183433,0.0286549549429638,RNA,C4vsC1_rna,ACZ81_04955,tier1:gene_id
ACZ81_RS04960,-2.1076005869637746,1770.5557126760218,8.20356327876047e-06,0.0001086227586613,RNA,C4vsC1_rna,ACZ81_04965,tier1:gene_id
ACZ81_RS04965,-0.3931097671381733,243.554594053561,0.4070575219707872,0.5750404148404219,RNA,C4vsC1_rna,ACZ81_04970,tier1:gene_id
ACZ81_RS04970,-4.884904639836477,10877.43762221937,5.2498030076696004e-96,1.0531104833385215e-92,RNA,C4vsC1_rna,ACZ81_04975,tier1:gene_id
ACZ81_RS04975,-3.978672577423381,11844.109810573322,4.384135429426546e-35,2.1986439178574128e-32,RNA,C4vsC1_rna,ACZ81_04980,tier1:gene_id
ACZ81_RS04980,-0.7011536760148247,1318.7649035312656,0.2413084057125974,0.4043982137506018,RNA,C4vsC1_rna,ACZ81_04985,tier1:gene_id
ACZ81_RS04985,-1.5174950183697444,6602.71337889772,5.4611870215025585e-09,1.781323766688477e-07,RNA,C4vsC1_rna,ACZ81_04990,tier1:gene_id
ACZ81_RS04990,-0.8874192282545577,1045.6823957143747,1.0689350456106207e-11,6.040235778858888e-10,RNA,C4vsC1_rna,ACZ81_04995,tier1:gene_id
ACZ81_RS04995,-0.3966806443894682,780.7210984656517,0.5296328630850023,0.6788776507019264,RNA,C4vsC1_rna,ACZ81_05000,tier1:gene_id
ACZ81_RS05000,-1.8427391096992205,792.7978919813742,0.0005863349061706,0.0039129055225736,RNA,C4vsC1_rna,ACZ81_05005,tier1:gene_id
ACZ81_RS05005,-1.939236017530005,801.0475850781803,2.724694319838896e-05,0.0003019744091489,RNA,C4vsC1_rna,ACZ81_05010,tier1:gene_id
ACZ81_RS05010,-2.3438271981830514,1769.1438548475503,1.4820862567430238e-08,4.308789900038414e-07,RNA,C4vsC1_rna,ACZ81_05015,tier1:gene_id
ACZ81_RS05015,-0.4181853089312509,2139.279538489244,0.5490412338089978,0.6953135827151828,RNA,C4vsC1_rna,ACZ81_05020,tier1:gene_id
ACZ81_RS05020,-2.4669393919144524,1455.2405017739595,8.642369276347978e-06,0.0001136825755301,RNA,C4vsC1_rna,ACZ81_05025,tier1:gene_id
ACZ81_RS05025,-2.424169821435155,1009.7427928188944,3.8785338443121776e-05,0.0004105719731762,RNA,C4vsC1_rna,ACZ81_05030,tier1:gene_id
ACZ81_RS05030,-2.0088930620670182,800.9871265308259,4.773815213980154e-06,6.86471205680587e-05,RNA,C4vsC1_rna,ACZ81_05035,tier1:gene_id
ACZ81_RS05035,-1.0829876899791282,464.34107106182455,0.0115814271998555,0.0414123760479683,RNA,C4vsC1_rna,ACZ81_05040,tier1:gene_id
ACZ81_RS05040,-0.9995123370058188,939.4140524562148,0.001656455503488,0.0088256301195142,RNA,C4vsC1_rna,ACZ81_05045,tier1:gene_id
ACZ81_RS05045,-1.7463456865012856,1430.2805853208504,5.938449100314002e-10,2.4817768531728946e-08,RNA,C4vsC1_rna,ACZ81_05050,tier1:gene_id
ACZ81_RS05050,-0.4925030961333134,199.48847062582809,0.0995149694942486,0.2108134826883478,RNA,C4vsC1_rna,ACZ81_05055,tier1:gene_id
ACZ81_RS05055,-6.256732193512742,23104.377353350592,2.3461909552063766e-28,7.240706240221526e-26,RNA,C4vsC1_rna,ACZ81_05060,tier1:gene_id
ACZ81_RS05060,-5.77312636029127,8940.470397044484,1.3903577197361812e-19,2.324214654825649e-17,RNA,C4vsC1_rna,ACZ81_05065,tier1:gene_id
ACZ81_RS05065,-4.657708792966924,14679.790511558906,8.408637311527304e-57,1.1245150964615847e-53,RNA,C4vsC1_rna,ACZ81_05070,tier1:gene_id
ACZ81_RS05070,-2.6235071725841674,5860.032324702225,2.3048101140518305e-21,5.137165654208858e-19,RNA,C4vsC1_rna,ACZ81_05075,tier1:gene_id
ACZ81_RS05075,-4.133889731295285,20640.18763851472,2.8806488277933505e-42,1.9261938495178203e-39,RNA,C4vsC1_rna,ACZ81_05080,tier1:gene_id
ACZ81_RS05080,-3.298675152733875,1810.4259211089,3.678933354196042e-32,1.3418073288213201e-29,RNA,C4vsC1_rna,ACZ81_05085,tier1:gene_id
ACZ81_RS05085,-3.698190657578292,465.1714879792165,7.880631942969256e-24,1.976068459699541e-21,RNA,C4vsC1_rna,ACZ81_05090,tier1:gene_id
ACZ81_RS05090,-2.343301068297693,1908.7724078835,3.0630227705694917e-10,1.3807693657893038e-08,RNA,C4vsC1_rna,ACZ81_05095,tier1:gene_id
ACZ81_RS05095,-2.965169802644005,984.4988351597956,1.910231062271805e-16,2.4722087167208003e-14,RNA,C4vsC1_rna,ACZ81_05100,tier1:gene_id
ACZ81_RS05100,-2.1026624904429827,267.7886707930718,6.701879227127264e-05,0.0006447947112526,RNA,C4vsC1_rna,ACZ81_05105,tier1:gene_id
ACZ81_RS05105,-0.585014115608117,259.5154571309346,0.1067400392505568,0.2222319862341641,RNA,C4vsC1_rna,ACZ81_05110,tier1:gene_id
ACZ81_RS05110,-0.7059937854908704,313.34870748855366,0.0293037376041709,0.0848931682410625,RNA,C4vsC1_rna,ACZ81_05115,tier1:gene_id
ACZ81_RS05115,-3.2156134838681463,2171.826009654605,1.221746852425041e-12,9.42624686909474e-11,RNA,C4vsC1_rna,ACZ81_05120,tier1:gene_id
ACZ81_RS05120,-2.5202874939802324,160.70219783056513,2.54846658713568e-07,5.556765188906712e-06,RNA,C4vsC1_rna,ACZ81_05125,tier1:gene_id
ACZ81_RS05125,-1.69900907336301,966.499676097268,0.0009059702911435,0.0055484031042609,RNA,C4vsC1_rna,ACZ81_05130,tier1:gene_id
ACZ81_RS05130,-1.0231174157550615,332.3983695530917,0.017519763201794,0.0573322104123961,RNA,C4vsC1_rna,ACZ81_05135,tier1:gene_id
ACZ81_RS05135,-1.2101179544945462,1369.0506406393,1.164276555257538e-06,2.0853024730773404e-05,RNA,C4vsC1_rna,ACZ81_05140,tier1:gene_id
ACZ81_RS05140,-1.329633810119858,10802.760829700666,0.0027236681633465,0.0132628311360727,RNA,C4vsC1_rna,ACZ81_05145,tier1:gene_id
ACZ81_RS05145,-0.3109620880359392,3023.2073438695065,0.1207939924021311,0.2434019988901621,RNA,C4vsC1_rna,ACZ81_05150,tier1:gene_id
ACZ81_RS05150,-0.3649811663119624,1918.2118620533413,0.5456262679280235,0.6929574507525262,RNA,C4vsC1_rna,ACZ81_05155,tier1:gene_id
ACZ81_RS05155,-1.3636040855419858,1605.4794549662363,0.002721158076787,0.0132628311360727,RNA,C4vsC1_rna,ACZ81_05160,tier1:gene_id
ACZ81_RS05160,1.0399069691418437,873.449974116403,0.183811597661357,0.3326351510227173,RNA,C4vsC1_rna,ACZ81_05165,tier1:gene_id
ACZ81_RS05165,-0.4112964924848314,1198.9817327545557,0.4819416300259898,0.6368741171489694,RNA,C4vsC1_rna,ACZ81_05170,tier1:gene_id
ACZ81_RS05170,-0.8003982934463992,1100.502746529604,0.0324579600845057,0.0911275968222793,RNA,C4vsC1_rna,ACZ81_05175,tier1:gene_id
ACZ81_RS05175,-0.3190331739246095,306.12967009719347,0.4269704360706383,0.5945870841775082,RNA,C4vsC1_rna,ACZ81_05180,tier1:gene_id
ACZ81_RS05180,-0.203851467873794,507.4805154522272,0.4932974583669389,0.6474024870684196,RNA,C4vsC1_rna,ACZ81_05185,tier1:gene_id
ACZ81_RS05185,0.2651904546498941,65.15577694610623,0.4835845029760675,0.6382042848486785,RNA,C4vsC1_rna,ACZ81_05190,tier1:gene_id
ACZ81_RS05190,-1.524314384360435,939.0194354285534,2.031256980364759e-06,3.3536637881577825e-05,RNA,C4vsC1_rna,ACZ81_05195,tier1:gene_id
ACZ81_RS05195,-0.1401284096421856,831.1440031584348,0.7236792112151325,0.82436144105483,RNA,C4vsC1_rna,ACZ81_05200,tier1:gene_id
ACZ81_RS05200,-0.7038017877706126,1122.3741953285623,0.0361581558668759,0.0987826117654421,RNA,C4vsC1_rna,ACZ81_05205,tier1:gene_id
ACZ81_RS05205,0.2975493812695396,490.6057290412296,0.5204593475029151,0.6714092933060114,RNA,C4vsC1_rna,ACZ81_05210,tier1:gene_id
ACZ81_RS05210,0.7781687435552739,313.22608383886046,0.1039398117539518,0.2179856376146653,RNA,C4vsC1_rna,ACZ81_05215,tier1:gene_id
ACZ81_RS05215,-0.1609737008008931,214.8893538965906,0.667565021008399,0.7876964665746371,RNA,C4vsC1_rna,ACZ81_05220,tier1:gene_id
ACZ81_RS05220,0.334410617025589,103.21727487825444,0.444050672559811,0.6084464816632382,RNA,C4vsC1_rna,ACZ81_05225,tier1:gene_id
ACZ81_RS05225,0.2390964248119467,85.43579562738118,0.5467393089591976,0.6934929205008855,RNA,C4vsC1_rna,ACZ81_05230,tier1:gene_id
ACZ81_RS05230,0.1228570511894978,159.61881438404237,0.7062842527227393,0.8145430507912965,RNA,C4vsC1_rna,ACZ81_05235,tier1:gene_id
ACZ81_RS05235,-0.1576223396470873,194.959465737676,0.5513987290613097,0.6969791118443525,RNA,C4vsC1_rna,ACZ81_05240,tier1:gene_id
ACZ81_RS05240,-0.2090785110545667,233.4082216523805,0.6513100065216086,0.7760783326892468,RNA,C4vsC1_rna,ACZ81_05245,tier1:gene_id
ACZ81_RS05245,-0.3590687922059618,1086.1179788885022,0.499349747298456,0.6527888165387398,RNA,C4vsC1_rna,ACZ81_05250,tier1:gene_id
ACZ81_RS05250,-1.250554043737366,3762.1519782438368,0.0134126460449181,0.0464693747255712,RNA,C4vsC1_rna,ACZ81_05255,tier1:gene_id
ACZ81_RS05255,-1.1110838591123515,5028.54960312903,0.0083572586959024,0.0321162087049431,RNA,C4vsC1_rna,ACZ81_05260,tier1:gene_id
ACZ81_RS05260,-0.3958210391301314,2626.383786084713,0.243342128350395,0.4071261963894016,RNA,C4vsC1_rna,ACZ81_05265,tier1:gene_id
ACZ81_RS05265,0.5176621221522758,948.6480359622576,0.1973403561034978,0.3516258602933448,RNA,C4vsC1_rna,ACZ81_05270,tier1:gene_id
ACZ81_RS05270,0.1361720992444414,1705.7741308142745,0.5275800706658518,0.6775452123916124,RNA,C4vsC1_rna,ACZ81_05275,tier1:gene_id
ACZ81_RS05275,-0.873673968320853,5278.083453429783,0.0039027116182011,0.0176524002392592,RNA,C4vsC1_rna,ACZ81_05280,tier1:gene_id
ACZ81_RS05280,-0.1620230038989625,1295.2647511670548,0.6518540181986215,0.7764959385430136,RNA,C4vsC1_rna,ACZ81_05285,tier1:gene_id
ACZ81_RS05285,-0.9431568925256962,610.2015026269494,0.0035323029980216,0.0163833521711711,RNA,C4vsC1_rna,ACZ81_05290,tier1:gene_id
ACZ81_RS05290,-0.2476284009570446,1743.6243918294977,0.5647599758559241,0.7074046278907173,RNA,C4vsC1_rna,ACZ81_05295,tier1:gene_id
ACZ81_RS05295,-0.5613864333332271,2525.389596260952,0.063145184033628,0.1499044250549796,RNA,C4vsC1_rna,ACZ81_05300,tier1:gene_id
ACZ81_RS05300,-0.5087560076528107,212.3678147505506,0.0468550852595016,0.1206037747734942,RNA,C4vsC1_rna,ACZ81_05305,tier1:gene_id
ACZ81_RS05305,0.1740882560674999,208.8978998527708,0.6323150627451919,0.760674072483871,RNA,C4vsC1_rna,ACZ81_05310,tier1:gene_id
ACZ81_RS05310,0.5190432005495905,269.7963090109895,0.1183889342885332,0.2400082892196036,RNA,C4vsC1_rna,ACZ81_05315,tier1:gene_id
ACZ81_RS05315,0.1632343771641453,545.0495168538023,0.4649168038086078,0.6233168088119981,RNA,C4vsC1_rna,ACZ81_05320,tier1:gene_id
ACZ81_RS05320,0.0217705888736297,109.73395655151644,0.9559707180037508,0.9746771335784112,RNA,C4vsC1_rna,ACZ81_05325,tier1:gene_id
ACZ81_RS05325,0.1519295745991606,138.19658942447,0.6653149797230415,0.7866913347034608,RNA,C4vsC1_rna,ACZ81_05330,tier1:gene_id
ACZ81_RS05330,-0.5141756844126745,566.5885184033718,0.0710030975063546,0.1633623961281617,RNA,C4vsC1_rna,ACZ81_05335,tier1:gene_id
ACZ81_RS05335,-0.3390167525859494,216.53326978682065,0.3657602234409678,0.5373233308111179,RNA,C4vsC1_rna,ACZ81_05340,tier1:gene_id
ACZ81_RS05340,-1.2330875478579362,429.578243559538,0.0001012217247842,0.0009105416139783,RNA,C4vsC1_rna,ACZ81_05345,tier1:gene_id
ACZ81_RS05345,-3.437485291918341,16754.823422137197,1.3868216271483413e-33,6.182142631243495e-31,RNA,C4vsC1_rna,ACZ81_05350,tier1:gene_id
ACZ81_RS05350,-3.2634544791231628,20217.85684044682,1.706377827615204e-25,4.889991317422999e-23,RNA,C4vsC1_rna,ACZ81_05355,tier1:gene_id
ACZ81_RS05365,-0.9573726466638984,304.5104673646149,0.0073635300025174,0.0289632180099017,RNA,C4vsC1_rna,ACZ81_05370,tier1:gene_id
ACZ81_RS05370,0.4981031910355048,729.9424365528812,0.2952804325811975,0.4662200297189156,RNA,C4vsC1_rna,ACZ81_05375,tier1:gene_id
ACZ81_RS05375,1.4235069995435143,1454.3289306268134,1.9545608212760145e-06,3.2538166037175815e-05,RNA,C4vsC1_rna,ACZ81_05380,tier1:gene_id
ACZ81_RS05380,1.2666299019701723,193.959170390868,0.0012396178611917,0.0070636363125451,RNA,C4vsC1_rna,ACZ81_05385,tier1:gene_id
ACZ81_RS05385,1.0409462210254787,105.68963310719408,0.0139204427082131,0.0476932674170378,RNA,C4vsC1_rna,ACZ81_05390,tier1:gene_id
ACZ81_RS05390,0.1010419937631703,4017.9622298990985,0.6624975250594247,0.7847475850423419,RNA,C4vsC1_rna,ACZ81_05395,tier1:gene_id
ACZ81_RS05395,0.3630840326661707,2609.27213305326,0.4781607098067517,0.63437128625416,RNA,C4vsC1_rna,ACZ81_05400,tier1:gene_id
ACZ81_RS05415,-1.860910319996428,5880.033369317334,1.3691356758639496e-05,0.000169536183073,RNA,C4vsC1_rna,,unresolved
ACZ81_RS05420,-0.2714678901115689,393.3134193746812,0.333057515396959,0.5059786643190054,RNA,C4vsC1_rna,ACZ81_05425,tier1:gene_id
ACZ81_RS05425,-0.6260670694245599,1476.7758121720026,0.0218538915495204,0.0683914297165959,RNA,C4vsC1_rna,ACZ81_05430,tier1:gene_id
ACZ81_RS05430,0.3378446514950956,629.852076664981,0.3343609530609073,0.5073586019971106,RNA,C4vsC1_rna,ACZ81_05435,tier1:gene_id
ACZ81_RS05435,0.1868004914920952,101.84767229244,0.6552053400562123,0.7791001257574167,RNA,C4vsC1_rna,ACZ81_05440,tier1:gene_id
ACZ81_RS05440,0.5396899381787702,234.5799752964687,0.0331588770448533,0.0927062123372485,RNA,C4vsC1_rna,ACZ81_05445,tier1:gene_id
ACZ81_RS05445,0.2778726498472898,135.61119823764116,0.3684146046555243,0.540036314898781,RNA,C4vsC1_rna,ACZ81_05450,tier1:gene_id
ACZ81_RS05450,0.5701645941381923,95.82950601966252,0.0713404959165563,0.1638894741626174,RNA,C4vsC1_rna,ACZ81_05455,tier1:gene_id
ACZ81_RS05455,0.183609924152089,458.3557885165142,0.4321305523253013,0.5981120929501634,RNA,C4vsC1_rna,ACZ81_05460,tier1:gene_id
ACZ81_RS05460,-0.5157668668522934,1649.87713211782,0.0064022180225008,0.0261299071274398,RNA,C4vsC1_rna,ACZ81_05465,tier1:gene_id
ACZ81_RS05465,-0.19851244259098,30344.99168607768,0.7230234456802747,0.8241147925119405,RNA,C4vsC1_rna,ACZ81_05470,tier1:gene_id
ACZ81_RS05470,-0.7635900585540215,13271.764178136702,0.1632352543752004,0.3042157207618258,RNA,C4vsC1_rna,ACZ81_05475,tier1:gene_id
ACZ81_RS05475,-0.6832512151920064,12548.66654884858,0.1931126945226786,0.3461877258377956,RNA,C4vsC1_rna,ACZ81_05480,tier1:gene_id
ACZ81_RS05480,0.0213708871895922,3170.221614193147,0.9258267647363464,0.9581415537218836,RNA,C4vsC1_rna,ACZ81_05485,tier1:gene_id
ACZ81_RS05485,-1.3197905688663814,1900.969645404328,1.2596775351964542e-12,9.535521266430515e-11,RNA,C4vsC1_rna,ACZ81_05490,tier1:gene_id
ACZ81_RS05490,-1.5670565171587991,6618.379540057072,1.849088573964638e-06,3.1301870712008974e-05,RNA,C4vsC1_rna,ACZ81_05495,tier1:gene_id
ACZ81_RS05495,-2.373355358863716,11459.113454464588,9.753717343553373e-07,1.8116626843674133e-05,RNA,C4vsC1_rna,ACZ81_05500,tier1:gene_id
ACZ81_RS05500,0.7062367291454824,482.0149635559689,0.0155838373464855,0.0520842223139748,RNA,C4vsC1_rna,ACZ81_05505,tier1:gene_id
ACZ81_RS05505,-0.972834066670222,2799.723269879122,0.0116797526035306,0.0416525932847687,RNA,C4vsC1_rna,ACZ81_05510,tier1:gene_id
ACZ81_RS05515,-0.128657338150385,463.2484342112072,0.7276693089269026,0.827028121080661,RNA,C4vsC1_rna,ACZ81_05515,tier1:gene_id
ACZ81_RS05520,-0.2409564469148189,419.3456977002957,0.1380536876439368,0.2691309012767126,RNA,C4vsC1_rna,ACZ81_05520,tier1:gene_id
ACZ81_RS05525,0.2673083896401402,565.6866393429979,0.1964722606779811,0.3506435541993151,RNA,C4vsC1_rna,ACZ81_05525,tier1:gene_id
ACZ81_RS05530,1.084260950567043,43240.15761486454,0.0105509386215283,0.0386932045242884,RNA,C4vsC1_rna,ACZ81_05530,tier1:gene_id
ACZ81_RS05535,1.1178232499621013,313.6556575384207,0.0023897993477181,0.0120906368008134,RNA,C4vsC1_rna,ACZ81_05535,tier1:gene_id
ACZ81_RS05540,2.773761224446885,377.7276679760257,3.044168053846945e-08,8.252163670293206e-07,RNA,C4vsC1_rna,ACZ81_05540,tier1:gene_id
ACZ81_RS05545,0.2284503642993072,793.8377842323802,0.5838570071031111,0.7231236463829417,RNA,C4vsC1_rna,ACZ81_05545,tier1:gene_id
ACZ81_RS05550,0.4008780188316156,583.1196873149486,0.1445141005763452,0.277943706381734,RNA,C4vsC1_rna,ACZ81_05550,tier1:gene_id
ACZ81_RS05555,0.461161230089775,382.53501190526447,0.0390871394362348,0.1049649286600897,RNA,C4vsC1_rna,ACZ81_05555,tier1:gene_id
ACZ81_RS05560,-0.3907895323836416,10705.903544471084,0.403021686126389,0.5717549521708178,RNA,C4vsC1_rna,ACZ81_05560,tier1:gene_id
ACZ81_RS05565,-0.6051484055374761,12745.350257855189,0.2452044745153525,0.4093884110510172,RNA,C4vsC1_rna,ACZ81_05565,tier1:gene_id
ACZ81_RS05570,-0.198225978481931,3935.660354203957,0.5942558653565977,0.7326842445638199,RNA,C4vsC1_rna,ACZ81_05570,tier1:gene_id
ACZ81_RS05575,0.2719112673929734,2513.6033692922424,0.45212543710588,0.6142095954198512,RNA,C4vsC1_rna,ACZ81_05575,tier1:gene_id
ACZ81_RS05580,-0.1281767619908847,5076.759320815812,0.6316515760277179,0.7601038161437326,RNA,C4vsC1_rna,ACZ81_05580,tier1:gene_id
ACZ81_RS05585,-0.1479554764378866,10345.00362651236,0.6884611055743164,0.8013072107815948,RNA,C4vsC1_rna,ACZ81_05585,tier1:gene_id
ACZ81_RS05590,0.4841974293762914,259.95831667231914,0.0417637015374894,0.1105250465490815,RNA,C4vsC1_rna,ACZ81_05590,tier1:gene_id
ACZ81_RS05595,-0.1100536395920159,590.8297454004307,0.733109949396813,0.8316251430526721,RNA,C4vsC1_rna,ACZ81_05595,tier1:gene_id
ACZ81_RS05600,-1.3642552188253882,441.3736210910273,2.1042594141129087e-05,0.0002391583220799,RNA,C4vsC1_rna,ACZ81_05600,tier1:gene_id
ACZ81_RS05605,-0.6029335924085905,25.25365338087483,0.3050512287700026,0.4774460567219065,RNA,C4vsC1_rna,ACZ81_05605,tier1:gene_id
ACZ81_RS05610,-0.0085298536041371,60.99012383322537,0.9849269535952812,0.9906958969325864,RNA,C4vsC1_rna,ACZ81_05610,tier1:gene_id
ACZ81_RS05615,-0.4469211126599079,90.26374840625262,0.188688775502043,0.3396238490449241,RNA,C4vsC1_rna,ACZ81_05615,tier1:gene_id
ACZ81_RS05625,0.0471833378965084,423.59716888151615,0.8547177305501765,0.9188444627457952,RNA,C4vsC1_rna,ACZ81_05625,tier1:gene_id
ACZ81_RS05630,-0.320728717594157,99.10476532984067,0.3643169504000541,0.5359881206472377,RNA,C4vsC1_rna,ACZ81_05630,tier1:gene_id
ACZ81_RS05635,0.2998500770158345,48.31786102610927,0.4245925562440054,0.592303663300052,RNA,C4vsC1_rna,ACZ81_05635,tier1:gene_id
ACZ81_RS05640,0.6947835122897185,223.19618672353224,0.1574026586818691,0.295460856692453,RNA,C4vsC1_rna,ACZ81_05640,tier1:gene_id
ACZ81_RS05645,-0.9971418158859396,69.80144169703077,0.0071829475332793,0.0286176618704237,RNA,C4vsC1_rna,ACZ81_05645,tier1:gene_id
ACZ81_RS05650,0.7346482643536852,19.83568114012046,0.2358527166953136,0.3981574978110356,RNA,C4vsC1_rna,,unresolved
ACZ81_RS05655,-0.7650382257686865,30.93380350477277,0.0919304754801099,0.198861733740941,RNA,C4vsC1_rna,ACZ81_05655,tier1:gene_id
ACZ81_RS05660,0.5187696186521703,149.05091059588958,0.1659679580660425,0.3074161808684039,RNA,C4vsC1_rna,ACZ81_05660,tier1:gene_id
ACZ81_RS05665,-0.2622392059132313,97.33783922008038,0.5307231160605462,0.680057854243025,RNA,C4vsC1_rna,ACZ81_05665,tier1:gene_id
ACZ81_RS05670,-1.0901147889197849,37.50619241085416,0.0579439546061894,0.1408916035636557,RNA,C4vsC1_rna,ACZ81_05670,tier1:gene_id
ACZ81_RS05675,0.2003314353539707,57.94143290117224,0.694277386528136,0.8064391646644128,RNA,C4vsC1_rna,ACZ81_05675,tier1:gene_id
ACZ81_RS05680,5.498637664602018,25.255458517922825,0.0001114549271831,0.0009827630062832,RNA,C4vsC1_rna,ACZ81_05680,tier1:gene_id
ACZ81_RS05685,0.7366637841528034,19.816748297045915,0.3559383673717275,0.5292901148611456,RNA,C4vsC1_rna,ACZ81_05685,tier1:gene_id
ACZ81_RS05690,-0.0041429837981341,85.26352510915808,0.9918118008202338,0.9939554989566092,RNA,C4vsC1_rna,ACZ81_05690,tier1:gene_id
ACZ81_RS05695,1.2873864701362043,84.18470542666618,0.0001201901892483,0.0010454690103605,RNA,C4vsC1_rna,ACZ81_05695,tier1:gene_id
ACZ81_RS05700,1.6108915001443886,1762.4468863191707,5.510242142883338e-09,1.7828299578425769e-07,RNA,C4vsC1_rna,ACZ81_05700,tier1:gene_id
ACZ81_RS05705,0.4149483943856794,1285.645759627206,0.1280179152085998,0.2544807893560256,RNA,C4vsC1_rna,ACZ81_05705,tier1:gene_id
ACZ81_RS05710,1.0131982140798097,663.3047323313591,4.473710937583536e-05,0.0004669670658496,RNA,C4vsC1_rna,ACZ81_05710,tier1:gene_id
ACZ81_RS05715,0.6064575080266054,584.4181846607578,0.0371458112567111,0.1009481178534577,RNA,C4vsC1_rna,ACZ81_05715,tier1:gene_id
ACZ81_RS05720,0.4538635745326074,157.51732661266388,0.4873557286241732,0.6419335644835751,RNA,C4vsC1_rna,ACZ81_05720,tier1:gene_id
ACZ81_RS05725,1.8389456324196591,1073.8797230958648,0.0164306112654465,0.0544340317068303,RNA,C4vsC1_rna,ACZ81_05725,tier1:gene_id
ACZ81_RS05730,0.4198490051315376,1348.1286345884737,0.4266992042945553,0.5944156970936653,RNA,C4vsC1_rna,ACZ81_05730,tier1:gene_id
ACZ81_RS05735,-0.7255585882455577,356.47159428632096,0.2705372598197039,0.4390758440115907,RNA,C4vsC1_rna,ACZ81_05735,tier1:gene_id
ACZ81_RS05740,-1.9788480690584789,1964.0862878080536,0.0378027300004833,0.1024068553422951,RNA,C4vsC1_rna,ACZ81_05740,tier1:gene_id
ACZ81_RS05745,0.2654952944569652,277.08517071277544,0.3112838187176859,0.483309086956407,RNA,C4vsC1_rna,ACZ81_05745,tier1:gene_id
ACZ81_RS05755,-1.7141592343535914,76.76553653405144,0.0026845115703048,0.0131505011233979,RNA,C4vsC1_rna,ACZ81_05755,tier1:gene_id
ACZ81_RS05760,-0.8797596442836054,684.8460278210642,0.0649003070229341,0.1526260444173575,RNA,C4vsC1_rna,ACZ81_05760,tier1:gene_id
ACZ81_RS05765,1.7282189018959415,28.45037405741035,0.0098411907096983,0.0364232999329426,RNA,C4vsC1_rna,ACZ81_05765,tier1:gene_id
ACZ81_RS05770,-0.6596781082071987,70.99098570593347,0.1166448895467663,0.2374324184990494,RNA,C4vsC1_rna,ACZ81_05770,tier1:gene_id
ACZ81_RS05775,-0.1582955211627369,190.284550955339,0.7204030328587847,0.8229661070129397,RNA,C4vsC1_rna,ACZ81_05775,tier1:gene_id
ACZ81_RS05780,-0.1198044080240431,224.66408684969824,0.7201686235506242,0.8229661070129397,RNA,C4vsC1_rna,ACZ81_05780,tier1:gene_id
ACZ81_RS05785,2.800722311610789,324.22257412111804,4.3852907749961454e-12,2.7926645379816725e-10,RNA,C4vsC1_rna,ACZ81_05785,tier1:gene_id
ACZ81_RS05790,3.299225151052149,616.4725750529196,3.212827966513814e-10,1.4322073112948253e-08,RNA,C4vsC1_rna,ACZ81_05790,tier1:gene_id
ACZ81_RS05795,0.9111106510751484,79.11216632836158,0.0106377485363025,0.0388694418284571,RNA,C4vsC1_rna,ACZ81_05795,tier1:gene_id
ACZ81_RS05800,0.5629939418178053,24.7735952897192,0.4791688369081178,0.6349972834502595,RNA,C4vsC1_rna,ACZ81_05800,tier1:gene_id
ACZ81_RS05805,1.0661818670311507,1117.6853492055236,0.0046898841850303,0.0204076088398501,RNA,C4vsC1_rna,ACZ81_05805,tier1:gene_id
ACZ81_RS05810,0.5117509199517458,1020.5501925076384,0.2483955543172062,0.4132449426835324,RNA,C4vsC1_rna,ACZ81_05810,tier1:gene_id
ACZ81_RS05815,0.6451655386849735,93.13349226785124,0.1427531694559183,0.2754813448086313,RNA,C4vsC1_rna,ACZ81_05815,tier1:gene_id
ACZ81_RS05820,-0.102756725811906,263.6191902630438,0.7327938921609252,0.8316251430526721,RNA,C4vsC1_rna,ACZ81_05820,tier1:gene_id
ACZ81_RS05825,-0.1779774343740646,948.0305282251372,0.4426489676081611,0.6076252915227475,RNA,C4vsC1_rna,ACZ81_05825,tier1:gene_id
ACZ81_RS05830,0.120375177277025,515.3417852054031,0.6265229840592583,0.7572569032420643,RNA,C4vsC1_rna,ACZ81_05830,tier1:gene_id
ACZ81_RS05835,0.3773254583223465,511.0986475632391,0.1836855011448698,0.3325569632640874,RNA,C4vsC1_rna,ACZ81_05835,tier1:gene_id
ACZ81_RS05840,0.1218140890945179,146.5255195390465,0.8080205376265186,0.8838672271378392,RNA,C4vsC1_rna,ACZ81_05840,tier1:gene_id
ACZ81_RS05845,-1.0950083545591922,1448.752118324314,0.0118403745705764,0.0420758040541654,RNA,C4vsC1_rna,ACZ81_05845,tier1:gene_id
ACZ81_RS05850,-1.11479153600283,479.2058468097696,0.0027338886713689,0.0132628311360727,RNA,C4vsC1_rna,ACZ81_05850,tier1:gene_id
ACZ81_RS05855,0.170729721508072,584.1046475252674,0.5229400691489487,0.6734242198237387,RNA,C4vsC1_rna,ACZ81_05855,tier1:gene_id
ACZ81_RS05860,1.1787699498893285,1000.7751688884176,2.849426693590954e-06,4.483097997916434e-05,RNA,C4vsC1_rna,ACZ81_05860,tier1:gene_id
ACZ81_RS05865,0.6312332170126612,734.7726611435351,0.1086980145844394,0.2253728343735251,RNA,C4vsC1_rna,ACZ81_05865,tier1:gene_id
ACZ81_RS05870,1.042975772888139,85.52709922515619,0.1060080555787819,0.2211670925543802,RNA,C4vsC1_rna,ACZ81_05870,tier1:gene_id
ACZ81_RS05875,-1.730831904286665,6336.181959249133,6.111645436402134e-05,0.0005951437255059,RNA,C4vsC1_rna,ACZ81_05875,tier1:gene_id
ACZ81_RS05880,-1.5672404168289114,10786.352997349548,0.0003321059633435,0.0024314035126535,RNA,C4vsC1_rna,ACZ81_05880,tier1:gene_id
ACZ81_RS05885,-2.418898378841896,63590.58080823145,7.431956276388209e-06,0.0001003939682857,RNA,C4vsC1_rna,ACZ81_05885,tier1:gene_id
ACZ81_RS05890,-0.5017432737562305,7584.793545403454,0.041562612200441,0.110183294638597,RNA,C4vsC1_rna,ACZ81_05890,tier1:gene_id
ACZ81_RS05895,1.565168591867469,1083.9105782499646,2.274143616067426e-06,3.678977495025207e-05,RNA,C4vsC1_rna,ACZ81_05895,tier1:gene_id
ACZ81_RS05900,-1.119104894605341,8834.73083528792,0.0868124395565668,0.1898905821431031,RNA,C4vsC1_rna,ACZ81_05900,tier1:gene_id
ACZ81_RS05905,0.5270786169467269,1320.4623080444146,0.0278623702129042,0.0820095814901047,RNA,C4vsC1_rna,ACZ81_05905,tier1:gene_id
ACZ81_RS05910,0.1715518165227028,1578.3879451571331,0.4692956511026422,0.6279492732976109,RNA,C4vsC1_rna,ACZ81_05910,tier1:gene_id
ACZ81_RS05915,0.6153103638097497,423.1064030927677,0.010109883052342,0.0372322805642113,RNA,C4vsC1_rna,ACZ81_05915,tier1:gene_id
ACZ81_RS05920,1.4891281376545455,416.2987266527037,0.0059745521141855,0.0247112402908375,RNA,C4vsC1_rna,ACZ81_05920,tier1:gene_id
ACZ81_RS05925,1.0069620328657698,1267.5312165510256,0.0073308582116065,0.0289087121749634,RNA,C4vsC1_rna,ACZ81_05925,tier1:gene_id
ACZ81_RS05930,0.163906361850195,216.69742179350425,0.6600043531549846,0.7827187303747557,RNA,C4vsC1_rna,ACZ81_05930,tier1:gene_id
ACZ81_RS05935,-2.996554607622412,4103.405400187426,5.417916170464062e-25,1.4491119783934543e-22,RNA,C4vsC1_rna,ACZ81_05935,tier1:gene_id
ACZ81_RS05940,0.1982466508789779,194.5609514600944,0.4176134660660804,0.5855430210008764,RNA,C4vsC1_rna,ACZ81_05940,tier1:gene_id
ACZ81_RS05945,0.3000420689927759,143.09161190842113,0.3385146595108511,0.511148217522595,RNA,C4vsC1_rna,ACZ81_05945,tier1:gene_id
ACZ81_RS05950,0.1809227293963044,108.16605425420885,0.6696470778436536,0.7889489250142049,RNA,C4vsC1_rna,ACZ81_05950,tier1:gene_id
ACZ81_RS05955,0.8504969467155007,3757.375873127425,0.0770727284588198,0.1731331391807307,RNA,C4vsC1_rna,ACZ81_05955,tier1:gene_id
ACZ81_RS05960,-0.2209796751576007,283.05499630613286,0.6942147218595627,0.8064391646644128,RNA,C4vsC1_rna,ACZ81_05960,tier1:gene_id
ACZ81_RS05965,0.3862788843644845,775.1499657012841,0.033219792788652,0.0928118444763733,RNA,C4vsC1_rna,ACZ81_05965,tier1:gene_id
ACZ81_RS05970,0.3728317868112006,50.432676133396896,0.4062137286039601,0.5740683186701788,RNA,C4vsC1_rna,ACZ81_05970,tier1:gene_id
ACZ81_RS05975,-0.1096918173437935,109.10444260220316,0.7791252325542133,0.8638586386073128,RNA,C4vsC1_rna,ACZ81_05975,tier1:gene_id
ACZ81_RS05980,-0.2849182373055789,152.20222622363758,0.3987671888833471,0.568651677621958,RNA,C4vsC1_rna,ACZ81_05980,tier1:gene_id
ACZ81_RS05985,-0.3198803854439735,143.84979102438172,0.4398934006239575,0.60481573793808,RNA,C4vsC1_rna,ACZ81_05985,tier1:gene_id
ACZ81_RS05990,-0.2268118976115726,545.8599467514955,0.4287350358836871,0.5957551663647972,RNA,C4vsC1_rna,ACZ81_05990,tier1:gene_id
ACZ81_RS05995,-0.5793531758841592,261.25369078972415,0.1165265597593142,0.2373370527710417,RNA,C4vsC1_rna,ACZ81_05995,tier1:gene_id
ACZ81_RS06000,-1.003850196129892,217.42596275263145,0.0062809929456906,0.025705155126305,RNA,C4vsC1_rna,ACZ81_06000,tier1:gene_id
ACZ81_RS06015,-0.4140400060914838,394.9145552976551,0.2205154548990303,0.3803559780975536,RNA,C4vsC1_rna,ACZ81_06015,tier1:gene_id
ACZ81_RS06020,-1.3026597899651378,2008.0453266434813,4.505333092098621e-06,6.572871405636242e-05,RNA,C4vsC1_rna,ACZ81_06020,tier1:gene_id
ACZ81_RS06025,-1.0379024363230365,924.2563777860448,1.4101167186950764e-05,0.0001735395176504,RNA,C4vsC1_rna,ACZ81_06025,tier1:gene_id
ACZ81_RS06030,0.3779007914828554,481.6009704194447,0.1782216239884394,0.3248637689421259,RNA,C4vsC1_rna,ACZ81_06030,tier1:gene_id
ACZ81_RS06035,-0.355616168745143,573.4551433858356,0.224873924792362,0.3860480043932206,RNA,C4vsC1_rna,ACZ81_06035,tier1:gene_id
ACZ81_RS06040,-0.3516945153733001,470.1916925304285,0.1437213670668199,0.2769501079116626,RNA,C4vsC1_rna,ACZ81_06040,tier1:gene_id
ACZ81_RS06050,0.3870320584951965,1979.5169711816063,0.2892352793078188,0.4597511650487199,RNA,C4vsC1_rna,ACZ81_06050,tier1:gene_id
ACZ81_RS06055,0.435019842427066,1971.6447524525647,0.0018681882068687,0.0097593373515072,RNA,C4vsC1_rna,ACZ81_06055,tier1:gene_id
ACZ81_RS06060,0.5450342363401562,73.37650227651004,0.2363058000734932,0.3986790874242452,RNA,C4vsC1_rna,ACZ81_06060,tier1:gene_id
ACZ81_RS06065,2.8492128562038737,3.8102511738410096,0.0811173859627503,0.1804792509066876,RNA,C4vsC1_rna,ACZ81_06065,tier1:gene_id
ACZ81_RS06070,0.1719236945018471,292.2030949697488,0.5282508437762318,0.6779726120378253,RNA,C4vsC1_rna,ACZ81_06070,tier1:gene_id
ACZ81_RS06075,-1.5973071256619862,166.87303345672348,0.0001862167880755,0.0015032228445857,RNA,C4vsC1_rna,ACZ81_06075,tier1:gene_id
ACZ81_RS06080,-1.589908861534075,1002.4827568685804,0.001322279600897,0.007394883715203,RNA,C4vsC1_rna,ACZ81_06080,tier1:gene_id
ACZ81_RS06085,-1.6006908459688165,486.64330942298926,0.0024321475675901,0.0122494650240391,RNA,C4vsC1_rna,ACZ81_06085,tier1:gene_id
ACZ81_RS06090,-2.053597405327709,572.5855548777183,5.18857392984294e-05,0.000525670671882,RNA,C4vsC1_rna,ACZ81_06090,tier1:gene_id
ACZ81_RS06095,-2.0159824686866257,1248.7743559053663,0.000165196054532,0.0013750343792169,RNA,C4vsC1_rna,ACZ81_06095,tier1:gene_id
ACZ81_RS06100,0.243296215025676,1804.634712448091,0.3647819517664394,0.5362789265250842,RNA,C4vsC1_rna,ACZ81_06100,tier1:gene_id
ACZ81_RS06105,0.3752759829588201,82.08385223795976,0.3528693449877817,0.5254447448222139,RNA,C4vsC1_rna,ACZ81_06105,tier1:gene_id
ACZ81_RS06110,-1.153540950926005,1262.4149987248934,2.9519210495831253e-07,6.23321434259342e-06,RNA,C4vsC1_rna,ACZ81_06110,tier1:gene_id
ACZ81_RS06115,-1.062007532485052,894.1681915040899,0.0001908723898036,0.0015285030496854,RNA,C4vsC1_rna,ACZ81_06115,tier1:gene_id
ACZ81_RS06120,1.0103966316648063,364.1274545274229,0.0178260299060333,0.0579562657884973,RNA,C4vsC1_rna,ACZ81_06120,tier1:gene_id
ACZ81_RS06125,0.2298517490455091,63.28759902841762,0.615449028686214,0.7492210861726423,RNA,C4vsC1_rna,ACZ81_06125,tier1:gene_id
ACZ81_RS06130,0.1945304438115037,78.01596468217147,0.6669492450704586,0.7874633229024955,RNA,C4vsC1_rna,ACZ81_06130,tier1:gene_id
ACZ81_RS06135,0.7522857054512418,105.27790538218618,0.1165388818442054,0.2373370527710417,RNA,C4vsC1_rna,ACZ81_06135,tier1:gene_id
ACZ81_RS06140,2.2168240032043203,17.72218097775397,0.0097902763201998,0.0363018378896873,RNA,C4vsC1_rna,ACZ81_06140,tier1:gene_id
ACZ81_RS06145,1.3949320277945318,112.96897908422012,0.0004446269541068,0.0031077410102384,RNA,C4vsC1_rna,ACZ81_06145,tier1:gene_id
ACZ81_RS06150,0.4135187738613817,284.11023505782634,0.3656150935889636,0.5373068701387993,RNA,C4vsC1_rna,ACZ81_06150,tier1:gene_id
ACZ81_RS06155,-0.6764133511090864,3999.66447149537,0.0970360455838236,0.206529769168329,RNA,C4vsC1_rna,ACZ81_06155,tier1:gene_id
ACZ81_RS06160,-0.6232628541603142,3202.9152816462865,0.2463111304670533,0.4108940771034587,RNA,C4vsC1_rna,ACZ81_06160,tier1:gene_id
ACZ81_RS06165,0.6957970542452516,541.8458968479417,0.0485833493077219,0.1240273661423718,RNA,C4vsC1_rna,ACZ81_06165,tier1:gene_id
ACZ81_RS06170,0.0290180003612326,1248.9319645807946,0.9036013312741402,0.945507829180418,RNA,C4vsC1_rna,ACZ81_06170,tier1:gene_id
ACZ81_RS06175,2.288531040994584,238.91049697355464,3.796081198217208e-06,5.661664597489753e-05,RNA,C4vsC1_rna,ACZ81_06175,tier1:gene_id
ACZ81_RS06180,-3.083384693965339,331.6100667139273,1.822091384393687e-05,0.0002132435072732,RNA,C4vsC1_rna,ACZ81_06180,tier1:gene_id
ACZ81_RS06185,1.87934214630354,1058.0857256395489,2.321276953456236e-08,6.558424744553815e-07,RNA,C4vsC1_rna,ACZ81_06185,tier1:gene_id
ACZ81_RS06190,-0.6600248880533561,209.07150225964395,0.0159575722392553,0.053086052921967,RNA,C4vsC1_rna,ACZ81_06190,tier1:gene_id
ACZ81_RS06195,0.2957871364767998,3967.43806289198,0.1561530850701602,0.2937167203676909,RNA,C4vsC1_rna,ACZ81_06195,tier1:gene_id
ACZ81_RS06200,-0.3117183341037089,587.1527114665037,0.1816783739997708,0.3298161251072762,RNA,C4vsC1_rna,ACZ81_06200,tier1:gene_id
ACZ81_RS06205,0.1037706152899288,1042.7211603398189,0.5778305045253664,0.7195083749707541,RNA,C4vsC1_rna,ACZ81_06205,tier1:gene_id
ACZ81_RS06210,-0.0086375250279278,133.91827462377452,0.9815499868888312,0.9889448888493196,RNA,C4vsC1_rna,ACZ81_06210,tier1:gene_id
ACZ81_RS06215,-0.0201158329234022,257.5653836937336,0.9419358981129436,0.9660140141178758,RNA,C4vsC1_rna,ACZ81_06215,tier1:gene_id
ACZ81_RS06220,-0.9328558734351884,1619.6612622369855,0.0134698810527557,0.0465070247707884,RNA,C4vsC1_rna,ACZ81_06220,tier1:gene_id
ACZ81_RS06225,-0.5939096464882091,363.3310787102809,0.1066921307356776,0.2222319862341641,RNA,C4vsC1_rna,ACZ81_06225,tier1:gene_id
ACZ81_RS06230,0.5832034502821656,1155.530161147403,0.0598298785225625,0.1435630817180148,RNA,C4vsC1_rna,ACZ81_06230,tier1:gene_id
ACZ81_RS06235,0.0951678342826797,1136.5471730759807,0.8028915215355124,0.8798691025404195,RNA,C4vsC1_rna,ACZ81_06235,tier1:gene_id
ACZ81_RS06240,-0.3123833769034432,229.2194503883824,0.388235769442547,0.558881200934158,RNA,C4vsC1_rna,ACZ81_06240,tier1:gene_id
ACZ81_RS06245,0.6637384639131984,317.3652278995609,0.0105757241292957,0.0387133259185532,RNA,C4vsC1_rna,ACZ81_06245,tier1:gene_id
ACZ81_RS06250,0.1973161363615879,689.4940032989033,0.5069468562208652,0.6601333291652423,RNA,C4vsC1_rna,ACZ81_06250,tier1:gene_id
ACZ81_RS06255,1.651066289458611,4100.354853682396,8.902175938205565e-05,0.0008154230562575,RNA,C4vsC1_rna,ACZ81_06255,tier1:gene_id
ACZ81_RS06260,0.797254615327272,10945.94538799059,0.0148559747268323,0.0504675449653272,RNA,C4vsC1_rna,ACZ81_06260,tier1:gene_id
ACZ81_RS06265,0.3427724986101542,10249.651314975672,0.446489585850485,0.6099135915669547,RNA,C4vsC1_rna,ACZ81_06265,tier1:gene_id
ACZ81_RS06270,0.633382061889981,1614.9721932886575,0.2158323058562216,0.3743706057480161,RNA,C4vsC1_rna,ACZ81_06270,tier1:gene_id
ACZ81_RS06275,-0.3679079123266813,226.14573038306776,0.4033315177938156,0.5719922408585324,RNA,C4vsC1_rna,ACZ81_06275,tier1:gene_id
ACZ81_RS06280,0.6767753235816181,88.37362006151257,0.0206242441902271,0.0657223730668714,RNA,C4vsC1_rna,ACZ81_06280,tier1:gene_id
ACZ81_RS06285,0.1138851410635847,717.3482989146779,0.7973659518229936,0.8759671957047783,RNA,C4vsC1_rna,ACZ81_06285,tier1:gene_id
ACZ81_RS06290,0.6216474079627544,897.8890441317743,0.0129330376683627,0.0450821476436037,RNA,C4vsC1_rna,ACZ81_06290,tier1:gene_id
ACZ81_RS06295,0.3414508930019421,145.22519492800308,0.2272321625556347,0.3882689251163572,RNA,C4vsC1_rna,ACZ81_06295,tier1:gene_id
ACZ81_RS06300,0.7653862027499688,190.11167246040708,0.0361694059529996,0.0987826117654421,RNA,C4vsC1_rna,ACZ81_06300,tier1:gene_id
ACZ81_RS06305,-0.8888106984668531,81.39333667402096,0.1112511742786972,0.2292819819703786,RNA,C4vsC1_rna,ACZ81_06305,tier1:gene_id
ACZ81_RS06310,0.6863651528826837,392.493423430806,0.2332756114091056,0.3958748777133378,RNA,C4vsC1_rna,ACZ81_06310,tier1:gene_id
ACZ81_RS06315,-0.361499953389787,674.8804939169219,0.2108942659613069,0.3688015712397696,RNA,C4vsC1_rna,ACZ81_06315,tier1:gene_id
ACZ81_RS06320,-0.5225315120904964,371.9278931477276,0.1756145075854721,0.3217193627547552,RNA,C4vsC1_rna,ACZ81_06320,tier1:gene_id
ACZ81_RS06325,-1.5632825737423404,1300.8248815002348,7.061602900829444e-09,2.2078541523752214e-07,RNA,C4vsC1_rna,ACZ81_06325,tier1:gene_id
ACZ81_RS06330,-0.8852589825500653,2286.583498538905,0.0800261127997129,0.178567722220494,RNA,C4vsC1_rna,ACZ81_06330,tier1:gene_id
ACZ81_RS06335,-0.2426666406129179,3398.5245632084816,0.6429489906958575,0.770233308650875,RNA,C4vsC1_rna,ACZ81_06335,tier1:gene_id
ACZ81_RS06340,-1.0407543867850235,2054.019446309775,0.0027376449119744,0.0132650137522242,RNA,C4vsC1_rna,ACZ81_06340,tier1:gene_id
ACZ81_RS06345,-0.8792618449024397,391.92893046044,0.0121644665829013,0.0429611266994721,RNA,C4vsC1_rna,ACZ81_06345,tier1:gene_id
ACZ81_RS06350,0.0786839547748539,322.67306132234813,0.742614655165796,0.8385505197087456,RNA,C4vsC1_rna,ACZ81_06350,tier1:gene_id
ACZ81_RS06355,0.0624847483108472,479.82970620497696,0.9318131331182056,0.960559900135476,RNA,C4vsC1_rna,ACZ81_06355,tier1:gene_id
ACZ81_RS06360,-0.3018706025703288,763.0317987617592,0.5623483274187715,0.705926623781011,RNA,C4vsC1_rna,ACZ81_06360,tier1:gene_id
ACZ81_RS06365,0.3078092041828927,265.51937907407955,0.1792559238367089,0.326304340486786,RNA,C4vsC1_rna,ACZ81_06365,tier1:gene_id
ACZ81_RS06370,-0.4596321789161957,479.3173825422425,0.0432477635616936,0.1132571980479863,RNA,C4vsC1_rna,ACZ81_06370,tier1:gene_id
ACZ81_RS06375,1.330585420936876,49.176979027957934,0.0147863176007023,0.0503161206225766,RNA,C4vsC1_rna,ACZ81_06375,tier1:gene_id
ACZ81_RS06380,1.2274931035115937,51.21757745468673,0.0550693930048981,0.1357115508204247,RNA,C4vsC1_rna,ACZ81_06380,tier1:gene_id
ACZ81_RS06385,1.1622764806821078,2495.253723141807,0.0034320752346127,0.01599243419427,RNA,C4vsC1_rna,ACZ81_06385,tier1:gene_id
ACZ81_RS06390,1.3642437064674429,165.8093089164084,0.000293871512048,0.0021752998271893,RNA,C4vsC1_rna,ACZ81_06390,tier1:gene_id
ACZ81_RS06395,-1.4251724021737069,743.1131337589048,2.7365123285412284e-05,0.0003024486904161,RNA,C4vsC1_rna,ACZ81_06395,tier1:gene_id
ACZ81_RS06400,-1.433577709680192,497.05182013432704,4.824367499019963e-12,3.0242753759481387e-10,RNA,C4vsC1_rna,ACZ81_06400,tier1:gene_id
ACZ81_RS06405,-0.7008460263695768,505.3516780664898,0.0023627887330871,0.0120086115699416,RNA,C4vsC1_rna,ACZ81_06405,tier1:gene_id
ACZ81_RS06410,0.2373866006328289,356.06828636718166,0.6559632071998573,0.7797701888254304,RNA,C4vsC1_rna,ACZ81_06410,tier1:gene_id
ACZ81_RS06415,-0.2240420947196136,650.7952044631035,0.4177029227578535,0.5855430210008764,RNA,C4vsC1_rna,ACZ81_06415,tier1:gene_id
ACZ81_RS06420,-0.423324600904933,406.3646484457011,0.0726691789876523,0.1663141734731666,RNA,C4vsC1_rna,ACZ81_06420,tier1:gene_id
ACZ81_RS06425,-0.2739544782119905,500.1150997067964,0.3406417701121335,0.5135869153287784,RNA,C4vsC1_rna,ACZ81_06425,tier1:gene_id
ACZ81_RS06430,-0.4159585891809561,2366.4782893475985,0.0883718351625379,0.1925843577795231,RNA,C4vsC1_rna,ACZ81_06430,tier1:gene_id
ACZ81_RS06435,-0.5523056020827445,2519.966707192528,0.0167905921466595,0.055443502627488,RNA,C4vsC1_rna,ACZ81_06435,tier1:gene_id
ACZ81_RS06440,-0.3217229389778923,1302.5495033593534,0.166353994636604,0.3077050375666462,RNA,C4vsC1_rna,ACZ81_06440,tier1:gene_id
ACZ81_RS06460,0.8631475154415491,4637.3270392980485,0.0011976165514598,0.0069001246888788,RNA,C4vsC1_rna,ACZ81_06460,tier1:gene_id
ACZ81_RS06470,0.405945208815604,256.4801373974618,0.3382414586833958,0.5109279865353101,RNA,C4vsC1_rna,ACZ81_06470,tier1:gene_id
ACZ81_RS06475,0.0861030326914164,400.2410634242296,0.7318684263048982,0.8310942899335555,RNA,C4vsC1_rna,ACZ81_06475,tier1:gene_id
ACZ81_RS06480,0.4573908313940539,183.3637649266508,0.3140793904286409,0.4864243905095393,RNA,C4vsC1_rna,ACZ81_06480,tier1:gene_id
ACZ81_RS06485,-1.4296259196288383,997.1223318349086,0.0025330228692673,0.0126186858085034,RNA,C4vsC1_rna,ACZ81_06485,tier1:gene_id
ACZ81_RS06490,-1.445762955775037,283.0960072080137,3.2089322339322762e-09,1.1293189581172189e-07,RNA,C4vsC1_rna,ACZ81_06490,tier1:gene_id
ACZ81_RS06495,1.252562710211841,327.4495976929936,0.0340809231029345,0.0946246806152065,RNA,C4vsC1_rna,ACZ81_06495,tier1:gene_id
ACZ81_RS06500,1.0194133284159912,2019.807923933256,0.1922417361490186,0.34478044051402,RNA,C4vsC1_rna,ACZ81_06500,tier1:gene_id
ACZ81_RS06505,-0.1383898483305567,225.6931431579623,0.6145888575344288,0.7490068336658956,RNA,C4vsC1_rna,ACZ81_06505,tier1:gene_id
ACZ81_RS06510,0.7591298946645761,98.74484106041793,0.0285308403997807,0.083247804861033,RNA,C4vsC1_rna,ACZ81_06510,tier1:gene_id
ACZ81_RS06515,0.1199803413599141,109.86227697558851,0.6848850973934226,0.7989994215592938,RNA,C4vsC1_rna,ACZ81_06515,tier1:gene_id
ACZ81_RS06520,0.4403579058471172,363.2064462761756,0.3034633121640888,0.4757192571443031,RNA,C4vsC1_rna,ACZ81_06520,tier1:gene_id
ACZ81_RS06525,0.2497165071866802,1729.097038000852,0.2266539891328384,0.3876111698213758,RNA,C4vsC1_rna,ACZ81_06525,tier1:gene_id
ACZ81_RS06530,-0.7296243353944797,426.7845854154905,0.1137183074341356,0.2330121805034486,RNA,C4vsC1_rna,ACZ81_06530,tier1:gene_id
ACZ81_RS06535,-0.1756094056351496,220.0171930276624,0.6472732152427831,0.7739354865455417,RNA,C4vsC1_rna,ACZ81_06535,tier1:gene_id
ACZ81_RS06540,-0.8555189104782032,91.66113119262846,0.0345476156504275,0.0956556480258905,RNA,C4vsC1_rna,ACZ81_06540,tier1:gene_id
ACZ81_RS06545,-1.335176569768155,1098.4603613081524,6.3578861063169055e-06,8.88774880088621e-05,RNA,C4vsC1_rna,ACZ81_06545,tier1:gene_id
ACZ81_RS06550,-0.3054193056314788,123.08449187518131,0.3673816765715736,0.539310386536829,RNA,C4vsC1_rna,ACZ81_06550,tier1:gene_id
ACZ81_RS06555,-0.6422540061206777,145.86739291955664,0.033829041235825,0.0941207444092442,RNA,C4vsC1_rna,ACZ81_06555,tier1:gene_id
ACZ81_RS06560,-1.8474922956171704,488.9325241197907,6.819704551317047e-09,2.154382256683779e-07,RNA,C4vsC1_rna,ACZ81_06560,tier1:gene_id
ACZ81_RS06565,-2.999631957413254,365.6527654585139,4.64207297465884e-09,1.5783048113840058e-07,RNA,C4vsC1_rna,ACZ81_06565,tier1:gene_id
ACZ81_RS06570,-0.9055784157475644,756.8119426597478,0.0191345140600385,0.0615618848507416,RNA,C4vsC1_rna,ACZ81_06570,tier1:gene_id
ACZ81_RS06575,0.7636433389150942,1189.2497568520928,0.0230916131493598,0.071594707847938,RNA,C4vsC1_rna,ACZ81_06575,tier1:gene_id
ACZ81_RS06585,0.6832430577653684,61.07960839537812,0.2335437757498098,0.395970919098897,RNA,C4vsC1_rna,ACZ81_06585,tier1:gene_id
ACZ81_RS06590,0.3920166972225675,3502.883197328335,0.1890501837743999,0.3400907647055962,RNA,C4vsC1_rna,ACZ81_06590,tier1:gene_id
ACZ81_RS06595,0.7132792257092985,2686.911225744117,0.0363581916017828,0.0990285571665667,RNA,C4vsC1_rna,ACZ81_06595,tier1:gene_id
ACZ81_RS06600,0.744840134736155,91.03874382484872,0.0213486849582443,0.0674237721926556,RNA,C4vsC1_rna,ACZ81_06600,tier1:gene_id
ACZ81_RS06605,-0.6126127978258601,189.88984683273384,0.0279228348826124,0.0820706326366602,RNA,C4vsC1_rna,ACZ81_06605,tier1:gene_id
ACZ81_RS06610,0.0866962795760726,429.27043964034857,0.7359594222878866,0.8338517939053942,RNA,C4vsC1_rna,ACZ81_06610,tier1:gene_id
ACZ81_RS06615,0.7089609439798346,342.56862245331274,0.0298229481339178,0.0859552212020677,RNA,C4vsC1_rna,ACZ81_06615,tier1:gene_id
ACZ81_RS06620,0.077458607584444,151.67811086019117,0.7731612234153982,0.8597678869003063,RNA,C4vsC1_rna,ACZ81_06620,tier1:gene_id
ACZ81_RS06625,0.3419916516079029,2136.525418609139,0.1799659757866754,0.3274482969869124,RNA,C4vsC1_rna,ACZ81_06625,tier1:gene_id
ACZ81_RS06630,-1.9553561818105605,635.6268717303016,2.7242991633608114e-06,4.303105607639203e-05,RNA,C4vsC1_rna,ACZ81_06630,tier1:gene_id
ACZ81_RS06635,-0.5595546229222566,950.7010051374368,0.0177886784781321,0.0579033095250775,RNA,C4vsC1_rna,ACZ81_06635,tier1:gene_id
ACZ81_RS06640,-0.0058666738624519,514.9935928092157,0.9879842450393526,0.992054815235614,RNA,C4vsC1_rna,ACZ81_06640,tier1:gene_id
ACZ81_RS06645,0.5148606929304548,365.823767582366,0.1027023262357475,0.2160680298153221,RNA,C4vsC1_rna,ACZ81_06645,tier1:gene_id
ACZ81_RS06650,-2.3359104662316725,685.0695311056023,0.005659957342989,0.0237528753766444,RNA,C4vsC1_rna,ACZ81_06650,tier1:gene_id
ACZ81_RS06655,-1.1556243788848608,263.4455699884669,0.0255994459183503,0.0771367654641667,RNA,C4vsC1_rna,ACZ81_06655,tier1:gene_id
ACZ81_RS06660,-0.1358970873170548,463.8423362118504,0.6922611082152037,0.8047961652157047,RNA,C4vsC1_rna,ACZ81_06660,tier1:gene_id
ACZ81_RS06665,0.2017374850775113,1063.2572853938798,0.4487711873938627,0.6115726915163646,RNA,C4vsC1_rna,ACZ81_06665,tier1:gene_id
ACZ81_RS06670,-0.4023761781115684,844.705381917418,0.1232754544521899,0.247166978142022,RNA,C4vsC1_rna,ACZ81_06670,tier1:gene_id
ACZ81_RS06675,-0.890113100497887,358.08602324626696,0.005711136297837,0.0239176188172467,RNA,C4vsC1_rna,ACZ81_06675,tier1:gene_id
ACZ81_RS06680,-0.0416638314532025,142.5397084711462,0.8808005793384613,0.9331487679628112,RNA,C4vsC1_rna,ACZ81_06680,tier1:gene_id
ACZ81_RS06685,0.2760794182922712,337.9605969307028,0.6063129553216633,0.7416242612044247,RNA,C4vsC1_rna,ACZ81_06685,tier1:gene_id
ACZ81_RS06690,0.3945842736300108,584.5625995588674,0.1120639178768521,0.2304461499343571,RNA,C4vsC1_rna,ACZ81_06690,tier1:gene_id
ACZ81_RS06695,0.0326451654275009,246.8722224880836,0.9126207235931524,0.9500348580839976,RNA,C4vsC1_rna,ACZ81_06695,tier1:gene_id
ACZ81_RS06700,0.603489567474419,206.21988580604287,0.0479167905269638,0.1227470660470017,RNA,C4vsC1_rna,ACZ81_06700,tier1:gene_id
ACZ81_RS06705,1.2996827484241738,4596.89715711622,0.038979181681051,0.1047916625224145,RNA,C4vsC1_rna,ACZ81_06705,tier1:gene_id
ACZ81_RS06710,0.7524846625469391,76.21609342846925,0.0840268373371638,0.1853302206688847,RNA,C4vsC1_rna,ACZ81_06710,tier1:gene_id
ACZ81_RS06715,0.3445634397808854,55.31807014598255,0.4738662083501757,0.6318216111335676,RNA,C4vsC1_rna,ACZ81_06715,tier1:gene_id
ACZ81_RS06720,0.3853545781362207,66.55244273824691,0.4106185129308744,0.5778328564990067,RNA,C4vsC1_rna,ACZ81_06720,tier1:gene_id
ACZ81_RS06725,-0.95912919444866,109.80575093457756,0.0041756527467196,0.018572859002039,RNA,C4vsC1_rna,ACZ81_06725,tier1:gene_id
ACZ81_RS06730,-0.7768756958490262,53.03508025302855,0.1593614664301367,0.2982081172190805,RNA,C4vsC1_rna,ACZ81_06730,tier1:gene_id
ACZ81_RS06735,0.4585497290348526,26.929370916338264,0.3801177517951329,0.5503545363414195,RNA,C4vsC1_rna,ACZ81_06735,tier1:gene_id
ACZ81_RS06740,0.0256731770895795,110.82654734617692,0.9378588541481576,0.964050659196108,RNA,C4vsC1_rna,ACZ81_06740,tier1:gene_id
ACZ81_RS06750,-0.5822125085436983,3095.204546049351,0.0347492786055848,0.0960813961168894,RNA,C4vsC1_rna,ACZ81_06750,tier1:gene_id
ACZ81_RS06755,0.3529601300179575,3485.9921567261927,0.4561377005082481,0.6172089222391539,RNA,C4vsC1_rna,ACZ81_06755,tier1:gene_id
ACZ81_RS06760,-1.791026269587262,10731.824434118134,3.973952707198225e-05,0.0004184645212934,RNA,C4vsC1_rna,ACZ81_06760,tier1:gene_id
ACZ81_RS06785,0.7704218483693142,1588.7694326313865,0.0030773462893741,0.0145937509609561,RNA,C4vsC1_rna,ACZ81_06785,tier1:gene_id
ACZ81_RS06815,0.1440908954636073,1271.3657262090646,0.7208486395346381,0.8230201484214643,RNA,C4vsC1_rna,ACZ81_06815,tier1:gene_id
ACZ81_RS06820,0.4973539483214397,77.85232875794986,0.3114251066292329,0.4833414034028945,RNA,C4vsC1_rna,ACZ81_06820,tier1:gene_id
ACZ81_RS06825,1.207835394024198,271.6098023625638,0.0594579599925875,0.1429528628729422,RNA,C4vsC1_rna,ACZ81_06825,tier1:gene_id
ACZ81_RS06830,-0.6497223389759466,137.9679903715056,0.0415085899942094,0.110183294638597,RNA,C4vsC1_rna,ACZ81_06830,tier1:gene_id
ACZ81_RS06835,-0.688031809502978,921.6008333275976,0.0040010019094418,0.0179409723730117,RNA,C4vsC1_rna,ACZ81_06835,tier1:gene_id
ACZ81_RS06840,-0.7206264636262385,688.008874618059,0.0416310720231443,0.1102467729088151,RNA,C4vsC1_rna,ACZ81_06840,tier1:gene_id
ACZ81_RS06845,-0.4953711908961157,1318.2269311845705,0.1050257559347571,0.2198035121597526,RNA,C4vsC1_rna,ACZ81_06845,tier1:gene_id
ACZ81_RS06850,-0.727833238201754,752.9021698824808,0.0002709436011471,0.0020394478945636,RNA,C4vsC1_rna,ACZ81_06850,tier1:gene_id
ACZ81_RS06855,-1.0286657187078845,363.0364892715507,0.0108905032466056,0.0396126011109536,RNA,C4vsC1_rna,ACZ81_06855,tier1:gene_id
ACZ81_RS06860,0.6886024152574288,285.36738941752094,0.0054653488842615,0.0231541496553929,RNA,C4vsC1_rna,ACZ81_06860,tier1:gene_id
ACZ81_RS06865,0.2783450908783876,243.91727605211025,0.3732004340776232,0.5438721908897292,RNA,C4vsC1_rna,ACZ81_06865,tier1:gene_id
ACZ81_RS06870,-0.2341422046472566,1035.8002024912132,0.4408516085118942,0.6059255407159025,RNA,C4vsC1_rna,ACZ81_06870,tier1:gene_id
ACZ81_RS06875,0.4624186082705214,742.7523367850964,0.360061414501173,0.5328537052669519,RNA,C4vsC1_rna,ACZ81_06875,tier1:gene_id
ACZ81_RS06880,-1.3584878634264108,169.96697844076536,0.0319057294995131,0.0902084473235002,RNA,C4vsC1_rna,ACZ81_06880,tier1:gene_id
ACZ81_RS06885,-0.0703690961682994,270.7892846588384,0.8530247232828865,0.9177621855218396,RNA,C4vsC1_rna,ACZ81_06885,tier1:gene_id
ACZ81_RS06890,-0.5233319129160617,472.4521157914445,0.2542509923638087,0.4200374804964282,RNA,C4vsC1_rna,ACZ81_06890,tier1:gene_id
ACZ81_RS06895,-0.6511582360934057,767.005079472843,0.1747171616950337,0.3205145188479539,RNA,C4vsC1_rna,ACZ81_06895,tier1:gene_id
ACZ81_RS06900,-0.9599089215280988,820.6422147261998,0.0293063404820218,0.0848931682410625,RNA,C4vsC1_rna,ACZ81_06900,tier1:gene_id
ACZ81_RS06905,-0.2124966184301327,736.086648503375,0.5285785435315147,0.6781762445309999,RNA,C4vsC1_rna,ACZ81_06905,tier1:gene_id
ACZ81_RS06910,-0.1368351115769102,232.4577837685543,0.6482208103810707,0.7744675078168123,RNA,C4vsC1_rna,ACZ81_06910,tier1:gene_id
ACZ81_RS06915,-0.9588779278842102,900.8686423959206,0.0069714585266897,0.0279694916090791,RNA,C4vsC1_rna,ACZ81_06915,tier1:gene_id
ACZ81_RS06920,-0.0160941975202277,1557.511802993234,0.9617473747158009,0.9770890660074172,RNA,C4vsC1_rna,ACZ81_06920,tier1:gene_id
ACZ81_RS06925,-0.6725884109199075,947.3421885822972,0.0100447238832033,0.0371047226306598,RNA,C4vsC1_rna,ACZ81_06925,tier1:gene_id
ACZ81_RS06930,-0.378675238010716,186.57919385398304,0.2787267471110114,0.4483767880550833,RNA,C4vsC1_rna,ACZ81_06930,tier1:gene_id
ACZ81_RS06935,-0.1295698933171551,1474.7549373906077,0.6697806676466556,0.7889489250142049,RNA,C4vsC1_rna,ACZ81_06935,tier1:gene_id
ACZ81_RS06940,-0.5593912006505379,1730.6428586181405,0.0001706125410615,0.0014084311002855,RNA,C4vsC1_rna,ACZ81_06940,tier1:gene_id
ACZ81_RS06945,-0.2970490722959665,1416.6949622794275,0.5262258605307276,0.6762389982220626,RNA,C4vsC1_rna,ACZ81_06945,tier1:gene_id
ACZ81_RS06950,0.0889873097317111,2128.8051396562223,0.8500863502294718,0.9158287962192913,RNA,C4vsC1_rna,ACZ81_06950,tier1:gene_id
ACZ81_RS06955,0.071496901748287,7423.76382071958,0.9037205869420176,0.945507829180418,RNA,C4vsC1_rna,ACZ81_06955,tier1:gene_id
ACZ81_RS06960,1.20159576322766,237.6487178721057,0.0048863770330228,0.0211251558798358,RNA,C4vsC1_rna,ACZ81_06960,tier1:gene_id
ACZ81_RS06965,1.3790352910447892,874.5359126532679,0.0001835070106216,0.0014873335891195,RNA,C4vsC1_rna,ACZ81_06965,tier1:gene_id
ACZ81_RS06970,0.5471199526393971,304.2306541028313,0.0497299931753792,0.1254836940346176,RNA,C4vsC1_rna,ACZ81_06970,tier1:gene_id
ACZ81_RS06975,0.6997239007911288,956.532282385028,0.1242318009678529,0.2488357391328137,RNA,C4vsC1_rna,ACZ81_06975,tier1:gene_id
ACZ81_RS06980,-0.7243602881888402,558.2115835212286,0.0851366879589077,0.1872633728569834,RNA,C4vsC1_rna,ACZ81_06980,tier1:gene_id
ACZ81_RS06985,-2.150244843398748,1341.391778329094,0.0040504944219626,0.0181165926654563,RNA,C4vsC1_rna,ACZ81_06985,tier1:gene_id
ACZ81_RS06990,-0.0709747202021161,542.2490527726683,0.7197054724903935,0.8229661070129397,RNA,C4vsC1_rna,ACZ81_06990,tier1:gene_id
ACZ81_RS06995,-0.8402832236204385,251.5525127789724,0.0312854229234323,0.0892090382152172,RNA,C4vsC1_rna,ACZ81_06995,tier1:gene_id
ACZ81_RS07000,0.5893441108115899,1056.1970361240722,0.0379039012045672,0.1026116407778163,RNA,C4vsC1_rna,ACZ81_07000,tier1:gene_id
ACZ81_RS07005,0.8152844252350371,105.16461228987912,0.0087540771730877,0.0333536159719164,RNA,C4vsC1_rna,ACZ81_07005,tier1:gene_id
ACZ81_RS07010,0.0647521547335065,192.3511051567535,0.9042655883761874,0.945507829180418,RNA,C4vsC1_rna,ACZ81_07010,tier1:gene_id
ACZ81_RS07015,0.0993016251844576,166.46181849259756,0.7342061914097259,0.8325707292074109,RNA,C4vsC1_rna,ACZ81_07015,tier1:gene_id
ACZ81_RS07020,-0.0904463227767995,334.82746930477026,0.7792833104958264,0.8638586386073128,RNA,C4vsC1_rna,ACZ81_07020,tier1:gene_id
ACZ81_RS07025,0.9342848631670232,459.04945770623016,0.0154247781657286,0.0516758759393664,RNA,C4vsC1_rna,ACZ81_07025,tier1:gene_id
ACZ81_RS07030,-0.67645971600043,1350.1888567473895,0.0006001818999464,0.0039604108266202,RNA,C4vsC1_rna,ACZ81_07030,tier1:gene_id
ACZ81_RS07035,0.5242957521316799,362.345191099012,0.0402625434622664,0.1075454889285039,RNA,C4vsC1_rna,ACZ81_07035,tier1:gene_id
ACZ81_RS07040,1.18700332969048,481.24598242590696,0.0737111110570461,0.1679324120163935,RNA,C4vsC1_rna,ACZ81_07040,tier1:gene_id
ACZ81_RS07045,0.0167804371955374,8023.788685119629,0.9714683045318346,0.9834798985066164,RNA,C4vsC1_rna,ACZ81_07045,tier1:gene_id
ACZ81_RS07050,0.7068265370563194,1989.07196758289,0.0574774527064115,0.1400118641518658,RNA,C4vsC1_rna,ACZ81_07050,tier1:gene_id
ACZ81_RS07055,1.3572401363353574,509.2946407550437,2.662903221234554e-06,4.239511001425806e-05,RNA,C4vsC1_rna,ACZ81_07055,tier1:gene_id
ACZ81_RS07060,-0.0557524723288124,876.612701228089,0.7523538024951988,0.8444911331347226,RNA,C4vsC1_rna,ACZ81_07060,tier1:gene_id
ACZ81_RS07065,0.2801049925809171,4672.560662614867,0.3587173471183164,0.5316490567560714,RNA,C4vsC1_rna,ACZ81_07065,tier1:gene_id
ACZ81_RS07070,1.66961429056121,2239.017784799052,0.0008024136653243,0.0050222833467726,RNA,C4vsC1_rna,ACZ81_07070,tier1:gene_id
ACZ81_RS07075,0.9300917557067988,100.23984380796983,0.0264937139951298,0.0789107502215746,RNA,C4vsC1_rna,ACZ81_07075,tier1:gene_id
ACZ81_RS07080,1.434834706127731,802.9675657800418,3.3263347742989296e-08,8.837917294362452e-07,RNA,C4vsC1_rna,ACZ81_07080,tier1:gene_id
ACZ81_RS07085,1.1727475477860017,2336.894523769478,0.0397785681504301,0.1065364588915391,RNA,C4vsC1_rna,ACZ81_07085,tier1:gene_id
ACZ81_RS07090,0.5302036755429891,2719.735875298492,0.3745581170168422,0.544861191251476,RNA,C4vsC1_rna,ACZ81_07090,tier1:gene_id
ACZ81_RS07095,1.1762889157995111,641.4690809768131,0.0031420224898418,0.0148478141687225,RNA,C4vsC1_rna,ACZ81_07095,tier1:gene_id
ACZ81_RS07105,-0.1476204552614296,238.7939565861506,0.7441974346512397,0.8396288267212524,RNA,C4vsC1_rna,ACZ81_07105,tier1:gene_id
ACZ81_RS07110,0.232855021513024,323.85846012086387,0.4377122512717486,0.6030568516834669,RNA,C4vsC1_rna,ACZ81_07110,tier1:gene_id
ACZ81_RS07115,-0.2346573188812449,141.67862627421428,0.4321851838141883,0.5981120929501634,RNA,C4vsC1_rna,ACZ81_07115,tier1:gene_id
ACZ81_RS07120,0.6184426175270449,180.62140737496009,0.0631854304273552,0.1499112636750735,RNA,C4vsC1_rna,ACZ81_07120,tier1:gene_id
ACZ81_RS07125,0.4547068337505305,4038.429322632024,0.6473189025126296,0.7739354865455417,RNA,C4vsC1_rna,ACZ81_07125,tier1:gene_id
ACZ81_RS07130,-0.3032314656807787,864.5752550429468,0.2036764613221158,0.3591867968458587,RNA,C4vsC1_rna,ACZ81_07130,tier1:gene_id
ACZ81_RS07135,-0.2527136906516053,973.8797781959004,0.3753750971363953,0.545851717909104,RNA,C4vsC1_rna,ACZ81_07135,tier1:gene_id
ACZ81_RS07140,0.6374505987015088,214.1061711407945,0.0383290353560092,0.1034832367754434,RNA,C4vsC1_rna,ACZ81_07140,tier1:gene_id
ACZ81_RS07145,0.3751411184324573,79.67098453879721,0.3532924933543492,0.5255504202215977,RNA,C4vsC1_rna,ACZ81_07145,tier1:gene_id
ACZ81_RS07150,0.5474525080516777,831.7795141909878,0.0035024791687076,0.01628267256646,RNA,C4vsC1_rna,ACZ81_07150,tier1:gene_id
ACZ81_RS07155,-0.7656805120570883,385.20291521730405,0.0931009957307547,0.2002794610572589,RNA,C4vsC1_rna,ACZ81_07155,tier1:gene_id
ACZ81_RS07160,-0.996751149508042,2620.4446118002074,0.0009397725582937,0.0057107573225847,RNA,C4vsC1_rna,ACZ81_07160,tier1:gene_id
ACZ81_RS07165,0.2546299494593398,4563.904867990522,0.0876991948592638,0.1914304514555856,RNA,C4vsC1_rna,ACZ81_07165,tier1:gene_id
ACZ81_RS07170,-0.4569806234453827,782.147107317622,0.0371632858502027,0.1009481178534577,RNA,C4vsC1_rna,ACZ81_07170,tier1:gene_id
ACZ81_RS07175,0.4176184530967046,158.99191513464402,0.4214902409309692,0.589096575397107,RNA,C4vsC1_rna,ACZ81_07175,tier1:gene_id
ACZ81_RS07180,-0.875234111362493,200.23573873800768,0.0193673328608949,0.0622379155815196,RNA,C4vsC1_rna,ACZ81_07180,tier1:gene_id
ACZ81_RS07185,-0.9402411411060968,28.63560649251068,0.2230686215883489,0.3839051928811708,RNA,C4vsC1_rna,ACZ81_07185,tier1:gene_id
ACZ81_RS07190,-1.2171305961830552,297.6433234489914,0.0241811708382945,0.0740006540070462,RNA,C4vsC1_rna,ACZ81_07190,tier1:gene_id
ACZ81_RS07200,1.4892943801084728,2038.164902346315,0.000365047102143,0.0026388025534522,RNA,C4vsC1_rna,ACZ81_07200,tier1:gene_id
ACZ81_RS07205,0.01427367118103,134.43541244148017,0.9582460900885964,0.975339836300768,RNA,C4vsC1_rna,ACZ81_07205,tier1:gene_id
ACZ81_RS07210,0.2186001416442504,166.60845972769667,0.7066177795888481,0.8145430507912965,RNA,C4vsC1_rna,ACZ81_07210,tier1:gene_id
ACZ81_RS07215,1.0305949845309343,70.7500471872127,0.0087146218210558,0.0332348505190837,RNA,C4vsC1_rna,ACZ81_07215,tier1:gene_id
ACZ81_RS07220,-1.380333646227073,57.7270264248321,0.0092715324819257,0.0348943605229699,RNA,C4vsC1_rna,ACZ81_07220,tier1:gene_id
ACZ81_RS07225,-1.9693928636782243,614.317411277191,0.0010978375817743,0.0064487911831312,RNA,C4vsC1_rna,ACZ81_07225,tier1:gene_id
ACZ81_RS07230,0.4810952462509175,346.8201728853894,0.1411305912041565,0.2735342666237081,RNA,C4vsC1_rna,ACZ81_07230,tier1:gene_id
ACZ81_RS07275,0.4582909330899539,189.18991545148447,0.2005424697308147,0.3558497959133254,RNA,C4vsC1_rna,ACZ81_07275,tier1:gene_id
ACZ81_RS07280,0.4448502628874841,715.9341182609487,0.2677440233356869,0.4361303376462752,RNA,C4vsC1_rna,ACZ81_07280,tier1:gene_id
ACZ81_RS07285,1.5312743904511856,519.1860872403039,0.0437543879897001,0.1143600030063043,RNA,C4vsC1_rna,ACZ81_07285,tier1:gene_id
ACZ81_RS07290,1.480175062388803,4406.818181279024,0.0018766072287329,0.0097905698331293,RNA,C4vsC1_rna,ACZ81_07290,tier1:gene_id
ACZ81_RS07295,-0.0101562480125187,1146.9034255836646,0.957272343169836,0.9750131101288098,RNA,C4vsC1_rna,ACZ81_07295,tier1:gene_id
ACZ81_RS07300,0.244318353062576,542.0983835561746,0.4615459852382734,0.6208933605770768,RNA,C4vsC1_rna,ACZ81_07300,tier1:gene_id
ACZ81_RS07305,0.8181470296192996,3282.835038497961,0.077421678671457,0.1735283658267517,RNA,C4vsC1_rna,ACZ81_07305,tier1:gene_id
ACZ81_RS07315,2.388209210336996,954.149008074443,1.2445787145296193e-07,2.954585682066765e-06,RNA,C4vsC1_rna,ACZ81_07315,tier1:gene_id
ACZ81_RS07320,0.0459302383225867,130.3173987137966,0.88615061045301,0.9353423438930482,RNA,C4vsC1_rna,ACZ81_07320,tier1:gene_id
ACZ81_RS07325,2.0456924945772164,1572.21369512384,0.000608881696096,0.0040112206317526,RNA,C4vsC1_rna,ACZ81_07325,tier1:gene_id
ACZ81_RS07330,-0.7023314337868866,1081.3359023955236,0.0361139754018293,0.0987656914193179,RNA,C4vsC1_rna,ACZ81_07330,tier1:gene_id
ACZ81_RS07335,-0.3878573518420786,134.69477230682404,0.4423339152247275,0.6076252915227475,RNA,C4vsC1_rna,ACZ81_07335,tier1:gene_id
ACZ81_RS07340,-0.2189953375212445,810.795961353387,0.4253879483575888,0.5927948762801829,RNA,C4vsC1_rna,ACZ81_07340,tier1:gene_id
ACZ81_RS07345,-0.0852992475430377,291.76340553136055,0.7889545111943252,0.8703012094890384,RNA,C4vsC1_rna,ACZ81_07345,tier1:gene_id
ACZ81_RS07350,-0.3933652716195088,1063.9117969213523,0.4138962291058233,0.581222146017698,RNA,C4vsC1_rna,ACZ81_07350,tier1:gene_id
ACZ81_RS07355,-0.1864358176067672,333.1994834497243,0.8637360606677484,0.9249068366486718,RNA,C4vsC1_rna,ACZ81_07355,tier1:gene_id
ACZ81_RS07360,0.3511399758464425,240.58283961772872,0.1570974658819472,0.2952428147808282,RNA,C4vsC1_rna,ACZ81_07360,tier1:gene_id
ACZ81_RS07365,-0.0085864677859823,114.8678682283597,0.9787817051297186,0.9878923776051398,RNA,C4vsC1_rna,ACZ81_07365,tier1:gene_id
ACZ81_RS07370,0.6975262408633658,32.423819859121494,0.1830111816833183,0.3317008118908348,RNA,C4vsC1_rna,ACZ81_07370,tier1:gene_id
ACZ81_RS07375,2.538535048430735,710.1198612270816,1.1072832549082585e-12,8.710628271944964e-11,RNA,C4vsC1_rna,ACZ81_07375,tier1:gene_id
ACZ81_RS07380,0.3664954463716432,18636.944890725,0.4432540612233375,0.6077700935160733,RNA,C4vsC1_rna,ACZ81_07380,tier1:gene_id
ACZ81_RS07385,4.087108050578794,37.11582073109124,4.847222382185131e-05,0.0004999243238387,RNA,C4vsC1_rna,ACZ81_07385,tier1:gene_id
ACZ81_RS07390,2.572747763406665,52.5538861148089,0.0009065281550693,0.0055484031042609,RNA,C4vsC1_rna,ACZ81_07390,tier1:gene_id
ACZ81_RS07395,5.621429155673402,153.76328024138172,2.0668072079050712e-09,7.749561231883313e-08,RNA,C4vsC1_rna,ACZ81_07395,tier1:gene_id
ACZ81_RS07400,0.4709355142919425,63.09782064788313,0.3489015482549458,0.5223103302103338,RNA,C4vsC1_rna,ACZ81_07400,tier1:gene_id
ACZ81_RS07405,-0.0436496471168765,82.76051506686807,0.9502966024976814,0.9716629547240496,RNA,C4vsC1_rna,ACZ81_07405,tier1:gene_id
ACZ81_RS07410,-1.091786525744039,774.5147204834216,0.0321149842158968,0.0904088894488781,RNA,C4vsC1_rna,ACZ81_07410,tier1:gene_id
ACZ81_RS07415,-0.3611555262122515,1189.421636121648,0.2504181496303805,0.415315442283184,RNA,C4vsC1_rna,ACZ81_07415,tier1:gene_id
ACZ81_RS07420,-0.2969167707197845,1834.361449753853,0.3463752936878904,0.5200814664205899,RNA,C4vsC1_rna,ACZ81_07420,tier1:gene_id
ACZ81_RS07425,0.3236724097911321,2482.270447297818,0.4427858123672346,0.6076252915227475,RNA,C4vsC1_rna,ACZ81_07425,tier1:gene_id
ACZ81_RS07430,-0.7472605501464515,546.7677971141003,0.0533110778236425,0.1326001514125567,RNA,C4vsC1_rna,ACZ81_07430,tier1:gene_id
ACZ81_RS07435,0.9898484923331652,852.0700239587469,0.0035912932757988,0.0165612283017299,RNA,C4vsC1_rna,ACZ81_07435,tier1:gene_id
ACZ81_RS07440,1.7420677761198704,719.2830877916501,4.3180464596252415e-08,1.11051297410362e-06,RNA,C4vsC1_rna,ACZ81_07440,tier1:gene_id
ACZ81_RS07445,1.689535607972229,1392.2432618467255,1.0284229868504337e-07,2.470678457032299e-06,RNA,C4vsC1_rna,ACZ81_07445,tier1:gene_id
ACZ81_RS07450,-0.2261746646985576,156.14040097171585,0.5347844873444716,0.6830803448666093,RNA,C4vsC1_rna,ACZ81_07450,tier1:gene_id
ACZ81_RS07455,0.9796958621805792,14.996885626334798,0.1500781082341563,0.2863116358703925,RNA,C4vsC1_rna,ACZ81_07455,tier1:gene_id
ACZ81_RS07460,0.4500814342911804,246.29961709230665,0.1835385511164812,0.3324409332186559,RNA,C4vsC1_rna,ACZ81_07460,tier1:gene_id
ACZ81_RS07465,-0.1120828258730613,852.5428135049781,0.6793525557203237,0.7962496212532688,RNA,C4vsC1_rna,ACZ81_07465,tier1:gene_id
ACZ81_RS07470,0.0058206784612176,314.5745652834756,0.9811546100520444,0.9889448888493196,RNA,C4vsC1_rna,ACZ81_07470,tier1:gene_id
ACZ81_RS07475,0.3368701756613209,207.37032439930783,0.3330731935360153,0.5059786643190054,RNA,C4vsC1_rna,ACZ81_07475,tier1:gene_id
ACZ81_RS07480,0.6064441263429297,202.83548081518,0.0543635995764317,0.1344677937735168,RNA,C4vsC1_rna,ACZ81_07480,tier1:gene_id
ACZ81_RS07485,1.8318280270486649,70.7216771500328,0.0015010169628108,0.0082044687395058,RNA,C4vsC1_rna,ACZ81_07485,tier1:gene_id
ACZ81_RS07490,-1.92114329050387,6958.163340127723,3.170785787954377e-06,4.9116573672868577e-05,RNA,C4vsC1_rna,ACZ81_07490,tier1:gene_id
ACZ81_RS07495,-2.17519512257488,741.4064926585392,0.000179786344544,0.0014601271544753,RNA,C4vsC1_rna,ACZ81_07495,tier1:gene_id
ACZ81_RS07500,-1.1251029143698357,224.367935873228,0.0070426152143869,0.0281273818793522,RNA,C4vsC1_rna,ACZ81_07500,tier1:gene_id
ACZ81_RS07505,-0.3644847959857377,348.0965338016675,0.3066345132351959,0.4792433451887831,RNA,C4vsC1_rna,ACZ81_07505,tier1:gene_id
ACZ81_RS07525,-0.4019692718873247,43.80366558098065,0.4574899108403526,0.6182046218563471,RNA,C4vsC1_rna,ACZ81_07525,tier1:gene_id
ACZ81_RS07530,-0.4117865760952689,651.6725862161294,0.0563768946800894,0.1379976721929403,RNA,C4vsC1_rna,ACZ81_07530,tier1:gene_id
ACZ81_RS07535,-0.427373476591477,7.699022579591689,0.6345640055458875,0.7618553425634605,RNA,C4vsC1_rna,ACZ81_07535,tier1:gene_id
ACZ81_RS07540,0.094916473431814,7.657737069709304,0.9206318380132912,0.9553996208249677,RNA,C4vsC1_rna,ACZ81_07540,tier1:gene_id
ACZ81_RS07545,-0.7883791608884833,68.90361964393915,0.0174932460084858,0.0573250930749514,RNA,C4vsC1_rna,ACZ81_07545,tier1:gene_id
ACZ81_RS07555,0.9444757103891352,145.1477525936569,0.0214326259855642,0.0674942664474756,RNA,C4vsC1_rna,ACZ81_07555,tier1:gene_id
ACZ81_RS07560,0.2592375683589872,1.3155587591568871,0.9197783604440374,0.9547608750585972,RNA,C4vsC1_rna,ACZ81_07560,tier1:gene_id
ACZ81_RS07565,-1.171237937208253,52.795189508736,0.0223540182066434,0.0697389743740694,RNA,C4vsC1_rna,ACZ81_07565,tier1:gene_id
ACZ81_RS07570,-1.29651265582819,62.62404713325106,0.0012879770570656,0.0072706804553049,RNA,C4vsC1_rna,ACZ81_RS07570,locus_tag:gene_id
ACZ81_RS07575,-0.924208164527487,139.8545640695215,0.0044407962953943,0.0195356082643884,RNA,C4vsC1_rna,ACZ81_07575,tier1:gene_id
ACZ81_RS07580,0.7944053527143721,130.3951344107266,0.0644089880756095,0.1519293150416717,RNA,C4vsC1_rna,,unresolved
ACZ81_RS07585,-0.3398066247317606,227.4221717913625,0.1071996946103869,0.2228420594698821,RNA,C4vsC1_rna,ACZ81_07585,tier1:gene_id
ACZ81_RS07590,0.1621689153143232,565.495488389089,0.3507782651958427,0.5243377049052612,RNA,C4vsC1_rna,ACZ81_07590,tier1:gene_id
ACZ81_RS07595,0.5459699157288336,258.42042256302483,0.0744814113607014,0.1688245324175898,RNA,C4vsC1_rna,ACZ81_07595,tier1:gene_id
ACZ81_RS07600,0.6684188607852583,156.30979136169194,0.1029117248553266,0.2163950944022906,RNA,C4vsC1_rna,ACZ81_07600,tier1:gene_id
ACZ81_RS07605,1.056248288225219,192.7288251054588,0.0007027749139462,0.0045184822992823,RNA,C4vsC1_rna,ACZ81_RS07605,locus_tag:gene_id
ACZ81_RS07615,-0.757833249423902,117.5795948768458,0.0910110740333726,0.1976693100975568,RNA,C4vsC1_rna,ACZ81_07615,tier1:gene_id
ACZ81_RS07620,1.5365714944854405,147.05850765945593,0.0005899685382517,0.0039252964767266,RNA,C4vsC1_rna,ACZ81_07620,tier1:gene_id
ACZ81_RS07625,-0.045244110814212,584.9902588129804,0.8457553774597775,0.9128788201153152,RNA,C4vsC1_rna,ACZ81_07625,tier1:gene_id
ACZ81_RS07630,-0.0895452350158704,853.9725303930109,0.5949101836710248,0.7332656395969743,RNA,C4vsC1_rna,ACZ81_07630,tier1:gene_id
ACZ81_RS07635,-0.5947829056468181,55.9521731756546,0.3348510781725277,0.5078104079484957,RNA,C4vsC1_rna,ACZ81_07635,tier1:gene_id
ACZ81_RS07640,-0.249648758546268,30.117418324918955,0.6730755513504463,0.7914935962568158,RNA,C4vsC1_rna,ACZ81_07640,tier1:gene_id
ACZ81_RS07645,-1.028443368064109,96.43817356605597,0.0736567088889519,0.1679324120163935,RNA,C4vsC1_rna,ACZ81_07645,tier1:gene_id
ACZ81_RS07650,-0.6786237385221416,59.00068252745943,0.2010431472425951,0.3561082148950515,RNA,C4vsC1_rna,ACZ81_07650,tier1:gene_id
ACZ81_RS07655,-0.4249114463360733,192.0565150971396,0.2636323562386697,0.4313593039272199,RNA,C4vsC1_rna,ACZ81_07655,tier1:gene_id
ACZ81_RS07660,-0.3140081156072168,356.8299510372434,0.1230228727346491,0.2469073363738931,RNA,C4vsC1_rna,ACZ81_07660,tier1:gene_id
ACZ81_RS07665,0.1001713925238995,96.29572353040214,0.7918493743713402,0.8727746401037959,RNA,C4vsC1_rna,ACZ81_07665,tier1:gene_id
ACZ81_RS07670,0.2809909365857732,198.2106026964903,0.2794229219425176,0.4493165382097719,RNA,C4vsC1_rna,ACZ81_07670,tier1:gene_id
ACZ81_RS07675,0.1317861220976907,229.62914207472045,0.7038536265147506,0.812621798439476,RNA,C4vsC1_rna,ACZ81_07675,tier1:gene_id
ACZ81_RS07680,0.7667130501806012,328.49596115210124,0.0076868975051122,0.0299847180077205,RNA,C4vsC1_rna,ACZ81_07680,tier1:gene_id
ACZ81_RS07685,-0.8245463626371922,31.326281905481025,0.1469142764604273,0.2810777668856625,RNA,C4vsC1_rna,ACZ81_07685,tier1:gene_id
ACZ81_RS07690,0.2187090969937868,215.35230270944035,0.6137155995174228,0.7486248054922165,RNA,C4vsC1_rna,ACZ81_07690,tier1:gene_id
ACZ81_RS07695,-0.1509307087907345,532.2681261496837,0.723082638086548,0.8241147925119405,RNA,C4vsC1_rna,ACZ81_07695,tier1:gene_id
ACZ81_RS07700,-0.8727732253074575,599.7869939958919,0.0474512391562718,0.1218006215578777,RNA,C4vsC1_rna,ACZ81_07700,tier1:gene_id
ACZ81_RS07705,-1.4933973718824476,4831.481169493688,0.0005286640697242,0.0035949156741247,RNA,C4vsC1_rna,ACZ81_07705,tier1:gene_id
ACZ81_RS07710,-1.6846198542698023,219.65322925041087,5.4100456620208e-05,0.0005412743939158,RNA,C4vsC1_rna,ACZ81_07710,tier1:gene_id
ACZ81_RS07715,-5.060376505590033,791.6713658982935,8.386219648337723e-11,4.1537670653248085e-09,RNA,C4vsC1_rna,ACZ81_07715,tier1:gene_id
ACZ81_RS07720,-0.0247332427581475,456.5540061264378,0.92770589984008,0.9588343375479318,RNA,C4vsC1_rna,ACZ81_07720,tier1:gene_id
ACZ81_RS07725,-0.1831909792519783,372.14083032822856,0.5328050545444898,0.681854506804623,RNA,C4vsC1_rna,ACZ81_07725,tier1:gene_id
ACZ81_RS07730,0.2164064622307151,220.80685754581984,0.4133017777979634,0.580793951847786,RNA,C4vsC1_rna,ACZ81_07730,tier1:gene_id
ACZ81_RS07735,-0.2517670345698978,110.15753628807886,0.5138205811555148,0.6655769973254785,RNA,C4vsC1_rna,ACZ81_07735,tier1:gene_id
ACZ81_RS07740,0.4668628494000599,4.324073809695692,0.7213709302550403,0.8230201484214643,RNA,C4vsC1_rna,ACZ81_07740,tier1:gene_id
ACZ81_RS07745,0.9563772577000478,42.97753944224354,0.0112586005287173,0.0404744671337043,RNA,C4vsC1_rna,ACZ81_07745,tier1:gene_id
ACZ81_RS07750,-0.1558145004988817,265.8534392152867,0.5089847216196042,0.6620041448472702,RNA,C4vsC1_rna,ACZ81_07750,tier1:gene_id
ACZ81_RS07755,-0.5747328195384992,67.85931547079721,0.2251474660397133,0.3863522813307656,RNA,C4vsC1_rna,ACZ81_07755,tier1:gene_id
ACZ81_RS07760,0.1169848898124909,1807.394228305213,0.8032537255001873,0.8800049689308489,RNA,C4vsC1_rna,ACZ81_07760,tier1:gene_id
ACZ81_RS07765,1.8811432087859887,96.2620101970988,0.0007512834990129,0.0047466919654169,RNA,C4vsC1_rna,ACZ81_07765,tier1:gene_id
ACZ81_RS07770,0.4647145435777162,1388.4086937227262,0.3450447597345458,0.5196394805011254,RNA,C4vsC1_rna,ACZ81_07770,tier1:gene_id
ACZ81_RS07775,-0.2844848115937469,138.16309579959008,0.5575621634016898,0.7014989862921039,RNA,C4vsC1_rna,ACZ81_07775,tier1:gene_id
ACZ81_RS07780,-0.4415085438335015,212.71423353332767,0.3109453492259072,0.4829704766141462,RNA,C4vsC1_rna,ACZ81_07780,tier1:gene_id
ACZ81_RS07785,-0.9438201955254446,71.17098549750148,0.0807535604793314,0.1798907743715035,RNA,C4vsC1_rna,ACZ81_07785,tier1:gene_id
ACZ81_RS07790,-0.4393963568750762,102.3979046956096,0.2731570782256931,0.4416255773245792,RNA,C4vsC1_rna,ACZ81_07790,tier1:gene_id
ACZ81_RS07795,-1.2867279882044618,298.9140319411868,0.0024098772413161,0.0121615440152961,RNA,C4vsC1_rna,ACZ81_07795,tier1:gene_id
ACZ81_RS07800,-1.355057411087475,977.0386747904156,0.0002646673244379,0.0020144409280976,RNA,C4vsC1_rna,ACZ81_07800,tier1:gene_id
ACZ81_RS07805,-0.6892666176934682,786.1141743329429,0.1534457442845579,0.2902924281940399,RNA,C4vsC1_rna,ACZ81_07805,tier1:gene_id
ACZ81_RS07810,0.3435785572184218,601.6145654456978,0.2336149465371608,0.395970919098897,RNA,C4vsC1_rna,ACZ81_07810,tier1:gene_id
ACZ81_RS07815,0.3656019174295351,314.0940278249432,0.2011981690075099,0.3561583157586686,RNA,C4vsC1_rna,ACZ81_07815,tier1:gene_id
ACZ81_RS07820,1.1112100163130896,120.32741428218036,0.0119170390907032,0.0422360078020329,RNA,C4vsC1_rna,ACZ81_07820,tier1:gene_id
ACZ81_RS07825,-0.1607212737082519,343.1544635105635,0.4875405103366749,0.6419335644835751,RNA,C4vsC1_rna,ACZ81_07825,tier1:gene_id
ACZ81_RS07830,0.2797243552932287,778.4659526506641,0.1391269610419716,0.2706970745394715,RNA,C4vsC1_rna,ACZ81_07830,tier1:gene_id
ACZ81_RS07835,0.2221523154499096,1758.5718194871745,0.562145508453728,0.7058928888627095,RNA,C4vsC1_rna,ACZ81_07835,tier1:gene_id
ACZ81_RS07840,-1.2599059299994178,3231.840472896214,0.000148139650046,0.0012486056218165,RNA,C4vsC1_rna,ACZ81_07840,tier1:gene_id
ACZ81_RS07845,-0.3931421274788526,855.8794495759147,0.1008136921098969,0.2127888788907683,RNA,C4vsC1_rna,ACZ81_07845,tier1:gene_id
ACZ81_RS07850,-1.7798889557777269,12753.019534990588,0.0004954146969732,0.0033984285994812,RNA,C4vsC1_rna,ACZ81_07850,tier1:gene_id
ACZ81_RS07855,1.977715870260481,68.21587199930482,0.0007188475065754,0.0045823281971156,RNA,C4vsC1_rna,ACZ81_07855,tier1:gene_id
ACZ81_RS07860,4.277992880529874,244.1015049319084,7.93649747151944e-11,3.9801534819669995e-09,RNA,C4vsC1_rna,ACZ81_07860,tier1:gene_id
ACZ81_RS07865,2.639415658217228,20.688925361381724,0.0151083428633398,0.0509366987964029,RNA,C4vsC1_rna,ACZ81_07865,tier1:gene_id
ACZ81_RS07870,0.1623025669691616,39.4618109062581,0.8645751011856687,0.9249068366486718,RNA,C4vsC1_rna,ACZ81_07870,tier1:gene_id
ACZ81_RS07875,-1.4965450057626568,152.8779987247114,0.0032744744753224,0.0153831283313741,RNA,C4vsC1_rna,ACZ81_07875,tier1:gene_id
ACZ81_RS07880,-2.593144848693976,891.3329076844201,1.8193903257521203e-08,5.1768751680266e-07,RNA,C4vsC1_rna,ACZ81_07880,tier1:gene_id
ACZ81_RS07885,-2.918882930014938,1197.9699937370617,2.3474465008966732e-08,6.585982770347869e-07,RNA,C4vsC1_rna,ACZ81_07885,tier1:gene_id
ACZ81_RS07890,-3.2048323369172285,619.3164726130535,1.3630755490849306e-12,9.943016550779528e-11,RNA,C4vsC1_rna,ACZ81_07890,tier1:gene_id
ACZ81_RS07895,-3.2714365111505224,2381.176387370811,6.8323172177939216e-15,7.61423796605256e-13,RNA,C4vsC1_rna,ACZ81_07895,tier1:gene_id
ACZ81_RS07900,-2.39062716281763,4828.362474965428,3.223016717427345e-12,2.1845606268902263e-10,RNA,C4vsC1_rna,ACZ81_07900,tier1:gene_id
ACZ81_RS07905,-1.2084291703149936,492.87221370102486,0.0002159590838522,0.0017055666228645,RNA,C4vsC1_rna,ACZ81_07905,tier1:gene_id
ACZ81_RS07910,-0.5303985510531407,149.4685743244726,0.108554142299836,0.225190909465844,RNA,C4vsC1_rna,ACZ81_07910,tier1:gene_id
ACZ81_RS07915,-1.5165746301892538,790.0840871990848,2.663293721024038e-05,0.0002968092891319,RNA,C4vsC1_rna,ACZ81_07915,tier1:gene_id
ACZ81_RS07920,-1.0213863815248736,830.0545303989005,0.0049172531910568,0.0212357586679442,RNA,C4vsC1_rna,ACZ81_07920,tier1:gene_id
ACZ81_RS07925,-0.3089093872459017,176.57381063785476,0.2521714504190864,0.4175451337521151,RNA,C4vsC1_rna,ACZ81_07925,tier1:gene_id
ACZ81_RS07930,-0.6186221158403054,416.2154931072185,0.0320116486307071,0.0903684058726857,RNA,C4vsC1_rna,ACZ81_07930,tier1:gene_id
ACZ81_RS07935,-2.053664205441033,1251.366588987186,1.3318536680361215e-05,0.0001664609631202,RNA,C4vsC1_rna,ACZ81_07935,tier1:gene_id
ACZ81_RS07945,-0.4928680214657831,5137.214496187339,0.0810071060742206,0.1803554437124158,RNA,C4vsC1_rna,ACZ81_07945,tier1:gene_id
ACZ81_RS07950,-0.7663540943617679,25608.63464397848,0.0756388523750506,0.1706753702282018,RNA,C4vsC1_rna,ACZ81_07950,tier1:gene_id
ACZ81_RS07955,-0.844431459561029,6131.473070993148,0.0129335872227786,0.0450821476436037,RNA,C4vsC1_rna,ACZ81_07955,tier1:gene_id
ACZ81_RS07960,-0.6506629476875796,7598.599258609663,0.1151886509575905,0.2355437653628202,RNA,C4vsC1_rna,ACZ81_07960,tier1:gene_id
ACZ81_RS07965,0.5960507264595353,354.23283607819985,0.0648039972497259,0.1526260444173575,RNA,C4vsC1_rna,ACZ81_07965,tier1:gene_id
ACZ81_RS07970,-0.3967518009897985,968.0991253314812,0.3930720788508034,0.5632280124383906,RNA,C4vsC1_rna,ACZ81_07970,tier1:gene_id
ACZ81_RS07975,-0.2465000596298873,1327.7204244052634,0.4615789056288112,0.6208933605770768,RNA,C4vsC1_rna,ACZ81_07975,tier1:gene_id
ACZ81_RS07980,0.0576655211597382,203.2502982588377,0.8529467723679318,0.9177621855218396,RNA,C4vsC1_rna,ACZ81_07980,tier1:gene_id
ACZ81_RS07985,0.1668702620721518,613.1721079349497,0.4487411083018622,0.6115726915163646,RNA,C4vsC1_rna,ACZ81_07985,tier1:gene_id
ACZ81_RS07990,0.3903015392819914,267.1826193704432,0.1957027927570022,0.3496699559128868,RNA,C4vsC1_rna,ACZ81_07990,tier1:gene_id
ACZ81_RS07995,0.8417703545139533,97.47360229684054,0.0102710150172866,0.0377702220434043,RNA,C4vsC1_rna,ACZ81_07995,tier1:gene_id
ACZ81_RS08000,0.1433769391474709,75.79517968843741,0.7617821330313106,0.85132866788903,RNA,C4vsC1_rna,ACZ81_08000,tier1:gene_id
ACZ81_RS08005,-0.5951359140221925,242.2183965742622,0.0402599333758346,0.1075454889285039,RNA,C4vsC1_rna,ACZ81_08005,tier1:gene_id
ACZ81_RS08010,-0.1973671098723379,2367.1455899897296,0.5839898553466336,0.7231236463829417,RNA,C4vsC1_rna,ACZ81_08010,tier1:gene_id
ACZ81_RS08015,0.3043324511231858,358.0434104806003,0.3894993459665503,0.5600972673898924,RNA,C4vsC1_rna,ACZ81_08015,tier1:gene_id
ACZ81_RS08020,0.9903046542711748,173.49815521845923,3.141447372280252e-05,0.0003415579094197,RNA,C4vsC1_rna,ACZ81_08020,tier1:gene_id
ACZ81_RS08025,0.1253376729408957,223.33730848018632,0.6817510539480467,0.7969653929019708,RNA,C4vsC1_rna,ACZ81_08025,tier1:gene_id
ACZ81_RS08030,0.334009519444218,105.73342376999568,0.2756719094480069,0.4450686924367822,RNA,C4vsC1_rna,ACZ81_08030,tier1:gene_id
ACZ81_RS08035,0.2641138836699488,137.2844888850702,0.3959078749827315,0.5660664270957659,RNA,C4vsC1_rna,ACZ81_08035,tier1:gene_id
ACZ81_RS08040,0.5856018845494563,231.94736514165703,0.0210619750343308,0.0667461641688273,RNA,C4vsC1_rna,ACZ81_08040,tier1:gene_id
ACZ81_RS08045,-0.0451790244258139,144.32059110243745,0.9019103536581264,0.945507829180418,RNA,C4vsC1_rna,ACZ81_08045,tier1:gene_id
ACZ81_RS08050,-0.3092440140970614,83.05501826824126,0.3885549507396647,0.5591400510643956,RNA,C4vsC1_rna,ACZ81_08050,tier1:gene_id
ACZ81_RS08055,-1.8379426307634752,3043.525383316305,5.467184354685365e-06,7.723360433449889e-05,RNA,C4vsC1_rna,ACZ81_08055,tier1:gene_id
ACZ81_RS08065,-0.2097872911112992,395.8213621889966,0.6494696837672154,0.7749776563481295,RNA,C4vsC1_rna,ACZ81_08065,tier1:gene_id
ACZ81_RS08070,0.2757910717290037,407.3993153964837,0.4904813190992386,0.6447611573480162,RNA,C4vsC1_rna,ACZ81_08070,tier1:gene_id
ACZ81_RS08075,-0.0762849371558279,1588.7305855396348,0.7769293256302392,0.8624904411811067,RNA,C4vsC1_rna,ACZ81_08075,tier1:gene_id
ACZ81_RS08080,0.3528405615941937,335.2340711887429,0.2305772483028577,0.3928511030629774,RNA,C4vsC1_rna,ACZ81_08080,tier1:gene_id
ACZ81_RS08085,0.0752691666941683,497.1494877994948,0.7117341082278468,0.8191271492283767,RNA,C4vsC1_rna,ACZ81_08085,tier1:gene_id
ACZ81_RS08090,0.2660264152729613,830.5515243837028,0.2136549657654839,0.3717188736561672,RNA,C4vsC1_rna,ACZ81_08090,tier1:gene_id
ACZ81_RS08095,1.4977318205586247,671.5272246456786,0.0088839775137481,0.0336567684467965,RNA,C4vsC1_rna,ACZ81_08095,tier1:gene_id
ACZ81_RS08100,0.266572424298094,1475.186665729614,0.3311853038180569,0.504184665146797,RNA,C4vsC1_rna,ACZ81_08100,tier1:gene_id
ACZ81_RS08105,-0.0309188534883543,3477.2639983238223,0.9353366005633924,0.962938270839192,RNA,C4vsC1_rna,ACZ81_08105,tier1:gene_id
ACZ81_RS08110,-0.8791458809933814,1956.414278940147,0.0182143131841675,0.0589796807868283,RNA,C4vsC1_rna,ACZ81_08110,tier1:gene_id
ACZ81_RS08115,0.7774566011442468,262.0392131050513,0.0706486208259315,0.1628978544561135,RNA,C4vsC1_rna,ACZ81_08115,tier1:gene_id
ACZ81_RS08125,-1.936419653735932,650.0677741999235,8.242934520358298e-07,1.5453576306391348e-05,RNA,C4vsC1_rna,ACZ81_08125,tier1:gene_id
ACZ81_RS08130,0.067252337611296,306.87893277752346,0.8686654973458187,0.9261282830161208,RNA,C4vsC1_rna,ACZ81_08130,tier1:gene_id
ACZ81_RS08135,0.0773347989990324,333.1970812697504,0.7080036266686929,0.8150675897259098,RNA,C4vsC1_rna,ACZ81_08135,tier1:gene_id
ACZ81_RS08140,0.2078149213948267,331.7094700517165,0.5055162554699901,0.6593404476416126,RNA,C4vsC1_rna,ACZ81_08140,tier1:gene_id
ACZ81_RS08145,-0.22101470944159,109.91977744356473,0.5565277805581703,0.7012529697234232,RNA,C4vsC1_rna,ACZ81_08145,tier1:gene_id
ACZ81_RS08150,0.0166051629930734,657.9777004878448,0.9361532494705124,0.9635317693370178,RNA,C4vsC1_rna,ACZ81_08150,tier1:gene_id
ACZ81_RS08155,0.0856306655430216,926.95255378374,0.7415126736073296,0.83790416960244,RNA,C4vsC1_rna,ACZ81_08155,tier1:gene_id
ACZ81_RS08160,-0.4117909603368209,754.5907730916149,0.1527191157294929,0.2891501143495638,RNA,C4vsC1_rna,ACZ81_08160,tier1:gene_id
ACZ81_RS08165,-0.2305187842843539,146.45844603559686,0.4611774849753952,0.6208872717185522,RNA,C4vsC1_rna,ACZ81_08165,tier1:gene_id
ACZ81_RS08170,1.2148412439629084,749.0997028427204,0.0012228760848439,0.0069834750407195,RNA,C4vsC1_rna,ACZ81_08170,tier1:gene_id
ACZ81_RS08180,-0.218991932696627,292.52014204864685,0.6411613945483814,0.7685507962139546,RNA,C4vsC1_rna,ACZ81_08180,tier1:gene_id
ACZ81_RS08185,0.7424382128948497,1872.5579453032635,0.1974814728468793,0.3516625251050511,RNA,C4vsC1_rna,ACZ81_08185,tier1:gene_id
ACZ81_RS08190,0.6266159591246808,153.11277074534985,0.1734029483543475,0.3186864996782604,RNA,C4vsC1_rna,ACZ81_08190,tier1:gene_id
ACZ81_RS08195,-0.0789425695646817,480.33031050051926,0.8201985063804695,0.8927391230598057,RNA,C4vsC1_rna,ACZ81_08195,tier1:gene_id
ACZ81_RS08200,-0.6641069982185339,412.32323642446,0.1412457677664192,0.2736253115784036,RNA,C4vsC1_rna,ACZ81_08200,tier1:gene_id
ACZ81_RS08205,-0.6012521398577937,438.7487229743146,0.0581080424708896,0.1411195317150176,RNA,C4vsC1_rna,ACZ81_08205,tier1:gene_id
ACZ81_RS08210,0.2209891278628571,9544.318511080728,0.5518497105352862,0.6973294609976592,RNA,C4vsC1_rna,ACZ81_08210,tier1:gene_id
ACZ81_RS08215,0.6336511057088307,505.6417403883162,0.0906716069294813,0.1970609355368793,RNA,C4vsC1_rna,ACZ81_08215,tier1:gene_id
ACZ81_RS08220,0.3959135577480014,1326.5660613081886,0.2894560637584537,0.4599198921975906,RNA,C4vsC1_rna,ACZ81_08220,tier1:gene_id
ACZ81_RS08225,-0.1341842757893595,309.1017005002251,0.6126887494774759,0.7478269738070075,RNA,C4vsC1_rna,ACZ81_08225,tier1:gene_id
ACZ81_RS08230,-0.0293062998749254,2120.5375199890887,0.9460567699023688,0.9690017260271392,RNA,C4vsC1_rna,ACZ81_08230,tier1:gene_id
ACZ81_RS08235,0.5430537632676837,895.7332036991791,0.058696778783382,0.14201360383764,RNA,C4vsC1_rna,ACZ81_08235,tier1:gene_id
ACZ81_RS08240,-0.7875617366128179,452.9954353459639,0.0002597702393747,0.0019851394292788,RNA,C4vsC1_rna,ACZ81_08240,tier1:gene_id
ACZ81_RS08245,-1.0512603172261124,29.892156828925888,0.0485969640019462,0.1240273661423718,RNA,C4vsC1_rna,ACZ81_08245,tier1:gene_id
ACZ81_RS08250,-2.0239648663161702,594.8448311064138,2.4150075404694896e-06,3.891168776049636e-05,RNA,C4vsC1_rna,ACZ81_08250,tier1:gene_id
ACZ81_RS08255,-2.618540617533664,1619.5958954623736,1.0822925510845184e-05,0.0001382852775462,RNA,C4vsC1_rna,ACZ81_08255,tier1:gene_id
ACZ81_RS08260,-2.5437542307739847,595.5524268133607,0.0001184478901787,0.0010330715986891,RNA,C4vsC1_rna,ACZ81_08260,tier1:gene_id
ACZ81_RS08265,-2.629778075120816,1590.25163376689,0.0007742843062587,0.0048766540607692,RNA,C4vsC1_rna,ACZ81_08265,tier1:gene_id
ACZ81_RS08270,-2.134432715073387,4007.600851890071,0.0008707243737659,0.00539096633881,RNA,C4vsC1_rna,ACZ81_08270,tier1:gene_id
ACZ81_RS08275,-1.300612117188681,1181.5203323574383,0.0011043352472755,0.0064774751638442,RNA,C4vsC1_rna,ACZ81_08275,tier1:gene_id
ACZ81_RS08280,-1.7262432702381545,2666.95913388518,0.0023806269668556,0.0120594386250314,RNA,C4vsC1_rna,ACZ81_08280,tier1:gene_id
ACZ81_RS08285,-1.3707845572215471,341.56315295533034,0.0174631260251655,0.0572870495608864,RNA,C4vsC1_rna,ACZ81_08285,tier1:gene_id
ACZ81_RS08290,-1.1554515257094538,191.92956093902765,0.0243184780622913,0.0743074897074737,RNA,C4vsC1_rna,ACZ81_08290,tier1:gene_id
ACZ81_RS08295,-0.4703711900547042,367.2548963122463,0.045732511533252,0.1183734427557465,RNA,C4vsC1_rna,ACZ81_08295,tier1:gene_id
ACZ81_RS08300,-1.2340525154805346,1569.8472367729787,3.319276178045971e-05,0.000358947062704,RNA,C4vsC1_rna,ACZ81_08300,tier1:gene_id
ACZ81_RS08305,0.4817991979601784,380.6585535052602,0.1005554633333089,0.212666588768179,RNA,C4vsC1_rna,ACZ81_08305,tier1:gene_id
ACZ81_RS08310,-1.145292293204948,1727.967724559182,0.0007380208142483,0.0046776295525505,RNA,C4vsC1_rna,ACZ81_08310,tier1:gene_id
ACZ81_RS08315,-0.3911630585745544,835.0724052794403,0.1585683248612848,0.2968623982004081,RNA,C4vsC1_rna,ACZ81_08315,tier1:gene_id
ACZ81_RS08320,-1.321966970504439,18378.819745742905,0.0112881144243124,0.0405442390960982,RNA,C4vsC1_rna,ACZ81_08320,tier1:gene_id
ACZ81_RS08325,-0.3568671462353747,163.748993180409,0.3791051663171358,0.5496819397413621,RNA,C4vsC1_rna,ACZ81_08325,tier1:gene_id
ACZ81_RS08330,-1.001617480509058,79.38062834380835,0.0129541670159135,0.0451146858227823,RNA,C4vsC1_rna,ACZ81_08330,tier1:gene_id
ACZ81_RS08335,0.1991143879046075,35.34035552468664,0.7032300948659864,0.8122335188877485,RNA,C4vsC1_rna,ACZ81_08335,tier1:gene_id
ACZ81_RS08340,-0.2149864773093885,44.815253181915175,0.603004927609661,0.7392602703952942,RNA,C4vsC1_rna,ACZ81_08340,tier1:gene_id
ACZ81_RS08345,0.2712682474928181,432.9604306098567,0.2888248760941914,0.4592807779983734,RNA,C4vsC1_rna,ACZ81_08345,tier1:gene_id
ACZ81_RS08350,0.6403589299260608,684.9999902825161,0.0264714071382853,0.0789107502215746,RNA,C4vsC1_rna,ACZ81_08350,tier1:gene_id
ACZ81_RS08355,1.333219494636184,2300.611903248637,0.003764266501086,0.0171737803430157,RNA,C4vsC1_rna,ACZ81_08355,tier1:gene_id
ACZ81_RS08360,2.8235503514515927,4792.458669236545,0.0004007064448376,0.0028548546423919,RNA,C4vsC1_rna,ACZ81_08360,tier1:gene_id
ACZ81_RS08365,0.755415669364857,360.873126155122,0.0240901687973478,0.0737784406221066,RNA,C4vsC1_rna,ACZ81_08365,tier1:gene_id
ACZ81_RS08370,-0.3028697664535017,766.5598677968283,0.1915183127886252,0.3436366148962275,RNA,C4vsC1_rna,ACZ81_08370,tier1:gene_id
ACZ81_RS08375,0.3837510171610053,383.8034295001311,0.1577444818331683,0.2958723053364523,RNA,C4vsC1_rna,ACZ81_08375,tier1:gene_id
ACZ81_RS08380,-0.1122334706813239,651.1667022617978,0.5472892383003094,0.6937517927522405,RNA,C4vsC1_rna,ACZ81_08380,tier1:gene_id
ACZ81_RS08385,-1.4622966940985105,616.0466128926013,0.0002209724841136,0.0017417320358819,RNA,C4vsC1_rna,ACZ81_08385,tier1:gene_id
ACZ81_RS08410,-1.81009755253607,1704.8070534639476,1.4732159309096326e-05,0.0001796517420914,RNA,C4vsC1_rna,ACZ81_08410,tier1:gene_id
ACZ81_RS08415,-0.3224051831281238,202.5182793833396,0.3212714773225281,0.4942259075989197,RNA,C4vsC1_rna,ACZ81_08415,tier1:gene_id
ACZ81_RS08420,0.3029070927857507,134.10569843824152,0.2732090435991041,0.4416255773245792,RNA,C4vsC1_rna,ACZ81_08420,tier1:gene_id
ACZ81_RS08425,0.5290984050157574,354.8287755346579,0.0113218372451433,0.0406289901856128,RNA,C4vsC1_rna,ACZ81_08425,tier1:gene_id
ACZ81_RS08430,-0.9906702340940144,2523.0712134094024,0.0333194148952153,0.0930253949614502,RNA,C4vsC1_rna,ACZ81_08430,tier1:gene_id
ACZ81_RS08435,0.7748091515335765,2458.437461216752,0.0849416332843614,0.1869912585559364,RNA,C4vsC1_rna,ACZ81_08435,tier1:gene_id
ACZ81_RS08440,0.7408031145336096,2150.344378591382,0.0022298666421543,0.0114255746721882,RNA,C4vsC1_rna,ACZ81_08440,tier1:gene_id
ACZ81_RS08445,0.3486973519630365,153.90745051564832,0.4229233357517152,0.5905911670852355,RNA,C4vsC1_rna,ACZ81_08445,tier1:gene_id
ACZ81_RS08450,-1.3589839820879877,199.28070467105692,0.0001379568274358,0.001175122699942,RNA,C4vsC1_rna,ACZ81_08450,tier1:gene_id
ACZ81_RS08455,-0.0405245619125015,186.15815890198328,0.8981590727047202,0.9447861037470732,RNA,C4vsC1_rna,ACZ81_08455,tier1:gene_id
ACZ81_RS08460,-0.9604180637839526,129.9240681916928,0.028892450694887,0.0841193847517321,RNA,C4vsC1_rna,ACZ81_08460,tier1:gene_id
ACZ81_RS08465,-0.345806764925567,128.86097806840874,0.3743439844936208,0.5447472128358385,RNA,C4vsC1_rna,ACZ81_08465,tier1:gene_id
ACZ81_RS08470,1.109914167306034,2026.40427310602,0.0007115497872813,0.0045530107600844,RNA,C4vsC1_rna,ACZ81_08470,tier1:gene_id
ACZ81_RS08475,4.008767613159435,609.9483748416621,4.206553560721964e-05,0.000440644722862,RNA,C4vsC1_rna,ACZ81_08475,tier1:gene_id
ACZ81_RS08480,4.154791366518201,903.9876337850986,9.903187771386386e-07,1.826000346372514e-05,RNA,C4vsC1_rna,ACZ81_08480,tier1:gene_id
ACZ81_RS08485,4.156948425839043,453.272285849848,1.1829480147073002e-10,5.649985041673438e-09,RNA,C4vsC1_rna,ACZ81_08485,tier1:gene_id
ACZ81_RS08490,-0.7423907287354033,191.9262623060129,0.0095291049327844,0.0355463913657358,RNA,C4vsC1_rna,ACZ81_08490,tier1:gene_id
ACZ81_RS08495,0.447945419009873,126.03625384978086,0.1775396101212749,0.3237994128671844,RNA,C4vsC1_rna,ACZ81_08495,tier1:gene_id
ACZ81_RS08500,-0.976598423952647,102.0445067278114,0.0038529458046354,0.0174666876476804,RNA,C4vsC1_rna,ACZ81_08500,tier1:gene_id
ACZ81_RS08505,-1.0521281501765631,429.20735941813217,0.0015931041990822,0.0085610328727207,RNA,C4vsC1_rna,ACZ81_08505,tier1:gene_id
ACZ81_RS08510,-2.966047826033793,1922.5243747902084,7.701965007844451e-10,3.1530901644359123e-08,RNA,C4vsC1_rna,ACZ81_08510,tier1:gene_id
ACZ81_RS08515,0.3761012727755334,177.76115926622612,0.1102206678366326,0.2281906764263739,RNA,C4vsC1_rna,ACZ81_08515,tier1:gene_id
ACZ81_RS08520,-0.1961869377145796,2397.196367311375,0.5543992777672643,0.6992657722895912,RNA,C4vsC1_rna,ACZ81_08520,tier1:gene_id
ACZ81_RS08525,-0.3182830340459323,981.9686537795084,0.1107959145581191,0.2288945464506559,RNA,C4vsC1_rna,ACZ81_08525,tier1:gene_id
ACZ81_RS08530,-1.0370359965644491,204.60592159141564,0.0031593962994267,0.0149123505332944,RNA,C4vsC1_rna,ACZ81_08530,tier1:gene_id
ACZ81_RS08535,-0.8340474168312333,122.09601925439088,0.0150005822153627,0.0507439593996925,RNA,C4vsC1_rna,ACZ81_08535,tier1:gene_id
ACZ81_RS08540,1.382687498016533,18042.833143499287,8.813321245799013e-05,0.0008109872669299,RNA,C4vsC1_rna,ACZ81_08540,tier1:gene_id
ACZ81_RS08545,0.906803867885178,1446.626640749862,0.0042561660137037,0.0188266130617192,RNA,C4vsC1_rna,ACZ81_08545,tier1:gene_id
ACZ81_RS08550,1.030005272426928,835.2337737630869,0.0267598567884141,0.079526329951939,RNA,C4vsC1_rna,ACZ81_08550,tier1:gene_id
ACZ81_RS08555,0.907106457747516,1481.087815466913,0.0013979192709324,0.0077039177403584,RNA,C4vsC1_rna,ACZ81_08555,tier1:gene_id
ACZ81_RS08560,0.3323168759908073,735.7850871719862,0.264427668736564,0.4319559474638009,RNA,C4vsC1_rna,ACZ81_08560,tier1:gene_id
ACZ81_RS08565,0.793945906597481,568.2595886572155,0.0551819834554997,0.1358221580512054,RNA,C4vsC1_rna,ACZ81_08565,tier1:gene_id
ACZ81_RS08570,2.752823772389495,1480.4549321368029,1.359946007898979e-07,3.20947257864159e-06,RNA,C4vsC1_rna,ACZ81_08570,tier1:gene_id
ACZ81_RS08575,1.2463286982879478,788.4122370362336,0.0003935298403739,0.0028093269031677,RNA,C4vsC1_rna,ACZ81_08575,tier1:gene_id
ACZ81_RS08580,0.7802548563011645,748.4599028347575,0.0012039100902829,0.0069001246888788,RNA,C4vsC1_rna,ACZ81_08580,tier1:gene_id
ACZ81_RS08585,0.4215294137098484,460.0869527542229,0.1376715336044503,0.2686469809440928,RNA,C4vsC1_rna,ACZ81_08585,tier1:gene_id
ACZ81_RS08590,0.4189546825705743,350.51099392872896,0.248492005908707,0.4132449426835324,RNA,C4vsC1_rna,ACZ81_08590,tier1:gene_id
ACZ81_RS08595,0.3423152621279721,438.60359532598807,0.1940717823785876,0.3477516707918238,RNA,C4vsC1_rna,ACZ81_08595,tier1:gene_id
ACZ81_RS08600,-0.5122393842309719,543.102774468923,0.0751599986637957,0.170074401939734,RNA,C4vsC1_rna,ACZ81_08600,tier1:gene_id
ACZ81_RS08605,-0.3951020769451481,320.7002531960464,0.2282045899516629,0.389598644632371,RNA,C4vsC1_rna,ACZ81_08605,tier1:gene_id
ACZ81_RS08610,-0.1094472428588664,388.63862061934816,0.7459295282723362,0.8401393449161589,RNA,C4vsC1_rna,ACZ81_08610,tier1:gene_id
ACZ81_RS08615,-0.520622682428023,1831.496882298748,0.3065861236179666,0.4792433451887831,RNA,C4vsC1_rna,ACZ81_08615,tier1:gene_id
ACZ81_RS08620,0.3869906704784876,1122.819173434995,0.1768988120657112,0.3233939382963959,RNA,C4vsC1_rna,ACZ81_08620,tier1:gene_id
ACZ81_RS08625,1.7617540144295336,83.51280782309689,6.155931069362492e-05,0.0005980047324523,RNA,C4vsC1_rna,ACZ81_08625,tier1:gene_id
ACZ81_RS08630,0.3476985504500602,177.0941484421391,0.4089581363586663,0.5765073939110925,RNA,C4vsC1_rna,ACZ81_08630,tier1:gene_id
ACZ81_RS08635,-1.2700635434554874,2591.801852852872,0.0756597266403653,0.1706753702282018,RNA,C4vsC1_rna,ACZ81_08635,tier1:gene_id
ACZ81_RS08640,-0.6703953376003521,320.7898668630798,0.0555617675209129,0.1365273826432519,RNA,C4vsC1_rna,ACZ81_08640,tier1:gene_id
ACZ81_RS08645,-0.7172455762033361,237.02033370684333,0.2987780600000105,0.4704464586813353,RNA,C4vsC1_rna,ACZ81_08645,tier1:gene_id
ACZ81_RS08650,-0.456695757812368,2768.5470009196847,0.3998108880881541,0.5689430074073205,RNA,C4vsC1_rna,ACZ81_08650,tier1:gene_id
ACZ81_RS08655,-1.3914704592291147,792.6595904635069,0.0165946524624345,0.0548868472211767,RNA,C4vsC1_rna,ACZ81_08655,tier1:gene_id
ACZ81_RS08660,-0.8609353582001967,1508.4829612063706,0.0088741913751321,0.0336514705075898,RNA,C4vsC1_rna,ACZ81_08660,tier1:gene_id
ACZ81_RS08665,-0.257892198612637,35.87389583422271,0.6493696659435184,0.7749776563481295,RNA,C4vsC1_rna,ACZ81_08665,tier1:gene_id
ACZ81_RS08670,-2.352558406279087,13941.989771081036,0.0023516337633313,0.0119730389067074,RNA,C4vsC1_rna,ACZ81_08670,tier1:gene_id
ACZ81_RS08675,-2.484711452201324,19620.44333224339,0.0010138372383676,0.0060618703432651,RNA,C4vsC1_rna,ACZ81_08675,tier1:gene_id
ACZ81_RS08680,-0.7707228649261545,121.25088617605924,0.0153717514407488,0.0516079219918697,RNA,C4vsC1_rna,ACZ81_08680,tier1:gene_id
ACZ81_RS08685,-0.8321651475152122,118.21908635218682,0.0064136627419118,0.0261500151631607,RNA,C4vsC1_rna,ACZ81_08685,tier1:gene_id
ACZ81_RS08690,-0.2255655604217239,54.746330887698925,0.675445980715536,0.7925970384997749,RNA,C4vsC1_rna,ACZ81_08690,tier1:gene_id
ACZ81_RS08695,-0.0305699408006966,178.36531974885182,0.9321618382736728,0.960655868264571,RNA,C4vsC1_rna,ACZ81_08695,tier1:gene_id
ACZ81_RS08700,-0.4424007876521129,11767.63628177936,0.6214229086620833,0.7536725240484516,RNA,C4vsC1_rna,ACZ81_08700,tier1:gene_id
ACZ81_RS08705,-2.508437336657842,2745.6616445819177,5.854321458795753e-07,1.145733545984808e-05,RNA,C4vsC1_rna,ACZ81_08705,tier1:gene_id
ACZ81_RS08710,-0.9049160283905844,315.4099158253549,0.0002131965979704,0.0016870705149059,RNA,C4vsC1_rna,ACZ81_08710,tier1:gene_id
ACZ81_RS08715,-1.9410035084750945,258.90157092983264,0.0212085087530635,0.0671045245404502,RNA,C4vsC1_rna,ACZ81_08715,tier1:gene_id
ACZ81_RS08720,0.2270998951758793,4200.928405362666,0.628237554218471,0.7579180570728651,RNA,C4vsC1_rna,ACZ81_08720,tier1:gene_id
ACZ81_RS08725,1.1934221162452945,447.8561051537821,0.0040022857113273,0.0179409723730117,RNA,C4vsC1_rna,ACZ81_08725,tier1:gene_id
ACZ81_RS08745,-0.7888466289412818,3502.770461004883,0.0516340321210641,0.1293914658773949,RNA,C4vsC1_rna,ACZ81_08745,tier1:gene_id
ACZ81_RS08750,-0.6904091207477397,1153.7411619828974,0.0012701236761548,0.0071872160630935,RNA,C4vsC1_rna,ACZ81_08750,tier1:gene_id
ACZ81_RS08755,0.5852436347144989,2737.2466674257817,0.0981243809800755,0.2084039261472013,RNA,C4vsC1_rna,ACZ81_08755,tier1:gene_id
ACZ81_RS08760,-0.7466604363894559,7602.327772853572,1.518496152296281e-07,3.502068263291075e-06,RNA,C4vsC1_rna,ACZ81_08760,tier1:gene_id
ACZ81_RS08765,-0.3805221321809349,9699.236479581146,0.1358039902380477,0.265908057020521,RNA,C4vsC1_rna,ACZ81_08765,tier1:gene_id
ACZ81_RS08770,-1.5735854844247903,2315.864016388906,0.0013359198119965,0.0074234214483799,RNA,C4vsC1_rna,ACZ81_08770,tier1:gene_id
ACZ81_RS08775,-1.7625316727611824,2070.338937184828,4.60279609312932e-05,0.0004784046094724,RNA,C4vsC1_rna,ACZ81_08775,tier1:gene_id
ACZ81_RS08780,0.6457054111788794,622.9060684443574,0.0919462901519056,0.198861733740941,RNA,C4vsC1_rna,ACZ81_08780,tier1:gene_id
ACZ81_RS08785,3.230491672167555,3662.7910723874015,8.036468901907617e-06,0.0001071173197157,RNA,C4vsC1_rna,ACZ81_08785,tier1:gene_id
ACZ81_RS08790,0.0305499404635156,295.40487708586585,0.9301761416439236,0.959981009613275,RNA,C4vsC1_rna,ACZ81_08790,tier1:gene_id
ACZ81_RS08795,0.2154151998365537,412.9173958546228,0.4811787355267016,0.6364949182107243,RNA,C4vsC1_rna,ACZ81_08795,tier1:gene_id
ACZ81_RS08800,0.3138870948689318,599.4377173078196,0.1431298909401116,0.2760755396402538,RNA,C4vsC1_rna,ACZ81_08800,tier1:gene_id
ACZ81_RS08805,-0.4497247392022782,363.3280481730555,0.20967359324623,0.3678226742911564,RNA,C4vsC1_rna,ACZ81_08805,tier1:gene_id
ACZ81_RS08810,0.333034666476168,37.065773301624255,0.686838647580603,0.8008127445781398,RNA,C4vsC1_rna,ACZ81_08810,tier1:gene_id
ACZ81_RS08815,0.1115595315050687,1098.4064468528074,0.6562047903023369,0.7798263088545544,RNA,C4vsC1_rna,ACZ81_08815,tier1:gene_id
ACZ81_RS08825,0.00764495218699,146.60455770737968,0.9800672229395174,0.9886924059425052,RNA,C4vsC1_rna,ACZ81_08825,tier1:gene_id
ACZ81_RS08830,0.2282070442060299,366.2607387555965,0.6195246825420225,0.7522799716581702,RNA,C4vsC1_rna,ACZ81_08830,tier1:gene_id
ACZ81_RS08835,-0.0610110606085868,155.65861448550822,0.8804558458244207,0.9331487679628112,RNA,C4vsC1_rna,ACZ81_08835,tier1:gene_id
ACZ81_RS08840,0.947609020113478,65154.54039396608,0.2007296634422421,0.3558957516949587,RNA,C4vsC1_rna,ACZ81_08840,tier1:gene_id
ACZ81_RS08845,0.2622747401145433,14991.325588878111,0.8106635425331816,0.8854838368208889,RNA,C4vsC1_rna,ACZ81_08845,tier1:gene_id
ACZ81_RS08850,0.963870734203414,621.8550347660773,0.0998242563930574,0.2113429639308423,RNA,C4vsC1_rna,ACZ81_08850,tier1:gene_id
ACZ81_RS08855,0.8427758065889098,82.18613116429714,0.0449294884799914,0.1167468314648481,RNA,C4vsC1_rna,ACZ81_08855,tier1:gene_id
ACZ81_RS08860,1.3750091489403042,166.50700147086374,0.0005946364824274,0.0039498039197001,RNA,C4vsC1_rna,ACZ81_08860,tier1:gene_id
ACZ81_RS08865,-3.512245378187789,94.1191373725714,2.506551362529995e-09,9.059715375198505e-08,RNA,C4vsC1_rna,ACZ81_08865,tier1:gene_id
ACZ81_RS08870,0.3952078462112889,203.9600892613524,0.2015949804399893,0.3566133428241786,RNA,C4vsC1_rna,ACZ81_08870,tier1:gene_id
ACZ81_RS08875,-0.6784824322194724,1781.4194696004524,0.0756808284237216,0.1706753702282018,RNA,C4vsC1_rna,ACZ81_08875,tier1:gene_id
ACZ81_RS08880,0.633069230735473,147.4471284899116,0.0125234341993976,0.0439580210043599,RNA,C4vsC1_rna,ACZ81_08880,tier1:gene_id
ACZ81_RS08885,-0.3057233419480955,3222.4709721117365,0.3121859415285016,0.4841420692946325,RNA,C4vsC1_rna,ACZ81_08885,tier1:gene_id
ACZ81_RS08890,0.54110680234441,254.67514873771475,0.0817043374118401,0.1814541283391186,RNA,C4vsC1_rna,ACZ81_08890,tier1:gene_id
ACZ81_RS08895,-0.379362352555072,13.85903879820417,0.6219157010298164,0.7538144388313063,RNA,C4vsC1_rna,ACZ81_08895,tier1:gene_id
ACZ81_RS08900,-0.3399592890026629,477.7443831407565,0.1072609163585273,0.2228538562560392,RNA,C4vsC1_rna,ACZ81_08900,tier1:gene_id
ACZ81_RS08905,0.366472762485478,260.36473262949124,0.1514928422199766,0.2876428220475847,RNA,C4vsC1_rna,ACZ81_08905,tier1:gene_id
ACZ81_RS08910,0.3405177945748174,130.98431573917162,0.2970892527552024,0.4687070711969611,RNA,C4vsC1_rna,ACZ81_08910,tier1:gene_id
ACZ81_RS08915,1.168307084922587,89.15306187430988,0.002706511601244,0.013242103102672,RNA,C4vsC1_rna,ACZ81_08915,tier1:gene_id
ACZ81_RS08920,0.8853003236305872,109.65178609176854,0.0337539223427773,0.0940421780827934,RNA,C4vsC1_rna,ACZ81_08920,tier1:gene_id
ACZ81_RS08925,1.0532788638893942,88.7069706852416,0.0042378539464308,0.0187870387105862,RNA,C4vsC1_rna,ACZ81_08925,tier1:gene_id
ACZ81_RS08930,-0.2431203739878123,118.40617829682644,0.4949960949310424,0.649207039183832,RNA,C4vsC1_rna,ACZ81_08930,tier1:gene_id
ACZ81_RS08935,-0.8264011492703036,86.56900317196845,0.0441675594913228,0.1152147260592894,RNA,C4vsC1_rna,ACZ81_08935,tier1:gene_id
ACZ81_RS08940,-0.7329950160770796,305.9902023816608,0.0540096971615877,0.1338430276339384,RNA,C4vsC1_rna,ACZ81_08940,tier1:gene_id
ACZ81_RS08945,-1.202139627220194,712.5229669451282,0.0088129589531333,0.0334825675378512,RNA,C4vsC1_rna,ACZ81_08945,tier1:gene_id
ACZ81_RS08950,-1.1532011387170789,214.89816203542097,0.0004055807579285,0.0028748939943628,RNA,C4vsC1_rna,ACZ81_08950,tier1:gene_id
ACZ81_RS08955,-0.5062202449103271,254.84023596433843,0.2146641467090363,0.3729894138573642,RNA,C4vsC1_rna,ACZ81_08955,tier1:gene_id
ACZ81_RS08960,-1.9280750105039537,122.89866755598392,0.0087797162537189,0.0334195650948013,RNA,C4vsC1_rna,ACZ81_08960,tier1:gene_id
ACZ81_RS08965,-0.5968159327801678,265.5785550691462,0.0817828948885537,0.1814541283391186,RNA,C4vsC1_rna,ACZ81_08965,tier1:gene_id
ACZ81_RS08970,-0.3483255101940016,93.0971748999758,0.3192182896451709,0.4920106715545239,RNA,C4vsC1_rna,ACZ81_08970,tier1:gene_id
ACZ81_RS08975,-0.3902229299621981,110.3156107433395,0.2623795691050808,0.4294846312727802,RNA,C4vsC1_rna,ACZ81_08975,tier1:gene_id
ACZ81_RS08980,-1.4035384207037616,36.12491690354831,0.013594069295983,0.0468954479926777,RNA,C4vsC1_rna,ACZ81_08980,tier1:gene_id
ACZ81_RS08985,-0.4366846996375098,4898.638673054564,0.4608907404296895,0.6208872717185522,RNA,C4vsC1_rna,ACZ81_08985,tier1:gene_id
ACZ81_RS08990,-2.694621043583246,0.8694736313284441,0.3452522530324631,0.5196735891619365,RNA,C4vsC1_rna,ACZ81_08990,tier1:gene_id
ACZ81_RS08995,0.8863606878991731,31.498607665670367,0.1441520166721199,0.2775133833438316,RNA,C4vsC1_rna,ACZ81_08995,tier1:gene_id
ACZ81_RS09000,-1.0329505221967543,145.01687483729026,0.000554152535008,0.0037365713789113,RNA,C4vsC1_rna,ACZ81_09000,tier1:gene_id
ACZ81_RS09005,-0.0106321483746209,395.0457875132639,0.9713602561840864,0.9834798985066164,RNA,C4vsC1_rna,ACZ81_09005,tier1:gene_id
ACZ81_RS09010,-0.0365897941261551,52.73571988638525,0.9314167474469296,0.960559900135476,RNA,C4vsC1_rna,ACZ81_09010,tier1:gene_id
ACZ81_RS09015,-0.2467412867900399,109.27770601847315,0.3992954146111658,0.568651677621958,RNA,C4vsC1_rna,ACZ81_09015,tier1:gene_id
ACZ81_RS09020,-0.3912170261794141,43.965327906321065,0.4309252077164291,0.5973168262403871,RNA,C4vsC1_rna,ACZ81_09020,tier1:gene_id
ACZ81_RS09025,0.6684933981067372,347.41945327692866,0.0069619258448428,0.0279592056952045,RNA,C4vsC1_rna,ACZ81_09025,tier1:gene_id
ACZ81_RS09030,0.2096540977589753,403.9750598752089,0.6871055498394569,0.8008911870877109,RNA,C4vsC1_rna,ACZ81_09030,tier1:gene_id
ACZ81_RS09035,0.4028734634780494,1097.3633074993818,0.1966502379023711,0.3508051376008506,RNA,C4vsC1_rna,ACZ81_09035,tier1:gene_id
ACZ81_RS09040,0.4474260010834863,340.81085589525946,0.0558301690146277,0.1370811738596613,RNA,C4vsC1_rna,ACZ81_09040,tier1:gene_id
ACZ81_RS09045,1.9935580452854136,1.7949863720636243,0.4005916738392553,0.5695158736509895,RNA,C4vsC1_rna,ACZ81_09045,tier1:gene_id
ACZ81_RS09050,-0.115589876013641,66.92226585241282,0.8303142646265603,0.9005733521713327,RNA,C4vsC1_rna,ACZ81_09050,tier1:gene_id
ACZ81_RS09060,-1.2765452110159647,31.78436903639728,0.1510048611002511,0.2871239349451221,RNA,C4vsC1_rna,,unresolved
ACZ81_RS09065,-1.2722387477501085,50.98784490906262,0.0652822539954863,0.1532547706435876,RNA,C4vsC1_rna,ACZ81_RS09065,locus_tag:gene_id
ACZ81_RS09075,0.0811904939339921,590.1068965902296,0.7214760373874103,0.8230201484214643,RNA,C4vsC1_rna,ACZ81_09065,tier1:gene_id
ACZ81_RS09080,-0.582912027737117,1067.621825990061,0.1021627697844517,0.2151585471785933,RNA,C4vsC1_rna,ACZ81_09070,tier1:gene_id
ACZ81_RS09085,-0.1532640254201652,710.5090834610379,0.580543730030392,0.721128656549717,RNA,C4vsC1_rna,ACZ81_09075,tier1:gene_id
ACZ81_RS09090,0.7221120932865274,309.3614101097272,0.0138435224441191,0.0475108742906807,RNA,C4vsC1_rna,ACZ81_09080,tier1:gene_id
ACZ81_RS09095,-0.4461272496148868,2123.492912542248,0.2367487573650593,0.3992585180952576,RNA,C4vsC1_rna,ACZ81_09085,tier1:gene_id
ACZ81_RS09100,-0.749249754323125,3285.9896229072256,3.079326440357621e-05,0.0003357135238781,RNA,C4vsC1_rna,ACZ81_09090,tier1:gene_id
ACZ81_RS09105,0.2816248637258223,5323.203056484873,0.550208682414799,0.6961328394349334,RNA,C4vsC1_rna,ACZ81_09095,tier1:gene_id
ACZ81_RS09110,-0.012718420440592,639.3380549673627,0.9463243140503892,0.9690283685477696,RNA,C4vsC1_rna,ACZ81_09100,tier1:gene_id
ACZ81_RS09115,-2.2480867348370004,2465.740938310426,0.0002699193660492,0.0020355573244164,RNA,C4vsC1_rna,ACZ81_09105,tier1:gene_id
ACZ81_RS09120,-1.2165551858771118,1281.3255283020214,0.0196669869102374,0.0630727030246782,RNA,C4vsC1_rna,ACZ81_09110,tier1:gene_id
ACZ81_RS09125,0.3747980905058818,536.732613243032,0.2350734462699713,0.3973780427380259,RNA,C4vsC1_rna,ACZ81_09115,tier1:gene_id
ACZ81_RS09130,0.382697816375162,6559.805064944396,0.261605618096541,0.4285674723574204,RNA,C4vsC1_rna,ACZ81_09120,tier1:gene_id
ACZ81_RS09145,0.1368863666720432,4075.205491701983,0.7812488045915352,0.8649090109856384,RNA,C4vsC1_rna,ACZ81_09135,tier1:gene_id
ACZ81_RS09150,0.2614909077135882,1198.4224068168444,0.522827731943375,0.6734242198237387,RNA,C4vsC1_rna,ACZ81_09140,tier1:gene_id
ACZ81_RS09155,0.7381768370747015,290.02605077580614,0.0196210449950996,0.0629757060162719,RNA,C4vsC1_rna,ACZ81_09145,tier1:gene_id
ACZ81_RS09160,0.6062710737970582,355.0802291126074,0.1506613653097493,0.2866947558442601,RNA,C4vsC1_rna,ACZ81_09150,tier1:gene_id
ACZ81_RS09170,0.9285587447819136,420.64964855803385,0.0095574689893939,0.0356031249632762,RNA,C4vsC1_rna,ACZ81_09160,tier1:gene_id
ACZ81_RS09175,0.0079611314035502,14.292431088846824,0.992101962879812,0.9939554989566092,RNA,C4vsC1_rna,ACZ81_09165,tier1:gene_id
ACZ81_RS09180,-0.0186834718134235,696.0832628071792,0.9730863802028769,0.9842929969538045,RNA,C4vsC1_rna,ACZ81_09170,tier1:gene_id
ACZ81_RS09185,0.7042456618268917,363.0217640704215,0.1351696683386482,0.2649246259768719,RNA,C4vsC1_rna,ACZ81_09175,tier1:gene_id
ACZ81_RS09190,1.2795987953336458,1737.998848842334,0.0012412421735653,0.0070636363125451,RNA,C4vsC1_rna,ACZ81_09180,tier1:gene_id
ACZ81_RS09195,1.1849222844411087,150.69797626394336,0.0340387317379445,0.0945729859644276,RNA,C4vsC1_rna,ACZ81_09185,tier1:gene_id
ACZ81_RS09200,0.5809036588786612,3410.3484315671594,0.2052807540625058,0.361380599078005,RNA,C4vsC1_rna,ACZ81_09190,tier1:gene_id
ACZ81_RS09205,2.015777746128299,7511.869983263033,0.001515043118931,0.0082474260422678,RNA,C4vsC1_rna,ACZ81_09195,tier1:gene_id
ACZ81_RS09210,-0.944358865234906,4059.5604923288456,0.0035455372115621,0.0164057169510759,RNA,C4vsC1_rna,ACZ81_09200,tier1:gene_id
ACZ81_RS09215,-1.5081395099800816,18740.46584295185,2.0843090807464515e-12,1.4932585771347786e-10,RNA,C4vsC1_rna,ACZ81_09205,tier1:gene_id
ACZ81_RS09220,2.323626073253261,1414.5988730771237,0.0009717116382451,0.0058536142532125,RNA,C4vsC1_rna,ACZ81_09210,tier1:gene_id
ACZ81_RS09225,-0.9413768346605704,914.5449209050672,0.0232328543404847,0.0719214595787229,RNA,C4vsC1_rna,ACZ81_09215,tier1:gene_id
ACZ81_RS09230,-0.5408470814582633,171.7363225977553,0.0792331112861624,0.1770937284011608,RNA,C4vsC1_rna,ACZ81_09220,tier1:gene_id
ACZ81_RS09235,-0.4116592055252258,2575.935190437233,0.0469263636251799,0.1206849813232192,RNA,C4vsC1_rna,ACZ81_09225,tier1:gene_id
ACZ81_RS09240,-1.7883736367214484,2039.2890012907624,3.835457124504945e-07,7.931883496656615e-06,RNA,C4vsC1_rna,ACZ81_09230,tier1:gene_id
ACZ81_RS09245,0.9013370483635206,88.04765776450738,0.0112370973983301,0.0404333944054714,RNA,C4vsC1_rna,ACZ81_09235,tier1:gene_id
ACZ81_RS09250,0.4408506591226837,3463.973889524178,0.0246127842683967,0.0749684755711763,RNA,C4vsC1_rna,ACZ81_09240,tier1:gene_id
ACZ81_RS09255,0.270402447819548,120.31733140641248,0.367801452641727,0.5397291250909322,RNA,C4vsC1_rna,ACZ81_09245,tier1:gene_id
ACZ81_RS09260,-2.355542020674496,170.04622879667292,0.0001161515338986,0.0010174671484744,RNA,C4vsC1_rna,ACZ81_09250,tier1:gene_id
ACZ81_RS09265,-0.7453859254607392,963.1902805552544,0.0269153703591618,0.0797521904586095,RNA,C4vsC1_rna,ACZ81_09255,tier1:gene_id
ACZ81_RS09270,0.5943722788528848,207.2543060027937,0.1861383379686837,0.3362390868664381,RNA,C4vsC1_rna,ACZ81_09260,tier1:gene_id
ACZ81_RS09275,0.6712627788262382,299.49517026123857,0.2084736678740326,0.366198054076453,RNA,C4vsC1_rna,ACZ81_09265,tier1:gene_id
ACZ81_RS09280,0.2205975982124407,3342.0512119605373,0.3010900370520932,0.4737149916286267,RNA,C4vsC1_rna,ACZ81_09270,tier1:gene_id
ACZ81_RS09285,-0.0290806334538611,1269.8336866761613,0.9104779143344272,0.9486617260923258,RNA,C4vsC1_rna,ACZ81_09275,tier1:gene_id
ACZ81_RS09290,0.7953654403906273,407.05939708224594,0.018675902761767,0.0602312876850556,RNA,C4vsC1_rna,ACZ81_09280,tier1:gene_id
ACZ81_RS09295,-0.3695673610435684,2679.5944986114887,0.1379441105442216,0.2690480172598042,RNA,C4vsC1_rna,ACZ81_09285,tier1:gene_id
ACZ81_RS09300,0.753303215017517,508.1307280858834,0.000518878076778,0.0035403721837301,RNA,C4vsC1_rna,ACZ81_09290,tier1:gene_id
ACZ81_RS09305,-0.2237390486950815,89.01286123109608,0.5754968024065411,0.7177162484473245,RNA,C4vsC1_rna,ACZ81_09295,tier1:gene_id
ACZ81_RS09310,-0.3848896440162664,275.84958651125766,0.2609286933036628,0.4276331362476697,RNA,C4vsC1_rna,ACZ81_09300,tier1:gene_id
ACZ81_RS09315,0.2957965819965892,512.201040175961,0.2576741650547135,0.4240547368335818,RNA,C4vsC1_rna,ACZ81_09305,tier1:gene_id
ACZ81_RS09320,0.3512189436697279,1120.2813893357056,0.1611708965435306,0.3011992026884531,RNA,C4vsC1_rna,ACZ81_09310,tier1:gene_id
ACZ81_RS09325,0.1961364360331402,826.5111804467417,0.506673567541301,0.6599916730440583,RNA,C4vsC1_rna,ACZ81_09315,tier1:gene_id
ACZ81_RS09330,0.0247137843933708,200.78977056136733,0.9532270728772086,0.9732445143652052,RNA,C4vsC1_rna,ACZ81_09320,tier1:gene_id
ACZ81_RS09335,0.086227570637952,142.5599902202291,0.829506924198272,0.9002264031253643,RNA,C4vsC1_rna,ACZ81_09325,tier1:gene_id
ACZ81_RS09340,-0.2054390161855875,1748.1580446388552,0.4143014067070431,0.5813841356098836,RNA,C4vsC1_rna,ACZ81_09330,tier1:gene_id
ACZ81_RS09345,2.08134237893621,49.80940878741732,3.986560632010586e-06,5.880176932215614e-05,RNA,C4vsC1_rna,ACZ81_09335,tier1:gene_id
ACZ81_RS09350,0.026251827056871,964.6315840532924,0.9141139717157148,0.9513424784756024,RNA,C4vsC1_rna,ACZ81_09340,tier1:gene_id
ACZ81_RS09355,0.4476184243477346,183.276394830742,0.2652883504121109,0.433009300998124,RNA,C4vsC1_rna,ACZ81_09345,tier1:gene_id
ACZ81_RS09360,-1.95864674454649,570.739174362402,0.0141725825793431,0.0484743404163042,RNA,C4vsC1_rna,ACZ81_09350,tier1:gene_id
ACZ81_RS09365,0.377714094980797,3256.0732230954886,0.0238767881355483,0.0733489081162481,RNA,C4vsC1_rna,ACZ81_09355,tier1:gene_id
ACZ81_RS09370,0.2505136730749175,706.0912058892659,0.3762746102079822,0.5469614986066755,RNA,C4vsC1_rna,ACZ81_09360,tier1:gene_id
ACZ81_RS09375,-0.450823050568606,3883.6557455277807,0.1643596910608125,0.3055705482562157,RNA,C4vsC1_rna,ACZ81_09365,tier1:gene_id
ACZ81_RS09380,-0.6204317210440203,12795.48913671254,0.0033310553855411,0.015594158934412,RNA,C4vsC1_rna,ACZ81_09370,tier1:gene_id
ACZ81_RS09385,0.0801099381622211,176.43665990363422,0.7438580398779151,0.8394819848073687,RNA,C4vsC1_rna,ACZ81_09375,tier1:gene_id
ACZ81_RS09390,0.7878269127075429,989.8075086048904,0.0001725106528955,0.0014182638102802,RNA,C4vsC1_rna,ACZ81_09380,tier1:gene_id
ACZ81_RS09395,2.08679249877772,4166.675434767994,0.0004472297890969,0.0031204972414906,RNA,C4vsC1_rna,ACZ81_09385,tier1:gene_id
ACZ81_RS09400,2.014966142731574,814.5288044142752,0.0002846431223578,0.0021161238877908,RNA,C4vsC1_rna,ACZ81_09390,tier1:gene_id
ACZ81_RS09410,0.0077041407740811,533.7506845009377,0.9753865090338634,0.9861604561165108,RNA,C4vsC1_rna,ACZ81_09400,tier1:gene_id
ACZ81_RS09415,-2.7610515558512514,305.83847004575404,3.393499353546116e-05,0.0003659870808179,RNA,C4vsC1_rna,ACZ81_09405,tier1:gene_id
ACZ81_RS09420,-0.6204054772204406,598.1717376483326,0.0259394652538625,0.0778377970071028,RNA,C4vsC1_rna,ACZ81_09410,tier1:gene_id
ACZ81_RS09425,-0.9669474771872146,777.1009054279584,0.0013234113927008,0.007394883715203,RNA,C4vsC1_rna,ACZ81_09415,tier1:gene_id
ACZ81_RS09430,-1.2160799144224006,857.5764919373282,0.010951330166524,0.0397617526046104,RNA,C4vsC1_rna,ACZ81_09420,tier1:gene_id
ACZ81_RS09435,-1.1612658700230418,1175.589178267713,0.0003826425339496,0.0027364738791549,RNA,C4vsC1_rna,ACZ81_09425,tier1:gene_id
ACZ81_RS09440,-1.043180701854667,864.7126105120612,2.93762554436825e-06,4.603810032814617e-05,RNA,C4vsC1_rna,ACZ81_09430,tier1:gene_id
ACZ81_RS09445,-3.1647733077549383,620.8819043897275,8.560810915036534e-05,0.0007968903339008,RNA,C4vsC1_rna,ACZ81_09435,tier1:gene_id
ACZ81_RS09450,-0.7573174487037789,165.61717228906204,0.0058884872785911,0.024532306294608,RNA,C4vsC1_rna,ACZ81_09440,tier1:gene_id
ACZ81_RS09455,-1.876269343609961,10797.16189190312,7.507440309422601e-06,0.0001007352860247,RNA,C4vsC1_rna,ACZ81_09445,tier1:gene_id
ACZ81_RS09460,-2.231904004572158,5731.335879103702,1.3476000496152394e-16,1.802190466352113e-14,RNA,C4vsC1_rna,ACZ81_09450,tier1:gene_id
ACZ81_RS09465,-2.176063893457958,9136.02070731936,5.0445593394497255e-15,5.952580020550677e-13,RNA,C4vsC1_rna,ACZ81_09455,tier1:gene_id
ACZ81_RS09470,-0.0243441275022468,186.5677734893452,0.9452465802499448,0.9684191215430996,RNA,C4vsC1_rna,ACZ81_09460,tier1:gene_id
ACZ81_RS09475,-0.1622674937717428,1128.8267396401325,0.614285814868067,0.7490068336658956,RNA,C4vsC1_rna,ACZ81_09465,tier1:gene_id
ACZ81_RS09480,0.9078741371454248,5742.453611900999,0.0025380530991774,0.0126186858085034,RNA,C4vsC1_rna,ACZ81_09470,tier1:gene_id
ACZ81_RS09485,1.273000615809312,94.63091856643597,0.0096532218163215,0.035859931413965,RNA,C4vsC1_rna,ACZ81_09475,tier1:gene_id
ACZ81_RS09500,0.7232049949854633,53.23732229268225,0.2782568176853916,0.4479800772687765,RNA,C4vsC1_rna,ACZ81_09490,tier1:gene_id
ACZ81_RS09505,0.093751428303771,253.5117662859599,0.7521100395495148,0.8444911331347226,RNA,C4vsC1_rna,ACZ81_09495,tier1:gene_id
ACZ81_RS09510,0.202207866121521,245.76715349115665,0.4336209809797909,0.5995390017088257,RNA,C4vsC1_rna,ACZ81_09500,tier1:gene_id
ACZ81_RS09515,-0.3475860118219021,205.6625649998223,0.2257665216480626,0.3870834550649689,RNA,C4vsC1_rna,ACZ81_RS09515,locus_tag:gene_id
ACZ81_RS09520,-0.0240814029650568,700.977282436061,0.95754017539468,0.9750383714932628,RNA,C4vsC1_rna,ACZ81_09510,tier1:gene_id
ACZ81_RS09525,-0.2996874959691905,267.58846859596764,0.2836971169142553,0.4538075765589736,RNA,C4vsC1_rna,ACZ81_09515,tier1:gene_id
ACZ81_RS09530,-0.1667976424336676,304.2173328884525,0.513465322306251,0.6655769973254785,RNA,C4vsC1_rna,ACZ81_09520,tier1:gene_id
ACZ81_RS09535,0.3841721605200239,144.32589749073944,0.1653190920056698,0.3066014189737235,RNA,C4vsC1_rna,ACZ81_09525,tier1:gene_id
ACZ81_RS09540,0.4312800334325075,162.33407553689733,0.1643840150598104,0.3055705482562157,RNA,C4vsC1_rna,ACZ81_09530,tier1:gene_id
ACZ81_RS09545,-0.0345258944786099,161.81870938257276,0.9318292949469772,0.960559900135476,RNA,C4vsC1_rna,ACZ81_09535,tier1:gene_id
ACZ81_RS09550,0.1926516279990093,71.83975909581831,0.5546962090800467,0.6993844094371927,RNA,C4vsC1_rna,ACZ81_09540,tier1:gene_id
ACZ81_RS09555,0.5795795111249623,479.8813556597312,0.0039300045405775,0.0177430242475486,RNA,C4vsC1_rna,ACZ81_09545,tier1:gene_id
ACZ81_RS09565,-0.0375094046300523,174.92243985494136,0.9349671776044572,0.9628050093811812,RNA,C4vsC1_rna,ACZ81_09555,tier1:gene_id
ACZ81_RS09570,0.4875448586323139,87.15235300582954,0.2862637350682495,0.4569953708630868,RNA,C4vsC1_rna,ACZ81_09560,tier1:gene_id
ACZ81_RS09575,0.6910402568870532,143.03331785002462,0.0247950385341296,0.0751910012085625,RNA,C4vsC1_rna,ACZ81_09565,tier1:gene_id
ACZ81_RS09580,0.5269315184023393,171.08875951763895,0.0379390442608668,0.1026375223024936,RNA,C4vsC1_rna,ACZ81_09570,tier1:gene_id
ACZ81_RS09585,0.6838175239078046,176.31367012700724,0.0559820435983023,0.1373700054534489,RNA,C4vsC1_rna,ACZ81_09575,tier1:gene_id
ACZ81_RS09590,1.5587095260936137,27.2709092464561,0.0178871204645741,0.0581077953877502,RNA,C4vsC1_rna,ACZ81_09580,tier1:gene_id
ACZ81_RS09605,1.0666602065724615,416.7544572020687,0.0072259150835101,0.0286749468991521,RNA,C4vsC1_rna,ACZ81_09595,tier1:gene_id
ACZ81_RS09620,0.0546344314795178,186.7622149543573,0.8884753156353586,0.9362503500423376,RNA,C4vsC1_rna,ACZ81_09610,tier1:gene_id
ACZ81_RS09625,-0.0956263100568003,133.81825737956268,0.7996168038836328,0.8779135172364505,RNA,C4vsC1_rna,ACZ81_09615,tier1:gene_id
ACZ81_RS09630,2.8545759093236382,5117.3741604324205,0.0006999469486382,0.004507523527988,RNA,C4vsC1_rna,ACZ81_09620,tier1:gene_id
ACZ81_RS09635,2.989677406647812,2765.502057649064,2.6869713748234515e-06,4.260920614937426e-05,RNA,C4vsC1_rna,ACZ81_09625,tier1:gene_id
ACZ81_RS09640,3.316316514242007,2106.679367524569,2.189612360460621e-09,8.134004435340754e-08,RNA,C4vsC1_rna,ACZ81_09630,tier1:gene_id
ACZ81_RS09645,1.1425329196024736,149.16350059804796,0.0002770430757959,0.0020659792195041,RNA,C4vsC1_rna,ACZ81_09635,tier1:gene_id
ACZ81_RS09650,0.6818279491399619,889.1139396291494,0.0012519157984934,0.007104223739117,RNA,C4vsC1_rna,ACZ81_09640,tier1:gene_id
ACZ81_RS09655,1.191252743439693,279.5909270645812,0.0045395148379015,0.0199480104377447,RNA,C4vsC1_rna,ACZ81_09645,tier1:gene_id
ACZ81_RS09660,-0.1009203342406341,370.1645107120284,0.6406908033239167,0.7682162292096694,RNA,C4vsC1_rna,ACZ81_09650,tier1:gene_id
ACZ81_RS09665,0.0544482260541423,645.0454190021896,0.881917862481592,0.9331487679628112,RNA,C4vsC1_rna,ACZ81_09655,tier1:gene_id
ACZ81_RS09670,-0.3284361045344004,2182.818772950222,0.3308495012679449,0.5039362942623368,RNA,C4vsC1_rna,ACZ81_09660,tier1:gene_id
ACZ81_RS09675,-0.9992775644434368,1037.2977843853298,0.0010780346963816,0.0063604047086517,RNA,C4vsC1_rna,ACZ81_09665,tier1:gene_id
ACZ81_RS09680,0.0054150212259352,741.8893609363333,0.9851836392058952,0.9906958969325864,RNA,C4vsC1_rna,ACZ81_09670,tier1:gene_id
ACZ81_RS09685,0.2569523872708816,50.07843230403911,0.5134766881183184,0.6655769973254785,RNA,C4vsC1_rna,ACZ81_09675,tier1:gene_id
ACZ81_RS09690,-0.0705082120201335,1430.7653010455117,0.7648502563131837,0.854015120146171,RNA,C4vsC1_rna,ACZ81_09680,tier1:gene_id
ACZ81_RS09695,0.2984258185002156,275.7023433691783,0.2964399864950791,0.467866729275475,RNA,C4vsC1_rna,ACZ81_09685,tier1:gene_id
ACZ81_RS09700,1.6933095763750632,60.46375328944342,0.0020378890541949,0.0105151633608928,RNA,C4vsC1_rna,ACZ81_09690,tier1:gene_id
ACZ81_RS09705,0.3210866527175527,456.5421571025148,0.1560950928454118,0.2937167203676909,RNA,C4vsC1_rna,ACZ81_09695,tier1:gene_id
ACZ81_RS09710,-2.208944312052428,3041.183784202341,6.917744006557905e-06,9.4723511789455e-05,RNA,C4vsC1_rna,ACZ81_09700,tier1:gene_id
ACZ81_RS09715,0.5976979771274259,342.1180003597426,0.1073925081857539,0.223011771656959,RNA,C4vsC1_rna,ACZ81_09705,tier1:gene_id
ACZ81_RS09720,0.8165750584697965,1608.7599300428008,0.049681859064547,0.1254836940346176,RNA,C4vsC1_rna,ACZ81_09710,tier1:gene_id
ACZ81_RS09725,0.4527936015098235,85.99703578044439,0.4387973565590259,0.6039296722177743,RNA,C4vsC1_rna,ACZ81_09715,tier1:gene_id
ACZ81_RS09730,-0.0384430028183048,417.50622754241823,0.9165475432450616,0.9533805401864628,RNA,C4vsC1_rna,ACZ81_09720,tier1:gene_id
ACZ81_RS09735,0.904215644232887,296.5895283278391,0.0384318857216895,0.1036911402255671,RNA,C4vsC1_rna,ACZ81_09725,tier1:gene_id
ACZ81_RS09740,-0.6844312543189136,628.4654529663268,0.0293448130212214,0.0849268092760136,RNA,C4vsC1_rna,ACZ81_09730,tier1:gene_id
ACZ81_RS09745,-0.4443626687203585,529.4101106924805,0.2982512042097907,0.4699857939079656,RNA,C4vsC1_rna,ACZ81_09735,tier1:gene_id
ACZ81_RS09750,-0.2677997123649396,682.8355337272371,0.5452741045230258,0.6929489095173834,RNA,C4vsC1_rna,ACZ81_09740,tier1:gene_id
ACZ81_RS09755,0.3688835093865533,1385.2568533185486,0.0061216524226593,0.0252156771249584,RNA,C4vsC1_rna,ACZ81_09745,tier1:gene_id
ACZ81_RS09765,-0.8177408997129914,208.8911013231936,0.0243871457490262,0.074460600262628,RNA,C4vsC1_rna,ACZ81_09755,tier1:gene_id
ACZ81_RS09770,0.3673738607958505,7962.667525387616,0.4792551780377332,0.6349972834502595,RNA,C4vsC1_rna,ACZ81_09760,tier1:gene_id
ACZ81_RS09775,0.2033517589820046,2176.284943924458,0.3992487153630968,0.568651677621958,RNA,C4vsC1_rna,ACZ81_09765,tier1:gene_id
ACZ81_RS09780,-0.3729841594155015,1654.0577648044937,0.2820302551251807,0.4522403611359812,RNA,C4vsC1_rna,ACZ81_09770,tier1:gene_id
ACZ81_RS09785,-0.0264326678656773,5841.483437772712,0.9475810660829622,0.9698202135522562,RNA,C4vsC1_rna,ACZ81_09775,tier1:gene_id
ACZ81_RS09790,-0.5565132501760324,3334.023893248387,0.0494272370330502,0.1253058955168754,RNA,C4vsC1_rna,ACZ81_09780,tier1:gene_id
ACZ81_RS09795,0.3545618184755948,5318.699448688039,0.1827812217902912,0.3315182015473094,RNA,C4vsC1_rna,ACZ81_09785,tier1:gene_id
ACZ81_RS09800,0.4126936232004459,2997.548237542764,0.1424666779835558,0.2751932171738208,RNA,C4vsC1_rna,ACZ81_09790,tier1:gene_id
ACZ81_RS09805,0.1583871629192726,4151.835666690947,0.7211992918502232,0.8230201484214643,RNA,C4vsC1_rna,ACZ81_09795,tier1:gene_id
ACZ81_RS09810,0.2843513188444219,2994.519531608944,0.210156438693761,0.3683791222438007,RNA,C4vsC1_rna,ACZ81_09800,tier1:gene_id
ACZ81_RS09825,1.1449002129864825,7140.024352116634,0.1222094663300486,0.24576660597301,RNA,C4vsC1_rna,ACZ81_09815,tier1:gene_id
ACZ81_RS09830,0.9405681294249388,590.1088767337357,0.0002716578110665,0.0020409946404479,RNA,C4vsC1_rna,ACZ81_09820,tier1:gene_id
ACZ81_RS09835,0.9384209522368202,1509.8895673241016,0.1205444667091528,0.243027336903076,RNA,C4vsC1_rna,ACZ81_09825,tier1:gene_id
ACZ81_RS09840,0.2311978374627206,1308.734202735049,0.596555035125824,0.7339765314664297,RNA,C4vsC1_rna,ACZ81_09830,tier1:gene_id
ACZ81_RS09845,0.4798164038768335,462.5362469268889,0.2543048454949711,0.4200374804964282,RNA,C4vsC1_rna,ACZ81_09835,tier1:gene_id
ACZ81_RS09850,0.0335293650397518,515.5844570679081,0.9531575290487676,0.9732445143652052,RNA,C4vsC1_rna,ACZ81_09840,tier1:gene_id
ACZ81_RS09855,-0.0560611827281876,257.5509526713072,0.9051153020573652,0.9457082318708678,RNA,C4vsC1_rna,ACZ81_09845,tier1:gene_id
ACZ81_RS09860,0.4102022134529521,1197.3548151003797,0.2490636272129589,0.4137653301773876,RNA,C4vsC1_rna,ACZ81_09850,tier1:gene_id
ACZ81_RS09865,0.949052416949035,1115.6630932483354,0.0661893479472841,0.1548406203874659,RNA,C4vsC1_rna,ACZ81_09855,tier1:gene_id
ACZ81_RS09870,0.2929671946685356,382.0025203636032,0.2104478963563105,0.3686763004671534,RNA,C4vsC1_rna,ACZ81_09860,tier1:gene_id
ACZ81_RS09875,0.294434577077717,418.99682443834814,0.3033434153041541,0.4757192571443031,RNA,C4vsC1_rna,ACZ81_09865,tier1:gene_id
ACZ81_RS09880,-0.233306798872785,1078.267607166808,0.3366759461716382,0.5099070955230701,RNA,C4vsC1_rna,ACZ81_09870,tier1:gene_id
ACZ81_RS09885,0.2654605691934755,3612.6420273531367,0.2919373852201157,0.4625800906410365,RNA,C4vsC1_rna,ACZ81_09875,tier1:gene_id
ACZ81_RS09890,0.3629823180165422,382.8200273182621,0.1891182692069255,0.3400907647055962,RNA,C4vsC1_rna,ACZ81_09880,tier1:gene_id
ACZ81_RS09895,-1.060067206250169,5943.490322968216,0.0107602913108224,0.0392100715159125,RNA,C4vsC1_rna,ACZ81_09885,tier1:gene_id
ACZ81_RS09905,0.4876056447801631,4344.221313912689,0.2863625030782154,0.4569953708630868,RNA,C4vsC1_rna,ACZ81_09895,tier1:gene_id
ACZ81_RS09910,0.785636250318609,892.376866416506,8.888609030672633e-05,0.0008154230562575,RNA,C4vsC1_rna,ACZ81_09900,tier1:gene_id
ACZ81_RS09915,1.153520484335984,278.4538013817748,0.0030990069240543,0.0146791213451073,RNA,C4vsC1_rna,ACZ81_09905,tier1:gene_id
ACZ81_RS09920,0.871323439372715,1478.2347936879953,0.0004592100643653,0.0031819529848598,RNA,C4vsC1_rna,ACZ81_09910,tier1:gene_id
ACZ81_RS09925,-0.3839032901868635,911.5613067770262,0.1267693682949334,0.2527826568584855,RNA,C4vsC1_rna,ACZ81_09915,tier1:gene_id
ACZ81_RS09930,-0.2458071562794499,402.8752521047056,0.3764460267918269,0.5470124808000035,RNA,C4vsC1_rna,ACZ81_09920,tier1:gene_id
ACZ81_RS09935,0.2748188905838926,160.3456263422814,0.4051806429087843,0.5736008254587307,RNA,C4vsC1_rna,ACZ81_09925,tier1:gene_id
ACZ81_RS09940,-0.1441919530593803,155.40290638298168,0.6744361388512802,0.7925711157209537,RNA,C4vsC1_rna,ACZ81_09930,tier1:gene_id
ACZ81_RS09945,0.3032694195171556,652.8999370493137,0.2486774778550163,0.4132949631956609,RNA,C4vsC1_rna,ACZ81_09935,tier1:gene_id
ACZ81_RS09950,0.53540511158008,1150.8055757931784,0.016176492452801,0.0536808004306352,RNA,C4vsC1_rna,ACZ81_09940,tier1:gene_id
ACZ81_RS09955,-0.9832112177263777,5010.313073781196,0.0176231077692388,0.0574361562714754,RNA,C4vsC1_rna,ACZ81_09945,tier1:gene_id
ACZ81_RS09960,-1.3200147156491828,3216.7986404751064,0.0062917403624206,0.025705155126305,RNA,C4vsC1_rna,ACZ81_09950,tier1:gene_id
ACZ81_RS09965,0.3126149091503353,327.92527297654067,0.3915415448526098,0.5616864408602942,RNA,C4vsC1_rna,ACZ81_09955,tier1:gene_id
ACZ81_RS09970,1.1680811271988991,516.843564723299,0.0008216722323934,0.005118864901184,RNA,C4vsC1_rna,ACZ81_09960,tier1:gene_id
ACZ81_RS09975,1.3428823328420496,221.72615372430744,0.0122055914130786,0.0430546797813108,RNA,C4vsC1_rna,ACZ81_09965,tier1:gene_id
ACZ81_RS09980,0.0764516445669494,1354.826637383196,0.7257099895107453,0.8258327821021736,RNA,C4vsC1_rna,ACZ81_09970,tier1:gene_id
ACZ81_RS09985,0.0589994203594884,1539.6037198434487,0.7454050251175177,0.8401129595801781,RNA,C4vsC1_rna,ACZ81_09975,tier1:gene_id
ACZ81_RS09990,0.0825696474842592,1316.0884658621644,0.6836516300049906,0.7987217063424642,RNA,C4vsC1_rna,ACZ81_09980,tier1:gene_id
ACZ81_RS09995,-0.2102919563597806,706.6311491668175,0.3897569456305872,0.5602668813579061,RNA,C4vsC1_rna,ACZ81_09985,tier1:gene_id
ACZ81_RS10000,0.6197261486401543,238.20080227859765,0.0515690339207724,0.1293093525563368,RNA,C4vsC1_rna,ACZ81_09990,tier1:gene_id
ACZ81_RS10005,0.1942495563921134,283.2689941849885,0.6177827295588947,0.7508465043896654,RNA,C4vsC1_rna,ACZ81_09995,tier1:gene_id
ACZ81_RS10010,0.5352518573999593,541.1423222393803,0.0425857223502754,0.1120353561110197,RNA,C4vsC1_rna,ACZ81_10000,tier1:gene_id
ACZ81_RS10015,0.2422217714407707,661.8288403983591,0.523577289422088,0.6734242198237387,RNA,C4vsC1_rna,ACZ81_10005,tier1:gene_id
ACZ81_RS10020,-0.2342271414792654,261.5397010917126,0.4338259991675627,0.5995556006408066,RNA,C4vsC1_rna,ACZ81_10010,tier1:gene_id
ACZ81_RS10025,-0.6139818514377837,919.0136146685496,0.2114197164755102,0.369432013283862,RNA,C4vsC1_rna,ACZ81_10015,tier1:gene_id
ACZ81_RS10030,0.1079226958420008,53.22836220221597,0.8038370052926486,0.8801839697691338,RNA,C4vsC1_rna,ACZ81_10020,tier1:gene_id
ACZ81_RS10035,-0.9630476529031988,358.5586336601677,0.0002581092983232,0.0019810038075968,RNA,C4vsC1_rna,ACZ81_10025,tier1:gene_id
ACZ81_RS10040,-3.91355105268013,263.91980853687977,5.825305247195969e-15,6.677464186214351e-13,RNA,C4vsC1_rna,ACZ81_10030,tier1:gene_id
ACZ81_RS10045,0.1212343888251054,1444.0106672907302,0.8476108135388429,0.9141437053542576,RNA,C4vsC1_rna,ACZ81_10035,tier1:gene_id
ACZ81_RS10050,0.7461314099405302,1314.6449872910473,0.2124416162658702,0.3707332598776299,RNA,C4vsC1_rna,ACZ81_10040,tier1:gene_id
ACZ81_RS10055,-1.9819312765148327,1809.059158748708,3.2167008266914735e-08,8.603602477790793e-07,RNA,C4vsC1_rna,ACZ81_10045,tier1:gene_id
ACZ81_RS10060,-1.1572478234802874,470.3138091704895,0.0009117067579476,0.0055577755663515,RNA,C4vsC1_rna,ACZ81_10050,tier1:gene_id
ACZ81_RS10065,-0.9090548748780676,108.17243975322974,0.042061636621752,0.1110205829779402,RNA,C4vsC1_rna,ACZ81_10055,tier1:gene_id
ACZ81_RS10070,0.6686975033567215,328.51660881713025,0.0448396884790938,0.1165890020597049,RNA,C4vsC1_rna,ACZ81_10060,tier1:gene_id
ACZ81_RS10075,1.2347835090910029,50.19343763707538,0.0109189498184191,0.0396800966227331,RNA,C4vsC1_rna,ACZ81_10065,tier1:gene_id
ACZ81_RS10080,0.5527124420278785,1453.6499914353049,0.1629662306557534,0.3042157207618258,RNA,C4vsC1_rna,ACZ81_10070,tier1:gene_id
ACZ81_RS10085,-0.5003545348069957,1818.746765214793,0.1830472576087508,0.3317008118908348,RNA,C4vsC1_rna,ACZ81_10075,tier1:gene_id
ACZ81_RS10090,-0.5156764582860079,1976.2483966631944,0.1769544089633661,0.3233939382963959,RNA,C4vsC1_rna,ACZ81_10080,tier1:gene_id
ACZ81_RS10095,-0.1890839098117623,371.2098487630968,0.5316048837865712,0.6805356712673017,RNA,C4vsC1_rna,ACZ81_10085,tier1:gene_id
ACZ81_RS10100,-0.7076071709993048,614.1424677493376,0.0030658230932033,0.0145644369901567,RNA,C4vsC1_rna,ACZ81_10090,tier1:gene_id
ACZ81_RS10105,-0.0632670064894159,357.47288236122586,0.7800089247078164,0.8639966333317944,RNA,C4vsC1_rna,ACZ81_10095,tier1:gene_id
ACZ81_RS10110,-0.1439771200492304,1201.0885176531835,0.4645379965472428,0.6233168088119981,RNA,C4vsC1_rna,ACZ81_10100,tier1:gene_id
ACZ81_RS10115,0.9949180241571812,6409.570652049457,0.0065514604147738,0.0266576665152868,RNA,C4vsC1_rna,ACZ81_10105,tier1:gene_id
ACZ81_RS10120,0.3294752345436519,247.999229397308,0.3458445870045789,0.5196735891619365,RNA,C4vsC1_rna,ACZ81_10110,tier1:gene_id
ACZ81_RS10125,-0.2314980282984833,330.18046086897215,0.4616462847959671,0.6208933605770768,RNA,C4vsC1_rna,ACZ81_10115,tier1:gene_id
ACZ81_RS10130,0.1710205432115344,2963.708651335573,0.6375570425974801,0.7646872510915068,RNA,C4vsC1_rna,ACZ81_10120,tier1:gene_id
ACZ81_RS10135,0.3518259236895968,92.13643103919796,0.3728521060045691,0.5437595962523923,RNA,C4vsC1_rna,ACZ81_10125,tier1:gene_id
ACZ81_RS10145,-3.1892904093259635,2925.443091606594,1.84610339124601e-15,2.3145521267746853e-13,RNA,C4vsC1_rna,ACZ81_10135,tier1:gene_id
ACZ81_RS10150,-3.4529043622327995,2977.88249833764,4.811953245221536e-13,4.196860091267131e-11,RNA,C4vsC1_rna,ACZ81_10140,tier1:gene_id
ACZ81_RS10155,-3.082929777484218,4267.1717497753325,5.946361844245596e-13,4.970167441481944e-11,RNA,C4vsC1_rna,ACZ81_10145,tier1:gene_id
ACZ81_RS10160,-0.5222065830605704,734.3325369256646,0.0174492041174233,0.0572870495608864,RNA,C4vsC1_rna,ACZ81_10150,tier1:gene_id
ACZ81_RS10165,-0.2935847490248809,561.2244902895359,0.2712208326507378,0.4400072707621351,RNA,C4vsC1_rna,ACZ81_10155,tier1:gene_id
ACZ81_RS10170,-0.3548593859245091,715.0282583195304,0.1648546549739998,0.3059189989619276,RNA,C4vsC1_rna,ACZ81_10160,tier1:gene_id
ACZ81_RS10175,0.1576523983594886,193.60977863849143,0.576268384323011,0.718231984437378,RNA,C4vsC1_rna,ACZ81_10165,tier1:gene_id
ACZ81_RS10180,0.7111076475577943,1353.9629359077924,0.1366018818863188,0.2670793129278319,RNA,C4vsC1_rna,ACZ81_10170,tier1:gene_id
ACZ81_RS10185,-0.8007309551989092,638.4877513836249,0.0118778392803236,0.0421715851262465,RNA,C4vsC1_rna,ACZ81_10175,tier1:gene_id
ACZ81_RS10190,0.8295365205120924,966.9886238193463,0.0154475170543554,0.0516892730792944,RNA,C4vsC1_rna,ACZ81_10180,tier1:gene_id
ACZ81_RS10195,0.0612341969734022,205.38624593259453,0.8808805053544722,0.9331487679628112,RNA,C4vsC1_rna,ACZ81_10185,tier1:gene_id
ACZ81_RS10200,-0.7433112082380651,3314.060898748632,0.0076904972158386,0.0299847180077205,RNA,C4vsC1_rna,ACZ81_10190,tier1:gene_id
ACZ81_RS10205,-1.4145439941593183,20379.25634005183,1.5188431650365081e-07,3.502068263291075e-06,RNA,C4vsC1_rna,ACZ81_10195,tier1:gene_id
ACZ81_RS10210,0.5512492136345155,933.0655788096336,0.0270579568226289,0.0800589499546497,RNA,C4vsC1_rna,ACZ81_10200,tier1:gene_id
ACZ81_RS10215,0.1492431514132323,471.3927951979778,0.5892810608540848,0.727668703030652,RNA,C4vsC1_rna,ACZ81_10205,tier1:gene_id
ACZ81_RS10220,-0.4980669836621616,822.4685843078807,0.208649581581781,0.3663466614031096,RNA,C4vsC1_rna,ACZ81_10210,tier1:gene_id
ACZ81_RS10230,-0.504865009443504,7495.695893611436,0.1059087326289762,0.2211670925543802,RNA,C4vsC1_rna,ACZ81_10220,tier1:gene_id
ACZ81_RS10235,-0.8696972551963351,4906.632548583094,0.0591043298622465,0.1424183612056054,RNA,C4vsC1_rna,ACZ81_10225,tier1:gene_id
ACZ81_RS10240,-0.255741350771309,630.5392353678618,0.4748343961696911,0.6322720203892468,RNA,C4vsC1_rna,ACZ81_10230,tier1:gene_id
ACZ81_RS10245,0.864399968905935,885.9602521357151,0.0103109704553876,0.0378824299148489,RNA,C4vsC1_rna,ACZ81_10235,tier1:gene_id
ACZ81_RS10250,-0.8217904223401445,7132.375876796375,0.0014435496666563,0.0079119142932041,RNA,C4vsC1_rna,ACZ81_10240,tier1:gene_id
ACZ81_RS10255,0.7199546017652145,464.8569216277421,0.0798966007960553,0.1783779423448936,RNA,C4vsC1_rna,ACZ81_10245,tier1:gene_id
ACZ81_RS10260,0.0798530107248479,1188.6155613866451,0.6627200958333324,0.7847795231650914,RNA,C4vsC1_rna,ACZ81_10250,tier1:gene_id
ACZ81_RS10265,0.3401724448463439,58.27612269748087,0.3102110903745705,0.4823902692181306,RNA,C4vsC1_rna,ACZ81_10255,tier1:gene_id
ACZ81_RS10270,0.1765825910972311,1124.0528057257134,0.3820778996117448,0.5520399051852046,RNA,C4vsC1_rna,ACZ81_10260,tier1:gene_id
ACZ81_RS10275,-0.2068928825870215,2261.179246054716,0.3794392122630871,0.5497689128203342,RNA,C4vsC1_rna,ACZ81_10265,tier1:gene_id
ACZ81_RS10280,0.6028473554588154,84696.51786304824,0.4043336304318707,0.5732107863224966,RNA,C4vsC1_rna,ACZ81_10270,tier1:gene_id
ACZ81_RS10285,2.0921256686590493,331.65986303011607,9.792938392292291e-12,5.612752689982381e-10,RNA,C4vsC1_rna,ACZ81_10275,tier1:gene_id
ACZ81_RS10290,0.7070160748197679,314.6485874011712,0.0923659265711598,0.1995541719997272,RNA,C4vsC1_rna,ACZ81_10280,tier1:gene_id
ACZ81_RS10295,0.9026217217415804,24.27938115146271,0.2527317596697604,0.4179554079946738,RNA,C4vsC1_rna,,unresolved
ACZ81_RS10300,-0.4011849373216014,305.6025334416631,0.2131415712227289,0.3713688450120257,RNA,C4vsC1_rna,ACZ81_10290,tier1:gene_id
ACZ81_RS10305,-1.265919297972008,1115.9392843881062,7.54586525492239e-05,0.0007166309902236,RNA,C4vsC1_rna,ACZ81_10295,tier1:gene_id
ACZ81_RS10310,-1.3587739790765816,745.4436983660881,4.610122942986064e-06,6.67718889792783e-05,RNA,C4vsC1_rna,ACZ81_10300,tier1:gene_id
ACZ81_RS10315,-1.3792521701251097,610.3220575429252,0.0001442364321566,0.0012234176867073,RNA,C4vsC1_rna,ACZ81_10305,tier1:gene_id
ACZ81_RS10320,-2.45911787273286,2681.952721466744,6.587071263588301e-10,2.7244670009810578e-08,RNA,C4vsC1_rna,ACZ81_10310,tier1:gene_id
ACZ81_RS10325,-2.768623762421733,302.89521708086966,2.641056618870984e-15,3.2108845923970883e-13,RNA,C4vsC1_rna,,unresolved
ACZ81_RS10330,-1.5934981191827955,863.4644187708549,0.0009057111094267,0.0055484031042609,RNA,C4vsC1_rna,ACZ81_10320,tier1:gene_id
ACZ81_RS10335,-0.6217186689110981,421.8613496264898,0.2068144737177089,0.363601958175043,RNA,C4vsC1_rna,ACZ81_10325,tier1:gene_id
ACZ81_RS10340,-0.4463735241759645,606.1446805465978,0.4138595161128932,0.581222146017698,RNA,C4vsC1_rna,ACZ81_10330,tier1:gene_id
ACZ81_RS10345,-1.9262284134089167,134.89305897214166,0.0273425541911813,0.0807198877226044,RNA,C4vsC1_rna,ACZ81_10335,tier1:gene_id
ACZ81_RS10350,-1.1486722039753603,1495.4415251178616,4.1035213235957133e-07,8.399656913401021e-06,RNA,C4vsC1_rna,ACZ81_10340,tier1:gene_id
ACZ81_RS10355,-0.462775817180753,336.46291674547706,0.1417741745177876,0.2741195123688502,RNA,C4vsC1_rna,ACZ81_10345,tier1:gene_id
ACZ81_RS10360,-3.060482443663381,11737.43687625664,4.031979821467979e-12,2.6090811360854077e-10,RNA,C4vsC1_rna,ACZ81_10350,tier1:gene_id
ACZ81_RS10365,-3.1272071800956915,11731.48067257195,5.688057147034858e-12,3.457649283924826e-10,RNA,C4vsC1_rna,ACZ81_10355,tier1:gene_id
ACZ81_RS10370,0.0944600666885676,304.7887055672271,0.7935769163066825,0.8734788993751469,RNA,C4vsC1_rna,ACZ81_10360,tier1:gene_id
ACZ81_RS10375,0.0790052478929166,3030.151187170149,0.8267255031350697,0.898624415762097,RNA,C4vsC1_rna,ACZ81_10365,tier1:gene_id
ACZ81_RS10380,-0.3173175859602637,1215.3462878637745,0.3182210261704808,0.4910395219215266,RNA,C4vsC1_rna,ACZ81_10370,tier1:gene_id
ACZ81_RS10385,-0.6310755926884974,127.1806218479686,0.1236587941469884,0.2478117293295292,RNA,C4vsC1_rna,ACZ81_10375,tier1:gene_id
ACZ81_RS10390,0.2411131701497723,1131.884960700047,0.4848679491662647,0.6391954591575495,RNA,C4vsC1_rna,ACZ81_10380,tier1:gene_id
ACZ81_RS10395,-0.0719267144266545,94.91053160173712,0.8685701430001633,0.9261282830161208,RNA,C4vsC1_rna,ACZ81_10385,tier1:gene_id
ACZ81_RS10400,-0.2272979188569314,219.90439610620663,0.3824000579734309,0.5520651430692353,RNA,C4vsC1_rna,ACZ81_10390,tier1:gene_id
ACZ81_RS10405,1.225744615401741,25.669848842964125,0.0428070660809662,0.112325459402016,RNA,C4vsC1_rna,ACZ81_10395,tier1:gene_id
ACZ81_RS10410,0.4918073376255579,63.14545649465074,0.1458624073790617,0.2798307589854212,RNA,C4vsC1_rna,ACZ81_10400,tier1:gene_id
ACZ81_RS10415,-0.036820638945351,1307.052808642416,0.8691925549637861,0.9262152803491924,RNA,C4vsC1_rna,ACZ81_10405,tier1:gene_id
ACZ81_RS10420,-1.1804374375814315,1471.669862171654,8.939231072583939e-05,0.0008162645299699,RNA,C4vsC1_rna,ACZ81_10410,tier1:gene_id
ACZ81_RS10425,-0.4440920898264056,998.6751548384706,0.0805186613599887,0.1795669090474012,RNA,C4vsC1_rna,ACZ81_10415,tier1:gene_id
ACZ81_RS10430,0.1611159770487669,751.540125884035,0.5023034228479273,0.655363034948255,RNA,C4vsC1_rna,ACZ81_10420,tier1:gene_id
ACZ81_RS10435,0.3624285298626191,355.1320575672126,0.2263948534682409,0.3873993708294173,RNA,C4vsC1_rna,ACZ81_10425,tier1:gene_id
ACZ81_RS10440,-0.0732977392173489,747.5549931261144,0.7425603086753931,0.8385505197087456,RNA,C4vsC1_rna,ACZ81_10430,tier1:gene_id
ACZ81_RS10445,0.2740898900988731,434.5214387966237,0.259085765734557,0.425481822401573,RNA,C4vsC1_rna,ACZ81_10435,tier1:gene_id
ACZ81_RS10450,-0.4596621270695727,103.9417407295593,0.1497816432572826,0.2858819946471064,RNA,C4vsC1_rna,ACZ81_10440,tier1:gene_id
ACZ81_RS10455,-0.0053386132657247,212.12724484705188,0.9829789811747058,0.9893907858687706,RNA,C4vsC1_rna,ACZ81_10445,tier1:gene_id
ACZ81_RS10460,-0.2305494926625163,374.4220783827301,0.556904409771418,0.7012870345269708,RNA,C4vsC1_rna,ACZ81_10450,tier1:gene_id
ACZ81_RS10465,-0.2936265589272667,703.6745298361524,0.4161914890626127,0.5838322566850358,RNA,C4vsC1_rna,ACZ81_10455,tier1:gene_id
ACZ81_RS10470,0.7510711952339949,342.7583108954653,0.0319623487230148,0.0903048894906589,RNA,C4vsC1_rna,ACZ81_10460,tier1:gene_id
ACZ81_RS10490,0.9468208425981752,396.7878555658206,1.1266916619857768e-05,0.0001435011729487,RNA,C4vsC1_rna,ACZ81_10480,tier1:gene_id
ACZ81_RS10495,0.1991022239651128,513.1619004556368,0.4123235650466063,0.5796223346065118,RNA,C4vsC1_rna,ACZ81_10485,tier1:gene_id
ACZ81_RS10500,0.4217355847320555,2466.838122373768,0.0973012226842664,0.2069843612986621,RNA,C4vsC1_rna,ACZ81_10490,tier1:gene_id
ACZ81_RS10505,-0.1383406215314829,194.11150350310737,0.6972821729490948,0.8082912678046138,RNA,C4vsC1_rna,ACZ81_10495,tier1:gene_id
ACZ81_RS10510,0.4922820570130882,249.6418167624421,0.0770571736327298,0.1731331391807307,RNA,C4vsC1_rna,ACZ81_10500,tier1:gene_id
ACZ81_RS10515,-0.4020450532940756,1650.679676936287,0.1208516405257235,0.2434019988901621,RNA,C4vsC1_rna,,unresolved
ACZ81_RS10520,1.0518639266845595,118.75478312836977,0.0263209492744059,0.0786296712501239,RNA,C4vsC1_rna,ACZ81_10510,tier1:gene_id
ACZ81_RS10535,0.1232606192199189,167.37604016146247,0.6473897040994112,0.7739354865455417,RNA,C4vsC1_rna,ACZ81_10525,tier1:gene_id
ACZ81_RS10540,1.206452609299006,3.855494485214918,0.3642631570604381,0.5359881206472377,RNA,C4vsC1_rna,ACZ81_10530,tier1:gene_id
ACZ81_RS10545,0.0589077302000175,31.446940784422523,0.9105922998956996,0.9486617260923258,RNA,C4vsC1_rna,ACZ81_10535,tier1:gene_id
ACZ81_RS10550,1.905908172005803,108.61605736416222,2.801714355692035e-05,0.0003088043405229,RNA,C4vsC1_rna,ACZ81_10540,tier1:gene_id
ACZ81_RS10560,-2.335308199750377,27485.29866024825,5.511826348277521e-05,0.0005468446520923,RNA,C4vsC1_rna,ACZ81_10550,tier1:gene_id
ACZ81_RS10565,-1.243045446338252,289.0122632214753,0.00017736695937,0.0014492795132237,RNA,C4vsC1_rna,ACZ81_10555,tier1:gene_id
ACZ81_RS10570,-1.2780833138341776,127.92661786424352,0.012902638595666,0.0450525553053195,RNA,C4vsC1_rna,ACZ81_10560,tier1:gene_id
ACZ81_RS10575,-1.499392161316001,73.95202247039929,0.0027269604643192,0.0132628311360727,RNA,C4vsC1_rna,ACZ81_10565,tier1:gene_id
ACZ81_RS10580,-1.1617657047518752,52.33777468822628,0.0098006896803934,0.036306894734754,RNA,C4vsC1_rna,ACZ81_10570,tier1:gene_id
ACZ81_RS10585,0.174033210001691,276.506823736537,0.7784685698407277,0.8635483478490324,RNA,C4vsC1_rna,ACZ81_10575,tier1:gene_id
ACZ81_RS10590,-0.2021155625896122,107.11408509134884,0.5427818870600991,0.6910951859362481,RNA,C4vsC1_rna,ACZ81_10580,tier1:gene_id
ACZ81_RS10595,0.5701456292244544,3204.9049336970866,0.1485789549156383,0.2839917899578567,RNA,C4vsC1_rna,ACZ81_10585,tier1:gene_id
ACZ81_RS10600,0.775012586139141,2907.1973279673034,1.68488872354619e-07,3.819081106704696e-06,RNA,C4vsC1_rna,ACZ81_10590,tier1:gene_id
ACZ81_RS10605,0.6814117758644916,387.1845505781103,0.0509938591363102,0.1282216363592293,RNA,C4vsC1_rna,ACZ81_10595,tier1:gene_id
ACZ81_RS10610,-0.6302583497774814,469.4058431913156,0.0217299142825525,0.0680565309145987,RNA,C4vsC1_rna,ACZ81_10600,tier1:gene_id
ACZ81_RS10615,-0.5023001992588447,1384.0180801967958,0.1561559732164219,0.2937167203676909,RNA,C4vsC1_rna,ACZ81_10605,tier1:gene_id
ACZ81_RS10620,0.1943459279115115,1455.4979955453366,0.5000320341368879,0.6534262520360905,RNA,C4vsC1_rna,,unresolved
ACZ81_RS10625,0.0025573309677108,182.4049197060084,0.9960911546697556,0.996909003687365,RNA,C4vsC1_rna,ACZ81_10615,tier1:gene_id
ACZ81_RS10630,-0.6305507092911088,4125.587338911498,0.0487714796202401,0.1243880591715849,RNA,C4vsC1_rna,ACZ81_10620,tier1:gene_id
ACZ81_RS10635,-0.8219468820662452,398.19873525015583,0.0101154501034372,0.0372322805642113,RNA,C4vsC1_rna,ACZ81_10625,tier1:gene_id
ACZ81_RS10640,0.3513926504831229,581.562784241207,0.067720416133105,0.1576867727951348,RNA,C4vsC1_rna,ACZ81_10630,tier1:gene_id
ACZ81_RS10645,-0.2635869700411709,1626.8052285898254,0.2193243010457954,0.3787899680567075,RNA,C4vsC1_rna,ACZ81_10635,tier1:gene_id
ACZ81_RS10650,0.0744633600564254,302.8852298636338,0.8281486484544949,0.8999275128925875,RNA,C4vsC1_rna,ACZ81_10640,tier1:gene_id
ACZ81_RS10655,0.5419426165790292,335.95140915051707,0.071276426747489,0.1638745123844847,RNA,C4vsC1_rna,ACZ81_10645,tier1:gene_id
ACZ81_RS10665,-0.1396389379578561,5436.72181804928,0.5906708957620765,0.729160502706908,RNA,C4vsC1_rna,ACZ81_10655,tier1:gene_id
ACZ81_RS10670,0.2223756189473288,26305.707648536907,0.4455038954952094,0.608981815579823,RNA,C4vsC1_rna,ACZ81_10660,tier1:gene_id
ACZ81_RS10675,1.218858501862668,4492.887396049648,0.0005150261991668,0.0035200768501832,RNA,C4vsC1_rna,ACZ81_10665,tier1:gene_id
ACZ81_RS10680,0.6199168281514573,705.1714433039945,0.031427875810538,0.0894880324711699,RNA,C4vsC1_rna,ACZ81_10670,tier1:gene_id
ACZ81_RS10685,0.4727540725275959,915.9369597750618,0.0953922260702625,0.2037799674455654,RNA,C4vsC1_rna,ACZ81_10675,tier1:gene_id
ACZ81_RS10690,0.323391055220819,8075.634241725112,0.1141644764101567,0.2338069828267223,RNA,C4vsC1_rna,ACZ81_10680,tier1:gene_id
ACZ81_RS10695,0.5689618370098385,492.6577076466361,0.0208416228147115,0.0661523660859358,RNA,C4vsC1_rna,ACZ81_10685,tier1:gene_id
ACZ81_RS10700,0.7651141274705004,4348.2191702108585,0.0062878344362586,0.025705155126305,RNA,C4vsC1_rna,ACZ81_10690,tier1:gene_id
ACZ81_RS10705,0.5905887494646013,548.0902207436587,0.1281691096196538,0.2545616177198273,RNA,C4vsC1_rna,ACZ81_10695,tier1:gene_id
ACZ81_RS10710,0.5944044134404323,23.30661376733161,0.3822084325448637,0.5520399051852046,RNA,C4vsC1_rna,ACZ81_10700,tier1:gene_id
ACZ81_RS10715,0.4645878837757283,747.2479853130598,0.1772488623914993,0.3235315904980415,RNA,C4vsC1_rna,ACZ81_10705,tier1:gene_id
ACZ81_RS10720,0.7303829851643969,401.8897153910518,0.1646366645815605,0.3057734813917716,RNA,C4vsC1_rna,ACZ81_10710,tier1:gene_id
ACZ81_RS10725,-1.2477954042134096,168.65209429884254,0.0010800628152968,0.006363013237843,RNA,C4vsC1_rna,ACZ81_10715,tier1:gene_id
ACZ81_RS10730,0.1498297779908962,415.9264945213293,0.6689199154460399,0.7886296505346788,RNA,C4vsC1_rna,ACZ81_10720,tier1:gene_id
ACZ81_RS10735,0.0128200828904235,1004.6965460610876,0.9592667839694674,0.9757971938959364,RNA,C4vsC1_rna,ACZ81_10725,tier1:gene_id
ACZ81_RS10740,-0.2355013156276053,789.702822553403,0.6606021575283267,0.7830901583121422,RNA,C4vsC1_rna,ACZ81_10730,tier1:gene_id
ACZ81_RS10745,0.1116659895908445,182.97526809774823,0.7460600365220798,0.8401393449161589,RNA,C4vsC1_rna,ACZ81_10735,tier1:gene_id
ACZ81_RS10750,-0.1302769913425322,1816.870604232609,0.6952544459682735,0.8068732534639032,RNA,C4vsC1_rna,ACZ81_10740,tier1:gene_id
ACZ81_RS10755,-0.468574415844154,4064.491639457444,0.119590575508845,0.2419456088281458,RNA,C4vsC1_rna,ACZ81_10745,tier1:gene_id
ACZ81_RS10760,1.807280643181056,2056.3340604450423,4.4811146648080894e-05,0.0004669670658496,RNA,C4vsC1_rna,ACZ81_10750,tier1:gene_id
ACZ81_RS10765,0.8496610611978417,196.8175324846541,0.020702771490143,0.0658679771756177,RNA,C4vsC1_rna,ACZ81_10755,tier1:gene_id
ACZ81_RS10770,0.2012928640652725,311.9457862420496,0.5087816027992307,0.6620041448472702,RNA,C4vsC1_rna,ACZ81_10760,tier1:gene_id
ACZ81_RS10775,-0.0582347421135098,368.46477577409047,0.8117111575797825,0.8863081261112374,RNA,C4vsC1_rna,ACZ81_10765,tier1:gene_id
ACZ81_RS10780,-1.4503150207656137,2501.1279281689986,0.0003732666735161,0.0026847407639426,RNA,C4vsC1_rna,ACZ81_10770,tier1:gene_id
ACZ81_RS10785,0.0194275873780774,322.1281428030968,0.9503503076613088,0.9716629547240496,RNA,C4vsC1_rna,ACZ81_10775,tier1:gene_id
ACZ81_RS10790,1.0403935007605216,133.2278750448253,0.0357682858585627,0.0982830228017061,RNA,C4vsC1_rna,ACZ81_10780,tier1:gene_id
ACZ81_RS10795,-0.6810841458299183,397.813903494172,0.0317011377217087,0.0899960904214539,RNA,C4vsC1_rna,ACZ81_10785,tier1:gene_id
ACZ81_RS10800,-0.0156654539394838,301.5640177540925,0.9564189212858236,0.9748863598065864,RNA,C4vsC1_rna,ACZ81_10790,tier1:gene_id
ACZ81_RS10805,0.0049628993772684,1036.7563394975336,0.985510300263697,0.9906958969325864,RNA,C4vsC1_rna,ACZ81_10795,tier1:gene_id
ACZ81_RS10810,-0.2231628077948802,182.5199043608829,0.4348385529780211,0.6003345748616038,RNA,C4vsC1_rna,ACZ81_10800,tier1:gene_id
ACZ81_RS10815,0.3361229460850974,1450.1053214693632,0.0360806342305275,0.0987418175531218,RNA,C4vsC1_rna,ACZ81_10805,tier1:gene_id
ACZ81_RS10820,1.0394396749033268,2052.429094849703,0.0118146933818958,0.0420217640497927,RNA,C4vsC1_rna,ACZ81_10810,tier1:gene_id
ACZ81_RS10825,-0.5526242730598558,1475.4135154285095,0.0756761566523338,0.1706753702282018,RNA,C4vsC1_rna,ACZ81_10815,tier1:gene_id
ACZ81_RS10830,-1.5242985918650886,2628.458427814866,4.582817696380016e-07,9.239328943656596e-06,RNA,C4vsC1_rna,ACZ81_10820,tier1:gene_id
ACZ81_RS10835,-1.5441404285295022,17289.840517572993,0.0001111699765166,0.0009824095722135,RNA,C4vsC1_rna,ACZ81_10825,tier1:gene_id
ACZ81_RS10840,-1.5864262279618286,292.2798326550703,0.0091637693975479,0.0345861174251763,RNA,C4vsC1_rna,ACZ81_10830,tier1:gene_id
ACZ81_RS10845,-0.0373799428844321,3934.679166250614,0.8753513654502568,0.9310471045032954,RNA,C4vsC1_rna,ACZ81_10835,tier1:gene_id
ACZ81_RS10850,0.8337005020517498,344.6614863716828,0.0710001189009431,0.1633623961281617,RNA,C4vsC1_rna,ACZ81_10840,tier1:gene_id
ACZ81_RS10855,0.8932838099060604,247.06445318678087,0.0008844734455095,0.0054676540267861,RNA,C4vsC1_rna,ACZ81_10845,tier1:gene_id
ACZ81_RS10860,1.1072811264262592,205.59057195835675,0.0190707301262101,0.0614059143389686,RNA,C4vsC1_rna,ACZ81_10850,tier1:gene_id
ACZ81_RS10865,1.7596006553814032,166.35985230039032,0.0002567790054295,0.0019773461992001,RNA,C4vsC1_rna,ACZ81_10855,tier1:gene_id
ACZ81_RS10870,1.6052533937185252,223.0414943104128,0.0068688308678025,0.0276962305945969,RNA,C4vsC1_rna,ACZ81_10860,tier1:gene_id
ACZ81_RS10875,0.2455932327493116,576.3618970955116,0.5363564458867499,0.6839993836292564,RNA,C4vsC1_rna,ACZ81_10865,tier1:gene_id
ACZ81_RS10880,0.9838265145823356,177.37104356388602,0.0009029801860605,0.0055484031042609,RNA,C4vsC1_rna,ACZ81_10870,tier1:gene_id
ACZ81_RS10885,0.8572874319305023,688.889015947808,0.0004414769362321,0.0030911090194823,RNA,C4vsC1_rna,ACZ81_10875,tier1:gene_id
ACZ81_RS10890,0.1931054827900467,284.171159379707,0.4053402849849592,0.5736244174108136,RNA,C4vsC1_rna,ACZ81_10880,tier1:gene_id
ACZ81_RS10895,-0.0420027577243427,259.5973736637718,0.8546790965445114,0.9188444627457952,RNA,C4vsC1_rna,ACZ81_10885,tier1:gene_id
ACZ81_RS10900,-0.2117717355533628,719.9156787436106,0.4711054582373771,0.6297063119427093,RNA,C4vsC1_rna,ACZ81_10890,tier1:gene_id
ACZ81_RS10905,0.4374234786938739,758.56357734044,0.0523736313749449,0.1306735131071388,RNA,C4vsC1_rna,ACZ81_10895,tier1:gene_id
ACZ81_RS10910,-0.5341323657744641,2771.467795534877,0.1177272398911089,0.2390291935440936,RNA,C4vsC1_rna,ACZ81_10900,tier1:gene_id
ACZ81_RS10920,-0.628198219742844,347.3242474568888,0.0335551112179495,0.0936182936066854,RNA,C4vsC1_rna,ACZ81_10910,tier1:gene_id
ACZ81_RS10925,-0.2484361895535018,229.2525609703956,0.3966621641515675,0.5669428580605945,RNA,C4vsC1_rna,ACZ81_10915,tier1:gene_id
ACZ81_RS10935,-1.6231033864119533,149.8984662195764,3.0321200916242827e-05,0.0003323733827212,RNA,C4vsC1_rna,ACZ81_10925,tier1:gene_id
ACZ81_RS10940,0.9128655991102542,278.5609714154183,0.0363495638608748,0.0990285571665667,RNA,C4vsC1_rna,ACZ81_10930,tier1:gene_id
ACZ81_RS10945,0.6572338994932937,47.497282559996606,0.1038054659640278,0.2179289985159939,RNA,C4vsC1_rna,ACZ81_10935,tier1:gene_id
ACZ81_RS10950,2.0783114205211475,242.1444920953172,6.146568506603651e-06,8.622389107864982e-05,RNA,C4vsC1_rna,ACZ81_10940,tier1:gene_id
ACZ81_RS10955,-0.1607288280746298,173.54036612953547,0.5332202425168745,0.6819494981391243,RNA,C4vsC1_rna,ACZ81_10945,tier1:gene_id
ACZ81_RS10965,0.2875011717796899,98.75503117331296,0.4117729605556318,0.5790617872332183,RNA,C4vsC1_rna,ACZ81_10955,tier1:gene_id
ACZ81_RS10970,0.885660092391645,215.3049980230449,0.0006199570433346,0.0040708144973133,RNA,C4vsC1_rna,ACZ81_10960,tier1:gene_id
ACZ81_RS10975,0.2661915737809539,181.97451288996896,0.4694140361956175,0.6279492732976109,RNA,C4vsC1_rna,ACZ81_10965,tier1:gene_id
ACZ81_RS10980,0.0229529888899613,88.57676306956462,0.9547335280481182,0.9739107334169972,RNA,C4vsC1_rna,ACZ81_10970,tier1:gene_id
ACZ81_RS10985,0.1451747737691616,50.69111233377401,0.7517561627483142,0.8443589797257404,RNA,C4vsC1_rna,ACZ81_10975,tier1:gene_id
ACZ81_RS10995,0.6166861921809916,130.10790931195763,0.1047539803749673,0.2194636915218637,RNA,C4vsC1_rna,ACZ81_10985,tier1:gene_id
ACZ81_RS11000,0.733210054232708,48.73420977857647,0.1630969044343791,0.3042157207618258,RNA,C4vsC1_rna,ACZ81_10990,tier1:gene_id
ACZ81_RS11005,0.6398061687863585,169.33844761013552,0.0664170049924932,0.1552826480360623,RNA,C4vsC1_rna,ACZ81_10995,tier1:gene_id
ACZ81_RS11010,-0.330326502749174,271.9748036250894,0.3027532965203962,0.4755858361941384,RNA,C4vsC1_rna,ACZ81_11000,tier1:gene_id
ACZ81_RS11015,0.3510334895852666,893.9694260398845,0.0851982269865118,0.1872960474903482,RNA,C4vsC1_rna,ACZ81_11005,tier1:gene_id
ACZ81_RS11020,-0.3852798980715815,794.3480488835501,0.2986633822400762,0.4704464586813353,RNA,C4vsC1_rna,ACZ81_11010,tier1:gene_id
ACZ81_RS11025,0.9838435292598016,158.5219523292378,0.0016123798644728,0.0086251573550201,RNA,C4vsC1_rna,ACZ81_11015,tier1:gene_id
ACZ81_RS11030,0.4537920835161007,991.2321228488776,0.0405127316191067,0.1080018219859623,RNA,C4vsC1_rna,ACZ81_11020,tier1:gene_id
ACZ81_RS11035,0.3085705207242477,447.7121519998314,0.3567692975368006,0.5298430352130648,RNA,C4vsC1_rna,ACZ81_11025,tier1:gene_id
ACZ81_RS11040,-0.0060534873352251,465.8974059309199,0.9861540655114996,0.9908465090989572,RNA,C4vsC1_rna,ACZ81_11030,tier1:gene_id
ACZ81_RS11045,-1.4490126438318032,14318.63384174481,0.0124378941493381,0.0437396064824794,RNA,C4vsC1_rna,ACZ81_11035,tier1:gene_id
ACZ81_RS11050,0.4030991659833098,673.0618214736239,0.1324277316732151,0.2606978964926363,RNA,C4vsC1_rna,ACZ81_11040,tier1:gene_id
ACZ81_RS11055,0.4920566398004368,129.2461820557564,0.1611851166929483,0.3011992026884531,RNA,C4vsC1_rna,ACZ81_11045,tier1:gene_id
ACZ81_RS11060,-0.3206262530925829,252.6497096930304,0.3703202943287517,0.5412477307274871,RNA,C4vsC1_rna,ACZ81_11050,tier1:gene_id
ACZ81_RS11065,-0.5291045772464233,2777.6037460029424,0.3711520301293646,0.5422658211504046,RNA,C4vsC1_rna,ACZ81_11055,tier1:gene_id
ACZ81_RS11070,0.6693857800872056,147.68243150981726,0.0158635447630557,0.0528170469621407,RNA,C4vsC1_rna,ACZ81_11060,tier1:gene_id
ACZ81_RS11075,-0.7323535850264805,26.45705896362162,0.1685111212831532,0.3108352269370164,RNA,C4vsC1_rna,ACZ81_11065,tier1:gene_id
ACZ81_RS11085,0.6990066432345404,343.8025361362989,0.0079717667571404,0.0308118769071749,RNA,C4vsC1_rna,ACZ81_11075,tier1:gene_id
ACZ81_RS11090,-0.3638736202133628,193.98194416586648,0.2689581637904134,0.4373977110365378,RNA,C4vsC1_rna,ACZ81_11080,tier1:gene_id
ACZ81_RS11095,-0.2624334047296752,96.4324103621855,0.4745055742664965,0.6320439455369137,RNA,C4vsC1_rna,ACZ81_11085,tier1:gene_id
ACZ81_RS11100,-0.4303664972156179,1074.110405903417,0.498605541374872,0.652447955641222,RNA,C4vsC1_rna,ACZ81_11090,tier1:gene_id
ACZ81_RS11105,-1.4143836321057657,102.23435569409745,0.0009408800075345,0.0057107573225847,RNA,C4vsC1_rna,ACZ81_11095,tier1:gene_id
ACZ81_RS11110,0.8937476835856198,3585.755494496686,0.0352252562843409,0.0970771095278668,RNA,C4vsC1_rna,ACZ81_11100,tier1:gene_id
ACZ81_RS11115,-1.827640556950676,413.2532118739781,0.0002330749432279,0.0018157216936512,RNA,C4vsC1_rna,ACZ81_11105,tier1:gene_id
ACZ81_RS11120,0.3480428375681599,244.77419358884367,0.177557006058775,0.3237994128671844,RNA,C4vsC1_rna,ACZ81_11110,tier1:gene_id
ACZ81_RS11125,0.497518541344795,812.1302299337648,0.0569960380553196,0.13911755104603,RNA,C4vsC1_rna,ACZ81_11115,tier1:gene_id
ACZ81_RS11130,-0.0089710788463618,858.0760096803073,0.9713998796688772,0.9834798985066164,RNA,C4vsC1_rna,ACZ81_11120,tier1:gene_id
ACZ81_RS11135,0.5300273602804425,2244.0104388719155,0.0078659396206686,0.030490965949877,RNA,C4vsC1_rna,ACZ81_11125,tier1:gene_id
ACZ81_RS11140,-0.8297300601349441,2411.618022867676,0.0929475289812765,0.2002794610572589,RNA,C4vsC1_rna,ACZ81_11130,tier1:gene_id
ACZ81_RS11145,-0.3869998128767022,3224.747583005683,0.4312174795774614,0.5973444111628854,RNA,C4vsC1_rna,ACZ81_11135,tier1:gene_id
ACZ81_RS11150,-0.0786038923687352,2482.877395551418,0.8580280229459585,0.9210430650198927,RNA,C4vsC1_rna,ACZ81_11140,tier1:gene_id
ACZ81_RS11155,1.079753487379845,217.83838117333,0.0588516922463346,0.1420754900135789,RNA,C4vsC1_rna,ACZ81_11145,tier1:gene_id
ACZ81_RS11160,-0.4660372418349112,123.70223094866638,0.2910658333015259,0.4616558176948587,RNA,C4vsC1_rna,ACZ81_11150,tier1:gene_id
ACZ81_RS11165,0.5093441509839302,1237.3909203753428,0.4103486537960317,0.5776557189577821,RNA,C4vsC1_rna,ACZ81_11155,tier1:gene_id
ACZ81_RS11170,0.0074709974260483,2272.109679452595,0.9883134047197378,0.992054815235614,RNA,C4vsC1_rna,ACZ81_11160,tier1:gene_id
ACZ81_RS11175,-1.160349123160569,1843.2699312774105,5.201986314972728e-05,0.0005257019923342,RNA,C4vsC1_rna,ACZ81_11165,tier1:gene_id
ACZ81_RS11180,1.4587043260660209,1511.6527395548726,4.802702399033627e-06,6.881586437472468e-05,RNA,C4vsC1_rna,ACZ81_11170,tier1:gene_id
ACZ81_RS11185,-0.300247006154105,555.8790043787999,0.3477889581456126,0.5216184299365225,RNA,C4vsC1_rna,ACZ81_11175,tier1:gene_id
ACZ81_RS11190,-0.6162056834051334,590.3426765808728,0.0726051670457746,0.1662625172303926,RNA,C4vsC1_rna,ACZ81_11180,tier1:gene_id
ACZ81_RS11195,-0.4401708875883754,933.2365592135516,0.2561061902297769,0.4224909684218194,RNA,C4vsC1_rna,ACZ81_11185,tier1:gene_id
ACZ81_RS11200,0.6312143872109041,236.27698165847733,0.0357373932539263,0.0982717078373902,RNA,C4vsC1_rna,ACZ81_11190,tier1:gene_id
ACZ81_RS11205,0.5755041893210998,1153.4390579990045,0.0199330094630184,0.0638238100284357,RNA,C4vsC1_rna,ACZ81_11195,tier1:gene_id
ACZ81_RS11210,0.7847672423666087,416.5199070924976,0.0055336009325278,0.0233938956178101,RNA,C4vsC1_rna,ACZ81_11200,tier1:gene_id
ACZ81_RS11215,1.4114329931128438,2717.0515156417146,0.012627947100159,0.0442474443369763,RNA,C4vsC1_rna,ACZ81_11205,tier1:gene_id
ACZ81_RS11220,1.5899591235771888,2596.8258745228827,0.0023157849197247,0.0118055007597658,RNA,C4vsC1_rna,ACZ81_11210,tier1:gene_id
ACZ81_RS11225,1.3988175021075229,1427.5683716090643,0.0036178943427617,0.0166647440908841,RNA,C4vsC1_rna,ACZ81_11215,tier1:gene_id
ACZ81_RS11230,1.719813868351291,168.28053433835936,0.0005253947253881,0.0035787498102842,RNA,C4vsC1_rna,ACZ81_11220,tier1:gene_id
ACZ81_RS11235,-0.7904562705906305,4960.80680218902,0.0488783857954472,0.1244289871899329,RNA,C4vsC1_rna,ACZ81_11225,tier1:gene_id
ACZ81_RS11240,0.0843791775986762,950.8690492700896,0.6909622287227082,0.8037519459656437,RNA,C4vsC1_rna,ACZ81_11230,tier1:gene_id
ACZ81_RS11245,-0.1707588831150685,220.1854183008851,0.5666596099921425,0.7095625328615717,RNA,C4vsC1_rna,ACZ81_11235,tier1:gene_id
ACZ81_RS11250,0.436810989970554,286.5374360600523,0.0421421698603922,0.1110869812614281,RNA,C4vsC1_rna,ACZ81_11240,tier1:gene_id
ACZ81_RS11255,-3.5834887970577927,2732.865749556203,3.6061892852526545e-41,2.0668616303476641e-38,RNA,C4vsC1_rna,ACZ81_11245,tier1:gene_id
ACZ81_RS11260,-4.224617946335702,504.08918895828106,3.3700973535962227e-20,6.145832083012748e-18,RNA,C4vsC1_rna,ACZ81_11250,tier1:gene_id
ACZ81_RS11265,1.898904554611688,51.097525916593966,0.0093956943619403,0.0352954361236933,RNA,C4vsC1_rna,ACZ81_11255,tier1:gene_id
ACZ81_RS11270,-1.882477963131549,1024.8628173323114,2.260080791188988e-05,0.0002539900317717,RNA,C4vsC1_rna,ACZ81_11260,tier1:gene_id
ACZ81_RS11275,-2.0299528522946773,90.68354995655729,0.0001087488337261,0.0009674064765169,RNA,C4vsC1_rna,ACZ81_11265,tier1:gene_id
ACZ81_RS11280,0.2239670105289772,1180.8357489144057,0.7344410498305556,0.8326017213676713,RNA,C4vsC1_rna,ACZ81_11270,tier1:gene_id
ACZ81_RS11285,0.3486547770326004,592.3206395086232,0.2007457841689161,0.3558957516949587,RNA,C4vsC1_rna,ACZ81_11275,tier1:gene_id
ACZ81_RS11290,-0.4047209909750668,494.41456030982346,0.3513199873666368,0.5244724252145869,RNA,C4vsC1_rna,ACZ81_11280,tier1:gene_id
ACZ81_RS11295,-0.3085741327706882,961.83703252938,0.4802229347664113,0.6358595426676047,RNA,C4vsC1_rna,ACZ81_11285,tier1:gene_id
ACZ81_RS11300,0.1431773652420872,617.1121598444181,0.7144977866037847,0.8206599255237288,RNA,C4vsC1_rna,ACZ81_11290,tier1:gene_id
ACZ81_RS11305,0.4907249729700432,241.55793381946748,0.1229935389358823,0.2469073363738931,RNA,C4vsC1_rna,ACZ81_11295,tier1:gene_id
ACZ81_RS11310,-0.1982319494825299,599.316721771308,0.6236716916452556,0.7548656227429446,RNA,C4vsC1_rna,ACZ81_11300,tier1:gene_id
ACZ81_RS11315,0.1082002037607276,510.383415097977,0.7887316891835201,0.8703012094890384,RNA,C4vsC1_rna,ACZ81_11305,tier1:gene_id
ACZ81_RS11320,0.2192289749011068,367.0437108617214,0.3630018014207232,0.5350325557266677,RNA,C4vsC1_rna,ACZ81_11310,tier1:gene_id
ACZ81_RS11325,-0.2905439672318085,219.19344076030367,0.6608690278941471,0.7830901583121422,RNA,C4vsC1_rna,ACZ81_11315,tier1:gene_id
ACZ81_RS11330,-0.0626128821059317,103.29024684515645,0.8656870319053576,0.9249068366486718,RNA,C4vsC1_rna,ACZ81_11320,tier1:gene_id
ACZ81_RS11335,-0.1685485592105083,112.7687923921972,0.7139177933754416,0.8206599255237288,RNA,C4vsC1_rna,ACZ81_11325,tier1:gene_id
ACZ81_RS11340,0.8644647552516989,106.3565734419336,0.0239387798599049,0.0734830794169385,RNA,C4vsC1_rna,ACZ81_11330,tier1:gene_id
ACZ81_RS11345,0.7873654051791356,74.52248887078514,0.0134661437870703,0.0465070247707884,RNA,C4vsC1_rna,ACZ81_11335,tier1:gene_id
ACZ81_RS11350,0.1682476129678183,69.62845682204265,0.7539206886669111,0.8456052007077571,RNA,C4vsC1_rna,ACZ81_11340,tier1:gene_id
ACZ81_RS11355,0.4606283283435684,163.06840960610052,0.1324932729183663,0.2606978964926363,RNA,C4vsC1_rna,ACZ81_11345,tier1:gene_id
ACZ81_RS11360,0.7385553991401458,179.00391727485228,0.0114637220276236,0.0410558306189383,RNA,C4vsC1_rna,ACZ81_11350,tier1:gene_id
ACZ81_RS11365,0.2967426828913304,234.3939054968736,0.3299057614685742,0.5030718035012999,RNA,C4vsC1_rna,ACZ81_11355,tier1:gene_id
ACZ81_RS11370,0.5353333155705046,191.5115690721632,0.0930198355888133,0.2002794610572589,RNA,C4vsC1_rna,ACZ81_11360,tier1:gene_id
ACZ81_RS11375,0.279681871474019,57.569963316927215,0.4715093033467231,0.6297890161093872,RNA,C4vsC1_rna,ACZ81_11365,tier1:gene_id
ACZ81_RS11380,0.0360337920536307,60.77546081848788,0.9177607013021256,0.9540131497210548,RNA,C4vsC1_rna,ACZ81_11370,tier1:gene_id
ACZ81_RS11385,0.4469339586451529,66.53644746052134,0.3170710606237877,0.4897258616278965,RNA,C4vsC1_rna,ACZ81_11375,tier1:gene_id
ACZ81_RS11390,0.4937549999618053,74.78961351897242,0.1697426520098907,0.3126756289548584,RNA,C4vsC1_rna,ACZ81_11380,tier1:gene_id
ACZ81_RS11395,-0.15778635534351,531.9498356553066,0.5784835788319395,0.7199795988623062,RNA,C4vsC1_rna,ACZ81_11385,tier1:gene_id
ACZ81_RS11400,0.5924641376139106,23.695058406681632,0.3455048613652845,0.5196735891619365,RNA,C4vsC1_rna,ACZ81_11390,tier1:gene_id
ACZ81_RS11405,0.0832671623524547,4.341365209947588,0.9493912432631416,0.9711773758214493,RNA,C4vsC1_rna,ACZ81_11395,tier1:gene_id
ACZ81_RS11410,0.3548894195378877,211.0521488557497,0.2224405396922846,0.383346840741171,RNA,C4vsC1_rna,ACZ81_11400,tier1:gene_id
ACZ81_RS11415,-0.2969055752593141,960.3711131210084,0.3127887896247622,0.4847078501253558,RNA,C4vsC1_rna,ACZ81_11405,tier1:gene_id
ACZ81_RS11420,-0.7687313024569526,179.29299115510972,0.0988879284547478,0.2098034738024581,RNA,C4vsC1_rna,ACZ81_11410,tier1:gene_id
ACZ81_RS11430,-4.594306909824553,16297.485096216058,1.1937150484035765e-13,1.113763900975616e-11,RNA,C4vsC1_rna,ACZ81_11420,tier1:gene_id
ACZ81_RS11435,-3.798695892970632,5579.932147919385,3.0102757377480687e-09,1.0687810849420577e-07,RNA,C4vsC1_rna,ACZ81_11425,tier1:gene_id
ACZ81_RS11440,-0.1157600842681752,948.8274587743292,0.8118600108322028,0.8863081261112374,RNA,C4vsC1_rna,ACZ81_11430,tier1:gene_id
ACZ81_RS11445,0.4723969207461793,170.69376034491108,0.176474675219295,0.3230001811039287,RNA,C4vsC1_rna,ACZ81_11435,tier1:gene_id
ACZ81_RS11450,-0.198365831305445,179.81851387002234,0.452937127677538,0.6149522017740381,RNA,C4vsC1_rna,ACZ81_11440,tier1:gene_id
ACZ81_RS11455,-0.6797173712235055,144.41243819824373,0.0950870198044233,0.2034608658428514,RNA,C4vsC1_rna,ACZ81_11445,tier1:gene_id
ACZ81_RS11460,0.0927682035796522,76.04438277961567,0.7849476243646397,0.8668345359072211,RNA,C4vsC1_rna,ACZ81_11450,tier1:gene_id
ACZ81_RS11470,0.136680632970065,150.77888651015243,0.7564540329600093,0.8474989053994855,RNA,C4vsC1_rna,ACZ81_11460,tier1:gene_id
ACZ81_RS11475,-0.6998257407522074,217.7991129199296,0.0666141113236331,0.1556527749740339,RNA,C4vsC1_rna,ACZ81_11465,tier1:gene_id
ACZ81_RS11480,-0.3148247108989742,147.5913270995213,0.3699974478934595,0.5411926735930861,RNA,C4vsC1_rna,ACZ81_RS11480,locus_tag:gene_id
ACZ81_RS11485,-0.2570375649320484,142.56450057502138,0.4590480753797375,0.6198925878234625,RNA,C4vsC1_rna,ACZ81_11475,tier1:gene_id
ACZ81_RS11490,-0.7742820881536084,268.94063471605847,0.0336991610851565,0.0939548535605616,RNA,C4vsC1_rna,ACZ81_11480,tier1:gene_id
ACZ81_RS11495,-1.5126328009765542,174.8640647140218,8.250675582390407e-06,0.0001088872053833,RNA,C4vsC1_rna,ACZ81_11485,tier1:gene_id
ACZ81_RS11500,-1.1158333772284792,25.346347367249454,0.2784287982204989,0.4480771514081995,RNA,C4vsC1_rna,ACZ81_11490,tier1:gene_id
ACZ81_RS11510,0.2174633842978465,247.29700137737703,0.4721917106572069,0.6302172798259195,RNA,C4vsC1_rna,ACZ81_11500,tier1:gene_id
ACZ81_RS11515,0.704523990435046,455.1363731440518,0.001223433057853,0.0069834750407195,RNA,C4vsC1_rna,ACZ81_11505,tier1:gene_id
ACZ81_RS11520,0.1778737558373768,374.338284052563,0.4326839502513712,0.5985958649684487,RNA,C4vsC1_rna,ACZ81_11510,tier1:gene_id
ACZ81_RS11525,0.1412253992464094,802.3192313953876,0.6238754535371339,0.7548656227429446,RNA,C4vsC1_rna,ACZ81_11515,tier1:gene_id
ACZ81_RS11530,0.2589690852686441,3934.643249841321,0.21436977774009,0.3726393190178688,RNA,C4vsC1_rna,ACZ81_11520,tier1:gene_id
ACZ81_RS11540,0.763346938185583,401.335904927388,0.0031382942780306,0.0148476847210602,RNA,C4vsC1_rna,ACZ81_11530,tier1:gene_id
ACZ81_RS11545,0.7099054348173595,443.0150382119338,0.0068992502578569,0.0277630812783573,RNA,C4vsC1_rna,ACZ81_11535,tier1:gene_id
ACZ81_RS11550,0.1559660898148337,493.2988042933026,0.5139475418031736,0.6655769973254785,RNA,C4vsC1_rna,ACZ81_11540,tier1:gene_id
ACZ81_RS11555,1.434287074989141,331.4304842681997,9.266029989651812e-05,0.0008410704144453,RNA,C4vsC1_rna,ACZ81_11545,tier1:gene_id
ACZ81_RS11560,0.8184325025569862,1202.033858822392,0.0187464257061658,0.0604101686209937,RNA,C4vsC1_rna,ACZ81_11550,tier1:gene_id
ACZ81_RS11565,0.9742307774636708,349.0885645105839,0.0527670494432738,0.1314915542648538,RNA,C4vsC1_rna,ACZ81_11555,tier1:gene_id
ACZ81_RS11570,-1.828763631609046,2597.812023748487,2.089813842733537e-06,3.4269988908537733e-05,RNA,C4vsC1_rna,ACZ81_11560,tier1:gene_id
ACZ81_RS11575,-0.0984557315105491,516.6807317818988,0.8438433609017931,0.9110601625236796,RNA,C4vsC1_rna,ACZ81_11565,tier1:gene_id
ACZ81_RS11580,-0.7546306596645084,564.2352072741303,0.0519171314382599,0.129857563173503,RNA,C4vsC1_rna,ACZ81_11570,tier1:gene_id
ACZ81_RS11585,-0.5685301555862936,1193.5481578918584,0.0022662969256885,0.0115974276350285,RNA,C4vsC1_rna,ACZ81_11575,tier1:gene_id
ACZ81_RS11590,-1.6543516594878953,971.1134859958944,0.0074336197800804,0.0291531598804328,RNA,C4vsC1_rna,ACZ81_11580,tier1:gene_id
ACZ81_RS11595,-1.2391207015345178,2006.9704806616635,0.0072583823848431,0.0287469201658346,RNA,C4vsC1_rna,ACZ81_11585,tier1:gene_id
ACZ81_RS11600,-0.8926246325042545,169.91986010430026,0.0256143138635608,0.0771367654641667,RNA,C4vsC1_rna,ACZ81_11590,tier1:gene_id
ACZ81_RS11605,-0.0946186495416497,390.8511026328336,0.7197409682749587,0.8229661070129397,RNA,C4vsC1_rna,ACZ81_11595,tier1:gene_id
ACZ81_RS11610,0.101303283795072,161.8449486176357,0.749214956765046,0.8431557942612524,RNA,C4vsC1_rna,ACZ81_11600,tier1:gene_id
ACZ81_RS11615,-0.2006696543043031,785.416130382564,0.5315195869113312,0.6805356712673017,RNA,C4vsC1_rna,ACZ81_11605,tier1:gene_id
ACZ81_RS11620,-1.1181807566795745,2526.1216005146493,0.1259367853081048,0.2516227005259544,RNA,C4vsC1_rna,ACZ81_11610,tier1:gene_id
ACZ81_RS11625,-2.2961735860426224,895.4437298046986,0.0001057971319498,0.0009474511013005,RNA,C4vsC1_rna,ACZ81_11615,tier1:gene_id
ACZ81_RS11630,-1.8572854018317424,598.1702028728528,6.782432999221759e-06,9.337485524424476e-05,RNA,C4vsC1_rna,ACZ81_11620,tier1:gene_id
ACZ81_RS11635,-1.6635792648658732,495.05070813809607,0.0003348577522955,0.0024470843391797,RNA,C4vsC1_rna,ACZ81_11625,tier1:gene_id
ACZ81_RS11645,-1.2297409190427178,431.1222474603262,0.0033891971355735,0.0158294050150418,RNA,C4vsC1_rna,ACZ81_11635,tier1:gene_id
ACZ81_RS11650,-0.8835129349599097,60.61764438101086,0.1688514726203508,0.3113199026437719,RNA,C4vsC1_rna,ACZ81_11640,tier1:gene_id
ACZ81_RS11655,-0.7519706688854955,1365.677697072994,0.3378360354753289,0.5107001410425847,RNA,C4vsC1_rna,ACZ81_11645,tier1:gene_id
ACZ81_RS11660,1.0194493541010925,36.30199930671982,0.0376311311712973,0.1020108772021926,RNA,C4vsC1_rna,ACZ81_11650,tier1:gene_id
ACZ81_RS11665,0.6240081629300657,1312.7244261092665,0.0015674203621354,0.008448293098063,RNA,C4vsC1_rna,ACZ81_11655,tier1:gene_id
ACZ81_RS11670,1.236420876405226,221.44185665192305,0.0002088236533433,0.0016557322079316,RNA,C4vsC1_rna,ACZ81_11660,tier1:gene_id
ACZ81_RS11675,0.6517330566440765,409.1963449141237,0.0233003127037695,0.0720191483571058,RNA,C4vsC1_rna,ACZ81_11665,tier1:gene_id
ACZ81_RS11680,0.3246871057319211,778.1795801664018,0.1150056380847354,0.2352894543579594,RNA,C4vsC1_rna,ACZ81_11670,tier1:gene_id
ACZ81_RS11685,0.8429901114864452,1707.0598369853476,0.0025536366178462,0.0126713665891694,RNA,C4vsC1_rna,ACZ81_11675,tier1:gene_id
ACZ81_RS11690,1.1517924389180862,2565.2192335933487,0.0338277873049601,0.0941207444092442,RNA,C4vsC1_rna,ACZ81_11680,tier1:gene_id
ACZ81_RS11695,0.6965005633709888,273.09659924658047,0.0250593615264941,0.0758206323109311,RNA,C4vsC1_rna,ACZ81_11685,tier1:gene_id
ACZ81_RS11700,0.2638497872280756,1172.4126160426094,0.4354006163105425,0.6006971363954253,RNA,C4vsC1_rna,ACZ81_11690,tier1:gene_id
ACZ81_RS11705,0.7794847257558607,2599.717974230832,0.0138258682133169,0.0475108742906807,RNA,C4vsC1_rna,ACZ81_11695,tier1:gene_id
ACZ81_RS11710,0.1584052423755204,899.857676486144,0.4215593888247991,0.589096575397107,RNA,C4vsC1_rna,ACZ81_11700,tier1:gene_id
ACZ81_RS11715,0.3835277447513737,1788.0950430507276,0.097503768817518,0.2073053102786869,RNA,C4vsC1_rna,ACZ81_11705,tier1:gene_id
ACZ81_RS11720,0.8151107527298186,1651.2997551328915,0.0258099841964288,0.0775072279910722,RNA,C4vsC1_rna,ACZ81_11710,tier1:gene_id
ACZ81_RS11725,-0.928649351531524,3614.731509068591,0.0577206345118014,0.1405189233381963,RNA,C4vsC1_rna,ACZ81_11715,tier1:gene_id
ACZ81_RS11730,0.5192295202455611,1054.44161066754,0.0682848659068798,0.1588167431990736,RNA,C4vsC1_rna,ACZ81_11720,tier1:gene_id
ACZ81_RS11735,0.0274549923830378,539.3118700219809,0.931122640815307,0.960559900135476,RNA,C4vsC1_rna,ACZ81_11725,tier1:gene_id
ACZ81_RS11740,0.0344838308339831,726.4591924737502,0.9370759448966828,0.9639931124707584,RNA,C4vsC1_rna,ACZ81_11730,tier1:gene_id
ACZ81_RS11745,-0.5135283974429805,2136.2901438677213,0.2642202325887146,0.4317929014851009,RNA,C4vsC1_rna,ACZ81_11735,tier1:gene_id
ACZ81_RS11750,-0.2516820687093385,794.2538383915245,0.5534622504778908,0.6987069065189736,RNA,C4vsC1_rna,ACZ81_11740,tier1:gene_id
ACZ81_RS11755,0.0612951276356448,3233.836947773721,0.8592438409732759,0.9214879149919226,RNA,C4vsC1_rna,ACZ81_11745,tier1:gene_id
ACZ81_RS11760,0.6203610411664944,370.5540069555175,0.0872896737541152,0.1906402673388733,RNA,C4vsC1_rna,ACZ81_11750,tier1:gene_id
ACZ81_RS11765,-1.085545165536958,2323.5048449882565,0.0004014542850826,0.0028548546423919,RNA,C4vsC1_rna,ACZ81_11755,tier1:gene_id
ACZ81_RS11780,0.475441190272593,88.29270903577574,0.3809334235643226,0.5511377191994455,RNA,C4vsC1_rna,ACZ81_11770,tier1:gene_id
ACZ81_RS11785,-1.820283510370518,231.88813951694488,0.0154306329450052,0.0516758759393664,RNA,C4vsC1_rna,ACZ81_11775,tier1:gene_id
ACZ81_RS11790,-1.8965901928428404,68.16743805945141,0.0001780920681846,0.0014493009686746,RNA,C4vsC1_rna,ACZ81_11780,tier1:gene_id
ACZ81_RS11795,0.0928713816148132,32.5045024157827,0.8567510629181192,0.920044235660464,RNA,C4vsC1_rna,ACZ81_11785,tier1:gene_id
ACZ81_RS11800,-2.2627927418469507,4138.522570795169,0.0050478659698904,0.0216599339798936,RNA,C4vsC1_rna,ACZ81_11790,tier1:gene_id
ACZ81_RS11805,-0.1925000258591078,274.4423822357481,0.5857659797970973,0.7246663925211084,RNA,C4vsC1_rna,ACZ81_11795,tier1:gene_id
ACZ81_RS11810,-1.5732423411260872,392.9330760449576,0.0001090911325331,0.000968304477263,RNA,C4vsC1_rna,ACZ81_11800,tier1:gene_id
ACZ81_RS11815,-2.0604978658504,357.47616142053647,0.0026156002234545,0.0128758136153368,RNA,C4vsC1_rna,ACZ81_11805,tier1:gene_id
ACZ81_RS11820,-0.9594779251441308,62.20763726144215,0.0995216191953466,0.2108134826883478,RNA,C4vsC1_rna,ACZ81_11810,tier1:gene_id
ACZ81_RS11825,-0.2002212308078101,115.5878835980126,0.562834109608386,0.7060945740302828,RNA,C4vsC1_rna,ACZ81_11815,tier1:gene_id
ACZ81_RS11830,-0.2178767609744132,215.4569171465804,0.5751106245936322,0.7174576572977774,RNA,C4vsC1_rna,ACZ81_11820,tier1:gene_id
ACZ81_RS11835,-0.8956673816657994,356.2297871199334,0.0106649898080675,0.0389335205732185,RNA,C4vsC1_rna,ACZ81_11825,tier1:gene_id
ACZ81_RS11840,-0.1415586428582431,136.30700469121973,0.7537468629017756,0.8456052007077571,RNA,C4vsC1_rna,ACZ81_11830,tier1:gene_id
ACZ81_RS11845,-0.7500443205377882,199.28498584379332,0.0129681002454828,0.045124040056268,RNA,C4vsC1_rna,ACZ81_11835,tier1:gene_id
ACZ81_RS11850,-0.8344161465788988,170.0398367587567,0.0389964985408686,0.1047916625224145,RNA,C4vsC1_rna,ACZ81_11840,tier1:gene_id
ACZ81_RS11855,-0.9490160756317372,94.58584888016529,0.0579871769845366,0.1409112986444343,RNA,C4vsC1_rna,ACZ81_11845,tier1:gene_id
ACZ81_RS11860,-1.1186752335469958,18.6077613106321,0.0748316406397546,0.169522609964255,RNA,C4vsC1_rna,ACZ81_11850,tier1:gene_id
ACZ81_RS11865,-0.1091473717004763,45.52504828686977,0.7931806631266869,0.8734788993751469,RNA,C4vsC1_rna,ACZ81_11855,tier1:gene_id
ACZ81_RS11870,-0.1865652605820611,1285.971663619137,0.5159123784467865,0.66704494435337,RNA,C4vsC1_rna,ACZ81_11860,tier1:gene_id
ACZ81_RS11875,-1.8139973129082392,115.42266088278603,0.0001078768289594,0.0009618336712699,RNA,C4vsC1_rna,ACZ81_11865,tier1:gene_id
ACZ81_RS11880,-1.6668273483908835,83.75321204893366,0.0025613360519451,0.0126713665891694,RNA,C4vsC1_rna,ACZ81_11870,tier1:gene_id
ACZ81_RS11885,-0.915073991035362,82.97197655246167,0.0208049075406628,0.0660881148480914,RNA,C4vsC1_rna,ACZ81_11875,tier1:gene_id
ACZ81_RS11890,-1.1182877244821092,46.23610163387448,0.023964292350289,0.073505153600428,RNA,C4vsC1_rna,ACZ81_11880,tier1:gene_id
ACZ81_RS11895,0.3659530995255469,137.64205716705567,0.4313326917095909,0.5973444111628854,RNA,C4vsC1_rna,ACZ81_11885,tier1:gene_id
ACZ81_RS11900,-0.94101121325728,29.77438741973072,0.1408435266677422,0.2733740827242291,RNA,C4vsC1_rna,ACZ81_11890,tier1:gene_id
ACZ81_RS11905,-3.403366215633494,2558.592470841742,9.899258319312427e-10,4.01169943202843e-08,RNA,C4vsC1_rna,ACZ81_11895,tier1:gene_id
ACZ81_RS11910,-2.66507853910431,208.88282482345232,3.367476494605867e-07,7.000163573242869e-06,RNA,C4vsC1_rna,ACZ81_11900,tier1:gene_id
ACZ81_RS11915,-1.9922419182551687,173.55939639304574,6.542638186854413e-07,1.268070744234778e-05,RNA,C4vsC1_rna,ACZ81_11905,tier1:gene_id
ACZ81_RS11920,-0.7258965762407497,128.93688228242038,0.0292955035220547,0.0848931682410625,RNA,C4vsC1_rna,ACZ81_11910,tier1:gene_id
ACZ81_RS11925,-0.5755100251502437,485.6792992120164,0.0753478012684153,0.1703881880942144,RNA,C4vsC1_rna,ACZ81_11915,tier1:gene_id
ACZ81_RS11930,-0.7532967219646534,312.1721301784812,0.0078235523307941,0.0303559883473364,RNA,C4vsC1_rna,ACZ81_11920,tier1:gene_id
ACZ81_RS11935,-0.6535676895106087,40.664178559866286,0.2228483458273628,0.3837849963467278,RNA,C4vsC1_rna,ACZ81_11925,tier1:gene_id
ACZ81_RS11940,-0.082999811047678,418.0691733649076,0.8432701989199851,0.910686416707128,RNA,C4vsC1_rna,ACZ81_11930,tier1:gene_id
ACZ81_RS11945,0.2628477714166654,749.7654322142033,0.2903912954501736,0.4608583375577914,RNA,C4vsC1_rna,ACZ81_11935,tier1:gene_id
ACZ81_RS11950,-1.2699409905367398,1606.2679522560295,1.5451738358646486e-05,0.0001867240189605,RNA,C4vsC1_rna,ACZ81_11940,tier1:gene_id
ACZ81_RS11955,1.0389676559973289,69.43384029928069,0.0117256344693448,0.0417673070305308,RNA,C4vsC1_rna,ACZ81_11945,tier1:gene_id
ACZ81_RS11960,-1.0152174870310695,2488.182550463447,4.935998228307559e-05,0.000506476339948,RNA,C4vsC1_rna,ACZ81_11950,tier1:gene_id
ACZ81_RS11965,-0.6888941169016772,117.97819350008535,0.0303421459862895,0.0870140741222257,RNA,C4vsC1_rna,ACZ81_11955,tier1:gene_id
ACZ81_RS11970,3.542428909025272,111.65652141589683,3.9776051499395367e-10,1.720882420329489e-08,RNA,C4vsC1_rna,ACZ81_11960,tier1:gene_id
ACZ81_RS11975,2.4324704546203324,176.08906803313073,0.0006578213477511,0.0042843818947687,RNA,C4vsC1_rna,ACZ81_11965,tier1:gene_id
ACZ81_RS11980,-2.131343469631928,833.7960801980472,0.0004259754721669,0.0030035388301122,RNA,C4vsC1_rna,ACZ81_11970,tier1:gene_id
ACZ81_RS11985,0.7988604267516315,368.4961298048499,0.0025232356662433,0.0125988297603217,RNA,C4vsC1_rna,ACZ81_11975,tier1:gene_id
ACZ81_RS11990,1.1035213258753884,409.0033063085095,0.0013044276074431,0.0073296408418234,RNA,C4vsC1_rna,ACZ81_11980,tier1:gene_id
ACZ81_RS11995,-0.8853197561539928,3616.64711702886,0.1610023375366681,0.3011381716536656,RNA,C4vsC1_rna,ACZ81_11985,tier1:gene_id
ACZ81_RS12000,-1.999623354588581,5514.510392114245,2.1976278975660203e-07,4.817968920784082e-06,RNA,C4vsC1_rna,ACZ81_11990,tier1:gene_id
ACZ81_RS12005,-2.050165921897905,1526.0679349063807,2.811862560612206e-08,7.726844241901487e-07,RNA,C4vsC1_rna,ACZ81_11995,tier1:gene_id
ACZ81_RS12010,-0.9192273786799842,66.83923562628522,0.0048329079287226,0.0209165335599085,RNA,C4vsC1_rna,ACZ81_12000,tier1:gene_id
ACZ81_RS12015,0.2024292092314185,322.05604298393234,0.442845551448782,0.6076252915227475,RNA,C4vsC1_rna,ACZ81_12005,tier1:gene_id
ACZ81_RS12020,0.2335001496122105,22.26236292373072,0.7196825937298668,0.8229661070129397,RNA,C4vsC1_rna,ACZ81_12010,tier1:gene_id
ACZ81_RS12025,-0.8014094222926096,6.065978192886738,0.5108511896166985,0.663709511898379,RNA,C4vsC1_rna,ACZ81_12015,tier1:gene_id
ACZ81_RS12030,-0.1308276337524955,16.745640967946535,0.887212089138657,0.9356302191707396,RNA,C4vsC1_rna,ACZ81_12020,tier1:gene_id
ACZ81_RS12050,-0.9468153057280824,3.7684973918415934,0.55428959595834,0.6992657722895912,RNA,C4vsC1_rna,ACZ81_12040,tier1:gene_id
ACZ81_RS12055,-1.1070446337898494,77.05630519528965,0.0015252991730762,0.0082705677818755,RNA,C4vsC1_rna,ACZ81_12045,tier1:gene_id
ACZ81_RS12065,0.3367323017919765,231.0875484577326,0.2809986491046901,0.4509466320832066,RNA,C4vsC1_rna,ACZ81_12055,tier1:gene_id
ACZ81_RS12070,-0.3174513679004885,251.8553053771957,0.2492214803414971,0.4138561999710623,RNA,C4vsC1_rna,ACZ81_12060,tier1:gene_id
ACZ81_RS12075,-0.0468315929714892,369.8965317440506,0.9196756126087862,0.9547608750585972,RNA,C4vsC1_rna,ACZ81_12065,tier1:gene_id
ACZ81_RS12080,0.7517862941708843,392.2546444531568,0.1467402415640005,0.2808787448257492,RNA,C4vsC1_rna,ACZ81_12070,tier1:gene_id
ACZ81_RS12085,-0.4445149145063338,56.25872128820112,0.3930803676040612,0.5632280124383906,RNA,C4vsC1_rna,ACZ81_12075,tier1:gene_id
ACZ81_RS12090,0.0310051357831898,443.0485698327038,0.906245401682003,0.9458523807357428,RNA,C4vsC1_rna,ACZ81_12080,tier1:gene_id
ACZ81_RS12100,0.159986646502259,72.77860435546721,0.7594925587861612,0.8492430729793976,RNA,C4vsC1_rna,ACZ81_12090,tier1:gene_id
ACZ81_RS12105,-2.1899265499132583,42.59459854405952,0.0003419721929744,0.0024900044250697,RNA,C4vsC1_rna,ACZ81_12095,tier1:gene_id
ACZ81_RS12110,1.0165409663945084,169.61167761726236,0.0041130099297549,0.0183145347815503,RNA,C4vsC1_rna,ACZ81_12100,tier1:gene_id
ACZ81_RS12115,0.4810303053371329,359.42290398774406,0.0710129658144352,0.1633623961281617,RNA,C4vsC1_rna,ACZ81_12105,tier1:gene_id
ACZ81_RS12120,0.3555578331357585,500.39353785433,0.0853953003591327,0.1874732288470877,RNA,C4vsC1_rna,ACZ81_12110,tier1:gene_id
ACZ81_RS12125,0.977063128425974,1854.8416358649283,0.0009691447769787,0.0058535144754475,RNA,C4vsC1_rna,ACZ81_12115,tier1:gene_id
ACZ81_RS12130,-1.420524817528978,2064.271882821801,2.6415992758635387e-05,0.0002952115959544,RNA,C4vsC1_rna,ACZ81_12120,tier1:gene_id
ACZ81_RS12135,0.142012844201759,187.55771070748168,0.6505325536868583,0.7753822357075684,RNA,C4vsC1_rna,ACZ81_12125,tier1:gene_id
ACZ81_RS12140,0.1732023910013829,424.2969477698829,0.6668007294098948,0.7874633229024955,RNA,C4vsC1_rna,ACZ81_12130,tier1:gene_id
ACZ81_RS12145,-1.939510779545231,2647.9338087923966,6.496844535021277e-05,0.0006295975911716,RNA,C4vsC1_rna,ACZ81_12135,tier1:gene_id
ACZ81_RS12150,-2.081374976294496,781.8735084975677,1.785273657770477e-06,3.0478799638192144e-05,RNA,C4vsC1_rna,ACZ81_12140,tier1:gene_id
ACZ81_RS12155,-1.986815674307159,52.9116134528998,7.555705604800408e-05,0.0007166309902236,RNA,C4vsC1_rna,ACZ81_12145,tier1:gene_id
ACZ81_RS12160,-0.197245256298363,22.256806081236885,0.7275901545518362,0.827028121080661,RNA,C4vsC1_rna,ACZ81_12150,tier1:gene_id
ACZ81_RS12165,-0.230682986620102,91.0767627236404,0.6056675579259589,0.7411781087141089,RNA,C4vsC1_rna,ACZ81_RS12165,locus_tag:gene_id
ACZ81_RS12170,0.7608453174175589,2312.7004240601195,0.0153119424027395,0.0514501783247829,RNA,C4vsC1_rna,ACZ81_12160,tier1:gene_id
ACZ81_RS12175,0.6515559856350378,807.9055121236546,0.0323319964482748,0.0908375138308675,RNA,C4vsC1_rna,ACZ81_12165,tier1:gene_id
ACZ81_RS12180,0.5728232985879039,438.209537210063,0.2684994695892425,0.4368288207591407,RNA,C4vsC1_rna,ACZ81_12170,tier1:gene_id
ACZ81_RS12185,0.7160726016798192,338.49068865370174,0.0352545734252497,0.0970771095278668,RNA,C4vsC1_rna,ACZ81_12175,tier1:gene_id
ACZ81_RS12190,0.7175940481253201,636.7393936327255,0.0449996206287279,0.1168123145579714,RNA,C4vsC1_rna,ACZ81_12180,tier1:gene_id
ACZ81_RS12195,-0.5484996648355189,157.8422697913615,0.1035036792199525,0.217435216814849,RNA,C4vsC1_rna,ACZ81_12185,tier1:gene_id
ACZ81_RS12200,-1.5575292107327476,76.10908131656272,1.7524818756843897e-07,3.949976002947063e-06,RNA,C4vsC1_rna,ACZ81_12190,tier1:gene_id
ACZ81_RS12205,-1.6177129787894462,1477.5424285002237,0.0050387427666609,0.0216439357385909,RNA,C4vsC1_rna,ACZ81_12195,tier1:gene_id
ACZ81_RS12210,-0.0046225722770439,1160.2962915874402,0.9895538993186064,0.992274492393464,RNA,C4vsC1_rna,ACZ81_12200,tier1:gene_id
ACZ81_RS12215,0.367350811649048,508.23264456888313,0.0852743505466885,0.1873607307739947,RNA,C4vsC1_rna,ACZ81_12205,tier1:gene_id
ACZ81_RS12220,-0.2944636371341954,643.4136706929901,0.472631953795138,0.6304995053082741,RNA,C4vsC1_rna,ACZ81_12210,tier1:gene_id
ACZ81_RS12225,-1.8011229740949342,1982.4885146042632,3.438802346343674e-05,0.0003688897062441,RNA,C4vsC1_rna,ACZ81_12215,tier1:gene_id
ACZ81_RS12230,0.3868195761979273,187.4071947427756,0.2264335804075233,0.3873993708294173,RNA,C4vsC1_rna,ACZ81_12220,tier1:gene_id
ACZ81_RS12235,-0.8686251861946171,195.5451155824337,0.0268247319214768,0.0796053550638434,RNA,C4vsC1_rna,ACZ81_12225,tier1:gene_id
ACZ81_RS12240,-1.4051326715770482,588.8247127134579,0.0075791988987457,0.0296083213064928,RNA,C4vsC1_rna,ACZ81_12230,tier1:gene_id
ACZ81_RS12245,0.650865971942485,590.909763741379,0.005919324680758,0.0245774984799603,RNA,C4vsC1_rna,ACZ81_12235,tier1:gene_id
ACZ81_RS12250,0.5192369674295984,119.81161932831624,0.1173682256843883,0.2385417028600639,RNA,C4vsC1_rna,ACZ81_12240,tier1:gene_id
ACZ81_RS12255,-0.4429806175381415,315.5584112751442,0.1261817920394088,0.2518613679910986,RNA,C4vsC1_rna,ACZ81_12245,tier1:gene_id
ACZ81_RS12260,-0.994622872894553,2174.995212687092,0.011188509968323,0.0403671780511799,RNA,C4vsC1_rna,ACZ81_12250,tier1:gene_id
ACZ81_RS12265,1.2122282081245943,872.2417487492818,0.0116336283161165,0.0415613189254107,RNA,C4vsC1_rna,ACZ81_12255,tier1:gene_id
ACZ81_RS12270,2.168342700514969,235.67124364879203,9.967449547746277e-07,1.826000346372514e-05,RNA,C4vsC1_rna,ACZ81_12260,tier1:gene_id
ACZ81_RS12275,0.6019121341241319,350.5015904221109,0.0650043498281828,0.1526917163411414,RNA,C4vsC1_rna,ACZ81_12265,tier1:gene_id
ACZ81_RS12280,1.223174376877982,571.7732302182976,4.8452775750025696e-06,6.91788385441648e-05,RNA,C4vsC1_rna,ACZ81_12270,tier1:gene_id
ACZ81_RS12285,0.7818156102331739,1529.2502261044774,0.0006383328195378,0.0041825240607317,RNA,C4vsC1_rna,ACZ81_12275,tier1:gene_id
ACZ81_RS12290,0.694163171121124,379.3787924355312,0.0148926705825348,0.050506673184387,RNA,C4vsC1_rna,ACZ81_12280,tier1:gene_id
ACZ81_RS12295,1.2277135840020168,589.4057834354716,0.0074929924712006,0.0293573103461493,RNA,C4vsC1_rna,ACZ81_12285,tier1:gene_id
ACZ81_RS12300,-0.5341106745752355,1880.7337573836007,0.0214213973550036,0.0674942664474756,RNA,C4vsC1_rna,ACZ81_12290,tier1:gene_id
ACZ81_RS12305,-0.0677203247666134,859.9791112852805,0.8688800740958822,0.9261282830161208,RNA,C4vsC1_rna,ACZ81_12295,tier1:gene_id
ACZ81_RS12310,0.1487791861322989,1326.2722029848203,0.4647044688221217,0.6233168088119981,RNA,C4vsC1_rna,ACZ81_12300,tier1:gene_id
ACZ81_RS12315,-1.3091219709601365,398.1886937902201,0.0001703911663725,0.0014084311002855,RNA,C4vsC1_rna,ACZ81_12305,tier1:gene_id
ACZ81_RS12320,-1.503653388975538,99.77265440134931,3.756349603260021e-06,5.623311420999702e-05,RNA,C4vsC1_rna,ACZ81_12310,tier1:gene_id
ACZ81_RS12325,-1.6526126287980718,121.22476628445128,0.000172467155031,0.0014182638102802,RNA,C4vsC1_rna,ACZ81_12315,tier1:gene_id
ACZ81_RS12330,-0.8188179908883056,79.51065619666943,0.0583037415910374,0.1415091417200497,RNA,C4vsC1_rna,ACZ81_12320,tier1:gene_id
ACZ81_RS12335,0.4934427334208213,2156.6469501424426,0.0550473527733429,0.1357115508204247,RNA,C4vsC1_rna,ACZ81_12325,tier1:gene_id
ACZ81_RS12340,0.2589974658366599,413.1767821513126,0.4894302465779844,0.6438013604166798,RNA,C4vsC1_rna,ACZ81_12330,tier1:gene_id
ACZ81_RS12345,0.5304039353852903,142.9496845103413,0.077306080725212,0.1735210612564953,RNA,C4vsC1_rna,ACZ81_12335,tier1:gene_id
ACZ81_RS12350,-0.4177307697031799,385.24531111784216,0.2048628113423828,0.3609616157688362,RNA,C4vsC1_rna,ACZ81_12340,tier1:gene_id
ACZ81_RS12355,-3.098485808720359,461.33165222199136,2.5404173315443298e-12,1.7880972516062895e-10,RNA,C4vsC1_rna,ACZ81_12345,tier1:gene_id
ACZ81_RS12360,-3.696700088778354,1289.782283027215,5.968498347297602e-20,1.0411137117112169e-17,RNA,C4vsC1_rna,ACZ81_12350,tier1:gene_id
ACZ81_RS12365,-2.212266854231894,688.5019819416516,1.4902682850165305e-06,2.588292796314424e-05,RNA,C4vsC1_rna,ACZ81_12355,tier1:gene_id
ACZ81_RS12370,0.4014953971441632,81.05789840667396,0.2583481723855305,0.4249663253836607,RNA,C4vsC1_rna,ACZ81_12360,tier1:gene_id
ACZ81_RS12375,1.4080375361006578,52.50367039979686,0.005598384015348,0.0235190750466768,RNA,C4vsC1_rna,ACZ81_12365,tier1:gene_id
ACZ81_RS12380,0.8335632749550664,201.70921706640056,0.0625723615761559,0.1488969837743401,RNA,C4vsC1_rna,ACZ81_12370,tier1:gene_id
ACZ81_RS12385,-0.2749447762960827,25.34188940793041,0.628323892777754,0.7579180570728651,RNA,C4vsC1_rna,ACZ81_12375,tier1:gene_id
ACZ81_RS12390,0.8017331669203642,68.54123067990837,0.0676419954003607,0.1575956362057185,RNA,C4vsC1_rna,ACZ81_12380,tier1:gene_id
ACZ81_RS12395,1.5073125259215798,48.1663124610692,0.0002304690965606,0.0018024210826534,RNA,C4vsC1_rna,ACZ81_12385,tier1:gene_id
ACZ81_RS12400,0.7614846564919372,157.02091503328043,0.0292732196885656,0.0848931682410625,RNA,C4vsC1_rna,ACZ81_12390,tier1:gene_id
ACZ81_RS12405,0.6115365153479263,114.65312696186776,0.0583646861646399,0.1415714152917384,RNA,C4vsC1_rna,ACZ81_12395,tier1:gene_id
ACZ81_RS12410,-0.4497286440519986,67.49605028635146,0.2694377329847562,0.438000074852043,RNA,C4vsC1_rna,ACZ81_12400,tier1:gene_id
ACZ81_RS12415,0.0466511122942587,146.7610712589121,0.9037211873574766,0.945507829180418,RNA,C4vsC1_rna,ACZ81_12405,tier1:gene_id
ACZ81_RS12420,0.2662266757850936,103.12468399346544,0.4772217320695855,0.633602419023817,RNA,C4vsC1_rna,ACZ81_12410,tier1:gene_id
ACZ81_RS12425,1.8894307463203373,10.008448780446685,0.1331339165956113,0.2617017507994084,RNA,C4vsC1_rna,ACZ81_12415,tier1:gene_id
ACZ81_RS12430,0.6009892491537864,185.1338527568037,0.1118939999597828,0.230214732224948,RNA,C4vsC1_rna,ACZ81_12420,tier1:gene_id
ACZ81_RS12435,-0.1926806490359191,436.983740298062,0.5234622199310475,0.6734242198237387,RNA,C4vsC1_rna,ACZ81_12425,tier1:gene_id
ACZ81_RS12440,0.252340204000646,925.5620476159074,0.648641320626129,0.7745086245095326,RNA,C4vsC1_rna,ACZ81_12430,tier1:gene_id
ACZ81_RS12445,0.761413071100976,1634.0427112968248,0.007756772739894,0.0302137594489853,RNA,C4vsC1_rna,ACZ81_12435,tier1:gene_id
ACZ81_RS12450,1.7976175155399328,66.3390347757447,9.135720218443229e-06,0.0001193892818123,RNA,C4vsC1_rna,ACZ81_12440,tier1:gene_id
ACZ81_RS12455,1.1530336526742324,968.1907938303572,1.894902797615888e-05,0.0002197210989605,RNA,C4vsC1_rna,ACZ81_12445,tier1:gene_id
ACZ81_RS12460,1.267228198457726,670.4099932284763,1.973091213928157e-05,0.0002268206862544,RNA,C4vsC1_rna,ACZ81_12450,tier1:gene_id
ACZ81_RS12465,0.8034860437640226,279.3880928668668,0.0038265383029983,0.0173665969136081,RNA,C4vsC1_rna,ACZ81_12455,tier1:gene_id
ACZ81_RS12470,1.2366789317545943,132.5521487617172,0.0004287821929994,0.0030180248391472,RNA,C4vsC1_rna,ACZ81_12460,tier1:gene_id
ACZ81_RS12475,1.414777884323967,91.23530018617484,0.0014048032218622,0.0077312352895902,RNA,C4vsC1_rna,ACZ81_12465,tier1:gene_id
ACZ81_RS12480,1.0303578736623946,46.557064618903134,0.0267450620148021,0.079526329951939,RNA,C4vsC1_rna,ACZ81_12470,tier1:gene_id
ACZ81_RS12485,-0.3458669496671661,903.7001579805992,0.4657526118639331,0.6239063368274123,RNA,C4vsC1_rna,ACZ81_12475,tier1:gene_id
ACZ81_RS12490,-0.1930829240942377,483.1881779994091,0.6017132803716569,0.7387006367353389,RNA,C4vsC1_rna,ACZ81_12480,tier1:gene_id
ACZ81_RS12495,-0.1093210639337794,207.40754458754145,0.7428843651231469,0.8386190413264112,RNA,C4vsC1_rna,ACZ81_12485,tier1:gene_id
ACZ81_RS12500,0.4124734735783058,2185.674129749468,0.1091508546420268,0.2261948495990763,RNA,C4vsC1_rna,ACZ81_12490,tier1:gene_id
ACZ81_RS12505,-0.2802438537417854,49.477662787140936,0.5006780404009542,0.653880305367392,RNA,C4vsC1_rna,ACZ81_12495,tier1:gene_id
ACZ81_RS12510,-0.0538234219185232,337.86389650489394,0.8705163669868932,0.9271334389040128,RNA,C4vsC1_rna,ACZ81_12500,tier1:gene_id
ACZ81_RS12515,-0.152299508876332,277.38582385736987,0.4770039350232679,0.633602419023817,RNA,C4vsC1_rna,ACZ81_12505,tier1:gene_id
ACZ81_RS12520,1.1045345557768178,1001.647039413951,0.0182769868411701,0.0591348961344958,RNA,C4vsC1_rna,ACZ81_12510,tier1:gene_id
ACZ81_RS12525,-2.6844618396223785,4448.940328776636,1.1605247102830391e-14,1.2002399144881008e-12,RNA,C4vsC1_rna,ACZ81_12515,tier1:gene_id
ACZ81_RS12530,-0.7552643324103849,695.5356939427788,0.1006918495051655,0.2127368853582624,RNA,C4vsC1_rna,ACZ81_12520,tier1:gene_id
ACZ81_RS12535,-2.1030584814997444,5583.006042180922,7.105724045686225e-05,0.0006803857964509,RNA,C4vsC1_rna,ACZ81_12525,tier1:gene_id
ACZ81_RS12540,-1.413719162850478,4028.3629838050174,0.0011674498011101,0.006749003749357,RNA,C4vsC1_rna,ACZ81_12530,tier1:gene_id
ACZ81_RS12545,1.5187055631655344,462.3748512736294,8.004570403171463e-08,1.9581912474099947e-06,RNA,C4vsC1_rna,ACZ81_12535,tier1:gene_id
ACZ81_RS12550,0.5376459570240985,2392.404786926916,0.1332255449960098,0.2617536172987225,RNA,C4vsC1_rna,ACZ81_12540,tier1:gene_id
ACZ81_RS12555,-0.0619099645483035,1142.7205373896456,0.7729234819713446,0.8597678869003063,RNA,C4vsC1_rna,ACZ81_12545,tier1:gene_id
ACZ81_RS12560,0.6044870353317304,159.13273110879337,0.0435521585321401,0.113905645391751,RNA,C4vsC1_rna,ACZ81_12550,tier1:gene_id
ACZ81_RS12565,0.0519601571068569,103.9073023898177,0.8761491638312975,0.931155084845342,RNA,C4vsC1_rna,ACZ81_12555,tier1:gene_id
ACZ81_RS12570,-0.4561228436725689,294.9824931673203,0.3004363674240528,0.4728719914104746,RNA,C4vsC1_rna,ACZ81_12560,tier1:gene_id
ACZ81_RS12575,0.0941854921791298,210.57120363487903,0.7063531959910604,0.8145430507912965,RNA,C4vsC1_rna,ACZ81_12565,tier1:gene_id
ACZ81_RS12580,0.2509884198173194,266.5626793982273,0.4510618093346336,0.6132361840225518,RNA,C4vsC1_rna,ACZ81_12570,tier1:gene_id
ACZ81_RS12585,0.653888379678083,153.86094008444718,0.0302780265829533,0.0869724674297606,RNA,C4vsC1_rna,ACZ81_12575,tier1:gene_id
ACZ81_RS12590,0.2143166221614941,500.3456578945856,0.5145674585573967,0.6661647769384561,RNA,C4vsC1_rna,ACZ81_12580,tier1:gene_id
ACZ81_RS12595,-0.0371115485232903,3445.898154770091,0.8738092596499397,0.9301466568627113,RNA,C4vsC1_rna,ACZ81_12585,tier1:gene_id
ACZ81_RS12600,-0.5249881351658922,686.8964664440683,0.064950644794837,0.1526549425406481,RNA,C4vsC1_rna,ACZ81_12590,tier1:gene_id
ACZ81_RS12605,-1.5281258239190718,2666.598342859916,8.887434115329562e-06,0.0001165241361787,RNA,C4vsC1_rna,ACZ81_12595,tier1:gene_id
ACZ81_RS12610,0.3783818400074547,106.0467257863396,0.4755389174655194,0.6327900951481472,RNA,C4vsC1_rna,ACZ81_12600,tier1:gene_id
ACZ81_RS12615,0.7140044471591106,177.92751648183693,0.0358222898467006,0.098303027951411,RNA,C4vsC1_rna,ACZ81_12605,tier1:gene_id
ACZ81_RS12620,0.9251446641118752,684.1677587139534,0.0007328589027171,0.0046522625280083,RNA,C4vsC1_rna,ACZ81_12610,tier1:gene_id
ACZ81_RS12625,1.118107306137026,90.66389024695204,0.1324808530570248,0.2606978964926363,RNA,C4vsC1_rna,ACZ81_12615,tier1:gene_id
ACZ81_RS12630,-0.9232946359160824,131.76022922724408,0.0109634036717827,0.0397695981294686,RNA,C4vsC1_rna,ACZ81_12620,tier1:gene_id
ACZ81_RS12635,0.558782414667195,185.9108514125988,0.0806278219726143,0.1797104565300714,RNA,C4vsC1_rna,ACZ81_12625,tier1:gene_id
ACZ81_RS12640,0.2519964109842497,127.57623800357972,0.4514877019546093,0.6136072697296383,RNA,C4vsC1_rna,ACZ81_12630,tier1:gene_id
ACZ81_RS12645,0.1754393762017971,42.75321138640816,0.7915545917843121,0.8726894812417313,RNA,C4vsC1_rna,ACZ81_12635,tier1:gene_id
ACZ81_RS12650,-1.4393495612622045,299.6607794585736,0.0247682307616328,0.0751910012085625,RNA,C4vsC1_rna,ACZ81_12640,tier1:gene_id
ACZ81_RS12655,0.7032754305202203,803.9914557573527,0.2926847553017611,0.4631227177861257,RNA,C4vsC1_rna,ACZ81_12645,tier1:gene_id
ACZ81_RS12660,-0.9031012179346002,535.8682679421686,0.0029046901958496,0.013956427623651,RNA,C4vsC1_rna,ACZ81_12650,tier1:gene_id
ACZ81_RS12665,0.4601263481724125,84.69638514402136,0.2375357594774184,0.3999133306854396,RNA,C4vsC1_rna,ACZ81_12655,tier1:gene_id
ACZ81_RS12670,-1.2768121451179903,147.68051916959766,0.0047528724652574,0.0206146208979599,RNA,C4vsC1_rna,ACZ81_12660,tier1:gene_id
ACZ81_RS12675,-1.8444544755043868,541.4949210300924,3.07700339568485e-05,0.0003357135238781,RNA,C4vsC1_rna,ACZ81_12665,tier1:gene_id
ACZ81_RS12680,-1.829366688125456,2181.182719274966,5.305197870438912e-08,1.3471173326709437e-06,RNA,C4vsC1_rna,ACZ81_12670,tier1:gene_id
ACZ81_RS12685,-0.7060312802792625,37407.119651809386,0.3253476388706536,0.4983943211718451,RNA,C4vsC1_rna,ACZ81_12675,tier1:gene_id
ACZ81_RS12690,0.3224010708938292,188.43647787723776,0.4185610739563087,0.5861315981545238,RNA,C4vsC1_rna,ACZ81_12680,tier1:gene_id
ACZ81_RS12695,0.922413116071788,182.1239584865028,0.0030406296105378,0.0145053579042543,RNA,C4vsC1_rna,ACZ81_12685,tier1:gene_id
ACZ81_RS12700,-0.5950130474766564,696.7433999694271,0.2781697722981461,0.4479800772687765,RNA,C4vsC1_rna,ACZ81_12690,tier1:gene_id
ACZ81_RS12705,0.5377771173412679,1210.3943244951845,0.0930653292141516,0.2002794610572589,RNA,C4vsC1_rna,ACZ81_12695,tier1:gene_id
ACZ81_RS12710,0.0720822266279097,667.8297192264203,0.904107977345324,0.945507829180418,RNA,C4vsC1_rna,ACZ81_12700,tier1:gene_id
ACZ81_RS12715,0.0312420110491886,420.7410227531081,0.9512918139913992,0.9723777726709538,RNA,C4vsC1_rna,ACZ81_12705,tier1:gene_id
ACZ81_RS12720,0.5428188740643429,401.7154623676024,0.2134573306800965,0.3715361434657472,RNA,C4vsC1_rna,ACZ81_12710,tier1:gene_id
ACZ81_RS12725,0.7532490472900311,178.2006238763115,0.049730576648814,0.1254836940346176,RNA,C4vsC1_rna,ACZ81_12715,tier1:gene_id
ACZ81_RS12730,0.3434617570818677,319.5386879876708,0.3293991329243762,0.5024902362329268,RNA,C4vsC1_rna,ACZ81_12720,tier1:gene_id
ACZ81_RS12735,0.3756293304357254,291.3664552954796,0.2837994041840639,0.4538075765589736,RNA,C4vsC1_rna,ACZ81_12725,tier1:gene_id
ACZ81_RS12740,0.8123098507283548,214.5442216292257,0.0315585353408123,0.089796343111588,RNA,C4vsC1_rna,ACZ81_12730,tier1:gene_id
ACZ81_RS12745,-1.4365923146850306,514.9017149399886,0.0072128726953826,0.0286549549429638,RNA,C4vsC1_rna,ACZ81_12735,tier1:gene_id
ACZ81_RS12750,0.4066340452313587,137.3819400135302,0.0587217630139243,0.14201360383764,RNA,C4vsC1_rna,ACZ81_12740,tier1:gene_id
ACZ81_RS12755,-0.5648445898976665,242.10088551817296,0.1319795309175318,0.2600696846960401,RNA,C4vsC1_rna,ACZ81_12745,tier1:gene_id
ACZ81_RS12760,-0.0309269536619942,614.0755146134866,0.8745170886256217,0.93049649681075,RNA,C4vsC1_rna,ACZ81_12750,tier1:gene_id
ACZ81_RS12765,-1.1080134885098831,2875.18279535109,0.0013336542763769,0.0074234214483799,RNA,C4vsC1_rna,ACZ81_12755,tier1:gene_id
ACZ81_RS12770,0.6378922677083554,4228.56176922048,0.275822955491707,0.4451334261595852,RNA,C4vsC1_rna,ACZ81_12760,tier1:gene_id
ACZ81_RS12775,0.3953374383102866,460.2841074974988,0.3623139819484191,0.5345986421025376,RNA,C4vsC1_rna,ACZ81_12765,tier1:gene_id
ACZ81_RS12780,1.4790753370434937,2015.484955900069,2.212474030926736e-06,3.60831130572279e-05,RNA,C4vsC1_rna,ACZ81_12770,tier1:gene_id
ACZ81_RS12785,0.8840375047969563,1309.6689091032176,0.1047249830205662,0.2194636915218637,RNA,C4vsC1_rna,ACZ81_12775,tier1:gene_id
ACZ81_RS12790,0.6754275836515308,370.4660617256527,0.028182891083347,0.082653332621629,RNA,C4vsC1_rna,ACZ81_12780,tier1:gene_id
ACZ81_RS12795,-0.1620921411384967,317.67694108647083,0.666813404557902,0.7874633229024955,RNA,C4vsC1_rna,ACZ81_12785,tier1:gene_id
ACZ81_RS12800,-1.7598242086168414,199.14761113523784,7.643660888178173e-07,1.4465267680835296e-05,RNA,C4vsC1_rna,ACZ81_12790,tier1:gene_id
ACZ81_RS12805,0.9228373414807112,188.8865105836128,0.0399510293618928,0.1068556865332761,RNA,C4vsC1_rna,ACZ81_12795,tier1:gene_id
ACZ81_RS12810,1.226617085362096,263.0704269077892,0.0570062945961299,0.13911755104603,RNA,C4vsC1_rna,ACZ81_12800,tier1:gene_id
ACZ81_RS12815,0.8218874835281256,2101.8119412738097,0.0006886534952801,0.004441925760553,RNA,C4vsC1_rna,ACZ81_12805,tier1:gene_id
ACZ81_RS12820,0.9631913520074936,1377.120423068931,0.0011150804550913,0.0065092542853575,RNA,C4vsC1_rna,ACZ81_12810,tier1:gene_id
ACZ81_RS12825,-0.8645562368189252,202.49125391822207,0.0104576102861457,0.0383860315352396,RNA,C4vsC1_rna,ACZ81_12815,tier1:gene_id
ACZ81_RS12830,-0.9542019923500548,667.8691909357136,0.0002683608554726,0.0020352811950022,RNA,C4vsC1_rna,ACZ81_12820,tier1:gene_id
ACZ81_RS12835,0.0425140005546665,197.190104124299,0.9065425605001028,0.9459164506440604,RNA,C4vsC1_rna,ACZ81_12825,tier1:gene_id
ACZ81_RS12845,0.1455062462636602,164.8445267751096,0.6738845858551864,0.7921549834312943,RNA,C4vsC1_rna,ACZ81_12835,tier1:gene_id
ACZ81_RS12875,-1.604599537205638,4014.122414181684,0.0009003450472254,0.0055484031042609,RNA,C4vsC1_rna,ACZ81_12865,tier1:gene_id
ACZ81_RS12880,-2.264971441332499,11057.292992235847,0.0031927176616902,0.0150342526510578,RNA,C4vsC1_rna,ACZ81_12870,tier1:gene_id
ACZ81_RS12885,-1.6638632016110255,1434.4714441004662,7.021788796674809e-06,9.582114507571204e-05,RNA,C4vsC1_rna,ACZ81_12875,tier1:gene_id
ACZ81_RS12890,0.4149351429978178,702.2707591270189,0.0235089179637437,0.072552137592723,RNA,C4vsC1_rna,ACZ81_12880,tier1:gene_id
ACZ81_RS12895,4.544736718088934,3217.5212688946763,4.61888084986177e-49,4.6327374924113556e-46,RNA,C4vsC1_rna,ACZ81_12885,tier1:gene_id
ACZ81_RS12900,6.147476780925163,4022.410455384859,1.2573107964003196e-112,5.044330915158082e-109,RNA,C4vsC1_rna,ACZ81_12890,tier1:gene_id
ACZ81_RS12905,-0.2879011586116555,208.40395513179047,0.2822720580366337,0.4522665722216351,RNA,C4vsC1_rna,ACZ81_12895,tier1:gene_id
ACZ81_RS12910,5.129830405366764,1884.947447535844,5.906428581485594e-29,1.9747159557433507e-26,RNA,C4vsC1_rna,ACZ81_12900,tier1:gene_id
ACZ81_RS12915,0.2227614564260252,23.48864609516309,0.7186493492814474,0.8229661070129397,RNA,C4vsC1_rna,ACZ81_12905,tier1:gene_id
ACZ81_RS12920,-0.4605670887128007,3020.5104453627914,0.3033373121767976,0.4757192571443031,RNA,C4vsC1_rna,ACZ81_12910,tier1:gene_id
ACZ81_RS12925,-0.7070051816975201,719.1831658580845,0.0010717658562696,0.0063420717040618,RNA,C4vsC1_rna,ACZ81_12915,tier1:gene_id
ACZ81_RS12930,-1.1686812495420729,4936.201185786213,0.0001742588806579,0.0014267890391831,RNA,C4vsC1_rna,ACZ81_12920,tier1:gene_id
ACZ81_RS12935,-0.350232788798631,2874.080170590885,0.1677340502250073,0.3098291940620302,RNA,C4vsC1_rna,ACZ81_12925,tier1:gene_id
ACZ81_RS12940,-1.7038313761557742,5452.943850576544,3.2670398208727226e-12,2.1845606268902263e-10,RNA,C4vsC1_rna,ACZ81_12930,tier1:gene_id
ACZ81_RS12945,-1.7650843911575542,14473.39822429522,3.447069642863847e-12,2.2671546569130744e-10,RNA,C4vsC1_rna,ACZ81_12935,tier1:gene_id
ACZ81_RS12950,-1.6311641816272548,3687.179381246861,8.594950229972381e-05,0.0007982162111724,RNA,C4vsC1_rna,ACZ81_12940,tier1:gene_id
ACZ81_RS12955,-1.2524248159809217,220.6799685942483,0.0008088750750188,0.0050548392538562,RNA,C4vsC1_rna,ACZ81_12945,tier1:gene_id
ACZ81_RS12960,-1.911804118860169,907.4311573677026,5.0145825286456575e-08,1.2814334461736546e-06,RNA,C4vsC1_rna,ACZ81_12950,tier1:gene_id
ACZ81_RS12965,-0.8686135241525732,682.4502094678983,0.0024861143501748,0.0124609129219894,RNA,C4vsC1_rna,ACZ81_12955,tier1:gene_id
ACZ81_RS12970,-0.7057491113761519,296.54975170273826,0.0095136606785418,0.0355389261101582,RNA,C4vsC1_rna,ACZ81_12960,tier1:gene_id
ACZ81_RS12975,-2.1420600794892075,3582.875795095538,1.8697235183046985e-05,0.0002174298769692,RNA,C4vsC1_rna,ACZ81_12965,tier1:gene_id
ACZ81_RS12980,-1.633271147955721,906.6293369035418,1.926601110412056e-05,0.0002227528430828,RNA,C4vsC1_rna,ACZ81_12970,tier1:gene_id
ACZ81_RS12985,-2.216941247687093,2293.3665347029983,1.868570854231094e-09,7.139720254452522e-08,RNA,C4vsC1_rna,ACZ81_12975,tier1:gene_id
ACZ81_RS12990,1.4625518003225773,184.72721475035613,0.0002876345648867,0.0021330681595669,RNA,C4vsC1_rna,ACZ81_12980,tier1:gene_id
ACZ81_RS12995,1.317104354755117,298.8455064195311,0.0005871308884818,0.0039129055225736,RNA,C4vsC1_rna,ACZ81_12985,tier1:gene_id
ACZ81_RS13000,0.4991907236829477,839.0441237558838,0.0247439890084798,0.0751910012085625,RNA,C4vsC1_rna,ACZ81_12990,tier1:gene_id
ACZ81_RS13010,0.745363325789396,97.03490510675358,0.0868517493102179,0.1898905821431031,RNA,C4vsC1_rna,ACZ81_13000,tier1:gene_id
ACZ81_RS13015,1.4376403704820513,640.1126738035331,1.803364044180934e-05,0.0002128327382722,RNA,C4vsC1_rna,ACZ81_13005,tier1:gene_id
ACZ81_RS13020,0.8991053918327894,1931.6221779665896,0.0179504838340974,0.0582664572349506,RNA,C4vsC1_rna,ACZ81_13010,tier1:gene_id
ACZ81_RS13025,1.5332890111102684,1957.1099525622424,0.0008898704813111,0.0054925544169543,RNA,C4vsC1_rna,ACZ81_13015,tier1:gene_id
ACZ81_RS13030,0.9976677191611262,472.0673795331175,1.809512916882516e-05,0.000212896358432,RNA,C4vsC1_rna,ACZ81_13020,tier1:gene_id
ACZ81_RS13035,0.392150202680873,289.5036375210449,0.2133402662470621,0.371493553898964,RNA,C4vsC1_rna,ACZ81_13025,tier1:gene_id
ACZ81_RS13040,0.8782734483839799,492.639165810064,0.0062845692577452,0.025705155126305,RNA,C4vsC1_rna,ACZ81_13030,tier1:gene_id
ACZ81_RS13045,0.4394482927844561,374.7197160720763,0.2654453372710039,0.4330893424689987,RNA,C4vsC1_rna,ACZ81_13035,tier1:gene_id
ACZ81_RS13050,0.2695838300876082,3323.077341018728,0.6081476991186073,0.7436417460724939,RNA,C4vsC1_rna,ACZ81_13040,tier1:gene_id
ACZ81_RS13055,0.1696770783509317,1590.6181549057449,0.2379488815362543,0.4003973625717129,RNA,C4vsC1_rna,ACZ81_13045,tier1:gene_id
ACZ81_RS13060,-0.1948116614786351,2444.369206180732,0.6313346001815464,0.7599503198104902,RNA,C4vsC1_rna,ACZ81_13050,tier1:gene_id
ACZ81_RS13065,0.1374303989031881,648.3934635519008,0.6677165444559027,0.7876964665746371,RNA,C4vsC1_rna,ACZ81_13055,tier1:gene_id
ACZ81_RS13070,-0.2903651094239549,1684.5634654605285,0.0719795479860969,0.1651126052145345,RNA,C4vsC1_rna,ACZ81_13060,tier1:gene_id
ACZ81_RS13075,-0.2429307593033912,2259.88856127075,0.3273209798773194,0.5000806440471461,RNA,C4vsC1_rna,ACZ81_13065,tier1:gene_id
ACZ81_RS13080,-0.5251421511208066,438.00746817073934,0.025026905302077,0.0757795804316476,RNA,C4vsC1_rna,ACZ81_13070,tier1:gene_id
ACZ81_RS13085,-0.4781700468923858,204.9916521432471,0.2056253829712414,0.3618154631937402,RNA,C4vsC1_rna,ACZ81_13075,tier1:gene_id
ACZ81_RS13090,-1.3831547308461765,236.85991123178843,0.0066036177785683,0.0267883867822207,RNA,C4vsC1_rna,ACZ81_13080,tier1:gene_id
ACZ81_RS13095,-1.645352306618209,912.9255930324892,7.324844613002738e-06,9.928133982218576e-05,RNA,C4vsC1_rna,ACZ81_13085,tier1:gene_id
ACZ81_RS13100,-1.663084933683502,1528.2527957298046,6.010588960359237e-05,0.0005867270780769,RNA,C4vsC1_rna,ACZ81_13090,tier1:gene_id
ACZ81_RS13105,-0.1927084827426526,728.3219689951911,0.6542627643652608,0.7782099646111551,RNA,C4vsC1_rna,ACZ81_13095,tier1:gene_id
ACZ81_RS13110,-0.0582461462686921,727.173623160681,0.8794169470216355,0.9331487679628112,RNA,C4vsC1_rna,ACZ81_13100,tier1:gene_id
ACZ81_RS13115,-0.0303118616972372,2721.629913654655,0.9398791058482132,0.9646444033417836,RNA,C4vsC1_rna,ACZ81_13105,tier1:gene_id
ACZ81_RS13120,-0.9470175789579734,1171.4912547917954,0.0152646448775858,0.0513342458079415,RNA,C4vsC1_rna,ACZ81_13110,tier1:gene_id
ACZ81_RS13125,-1.2235516275296745,3278.983335949588,0.0001923775039192,0.0015374871428762,RNA,C4vsC1_rna,ACZ81_13115,tier1:gene_id
ACZ81_RS13130,-1.0523309150305855,49279.01226582527,0.0100730049354098,0.0371442056993236,RNA,C4vsC1_rna,ACZ81_13120,tier1:gene_id
ACZ81_RS13135,-0.3957052630760973,7606.934400541477,0.3517715108026805,0.5248117866368576,RNA,C4vsC1_rna,ACZ81_13125,tier1:gene_id
ACZ81_RS13140,0.9395464599733766,1150.2846131814597,0.0001010977552541,0.0009105416139783,RNA,C4vsC1_rna,ACZ81_13130,tier1:gene_id
ACZ81_RS13145,-0.575903713998401,494.7667505193404,0.1198718670496618,0.2421580718042515,RNA,C4vsC1_rna,ACZ81_13135,tier1:gene_id
ACZ81_RS13150,-0.7308801441372775,363.6982276738982,0.0004529947083927,0.0031497656327062,RNA,C4vsC1_rna,ACZ81_13140,tier1:gene_id
ACZ81_RS13155,0.3193425238135071,580.5826918189173,0.3954456878794464,0.5656071656942385,RNA,C4vsC1_rna,ACZ81_13145,tier1:gene_id
ACZ81_RS13160,0.1506756030157796,407.7619730534193,0.7014584097632741,0.8113743243662901,RNA,C4vsC1_rna,ACZ81_13150,tier1:gene_id
ACZ81_RS13165,-0.0473266774296339,2963.042284473703,0.8846152646247053,0.9349516442766906,RNA,C4vsC1_rna,ACZ81_13155,tier1:gene_id
ACZ81_RS13175,0.5260336025904121,1156.2736383222752,0.0977600484593196,0.2077401029760543,RNA,C4vsC1_rna,ACZ81_13165,tier1:gene_id
ACZ81_RS13180,-0.2350198728284305,1280.022605050931,0.5209732220418434,0.6718561770594265,RNA,C4vsC1_rna,ACZ81_13170,tier1:gene_id
ACZ81_RS13185,-1.392668081410865,584.209748068758,0.0346708439516635,0.0959306385752235,RNA,C4vsC1_rna,ACZ81_13175,tier1:gene_id
ACZ81_RS13190,-1.0019920679423466,29.75721904749389,0.0669832710046025,0.1564242626719821,RNA,C4vsC1_rna,ACZ81_13180,tier1:gene_id
ACZ81_RS13195,0.4941679182193006,9.444161963254189,0.5683435313254533,0.7110053781346176,RNA,C4vsC1_rna,ACZ81_13185,tier1:gene_id
ACZ81_RS13200,3.558699684184241,10.159675958204549,0.0039909419286928,0.0179301892697823,RNA,C4vsC1_rna,ACZ81_13190,tier1:gene_id
ACZ81_RS13205,-0.9892896750943196,11.287518872452704,0.2190925242606585,0.3787157291399233,RNA,C4vsC1_rna,ACZ81_13195,tier1:gene_id
ACZ81_RS13210,3.050043043377324,2.806920603093872,0.1102845766676817,0.2281906764263739,RNA,C4vsC1_rna,ACZ81_13200,tier1:gene_id
ACZ81_RS13215,-0.8975341863669415,154.61360857690136,0.0143864197121513,0.0491219709660862,RNA,C4vsC1_rna,ACZ81_13205,tier1:gene_id
ACZ81_RS13220,-0.8332231281281133,990.2801786613372,0.0773751691395489,0.1735210612564953,RNA,C4vsC1_rna,ACZ81_13210,tier1:gene_id
ACZ81_RS13225,-0.9121990007813848,164.45154403265778,0.1813587563101082,0.3293849390294948,RNA,C4vsC1_rna,ACZ81_13215,tier1:gene_id
ACZ81_RS13230,-1.4195831664379717,439.3875898967788,0.0235621844071492,0.0726048262991419,RNA,C4vsC1_rna,ACZ81_13220,tier1:gene_id
ACZ81_RS13235,-1.0630819599996906,1586.893574959081,0.1200673201385077,0.2424308446883205,RNA,C4vsC1_rna,ACZ81_13225,tier1:gene_id
ACZ81_RS13240,-0.0629076287757838,1492.6183603763857,0.7327836781111299,0.8316251430526721,RNA,C4vsC1_rna,ACZ81_13230,tier1:gene_id
ACZ81_RS13245,-0.0876269210482118,691.856273265895,0.7004401895441269,0.8108814369531213,RNA,C4vsC1_rna,ACZ81_13235,tier1:gene_id
ACZ81_RS13250,0.2201350361216663,323.24808965340804,0.4283291070728509,0.5957280359266088,RNA,C4vsC1_rna,ACZ81_13240,tier1:gene_id
ACZ81_RS13255,0.1312940838984141,3335.309359896719,0.6843881828561699,0.7988843146985609,RNA,C4vsC1_rna,ACZ81_13245,tier1:gene_id
ACZ81_RS13260,0.8106128003456887,820.6104940569676,0.0285213934937342,0.083247804861033,RNA,C4vsC1_rna,ACZ81_13250,tier1:gene_id
ACZ81_RS13265,0.6803531848686412,379.0607038542595,0.0240527790018112,0.0737202057717852,RNA,C4vsC1_rna,ACZ81_13255,tier1:gene_id
ACZ81_RS13270,1.9912878276005337,6349.508327717521,0.0002236182109978,0.0017556874021981,RNA,C4vsC1_rna,ACZ81_13260,tier1:gene_id
ACZ81_RS13275,0.5869886931289905,112.49277146095996,0.1158799645292577,0.2364894104254003,RNA,C4vsC1_rna,ACZ81_13265,tier1:gene_id
ACZ81_RS13280,0.311896033040712,235.3296556018296,0.2485443785382262,0.4132449426835324,RNA,C4vsC1_rna,ACZ81_13270,tier1:gene_id
ACZ81_RS13285,0.1313597165992263,302.69007306341655,0.6030904449162009,0.7392602703952942,RNA,C4vsC1_rna,ACZ81_13275,tier1:gene_id
ACZ81_RS13290,0.2805268774157152,401.5361222725029,0.4142005625691556,0.5813841356098836,RNA,C4vsC1_rna,ACZ81_13280,tier1:gene_id
ACZ81_RS13295,-0.7716373705546484,147.58331956879255,0.0202711493150372,0.0647514737674596,RNA,C4vsC1_rna,ACZ81_13285,tier1:gene_id
ACZ81_RS13300,-0.1956782493273819,52.285969420481,0.6752667897833751,0.7925970384997749,RNA,C4vsC1_rna,ACZ81_13290,tier1:gene_id
ACZ81_RS13305,0.7769793823230666,51.17367133539705,0.1280649834770228,0.2544807893560256,RNA,C4vsC1_rna,ACZ81_13295,tier1:gene_id
ACZ81_RS13310,0.6046414944575297,49.21778123459126,0.1503735321879813,0.286602665623839,RNA,C4vsC1_rna,ACZ81_13300,tier1:gene_id
ACZ81_RS13315,0.1903734916123159,2752.280194821051,0.4662852304552264,0.6244113299687478,RNA,C4vsC1_rna,ACZ81_13305,tier1:gene_id
ACZ81_RS13320,2.16645109905706,3635.519059822669,0.0001277499182351,0.0010998555192264,RNA,C4vsC1_rna,ACZ81_13310,tier1:gene_id
ACZ81_RS13325,0.4135370453222724,3532.370265129417,0.2310611545972961,0.3932767663166475,RNA,C4vsC1_rna,ACZ81_13315,tier1:gene_id
ACZ81_RS13330,-0.8190144037016092,12691.527695387998,0.0009089863129697,0.0055507657346036,RNA,C4vsC1_rna,ACZ81_13320,tier1:gene_id
ACZ81_RS13335,-0.8526082215627779,3991.353862010037,0.0019711540995993,0.0102306212776103,RNA,C4vsC1_rna,ACZ81_13325,tier1:gene_id
ACZ81_RS13340,0.6359758907165517,8343.132812045822,0.0991681129812656,0.2102867173788782,RNA,C4vsC1_rna,ACZ81_13330,tier1:gene_id
ACZ81_RS13385,0.2375596353437363,793.4940621343796,0.4445179394472675,0.6088787890278038,RNA,C4vsC1_rna,ACZ81_13375,tier1:gene_id
ACZ81_RS13390,0.3185461583083976,72.62670275196196,0.457292448204145,0.618145991305603,RNA,C4vsC1_rna,ACZ81_13380,tier1:gene_id
ACZ81_RS13395,0.2259790519282562,52.84123181623384,0.5458347621438424,0.693002868899081,RNA,C4vsC1_rna,ACZ81_13385,tier1:gene_id
ACZ81_RS13400,0.3380116830256995,1848.0290891805205,0.2131760842628851,0.3713688450120257,RNA,C4vsC1_rna,ACZ81_13390,tier1:gene_id
ACZ81_RS13405,0.0114112994827852,664.0132830443712,0.969563708031074,0.9827917121325592,RNA,C4vsC1_rna,ACZ81_13395,tier1:gene_id
ACZ81_RS13410,0.1641529937560938,229.4815626783285,0.5716407156255516,0.7143154253844252,RNA,C4vsC1_rna,ACZ81_13400,tier1:gene_id
ACZ81_RS13415,-0.7986506832627859,82.37199928598504,0.0708381192380183,0.1632409732239687,RNA,C4vsC1_rna,ACZ81_13405,tier1:gene_id
ACZ81_RS13420,0.6885100533573127,179.5554687221082,0.1402199437162123,0.2724498622529529,RNA,C4vsC1_rna,ACZ81_13410,tier1:gene_id
ACZ81_RS13425,0.2320432093892943,791.6973095660078,0.6502837992026234,0.7753160779794724,RNA,C4vsC1_rna,ACZ81_13415,tier1:gene_id
ACZ81_RS13430,0.914330796610468,2104.1666366894246,0.1011252616017355,0.2130853726607999,RNA,C4vsC1_rna,ACZ81_13420,tier1:gene_id
ACZ81_RS13435,-0.2739313379207664,698.4180463011677,0.4499587638232318,0.6121514277581573,RNA,C4vsC1_rna,ACZ81_13425,tier1:gene_id
ACZ81_RS13440,-1.7480034667030562,1565.3816258753525,1.5831018848210084e-10,7.385354374304518e-09,RNA,C4vsC1_rna,ACZ81_13430,tier1:gene_id
ACZ81_RS13445,-0.4655666326266413,117.92818879795216,0.2877362189057759,0.4580943294642749,RNA,C4vsC1_rna,ACZ81_13435,tier1:gene_id
ACZ81_RS13450,-1.0471262641366064,402.028165074545,0.0656140635726721,0.1538765914327201,RNA,C4vsC1_rna,ACZ81_13440,tier1:gene_id
ACZ81_RS13455,0.7216493922504322,4436.576173560398,4.897372350358967e-07,9.775252671462777e-06,RNA,C4vsC1_rna,ACZ81_13445,tier1:gene_id
ACZ81_RS13460,-0.2316890456833606,2443.4917229514112,0.4439088751511276,0.6084464816632382,RNA,C4vsC1_rna,ACZ81_13450,tier1:gene_id
ACZ81_RS13465,0.5347142107337083,604.7153185480512,0.0611174254233905,0.1462153314243546,RNA,C4vsC1_rna,ACZ81_13455,tier1:gene_id
ACZ81_RS13470,0.9408297530405156,921.7522171184992,0.0045942492461459,0.0201004667126908,RNA,C4vsC1_rna,ACZ81_13460,tier1:gene_id
ACZ81_RS13475,0.7697568901242839,878.311338393429,0.0029268337744371,0.014012478643248,RNA,C4vsC1_rna,ACZ81_13465,tier1:gene_id
ACZ81_RS13480,0.7068520999041765,665.1195549396052,0.0270588076117908,0.0800589499546497,RNA,C4vsC1_rna,ACZ81_13470,tier1:gene_id
ACZ81_RS13485,0.3902735851527862,737.2354327333555,0.1735920971776031,0.3187832171993857,RNA,C4vsC1_rna,ACZ81_13475,tier1:gene_id
ACZ81_RS13490,0.5141820517538862,4002.1717324009214,0.0954393217423273,0.2037799674455654,RNA,C4vsC1_rna,ACZ81_13480,tier1:gene_id
ACZ81_RS13495,1.9501697866297227,2872.6230111491413,0.0012014377037605,0.0069001246888788,RNA,C4vsC1_rna,ACZ81_13485,tier1:gene_id
ACZ81_RS13500,-0.4814602177236942,386.4690140336551,0.1249804505200666,0.2500855698187068,RNA,C4vsC1_rna,ACZ81_13490,tier1:gene_id
ACZ81_RS13505,-1.3073926995346157,520.5978969038765,0.0004351762499852,0.0030576657004214,RNA,C4vsC1_rna,ACZ81_13495,tier1:gene_id
ACZ81_RS13510,-2.079983173139748,402.7745249812591,1.1518597281513232e-08,3.397986198046404e-07,RNA,C4vsC1_rna,ACZ81_13500,tier1:gene_id
ACZ81_RS13515,-1.1940086406464678,1985.7076572512133,0.0001851933818158,0.0014979754996877,RNA,C4vsC1_rna,ACZ81_13505,tier1:gene_id
ACZ81_RS13520,-1.360131942063873,2172.425494865608,0.0049974262660489,0.0215125259435495,RNA,C4vsC1_rna,ACZ81_13510,tier1:gene_id
ACZ81_RS13525,-1.3228926397344372,2221.2195954296694,0.0120839748129176,0.0427144554620491,RNA,C4vsC1_rna,ACZ81_13515,tier1:gene_id
ACZ81_RS13530,-0.9047103316769548,5331.21137051857,0.0816928175321541,0.1814541283391186,RNA,C4vsC1_rna,ACZ81_13520,tier1:gene_id
ACZ81_RS13535,-1.4293604904021393,4227.267312616531,0.0023008938343661,0.0117445115311412,RNA,C4vsC1_rna,ACZ81_13525,tier1:gene_id
ACZ81_RS13540,-0.1866071791487385,3976.0488035143726,0.7180279141728763,0.8229661070129397,RNA,C4vsC1_rna,ACZ81_13530,tier1:gene_id
ACZ81_RS13545,-0.2936679034135777,440.7399695964183,0.4082180461074373,0.5756663623841963,RNA,C4vsC1_rna,ACZ81_13535,tier1:gene_id
ACZ81_RS13550,-0.0290562186388973,417.108493245916,0.8871989344348319,0.9356302191707396,RNA,C4vsC1_rna,ACZ81_13540,tier1:gene_id
ACZ81_RS13555,-0.2056451916140282,730.5020495925381,0.3349118493099999,0.5078104079484957,RNA,C4vsC1_rna,ACZ81_13545,tier1:gene_id
ACZ81_RS13560,-0.1071748177279796,1135.7867756944463,0.6591661226583876,0.7821266906677697,RNA,C4vsC1_rna,ACZ81_13550,tier1:gene_id
ACZ81_RS13565,1.598058863500183,2576.291319389801,0.003514939671662,0.0163216874568381,RNA,C4vsC1_rna,ACZ81_13555,tier1:gene_id
ACZ81_RS13570,-0.3372282008641873,78.11805910782164,0.3623799992001182,0.5345986421025376,RNA,C4vsC1_rna,ACZ81_13560,tier1:gene_id
ACZ81_RS13575,0.1049131190327497,96.4077931965554,0.7590485471730992,0.8492199585216046,RNA,C4vsC1_rna,ACZ81_13565,tier1:gene_id
ACZ81_RS13580,0.1459585706357502,482.4425271277425,0.7594401956242764,0.8492430729793976,RNA,C4vsC1_rna,ACZ81_13570,tier1:gene_id
ACZ81_RS13585,-0.4881319047973522,1341.1865667700013,0.1038584858331456,0.2179289985159939,RNA,C4vsC1_rna,ACZ81_13575,tier1:gene_id
ACZ81_RS13590,-0.359273353427202,669.7654762298422,0.2921981114071528,0.462810431490524,RNA,C4vsC1_rna,ACZ81_13580,tier1:gene_id
ACZ81_RS13595,-0.0202137523007424,2526.3234458776765,0.9418061725039872,0.9660140141178758,RNA,C4vsC1_rna,ACZ81_13585,tier1:gene_id
ACZ81_RS13600,-2.356961297415254,2120.931102313933,6.7979564070150095e-09,2.154382256683779e-07,RNA,C4vsC1_rna,ACZ81_13590,tier1:gene_id
ACZ81_RS13605,-0.925950303228096,118.45935399991976,0.0519133589373616,0.129857563173503,RNA,C4vsC1_rna,ACZ81_13595,tier1:gene_id
ACZ81_RS13610,-2.9569728403590463,8375.252310833854,3.4986449657134454e-08,9.234581317396276e-07,RNA,C4vsC1_rna,ACZ81_13600,tier1:gene_id
ACZ81_RS13615,-2.4389001873195566,12163.094633820778,3.563335255750525e-06,5.3947551117249456e-05,RNA,C4vsC1_rna,ACZ81_13605,tier1:gene_id
ACZ81_RS13620,-1.7244740995375267,1434.6628308373868,6.566647600014958e-05,0.0006348286788255,RNA,C4vsC1_rna,ACZ81_13610,tier1:gene_id
ACZ81_RS13625,-1.041755303258339,413.7255676244627,0.0085385777308,0.0326566004346708,RNA,C4vsC1_rna,ACZ81_13615,tier1:gene_id
ACZ81_RS13630,-1.0241393699555257,322.32772605613167,0.0013733124349168,0.0075937525683205,RNA,C4vsC1_rna,ACZ81_13620,tier1:gene_id
ACZ81_RS13635,-0.7621636226117621,613.4574804135963,0.0206931909953846,0.0658679771756177,RNA,C4vsC1_rna,ACZ81_13625,tier1:gene_id
ACZ81_RS13640,-0.6035030849187082,420.4843904949077,0.1172966513164747,0.2385170628898615,RNA,C4vsC1_rna,ACZ81_13630,tier1:gene_id
ACZ81_RS13645,-0.7114089458649049,78.05789208937726,0.1115809242524514,0.2296883879429631,RNA,C4vsC1_rna,ACZ81_13635,tier1:gene_id
ACZ81_RS13650,0.5151035438888477,495.3183210675194,0.0304437148945366,0.0871807167429558,RNA,C4vsC1_rna,ACZ81_13640,tier1:gene_id
ACZ81_RS13655,-1.1213713622314467,331.3626485947772,0.0020191876266049,0.0104394081932206,RNA,C4vsC1_rna,ACZ81_13645,tier1:gene_id
ACZ81_RS13660,0.27709116788131,67.5401301826082,0.5392504607723839,0.6870348836515733,RNA,C4vsC1_rna,ACZ81_13650,tier1:gene_id
ACZ81_RS13665,-0.37310750712808,44.57244895176201,0.3946605250452079,0.564886916332991,RNA,C4vsC1_rna,ACZ81_13655,tier1:gene_id
ACZ81_RS13670,0.3422271684872254,191.5354675172178,0.1984524122433927,0.3529215770924165,RNA,C4vsC1_rna,ACZ81_13660,tier1:gene_id
ACZ81_RS13675,0.6732176477869763,1342.8978156155326,1.724905785995209e-05,0.0002053508015849,RNA,C4vsC1_rna,ACZ81_13665,tier1:gene_id
ACZ81_RS13680,-2.136771783028656,3221.820398533839,5.229843075430253e-09,1.734060365175717e-07,RNA,C4vsC1_rna,ACZ81_13670,tier1:gene_id
ACZ81_RS13685,1.74043708147557,7495.015585048509,0.1084720320095237,0.225136985215835,RNA,C4vsC1_rna,ACZ81_13675,tier1:gene_id
ACZ81_RS13690,-2.5065050693436564,1704.3295382360916,1.8399141453246502e-20,3.690867775521249e-18,RNA,C4vsC1_rna,ACZ81_13680,tier1:gene_id
ACZ81_RS13695,0.8764563780077147,3362.246641206464,0.2178806562788457,0.3772711234314757,RNA,C4vsC1_rna,ACZ81_13685,tier1:gene_id
ACZ81_RS13700,-1.097606039518507,5719.790041369103,0.0070308492754456,0.0281233971017824,RNA,C4vsC1_rna,ACZ81_13690,tier1:gene_id
ACZ81_RS13705,0.013611163221208,411.7795283644046,0.958543066291778,0.975339836300768,RNA,C4vsC1_rna,ACZ81_13695,tier1:gene_id
ACZ81_RS13710,-0.1929790954910359,124.94358310478913,0.5785678531236479,0.7199795988623062,RNA,C4vsC1_rna,ACZ81_13700,tier1:gene_id
ACZ81_RS13715,-0.1145218710685075,202.91670275995696,0.7826685329082214,0.8652703648464548,RNA,C4vsC1_rna,ACZ81_13705,tier1:gene_id
ACZ81_RS13720,-0.6241703237738626,6256.914039576238,0.0252539649958623,0.0762943581049698,RNA,C4vsC1_rna,ACZ81_RS13720,locus_tag:gene_id
ACZ81_RS13725,-0.5367316779693154,854.1233693198725,0.0941540628337926,0.2020032620797733,RNA,C4vsC1_rna,ACZ81_13715,tier1:gene_id
ACZ81_RS13730,-0.4554087746224645,539.0817650566187,0.0137158225317597,0.0472342317574422,RNA,C4vsC1_rna,ACZ81_13720,tier1:gene_id
ACZ81_RS13735,0.6965634896631718,127.80193630813964,0.0180201115989285,0.0584451800605509,RNA,C4vsC1_rna,ACZ81_13725,tier1:gene_id
ACZ81_RS13740,0.226383817947685,2964.90784897518,0.6257239154788514,0.7566016723632164,RNA,C4vsC1_rna,ACZ81_13730,tier1:gene_id
ACZ81_RS13745,-2.81044595162863,34482.32940348589,3.8350557422495896e-08,9.926608798648614e-07,RNA,C4vsC1_rna,ACZ81_13735,tier1:gene_id
ACZ81_RS13750,-0.2768120032595751,1204.398038510354,0.1754841589510969,0.3217157054401147,RNA,C4vsC1_rna,ACZ81_13740,tier1:gene_id
ACZ81_RS13755,-0.0479956036625085,309.39145478695065,0.8758368954477114,0.9310698528182878,RNA,C4vsC1_rna,ACZ81_13745,tier1:gene_id
ACZ81_RS13760,0.1517360845632536,340.8208929530756,0.6101924283361135,0.7456965634527868,RNA,C4vsC1_rna,ACZ81_13750,tier1:gene_id
ACZ81_RS13765,-0.0480870175045298,1170.798169511548,0.8757434708606759,0.9310698528182878,RNA,C4vsC1_rna,ACZ81_13755,tier1:gene_id
ACZ81_RS13770,0.3984617960682263,601.7141324411522,0.0565525015201186,0.138262422973014,RNA,C4vsC1_rna,ACZ81_13760,tier1:gene_id
ACZ81_RS13775,0.5705330063138832,225.26507757086927,0.0264842902594868,0.0789107502215746,RNA,C4vsC1_rna,ACZ81_13765,tier1:gene_id
ACZ81_RS13780,0.0952965908693578,588.291062898132,0.6694608810878396,0.7889489250142049,RNA,C4vsC1_rna,ACZ81_13770,tier1:gene_id
ACZ81_RS13785,0.7093890067842852,167.5971761401504,0.063871815055642,0.1509862495058995,RNA,C4vsC1_rna,ACZ81_13775,tier1:gene_id
ACZ81_RS13790,0.6338950240194428,217.7666094062264,0.0227009483802565,0.0706923486999706,RNA,C4vsC1_rna,ACZ81_13780,tier1:gene_id
ACZ81_RS13795,0.2421936966805445,79.35930934944025,0.5238676445837209,0.6734242198237387,RNA,C4vsC1_rna,ACZ81_13785,tier1:gene_id
ACZ81_RS13800,0.631339162308549,1346.04817349103,0.0017902213320837,0.0094308946947241,RNA,C4vsC1_rna,ACZ81_13790,tier1:gene_id
ACZ81_RS13805,0.1235378482665273,750.7600716184728,0.5125382696690999,0.6652551077037945,RNA,C4vsC1_rna,ACZ81_13795,tier1:gene_id
ACZ81_RS13810,0.7379038232357477,253.64611296803224,0.0110681539683651,0.0400409681885311,RNA,C4vsC1_rna,ACZ81_13800,tier1:gene_id
ACZ81_RS13815,0.4711223205923047,377.75538895705785,0.1507036073410727,0.2866947558442601,RNA,C4vsC1_rna,ACZ81_RS13815,locus_tag:gene_id
ACZ81_RS13820,-0.2272309622727429,186.0748114822971,0.4629036581098636,0.6219589672929581,RNA,C4vsC1_rna,ACZ81_13810,tier1:gene_id
ACZ81_RS13825,0.1613930287253233,341.03795324866815,0.430990350141869,0.5973168262403871,RNA,C4vsC1_rna,ACZ81_13815,tier1:gene_id
ACZ81_RS13830,0.0090156514641563,218.52549088368187,0.9810494877728584,0.9889448888493196,RNA,C4vsC1_rna,ACZ81_13820,tier1:gene_id
ACZ81_RS13835,0.321902773456696,77.6931074758324,0.3644876132933525,0.5360426336264408,RNA,C4vsC1_rna,ACZ81_13825,tier1:gene_id
ACZ81_RS13840,0.3064317772935223,308.9880722925463,0.3143814667475661,0.4864243905095393,RNA,C4vsC1_rna,ACZ81_13830,tier1:gene_id
ACZ81_RS13845,0.4640091779922048,850.8309371802101,0.0294335983372689,0.0849801670727347,RNA,C4vsC1_rna,ACZ81_13835,tier1:gene_id
ACZ81_RS13850,-0.401894135357586,206.9538917334206,0.1755323228336019,0.3217157054401147,RNA,C4vsC1_rna,ACZ81_13840,tier1:gene_id
ACZ81_RS13855,0.1044052472825763,97.43453857808493,0.7654989645368007,0.854015120146171,RNA,C4vsC1_rna,ACZ81_13845,tier1:gene_id
ACZ81_RS13860,0.4669971763524441,403.7025526198525,0.1272721855031951,0.2534443579800381,RNA,C4vsC1_rna,ACZ81_13850,tier1:gene_id
ACZ81_RS13865,1.1844596571359356,179.52015050942344,0.0001552276038232,0.0012989835362973,RNA,C4vsC1_rna,ACZ81_13855,tier1:gene_id
ACZ81_RS13870,1.2784485399752388,417.4664736958075,0.0016109874829331,0.0086251573550201,RNA,C4vsC1_rna,ACZ81_13860,tier1:gene_id
ACZ81_RS13875,0.6565430379759912,1378.9375482499256,0.0043794470302396,0.0192868732001334,RNA,C4vsC1_rna,ACZ81_13865,tier1:gene_id
ACZ81_RS13880,0.2247263701967785,2627.095565044545,0.3155402048340714,0.4878409640825797,RNA,C4vsC1_rna,ACZ81_13870,tier1:gene_id
ACZ81_RS13885,0.7936603941363872,842.7907496674648,0.0013765767392479,0.0075967343574451,RNA,C4vsC1_rna,ACZ81_13875,tier1:gene_id
ACZ81_RS13890,1.1707063237136497,384.37313727457,0.0001215533236748,0.0010510171003954,RNA,C4vsC1_rna,ACZ81_13880,tier1:gene_id
ACZ81_RS13895,0.8749764819194412,503.6248697647988,0.0032323210953147,0.0152028982818318,RNA,C4vsC1_rna,ACZ81_13885,tier1:gene_id
ACZ81_RS13900,0.1828265649164444,1106.8303393584342,0.2771147342850183,0.4468586470866131,RNA,C4vsC1_rna,ACZ81_13890,tier1:gene_id
ACZ81_RS13905,0.0979116993271372,218.4002260534648,0.7935542328457981,0.8734788993751469,RNA,C4vsC1_rna,ACZ81_13895,tier1:gene_id
ACZ81_RS13910,0.3538676731064006,627.7213006641196,0.1882416109811589,0.3391222915385763,RNA,C4vsC1_rna,ACZ81_13900,tier1:gene_id
ACZ81_RS13915,0.2352470723220666,412.1569958941381,0.3211392992984241,0.4942259075989197,RNA,C4vsC1_rna,ACZ81_13905,tier1:gene_id
ACZ81_RS13920,-1.572721254850693,2678.9243432057565,7.55062807305889e-05,0.0007166309902236,RNA,C4vsC1_rna,ACZ81_13910,tier1:gene_id
ACZ81_RS13925,0.5044850238525082,947.954748756198,0.0564098161506535,0.1379976721929403,RNA,C4vsC1_rna,ACZ81_13915,tier1:gene_id
ACZ81_RS13930,-0.922969654500962,1277.071788356846,0.114980848456267,0.2352894543579594,RNA,C4vsC1_rna,ACZ81_13920,tier1:gene_id
ACZ81_RS13935,0.7835212253666014,276.86794816902994,0.0030568677495276,0.014548224686957,RNA,C4vsC1_rna,ACZ81_13925,tier1:gene_id
ACZ81_RS13940,-1.956567217394084,30801.340107113672,0.000639054648362,0.0041825240607317,RNA,C4vsC1_rna,ACZ81_13930,tier1:gene_id
ACZ81_RS13945,-0.0863666083751094,110.76693927060394,0.8292582860566456,0.9002264031253643,RNA,C4vsC1_rna,ACZ81_13935,tier1:gene_id
ACZ81_RS13950,-1.6429384406996883,4848.142414288178,0.0507318055648803,0.1277162955244548,RNA,C4vsC1_rna,ACZ81_13940,tier1:gene_id
ACZ81_RS13955,-0.977449545373919,616.6394013193,0.0007973421761052,0.0049983387664597,RNA,C4vsC1_rna,ACZ81_13945,tier1:gene_id
ACZ81_RS13960,0.4698205303692093,108.22335091866096,0.1694727991086556,0.3123219430518725,RNA,C4vsC1_rna,ACZ81_13950,tier1:gene_id
ACZ81_RS13965,-1.8799318150367776,14988.035910823502,1.8036672734940327e-05,0.0002128327382722,RNA,C4vsC1_rna,ACZ81_13955,tier1:gene_id
ACZ81_RS13970,-0.7920558652192066,758.1942504429287,0.0185344634525513,0.0598713907984186,RNA,C4vsC1_rna,ACZ81_13960,tier1:gene_id
ACZ81_RS13975,-0.450195177779944,658.662590427656,0.0591909503935177,0.1425414723762264,RNA,C4vsC1_rna,ACZ81_13965,tier1:gene_id
ACZ81_RS13980,-0.4738034136870908,658.6305077908389,0.0461840961216168,0.1193113932002104,RNA,C4vsC1_rna,ACZ81_13970,tier1:gene_id
ACZ81_RS13985,0.7715305118144116,961.546126564922,0.204271031311034,0.3600770551932639,RNA,C4vsC1_rna,ACZ81_13975,tier1:gene_id
ACZ81_RS13990,0.0234343223381929,322.0694288652896,0.9620945356227432,0.9770890660074172,RNA,C4vsC1_rna,ACZ81_13980,tier1:gene_id
ACZ81_RS13995,0.4060598500207516,465.415839097701,0.4302432881866078,0.5968658617581848,RNA,C4vsC1_rna,ACZ81_13985,tier1:gene_id
ACZ81_RS14000,-1.1403190755820178,1461.7651194800417,0.0216739352739509,0.0679342408742899,RNA,C4vsC1_rna,ACZ81_13990,tier1:gene_id
ACZ81_RS14005,0.0585508548740924,214.644264355324,0.8676399101249819,0.9257902445269754,RNA,C4vsC1_rna,ACZ81_13995,tier1:gene_id
ACZ81_RS14010,1.2538914262941765,346.6531752040036,0.0004572921641546,0.0031741456100144,RNA,C4vsC1_rna,ACZ81_14000,tier1:gene_id
ACZ81_RS14015,0.5447608422477153,40.29031497248293,0.3030379896140868,0.4757192571443031,RNA,C4vsC1_rna,ACZ81_14005,tier1:gene_id
ACZ81_RS14020,0.572696946511511,79.00275759797127,0.2239265165877917,0.3845861235232108,RNA,C4vsC1_rna,ACZ81_14010,tier1:gene_id
ACZ81_RS14025,0.0668546031066453,970.6216963141304,0.8360078370021102,0.9060138957462092,RNA,C4vsC1_rna,ACZ81_14015,tier1:gene_id
ACZ81_RS14035,-0.3835414310678212,2.6678874657569374,0.8506645415824439,0.9162056753902724,RNA,C4vsC1_rna,ACZ81_14025,tier1:gene_id
ACZ81_RS14040,0.7459629283958494,203.0046894890916,0.0105916770081392,0.0387363793588465,RNA,C4vsC1_rna,ACZ81_14030,tier1:gene_id
ACZ81_RS14045,-0.5874372141396828,248.00262709392047,0.1632543486540904,0.3042157207618258,RNA,C4vsC1_rna,ACZ81_14035,tier1:gene_id
ACZ81_RS14050,-1.20385260201823,1198.135119384995,1.8174681166450704e-06,3.08969579829662e-05,RNA,C4vsC1_rna,ACZ81_14040,tier1:gene_id
ACZ81_RS14055,-0.7887530266163786,129.80247567609678,0.0521878753701055,0.130372201734037,RNA,C4vsC1_rna,ACZ81_14045,tier1:gene_id
ACZ81_RS14060,-0.283185274617202,123.082841534899,0.4048743697055384,0.5733954071687556,RNA,C4vsC1_rna,ACZ81_14050,tier1:gene_id
ACZ81_RS14065,0.2785991550824249,23.17288399465773,0.6800317625137229,0.7962750406445818,RNA,C4vsC1_rna,ACZ81_14055,tier1:gene_id
ACZ81_RS14070,-0.1370030322061632,14.87623954264953,0.8858701147079855,0.9353423438930482,RNA,C4vsC1_rna,ACZ81_14060,tier1:gene_id
ACZ81_RS14075,-0.0075373133887542,385.8246513203701,0.9727171603463276,0.9842474772533334,RNA,C4vsC1_rna,ACZ81_14065,tier1:gene_id
ACZ81_RS14080,0.4503365443287726,160.70509263060364,0.1699059650569614,0.3128328278148368,RNA,C4vsC1_rna,ACZ81_14070,tier1:gene_id
ACZ81_RS14085,-0.4928048708480355,34.25014185033661,0.3624397573576526,0.5345986421025376,RNA,C4vsC1_rna,ACZ81_14075,tier1:gene_id
ACZ81_RS14090,0.7482300778555502,99.38589446465572,0.189668639822886,0.3407757226843786,RNA,C4vsC1_rna,ACZ81_14080,tier1:gene_id
ACZ81_RS14095,0.2579253448876323,326.0245634922942,0.3350420600233911,0.5078159217279355,RNA,C4vsC1_rna,ACZ81_14085,tier1:gene_id
ACZ81_RS14100,1.7005163757100263,400.59176957437575,0.0257138005981005,0.0773341589202244,RNA,C4vsC1_rna,ACZ81_14090,tier1:gene_id
ACZ81_RS14105,0.4931224114187202,449.1093122013926,0.0145770836799231,0.0496951366395391,RNA,C4vsC1_rna,ACZ81_14095,tier1:gene_id
ACZ81_RS14110,0.5321747834266547,306.68114792284314,0.0127377112936663,0.044593104459153,RNA,C4vsC1_rna,ACZ81_14100,tier1:gene_id
ACZ81_RS14115,-0.0063878238126249,250.13572131768825,0.9889782150703922,0.9921931980151072,RNA,C4vsC1_rna,ACZ81_14105,tier1:gene_id
ACZ81_RS14120,0.1468947178173334,265.6218868024687,0.6212643411767517,0.7536725240484516,RNA,C4vsC1_rna,ACZ81_14110,tier1:gene_id
ACZ81_RS14125,0.244061557291033,310.8779007615293,0.5462578899649781,0.6931026886049023,RNA,C4vsC1_rna,ACZ81_14115,tier1:gene_id
ACZ81_RS14130,-2.647993613404511,972.4171179214268,9.958268718402732e-11,4.813563144365273e-09,RNA,C4vsC1_rna,ACZ81_14120,tier1:gene_id
ACZ81_RS14135,-1.7985912380470412,32.257338559456635,0.0025382052461271,0.0126186858085034,RNA,C4vsC1_rna,ACZ81_14125,tier1:gene_id
ACZ81_RS14140,-0.0375405765472502,986.215240954018,0.8886444000401847,0.9362503500423376,RNA,C4vsC1_rna,ACZ81_14130,tier1:gene_id
ACZ81_RS14145,-2.4123832499943347,506.8755644270209,6.3647793296886615e-12,3.7552198045163104e-10,RNA,C4vsC1_rna,ACZ81_14135,tier1:gene_id
ACZ81_RS14150,-1.5239372134057725,1378.7523962566995,8.644057915106445e-05,0.0008009228719493,RNA,C4vsC1_rna,ACZ81_14140,tier1:gene_id
ACZ81_RS14155,-0.7333105692430207,535.2062529655302,0.0695810680289325,0.1609914907336085,RNA,C4vsC1_rna,ACZ81_14145,tier1:gene_id
ACZ81_RS14160,0.3648380658318594,305.9825839075061,0.1647000232521481,0.3057734813917716,RNA,C4vsC1_rna,ACZ81_14150,tier1:gene_id
ACZ81_RS14165,-0.0726598452631174,971.1136627575214,0.7914602740147654,0.8726894812417313,RNA,C4vsC1_rna,ACZ81_14155,tier1:gene_id
ACZ81_RS14170,-0.4231465281497911,483.4346553539335,0.1161421459365902,0.2367694560455285,RNA,C4vsC1_rna,ACZ81_14160,tier1:gene_id
ACZ81_RS14175,-0.2105396823593414,210.4035962812144,0.6641462403430294,0.7862362691815384,RNA,C4vsC1_rna,ACZ81_14165,tier1:gene_id
ACZ81_RS14180,0.0488275097718188,244.01768238981177,0.9388605628394768,0.9640607851356848,RNA,C4vsC1_rna,ACZ81_14170,tier1:gene_id
ACZ81_RS14185,0.0613430226998617,664.5497390832205,0.9058733829423146,0.9457101255177116,RNA,C4vsC1_rna,ACZ81_14175,tier1:gene_id
ACZ81_RS14190,0.3162625803498328,1165.2030026892517,0.1555667148852461,0.2932681480874936,RNA,C4vsC1_rna,ACZ81_14180,tier1:gene_id
ACZ81_RS14195,-0.9138113455476096,94.21079754462473,0.0389411293908242,0.1047832401851019,RNA,C4vsC1_rna,ACZ81_RS14195,locus_tag:gene_id
ACZ81_RS14200,-2.2703309147901805,105.3586934109197,0.0001582579853866,0.0013200229467175,RNA,C4vsC1_rna,ACZ81_14195,tier1:gene_id
ACZ81_RS14205,0.3224901464064964,74.4006754921657,0.3329292968382439,0.5059786643190054,RNA,C4vsC1_rna,ACZ81_14200,tier1:gene_id
ACZ81_RS14210,0.7325299406405,96.84209170339676,0.0468432080540138,0.1206037747734942,RNA,C4vsC1_rna,ACZ81_14205,tier1:gene_id
ACZ81_RS14215,0.7045885768791142,72.7913175784936,0.0463006246684395,0.1194585891767071,RNA,C4vsC1_rna,ACZ81_14210,tier1:gene_id
ACZ81_RS14220,1.012176096017552,730.596389318113,0.0001672213205959,0.0013890102240809,RNA,C4vsC1_rna,ACZ81_14215,tier1:gene_id
ACZ81_RS14225,0.9674081665809215,173.6697642985928,0.0030675347100404,0.0145644369901567,RNA,C4vsC1_rna,ACZ81_14220,tier1:gene_id
ACZ81_RS14230,1.8514714370227463,32.43977672280067,0.0006562440556659,0.0042810587826535,RNA,C4vsC1_rna,ACZ81_14225,tier1:gene_id
ACZ81_RS14235,2.0571058522432697,18.94610522024453,0.0134371631550393,0.0464740504982913,RNA,C4vsC1_rna,ACZ81_14230,tier1:gene_id
ACZ81_RS14240,0.2997454439534437,94.6944020563824,0.5455951543134776,0.6929574507525262,RNA,C4vsC1_rna,ACZ81_14235,tier1:gene_id
ACZ81_RS14245,1.0235275459831648,294.8216566706611,0.0092404375051251,0.0348421340533304,RNA,C4vsC1_rna,ACZ81_14240,tier1:gene_id
ACZ81_RS14250,-0.1381179197742973,183.9127660330064,0.7969029254492133,0.875754561093159,RNA,C4vsC1_rna,ACZ81_14245,tier1:gene_id
ACZ81_RS14255,-2.4527114910251897,164.422617052325,0.0002561699799037,0.001976449921873,RNA,C4vsC1_rna,ACZ81_14250,tier1:gene_id
ACZ81_RS14260,-0.5530306666429099,149.51677099420135,0.1465580087262975,0.2806638334176161,RNA,C4vsC1_rna,ACZ81_14255,tier1:gene_id
ACZ81_RS14265,0.7471120046974955,46.6500324188444,0.1548919894983775,0.2921611010190366,RNA,C4vsC1_rna,ACZ81_14260,tier1:gene_id
ACZ81_RS14270,-1.1397672717904204,1523.8105426279224,0.0700398233764418,0.1618662277570763,RNA,C4vsC1_rna,ACZ81_14265,tier1:gene_id
ACZ81_RS14275,-1.2995418568398154,213.9446912429843,0.0043505685081717,0.0191807481920716,RNA,C4vsC1_rna,ACZ81_14270,tier1:gene_id
ACZ81_RS14280,0.3031405941444493,438.8807918968321,0.3524317993193954,0.5252438257315803,RNA,C4vsC1_rna,ACZ81_14275,tier1:gene_id
ACZ81_RS14285,1.656957979097649,45.07588499190296,0.00036247706414,0.0026250144067326,RNA,C4vsC1_rna,ACZ81_14280,tier1:gene_id
ACZ81_RS14290,1.250955657192078,346.37841426434534,0.0262591531501469,0.078503518955581,RNA,C4vsC1_rna,ACZ81_14285,tier1:gene_id
ACZ81_RS14295,-1.2241180348991143,79.32103545829527,0.0137348323663176,0.047259131606918,RNA,C4vsC1_rna,ACZ81_14290,tier1:gene_id
ACZ81_RS14300,0.3998748814446867,171.01889511297588,0.2371591498628101,0.3995958650378345,RNA,C4vsC1_rna,ACZ81_14295,tier1:gene_id
ACZ81_RS14305,-1.7324904444619655,7.048987286582006,0.0735302986831862,0.1678063471654966,RNA,C4vsC1_rna,ACZ81_14300,tier1:gene_id
ACZ81_RS14310,-1.0699758543999842,127.82790774444832,0.0327375243464216,0.0917756470331744,RNA,C4vsC1_rna,ACZ81_14305,tier1:gene_id
ACZ81_RS14315,2.060453375091635,71.53817501414754,8.955999393029093e-07,1.6712311425503592e-05,RNA,C4vsC1_rna,ACZ81_14310,tier1:gene_id
ACZ81_RS14320,0.8196864081588343,55.06563610071942,0.0272959122845041,0.0806415317271211,RNA,C4vsC1_rna,ACZ81_14315,tier1:gene_id
ACZ81_RS14325,1.943005623283777,739.9767508469223,1.506918712978826e-07,3.502068263291075e-06,RNA,C4vsC1_rna,ACZ81_14320,tier1:gene_id
ACZ81_RS14330,7.365275695638774,66.89728931107926,3.191411657268309e-08,8.593250717423125e-07,RNA,C4vsC1_rna,ACZ81_14325,tier1:gene_id
ACZ81_RS14335,-2.2997885413131955,2773.847826094935,1.544528461257368e-06,2.670969045933e-05,RNA,C4vsC1_rna,ACZ81_14330,tier1:gene_id
ACZ81_RS14340,-0.1423658619932054,174.9600266244581,0.7764753738540056,0.8624637873483583,RNA,C4vsC1_rna,ACZ81_14335,tier1:gene_id
ACZ81_RS14345,0.6174517754830599,59.37378194328328,0.2185619593448169,0.3781244419540344,RNA,C4vsC1_rna,ACZ81_14340,tier1:gene_id
ACZ81_RS14350,-0.5745821668904988,134.53233994836373,0.2383524296628192,0.4006246404001117,RNA,C4vsC1_rna,,unresolved
ACZ81_RS14355,1.1668708725030976,13.409009963942676,0.1300299951597059,0.2574887825538838,RNA,C4vsC1_rna,ACZ81_14350,tier1:gene_id
ACZ81_RS14360,-0.3379749249814746,51.70965220274677,0.54110042653663,0.6891729877031618,RNA,C4vsC1_rna,ACZ81_14355,tier1:gene_id
ACZ81_RS14365,1.6381424744126247,681.6515541483528,1.732435164646567e-09,6.74808726268158e-08,RNA,C4vsC1_rna,ACZ81_14360,tier1:gene_id
ACZ81_RS14370,-0.5465427278087845,163.15432842516606,0.1731684233805271,0.3184400368305443,RNA,C4vsC1_rna,ACZ81_14365,tier1:gene_id
ACZ81_RS14375,0.3325731357334599,975.41128740741,0.2798454679417954,0.449815712092341,RNA,C4vsC1_rna,ACZ81_14370,tier1:gene_id
ACZ81_RS14380,0.4685565356426989,375.24588470733954,0.024438491922021,0.0745606308677935,RNA,C4vsC1_rna,ACZ81_14375,tier1:gene_id
ACZ81_RS14385,-0.0268387919803155,111.42755092324374,0.929439278073614,0.959575497589125,RNA,C4vsC1_rna,ACZ81_14380,tier1:gene_id
ACZ81_RS14390,-0.1072436767437639,162.9874899308193,0.7374546393499036,0.8345547464616736,RNA,C4vsC1_rna,ACZ81_14385,tier1:gene_id
ACZ81_RS14395,0.3670975822898373,882.3774622033893,0.1839109964645411,0.3326649764723801,RNA,C4vsC1_rna,ACZ81_14390,tier1:gene_id
ACZ81_RS14400,1.1240799198083755,179.65575926816308,0.0002590459280774,0.0019833821821506,RNA,C4vsC1_rna,ACZ81_14395,tier1:gene_id
ACZ81_RS14405,0.4946303028663449,304.5362298207594,0.1723442105625602,0.3171765930169686,RNA,C4vsC1_rna,ACZ81_14400,tier1:gene_id
ACZ81_RS14410,0.0933958337815379,457.4897685666705,0.7072562388060926,0.8146747143525821,RNA,C4vsC1_rna,ACZ81_14405,tier1:gene_id
ACZ81_RS14415,-0.0727911392155389,2328.463364426324,0.7587495286321384,0.8492017168282078,RNA,C4vsC1_rna,ACZ81_14410,tier1:gene_id
ACZ81_RS14420,-1.1172825602746537,1759.6606506793864,0.0036641141365427,0.0168389758485788,RNA,C4vsC1_rna,ACZ81_14415,tier1:gene_id
ACZ81_RS14425,-0.516703012293694,257.7847739402374,0.1511434947361648,0.2871685529840095,RNA,C4vsC1_rna,ACZ81_14420,tier1:gene_id
ACZ81_RS14430,0.9900520227306956,86.63218629141392,0.0030015648520894,0.0143360454602176,RNA,C4vsC1_rna,ACZ81_14425,tier1:gene_id
ACZ81_RS14435,0.6117295971057324,267.4950811539145,0.0656238404639541,0.1538765914327201,RNA,C4vsC1_rna,ACZ81_14430,tier1:gene_id
ACZ81_RS14440,-0.2005795475026775,1288.3574113901152,0.3379738332690899,0.5107160147177359,RNA,C4vsC1_rna,ACZ81_14435,tier1:gene_id
ACZ81_RS14445,-0.2505359237770101,363.5003802071779,0.4381949374319847,0.6035146203148378,RNA,C4vsC1_rna,ACZ81_14440,tier1:gene_id
ACZ81_RS14450,-1.4027022892869634,924.0490089464436,0.0015220773225227,0.0082705677818755,RNA,C4vsC1_rna,ACZ81_14445,tier1:gene_id
ACZ81_RS14455,-1.5571611376512606,3900.479256023015,0.0002024457920674,0.001608341619356,RNA,C4vsC1_rna,ACZ81_14450,tier1:gene_id
ACZ81_RS14460,-0.0026830895356096,2685.053635581009,0.9966620878089064,0.9971591761320032,RNA,C4vsC1_rna,ACZ81_14455,tier1:gene_id
ACZ81_RS14465,0.3349329853208833,1657.31156445984,0.4972672327666487,0.6515467465250799,RNA,C4vsC1_rna,ACZ81_14460,tier1:gene_id
ACZ81_RS14470,-0.0735141842711077,5767.942155666857,0.9047104065613832,0.9457082318708678,RNA,C4vsC1_rna,ACZ81_14465,tier1:gene_id
ACZ81_RS14475,0.4188089614167836,75.03911393956945,0.3599333210100418,0.5328537052669519,RNA,C4vsC1_rna,ACZ81_14470,tier1:gene_id
ACZ81_RS14480,0.0543056678141726,43.60477334969179,0.9232559315948388,0.9571325058290682,RNA,C4vsC1_rna,ACZ81_14475,tier1:gene_id
ACZ81_RS14485,0.3978717142215345,56.20535410029418,0.2122611489739346,0.3705795168335186,RNA,C4vsC1_rna,ACZ81_14480,tier1:gene_id
ACZ81_RS14490,0.0341844323026227,52.55631144143202,0.9269491899294084,0.9588343375479318,RNA,C4vsC1_rna,ACZ81_14485,tier1:gene_id
ACZ81_RS14495,-1.2088339212642625,152.2929860717278,0.0006185573925054,0.0040682823913637,RNA,C4vsC1_rna,ACZ81_14490,tier1:gene_id
ACZ81_RS14500,-0.7588107871936525,180.1638275614958,0.0412792451357619,0.1096770407183292,RNA,C4vsC1_rna,ACZ81_14495,tier1:gene_id
ACZ81_RS14505,-0.7723584827046145,151.41527980566107,0.0093152030043298,0.0350258617182488,RNA,C4vsC1_rna,ACZ81_14500,tier1:gene_id
ACZ81_RS14510,-0.1999568796549784,92.50806711305688,0.5180777277332509,0.6689822477199235,RNA,C4vsC1_rna,ACZ81_14505,tier1:gene_id
ACZ81_RS14515,-1.1241481115149528,222.58097431467888,0.0004114331865714,0.0029112344700612,RNA,C4vsC1_rna,ACZ81_14510,tier1:gene_id
ACZ81_RS14520,-0.5052028010162255,3423.66401634606,0.161629352780483,0.3018887166458557,RNA,C4vsC1_rna,ACZ81_14515,tier1:gene_id
ACZ81_RS14525,0.7446623199328316,436.5546282151443,0.0019902487194578,0.0103163796672673,RNA,C4vsC1_rna,ACZ81_14520,tier1:gene_id
ACZ81_RS14530,1.0192399154091532,85.96760777900843,0.0230793569490452,0.071594707847938,RNA,C4vsC1_rna,ACZ81_14525,tier1:gene_id
ACZ81_RS14535,0.4330727147720745,400.4050532611443,0.0727909003343298,0.1664977720304055,RNA,C4vsC1_rna,ACZ81_14530,tier1:gene_id
ACZ81_RS14540,-0.2105158414391692,350.5771714158874,0.3695151502350589,0.5410564900522103,RNA,C4vsC1_rna,ACZ81_14535,tier1:gene_id
ACZ81_RS14545,-0.1785541348663288,567.3888625082801,0.3488608618879957,0.5223103302103338,RNA,C4vsC1_rna,ACZ81_14540,tier1:gene_id
ACZ81_RS14550,-0.4031113965511845,1340.8661163884285,0.0554021247576951,0.1362803951734352,RNA,C4vsC1_rna,ACZ81_14545,tier1:gene_id
ACZ81_RS14555,-0.4131552472910726,997.3870352694184,0.0077954255233356,0.0303054720926575,RNA,C4vsC1_rna,ACZ81_14550,tier1:gene_id
ACZ81_RS14565,0.1157057550022925,1714.7742609051184,0.7176309783017183,0.8229661070129397,RNA,C4vsC1_rna,ACZ81_14560,tier1:gene_id
ACZ81_RS14570,-0.1687852157166634,1160.1975133428791,0.6145566935313478,0.7490068336658956,RNA,C4vsC1_rna,ACZ81_14565,tier1:gene_id
ACZ81_RS14575,-0.3660547794263487,504.8513189977108,0.2651190333968475,0.4329090606382387,RNA,C4vsC1_rna,ACZ81_14570,tier1:gene_id
ACZ81_RS14585,-0.0454555749781933,355.59349923146897,0.8831142822275031,0.9340946184565976,RNA,C4vsC1_rna,ACZ81_14580,tier1:gene_id
ACZ81_RS14590,0.7205651174608252,1125.1516266811818,0.0027667014803287,0.0133735016133481,RNA,C4vsC1_rna,ACZ81_14585,tier1:gene_id
ACZ81_RS14595,0.688005348341591,1502.0674743799664,0.0511247884561692,0.128359273955382,RNA,C4vsC1_rna,ACZ81_14590,tier1:gene_id
ACZ81_RS14600,0.9583450428612996,1476.5178637913382,0.0248791401342953,0.0753890560564901,RNA,C4vsC1_rna,ACZ81_14595,tier1:gene_id
ACZ81_RS14605,-0.2843448224608997,1440.120730120768,0.2017801179396094,0.3567835315882385,RNA,C4vsC1_rna,ACZ81_14600,tier1:gene_id
ACZ81_RS14615,-0.7062592807648924,1966.1494786161604,1.4522404021057376e-05,0.0001776337955258,RNA,C4vsC1_rna,ACZ81_14610,tier1:gene_id
ACZ81_RS14620,-0.768420009036869,2125.856967218365,0.0025579623624958,0.0126713665891694,RNA,C4vsC1_rna,ACZ81_14615,tier1:gene_id
ACZ81_RS14625,-1.3210384094770558,1353.3545370222423,0.0238244434380061,0.0732441893281845,RNA,C4vsC1_rna,ACZ81_14620,tier1:gene_id
ACZ81_RS14630,-1.4934529251310351,612.1065787114038,0.0124394045355206,0.0437396064824794,RNA,C4vsC1_rna,ACZ81_14625,tier1:gene_id
ACZ81_RS14635,-1.0248405428240897,834.9677152107729,0.1426792835280582,0.275471263481506,RNA,C4vsC1_rna,ACZ81_14630,tier1:gene_id
ACZ81_RS14640,-1.734952247723841,3729.080443430754,2.305269702155746e-09,8.407947313680776e-08,RNA,C4vsC1_rna,ACZ81_14635,tier1:gene_id
ACZ81_RS14645,-0.042505637031537,5364.923964575163,0.7718672290651973,0.8590100757308105,RNA,C4vsC1_rna,ACZ81_14640,tier1:gene_id
ACZ81_RS14650,0.7062241645940867,1042.713530381517,0.0488313043856546,0.1243880591715849,RNA,C4vsC1_rna,ACZ81_14645,tier1:gene_id
ACZ81_RS14655,0.4443681367426238,2013.52360918759,0.3101915577022072,0.4823902692181306,RNA,C4vsC1_rna,ACZ81_14650,tier1:gene_id
ACZ81_RS14660,2.996516749809456,747.8425826393834,9.260641466064236e-08,2.2517390037484672e-06,RNA,C4vsC1_rna,ACZ81_14655,tier1:gene_id
ACZ81_RS14665,-0.3615152317888798,939.5631431356992,0.0690235170667649,0.1600707228161046,RNA,C4vsC1_rna,ACZ81_14660,tier1:gene_id
ACZ81_RS14670,-0.0196525074764376,139.59436059906383,0.93885558176917,0.9640607851356848,RNA,C4vsC1_rna,ACZ81_14665,tier1:gene_id
ACZ81_RS14675,-1.404872850368251,372.2218474103015,0.0046019940060394,0.0201124182486166,RNA,C4vsC1_rna,ACZ81_14670,tier1:gene_id
ACZ81_RS14680,0.2083802703984106,716.2685575657014,0.4844726173309293,0.6389559962957555,RNA,C4vsC1_rna,ACZ81_14675,tier1:gene_id
ACZ81_RS14685,-1.974188937053568,19672.423546639475,0.0011374652077563,0.0065946682276276,RNA,C4vsC1_rna,ACZ81_14680,tier1:gene_id
ACZ81_RS14690,-2.410798040109788,1618.3832734539644,0.0003793000180214,0.0027222749057283,RNA,C4vsC1_rna,ACZ81_14685,tier1:gene_id
ACZ81_RS14695,0.3245628808659583,250.6227348084212,0.4777484258784463,0.6340478612716925,RNA,C4vsC1_rna,ACZ81_14690,tier1:gene_id
ACZ81_RS14700,0.289133672216094,116.1344022046517,0.4275776400578276,0.5952260554864692,RNA,C4vsC1_rna,ACZ81_14695,tier1:gene_id
ACZ81_RS14705,-1.8482765347652288,3075.63467760032,2.5879012486768202e-12,1.7901137602916208e-10,RNA,C4vsC1_rna,ACZ81_14700,tier1:gene_id
ACZ81_RS14710,-0.4469782413839727,436.4704418605968,0.1506339451182208,0.2866947558442601,RNA,C4vsC1_rna,ACZ81_14705,tier1:gene_id
ACZ81_RS14715,-0.5926464654708902,859.5497499527359,0.0303419011023918,0.0870140741222257,RNA,C4vsC1_rna,ACZ81_14710,tier1:gene_id
ACZ81_RS14720,-0.5295984940963061,359.4548508975658,0.3602556815935007,0.5329282927046912,RNA,C4vsC1_rna,ACZ81_14715,tier1:gene_id
ACZ81_RS14725,-0.1281147048006516,1234.9647748494272,0.6496136237035792,0.7749776563481295,RNA,C4vsC1_rna,ACZ81_14720,tier1:gene_id
ACZ81_RS14730,0.551099127762299,2200.086785526917,0.1760944513122145,0.3224513640641738,RNA,C4vsC1_rna,ACZ81_14725,tier1:gene_id
ACZ81_RS14735,-1.7342890583004127,25459.04126922456,0.0004987127822642,0.0034143953625325,RNA,C4vsC1_rna,ACZ81_14730,tier1:gene_id
ACZ81_RS14740,-0.828730551083346,6266.796570671685,0.0343644575247758,0.0952142289982048,RNA,C4vsC1_rna,ACZ81_14735,tier1:gene_id
ACZ81_RS14745,0.5021610532653146,2105.959992107761,0.2234890241253968,0.3843283175272577,RNA,C4vsC1_rna,ACZ81_14740,tier1:gene_id
ACZ81_RS14750,0.6911885918527628,760.7526744464507,0.0964876767523235,0.205580753653915,RNA,C4vsC1_rna,ACZ81_14745,tier1:gene_id
ACZ81_RS14755,0.5221451277368764,1159.6168496850223,0.2494877760562797,0.4141269993950328,RNA,C4vsC1_rna,ACZ81_14750,tier1:gene_id
ACZ81_RS14760,0.5944531873461797,851.2585442405197,0.0926151916076597,0.1997886266463011,RNA,C4vsC1_rna,ACZ81_14755,tier1:gene_id
ACZ81_RS14765,0.9860135259813608,466.5305981609828,0.0027484688084981,0.0133013954881719,RNA,C4vsC1_rna,ACZ81_14760,tier1:gene_id
ACZ81_RS14770,0.6884074806632872,459.79755512930177,0.1225097329046653,0.2462470182432452,RNA,C4vsC1_rna,ACZ81_14765,tier1:gene_id
ACZ81_RS14775,0.5997328314866471,781.0219544988447,0.0705973503713485,0.1628806871426156,RNA,C4vsC1_rna,ACZ81_14770,tier1:gene_id
ACZ81_RS14780,0.467392953958825,444.9059336130791,0.2329465292932958,0.3956737830333204,RNA,C4vsC1_rna,ACZ81_14775,tier1:gene_id
ACZ81_RS14785,0.7026026728608602,1064.3907887095531,0.0292066837512378,0.0848931682410625,RNA,C4vsC1_rna,ACZ81_14780,tier1:gene_id
ACZ81_RS14790,0.1780256181760198,2110.6939849994574,0.6190231103705662,0.7518984919184716,RNA,C4vsC1_rna,ACZ81_14785,tier1:gene_id
ACZ81_RS14795,0.5399749476153294,909.9720083366886,0.2148836460727204,0.3731252394930699,RNA,C4vsC1_rna,ACZ81_14790,tier1:gene_id
ACZ81_RS14800,1.0842477923875655,98.792535948831,0.0433369415283295,0.1134167054218253,RNA,C4vsC1_rna,ACZ81_14795,tier1:gene_id
ACZ81_RS14805,0.3225525496688863,1818.3431423524248,0.4078315430119212,0.5756663623841963,RNA,C4vsC1_rna,ACZ81_14800,tier1:gene_id
ACZ81_RS14810,2.6838686180659463,13439.526541106425,0.0010334311608922,0.0061515219844208,RNA,C4vsC1_rna,ACZ81_14805,tier1:gene_id
ACZ81_RS14815,-0.2081314945147501,416.89658038789474,0.7033148665543465,0.8122335188877485,RNA,C4vsC1_rna,ACZ81_14810,tier1:gene_id
ACZ81_RS14820,0.5480339635299863,1857.52917916994,0.0952043457345203,0.2036033236070871,RNA,C4vsC1_rna,ACZ81_14815,tier1:gene_id
ACZ81_RS14825,0.5175608349169274,211.6798059958008,0.1909497445926468,0.342923176054476,RNA,C4vsC1_rna,ACZ81_14820,tier1:gene_id
ACZ81_RS14830,-0.8366297992652937,259.0589824890696,0.0418950200849251,0.1106536014356284,RNA,C4vsC1_rna,ACZ81_14825,tier1:gene_id
ACZ81_RS14835,0.9986115180221852,32.951729167101284,0.0528201436297421,0.1315421578165894,RNA,C4vsC1_rna,ACZ81_14830,tier1:gene_id
ACZ81_RS14840,0.2012399110212827,102.68862275819144,0.5791381979019958,0.7202425449419737,RNA,C4vsC1_rna,ACZ81_14835,tier1:gene_id
ACZ81_RS14850,0.4692185314309438,768.6555612805666,0.0610416445882666,0.1461211683103374,RNA,C4vsC1_rna,ACZ81_14845,tier1:gene_id
ACZ81_RS14855,-0.1031686610428244,1959.0259639757653,0.5974307030452091,0.7346996046140175,RNA,C4vsC1_rna,ACZ81_14850,tier1:gene_id
ACZ81_RS14860,-1.9165612662879048,2925.973142694888,0.0148747263009407,0.0504884957016702,RNA,C4vsC1_rna,ACZ81_14855,tier1:gene_id
ACZ81_RS14865,-1.5488252221539738,681.1414495431587,0.036513472016031,0.0993840228821687,RNA,C4vsC1_rna,ACZ81_14860,tier1:gene_id
ACZ81_RS14870,0.4347961018890123,999.957635073952,0.1864392493143644,0.3366310838205357,RNA,C4vsC1_rna,ACZ81_14865,tier1:gene_id
ACZ81_RS14875,1.374886311974666,103.95872325219791,0.0095131340968671,0.0355389261101582,RNA,C4vsC1_rna,ACZ81_14870,tier1:gene_id
ACZ81_RS14880,0.3584510099856933,1112.8433672829588,0.1063299647105279,0.2217233983464854,RNA,C4vsC1_rna,ACZ81_14875,tier1:gene_id
ACZ81_RS14885,0.275392897961771,407.8249885442509,0.2305992890611445,0.3928511030629774,RNA,C4vsC1_rna,ACZ81_14880,tier1:gene_id
ACZ81_RS14890,-0.5818978257899843,2392.0589608874507,0.0002400770758241,0.001863035257653,RNA,C4vsC1_rna,ACZ81_14885,tier1:gene_id
ACZ81_RS14895,0.3979250673273636,6038.61080090035,0.0510074106753065,0.1282216363592293,RNA,C4vsC1_rna,ACZ81_14890,tier1:gene_id
ACZ81_RS14900,-3.079434033679722,4070.395494391853,3.3077770252083236e-10,1.4583298269379994e-08,RNA,C4vsC1_rna,ACZ81_14895,tier1:gene_id
ACZ81_RS14905,-0.6675223494952316,4982.466206371413,0.176699270588174,0.3232637818512331,RNA,C4vsC1_rna,ACZ81_14900,tier1:gene_id
ACZ81_RS14910,0.1803710462586955,897.8922722216297,0.6861982017800682,0.8002986004481493,RNA,C4vsC1_rna,ACZ81_14905,tier1:gene_id
ACZ81_RS14915,-0.7172509438042325,1431.3816561575854,0.0642670701576125,0.151759555898965,RNA,C4vsC1_rna,ACZ81_14910,tier1:gene_id
ACZ81_RS14920,-0.4760303233689636,1359.0483404475513,0.1409204186177445,0.2733910635852954,RNA,C4vsC1_rna,ACZ81_14915,tier1:gene_id
ACZ81_RS14925,-0.353855103267404,641.2147330436183,0.3590844616284527,0.5318002436520312,RNA,C4vsC1_rna,ACZ81_14920,tier1:gene_id
ACZ81_RS14930,0.0462931188793198,41.1028985301038,0.9194305264504916,0.9547608750585972,RNA,C4vsC1_rna,ACZ81_14925,tier1:gene_id
ACZ81_RS14935,-0.4622742545168006,819.5539220817433,0.1961785117578929,0.3502751175668297,RNA,C4vsC1_rna,ACZ81_14930,tier1:gene_id
ACZ81_RS14940,-0.6816252977741105,1352.5148819258347,0.0940596526092246,0.2019086817914441,RNA,C4vsC1_rna,ACZ81_14935,tier1:gene_id
ACZ81_RS14945,-0.114815178129037,525.8071582357741,0.782462932248601,0.8652703648464548,RNA,C4vsC1_rna,ACZ81_14940,tier1:gene_id
ACZ81_RS14950,-1.466336075594934,3325.946828781657,0.0005418634712864,0.0036784369658228,RNA,C4vsC1_rna,ACZ81_14945,tier1:gene_id
ACZ81_RS14955,-0.8379873714113719,1223.3049517990262,0.0078873313362714,0.0305226825083328,RNA,C4vsC1_rna,ACZ81_14950,tier1:gene_id
ACZ81_RS14960,0.3060827412806582,515.2730193240358,0.3308394497411095,0.5039362942623368,RNA,C4vsC1_rna,ACZ81_14955,tier1:gene_id
ACZ81_RS14965,0.3038026991550416,351.76776675126905,0.2832065489479283,0.4534017056580561,RNA,C4vsC1_rna,ACZ81_14960,tier1:gene_id
ACZ81_RS14970,-0.1605681432044949,438.0141325116258,0.779741927064364,0.8639394121464314,RNA,C4vsC1_rna,ACZ81_14965,tier1:gene_id
ACZ81_RS14975,0.4711677273513846,1553.1821587221634,0.4250686279065738,0.5925557106188931,RNA,C4vsC1_rna,ACZ81_14970,tier1:gene_id
ACZ81_RS14980,0.6221263092012561,622.2005591859474,0.0255932569457472,0.0771367654641667,RNA,C4vsC1_rna,ACZ81_14975,tier1:gene_id
ACZ81_RS14985,0.1447312604627945,211.98230515547496,0.8190855322871999,0.892011714314942,RNA,C4vsC1_rna,ACZ81_14980,tier1:gene_id
ACZ81_RS14990,-0.3599940769112357,153.7487743579029,0.5625329806203165,0.7059375408973131,RNA,C4vsC1_rna,ACZ81_14985,tier1:gene_id
ACZ81_RS14995,-2.6048927000309714,260.40037809769467,6.841129283221239e-13,5.601349119241552e-11,RNA,C4vsC1_rna,ACZ81_14990,tier1:gene_id
ACZ81_RS15000,-0.3112696619565605,32.951734123348785,0.5190761954070797,0.6700558867352651,RNA,C4vsC1_rna,ACZ81_14995,tier1:gene_id
ACZ81_RS15005,-1.10497401062559,51.9833604576074,0.0042732632264216,0.0188814229784179,RNA,C4vsC1_rna,ACZ81_15000,tier1:gene_id
ACZ81_RS15010,-0.5174142994665676,73.12072591477272,0.337333293283025,0.5101323681309825,RNA,C4vsC1_rna,ACZ81_15005,tier1:gene_id
ACZ81_RS15020,0.9911269548902496,81.96272455226546,0.00576450396626,0.0240908228256619,RNA,C4vsC1_rna,ACZ81_15015,tier1:gene_id
ACZ81_RS15025,-0.2527071695406142,1314.7665416949617,0.6754134787854729,0.7925970384997749,RNA,C4vsC1_rna,ACZ81_15020,tier1:gene_id
ACZ81_RS15030,0.2270431280569588,5591.313273439206,0.7123623593364365,0.8196150804868895,RNA,C4vsC1_rna,ACZ81_15025,tier1:gene_id
ACZ81_RS15040,0.2703576878498567,2179.0634538257764,0.588554759000772,0.7272194927967655,RNA,C4vsC1_rna,ACZ81_15035,tier1:gene_id
ACZ81_RS15045,0.5347975969159959,2714.3940927953577,0.090153203414782,0.1960404618428756,RNA,C4vsC1_rna,ACZ81_15040,tier1:gene_id
ACZ81_RS15050,-0.2505260641770545,128.6350723601815,0.6213420071041631,0.7536725240484516,RNA,C4vsC1_rna,ACZ81_15045,tier1:gene_id
ACZ81_RS15055,0.530772418634393,598.106714046122,0.0081497272663658,0.031408939282094,RNA,C4vsC1_rna,ACZ81_15050,tier1:gene_id
ACZ81_RS15060,1.0300828519046108,341.849850238178,5.618694392884367e-07,1.105009897267259e-05,RNA,C4vsC1_rna,ACZ81_15055,tier1:gene_id
ACZ81_RS15065,0.859441441663131,1227.914769251736,0.0086347477658151,0.0329929600347145,RNA,C4vsC1_rna,ACZ81_15060,tier1:gene_id
ACZ81_RS15070,-0.3531903808319968,101.03876977012872,0.3104417846447909,0.4825619682273929,RNA,C4vsC1_rna,ACZ81_15065,tier1:gene_id
ACZ81_RS15075,-0.4221099886999385,1381.9491725490486,0.3910747256761905,0.5615575516867848,RNA,C4vsC1_rna,ACZ81_15070,tier1:gene_id
ACZ81_RS15080,0.2954448868389846,31.110975867352817,0.4843899844540313,0.6389559962957555,RNA,C4vsC1_rna,ACZ81_15075,tier1:gene_id
ACZ81_RS15085,0.3394574516099712,50.6414782925493,0.3978116885958608,0.5680585204325538,RNA,C4vsC1_rna,ACZ81_15080,tier1:gene_id
ACZ81_RS15090,-0.6817726784204834,103.62687119016336,0.2231472855929438,0.3839051928811708,RNA,C4vsC1_rna,ACZ81_15085,tier1:gene_id
ACZ81_RS15095,0.3888234147204121,313.714036125109,0.4363750196371725,0.601834506285437,RNA,C4vsC1_rna,ACZ81_15090,tier1:gene_id
ACZ81_RS15100,1.2706854514270824,27.6652937489453,0.0639019570441219,0.1509862495058995,RNA,C4vsC1_rna,ACZ81_15095,tier1:gene_id
ACZ81_RS15105,0.7828041051809852,28.297081589498674,0.4376499708464101,0.6030568516834669,RNA,C4vsC1_rna,ACZ81_15100,tier1:gene_id
ACZ81_RS15110,-0.8467446018760414,44.54840733959452,0.23454055219493,0.397204177039282,RNA,C4vsC1_rna,ACZ81_15105,tier1:gene_id
ACZ81_RS15115,0.2878181213783432,100.5192210705193,0.4689772073573574,0.6278066586312039,RNA,C4vsC1_rna,ACZ81_15110,tier1:gene_id
ACZ81_RS15120,0.4593687588063249,637.0284724013147,0.3906072764219033,0.5610871439329309,RNA,C4vsC1_rna,ACZ81_15115,tier1:gene_id
ACZ81_RS15125,0.0869796527757461,365.8302016097726,0.7649064688147892,0.854015120146171,RNA,C4vsC1_rna,ACZ81_15120,tier1:gene_id
ACZ81_RS15130,-1.989974087253606,5140.15568676101,6.333332544321126e-07,1.2334626295056483e-05,RNA,C4vsC1_rna,ACZ81_15125,tier1:gene_id
ACZ81_RS15135,-1.8543479589392808,1113.578549762342,1.16673371547946e-14,1.2002399144881008e-12,RNA,C4vsC1_rna,ACZ81_15130,tier1:gene_id
ACZ81_RS15140,-0.33310426416929,505.91434081657326,0.370012837404246,0.5411926735930861,RNA,C4vsC1_rna,ACZ81_15135,tier1:gene_id
ACZ81_RS15145,-0.999511790778176,717.5031916247364,0.0080775912092183,0.0311608614724845,RNA,C4vsC1_rna,ACZ81_15140,tier1:gene_id
ACZ81_RS15150,-1.617315621372957,1484.9599694736216,7.284475840151444e-05,0.0006958408826354,RNA,C4vsC1_rna,ACZ81_15145,tier1:gene_id
ACZ81_RS15155,0.2340653123050254,88.82393601783306,0.5791346002575544,0.7202425449419737,RNA,C4vsC1_rna,ACZ81_15150,tier1:gene_id
ACZ81_RS15160,-1.4211315588792066,11.698252661372972,0.2009297702555511,0.3560645928733529,RNA,C4vsC1_rna,ACZ81_15155,tier1:gene_id
ACZ81_RS15165,-0.1332473094836226,95.5895611875151,0.7200613834459855,0.8229661070129397,RNA,C4vsC1_rna,ACZ81_15160,tier1:gene_id
ACZ81_RS15170,1.4629803557270702,161.90129755019132,0.0008686848024257,0.005386651356,RNA,C4vsC1_rna,ACZ81_15165,tier1:gene_id
ACZ81_RS15175,2.5049986872749948,373.2389082969131,1.823093793487957e-05,0.0002132435072732,RNA,C4vsC1_rna,ACZ81_15170,tier1:gene_id
ACZ81_RS15180,-0.2803281294800377,102.01087597148054,0.5164347160951244,0.6675051807260435,RNA,C4vsC1_rna,ACZ81_15175,tier1:gene_id
ACZ81_RS15190,-1.5470992892977116,2657.159561636292,2.596063219066345e-07,5.62994899183469e-06,RNA,C4vsC1_rna,ACZ81_15185,tier1:gene_id
ACZ81_RS15195,-0.4571748714194643,3648.141382815048,0.2669738753037964,0.435229251409521,RNA,C4vsC1_rna,ACZ81_15190,tier1:gene_id
ACZ81_RS15200,0.1547128724319634,964.8512204257833,0.5867464551413879,0.7254319809020796,RNA,C4vsC1_rna,ACZ81_15195,tier1:gene_id
ACZ81_RS15205,-0.1159026990747991,647.817659496119,0.6881225069825616,0.8013072107815948,RNA,C4vsC1_rna,ACZ81_15200,tier1:gene_id
ACZ81_RS15210,-0.3630087549408613,201.39244342525927,0.3035496755457168,0.4757192571443031,RNA,C4vsC1_rna,ACZ81_15205,tier1:gene_id
ACZ81_RS15215,0.2255731659315639,774.6282737412697,0.2525424254415279,0.4179474593940769,RNA,C4vsC1_rna,ACZ81_15210,tier1:gene_id
ACZ81_RS15220,-0.060630664375733,1508.468558781195,0.7969541132978871,0.875754561093159,RNA,C4vsC1_rna,ACZ81_15215,tier1:gene_id
ACZ81_RS15225,0.5231881480209595,154.38600771618314,0.0317633260311014,0.0899960904214539,RNA,C4vsC1_rna,ACZ81_15220,tier1:gene_id
ACZ81_RS15230,0.3725264220746421,573.2568025473885,0.0717114574219536,0.1645917432362002,RNA,C4vsC1_rna,ACZ81_15225,tier1:gene_id
ACZ81_RS15235,0.253806100951414,216.82192457855783,0.4352354287210295,0.6006757963635261,RNA,C4vsC1_rna,ACZ81_15230,tier1:gene_id
ACZ81_RS15240,0.055519029899254,143.56992210426716,0.8650773749282908,0.9249068366486718,RNA,C4vsC1_rna,ACZ81_15235,tier1:gene_id
ACZ81_RS15245,0.245540929057701,74.61976216175127,0.6023102347723072,0.7389812421732405,RNA,C4vsC1_rna,ACZ81_15240,tier1:gene_id
ACZ81_RS15250,-0.3423174262666101,58.45833302204672,0.6687254359812759,0.7886296505346788,RNA,C4vsC1_rna,ACZ81_15245,tier1:gene_id
ACZ81_RS15255,0.7154068746533252,35.21239595877465,0.3172476356856687,0.4897258616278965,RNA,C4vsC1_rna,ACZ81_15250,tier1:gene_id
ACZ81_RS15260,-1.2889549605117756,249.24248459018025,4.889476224280298e-05,0.0005029891951746,RNA,C4vsC1_rna,ACZ81_15255,tier1:gene_id
ACZ81_RS15265,-0.9612842130230678,116.46681102680634,0.046278394338872,0.1194585891767071,RNA,C4vsC1_rna,ACZ81_15260,tier1:gene_id
ACZ81_RS15270,-0.68153137163322,978.575991393607,0.0047016401802421,0.0204365984865998,RNA,C4vsC1_rna,ACZ81_15265,tier1:gene_id
ACZ81_RS15275,-0.234200942512522,874.2605951986566,0.3577741793174408,0.5306605061806372,RNA,C4vsC1_rna,ACZ81_15270,tier1:gene_id
ACZ81_RS15280,0.3502501323775098,1552.803582947505,0.494582253115287,0.6488763896332673,RNA,C4vsC1_rna,ACZ81_15275,tier1:gene_id
ACZ81_RS15285,-1.7274979547424718,2525.8389754994714,5.784577514393285e-06,8.143061399209073e-05,RNA,C4vsC1_rna,ACZ81_15280,tier1:gene_id
ACZ81_RS15290,-2.166221789731125,3246.8442260094266,0.0005656545109221,0.0038013499125957,RNA,C4vsC1_rna,ACZ81_15285,tier1:gene_id
ACZ81_RS15295,-2.3038660371041795,1919.2254677961084,0.0015674735917152,0.008448293098063,RNA,C4vsC1_rna,ACZ81_15290,tier1:gene_id
ACZ81_RS15300,-2.089052448717116,3667.2425412401626,0.0001353608097485,0.0011554629121515,RNA,C4vsC1_rna,ACZ81_15295,tier1:gene_id
ACZ81_RS15305,-1.628785433326946,1093.5993997292533,0.0004512111799002,0.0031428112044438,RNA,C4vsC1_rna,ACZ81_15300,tier1:gene_id
ACZ81_RS15310,-0.757126529934308,3638.0611011257697,0.0659731087189908,0.1545697898121957,RNA,C4vsC1_rna,ACZ81_15305,tier1:gene_id
ACZ81_RS15315,0.5422966415821854,251.12306906422188,0.1444748778486242,0.277943706381734,RNA,C4vsC1_rna,ACZ81_15310,tier1:gene_id
ACZ81_RS15320,1.139674069035398,272.6997599990832,5.4423435073585215e-05,0.0005431512973015,RNA,C4vsC1_rna,ACZ81_15315,tier1:gene_id
ACZ81_RS15325,1.0648537627380363,129.91115438622123,0.0005675218744647,0.0038075213383822,RNA,C4vsC1_rna,ACZ81_15320,tier1:gene_id
ACZ81_RS15330,0.3893601586461619,1346.4781509400011,0.1106737168015047,0.2288778102101222,RNA,C4vsC1_rna,ACZ81_15325,tier1:gene_id
ACZ81_RS15335,-0.5495113418658668,659.1664923104146,0.1367871802290574,0.2671811913724335,RNA,C4vsC1_rna,ACZ81_15330,tier1:gene_id
ACZ81_RS15340,-1.0468545411463568,10534.470739611716,0.0005524935043763,0.0037365713789113,RNA,C4vsC1_rna,ACZ81_15335,tier1:gene_id
ACZ81_RS15345,-0.8967482560705171,3207.7888574259773,0.0075540560369231,0.0295676808001323,RNA,C4vsC1_rna,ACZ81_15340,tier1:gene_id
ACZ81_RS15350,-0.2101703628718436,201.3474700622891,0.5371605981738696,0.6848072195340212,RNA,C4vsC1_rna,ACZ81_15345,tier1:gene_id
ACZ81_RS15355,0.0130413768934863,611.208041653157,0.980928884439782,0.9889448888493196,RNA,C4vsC1_rna,ACZ81_15350,tier1:gene_id
ACZ81_RS15360,-1.0869547289342951,1307.3695427509645,0.0617650502815817,0.1473186492078724,RNA,C4vsC1_rna,ACZ81_15355,tier1:gene_id
ACZ81_RS15365,-0.0043793549825278,1342.721813757902,0.98992482559323,0.992398400869575,RNA,C4vsC1_rna,ACZ81_15360,tier1:gene_id
ACZ81_RS15370,0.0554126377503192,236.12075115864863,0.8978327432052006,0.9446905234039508,RNA,C4vsC1_rna,ACZ81_15365,tier1:gene_id
ACZ81_RS15375,0.6027779636034425,72.85762928482616,0.2327913100275709,0.3955776094157622,RNA,C4vsC1_rna,ACZ81_15370,tier1:gene_id
ACZ81_RS15380,-1.0177040541457152,2076.947781667794,0.062797918824333,0.1493451394921306,RNA,C4vsC1_rna,ACZ81_15375,tier1:gene_id
ACZ81_RS15385,-1.1825059574769836,384.1927216611469,0.0036831694663823,0.0169071806626156,RNA,C4vsC1_rna,ACZ81_15380,tier1:gene_id
ACZ81_RS15390,-0.1179214658236348,287.33296912096586,0.7555821680471255,0.8469672799412478,RNA,C4vsC1_rna,ACZ81_15385,tier1:gene_id
ACZ81_RS15395,-0.4613162295391101,338.29936717931884,0.2602125706608341,0.426982753984158,RNA,C4vsC1_rna,ACZ81_15390,tier1:gene_id
ACZ81_RS15400,1.3860034962041554,192.82346218357927,1.943976181456062e-05,0.0002241158747126,RNA,C4vsC1_rna,ACZ81_15395,tier1:gene_id
ACZ81_RS15405,1.0109437686679212,1111.1269925268832,8.457281234798864e-05,0.0007890840073026,RNA,C4vsC1_rna,ACZ81_15400,tier1:gene_id
ACZ81_RS15410,0.8167580595269188,3391.2942900010844,7.838488572986932e-05,0.0007416984942175,RNA,C4vsC1_rna,ACZ81_15405,tier1:gene_id
ACZ81_RS15415,0.3155571530724917,303.38874544865587,0.4057755009377118,0.5738354986824463,RNA,C4vsC1_rna,ACZ81_15410,tier1:gene_id
ACZ81_RS15420,1.039685727634279,58.16165686927272,0.0211955134910608,0.0671045245404502,RNA,C4vsC1_rna,ACZ81_15415,tier1:gene_id
ACZ81_RS15425,1.989778241427253,505.081920272781,0.0019325616516999,0.0100563389709732,RNA,C4vsC1_rna,ACZ81_15420,tier1:gene_id
ACZ81_RS15430,2.599659370075703,132.44533096852982,0.0037776256013899,0.017183485161878,RNA,C4vsC1_rna,ACZ81_15425,tier1:gene_id
ACZ81_RS15435,-1.4440068363683325,1495.2039120741726,7.628942656665303e-07,1.4465267680835296e-05,RNA,C4vsC1_rna,ACZ81_15430,tier1:gene_id
ACZ81_RS15440,-0.2689212411055962,387.6442951953869,0.43963430266255,0.60466672001445,RNA,C4vsC1_rna,ACZ81_15435,tier1:gene_id
ACZ81_RS15445,0.4881255395974705,3662.6083535256193,0.0268892103359431,0.0797335638342971,RNA,C4vsC1_rna,ACZ81_15440,tier1:gene_id
ACZ81_RS15450,0.4849209711038855,220.9053942965324,0.039602225901712,0.1062076434403265,RNA,C4vsC1_rna,ACZ81_15445,tier1:gene_id
ACZ81_RS15455,0.4936674472986178,251.1095985234456,0.0444840326633192,0.1158895708085952,RNA,C4vsC1_rna,ACZ81_15450,tier1:gene_id
ACZ81_RS15460,0.8241212760461342,904.216790452522,0.0791147649971436,0.1769277799155743,RNA,C4vsC1_rna,ACZ81_15455,tier1:gene_id
ACZ81_RS15465,0.2083389982136088,263.1807263830265,0.4448736905948509,0.6089116078227599,RNA,C4vsC1_rna,ACZ81_15460,tier1:gene_id
ACZ81_RS15470,0.4409390211748609,412.4816131642102,0.2726849045925277,0.441137447330334,RNA,C4vsC1_rna,ACZ81_15465,tier1:gene_id
ACZ81_RS15475,0.7497813990710248,278.82734053903624,0.0003194988350762,0.002351980415277,RNA,C4vsC1_rna,ACZ81_15470,tier1:gene_id
ACZ81_RS15480,0.8195045825200667,406.4736367039357,0.0013041654196365,0.0073296408418234,RNA,C4vsC1_rna,ACZ81_15475,tier1:gene_id
ACZ81_RS15485,-0.6385997307140577,447.2566898098913,0.2470098137818656,0.4117172301175093,RNA,C4vsC1_rna,ACZ81_15480,tier1:gene_id
ACZ81_RS15490,0.0562390354449552,44.289595730268736,0.9214909122156988,0.9559930965212318,RNA,C4vsC1_rna,ACZ81_15485,tier1:gene_id
ACZ81_RS15495,-0.8635620369344106,1679.2433537766397,0.0027261592235666,0.0132628311360727,RNA,C4vsC1_rna,ACZ81_15490,tier1:gene_id
ACZ81_RS15500,-1.5113547528362543,618.6093932064508,0.0025614352701436,0.0126713665891694,RNA,C4vsC1_rna,ACZ81_15495,tier1:gene_id
ACZ81_RS15505,0.1202475287274065,481.577983809066,0.7046190319963692,0.8130375485675678,RNA,C4vsC1_rna,ACZ81_15500,tier1:gene_id
ACZ81_RS15510,-0.102568661792282,260.7357905539167,0.7144274931556054,0.8206599255237288,RNA,C4vsC1_rna,ACZ81_15505,tier1:gene_id
ACZ81_RS15515,-0.2086316243660309,467.7969581141946,0.5986562842595253,0.7356229747164519,RNA,C4vsC1_rna,ACZ81_15510,tier1:gene_id
ACZ81_RS15520,0.6242683171716428,1759.913454048665,0.348733871106906,0.5223103302103338,RNA,C4vsC1_rna,ACZ81_15515,tier1:gene_id
ACZ81_RS15525,-0.1817789750929097,218.11828056717232,0.4605960262509752,0.6208872717185522,RNA,C4vsC1_rna,ACZ81_15520,tier1:gene_id
ACZ81_RS15530,0.5367806448046589,201.2521539822966,0.0479423361155662,0.1227470660470017,RNA,C4vsC1_rna,ACZ81_15525,tier1:gene_id
ACZ81_RS15535,-0.0058047096422851,1206.617452766665,0.97325282126514,0.9842929969538045,RNA,C4vsC1_rna,ACZ81_15530,tier1:gene_id
ACZ81_RS15540,-1.1122176703458704,4369.668521052624,0.0146980067741951,0.0500580672139821,RNA,C4vsC1_rna,ACZ81_15535,tier1:gene_id
ACZ81_RS15545,1.2020015749248716,4798.804285955468,0.0229964050933439,0.0714323184964539,RNA,C4vsC1_rna,ACZ81_15540,tier1:gene_id
ACZ81_RS15550,2.38927867737177,6791.630444442192,1.1624321171459008e-08,3.40414427298493e-07,RNA,C4vsC1_rna,ACZ81_15545,tier1:gene_id
ACZ81_RS15555,1.2383816250019326,198.45590427360423,0.0264893834494415,0.0789107502215746,RNA,C4vsC1_rna,ACZ81_15550,tier1:gene_id
ACZ81_RS15560,1.876337017103084,402.2148077209917,2.1030105035063174e-05,0.0002391583220799,RNA,C4vsC1_rna,ACZ81_15555,tier1:gene_id
ACZ81_RS15565,2.03409571342538,389.2488502036827,3.385802319160549e-06,5.204535978724952e-05,RNA,C4vsC1_rna,ACZ81_15560,tier1:gene_id
ACZ81_RS15570,-0.6913761532150369,1958.7365055495736,0.0636631815358028,0.1505994600953072,RNA,C4vsC1_rna,ACZ81_15565,tier1:gene_id
ACZ81_RS15575,0.9385313697912712,235.4113420059936,0.0134286612068341,0.0464740504982913,RNA,C4vsC1_rna,ACZ81_15570,tier1:gene_id
ACZ81_RS15580,1.1400058176756689,487.2029762305006,5.515868684476901e-05,0.0005468446520923,RNA,C4vsC1_rna,ACZ81_15575,tier1:gene_id
ACZ81_RS15585,0.0241222325926254,457.7350230712688,0.9680649931381416,0.9817686431926752,RNA,C4vsC1_rna,ACZ81_15580,tier1:gene_id
ACZ81_RS15590,-1.5074539534806628,277.5668784163193,0.0072794254210167,0.0287509965125733,RNA,C4vsC1_rna,,unresolved
ACZ81_RS15595,-0.6049304275700077,508.7410232204948,0.274093451626844,0.4426984411944035,RNA,C4vsC1_rna,ACZ81_15590,tier1:gene_id
ACZ81_RS15600,-0.5336730324644084,3027.28204015442,0.3577858098750308,0.5306605061806372,RNA,C4vsC1_rna,ACZ81_15595,tier1:gene_id
ACZ81_RS15605,-0.644679344625226,701.1479575182685,0.0794856672364355,0.1775592967441979,RNA,C4vsC1_rna,ACZ81_15600,tier1:gene_id
ACZ81_RS15610,-0.2587674988551769,254.6375100948101,0.1997027799630111,0.3546900816087411,RNA,C4vsC1_rna,ACZ81_15605,tier1:gene_id
ACZ81_RS15615,-0.0156171794406174,1877.256691967346,0.9597446976852854,0.9757971938959364,RNA,C4vsC1_rna,ACZ81_15610,tier1:gene_id
ACZ81_RS15620,-0.1516464719971814,249.06901123275333,0.7260000554522348,0.8258327821021736,RNA,C4vsC1_rna,ACZ81_15615,tier1:gene_id
ACZ81_RS15625,-0.4230880330375244,2707.818868209072,0.11816061302541,0.2396665214650884,RNA,C4vsC1_rna,ACZ81_15620,tier1:gene_id
ACZ81_RS15630,1.5727303297526611,351.68310407521307,2.224560602976356e-06,3.6133348741462094e-05,RNA,C4vsC1_rna,ACZ81_15625,tier1:gene_id
ACZ81_RS15635,0.8659911329781642,269.8343695486416,0.0011250200500175,0.006541420928508,RNA,C4vsC1_rna,ACZ81_15630,tier1:gene_id
ACZ81_RS15640,0.9238414519700088,703.5303465522198,0.0218872382249394,0.0684424004352745,RNA,C4vsC1_rna,ACZ81_15635,tier1:gene_id
ACZ81_RS15645,-0.2256559427656704,117.2066468594363,0.5951196762096378,0.7332985690887797,RNA,C4vsC1_rna,ACZ81_15640,tier1:gene_id
ACZ81_RS15650,-0.5923672400920219,252.48066821371003,0.0733027166072242,0.167382184990429,RNA,C4vsC1_rna,ACZ81_15645,tier1:gene_id
ACZ81_RS15655,-0.0787184554575923,244.1435929263071,0.795605740065413,0.8752317601158313,RNA,C4vsC1_rna,ACZ81_15650,tier1:gene_id
ACZ81_RS15660,-1.036655337659432,542.6643136938163,0.1526325304606264,0.2891226214391093,RNA,C4vsC1_rna,ACZ81_15655,tier1:gene_id
ACZ81_RS15665,-0.944049351432546,204.60500870702657,0.038660831317354,0.1041687409303052,RNA,C4vsC1_rna,ACZ81_15660,tier1:gene_id
ACZ81_RS15670,-0.1337911810395819,73.39246357628119,0.7138839815338602,0.8206599255237288,RNA,C4vsC1_rna,ACZ81_15665,tier1:gene_id
ACZ81_RS15675,0.4674312150808631,20.185901017669725,0.5504256717778985,0.6961878294996622,RNA,C4vsC1_rna,ACZ81_15670,tier1:gene_id
ACZ81_RS15685,0.7114714834009324,97.15997876157344,0.0817550653488161,0.1814541283391186,RNA,C4vsC1_rna,ACZ81_RS15685,locus_tag:gene_id
ACZ81_RS15690,0.5318583212347151,70.63280354748798,0.1582916324447991,0.296621218761576,RNA,C4vsC1_rna,ACZ81_15685,tier1:gene_id
ACZ81_RS15695,-0.0400637510151016,90.2104597575068,0.9114822732545376,0.9491421753883568,RNA,C4vsC1_rna,ACZ81_RS15695,locus_tag:gene_id
ACZ81_RS15700,-0.7278674214807932,132.03914309411618,0.0352293828201982,0.0970771095278668,RNA,C4vsC1_rna,ACZ81_15695,tier1:gene_id
ACZ81_RS15705,-0.3622511669800844,828.491277861795,0.3821017511941704,0.5520399051852046,RNA,C4vsC1_rna,ACZ81_15700,tier1:gene_id
ACZ81_RS15710,-1.25292773623933,998.1439060449356,0.0014067770833968,0.0077314926829973,RNA,C4vsC1_rna,ACZ81_15705,tier1:gene_id
ACZ81_RS15715,-0.924393087292345,107.77235915084454,0.0037167205800317,0.0170222408300086,RNA,C4vsC1_rna,ACZ81_15710,tier1:gene_id
ACZ81_RS15720,-1.430119987424326,116.69343611102737,7.87999560628295e-05,0.0007438715852331,RNA,C4vsC1_rna,ACZ81_15715,tier1:gene_id
ACZ81_RS15725,1.7097299520680942,164.36129480640523,0.0012500351701252,0.0071035992953857,RNA,C4vsC1_rna,ACZ81_15720,tier1:gene_id
ACZ81_RS15730,1.855946024950432,36.04884886290104,0.0049333610119814,0.0212595535768739,RNA,C4vsC1_rna,ACZ81_15725,tier1:gene_id
ACZ81_RS15735,-0.4264557866749829,304.88830852719235,0.0485085747384594,0.1239594916246493,RNA,C4vsC1_rna,ACZ81_15730,tier1:gene_id
ACZ81_RS15740,0.3779448132771583,12.484282746444135,0.7007292975863588,0.8108814369531213,RNA,C4vsC1_rna,ACZ81_15735,tier1:gene_id
ACZ81_RS15745,-1.251251898856212,301.8892883713048,0.0002848222580775,0.0021161238877908,RNA,C4vsC1_rna,ACZ81_15740,tier1:gene_id
ACZ81_RS15750,-0.7179052808865479,1315.4541649982425,0.0129921401470367,0.0451685149652613,RNA,C4vsC1_rna,ACZ81_15745,tier1:gene_id
ACZ81_RS15755,0.2669961537245562,931.5811389174952,0.3191391084102923,0.4920106715545239,RNA,C4vsC1_rna,ACZ81_15750,tier1:gene_id
ACZ81_RS15760,0.4456715079053953,579.2753066682803,0.2505417213982518,0.415315442283184,RNA,C4vsC1_rna,ACZ81_15755,tier1:gene_id
ACZ81_RS15765,0.8565688158005439,668.3253681972319,0.0586979737405209,0.14201360383764,RNA,C4vsC1_rna,ACZ81_15760,tier1:gene_id
ACZ81_RS15770,0.5266438909650886,42.684502940669766,0.3101468924155817,0.4823902692181306,RNA,C4vsC1_rna,ACZ81_15765,tier1:gene_id
ACZ81_RS15775,-0.068408712789255,126.41587321304262,0.8022739870324533,0.8798691025404195,RNA,C4vsC1_rna,ACZ81_15770,tier1:gene_id
ACZ81_RS15785,-0.0413807547664534,771.1439814469236,0.9033333955427216,0.945507829180418,RNA,C4vsC1_rna,ACZ81_15780,tier1:gene_id
ACZ81_RS15790,1.6665481184351676,47.49177574853943,0.0023983262528583,0.0121184948696068,RNA,C4vsC1_rna,ACZ81_15785,tier1:gene_id
ACZ81_RS15795,1.3454526817629469,46.01065761181437,0.0167398500878441,0.0553214815094155,RNA,C4vsC1_rna,ACZ81_15790,tier1:gene_id
ACZ81_RS15800,0.5822472111549115,52.17231766969198,0.2862456206598404,0.4569953708630868,RNA,C4vsC1_rna,ACZ81_15795,tier1:gene_id
ACZ81_RS15805,1.0863471844809511,48.92967671906484,0.0068142754770664,0.0275315943746127,RNA,C4vsC1_rna,ACZ81_15800,tier1:gene_id
ACZ81_RS15810,-0.0042689270422494,537.7297188268191,0.9791631259909962,0.9880287880975543,RNA,C4vsC1_rna,ACZ81_15805,tier1:gene_id
ACZ81_RS15815,0.7498378243314011,155.6345666055485,0.0027333465643659,0.0132628311360727,RNA,C4vsC1_rna,ACZ81_15810,tier1:gene_id
ACZ81_RS15820,0.529274293052576,132.71267672167838,0.2440023458371788,0.4078905881244839,RNA,C4vsC1_rna,ACZ81_15815,tier1:gene_id
ACZ81_RS15825,-0.4630232575239382,103.89286270772708,0.4819302152509154,0.6368741171489694,RNA,C4vsC1_rna,ACZ81_15820,tier1:gene_id
ACZ81_RS15830,-0.0965770172627387,381.5379674566875,0.7274879564595429,0.827028121080661,RNA,C4vsC1_rna,ACZ81_15825,tier1:gene_id
ACZ81_RS15835,0.5505415211102329,107.10451932043416,0.3498667681501444,0.5233652027659879,RNA,C4vsC1_rna,ACZ81_15830,tier1:gene_id
ACZ81_RS15840,1.3262673414786783,23.434387727524427,0.0425030684434373,0.1118912799180254,RNA,C4vsC1_rna,ACZ81_15835,tier1:gene_id
ACZ81_RS15845,0.538339646591647,232.21151546498567,0.1112691971326837,0.2292819819703786,RNA,C4vsC1_rna,ACZ81_15840,tier1:gene_id
ACZ81_RS15850,1.6780573233793343,1.3600561278513497,0.523146919383739,0.6734242198237387,RNA,C4vsC1_rna,,unresolved
ACZ81_RS15855,2.2301636850782978,152.88541092013745,1.7875736407852938e-11,9.824308831274794e-10,RNA,C4vsC1_rna,ACZ81_15850,tier1:gene_id
ACZ81_RS15860,-0.2849064788196417,188.19484894106017,0.4389598612834018,0.6039461465943101,RNA,C4vsC1_rna,ACZ81_15855,tier1:gene_id
ACZ81_RS15865,0.053248299644262,726.450338868475,0.8660752316149032,0.9249068366486718,RNA,C4vsC1_rna,ACZ81_15860,tier1:gene_id
ACZ81_RS15870,1.268474221090335,732.6271871122357,5.895871223110074e-05,0.0005769325694418,RNA,C4vsC1_rna,ACZ81_15865,tier1:gene_id
ACZ81_RS15875,0.6671678599148724,319.6017231052244,0.1450758300766761,0.2785255153805939,RNA,C4vsC1_rna,ACZ81_15870,tier1:gene_id
ACZ81_RS15880,0.6319909391858904,197.9895273144518,0.0295991729258266,0.0853715900635633,RNA,C4vsC1_rna,ACZ81_15875,tier1:gene_id
ACZ81_RS15885,1.0735438914610769,41.99606155357161,0.020534256301585,0.0654876282050551,RNA,C4vsC1_rna,ACZ81_15880,tier1:gene_id
ACZ81_RS15890,0.6636587961795269,6383.298058455112,0.327008384814163,0.4997933866188274,RNA,C4vsC1_rna,ACZ81_15885,tier1:gene_id
ACZ81_RS15895,0.0366058244684802,3842.353164859174,0.9572681489063716,0.9750131101288098,RNA,C4vsC1_rna,ACZ81_15890,tier1:gene_id
ACZ81_RS15900,0.0344458177045025,594.2281913478465,0.95667153459703,0.974896163780362,RNA,C4vsC1_rna,ACZ81_15895,tier1:gene_id
ACZ81_RS15905,-0.0028503691436931,1002.942936208358,0.996163558270849,0.996909003687365,RNA,C4vsC1_rna,ACZ81_15900,tier1:gene_id
ACZ81_RS15910,0.8134684076064859,257.9619757189046,0.3456337666579611,0.5196735891619365,RNA,C4vsC1_rna,ACZ81_15905,tier1:gene_id
ACZ81_RS15915,1.5512697973511418,119.14388510411187,0.0440385235716874,0.1149528669938907,RNA,C4vsC1_rna,ACZ81_15910,tier1:gene_id
ACZ81_RS15920,0.3796694316433086,69.72142215559155,0.5725377010440108,0.7149148013036325,RNA,C4vsC1_rna,ACZ81_15915,tier1:gene_id
ACZ81_RS15925,1.201793748100244,145.41462723348883,0.0450129208142133,0.1168123145579714,RNA,C4vsC1_rna,ACZ81_RS15925,locus_tag:gene_id
ACZ81_RS15930,0.8150012260628955,2843.289497940292,0.130643136693071,0.2584518069095665,RNA,C4vsC1_rna,ACZ81_15925,tier1:gene_id
ACZ81_RS15935,1.2915829081555592,517.1488868519154,0.0625313926096364,0.1488878024628257,RNA,C4vsC1_rna,ACZ81_15930,tier1:gene_id
ACZ81_RS15940,0.5748591826621628,244.28172759890384,0.401483029345568,0.5702082740286875,RNA,C4vsC1_rna,ACZ81_15935,tier1:gene_id
ACZ81_RS15945,0.9515722017268284,487.8830302312558,0.1315786664323293,0.2599041914721847,RNA,C4vsC1_rna,ACZ81_15940,tier1:gene_id
ACZ81_RS15950,1.440941196623518,98.13214194085214,0.002372464809549,0.0120332854815561,RNA,C4vsC1_rna,ACZ81_15945,tier1:gene_id
ACZ81_RS15955,1.3581440306756305,822.2553965242636,0.0288784765231259,0.0841193847517321,RNA,C4vsC1_rna,ACZ81_15950,tier1:gene_id
ACZ81_RS15960,2.722899798060687,737.1265245882876,0.0003405023544419,0.0024838099018565,RNA,C4vsC1_rna,ACZ81_15955,tier1:gene_id
ACZ81_RS15965,0.9944228451116912,163.2032113114474,0.0939676849238563,0.201819246206912,RNA,C4vsC1_rna,ACZ81_15960,tier1:gene_id
ACZ81_RS15970,-0.9500049117636352,2161.7602697849893,0.0053243225348703,0.0227246617126593,RNA,C4vsC1_rna,ACZ81_15965,tier1:gene_id
ACZ81_RS15975,1.239579238977882,294.3450128955259,0.0004644932237369,0.0032130117476426,RNA,C4vsC1_rna,ACZ81_15970,tier1:gene_id
ACZ81_RS15980,1.1036495914690785,204.0214646702386,0.0029222316717715,0.0140071606537004,RNA,C4vsC1_rna,ACZ81_15975,tier1:gene_id
ACZ81_RS15985,0.4952531173991716,459.5362556891262,0.4720788036468044,0.6302172798259195,RNA,C4vsC1_rna,ACZ81_15980,tier1:gene_id
ACZ81_RS15990,-0.0910899382386592,12787.463108557871,0.904065402449622,0.945507829180418,RNA,C4vsC1_rna,ACZ81_15985,tier1:gene_id
ACZ81_RS15995,1.0797443592634668,238.9368125605268,0.2929227293325456,0.4632266417351884,RNA,C4vsC1_rna,ACZ81_15990,tier1:gene_id
ACZ81_RS16000,0.0661835609549603,1167.3007042991626,0.9179613054976982,0.9540131497210548,RNA,C4vsC1_rna,ACZ81_15995,tier1:gene_id
ACZ81_RS16005,-1.2125998710541348,3270.963624813854,4.5260027540632174e-06,6.579102554094793e-05,RNA,C4vsC1_rna,ACZ81_16000,tier1:gene_id
ACZ81_RS16010,-0.4018739280922575,399.6800605649886,0.272355959390841,0.4409819188039203,RNA,C4vsC1_rna,ACZ81_16005,tier1:gene_id
ACZ81_RS16015,-0.8798595633870441,2083.5628542964896,0.0498835644105938,0.1257906099404792,RNA,C4vsC1_rna,ACZ81_16010,tier1:gene_id
ACZ81_RS16020,-0.6067883045393746,962.8325960388238,0.1672906967203222,0.3091525910833408,RNA,C4vsC1_rna,ACZ81_16015,tier1:gene_id
ACZ81_RS16025,-0.7327128586274946,729.4505221574998,0.0222300178331769,0.0694601491796775,RNA,C4vsC1_rna,ACZ81_16020,tier1:gene_id
ACZ81_RS16030,-0.1426284731040959,19.499570820043832,0.8143122596463414,0.8882601374935079,RNA,C4vsC1_rna,ACZ81_16025,tier1:gene_id
ACZ81_RS16035,-0.2031755126145437,13.78592358275288,0.8297699996903283,0.9002264031253643,RNA,C4vsC1_rna,ACZ81_16030,tier1:gene_id
ACZ81_RS16040,-0.6905868231433745,75.99582163536722,0.1132440515949529,0.2322776763798318,RNA,C4vsC1_rna,ACZ81_16035,tier1:gene_id
ACZ81_RS16045,0.6837302270265642,49.657669744901725,0.1268818913277497,0.2528813452592807,RNA,C4vsC1_rna,ACZ81_16040,tier1:gene_id
ACZ81_RS16050,1.1238722390102789,219.9560739947888,0.0003259169214955,0.0023904546417549,RNA,C4vsC1_rna,ACZ81_16045,tier1:gene_id
ACZ81_RS16055,4.7938357221301215,2612.759738657412,3.0904107704771257e-43,2.479745602230845e-40,RNA,C4vsC1_rna,ACZ81_16050,tier1:gene_id
ACZ81_RS16060,1.195079676196621,1131.6101827537836,6.406710240541757e-06,8.924903293421364e-05,RNA,C4vsC1_rna,ACZ81_16055,tier1:gene_id
ACZ81_RS16065,1.1723317811020844,557.8593015209113,0.0003065269840933,0.0022606365076884,RNA,C4vsC1_rna,ACZ81_16060,tier1:gene_id
ACZ81_RS16070,1.275159511211245,148.25151110136477,0.0029733222693219,0.014218079790846,RNA,C4vsC1_rna,ACZ81_16065,tier1:gene_id
ACZ81_RS16075,2.0682352652460003,86.10464710952803,0.0010751078005424,0.0063524779024685,RNA,C4vsC1_rna,ACZ81_16070,tier1:gene_id
ACZ81_RS16080,0.6453587148462746,152.01967194329288,0.2468891303107631,0.4116871117235169,RNA,C4vsC1_rna,ACZ81_16075,tier1:gene_id
ACZ81_RS16085,1.4658270667241815,2303.532184716912,0.0215817652048501,0.0677870789370491,RNA,C4vsC1_rna,ACZ81_16080,tier1:gene_id
ACZ81_RS16090,2.068213562368627,662.958441872451,0.0057425224016031,0.0240239831858518,RNA,C4vsC1_rna,ACZ81_16085,tier1:gene_id
ACZ81_RS16095,1.2073305486040653,1712.3038320713588,0.2300688873666602,0.3922806528325716,RNA,C4vsC1_rna,ACZ81_16090,tier1:gene_id
ACZ81_RS16100,0.7814944020663577,100.99803333283944,0.0149443757029543,0.0506392190204837,RNA,C4vsC1_rna,ACZ81_16095,tier1:gene_id
ACZ81_RS16105,1.83720566073494,37.23240133330127,3.404971356518154e-05,0.0003662398145402,RNA,C4vsC1_rna,ACZ81_16100,tier1:gene_id
ACZ81_RS16110,-0.1666012350754802,221.6727325536615,0.6268442893406871,0.7572716919105199,RNA,C4vsC1_rna,ACZ81_16105,tier1:gene_id
ACZ81_RS16115,0.2548497119531056,684.055993879233,0.5769282179084371,0.7188310590834315,RNA,C4vsC1_rna,ACZ81_16110,tier1:gene_id
ACZ81_RS16120,-0.3494060127394006,563.8535210945635,0.1383193805091397,0.269517899272787,RNA,C4vsC1_rna,ACZ81_16115,tier1:gene_id
ACZ81_RS16125,-0.0227257088486239,115.58460498784224,0.9713750772548536,0.9834798985066164,RNA,C4vsC1_rna,ACZ81_16120,tier1:gene_id
ACZ81_RS16130,-0.2886956561863135,37846.74343267942,0.7192355188307453,0.8229661070129397,RNA,C4vsC1_rna,ACZ81_16125,tier1:gene_id
ACZ81_RS16135,-2.7918046695009378,115.27992390963054,0.0020864638415156,0.0107456905419266,RNA,C4vsC1_rna,ACZ81_16130,tier1:gene_id
ACZ81_RS16140,-1.7502868392556792,649.279657146393,0.010743079989916,0.0391829426541301,RNA,C4vsC1_rna,ACZ81_16135,tier1:gene_id
ACZ81_RS16145,-0.4491667287188663,100.60735537691222,0.4245185764063951,0.592303663300052,RNA,C4vsC1_rna,ACZ81_16140,tier1:gene_id
ACZ81_RS16150,1.7048820570655794,51.41254773247695,0.0002582415232734,0.0019810038075968,RNA,C4vsC1_rna,ACZ81_16145,tier1:gene_id
ACZ81_RS16155,0.3863741006292658,46.390812967200326,0.3608750037762235,0.5332709079742942,RNA,C4vsC1_rna,ACZ81_16150,tier1:gene_id
ACZ81_RS16160,2.836185851299952,4.449925707789175,0.1243237748657687,0.2488957009787746,RNA,C4vsC1_rna,ACZ81_16155,tier1:gene_id
ACZ81_RS16165,1.012642149619953,93.57657226014706,0.0456712760563588,0.1182912585785097,RNA,C4vsC1_rna,ACZ81_16160,tier1:gene_id
ACZ81_RS16170,-0.9734763801145924,2515.956114661381,0.0512725704265226,0.1286463743284608,RNA,C4vsC1_rna,ACZ81_16165,tier1:gene_id
ACZ81_RS16175,-1.8946074418165355,1376.36359876499,0.000742834798594,0.0047007148453618,RNA,C4vsC1_rna,ACZ81_16170,tier1:gene_id
ACZ81_RS16180,-1.0671604850688563,597.9173419916339,0.0185496969463257,0.0598723927181487,RNA,C4vsC1_rna,ACZ81_16175,tier1:gene_id
ACZ81_RS16185,1.136090655916106,601.2216130251666,0.0018253469439187,0.009547968629729,RNA,C4vsC1_rna,ACZ81_16180,tier1:gene_id
ACZ81_RS16190,-0.1355730564538796,221.4046051679568,0.6808428903703682,0.7962750406445818,RNA,C4vsC1_rna,ACZ81_16185,tier1:gene_id
ACZ81_RS16195,-1.6101378212528965,849.0864358533878,0.0431004479776275,0.1129451321268724,RNA,C4vsC1_rna,ACZ81_16190,tier1:gene_id
ACZ81_RS16200,1.22646412486891,1549.6860024816594,0.0236326934240718,0.0727662056925374,RNA,C4vsC1_rna,ACZ81_16195,tier1:gene_id
ACZ81_RS16230,-0.3180710080204958,1832.1355109653089,0.2194851487048451,0.3789046543045777,RNA,C4vsC1_rna,ACZ81_16225,tier1:gene_id
ACZ81_RS16235,-3.751096536139639,3489.2168421883475,4.361466750722443e-22,1.0293061531704966e-19,RNA,C4vsC1_rna,ACZ81_16230,tier1:gene_id
ACZ81_RS16240,1.020654431275816,274.9908516329083,0.0491070193508773,0.124615662008678,RNA,C4vsC1_rna,ACZ81_16235,tier1:gene_id
ACZ81_RS16245,-0.271252253176826,428.2494467802552,0.3518802856563177,0.5248117866368576,RNA,C4vsC1_rna,ACZ81_16240,tier1:gene_id
ACZ81_RS16250,0.1290583839332892,3508.651404157102,0.7026674747514661,0.8121872396147745,RNA,C4vsC1_rna,ACZ81_16245,tier1:gene_id
ACZ81_RS16255,-0.3863435485240156,688.3988279040602,0.1053435286511057,0.2202387894467098,RNA,C4vsC1_rna,ACZ81_16250,tier1:gene_id
ACZ81_RS16260,-2.0972308686168057,46623.68659436119,0.0016542441916862,0.0088255687460708,RNA,C4vsC1_rna,ACZ81_16255,tier1:gene_id
ACZ81_RS16265,0.5783870503725883,113.47107749833324,0.0915944577257186,0.1984216870386518,RNA,C4vsC1_rna,ACZ81_16260,tier1:gene_id
ACZ81_RS16270,-0.8871927753839656,6813.714763853519,0.0001554117889887,0.0012989835362973,RNA,C4vsC1_rna,ACZ81_16265,tier1:gene_id
ACZ81_RS16275,0.6203319873621005,338.65483499187667,0.0321343659905534,0.0904088894488781,RNA,C4vsC1_rna,ACZ81_16270,tier1:gene_id
ACZ81_RS16280,0.6126356608859627,203.6414330172917,0.0943191486651171,0.202141252374172,RNA,C4vsC1_rna,ACZ81_16275,tier1:gene_id
ACZ81_RS16285,0.0276916000750043,878.9920332777397,0.9067858716299024,0.9459243153871992,RNA,C4vsC1_rna,ACZ81_16280,tier1:gene_id
ACZ81_RS16290,0.8434747385373418,905.1465500326768,0.0040102514640716,0.0179566170467137,RNA,C4vsC1_rna,ACZ81_16285,tier1:gene_id
ACZ81_RS16295,-0.1025394012532488,1545.8248159794523,0.6882061927026915,0.8013072107815948,RNA,C4vsC1_rna,ACZ81_16290,tier1:gene_id
ACZ81_RS16300,-0.4050769459177647,3090.70901942246,0.2764867980392104,0.4460253452888267,RNA,C4vsC1_rna,ACZ81_16295,tier1:gene_id
ACZ81_RS16305,-0.7295131147145472,4895.673120277087,0.2585159273086219,0.425050096035599,RNA,C4vsC1_rna,ACZ81_16300,tier1:gene_id
ACZ81_RS16310,-0.8566269224548835,3969.4548465449807,0.2322595221565771,0.3948411876661811,RNA,C4vsC1_rna,ACZ81_16305,tier1:gene_id
ACZ81_RS16315,-0.6923752950336641,22554.918662780725,0.2726871558771755,0.441137447330334,RNA,C4vsC1_rna,ACZ81_16310,tier1:gene_id
ACZ81_RS16320,0.5697443923334962,28011.05502599335,0.4809203990130589,0.6363630081927415,RNA,C4vsC1_rna,ACZ81_16315,tier1:gene_id
ACZ81_RS16325,0.3357214130472634,568.0288828715375,0.379420421423938,0.5497689128203342,RNA,C4vsC1_rna,ACZ81_16320,tier1:gene_id
ACZ81_RS16330,0.08835627031741,2715.151333266453,0.8694975392860679,0.9262942452511164,RNA,C4vsC1_rna,ACZ81_16325,tier1:gene_id
ACZ81_RS16335,0.1518973660227104,1703.8246600447812,0.7416245529058485,0.83790416960244,RNA,C4vsC1_rna,ACZ81_16330,tier1:gene_id
ACZ81_RS16340,0.9885786697244012,330.718023769723,0.0017935624755918,0.0094308946947241,RNA,C4vsC1_rna,ACZ81_16335,tier1:gene_id
ACZ81_RS16345,0.6214610732535758,508.3469569042501,0.0396152425274663,0.1062076434403265,RNA,C4vsC1_rna,ACZ81_16340,tier1:gene_id
ACZ81_RS16350,0.1698188660960377,503.0484555196333,0.461093105825053,0.6208872717185522,RNA,C4vsC1_rna,ACZ81_16345,tier1:gene_id
ACZ81_RS16355,0.2405629496696751,261.0737472674104,0.5153747824654815,0.6667796282655634,RNA,C4vsC1_rna,ACZ81_16350,tier1:gene_id
ACZ81_RS16360,1.4398379597047972,113.84480039952828,0.0054427538382428,0.023082799576142,RNA,C4vsC1_rna,ACZ81_16355,tier1:gene_id
ACZ81_RS16365,0.4399448298548957,113.55457124663748,0.2410553065412664,0.4041428708080071,RNA,C4vsC1_rna,ACZ81_16360,tier1:gene_id
ACZ81_RS16370,1.9832044273374945,517.4305226723784,0.0073352614641357,0.0289087121749634,RNA,C4vsC1_rna,ACZ81_16365,tier1:gene_id
ACZ81_RS16375,0.0888809801883613,14656.062791720702,0.8815501826314571,0.9331487679628112,RNA,C4vsC1_rna,ACZ81_16370,tier1:gene_id
ACZ81_RS16380,-0.5314620079045167,598.0913408366666,0.1196460837275776,0.2419456088281458,RNA,C4vsC1_rna,ACZ81_16375,tier1:gene_id
ACZ81_RS16385,-0.7574963342266583,4923.062607921853,0.0604334655468774,0.1448381504026716,RNA,C4vsC1_rna,ACZ81_16380,tier1:gene_id
ACZ81_RS16390,-3.7826988868956746,5196.706473051733,4.462511136028782e-13,3.978576595054994e-11,RNA,C4vsC1_rna,ACZ81_16385,tier1:gene_id
ACZ81_RS16395,-3.62705117000946,6089.497603155556,,,RNA,C4vsC1_rna,ACZ81_16390,tier1:gene_id
ACZ81_RS16400,0.8043173901770415,304.8187527260997,0.0426269664949174,0.1120703732487607,RNA,C4vsC1_rna,ACZ81_16395,tier1:gene_id
ACZ81_RS16405,0.1247947435738848,648.5874920061524,0.6346262599319754,0.7618553425634605,RNA,C4vsC1_rna,ACZ81_16400,tier1:gene_id
ACZ81_RS16410,0.1958039592823133,411.30242247512496,0.4620962516204012,0.6211889253053058,RNA,C4vsC1_rna,ACZ81_16405,tier1:gene_id
ACZ81_RS16415,0.5142197670456813,319.3099050187538,0.0507427156196363,0.1277162955244548,RNA,C4vsC1_rna,ACZ81_16410,tier1:gene_id
ACZ81_RS16420,-0.2149434232603749,510.55640384357446,0.5983841894460331,0.7355138995274157,RNA,C4vsC1_rna,ACZ81_16415,tier1:gene_id
ACZ81_RS16425,0.8559714477791457,6208.246373568121,0.0737796780452172,0.1679339497359075,RNA,C4vsC1_rna,ACZ81_16420,tier1:gene_id
ACZ81_RS16430,-1.7836604142282393,16478.435176544026,0.0033875078172286,0.0158294050150418,RNA,C4vsC1_rna,ACZ81_16425,tier1:gene_id
ACZ81_RS16435,-0.5640511953744557,910.0962973084636,0.084120242677517,0.1854342931990101,RNA,C4vsC1_rna,ACZ81_16430,tier1:gene_id
ACZ81_RS16440,-0.8345131070379329,498.19810024444064,0.0246282280166526,0.0749684755711763,RNA,C4vsC1_rna,ACZ81_16435,tier1:gene_id
ACZ81_RS16445,-1.0068611722673173,789.6669360736757,0.0006862946207805,0.0044373245055295,RNA,C4vsC1_rna,ACZ81_16440,tier1:gene_id
ACZ81_RS16450,-1.6135190995016098,1084.563494402402,0.0099727863411326,0.0368763306918196,RNA,C4vsC1_rna,ACZ81_16445,tier1:gene_id
ACZ81_RS16455,-1.3065400347411449,6995.109805205631,0.0757691434106241,0.1707785412154067,RNA,C4vsC1_rna,ACZ81_16450,tier1:gene_id
ACZ81_RS16460,-1.0676141758150366,16.504977710257535,0.1486942367151193,0.2840767989052661,RNA,C4vsC1_rna,ACZ81_16455,tier1:gene_id
ACZ81_RS16465,-0.3847441571529736,138.1992667688469,0.4025904159507066,0.5713451534468464,RNA,C4vsC1_rna,ACZ81_16460,tier1:gene_id
ACZ81_RS16470,-0.1226804729757001,203.223504648583,0.6949926332596214,0.8068434761621069,RNA,C4vsC1_rna,ACZ81_16465,tier1:gene_id
ACZ81_RS16475,1.0308238976910986,935.3292369427908,0.0004729957480578,0.0032661943910637,RNA,C4vsC1_rna,ACZ81_16470,tier1:gene_id
ACZ81_RS16480,0.4402086859031206,1167.4047429430068,0.2926114823492987,0.4631227177861257,RNA,C4vsC1_rna,ACZ81_16475,tier1:gene_id
ACZ81_RS16485,0.2398521816695975,217.4668478695916,0.4509157172107082,0.6132361840225518,RNA,C4vsC1_rna,ACZ81_16480,tier1:gene_id
ACZ81_RS16490,-0.3538068727221412,442.4768394969332,0.325971166025147,0.4987520021133702,RNA,C4vsC1_rna,ACZ81_16485,tier1:gene_id
ACZ81_RS16495,0.7189678503237341,867.9075348516766,0.0009702360733231,0.0058535144754475,RNA,C4vsC1_rna,ACZ81_16490,tier1:gene_id
ACZ81_RS16500,1.0221472361338555,276.3089293311121,0.0058027896262245,0.0242255899900236,RNA,C4vsC1_rna,ACZ81_16495,tier1:gene_id
ACZ81_RS16505,0.4099324112490928,167.47050050908064,0.1459284106033939,0.2798307589854212,RNA,C4vsC1_rna,ACZ81_16500,tier1:gene_id
ACZ81_RS16510,0.0446400577575151,35.77591515206691,0.9275875305163576,0.9588343375479318,RNA,C4vsC1_rna,ACZ81_16505,tier1:gene_id
ACZ81_RS16520,-1.664324938707084,0.882653639761123,0.7817063369280569,0.8649090109856384,RNA,C4vsC1_rna,ACZ81_16515,tier1:gene_id
ACZ81_RS16525,0.1672299765810811,716.8424397875101,0.5567393080274025,0.7012870345269708,RNA,C4vsC1_rna,ACZ81_16520,tier1:gene_id
ACZ81_RS16530,-0.0276804550404377,41.69997983956342,0.953333216574604,0.9732445143652052,RNA,C4vsC1_rna,ACZ81_16525,tier1:gene_id
ACZ81_RS16535,0.4606495644858688,125.9534071285744,0.180931349283946,0.328906467298229,RNA,C4vsC1_rna,ACZ81_16530,tier1:gene_id
ACZ81_RS16545,0.1155840951017251,174.29631683060677,0.8856258314449373,0.9353423438930482,RNA,C4vsC1_rna,ACZ81_16540,tier1:gene_id
ACZ81_RS16550,0.4058410302611608,582.4549190874164,0.5777082316080553,0.7195083749707541,RNA,C4vsC1_rna,ACZ81_16545,tier1:gene_id
ACZ81_RS16555,0.2184569050573754,844.6015576559763,0.7165395156431116,0.822534059158845,RNA,C4vsC1_rna,ACZ81_16550,tier1:gene_id
ACZ81_RS16560,-1.1737083367615018,120.0763888082658,3.567395889725641e-05,0.0003806487316377,RNA,C4vsC1_rna,ACZ81_16555,tier1:gene_id
ACZ81_RS16570,1.5064335048448974,176.3051650826893,9.943524373711758e-05,0.0008985004456606,RNA,C4vsC1_rna,ACZ81_16565,tier1:gene_id
ACZ81_RS16575,2.338190533544518,365.2014516524691,3.954116680160818e-05,0.0004174714768632,RNA,C4vsC1_rna,ACZ81_16570,tier1:gene_id
ACZ81_RS16580,4.296592044462081,432.1139580137673,9.7007532148311e-09,2.948441052871392e-07,RNA,C4vsC1_rna,ACZ81_16575,tier1:gene_id
ACZ81_RS16585,4.908027671253565,225.24771127589267,1.0965351674276134e-08,3.283059023671332e-07,RNA,C4vsC1_rna,ACZ81_16580,tier1:gene_id
ACZ81_RS16590,5.987016983209737,140.04239970049616,2.3966353749228366e-10,1.0926478550216388e-08,RNA,C4vsC1_rna,ACZ81_16585,tier1:gene_id
ACZ81_RS16595,4.501816183415632,296.4654617354783,7.598130661140937e-11,3.865569521639592e-09,RNA,C4vsC1_rna,ACZ81_16590,tier1:gene_id
ACZ81_RS16600,6.587431775891576,178.45836962608269,4.2819914009074736e-11,2.260440723742209e-09,RNA,C4vsC1_rna,ACZ81_16595,tier1:gene_id
ACZ81_RS16605,3.9049038230395032,488.74928480221104,1.624317290899033e-07,3.7027050972084776e-06,RNA,C4vsC1_rna,ACZ81_16600,tier1:gene_id
ACZ81_RS16610,3.836849880629501,1338.4238616797063,0.0002242946818677,0.0017575591086983,RNA,C4vsC1_rna,ACZ81_16605,tier1:gene_id
ACZ81_RS16615,0.657829693651221,254.80284638082657,0.0455693944072197,0.1181036242647064,RNA,C4vsC1_rna,ACZ81_16610,tier1:gene_id
ACZ81_RS16620,-0.7563791552236853,80.55027114641838,0.0551171767287972,0.1357459257433606,RNA,C4vsC1_rna,ACZ81_16615,tier1:gene_id
ACZ81_RS16625,0.0182284444096312,113.34153879653276,0.9776533317441032,0.9874987832218888,RNA,C4vsC1_rna,ACZ81_16620,tier1:gene_id
ACZ81_RS16630,0.1815408914039397,162.11869511717754,0.5958142905475183,0.7334828834466639,RNA,C4vsC1_rna,ACZ81_16625,tier1:gene_id
ACZ81_RS16635,-1.3138560243723896,212.66138130360287,0.0010661899362337,0.0063183958998074,RNA,C4vsC1_rna,ACZ81_16630,tier1:gene_id
ACZ81_RS16640,-1.092431567527926,129.01184728681187,0.0256289402701231,0.0771367654641667,RNA,C4vsC1_rna,ACZ81_16635,tier1:gene_id
ACZ81_RS16645,-0.5494824941329038,159.69056259852508,0.0781290053336867,0.1749182864948389,RNA,C4vsC1_rna,ACZ81_16640,tier1:gene_id
ACZ81_RS16650,-0.4388933371989795,1276.9882390687524,0.0473704054176302,0.1216709772954752,RNA,C4vsC1_rna,ACZ81_16645,tier1:gene_id
ACZ81_RS16655,0.1728510335048248,103.57011942600796,0.6609031096821819,0.7830901583121422,RNA,C4vsC1_rna,ACZ81_16650,tier1:gene_id
ACZ81_RS16660,-1.2788332187482565,153.4873510332529,0.0001152738727433,0.0010119885720925,RNA,C4vsC1_rna,ACZ81_16655,tier1:gene_id
ACZ81_RS16665,0.4742988788806719,54.543068257319554,0.2883895103762172,0.4589522870406122,RNA,C4vsC1_rna,ACZ81_16660,tier1:gene_id
ACZ81_RS16670,0.2687496610160451,110.71671012293557,0.4010117127915631,0.5699110845624341,RNA,C4vsC1_rna,ACZ81_16665,tier1:gene_id
ACZ81_RS16675,-0.833376434302037,1764.3333145971635,0.2137544281456645,0.3717307176941508,RNA,C4vsC1_rna,ACZ81_16670,tier1:gene_id
ACZ81_RS16680,-1.2263624264148294,2751.5435528964586,0.016891419309225,0.0556847775419973,RNA,C4vsC1_rna,ACZ81_16675,tier1:gene_id
ACZ81_RS16685,0.0368530894564965,4093.7912868262833,0.9237379956758612,0.9573848717777204,RNA,C4vsC1_rna,ACZ81_16680,tier1:gene_id
ACZ81_RS16690,-0.4077264315156623,1804.328328019359,0.2506178179879333,0.415315442283184,RNA,C4vsC1_rna,ACZ81_16685,tier1:gene_id
ACZ81_RS16695,-0.4546499019056087,1478.050979570197,0.1954898910112417,0.3495122293837353,RNA,C4vsC1_rna,ACZ81_16690,tier1:gene_id
ACZ81_RS16700,-0.2091191761140562,3129.965914894713,0.5828047762998727,0.7226331409657594,RNA,C4vsC1_rna,ACZ81_16695,tier1:gene_id
ACZ81_RS16705,-0.6700457387505934,4198.7453543265965,0.1052788868988336,0.2202184015840045,RNA,C4vsC1_rna,ACZ81_16700,tier1:gene_id
ACZ81_RS16710,-0.0869902968684368,8403.151877906577,0.8098685191895845,0.884856345040472,RNA,C4vsC1_rna,ACZ81_16705,tier1:gene_id
ACZ81_RS16715,0.2556351709324956,1714.1647757834494,0.2090057629558189,0.3668115139889525,RNA,C4vsC1_rna,ACZ81_16710,tier1:gene_id
ACZ81_RS16720,0.4881663735763588,2247.186619134809,0.1643808891268621,0.3055705482562157,RNA,C4vsC1_rna,ACZ81_16715,tier1:gene_id
ACZ81_RS16725,-0.5089008785655484,2786.995992633477,0.2605900701647089,0.4274273759202012,RNA,C4vsC1_rna,ACZ81_16720,tier1:gene_id
ACZ81_RS16730,0.868518440022553,6568.124185050007,0.003622758668167,0.0166680135053743,RNA,C4vsC1_rna,ACZ81_16725,tier1:gene_id
ACZ81_RS16735,-0.0318539945850735,279.7020500069695,0.9094552294096604,0.9479694415150838,RNA,C4vsC1_rna,ACZ81_16730,tier1:gene_id
ACZ81_RS16740,0.1460705689952977,3798.4159381566105,0.6266432997915387,0.7572569032420643,RNA,C4vsC1_rna,ACZ81_16735,tier1:gene_id
ACZ81_RS16745,0.555941619808206,5312.809067516248,0.0763253811021548,0.1718391857361645,RNA,C4vsC1_rna,ACZ81_16740,tier1:gene_id
ACZ81_RS16750,-0.2305496706233587,539.5755857206431,0.6132702789451454,0.748309111656911,RNA,C4vsC1_rna,ACZ81_16745,tier1:gene_id
ACZ81_RS16755,-0.3443836871257944,220.3852539498573,0.4092528858785087,0.5765177591799779,RNA,C4vsC1_rna,ACZ81_16750,tier1:gene_id
ACZ81_RS16760,1.0384571646274985,922.874685441184,0.005559222137088,0.0234774728568393,RNA,C4vsC1_rna,ACZ81_16755,tier1:gene_id
ACZ81_RS16765,0.771967310471888,655.595486680515,0.0675277512637983,0.1574235394293957,RNA,C4vsC1_rna,ACZ81_16760,tier1:gene_id
ACZ81_RS16770,0.74342626851402,3070.614543148303,0.2977228952742833,0.4694355499408027,RNA,C4vsC1_rna,ACZ81_16765,tier1:gene_id
ACZ81_RS16775,-2.8788078606908902,4919.583040196604,8.018364558126816e-12,4.662272261913738e-10,RNA,C4vsC1_rna,ACZ81_16770,tier1:gene_id
ACZ81_RS16780,-2.462689001346727,1509.813187833197,1.773658715338616e-13,1.6172542649860287e-11,RNA,C4vsC1_rna,ACZ81_16775,tier1:gene_id
ACZ81_RS16785,-2.8977799843651986,1109.2048548591074,1.6367793324123367e-09,6.501741268948808e-08,RNA,C4vsC1_rna,ACZ81_16780,tier1:gene_id
ACZ81_RS16790,-0.7907031120421845,4123.513691121068,0.0533726725123875,0.132609386288752,RNA,C4vsC1_rna,ACZ81_16785,tier1:gene_id
ACZ81_RS16795,1.0354186571919777,131.9917588651816,0.0294422812141329,0.0849801670727347,RNA,C4vsC1_rna,ACZ81_16790,tier1:gene_id
ACZ81_RS16800,1.4228669075994054,690.7843024139354,0.0013033128216943,0.0073296408418234,RNA,C4vsC1_rna,ACZ81_16795,tier1:gene_id
ACZ81_RS16805,2.7378263725414618,3446.222802955147,2.676589527776956e-05,0.0002974647419789,RNA,C4vsC1_rna,ACZ81_16800,tier1:gene_id
ACZ81_RS16810,3.474131897021854,425.5403541060093,6.853177041948606e-05,0.0006577738347439,RNA,C4vsC1_rna,ACZ81_16805,tier1:gene_id
ACZ81_RS16815,0.6130203610812802,547.0570688804313,0.0052885429580381,0.022595989720606,RNA,C4vsC1_rna,ACZ81_16810,tier1:gene_id
ACZ81_RS16820,0.327600618055607,218.8174031021072,0.3142077832743283,0.4864243905095393,RNA,C4vsC1_rna,ACZ81_16815,tier1:gene_id
ACZ81_RS16825,0.0256298243047463,401.8411210823586,0.9250809286933344,0.9577870157206856,RNA,C4vsC1_rna,ACZ81_16820,tier1:gene_id
ACZ81_RS16830,-0.1582280869334179,470.5530356720081,0.517245804701854,0.6681230420038113,RNA,C4vsC1_rna,ACZ81_16825,tier1:gene_id
ACZ81_RS16835,1.2581709285859064,964.5028608731656,8.153581876901007e-05,0.0007660929857172,RNA,C4vsC1_rna,ACZ81_16830,tier1:gene_id
ACZ81_RS16840,-0.0882893034500586,1578.858710302167,0.7017619405660585,0.8113743243662901,RNA,C4vsC1_rna,ACZ81_16835,tier1:gene_id
ACZ81_RS16845,0.3920572672244484,866.2627724308859,0.0409811841075726,0.1090701410128921,RNA,C4vsC1_rna,ACZ81_16840,tier1:gene_id
ACZ81_RS16850,0.2828899182308243,4351.126044656754,0.6022291165887231,0.7389812421732405,RNA,C4vsC1_rna,ACZ81_16845,tier1:gene_id
ACZ81_RS16855,3.6980426527245767,4464.186815262603,3.236124626388541e-07,6.762152083891055e-06,RNA,C4vsC1_rna,ACZ81_16850,tier1:gene_id
ACZ81_RS16860,0.1427902938834031,45.30551756732791,0.7247078266293044,0.825298836343108,RNA,C4vsC1_rna,,unresolved
ACZ81_RS16865,-0.7919622399658911,1424.2106698298523,0.0351527723000889,0.0970632639146295,RNA,C4vsC1_rna,ACZ81_16860,tier1:gene_id
ACZ81_RS16870,-1.5935526621717937,3180.993387835819,0.0057069908026894,0.0239176188172467,RNA,C4vsC1_rna,ACZ81_16865,tier1:gene_id
ACZ81_RS16875,-0.0345457995315677,122576.09236594076,0.9622424948899228,0.9770890660074172,RNA,C4vsC1_rna,ACZ81_16870,tier1:gene_id
ACZ81_RS16880,-1.4736492669997696,12263.56421976421,0.0009844773433091,0.0059216238401146,RNA,C4vsC1_rna,ACZ81_16875,tier1:gene_id
ACZ81_RS16885,-0.8332383912954497,4454.318651529131,0.0630607712635878,0.1497926668499198,RNA,C4vsC1_rna,ACZ81_16880,tier1:gene_id
ACZ81_RS16890,-0.7633510060354922,2614.3246439667587,0.0096066049963589,0.0357380154300009,RNA,C4vsC1_rna,ACZ81_16885,tier1:gene_id
ACZ81_RS16895,-0.3528923271309527,225.1564881754507,0.2681725047682351,0.4366510101989282,RNA,C4vsC1_rna,ACZ81_16890,tier1:gene_id
ACZ81_RS16900,0.0788429552162486,296.4914101223591,0.7377624397484571,0.8345547464616736,RNA,C4vsC1_rna,ACZ81_16895,tier1:gene_id
ACZ81_RS16905,-0.0591842906003321,103232.66881337904,0.9390701765479204,0.9640607851356848,RNA,C4vsC1_rna,ACZ81_16900,tier1:gene_id
ACZ81_RS16910,0.3083330598186721,27881.10393587673,0.4983872818434408,0.6523751304260634,RNA,C4vsC1_rna,ACZ81_16905,tier1:gene_id
ACZ81_RS16915,1.2102377062030911,606.8860632829109,0.3776208754618903,0.548019783879947,RNA,C4vsC1_rna,ACZ81_16910,tier1:gene_id
ACZ81_RS16920,0.5925782324162275,12593.615452223235,0.5938965923741102,0.7324663782984722,RNA,C4vsC1_rna,ACZ81_16915,tier1:gene_id
ACZ81_RS16925,-0.0828162563777626,440.55602380692994,0.7654013859249019,0.854015120146171,RNA,C4vsC1_rna,ACZ81_16920,tier1:gene_id
ACZ81_RS16930,-0.3162732179758041,793.3217822700501,0.2702408036800771,0.4387721992571709,RNA,C4vsC1_rna,ACZ81_16925,tier1:gene_id
ACZ81_RS16935,1.7828656092121329,1514.6735574835047,0.0026004295108769,0.0128484275832983,RNA,C4vsC1_rna,ACZ81_16930,tier1:gene_id
ACZ81_RS16960,0.9484967943623626,213.19882287882203,0.0430633112433861,0.1129215717048793,RNA,C4vsC1_rna,ACZ81_16955,tier1:gene_id
ACZ81_RS16965,1.0418766064814131,339.7861058434917,1.049212670806647e-05,0.0001344869404241,RNA,C4vsC1_rna,ACZ81_16960,tier1:gene_id
ACZ81_RS16970,1.8560192138316456,349.4734917502529,5.031143464213874e-17,6.9603267511814e-15,RNA,C4vsC1_rna,ACZ81_16965,tier1:gene_id
ACZ81_RS16975,-0.0989549311925381,435.4163807579486,0.8365027463630094,0.9060607501102576,RNA,C4vsC1_rna,ACZ81_16970,tier1:gene_id
ACZ81_RS16980,1.4526636567051208,92.4039590154086,7.741518379227099e-06,0.0001035299057915,RNA,C4vsC1_rna,ACZ81_16975,tier1:gene_id
ACZ81_RS16985,-3.848585867985277,0.9702661158995332,0.2311432240714493,0.3932767663166475,RNA,C4vsC1_rna,ACZ81_16980,tier1:gene_id
ACZ81_RS17005,-1.2375050266701797,7950.472192907654,1.031868250148601e-06,1.8817524634528125e-05,RNA,C4vsC1_rna,ACZ81_17000,tier1:gene_id
ACZ81_RS17010,0.1921488521545858,369.4585232601751,0.5494514479327057,0.6956135087112703,RNA,C4vsC1_rna,ACZ81_17005,tier1:gene_id
ACZ81_RS17015,0.4830027642333213,276.1823128154329,0.1311665547926689,0.259231634398122,RNA,C4vsC1_rna,ACZ81_17010,tier1:gene_id
ACZ81_RS17020,-0.1809070442408126,603.1750788953385,0.5638549167011522,0.7071540874664028,RNA,C4vsC1_rna,ACZ81_17015,tier1:gene_id
ACZ81_RS17025,-0.208538562551107,126.65131737176004,0.5355665763792103,0.6835544734429019,RNA,C4vsC1_rna,ACZ81_17020,tier1:gene_id
ACZ81_RS17030,1.3911112284558864,20.46847988208947,0.0418930496074872,0.1106536014356284,RNA,C4vsC1_rna,ACZ81_17025,tier1:gene_id
ACZ81_RS17035,0.3144338869400969,1161.902718876845,0.178969510335847,0.3259308558635581,RNA,C4vsC1_rna,ACZ81_17030,tier1:gene_id
ACZ81_RS17040,0.7763993117923843,222.7208532284735,0.005594336450229,0.0235190750466768,RNA,C4vsC1_rna,ACZ81_17035,tier1:gene_id
ACZ81_RS17045,0.2441129094186501,249.79927359024853,0.3143380932774892,0.4864243905095393,RNA,C4vsC1_rna,ACZ81_17040,tier1:gene_id
ACZ81_RS17050,0.4810722610737236,181.01195896817177,0.2352375003745792,0.3973780427380259,RNA,C4vsC1_rna,ACZ81_17045,tier1:gene_id
ACZ81_RS17055,0.5017610375071555,619.1374984625379,0.0398185940670924,0.1065725146078552,RNA,C4vsC1_rna,ACZ81_17050,tier1:gene_id
ACZ81_RS17060,0.3677876819028984,382.1356384914213,0.1866242959238512,0.3368136190942379,RNA,C4vsC1_rna,ACZ81_17055,tier1:gene_id
ACZ81_RS17065,0.1770012505403002,2360.2221717384587,0.5116295595090715,0.6642905478156618,RNA,C4vsC1_rna,ACZ81_17060,tier1:gene_id
ACZ81_RS17070,0.1814365133653216,226.3344666949683,0.5794673228861087,0.7204285402600149,RNA,C4vsC1_rna,ACZ81_17065,tier1:gene_id
ACZ81_RS17075,0.3442776342113562,123.5383843142338,0.2977850136090087,0.4694355499408027,RNA,C4vsC1_rna,ACZ81_17070,tier1:gene_id
ACZ81_RS17080,0.5416901297517509,253.72118898046733,0.0693480317399188,0.1606375885338074,RNA,C4vsC1_rna,ACZ81_17075,tier1:gene_id
ACZ81_RS17085,0.2062434922669116,784.6103591639633,0.5844619318825125,0.723276147659667,RNA,C4vsC1_rna,ACZ81_17080,tier1:gene_id
ACZ81_RS17090,0.8007705549646051,557.2232001493958,0.0002765388137904,0.0020659792195041,RNA,C4vsC1_rna,ACZ81_17085,tier1:gene_id
ACZ81_RS17095,0.0600488530180332,4078.3419546236846,0.8833387294178295,0.9340946184565976,RNA,C4vsC1_rna,ACZ81_17090,tier1:gene_id
ACZ81_RS17105,0.1634629362255055,167.2564628238366,0.5736069802646862,0.7160271328008466,RNA,C4vsC1_rna,ACZ81_17100,tier1:gene_id
ACZ81_RS17110,0.8947559376793004,178.1342687039752,0.0018104079413353,0.0094945838701143,RNA,C4vsC1_rna,ACZ81_17105,tier1:gene_id
ACZ81_RS17115,-0.2313199523140611,948.8869333015502,0.3614547081661314,0.5339308870259645,RNA,C4vsC1_rna,ACZ81_RS17115,locus_tag:gene_id
ACZ81_RS17120,1.0299279538934556,4005.062736568055,0.0011286768071854,0.0065531857459159,RNA,C4vsC1_rna,ACZ81_17115,tier1:gene_id
ACZ81_RS17125,0.7659911104223551,2151.335968849532,0.1850191499830203,0.3345186253861549,RNA,C4vsC1_rna,ACZ81_17120,tier1:gene_id
ACZ81_RS17140,0.6251749772244384,300.8610393785861,0.0331344845988709,0.0927026166043725,RNA,C4vsC1_rna,ACZ81_17135,tier1:gene_id
ACZ81_RS17145,0.2207865797938898,208.1811213473877,0.50571414098818,0.6593841838298922,RNA,C4vsC1_rna,ACZ81_17140,tier1:gene_id
ACZ81_RS17150,-0.0602967831917585,267.5316624101941,0.8811989935029568,0.9331487679628112,RNA,C4vsC1_rna,ACZ81_17145,tier1:gene_id
ACZ81_RS17155,-0.2871644270148464,1095.846024694257,0.3567315056968856,0.5298430352130648,RNA,C4vsC1_rna,ACZ81_17150,tier1:gene_id
ACZ81_RS17160,0.6468023928771559,728.7890168468905,0.0073580378382842,0.0289632180099017,RNA,C4vsC1_rna,ACZ81_17155,tier1:gene_id
ACZ81_RS17165,0.2416597989490425,1480.1872850006391,0.3703100606011771,0.5412477307274871,RNA,C4vsC1_rna,ACZ81_17160,tier1:gene_id
ACZ81_RS17170,0.2905839026356829,790.577861797713,0.202720419498071,0.3578153642878403,RNA,C4vsC1_rna,ACZ81_RS17170,locus_tag:gene_id
ACZ81_RS17175,-0.073522211085638,150.91219207899596,0.840312420042614,0.9082256005417476,RNA,C4vsC1_rna,ACZ81_17175,tier1:gene_id
ACZ81_RS17180,-0.0366923654982656,477.73695953065805,0.9259009979510824,0.9581415537218836,RNA,C4vsC1_rna,ACZ81_17180,tier1:gene_id
ACZ81_RS17185,0.1017654829255117,701.601664299378,0.7222924455547786,0.8237172517242102,RNA,C4vsC1_rna,ACZ81_17185,tier1:gene_id
ACZ81_RS17190,0.276337347416963,535.2009831158335,0.3847834151953774,0.5545082836795454,RNA,C4vsC1_rna,ACZ81_17190,tier1:gene_id
ACZ81_RS17195,0.3105043796038555,881.303170152945,0.3051275397395235,0.4774460567219065,RNA,C4vsC1_rna,ACZ81_17195,tier1:gene_id
ACZ81_RS17200,1.6887653097714612,833.7618678231798,3.2049686025249856e-05,0.0003475225414413,RNA,C4vsC1_rna,ACZ81_17200,tier1:gene_id
ACZ81_RS17205,0.41507760075505,335.8821749229568,0.1158868845703731,0.2364894104254003,RNA,C4vsC1_rna,ACZ81_17205,tier1:gene_id
ACZ81_RS17215,3.611222262687362,18036.032999631578,4.963194068759439e-06,7.0611115616535e-05,RNA,C4vsC1_rna,ACZ81_17215,tier1:gene_id
ACZ81_RS17220,0.5482096614404144,623.3695840734923,0.1008254383777045,0.2127888788907683,RNA,C4vsC1_rna,ACZ81_17220,tier1:gene_id
ACZ81_RS17225,-0.038563585837957,326.41418891776493,0.8931529135503624,0.9403938109015768,RNA,C4vsC1_rna,ACZ81_17225,tier1:gene_id
ACZ81_RS17230,0.3834704899999565,742.9108414062894,0.219090594988312,0.3787157291399233,RNA,C4vsC1_rna,ACZ81_17230,tier1:gene_id
ACZ81_RS17235,0.24867359191053,3513.7978971651096,0.5199025824238538,0.6709067741024449,RNA,C4vsC1_rna,ACZ81_RS17235,locus_tag:gene_id
ACZ81_RS17240,-0.454589827368235,157.415766217071,0.1265982710428403,0.2525670131396694,RNA,C4vsC1_rna,ACZ81_17240,tier1:gene_id
ACZ81_RS17245,-0.2482219366942131,119.7865604258512,0.5642718852514284,0.7072348652385912,RNA,C4vsC1_rna,ACZ81_RS17245,locus_tag:gene_id
ACZ81_RS17250,0.3485317212785248,561.9382912474446,0.2504179163027559,0.415315442283184,RNA,C4vsC1_rna,ACZ81_17250,tier1:gene_id
ACZ81_RS17255,0.1891489851834815,2111.687397511901,0.4024325736427181,0.5713232432606459,RNA,C4vsC1_rna,ACZ81_17255,tier1:gene_id
ACZ81_RS17260,0.1184590416818867,570.6094991936981,0.5924514120674315,0.7311335174452583,RNA,C4vsC1_rna,ACZ81_17260,tier1:gene_id
ACZ81_RS17265,0.3645733010508035,226.3085808149962,0.1277115179040263,0.2540300494947713,RNA,C4vsC1_rna,ACZ81_17265,tier1:gene_id
ACZ81_RS17270,0.0885660482087266,4182.653661069032,0.8255933979992167,0.8976370495319398,RNA,C4vsC1_rna,ACZ81_17270,tier1:gene_id
ACZ81_RS17275,-0.6095545729906418,13892.972660621825,0.1957524229761575,0.3496699559128868,RNA,C4vsC1_rna,ACZ81_17275,tier1:gene_id
ACZ81_RS17280,-0.4637287043117752,9644.347637042558,0.3252663278526972,0.4983943211718451,RNA,C4vsC1_rna,ACZ81_17280,tier1:gene_id
ACZ81_RS17285,-0.5978440952237747,9892.794696508034,0.0910561975501883,0.1976693100975568,RNA,C4vsC1_rna,ACZ81_17285,tier1:gene_id
ACZ81_RS17290,-0.3042480898695102,8132.913733541307,0.1858281004452666,0.3358298824263107,RNA,C4vsC1_rna,ACZ81_17290,tier1:gene_id
ACZ81_RS17295,0.0640352164090012,5335.197687704816,0.8517149578246509,0.9169118360395672,RNA,C4vsC1_rna,ACZ81_17295,tier1:gene_id
ACZ81_RS17300,0.2417960604538344,15167.799852897164,0.4522370749925823,0.6142095954198512,RNA,C4vsC1_rna,ACZ81_17300,tier1:gene_id
ACZ81_RS17305,0.3434504543088091,3464.006749891456,0.4498483481946421,0.6121514277581573,RNA,C4vsC1_rna,ACZ81_17305,tier1:gene_id
ACZ81_RS17310,0.5992028352646254,1532.6420589630518,0.2210700720923966,0.3811487448365687,RNA,C4vsC1_rna,ACZ81_17310,tier1:gene_id
ACZ81_RS17315,0.4705701558739058,4505.600773998825,0.3694361107707866,0.5410564900522103,RNA,C4vsC1_rna,ACZ81_17315,tier1:gene_id
ACZ81_RS17320,0.4516335721767823,3470.0535931445133,0.3718752209350591,0.543058834246244,RNA,C4vsC1_rna,ACZ81_17320,tier1:gene_id
ACZ81_RS17325,0.2974316544604788,4461.931846188082,0.5702595816987215,0.7131800005533886,RNA,C4vsC1_rna,ACZ81_17325,tier1:gene_id
ACZ81_RS17330,-0.0004992585729813,2268.3169109335563,0.9993330136774428,0.9993330136774428,RNA,C4vsC1_rna,ACZ81_17330,tier1:gene_id
ACZ81_RS17335,0.3179789636695258,3539.0866155087606,0.5837414045726141,0.7231236463829417,RNA,C4vsC1_rna,ACZ81_17335,tier1:gene_id
ACZ81_RS17340,0.0957572416498821,7305.4254520167,0.8546613999081296,0.9188444627457952,RNA,C4vsC1_rna,ACZ81_17340,tier1:gene_id
ACZ81_RS17345,0.568844812599882,7206.217884092488,0.0855853183688925,0.1877355370672482,RNA,C4vsC1_rna,ACZ81_17345,tier1:gene_id
ACZ81_RS17350,1.1476496923831287,14002.956278665291,0.0002696969956744,0.0020355573244164,RNA,C4vsC1_rna,ACZ81_17350,tier1:gene_id
ACZ81_RS17355,-1.8452506942621247,13559.032738093454,1.36139442413831e-05,0.0001690995179456,RNA,C4vsC1_rna,ACZ81_17355,tier1:gene_id
ACZ81_RS17360,0.3775545733585574,105.33813012173708,0.283129380388769,0.4534017056580561,RNA,C4vsC1_rna,ACZ81_17360,tier1:gene_id
ACZ81_RS17365,-0.1516206910557037,3171.6548957407545,0.6747986489874735,0.7925970384997749,RNA,C4vsC1_rna,ACZ81_17365,tier1:gene_id
ACZ81_RS17370,0.3836314025153597,984.7332375806836,0.2834497012781991,0.4536099726877283,RNA,C4vsC1_rna,ACZ81_17370,tier1:gene_id
ACZ81_RS17375,0.097363360768338,4313.853059110997,0.5717016029185915,0.7143154253844252,RNA,C4vsC1_rna,ACZ81_17375,tier1:gene_id
ACZ81_RS17380,0.7188490007064654,84.63856481750103,0.0423115551475324,0.1114602490163494,RNA,C4vsC1_rna,ACZ81_17380,tier1:gene_id
ACZ81_RS17390,0.6518738013359792,726.6330699089949,0.1459834941566517,0.2798307589854212,RNA,C4vsC1_rna,ACZ81_17390,tier1:gene_id
ACZ81_RS17395,-0.8788871297915751,460.0598088641737,0.0037554551793803,0.0171737803430157,RNA,C4vsC1_rna,ACZ81_17395,tier1:gene_id
ACZ81_RS17400,-2.269515860428189,169.73639674749478,2.518369618122273e-06,4.0253780509587885e-05,RNA,C4vsC1_rna,ACZ81_17400,tier1:gene_id
ACZ81_RS17405,-2.535334382548742,221.9649715126912,5.631093789968439e-13,4.806797507521995e-11,RNA,C4vsC1_rna,ACZ81_17405,tier1:gene_id
ACZ81_RS17410,0.4487300753761054,214.40634221830032,0.3122116399765419,0.4841420692946325,RNA,C4vsC1_rna,ACZ81_17410,tier1:gene_id
ACZ81_RS17415,-0.6836726178265264,206.55673971259327,0.0421335392779761,0.1110869812614281,RNA,C4vsC1_rna,ACZ81_17415,tier1:gene_id
ACZ81_RS17420,-1.8254719797205048,1881.5927653870208,7.769661105270976e-07,1.4634685612369557e-05,RNA,C4vsC1_rna,ACZ81_17420,tier1:gene_id
ACZ81_RS17425,1.100515166273034,275.32922645825136,0.0007740832455492,0.0048766540607692,RNA,C4vsC1_rna,ACZ81_17425,tier1:gene_id
ACZ81_RS17430,0.3673355522353295,877.5528184394769,0.0744200914434544,0.1688245324175898,RNA,C4vsC1_rna,ACZ81_17430,tier1:gene_id
ACZ81_RS17435,1.0418952489972786,658.1076758904384,0.0009937042950346,0.0059592550548268,RNA,C4vsC1_rna,ACZ81_17435,tier1:gene_id
ACZ81_RS17440,0.649530125739597,199.0643490837696,0.2149283221506691,0.3731252394930699,RNA,C4vsC1_rna,ACZ81_17440,tier1:gene_id
ACZ81_RS17445,1.1039235087447137,363.9418835504817,0.0006751686731411,0.0043831338456996,RNA,C4vsC1_rna,ACZ81_17445,tier1:gene_id
ACZ81_RS17450,-0.6270097047438802,293.43203295207365,0.0117327405342493,0.0417673070305308,RNA,C4vsC1_rna,ACZ81_17450,tier1:gene_id
ACZ81_RS17455,0.5908090460421224,1112.201650147833,0.0059558150742976,0.0246846385104156,RNA,C4vsC1_rna,ACZ81_17455,tier1:gene_id
ACZ81_RS17460,-0.1496101626322741,424.6920256304121,0.5020941773719649,0.6553031358543667,RNA,C4vsC1_rna,ACZ81_17460,tier1:gene_id
ACZ81_RS17470,0.4236733284552588,1951.825412808349,0.3952930486547191,0.565590481883999,RNA,C4vsC1_rna,ACZ81_17470,tier1:gene_id
ACZ81_RS17475,-0.0971623791110267,2988.835182808661,0.8388364333761777,0.9071562113721736,RNA,C4vsC1_rna,ACZ81_17475,tier1:gene_id
ACZ81_RS17480,0.0765276421209806,1645.5457028498777,0.8674133197923015,0.9257902445269754,RNA,C4vsC1_rna,ACZ81_17480,tier1:gene_id
ACZ81_RS17485,-1.8562530660767225,169.04077969181338,0.0001101199620433,0.0009752787808338,RNA,C4vsC1_rna,ACZ81_17485,tier1:gene_id
ACZ81_RS17490,0.5492804459732497,173.13052012176044,0.0534022859502586,0.132609386288752,RNA,C4vsC1_rna,ACZ81_17490,tier1:gene_id
ACZ81_RS17495,0.5447105567862833,389.9043649861802,0.0059107079739471,0.0245738449652601,RNA,C4vsC1_rna,ACZ81_17495,tier1:gene_id
ACZ81_RS17500,0.9071840055136836,8768.114258185957,0.1285322744809302,0.2550304081194322,RNA,C4vsC1_rna,ACZ81_17500,tier1:gene_id
ACZ81_RS17505,0.8915092009935756,202.7793445017287,0.0010096534119819,0.0060458649087637,RNA,C4vsC1_rna,ACZ81_17505,tier1:gene_id
ACZ81_RS17510,0.1243223178819347,280.6311540250084,0.7368052895725432,0.8345547464616736,RNA,C4vsC1_rna,ACZ81_17510,tier1:gene_id
ACZ81_RS17515,0.3132804027930886,851.290298857903,0.0913461086676116,0.1980523455230201,RNA,C4vsC1_rna,ACZ81_17515,tier1:gene_id
ACZ81_RS17520,0.4270771756483096,785.208338533785,0.2408497752265928,0.4039670979134993,RNA,C4vsC1_rna,ACZ81_17520,tier1:gene_id
ACZ81_RS17525,0.0724752450931239,3789.448168215978,0.8034541877352191,0.8800049689308489,RNA,C4vsC1_rna,ACZ81_17525,tier1:gene_id
ACZ81_RS17530,-0.2470864634969549,3211.645757773343,0.6800412262195612,0.7962750406445818,RNA,C4vsC1_rna,ACZ81_17530,tier1:gene_id
ACZ81_RS17535,-1.5905153947780923,1178.614334879871,0.010563823926327,0.0387050790798393,RNA,C4vsC1_rna,ACZ81_17535,tier1:gene_id
ACZ81_RS17540,-1.171716953504955,1319.2015392548717,0.0002760867520737,0.0020659792195041,RNA,C4vsC1_rna,ACZ81_17540,tier1:gene_id
ACZ81_RS17545,-0.4178130782404491,691.621693418485,0.3368612073537488,0.509995156189902,RNA,C4vsC1_rna,ACZ81_17545,tier1:gene_id
ACZ81_RS17550,-0.2059309918915833,1451.7402458944234,0.4993541570182932,0.6527888165387398,RNA,C4vsC1_rna,ACZ81_17550,tier1:gene_id
ACZ81_RS17555,0.332216576233336,617.0617503910681,0.3070877282248119,0.4797647841269257,RNA,C4vsC1_rna,ACZ81_17555,tier1:gene_id
ACZ81_RS17560,1.3787833874643265,205.79827022950155,0.0150504920089023,0.0508699022238552,RNA,C4vsC1_rna,ACZ81_17560,tier1:gene_id
ACZ81_RS17565,1.1796025612625376,55.91995370159061,0.0215677213965664,0.0677870789370491,RNA,C4vsC1_rna,ACZ81_17565,tier1:gene_id
ACZ81_RS17570,1.2269717594215526,754.6446854414445,5.011464773394343e-05,0.0005103044840319,RNA,C4vsC1_rna,ACZ81_17570,tier1:gene_id
ACZ81_RS17575,1.208466072295414,699.7717021577298,2.9206248972154133e-05,0.0003210286873322,RNA,C4vsC1_rna,ACZ81_17575,tier1:gene_id
ACZ81_RS17580,0.974543663026258,886.5624310110604,0.0618356443833642,0.1473186492078724,RNA,C4vsC1_rna,ACZ81_17580,tier1:gene_id
ACZ81_RS17585,0.623561863808301,300.4891339276667,0.1226504749026465,0.2464064623482313,RNA,C4vsC1_rna,ACZ81_17585,tier1:gene_id
ACZ81_RS17590,0.7904292200418546,195.32853831394053,0.0300312815380643,0.0864314932071121,RNA,C4vsC1_rna,ACZ81_17590,tier1:gene_id
ACZ81_RS17595,0.6666922656074357,64.74241841405377,0.1357629335210642,0.265908057020521,RNA,C4vsC1_rna,ACZ81_17595,tier1:gene_id
ACZ81_RS17600,-0.6742938601707851,119.69314321020812,0.2586109881413004,0.425050096035599,RNA,C4vsC1_rna,ACZ81_17600,tier1:gene_id
ACZ81_RS17605,0.2497648697129835,22.471093681981124,0.7461157741615838,0.8401393449161589,RNA,C4vsC1_rna,ACZ81_17605,tier1:gene_id
ACZ81_RS17610,-0.293445852060834,620.3752778968498,0.3239208447555709,0.4969676593343596,RNA,C4vsC1_rna,,unresolved
ACZ81_RS17615,-1.7334777208731755,13.82016039283826,0.0409964538004589,0.1090701410128921,RNA,C4vsC1_rna,ACZ81_17615,tier1:gene_id
ACZ81_RS17620,-1.1343822623630009,11.84326041217154,0.1979500546906529,0.3521843101635917,RNA,C4vsC1_rna,ACZ81_17620,tier1:gene_id
ACZ81_RS17625,1.635236372618983,3.13786541052721,0.3899767650052418,0.5603820849573891,RNA,C4vsC1_rna,ACZ81_17625,tier1:gene_id
ACZ81_RS17630,4.011613857591648,4.06422791315824,0.0209263397998207,0.0663687551595895,RNA,C4vsC1_rna,ACZ81_17630,tier1:gene_id
ACZ81_RS17635,-0.1449986352857694,11.512298897878848,0.8644130625576658,0.9249068366486718,RNA,C4vsC1_rna,ACZ81_17635,tier1:gene_id
ACZ81_RS17640,0.2417888773625015,24.34514685172521,0.6530505363220551,0.7774595702445356,RNA,C4vsC1_rna,ACZ81_17640,tier1:gene_id
ACZ81_RS17645,0.1046576584409456,45.027675355236674,0.8026445052930943,0.8798691025404195,RNA,C4vsC1_rna,ACZ81_17645,tier1:gene_id
ACZ81_RS17650,-1.6643330863150103,0.3825332339110174,0.7454641416015537,0.8401129595801781,RNA,C4vsC1_rna,ACZ81_17650,tier1:gene_id
ACZ81_RS17655,0.4728790985930424,1225.3215576562716,0.223700961882808,0.3843632801172701,RNA,C4vsC1_rna,ACZ81_17655,tier1:gene_id
ACZ81_RS17660,2.2383163651064657,376.06384100601736,0.0019592168871622,0.0101818369835425,RNA,C4vsC1_rna,ACZ81_17660,tier1:gene_id
ACZ81_RS17665,1.1061253900934165,190.4240469348687,0.0037628429529565,0.0171737803430157,RNA,C4vsC1_rna,ACZ81_17665,tier1:gene_id
ACZ81_RS17670,0.8502863383402535,161.4098552847331,0.0089755730090547,0.0339716970871015,RNA,C4vsC1_rna,ACZ81_17670,tier1:gene_id
ACZ81_RS17675,0.6009467902086474,470.0169709467986,0.0175658463619798,0.0573426978065608,RNA,C4vsC1_rna,ACZ81_17675,tier1:gene_id
ACZ81_RS17680,0.5587861348906418,310.8323373553763,0.058906231748872,0.1421117268649878,RNA,C4vsC1_rna,ACZ81_17680,tier1:gene_id
ACZ81_RS17685,3.15887047142568,1014.8757576711996,9.743411294867413e-06,0.0001265066864563,RNA,C4vsC1_rna,ACZ81_17685,tier1:gene_id
ACZ81_RS17695,0.9105255568535428,99.25681259288186,0.1006947520676322,0.2127368853582624,RNA,C4vsC1_rna,ACZ81_17695,tier1:gene_id
ACZ81_RS17700,-0.7273208117269144,1699.319355234104,0.0764042179422309,0.1719202032441002,RNA,C4vsC1_rna,ACZ81_17700,tier1:gene_id
ACZ81_RS17705,0.6054253521368256,86.95867989531486,0.227129002311512,0.3882580133250048,RNA,C4vsC1_rna,ACZ81_17705,tier1:gene_id
ACZ81_RS17710,0.4220433402234935,216.51578393154333,0.3195547144501366,0.4923400592833903,RNA,C4vsC1_rna,ACZ81_17710,tier1:gene_id
ACZ81_RS17715,-0.0761603466845873,328.57840948219047,0.812507013255533,0.8867731602778016,RNA,C4vsC1_rna,ACZ81_17715,tier1:gene_id
ACZ81_RS17720,0.2721545445255409,1111.9901798115982,0.4368854180023014,0.6023313735481901,RNA,C4vsC1_rna,ACZ81_17720,tier1:gene_id
ACZ81_RS17725,0.5041801015951,242.4825395865268,0.2105277677891945,0.3686763004671534,RNA,C4vsC1_rna,ACZ81_17725,tier1:gene_id
ACZ81_RS17730,-0.6743112808766362,668.0059279760247,0.023451125381816,0.0724294957904896,RNA,C4vsC1_rna,ACZ81_17730,tier1:gene_id
ACZ81_RS17735,-0.1230034554879619,90.13207132600353,0.7508740487077339,0.8442249836072812,RNA,C4vsC1_rna,ACZ81_17735,tier1:gene_id
ACZ81_RS17740,0.613856085035124,598.6968229153362,0.0041014208684442,0.0182832228046646,RNA,C4vsC1_rna,ACZ81_17740,tier1:gene_id
ACZ81_RS17745,-0.015805683541783,21212.995416161004,0.9624765675127898,0.9770890660074172,RNA,C4vsC1_rna,ACZ81_17745,tier1:gene_id
ACZ81_RS17750,0.7146361118149488,482.834203798524,0.0005540371796395,0.0037365713789113,RNA,C4vsC1_rna,ACZ81_17750,tier1:gene_id
ACZ81_RS17755,-0.270740046831147,810.6272632177418,0.2911239328933181,0.4616558176948587,RNA,C4vsC1_rna,ACZ81_17755,tier1:gene_id
ACZ81_RS17760,-0.7469458104843152,444.238744376663,0.0549666862685084,0.1356250586157786,RNA,C4vsC1_rna,ACZ81_17760,tier1:gene_id
ACZ81_RS17765,-0.3306231018800639,820.6244305778501,0.1653752419389675,0.3066014189737235,RNA,C4vsC1_rna,ACZ81_17765,tier1:gene_id
ACZ81_RS17770,-0.1274392755034303,1936.2984393782792,0.6580920266339954,0.7813747294630333,RNA,C4vsC1_rna,ACZ81_17770,tier1:gene_id
ACZ81_RS17775,0.8658449351930895,161.8297318600263,0.0608512195933795,0.1457522943335157,RNA,C4vsC1_rna,ACZ81_17775,tier1:gene_id
ACZ81_RS17780,0.4672930530028784,322.637297580045,0.182098907544453,0.3304300393796225,RNA,C4vsC1_rna,ACZ81_17780,tier1:gene_id
ACZ81_RS17785,-0.1879922336496398,132.40462194843053,0.5520933959724512,0.6974177281616732,RNA,C4vsC1_rna,ACZ81_17785,tier1:gene_id
ACZ81_RS17790,1.4406430138072226,817.1917328870741,0.0084617547939639,0.0324866605104148,RNA,C4vsC1_rna,ACZ81_17790,tier1:gene_id
ACZ81_RS17795,-0.1838527867865561,3818.675514139961,0.559801143977688,0.7036097085333598,RNA,C4vsC1_rna,ACZ81_17795,tier1:gene_id
ACZ81_RS17800,0.5071390275014706,130.83384574947883,0.136764482983613,0.2671811913724335,RNA,C4vsC1_rna,ACZ81_17800,tier1:gene_id
ACZ81_RS17805,0.9060266399438296,1425.5119171746069,0.0010167736700213,0.0060703808989964,RNA,C4vsC1_rna,ACZ81_17805,tier1:gene_id
ACZ81_RS17810,-0.0569465672098632,164.79177153247483,0.8875426864029242,0.9356302191707396,RNA,C4vsC1_rna,ACZ81_17810,tier1:gene_id
ACZ81_RS17815,0.5589204115799701,1080.4248455347345,0.0636012872945978,0.1505418080388946,RNA,C4vsC1_rna,ACZ81_17815,tier1:gene_id
ACZ81_RS17820,0.8068552915887607,145.00361385716934,0.0692294127274617,0.1604554615035105,RNA,C4vsC1_rna,ACZ81_17820,tier1:gene_id
ACZ81_RS17825,1.2824179961493498,636.3922049129766,1.6039448111019405e-05,0.0001932440415057,RNA,C4vsC1_rna,ACZ81_17825,tier1:gene_id
ACZ81_RS17830,0.5100623188836009,372.23265950329954,0.0953532557653729,0.2037799674455654,RNA,C4vsC1_rna,ACZ81_17830,tier1:gene_id
ACZ81_RS17835,0.5644551096049395,2176.6628032152944,0.0451405948347124,0.1170679162746389,RNA,C4vsC1_rna,ACZ81_17835,tier1:gene_id
ACZ81_RS17840,-2.074607100417172,2516.770816537062,1.428133296890708e-10,6.7407891613241435e-09,RNA,C4vsC1_rna,ACZ81_17840,tier1:gene_id
ACZ81_RS17845,0.5067281607378366,145.59048396886644,0.1872741448818668,0.3378344735908496,RNA,C4vsC1_rna,ACZ81_17845,tier1:gene_id
ACZ81_RS17850,0.3377384068514997,153.8565124115688,0.3568384549216603,0.5298430352130648,RNA,C4vsC1_rna,ACZ81_17850,tier1:gene_id
ACZ81_RS17855,0.5268003666212502,355.16107983128217,0.1421203318396177,0.2746564409154848,RNA,C4vsC1_rna,ACZ81_17855,tier1:gene_id
ACZ81_RS17860,-0.9584640894476808,814.7224871777945,0.0251543008540588,0.0760505312935071,RNA,C4vsC1_rna,ACZ81_17860,tier1:gene_id
ACZ81_RS17865,-1.177802529306809,744.0920272683844,0.0034106719218005,0.0159111811049579,RNA,C4vsC1_rna,ACZ81_17865,tier1:gene_id
ACZ81_RS17870,-0.7204101262648607,176.01777904167952,0.0132804661463228,0.0461309352199544,RNA,C4vsC1_rna,ACZ81_17870,tier1:gene_id
ACZ81_RS17875,0.096245719916007,206.08529892394253,0.7005887536570587,0.8108814369531213,RNA,C4vsC1_rna,ACZ81_17875,tier1:gene_id
ACZ81_RS17880,0.8425270374956951,649.4435532678726,0.0049272208654611,0.0212559248518604,RNA,C4vsC1_rna,ACZ81_17880,tier1:gene_id
ACZ81_RS17885,0.7542464050357661,447.8516884899898,0.0073862956644669,0.0289959082248938,RNA,C4vsC1_rna,ACZ81_17885,tier1:gene_id
ACZ81_RS17890,1.0248487067839922,1441.1243812359014,0.0030524731893342,0.0145445634627185,RNA,C4vsC1_rna,ACZ81_17890,tier1:gene_id
ACZ81_RS17895,0.914500079319852,1566.6089361485142,0.0026082423116695,0.012855366283069,RNA,C4vsC1_rna,ACZ81_17895,tier1:gene_id
ACZ81_RS17900,1.0690675657873847,86.37987917448201,0.0084711888833659,0.0324917875717632,RNA,C4vsC1_rna,ACZ81_17900,tier1:gene_id
ACZ81_RS17905,1.2450615094229236,147.59490625173206,0.0242209959188251,0.0740660332517733,RNA,C4vsC1_rna,ACZ81_17905,tier1:gene_id
ACZ81_RS17910,0.9193468427735444,55.02297305129839,0.1390184345670404,0.2706171564691734,RNA,C4vsC1_rna,ACZ81_17910,tier1:gene_id
ACZ81_RS17915,1.693470578682157,152.52591488153044,0.0018976318180811,0.0098874011092749,RNA,C4vsC1_rna,ACZ81_17915,tier1:gene_id
ACZ81_RS17920,0.8417724840216113,10.445990704296578,0.3393578236449954,0.5120359490273492,RNA,C4vsC1_rna,ACZ81_17920,tier1:gene_id
ACZ81_RS17925,0.8442108700923692,75.74539279217335,0.0086890556743706,0.0331688785590628,RNA,C4vsC1_rna,ACZ81_17925,tier1:gene_id
ACZ81_RS17930,-0.6176019080726434,9.578837978918228,0.4637319640742042,0.6228632875345521,RNA,C4vsC1_rna,ACZ81_17930,tier1:gene_id
ACZ81_RS17935,-0.4368185327913921,202.96594141537105,0.3670515077603857,0.5390229316012692,RNA,C4vsC1_rna,ACZ81_17935,tier1:gene_id
ACZ81_RS17940,2.247930245213228,9.719468130639957,0.0172325187101962,0.0566695615289403,RNA,C4vsC1_rna,ACZ81_17940,tier1:gene_id
ACZ81_RS17945,0.3075405615096482,6.946054714041974,0.7566787782862892,0.8475140308443865,RNA,C4vsC1_rna,ACZ81_17945,tier1:gene_id
ACZ81_RS17950,-0.5550935097476237,5.594423842203195,0.6343642740935211,0.7618553425634605,RNA,C4vsC1_rna,ACZ81_17950,tier1:gene_id
ACZ81_RS17955,0.1722939458592836,29.48024258170077,0.7784569826393033,0.8635483478490324,RNA,C4vsC1_rna,ACZ81_17955,tier1:gene_id
ACZ81_RS17960,1.5921410879285176,15.091277528514242,0.0854190085574467,0.1874732288470877,RNA,C4vsC1_rna,ACZ81_17960,tier1:gene_id
ACZ81_RS17965,2.413466390147908,80.34598407035378,0.0045722088814069,0.0200294679604989,RNA,C4vsC1_rna,ACZ81_17965,tier1:gene_id
ACZ81_RS17970,1.6182858969599947,63.15483743602224,0.0052311007167357,0.0223743881402386,RNA,C4vsC1_rna,ACZ81_17970,tier1:gene_id
ACZ81_RS17975,0.2985070166567402,207.6229453475121,0.3366092646683541,0.5099070955230701,RNA,C4vsC1_rna,ACZ81_17975,tier1:gene_id
ACZ81_RS17980,0.6301059155362267,94.82096280569962,0.2701401780114782,0.4387721992571709,RNA,C4vsC1_rna,ACZ81_17980,tier1:gene_id
ACZ81_RS17985,0.1014426156692701,180.3544873841924,0.7259802582622266,0.8258327821021736,RNA,C4vsC1_rna,ACZ81_17985,tier1:gene_id
ACZ81_RS17990,0.2031102288094194,1060.7268388617156,0.3688498401039016,0.5404768292537814,RNA,C4vsC1_rna,ACZ81_17990,tier1:gene_id
ACZ81_RS17995,0.0291803300727758,3048.382181686252,0.9544080768317867,0.9738263489952004,RNA,C4vsC1_rna,ACZ81_17995,tier1:gene_id
ACZ81_RS18000,0.2962516898758277,7028.041341726927,0.2723711851435978,0.4409819188039203,RNA,C4vsC1_rna,ACZ81_18000,tier1:gene_id
ACZ81_RS18005,0.3506583657633952,5828.725488937952,0.377685618750761,0.548019783879947,RNA,C4vsC1_rna,ACZ81_18005,tier1:gene_id
ACZ81_RS18010,1.014646200111975,5016.027749135219,0.0039750013014028,0.0178785932973408,RNA,C4vsC1_rna,ACZ81_18010,tier1:gene_id
ACZ81_RS18015,0.3121682121379053,14605.674561960675,0.4483728794715686,0.6115726915163646,RNA,C4vsC1_rna,ACZ81_18015,tier1:gene_id
ACZ81_RS18020,0.0734474767329292,16288.111058060658,0.8297016586067711,0.9002264031253643,RNA,C4vsC1_rna,ACZ81_18020,tier1:gene_id
ACZ81_RS18025,1.2253223664510666,4902.4285206041495,8.952053668663053e-05,0.0008162645299699,RNA,C4vsC1_rna,ACZ81_18025,tier1:gene_id
ACZ81_RS18030,1.471832768067062,9744.746008458562,2.150687801756565e-07,4.755170621015894e-06,RNA,C4vsC1_rna,ACZ81_18030,tier1:gene_id
ACZ81_RS18035,1.5186525182940862,10281.246527190053,0.0003537281721577,0.0025662882942075,RNA,C4vsC1_rna,ACZ81_18035,tier1:gene_id
ACZ81_RS18040,2.296062973017716,8850.31974117547,7.15704134329706e-06,9.733576226884002e-05,RNA,C4vsC1_rna,ACZ81_18040,tier1:gene_id
ACZ81_RS18045,0.8962022943362827,22.507652252654744,0.1158197040021253,0.2364894104254003,RNA,C4vsC1_rna,ACZ81_18045,tier1:gene_id
ACZ81_RS18055,2.114316669444628,2414.289012399488,1.4501335341850508e-06,2.5295372778914888e-05,RNA,C4vsC1_rna,ACZ81_18055,tier1:gene_id
ACZ81_RS18060,2.147122003798091,1765.6946765807277,4.7581842004549984e-05,0.0004920060570161,RNA,C4vsC1_rna,ACZ81_18060,tier1:gene_id
ACZ81_RS18070,0.1932655511727693,430.8903965513035,0.4911279107057295,0.6453996651658652,RNA,C4vsC1_rna,ACZ81_18070,tier1:gene_id
ACZ81_RS18075,2.4507569083077145,185.9173221832724,1.368626011574006e-07,3.2110687476227554e-06,RNA,C4vsC1_rna,ACZ81_18075,tier1:gene_id
ACZ81_RS18080,0.8412809147488901,1552.7836453614682,0.0002222615336672,0.0017484573981821,RNA,C4vsC1_rna,ACZ81_18080,tier1:gene_id
ACZ81_RS18085,0.5550028495123462,17.140309052320834,0.3969111105205676,0.5670966436640018,RNA,C4vsC1_rna,ACZ81_18085,tier1:gene_id
ACZ81_RS18090,0.3434504324288817,97.80109933166698,0.4825803434995378,0.6375081785051517,RNA,C4vsC1_rna,ACZ81_18090,tier1:gene_id
ACZ81_RS18095,-0.2453902862423641,710.0567316262276,0.3582311339719859,0.5311246524374011,RNA,C4vsC1_rna,ACZ81_18095,tier1:gene_id
ACZ81_RS18100,-0.6940497569595397,475.860517994314,0.0015687882248397,0.008448293098063,RNA,C4vsC1_rna,ACZ81_18100,tier1:gene_id
ACZ81_RS18105,-0.6653791815559128,1525.298204483108,0.0356020347036768,0.0979666414479776,RNA,C4vsC1_rna,ACZ81_18105,tier1:gene_id
ACZ81_RS18110,-2.6884935239907217,1173.1889775481131,2.7824998648700168e-08,7.698889281281729e-07,RNA,C4vsC1_rna,ACZ81_18110,tier1:gene_id
ACZ81_RS18115,-0.0392025453527653,485.9822218174781,0.8605414514709995,0.9221400382750132,RNA,C4vsC1_rna,ACZ81_18115,tier1:gene_id
ACZ81_RS18120,-0.5588810900790786,211.34590852031275,0.0531478515336802,0.132276166472162,RNA,C4vsC1_rna,ACZ81_18120,tier1:gene_id
ACZ81_RS18125,0.123715189935616,202.1687258984444,0.6661118586008116,0.7874015252523441,RNA,C4vsC1_rna,ACZ81_18125,tier1:gene_id
ACZ81_RS18130,-0.661052772349539,1840.5125140750763,0.2821713403954742,0.4522665722216351,RNA,C4vsC1_rna,ACZ81_18130,tier1:gene_id
ACZ81_RS18135,-0.9114170764660288,2390.185098986586,0.071364633938707,0.1638894741626174,RNA,C4vsC1_rna,ACZ81_18135,tier1:gene_id
ACZ81_RS18140,-0.487111080345282,6705.757677022404,0.4565016416794091,0.6174931174705965,RNA,C4vsC1_rna,ACZ81_18140,tier1:gene_id
ACZ81_RS18145,-1.8191951085756484,11795.651381686745,2.8836320911364574e-07,6.153793590233758e-06,RNA,C4vsC1_rna,ACZ81_18145,tier1:gene_id
ACZ81_RS18150,-1.0386118510392164,574.8222183512244,0.0002694568681219,0.0020355573244164,RNA,C4vsC1_rna,ACZ81_18150,tier1:gene_id
ACZ81_RS18155,0.8926237771109653,638.3761113918382,0.0114628819002426,0.0410558306189383,RNA,C4vsC1_rna,ACZ81_18155,tier1:gene_id
ACZ81_RS18160,-0.8105035667748158,1870.30593953958,0.0005981467358696,0.0039534838621235,RNA,C4vsC1_rna,ACZ81_18160,tier1:gene_id
ACZ81_RS18170,0.217460129961152,102.6936532107304,0.4817829411739158,0.6368741171489694,RNA,C4vsC1_rna,ACZ81_18170,tier1:gene_id
ACZ81_RS18175,0.284126003613434,339.8818850806617,0.4062263102454231,0.5740683186701788,RNA,C4vsC1_rna,ACZ81_18175,tier1:gene_id
ACZ81_RS18180,1.4363913393286032,50.62916144826081,0.0042903597497666,0.0189361092585961,RNA,C4vsC1_rna,ACZ81_18180,tier1:gene_id
ACZ81_RS18185,0.1805606005306527,155.3509070422149,0.5975385867037735,0.7346996046140175,RNA,C4vsC1_rna,ACZ81_18185,tier1:gene_id
ACZ81_RS18190,-1.6572211485618744,422.52005455780375,6.030209000599783e-08,1.5026831372923182e-06,RNA,C4vsC1_rna,ACZ81_18190,tier1:gene_id
ACZ81_RS18195,-1.0541357520084074,613.6861123828166,0.0001934299858726,0.0015428252551115,RNA,C4vsC1_rna,ACZ81_18195,tier1:gene_id
ACZ81_RS18200,0.2008058995115156,343.121100160335,0.5096978354062114,0.6624255638645028,RNA,C4vsC1_rna,ACZ81_18200,tier1:gene_id
ACZ81_RS18205,-0.250226384141124,570.6255069046745,0.667735713564392,0.7876964665746371,RNA,C4vsC1_rna,ACZ81_18205,tier1:gene_id
ACZ81_RS18210,0.0719476475684813,175.02124430758974,0.8056398495406006,0.8819173468913751,RNA,C4vsC1_rna,ACZ81_18210,tier1:gene_id
ACZ81_RS18215,-0.4130930806988153,114.85522063517,0.2804104241157311,0.4505433005816232,RNA,C4vsC1_rna,ACZ81_18215,tier1:gene_id
ACZ81_RS18220,0.0507046833005652,13.657858498357152,0.9585655469925046,0.975339836300768,RNA,C4vsC1_rna,ACZ81_18220,tier1:gene_id
ACZ81_RS18225,-2.107748749547205,233.22490653502248,5.8119015307532286e-08,1.457334308836372e-06,RNA,C4vsC1_rna,ACZ81_18225,tier1:gene_id
ACZ81_RS18230,0.1921383347693782,328.5656558022513,0.5819072100002535,0.7221193091620839,RNA,C4vsC1_rna,ACZ81_18230,tier1:gene_id
ACZ81_RS18235,-0.3064351476594473,238.46394737188805,0.5356668156790836,0.6835544734429019,RNA,C4vsC1_rna,ACZ81_18235,tier1:gene_id
ACZ81_RS18240,0.1145839141360483,534.0832722839979,0.8391187757358657,0.9071798782679312,RNA,C4vsC1_rna,ACZ81_18240,tier1:gene_id
ACZ81_RS18245,-0.4799178107537552,3249.8794894692787,0.3085725194555454,0.4810666430802367,RNA,C4vsC1_rna,ACZ81_18245,tier1:gene_id
ACZ81_RS18250,-0.8075910707678075,908.742528608933,0.1364837615879003,0.2669784746419581,RNA,C4vsC1_rna,ACZ81_18250,tier1:gene_id
ACZ81_RS18255,0.6492520462278701,91.68917636357666,0.1631721218592903,0.3042157207618258,RNA,C4vsC1_rna,ACZ81_18255,tier1:gene_id
ACZ81_RS18260,-0.0716917407685669,1964.593487866793,0.8557721647071503,0.9192390695595948,RNA,C4vsC1_rna,ACZ81_18260,tier1:gene_id
ACZ81_RS18265,-0.4452807798953468,1901.6221898090864,0.2396755818803575,0.4021658028038455,RNA,C4vsC1_rna,ACZ81_18265,tier1:gene_id
ACZ81_RS18270,-1.442611615938264,557.4223878738844,0.0001316331791245,0.0011308614874683,RNA,C4vsC1_rna,ACZ81_18270,tier1:gene_id
ACZ81_RS18275,0.6678277632057846,4825.998147140591,0.1911831644951221,0.3431887498677539,RNA,C4vsC1_rna,ACZ81_18275,tier1:gene_id
ACZ81_RS18280,-0.3002152617028081,3479.1393645150165,0.3251302893590819,0.4983943211718451,RNA,C4vsC1_rna,ACZ81_18280,tier1:gene_id
ACZ81_RS18285,-2.07508027878784,2358.359698005067,1.457689661512444e-09,5.848250921987925e-08,RNA,C4vsC1_rna,ACZ81_18285,tier1:gene_id
ACZ81_RS18290,-2.295159451796949,5562.789301015734,5.333426812902562e-09,1.7539105224069737e-07,RNA,C4vsC1_rna,ACZ81_18290,tier1:gene_id
ACZ81_RS18295,-0.6506908363322026,8868.142298716302,0.0110563988512103,0.0400345416886784,RNA,C4vsC1_rna,ACZ81_18295,tier1:gene_id
ACZ81_RS18300,0.69817793132754,1818.808921304828,0.0374911271568333,0.1017685989751501,RNA,C4vsC1_rna,ACZ81_18300,tier1:gene_id
ACZ81_RS18305,-0.5906457960634894,1835.5093125706087,0.1535395146130988,0.2902924281940399,RNA,C4vsC1_rna,ACZ81_18305,tier1:gene_id
ACZ81_RS18310,-0.229623228343806,527.4140347221454,0.2564625682143242,0.4229049830151536,RNA,C4vsC1_rna,ACZ81_18310,tier1:gene_id
ACZ81_RS18315,-0.2401902277393204,1033.3182041648408,0.3821247726276465,0.5520399051852046,RNA,C4vsC1_rna,ACZ81_18315,tier1:gene_id
ACZ81_RS18320,-0.3097294657249299,778.642286787513,0.4117804783091654,0.5790617872332183,RNA,C4vsC1_rna,ACZ81_18320,tier1:gene_id
ACZ81_RS18325,-0.0885629695301572,1273.8609164596778,0.7232572742857784,0.8241147925119405,RNA,C4vsC1_rna,ACZ81_18325,tier1:gene_id
ACZ81_RS18330,-0.0464483293521769,583.9773575418048,0.8289254023015865,0.9002264031253643,RNA,C4vsC1_rna,ACZ81_18330,tier1:gene_id
ACZ81_RS18335,0.7218932372563409,406.5329095050639,0.0110993929830475,0.0401178059891771,RNA,C4vsC1_rna,ACZ81_18335,tier1:gene_id
ACZ81_RS18340,0.0429693302674922,1769.170499021423,0.8470000802751646,0.9138478863206372,RNA,C4vsC1_rna,ACZ81_18340,tier1:gene_id
ACZ81_RS18345,-0.4314246024915734,739.6870402847906,0.0111394476428085,0.0402263401826712,RNA,C4vsC1_rna,ACZ81_18345,tier1:gene_id
ACZ81_RS18350,0.248242272935549,1180.2354996741678,0.4535828542487337,0.6152043310500066,RNA,C4vsC1_rna,ACZ81_18350,tier1:gene_id
ACZ81_RS18355,-0.1403650877949557,1448.523058900821,0.5343276070948281,0.6829316214286238,RNA,C4vsC1_rna,ACZ81_18355,tier1:gene_id
ACZ81_RS18360,0.5173424400308454,787.3628884330266,0.0119987203068449,0.0424879663469213,RNA,C4vsC1_rna,ACZ81_18360,tier1:gene_id
ACZ81_RS18365,0.0356692639022804,1036.1959271750802,0.8552966334720676,0.9189743153427784,RNA,C4vsC1_rna,ACZ81_18365,tier1:gene_id
ACZ81_RS18370,-0.3308563907273754,11206.866969026429,0.1511714815309641,0.2871685529840095,RNA,C4vsC1_rna,ACZ81_18370,tier1:gene_id
ACZ81_RS18375,0.0152373900414452,1715.171021151417,0.9151245491113502,0.9521472227787182,RNA,C4vsC1_rna,ACZ81_18375,tier1:gene_id
ACZ81_RS18380,-0.9469398745257454,721.1362527718353,0.072167021363507,0.1653535635125016,RNA,C4vsC1_rna,ACZ81_18380,tier1:gene_id
ACZ81_RS18385,-0.3731278362224404,603.3768434846354,0.3156778184552281,0.487865719430807,RNA,C4vsC1_rna,ACZ81_18385,tier1:gene_id
ACZ81_RS18390,-1.1038342985712564,254.98498822831093,0.0053423443973143,0.0227531695562901,RNA,C4vsC1_rna,ACZ81_18390,tier1:gene_id
ACZ81_RS18395,-0.5880919450871854,351.8107695127204,0.2333609386321146,0.3958748777133378,RNA,C4vsC1_rna,ACZ81_18395,tier1:gene_id
ACZ81_RS18400,0.9519907393262153,472.72227681270107,1.6377208088735373e-05,0.0001967226312934,RNA,C4vsC1_rna,ACZ81_18400,tier1:gene_id
ACZ81_RS18405,1.160974172504225,377.7020798987467,3.5174180951713883e-06,5.386214273980004e-05,RNA,C4vsC1_rna,ACZ81_18405,tier1:gene_id
ACZ81_RS18410,0.5338032014054099,79.83935091644179,0.2887082752615072,0.4592773990282184,RNA,C4vsC1_rna,ACZ81_18410,tier1:gene_id
ACZ81_RS18415,0.9877171474274848,53.43534718805931,0.0316391247523127,0.0899618486933229,RNA,C4vsC1_rna,ACZ81_18415,tier1:gene_id
ACZ81_RS18420,0.5012095279538132,32.03577648118695,0.3576043673864075,0.5306605061806372,RNA,C4vsC1_rna,ACZ81_18420,tier1:gene_id
ACZ81_RS18425,1.1717596959208565,122.88140116208692,0.004635995336437,0.020238969847427,RNA,C4vsC1_rna,ACZ81_18425,tier1:gene_id
ACZ81_RS18430,1.9863096518837675,184.8034633381722,3.674900940551247e-06,5.5219859825811246e-05,RNA,C4vsC1_rna,ACZ81_18430,tier1:gene_id
ACZ81_RS18435,1.8652615204645424,636.9768669895113,0.0001539866529637,0.0012951665653888,RNA,C4vsC1_rna,ACZ81_18435,tier1:gene_id
ACZ81_RS18440,-0.0364882657253308,511.3679720474455,0.8167676342120015,0.8902123739360365,RNA,C4vsC1_rna,ACZ81_18440,tier1:gene_id
ACZ81_RS18445,-0.0072090750298982,4993.448074594958,0.988368762119158,0.992054815235614,RNA,C4vsC1_rna,ACZ81_18445,tier1:gene_id
ACZ81_RS18450,0.1299468400084454,3947.8437789806553,0.8369133682865102,0.9062608457666608,RNA,C4vsC1_rna,ACZ81_18450,tier1:gene_id
ACZ81_RS18455,0.8448247723298091,9826.221308122098,0.0540109326369258,0.1338430276339384,RNA,C4vsC1_rna,ACZ81_18455,tier1:gene_id
ACZ81_RS18460,-1.030980093972539,760.4581034977143,0.0563104288142608,0.1379227352886535,RNA,C4vsC1_rna,ACZ81_18460,tier1:gene_id
ACZ81_RS18465,-0.3326848972952291,486.7452814772534,0.3738090584025422,0.5442634524057602,RNA,C4vsC1_rna,ACZ81_18465,tier1:gene_id
ACZ81_RS18470,0.2085495715702491,239.1434335190377,0.3915844903006588,0.5616864408602942,RNA,C4vsC1_rna,ACZ81_18470,tier1:gene_id
ACZ81_RS18475,-0.2148911338447883,1247.9435529204388,0.5274688176456555,0.6775452123916124,RNA,C4vsC1_rna,ACZ81_18475,tier1:gene_id
ACZ81_RS18480,-0.7769552147666291,3023.21594278642,0.0003524185948965,0.002561419207835,RNA,C4vsC1_rna,ACZ81_18480,tier1:gene_id
ACZ81_RS18485,-0.8810891402231444,1333.9140879531094,0.026579572850882,0.0791077494641979,RNA,C4vsC1_rna,ACZ81_18485,tier1:gene_id
ACZ81_RS18490,0.2205413575487247,100.24306553526202,0.5484122979047933,0.6947363874941682,RNA,C4vsC1_rna,ACZ81_18490,tier1:gene_id
ACZ81_RS18495,0.034316396818371,601.1965263024719,0.8991045396062916,0.945507829180418,RNA,C4vsC1_rna,ACZ81_18495,tier1:gene_id
ACZ81_RS18500,0.1876449251466642,450.72648393280593,0.5549231616333302,0.6994507459858375,RNA,C4vsC1_rna,ACZ81_18500,tier1:gene_id
ACZ81_RS18505,0.1896069979630959,553.978227060232,0.6593101864003981,0.7821266906677697,RNA,C4vsC1_rna,ACZ81_18505,tier1:gene_id
ACZ81_RS18510,0.1020808096324952,332.5697009235037,0.85914696721264,0.9214879149919226,RNA,C4vsC1_rna,ACZ81_18510,tier1:gene_id
ACZ81_RS18515,-0.1458255173978021,398.61520862445406,0.6108910772813033,0.746313947031848,RNA,C4vsC1_rna,ACZ81_18515,tier1:gene_id
ACZ81_RS18520,-0.0104787131447009,110.00444047892434,0.9769932796252762,0.9873292286792464,RNA,C4vsC1_rna,ACZ81_18520,tier1:gene_id
ACZ81_RS18525,-0.0337335292166265,549.9687373308175,0.9370823986273956,0.9639931124707584,RNA,C4vsC1_rna,ACZ81_18525,tier1:gene_id
ACZ81_RS18530,0.2239379569153058,337.48212401032924,0.4768969721358934,0.633602419023817,RNA,C4vsC1_rna,ACZ81_18530,tier1:gene_id
ACZ81_RS18535,1.0808873244464243,1329.6017331683292,0.049726763435193,0.1254836940346176,RNA,C4vsC1_rna,ACZ81_18535,tier1:gene_id
ACZ81_RS18540,-0.2475737006741046,494.5679285534762,0.1159722670079304,0.2365433326059058,RNA,C4vsC1_rna,ACZ81_18540,tier1:gene_id
ACZ81_RS18545,-0.4836395489328103,129.41049799812492,0.1534764673851274,0.2902924281940399,RNA,C4vsC1_rna,ACZ81_18545,tier1:gene_id
ACZ81_RS18550,-0.4804614394157578,275.76682038848105,0.0543586822868029,0.1344677937735168,RNA,C4vsC1_rna,ACZ81_18550,tier1:gene_id
ACZ81_RS18555,-0.3450658708462951,331.3732870337506,0.2260363518586201,0.3872151339268933,RNA,C4vsC1_rna,ACZ81_18555,tier1:gene_id
ACZ81_RS18560,-1.7045398554981837,5079.58379811825,4.771852105987839e-06,6.86471205680587e-05,RNA,C4vsC1_rna,,unresolved
ACZ81_RS18565,-0.5207207920963902,803.7866295200159,0.1289329842143589,0.2556990275175522,RNA,C4vsC1_rna,ACZ81_18565,tier1:gene_id
ACZ81_RS18570,-0.8146106416278585,13.35729406407845,0.2518419353886152,0.4171716947890687,RNA,C4vsC1_rna,ACZ81_18570,tier1:gene_id
ACZ81_RS18575,0.2451340613575659,262.5387226823429,0.5965846134376938,0.7339765314664297,RNA,C4vsC1_rna,ACZ81_18575,tier1:gene_id
ACZ81_RS18580,0.1812537507345189,692.2414939094683,0.3042075833539911,0.4765641641609576,RNA,C4vsC1_rna,ACZ81_18580,tier1:gene_id
ACZ81_RS18585,0.5086922923709931,281.68923917723265,0.0917842230468854,0.1987254737528896,RNA,C4vsC1_rna,ACZ81_18585,tier1:gene_id
ACZ81_RS18590,0.8487634173200753,489.8630612546303,0.1557828045716116,0.293427517343336,RNA,C4vsC1_rna,ACZ81_18590,tier1:gene_id
ACZ81_RS18595,0.2307593560767581,652.2424969972442,0.6809325178682271,0.7962750406445818,RNA,C4vsC1_rna,ACZ81_18595,tier1:gene_id
ACZ81_RS18600,-0.1424635966974004,148.78688255817124,0.8595179960883467,0.921535596019895,RNA,C4vsC1_rna,ACZ81_RS18600,locus_tag:gene_id
ACZ81_RS18605,0.0174909590425189,1068.0582543522255,0.9827806929275976,0.9893907858687706,RNA,C4vsC1_rna,ACZ81_18600,tier1:gene_id
ACZ81_RS18610,-0.3371051182304692,1794.7499678253223,0.6763091716035345,0.7933778937056668,RNA,C4vsC1_rna,ACZ81_18605,tier1:gene_id
ACZ81_RS18615,1.416075456889944,732.0488587848633,0.0199915336442135,0.0639601538920134,RNA,C4vsC1_rna,ACZ81_18610,tier1:gene_id
ACZ81_RS18620,0.3782318712343595,158.858704907344,0.1997120873265569,0.3546900816087411,RNA,C4vsC1_rna,ACZ81_18615,tier1:gene_id
ACZ81_RS18625,0.7435497429132513,364.43709303666185,0.0012236747142636,0.0069834750407195,RNA,C4vsC1_rna,ACZ81_18620,tier1:gene_id
ACZ81_RS18630,-1.0636340163561593,143.02632407992263,0.0173292403044542,0.0569409599520641,RNA,C4vsC1_rna,ACZ81_18625,tier1:gene_id
ACZ81_RS18635,0.7570083539450065,587.7066564912064,0.0427770440753937,0.112325459402016,RNA,C4vsC1_rna,ACZ81_18630,tier1:gene_id
ACZ81_RS18640,0.4104466821295695,142.19516263601386,0.5958177261098399,0.7334828834466639,RNA,C4vsC1_rna,ACZ81_18635,tier1:gene_id
ACZ81_RS18645,-0.5583260472853124,333.8881735162228,0.2897242624159885,0.4601637928792343,RNA,C4vsC1_rna,ACZ81_18640,tier1:gene_id
ACZ81_RS18650,-1.842876792383106,851.0540869834817,9.37827029625463e-09,2.872184765539968e-07,RNA,C4vsC1_rna,ACZ81_18645,tier1:gene_id
ACZ81_RS18655,-2.7117892434258377,1394.3826396301815,1.3055358842979133e-12,9.699648088524495e-11,RNA,C4vsC1_rna,ACZ81_18650,tier1:gene_id
ACZ81_RS18660,-1.965783332561844,208.1080754340548,7.481930519076199e-06,0.0001007298833642,RNA,C4vsC1_rna,ACZ81_18655,tier1:gene_id
ACZ81_RS18665,-0.5026468342869902,166.40007115203449,0.1741034854760772,0.3195348507456642,RNA,C4vsC1_rna,ACZ81_18660,tier1:gene_id
ACZ81_RS18670,0.6834230121878833,575.1457457474377,0.0327256430127678,0.0917756470331744,RNA,C4vsC1_rna,ACZ81_18665,tier1:gene_id
ACZ81_RS18675,-0.3267262569087621,99.10435758518275,0.3632673683448262,0.5350325557266677,RNA,C4vsC1_rna,ACZ81_18670,tier1:gene_id
ACZ81_RS18680,0.2174486656364098,622.4243680132857,0.4294485154722811,0.5961755861850491,RNA,C4vsC1_rna,ACZ81_18675,tier1:gene_id
ACZ81_RS18685,-0.2356652356663397,615.4338604054899,0.45476298376315,0.616009253978219,RNA,C4vsC1_rna,ACZ81_18680,tier1:gene_id
ACZ81_RS18690,-0.5230033993093219,1132.4411421638708,0.0181439144309165,0.0587991798843596,RNA,C4vsC1_rna,ACZ81_18685,tier1:gene_id
ACZ81_RS18695,-0.8100933252544879,208.8930522445889,0.01513876657261,0.0509536337997581,RNA,C4vsC1_rna,ACZ81_18690,tier1:gene_id
ACZ81_RS18700,-2.889714492020924,824.0613229845505,4.6171632678365535e-09,1.5783048113840058e-07,RNA,C4vsC1_rna,ACZ81_18695,tier1:gene_id
ACZ81_RS18705,-0.235509937540318,473.48091085681295,0.7358722731326526,0.8338517939053942,RNA,C4vsC1_rna,ACZ81_18700,tier1:gene_id
ACZ81_RS18710,-1.1916538692972147,1754.593505008708,0.0013741436601696,0.0075937525683205,RNA,C4vsC1_rna,ACZ81_18705,tier1:gene_id
ACZ81_RS18715,0.0110613678373805,145.94056350132578,0.9781940132272487,0.9875476550245904,RNA,C4vsC1_rna,ACZ81_18710,tier1:gene_id
ACZ81_RS18720,-2.1932838084911808,101.97023160744892,0.0007780127983428,0.0048924566566639,RNA,C4vsC1_rna,ACZ81_18715,tier1:gene_id
ACZ81_RS18725,-0.636815778382692,182.3420893573848,0.0279787168087333,0.0821746792361918,RNA,C4vsC1_rna,ACZ81_18720,tier1:gene_id
ACZ81_RS18730,0.2704310830981384,54.45920291792153,0.5315036860019752,0.6805356712673017,RNA,C4vsC1_rna,ACZ81_18725,tier1:gene_id
ACZ81_RS18735,-0.6504798684970956,504.06721069878137,0.3401130963118212,0.5129826099259498,RNA,C4vsC1_rna,ACZ81_18730,tier1:gene_id
ACZ81_RS18740,0.9774828782650375,2413.3403415076737,0.0860008591119851,0.1883381259592163,RNA,C4vsC1_rna,ACZ81_18735,tier1:gene_id
ACZ81_RS18745,-1.7907033781599262,563.0154791811763,1.9429467634952872e-06,3.2538166037175815e-05,RNA,C4vsC1_rna,ACZ81_18740,tier1:gene_id
ACZ81_RS18750,0.7479001095423038,395.8480470018303,0.000912904810126,0.0055577755663515,RNA,C4vsC1_rna,ACZ81_18745,tier1:gene_id
ACZ81_RS18755,-2.1377261163574257,1756.4589079277243,1.0423760758933554e-05,0.0001340388723232,RNA,C4vsC1_rna,ACZ81_18750,tier1:gene_id
ACZ81_RS18760,-1.7134319608517954,2095.752804620045,0.0016489445550281,0.0088090087280597,RNA,C4vsC1_rna,ACZ81_18755,tier1:gene_id
ACZ81_RS18765,0.9047136552567168,246.66304034358225,0.0818445038060166,0.1814541283391186,RNA,C4vsC1_rna,ACZ81_18760,tier1:gene_id
ACZ81_RS18770,1.6683492124295425,428.0558985114807,0.0048266548332197,0.0209120293637986,RNA,C4vsC1_rna,ACZ81_18765,tier1:gene_id
ACZ81_RS18775,-1.005015082872827,480.59718072441945,0.0065928913701732,0.0267719434991246,RNA,C4vsC1_rna,ACZ81_18770,tier1:gene_id
ACZ81_RS18780,0.6093750889132541,1049.8195287581598,0.028114760361563,0.0825138394810467,RNA,C4vsC1_rna,ACZ81_18775,tier1:gene_id
ACZ81_RS18785,0.6164566316226369,2559.444446813449,0.0145790567858269,0.0496951366395391,RNA,C4vsC1_rna,ACZ81_18780,tier1:gene_id
ACZ81_RS18790,-0.4294126178308486,208.53467106284089,0.1010522781491311,0.2130434786832969,RNA,C4vsC1_rna,ACZ81_18785,tier1:gene_id
ACZ81_RS18795,0.3748587605071257,61.63532919642193,0.3530735172228962,0.5254447448222139,RNA,C4vsC1_rna,ACZ81_18790,tier1:gene_id
ACZ81_RS18800,0.0984624150675496,63.2408396537866,0.8581944269366742,0.9210430650198927,RNA,C4vsC1_rna,ACZ81_18795,tier1:gene_id
ACZ81_RS18805,1.9320885500392653,226.5516586161577,5.403887608079352e-12,3.3354457051714397e-10,RNA,C4vsC1_rna,ACZ81_18800,tier1:gene_id
ACZ81_RS18815,0.5233909305442328,214.76964553589383,0.2618730651566029,0.4288305050646085,RNA,C4vsC1_rna,ACZ81_18810,tier1:gene_id
ACZ81_RS18820,0.1821280080788192,979.1763726302952,0.6961894798223838,0.807491238232843,RNA,C4vsC1_rna,ACZ81_18815,tier1:gene_id
ACZ81_RS18825,-0.8553559455749994,380.3070754418217,0.0005816541918516,0.0038893276961813,RNA,C4vsC1_rna,ACZ81_18820,tier1:gene_id
ACZ81_RS18830,0.4442292717079927,375.179645001096,0.0934131130984016,0.2007356238622321,RNA,C4vsC1_rna,ACZ81_18825,tier1:gene_id
ACZ81_RS18835,-0.2493086127389567,573.4784657191992,0.3487027581713841,0.5223103302103338,RNA,C4vsC1_rna,ACZ81_18830,tier1:gene_id
ACZ81_RS18840,0.5131682040751087,304.6804844241068,0.393833400990806,0.5639042129818393,RNA,C4vsC1_rna,ACZ81_18835,tier1:gene_id
ACZ81_RS18845,0.3995228511641133,349.84756997799155,0.3992162539512632,0.568651677621958,RNA,C4vsC1_rna,ACZ81_18840,tier1:gene_id
ACZ81_RS18850,0.8804204796287995,317.5102908529615,0.1024944610648937,0.2157438498385905,RNA,C4vsC1_rna,ACZ81_18845,tier1:gene_id
ACZ81_RS18855,-1.202264304588046,624.7536128184574,7.506409047308756e-07,1.4340815760858442e-05,RNA,C4vsC1_rna,ACZ81_18850,tier1:gene_id
ACZ81_RS18860,0.3779157072063216,1809.7975862955864,0.044648609412303,0.1161674584709207,RNA,C4vsC1_rna,ACZ81_18855,tier1:gene_id
ACZ81_RS18865,-0.2107315215925758,2090.609592835508,0.5062240210649613,0.6598345589709633,RNA,C4vsC1_rna,ACZ81_18860,tier1:gene_id
ACZ81_RS18870,0.2011673725192294,228.8530552874642,0.4761544765135792,0.6331891812305203,RNA,C4vsC1_rna,ACZ81_18865,tier1:gene_id
ACZ81_RS18875,0.2738773472141328,90.48729072982589,0.3259960305384046,0.4987520021133702,RNA,C4vsC1_rna,ACZ81_18870,tier1:gene_id
ACZ81_RS18880,-0.0287360028876419,250.9245380202623,0.9058454234281168,0.9457101255177116,RNA,C4vsC1_rna,ACZ81_18875,tier1:gene_id
ACZ81_RS18885,0.2938469217396666,470.9386530058895,0.4287794711303271,0.5957551663647972,RNA,C4vsC1_rna,ACZ81_18880,tier1:gene_id
ACZ81_RS18890,-0.4662999840988622,1505.5057237730102,0.1318106796765367,0.2599876927034168,RNA,C4vsC1_rna,ACZ81_18885,tier1:gene_id
ACZ81_RS18895,0.0543839496363002,62.18396154683104,0.8859884422597903,0.9353423438930482,RNA,C4vsC1_rna,ACZ81_18890,tier1:gene_id
ACZ81_RS18900,0.5646500950336553,441.5085134621697,0.2349466133860814,0.3973780427380259,RNA,C4vsC1_rna,ACZ81_18895,tier1:gene_id
ACZ81_RS18905,0.1157211651692198,114.65112596981233,0.8798891777181242,0.9331487679628112,RNA,C4vsC1_rna,ACZ81_18900,tier1:gene_id
ACZ81_RS18910,0.5302692329039672,551.2575267018761,0.4183065038116872,0.5859796415127407,RNA,C4vsC1_rna,ACZ81_18905,tier1:gene_id
ACZ81_RS18915,-0.2202960913447979,856.768589651298,0.6883335420753327,0.8013072107815948,RNA,C4vsC1_rna,ACZ81_18910,tier1:gene_id
ACZ81_RS18920,-0.117841126735838,232.11928363532743,0.7834673208535379,0.865676367740125,RNA,C4vsC1_rna,ACZ81_18915,tier1:gene_id
ACZ81_RS18925,-0.4595475742870569,93.11833483396954,0.2431101225857461,0.4069077229094757,RNA,C4vsC1_rna,ACZ81_18920,tier1:gene_id
ACZ81_RS18930,0.183587711062954,55.41260923222651,0.7201557079951378,0.8229661070129397,RNA,C4vsC1_rna,ACZ81_18925,tier1:gene_id
ACZ81_RS18935,1.2727745090828622,38.518950558391744,0.0478930608503265,0.1227470660470017,RNA,C4vsC1_rna,ACZ81_18930,tier1:gene_id
ACZ81_RS18940,-0.0544465119696738,71.47644950290834,0.9437402322339884,0.9676171254083212,RNA,C4vsC1_rna,ACZ81_18935,tier1:gene_id
ACZ81_RS18945,1.369944943066108,94.89831599285192,0.0613568819018936,0.1466133473438935,RNA,C4vsC1_rna,ACZ81_18940,tier1:gene_id
ACZ81_RS18950,-0.3077853130989162,94.07373858722758,0.6160124570222173,0.7493759786455839,RNA,C4vsC1_rna,ACZ81_18945,tier1:gene_id
ACZ81_RS18955,-0.2406758342845499,14.44124712022124,0.8012748704165894,0.8790579108863431,RNA,C4vsC1_rna,ACZ81_18950,tier1:gene_id
ACZ81_RS18960,0.3009762338941039,197.47667872540865,0.2285732662298115,0.3898962347423487,RNA,C4vsC1_rna,ACZ81_18955,tier1:gene_id
ACZ81_RS18965,-1.0454830847778047,627.815176903183,0.0428079829076975,0.112325459402016,RNA,C4vsC1_rna,ACZ81_18960,tier1:gene_id
ACZ81_RS18970,-1.0348998806726344,707.9893857907977,0.000830155753475,0.0051636974929334,RNA,C4vsC1_rna,ACZ81_18965,tier1:gene_id
ACZ81_RS18975,-0.1787269078918639,209.4738993536585,0.5797321891096594,0.7205345547422409,RNA,C4vsC1_rna,ACZ81_18970,tier1:gene_id
ACZ81_RS18980,0.1659136721862571,305.3515704283495,0.620603364605415,0.7533617848099622,RNA,C4vsC1_rna,ACZ81_18975,tier1:gene_id
ACZ81_RS18985,0.2289761820343514,37.5417900879432,0.6652873926290175,0.7866913347034608,RNA,C4vsC1_rna,ACZ81_18980,tier1:gene_id
ACZ81_RS18990,0.0869265696767207,33.46699826403475,0.885528753665482,0.9353423438930482,RNA,C4vsC1_rna,ACZ81_18985,tier1:gene_id
ACZ81_RS18995,2.8478276223151653,7.658604909561975,0.0379914683404504,0.1027100882627271,RNA,C4vsC1_rna,ACZ81_18990,tier1:gene_id
ACZ81_RS19000,0.1975168669886763,9.82826183302658,0.8087087986672528,0.8840707630117215,RNA,C4vsC1_rna,ACZ81_18995,tier1:gene_id
ACZ81_RS19005,-0.0061147632398945,44.896522286335575,0.9922212794918291,0.9939554989566092,RNA,C4vsC1_rna,ACZ81_19000,tier1:gene_id
ACZ81_RS19010,1.3718656367527022,7.493373481244564,0.2002524207544388,0.3554923504720391,RNA,C4vsC1_rna,ACZ81_19005,tier1:gene_id
ACZ81_RS19015,1.407687328549266,63.35769910773922,0.0072673539999936,0.0287509965125733,RNA,C4vsC1_rna,ACZ81_19010,tier1:gene_id
ACZ81_RS19020,-2.2086616737984985,77.91211596015177,0.000120390499199,0.0010454690103605,RNA,C4vsC1_rna,ACZ81_19015,tier1:gene_id
ACZ81_RS19025,-0.8062225678137241,98.83312169232322,0.028300494838013,0.0828556246628534,RNA,C4vsC1_rna,ACZ81_19020,tier1:gene_id
ACZ81_RS19030,-0.7466949582741303,51.67166213293645,0.1803247469011658,0.3279523502119117,RNA,C4vsC1_rna,ACZ81_19025,tier1:gene_id
ACZ81_RS19035,-0.6585904990294749,96.45485207893049,0.0469942792307803,0.1207822218282452,RNA,C4vsC1_rna,ACZ81_19030,tier1:gene_id
ACZ81_RS19045,2.9080286553487733,32.60440273951502,4.109080838024857e-05,0.0004315610555538,RNA,C4vsC1_rna,ACZ81_19040,tier1:gene_id
ACZ81_RS19050,0.5988072946283864,413.7918066042878,0.0138399789456517,0.0475108742906807,RNA,C4vsC1_rna,ACZ81_19045,tier1:gene_id
ACZ81_RS19055,0.0435315099284042,213.0789043783452,0.9006248527951887,0.945507829180418,RNA,C4vsC1_rna,ACZ81_19050,tier1:gene_id
ACZ81_RS19060,0.9991781088509016,377.7690456645904,0.0203540917889508,0.0649646907376857,RNA,C4vsC1_rna,ACZ81_19055,tier1:gene_id
ACZ81_RS19065,-0.5077091729621231,62.49551971060257,0.2101744294157676,0.3683791222438007,RNA,C4vsC1_rna,ACZ81_19060,tier1:gene_id
ACZ81_RS19070,-1.3110268239753442,87.78042771523982,0.000147919677667,0.0012486056218165,RNA,C4vsC1_rna,ACZ81_19065,tier1:gene_id
ACZ81_RS19075,0.1783885104699038,232.59404705585987,0.4970291565532106,0.6514475583441625,RNA,C4vsC1_rna,ACZ81_19070,tier1:gene_id
ACZ81_RS19080,-0.2930490741454248,2802.370372153486,0.443165990706109,0.6077700935160733,RNA,C4vsC1_rna,ACZ81_19075,tier1:gene_id
ACZ81_RS19085,0.450967119681145,329.2582736880302,0.328242987751313,0.500956222585884,RNA,C4vsC1_rna,ACZ81_19080,tier1:gene_id
ACZ81_RS19090,-0.7230824641898124,888.0317649500589,0.1731894716760338,0.3184400368305443,RNA,C4vsC1_rna,ACZ81_19085,tier1:gene_id
ACZ81_RS19095,-2.4395788410341304,670.0947975190045,4.666392613201614e-10,1.970691280438408e-08,RNA,C4vsC1_rna,ACZ81_19090,tier1:gene_id
ACZ81_RS19100,-1.1614128771726309,954.8143592937674,6.547538830146907e-08,1.6215262831203329e-06,RNA,C4vsC1_rna,ACZ81_19095,tier1:gene_id
ACZ81_RS19105,-0.150713812594195,91.92172763458856,0.6499244328888931,0.7751179621730794,RNA,C4vsC1_rna,ACZ81_19100,tier1:gene_id
ACZ81_RS19110,0.467919243896821,411.51934767152136,0.0825044764538918,0.1825747156828538,RNA,C4vsC1_rna,ACZ81_19105,tier1:gene_id
ACZ81_RS19115,0.6422108485639924,762.7328074547501,0.0287573564567978,0.0838477573435123,RNA,C4vsC1_rna,ACZ81_19110,tier1:gene_id
ACZ81_RS19120,0.3176892628647356,1297.778084721985,0.3086404634318368,0.4810666430802367,RNA,C4vsC1_rna,ACZ81_19115,tier1:gene_id
ACZ81_RS19125,0.4432346438423408,236.1771551202883,0.1770122354184659,0.3233939382963959,RNA,C4vsC1_rna,ACZ81_19120,tier1:gene_id
ACZ81_RS19140,-0.5456867507267332,68.03022043447568,0.4182736296870697,0.5859796415127407,RNA,C4vsC1_rna,ACZ81_19135,tier1:gene_id
ACZ81_RS19145,-0.8117795702332877,301.8449270398522,0.075383607643876,0.1703881880942144,RNA,C4vsC1_rna,ACZ81_19140,tier1:gene_id
ACZ81_RS19150,-1.3405196315277943,632.535560770951,5.4852727873063815e-08,1.384082668092654e-06,RNA,C4vsC1_rna,ACZ81_19145,tier1:gene_id
ACZ81_RS19155,-1.166125593166655,155.32801338034892,0.0318147457869174,0.0900146404069906,RNA,C4vsC1_rna,ACZ81_19150,tier1:gene_id
ACZ81_RS19160,-2.8082767612772828,171.23702232201708,,,RNA,C4vsC1_rna,ACZ81_19155,tier1:gene_id
ACZ81_RS19165,-2.8127363298561607,1474.8070700109715,4.469070473866871e-09,1.5456819604443006e-07,RNA,C4vsC1_rna,ACZ81_19160,tier1:gene_id
ACZ81_RS19170,-2.606878015879903,5921.8653678358405,5.65906569750629e-09,1.816333726271619e-07,RNA,C4vsC1_rna,ACZ81_19165,tier1:gene_id
ACZ81_RS19175,-0.2376380646677592,454.6593750586696,0.3622397503854753,0.5345986421025376,RNA,C4vsC1_rna,ACZ81_19170,tier1:gene_id
ACZ81_RS19180,-0.6393551961688222,713.8111214870064,0.2274419505149969,0.3884619435786154,RNA,C4vsC1_rna,ACZ81_19175,tier1:gene_id
ACZ81_RS19185,1.1508754689527674,648.8531161805053,2.083768216215667e-07,4.6704346834956734e-06,RNA,C4vsC1_rna,ACZ81_19180,tier1:gene_id
ACZ81_RS19190,1.517968889687603,9140.751747338769,0.0013292222759828,0.0074170233257901,RNA,C4vsC1_rna,ACZ81_19185,tier1:gene_id
ACZ81_RS19195,-0.7992236463310904,3067.3689995088744,0.0644146971300806,0.1519293150416717,RNA,C4vsC1_rna,ACZ81_19190,tier1:gene_id
ACZ81_RS19200,-0.5133278697136762,1634.5379724108775,0.3512454790472716,0.5244724252145869,RNA,C4vsC1_rna,ACZ81_19195,tier1:gene_id
ACZ81_RS19205,-0.1801149084795849,625.0251196521297,0.6281886494307775,0.7579180570728651,RNA,C4vsC1_rna,ACZ81_19200,tier1:gene_id
ACZ81_RS19210,0.4804688843429527,582.0884274153353,0.0616989455871645,0.147313582986134,RNA,C4vsC1_rna,ACZ81_19205,tier1:gene_id
ACZ81_RS19215,-0.7736566190133098,753.6845317230072,0.0560836755031548,0.1374594146814182,RNA,C4vsC1_rna,ACZ81_19210,tier1:gene_id
ACZ81_RS19220,1.1588463987820237,540.6751552539532,2.92607812687428e-07,6.21133621429609e-06,RNA,C4vsC1_rna,ACZ81_19215,tier1:gene_id
ACZ81_RS19225,1.1406091178953353,81.6123164477287,0.0004955335819283,0.0033984285994812,RNA,C4vsC1_rna,ACZ81_19220,tier1:gene_id
ACZ81_RS19230,1.567092277513074,1075.206605503278,2.591221905670906e-09,9.28212704067114e-08,RNA,C4vsC1_rna,ACZ81_19225,tier1:gene_id
ACZ81_RS19235,0.7962845258695875,250.6088626673476,0.0460196826358371,0.1189632517622285,RNA,C4vsC1_rna,ACZ81_19230,tier1:gene_id
ACZ81_RS19240,1.5328711465383866,1256.7891277063757,8.213932606144379e-09,2.534945970450096e-07,RNA,C4vsC1_rna,ACZ81_19235,tier1:gene_id
ACZ81_RS19245,1.357781775813893,120.97274309201453,0.0039412771981024,0.0177667462008844,RNA,C4vsC1_rna,ACZ81_19240,tier1:gene_id
ACZ81_RS19250,-0.3543509802779322,135.88042840572518,0.2560067987327682,0.4224909684218194,RNA,C4vsC1_rna,ACZ81_19245,tier1:gene_id
ACZ81_RS19255,1.0780642766197497,384.3806859828566,0.0021369178414009,0.0109773551596679,RNA,C4vsC1_rna,ACZ81_19250,tier1:gene_id
ACZ81_RS19265,0.5460370369135202,8139.005311544381,0.315272962090005,0.4876156992695066,RNA,C4vsC1_rna,ACZ81_19260,tier1:gene_id
ACZ81_RS19270,0.0295871515139885,682.9740508017936,0.8819790947445114,0.9331487679628112,RNA,C4vsC1_rna,ACZ81_19265,tier1:gene_id
ACZ81_RS19275,0.9796391472292254,259.9576458968661,0.00290393194974,0.013956427623651,RNA,C4vsC1_rna,ACZ81_19270,tier1:gene_id
ACZ81_RS19280,0.1839166576571743,391.8012310820504,0.5092541146073835,0.6620633531447901,RNA,C4vsC1_rna,ACZ81_19275,tier1:gene_id
ACZ81_RS19285,0.4516116753045754,595.8819628366517,0.233119678753767,0.3958003178840937,RNA,C4vsC1_rna,ACZ81_19280,tier1:gene_id
ACZ81_RS19290,0.3809927736151043,439.89523317674224,0.2156741737232147,0.3742581249902844,RNA,C4vsC1_rna,ACZ81_19285,tier1:gene_id
ACZ81_RS19295,0.3656198268221705,145.55893827567334,0.4931307479518468,0.6473954714603435,RNA,C4vsC1_rna,ACZ81_19290,tier1:gene_id
ACZ81_RS19300,-1.141640656397261,619.3124300314597,2.2983323616004464e-05,0.0002575673026463,RNA,C4vsC1_rna,ACZ81_19295,tier1:gene_id
ACZ81_RS19305,-1.027938372870708,392.5562863712693,0.0011766685812757,0.0067925098533502,RNA,C4vsC1_rna,ACZ81_19300,tier1:gene_id
ACZ81_RS19310,-0.1980255691394342,106.82444820432096,0.5013032282244176,0.6544837460580422,RNA,C4vsC1_rna,ACZ81_19305,tier1:gene_id
ACZ81_RS19315,-0.825415515613028,124.93655372879827,0.0138902997093751,0.0476306687470197,RNA,C4vsC1_rna,ACZ81_19310,tier1:gene_id
ACZ81_RS19320,-0.0547569786248018,145.248565913332,0.8646079256396402,0.9249068366486718,RNA,C4vsC1_rna,ACZ81_19315,tier1:gene_id
ACZ81_RS19325,0.8530531063186955,334.9418182051066,0.0041968949577546,0.0186466695133017,RNA,C4vsC1_rna,ACZ81_19320,tier1:gene_id
ACZ81_RS19330,0.9156128980514532,119.62186515659285,0.0339588000646127,0.0944162895767334,RNA,C4vsC1_rna,ACZ81_19325,tier1:gene_id
ACZ81_RS19335,0.2328531136794348,222.60422885149748,0.4914336192399384,0.6455899411888123,RNA,C4vsC1_rna,ACZ81_19330,tier1:gene_id
ACZ81_RS19340,0.3537396014680386,496.5839462615208,0.1405830159541109,0.2730005130725523,RNA,C4vsC1_rna,ACZ81_19335,tier1:gene_id
ACZ81_RS19345,-2.460009487165621,4098.653061720579,1.0901491538905747e-06,1.970125407841885e-05,RNA,C4vsC1_rna,ACZ81_19340,tier1:gene_id
ACZ81_RS19350,-1.2991649026516334,578.940174877966,0.0300726931072462,0.0864886342267182,RNA,C4vsC1_rna,ACZ81_19345,tier1:gene_id
ACZ81_RS19355,0.0532525020400533,138.69134415544897,0.8484431940407813,0.9143040812494264,RNA,C4vsC1_rna,ACZ81_19350,tier1:gene_id
ACZ81_RS19360,-0.2134160764293012,296.56907820108074,0.3092065676343431,0.4815748250578356,RNA,C4vsC1_rna,ACZ81_19355,tier1:gene_id
ACZ81_RS19365,-0.0742003350099272,644.3561043701558,0.7403466941863946,0.8371676823776255,RNA,C4vsC1_rna,ACZ81_19360,tier1:gene_id
ACZ81_RS19370,-0.0850803942078711,901.3964239831356,0.5673149010083522,0.709939919789616,RNA,C4vsC1_rna,ACZ81_19365,tier1:gene_id
ACZ81_RS19375,-0.0336615057137977,3476.964594175597,0.9042478647657772,0.945507829180418,RNA,C4vsC1_rna,ACZ81_19370,tier1:gene_id
ACZ81_RS19380,0.044244535232178,187.00313384914256,0.901795876855446,0.945507829180418,RNA,C4vsC1_rna,ACZ81_19375,tier1:gene_id
ACZ81_RS19385,-2.349753380397112,187.1148757754505,0.0024967725718399,0.0124900892247155,RNA,C4vsC1_rna,ACZ81_19380,tier1:gene_id
ACZ81_RS19390,-2.23671090645957,221.33625549922104,0.0468647270368588,0.1206037747734942,RNA,C4vsC1_rna,ACZ81_19385,tier1:gene_id
ACZ81_RS19395,0.0370853470698316,26.876259884577987,0.9470577809823112,0.9695319768566044,RNA,C4vsC1_rna,ACZ81_19390,tier1:gene_id
ACZ81_RS19400,0.665500854314686,217.08726780093784,0.0160717337084321,0.053421537397042,RNA,C4vsC1_rna,ACZ81_19395,tier1:gene_id
ACZ81_RS19405,0.6131074332748833,168.96776177324458,0.085989777082355,0.1883381259592163,RNA,C4vsC1_rna,ACZ81_19400,tier1:gene_id
ACZ81_RS19410,1.022754906477013,719.194659547269,5.674323153652935e-05,0.0005566108677861,RNA,C4vsC1_rna,ACZ81_19405,tier1:gene_id
ACZ81_RS19415,0.1317602121468989,143.58009063358324,0.7213783374344852,0.8230201484214643,RNA,C4vsC1_rna,ACZ81_19410,tier1:gene_id
ACZ81_RS19420,-1.0999448627179051,106.93791514262624,0.0060812533191721,0.0250750136860419,RNA,C4vsC1_rna,ACZ81_19415,tier1:gene_id
ACZ81_RS19425,1.2250903459820557,118.54704678732548,0.0017913020717791,0.0094308946947241,RNA,C4vsC1_rna,ACZ81_19420,tier1:gene_id
ACZ81_RS19430,0.3356589562025471,500.4488046163232,0.1282332985124915,0.2545630844295478,RNA,C4vsC1_rna,ACZ81_19425,tier1:gene_id
ACZ81_RS19435,0.4578933512390297,1534.248789805297,0.0151339448195763,0.0509536337997581,RNA,C4vsC1_rna,ACZ81_19430,tier1:gene_id
ACZ81_RS19440,-1.787289991010959,18302.84675639675,0.0225359066472437,0.0702517929050053,RNA,C4vsC1_rna,ACZ81_19435,tier1:gene_id
ACZ81_RS19445,-0.111253037105113,697.945257988729,0.8142480154014804,0.8882601374935079,RNA,C4vsC1_rna,ACZ81_19440,tier1:gene_id
ACZ81_RS19450,0.1857113593478145,876.4464522275264,0.706865846266746,0.8145430507912965,RNA,C4vsC1_rna,ACZ81_19445,tier1:gene_id
ACZ81_RS19455,0.3936103463124031,3289.4615104285845,0.6057461239315554,0.7411781087141089,RNA,C4vsC1_rna,ACZ81_19450,tier1:gene_id
ACZ81_RS19460,-0.4161348826900109,4324.933649292091,0.086997915526312,0.1901065561500893,RNA,C4vsC1_rna,ACZ81_19455,tier1:gene_id
ACZ81_RS19465,-0.1386841601957286,6606.975730625329,0.6250643394365596,0.7560319957248951,RNA,C4vsC1_rna,ACZ81_19460,tier1:gene_id
ACZ81_RS19470,-0.7384384316900814,620.9906543902202,0.0380242747125099,0.1027295556542692,RNA,C4vsC1_rna,ACZ81_19465,tier1:gene_id
ACZ81_RS19475,0.8029147384069901,21.388124247981228,0.2166508692058137,0.3754657828309826,RNA,C4vsC1_rna,ACZ81_19470,tier1:gene_id
ACZ81_RS19480,0.2159548348870387,404.8907004020906,0.5001675024932288,0.6534262520360905,RNA,C4vsC1_rna,ACZ81_19475,tier1:gene_id
ACZ81_RS19485,-0.5046850181252914,7316.649616287133,0.2737868126886957,0.442381269636346,RNA,C4vsC1_rna,ACZ81_19480,tier1:gene_id
ACZ81_RS19495,-0.1897681862616226,288.15473293085694,0.490314745758614,0.6447534447668173,RNA,C4vsC1_rna,ACZ81_19490,tier1:gene_id
ACZ81_RS19500,0.8916533825665967,381.01397618620985,0.006893304662204,0.0277630812783573,RNA,C4vsC1_rna,ACZ81_19495,tier1:gene_id
ACZ81_RS19505,0.6115738977477828,141.75397525429935,0.0849663669859103,0.1869912585559364,RNA,C4vsC1_rna,ACZ81_19500,tier1:gene_id
ACZ81_RS19510,-0.1407383398104724,212.8265358113016,0.6449906048574247,0.7722179369406111,RNA,C4vsC1_rna,ACZ81_19505,tier1:gene_id
ACZ81_RS19515,-0.8233039293908603,573.1999215642844,0.0109805222161355,0.0397957137589302,RNA,C4vsC1_rna,ACZ81_19510,tier1:gene_id
ACZ81_RS19520,-1.5577168162158914,7499.040392019558,1.8581443169630078e-09,7.139720254452522e-08,RNA,C4vsC1_rna,ACZ81_19515,tier1:gene_id
ACZ81_RS19525,-1.0155947837423205,3986.76576385792,0.0040838483174808,0.0182251384312939,RNA,C4vsC1_rna,ACZ81_19520,tier1:gene_id
ACZ81_RS19530,0.0315464165868188,491.01652283679584,0.9376921767605174,0.964050659196108,RNA,C4vsC1_rna,ACZ81_19525,tier1:gene_id
ACZ81_RS19535,-0.0953988664209518,453.5997797436351,0.8325544224096444,0.9027590115425658,RNA,C4vsC1_rna,ACZ81_19530,tier1:gene_id
ACZ81_RS19540,0.2094253027825675,161.12523090640585,0.636519939051214,0.763671649364076,RNA,C4vsC1_rna,ACZ81_19535,tier1:gene_id
ACZ81_RS19545,0.5808544992113404,341.5718754601511,0.132799276028692,0.2611719095230942,RNA,C4vsC1_rna,ACZ81_19540,tier1:gene_id
ACZ81_RS19550,0.0990886318541124,88.74792849083154,0.7817938745673854,0.8649090109856384,RNA,C4vsC1_rna,ACZ81_19545,tier1:gene_id
ACZ81_RS19555,-0.2673124813117902,1476.449986484285,0.4656814102036509,0.6239063368274123,RNA,C4vsC1_rna,ACZ81_19550,tier1:gene_id
ACZ81_RS19560,-0.0971648650077506,969.8446673273334,0.745424339910985,0.8401129595801781,RNA,C4vsC1_rna,ACZ81_19555,tier1:gene_id
ACZ81_RS19565,-0.3210106119460812,3527.033253592077,0.377174733903024,0.5478729299127199,RNA,C4vsC1_rna,ACZ81_19560,tier1:gene_id
ACZ81_RS19570,-0.3027520253694366,3403.1274403830434,0.3640720933378216,0.5359881206472377,RNA,C4vsC1_rna,ACZ81_19565,tier1:gene_id
ACZ81_RS19575,-1.3262225509461156,2297.4236414427114,1.4892850328865367e-05,0.0001805139441673,RNA,C4vsC1_rna,ACZ81_19570,tier1:gene_id
ACZ81_RS19580,0.1002160597041579,1313.3386870866543,0.706938908986863,0.8145430507912965,RNA,C4vsC1_rna,ACZ81_19575,tier1:gene_id
ACZ81_RS19585,-0.9378986900804576,1229.1163036355372,0.0001866830588272,0.0015039607068575,RNA,C4vsC1_rna,ACZ81_19580,tier1:gene_id
ACZ81_RS19590,0.0740465683487028,2324.140245958645,0.7378279376120529,0.8345547464616736,RNA,C4vsC1_rna,ACZ81_19585,tier1:gene_id
ACZ81_RS19595,0.1049982775226314,773.3303236601,0.6846172513872129,0.7989192590359214,RNA,C4vsC1_rna,ACZ81_19590,tier1:gene_id
ACZ81_RS19600,-0.3012965484123574,1323.2096690090616,0.2806162400988115,0.4506934969080992,RNA,C4vsC1_rna,ACZ81_19595,tier1:gene_id
ACZ81_RS19605,0.0953643625138155,346.37748705695515,0.7932790476111556,0.8734788993751469,RNA,C4vsC1_rna,ACZ81_19600,tier1:gene_id
ACZ81_RS19610,-0.4069761610699147,32.76045699031076,0.4450648161559208,0.6089116078227599,RNA,C4vsC1_rna,ACZ81_19605,tier1:gene_id
ACZ81_RS19615,-0.0924069014665988,169.66708483689905,0.7794537068191607,0.8638586386073128,RNA,C4vsC1_rna,ACZ81_19610,tier1:gene_id
ACZ81_RS19620,2.796762554262506,478.15017093598806,5.224351033710778e-05,0.0005266355866142,RNA,C4vsC1_rna,ACZ81_19615,tier1:gene_id
ACZ81_RS19625,-0.0024078837149243,569.2091602791512,0.9936412246174028,0.99512945411009,RNA,C4vsC1_rna,ACZ81_19620,tier1:gene_id
ACZ81_RS19630,0.1824332828964275,1320.9902787089045,0.4931010932121074,0.6473954714603435,RNA,C4vsC1_rna,ACZ81_19625,tier1:gene_id
ACZ81_RS19635,-0.4406744093877974,788.9630714669514,0.11982889956667,0.2421580718042515,RNA,C4vsC1_rna,ACZ81_19630,tier1:gene_id
ACZ81_RS19640,-0.8965302565277027,529.5418595827005,0.0013081886699374,0.007340493627677,RNA,C4vsC1_rna,ACZ81_19635,tier1:gene_id
ACZ81_RS19645,-1.510402628853265,116.81102486343048,0.0011998307885586,0.0069001246888788,RNA,C4vsC1_rna,ACZ81_19640,tier1:gene_id
ACZ81_RS19650,-2.005840238193968,264.3843058940876,0.0007107564226862,0.0045530107600844,RNA,C4vsC1_rna,ACZ81_19645,tier1:gene_id
ACZ81_RS19655,0.057831634106819,953.1052364193478,0.8875893853848045,0.9356302191707396,RNA,C4vsC1_rna,ACZ81_19650,tier1:gene_id
ACZ81_RS19660,1.316440115758695,54.51849468343746,0.0088455355277351,0.0335745397703628,RNA,C4vsC1_rna,ACZ81_19655,tier1:gene_id
ACZ81_RS19665,0.2136986439628139,361.51167258771466,0.4599297641785476,0.6202481391207841,RNA,C4vsC1_rna,ACZ81_19660,tier1:gene_id
ACZ81_RS19670,0.8050382288743921,215.64240372092223,0.0122124191403618,0.0430546797813108,RNA,C4vsC1_rna,ACZ81_19665,tier1:gene_id
ACZ81_RS19675,0.4194328014425844,231.7456694485379,0.2259170270850594,0.3871760412922932,RNA,C4vsC1_rna,ACZ81_19670,tier1:gene_id
ACZ81_RS19680,0.0819453428073078,1847.8859341753464,0.7731910608016712,0.8597678869003063,RNA,C4vsC1_rna,ACZ81_19675,tier1:gene_id
ACZ81_RS19685,0.363729685911552,241.36904133540548,0.2442172451478975,0.4080797948910307,RNA,C4vsC1_rna,ACZ81_19680,tier1:gene_id
ACZ81_RS19695,3.522647373499656,355.70601773212053,2.1337116355387883e-10,9.839598944576572e-09,RNA,C4vsC1_rna,ACZ81_19690,tier1:gene_id
ACZ81_RS19700,-1.1382366499753922,831.5596394292257,0.0006442775050377,0.0042098393325918,RNA,C4vsC1_rna,ACZ81_19695,tier1:gene_id
ACZ81_RS19705,-0.9617157199467472,711.5515489687207,0.0078893374280012,0.0305226825083328,RNA,C4vsC1_rna,ACZ81_19700,tier1:gene_id
ACZ81_RS19710,-0.1394818207578058,564.4478645766108,0.7514094452841662,0.8443589797257404,RNA,C4vsC1_rna,ACZ81_19705,tier1:gene_id
ACZ81_RS19715,-1.233987570061978,8370.814336899399,0.0007947517331466,0.0049898966406642,RNA,C4vsC1_rna,ACZ81_19710,tier1:gene_id
ACZ81_RS19720,-0.490401433247078,1832.03985900144,0.0617997962209314,0.1473186492078724,RNA,C4vsC1_rna,ACZ81_19715,tier1:gene_id
ACZ81_RS19725,0.5451190219402305,568.7481266636562,0.0834414891895698,0.1843432018879704,RNA,C4vsC1_rna,ACZ81_19720,tier1:gene_id
ACZ81_RS19730,-0.5631631865097595,128.57751343134746,0.2193217070551951,0.3787899680567075,RNA,C4vsC1_rna,ACZ81_19725,tier1:gene_id
ACZ81_RS19735,-1.333163065420211,37.43730080775518,0.0407519202139585,0.1085635484053131,RNA,C4vsC1_rna,ACZ81_19730,tier1:gene_id
ACZ81_RS19740,-1.3227133985873327,8.62744527619169,0.2481449450533011,0.4130944064538773,RNA,C4vsC1_rna,ACZ81_19735,tier1:gene_id
ACZ81_RS19745,0.607484904612785,134.50432218075912,0.1450942988896912,0.2785255153805939,RNA,C4vsC1_rna,ACZ81_19740,tier1:gene_id
ACZ81_RS19750,0.1108505384642666,773.7142055474812,0.7015638193409764,0.8113743243662901,RNA,C4vsC1_rna,ACZ81_19745,tier1:gene_id
ACZ81_RS19755,0.4365626317967574,1012.8417618248322,0.2343660658606342,0.3970762906388786,RNA,C4vsC1_rna,ACZ81_19750,tier1:gene_id
ACZ81_RS19760,-0.4168535741690642,2010.2414534240272,0.157114508862679,0.2952428147808282,RNA,C4vsC1_rna,ACZ81_19755,tier1:gene_id
ACZ81_RS19765,-0.1002218273434757,227.42219403301647,0.6956818750456453,0.8071358249517434,RNA,C4vsC1_rna,ACZ81_19760,tier1:gene_id
ACZ81_RS19770,0.3166020094797472,552.29432581227,0.0840189913726882,0.1853302206688847,RNA,C4vsC1_rna,ACZ81_19765,tier1:gene_id
ACZ81_RS19775,-1.0357197210714255,1118.9015998345883,0.029911914085434,0.0861497482489312,RNA,C4vsC1_rna,ACZ81_19770,tier1:gene_id
ACZ81_RS19780,-1.246843759023055,579.9034392021432,0.0024334056889728,0.0122494650240391,RNA,C4vsC1_rna,ACZ81_19775,tier1:gene_id
ACZ81_RS19785,0.0227677441476766,190.2947439058049,0.9533526773318188,0.9732445143652052,RNA,C4vsC1_rna,ACZ81_19780,tier1:gene_id
ACZ81_RS19790,-0.0406647343885677,611.9550718677881,0.8652077104486993,0.9249068366486718,RNA,C4vsC1_rna,ACZ81_19785,tier1:gene_id
ACZ81_RS19795,-0.6939965101425241,320.32151655953226,0.0490737996670843,0.124615662008678,RNA,C4vsC1_rna,ACZ81_19790,tier1:gene_id
ACZ81_RS19800,-0.7627531937361649,172.80759325247146,0.0150692726011207,0.0508905064610238,RNA,C4vsC1_rna,ACZ81_19795,tier1:gene_id
ACZ81_RS19805,-1.3211042112614413,1171.1096768330765,0.0321086989652502,0.0904088894488781,RNA,C4vsC1_rna,ACZ81_19800,tier1:gene_id
ACZ81_RS19810,-1.5649486613303092,1893.3852320157232,2.157131238845695e-07,4.755170621015894e-06,RNA,C4vsC1_rna,ACZ81_19805,tier1:gene_id
ACZ81_RS19815,0.3658501356457693,299.3917792334512,0.4580169006733287,0.6187083520206716,RNA,C4vsC1_rna,ACZ81_19810,tier1:gene_id
ACZ81_RS19820,-0.0613089271149444,31.331873427799728,0.9020458583182864,0.945507829180418,RNA,C4vsC1_rna,ACZ81_19815,tier1:gene_id
ACZ81_RS19825,0.2581185619487481,254.47781501119368,0.4650017968031681,0.6233168088119981,RNA,C4vsC1_rna,ACZ81_19820,tier1:gene_id
ACZ81_RS19830,0.6070906839309993,215.75310178465963,0.0617233631604414,0.147313582986134,RNA,C4vsC1_rna,ACZ81_19825,tier1:gene_id
ACZ81_RS19835,0.6970165934790691,743.7642914827237,0.1068808915443347,0.2224098220310535,RNA,C4vsC1_rna,ACZ81_19830,tier1:gene_id
ACZ81_RS19840,0.3269888699628787,4083.276796807447,0.4498624053405289,0.6121514277581573,RNA,C4vsC1_rna,ACZ81_19835,tier1:gene_id
ACZ81_RS19845,0.6576158713386704,2228.5116885001016,0.1519538713407277,0.2881091360203212,RNA,C4vsC1_rna,ACZ81_19840,tier1:gene_id
ACZ81_RS19850,0.4258647568321076,4709.605894589039,0.4214568663914134,0.589096575397107,RNA,C4vsC1_rna,ACZ81_19845,tier1:gene_id
ACZ81_RS19855,0.2727530910597487,2296.823232541605,0.6297238298998606,0.7589222005281588,RNA,C4vsC1_rna,ACZ81_19850,tier1:gene_id
ACZ81_RS19860,0.2259678088635602,3191.6901246167818,0.6057634642257137,0.7411781087141089,RNA,C4vsC1_rna,ACZ81_19855,tier1:gene_id
ACZ81_RS19865,0.5334795239049802,921.8840113069116,0.1438858670874901,0.2771339888406195,RNA,C4vsC1_rna,ACZ81_19860,tier1:gene_id
ACZ81_RS19870,1.508351971219272,2073.468472028854,0.0013107127699901,0.0073443849625704,RNA,C4vsC1_rna,ACZ81_19865,tier1:gene_id
ACZ81_RS19875,2.661179636777692,1756.3215342536162,1.0166690048482057e-05,0.0001311535706575,RNA,C4vsC1_rna,ACZ81_19870,tier1:gene_id
ACZ81_RS19880,0.7797192402406538,1510.8332414384065,0.0001078826400975,0.0009618336712699,RNA,C4vsC1_rna,ACZ81_19875,tier1:gene_id
ACZ81_RS19885,0.5201088688071264,1909.7255556733423,0.0207290814206094,0.0658994252452338,RNA,C4vsC1_rna,ACZ81_19880,tier1:gene_id
ACZ81_RS19890,0.3029810778417875,949.3517089745192,0.2842425028386208,0.4543220899398826,RNA,C4vsC1_rna,ACZ81_19885,tier1:gene_id
ACZ81_RS19895,1.125235467221727,5128.712543843079,0.0027924445699625,0.0134816938804928,RNA,C4vsC1_rna,ACZ81_19890,tier1:gene_id
ACZ81_RS19905,-0.4039943154269674,1246.321515844282,0.0271744926536303,0.0803419782802985,RNA,C4vsC1_rna,ACZ81_19900,tier1:gene_id
ACZ81_RS19910,0.3648999095654483,138.8407625255384,0.4648387196543675,0.6233168088119981,RNA,C4vsC1_rna,ACZ81_19905,tier1:gene_id
ACZ81_RS19915,-0.1455121633504555,139.92710218560725,0.7499969022177472,0.8435837576491573,RNA,C4vsC1_rna,ACZ81_19910,tier1:gene_id
ACZ81_RS19920,-0.0017646035609587,569.97774349198,0.9969417435824928,0.9971902955006136,RNA,C4vsC1_rna,ACZ81_19915,tier1:gene_id
ACZ81_RS19925,0.2777497518761908,458.7830259576332,0.3339709341825302,0.506958527408366,RNA,C4vsC1_rna,ACZ81_19920,tier1:gene_id
ACZ81_RS19930,0.5076212972084827,1068.627971177786,0.0913745990934971,0.1980523455230201,RNA,C4vsC1_rna,ACZ81_19925,tier1:gene_id
ACZ81_RS19935,1.4893389569881674,805.1260221758471,0.0059061889587946,0.0245738449652601,RNA,C4vsC1_rna,ACZ81_19930,tier1:gene_id
ACZ81_RS19940,2.079156024783238,1102.4357886894916,0.0003823299359795,0.0027364738791549,RNA,C4vsC1_rna,ACZ81_19935,tier1:gene_id
ACZ81_RS19945,-0.6086641403055749,461.99599552104047,0.1216929900014745,0.2448506900129968,RNA,C4vsC1_rna,,unresolved
ACZ81_RS19950,-1.199481463949092,741.6499100595113,0.0050197378950972,0.0215854109701289,RNA,C4vsC1_rna,ACZ81_19950,tier1:gene_id
ACZ81_RS19955,-1.2146560277102318,1762.8181811789048,0.0946482956289716,0.2027383673590146,RNA,C4vsC1_rna,,unresolved
ACZ81_RS19960,-1.1796270528925046,176.78893614363452,0.0071270094403362,0.0284230237322355,RNA,C4vsC1_rna,,unresolved
ACZ81_RS19965,-1.2124494676397894,135.60152601055572,0.0371636017122525,0.1009481178534577,RNA,C4vsC1_rna,ACZ81_19965,tier1:gene_id
ACZ81_RS19970,-2.332264525709076,182.2469014181176,4.180208742336135e-07,8.470200744572007e-06,RNA,C4vsC1_rna,ACZ81_19970,tier1:gene_id
ACZ81_RS19975,0.2350513988905696,514.6072588267439,0.5171527004722598,0.6681230420038113,RNA,C4vsC1_rna,ACZ81_RS19975,locus_tag:gene_id
ACZ81_RS19980,0.426896377043212,193.85859838672488,0.09300532506069,0.2002794610572589,RNA,C4vsC1_rna,ACZ81_19980,tier1:gene_id
ACZ81_RS19985,-1.7492118525564917,3078.3727732409,0.0003007569271355,0.0022221672038079,RNA,C4vsC1_rna,ACZ81_19985,tier1:gene_id
ACZ81_RS20005,-0.5349026120465751,41.1226515430098,0.3268451150003941,0.4997342230874929,RNA,C4vsC1_rna,,unresolved
ACZ81_RS20015,0.5640293401694502,36.25293458138661,0.3073812928230074,0.4800364915554325,RNA,C4vsC1_rna,ACZ81_20015,tier1:gene_id
ACZ81_RS20020,-0.5313587725999926,39.494630572769786,0.3084067454398025,0.4810666430802367,RNA,C4vsC1_rna,ACZ81_20020,tier1:gene_id
ACZ81_RS20025,-0.0523738274415646,557.9951729384971,0.8241914798532058,0.8965987573674246,RNA,C4vsC1_rna,,unresolved
ACZ81_RS20030,0.0060054716026613,83.33094297105961,0.9859958596933424,0.9908465090989572,RNA,C4vsC1_rna,ACZ81_20030,tier1:gene_id
ACZ81_RS20035,-0.4077234238635145,82.23289501734021,0.2369364242567599,0.3994071151756811,RNA,C4vsC1_rna,ACZ81_20035,tier1:gene_id
ACZ81_RS20040,-0.2677478726824215,307.9871723587568,0.3795856017748825,0.549782467263837,RNA,C4vsC1_rna,,unresolved
ACZ81_RS20045,0.8209225123485164,121.65241629256684,0.0720744745985885,0.1652358811940212,RNA,C4vsC1_rna,ACZ81_20045,tier1:gene_id
ACZ81_RS20050,0.4941398245432045,74.79757507092455,0.3727622610938467,0.5437595962523923,RNA,C4vsC1_rna,ACZ81_20050,tier1:gene_id
ACZ81_RS20055,-0.820883361642388,44.28935121908871,0.0882845938488698,0.1924987991965575,RNA,C4vsC1_rna,ACZ81_20055,tier1:gene_id
ACZ81_RS20060,-1.0827621569470152,34.273098053920265,0.0396293225897728,0.1062076434403265,RNA,C4vsC1_rna,ACZ81_20060,tier1:gene_id
ACZ81_RS20065,-0.8646003150809287,46.78700292199361,0.0359346093122078,0.0984093191539779,RNA,C4vsC1_rna,ACZ81_20065,tier1:gene_id
ACZ81_RS20070,0.1246154756715077,228.7442631320313,0.6239118656569302,0.7548656227429446,RNA,C4vsC1_rna,,unresolved
ACZ81_RS20075,-0.1360258875809494,1229.7449554194773,0.5810619460570858,0.7215167216282973,RNA,C4vsC1_rna,ACZ81_RS20075,locus_tag:gene_id
ACZ81_RS20080,-0.4266553602717774,278.89130513038106,0.3330075398212848,0.5059786643190054,RNA,C4vsC1_rna,ACZ81_RS20080,locus_tag:gene_id
ACZ81_RS20085,0.2312973899599847,429.0826514071943,0.5354764033595776,0.6835544734429019,RNA,C4vsC1_rna,ACZ81_20080,tier1:gene_id
ACZ81_RS20090,0.1915569532123149,58.13236287164772,0.6312370668944016,0.7599503198104902,RNA,C4vsC1_rna,ACZ81_20085,tier1:gene_id
ACZ81_RS20095,-0.5253499620733707,117.36521281730823,0.0943011882132169,0.202141252374172,RNA,C4vsC1_rna,ACZ81_20090,tier1:gene_id
ACZ81_RS20100,-1.4343226358701304,414.04486175903526,1.015456035878153e-05,0.0001311535706575,RNA,C4vsC1_rna,ACZ81_20095,tier1:gene_id
ACZ81_RS20105,-1.3927249289729142,62.64301160044899,0.0018069264855191,0.0094887291359984,RNA,C4vsC1_rna,ACZ81_20100,tier1:gene_id
ACZ81_RS20125,0.0537475519154928,2.996556957464256,0.9780227121474282,0.9875476550245904,RNA,C4vsC1_rna,ACZ81_20120,tier1:gene_id
ACZ81_RS20130,-0.7781130260862286,592.782642270272,0.0246985517267331,0.0751255417192215,RNA,C4vsC1_rna,ACZ81_20125,tier1:gene_id
ACZ81_RS20135,-0.7629326800508499,421.9622239506297,0.0150922189149376,0.0509251322848863,RNA,C4vsC1_rna,,unresolved
ACZ81_RS20140,-1.5833809406411916,761.8670500612985,3.891201591696269e-06,5.760701397005694e-05,RNA,C4vsC1_rna,,unresolved
ACZ81_RS20150,-1.6623123652553504,1079.869295059971,0.0032859361821518,0.0154189192547287,RNA,C4vsC1_rna,ACZ81_20150,tier1:gene_id
ACZ81_RS20170,0.8826999275654076,232.16707426157475,0.0555705921875449,0.1365273826432519,RNA,C4vsC1_rna,ACZ81_20170,tier1:gene_id
ACZ81_RS20180,-0.334613497357884,74.58212348818167,0.6584481035135152,0.7815662104426695,RNA,C4vsC1_rna,ACZ81_20180,tier1:gene_id
ACZ81_RS20185,-0.1409201195060855,179.0684684356611,0.8092812773351242,0.8844555937533419,RNA,C4vsC1_rna,,unresolved
ACZ81_RS20190,0.1297802141336621,148.8452815224121,0.7557684103164672,0.8469672799412478,RNA,C4vsC1_rna,ACZ81_20190,tier1:gene_id
ACZ81_RS20195,-0.1959004421308139,91.45575822241295,0.71372285581822,0.8206599255237288,RNA,C4vsC1_rna,,unresolved
ACZ81_RS20200,-0.3938291496774405,73.96700413677442,0.4783083601492607,0.63437128625416,RNA,C4vsC1_rna,,unresolved
ACZ81_RS20205,-0.2802236966786688,88.90418033799041,0.6279927950846289,0.7579180570728651,RNA,C4vsC1_rna,ACZ81_20205,tier1:gene_id
ACZ81_RS20210,0.0689289185345797,512.8594338891969,0.8793921619942655,0.9331487679628112,RNA,C4vsC1_rna,,unresolved
ACZ81_RS20215,0.8387452835888524,76.30623975273565,0.0534139502100257,0.132609386288752,RNA,C4vsC1_rna,ACZ81_20215,tier1:gene_id
ACZ81_RS20220,0.198222898767193,125.6042507284626,0.5805696811205349,0.721128656549717,RNA,C4vsC1_rna,ACZ81_20220,tier1:gene_id
ACZ81_RS20230,0.3535306946867437,188.3830705624592,0.3735670217830454,0.5442087477827081,RNA,C4vsC1_rna,ACZ81_20235,tier1:gene_id
ACZ81_RS20235,0.3578291749598156,128.72260735859663,0.5333787718420075,0.6819494981391243,RNA,C4vsC1_rna,ACZ81_20240,tier1:gene_id
ACZ81_RS20240,-0.1675249445482608,47.79278390132686,0.7525064309463194,0.8444911331347226,RNA,C4vsC1_rna,ACZ81_20245,tier1:gene_id
ACZ81_RS20245,0.3068331954644253,45.25455561366043,0.5762094316525732,0.718231984437378,RNA,C4vsC1_rna,ACZ81_20250,tier1:gene_id
ACZ81_RS20250,-1.6762111508325304,32.748522552802314,0.0091432689685004,0.0345737936867331,RNA,C4vsC1_rna,ACZ81_20255,tier1:gene_id
ACZ81_RS20255,-0.2207704329542523,335.4097321841543,0.6342639373016496,0.7618553425634605,RNA,C4vsC1_rna,,unresolved
ACZ81_RS20260,-0.3114884282796381,207.25666976582025,0.5723174614607331,0.7148622837423604,RNA,C4vsC1_rna,ACZ81_20265,tier1:gene_id
ACZ81_RS20265,-0.3986039301110762,62.33496876192362,0.459683488328074,0.6201244637431852,RNA,C4vsC1_rna,ACZ81_20270,tier1:gene_id
ACZ81_RS20270,-0.1169079230728137,90.62509465279032,0.7813875008770824,0.8649090109856384,RNA,C4vsC1_rna,ACZ81_20275,tier1:gene_id
ACZ81_RS20275,0.1576409850524241,145.05470728783698,0.6580142260225949,0.7813747294630333,RNA,C4vsC1_rna,ACZ81_20280,tier1:gene_id
ACZ81_RS20280,-0.5795303528044119,94.45503038067008,0.2684796036782293,0.4368288207591407,RNA,C4vsC1_rna,ACZ81_20285,tier1:gene_id
ACZ81_RS20285,-1.1251765423267488,115.19215991675416,0.0261624298560548,0.0783266194442496,RNA,C4vsC1_rna,ACZ81_20290,tier1:gene_id
ACZ81_RS20290,-0.8695654841990866,304.26320126512866,0.0560870044450353,0.1374594146814182,RNA,C4vsC1_rna,ACZ81_20295,tier1:gene_id
ACZ81_RS20300,-0.6522680009165835,238.04605923210949,0.1942784105217001,0.3479665102736879,RNA,C4vsC1_rna,ACZ81_20305,tier1:gene_id
ACZ81_RS20305,-0.2839349102484965,237.57333857894747,0.6113983057506036,0.7467062413002806,RNA,C4vsC1_rna,ACZ81_20310,tier1:gene_id
ACZ81_RS20320,-0.4852763287839826,917.1218893767134,0.063546476084125,0.1505008630752714,RNA,C4vsC1_rna,ACZ81_20325,tier1:gene_id
ACZ81_RS20325,0.8446140225194146,43.57068802229339,0.0824475600153304,0.1825494540736787,RNA,C4vsC1_rna,ACZ81_20330,tier1:gene_id
ACZ81_RS20335,-0.1648452564489713,39.80976394263206,0.7258371427797115,0.8258327821021736,RNA,C4vsC1_rna,ACZ81_20340,tier1:gene_id
ACZ81_RS20340,-0.4196198881878163,182.72570864304703,0.2590831493179532,0.425481822401573,RNA,C4vsC1_rna,ACZ81_20345,tier1:gene_id
ACZ81_RS20345,-0.0616609974632195,100.63155322740388,0.9034565747714496,0.945507829180418,RNA,C4vsC1_rna,ACZ81_20350,tier1:gene_id
ACZ81_RS20355,-0.0441717447868025,432.4014622112898,0.8471087460684072,0.9138478863206372,RNA,C4vsC1_rna,,unresolved
ACZ81_RS20360,0.4937746032014519,138.4318432327665,0.0594422051553637,0.1429528628729422,RNA,C4vsC1_rna,,unresolved
ACZ81_RS20365,-0.2289099410987446,88.96903109911646,0.7042951109912114,0.8128975791992924,RNA,C4vsC1_rna,ACZ81_20375,tier1:gene_id
ACZ81_RS20370,-0.9498515357427424,43.34125024502418,0.0743600311731954,0.1688245324175898,RNA,C4vsC1_rna,,unresolved
ACZ81_RS20375,-0.2080032729038263,1036.7675875346793,0.4055731149056749,0.5737515292671254,RNA,C4vsC1_rna,,unresolved
ACZ81_RS20390,-0.4714355401936439,38.68197463120955,0.3475935821118462,0.52152036328823,RNA,C4vsC1_rna,ACZ81_20400,tier1:gene_id
ACZ81_RS20395,-1.212530818070388,131.18048037386023,0.000262651137861,0.0020033390971451,RNA,C4vsC1_rna,ACZ81_20405,tier1:gene_id
ACZ81_RS20400,0.5428663933801997,18.570478473860465,0.4772548629835431,0.633602419023817,RNA,C4vsC1_rna,ACZ81_20410,tier1:gene_id
ACZ81_RS20405,-0.551562501749937,262.3001046200108,0.1210391829152398,0.2436574018343913,RNA,C4vsC1_rna,ACZ81_20415,tier1:gene_id
ACZ81_RS20410,0.8398459227016426,50.5044143050925,0.074193700708145,0.1685532996835095,RNA,C4vsC1_rna,ACZ81_20420,tier1:gene_id
ACZ81_RS20415,-0.723107351407691,28.875006139025075,0.2568868769259433,0.4234306286881202,RNA,C4vsC1_rna,ACZ81_20425,tier1:gene_id
ACZ81_RS20425,0.2283582522533573,8.639070350937416,0.7696689674935693,0.8576699483612472,RNA,C4vsC1_rna,ACZ81_20435,tier1:gene_id
ACZ81_RS20430,-2.025248776011919,614.9214161979385,0.0004408130428094,0.0030911090194823,RNA,C4vsC1_rna,ACZ81_20440,tier1:gene_id
ACZ81_RS20435,-2.521919879667792,395.5340748046822,5.186113656667245e-05,0.000525670671882,RNA,C4vsC1_rna,ACZ81_20445,tier1:gene_id
ACZ81_RS20440,-2.154836370669134,410.22917488817706,1.4822487351709418e-05,0.0001802055128941,RNA,C4vsC1_rna,ACZ81_20450,tier1:gene_id
ACZ81_RS20450,-0.4639804986613618,349.2712487595162,0.2872644539610828,0.4579512306986221,RNA,C4vsC1_rna,ACZ81_20460,tier1:gene_id
ACZ81_RS20455,-0.2724864455725847,135.78584839226235,0.4830300462422872,0.6378165885911783,RNA,C4vsC1_rna,ACZ81_20465,tier1:gene_id
ACZ81_RS20460,-1.5520497009131191,414.274759556548,9.950786247256944e-07,1.826000346372514e-05,RNA,C4vsC1_rna,ACZ81_20470,tier1:gene_id
ACZ81_RS20470,-0.8134010468885373,180.37492629872352,0.0488298785282906,0.1243880591715849,RNA,C4vsC1_rna,,unresolved
ACZ81_RS20475,-1.5097257460226492,64.61536855825622,0.0003734011331704,0.0026847407639426,RNA,C4vsC1_rna,ACZ81_20485,tier1:gene_id
ACZ81_RS20480,0.0575249534902373,108.00351217877557,0.8601655691947384,0.9219835061740024,RNA,C4vsC1_rna,ACZ81_20490,tier1:gene_id
ACZ81_RS20485,0.2571244922543939,444.40281926072254,0.3913716678406988,0.5616864408602942,RNA,C4vsC1_rna,ACZ81_20495,tier1:gene_id
ACZ81_RS20490,-0.2474368313096209,234.5908841836469,0.5153234388582024,0.6667796282655634,RNA,C4vsC1_rna,ACZ81_20500,tier1:gene_id
ACZ81_RS20495,-0.9636996513469792,11.220064883102676,0.4547025457773568,0.616009253978219,RNA,C4vsC1_rna,ACZ81_20505,tier1:gene_id
ACZ81_RS20500,-0.4377916011871723,2143.989996681825,0.5277542548089744,0.6775520224939537,RNA,C4vsC1_rna,ACZ81_RS20500,locus_tag:gene_id
ACZ81_RS20510,-0.1276328902046942,9874.27476357536,0.7961726079246019,0.8756152694609382,RNA,C4vsC1_rna,ACZ81_20520,tier1:gene_id
ACZ81_RS20515,-0.7837136674103614,467.2745038555512,0.1125073302734816,0.2311210491844384,RNA,C4vsC1_rna,ACZ81_20525,tier1:gene_id
ACZ81_RS20525,-0.5420317395204075,451.9858121102776,0.1316663467904833,0.2599041914721847,RNA,C4vsC1_rna,ACZ81_20535,tier1:gene_id
ACZ81_RS20530,-1.0733938870155757,116.51479911999968,0.0026570766151032,0.0130479698651092,RNA,C4vsC1_rna,ACZ81_20540,tier1:gene_id
ACZ81_RS20535,-0.7862368271503207,304.7190852170491,0.0599993002801815,0.1438835581136213,RNA,C4vsC1_rna,ACZ81_20545,tier1:gene_id
ACZ81_RS20540,-0.1782350480439546,302.6342451745836,0.5865684295809153,0.7254319809020796,RNA,C4vsC1_rna,ACZ81_20550,tier1:gene_id
ACZ81_RS20545,-0.0255551774768268,773.6130984431658,0.9220572344785966,0.9561368893068308,RNA,C4vsC1_rna,ACZ81_20555,tier1:gene_id
ACZ81_RS20550,0.2318522245945101,578.2629001267499,0.5614239674542447,0.7054284238729814,RNA,C4vsC1_rna,ACZ81_20560,tier1:gene_id
ACZ81_RS20555,0.1986151568764911,228.7596103554323,0.4094819849309586,0.5766380216016167,RNA,C4vsC1_rna,ACZ81_20565,tier1:gene_id
ACZ81_RS20560,-1.2262162093513915,20.31209388982292,0.0357905025706113,0.0982830228017061,RNA,C4vsC1_rna,ACZ81_RS20560,locus_tag:gene_id
ACZ81_RS20565,-1.2157853860175138,52.84173088832715,0.0032931734764774,0.0154348270883498,RNA,C4vsC1_rna,ACZ81_RS20565,locus_tag:gene_id
ACZ81_RS20570,-1.4619538015096278,31.18440952700967,0.0061692735170408,0.0253597595802948,RNA,C4vsC1_rna,ACZ81_RS20570,locus_tag:gene_id
ACZ81_RS20575,-0.1059032314892241,30.34395743520156,0.8552280406960677,0.9189743153427784,RNA,C4vsC1_rna,ACZ81_20575,tier1:gene_id
ACZ81_RS20580,0.5992111039968978,8.04777172703727,0.5575972749963907,0.7014989862921039,RNA,C4vsC1_rna,ACZ81_20580,tier1:gene_id
ACZ81_RS20585,0.5200554168777258,197.7649754261924,0.0629320127123965,0.1495753761860988,RNA,C4vsC1_rna,ACZ81_20585,tier1:gene_id
ACZ81_RS20590,-1.0982129348319023,6.944746027176497,0.3502464622214162,0.5237379077272911,RNA,C4vsC1_rna,ACZ81_20590,tier1:gene_id
ACZ81_RS20595,0.0914203552918982,282.2731846569454,0.7203685220044118,0.8229661070129397,RNA,C4vsC1_rna,ACZ81_20595,tier1:gene_id
ACZ81_RS20600,-0.1796077611383609,300.03171321412884,0.5347287943367196,0.6830803448666093,RNA,C4vsC1_rna,ACZ81_RS20600,locus_tag:gene_id
ACZ81_RS20605,-0.5170389921510136,159.68039323945368,0.0966659047237111,0.2058511729042086,RNA,C4vsC1_rna,ACZ81_20605,tier1:gene_id
ACZ81_RS20615,-0.1551311751520614,211.2180944056952,0.7202689882201896,0.8229661070129397,RNA,C4vsC1_rna,ACZ81_20615,tier1:gene_id
ACZ81_RS20620,0.0798375931240282,504.61036574407314,0.6792301558530165,0.7962496212532688,RNA,C4vsC1_rna,ACZ81_20620,tier1:gene_id
ACZ81_RS20625,-0.2021761738242486,2947.7880845473464,0.2641946993861852,0.4317929014851009,RNA,C4vsC1_rna,ACZ81_20625,tier1:gene_id
ACZ81_RS20635,-0.4356738477031737,4.68225650237106,0.7304464537408168,0.8299493549725735,RNA,C4vsC1_rna,ACZ81_20635,tier1:gene_id
ACZ81_RS20655,-0.7018060572024003,163.0233580223112,0.0327574094096475,0.0917756470331744,RNA,C4vsC1_rna,,unresolved
ACZ81_RS20660,-0.2109735608999909,51.15999088616349,0.595719393316072,0.7334828834466639,RNA,C4vsC1_rna,ACZ81_20660,tier1:gene_id
ACZ81_RS20665,-0.1710566781789005,56.94673145683141,0.6753280720798547,0.7925970384997749,RNA,C4vsC1_rna,ACZ81_20665,tier1:gene_id
ACZ81_RS20670,-0.6694273475279534,116.3057321784153,0.263786041950295,0.4314348146370091,RNA,C4vsC1_rna,ACZ81_20670,tier1:gene_id
ACZ81_RS20675,-0.2114132211978009,104.51457928431454,0.5672890843545918,0.709939919789616,RNA,C4vsC1_rna,ACZ81_20675,tier1:gene_id
ACZ81_RS20680,-0.255191621939548,99.80657486403798,0.5219934784423791,0.6728447634851449,RNA,C4vsC1_rna,ACZ81_20680,tier1:gene_id
ACZ81_RS20685,-0.9051647487319784,104.73584497729163,0.1110037707076208,0.2290880288472093,RNA,C4vsC1_rna,ACZ81_20685,tier1:gene_id
ACZ81_RS20690,0.1959917537464423,53.11349045402565,0.6439079569336364,0.7711518576769402,RNA,C4vsC1_rna,ACZ81_20690,tier1:gene_id
ACZ81_RS20705,-1.145351425906778,138.4755409696553,0.1464817059498848,0.2806516734818233,RNA,C4vsC1_rna,ACZ81_20705,tier1:gene_id
ACZ81_RS20710,-0.9908780676219076,583.7704217726185,0.0247911517986693,0.0751910012085625,RNA,C4vsC1_rna,,unresolved
ACZ81_RS20715,-1.5989800105103238,34.02099402759713,0.0077768020809016,0.0302623956824221,RNA,C4vsC1_rna,,unresolved
ACZ81_RS20720,0.401790069743156,28.837580330420305,0.615698385122433,0.7492210861726423,RNA,C4vsC1_rna,ACZ81_20720,tier1:gene_id
ACZ81_RS20725,-1.8952807431470644,44.2693875871479,0.0175618973087341,0.0573426978065608,RNA,C4vsC1_rna,,unresolved
ACZ81_RS20730,0.632087944189548,15.42857874227446,0.5575051038143378,0.7014989862921039,RNA,C4vsC1_rna,ACZ81_20730,tier1:gene_id
ACZ81_RS20745,0.6741635118952011,140.07183831076892,0.0362682784967886,0.0989179696323018,RNA,C4vsC1_rna,,unresolved
ACZ81_RS20765,0.4131438870673449,6.330355709753602,0.7031568489994101,0.8122335188877485,RNA,C4vsC1_rna,ACZ81_RS20765,locus_tag:gene_id
ACZ81_RS20790,4.196234633174995,170.62460349695198,6.983333726837286e-07,1.3469776400034229e-05,RNA,C4vsC1_rna,ACZ81_RS20790,locus_tag:gene_id
ACZ81_RS20800,0.4407796293062492,40.993455642869854,0.3840413514653437,0.5538367728536877,RNA,C4vsC1_rna,ACZ81_RS20800,locus_tag:gene_id
ACZ81_RS20815,0.5516476447138676,55.55049871258485,0.434441507786889,0.6001994935402889,RNA,C4vsC1_rna,ACZ81_RS20815,locus_tag:gene_id
ACZ81_RS20845,-0.0714598953734268,1265.198971124856,0.901701587571473,0.945507829180418,RNA,C4vsC1_rna,ACZ81_RS20845,locus_tag:gene_id
ACZ81_RS20875,-0.7070435935559455,30.942570196322578,0.2559777602298793,0.4224909684218194,RNA,C4vsC1_rna,ACZ81_RS20875,locus_tag:gene_id
ACZ81_RS20885,-1.073223840841015,915.473779890593,0.1584416648131979,0.2967637531421802,RNA,C4vsC1_rna,ACZ81_RS20885,locus_tag:gene_id
ACZ81_RS20895,1.117949908654194,108.99615969289884,0.0067775281290337,0.0274107286831484,RNA,C4vsC1_rna,ACZ81_RS20895,locus_tag:gene_id
ACZ81_RS20900,1.9423751412314,15.28080524310592,0.0212752918508784,0.0672627824316188,RNA,C4vsC1_rna,ACZ81_RS20900,locus_tag:gene_id
ACZ81_RS20915,1.543927937489873,2263.9012202391627,0.0142132586135268,0.0485720558411157,RNA,C4vsC1_rna,ACZ81_RS20915,locus_tag:gene_id
ACZ81_RS20920,2.4377407474237067,207.61694508091497,0.0022958067356463,0.0117334734056218,RNA,C4vsC1_rna,ACZ81_RS20920,locus_tag:gene_id
ACZ81_RS20925,0.9463044623804018,5.464791290594358,0.3937100983331223,0.5639042129818393,RNA,C4vsC1_rna,,unresolved
ACZ81_RS21035,-0.5641008257885579,140.7401371466792,0.3063665368490391,0.4791978736211871,RNA,C4vsC1_rna,ACZ81_RS21035,locus_tag:gene_id
ACZ81_RS21040,0.0783460764098544,537.2740999929352,0.7838218535267193,0.8658296465719156,RNA,C4vsC1_rna,,unresolved
ACZ81_RS21060,1.1812166433312477,20.97582790500375,0.1318731193049484,0.2599876927034168,RNA,C4vsC1_rna,,unresolved
ACZ81_RS21070,0.5548597992441663,48.080045690711295,0.4238655578909585,0.5917009806049149,RNA,C4vsC1_rna,,unresolved
ACZ81_RS21125,-0.3166418360413502,11.613934210567727,0.7583629119651818,0.8491632717846245,RNA,C4vsC1_rna,ACZ81_RS21125,locus_tag:gene_id
ACZ81_RS21145,1.4554087437660574,813.0184922200154,0.0703106106445211,0.162398485841001,RNA,C4vsC1_rna,ACZ81_RS21145,locus_tag:gene_id
ACZ81_RS21155,-1.5153675112689198,11793.88381139696,0.0011162430080573,0.0065092542853575,RNA,C4vsC1_rna,ACZ81_17465,tier1:gene_id
ACZ81_RS21165,-1.7557856598402102,3.381208478100232,0.1299516089219119,0.2574646197504744,RNA,C4vsC1_rna,ACZ81_RS21165,locus_tag:gene_id
ACZ81_RS21170,-0.6920658236061192,366.9745084866018,0.2457403792813182,0.4101124798987725,RNA,C4vsC1_rna,ACZ81_RS21170,locus_tag:gene_id
ACZ81_RS21190,0.7616963463849655,37.94789553838828,0.2943740391065073,0.4649719074390974,RNA,C4vsC1_rna,ACZ81_RS21190,locus_tag:gene_id
ACZ81_RS21195,-0.3315648412548095,868.7608483574425,0.4478267993668465,0.6113239602108841,RNA,C4vsC1_rna,ACZ81_02610,tier1:gene_id
ACZ81_RS21200,-0.1367568858368699,11.670160822638485,0.8583698953413208,0.9210430650198927,RNA,C4vsC1_rna,ACZ81_RS21200,locus_tag:gene_id
ACZ81_RS21205,2.401948162701926,761.6978731678921,2.1174504299019425e-05,0.0002399777153888,RNA,C4vsC1_rna,ACZ81_RS21205,locus_tag:gene_id
ACZ81_RS21210,-1.062498255745815,9.297055369465207,0.2843476490127231,0.4543220899398826,RNA,C4vsC1_rna,ACZ81_RS21210,locus_tag:gene_id
ACZ81_RS21215,0.6048043698756796,24.022112511716166,0.4283836948275838,0.5957280359266088,RNA,C4vsC1_rna,ACZ81_RS21215,locus_tag:gene_id
ACZ81_RS21220,-0.4177603423373962,5.75245343919023,0.6218868747173745,0.7538144388313063,RNA,C4vsC1_rna,ACZ81_07940,tier1:gene_id
ACZ81_RS21225,1.625848552896405,1.6986559366377596,0.5389317478334497,0.6868469416479669,RNA,C4vsC1_rna,ACZ81_RS21225,locus_tag:gene_id
ACZ81_RS21230,0.7681386069680473,2821.2809830710385,0.1544376525846591,0.2915782880798365,RNA,C4vsC1_rna,ACZ81_RS21230,locus_tag:gene_id
ACZ81_RS21235,-0.291300466489036,63.721403796480665,0.4647346247232642,0.6233168088119981,RNA,C4vsC1_rna,ACZ81_16510,tier1:gene_id
ACZ81_RS21240,2.05770824214474,2155.548748595499,0.0594744774882071,0.1429528628729422,RNA,C4vsC1_rna,ACZ81_RS21240,locus_tag:gene_id
ACZ81_RS21245,1.8497653965249363,50.41210216930886,0.0026384136505432,0.0129722004485044,RNA,C4vsC1_rna,ACZ81_RS21245,locus_tag:gene_id
ACZ81_RS21250,0.0387633751095985,2.564584615342474,0.9815476587781038,0.9889448888493196,RNA,C4vsC1_rna,ACZ81_RS21250,locus_tag:gene_id
ACZ81_RS21255,-1.5794663801981583,208.3303377433363,0.0066598259923237,0.0269618787903156,RNA,C4vsC1_rna,ACZ81_20300,tier1:gene_id
ACZ81_RS21260,-1.2560625858732577,7.229324863769305,0.2107086753176484,0.3688015712397696,RNA,C4vsC1_rna,ACZ81_RS21260,locus_tag:gene_id
ACZ81_RS21265,-0.2167496336283408,206.38557172435483,0.7408235444994564,0.8374708539114735,RNA,C4vsC1_rna,ACZ81_00935,tier1:gene_id
ACZ81_RS21270,1.17160306869451,275.06146037641474,0.0001177966566521,0.0010296300359228,RNA,C4vsC1_rna,,unresolved
ACZ81_RS21275,0.5180571137403959,381.3251447306891,0.0588557987045284,0.1420754900135789,RNA,C4vsC1_rna,,unresolved
ACZ81_RS21280,1.360034905161936,1420.9710315358493,0.0008187773465585,0.0051087631639079,RNA,C4vsC1_rna,ACZ81_RS21280,locus_tag:gene_id
ACZ81_RS21290,-1.924065854248412,134.83930535471606,0.00055551837242,0.0037394961579686,RNA,C4vsC1_rna,ACZ81_RS21290,locus_tag:gene_id
ACZ81_RS21295,3.4255506925076986,16049.295954015672,1.9438036343147727e-09,7.357113378180063e-08,RNA,C4vsC1_rna,ACZ81_RS21295,locus_tag:gene_id
ACZ81_RS21305,-0.4697802873248285,1247.479425322529,0.4981731582388299,0.6523076732552826,RNA,C4vsC1_rna,ACZ81_RS21305,locus_tag:gene_id
ACZ81_RS21310,-0.1100952761727737,55.43645644630861,0.8746017670671331,0.93049649681075,RNA,C4vsC1_rna,ACZ81_RS21310,locus_tag:gene_id
ACZ81_RS21315,-0.0330883592898869,748.3029765763288,0.9554870265759868,0.974431609207641,RNA,C4vsC1_rna,ACZ81_RS21315,locus_tag:gene_id
ACZ81_RS21320,-0.1004751118771469,4.183302100054492,0.9287414434132636,0.9593487824340922,RNA,C4vsC1_rna,ACZ81_RS21320,locus_tag:gene_id
ACZ81_RS21325,-1.5942792636539724,10.42209289031021,0.0924338571661884,0.1995934526107362,RNA,C4vsC1_rna,ACZ81_RS21325,locus_tag:gene_id
ACZ81_RS21340,-0.124137550484259,185.21925148417145,0.6809620300228215,0.7962750406445818,RNA,C4vsC1_rna,ACZ81_09550,tier1:gene_id
ACZ81_RS21345,0.2618814612980898,181.0080675545245,0.5137628410597295,0.6655769973254785,RNA,C4vsC1_rna,ACZ81_RS21345,locus_tag:gene_id
ACZ81_RS21355,2.283335874368462,859.9121472855677,0.0001341438389834,0.0011475161663148,RNA,C4vsC1_rna,ACZ81_RS21355,locus_tag:gene_id
ACZ81_RS21360,-1.6739710451152985,14019.352613963214,0.004210827512259,0.0186878760831675,RNA,C4vsC1_rna,ACZ81_RS21360,locus_tag:gene_id
ACZ81_RS21370,0.681408668710345,35.566416984742446,0.1112064266753011,0.2292819819703786,RNA,C4vsC1_rna,ACZ81_RS21370,locus_tag:gene_id
ACZ81_RS21375,-0.1204108113678583,151.3726087886678,0.7517572970040739,0.8443589797257404,RNA,C4vsC1_rna,ACZ81_RS21375,locus_tag:gene_id
ACZ81_RS21380,-1.3603858119970176,20.99165662145555,0.0375163903001612,0.1017685989751501,RNA,C4vsC1_rna,ACZ81_20010,tier1:gene_id
ACZ81_RS21385,-1.1166352485286335,75.19473857744859,0.0672482864211183,0.1569517889014118,RNA,C4vsC1_rna,ACZ81_RS21385,locus_tag:gene_id
ACZ81_RS21390,0.1680858025120625,168.66869474628993,0.6765133679622842,0.7933854522843276,RNA,C4vsC1_rna,ACZ81_RS21390,locus_tag:gene_id
ACZ81_RS21395,1.2556624797402487,13.27015124373115,0.2570777242566799,0.4235711826356468,RNA,C4vsC1_rna,,unresolved
ACZ81_RS21400,1.1960652959373017,27.05407861610603,0.0540852992411556,0.133944580589825,RNA,C4vsC1_rna,ACZ81_RS21400,locus_tag:gene_id
ACZ81_RS21405,0.4000416607099228,25.07921580180089,0.5930320449413415,0.7316250197738814,RNA,C4vsC1_rna,ACZ81_RS21405,locus_tag:gene_id
ACZ81_RS21410,1.7470951754541428,15.519798578273248,0.0161634382716236,0.0536808004306352,RNA,C4vsC1_rna,ACZ81_RS21410,locus_tag:gene_id
ACZ81_RS21415,2.88743906793095,1.1936817268239976,0.1351485114693125,0.2649246259768719,RNA,C4vsC1_rna,ACZ81_RS21415,locus_tag:gene_id
ACZ81_RS21420,-0.1297448806553037,781.7238234645155,0.7830812107361453,0.8654881039871667,RNA,C4vsC1_rna,,unresolved
ACZ81_RS21425,0.0839591894949536,1664.2031469028975,0.8795138892675579,0.9331487679628112,RNA,C4vsC1_rna,,unresolved
ACZ81_RS21430,-0.9598915673705254,438.893966560313,0.0132929128389354,0.0461342269115995,RNA,C4vsC1_rna,,unresolved
ACZ81_RS21435,-1.640828900777885,634.6494588424669,2.99686727593249e-06,4.6783780198603696e-05,RNA,C4vsC1_rna,,unresolved
ACZ81_RS21440,-1.417205659552521,464.1619040849879,2.1422441182989222e-05,0.0002421037578201,RNA,C4vsC1_rna,ACZ81_RS21440,locus_tag:gene_id
ACZ81_RS21445,-1.2250854677488874,208.8843445484925,0.030284281405627,0.0869724674297606,RNA,C4vsC1_rna,ACZ81_RS21445,locus_tag:gene_id
ACZ81_RS21450,-2.2483211409844905,120.31012434623844,0.0013355998108288,0.0074234214483799,RNA,C4vsC1_rna,,unresolved
ACZ81_RS21455,-1.2715229031077442,1838.272991689626,0.0255802440243138,0.0771367654641667,RNA,C4vsC1_rna,ACZ81_RS21455,locus_tag:gene_id
ACZ81_RS21460,2.319527413987336,0.9242850326821682,0.3590561825460523,0.5318002436520312,RNA,C4vsC1_rna,,unresolved
ACZ81_RS21465,-0.7611497641024815,36.27517441424651,0.2702294554437213,0.4387721992571709,RNA,C4vsC1_rna,,unresolved
ACZ81_RS21470,-0.9399637690330176,6.860757630701193,0.4765715627665511,0.6335338336048387,RNA,C4vsC1_rna,,unresolved
ACZ81_RS21475,0.6602748374651642,592.5899534850314,0.0587543720492334,0.14201360383764,RNA,C4vsC1_rna,ACZ81_RS21475,locus_tag:gene_id
ACZ81_RS21480,-0.112748418401268,162.29593155122475,0.7656760685856872,0.854015120146171,RNA,C4vsC1_rna,ACZ81_RS21480,locus_tag:gene_id
ACZ81_RS21485,-1.901754327780508,174.2807340334284,0.0025247904105928,0.0125988297603217,RNA,C4vsC1_rna,,unresolved
ACZ81_RS21490,-1.3626841871007105,632.68978395791,0.02458796869205,0.0749596735505354,RNA,C4vsC1_rna,ACZ81_08175,tier1:gene_id
ACZ81_RS21495,-1.2391457841548732,4939.581199149118,0.0306216555424744,0.0876277332641994,RNA,C4vsC1_rna,ACZ81_RS21495,locus_tag:gene_id
ACZ81_RS21500,0.2174673523661004,1500.3752349012086,0.6484816621478717,0.7745086245095326,RNA,C4vsC1_rna,,unresolved
ACZ81_RS21505,0.447458091864779,4272.416610888717,0.3628100377117449,0.5349481335169131,RNA,C4vsC1_rna,,unresolved
ACZ81_RS21510,0.443017901413154,949.9188302816864,0.4534174687886571,0.6152043310500066,RNA,C4vsC1_rna,,unresolved
ACZ81_RS21515,0.2152285417747851,19.48751875299172,0.7500157685779023,0.8435837576491573,RNA,C4vsC1_rna,ACZ81_RS21515,locus_tag:gene_id
ACZ81_RS21520,0.0068151151159851,23.17244319339633,0.9893548058313156,0.992274492393464,RNA,C4vsC1_rna,,unresolved
ACZ81_RS21525,-0.1224900022498518,45.57099983539894,0.867024045699645,0.9256254580486896,RNA,C4vsC1_rna,,unresolved
ACZ81_RS21530,-0.3570876574527267,16.458322089603737,0.6650783347607021,0.7866913347034608,RNA,C4vsC1_rna,,unresolved
ACZ81_RS21535,-4.161025862108041,4.892673667306501,0.0116437992203792,0.0415613189254107,RNA,C4vsC1_rna,ACZ81_RS21535,locus_tag:gene_id
ACZ81_RS21540,-0.0163490909329397,260.49281231825387,0.9773814137912876,0.987472735364051,RNA,C4vsC1_rna,,unresolved
ACZ81_RS21545,0.0441686024101008,693.1947105319379,0.8927721019051701,0.9403522375540936,RNA,C4vsC1_rna,ACZ81_RS21545,locus_tag:gene_id
ACZ81_RS21550,-1.7893122757578248,419.4254038103164,0.0016751310500778,0.00890149108995,RNA,C4vsC1_rna,ACZ81_RS21550,locus_tag:gene_id
ACZ81_RS21555,1.5932200588599243,202.9550995459128,0.0001209618409663,0.0010481617839243,RNA,C4vsC1_rna,,unresolved
ACZ81_RS21560,-0.608475490286879,216.3657770260335,0.1109438673891494,0.2290822418761028,RNA,C4vsC1_rna,,unresolved
ACZ81_RS21565,-0.1514828764018838,398.129938660882,0.6181167695904378,0.7510249786786302,RNA,C4vsC1_rna,ACZ81_RS21565,locus_tag:gene_id
ACZ81_RS21570,-1.809569612145551,10.858158112972149,0.0313374544210507,0.0892939397281645,RNA,C4vsC1_rna,ACZ81_RS21570,locus_tag:gene_id
ACZ81_RS21580,-1.8483340049004933,10.442481607184192,0.032161140692034,0.0904208104109603,RNA,C4vsC1_rna,ACZ81_RS21580,locus_tag:gene_id
ACZ81_RS21590,-2.3070170363999343,211.31718145249505,0.0007245930994793,0.0046070800556438,RNA,C4vsC1_rna,ACZ81_20140,tier1:gene_id
ACZ81_RS21595,-2.00402641532817,137.712232366521,0.0055862647258749,0.0235190750466768,RNA,C4vsC1_rna,ACZ81_20145,tier1:gene_id
ACZ81_RS21605,-0.6780967206609166,37.97333462066843,0.3228765068766204,0.495744563945274,RNA,C4vsC1_rna,ACZ81_RS21605,locus_tag:gene_id
ACZ81_RS21610,0.524960091694353,70.68355713476163,0.4193550267628783,0.5866291378565788,RNA,C4vsC1_rna,ACZ81_RS21610,locus_tag:gene_id
ACZ81_RS21615,-0.5147048232310945,80.14555915455766,0.293696474991832,0.4640843866353801,RNA,C4vsC1_rna,,unresolved
ACZ81_RS21620,-0.3523651659919535,63.04990620117239,0.3978675080796301,0.5680585204325538,RNA,C4vsC1_rna,ACZ81_RS21620,locus_tag:gene_id
ACZ81_RS21625,-0.1565603049956734,51.37900392567858,0.719005618472321,0.8229661070129397,RNA,C4vsC1_rna,ACZ81_20230,tier1:gene_id
ACZ81_RS21630,-1.8871707860167928,151.1585236535558,0.0013458052655944,0.0074576943723272,RNA,C4vsC1_rna,ACZ81_RS21630,locus_tag:gene_id
ACZ81_RS21635,-1.2249825514794472,81.4559674943068,0.0097455757159717,0.0361695187534491,RNA,C4vsC1_rna,ACZ81_RS21635,locus_tag:gene_id
ACZ81_RS21640,-0.568320159426692,58.25083513259206,0.2575238901991504,0.4240547368335818,RNA,C4vsC1_rna,ACZ81_RS21640,locus_tag:gene_id
ACZ81_RS21645,-0.2928524693640688,834.9269618375212,0.4081277064382288,0.5756663623841963,RNA,C4vsC1_rna,ACZ81_RS21645,locus_tag:gene_id
ACZ81_RS21650,-0.077108035282047,24.69990607514115,0.8932803622497281,0.9403938109015768,RNA,C4vsC1_rna,ACZ81_RS21650,locus_tag:gene_id
ACZ81_RS21655,-0.0269728909943456,27.12172180876504,0.9595105539811806,0.9757971938959364,RNA,C4vsC1_rna,ACZ81_RS21655,locus_tag:gene_id
ACZ81_RS21660,0.3315880933515083,36.53960435446614,0.5449370816806827,0.6929489095173834,RNA,C4vsC1_rna,,unresolved
ACZ81_RS21665,0.0683729709770419,954.4172252285656,0.682401488427004,0.7974933794259074,RNA,C4vsC1_rna,,unresolved
ACZ81_RS21670,0.0380211925868036,293.82702873374416,0.9020849457168888,0.945507829180418,RNA,C4vsC1_rna,,unresolved
ACZ81_RS21675,-0.3867400166315356,5019.998660470714,0.5745625845007312,0.7169969172680976,RNA,C4vsC1_rna,ACZ81_RS21675,locus_tag:gene_id
ACZ81_RS21680,-0.5127953900058488,2705.726176154916,0.4448838789439995,0.6089116078227599,RNA,C4vsC1_rna,ACZ81_RS21680,locus_tag:gene_id
ACZ81_RS21685,0.4970254088655619,79.62184600180213,0.1189310798376909,0.2407424280064662,RNA,C4vsC1_rna,ACZ81_RS21685,locus_tag:gene_id
ACZ81_RS21705,-0.5965828394379328,41.4787641589825,0.2386503754658336,0.4009486207575061,RNA,C4vsC1_rna,ACZ81_RS21705,locus_tag:gene_id
