gene_id,logFC,AveExpr,pvalue,padj,Assay,contrast1
ACZ81_RS00005,-0.4118184072679016,4661.89608143276,0.1970959681284729,0.3494391742047182,RNA,C5vsC1_rna
ACZ81_RS00010,-0.4259920134224555,2059.3914137885563,0.1010897201816221,0.2134517853546329,RNA,C5vsC1_rna
ACZ81_RS00015,-0.2192339955349637,557.1271017274662,0.5107657915638157,0.671426066760822,RNA,C5vsC1_rna
ACZ81_RS00020,-0.6072164003943787,3109.651933699262,0.0740424896805293,0.1684960116836548,RNA,C5vsC1_rna
ACZ81_RS00025,-0.1105624528608634,160.5452115198893,0.68157508992213,0.8047319778597957,RNA,C5vsC1_rna
ACZ81_RS00030,0.2981273411373941,2892.2392833721387,0.5007466259447719,0.6630348063664769,RNA,C5vsC1_rna
ACZ81_RS00035,0.9853398101548996,1662.4070368377895,0.00030787058523356334,0.002393753465033,RNA,C5vsC1_rna
ACZ81_RS00040,-0.2461363807359709,258.53012275560167,0.33634362217456,0.5027547818966778,RNA,C5vsC1_rna
ACZ81_RS00045,-0.877325829301909,892.2474602287139,0.0082744577246026,0.0327276904479622,RNA,C5vsC1_rna
ACZ81_RS00050,-0.3492464964467094,964.303048675474,0.2792277260955214,0.441133070869744,RNA,C5vsC1_rna
ACZ81_RS00055,0.7040789279826619,424.2322444295289,0.0610166789884073,0.1463233210409384,RNA,C5vsC1_rna
ACZ81_RS00060,-0.2674354056546468,3386.553316232701,0.2453509194409882,0.4040070344500575,RNA,C5vsC1_rna
ACZ81_RS00065,-0.7231739568788504,984.317160815007,0.0006277631696927224,0.0042760370743755,RNA,C5vsC1_rna
ACZ81_RS00070,1.0057988534333595,1441.6967365650412,0.0185532639018191,0.0601257631454752,RNA,C5vsC1_rna
ACZ81_RS00075,0.0399597319761237,696.7404360344724,0.82594727965272,0.8979795472244719,RNA,C5vsC1_rna
ACZ81_RS00080,0.0722085761857167,466.4416786304536,0.772857014569198,0.8653927832686638,RNA,C5vsC1_rna
ACZ81_RS00085,0.6519068641132862,462.5721350081219,0.0081256396263804,0.0323301026430426,RNA,C5vsC1_rna
ACZ81_RS00090,0.6030764375808183,531.7858593561232,0.1279964666419329,0.2557379602427465,RNA,C5vsC1_rna
ACZ81_RS00095,-0.0979026273401179,1291.6300194768455,0.7420267525493468,0.8459023692933637,RNA,C5vsC1_rna
ACZ81_RS00100,-0.3551446997156561,5101.493465766092,0.2977371519491302,0.4599620537619987,RNA,C5vsC1_rna
ACZ81_RS00105,-0.9201552355324016,1556.081876129771,0.0237669349534093,0.0724016272081081,RNA,C5vsC1_rna
ACZ81_RS00110,-1.4559761879613402,613.575593861557,3.400176843030547e-05,0.0003875428833590499,RNA,C5vsC1_rna
ACZ81_RS00115,-0.3579690047808548,3014.3512628209605,0.1416838260829663,0.2776919932803424,RNA,C5vsC1_rna
ACZ81_RS00120,0.0469866704601727,255.4590279754597,0.8809055567258286,0.9328192214884752,RNA,C5vsC1_rna
ACZ81_RS00125,0.1617744643457887,196.9206399808533,0.6063608622423572,0.7491485712617889,RNA,C5vsC1_rna
ACZ81_RS00130,0.1143083626373381,158.70564873644452,0.7273039082001616,0.8361540261507966,RNA,C5vsC1_rna
ACZ81_RS00135,-3.049579110376451,287.94847033631896,0.0090941642056764,0.0349815789004544,RNA,C5vsC1_rna
ACZ81_RS00140,-0.3468263886049116,87.95332994412374,0.2125642738302179,0.3670473787322572,RNA,C5vsC1_rna
ACZ81_RS00145,0.627494111345738,214.7079769439887,0.0327855324863078,0.0911542316944333,RNA,C5vsC1_rna
ACZ81_RS00150,0.2352051558602279,475.3645439551685,0.2378960714800241,0.396526397498071,RNA,C5vsC1_rna
ACZ81_RS00155,-0.6849619574820648,388.5406480708241,0.0061392322503174,0.026036574829042,RNA,C5vsC1_rna
ACZ81_RS00180,-1.9878190268996527,83.06394679967222,0.0022029344361694,0.011613569365266,RNA,C5vsC1_rna
ACZ81_RS00185,0.1887529198823216,146.32040671107194,0.5336621031471098,0.6901522398272979,RNA,C5vsC1_rna
ACZ81_RS00190,-0.9583725563696212,152.9795615675542,0.0055765170512141,0.0242920590765161,RNA,C5vsC1_rna
ACZ81_RS00195,-1.1455226313249438,125.44152045513596,9.472071521954751e-05,0.0009246216775202548,RNA,C5vsC1_rna
ACZ81_RS00200,-1.854666365249017,153.6092224492428,1.0831889988356954e-06,2.130271697710201e-05,RNA,C5vsC1_rna
ACZ81_RS00205,-1.538528217602451,258.04984908791573,0.0002814423299541669,0.0022346108999194,RNA,C5vsC1_rna
ACZ81_RS00210,0.3190389800706584,131.17694763852066,0.2953126777415468,0.4579800785075708,RNA,C5vsC1_rna
ACZ81_RS00215,-0.0813538587599294,562.7279291514704,0.7781879112818836,0.8696271161751099,RNA,C5vsC1_rna
ACZ81_RS00220,-0.6958508702159262,69.56860381538597,0.0455061746715715,0.1174088570947555,RNA,C5vsC1_rna
ACZ81_RS00225,0.2814885452249271,1219.9736127505785,0.3767497509224262,0.5446831523778694,RNA,C5vsC1_rna
ACZ81_RS00230,-0.0051407248694166,656.8374852753045,0.9859311852165582,0.995582423152594,RNA,C5vsC1_rna
ACZ81_RS00235,0.2852118159903203,1076.058944981807,0.178917174837821,0.3262996970540337,RNA,C5vsC1_rna
ACZ81_RS00240,-0.4727026355785964,120.08726277533192,0.0678570962098357,0.1570932890905141,RNA,C5vsC1_rna
ACZ81_RS00245,-0.1806008858405191,13866.363026558374,0.6379790418100557,0.7712718367026337,RNA,C5vsC1_rna
ACZ81_RS00250,0.0442430242683814,251.94275716051257,0.9133857946039906,0.9540494162851368,RNA,C5vsC1_rna
ACZ81_RS00255,0.32757445765881,112.06646700724454,0.4226842267572527,0.5915509917027294,RNA,C5vsC1_rna
ACZ81_RS00260,-0.0739097330745418,377.1285487408503,0.7902915696120785,0.8754418823964564,RNA,C5vsC1_rna
ACZ81_RS00265,1.3255347311726906,5242.482040030117,0.0072969434942168,0.0300259869731259,RNA,C5vsC1_rna
ACZ81_RS00270,1.3646068636468092,2516.352591078579,0.0098965743878887,0.0373870587986907,RNA,C5vsC1_rna
ACZ81_RS00275,-1.1038962663402767,345.68062363758327,0.0012959412392757,0.007646053311727,RNA,C5vsC1_rna
ACZ81_RS00280,-0.8034552734632647,382.1429805793016,0.0004713443912719296,0.0034072679239333,RNA,C5vsC1_rna
ACZ81_RS00285,0.3535868040306679,275.99563765803885,0.1944793021458078,0.345855922078449,RNA,C5vsC1_rna
ACZ81_RS00290,-0.1767480293019833,219.6856865350664,0.6016207560617601,0.7456603253999944,RNA,C5vsC1_rna
ACZ81_RS00295,-0.8879810987411564,288.05231975857134,0.00016153558159162168,0.001440179451879,RNA,C5vsC1_rna
ACZ81_RS00300,-0.33547405390026,612.4321337778085,0.1676653599283865,0.3127259061053867,RNA,C5vsC1_rna
ACZ81_RS00305,-0.3643466341323902,517.2613444994904,0.205472829476782,0.3593564147932301,RNA,C5vsC1_rna
ACZ81_RS00310,0.6960746118707096,3845.429327987116,0.0062084287000324,0.026302234365924,RNA,C5vsC1_rna
ACZ81_RS00315,0.6688410500068687,3128.9408886356264,0.0434805096401743,0.1132751978418047,RNA,C5vsC1_rna
ACZ81_RS00320,0.0895842453806086,796.266971982868,0.729430758517036,0.837092735460626,RNA,C5vsC1_rna
ACZ81_RS00325,0.7575619208667168,246.067596261958,0.0098480811260798,0.0372740579979551,RNA,C5vsC1_rna
ACZ81_RS00330,-0.1478909886199951,516.9041780137908,0.6949462176312624,0.8145265045681055,RNA,C5vsC1_rna
ACZ81_RS00335,-0.8377840235930375,240.3320428142352,0.0007957597061946249,0.0052081369351596,RNA,C5vsC1_rna
ACZ81_RS00340,0.0660557021264198,232.49788225746263,0.8559594466927611,0.9196864756645308,RNA,C5vsC1_rna
ACZ81_RS00345,1.0847395136299092,175.72517122303077,0.1021535144748509,0.2148007862018354,RNA,C5vsC1_rna
ACZ81_RS00350,0.5884678541983323,461.0219458681487,0.0188740548360511,0.0611159870881657,RNA,C5vsC1_rna
ACZ81_RS00355,0.0965989112922633,3194.804882229915,0.5980313748852268,0.7418247978521648,RNA,C5vsC1_rna
ACZ81_RS00360,0.1820577498210771,656.928307133229,0.6554883947278058,0.7864292582679296,RNA,C5vsC1_rna
ACZ81_RS00370,-0.4163133981491567,94.53129545700656,0.2646939036073915,0.4237637435246827,RNA,C5vsC1_rna
ACZ81_RS00375,-0.4094451177530731,13.756901065059974,0.6425213334161841,0.7755101051942631,RNA,C5vsC1_rna
ACZ81_RS00380,0.3766346533978986,93.42496569111594,0.3365900658460809,0.5027547818966778,RNA,C5vsC1_rna
ACZ81_RS00385,-0.6205360380907827,131.5679646133276,0.1093181824473473,0.2264246504794825,RNA,C5vsC1_rna
ACZ81_RS00390,0.2361830147601815,82.78152585036624,0.494346528045152,0.6581464215352135,RNA,C5vsC1_rna
ACZ81_RS00395,0.0083543713111417,60.29149226639222,0.9887539225364244,0.9964277803271868,RNA,C5vsC1_rna
ACZ81_RS00400,0.4111438740739144,862.9442520704338,0.2588323185716034,0.4174437672932568,RNA,C5vsC1_rna
ACZ81_RS00405,0.2854136888887269,514.3431252969833,0.2872295422111957,0.4478682173926612,RNA,C5vsC1_rna
ACZ81_RS00420,-1.1293628063171812,82.96760438220124,0.0704615866721851,0.1621869682896194,RNA,C5vsC1_rna
ACZ81_RS00425,0.5752356500691883,235.20834326608127,0.0250741568330665,0.0751849904441427,RNA,C5vsC1_rna
ACZ81_RS00430,0.6734681023759851,885.0669744192894,0.2268532150185584,0.383053492699687,RNA,C5vsC1_rna
ACZ81_RS00435,0.4541249996441149,4038.217547675053,0.4540005821957882,0.6203849917471056,RNA,C5vsC1_rna
ACZ81_RS00440,0.8560127006457013,4166.891534491862,0.0978609077735251,0.2077343714218956,RNA,C5vsC1_rna
ACZ81_RS00445,-1.7966920422412282,372.3222588411072,0.00016348190241649533,0.001450000574942,RNA,C5vsC1_rna
ACZ81_RS00450,-0.957212188951106,135.2230638906304,0.0011938729969983,0.0071277060475558,RNA,C5vsC1_rna
ACZ81_RS00455,0.4829908219326622,433.19632844377054,0.277246193112602,0.4391281984870744,RNA,C5vsC1_rna
ACZ81_RS00460,-0.6572216824468197,483.0030335055264,0.1140248322227616,0.2341185398555371,RNA,C5vsC1_rna
ACZ81_RS00465,-0.0778569649341976,287.27023141496863,0.8749616503752301,0.9299017801108876,RNA,C5vsC1_rna
ACZ81_RS00470,-0.5052687122087192,304.0521602227928,0.2782043466052468,0.4399510597478321,RNA,C5vsC1_rna
ACZ81_RS00475,-0.0746729942393259,52.14527333365326,0.8712149057501746,0.9288637262475952,RNA,C5vsC1_rna
ACZ81_RS00480,-0.2139449971151437,18.41859924430889,0.7589037024238989,0.857426542980761,RNA,C5vsC1_rna
ACZ81_RS00485,0.7341841174928696,1.519234663945611,0.7568860368667125,0.8565942961662202,RNA,C5vsC1_rna
ACZ81_RS00490,-0.6744777816735077,16.790488087703125,0.3904503853539763,0.558661535677658,RNA,C5vsC1_rna
ACZ81_RS00495,-1.1688193801451612,81.92925587342182,0.0470912977856188,0.1206451383881881,RNA,C5vsC1_rna
ACZ81_RS00500,-0.3345748053637704,221.35822335840157,0.4410373146116688,0.6082645947824047,RNA,C5vsC1_rna
ACZ81_RS00505,-0.113607434061741,1131.741578399235,0.6196720227451397,0.7582883693693746,RNA,C5vsC1_rna
ACZ81_RS00510,-0.1331789626426637,1960.8590665003237,0.5190045227807955,0.677373502080856,RNA,C5vsC1_rna
ACZ81_RS00515,-0.4495066744329088,914.948277276994,0.0584743274638481,0.1421812132030053,RNA,C5vsC1_rna
ACZ81_RS00520,-0.4936015791507246,1007.313643334394,0.195870661596607,0.347867682304377,RNA,C5vsC1_rna
ACZ81_RS00525,-1.47617708605426,393.3929157611526,8.86980803495444e-05,0.0008860535139486429,RNA,C5vsC1_rna
ACZ81_RS00530,0.1084185395984207,359.1632347163572,0.7281959539807785,0.8361540261507966,RNA,C5vsC1_rna
ACZ81_RS00535,-1.006487880859576,1886.9415435254095,0.0002552027285006116,0.0020726181108187,RNA,C5vsC1_rna
ACZ81_RS00540,0.2371547357267023,3013.5326890717483,0.5641748435628671,0.7142535412982717,RNA,C5vsC1_rna
ACZ81_RS00545,0.7504239597583324,1901.1196369185625,0.0102727310941735,0.0385900722376633,RNA,C5vsC1_rna
ACZ81_RS00550,0.5793715577600198,526.818635330733,0.0735964658495446,0.1677094726466134,RNA,C5vsC1_rna
ACZ81_RS00555,0.5872573552127959,846.4198085843552,0.0587456602136491,0.1424955192123097,RNA,C5vsC1_rna
ACZ81_RS00560,0.2428010514002496,323.1190459401692,0.4628606025078454,0.6288509100106588,RNA,C5vsC1_rna
ACZ81_RS00565,-0.5296202201465802,994.3850689206204,0.1909335333596482,0.3416705333804231,RNA,C5vsC1_rna
ACZ81_RS00570,-0.7057599683460719,1254.3056211372102,0.0573263284544492,0.1404110071790296,RNA,C5vsC1_rna
ACZ81_RS00575,-2.269785427409293,4391.230052207237,4.293613487325406e-09,1.511050641328906e-07,RNA,C5vsC1_rna
ACZ81_RS00580,-1.8624400236848704,3319.9077352524823,1.2144765123688256e-08,3.7771160989331226e-07,RNA,C5vsC1_rna
ACZ81_RS00585,-0.9556078059565702,407.933180297431,0.0001238132890363053,0.0011472030383687,RNA,C5vsC1_rna
ACZ81_RS00590,-0.4023815182242462,631.7503368184688,0.0437554959262162,0.1138437416705444,RNA,C5vsC1_rna
ACZ81_RS00595,-0.3044449934223794,369.13198443363046,0.2324829852218164,0.3900021928752177,RNA,C5vsC1_rna
ACZ81_RS00600,-0.7083399305294571,21.69905535183419,0.3159440845838351,0.4812656649341701,RNA,C5vsC1_rna
ACZ81_RS00605,-1.8653704846252972,61.96037289056295,0.0010777168395561,0.0066012213134341,RNA,C5vsC1_rna
ACZ81_RS00610,-1.1961049861695223,280.6689887899975,0.0021740542108476,0.0115024056644396,RNA,C5vsC1_rna
ACZ81_RS00615,-0.3910178814898831,131.01300852789623,0.2963266080154639,0.4587640609819984,RNA,C5vsC1_rna
ACZ81_RS00620,-0.8888331804668107,91.49178933528198,0.08326438129799,0.1837495587280176,RNA,C5vsC1_rna
ACZ81_RS00625,-0.6861707293142341,186.2169049971166,0.1076146058851337,0.2237045589695111,RNA,C5vsC1_rna
ACZ81_RS00630,-0.6593603292825028,310.45498277225323,0.1237195917280031,0.2483056538332909,RNA,C5vsC1_rna
ACZ81_RS00635,-0.4906106149314771,101.59205556182692,0.3558044293456859,0.5225063581752899,RNA,C5vsC1_rna
ACZ81_RS00640,0.1180168188193321,95.780669882624,0.8064514256403461,0.8842533806146675,RNA,C5vsC1_rna
ACZ81_RS00645,-0.1500296615777387,78.6256623367854,0.770649201411729,0.8651422785364025,RNA,C5vsC1_rna
ACZ81_RS00650,-0.391965149650734,210.50944234382476,0.2798461678926642,0.4413297270382739,RNA,C5vsC1_rna
ACZ81_RS00655,0.1532461027333497,299.0481167512662,0.613829617567793,0.7540368725296955,RNA,C5vsC1_rna
ACZ81_RS00660,0.3357081995329473,338.0270556344574,0.1574835160526682,0.2994196269892324,RNA,C5vsC1_rna
ACZ81_RS00665,-1.5183315838789817,134.63086963215443,0.0016072306150297,0.0090184744440549,RNA,C5vsC1_rna
ACZ81_RS00670,-1.4282612899570748,667.508374030011,0.0021264150862976,0.0113295847625843,RNA,C5vsC1_rna
ACZ81_RS00675,0.2912180738747965,123.8324715077422,0.3857523824713462,0.5540696945128151,RNA,C5vsC1_rna
ACZ81_RS00680,-1.4734827802892163,727.2465686024341,8.933235102725386e-05,0.0008871321592112438,RNA,C5vsC1_rna
ACZ81_RS00685,-0.3435719276967422,40.70143695012266,0.464459235510445,0.6299562044854311,RNA,C5vsC1_rna
ACZ81_RS00690,-0.2462939342321286,37.80687709233189,0.712437375728072,0.8244573863498382,RNA,C5vsC1_rna
ACZ81_RS00695,1.0238816230842656,53.70187911381038,0.1686331378503012,0.313803958279711,RNA,C5vsC1_rna
ACZ81_RS00700,0.3003997034383037,577.5202316689155,0.2831658022220777,0.443887370352113,RNA,C5vsC1_rna
ACZ81_RS00705,0.3783689017304849,107.44342690417776,0.2832490468729918,0.443887370352113,RNA,C5vsC1_rna
ACZ81_RS00710,-0.4881875068896242,1167.3460346594995,0.2010895479939929,0.3538470467332892,RNA,C5vsC1_rna
ACZ81_RS00715,0.4503571327182771,976.15362704979,0.0990537255830618,0.2098223585212482,RNA,C5vsC1_rna
ACZ81_RS00720,0.4455923197342589,538.6353849972538,0.2516397205758061,0.4107317164158397,RNA,C5vsC1_rna
ACZ81_RS00725,1.3887562704009324,828.0304502044837,7.542137616593387e-06,0.0001088455256034988,RNA,C5vsC1_rna
ACZ81_RS00730,1.3526480588800955,360.8388848978414,0.00023948459029657785,0.0019729202798149,RNA,C5vsC1_rna
ACZ81_RS00735,-1.3049941464433952,107.64746866027798,0.0639759282703746,0.150012521461568,RNA,C5vsC1_rna
ACZ81_RS00740,-1.7784158704711763,37.593600050558464,0.0026224781290253,0.0132511111506921,RNA,C5vsC1_rna
ACZ81_RS00745,-1.4781706484600083,1103.595743929824,8.163907789424847e-05,0.0008271110618982951,RNA,C5vsC1_rna
ACZ81_RS00750,-0.1273255547250852,156.5506263249851,0.797360677591488,0.8790906948329348,RNA,C5vsC1_rna
ACZ81_RS00755,0.7716761593014322,1744.6536093271866,0.1630930371637547,0.3073411296857604,RNA,C5vsC1_rna
ACZ81_RS00760,-2.7124528613192296,898.6195844767584,3.936866940509633e-09,1.4102419790468434e-07,RNA,C5vsC1_rna
ACZ81_RS00765,-0.1388201821987092,264.2425793949584,0.6297978317630071,0.767076169105399,RNA,C5vsC1_rna
ACZ81_RS00770,0.7047036216691841,29.20332709590881,0.2870319316432848,0.4477341017701628,RNA,C5vsC1_rna
ACZ81_RS00775,-0.4963668412798572,389.9528282998672,0.0320507993593667,0.0897959546297342,RNA,C5vsC1_rna
ACZ81_RS00780,0.6187587267324114,597.1255530412118,0.0133625480016756,0.0467805781699151,RNA,C5vsC1_rna
ACZ81_RS00785,-0.3777183484897456,270.9878980637537,0.1721844037154421,0.3179016662415377,RNA,C5vsC1_rna
ACZ81_RS00790,-0.0241200267707908,972.1007906721636,0.9116516893309222,0.9524944212271164,RNA,C5vsC1_rna
ACZ81_RS00795,1.1408279257863625,131.4935759736591,0.0081385135736789,0.0323301026430426,RNA,C5vsC1_rna
ACZ81_RS00800,0.6086533265160241,551.0632251001902,0.077475896340397,0.1743316299033499,RNA,C5vsC1_rna
ACZ81_RS00805,0.3890389818827772,1565.551239802686,0.1061003565733035,0.2212446104844562,RNA,C5vsC1_rna
ACZ81_RS00810,0.2758932679755002,940.1013192327214,0.2793902668303307,0.441133070869744,RNA,C5vsC1_rna
ACZ81_RS00815,-0.2183756842710627,0.7697567338223308,0.948482791701858,0.9764724044926492,RNA,C5vsC1_rna
ACZ81_RS00820,-0.0819929379126871,738.184372484125,0.7961219555627166,0.877966268751407,RNA,C5vsC1_rna
ACZ81_RS00825,-1.38246654507657,47.57560194718479,0.0210334387041166,0.0661852204556202,RNA,C5vsC1_rna
ACZ81_RS00830,0.6526408340994971,132.4086351680665,0.0360617369474942,0.0976905392527662,RNA,C5vsC1_rna
ACZ81_RS00835,0.0370172909553138,419.3101702225,0.8467541521994626,0.913338409190737,RNA,C5vsC1_rna
ACZ81_RS00840,0.5186919363299617,582.815680329011,0.0279010917855264,0.0810566113276843,RNA,C5vsC1_rna
ACZ81_RS00845,1.069301823978422,1149.7947949897336,1.7856707359351797e-05,0.0002296189420696135,RNA,C5vsC1_rna
ACZ81_RS00850,-0.0099751515551714,107.27681997357038,0.971939585569313,0.9896668419732336,RNA,C5vsC1_rna
ACZ81_RS00855,-1.2236921793763875,458.941775222014,0.00018436884279495632,0.0015704624146355,RNA,C5vsC1_rna
ACZ81_RS00860,-0.3229541532638199,27.02717365648966,0.7005686700475566,0.8179942843240184,RNA,C5vsC1_rna
ACZ81_RS00865,-0.5714285904149837,1802.993681252128,0.1693632845591753,0.314140313292377,RNA,C5vsC1_rna
ACZ81_RS00870,0.0025015906543516,899.8749940704527,0.994055577666815,0.9982856014015672,RNA,C5vsC1_rna
ACZ81_RS00875,0.6583510562523958,510.1081258504885,0.0167641552427569,0.0553106832515962,RNA,C5vsC1_rna
ACZ81_RS00880,0.4994632431749552,350.6995120484381,0.0229018442507156,0.0705158857512441,RNA,C5vsC1_rna
ACZ81_RS00885,-0.0818993302492407,1017.605965491804,0.7360180669341747,0.8417077773336841,RNA,C5vsC1_rna
ACZ81_RS00890,0.3458449674598901,1419.9990070750127,0.4375957018622382,0.6053910192659654,RNA,C5vsC1_rna
ACZ81_RS00895,1.0700461426993118,3017.481133984874,1.8245498782939453e-05,0.00023164854783909203,RNA,C5vsC1_rna
ACZ81_RS00900,0.4411409580711579,102.33410659504224,0.1350832907608995,0.2663165417851247,RNA,C5vsC1_rna
ACZ81_RS00905,1.1889005269912718,229.85215259950104,6.76929348032795e-05,0.000703585633240304,RNA,C5vsC1_rna
ACZ81_RS00910,-0.1364976951805624,479.3985258576184,0.4245922284190338,0.5931281408137756,RNA,C5vsC1_rna
ACZ81_RS00915,0.0442720013801576,255.1023648728962,0.8730641094392818,0.9298665807544724,RNA,C5vsC1_rna
ACZ81_RS00920,1.4812247119089044,9.928712518607773,0.1150967641292903,0.2354758886724695,RNA,C5vsC1_rna
ACZ81_RS00925,0.5881514641665602,46.40112740234897,0.1819498071620627,0.3301594872610564,RNA,C5vsC1_rna
ACZ81_RS00930,0.1768233400869985,290.8188936102805,0.547187491010114,0.7004837951284547,RNA,C5vsC1_rna
ACZ81_RS00935,0.0501347730673681,2305.259775908215,0.7819595259421712,0.8714082128144909,RNA,C5vsC1_rna
ACZ81_RS00940,0.4639558506156882,770.0574713486878,0.1064588709340909,0.2217616771482725,RNA,C5vsC1_rna
ACZ81_RS00945,0.7405329637538633,204.55185641070472,0.0032607856169972,0.0160518673563104,RNA,C5vsC1_rna
ACZ81_RS00950,1.222557799613238,75.12740123313573,0.0580645903359525,0.1415280294215319,RNA,C5vsC1_rna
ACZ81_RS00955,0.3592855874156885,749.6593111908493,0.054722999140035,0.135691392181595,RNA,C5vsC1_rna
ACZ81_RS00960,-0.8973000185105597,680.0132112302413,1.9891422532205757e-05,0.0002501704927874905,RNA,C5vsC1_rna
ACZ81_RS00965,0.4044129367824577,318.36348929548336,0.168709470729028,0.313803958279711,RNA,C5vsC1_rna
ACZ81_RS00970,-1.1471644028133765,334.74473016269724,0.0364002782590886,0.0982097621892829,RNA,C5vsC1_rna
ACZ81_RS00975,-0.7873354225191272,446.9218354187496,0.0947261454505009,0.202472720057224,RNA,C5vsC1_rna
ACZ81_RS00980,1.0654435835790812,721.1833046116999,2.061534675506938e-06,3.611736732809535e-05,RNA,C5vsC1_rna
ACZ81_RS00985,-0.8934109370728847,7909.126845128379,0.0034617145412384,0.0167734284292856,RNA,C5vsC1_rna
ACZ81_RS00990,0.7067575274694708,103.9242283299924,0.122927384365267,0.2473627227244104,RNA,C5vsC1_rna
ACZ81_RS00995,0.1147676978258795,167.799545195757,0.7883057821323577,0.8749210734485722,RNA,C5vsC1_rna
ACZ81_RS01000,-0.1253694565192956,332.2601150188848,0.793259257895387,0.8765716021293768,RNA,C5vsC1_rna
ACZ81_RS01005,-0.5933062995221265,265.7988818210293,0.1394379047566159,0.2739592918136843,RNA,C5vsC1_rna
ACZ81_RS01010,-1.4538560015434985,3816.810347477886,0.0143657286671526,0.04916724997998,RNA,C5vsC1_rna
ACZ81_RS01015,0.6846970831934057,908.7089390285396,0.2322685968310661,0.3900021928752177,RNA,C5vsC1_rna
ACZ81_RS01020,-1.4027634794556807,356.8326509564665,6.710697553207742e-05,0.0006993069761940119,RNA,C5vsC1_rna
ACZ81_RS01025,-0.6302151546991566,959.6164349555896,0.1913705157759124,0.3419948816449714,RNA,C5vsC1_rna
ACZ81_RS01030,0.0296681023821803,131.18289404505003,0.9303355089801169,0.9639736730444805,RNA,C5vsC1_rna
ACZ81_RS01035,-2.526717815793104,102.40147303814004,4.406069731285648e-10,2.1557502148680517e-08,RNA,C5vsC1_rna
ACZ81_RS01040,-0.9132429780518876,1124.160775326538,0.0280764892469317,0.0815071453391389,RNA,C5vsC1_rna
ACZ81_RS01045,-1.1029773582980065,310.85693585740034,0.0198280603739884,0.0635892711594256,RNA,C5vsC1_rna
ACZ81_RS01050,-1.1666641915859517,178.09084859299898,0.0150948553236483,0.0510628664068104,RNA,C5vsC1_rna
ACZ81_RS01055,-1.5370581870127429,99.9501365198749,0.012204047108431,0.0438733306442879,RNA,C5vsC1_rna
ACZ81_RS01060,-1.18583996710776,428.3038507549759,0.0021338207747449,0.0113539641223831,RNA,C5vsC1_rna
ACZ81_RS01065,-1.0143192886722865,170.10743172603205,0.0313544850533865,0.0882766273924117,RNA,C5vsC1_rna
ACZ81_RS01070,-1.192200459913902,146.9469789300277,0.0010223097531428,0.0063490816247821,RNA,C5vsC1_rna
ACZ81_RS01075,-0.550069026367736,308.5145955074943,0.1513276863318114,0.2911878549463921,RNA,C5vsC1_rna
ACZ81_RS01080,-0.0951497494347818,578.711899363997,0.8610026962657937,0.9218956011257978,RNA,C5vsC1_rna
ACZ81_RS01085,-1.1760943610717178,751.4665363829833,0.0010893147920884,0.0066456958767446,RNA,C5vsC1_rna
ACZ81_RS01090,-1.2429558058947991,1009.3552763996132,3.047764226833944e-05,0.0003533997132386642,RNA,C5vsC1_rna
ACZ81_RS01095,-1.4580513302998843,926.6679607244336,8.276405219327833e-06,0.00011826703304386158,RNA,C5vsC1_rna
ACZ81_RS01100,-1.0701487215096304,259.4561968253279,0.0196376562163838,0.0631806549640193,RNA,C5vsC1_rna
ACZ81_RS01105,-0.3787511992710797,123.32060872142884,0.4584196299995497,0.6242972014793596,RNA,C5vsC1_rna
ACZ81_RS01110,-1.165155583862508,261.84738680025254,0.0011386798273013,0.0068594346353349,RNA,C5vsC1_rna
ACZ81_RS01115,-0.7989878091690635,130.57103054882305,0.1011395423627012,0.2134517853546329,RNA,C5vsC1_rna
ACZ81_RS01120,-0.4182444275299665,502.80173516752143,0.1183077252678657,0.2397225221084229,RNA,C5vsC1_rna
ACZ81_RS01125,0.3838634911718184,2090.585971642995,0.0460794252188253,0.1185828441166949,RNA,C5vsC1_rna
ACZ81_RS01130,0.8403978053134998,280.449880807231,0.0048582708025264,0.0218758501231607,RNA,C5vsC1_rna
ACZ81_RS01135,0.1020246150333345,102.53451457068302,0.7535891894464204,0.8533445746709113,RNA,C5vsC1_rna
ACZ81_RS01140,0.8001947868011513,107.19804875888484,0.0245448094768929,0.0739700164711239,RNA,C5vsC1_rna
ACZ81_RS01145,-1.4899601533313789,2468.434942180892,0.0083777756125789,0.0328801884026576,RNA,C5vsC1_rna
ACZ81_RS01150,-1.7034419508853604,3621.5560842075074,1.8086184037444e-05,0.0002311184946587432,RNA,C5vsC1_rna
ACZ81_RS01155,-0.8516899019835539,2529.680644940986,0.0110590398286869,0.040780209368283,RNA,C5vsC1_rna
ACZ81_RS01160,-0.442743427627054,3993.3305735473423,0.0035107756203956,0.0169090417635381,RNA,C5vsC1_rna
ACZ81_RS01165,0.917756545080133,219.76204034281477,0.0007798630817093233,0.0051214829677442,RNA,C5vsC1_rna
ACZ81_RS01170,0.3881344287221255,505.3352991226943,0.1013213686172728,0.2136409155461542,RNA,C5vsC1_rna
ACZ81_RS01175,0.083965666126056,2629.375393643367,0.6825049544912818,0.8053558462997125,RNA,C5vsC1_rna
ACZ81_RS01180,-0.2054292781879016,100.69443771265782,0.632774849131224,0.7688348560613176,RNA,C5vsC1_rna
ACZ81_RS01185,1.765629823822145,621.3853675577591,6.115681303047773e-07,1.3334844232515037e-05,RNA,C5vsC1_rna
ACZ81_RS01190,-0.1589965787617882,4094.735721562221,0.441458379535834,0.6084270074537156,RNA,C5vsC1_rna
ACZ81_RS01195,-0.0856924057113699,1627.2989150507929,0.6842199441058888,0.8064307919367878,RNA,C5vsC1_rna
ACZ81_RS01200,0.4205656407184271,809.5913761501874,0.1171728552369298,0.238628170157646,RNA,C5vsC1_rna
ACZ81_RS01205,0.7244183686364681,440.0081000242449,0.1910204323307289,0.341673639995936,RNA,C5vsC1_rna
ACZ81_RS01210,0.8675494142146674,884.6703727597655,0.0054982120059466,0.0240611984065198,RNA,C5vsC1_rna
ACZ81_RS01215,0.2828747032362397,437.899495226041,0.1995802020409106,0.3519629760826961,RNA,C5vsC1_rna
ACZ81_RS01220,0.4902414594927121,274.0476443001934,0.1615038763580775,0.3050628775652576,RNA,C5vsC1_rna
ACZ81_RS01225,0.6138331359233592,200.89346405905243,0.1604124319846186,0.3032868412451885,RNA,C5vsC1_rna
ACZ81_RS01235,-0.0293329383956124,658.4725664256796,0.9078204029616456,0.9497198061752602,RNA,C5vsC1_rna
ACZ81_RS01240,0.7312396126772146,99.5175026064648,0.1232323482753214,0.2478236497647066,RNA,C5vsC1_rna
ACZ81_RS01245,0.3925114609462456,503.2787869134482,0.1176953392324297,0.2390649898813013,RNA,C5vsC1_rna
ACZ81_RS01250,0.5971282884365893,292.81179335048466,0.0243549461527412,0.073522982667267,RNA,C5vsC1_rna
ACZ81_RS01255,0.0791047826089871,655.2144667417633,0.8279848020298588,0.8992350473511052,RNA,C5vsC1_rna
ACZ81_RS01260,0.0083133203001632,231.19527620025715,0.9812753316588416,0.9939880804983556,RNA,C5vsC1_rna
ACZ81_RS01265,0.4743176094888994,114.53361887656408,0.1632786649145755,0.3075464805808812,RNA,C5vsC1_rna
ACZ81_RS01280,-0.0866976722332259,351.3485762614596,0.7900903410556077,0.8754418823964564,RNA,C5vsC1_rna
ACZ81_RS01285,-0.0759084665465456,193.11539427348688,0.8707427980900175,0.9287988754041536,RNA,C5vsC1_rna
ACZ81_RS01290,-0.0122864197284052,145.7729790834809,0.9723134046342612,0.9896668419732336,RNA,C5vsC1_rna
ACZ81_RS01295,0.4065274707112929,40.20912901843799,0.5362728610315852,0.6920317524794853,RNA,C5vsC1_rna
ACZ81_RS01300,0.5915786358109935,15.261711495980704,0.5240684889879248,0.6819782248253271,RNA,C5vsC1_rna
ACZ81_RS01305,0.8848489448360426,9.150220126223202,0.3623184150628642,0.5289743381485486,RNA,C5vsC1_rna
ACZ81_RS01310,0.806575603222362,32.548983292693535,0.1048464632328382,0.2196574467311471,RNA,C5vsC1_rna
ACZ81_RS01315,-0.0594117011758888,10.9280254064016,0.9370226779304088,0.9676537924985328,RNA,C5vsC1_rna
ACZ81_RS01320,-2.710090830967455,94.55307866755268,1.0534074934023651e-06,2.0819068293252653e-05,RNA,C5vsC1_rna
ACZ81_RS01325,-2.8111119826722724,293.97360452280674,4.191193045109152e-23,9.891215586457598e-21,RNA,C5vsC1_rna
ACZ81_RS01340,0.2289320641483584,29.80594956013917,0.6792536189140599,0.8026997110701645,RNA,C5vsC1_rna
ACZ81_RS01350,-0.7267970958340949,107.9729760373606,0.0867119203731572,0.1893213417813157,RNA,C5vsC1_rna
ACZ81_RS01355,-0.1520138939676263,100.576127110209,0.7711854522682426,0.8651422785364025,RNA,C5vsC1_rna
ACZ81_RS01360,-0.7752865946341974,102.23398713599958,0.1143944840726028,0.2347457937775705,RNA,C5vsC1_rna
ACZ81_RS01365,-1.1138213484122947,316.4581286721631,0.0012193218183606,0.0072472876077972,RNA,C5vsC1_rna
ACZ81_RS01370,-1.4778767267890176,159.30740398452264,0.0082255180253822,0.0325888103292127,RNA,C5vsC1_rna
ACZ81_RS01375,-1.929528181896995,203.76548387292823,2.770237154682405e-05,0.00032726235722337044,RNA,C5vsC1_rna
ACZ81_RS01380,-1.288073536511001,361.5602265405402,0.000525314369552341,0.0037170392427583,RNA,C5vsC1_rna
ACZ81_RS01385,-1.77548147985552,277.989143715666,3.626771763410818e-05,0.0004098762905578648,RNA,C5vsC1_rna
ACZ81_RS01390,-0.7638345556528405,223.7371861596284,0.0203335980144367,0.0646421515324249,RNA,C5vsC1_rna
ACZ81_RS01405,-1.6334519656236874,4330.4130965011855,1.98182262747906e-05,0.0002500337226869808,RNA,C5vsC1_rna
ACZ81_RS01410,-0.8531205319507342,787.6600711195557,0.0278121164811412,0.080896963930986,RNA,C5vsC1_rna
ACZ81_RS01415,-0.2750602181731651,1579.5643396162532,0.5566936129665918,0.7076852899942859,RNA,C5vsC1_rna
ACZ81_RS01420,-0.4124870504067862,355.1770695842404,0.3616273657284542,0.528655843808935,RNA,C5vsC1_rna
ACZ81_RS01430,-0.0903058842717483,468.31638565345503,0.865202388071104,0.925410486178486,RNA,C5vsC1_rna
ACZ81_RS01435,-0.3713907875432954,201.5478891675529,0.4877866571458206,0.6525508731140489,RNA,C5vsC1_rna
ACZ81_RS01440,-0.157697472191606,221.85057303654293,0.708497619452231,0.8227185091873663,RNA,C5vsC1_rna
ACZ81_RS01445,-1.9403696157303931,1767.6992643322462,0.0028523510173032,0.0142688681813224,RNA,C5vsC1_rna
ACZ81_RS01450,-2.4813383433730265,490.78422726967057,0.00048814897898363547,0.0035160748719611,RNA,C5vsC1_rna
ACZ81_RS01455,-2.5064966794523618,1309.1450642127036,8.575276493372098e-05,0.0008625940922299593,RNA,C5vsC1_rna
ACZ81_RS01460,-2.702213195973678,123.1688092213594,0.00010599585293662343,0.0010029607593908,RNA,C5vsC1_rna
ACZ81_RS01465,-3.22943925823147,1238.0563305449602,1.3160128269063532e-08,3.969807113946082e-07,RNA,C5vsC1_rna
ACZ81_RS01475,-1.9988988020404672,165.94621442754232,0.0001039893124545413,0.000990986036977719,RNA,C5vsC1_rna
ACZ81_RS01480,-0.8777020732331741,351.41114675107383,0.0097848899351557,0.0370698568648204,RNA,C5vsC1_rna
ACZ81_RS01485,-0.7858354798630881,363.9415993234412,0.0403669385896084,0.1068185952572902,RNA,C5vsC1_rna
ACZ81_RS01490,-0.0171833338069791,4481.4993945378,0.970053530139271,0.9887842385464316,RNA,C5vsC1_rna
ACZ81_RS01495,0.1239473175528252,239.70636336371024,0.6158020506285191,0.7555345037069171,RNA,C5vsC1_rna
ACZ81_RS01505,0.1410895026969043,435.46056856989287,0.6601173009851069,0.790092664544227,RNA,C5vsC1_rna
ACZ81_RS01510,0.2242359760094193,916.1150268514142,0.4023023299991327,0.5708427908965189,RNA,C5vsC1_rna
ACZ81_RS01515,-0.8878717183737733,281.44233608772515,0.0002889876818636848,0.0022644894133537,RNA,C5vsC1_rna
ACZ81_RS01520,-0.3558153275654885,162.74971345562568,0.0797116789490078,0.1780641736878727,RNA,C5vsC1_rna
ACZ81_RS01525,0.505857479265972,96.77376957780092,0.2315875891675301,0.3894088045851345,RNA,C5vsC1_rna
ACZ81_RS01530,0.5184040718156966,169.64900147454046,0.2158910021196019,0.3702351268796606,RNA,C5vsC1_rna
ACZ81_RS01535,-0.9526299873530742,103.7680983775419,0.0443648062649593,0.1151304028040212,RNA,C5vsC1_rna
ACZ81_RS01540,-0.4271037610546732,668.9049257178553,0.0684563669952114,0.1582067651986108,RNA,C5vsC1_rna
ACZ81_RS01545,0.0149908634185732,34.79868391070035,0.9778647790812957,0.9927446556993132,RNA,C5vsC1_rna
ACZ81_RS01550,0.0716276389076389,481.0870343965528,0.8468641281628967,0.913338409190737,RNA,C5vsC1_rna
ACZ81_RS01555,-0.5871377962987554,625.5501100683297,0.0136770138286589,0.0475083805026663,RNA,C5vsC1_rna
ACZ81_RS01560,-0.8091445613418906,1422.2414880101323,0.0300651452345385,0.08555355041752,RNA,C5vsC1_rna
ACZ81_RS01565,-0.485120092482161,825.3000418538866,0.328486458036713,0.4952603042627931,RNA,C5vsC1_rna
ACZ81_RS01570,-0.5230430756539335,401.1639669936835,0.1428216667394193,0.2796488662560031,RNA,C5vsC1_rna
ACZ81_RS01575,-0.1562525205538183,253.8124343972607,0.7089016989921197,0.8227759964455871,RNA,C5vsC1_rna
ACZ81_RS01580,-0.0575289627712087,612.073522437001,0.8506565693085535,0.9158456027334942,RNA,C5vsC1_rna
ACZ81_RS01585,0.1720995099698011,216.09072211948208,0.7460184742742646,0.847966649351138,RNA,C5vsC1_rna
ACZ81_RS01590,0.0100539245549042,244.79531686840815,0.98272820669671,0.99399478436763,RNA,C5vsC1_rna
ACZ81_RS01595,-0.0833221189864917,479.3665405076229,0.8462161048343417,0.9131304498642764,RNA,C5vsC1_rna
ACZ81_RS01625,0.5058674751525849,2716.0921721899285,0.077375031439677,0.1742209445355214,RNA,C5vsC1_rna
ACZ81_RS01630,1.174308124524763,1247.7313622123088,0.0013736381991999,0.0079919896252494,RNA,C5vsC1_rna
ACZ81_RS01635,-0.2087676066947277,56.87461021846564,0.6197476478470039,0.7582883693693746,RNA,C5vsC1_rna
ACZ81_RS01640,-2.1212825463282137,33151.13741026872,1.6415580634333773e-07,4.049956356441273e-06,RNA,C5vsC1_rna
ACZ81_RS01645,0.1678988650734379,160.1531485224058,0.648570898563392,0.7799959367614895,RNA,C5vsC1_rna
ACZ81_RS01650,0.0480497861128707,1171.841020539622,0.8597135054902046,0.921006831515808,RNA,C5vsC1_rna
ACZ81_RS01655,2.542658935111398,7616.40639913937,1.6415788464988624e-09,6.45687679622886e-08,RNA,C5vsC1_rna
ACZ81_RS01660,2.168129376468649,8345.818399342766,6.93836210033364e-07,1.4885940506170354e-05,RNA,C5vsC1_rna
ACZ81_RS01665,1.9553900254980785,4909.1594484356165,0.0002821442820419158,0.0022346108999194,RNA,C5vsC1_rna
ACZ81_RS01670,1.4741538475147924,2501.4370470503454,0.0134362658080498,0.0469567059424179,RNA,C5vsC1_rna
ACZ81_RS01675,1.3874683817268934,7007.028118145328,0.0265715029422748,0.0783283393125691,RNA,C5vsC1_rna
ACZ81_RS01680,1.5050525025907555,2186.443250884472,0.0058162818519905,0.0250374708049208,RNA,C5vsC1_rna
ACZ81_RS01685,1.673601784336278,2571.9536587891976,0.0009667460944929389,0.0060792873528302,RNA,C5vsC1_rna
ACZ81_RS01690,1.589440689194037,6033.246522986519,0.0021645929216119,0.011487231218925,RNA,C5vsC1_rna
ACZ81_RS01695,1.6044852622094172,2727.3893024886106,0.0005282523026237387,0.0037312468981099,RNA,C5vsC1_rna
ACZ81_RS01700,1.5810546753044437,1134.0882446907085,0.0003225629227149617,0.0024886970114085,RNA,C5vsC1_rna
ACZ81_RS01705,1.938292183882809,1151.7284201471482,0.000434639529604899,0.0031704978050451,RNA,C5vsC1_rna
ACZ81_RS01710,-1.246400420658622,883.037461075675,0.0128024810824357,0.0454544726572853,RNA,C5vsC1_rna
ACZ81_RS01715,0.2439414083884987,248.3617153163554,0.367839726831877,0.5352821850016288,RNA,C5vsC1_rna
ACZ81_RS01720,0.2141694256424584,1033.449048921225,0.4080452673677375,0.5770453340427786,RNA,C5vsC1_rna
ACZ81_RS01725,0.5694076323334767,687.6228969961016,0.1043366793535168,0.2189324045848898,RNA,C5vsC1_rna
ACZ81_RS01730,-0.4724502715319343,5949.928992700555,0.4023787170128005,0.5708427908965189,RNA,C5vsC1_rna
ACZ81_RS01735,-0.2358924166896624,516.7862591659728,0.3716542681420742,0.5396586767231277,RNA,C5vsC1_rna
ACZ81_RS01740,0.5316858709828813,1374.8108318422858,0.1172684793561632,0.2387017448893591,RNA,C5vsC1_rna
ACZ81_RS01745,0.0,0.6050845591464443,1.0,1.0,RNA,C5vsC1_rna
ACZ81_RS01750,1.1827263092756553,32.45870185469638,0.1146597139120786,0.234941150263156,RNA,C5vsC1_rna
ACZ81_RS01755,2.231311625173408,48.37582125532221,0.0022717755067928,0.0118214829225069,RNA,C5vsC1_rna
ACZ81_RS01760,0.1778396121516033,147.8736431005528,0.6440750022363603,0.776684373000384,RNA,C5vsC1_rna
ACZ81_RS01765,-0.355465368794549,895.6429575608844,0.1832385785028792,0.3313912685783602,RNA,C5vsC1_rna
ACZ81_RS01770,0.0493504499376114,429.7579174642454,0.8166182499215353,0.8910217113344004,RNA,C5vsC1_rna
ACZ81_RS01775,0.1778445216723902,184.2772665324139,0.6380486605224429,0.7712718367026337,RNA,C5vsC1_rna
ACZ81_RS01780,0.2779222432843236,1010.0060537839794,0.2823875601230509,0.4432468275483882,RNA,C5vsC1_rna
ACZ81_RS01785,0.2208798315585129,839.0683563387571,0.5120823413218862,0.6724956966885131,RNA,C5vsC1_rna
ACZ81_RS01790,-0.4313806604610699,9362.403399173028,0.444422096104296,0.6112517825061486,RNA,C5vsC1_rna
ACZ81_RS01795,-0.1595146962154252,358.0422045319385,0.3858601013132615,0.5540696945128151,RNA,C5vsC1_rna
ACZ81_RS01800,0.0698886782553681,159.87966441049684,0.8162395337993233,0.8910217113344004,RNA,C5vsC1_rna
ACZ81_RS01805,-0.2391334841906547,173.08603301989416,0.5077779073969311,0.668813185973896,RNA,C5vsC1_rna
ACZ81_RS01810,-0.1778202943876168,347.47683510708987,0.6637335627444623,0.7913518733226694,RNA,C5vsC1_rna
ACZ81_RS01815,4.263486858396482,285.7416516622142,0.0005200323278551427,0.0036992370555936,RNA,C5vsC1_rna
ACZ81_RS01820,2.947542156539016,526.876657321752,4.933632727970669e-08,1.3465125513345798e-06,RNA,C5vsC1_rna
ACZ81_RS01825,0.2471310524009277,668.6451996503591,0.3513283162107951,0.5189554850697027,RNA,C5vsC1_rna
ACZ81_RS01830,0.0760163617766646,553.79182048282,0.7999198861454494,0.8801245660690871,RNA,C5vsC1_rna
ACZ81_RS01835,-0.0817928227276307,177.85686669133105,0.8745650684971245,0.9299017801108876,RNA,C5vsC1_rna
ACZ81_RS01840,0.5021135138942208,908.2576481516796,0.1622785039828276,0.3062377036590331,RNA,C5vsC1_rna
ACZ81_RS01845,1.0081362164211118,831.8536560606448,0.0110958311591897,0.0408569672091091,RNA,C5vsC1_rna
ACZ81_RS01850,0.1405764336958852,206.5539752649701,0.7509608274921233,0.851651786222422,RNA,C5vsC1_rna
ACZ81_RS01855,0.0039454871887065,370.7541682104484,0.9909130498302426,0.9964277803271868,RNA,C5vsC1_rna
ACZ81_RS01860,0.2447402286697045,574.9315329515774,0.3599363808131549,0.5270309342417436,RNA,C5vsC1_rna
ACZ81_RS01865,-1.7857406192332306,1627.3052412143174,4.361388740472711e-05,0.0004767817881955454,RNA,C5vsC1_rna
ACZ81_RS01870,-0.0519451996243047,591.94442651599,0.8261322305098519,0.8979795472244719,RNA,C5vsC1_rna
ACZ81_RS01875,0.9772069671015382,796.4300008189288,9.466966235058266e-06,0.00013280233753515302,RNA,C5vsC1_rna
ACZ81_RS01880,-0.945355641016983,1115.473825743319,0.0154934272912757,0.0520599918698478,RNA,C5vsC1_rna
ACZ81_RS01885,-0.6511407734340982,1558.9169652964931,0.0316703849332895,0.0890078144749407,RNA,C5vsC1_rna
ACZ81_RS01890,-1.8291747905136035,1941.8068872303625,0.00024958141274217347,0.002036705083218,RNA,C5vsC1_rna
ACZ81_RS01895,-2.6425361964382805,6440.468253176364,1.6100508249554368e-06,2.9699788850248352e-05,RNA,C5vsC1_rna
ACZ81_RS01900,-2.6754047351305097,4574.694437879677,2.048230665855121e-08,5.998176227307114e-07,RNA,C5vsC1_rna
ACZ81_RS01905,-2.6281333866068874,16521.701466594295,2.620849109519479e-11,1.6959430044180882e-09,RNA,C5vsC1_rna
ACZ81_RS01910,-2.5920344131161954,1035.758494289728,4.517344059784913e-13,3.775746743303557e-11,RNA,C5vsC1_rna
ACZ81_RS01915,0.1372101614122573,48.48499991937091,0.7772470706610191,0.8692708824362843,RNA,C5vsC1_rna
ACZ81_RS01920,0.1354844504188488,736.1759533268676,0.7823560275567788,0.8714082128144909,RNA,C5vsC1_rna
ACZ81_RS01925,-0.0054299756080063,1646.6784340822614,0.9816003925559532,0.9939880804983556,RNA,C5vsC1_rna
ACZ81_RS01930,2.2766147856978804,952.1994795381856,6.526074555612334e-05,0.0006890160820293864,RNA,C5vsC1_rna
ACZ81_RS01935,0.1780434049594919,2748.403719276841,0.5400255253366548,0.6955418691046734,RNA,C5vsC1_rna
ACZ81_RS01940,0.5836673055681504,970.2601892624264,0.0295824210106802,0.0844730769358358,RNA,C5vsC1_rna
ACZ81_RS01945,0.3344175365932217,287.4380321098837,0.2201260986707618,0.375168185160194,RNA,C5vsC1_rna
ACZ81_RS01950,-0.1915105542236134,546.9127778751829,0.6056933207220065,0.7488571965290263,RNA,C5vsC1_rna
ACZ81_RS01955,0.3432472083279314,1430.127246916585,0.2575162705795458,0.4160915334535393,RNA,C5vsC1_rna
ACZ81_RS01960,0.4088202286198386,2850.493041062296,0.210680138239989,0.3650251593126079,RNA,C5vsC1_rna
ACZ81_RS01965,-0.5839603874224496,618.2474052290576,0.1937620586549285,0.3447332059084582,RNA,C5vsC1_rna
ACZ81_RS01970,-1.2775892136572888,105.94979843677189,0.0624747453154722,0.1479626199561244,RNA,C5vsC1_rna
ACZ81_RS01975,-0.9305875393730584,169.75578703245156,0.1693625328791945,0.314140313292377,RNA,C5vsC1_rna
ACZ81_RS01980,-0.8630157278740078,221.88267442233592,0.1395761285661271,0.2740878043081305,RNA,C5vsC1_rna
ACZ81_RS01985,-0.9969662212101068,1474.0460818023105,0.0624108828247111,0.1479626199561244,RNA,C5vsC1_rna
ACZ81_RS01990,0.0009442252309825576,819.9211878933789,0.9964067335088062,0.9988965054566042,RNA,C5vsC1_rna
ACZ81_RS01995,0.566678366777833,1171.566065122976,0.0107071783099627,0.039848979016299,RNA,C5vsC1_rna
ACZ81_RS02000,-3.807032939377898,151.6526200978472,0.0056052611360439,0.0243907892384039,RNA,C5vsC1_rna
ACZ81_RS02005,0.2441015932266903,447.6706350160604,0.5283194706765666,0.6857385041586495,RNA,C5vsC1_rna
ACZ81_RS02010,-3.460437395631664,2844.49286953872,4.206457913217583e-09,1.493478685648579e-07,RNA,C5vsC1_rna
ACZ81_RS02015,0.1140093668813136,26024.486684719137,0.911488279687108,0.9524944212271164,RNA,C5vsC1_rna
ACZ81_RS02020,-1.6432665491534362,724.0568830307803,9.316377008576207e-05,0.0009116415745953108,RNA,C5vsC1_rna
ACZ81_RS02025,0.4610220017964948,283.4612233937253,0.3516640925798989,0.5190862175977021,RNA,C5vsC1_rna
ACZ81_RS02030,-0.4221671927613469,52.401446250427774,0.4056826620276899,0.5747171045392273,RNA,C5vsC1_rna
ACZ81_RS02035,0.9996547003363462,425.2408458535771,0.0079672326507376,0.0319326047899693,RNA,C5vsC1_rna
ACZ81_RS02040,0.5643875749102993,1248.1075671665333,0.0850993664103427,0.1866695779323647,RNA,C5vsC1_rna
ACZ81_RS02045,0.0300459702038646,1353.2620245407325,0.93504805707537,0.9663608462097848,RNA,C5vsC1_rna
ACZ81_RS02050,0.3778492791173077,659.1953915880817,0.3029021274445386,0.4654321468048597,RNA,C5vsC1_rna
ACZ81_RS02055,0.4949381305090823,433.2928529152035,0.2097327235436841,0.3641513062523062,RNA,C5vsC1_rna
ACZ81_RS02060,-0.8911680080431196,478.3281261981236,0.1038696799993771,0.2180665390672427,RNA,C5vsC1_rna
ACZ81_RS02065,-1.331190420640883,467.83325913315866,0.0011086349837643,0.0067187969106684,RNA,C5vsC1_rna
ACZ81_RS02070,-1.5021743679370096,101.05639332968887,0.0006005547411167322,0.0041470320505341,RNA,C5vsC1_rna
ACZ81_RS02075,0.9157689826332712,9.774822937248556,0.4090637681947804,0.5780781394848394,RNA,C5vsC1_rna
ACZ81_RS02080,-0.3499331582292969,21.496390987541552,0.5733332140686174,0.7212959720424249,RNA,C5vsC1_rna
ACZ81_RS02085,-0.5094339772711574,459.4615677031186,0.0764255291437144,0.1724517564255243,RNA,C5vsC1_rna
ACZ81_RS02090,-0.2110622309023877,225.4530621007903,0.5260229771595142,0.6838281912406415,RNA,C5vsC1_rna
ACZ81_RS02095,0.0099712795671877,174.50131714515192,0.9723952036272944,0.9896668419732336,RNA,C5vsC1_rna
ACZ81_RS02100,0.443565110727111,404.6392460673416,0.0284535547416538,0.0822521367569341,RNA,C5vsC1_rna
ACZ81_RS02105,0.1153980913475316,355.6856634907772,0.6186695680644146,0.7581253228694048,RNA,C5vsC1_rna
ACZ81_RS02110,-0.2308748641303722,30.74470591175779,0.722979519555132,0.8332645310126945,RNA,C5vsC1_rna
ACZ81_RS02115,-0.0017455912113253,93.23382916330044,0.9959243171495809,0.998889653298658,RNA,C5vsC1_rna
ACZ81_RS02120,0.7487257793760965,17.5822271592751,0.2500586601208869,0.4093167459832714,RNA,C5vsC1_rna
ACZ81_RS02130,0.426681078619521,575.3373019722079,0.4082092812356671,0.577073867624206,RNA,C5vsC1_rna
ACZ81_RS02135,1.4325827152547492,857.1086142453969,0.0034767876644532,0.0167856463414998,RNA,C5vsC1_rna
ACZ81_RS02140,1.1011371701506494,1304.5070689103902,0.0228114830737564,0.0703997462245467,RNA,C5vsC1_rna
ACZ81_RS02145,1.007544418828764,865.695714888415,0.0193992331118376,0.0625032264045307,RNA,C5vsC1_rna
ACZ81_RS02150,1.4321063684834483,641.0866265016799,0.0014359634847365,0.0082418962814921,RNA,C5vsC1_rna
ACZ81_RS02155,-0.2720926493535213,509.8070302030978,0.2982631634091601,0.4602430044605962,RNA,C5vsC1_rna
ACZ81_RS02160,0.7666883646960193,108.7927786764634,0.1352507962351145,0.2664751108753416,RNA,C5vsC1_rna
ACZ81_RS02165,-0.6582662558312797,2389.0270121942926,0.1854747814149417,0.3347390117124363,RNA,C5vsC1_rna
ACZ81_RS02170,0.1904726772676594,189.0748758383023,0.4698296447926852,0.6353072244382383,RNA,C5vsC1_rna
ACZ81_RS02175,0.7024274854279511,185.3693524326774,0.0815212839140997,0.1806980061123581,RNA,C5vsC1_rna
ACZ81_RS02180,0.7407909457002982,1028.3165093978391,0.0026138115169631,0.013223974534749,RNA,C5vsC1_rna
ACZ81_RS02185,-0.1228281129193876,1667.7281111565983,0.5140490720403357,0.6733153369330155,RNA,C5vsC1_rna
ACZ81_RS02190,0.0432351551186924,1121.4700381129023,0.915647470289198,0.9555444735934248,RNA,C5vsC1_rna
ACZ81_RS02205,1.4095029737957578,1154.6966843904852,5.133450529304424e-05,0.0005539162238840939,RNA,C5vsC1_rna
ACZ81_RS02215,-1.128793888049156,519.900256721826,0.026950821906425,0.0791557082639658,RNA,C5vsC1_rna
ACZ81_RS02220,0.1864870965615317,653.0388707353229,0.6742449778272639,0.7991233787229723,RNA,C5vsC1_rna
ACZ81_RS02225,0.421039571445421,2244.4802091028128,0.3642247314272031,0.531311019185377,RNA,C5vsC1_rna
ACZ81_RS02230,0.3163001333533486,289.3266381123664,0.5340109238622834,0.6901522398272979,RNA,C5vsC1_rna
ACZ81_RS02235,-1.02890749034894,243.10537894684757,0.0007027928760971762,0.0046993416981697,RNA,C5vsC1_rna
ACZ81_RS02240,0.0976446656932033,798.2863133721931,0.8527233405351875,0.9171919684255152,RNA,C5vsC1_rna
ACZ81_RS02245,0.6381567495108691,577.6772452591233,0.1289886456225222,0.2570802018070338,RNA,C5vsC1_rna
ACZ81_RS02250,0.6182364141658067,284.629510696806,0.0113889298807387,0.0416141955205136,RNA,C5vsC1_rna
ACZ81_RS02255,-1.159006671706097,1780.5917156457188,0.0233872042681422,0.0716255446746464,RNA,C5vsC1_rna
ACZ81_RS02260,-0.8101996146579035,607.6440001865311,0.0719622890493488,0.1645569255912133,RNA,C5vsC1_rna
ACZ81_RS02265,-0.4577440063089553,458.8607929133669,0.2178486879063175,0.3722354922828561,RNA,C5vsC1_rna
ACZ81_RS02270,0.8091901197579412,507.7314783680178,0.0139737957133682,0.0481639762904067,RNA,C5vsC1_rna
ACZ81_RS02275,0.3782761823479433,616.9934546167515,0.1582478027762464,0.3003264828468783,RNA,C5vsC1_rna
ACZ81_RS02280,0.246581736410205,1810.1653260284636,0.4473692734839894,0.6142524042497488,RNA,C5vsC1_rna
ACZ81_RS02285,0.1879057975916774,1763.668144447959,0.6324134695251951,0.7688348560613176,RNA,C5vsC1_rna
ACZ81_RS02290,1.4227443880988544,2329.703903549963,1.781654588270764e-06,3.263926122439409e-05,RNA,C5vsC1_rna
ACZ81_RS02295,0.5643200881446457,837.3303889928585,0.0340947589231007,0.0939479208787639,RNA,C5vsC1_rna
ACZ81_RS02300,0.2263308753831313,309.87927909763374,0.2963899416912611,0.4587640609819984,RNA,C5vsC1_rna
ACZ81_RS02305,-2.446623591176233,7176.564113441123,3.742216502003809e-07,8.434703711258024e-06,RNA,C5vsC1_rna
ACZ81_RS02310,0.8620224457642842,820.6230490937387,0.0138832421590707,0.0479755103722582,RNA,C5vsC1_rna
ACZ81_RS02315,0.7027622770364256,1596.9986193912114,0.0915576704059586,0.1977014928249225,RNA,C5vsC1_rna
ACZ81_RS02325,0.0094034853464597,524.6689977959983,0.9629598441282632,0.9865666227381488,RNA,C5vsC1_rna
ACZ81_RS02330,-0.2912670703741369,30211.04482952921,0.6262023001083817,0.7633921689561919,RNA,C5vsC1_rna
ACZ81_RS02335,-0.0415117465381767,1579.0941373510225,0.90754980969363,0.9497198061752602,RNA,C5vsC1_rna
ACZ81_RS02340,-0.0208353101114072,778.9245156294477,0.953586789454401,0.9802624547508604,RNA,C5vsC1_rna
ACZ81_RS02345,-1.0471855394865162,491.0677693381744,3.1172074900377813e-06,5.042837278238539e-05,RNA,C5vsC1_rna
ACZ81_RS02350,0.6257739693294853,500.9973556270502,0.0249160097365478,0.0749348058943252,RNA,C5vsC1_rna
ACZ81_RS02355,-0.9762295440212542,2612.653882570605,0.0378768669850873,0.1017148529746789,RNA,C5vsC1_rna
ACZ81_RS02360,0.6078486589045188,1720.933665845779,0.0021722428305671,0.0115024056644396,RNA,C5vsC1_rna
ACZ81_RS02365,0.3541150874120554,63.72882175696445,0.5438374851873242,0.6988712333669266,RNA,C5vsC1_rna
ACZ81_RS02370,1.5623977258232524,3890.151792394178,2.331777824066427e-05,0.0002852162387242228,RNA,C5vsC1_rna
ACZ81_RS02375,0.0539319243375685,2447.127998541515,0.8413735411250551,0.9101080202193912,RNA,C5vsC1_rna
ACZ81_RS02380,0.1753887368673544,794.1844859891248,0.3469811522954664,0.5140651340507426,RNA,C5vsC1_rna
ACZ81_RS02385,-1.658474942868328,60.644059316944336,0.0086315073811357,0.033588368198949,RNA,C5vsC1_rna
ACZ81_RS02390,-0.7632786008977268,134.14196329420628,0.0511134317370959,0.128082954377244,RNA,C5vsC1_rna
ACZ81_RS02395,0.2640116855887521,420.6940331831999,0.4510851435964503,0.6174526087031589,RNA,C5vsC1_rna
ACZ81_RS02400,0.2142844028770834,422.5549505501763,0.4793279489851925,0.6435956262813227,RNA,C5vsC1_rna
ACZ81_RS02405,-0.1260710319844706,171.74940112710263,0.6690963582685694,0.7960897358758898,RNA,C5vsC1_rna
ACZ81_RS02410,-0.7745638409350255,66.49839020136231,0.0278259746322932,0.080896963930986,RNA,C5vsC1_rna
ACZ81_RS02415,-0.3093146428272946,74.41480038870766,0.3800088215597854,0.5478244312245272,RNA,C5vsC1_rna
ACZ81_RS02420,1.3227968312359204,136.38781020536408,1.3865140398974746e-05,0.00018838898032955256,RNA,C5vsC1_rna
ACZ81_RS02425,-0.0787628777626019,837.8248300050772,0.6618714595905015,0.7904386693522638,RNA,C5vsC1_rna
ACZ81_RS02430,0.3239491984104674,174.8964167521322,0.6191297588926987,0.7582260661408753,RNA,C5vsC1_rna
ACZ81_RS02435,-0.9300719280323492,211.0150817432326,0.0096053357241436,0.0365969676403269,RNA,C5vsC1_rna
ACZ81_RS02440,-1.5778872388817564,238.28328896619635,8.877295760946767e-07,1.81712809147543e-05,RNA,C5vsC1_rna
ACZ81_RS02450,0.5053938594764659,626.8696338436433,0.2659958869459393,0.4251695212857005,RNA,C5vsC1_rna
ACZ81_RS02455,0.5973987588624976,512.3180567827804,0.0845014240441268,0.1856624935734046,RNA,C5vsC1_rna
ACZ81_RS02460,0.0930550665060281,563.9144795860955,0.7792931135243001,0.8703032172356656,RNA,C5vsC1_rna
ACZ81_RS02465,-0.9258778434917064,163.1411462837099,0.0005309042471982524,0.0037368207715076,RNA,C5vsC1_rna
ACZ81_RS02470,-1.9439714290726928,814.782895017107,2.682912860678836e-05,0.0003206474359533979,RNA,C5vsC1_rna
ACZ81_RS02475,0.7686630378635307,4582.660800004723,0.1361195065281637,0.2679644063743832,RNA,C5vsC1_rna
ACZ81_RS02480,-1.0108132796241964,259.95492945463207,0.0068532976181234,0.028551848436045,RNA,C5vsC1_rna
ACZ81_RS02485,-0.317758383571207,191.80052182572763,0.253252632421154,0.4126650948995729,RNA,C5vsC1_rna
ACZ81_RS02490,-0.1794987229592516,119.1312341612481,0.7111453041187146,0.8241596595101907,RNA,C5vsC1_rna
ACZ81_RS02495,0.0920886772428422,344.4167212597736,0.7871509346863071,0.8743215808309701,RNA,C5vsC1_rna
ACZ81_RS02500,0.0140217835750873,344.1556117569424,0.95506964501768,0.9802624547508604,RNA,C5vsC1_rna
ACZ81_RS02505,-0.4267589872403682,469.2244842212807,0.2149514977781221,0.3694881787000111,RNA,C5vsC1_rna
ACZ81_RS02510,-0.3666583490082467,180.5138562375746,0.2404288589612741,0.3995859909497232,RNA,C5vsC1_rna
ACZ81_RS02515,-0.5396796188772962,57.884432565632025,0.1139132773656697,0.2340092518131422,RNA,C5vsC1_rna
ACZ81_RS02520,0.0731323830498111,90.9104737957914,0.8161770681497954,0.8910217113344004,RNA,C5vsC1_rna
ACZ81_RS02525,-0.1928972169118882,122.74458139705072,0.7049360754694449,0.8201408303012483,RNA,C5vsC1_rna
ACZ81_RS02535,0.5954032489881922,914.2249561590072,0.1555903438961203,0.296497823560498,RNA,C5vsC1_rna
ACZ81_RS02540,-0.0862027599976891,108.2969642805588,0.8157246868349923,0.8910121000767736,RNA,C5vsC1_rna
ACZ81_RS02545,-0.395748011849542,119.7520939312904,0.1781722766992245,0.3253651224930765,RNA,C5vsC1_rna
ACZ81_RS02550,-0.0852388249740584,270.8137408787323,0.731044562112749,0.83846506094807,RNA,C5vsC1_rna
ACZ81_RS02555,-0.2928257728493003,292.5704964097481,0.2881448531368981,0.449120882200946,RNA,C5vsC1_rna
ACZ81_RS02560,-0.3095004303139208,28.77482627492021,0.5809625010951487,0.7276995174504329,RNA,C5vsC1_rna
ACZ81_RS02565,0.0580644132836513,128.85634782200282,0.8485728237762054,0.9144437735670524,RNA,C5vsC1_rna
ACZ81_RS02580,0.1968100658567084,49.85051043603911,0.630408962226235,0.767354598438002,RNA,C5vsC1_rna
ACZ81_RS02585,-1.53897766256917,43.56488534230278,0.0116715279842803,0.0424150093051925,RNA,C5vsC1_rna
ACZ81_RS02590,-2.513209836492881,233.28083353608253,1.1325124858588325e-12,8.414148320862288e-11,RNA,C5vsC1_rna
ACZ81_RS02610,-0.3666519117482157,112.98177704732016,0.209163420651406,0.3637467029273693,RNA,C5vsC1_rna
ACZ81_RS02615,0.2097971932819661,135.45594871120502,0.4170689699188931,0.5863758400159029,RNA,C5vsC1_rna
ACZ81_RS02620,0.6620713303490171,58.13231510836073,0.1211509851194372,0.2443729272494631,RNA,C5vsC1_rna
ACZ81_RS02625,0.6220543688016198,177.96676267175974,0.0176668574609151,0.0577194072745861,RNA,C5vsC1_rna
ACZ81_RS02635,-0.7182160633299861,164.89494969206197,0.131277993833197,0.2602210035863569,RNA,C5vsC1_rna
ACZ81_RS02640,-0.1391779265520371,21.0252043291539,0.8511442329950966,0.9159846198434354,RNA,C5vsC1_rna
ACZ81_RS02645,1.0131000127721936,4843.071903483577,0.0113181282145275,0.0415041018825719,RNA,C5vsC1_rna
ACZ81_RS02650,0.6911715942181645,12895.047986998788,0.247092313444468,0.405619624197711,RNA,C5vsC1_rna
ACZ81_RS02655,-0.0559463693156453,4181.034651814151,0.8106219231573881,0.8878522232803183,RNA,C5vsC1_rna
ACZ81_RS02660,0.0616878467182836,2581.7951815089414,0.7126443009188146,0.8244573863498382,RNA,C5vsC1_rna
ACZ81_RS02665,0.4895259657502548,210.96114493997848,0.2596985149914165,0.4182756215855053,RNA,C5vsC1_rna
ACZ81_RS02670,0.910980504732795,1060.3606073110875,0.0069523640532347,0.0288149634107207,RNA,C5vsC1_rna
ACZ81_RS02675,0.9303642528611776,8624.187058431135,0.0179793316859144,0.0585495768862733,RNA,C5vsC1_rna
ACZ81_RS02680,1.0047975265923197,6636.3030234914495,0.009340003641574,0.0357558154675527,RNA,C5vsC1_rna
ACZ81_RS02685,-0.8991270152151782,5498.099413224773,0.0104716632437718,0.03915406610812,RNA,C5vsC1_rna
ACZ81_RS02690,-0.2696160498410359,185.87477473788323,0.6333364836646307,0.7692842786746892,RNA,C5vsC1_rna
ACZ81_RS02695,-0.485031298665848,418.18290225894816,0.5722284964755865,0.7209747521336421,RNA,C5vsC1_rna
ACZ81_RS02700,-1.0950028124705085,320.3865354531412,0.2075817615492492,0.3617802030128531,RNA,C5vsC1_rna
ACZ81_RS02705,-1.339821776868419,429.7295937501454,0.0750418939627428,0.1700949596488837,RNA,C5vsC1_rna
ACZ81_RS02710,0.717779103135871,204.2703443025568,0.0812742423368961,0.1806494516651674,RNA,C5vsC1_rna
ACZ81_RS02715,-1.7812553497519374,37404.25005135247,0.0008949901841652413,0.0057176761446989,RNA,C5vsC1_rna
ACZ81_RS02720,-1.183014501097092,7361.565661563068,0.0083670592211064,0.0328801884026576,RNA,C5vsC1_rna
ACZ81_RS02725,0.3148604070781206,132.59092378469344,0.3545299088731787,0.521207033491826,RNA,C5vsC1_rna
ACZ81_RS02730,0.6233873453659514,726.7199985561618,0.0014048636436493,0.0080981507734497,RNA,C5vsC1_rna
ACZ81_RS02735,0.9712965541155972,285.9468295531703,0.0038385343069459,0.0181178819287846,RNA,C5vsC1_rna
ACZ81_RS02740,0.4405271203595493,111.01552648804098,0.3234852904734932,0.4902881749662823,RNA,C5vsC1_rna
ACZ81_RS02745,0.7774940501773735,219.28538064734977,0.1602560102369365,0.3031339524142336,RNA,C5vsC1_rna
ACZ81_RS02750,0.7364903321269668,165.2792090286131,0.0554954866524829,0.1370984559419713,RNA,C5vsC1_rna
ACZ81_RS02755,-0.0586335042561857,1253.1468155252246,0.7941679348359578,0.87691238053175,RNA,C5vsC1_rna
ACZ81_RS02760,-1.6010714120994105,2463.514953949189,9.665324457746758e-07,1.9486071218331657e-05,RNA,C5vsC1_rna
ACZ81_RS02765,-1.4705427112380758,13.212338441184658,0.0217283470629385,0.0677343655139932,RNA,C5vsC1_rna
ACZ81_RS02770,-0.4710572187621026,116.88218027708665,0.2030165816262851,0.3559888660335035,RNA,C5vsC1_rna
ACZ81_RS02780,-1.1170687155530128,10909.485432287702,7.664205003456605e-05,0.000786086112428332,RNA,C5vsC1_rna
ACZ81_RS02785,0.7504001688363832,1179.9143713907608,0.0121101791043894,0.0437308101080564,RNA,C5vsC1_rna
ACZ81_RS02790,0.7999123896956966,824.6482986092058,0.0033727999374743,0.0164674489786893,RNA,C5vsC1_rna
ACZ81_RS02795,0.8437201860385269,195.25932467213607,0.0199379539897377,0.0637887331792885,RNA,C5vsC1_rna
ACZ81_RS02800,0.5642209219167454,219.042326912685,0.03309563493642,0.0918890569999426,RNA,C5vsC1_rna
ACZ81_RS02805,0.0088688082852827,3306.437919420704,0.9815463196126912,0.9939880804983556,RNA,C5vsC1_rna
ACZ81_RS02810,0.8094905709965535,1731.4091035136903,0.0034513061913726,0.0167634872152388,RNA,C5vsC1_rna
ACZ81_RS02815,0.8980533797082775,245.830817238898,0.000738121710474947,0.0048947839709512,RNA,C5vsC1_rna
ACZ81_RS02820,0.8862428191126642,298.51616626711547,0.0006146707101427257,0.0042299466365224,RNA,C5vsC1_rna
ACZ81_RS02825,1.154305093054702,820.1964843789913,0.00012374914449550585,0.0011472030383687,RNA,C5vsC1_rna
ACZ81_RS02830,1.2534897380837875,218.18985499032848,0.0003901963969940033,0.002931587911498,RNA,C5vsC1_rna
ACZ81_RS02835,1.1133414524586929,116.64050966775469,0.0123520232843244,0.0442467119792051,RNA,C5vsC1_rna
ACZ81_RS02840,-0.4409030624571607,1136.400210906109,0.1871889790859116,0.3366132760557958,RNA,C5vsC1_rna
ACZ81_RS02845,-0.4900627349729347,441.2015245381412,0.1741793422878048,0.3204351280006315,RNA,C5vsC1_rna
ACZ81_RS02850,-1.0372316047223271,1443.995514038883,0.0541127191096562,0.134261118780421,RNA,C5vsC1_rna
ACZ81_RS02855,-4.15121201919116,850.8938573940624,5.932495171303214e-28,1.983430885605708e-25,RNA,C5vsC1_rna
ACZ81_RS02860,0.4196128488475524,58.23546009281663,0.5356652330244195,0.6916480399679636,RNA,C5vsC1_rna
ACZ81_RS02865,0.2316974519851087,1028.2823713828,0.5887879706801242,0.7343107705983645,RNA,C5vsC1_rna
ACZ81_RS02870,0.2272453961095656,161.01429652933157,0.4499988450130242,0.6163862636368226,RNA,C5vsC1_rna
ACZ81_RS02875,1.1975305197603798,138.15339811721472,0.00010148018343432682,0.0009810566167193235,RNA,C5vsC1_rna
ACZ81_RS02880,0.8762575427313458,1145.5868421546502,0.0110209098001182,0.0407519724590548,RNA,C5vsC1_rna
ACZ81_RS02885,-0.3720303627733294,233.2639674449164,0.1766868744588937,0.3236838996936446,RNA,C5vsC1_rna
ACZ81_RS02890,-0.1347677648517228,39.83917011049265,0.8022176365970494,0.8815385258908142,RNA,C5vsC1_rna
ACZ81_RS02895,-0.4540467955782311,157.7173259731351,0.1084634141519995,0.2248864173528797,RNA,C5vsC1_rna
ACZ81_RS02905,-1.552629759733442,949.7272701436508,3.253424921115296e-06,5.221096313405827e-05,RNA,C5vsC1_rna
ACZ81_RS02910,0.942300079948371,393.31765066669976,0.0039663852847967,0.018611857032286,RNA,C5vsC1_rna
ACZ81_RS02915,0.4281734352420557,5846.54858111759,0.209759139767966,0.3641513062523062,RNA,C5vsC1_rna
ACZ81_RS02920,0.1066322709946022,1829.7361348458687,0.5232584028362424,0.6813738111583916,RNA,C5vsC1_rna
ACZ81_RS02930,-0.2991859242295419,80.4170886500209,0.5269225337648851,0.6845897686090411,RNA,C5vsC1_rna
ACZ81_RS02935,0.6287128364099608,4336.002791670161,0.0147991920967545,0.0502746474954946,RNA,C5vsC1_rna
ACZ81_RS02940,0.2024946144714652,249.79431485039527,0.4175059764165657,0.5864964906804138,RNA,C5vsC1_rna
ACZ81_RS02945,-0.4159942819135933,267.8249626433046,0.1885153681258976,0.3377952911661908,RNA,C5vsC1_rna
ACZ81_RS02950,0.1870587435199901,248.3712147102337,0.5888030281692269,0.7343107705983645,RNA,C5vsC1_rna
ACZ81_RS02955,-0.3955989469031066,75.15972026700894,0.2795731000215099,0.4412161763410707,RNA,C5vsC1_rna
ACZ81_RS02960,0.7183404936335047,1013.7509819316696,0.0086078655820277,0.0335288900146555,RNA,C5vsC1_rna
ACZ81_RS02970,0.5562264149497671,446.08873715591005,0.0618015967513903,0.147576492191205,RNA,C5vsC1_rna
ACZ81_RS02975,0.5454481387004592,134.02522197039258,0.217124989751359,0.371156991428399,RNA,C5vsC1_rna
ACZ81_RS02980,0.3329773306096052,704.9235361787906,0.3386350471771513,0.5056210678357764,RNA,C5vsC1_rna
ACZ81_RS02985,0.1214410853655992,369.9079587237715,0.5981563362541757,0.7418247978521648,RNA,C5vsC1_rna
ACZ81_RS02990,0.5360152773828578,159.55114397887667,0.1586002626610541,0.3007108949887283,RNA,C5vsC1_rna
ACZ81_RS02995,0.447220738707137,166.56355572563976,0.1926333310851791,0.3434866330283283,RNA,C5vsC1_rna
ACZ81_RS03000,0.1949224373556312,441.3088000463068,0.4013747860239761,0.5700232359391831,RNA,C5vsC1_rna
ACZ81_RS03005,-0.7419483480306308,162.89644693624558,0.0166117119373034,0.0548980134204788,RNA,C5vsC1_rna
ACZ81_RS03010,-0.2575768082783764,326.0451310921832,0.3040436690862869,0.4670073508323825,RNA,C5vsC1_rna
ACZ81_RS03015,-0.2731330781229437,591.9404206368907,0.36183819693144,0.5286579920207346,RNA,C5vsC1_rna
ACZ81_RS03020,1.0186421016908125,261.8668631943917,0.0144437345142597,0.0493176705286894,RNA,C5vsC1_rna
ACZ81_RS03025,-5.180338024269124,8136.44604290953,4.4430657882559446e-17,7.427324976034521e-15,RNA,C5vsC1_rna
ACZ81_RS03030,0.0727375772243311,490.3468894617749,0.8447920598006574,0.9125755907162728,RNA,C5vsC1_rna
ACZ81_RS03035,-0.2492109049750485,2889.758560441578,0.4725094650341662,0.6377491614273805,RNA,C5vsC1_rna
ACZ81_RS03040,-0.3349403381127646,377.7166963023065,0.3883362140607788,0.5566291142593228,RNA,C5vsC1_rna
ACZ81_RS03045,-1.1116982467729908,4468.9942760009135,6.995880780137804e-07,1.4929507281868544e-05,RNA,C5vsC1_rna
ACZ81_RS03050,0.285239075278102,204.10980942899133,0.318382038638431,0.4842110458746722,RNA,C5vsC1_rna
ACZ81_RS03055,-0.4028151065329519,162.59815557434666,0.2538351183372539,0.4131385374316684,RNA,C5vsC1_rna
ACZ81_RS03060,-0.0195970364661515,151.53587359902943,0.951220240564297,0.9785373346522972,RNA,C5vsC1_rna
ACZ81_RS03065,0.0717629600094449,572.7775064115228,0.861712085739359,0.9224089882567524,RNA,C5vsC1_rna
ACZ81_RS03070,-0.9383473772777364,773.8887876559737,0.0039134088771981,0.0184063263954499,RNA,C5vsC1_rna
ACZ81_RS03075,-0.6927396820195175,122.70202112508132,0.133305752117493,0.2633297279642451,RNA,C5vsC1_rna
ACZ81_RS03080,-0.5023974388168803,273.4896957016963,0.1443109457772623,0.28187707617253,RNA,C5vsC1_rna
ACZ81_RS03085,-0.1922307382411489,368.1585276362955,0.4776028459031732,0.6423542131289075,RNA,C5vsC1_rna
ACZ81_RS03090,-0.3132883870145085,109.19317661948472,0.3530353051076113,0.5204162830304998,RNA,C5vsC1_rna
ACZ81_RS03095,2.9780165413261117,144.01717502716133,2.1024487528501205e-08,6.112336519155567e-07,RNA,C5vsC1_rna
ACZ81_RS03100,-0.4586078243055936,130.99833810331293,0.2165977155072661,0.370413484490687,RNA,C5vsC1_rna
ACZ81_RS03105,1.1915008923968642,1484.0084960586837,0.0003931153636931695,0.0029479978301626,RNA,C5vsC1_rna
ACZ81_RS03110,4.869831119954271,414.7962835782666,9.75535970704397e-16,1.2230782232706376e-13,RNA,C5vsC1_rna
ACZ81_RS03115,3.682794645021828,41.02885313869543,6.493146908041083e-05,0.0006873484273103121,RNA,C5vsC1_rna
ACZ81_RS03120,2.5751274202575223,686.4991240816737,0.00019892772667697811,0.0016873108655983,RNA,C5vsC1_rna
ACZ81_RS03125,1.821591270683474,53.64896983009309,0.0074579359817774,0.0305007534749146,RNA,C5vsC1_rna
ACZ81_RS03130,0.8409431678529022,531.7145151338549,3.151325340399152e-06,5.077557134811807e-05,RNA,C5vsC1_rna
ACZ81_RS03135,-1.643149943419313,633.0446405524974,5.117495074187327e-06,7.806612257657626e-05,RNA,C5vsC1_rna
ACZ81_RS03140,-1.3989957176584202,807.9365086882501,5.754278054649125e-05,0.000615631028140061,RNA,C5vsC1_rna
ACZ81_RS03145,-0.5163391444544551,1601.5623154581654,0.0604481099779167,0.1454815940200371,RNA,C5vsC1_rna
ACZ81_RS03150,4.496114298009377,152.86134403326108,1.937689774229717e-07,4.71152204497553e-06,RNA,C5vsC1_rna
ACZ81_RS03155,4.242680450230915,52.8118213638186,1.4512507957188812e-05,0.0001947297054322459,RNA,C5vsC1_rna
ACZ81_RS03160,5.0058909274213415,77.8572171565103,1.2800802751532779e-09,5.2404919019540325e-08,RNA,C5vsC1_rna
ACZ81_RS03165,1.460326206083688,128.16265847813494,0.0239163929742303,0.0726913398580395,RNA,C5vsC1_rna
ACZ81_RS03170,0.0907941436804466,159.91494839168118,0.7581806338522835,0.857092336718896,RNA,C5vsC1_rna
ACZ81_RS03175,-0.237930236747128,1789.008178178055,0.263064081767153,0.4216592473231395,RNA,C5vsC1_rna
ACZ81_RS03180,0.7101479014037543,1071.690425815295,0.0305554315929493,0.086696175071367,RNA,C5vsC1_rna
ACZ81_RS03185,0.944483191060994,162.97510176045583,0.0821491836962411,0.1817884859290234,RNA,C5vsC1_rna
ACZ81_RS03190,-0.4977555448104657,855.1421752219179,0.0139365867524948,0.0480770301384429,RNA,C5vsC1_rna
ACZ81_RS03195,-0.7134966946143214,1454.6076537173178,0.0317896206047133,0.0892086990274089,RNA,C5vsC1_rna
ACZ81_RS03200,-3.172301688308208,91609.2449735905,2.347778344089019e-07,5.476329486328572e-06,RNA,C5vsC1_rna
ACZ81_RS03205,-0.7172146836088531,4218.141195354844,0.0731244028974652,0.1669750167470861,RNA,C5vsC1_rna
ACZ81_RS03210,-0.6583524997600153,493.9590652573486,0.0057564348929749,0.024833136333995,RNA,C5vsC1_rna
ACZ81_RS03215,-0.4234017676389825,193.466398776135,0.0880463322689965,0.1915628443943677,RNA,C5vsC1_rna
ACZ81_RS03220,0.936566057584644,689.627116389094,0.002652831184778,0.0133876210230561,RNA,C5vsC1_rna
ACZ81_RS03225,0.8265396148912338,484.0882278592145,0.0083439964524884,0.0328801884026576,RNA,C5vsC1_rna
ACZ81_RS03230,-0.7290273875500636,50.99005833671315,0.0488977078093916,0.1243112229573584,RNA,C5vsC1_rna
ACZ81_RS03235,1.216085336565958,211.81733498558756,1.3242429512952897e-06,2.4943017467590147e-05,RNA,C5vsC1_rna
ACZ81_RS03240,0.681033041027402,319.507772057835,0.0063600549940445,0.0267468979414117,RNA,C5vsC1_rna
ACZ81_RS03245,-0.1558693011035988,2052.697750316102,0.7671414218204204,0.8627683855778274,RNA,C5vsC1_rna
ACZ81_RS03250,-0.2109898923447913,2969.85669964766,0.6958494503793088,0.8152177807132663,RNA,C5vsC1_rna
ACZ81_RS03255,-1.2838656332398868,1643.0226811455427,0.0002816790603962828,0.0022346108999194,RNA,C5vsC1_rna
ACZ81_RS03260,0.0052624814931306,13180.981750877972,0.9831112355075348,0.9940126705786868,RNA,C5vsC1_rna
ACZ81_RS03265,0.4031929865366632,795.4286171260484,0.0882431841257659,0.1918870757249718,RNA,C5vsC1_rna
ACZ81_RS03270,0.7173535850185898,353.43215527534426,0.0292460526974154,0.0838707386862263,RNA,C5vsC1_rna
ACZ81_RS03275,1.3116110467707656,6252.258157204881,0.019722016340456,0.0634012256072994,RNA,C5vsC1_rna
ACZ81_RS03280,0.5338297066425041,966.36134557199,0.0296127760643596,0.0844996142035638,RNA,C5vsC1_rna
ACZ81_RS03285,0.3028415220678535,159.42829376441296,0.2810895749524565,0.4420742354799121,RNA,C5vsC1_rna
ACZ81_RS03290,0.6437080848681335,335.0465772819073,0.0570418167595561,0.139884627250683,RNA,C5vsC1_rna
ACZ81_RS03295,-0.5035579196627165,586.9339582590849,0.1869238227854212,0.3366132760557958,RNA,C5vsC1_rna
ACZ81_RS03300,0.0322357831597103,180.9399892220113,0.9041622993536782,0.9486137931503548,RNA,C5vsC1_rna
ACZ81_RS03305,0.4180823364297704,286.31514707349504,0.034885141581746,0.0954701146152559,RNA,C5vsC1_rna
ACZ81_RS03310,1.0432255432800746,202.51748836704724,0.0235619042578607,0.0720505791787631,RNA,C5vsC1_rna
ACZ81_RS03315,0.0573835701548537,656.7249708720606,0.8450832782784736,0.9126444448057164,RNA,C5vsC1_rna
ACZ81_RS03320,-1.3701203938226554,4106.902656666334,6.071566787166133e-07,1.3310997786945643e-05,RNA,C5vsC1_rna
ACZ81_RS03325,1.0230232299551272,269.6788528350476,0.005178879792123,0.0229332514090367,RNA,C5vsC1_rna
ACZ81_RS03330,0.0757087055025867,207.02717103556915,0.81152716778867,0.888119748272816,RNA,C5vsC1_rna
ACZ81_RS03335,0.8470950564002202,250.38000495070827,0.025786349175745,0.0766332095504362,RNA,C5vsC1_rna
ACZ81_RS03340,-0.5804740607290951,899.3312204367205,0.046221840987357,0.1188730936162029,RNA,C5vsC1_rna
ACZ81_RS03345,0.8498001343022102,430.7297943878221,0.0071997736540958,0.0296565625259062,RNA,C5vsC1_rna
ACZ81_RS03350,0.4690910637315129,489.0166382071181,0.0152218459074353,0.0513005859015338,RNA,C5vsC1_rna
ACZ81_RS03355,0.4512659729739826,337.7024562525918,0.0267778279977936,0.0788207233508056,RNA,C5vsC1_rna
ACZ81_RS03360,2.0006662274995386,756.0173665320158,,,RNA,C5vsC1_rna
ACZ81_RS03365,0.6591990146145246,567.4883682915207,0.00021125235001746764,0.0017768227007758,RNA,C5vsC1_rna
ACZ81_RS03370,4.301907877573666,611.6175878441458,8.307557894501631e-10,3.7033246969711724e-08,RNA,C5vsC1_rna
ACZ81_RS03375,3.0028682784870693,578.457276090919,1.814607158426889e-05,0.0002311184946587432,RNA,C5vsC1_rna
ACZ81_RS03380,2.411869311323165,139.48453497365884,0.0002003620909620722,0.0016958917910123,RNA,C5vsC1_rna
ACZ81_RS03385,1.9104524136588423,77.14267027559477,0.006950137385381,0.0288149634107207,RNA,C5vsC1_rna
ACZ81_RS03390,2.756677822583082,161.6726057815644,5.395429046772295e-09,1.8344458759025806e-07,RNA,C5vsC1_rna
ACZ81_RS03395,2.8144162553220355,353.85034259120505,1.6191099003515078e-13,1.4763338455023296e-11,RNA,C5vsC1_rna
ACZ81_RS03400,-1.1974485594666686,557.9772172525585,0.0005688898936001128,0.0039624761338952,RNA,C5vsC1_rna
ACZ81_RS03405,-1.0750267911300797,1748.4652958673114,0.0249452654507414,0.0749665954969098,RNA,C5vsC1_rna
ACZ81_RS03410,0.6453452869988908,967.1352896938296,0.2115845679500933,0.3660531636980484,RNA,C5vsC1_rna
ACZ81_RS03415,0.7518803075393112,53.588130127754205,0.0809076795358207,0.1802340978887911,RNA,C5vsC1_rna
ACZ81_RS03420,-0.1728622186985347,447.4685185559888,0.3571617743837258,0.5237328358287676,RNA,C5vsC1_rna
ACZ81_RS03425,0.3898894291735531,5961.413957458747,0.454420858958654,0.6207478672598298,RNA,C5vsC1_rna
ACZ81_RS03435,-1.1651814038750878,123.06574506597678,0.0042061723793573,0.019486332085429,RNA,C5vsC1_rna
ACZ81_RS03440,-0.0512993869660933,108.23195875369171,0.8783473840705507,0.9311435486503108,RNA,C5vsC1_rna
ACZ81_RS03445,0.9760650792024976,39.18884788446857,0.1487982832435478,0.287761315786582,RNA,C5vsC1_rna
ACZ81_RS03450,-0.5437373136769816,10.905467084891583,0.3955818384799232,0.5643934338483115,RNA,C5vsC1_rna
ACZ81_RS03455,0.5378952932725992,4057.572316619641,0.3014905055230825,0.4636280916295462,RNA,C5vsC1_rna
ACZ81_RS03460,0.7098929594716373,768.6022849484333,0.0036694024324235,0.0174758715666804,RNA,C5vsC1_rna
ACZ81_RS03465,0.6924472888964657,1657.4209085014147,0.0413996281417145,0.1091296373880148,RNA,C5vsC1_rna
ACZ81_RS03470,-1.0532242720405234,314.43331874465906,0.0015225850518157,0.0086158127332646,RNA,C5vsC1_rna
ACZ81_RS03475,0.2247367929670518,3736.996103627256,0.4191586562365734,0.5886120156881808,RNA,C5vsC1_rna
ACZ81_RS03480,0.7503132048239698,131.4654693037458,0.0715752127601019,0.1640912877677308,RNA,C5vsC1_rna
ACZ81_RS03485,0.419558226146329,58.67351574373555,0.3537342345524664,0.5204807272719394,RNA,C5vsC1_rna
ACZ81_RS03490,-0.5392384552073315,701.2818803987094,0.0036063273122803,0.017265614769533,RNA,C5vsC1_rna
ACZ81_RS03495,-0.2832828156721458,579.8836059840198,0.2021435177282039,0.3549543543801807,RNA,C5vsC1_rna
ACZ81_RS03500,-0.4553172171224869,2127.453868561952,0.0488591292084187,0.1243010947268078,RNA,C5vsC1_rna
ACZ81_RS03505,-0.1165451359237496,2275.6660708035747,0.6833687605459017,0.8058601020384677,RNA,C5vsC1_rna
ACZ81_RS03515,-0.4810452913261971,498.21725381775536,0.1134593319746646,0.2331961269889111,RNA,C5vsC1_rna
ACZ81_RS03520,0.1426728234501842,334.33239472562514,0.5436946156157951,0.6988712333669266,RNA,C5vsC1_rna
ACZ81_RS03525,-1.317142593895491,2101.949845348768,0.0043958819121026,0.0202250897148574,RNA,C5vsC1_rna
ACZ81_RS03530,0.0334618218927053,661.0731994269512,0.8536154989433885,0.917685664715468,RNA,C5vsC1_rna
ACZ81_RS03535,0.4425596298396977,39.63171234922243,0.3504195525932025,0.5181821824209593,RNA,C5vsC1_rna
ACZ81_RS03540,0.1965160139040374,181.022061238293,0.5315125309566942,0.6883241685597988,RNA,C5vsC1_rna
ACZ81_RS03545,-0.8549475598516146,879.7963545138632,1.7047799258063438e-05,0.0002235155902723873,RNA,C5vsC1_rna
ACZ81_RS03550,-0.6674771222719147,347.54566800180163,0.0064537605642071,0.0270558906829666,RNA,C5vsC1_rna
ACZ81_RS03555,-0.6116375733915256,697.9903059078546,0.0102838074744901,0.0385955431128667,RNA,C5vsC1_rna
ACZ81_RS03560,0.2438931082296823,1254.6632784556857,0.3732670307727099,0.5412169596892347,RNA,C5vsC1_rna
ACZ81_RS03565,-0.0235043107489699,327.18440645025174,0.9343877164153994,0.9659272141867,RNA,C5vsC1_rna
ACZ81_RS03570,-1.380916215361799,937.6091785076296,0.0022211101595876,0.011666935178921,RNA,C5vsC1_rna
ACZ81_RS03575,1.2371757972839776,348.3019430677522,0.0205610357068252,0.0652101780678126,RNA,C5vsC1_rna
ACZ81_RS03580,0.4091899344250919,57.86522880011889,0.5653019831593923,0.7152291253344314,RNA,C5vsC1_rna
ACZ81_RS03585,-1.44581358997843,123.52174851724918,0.0041019338753204,0.0191582755620324,RNA,C5vsC1_rna
ACZ81_RS03590,-0.5185077872949929,63.32206184938544,0.4251892039354708,0.5935487425849371,RNA,C5vsC1_rna
ACZ81_RS03595,-0.0951841187284713,74.09502797592654,0.8816832849404664,0.9330818620894622,RNA,C5vsC1_rna
ACZ81_RS03600,0.129969695302342,136.7497696302608,0.8353176107911098,0.904846380567544,RNA,C5vsC1_rna
ACZ81_RS03605,-1.1352645212893655,109.14552649875226,0.1984222585686054,0.3508455706173278,RNA,C5vsC1_rna
ACZ81_RS03610,0.195144243311392,61.84298777099378,0.7027745884219325,0.8186793405193941,RNA,C5vsC1_rna
ACZ81_RS03615,1.064206091465944,35.96255914786888,0.242229449713572,0.40108318293473,RNA,C5vsC1_rna
ACZ81_RS03620,-1.0220835668217478,164.44392915218518,0.0632061613839182,0.148641922316694,RNA,C5vsC1_rna
ACZ81_RS03625,0.7774313468277737,44.8022102592576,0.198684231416393,0.3508455706173278,RNA,C5vsC1_rna
ACZ81_RS03630,1.4686309753817717,15.839151504511111,0.0382966918731547,0.1025676420528016,RNA,C5vsC1_rna
ACZ81_RS03635,2.912898928027458,19.237607782731438,0.0053812875311424,0.0236729447093676,RNA,C5vsC1_rna
ACZ81_RS03640,-0.5685956395053338,134.85585932756578,0.0807307633414775,0.1799399014033377,RNA,C5vsC1_rna
ACZ81_RS03645,-0.1697407466969651,201.3472717050916,0.6946755679696499,0.8144472176195895,RNA,C5vsC1_rna
ACZ81_RS03650,0.2177700063381451,424.9241368076045,0.2774524765224292,0.4392815058437199,RNA,C5vsC1_rna
ACZ81_RS03655,1.2620378121996725,7159.704832778554,0.0017689791741538,0.0096559788390545,RNA,C5vsC1_rna
ACZ81_RS03660,1.0588001119487778,4225.2973337006415,0.0006807675437623568,0.0045672899424324,RNA,C5vsC1_rna
ACZ81_RS03665,0.3000930205253252,3535.8864759395783,0.3313148816786336,0.4982141324192946,RNA,C5vsC1_rna
ACZ81_RS03670,0.4802812953073065,2453.413023176276,0.4535280099542481,0.6199503836240012,RNA,C5vsC1_rna
ACZ81_RS03675,0.5567968506670549,1499.0555908659703,0.1789280492320224,0.3262996970540337,RNA,C5vsC1_rna
ACZ81_RS03680,0.0149009444275195,4508.839035707289,0.9262066915328646,0.962224800989446,RNA,C5vsC1_rna
ACZ81_RS03685,0.2987245708831104,1664.081364352796,0.1188691861107739,0.2406171416127271,RNA,C5vsC1_rna
ACZ81_RS03690,-0.210064656384226,98.13270556136442,0.7276705326086825,0.8361540261507966,RNA,C5vsC1_rna
ACZ81_RS03695,-0.4687849349886528,55.11373420650511,0.5823308298835421,0.7287309075149004,RNA,C5vsC1_rna
ACZ81_RS03700,-2.340168120314257,247.0139077603924,2.628129919034544e-06,4.357048444283714e-05,RNA,C5vsC1_rna
ACZ81_RS03705,0.0165032347792803,391.8278832232808,0.9510051546737308,0.9785373346522972,RNA,C5vsC1_rna
ACZ81_RS03710,-0.0684991038370386,79.81547623065164,0.8722914832551706,0.9295175115059082,RNA,C5vsC1_rna
ACZ81_RS03715,0.5060706301926337,576.3843186569745,0.0701041687469827,0.1615496410183198,RNA,C5vsC1_rna
ACZ81_RS03720,0.1257282917881247,563.0528017927071,0.7278093281360898,0.8361540261507966,RNA,C5vsC1_rna
ACZ81_RS03725,-0.2726139180682603,1574.264270173899,0.3764164096598515,0.5444061411518833,RNA,C5vsC1_rna
ACZ81_RS03730,-0.4735379204317034,3480.090248779657,0.0419711809220645,0.1104186084323429,RNA,C5vsC1_rna
ACZ81_RS03735,-0.5157741585140155,455.0432352661966,0.2025036759626375,0.3554001522143926,RNA,C5vsC1_rna
ACZ81_RS03740,-0.6958351444682029,618.1872287804042,0.0586742784009889,0.1424946761166875,RNA,C5vsC1_rna
ACZ81_RS03745,0.2652959131661154,188.2819736352629,0.2855930650546935,0.4462736660457843,RNA,C5vsC1_rna
ACZ81_RS03750,0.2519300073158981,183.4046497121253,0.4412668805691555,0.6083720703929388,RNA,C5vsC1_rna
ACZ81_RS03755,0.3133620786975107,388.8916382062346,0.2532525523057132,0.4126650948995729,RNA,C5vsC1_rna
ACZ81_RS03760,0.3762277074804372,376.7660621392308,0.2103637996146432,0.3647275557709372,RNA,C5vsC1_rna
ACZ81_RS03765,-1.397607862247126,1885.2715551781364,0.019369786931025,0.062469119909383,RNA,C5vsC1_rna
ACZ81_RS03770,-1.2521555221678629,895.2306294531954,0.0056440207331073,0.024481307237431,RNA,C5vsC1_rna
ACZ81_RS03775,-0.4589167552023838,753.1264561200711,0.2081739042307668,0.3624972672629498,RNA,C5vsC1_rna
ACZ81_RS03780,-1.0104152347334825,1301.0576243051646,1.6127100666401108e-05,0.00021353771575445955,RNA,C5vsC1_rna
ACZ81_RS03785,-0.5847060663528951,674.6576504282131,0.0432697175249306,0.1127992896101505,RNA,C5vsC1_rna
ACZ81_RS03790,-0.2394511979157529,580.5177550354498,0.3839232533774659,0.5522768349051249,RNA,C5vsC1_rna
ACZ81_RS03795,-0.1852898163664039,2109.2775508821483,0.3741983549868499,0.5423450582515238,RNA,C5vsC1_rna
ACZ81_RS03805,-0.0786690692523974,841.0442865909417,0.7488728863298003,0.8504041947226603,RNA,C5vsC1_rna
ACZ81_RS03810,-0.8727225730460233,4870.993735066737,0.005868763298202,0.0251823297886486,RNA,C5vsC1_rna
ACZ81_RS03815,-1.436745763485101,2235.370464262448,6.467466169489443e-05,0.0006864411183066573,RNA,C5vsC1_rna
ACZ81_RS03820,-0.1479240891228599,605.7898681615371,0.4744018822183591,0.6393350189654206,RNA,C5vsC1_rna
ACZ81_RS03830,0.9222135746634712,2123.5554931242377,0.001285494683481,0.0075955886157966,RNA,C5vsC1_rna
ACZ81_RS03835,-0.0372145517353191,82.78001248573572,0.9244112562025836,0.9610619227480606,RNA,C5vsC1_rna
ACZ81_RS03840,-0.9219686181106226,389.7977094253949,0.0023558550225643,0.0121957294845522,RNA,C5vsC1_rna
ACZ81_RS03845,-0.3738235514242507,145.31270947451597,0.4347419030015572,0.6033152939613448,RNA,C5vsC1_rna
ACZ81_RS03850,0.706508395321272,385.23009518579306,0.0562638923213257,0.138336125269916,RNA,C5vsC1_rna
ACZ81_RS03855,0.7351829573200106,868.187531048015,0.0503276457442002,0.1268307253302332,RNA,C5vsC1_rna
ACZ81_RS03860,0.5965035037177588,387.8631299021459,0.134077696694565,0.2646247866734954,RNA,C5vsC1_rna
ACZ81_RS03865,0.1595889909625323,1806.8294971363832,0.5874696499212058,0.7333317471947348,RNA,C5vsC1_rna
ACZ81_RS03870,0.5048436545222025,853.3131355905114,0.2719349124893616,0.4325943175683261,RNA,C5vsC1_rna
ACZ81_RS03875,1.0681893668128557,129.177864560824,0.0115648407296036,0.0421035762315516,RNA,C5vsC1_rna
ACZ81_RS03880,0.8609867676003052,189.055264294323,0.0013251287324239,0.0077848449763919,RNA,C5vsC1_rna
ACZ81_RS03885,-0.0892203136577284,272.92348017071663,0.7007093268510102,0.8179942843240184,RNA,C5vsC1_rna
ACZ81_RS03895,-0.2014748312407228,692.5064826788016,0.5816060562259556,0.7282782451868083,RNA,C5vsC1_rna
ACZ81_RS03900,1.7045406299114096,605.2160842034922,3.0242838483569346e-08,8.666733428291442e-07,RNA,C5vsC1_rna
ACZ81_RS03905,-0.2873591127099161,88.84296192521674,0.4618830702252102,0.6279481117395945,RNA,C5vsC1_rna
ACZ81_RS03910,-1.1017343230170344,1508.9629012551293,1.0125850040518254e-06,2.0211398190327977e-05,RNA,C5vsC1_rna
ACZ81_RS03915,-1.5544970518391286,1487.6372189335002,2.941331007177829e-09,1.0926500000738379e-07,RNA,C5vsC1_rna
ACZ81_RS03920,-0.1819040706517893,350.9310368097898,0.6375913368145456,0.7712718367026337,RNA,C5vsC1_rna
ACZ81_RS03925,-0.5718398477180743,966.3291036046136,0.0619444480838345,0.1475778656249074,RNA,C5vsC1_rna
ACZ81_RS03930,0.8127063806558961,1439.7184707331623,5.136012843591299e-05,0.0005539162238840939,RNA,C5vsC1_rna
ACZ81_RS03935,0.7022841320828135,2544.370321247223,0.0326901996682239,0.0910153234343612,RNA,C5vsC1_rna
ACZ81_RS03940,1.101902864105545,408.9566445721129,0.00014401454980317768,0.0013072089905211,RNA,C5vsC1_rna
ACZ81_RS03945,0.7280023628175654,1146.9755130754438,0.0096203016902865,0.0366192128856066,RNA,C5vsC1_rna
ACZ81_RS03955,0.9093597249307432,3529.833138039578,0.0378292918277647,0.1016551365123859,RNA,C5vsC1_rna
ACZ81_RS03960,0.7794300803269506,4.396017084796394,0.5206660050878902,0.6788794320482988,RNA,C5vsC1_rna
ACZ81_RS03965,-0.4904233686295824,45.26230421824918,0.3182889887505305,0.4842110458746722,RNA,C5vsC1_rna
ACZ81_RS03970,-0.3144272685811585,172.29990867036398,0.4780995142335564,0.642591373904532,RNA,C5vsC1_rna
ACZ81_RS03975,0.2053990868313021,114.38287235687112,0.5358031177020017,0.6916480399679636,RNA,C5vsC1_rna
ACZ81_RS03980,0.149553831427548,29.05189463708432,0.8574995648944277,0.9206580223487344,RNA,C5vsC1_rna
ACZ81_RS03985,-1.343187705977648,9.806590665294832,0.1740766950947674,0.3204351280006315,RNA,C5vsC1_rna
ACZ81_RS03990,0.4687238466829244,44.19192973384863,0.3661184785676796,0.5331641873007371,RNA,C5vsC1_rna
ACZ81_RS03995,-0.0968909919050168,120.73264254304142,0.8002139272010672,0.8801245660690871,RNA,C5vsC1_rna
ACZ81_RS04000,-1.734746681271842,1129.5136885476848,0.0005117316066053193,0.0036596563381471,RNA,C5vsC1_rna
ACZ81_RS04005,0.8451927956110277,365.1823060819875,0.0015332744912437,0.0086518948788609,RNA,C5vsC1_rna
ACZ81_RS04010,-0.7526647130134236,1853.1321288930053,0.0001032205134191781,0.0009893046215947662,RNA,C5vsC1_rna
ACZ81_RS04015,-0.4395353747389648,923.6399830539284,0.1342338579875155,0.26477199520448,RNA,C5vsC1_rna
ACZ81_RS04020,-0.3386361086160076,819.8337973600403,0.1671487817209028,0.3122563229182056,RNA,C5vsC1_rna
ACZ81_RS04025,0.4947499800523343,250.8224080414292,0.0587116430948211,0.1424955192123097,RNA,C5vsC1_rna
ACZ81_RS04030,-0.1483531373631301,128.5398635526662,0.6467824832297057,0.77831173446838,RNA,C5vsC1_rna
ACZ81_RS04035,-0.1292369107052327,183.11859674490785,0.6728793092269769,0.7983011009434299,RNA,C5vsC1_rna
ACZ81_RS04040,0.5834064003734316,101.42198424075816,0.089757331630338,0.1945469554299924,RNA,C5vsC1_rna
ACZ81_RS04045,1.1972612176830688,1435.7360787720288,0.0045146689189489,0.0205827860259355,RNA,C5vsC1_rna
ACZ81_RS04050,0.0060132562670274,863.8698925152737,0.9800094394470532,0.9931290404298,RNA,C5vsC1_rna
ACZ81_RS04055,-0.4350340894519505,899.7745321018443,0.1300847685328013,0.2582385409963379,RNA,C5vsC1_rna
ACZ81_RS04060,0.3500524577775362,761.3247765271346,0.5590070160145546,0.7096020257055505,RNA,C5vsC1_rna
ACZ81_RS04065,0.3977810247269998,1073.4206509799894,0.4218061982301986,0.5910374604318109,RNA,C5vsC1_rna
ACZ81_RS04070,0.9476341311720948,1479.82923343392,0.0576708133361472,0.1409606818940439,RNA,C5vsC1_rna
ACZ81_RS04075,-1.0830117022774648,2180.012442212475,0.0033739389482758,0.0164674489786893,RNA,C5vsC1_rna
ACZ81_RS04080,-1.5055965562726283,5799.521110139827,0.0005850290687438944,0.0040510439916915,RNA,C5vsC1_rna
ACZ81_RS04090,-0.7929535224345249,89.10066634473341,0.053145246548124,0.1323517871825409,RNA,C5vsC1_rna
ACZ81_RS04095,-0.6915003739529236,77.19202618215083,0.167816283139237,0.3128619553692467,RNA,C5vsC1_rna
ACZ81_RS04100,0.492994933347258,1094.451728671165,0.1756317989426105,0.3221923993405367,RNA,C5vsC1_rna
ACZ81_RS04105,-1.5524106444429124,1579.0359943035742,0.00038658177621031937,0.0029098800865962,RNA,C5vsC1_rna
ACZ81_RS04115,-0.5721517271213474,78.04751506161134,0.1171067470317328,0.2386146618036121,RNA,C5vsC1_rna
ACZ81_RS04120,0.2436839720360994,12249.904351637037,0.7467233919317817,0.8484435707817356,RNA,C5vsC1_rna
ACZ81_RS04130,-0.2676786481762716,364.39282081058855,0.4610658404071142,0.6270495429536753,RNA,C5vsC1_rna
ACZ81_RS04135,0.7406570725908551,226.57567424574503,0.0559333725933447,0.1378407191919528,RNA,C5vsC1_rna
ACZ81_RS04140,-0.1190352013123037,501.4303457981525,0.5444524736025362,0.6991809430006819,RNA,C5vsC1_rna
ACZ81_RS04145,-0.2346939111320687,176.36365247992185,0.3503356169331151,0.5181821824209593,RNA,C5vsC1_rna
ACZ81_RS04150,0.4506793364827555,246.23033025760927,0.2280477459492699,0.384908521980846,RNA,C5vsC1_rna
ACZ81_RS04155,-2.0769772973687908,345.7294920964857,0.00012256912082941646,0.0011462641323254,RNA,C5vsC1_rna
ACZ81_RS04160,-2.456503327433768,547.8280858078372,2.8672132313229494e-05,0.0003373389878025711,RNA,C5vsC1_rna
ACZ81_RS04165,-2.487857162779508,657.1974070139142,7.02490672500148e-05,0.0007245225136428261,RNA,C5vsC1_rna
ACZ81_RS04170,-2.6112292329950515,1798.2066147137848,7.360175963183927e-07,1.5379701023069746e-05,RNA,C5vsC1_rna
ACZ81_RS04175,-2.3288588562014474,1040.076378912098,1.1004978990926832e-06,2.1537549127609e-05,RNA,C5vsC1_rna
ACZ81_RS04180,-1.0731665027576005,1289.0437258722743,0.0319273585449254,0.0895126222796932,RNA,C5vsC1_rna
ACZ81_RS04185,-1.199341082464462,440.5093679396615,0.0008630628909275591,0.0055579587775302,RNA,C5vsC1_rna
ACZ81_RS04190,0.3049592903850779,250.42804780986663,0.2462120112214122,0.4048371266476663,RNA,C5vsC1_rna
ACZ81_RS04195,0.49299262995013,213.37410028044744,0.0515769338826738,0.128845989251113,RNA,C5vsC1_rna
ACZ81_RS04200,-0.4934348409903378,641.4862109483491,0.1984356404973241,0.3508455706173278,RNA,C5vsC1_rna
ACZ81_RS04205,1.8233176642756512,384.2540056894174,0.0165429097509809,0.054715708096402,RNA,C5vsC1_rna
ACZ81_RS04210,-0.7665977750138677,235.3283212217252,0.286390187498825,0.4469068192319277,RNA,C5vsC1_rna
ACZ81_RS04215,-0.352741214542607,137.12126163766897,0.5870553557021212,0.7330426663793682,RNA,C5vsC1_rna
ACZ81_RS04220,-1.2603321736212048,194.15756904299403,0.0006217884869978664,0.0042636395578529,RNA,C5vsC1_rna
ACZ81_RS04225,0.650805909606825,118.91209026084084,0.2622418668370342,0.4208457479000725,RNA,C5vsC1_rna
ACZ81_RS04235,-0.2205538222638477,139.1913542615753,0.5306198795992303,0.6876120661990026,RNA,C5vsC1_rna
ACZ81_RS04240,-1.6832460470277788,159.71530731025453,0.051664447016768,0.1289040804920853,RNA,C5vsC1_rna
ACZ81_RS04245,-0.4341655858188777,152.72001274063769,0.3799384654020034,0.5478244312245272,RNA,C5vsC1_rna
ACZ81_RS04250,-0.2776193300312624,92.61284027977092,0.5244024984013296,0.6819782248253271,RNA,C5vsC1_rna
ACZ81_RS04255,2.1816606903950446,22.270541250991915,0.0075607639453611,0.0308583773639767,RNA,C5vsC1_rna
ACZ81_RS04260,-3.8560999410393455,1535.5891106651352,1.8787959828770299e-16,2.7917516604824612e-14,RNA,C5vsC1_rna
ACZ81_RS04265,-3.650790319897503,1668.896749384622,7.665570411902721e-16,9.920731771791521e-14,RNA,C5vsC1_rna
ACZ81_RS04270,-3.3028559136080418,1776.3838195830947,1.284924548142434e-28,4.686470261043133e-26,RNA,C5vsC1_rna
ACZ81_RS04275,-1.2495998201301657,597.5791712957267,0.0077119568863076,0.0313161650079619,RNA,C5vsC1_rna
ACZ81_RS04280,-1.2905388307576244,264.6759573266989,3.236610404865556e-07,7.33631691769526e-06,RNA,C5vsC1_rna
ACZ81_RS04285,-0.3723264965173919,34.80733608238704,0.4011484851489216,0.5699035844254509,RNA,C5vsC1_rna
ACZ81_RS04290,-1.3068160656621544,31.5687784257581,0.0035997075363192,0.0172545121095733,RNA,C5vsC1_rna
ACZ81_RS04295,-0.2097922926939652,294.0092889432228,0.4383543296534669,0.6060480217172252,RNA,C5vsC1_rna
ACZ81_RS04300,0.9848925625864348,22.21980105484789,0.0833233016849412,0.1837784971742629,RNA,C5vsC1_rna
ACZ81_RS04305,-0.3465919483168653,17.36959139410952,0.584469736815689,0.7304961321197957,RNA,C5vsC1_rna
ACZ81_RS04310,-0.3154681192204789,66.83118089234638,0.4594162315268027,0.6254421177080192,RNA,C5vsC1_rna
ACZ81_RS04315,0.3145564346995609,96.23624347540624,0.4656920964423949,0.631072979045563,RNA,C5vsC1_rna
ACZ81_RS04320,0.3205737903311212,248.35309390955936,0.3301822151668266,0.4972045207062858,RNA,C5vsC1_rna
ACZ81_RS04325,2.127633044377155,82.75381454496404,0.001120150523762,0.0067681384056227,RNA,C5vsC1_rna
ACZ81_RS04330,1.4196470572940212,74.77990405875313,0.0227776702394646,0.0703495096233504,RNA,C5vsC1_rna
ACZ81_RS04335,0.484425457978014,256.6749653344803,0.0472705428740624,0.1210270695665211,RNA,C5vsC1_rna
ACZ81_RS04340,0.523982353897004,157.20857600244432,0.096037693438073,0.204559208848066,RNA,C5vsC1_rna
ACZ81_RS04345,0.0043656150883425,213.9817974212898,0.9915746471196196,0.9967651218938042,RNA,C5vsC1_rna
ACZ81_RS04350,0.0120005279478542,105.87164046241168,0.979609294618034,0.9930804555435218,RNA,C5vsC1_rna
ACZ81_RS04355,0.12865783359174,874.4235446197717,0.689128996807717,0.8107875469772905,RNA,C5vsC1_rna
ACZ81_RS04360,-0.0162574841595967,76.95138365829219,0.9673176175813536,0.9880339889923522,RNA,C5vsC1_rna
ACZ81_RS04365,0.2460237689198414,281.63514678846394,0.2887991881790278,0.4499659584366056,RNA,C5vsC1_rna
ACZ81_RS04370,0.110425610629609,74.57865817534388,0.7880731183020625,0.8749210734485722,RNA,C5vsC1_rna
ACZ81_RS04375,-0.1766389100491221,186.6741879651709,0.6676439442602392,0.7953050784952731,RNA,C5vsC1_rna
ACZ81_RS04385,-1.764977394695063,47.63053463675621,0.00026618515836306,0.0021316064977097,RNA,C5vsC1_rna
ACZ81_RS04390,-1.453776711136255,25.031600495660623,0.010151591658673,0.038262161670019,RNA,C5vsC1_rna
ACZ81_RS04395,0.2039958894798239,142.58810540559108,0.6349108693427687,0.7699167327162475,RNA,C5vsC1_rna
ACZ81_RS04400,-0.3457319391351118,164.92092928131444,0.3345885772294306,0.5010710607855452,RNA,C5vsC1_rna
ACZ81_RS04405,0.2428190656217826,1766.191007023017,0.2780464663122734,0.4398747724151581,RNA,C5vsC1_rna
ACZ81_RS04410,0.4326071030215203,760.4499166935501,0.033149481507479,0.0919749099640428,RNA,C5vsC1_rna
ACZ81_RS04430,0.9821888240070696,1743.7666684507408,0.00033549638964325626,0.0025545655602668,RNA,C5vsC1_rna
ACZ81_RS04435,-2.875240222922452,3744.858163007541,3.043161648700403e-07,6.937025303742055e-06,RNA,C5vsC1_rna
ACZ81_RS04440,-2.282343883770829,841.7134340599043,1.2792644434957127e-09,5.2404919019540325e-08,RNA,C5vsC1_rna
ACZ81_RS04445,-0.541764739547833,936.1674290098348,0.3017468254926061,0.463834583860665,RNA,C5vsC1_rna
ACZ81_RS04450,-1.3857081731727894,359.99620163528675,0.008473306260187,0.0331011730436909,RNA,C5vsC1_rna
ACZ81_RS04455,1.4241899612518183,3756.969378970525,0.0719834009004435,0.1645569255912133,RNA,C5vsC1_rna
ACZ81_RS04460,1.4718409987594026,468.1352948316628,0.0505872661765482,0.12708585591754,RNA,C5vsC1_rna
ACZ81_RS04465,-0.3112080370463334,59.14302421567947,0.4022504934979463,0.5708427908965189,RNA,C5vsC1_rna
ACZ81_RS04470,0.6624414538988092,58.90695059153968,0.1808261070616591,0.3282689328196274,RNA,C5vsC1_rna
ACZ81_RS04475,-0.1789104868151811,2688.966640688921,0.5699364885971743,0.7190519472490136,RNA,C5vsC1_rna
ACZ81_RS04480,-2.0595942314349767,859.3559021666073,9.1226977350492e-12,6.100043885502899e-10,RNA,C5vsC1_rna
ACZ81_RS04485,-3.239403215707037,2795.428233883202,7.891402736480498e-13,6.452794630580004e-11,RNA,C5vsC1_rna
ACZ81_RS04490,-3.248924152686824,598.71792368797,9.579179386137044e-15,1.0386937215454545e-12,RNA,C5vsC1_rna
ACZ81_RS04495,0.8132280607475367,804.8731144608687,0.034423318801815,0.0943994224421613,RNA,C5vsC1_rna
ACZ81_RS04505,0.5136529918666181,313.0790186894062,0.2443480803767444,0.4030612138662392,RNA,C5vsC1_rna
ACZ81_RS04510,0.788469974482745,309.4733613445977,0.0625159035704232,0.1479727463861582,RNA,C5vsC1_rna
ACZ81_RS04515,0.6088646701466381,1783.5903681897817,0.0081469924656321,0.0323301026430426,RNA,C5vsC1_rna
ACZ81_RS04520,-0.458440763445511,12.107100936750626,0.6218831674995098,0.7605280200386516,RNA,C5vsC1_rna
ACZ81_RS04525,0.1286244648059285,61.79134112294486,0.791750252007532,0.8763429875363269,RNA,C5vsC1_rna
ACZ81_RS04530,0.3606118729466015,412.16786016758897,0.0960463802283989,0.204559208848066,RNA,C5vsC1_rna
ACZ81_RS04535,0.8111653374869086,494.82461577617687,0.0105745131393605,0.0394781730351884,RNA,C5vsC1_rna
ACZ81_RS04540,0.5531233368126062,246.35534907698204,0.0083839563150345,0.0328801884026576,RNA,C5vsC1_rna
ACZ81_RS04545,0.0422808304207435,757.5772296715527,0.8902460154571865,0.939170921381602,RNA,C5vsC1_rna
ACZ81_RS04550,0.6474831628830614,221.79500963222569,0.0792665011842255,0.177464956892362,RNA,C5vsC1_rna
ACZ81_RS04555,0.7693145821155086,827.0045375471063,0.0823105499349897,0.1819448629967927,RNA,C5vsC1_rna
ACZ81_RS04560,0.5864906555831059,572.1307591393129,0.3089434128369664,0.472363175419935,RNA,C5vsC1_rna
ACZ81_RS04565,0.1577486346161793,959.4884970828032,0.7656152768527575,0.8625803119161087,RNA,C5vsC1_rna
ACZ81_RS04570,0.2440043620178103,102.96447379931188,0.4926226185349302,0.6566119420472226,RNA,C5vsC1_rna
ACZ81_RS04575,1.231002915979071,2726.3388090775147,0.0069103615116746,0.0287597203162226,RNA,C5vsC1_rna
ACZ81_RS04580,1.2973830323500066,2650.1235698335745,0.0073371928378468,0.0301298031376065,RNA,C5vsC1_rna
ACZ81_RS04585,0.3570520361579207,763.2735948826613,0.2140015353784867,0.3686449806519917,RNA,C5vsC1_rna
ACZ81_RS04590,0.7452043055251524,471.086499597946,0.0441451828846406,0.1147088560448045,RNA,C5vsC1_rna
ACZ81_RS04595,-0.5875697156490318,3404.5289093857577,0.0205155179722458,0.065117292804312,RNA,C5vsC1_rna
ACZ81_RS04600,0.4007622568253587,870.3215371659551,0.260391653627294,0.4188605711330986,RNA,C5vsC1_rna
ACZ81_RS04605,0.7859567261223614,608.6851813902257,0.0079041880544283,0.0317433458201866,RNA,C5vsC1_rna
ACZ81_RS04610,-0.7688402080241646,48.1812949967011,0.0592210669247834,0.1433886062173996,RNA,C5vsC1_rna
ACZ81_RS04615,-1.590840615681059,608.515206441917,9.713257878604621e-08,2.49805068006165e-06,RNA,C5vsC1_rna
ACZ81_RS04620,0.6229139400720982,351.6239944038286,0.1690753021741787,0.3140417186679654,RNA,C5vsC1_rna
ACZ81_RS04625,0.4935341962945732,156.97396284998916,0.0696593954239522,0.1606169508281014,RNA,C5vsC1_rna
ACZ81_RS04630,0.9911502724772964,546.3406555826991,5.510637532066664e-05,0.0005911411170762421,RNA,C5vsC1_rna
ACZ81_RS04635,1.7103819260778117,74.09334697439058,6.932718602228572e-05,0.0007168573977355936,RNA,C5vsC1_rna
ACZ81_RS04640,0.8221333935023314,306.7457633758619,0.0417937002987784,0.1100238356946845,RNA,C5vsC1_rna
ACZ81_RS04645,0.9347754334602448,658.7700535804772,0.0006314491840230202,0.0042793481863181,RNA,C5vsC1_rna
ACZ81_RS04650,0.7918368131472114,196.3420014312168,0.0078707412800885,0.031672431309644,RNA,C5vsC1_rna
ACZ81_RS04655,0.9570203563754106,178.93569423754877,0.0077840851979511,0.0314507300798857,RNA,C5vsC1_rna
ACZ81_RS04660,0.8593868867488296,439.1713428807205,0.0006238176521584449,0.0042636395578529,RNA,C5vsC1_rna
ACZ81_RS04665,0.5142255648943043,486.83196484237794,0.0657435548661277,0.1532615584676957,RNA,C5vsC1_rna
ACZ81_RS04670,0.1209468653827478,1652.7708640315284,0.5552752757639181,0.7071989212401026,RNA,C5vsC1_rna
ACZ81_RS04675,0.9827754751795662,129.47952045604083,0.0140807709061804,0.0484494450047991,RNA,C5vsC1_rna
ACZ81_RS04680,0.494337989070475,1129.8273130820814,0.0011744396611563,0.0070326148068047,RNA,C5vsC1_rna
ACZ81_RS04685,0.3813187922097957,113.94237127646606,0.2784923234382386,0.4402329399661991,RNA,C5vsC1_rna
ACZ81_RS04690,-0.1516521510522675,82.82034423841611,0.7163021888538921,0.8277086352770204,RNA,C5vsC1_rna
ACZ81_RS04695,0.3877665450314846,77.79479654899205,0.3743394274615159,0.5423450582515238,RNA,C5vsC1_rna
ACZ81_RS04700,0.4654304572219157,1087.5297160333257,0.0717197091761438,0.1642348591408042,RNA,C5vsC1_rna
ACZ81_RS04705,0.3049162378462525,274.1469748236458,0.3360861707986129,0.5027508267129139,RNA,C5vsC1_rna
ACZ81_RS04710,0.6953599005528397,1351.0912159300126,0.0084496096942263,0.0330730088714498,RNA,C5vsC1_rna
ACZ81_RS04715,-2.1869202127282885,0.7092900935635966,0.4424903229698051,0.609430544371733,RNA,C5vsC1_rna
ACZ81_RS04720,-0.134532130031823,27.813917225250965,0.8364602995337342,0.9057702352845726,RNA,C5vsC1_rna
ACZ81_RS04725,0.0110985510082662,137.01373063357735,0.955601177067331,0.9805299034256092,RNA,C5vsC1_rna
ACZ81_RS04730,0.3694561385448285,1412.1638876653203,0.281034667261846,0.4420742354799121,RNA,C5vsC1_rna
ACZ81_RS04735,-0.0939135652924231,53.0212982581688,0.8525148345468148,0.9171919684255152,RNA,C5vsC1_rna
ACZ81_RS04740,0.2962677465237301,3947.665293405455,0.5765710200694723,0.7240071776271433,RNA,C5vsC1_rna
ACZ81_RS04745,-0.0038778587235926,379.6194139036123,0.9846723361030576,0.9951010987301112,RNA,C5vsC1_rna
ACZ81_RS04750,0.1105020328784486,843.6395682868192,0.8089309870672841,0.8862455270655226,RNA,C5vsC1_rna
ACZ81_RS04755,-1.034633850182212,1232.9944724786285,4.722480707520844e-06,7.287150999451395e-05,RNA,C5vsC1_rna
ACZ81_RS04760,-0.7620115254589754,1015.0365030871033,0.00015288474371760415,0.001375277111648,RNA,C5vsC1_rna
ACZ81_RS04765,-0.5445937931387108,693.9863343431158,0.0302476507099158,0.086005368283616,RNA,C5vsC1_rna
ACZ81_RS04770,0.007174392258002,216.10221621439115,0.9851798514845466,0.9951010987301112,RNA,C5vsC1_rna
ACZ81_RS04775,-0.9407741552698744,106.87950958663951,0.0012834998081911,0.0075949870655795,RNA,C5vsC1_rna
ACZ81_RS04780,-0.2962815365144881,3338.304305121617,0.6046154513362141,0.7482162833932421,RNA,C5vsC1_rna
ACZ81_RS04785,-0.1375122876750633,5207.556115475991,0.6815083004297008,0.8047319778597957,RNA,C5vsC1_rna
ACZ81_RS04790,0.3643807550440773,39.90794610046895,0.4435498900897296,0.6102613714128928,RNA,C5vsC1_rna
ACZ81_RS04795,0.1724555504366857,593.6957807567182,0.6454829528781596,0.7774474953308845,RNA,C5vsC1_rna
ACZ81_RS04800,-0.5631960033869987,83.66307219833314,0.232267379339466,0.3900021928752177,RNA,C5vsC1_rna
ACZ81_RS04805,-0.8229491309070094,155.57042997244525,0.0563068027332435,0.138336125269916,RNA,C5vsC1_rna
ACZ81_RS04810,0.0821724388112866,379.61783686780194,0.865902961523744,0.9256601869526409,RNA,C5vsC1_rna
ACZ81_RS04815,0.8396757064403385,1023.304387129302,0.0057259278879416,0.0247281191457715,RNA,C5vsC1_rna
ACZ81_RS04820,0.3556857787363255,2394.036797308072,0.2579477795709262,0.4166209708689839,RNA,C5vsC1_rna
ACZ81_RS04825,-0.7527733436190485,3401.109105856169,0.0446596283497015,0.115671032239511,RNA,C5vsC1_rna
ACZ81_RS04830,1.262727124158776,11714.55046319319,0.00015567093239484404,0.0013972075632396,RNA,C5vsC1_rna
ACZ81_RS04835,1.4193401290352143,6095.111104798737,0.0332601075322529,0.0921543863393637,RNA,C5vsC1_rna
ACZ81_RS04840,1.033060621985033,2161.8323545517715,7.80692425542181e-06,0.00011226301115681829,RNA,C5vsC1_rna
ACZ81_RS04845,0.9119831747922104,1264.865767191698,0.006668416721062,0.027839425478565,RNA,C5vsC1_rna
ACZ81_RS04850,1.0540606892373865,708.7879662147834,0.00022443705001029535,0.0018565802982294,RNA,C5vsC1_rna
ACZ81_RS04855,1.130920502328964,248.2754931327236,0.0017420352960316,0.0095478765132224,RNA,C5vsC1_rna
ACZ81_RS04860,0.9765169627659508,254.60975237050863,0.0141212371533351,0.0485245934915436,RNA,C5vsC1_rna
ACZ81_RS04865,0.0535554437026717,3154.2974291004166,0.90585210594739,0.9488978195981538,RNA,C5vsC1_rna
ACZ81_RS04870,0.4080086374626292,2444.092274146144,0.0494503525458275,0.1250124854529679,RNA,C5vsC1_rna
ACZ81_RS04875,0.5803115298599643,2324.678112900714,0.0113425366126477,0.0415041018825719,RNA,C5vsC1_rna
ACZ81_RS04880,0.5631335151977888,853.0526505387959,0.0108747575977739,0.0402858056161303,RNA,C5vsC1_rna
ACZ81_RS04885,-0.0096808118163327,1264.984192074994,0.9637128517487228,0.9870860253295574,RNA,C5vsC1_rna
ACZ81_RS04890,0.512246738556274,351.8254594574351,0.1564208969693653,0.2978455807504004,RNA,C5vsC1_rna
ACZ81_RS04895,0.2578517541394262,173.31136154841738,0.4429602243191609,0.6098683664957013,RNA,C5vsC1_rna
ACZ81_RS04900,0.632339296305456,1279.7598238202618,0.0211420930142762,0.066319059556901,RNA,C5vsC1_rna
ACZ81_RS04905,0.3409548410527357,1208.9078321116594,0.180753293882906,0.3282689328196274,RNA,C5vsC1_rna
ACZ81_RS04910,0.996811007528277,236.4869994701704,0.004456157073079,0.0204321167739352,RNA,C5vsC1_rna
ACZ81_RS04915,-2.154241590557024,1669.05676131486,0.0001101410731944318,0.0010348617931055,RNA,C5vsC1_rna
ACZ81_RS04920,-0.3489589421223992,877.1909394660134,0.1186062117289356,0.2402060178982784,RNA,C5vsC1_rna
ACZ81_RS04925,-1.1197730651922182,9892.809657187989,0.0043366354045571,0.0199754090046881,RNA,C5vsC1_rna
ACZ81_RS04930,-1.5880138154643209,1112.8749354041272,0.0004891507200686873,0.0035169761450099,RNA,C5vsC1_rna
ACZ81_RS04935,-1.2761661854823048,645.2742355590706,0.0056736460342465,0.024548521861451,RNA,C5vsC1_rna
ACZ81_RS04940,1.0170325908393316,3468.73855291428,0.0295564131974494,0.0844730769358358,RNA,C5vsC1_rna
ACZ81_RS04950,-0.7298977339106121,2681.7667144861543,0.0898376939418904,0.1946159978913955,RNA,C5vsC1_rna
ACZ81_RS04960,-2.96527165171339,1770.5557126760218,3.6018230115085623e-10,1.8202643868318372e-08,RNA,C5vsC1_rna
ACZ81_RS04965,-1.7978051803611188,243.554594053561,0.00017658737705653936,0.0015235882940878,RNA,C5vsC1_rna
ACZ81_RS04970,-4.422410106794692,10877.43762221937,1.3975079915765845e-79,5.606802062205257e-76,RNA,C5vsC1_rna
ACZ81_RS04975,-4.410744593117948,11844.109810573322,9.877128518197849e-43,1.3209013205003252e-39,RNA,C5vsC1_rna
ACZ81_RS04980,-2.3190130259005555,1318.7649035312656,0.00010947954905067812,0.0010310609173505,RNA,C5vsC1_rna
ACZ81_RS04985,-1.4236793868895048,6602.71337889772,4.3520488330224535e-08,1.2041668909024882e-06,RNA,C5vsC1_rna
ACZ81_RS04990,-0.7526640880577966,1045.6823957143747,4.856204187368443e-09,1.6652214700617258e-07,RNA,C5vsC1_rna
ACZ81_RS04995,-2.232739341729538,780.7210984656517,0.0004219678998516497,0.0031120132614059,RNA,C5vsC1_rna
ACZ81_RS05000,-2.643864348978374,792.7978919813742,8.446330310471626e-07,1.7377783182365213e-05,RNA,C5vsC1_rna
ACZ81_RS05005,-2.3994436986967864,801.0475850781803,2.075834555488157e-07,5.017017010011135e-06,RNA,C5vsC1_rna
ACZ81_RS05010,-2.2857895802971666,1769.1438548475503,3.1384468007459914e-08,8.930105364959516e-07,RNA,C5vsC1_rna
ACZ81_RS05015,-2.2812995794625506,2139.279538489244,0.0010931277030488,0.0066482652131235,RNA,C5vsC1_rna
ACZ81_RS05020,-2.7482261363500697,1455.2405017739595,7.084700102066301e-07,1.5039056512957672e-05,RNA,C5vsC1_rna
ACZ81_RS05025,-2.716125910554572,1009.7427928188944,3.954425855511871e-06,6.246124619021112e-05,RNA,C5vsC1_rna
ACZ81_RS05030,-2.346176065417212,800.9871265308259,8.89009608329913e-08,2.3011009991094263e-06,RNA,C5vsC1_rna
ACZ81_RS05035,-1.8864104840495863,464.34107106182455,1.1510357425600923e-05,0.00015869262540038116,RNA,C5vsC1_rna
ACZ81_RS05040,-1.3467699825292596,939.4140524562148,2.213283381075284e-05,0.000273221320765355,RNA,C5vsC1_rna
ACZ81_RS05045,-1.6120470243746348,1430.2805853208504,9.82442323547101e-09,3.1282211127547375e-07,RNA,C5vsC1_rna
ACZ81_RS05050,-0.8301726996330306,199.48847062582809,0.005333144081642,0.0235385853196346,RNA,C5vsC1_rna
ACZ81_RS05055,-4.32636121106993,23104.377353350592,2.0639883868003297e-14,2.0701803519607304e-12,RNA,C5vsC1_rna
ACZ81_RS05060,-3.580682460862534,8940.470397044484,1.787887463966015e-08,5.313336670690113e-07,RNA,C5vsC1_rna
ACZ81_RS05065,-3.6069778823694607,14679.790511558906,6.301712849108163e-35,3.611781707231706e-32,RNA,C5vsC1_rna
ACZ81_RS05070,-3.3208294954120188,5860.032324702225,3.244251523136985e-33,1.626992138853198e-30,RNA,C5vsC1_rna
ACZ81_RS05075,-3.5335390694929307,20640.18763851472,2.12167748860803e-31,8.512170084295416e-29,RNA,C5vsC1_rna
ACZ81_RS05080,-3.339073963675182,1810.4259211089,3.818845378489749e-33,1.7023564065000966e-30,RNA,C5vsC1_rna
ACZ81_RS05085,-3.725409919166194,465.1714879792165,1.176283733258494e-24,3.3708930984521988e-22,RNA,C5vsC1_rna
ACZ81_RS05090,-2.323764539730816,1908.7724078834997,4.055188077700469e-10,2.0085696997202817e-08,RNA,C5vsC1_rna
ACZ81_RS05095,-2.5585588054952,984.4988351597956,8.041867685169496e-13,6.452794630580004e-11,RNA,C5vsC1_rna
ACZ81_RS05100,-1.9031445849741424,267.7886707930718,0.00028294674405759246,0.0022346108999194,RNA,C5vsC1_rna
ACZ81_RS05105,-0.6292083249523973,259.5154571309346,0.0814252581079295,0.1806980061123581,RNA,C5vsC1_rna
ACZ81_RS05110,-0.6038953340995912,313.34870748855366,0.0606462442656647,0.1457835422371761,RNA,C5vsC1_rna
ACZ81_RS05115,-2.2427013577830404,2171.826009654605,6.443272197496724e-07,1.397319354397668e-05,RNA,C5vsC1_rna
ACZ81_RS05120,-1.7809457473673396,160.70219783056513,0.00016974335430614506,0.0014836826524537,RNA,C5vsC1_rna
ACZ81_RS05125,-1.1429401427565755,966.499676097268,0.025242738792857,0.0754648793121778,RNA,C5vsC1_rna
ACZ81_RS05130,-0.4740363178749753,332.3983695530917,0.2678606371008173,0.4278092659428659,RNA,C5vsC1_rna
ACZ81_RS05135,-1.1945505141680728,1369.0506406393,1.492109281395152e-06,2.7714548319246984e-05,RNA,C5vsC1_rna
ACZ81_RS05140,-1.490252448352632,10802.760829700666,0.000779966623452582,0.0051214829677442,RNA,C5vsC1_rna
ACZ81_RS05145,0.0681735341729802,3023.2073438695065,0.7331478691747624,0.8399169763361355,RNA,C5vsC1_rna
ACZ81_RS05150,-1.9301153638019175,1918.2118620533415,0.0014117997013489,0.0081264568175205,RNA,C5vsC1_rna
ACZ81_RS05155,-2.201849515932187,1605.4794549662363,1.3240392357559124e-06,2.4943017467590147e-05,RNA,C5vsC1_rna
ACZ81_RS05160,-1.0696780420580616,873.449974116403,0.1722627673003746,0.3179016662415377,RNA,C5vsC1_rna
ACZ81_RS05165,-1.5262809503033283,1198.9817327545557,0.0091530139840559,0.0351742261532879,RNA,C5vsC1_rna
ACZ81_RS05170,-0.8080839713996807,1100.502746529604,0.0305902546141191,0.086733640644414,RNA,C5vsC1_rna
ACZ81_RS05175,-0.7256646161869386,306.12967009719347,0.0705421774323683,0.1622551763965357,RNA,C5vsC1_rna
ACZ81_RS05180,-0.2344290645244806,507.4805154522272,0.4291463748415358,0.5976172356349329,RNA,C5vsC1_rna
ACZ81_RS05185,-0.4113853276479302,65.15577694610623,0.280394484835206,0.4416736054805051,RNA,C5vsC1_rna
ACZ81_RS05190,-2.2086871860280786,939.0194354285534,6.354636177459716e-12,4.395655231718686e-10,RNA,C5vsC1_rna
ACZ81_RS05195,-1.2756341976522745,831.1440031584348,0.0013252864204575,0.0077848449763919,RNA,C5vsC1_rna
ACZ81_RS05200,-1.2281598590006773,1122.3741953285623,0.00025637385083697483,0.0020737336483023,RNA,C5vsC1_rna
ACZ81_RS05205,-0.7764802967265664,490.6057290412296,0.0941939274229463,0.2017651024137003,RNA,C5vsC1_rna
ACZ81_RS05210,-0.0671887510418478,313.22608383886046,0.8885152613423101,0.9383319896039348,RNA,C5vsC1_rna
ACZ81_RS05215,0.0062417387156929,214.8893538965906,0.9866123449210766,0.9957645254174708,RNA,C5vsC1_rna
ACZ81_RS05220,0.7506346923962214,103.21727487825444,0.0814026591767449,0.1806980061123581,RNA,C5vsC1_rna
ACZ81_RS05225,0.0382535437115666,85.43579562738118,0.922713304759746,0.9597940831465128,RNA,C5vsC1_rna
ACZ81_RS05230,-0.1655127099805995,159.61881438404237,0.6104352558035884,0.7519687102645588,RNA,C5vsC1_rna
ACZ81_RS05235,-0.1730799025348132,194.959465737676,0.5086530743134708,0.6695262907301985,RNA,C5vsC1_rna
ACZ81_RS05240,-0.3155219810165605,233.4082216523805,0.4942676451551651,0.6581464215352135,RNA,C5vsC1_rna
ACZ81_RS05245,-1.0668706087627984,1086.1179788885022,0.044808641469018,0.1157712213866666,RNA,C5vsC1_rna
ACZ81_RS05250,-1.4494032114665785,3762.1519782438368,0.0041515164291737,0.0192999813601913,RNA,C5vsC1_rna
ACZ81_RS05255,-1.1003954052028635,5028.54960312903,0.0089848553111673,0.0346608072196188,RNA,C5vsC1_rna
ACZ81_RS05260,-0.5439153540423703,2626.383786084713,0.1087359311736482,0.225334997866052,RNA,C5vsC1_rna
ACZ81_RS05265,-0.3899594713447508,948.6480359622576,0.3318707753579038,0.4985073047965934,RNA,C5vsC1_rna
ACZ81_RS05270,-0.054911616147715,1705.7741308142745,0.7986711170694589,0.8793272562246621,RNA,C5vsC1_rna
ACZ81_RS05275,-0.7335791469125175,5278.083453429783,0.0153229149459212,0.0515302051659982,RNA,C5vsC1_rna
ACZ81_RS05280,-0.1721343780542002,1295.2647511670548,0.6313731539815388,0.7680621873177482,RNA,C5vsC1_rna
ACZ81_RS05285,-0.5201298492255292,610.2015026269494,0.1051961648473392,0.2201601530347027,RNA,C5vsC1_rna
ACZ81_RS05290,-0.6528112872680158,1743.6243918294977,0.1289829626363724,0.2570802018070338,RNA,C5vsC1_rna
ACZ81_RS05295,-0.4997118919804295,2525.3895962609517,0.0977895028398421,0.2076926868149531,RNA,C5vsC1_rna
ACZ81_RS05300,0.1743690100793168,212.3678147505506,0.4819390932557505,0.6464525717626449,RNA,C5vsC1_rna
ACZ81_RS05305,0.773873941277577,208.8978998527708,0.0312268393903525,0.0879789885070887,RNA,C5vsC1_rna
ACZ81_RS05310,0.8381471310499682,269.7963090109895,0.0111002228957948,0.0408569672091091,RNA,C5vsC1_rna
ACZ81_RS05315,0.222784423481242,545.0495168538023,0.3159655437279671,0.4812656649341701,RNA,C5vsC1_rna
ACZ81_RS05320,0.1790601534052266,109.73395655151644,0.6466482453328501,0.77831173446838,RNA,C5vsC1_rna
ACZ81_RS05325,0.6670438277070457,138.19658942447,0.053949974745887,0.1340230951582036,RNA,C5vsC1_rna
ACZ81_RS05330,-0.4772270358793491,566.5885184033718,0.0926714943116541,0.1996767106221033,RNA,C5vsC1_rna
ACZ81_RS05335,-0.3689187671909797,216.53326978682065,0.3227645915262037,0.4893921168568137,RNA,C5vsC1_rna
ACZ81_RS05340,-0.9514790970080286,429.578243559538,0.0025396737803463,0.0129181156464293,RNA,C5vsC1_rna
ACZ81_RS05345,-3.09070669430896,16754.823422137197,1.6799654226945305e-27,5.184631750654198e-25,RNA,C5vsC1_rna
ACZ81_RS05350,-2.735544913995187,20217.85684044682,2.1133659275998613e-18,3.8540109552412023e-16,RNA,C5vsC1_rna
ACZ81_RS05365,-1.2288427635136503,304.5104673646149,0.0005670770526875763,0.0039567184963174,RNA,C5vsC1_rna
ACZ81_RS05370,0.0163749612998495,729.9424365528812,0.9725517401445156,0.9896668419732336,RNA,C5vsC1_rna
ACZ81_RS05375,1.5756430058941553,1454.3289306268134,1.351138872870743e-07,3.387980723723388e-06,RNA,C5vsC1_rna
ACZ81_RS05380,0.9632031248766296,193.959170390868,0.013900787121931,0.0479948002867359,RNA,C5vsC1_rna
ACZ81_RS05385,0.028898939208125,105.68963310719408,0.9459491603692024,0.975115115981819,RNA,C5vsC1_rna
ACZ81_RS05390,0.0884711988530798,4017.9622298990985,0.7021333750989187,0.818490359334732,RNA,C5vsC1_rna
ACZ81_RS05395,-1.6250110426440427,2609.27213305326,0.0015181705405561,0.008602966396485,RNA,C5vsC1_rna
ACZ81_RS05415,-2.245956463407059,5880.033369317334,1.5287132283449146e-07,3.809439423676892e-06,RNA,C5vsC1_rna
ACZ81_RS05420,-0.6469810890734474,393.3134193746812,0.0208505306232289,0.0658679754806256,RNA,C5vsC1_rna
ACZ81_RS05425,-0.1828314568105288,1476.7758121720026,0.5018651878115565,0.6640775506266375,RNA,C5vsC1_rna
ACZ81_RS05430,0.0542195084546545,629.852076664981,0.8767863164638681,0.9303535312491508,RNA,C5vsC1_rna
ACZ81_RS05435,0.8728694165613982,101.84767229244,0.0340567548784653,0.0939076979879057,RNA,C5vsC1_rna
ACZ81_RS05440,0.560041248409074,234.5799752964687,0.0259405387973572,0.0769773976738145,RNA,C5vsC1_rna
ACZ81_RS05445,0.5433285362645186,135.61119823764116,0.0744888123187321,0.1692237344409702,RNA,C5vsC1_rna
ACZ81_RS05450,0.455755126789355,95.82950601966252,0.1453550970354669,0.2830896355855793,RNA,C5vsC1_rna
ACZ81_RS05455,0.1844531634546671,458.3557885165142,0.4277787200744503,0.5963336431336673,RNA,C5vsC1_rna
ACZ81_RS05460,-0.5777757897883705,1649.87713211782,0.0022057676610998,0.011613569365266,RNA,C5vsC1_rna
ACZ81_RS05465,-1.8344895023966925,30344.99168607768,0.0010567436206516,0.006508798398473,RNA,C5vsC1_rna
ACZ81_RS05470,-1.6845975280739047,13271.764178136702,0.0020995611763498,0.0112013822333985,RNA,C5vsC1_rna
ACZ81_RS05475,-1.633598257391197,12548.66654884858,0.001862313224083,0.0100831317881526,RNA,C5vsC1_rna
ACZ81_RS05480,-0.4775024344847403,3170.221614193147,0.0375121397979637,0.1009380985039776,RNA,C5vsC1_rna
ACZ81_RS05485,-1.2361306785283457,1900.969645404328,2.4630892383226937e-11,1.6199859055984666e-09,RNA,C5vsC1_rna
ACZ81_RS05490,-1.962917235191611,6618.379540057072,2.30874404271903e-09,8.906424134027645e-08,RNA,C5vsC1_rna
ACZ81_RS05495,-2.7561777798663045,11459.113454464588,1.2960474189883317e-08,3.969268889298616e-07,RNA,C5vsC1_rna
ACZ81_RS05500,0.1631140463270386,482.0149635559689,0.5765309872210762,0.7240071776271433,RNA,C5vsC1_rna
ACZ81_RS05505,-1.333546498630013,2799.723269879122,0.0005460263116424524,0.0038231371069974,RNA,C5vsC1_rna
ACZ81_RS05515,-0.8433765753361997,463.2484342112072,0.0226199494011389,0.0699162072398841,RNA,C5vsC1_rna
ACZ81_RS05520,-0.4449287441722224,419.3456977002957,0.0057784593537699,0.0249013737135607,RNA,C5vsC1_rna
ACZ81_RS05525,0.270066067674742,565.6866393429979,0.1895347606424325,0.3394702945077854,RNA,C5vsC1_rna
ACZ81_RS05530,1.563528527460239,43240.15761486454,0.0002263101914089281,0.0018682232261988,RNA,C5vsC1_rna
ACZ81_RS05535,1.317470084739158,313.6556575384207,0.00032702011014806186,0.0025134189308697,RNA,C5vsC1_rna
ACZ81_RS05540,0.1962064637414798,377.7276679760257,0.696917488785046,0.8155810632077971,RNA,C5vsC1_rna
ACZ81_RS05545,0.5862974580072657,793.8377842323802,0.1590331503264037,0.3013892296218855,RNA,C5vsC1_rna
ACZ81_RS05550,0.1548894387465774,583.1196873149486,0.5722973475275253,0.7209747521336421,RNA,C5vsC1_rna
ACZ81_RS05555,0.0197022170070709,382.53501190526447,0.92970316562389,0.9639736730444805,RNA,C5vsC1_rna
ACZ81_RS05560,0.1906965884594592,10705.903544471084,0.6831869516306799,0.8058601020384677,RNA,C5vsC1_rna
ACZ81_RS05565,0.08989952311965,12745.350257855189,0.8629246211730486,0.9234605441841214,RNA,C5vsC1_rna
ACZ81_RS05570,0.2285656477977906,3935.660354203957,0.5389044267895426,0.6947572494471866,RNA,C5vsC1_rna
ACZ81_RS05575,0.1925633629723289,2513.6033692922424,0.5942877871155807,0.7386363419579867,RNA,C5vsC1_rna
ACZ81_RS05580,0.164497555173011,5076.759320815812,0.5381643287875792,0.6942492884552308,RNA,C5vsC1_rna
ACZ81_RS05585,0.4637252577888512,10345.00362651236,0.2087918091988375,0.363257909152531,RNA,C5vsC1_rna
ACZ81_RS05590,0.1126389939004478,259.95831667231914,0.6350085913654194,0.7699167327162475,RNA,C5vsC1_rna
ACZ81_RS05595,-0.4132305973392809,590.8297454004307,0.1999933512871731,0.352381785403662,RNA,C5vsC1_rna
ACZ81_RS05600,-1.3276117734781083,441.3736210910273,3.1321094366355435e-05,0.0003600579673289914,RNA,C5vsC1_rna
ACZ81_RS05605,-1.599746331099162,25.25365338087483,0.0077842908697224,0.0314507300798857,RNA,C5vsC1_rna
ACZ81_RS05610,0.3066845441078568,60.99012383322537,0.4887254834613897,0.6529426709476367,RNA,C5vsC1_rna
ACZ81_RS05615,-0.6757012171335027,90.26374840625262,0.0449158608164681,0.1159603819791956,RNA,C5vsC1_rna
ACZ81_RS05625,-0.5435545207025871,423.59716888151615,0.0350783382968455,0.095842705326863,RNA,C5vsC1_rna
ACZ81_RS05630,-0.301767219021082,99.10476532984067,0.3871521648417178,0.5552112062881395,RNA,C5vsC1_rna
ACZ81_RS05635,-0.2542290440189562,48.31786102610927,0.4995183802545485,0.6618453571932789,RNA,C5vsC1_rna
ACZ81_RS05640,0.913486795257903,223.19618672353224,0.0618390823479883,0.147576492191205,RNA,C5vsC1_rna
ACZ81_RS05645,-1.2356541722074967,69.80144169703077,0.0007632549555691273,0.0050447757524601,RNA,C5vsC1_rna
ACZ81_RS05650,0.4106916434312327,19.83568114012046,0.5051518829626667,0.666448324382183,RNA,C5vsC1_rna
ACZ81_RS05655,-0.3429016641436309,30.93380350477277,0.4277061985466476,0.5963336431336673,RNA,C5vsC1_rna
ACZ81_RS05660,0.5854610627384756,149.05091059588958,0.1144473511039202,0.2347457937775705,RNA,C5vsC1_rna
ACZ81_RS05665,-0.1816475900332883,97.33783922008038,0.6608767399231621,0.7902864880991575,RNA,C5vsC1_rna
ACZ81_RS05670,-0.9534163486474692,37.50619241085416,0.0904115381619809,0.1955423671729744,RNA,C5vsC1_rna
ACZ81_RS05675,-0.0805727566934974,57.94143290117224,0.873733967810932,0.9298665807544724,RNA,C5vsC1_rna
ACZ81_RS05680,5.194237475800191,25.255458517922825,0.00025600639308305496,0.0020737336483023,RNA,C5vsC1_rna
ACZ81_RS05685,0.5494595976283952,19.816748297045915,0.4882632074960931,0.6529426709476367,RNA,C5vsC1_rna
ACZ81_RS05690,-0.2408693480227026,85.26352510915808,0.5484639284400088,0.7018938695060017,RNA,C5vsC1_rna
ACZ81_RS05695,0.7306265609024492,84.18470542666618,0.0292726092868302,0.083886934613402,RNA,C5vsC1_rna
ACZ81_RS05700,1.4905031379657965,1762.4468863191707,6.712680375993508e-08,1.7954182445657302e-06,RNA,C5vsC1_rna
ACZ81_RS05705,0.6418771655342373,1285.645759627206,0.01832065549965,0.0594199433020178,RNA,C5vsC1_rna
ACZ81_RS05710,0.649104337528894,663.3047323313591,0.0088774975161515,0.0343457280952749,RNA,C5vsC1_rna
ACZ81_RS05715,0.8443337347376978,584.4181846607578,0.0035958029881997,0.0172545121095733,RNA,C5vsC1_rna
ACZ81_RS05720,2.699139689234637,157.51732661266388,3.047494819320076e-05,0.0003533997132386642,RNA,C5vsC1_rna
ACZ81_RS05725,3.853069762463333,1073.8797230958648,4.872714844343189e-07,1.0741391184343337e-05,RNA,C5vsC1_rna
ACZ81_RS05730,-0.1898814617822063,1348.1286345884737,0.7192591071492841,0.8301690270088975,RNA,C5vsC1_rna
ACZ81_RS05735,-0.388868316657985,356.47159428632096,0.553938339968737,0.7068704261942025,RNA,C5vsC1_rna
ACZ81_RS05740,-0.4526582739058763,1964.0862878080536,0.6344446287972987,0.7699167327162475,RNA,C5vsC1_rna
ACZ81_RS05745,-0.1438197923400666,277.08517071277544,0.5828040562327692,0.7290956886828407,RNA,C5vsC1_rna
ACZ81_RS05755,-1.998428265680417,76.76553653405144,0.00043205511086999193,0.0031573863475599,RNA,C5vsC1_rna
ACZ81_RS05760,-1.3114187162269215,684.8460278210642,0.0059175331979285,0.0253373993490816,RNA,C5vsC1_rna
ACZ81_RS05765,-0.3163202866354057,28.45037405741035,0.651627390883132,0.7829676826065067,RNA,C5vsC1_rna
ACZ81_RS05770,-1.0473523437568608,70.99098570593347,0.0124373456201423,0.0443937994911132,RNA,C5vsC1_rna
ACZ81_RS05775,-0.5504177129192384,190.284550955339,0.2126166770124042,0.3670473787322572,RNA,C5vsC1_rna
ACZ81_RS05780,-0.1270444843896195,224.66408684969824,0.702204341183985,0.818490359334732,RNA,C5vsC1_rna
ACZ81_RS05785,1.8821221814438196,324.22257412111804,3.360450901615002e-06,5.371366142342386e-05,RNA,C5vsC1_rna
ACZ81_RS05790,2.3764716588139945,616.4725750529196,5.957469485017973e-06,8.951823061382812e-05,RNA,C5vsC1_rna
ACZ81_RS05795,0.9159065722721624,79.11216632836158,0.0094480172633018,0.036134838189101,RNA,C5vsC1_rna
ACZ81_RS05800,-0.2131428134051726,24.7735952897192,0.7899321888006412,0.8754418823964564,RNA,C5vsC1_rna
ACZ81_RS05805,1.1365983645677478,1117.6853492055236,0.0025491590882154,0.0129458560277473,RNA,C5vsC1_rna
ACZ81_RS05810,0.3775402539009118,1020.5501925076384,0.3941808298247356,0.5625946244243469,RNA,C5vsC1_rna
ACZ81_RS05815,0.9431425483319864,93.13349226785124,0.0303921540556463,0.0862939292790183,RNA,C5vsC1_rna
ACZ81_RS05820,0.1801758128631627,263.6191902630438,0.545655298836998,0.6992084236674979,RNA,C5vsC1_rna
ACZ81_RS05825,-0.0066641126739266,948.0305282251372,0.9769609279173171,0.992295504507412,RNA,C5vsC1_rna
ACZ81_RS05830,0.3818011598560146,515.3417852054031,0.1197087312771962,0.2419503425108873,RNA,C5vsC1_rna
ACZ81_RS05835,0.7310639275320219,511.0986475632391,0.0095473854972373,0.0364107515350915,RNA,C5vsC1_rna
ACZ81_RS05840,0.5253001924293461,146.5255195390465,0.2918315132674051,0.4534577967578735,RNA,C5vsC1_rna
ACZ81_RS05845,-1.2713700040490257,1448.752118324314,0.0034577534438443,0.0167734284292856,RNA,C5vsC1_rna
ACZ81_RS05850,-1.3073226080029812,479.2058468097696,0.0004303339685583824,0.0031505472296646,RNA,C5vsC1_rna
ACZ81_RS05855,-0.2780102512335967,584.1046475252674,0.2980199113019443,0.4600445879736053,RNA,C5vsC1_rna
ACZ81_RS05860,0.7540054371824431,1000.7751688884176,0.0027400216003889,0.0137756474445622,RNA,C5vsC1_rna
ACZ81_RS05865,0.3967008204964053,734.7726611435351,0.3130865191459035,0.4779692217706868,RNA,C5vsC1_rna
ACZ81_RS05870,0.8138929942921116,85.52709922515619,0.206314049782819,0.3601966787331027,RNA,C5vsC1_rna
ACZ81_RS05875,-1.5468829047042472,6336.181959249133,0.00033888031633982544,0.002570109317874,RNA,C5vsC1_rna
ACZ81_RS05880,-1.4187197613133635,10786.352997349548,0.0011567500500739,0.0069578428799048,RNA,C5vsC1_rna
ACZ81_RS05885,-1.7916554092340935,63590.58080823145,0.000903002309885015,0.0057505480432677,RNA,C5vsC1_rna
ACZ81_RS05890,0.1837934692517888,7584.793545403454,0.4550086794722948,0.6211278741214178,RNA,C5vsC1_rna
ACZ81_RS05895,0.8237639722317869,1083.9105782499646,0.0128868978739667,0.0456390379216506,RNA,C5vsC1_rna
ACZ81_RS05900,0.0367923054664496,8834.73083528792,0.9550961953193204,0.9802624547508604,RNA,C5vsC1_rna
ACZ81_RS05905,0.2720431006166616,1320.4623080444146,0.2559201609043224,0.4145142049043768,RNA,C5vsC1_rna
ACZ81_RS05910,0.469749694280543,1578.3879451571331,0.0470220558035778,0.1205447206926225,RNA,C5vsC1_rna
ACZ81_RS05915,0.3926478082666476,423.1064030927677,0.0998078660834548,0.2110854816693836,RNA,C5vsC1_rna
ACZ81_RS05920,0.2289134943475097,416.2987266527037,0.6729307826129944,0.7983011009434299,RNA,C5vsC1_rna
ACZ81_RS05925,0.8275282064228779,1267.5312165510256,0.0274630654518636,0.0801640768999049,RNA,C5vsC1_rna
ACZ81_RS05930,0.3044993285854646,216.69742179350425,0.4107866582132287,0.580104214273662,RNA,C5vsC1_rna
ACZ81_RS05935,-2.601571765327845,4103.405400187426,2.543900223440895e-19,4.8600608078308906e-17,RNA,C5vsC1_rna
ACZ81_RS05940,0.4494975437627658,194.56095146009437,0.0618755059799491,0.147576492191205,RNA,C5vsC1_rna
ACZ81_RS05945,0.2311738557864553,143.09161190842113,0.4568947814530113,0.6224318720507578,RNA,C5vsC1_rna
ACZ81_RS05950,0.1714074706392198,108.16605425420885,0.6835348771776933,0.8058601020384677,RNA,C5vsC1_rna
ACZ81_RS05955,0.4014302162887391,3757.375873127425,0.4040164647274339,0.572761150701931,RNA,C5vsC1_rna
ACZ81_RS05960,0.7194606660500253,283.05499630613286,0.1980659700605975,0.3506799081567155,RNA,C5vsC1_rna
ACZ81_RS05965,0.336224753781351,775.1499657012841,0.0626759327130676,0.1481766894783897,RNA,C5vsC1_rna
ACZ81_RS05970,0.0842230706020459,50.432676133396896,0.8505199147375426,0.9158456027334942,RNA,C5vsC1_rna
ACZ81_RS05975,0.1939567163603592,109.10444260220316,0.6154760442029014,0.7553655213649557,RNA,C5vsC1_rna
ACZ81_RS05980,-0.464904412781481,152.20222622363758,0.1663213665879331,0.3112935563218656,RNA,C5vsC1_rna
ACZ81_RS05985,-0.5112223481007906,143.84979102438172,0.2155255702986108,0.3702351268796606,RNA,C5vsC1_rna
ACZ81_RS05990,-0.4468904084058607,545.8599467514955,0.118228873695763,0.2396838005393639,RNA,C5vsC1_rna
ACZ81_RS05995,-0.5901567449375297,261.25369078972415,0.1082145127914395,0.2244863626262954,RNA,C5vsC1_rna
ACZ81_RS06000,-0.8264901994442908,217.42596275263145,0.0230146062242928,0.0707003064103085,RNA,C5vsC1_rna
ACZ81_RS06015,-0.2025694111382518,394.9145552976551,0.5468436865037676,0.7003107369021141,RNA,C5vsC1_rna
ACZ81_RS06020,-0.8788317158285329,2008.0453266434813,0.0019263357323948,0.0103877136537205,RNA,C5vsC1_rna
ACZ81_RS06025,-1.119716107502956,924.2563777860448,2.623230517926436e-06,4.357048444283714e-05,RNA,C5vsC1_rna
ACZ81_RS06030,0.4655877462198493,481.6009704194447,0.095637051797335,0.2039850355188241,RNA,C5vsC1_rna
ACZ81_RS06035,0.1892032102383267,573.4551433858356,0.5155869793374033,0.6746689370846908,RNA,C5vsC1_rna
ACZ81_RS06040,-0.3406409896615705,470.1916925304285,0.1541622185141095,0.2949041526770135,RNA,C5vsC1_rna
ACZ81_RS06050,0.7138758671952435,1979.5169711816063,0.0503983234592455,0.1268605652809012,RNA,C5vsC1_rna
ACZ81_RS06055,0.0454623233236115,1971.6447524525652,0.7449557201348063,0.8476353798017138,RNA,C5vsC1_rna
ACZ81_RS06060,0.4811387445923262,73.37650227651004,0.2916118241882609,0.4534577967578735,RNA,C5vsC1_rna
ACZ81_RS06065,2.04364342200904,3.8102511738410096,0.2143423542889265,0.3689152833149606,RNA,C5vsC1_rna
ACZ81_RS06070,0.1772176814730093,292.2030949697488,0.5125247205525323,0.6726269495758495,RNA,C5vsC1_rna
ACZ81_RS06075,-1.3288642490928289,166.87303345672348,0.0016935890055122,0.0093461885696217,RNA,C5vsC1_rna
ACZ81_RS06080,-1.3056209865923485,1002.4827568685804,0.0082876390115651,0.0327276904479622,RNA,C5vsC1_rna
ACZ81_RS06085,-1.2148222532019586,486.64330942298926,0.0210671395164116,0.0661874422395016,RNA,C5vsC1_rna
ACZ81_RS06090,-1.6191310539690047,572.5855548777183,0.0013731590486969,0.0079919896252494,RNA,C5vsC1_rna
ACZ81_RS06095,-1.6842949949441226,1248.7743559053663,0.0016268616542438,0.009052661521257,RNA,C5vsC1_rna
ACZ81_RS06100,0.2565012471568043,1804.634712448091,0.3388257545840297,0.5057176069163419,RNA,C5vsC1_rna
ACZ81_RS06105,0.1056730875954748,82.08385223795976,0.7926224448239484,0.8765163309354137,RNA,C5vsC1_rna
ACZ81_RS06110,-1.32159329307442,1262.4149987248934,3.850291384211903e-09,1.391654867879113e-07,RNA,C5vsC1_rna
ACZ81_RS06115,-0.9686874505700078,894.1681915040899,0.0006296947831446461,0.0042793481863181,RNA,C5vsC1_rna
ACZ81_RS06120,1.4210044657328906,364.1274545274229,0.0008331005669439087,0.0053822857883719,RNA,C5vsC1_rna
ACZ81_RS06125,-0.1234206988697521,63.28759902841762,0.7866042663250017,0.8741557379127683,RNA,C5vsC1_rna
ACZ81_RS06130,0.3193961348944023,78.01596468217147,0.4740171315129982,0.6390837748956804,RNA,C5vsC1_rna
ACZ81_RS06135,-0.2571825552785692,105.27790538218618,0.5937705912083155,0.7386363419579867,RNA,C5vsC1_rna
ACZ81_RS06140,1.2423673671707125,17.72218097775397,0.15147433636024,0.2913303151856581,RNA,C5vsC1_rna
ACZ81_RS06145,0.6351683112119478,112.96897908422012,0.1111603088130612,0.2291753129280584,RNA,C5vsC1_rna
ACZ81_RS06150,0.6469270236371382,284.11023505782634,0.1551440283830331,0.2961926223606889,RNA,C5vsC1_rna
ACZ81_RS06155,-0.2059120871780043,3999.66447149537,0.6132551158149162,0.7538628838523946,RNA,C5vsC1_rna
ACZ81_RS06160,-0.1140259970627105,3202.9152816462865,0.8319569794904071,0.9023550694013284,RNA,C5vsC1_rna
ACZ81_RS06165,0.739178801867265,541.8458968479417,0.0357692835209884,0.0970949698824124,RNA,C5vsC1_rna
ACZ81_RS06170,0.0916750513776237,1248.9319645807946,0.7013709716038443,0.8179942843240184,RNA,C5vsC1_rna
ACZ81_RS06175,-0.0011166998556449,238.91049697355464,0.9982149391133842,1.0,RNA,C5vsC1_rna
ACZ81_RS06180,-3.2857350022562803,331.6100667139273,4.665386165981841e-06,7.241136734755748e-05,RNA,C5vsC1_rna
ACZ81_RS06185,1.4419251984980517,1058.0857256395489,1.8146143025300125e-05,0.0002311184946587432,RNA,C5vsC1_rna
ACZ81_RS06190,-0.7425991673416816,209.07150225964395,0.0060746577903213,0.0258446734409005,RNA,C5vsC1_rna
ACZ81_RS06195,0.5274572129188746,3967.43806289198,0.0113484545775626,0.0415041018825719,RNA,C5vsC1_rna
ACZ81_RS06200,-0.0643825176048405,587.1527114665037,0.7813309062271936,0.8714082128144909,RNA,C5vsC1_rna
ACZ81_RS06205,0.1769932716640406,1042.7211603398189,0.3403781026840481,0.5072796983537894,RNA,C5vsC1_rna
ACZ81_RS06210,-0.0569772900234432,133.91827462377452,0.8780206188912847,0.9311435486503108,RNA,C5vsC1_rna
ACZ81_RS06215,0.2040559003035995,257.5653836937336,0.4556306565643609,0.6217653721551755,RNA,C5vsC1_rna
ACZ81_RS06220,-1.514593078979093,1619.6612622369855,6.033306672740952e-05,0.0006420590549346605,RNA,C5vsC1_rna
ACZ81_RS06225,-0.5077051585135781,363.3310787102809,0.1662217830269841,0.3112935563218656,RNA,C5vsC1_rna
ACZ81_RS06230,0.6440143161680228,1155.530161147403,0.0374388805657694,0.1008085831072932,RNA,C5vsC1_rna
ACZ81_RS06235,0.0946196952938643,1136.5471730759807,0.8038209680749315,0.8828071912048985,RNA,C5vsC1_rna
ACZ81_RS06240,-0.597640417283629,229.2194503883824,0.0979751938661984,0.207765041837093,RNA,C5vsC1_rna
ACZ81_RS06245,0.118727787826755,317.3652278995609,0.647644637165645,0.7791155275288059,RNA,C5vsC1_rna
ACZ81_RS06250,-0.1925473791303751,689.4940032989033,0.5170600173223814,0.6759350894419661,RNA,C5vsC1_rna
ACZ81_RS06255,1.3790623046801072,4100.354853682396,0.0010625909372763,0.006528506646788,RNA,C5vsC1_rna
ACZ81_RS06260,1.4187425247590006,10945.94538799059,1.4509648297664946e-05,0.0001947297054322459,RNA,C5vsC1_rna
ACZ81_RS06265,1.175267699038662,10249.651314975672,0.0090323190335393,0.0348104360831508,RNA,C5vsC1_rna
ACZ81_RS06270,0.6815025523254685,1614.9721932886575,0.1827433031837324,0.3310005112294061,RNA,C5vsC1_rna
ACZ81_RS06275,-0.6261578797877718,226.14573038306776,0.1540720009384046,0.2949041526770135,RNA,C5vsC1_rna
ACZ81_RS06280,1.0256553612172727,88.37362006151257,0.0003329933841801196,0.0025495600330737,RNA,C5vsC1_rna
ACZ81_RS06285,0.9318097927142994,717.3482989146779,0.0351581089538535,0.0959553286550069,RNA,C5vsC1_rna
ACZ81_RS06290,0.4618224733286671,897.8890441317743,0.0644179746311215,0.150872687810893,RNA,C5vsC1_rna
ACZ81_RS06295,0.3859536946121743,145.22519492800308,0.167371430790604,0.3123228745729782,RNA,C5vsC1_rna
ACZ81_RS06300,0.3226482786378291,190.11167246040708,0.3768794693422147,0.5446831523778694,RNA,C5vsC1_rna
ACZ81_RS06305,-0.5948636674289478,81.39333667402096,0.2806723183434916,0.4419377320227977,RNA,C5vsC1_rna
ACZ81_RS06310,-0.9691670076158264,392.493423430806,0.0933096799214437,0.2006208123498566,RNA,C5vsC1_rna
ACZ81_RS06315,-0.3151262176129652,674.8804939169219,0.2740817297235678,0.4348058728668841,RNA,C5vsC1_rna
ACZ81_RS06320,-0.4498784385445392,371.9278931477276,0.241834320269594,0.400594258018832,RNA,C5vsC1_rna
ACZ81_RS06325,-1.2180470382823303,1300.8248815002348,5.832553671927121e-06,8.79706967359835e-05,RNA,C5vsC1_rna
ACZ81_RS06330,-1.6162742809778086,2286.583498538905,0.0013961897014527,0.008059731053566,RNA,C5vsC1_rna
ACZ81_RS06335,-1.0801750155819552,3398.5245632084816,0.0391007442970351,0.1039577111462592,RNA,C5vsC1_rna
ACZ81_RS06340,-0.9515356689126264,2054.019446309775,0.0060945073952664,0.0259016564298826,RNA,C5vsC1_rna
ACZ81_RS06345,-0.9979844616832212,391.92893046044,0.004301154202262,0.0198575726806391,RNA,C5vsC1_rna
ACZ81_RS06350,0.0397166209536204,322.67306132234813,0.8674008074056266,0.92652077723945,RNA,C5vsC1_rna
ACZ81_RS06355,-1.0661296701812846,479.82970620497696,0.144760785856772,0.2822268954698518,RNA,C5vsC1_rna
ACZ81_RS06360,-0.5431862232964734,763.0317987617592,0.2969264571927233,0.4590090092727229,RNA,C5vsC1_rna
ACZ81_RS06365,-0.1331297045079728,265.51937907407955,0.5608984145228846,0.7112276988197892,RNA,C5vsC1_rna
ACZ81_RS06370,0.0086103406643692,479.3173825422425,0.9694179847218388,0.988387536138251,RNA,C5vsC1_rna
ACZ81_RS06375,1.323216067279008,49.176979027957934,0.0145412284512068,0.0496083406005457,RNA,C5vsC1_rna
ACZ81_RS06380,1.286712836524171,51.21757745468673,0.0427707955475494,0.1120566416398487,RNA,C5vsC1_rna
ACZ81_RS06385,1.4233262457359916,2495.253723141807,0.0003368943336074778,0.0025598864894568,RNA,C5vsC1_rna
ACZ81_RS06390,1.488900899730536,165.8093089164084,6.90968833805288e-05,0.0007163222122033116,RNA,C5vsC1_rna
ACZ81_RS06395,-1.2753287149756871,743.1131337589048,0.0001661045627574201,0.0014582308660454,RNA,C5vsC1_rna
ACZ81_RS06400,-0.8365945443454773,497.05182013432704,3.927341809680406e-05,0.0004388995916556487,RNA,C5vsC1_rna
ACZ81_RS06405,-0.8086092319731844,505.3516780664898,0.000425087330599538,0.0031292667346153,RNA,C5vsC1_rna
ACZ81_RS06410,-0.7497716507792771,356.06828636718166,0.1601198697366495,0.3031339524142336,RNA,C5vsC1_rna
ACZ81_RS06415,0.1801028311145133,650.7952044631035,0.5124554649979829,0.6726269495758495,RNA,C5vsC1_rna
ACZ81_RS06420,0.0733684738105136,406.3646484457011,0.7525787646620516,0.8529225999503252,RNA,C5vsC1_rna
ACZ81_RS06425,-0.3289401798364527,500.1150997067964,0.250873471559933,0.4100021471370189,RNA,C5vsC1_rna
ACZ81_RS06430,-0.5803771028146623,2366.4782893475985,0.0173231849584174,0.0567351984107515,RNA,C5vsC1_rna
ACZ81_RS06435,-0.4532961444797613,2519.966707192528,0.0493306024058647,0.124945944982531,RNA,C5vsC1_rna
ACZ81_RS06440,0.1626167771489632,1302.5495033593534,0.4823606447736048,0.6468017736736973,RNA,C5vsC1_rna
ACZ81_RS06460,0.7398007881253389,4637.3270392980485,0.0054794858971238,0.0240258988188645,RNA,C5vsC1_rna
ACZ81_RS06470,0.6006219771628478,256.4801373974618,0.1547224214238431,0.2957343281336153,RNA,C5vsC1_rna
ACZ81_RS06475,0.0574363285247524,400.2410634242296,0.8182987919120026,0.8918812151999334,RNA,C5vsC1_rna
ACZ81_RS06480,-0.0352186054573786,183.3637649266508,0.938208463669796,0.9680718600643888,RNA,C5vsC1_rna
ACZ81_RS06485,-2.4803901256870104,997.1223318349086,1.6992745613397313e-07,4.157005817131099e-06,RNA,C5vsC1_rna
ACZ81_RS06490,-1.8809284039653835,283.0960072080137,1.1835467310597316e-14,1.2495761802662218e-12,RNA,C5vsC1_rna
ACZ81_RS06495,1.3610893422949428,327.4495976929936,0.021024030131686,0.0661852204556202,RNA,C5vsC1_rna
ACZ81_RS06500,0.4036780957435962,2019.807923933256,0.6056096450168266,0.7488571965290263,RNA,C5vsC1_rna
ACZ81_RS06505,-0.2288533417674199,225.6931431579623,0.4010233601317092,0.5699035844254509,RNA,C5vsC1_rna
ACZ81_RS06510,0.1008330884515219,98.74484106041793,0.7719021773731404,0.8651422785364025,RNA,C5vsC1_rna
ACZ81_RS06515,-0.3273480295957148,109.86227697558851,0.2675060251704284,0.4274130517657343,RNA,C5vsC1_rna
ACZ81_RS06520,-0.7476793464262089,363.2064462761756,0.0815180961530662,0.1806980061123581,RNA,C5vsC1_rna
ACZ81_RS06525,0.746834645532202,1729.097038000852,0.00028364420885826515,0.002235718204203,RNA,C5vsC1_rna
ACZ81_RS06530,-1.0445321861609265,426.7845854154905,0.0234137200604405,0.0716520555930492,RNA,C5vsC1_rna
ACZ81_RS06535,-0.2857615148259768,220.0171930276624,0.4545858467930467,0.6207618847289665,RNA,C5vsC1_rna
ACZ81_RS06540,-0.8168523968819803,91.66113119262846,0.0403897829026194,0.1068185952572902,RNA,C5vsC1_rna
ACZ81_RS06545,-1.360151036280628,1098.4603613081524,4.041269016959077e-06,6.358263253348947e-05,RNA,C5vsC1_rna
ACZ81_RS06550,-0.3467366019463703,123.08449187518131,0.3006785047245222,0.4629018269204847,RNA,C5vsC1_rna
ACZ81_RS06555,-0.4074671746313736,145.86739291955664,0.1704849999599261,0.3157168103024851,RNA,C5vsC1_rna
ACZ81_RS06560,-1.924624183624976,488.9325241197907,1.3312787997561101e-09,5.395040954163144e-08,RNA,C5vsC1_rna
ACZ81_RS06565,-3.114226683207799,365.6527654585139,1.0239326925700107e-09,4.370231875096684e-08,RNA,C5vsC1_rna
ACZ81_RS06570,-1.5530440845036737,756.8119426597478,5.925967095284327e-05,0.0006323132975074659,RNA,C5vsC1_rna
ACZ81_RS06575,0.7586048172886605,1189.2497568520928,0.0238821404222457,0.0726422648779757,RNA,C5vsC1_rna
ACZ81_RS06585,0.0974893892673138,61.07960839537812,0.8652080592361667,0.925410486178486,RNA,C5vsC1_rna
ACZ81_RS06590,0.346521491155318,3502.883197328335,0.2454608965721265,0.4040070344500575,RNA,C5vsC1_rna
ACZ81_RS06595,0.372657439024372,2686.911225744117,0.274115375421213,0.4348058728668841,RNA,C5vsC1_rna
ACZ81_RS06600,0.0505496009304129,91.03874382484872,0.8764924570873738,0.9302877613318896,RNA,C5vsC1_rna
ACZ81_RS06605,-0.691535375505839,189.88984683273384,0.0121708662287246,0.0437997330636939,RNA,C5vsC1_rna
ACZ81_RS06610,0.0119355412663263,429.27043964034857,0.9628201791716016,0.9865666227381488,RNA,C5vsC1_rna
ACZ81_RS06615,-0.2400256780491096,342.56862245331274,0.4635207647511018,0.6291086969490597,RNA,C5vsC1_rna
ACZ81_RS06620,-0.0778745315156879,151.67811086019117,0.7701050883341563,0.8651422785364025,RNA,C5vsC1_rna
ACZ81_RS06625,0.6136117076642944,2136.525418609139,0.0159751049062292,0.0533656293786776,RNA,C5vsC1_rna
ACZ81_RS06630,-2.4836660227885075,635.6268717303016,2.5677632612860552e-09,9.718741702150615e-08,RNA,C5vsC1_rna
ACZ81_RS06635,-0.3136280393024897,950.7010051374368,0.1820843205428671,0.3302464899025026,RNA,C5vsC1_rna
ACZ81_RS06640,0.1039955829130732,514.9935928092157,0.7890217669584209,0.875188092075528,RNA,C5vsC1_rna
ACZ81_RS06645,0.6218563061757402,365.823767582366,0.0478184822243699,0.1221960195440586,RNA,C5vsC1_rna
ACZ81_RS06650,-4.451679789708455,685.0695311056023,1.645420952392641e-07,4.049956356441273e-06,RNA,C5vsC1_rna
ACZ81_RS06655,-0.7997503965190172,263.4455699884669,0.1200595218082453,0.2425371608734544,RNA,C5vsC1_rna
ACZ81_RS06660,0.2643894059400563,463.8423362118504,0.4386120891335598,0.6060480217172252,RNA,C5vsC1_rna
ACZ81_RS06665,0.3413355566148492,1063.2572853938798,0.198670533618387,0.3508455706173278,RNA,C5vsC1_rna
ACZ81_RS06670,-0.183224298048797,844.705381917418,0.4808496435984813,0.6452069465274606,RNA,C5vsC1_rna
ACZ81_RS06675,-0.9660291689514918,358.08602324626696,0.0025752319120875,0.0130617325300823,RNA,C5vsC1_rna
ACZ81_RS06680,-0.6017270084972984,142.5397084711462,0.0306545561386971,0.0867571190355749,RNA,C5vsC1_rna
ACZ81_RS06685,0.5590998281324453,337.9605969307028,0.2952720804499768,0.4579800785075708,RNA,C5vsC1_rna
ACZ81_RS06690,0.4662388352195469,584.5625995588674,0.0594583429053659,0.1436164188659412,RNA,C5vsC1_rna
ACZ81_RS06695,0.2917555879088528,246.8722224880836,0.322080113228743,0.4887236816466403,RNA,C5vsC1_rna
ACZ81_RS06700,0.6410721692124138,206.21988580604292,0.0342943909038312,0.0942802765546842,RNA,C5vsC1_rna
ACZ81_RS06705,0.679848410833653,4596.89715711622,0.2802096336436694,0.4415557934714853,RNA,C5vsC1_rna
ACZ81_RS06710,0.4245464669138742,76.21609342846925,0.3279811715245555,0.4946843835174875,RNA,C5vsC1_rna
ACZ81_RS06715,0.3109697210621758,55.31807014598255,0.5139223293419499,0.6733153369330155,RNA,C5vsC1_rna
ACZ81_RS06720,-0.0734429060152378,66.55244273824691,0.875285579255634,0.9299909279591112,RNA,C5vsC1_rna
ACZ81_RS06725,-0.6149124094085556,109.80575093457756,0.0598330889287169,0.1443477767781193,RNA,C5vsC1_rna
ACZ81_RS06730,-0.8851471814944911,53.03508025302855,0.1055538746705949,0.2205636172804306,RNA,C5vsC1_rna
ACZ81_RS06735,-0.3789386508447965,26.929370916338264,0.4733691192478305,0.6385867203840941,RNA,C5vsC1_rna
ACZ81_RS06740,-0.0709915677648116,110.82654734617692,0.827512444622643,0.8992350473511052,RNA,C5vsC1_rna
ACZ81_RS06750,-0.4009819054086738,3095.204546049351,0.1455252130766301,0.2832834327333527,RNA,C5vsC1_rna
ACZ81_RS06755,-0.223931795620969,3485.9921567261927,0.6363659640297481,0.7708636013548761,RNA,C5vsC1_rna
ACZ81_RS06760,-1.704652129576927,10731.824434118134,9.173309215541998e-05,0.0009006797094569911,RNA,C5vsC1_rna
ACZ81_RS06785,0.6629481323687987,1588.7694326313865,0.0107884498365849,0.0400400191899896,RNA,C5vsC1_rna
ACZ81_RS06815,0.5469402041083881,1271.3657262090646,0.1745203547897108,0.3207830806632248,RNA,C5vsC1_rna
ACZ81_RS06820,0.8300637640753132,77.85232875794986,0.0878442712411712,0.1913119479150693,RNA,C5vsC1_rna
ACZ81_RS06825,1.264182378476772,271.6098023625638,0.0482246328882971,0.1229988729484094,RNA,C5vsC1_rna
ACZ81_RS06830,-0.8003519695071564,137.9679903715056,0.011330372499604,0.0415041018825719,RNA,C5vsC1_rna
ACZ81_RS06835,-0.1322713204360416,921.6008333275976,0.5774377675566297,0.7246419529049728,RNA,C5vsC1_rna
ACZ81_RS06840,-1.00028508667649,688.008874618059,0.0046451687517101,0.0210484448169238,RNA,C5vsC1_rna
ACZ81_RS06845,-0.5576288617686179,1318.2269311845705,0.0677134300515686,0.1568512017129869,RNA,C5vsC1_rna
ACZ81_RS06850,-0.4350121128837479,752.9021698824808,0.0281411515459098,0.0816357917586337,RNA,C5vsC1_rna
ACZ81_RS06855,-1.1260872550430572,363.0364892715507,0.0051845610737777,0.0229332514090367,RNA,C5vsC1_rna
ACZ81_RS06860,0.6303274559800726,285.36738941752094,0.0104494734185391,0.0391075441746072,RNA,C5vsC1_rna
ACZ81_RS06865,0.4093564318033369,243.91727605211025,0.1872880228616439,0.3366132760557958,RNA,C5vsC1_rna
ACZ81_RS06870,0.1920020676144589,1035.8002024912132,0.526165908863375,0.6838281912406415,RNA,C5vsC1_rna
ACZ81_RS06875,0.0417773367632578,742.7523367850964,0.9340916231200812,0.9658699979272594,RNA,C5vsC1_rna
ACZ81_RS06880,-0.7258470875557449,169.96697844076536,0.2478955673909679,0.4066054850255777,RNA,C5vsC1_rna
ACZ81_RS06885,-0.528521930380257,270.7892846588384,0.1639539848531832,0.3083841477876096,RNA,C5vsC1_rna
ACZ81_RS06890,-0.5165477824993983,472.4521157914445,0.2597885319662138,0.4182756215855053,RNA,C5vsC1_rna
ACZ81_RS06895,-0.3858357907415571,767.005079472843,0.42070821751423,0.5899620302925869,RNA,C5vsC1_rna
ACZ81_RS06900,-0.883392527917113,820.6422147261998,0.044617598183602,0.1156465843477623,RNA,C5vsC1_rna
ACZ81_RS06905,-0.7186276082511003,736.086648503375,0.0330766911449564,0.0918890569999426,RNA,C5vsC1_rna
ACZ81_RS06910,-0.7963025203284413,232.4577837685543,0.0080642619625705,0.0322249193165666,RNA,C5vsC1_rna
ACZ81_RS06915,-1.4922326531561216,900.8686423959206,2.6853823150633527e-05,0.0003206474359533979,RNA,C5vsC1_rna
ACZ81_RS06920,-0.6330852739319052,1557.511802993234,0.0592615240472271,0.1434000207946171,RNA,C5vsC1_rna
ACZ81_RS06925,-0.6942951804002279,947.3421885822972,0.0077286645601056,0.031320608298125,RNA,C5vsC1_rna
ACZ81_RS06930,-0.1980026507498903,186.57919385398304,0.5678229172423492,0.7178615227663527,RNA,C5vsC1_rna
ACZ81_RS06935,-0.6147516675582206,1474.7549373906077,0.0430314472428331,0.1124014744056574,RNA,C5vsC1_rna
ACZ81_RS06940,-0.4190442626321762,1730.6428586181405,0.0046482856699388,0.0210484448169238,RNA,C5vsC1_rna
ACZ81_RS06945,0.0100754877577821,1416.6949622794275,0.9828352323239092,0.99399478436763,RNA,C5vsC1_rna
ACZ81_RS06950,-1.0594888354019438,2128.8051396562223,0.0245283795917109,0.0739700164711239,RNA,C5vsC1_rna
ACZ81_RS06955,-1.5277927188445135,7423.76382071958,0.00976837923949,0.0370422849799944,RNA,C5vsC1_rna
ACZ81_RS06960,0.0332396002812601,237.64871787210572,0.93839268788395,0.9680718600643888,RNA,C5vsC1_rna
ACZ81_RS06965,0.7080068887357561,874.5359126532679,0.0549456187965727,0.1361592480616736,RNA,C5vsC1_rna
ACZ81_RS06970,0.8673414709290239,304.2306541028313,0.0016754818205779,0.0092589987109622,RNA,C5vsC1_rna
ACZ81_RS06975,-0.2158291908818936,956.532282385028,0.6355833836191009,0.7701481531500552,RNA,C5vsC1_rna
ACZ81_RS06980,-0.4628729299690987,558.2115835212286,0.2701524297973938,0.4306124546472563,RNA,C5vsC1_rna
ACZ81_RS06985,-1.959416280284312,1341.391778329094,0.0087695747187202,0.0339834234100054,RNA,C5vsC1_rna
ACZ81_RS06990,0.0837752096555296,542.2490527726683,0.6687488767789456,0.7960897358758898,RNA,C5vsC1_rna
ACZ81_RS06995,-1.1178203488461746,251.5525127789724,0.0040866142901211,0.0191089703169766,RNA,C5vsC1_rna
ACZ81_RS07000,0.5999280551252335,1056.1970361240722,0.034327300284815,0.0942802765546842,RNA,C5vsC1_rna
ACZ81_RS07005,0.597558675688605,105.16461228987912,0.0531854108803227,0.1323696454415972,RNA,C5vsC1_rna
ACZ81_RS07010,0.5169323843233917,192.3511051567535,0.3351758583740827,0.5017632626107538,RNA,C5vsC1_rna
ACZ81_RS07015,0.5683904122442064,166.46181849259756,0.0481864882606733,0.1229988729484094,RNA,C5vsC1_rna
ACZ81_RS07020,0.052182124456222,334.82746930477026,0.8709225745938252,0.9287988754041536,RNA,C5vsC1_rna
ACZ81_RS07025,0.0987935658564301,459.04945770623016,0.798098420525955,0.8791602320778495,RNA,C5vsC1_rna
ACZ81_RS07030,-0.5522808430831291,1350.1888567473895,0.004924113311599,0.0220814637320593,RNA,C5vsC1_rna
ACZ81_RS07035,0.3046626565953155,362.345191099012,0.2320852559291713,0.3900021928752177,RNA,C5vsC1_rna
ACZ81_RS07040,1.449511390555302,481.24598242590696,0.0287716574331367,0.0829848235957906,RNA,C5vsC1_rna
ACZ81_RS07045,0.6442997808751452,8023.788685119629,0.1695463063975688,0.3143344645411488,RNA,C5vsC1_rna
ACZ81_RS07050,1.0541316285196325,1989.07196758289,0.0045753682650149,0.0208122193642175,RNA,C5vsC1_rna
ACZ81_RS07055,0.9196623719666362,509.2946407550437,0.0014596223037198,0.0083418870121424,RNA,C5vsC1_rna
ACZ81_RS07060,-0.1927619130080845,876.612701228089,0.2734982974176818,0.4342204864423187,RNA,C5vsC1_rna
ACZ81_RS07065,0.012878411405072,4672.560662614867,0.9663356595502488,0.9880067956461768,RNA,C5vsC1_rna
ACZ81_RS07070,2.4033776317583846,2239.017784799052,1.3850956552433306e-06,2.596730733101048e-05,RNA,C5vsC1_rna
ACZ81_RS07075,0.9609703696603,100.23984380796983,0.0209052452985206,0.0659369843849565,RNA,C5vsC1_rna
ACZ81_RS07080,1.2680607063430502,802.9675657800418,1.0125705835269438e-06,2.0211398190327977e-05,RNA,C5vsC1_rna
ACZ81_RS07085,2.020139338641439,2336.894523769478,0.0003943670585643917,0.0029518668637319,RNA,C5vsC1_rna
ACZ81_RS07090,1.4484563467067555,2719.735875298492,0.0152228646654396,0.0513005859015338,RNA,C5vsC1_rna
ACZ81_RS07095,0.8897233551892676,641.4690809768131,0.0254085506301662,0.0757777040188741,RNA,C5vsC1_rna
ACZ81_RS07105,-0.4624470181938659,238.7939565861506,0.3060584506324117,0.4692922548110978,RNA,C5vsC1_rna
ACZ81_RS07110,-0.0977013024431251,323.85846012086387,0.7442690162799778,0.8470942676071691,RNA,C5vsC1_rna
ACZ81_RS07115,-0.2368573611404995,141.67862627421428,0.4219170704578032,0.5910374604318109,RNA,C5vsC1_rna
ACZ81_RS07120,-0.2695597178422177,180.62140737496009,0.4211270405651955,0.5903430072493238,RNA,C5vsC1_rna
ACZ81_RS07125,0.6254478238645697,4038.429322632024,0.5291248049004975,0.6865616808734787,RNA,C5vsC1_rna
ACZ81_RS07130,-0.2016294467099068,864.5752550429468,0.3962361145841797,0.5645357950561404,RNA,C5vsC1_rna
ACZ81_RS07135,0.0443391626989595,973.8797781959004,0.8760657362628177,0.9302877613318896,RNA,C5vsC1_rna
ACZ81_RS07140,0.6543786590488752,214.1061711407945,0.0323991486949514,0.0905190700307418,RNA,C5vsC1_rna
ACZ81_RS07145,0.3804566682692641,79.67098453879721,0.3416317008975886,0.5082040726737581,RNA,C5vsC1_rna
ACZ81_RS07150,0.5581072053704992,831.7795141909878,0.0027809166363691,0.0139637516209174,RNA,C5vsC1_rna
ACZ81_RS07155,0.15209672968734,385.20291521730405,0.7372186999943338,0.8426556764607599,RNA,C5vsC1_rna
ACZ81_RS07160,-0.6669067836983895,2620.4446118002074,0.0266765370763791,0.0785802252205824,RNA,C5vsC1_rna
ACZ81_RS07165,0.3179912171920088,4563.904867990522,0.0327179399104636,0.0910293862141333,RNA,C5vsC1_rna
ACZ81_RS07170,-0.701639568846047,782.147107317622,0.001339649786382,0.0078348031238556,RNA,C5vsC1_rna
ACZ81_RS07175,0.4392577321756494,158.99191513464402,0.3960910326378362,0.5645357950561404,RNA,C5vsC1_rna
ACZ81_RS07180,-0.6196345759401763,200.23573873800768,0.0946031295917305,0.2023175671226135,RNA,C5vsC1_rna
ACZ81_RS07185,-1.361690631684842,28.63560649251068,0.0770181102063597,0.1735936281729862,RNA,C5vsC1_rna
ACZ81_RS07190,-2.1445720641074497,297.6433234489914,7.468323766647038e-05,0.0007682798705586646,RNA,C5vsC1_rna
ACZ81_RS07200,1.82223601853012,2038.164902346315,1.2835469940254796e-05,0.000176355840411994,RNA,C5vsC1_rna
ACZ81_RS07205,-0.1860126727677657,134.43541244148017,0.4909862486100768,0.6551974790403806,RNA,C5vsC1_rna
ACZ81_RS07210,0.4367480020783139,166.60845972769667,0.4492535644203288,0.6155755807562702,RNA,C5vsC1_rna
ACZ81_RS07215,0.0108031344832219,70.7500471872127,0.9783487770520328,0.9927747450338216,RNA,C5vsC1_rna
ACZ81_RS07220,-1.377550130506004,57.7270264248321,0.0085010073793027,0.0331448412106535,RNA,C5vsC1_rna
ACZ81_RS07225,-2.3397921242387523,614.317411277191,0.0001046004252991429,0.0009944476452610456,RNA,C5vsC1_rna
ACZ81_RS07230,-0.0452779479396027,346.8201728853894,0.8898626872753356,0.939013440649302,RNA,C5vsC1_rna
ACZ81_RS07275,0.51511558752301,189.18991545148447,0.1478677778093135,0.28631540761147,RNA,C5vsC1_rna
ACZ81_RS07280,0.5373932038195292,715.9341182609487,0.1797993149798081,0.3271400780571467,RNA,C5vsC1_rna
ACZ81_RS07285,1.813838410355327,519.1860872403039,0.0167984922582808,0.0553747830626076,RNA,C5vsC1_rna
ACZ81_RS07290,1.557426910044618,4406.818181279024,0.0010680753535024,0.0065521686823421,RNA,C5vsC1_rna
ACZ81_RS07295,0.2209029608088389,1146.9034255836646,0.2415918953762974,0.4005234232436798,RNA,C5vsC1_rna
ACZ81_RS07300,0.0782447919655652,542.0983835561746,0.8132974270470509,0.8898143652339155,RNA,C5vsC1_rna
ACZ81_RS07305,1.6195829055175064,3282.835038497961,0.0004691693603454658,0.0033976669200469,RNA,C5vsC1_rna
ACZ81_RS07315,1.0232800631169974,954.149008074443,0.0236425671960569,0.072242177906002,RNA,C5vsC1_rna
ACZ81_RS07320,0.3588801207112254,130.3173987137966,0.2537568141662205,0.4131385374316684,RNA,C5vsC1_rna
ACZ81_RS07325,0.8647637247534992,1572.21369512384,0.1474531392483964,0.2858116056267623,RNA,C5vsC1_rna
ACZ81_RS07330,-0.8174279632846374,1081.3359023955236,0.0146057674112768,0.0497017293079243,RNA,C5vsC1_rna
ACZ81_RS07335,-0.3559628748495679,134.69477230682404,0.478547427144717,0.6427627310695028,RNA,C5vsC1_rna
ACZ81_RS07340,-0.5749232320795845,810.795961353387,0.0362196177519687,0.0979859112750496,RNA,C5vsC1_rna
ACZ81_RS07345,0.0631346827124093,291.76340553136055,0.842013948020588,0.9105552451370889,RNA,C5vsC1_rna
ACZ81_RS07350,0.4457386214643177,1063.9117969213523,0.3537764065978511,0.5204807272719394,RNA,C5vsC1_rna
ACZ81_RS07355,-0.3000928610753714,333.1994834497243,0.7823117531933474,0.8714082128144909,RNA,C5vsC1_rna
ACZ81_RS07360,0.7802303424933298,240.58283961772872,0.0013955037320355,0.008059731053566,RNA,C5vsC1_rna
ACZ81_RS07365,-0.066766867001675,114.8678682283597,0.8345265633717421,0.9046529511611536,RNA,C5vsC1_rna
ACZ81_RS07370,-0.1235256756272172,32.423819859121494,0.8151066382432814,0.890822073721614,RNA,C5vsC1_rna
ACZ81_RS07375,0.8897933969099151,710.1198612270816,0.0128311001595463,0.0455158035721483,RNA,C5vsC1_rna
ACZ81_RS07380,0.9682556814109884,18636.944890724997,0.0427893257707498,0.1120566416398487,RNA,C5vsC1_rna
ACZ81_RS07385,3.461517097774077,37.11582073109124,0.0005817453502866993,0.0040449953992205,RNA,C5vsC1_rna
ACZ81_RS07390,2.508427880823524,52.5538861148089,0.0011972003518064,0.0071369506856574,RNA,C5vsC1_rna
ACZ81_RS07395,4.853781686258468,153.76328024138172,2.2997447567984658e-07,5.454460397321679e-06,RNA,C5vsC1_rna
ACZ81_RS07400,0.2335016233204621,63.09782064788313,0.6405130871208318,0.7739413381447887,RNA,C5vsC1_rna
ACZ81_RS07405,-0.3816604947869724,82.76051506686807,0.5850328465711656,0.7309722144015934,RNA,C5vsC1_rna
ACZ81_RS07410,-0.8270211602711033,774.5147204834216,0.1036785732021104,0.2178933659962636,RNA,C5vsC1_rna
ACZ81_RS07415,-0.2495756680489907,1189.421636121648,0.426296224513689,0.5946802686887761,RNA,C5vsC1_rna
ACZ81_RS07420,0.3130384168685525,1834.3614497538535,0.3200366458305624,0.4865430174582101,RNA,C5vsC1_rna
ACZ81_RS07425,0.9956116797915638,2482.270447297818,0.0181148018559328,0.0589284974804817,RNA,C5vsC1_rna
ACZ81_RS07430,-1.0041064255238907,546.7677971141003,0.0092989388400177,0.0356326099581195,RNA,C5vsC1_rna
ACZ81_RS07435,1.2780948592061234,852.0700239587469,0.0001656477232480444,0.0014582308660454,RNA,C5vsC1_rna
ACZ81_RS07440,0.7392696656669168,719.2830877916501,0.020326137939614,0.0646421515324249,RNA,C5vsC1_rna
ACZ81_RS07445,1.0186528350452797,1392.2432618467255,0.0013385453289982,0.0078348031238556,RNA,C5vsC1_rna
ACZ81_RS07450,-0.1070126931879561,156.14040097171585,0.7669343750343686,0.8627683855778274,RNA,C5vsC1_rna
ACZ81_RS07455,0.5936494628825302,14.996885626334798,0.3813908559362822,0.5494247819308964,RNA,C5vsC1_rna
ACZ81_RS07460,0.3808248589562825,246.29961709230665,0.2588726525060942,0.4174437672932568,RNA,C5vsC1_rna
ACZ81_RS07465,0.0379319758648306,852.5428135049781,0.8884437712070306,0.9383319896039348,RNA,C5vsC1_rna
ACZ81_RS07470,-0.4200825934742344,314.5745652834756,0.0878833300118327,0.1913119479150693,RNA,C5vsC1_rna
ACZ81_RS07475,0.4216868099795894,207.37032439930783,0.2228143148996527,0.3784636034620688,RNA,C5vsC1_rna
ACZ81_RS07480,0.1958160554511836,202.83548081518,0.5339457895781362,0.6901522398272979,RNA,C5vsC1_rna
ACZ81_RS07485,0.4382955942725693,70.7216771500328,0.451437657334007,0.6176779207311583,RNA,C5vsC1_rna
ACZ81_RS07490,-2.4015830003847403,6958.163340127723,5.719866446398706e-09,1.928412116214421e-07,RNA,C5vsC1_rna
ACZ81_RS07495,-1.543037624607844,741.4064926585392,0.0077250093577185,0.031320608298125,RNA,C5vsC1_rna
ACZ81_RS07500,-2.116934541121618,224.367935873228,4.763271797910592e-07,1.0558147211722263e-05,RNA,C5vsC1_rna
ACZ81_RS07505,-0.2001221316948626,348.0965338016675,0.572847324251287,0.7209747521336421,RNA,C5vsC1_rna
ACZ81_RS07525,-0.7686945212676548,43.80366558098065,0.1541158565432408,0.2949041526770135,RNA,C5vsC1_rna
ACZ81_RS07530,-0.7491195885091264,651.6725862161294,0.000505511036962487,0.0036216255005241,RNA,C5vsC1_rna
ACZ81_RS07535,-1.0059429224986207,7.699022579591689,0.2653638649709304,0.4244975383825251,RNA,C5vsC1_rna
ACZ81_RS07540,0.390054751822342,7.657737069709304,0.6729447466078464,0.7983011009434299,RNA,C5vsC1_rna
ACZ81_RS07545,-0.5696854028997854,68.90361964393915,0.0761904817142005,0.1722119507816183,RNA,C5vsC1_rna
ACZ81_RS07555,-0.1261623131178389,145.1477525936569,0.7601335015556461,0.8583325663499161,RNA,C5vsC1_rna
ACZ81_RS07560,3.365493349178452,1.3155587591568871,0.1475363497639643,0.2858116056267623,RNA,C5vsC1_rna
ACZ81_RS07565,-1.5633255896964766,52.795189508736,0.0022217194607915,0.011666935178921,RNA,C5vsC1_rna
ACZ81_RS07570,-0.7291155578645337,62.62404713325106,0.0590178598158116,0.1429828825972442,RNA,C5vsC1_rna
ACZ81_RS07575,-1.096886507760258,139.8545640695215,0.0006621637954026052,0.0044573844750927,RNA,C5vsC1_rna
ACZ81_RS07580,0.2845354427281893,130.3951344107266,0.5077492659091957,0.668813185973896,RNA,C5vsC1_rna
ACZ81_RS07585,-0.3437098376594176,227.4221717913625,0.0979789280049302,0.207765041837093,RNA,C5vsC1_rna
ACZ81_RS07590,0.1839736810363715,565.495488389089,0.2859971880652847,0.4466409959197829,RNA,C5vsC1_rna
ACZ81_RS07595,0.4619313128645912,258.42042256302483,0.1297658649629791,0.2579884292524639,RNA,C5vsC1_rna
ACZ81_RS07600,0.7376156028847,156.30979136169194,0.0705721043898192,0.1622551763965357,RNA,C5vsC1_rna
ACZ81_RS07605,0.8622847752811349,192.7288251054588,0.0055090708312121,0.0240766799290014,RNA,C5vsC1_rna
ACZ81_RS07615,-1.1011986858612688,117.5795948768458,0.01376595097523,0.0477759475022689,RNA,C5vsC1_rna
ACZ81_RS07620,0.381434035686103,147.05850765945593,0.3962444663205611,0.5645357950561404,RNA,C5vsC1_rna
ACZ81_RS07625,-0.0957919535585613,584.9902588129804,0.6791465379897499,0.8026997110701645,RNA,C5vsC1_rna
ACZ81_RS07630,0.015374034754526,853.9725303930109,0.9267289708432752,0.962224800989446,RNA,C5vsC1_rna
ACZ81_RS07635,-0.2328184826689195,55.9521731756546,0.7024652836044354,0.8185566999189645,RNA,C5vsC1_rna
ACZ81_RS07640,-0.0386503674158025,30.117418324918955,0.946789233644174,0.9757303892577512,RNA,C5vsC1_rna
ACZ81_RS07645,-0.7343885057717731,96.43817356605597,0.1966068429318796,0.348866277683636,RNA,C5vsC1_rna
ACZ81_RS07650,-0.8315743135355,59.00068252745943,0.1145397736365885,0.2348153151916164,RNA,C5vsC1_rna
ACZ81_RS07655,-0.0060948185841879,192.0565150971396,0.9870776464569496,0.9957645254174708,RNA,C5vsC1_rna
ACZ81_RS07660,-0.1203195830233701,356.8299510372434,0.5488940698226046,0.7022203469796842,RNA,C5vsC1_rna
ACZ81_RS07665,0.3036612940113368,96.29572353040214,0.4172739340093227,0.5863758400159029,RNA,C5vsC1_rna
ACZ81_RS07670,0.3048557079669853,198.2106026964903,0.2355473149425746,0.3939207284491911,RNA,C5vsC1_rna
ACZ81_RS07675,0.2760844453034021,229.62914207472045,0.4225009557798707,0.5915509917027294,RNA,C5vsC1_rna
ACZ81_RS07680,0.6424696754346815,328.49596115210124,0.0250032287291719,0.0750845461537708,RNA,C5vsC1_rna
ACZ81_RS07685,-0.6248730360861877,31.326281905481025,0.2607812209648227,0.4190045088149254,RNA,C5vsC1_rna
ACZ81_RS07690,0.3135897143785549,215.35230270944035,0.4673820405738024,0.6324238606347706,RNA,C5vsC1_rna
ACZ81_RS07695,-0.1775599407626051,532.2681261496837,0.676366954084829,0.800085312796799,RNA,C5vsC1_rna
ACZ81_RS07700,-0.8337380407824729,599.7869939958919,0.0578392733653314,0.1410645378369056,RNA,C5vsC1_rna
ACZ81_RS07705,-1.1580549698150615,4831.481169493688,0.0071687149791698,0.0295589768719728,RNA,C5vsC1_rna
ACZ81_RS07710,-1.8503199024613608,219.65322925041087,8.420828268940515e-06,0.00011937937461126978,RNA,C5vsC1_rna
ACZ81_RS07715,-5.662715347299913,791.6713658982935,3.80151380179098e-13,3.245036887826684e-11,RNA,C5vsC1_rna
ACZ81_RS07720,0.1891782403869299,456.5540061264378,0.4852736238367109,0.6496222151594543,RNA,C5vsC1_rna
ACZ81_RS07725,-0.1571155921429586,372.14083032822856,0.590795326287621,0.7363376356216016,RNA,C5vsC1_rna
ACZ81_RS07730,0.1752681630437216,220.80685754581984,0.5044423057580085,0.6659501581774039,RNA,C5vsC1_rna
ACZ81_RS07735,0.2331094948093613,110.15753628807886,0.5387571101697708,0.6947572494471866,RNA,C5vsC1_rna
ACZ81_RS07740,0.8586516854789336,4.324073809695692,0.5021577588476334,0.6642456078129592,RNA,C5vsC1_rna
ACZ81_RS07745,0.3704541652569817,42.97753944224354,0.3277042299271135,0.4944525650498607,RNA,C5vsC1_rna
ACZ81_RS07750,-0.1810986693471482,265.8534392152867,0.4392922496744476,0.6066920845762078,RNA,C5vsC1_rna
ACZ81_RS07755,-0.5453336629263189,67.85931547079721,0.2453735969482278,0.4040070344500575,RNA,C5vsC1_rna
ACZ81_RS07760,-1.2078657247336944,1807.394228305213,0.0101568300544791,0.038262161670019,RNA,C5vsC1_rna
ACZ81_RS07765,0.6591416889444816,96.2620101970988,0.2406586248211603,0.3996703082454088,RNA,C5vsC1_rna
ACZ81_RS07770,0.1889451077824692,1388.4086937227262,0.7009976407821943,0.8179942843240184,RNA,C5vsC1_rna
ACZ81_RS07775,-1.07471967768448,138.16309579959008,0.0270972170117067,0.0794112743980771,RNA,C5vsC1_rna
ACZ81_RS07780,-1.0132224291655147,212.71423353332767,0.0201141130642209,0.06405119278913,RNA,C5vsC1_rna
ACZ81_RS07785,-1.5352354843421638,71.17098549750148,0.0045532291176608,0.0207350229512545,RNA,C5vsC1_rna
ACZ81_RS07790,-1.3352512066493192,102.3979046956096,0.0009402684651907228,0.0059407198147168,RNA,C5vsC1_rna
ACZ81_RS07795,-1.3682162431277212,298.9140319411868,0.0012162801646921,0.0072399347488794,RNA,C5vsC1_rna
ACZ81_RS07800,-1.2986790131541293,977.0386747904156,0.0004638650021077565,0.0033653280080584,RNA,C5vsC1_rna
ACZ81_RS07805,-0.8702693763749544,786.1141743329429,0.071350686000852,0.1637637026518412,RNA,C5vsC1_rna
ACZ81_RS07810,0.0837610829991726,601.6145654456978,0.771244491950918,0.8651422785364025,RNA,C5vsC1_rna
ACZ81_RS07815,0.5285278690126204,314.0940278249432,0.0630978478098185,0.148641922316694,RNA,C5vsC1_rna
ACZ81_RS07820,0.6312003920935775,120.32741428218036,0.1530872733732927,0.2935880214023186,RNA,C5vsC1_rna
ACZ81_RS07825,0.0732165059738865,343.1544635105635,0.7491916590177101,0.8505254487773212,RNA,C5vsC1_rna
ACZ81_RS07830,0.1128008445515507,778.4659526506641,0.5496907130245585,0.7030153460805001,RNA,C5vsC1_rna
ACZ81_RS07835,-0.2216992478484319,1758.5718194871745,0.5629178348764103,0.7133374458383318,RNA,C5vsC1_rna
ACZ81_RS07840,-1.273647574837512,3231.840472896214,0.00012369837204242662,0.0011472030383687,RNA,C5vsC1_rna
ACZ81_RS07845,-0.2967556581271019,855.8794495759147,0.2133230606066781,0.3677920580807875,RNA,C5vsC1_rna
ACZ81_RS07850,-1.3206055290843342,12753.019534990588,0.009737806680491,0.0369923979588195,RNA,C5vsC1_rna
ACZ81_RS07855,1.4620088759388534,68.21587199930482,0.0124145141992257,0.0443912931972314,RNA,C5vsC1_rna
ACZ81_RS07860,3.500935332973742,244.1015049319084,1.0412815644161253e-07,2.6440643268591737e-06,RNA,C5vsC1_rna
ACZ81_RS07865,1.0304385767241584,20.688925361381724,0.3458287822805846,0.5125471276356504,RNA,C5vsC1_rna
ACZ81_RS07870,0.8619503320294654,39.4618109062581,0.362583330344268,0.5291685417756287,RNA,C5vsC1_rna
ACZ81_RS07875,-2.4525322417433326,152.8779987247114,1.6137971010354291e-06,2.9699788850248352e-05,RNA,C5vsC1_rna
ACZ81_RS07880,-2.666959055026203,891.3329076844201,6.801960192392386e-09,2.2741220243231878e-07,RNA,C5vsC1_rna
ACZ81_RS07885,-2.9301490733347686,1197.9699937370617,2.0122345797936195e-08,5.936092010391177e-07,RNA,C5vsC1_rna
ACZ81_RS07890,-3.653955289585863,619.3164726130535,6.269356790274005e-16,8.384219814193104e-14,RNA,C5vsC1_rna
ACZ81_RS07895,-3.458390267628505,2381.176387370811,1.7547076869453475e-16,2.7076489384710523e-14,RNA,C5vsC1_rna
ACZ81_RS07900,-3.1223796236081887,4828.362474965428,9.22168901076362e-20,1.9472324374307185e-17,RNA,C5vsC1_rna
ACZ81_RS07905,-1.893865638122136,492.87221370102486,7.0384573704642044e-09,2.333743055396892e-07,RNA,C5vsC1_rna
ACZ81_RS07910,-0.5646744852934166,149.4685743244726,0.0849286729806599,0.1864990892164246,RNA,C5vsC1_rna
ACZ81_RS07915,-1.008142561134575,790.0840871990848,0.0049937750934601,0.0223107190144342,RNA,C5vsC1_rna
ACZ81_RS07920,-0.9022956363151126,830.0545303989005,0.0127942776671736,0.0454544726572853,RNA,C5vsC1_rna
ACZ81_RS07925,-0.0727674175133247,176.57381063785476,0.7835809225599727,0.8720462305993372,RNA,C5vsC1_rna
ACZ81_RS07930,-0.8699622804595268,416.2154931072185,0.0025020375445503,0.012754986821774,RNA,C5vsC1_rna
ACZ81_RS07935,-1.841706208371221,1251.366588987186,9.181904316248988e-05,0.0009006797094569911,RNA,C5vsC1_rna
ACZ81_RS07945,-0.3274016479062799,5137.214496187339,0.2461341920588905,0.4048371266476663,RNA,C5vsC1_rna
ACZ81_RS07950,-1.2767595508767835,25608.63464397848,0.0030784077462055,0.0152853612348721,RNA,C5vsC1_rna
ACZ81_RS07955,-0.0356954489660159,6131.473070993148,0.9162668924983836,0.9557075322717472,RNA,C5vsC1_rna
ACZ81_RS07960,0.1856929701350199,7598.599258609663,0.6529070586544161,0.7838052820527054,RNA,C5vsC1_rna
ACZ81_RS07965,0.5700399700892153,354.23283607819985,0.076476273729638,0.1724692581244001,RNA,C5vsC1_rna
ACZ81_RS07970,0.0492557998506013,968.0991253314812,0.915400286320258,0.9555444735934248,RNA,C5vsC1_rna
ACZ81_RS07975,-0.1194721371992472,1327.7204244052634,0.7208275686548475,0.8312619159078035,RNA,C5vsC1_rna
ACZ81_RS07980,0.1013299954936216,203.2502982588377,0.7426581793937541,0.8459023692933637,RNA,C5vsC1_rna
ACZ81_RS07985,0.0915976677747703,613.1721079349497,0.6763954590717123,0.800085312796799,RNA,C5vsC1_rna
ACZ81_RS07990,0.2930988544543237,267.1826193704432,0.3292842836067384,0.4962766888918988,RNA,C5vsC1_rna
ACZ81_RS07995,0.1450838000896734,97.47360229684054,0.6596759615519255,0.7898000470744033,RNA,C5vsC1_rna
ACZ81_RS08000,-0.0734360572035185,75.79517968843741,0.875820916253084,0.9302877613318896,RNA,C5vsC1_rna
ACZ81_RS08005,-0.5589560309883296,242.2183965742622,0.0516114768383939,0.1288520504515473,RNA,C5vsC1_rna
ACZ81_RS08010,-0.6522976116330342,2367.1455899897296,0.0703267492926843,0.1619695282217275,RNA,C5vsC1_rna
ACZ81_RS08015,0.5190966797674931,358.0434104806003,0.1403714513279089,0.2753888815293743,RNA,C5vsC1_rna
ACZ81_RS08020,0.798876867025047,173.49815521845923,0.0007150755940368983,0.0047498067603907,RNA,C5vsC1_rna
ACZ81_RS08025,0.286444993563583,223.33730848018632,0.3432697134710197,0.5100733668317522,RNA,C5vsC1_rna
ACZ81_RS08030,0.2907600898061326,105.73342376999568,0.3364566763293628,0.5027547818966778,RNA,C5vsC1_rna
ACZ81_RS08035,0.3509652404599684,137.2844888850702,0.2541301461736938,0.4131455710911813,RNA,C5vsC1_rna
ACZ81_RS08040,0.4392418907398857,231.94736514165703,0.0814841176164888,0.1806980061123581,RNA,C5vsC1_rna
ACZ81_RS08045,0.3166149502801805,144.32059110243745,0.3814758170543953,0.5494247819308964,RNA,C5vsC1_rna
ACZ81_RS08050,0.1035665990022593,83.05501826824126,0.7667383221745049,0.8627683855778274,RNA,C5vsC1_rna
ACZ81_RS08055,-1.4525756302884123,3043.525383316305,0.0003221554875231224,0.0024886970114085,RNA,C5vsC1_rna
ACZ81_RS08065,0.2428915474452494,395.8213621889966,0.5974926535108863,0.7414601069859809,RNA,C5vsC1_rna
ACZ81_RS08070,0.6805572344114487,407.3993153964837,0.0876139027391871,0.1910364009726188,RNA,C5vsC1_rna
ACZ81_RS08075,-0.3581843390548524,1588.7305855396348,0.1831564636179339,0.3313912685783602,RNA,C5vsC1_rna
ACZ81_RS08080,-0.0375188271709438,335.2340711887429,0.8984483986254791,0.9441003078275072,RNA,C5vsC1_rna
ACZ81_RS08085,0.2864643214489856,497.1494877994948,0.1556391865449672,0.296497823560498,RNA,C5vsC1_rna
ACZ81_RS08090,0.4549987469452244,830.5515243837028,0.0325605280251343,0.0907172489144714,RNA,C5vsC1_rna
ACZ81_RS08095,1.9758260495437867,671.5272246456786,0.0005511587708502894,0.0038523501544448,RNA,C5vsC1_rna
ACZ81_RS08100,0.3417765071194716,1475.186665729614,0.2120988356867393,0.3667847106789648,RNA,C5vsC1_rna
ACZ81_RS08105,0.0198598620586913,3477.2639983238223,0.9584233648974014,0.9829229396647174,RNA,C5vsC1_rna
ACZ81_RS08110,-0.9328470747277756,1956.414278940147,0.0121652824391917,0.0437997330636939,RNA,C5vsC1_rna
ACZ81_RS08115,0.4720214790596671,262.0392131050513,0.2719175350711184,0.4325943175683261,RNA,C5vsC1_rna
ACZ81_RS08125,-2.1606981967254373,650.0677741999235,3.5446856656115606e-08,9.944950273030477e-07,RNA,C5vsC1_rna
ACZ81_RS08130,-0.270294230360619,306.87893277752346,0.5059412790751237,0.6671037406578546,RNA,C5vsC1_rna
ACZ81_RS08135,-0.071338458651805,333.1970812697504,0.7279998387297314,0.8361540261507966,RNA,C5vsC1_rna
ACZ81_RS08140,-0.0020341424648377,331.7094700517165,0.9947860286332654,0.99876915587504,RNA,C5vsC1_rna
ACZ81_RS08145,0.4377122812128038,109.91977744356473,0.2340515969332527,0.3922368449858855,RNA,C5vsC1_rna
ACZ81_RS08150,0.1162766314412533,657.9777004878448,0.5726204222666094,0.7209747521336421,RNA,C5vsC1_rna
ACZ81_RS08155,0.4118269242385151,926.95255378374,0.1112795531655624,0.2293033216744923,RNA,C5vsC1_rna
ACZ81_RS08160,-1.1773640935309695,754.5907730916149,4.474802301390544e-05,0.00048785072916246913,RNA,C5vsC1_rna
ACZ81_RS08165,-0.4318626867619849,146.45844603559686,0.1646528527627266,0.3092636916123873,RNA,C5vsC1_rna
ACZ81_RS08170,1.052337715630287,749.0997028427204,0.0050592962126595,0.0225032110922286,RNA,C5vsC1_rna
ACZ81_RS08180,0.1445906466797274,292.52014204864685,0.757274402772426,0.8565959500370993,RNA,C5vsC1_rna
ACZ81_RS08185,0.3677693754996481,1872.5579453032635,0.5231961546708345,0.6813738111583916,RNA,C5vsC1_rna
ACZ81_RS08190,0.8139413449514209,153.11277074534985,0.0754885837587664,0.1709143329797805,RNA,C5vsC1_rna
ACZ81_RS08195,-0.7789276360660055,480.33031050051926,0.0251036033897488,0.0752170700520332,RNA,C5vsC1_rna
ACZ81_RS08200,-0.3250253340324972,412.32323642446,0.4697386851761191,0.6353072244382383,RNA,C5vsC1_rna
ACZ81_RS08205,-0.5397107400215209,438.7487229743146,0.087706255024785,0.1911338919931762,RNA,C5vsC1_rna
ACZ81_RS08210,-0.0151549951533007,9544.318511080728,0.967450734116572,0.9880339889923522,RNA,C5vsC1_rna
ACZ81_RS08215,0.584913491456797,505.6417403883162,0.1177043096660306,0.2390649898813013,RNA,C5vsC1_rna
ACZ81_RS08220,0.4936540825809195,1326.5660613081886,0.1862255253830399,0.3357918237468567,RNA,C5vsC1_rna
ACZ81_RS08225,-0.0090193430788164,309.1017005002251,0.9726369694832088,0.9896668419732336,RNA,C5vsC1_rna
ACZ81_RS08230,0.4869649495384792,2120.5375199890887,0.2605872346830045,0.4188605711330986,RNA,C5vsC1_rna
ACZ81_RS08235,-0.6918136495605294,895.7332036991791,0.0163638696560267,0.0544376824709611,RNA,C5vsC1_rna
ACZ81_RS08240,-0.8313475777826415,452.9954353459639,0.00010206207999637914,0.000984310252272772,RNA,C5vsC1_rna
ACZ81_RS08245,-1.0382579816358464,29.892156828925888,0.0464032134897009,0.1192630957851891,RNA,C5vsC1_rna
ACZ81_RS08250,-2.0792374506593507,594.8448311064138,1.2085812875436911e-06,2.331167368089081e-05,RNA,C5vsC1_rna
ACZ81_RS08255,-2.234303669363399,1619.5958954623736,0.0001714521508985444,0.001491874690842,RNA,C5vsC1_rna
ACZ81_RS08260,-2.0493850381272063,595.5524268133607,0.0018789487725852,0.0101594912070241,RNA,C5vsC1_rna
ACZ81_RS08265,-2.075138599176595,1590.25163376689,0.0079349120492483,0.0318348671415842,RNA,C5vsC1_rna
ACZ81_RS08270,-1.734825637635541,4007.600851890071,0.0067919011527347,0.0283254754935259,RNA,C5vsC1_rna
ACZ81_RS08275,-1.180916860562201,1181.5203323574383,0.0030094393950532,0.0149799886513072,RNA,C5vsC1_rna
ACZ81_RS08280,-1.735269897094417,2666.95913388518,0.0022510591810863,0.0117747711010668,RNA,C5vsC1_rna
ACZ81_RS08285,-1.7045935103255627,341.56315295533034,0.0030995337084651,0.0153712351524873,RNA,C5vsC1_rna
ACZ81_RS08290,-1.0591835963651528,191.92956093902765,0.0379671221410398,0.1018890261069242,RNA,C5vsC1_rna
ACZ81_RS08295,-0.4338461284512624,367.2548963122463,0.0628513317559156,0.1484164467361585,RNA,C5vsC1_rna
ACZ81_RS08300,-1.1096663025517195,1569.8472367729787,0.0001841337354311419,0.0015704624146355,RNA,C5vsC1_rna
ACZ81_RS08305,0.4908653494103273,380.6585535052602,0.0929373451878328,0.2001420444946781,RNA,C5vsC1_rna
ACZ81_RS08310,-1.6188181847177794,1727.967724559182,1.8344909469439536e-06,3.3303066421444086e-05,RNA,C5vsC1_rna
ACZ81_RS08315,-0.3397392453771295,835.0724052794403,0.2194779413593918,0.374540833999949,RNA,C5vsC1_rna
ACZ81_RS08320,-1.0189352490852093,18378.819745742905,0.0508176657163168,0.127433988466872,RNA,C5vsC1_rna
ACZ81_RS08325,-0.8695628528957691,163.748993180409,0.0321194860012394,0.0899255951409438,RNA,C5vsC1_rna
ACZ81_RS08330,-1.2616907589326014,79.38062834380835,0.0016184695129514,0.0090489923922105,RNA,C5vsC1_rna
ACZ81_RS08335,0.380565061518218,35.34035552468664,0.4568800474647603,0.6224318720507578,RNA,C5vsC1_rna
ACZ81_RS08340,0.2024012378369476,44.815253181915175,0.6129522544341302,0.7538628838523946,RNA,C5vsC1_rna
ACZ81_RS08345,0.0959013586293086,432.9604306098567,0.706783810288732,0.821203778418301,RNA,C5vsC1_rna
ACZ81_RS08350,0.3662111707097342,684.9999902825161,0.2038355054279317,0.357112684618717,RNA,C5vsC1_rna
ACZ81_RS08355,0.1276667983634255,2300.611903248637,0.7815206398308893,0.8714082128144909,RNA,C5vsC1_rna
ACZ81_RS08360,0.7861406509078769,4792.458669236545,0.3244268759878678,0.4909847704501416,RNA,C5vsC1_rna
ACZ81_RS08365,0.5803632965238278,360.873126155122,0.0824515145349711,0.1821560992920177,RNA,C5vsC1_rna
ACZ81_RS08370,-0.4740951740279537,766.5598677968283,0.0403819189160592,0.1068185952572902,RNA,C5vsC1_rna
ACZ81_RS08375,-0.312604182253811,383.8034295001311,0.2508454939807876,0.4100021471370189,RNA,C5vsC1_rna
ACZ81_RS08380,-0.3449433305241438,651.1667022617978,0.0633929405706517,0.1489938357173138,RNA,C5vsC1_rna
ACZ81_RS08385,-1.4303994195391998,616.0466128926013,0.0002881626251594024,0.0022624431548718,RNA,C5vsC1_rna
ACZ81_RS08410,-1.876614266937768,1704.8070534639476,6.891703109094424e-06,0.00010240560323587714,RNA,C5vsC1_rna
ACZ81_RS08415,-0.1573029419017154,202.5182793833396,0.6244945746549269,0.7627008321204161,RNA,C5vsC1_rna
ACZ81_RS08420,0.662108014582578,134.10569843824152,0.0141268008968402,0.0485245934915436,RNA,C5vsC1_rna
ACZ81_RS08425,0.6846104708894954,354.8287755346579,0.0009295400480294884,0.0058914923739246,RNA,C5vsC1_rna
ACZ81_RS08430,-0.6348546535417247,2523.0712134094024,0.172231589026275,0.3179016662415377,RNA,C5vsC1_rna
ACZ81_RS08435,1.4743308020681265,2458.437461216752,0.0010375427460017,0.0064237986064179,RNA,C5vsC1_rna
ACZ81_RS08440,0.5071398640247282,2150.344378591382,0.0362111070139721,0.0979859112750496,RNA,C5vsC1_rna
ACZ81_RS08445,-0.5771305357578767,153.90745051564832,0.1870254744165474,0.3366132760557958,RNA,C5vsC1_rna
ACZ81_RS08450,-1.137171848038706,199.28070467105695,0.0011711983677895,0.0070236888663251,RNA,C5vsC1_rna
ACZ81_RS08455,-0.2205747457915844,186.15815890198328,0.4838030431684703,0.6480860798637406,RNA,C5vsC1_rna
ACZ81_RS08460,-0.6812186657806555,129.9240681916928,0.116823754251773,0.2381589949482283,RNA,C5vsC1_rna
ACZ81_RS08465,-0.2829883082285251,128.86097806840874,0.4635053419293134,0.6291086969490597,RNA,C5vsC1_rna
ACZ81_RS08470,1.1823300137239414,2026.40427310602,0.0003091607873541552,0.0023991355490616,RNA,C5vsC1_rna
ACZ81_RS08475,5.070222699432914,609.9483748416621,2.200319639712967e-07,5.254572853885965e-06,RNA,C5vsC1_rna
ACZ81_RS08480,5.321523991750662,903.9876337850986,3.6296398541013696e-10,1.8202643868318372e-08,RNA,C5vsC1_rna
ACZ81_RS08485,5.032537108337708,453.272285849848,6.0376182224573104e-15,7.124389502499627e-13,RNA,C5vsC1_rna
ACZ81_RS08490,-0.7456534271461176,191.9262623060129,0.0084821672896671,0.0331035556090902,RNA,C5vsC1_rna
ACZ81_RS08495,0.1653365266898745,126.03625384978086,0.6172123558940577,0.7570333145359093,RNA,C5vsC1_rna
ACZ81_RS08500,-0.2652082872158087,102.0445067278114,0.4153137249368968,0.585062390788388,RNA,C5vsC1_rna
ACZ81_RS08505,-0.4839843132500575,429.20735941813217,0.1435601636299984,0.2806839066683985,RNA,C5vsC1_rna
ACZ81_RS08510,-2.752891521719753,1922.5243747902084,1.0910744122084116e-08,3.41983636076574e-07,RNA,C5vsC1_rna
ACZ81_RS08515,0.5628093079076588,177.76115926622612,0.0149006212924072,0.050490956609069,RNA,C5vsC1_rna
ACZ81_RS08520,0.4273969674933111,2397.196367311375,0.1973321796567876,0.3496893572363216,RNA,C5vsC1_rna
ACZ81_RS08525,-0.532367149732817,981.9686537795084,0.0075252870409428,0.0307448590715505,RNA,C5vsC1_rna
ACZ81_RS08530,-0.6628658960627072,204.60592159141564,0.0564285116630028,0.1385502991382909,RNA,C5vsC1_rna
ACZ81_RS08535,-0.5766491504534498,122.09601925439088,0.086244433147069,0.188598798697349,RNA,C5vsC1_rna
ACZ81_RS08540,0.4028192072236294,18042.833143499287,0.2533385166345085,0.4126650948995729,RNA,C5vsC1_rna
ACZ81_RS08545,-0.3082075713059007,1446.626640749862,0.3320068590270433,0.4985073047965934,RNA,C5vsC1_rna
ACZ81_RS08550,0.8952072317590944,835.2337737630869,0.054054337492273,0.1341992586751234,RNA,C5vsC1_rna
ACZ81_RS08555,0.5876847519925347,1481.087815466913,0.0383410643826212,0.1026179788546206,RNA,C5vsC1_rna
ACZ81_RS08560,0.4326579081017195,735.7850871719862,0.1450764234921776,0.2826841238711106,RNA,C5vsC1_rna
ACZ81_RS08565,0.6961894594136913,568.2595886572155,0.0923086195316761,0.1990017095975738,RNA,C5vsC1_rna
ACZ81_RS08570,1.420354953935044,1480.4549321368029,0.0065643212428234,0.0274619987760245,RNA,C5vsC1_rna
ACZ81_RS08575,1.5417923164473777,788.4122370362336,1.112572289379551e-05,0.00015391862155140546,RNA,C5vsC1_rna
ACZ81_RS08580,0.2852572168205498,748.4599028347575,0.2364750718634796,0.3951428522766681,RNA,C5vsC1_rna
ACZ81_RS08585,0.4328541338666916,460.0869527542229,0.126198644376277,0.252523172687094,RNA,C5vsC1_rna
ACZ81_RS08590,0.0482069941070042,350.51099392872896,0.8942891220908135,0.9419834881854798,RNA,C5vsC1_rna
ACZ81_RS08595,0.0960178881236886,438.60359532598807,0.715089429585546,0.8267835133997725,RNA,C5vsC1_rna
ACZ81_RS08600,-0.1546105450061604,543.102774468923,0.5890674309204065,0.7344122227634154,RNA,C5vsC1_rna
ACZ81_RS08605,0.1865355020852976,320.7002531960464,0.5658800242364479,0.7157347595323547,RNA,C5vsC1_rna
ACZ81_RS08610,0.2449497005605601,388.63862061934816,0.4656465543197193,0.631072979045563,RNA,C5vsC1_rna
ACZ81_RS08615,-0.3908468161215715,1831.496882298748,0.4424762044455226,0.609430544371733,RNA,C5vsC1_rna
ACZ81_RS08620,0.5319416096456931,1122.819173434995,0.0629942223192686,0.1485789652821315,RNA,C5vsC1_rna
ACZ81_RS08625,0.5519808118904429,83.51280782309689,0.2146013035445088,0.3692025856863505,RNA,C5vsC1_rna
ACZ81_RS08630,0.4036783815037818,177.0941484421391,0.3355605642909597,0.5021518030344388,RNA,C5vsC1_rna
ACZ81_RS08635,-2.3572399670568487,2591.801852852872,0.0009835479207909836,0.0061656160284584,RNA,C5vsC1_rna
ACZ81_RS08640,-0.3832250777361781,320.7898668630798,0.2706315051491389,0.4310335842232415,RNA,C5vsC1_rna
ACZ81_RS08645,-0.2659766438455627,237.02033370684333,0.6992530378162176,0.817596191073478,RNA,C5vsC1_rna
ACZ81_RS08650,-0.1843304902469083,2768.5470009196847,0.7339049790356191,0.8403044451743447,RNA,C5vsC1_rna
ACZ81_RS08655,-0.6089136182158538,792.6595904635069,0.2935208366139889,0.4559061542761609,RNA,C5vsC1_rna
ACZ81_RS08660,-0.406306198186584,1508.4829612063706,0.2158713313664494,0.3702351268796606,RNA,C5vsC1_rna
ACZ81_RS08665,-1.0129216161090473,35.87389583422271,0.0763529703994054,0.1723849843795242,RNA,C5vsC1_rna
ACZ81_RS08670,-1.3244000778819576,13941.989771081036,0.0867329576754881,0.1893213417813157,RNA,C5vsC1_rna
ACZ81_RS08675,-2.1033914055385736,19620.44333224339,0.0053917211271786,0.0236928643617096,RNA,C5vsC1_rna
ACZ81_RS08680,-0.969883517726498,121.25088617605924,0.002082298841653,0.0111376762056013,RNA,C5vsC1_rna
ACZ81_RS08685,-0.9405176374582108,118.21908635218682,0.001751531244778,0.0095868258581851,RNA,C5vsC1_rna
ACZ81_RS08690,-0.8791439615962803,54.746330887698925,0.1038424301453158,0.2180665390672427,RNA,C5vsC1_rna
ACZ81_RS08695,-0.3860264276994196,178.36531974885182,0.2815197779144757,0.4425091056800374,RNA,C5vsC1_rna
ACZ81_RS08700,-1.3803843882789977,11767.63628177936,0.1233622906640335,0.247960676424901,RNA,C5vsC1_rna
ACZ81_RS08705,-1.96247590079204,2745.6616445819177,9.141619524148484e-05,0.0009006797094569911,RNA,C5vsC1_rna
ACZ81_RS08710,-1.0408711058183715,315.4099158253549,1.72670017724685e-05,0.0002241916217189114,RNA,C5vsC1_rna
ACZ81_RS08715,-1.6013820855003518,258.90157092983264,0.0562878804993937,0.138336125269916,RNA,C5vsC1_rna
ACZ81_RS08720,0.4189562622312729,4200.928405362666,0.3716131433447755,0.5396586767231277,RNA,C5vsC1_rna
ACZ81_RS08725,0.2782564723015653,447.8561051537821,0.5027500260728506,0.664371905337377,RNA,C5vsC1_rna
ACZ81_RS08745,-0.9331917318980372,3502.770461004883,0.0212782595087732,0.0665840954401692,RNA,C5vsC1_rna
ACZ81_RS08750,-0.9850880887977695,1153.7411619828974,4.107802254840023e-06,6.412646944131583e-05,RNA,C5vsC1_rna
ACZ81_RS08755,-0.0625663746578956,2737.2466674257817,0.8596610912010193,0.921006831515808,RNA,C5vsC1_rna
ACZ81_RS08760,-0.4474571885247685,7602.327772853572,0.0016217906392293,0.0090489923922105,RNA,C5vsC1_rna
ACZ81_RS08765,-0.2661821024514337,9699.236479581146,0.2966244762640684,0.4589500188088864,RNA,C5vsC1_rna
ACZ81_RS08770,-1.2980415040932227,2315.864016388906,0.0080909657591636,0.0322673505226288,RNA,C5vsC1_rna
ACZ81_RS08775,-0.9099608675095382,2070.338937184828,0.0350916759927102,0.095842705326863,RNA,C5vsC1_rna
ACZ81_RS08780,0.0679031012123445,622.9060684443574,0.8593650331421404,0.921006831515808,RNA,C5vsC1_rna
ACZ81_RS08785,1.523432752075551,3662.7910723874015,0.0352965127971383,0.0962675794304004,RNA,C5vsC1_rna
ACZ81_RS08790,-0.4314590022595771,295.40487708586585,0.2157200289299418,0.3702351268796606,RNA,C5vsC1_rna
ACZ81_RS08795,-0.0805548492145974,412.9173958546228,0.7919197537758529,0.8763429875363269,RNA,C5vsC1_rna
ACZ81_RS08800,0.104198682889197,599.4377173078196,0.6259894899624361,0.7633921689561919,RNA,C5vsC1_rna
ACZ81_RS08805,0.0078524652101203,363.3280481730555,0.9824085330327008,0.99399478436763,RNA,C5vsC1_rna
ACZ81_RS08810,0.0040971016634033,37.065773301624255,0.9960320603380136,0.998889653298658,RNA,C5vsC1_rna
ACZ81_RS08815,-0.289983335601259,1098.4064468528074,0.247027439131041,0.405619624197711,RNA,C5vsC1_rna
ACZ81_RS08825,-0.1064524087906219,146.60455770737968,0.7257419432092116,0.8350090840709369,RNA,C5vsC1_rna
ACZ81_RS08830,0.6556503995492942,366.2607387555965,0.1518853367827504,0.2918917466282883,RNA,C5vsC1_rna
ACZ81_RS08835,0.488100277270875,155.65861448550822,0.2230306411546776,0.3785105466635223,RNA,C5vsC1_rna
ACZ81_RS08840,-0.3743403759835944,65154.54039396608,0.6132533157126844,0.7538628838523946,RNA,C5vsC1_rna
ACZ81_RS08845,0.1387646264190474,14991.325588878111,0.8991349277077444,0.9445743204931842,RNA,C5vsC1_rna
ACZ81_RS08850,0.5595028389816881,621.8550347660773,0.3393772547331845,0.5061641434905338,RNA,C5vsC1_rna
ACZ81_RS08855,0.6189094396346873,82.18613116429714,0.1391935033555754,0.2737472232659649,RNA,C5vsC1_rna
ACZ81_RS08860,1.0163921494032908,166.50700147086374,0.0110423690715428,0.0407561956899997,RNA,C5vsC1_rna
ACZ81_RS08865,-2.644240425399896,94.1191373725714,1.8912604225847608e-06,3.3723274735155824e-05,RNA,C5vsC1_rna
ACZ81_RS08870,-0.0915629197697368,203.9600892613524,0.7672875373234517,0.8627683855778274,RNA,C5vsC1_rna
ACZ81_RS08875,-0.224192692974239,1781.4194696004524,0.5566717356691965,0.7076852899942859,RNA,C5vsC1_rna
ACZ81_RS08880,-0.1958350978568629,147.4471284899116,0.4449394400073427,0.6116903036117817,RNA,C5vsC1_rna
ACZ81_RS08885,-0.0708647422213535,3222.4709721117365,0.8146642506909391,0.8905811917635006,RNA,C5vsC1_rna
ACZ81_RS08890,-0.1161342709027017,254.67514873771475,0.709162361841685,0.8227759964455871,RNA,C5vsC1_rna
ACZ81_RS08895,-0.8037217643522785,13.85903879820417,0.2948049560539324,0.4575464153533373,RNA,C5vsC1_rna
ACZ81_RS08900,0.0029214911958627,477.7443831407565,0.9888008509017552,0.9964277803271868,RNA,C5vsC1_rna
ACZ81_RS08905,0.2587946439665143,260.36473262949124,0.3079837731765975,0.4714349095705872,RNA,C5vsC1_rna
ACZ81_RS08910,0.4337889802344971,130.98431573917162,0.1795976721507958,0.3271400780571467,RNA,C5vsC1_rna
ACZ81_RS08915,1.04270292458824,89.15306187430988,0.0070873956437599,0.0292838633602111,RNA,C5vsC1_rna
ACZ81_RS08920,0.3647309162989362,109.65178609176854,0.3818732750658543,0.5497221311676381,RNA,C5vsC1_rna
ACZ81_RS08925,0.7450488355984207,88.7069706852416,0.0422112508986177,0.1106872801341531,RNA,C5vsC1_rna
ACZ81_RS08930,-0.3806226086211438,118.40617829682644,0.2818297359152202,0.4427176587673702,RNA,C5vsC1_rna
ACZ81_RS08935,-0.8093640480514266,86.56900317196845,0.0458644305866883,0.11818117887848,RNA,C5vsC1_rna
ACZ81_RS08940,-0.3264411156599551,305.9902023816608,0.3872086129596745,0.5552112062881395,RNA,C5vsC1_rna
ACZ81_RS08945,-0.984462961427619,712.5229669451282,0.0315914459780943,0.0888814034110199,RNA,C5vsC1_rna
ACZ81_RS08950,-1.4590171568191883,214.89816203542097,7.093820334917541e-06,0.00010387009921054444,RNA,C5vsC1_rna
ACZ81_RS08955,-1.0121985052368327,254.84023596433843,0.0131001102023423,0.0461436717575043,RNA,C5vsC1_rna
ACZ81_RS08960,-2.165961827696272,122.89866755598392,0.0031271163253528,0.0154888774040935,RNA,C5vsC1_rna
ACZ81_RS08965,-0.89443763332056,265.5785550691462,0.0089210671131722,0.0344810416744192,RNA,C5vsC1_rna
ACZ81_RS08970,-0.6204243392483577,93.0971748999758,0.0743640268732619,0.1691272871174575,RNA,C5vsC1_rna
ACZ81_RS08975,-0.3023114808314793,110.3156107433395,0.3778256033046188,0.5456574227711054,RNA,C5vsC1_rna
ACZ81_RS08980,-1.7757407317687943,36.12491690354831,0.0017121020615129,0.0094353756466895,RNA,C5vsC1_rna
ACZ81_RS08985,-1.718348707044948,4898.638673054564,0.0037200863478462,0.0176209993241547,RNA,C5vsC1_rna
ACZ81_RS08990,-1.2971146233522113,0.8694736313284441,0.6421782681261451,0.775329284297952,RNA,C5vsC1_rna
ACZ81_RS08995,-0.775438925017874,31.498607665670367,0.2163131548596177,0.3702351268796606,RNA,C5vsC1_rna
ACZ81_RS09000,-1.3328377179590816,145.01687483729026,7.444415042981034e-06,0.00010821374330594167,RNA,C5vsC1_rna
ACZ81_RS09005,0.266649525032421,395.0457875132639,0.3643162048302523,0.531311019185377,RNA,C5vsC1_rna
ACZ81_RS09010,-0.0059629325641423,52.73571988638525,0.9886030653588276,0.9964277803271868,RNA,C5vsC1_rna
ACZ81_RS09015,0.0503910580169809,109.27770601847315,0.8592824707651772,0.921006831515808,RNA,C5vsC1_rna
ACZ81_RS09020,-0.5482752182146069,43.965327906321065,0.2629594683987702,0.4216592473231395,RNA,C5vsC1_rna
ACZ81_RS09025,0.3537971429418531,347.41945327692866,0.1522417292572185,0.2923191165611126,RNA,C5vsC1_rna
ACZ81_RS09030,0.6247274728907062,403.9750598752089,0.2290119357742273,0.3857245534534845,RNA,C5vsC1_rna
ACZ81_RS09035,0.7620069488829073,1097.3633074993818,0.0143751705449941,0.04916724997998,RNA,C5vsC1_rna
ACZ81_RS09040,0.0270907484132204,340.81085589525946,0.907704652422556,0.9497198061752602,RNA,C5vsC1_rna
ACZ81_RS09045,0.0,1.7949863720636243,1.0,1.0,RNA,C5vsC1_rna
ACZ81_RS09050,-0.4646168420088428,66.92226585241282,0.3871862925139008,0.5552112062881395,RNA,C5vsC1_rna
ACZ81_RS09060,-2.480512202210835,31.784369036397276,0.0066260044300452,0.0276911768472306,RNA,C5vsC1_rna
ACZ81_RS09065,-0.8492525916970441,50.98784490906262,0.2077109001720181,0.3618480814112622,RNA,C5vsC1_rna
ACZ81_RS09075,0.0023319046497247,590.1068965902296,0.9917962030408938,0.9967651218938042,RNA,C5vsC1_rna
ACZ81_RS09080,-1.021643406651817,1067.621825990061,0.0041677320166665,0.0193529407996134,RNA,C5vsC1_rna
ACZ81_RS09085,-0.5169830344783541,710.5090834610379,0.0621217684065492,0.1477371279472883,RNA,C5vsC1_rna
ACZ81_RS09090,-0.2668627675743972,309.3614101097272,0.3654337602636465,0.5325536673366327,RNA,C5vsC1_rna
ACZ81_RS09095,-0.9236016561177338,2123.492912542248,0.0143050121824431,0.0490249654078989,RNA,C5vsC1_rna
ACZ81_RS09100,-0.4722231305470401,3285.9896229072256,0.0084659380396013,0.0331011730436909,RNA,C5vsC1_rna
ACZ81_RS09105,0.6556418625431185,5323.203056484873,0.1641661223511685,0.3085668688922902,RNA,C5vsC1_rna
ACZ81_RS09110,-0.0252686022918412,639.3380549673627,0.8929614985212897,0.9412930982836084,RNA,C5vsC1_rna
ACZ81_RS09115,-3.181973520227709,2465.740938310426,2.563404066282923e-07,5.944726655449183e-06,RNA,C5vsC1_rna
ACZ81_RS09120,-1.6485686121201415,1281.3255283020214,0.0015704094961717,0.0088242057403933,RNA,C5vsC1_rna
ACZ81_RS09125,0.5272049078612643,536.732613243032,0.0938913507938851,0.2017633097938228,RNA,C5vsC1_rna
ACZ81_RS09130,-0.2229296145537087,6559.805064944396,0.5131678352083324,0.6726269495758495,RNA,C5vsC1_rna
ACZ81_RS09145,0.6328929103991052,4075.205491701983,0.1990625183908909,0.3513589193947447,RNA,C5vsC1_rna
ACZ81_RS09150,0.4058185213344616,1198.4224068168444,0.3209443597479027,0.487238387336547,RNA,C5vsC1_rna
ACZ81_RS09155,-0.0139252430786081,290.02605077580614,0.9649976766470284,0.98764558130303,RNA,C5vsC1_rna
ACZ81_RS09160,0.2257636876549616,355.0802291126074,0.5923203150731667,0.7377799143351583,RNA,C5vsC1_rna
ACZ81_RS09170,1.0476674799600638,420.64964855803385,0.0033500865867854,0.0163909114465649,RNA,C5vsC1_rna
ACZ81_RS09175,-0.0662957334945131,14.292431088846824,0.9335193332302102,0.9657760610932448,RNA,C5vsC1_rna
ACZ81_RS09180,0.5939983267196686,696.0832628071792,0.2825629855496676,0.4433487282069872,RNA,C5vsC1_rna
ACZ81_RS09185,1.015024406672652,363.0217640704215,0.0307896168559122,0.0869915090323379,RNA,C5vsC1_rna
ACZ81_RS09190,1.5099591465058284,1737.998848842334,0.00013706746574843336,0.0012498060740516,RNA,C5vsC1_rna
ACZ81_RS09195,0.7642117518464367,150.69797626394336,0.171410353721121,0.3169116770180357,RNA,C5vsC1_rna
ACZ81_RS09200,1.0369285105985433,3410.3484315671594,0.0237044374734128,0.0723210670291501,RNA,C5vsC1_rna
ACZ81_RS09205,-0.3242319075670061,7511.869983263033,0.6099866860108321,0.751848412987852,RNA,C5vsC1_rna
ACZ81_RS09210,-1.6106190300686332,4059.5604923288456,6.617319978384531e-07,1.4273488039397171e-05,RNA,C5vsC1_rna
ACZ81_RS09215,-1.1421949617241145,18740.46584295185,1.0048317537240625e-07,2.5677611439114256e-06,RNA,C5vsC1_rna
ACZ81_RS09220,0.6217315209968973,1414.5988730771237,0.3776506223245467,0.5456011151480308,RNA,C5vsC1_rna
ACZ81_RS09225,-0.8950047211720494,914.5449209050672,0.0306634084726932,0.0867571190355749,RNA,C5vsC1_rna
ACZ81_RS09230,0.0144731884275755,171.7363225977553,0.961656563045014,0.9857348316138468,RNA,C5vsC1_rna
ACZ81_RS09235,-0.1478077926011626,2575.935190437233,0.474566474599792,0.6393420739067716,RNA,C5vsC1_rna
ACZ81_RS09240,-1.56218591710189,2039.2890012907624,8.931699833272616e-06,0.00012573326221434995,RNA,C5vsC1_rna
ACZ81_RS09245,0.3246290127868406,88.04765776450738,0.3620050230638632,0.5287091927674624,RNA,C5vsC1_rna
ACZ81_RS09250,0.3870572164595431,3463.973889524178,0.0482618875921854,0.1230156880685183,RNA,C5vsC1_rna
ACZ81_RS09255,-0.0305347323164855,120.31733140641248,0.9185575347342904,0.9569599660747788,RNA,C5vsC1_rna
ACZ81_RS09260,-1.9603542357380508,170.04622879667292,0.0011182912894633,0.0067670960080346,RNA,C5vsC1_rna
ACZ81_RS09265,-0.674643494914743,963.1902805552544,0.0447674043138493,0.1157712213866666,RNA,C5vsC1_rna
ACZ81_RS09270,0.758660495871343,207.2543060027937,0.0897486015500866,0.1945469554299924,RNA,C5vsC1_rna
ACZ81_RS09275,1.4159633202922022,299.49517026123857,0.0076667892014639,0.0311959008887154,RNA,C5vsC1_rna
ACZ81_RS09280,-0.0699823286096702,3342.0512119605373,0.7427794857547375,0.8459023692933637,RNA,C5vsC1_rna
ACZ81_RS09285,0.4215972169586353,1269.8336866761613,0.1019164284582874,0.2145271306267833,RNA,C5vsC1_rna
ACZ81_RS09290,0.2048121963593913,407.05939708224594,0.5449498526328844,0.6991809430006819,RNA,C5vsC1_rna
ACZ81_RS09295,-0.1666937070891522,2679.5944986114887,0.5027368029315493,0.664371905337377,RNA,C5vsC1_rna
ACZ81_RS09300,0.4702791773216185,508.1307280858834,0.0298831701900867,0.0851500559677755,RNA,C5vsC1_rna
ACZ81_RS09305,-0.3902475091215612,89.01286123109608,0.3254143818560511,0.4921079909560789,RNA,C5vsC1_rna
ACZ81_RS09310,-0.4482216253068719,275.84958651125766,0.1884789818303359,0.3377952911661908,RNA,C5vsC1_rna
ACZ81_RS09315,0.328250025281762,512.201040175961,0.2072053410060413,0.3614381861374947,RNA,C5vsC1_rna
ACZ81_RS09320,-0.0264978499074206,1120.2813893357056,0.9157698157942966,0.9555444735934248,RNA,C5vsC1_rna
ACZ81_RS09325,-0.0714024015541752,826.5111804467417,0.8088162731463266,0.8862455270655226,RNA,C5vsC1_rna
ACZ81_RS09330,-0.1005282990023482,200.78977056136733,0.8108401161762429,0.8878522232803183,RNA,C5vsC1_rna
ACZ81_RS09335,0.1547011599311842,142.5599902202291,0.6970656694266043,0.8155810632077971,RNA,C5vsC1_rna
ACZ81_RS09340,-0.1429016447829371,1748.1580446388552,0.5694954936497703,0.718947740881963,RNA,C5vsC1_rna
ACZ81_RS09345,1.1676354302436875,49.80940878741732,0.01030513096468,0.0386394256357908,RNA,C5vsC1_rna
ACZ81_RS09350,0.0363581171425913,964.6315840532924,0.8809700972631684,0.9328192214884752,RNA,C5vsC1_rna
ACZ81_RS09355,0.4780043649244176,183.27639483074196,0.2323922757891122,0.3900021928752177,RNA,C5vsC1_rna
ACZ81_RS09360,-1.7443879243719116,570.739174362402,0.0286971379651838,0.0828294370620991,RNA,C5vsC1_rna
ACZ81_RS09365,0.5261944752074965,3256.0732230954886,0.0016198202453729,0.0090489923922105,RNA,C5vsC1_rna
ACZ81_RS09370,-0.1065421314153702,706.0912058892659,0.7064949247261598,0.8211059206261162,RNA,C5vsC1_rna
ACZ81_RS09375,-0.6038356634689576,3883.6557455277807,0.0624424071250866,0.1479626199561244,RNA,C5vsC1_rna
ACZ81_RS09380,-0.3201581747629101,12795.48913671254,0.1296484068056908,0.257882701092926,RNA,C5vsC1_rna
ACZ81_RS09385,-0.001168405504526,176.43665990363422,0.9961509229431532,0.998889653298658,RNA,C5vsC1_rna
ACZ81_RS09390,0.6914861889218707,989.8075086048904,0.0009500068850151524,0.0059917245107021,RNA,C5vsC1_rna
ACZ81_RS09395,1.581330380507929,4166.675434767994,0.0078093207436938,0.0314989234584945,RNA,C5vsC1_rna
ACZ81_RS09400,1.2436407907964189,814.5288044142752,0.0251507775550273,0.0753021787692312,RNA,C5vsC1_rna
ACZ81_RS09410,-0.0667221204564596,533.7506845009377,0.7885016738686484,0.8749210734485722,RNA,C5vsC1_rna
ACZ81_RS09415,-1.2988760117921632,305.83847004575404,0.0486092822785419,0.1238225019057209,RNA,C5vsC1_rna
ACZ81_RS09420,-0.4488409353551656,598.1717376483326,0.1054202621540304,0.2203992140500105,RNA,C5vsC1_rna
ACZ81_RS09425,-0.6660942957472038,777.1009054279584,0.0263181420939452,0.0779825598825025,RNA,C5vsC1_rna
ACZ81_RS09430,-1.4936602460763455,857.5764919373282,0.0017652015720945,0.0096484859771705,RNA,C5vsC1_rna
ACZ81_RS09435,-0.9966841113921164,1175.589178267713,0.0022447308175657,0.0117569974413493,RNA,C5vsC1_rna
ACZ81_RS09440,-0.9975184057116264,864.7126105120612,7.005828378027658e-06,0.00010329119504431842,RNA,C5vsC1_rna
ACZ81_RS09445,-2.3063547170691625,620.8819043897275,0.0040006750532507,0.0187508274692077,RNA,C5vsC1_rna
ACZ81_RS09450,-0.7473281775779855,165.61717228906204,0.0058358510773136,0.0250947851255974,RNA,C5vsC1_rna
ACZ81_RS09455,-0.8201176342929885,10797.16189190312,0.0501926040657515,0.1265873140595737,RNA,C5vsC1_rna
ACZ81_RS09460,-1.7467788102016557,5731.335879103702,9.193206083491104e-11,5.504946687606912e-09,RNA,C5vsC1_rna
ACZ81_RS09465,-1.7743374370113107,9136.02070731936,1.7113584737044074e-10,9.536069717364004e-09,RNA,C5vsC1_rna
ACZ81_RS09470,0.0911998239245029,186.5677734893452,0.7953294771217028,0.8773334787495934,RNA,C5vsC1_rna
ACZ81_RS09475,-0.7415922182984536,1128.8267396401325,0.0212929697033243,0.0665840954401692,RNA,C5vsC1_rna
ACZ81_RS09480,1.325293226616793,5742.453611900999,1.039150479865131e-05,0.00014526382317835908,RNA,C5vsC1_rna
ACZ81_RS09485,0.0739210449714521,94.63091856643597,0.8815553449301787,0.9330818620894622,RNA,C5vsC1_rna
ACZ81_RS09500,0.2605501401839259,53.23732229268225,0.6959576024125588,0.8152177807132663,RNA,C5vsC1_rna
ACZ81_RS09505,0.8490004532148692,253.5117662859599,0.0037060281373365,0.0175959584461469,RNA,C5vsC1_rna
ACZ81_RS09510,-0.6788416658471123,245.76715349115665,0.0090440394743976,0.0348221558265674,RNA,C5vsC1_rna
ACZ81_RS09515,0.0083500531551546,205.6625649998223,0.9763914675448122,0.9919682369687988,RNA,C5vsC1_rna
ACZ81_RS09520,0.3549318825913927,700.977282436061,0.4317972243392613,0.6002669660599849,RNA,C5vsC1_rna
ACZ81_RS09525,0.0912107592789315,267.58846859596764,0.7409775572252981,0.8457473569240102,RNA,C5vsC1_rna
ACZ81_RS09530,-0.1009997419404112,304.2173328884525,0.6898523762092108,0.8111628761287673,RNA,C5vsC1_rna
ACZ81_RS09535,0.2692250957387189,144.32589749073944,0.3268184101692784,0.4935133033167045,RNA,C5vsC1_rna
ACZ81_RS09540,0.1322235852581649,162.33407553689733,0.6688149990220837,0.7960897358758898,RNA,C5vsC1_rna
ACZ81_RS09545,0.6688675646117271,161.81870938257276,0.0931608832497251,0.2005158066512323,RNA,C5vsC1_rna
ACZ81_RS09550,0.4566934243391448,71.83975909581831,0.1519117564705548,0.2918917466282883,RNA,C5vsC1_rna
ACZ81_RS09555,0.4949273807596308,479.8813556597312,0.0132968827244178,0.0466655798310308,RNA,C5vsC1_rna
ACZ81_RS09565,0.1149272931575795,174.92243985494136,0.8015356219722746,0.881030387767881,RNA,C5vsC1_rna
ACZ81_RS09570,0.4731325735292583,87.15235300582954,0.2970058295294089,0.4590090092727229,RNA,C5vsC1_rna
ACZ81_RS09575,0.6001224301917384,143.03331785002462,0.0493746830839206,0.1249786930805613,RNA,C5vsC1_rna
ACZ81_RS09580,0.4255409507480325,171.08875951763895,0.0906606070599719,0.195975407071448,RNA,C5vsC1_rna
ACZ81_RS09585,0.3454728018801787,176.31367012700724,0.3334559629478468,0.4999347247185207,RNA,C5vsC1_rna
ACZ81_RS09590,1.5776569330247108,27.2709092464561,0.0155769894495396,0.052296972110086,RNA,C5vsC1_rna
ACZ81_RS09605,0.4002064705154257,416.7544572020687,0.3137734643157114,0.4784905032265882,RNA,C5vsC1_rna
ACZ81_RS09620,-0.4427965309463039,186.7622149543573,0.2556972644753107,0.4144878485151299,RNA,C5vsC1_rna
ACZ81_RS09625,0.0210555493322538,133.81825737956268,0.954920151787149,0.9802624547508604,RNA,C5vsC1_rna
ACZ81_RS09630,2.0915655769587684,5117.3741604324205,0.0130076731859499,0.0459390711461541,RNA,C5vsC1_rna
ACZ81_RS09635,2.6046759274756845,2765.502057649064,4.33143683397604e-05,0.00047480121797573415,RNA,C5vsC1_rna
ACZ81_RS09640,2.470566122764675,2106.679367524569,8.312259194770913e-06,0.00011826703304386158,RNA,C5vsC1_rna
ACZ81_RS09645,0.2604381774267985,149.16350059804796,0.410255021354172,0.5795574456594852,RNA,C5vsC1_rna
ACZ81_RS09650,0.1286056816513302,889.1139396291494,0.542886936061725,0.6980969190639874,RNA,C5vsC1_rna
ACZ81_RS09655,0.5778816690662877,279.5909270645812,0.1687908629031945,0.313803958279711,RNA,C5vsC1_rna
ACZ81_RS09660,0.1588605691813821,370.1645107120284,0.4562113676317218,0.6221346046697716,RNA,C5vsC1_rna
ACZ81_RS09665,-0.4861751550085699,645.0454190021896,0.1847906929113338,0.333791696342907,RNA,C5vsC1_rna
ACZ81_RS09670,-0.561725284035087,2182.818772950222,0.0961691091372544,0.2046845972725012,RNA,C5vsC1_rna
ACZ81_RS09675,-0.6596497896521557,1037.2977843853298,0.0303502564822857,0.0862359978802624,RNA,C5vsC1_rna
ACZ81_RS09680,-0.2065578684558902,741.8893609363333,0.4780376514164876,0.642591373904532,RNA,C5vsC1_rna
ACZ81_RS09685,-0.5056559657233369,50.07843230403911,0.2026120722611149,0.3554349077007403,RNA,C5vsC1_rna
ACZ81_RS09690,-0.3538504718486405,1430.7653010455117,0.133012922681199,0.2630102739265502,RNA,C5vsC1_rna
ACZ81_RS09695,0.450506941674215,275.7023433691783,0.1123208950428713,0.2310930414933332,RNA,C5vsC1_rna
ACZ81_RS09700,1.7915499977876546,60.46375328944342,0.0010174672393999,0.0063288039759262,RNA,C5vsC1_rna
ACZ81_RS09705,0.7056524089635221,456.5421571025148,0.001657262984268,0.0091709504729427,RNA,C5vsC1_rna
ACZ81_RS09710,-1.738370394797056,3041.183784202341,0.0003979895336955423,0.0029624007591586,RNA,C5vsC1_rna
ACZ81_RS09715,0.5605235446829975,342.1180003597426,0.1299649859678236,0.2581284770806478,RNA,C5vsC1_rna
ACZ81_RS09720,1.0282706691524124,1608.7599300428008,0.0133884863465118,0.0468305206819577,RNA,C5vsC1_rna
ACZ81_RS09725,0.5395316520286371,85.99703578044439,0.3534388016406964,0.5204162830304998,RNA,C5vsC1_rna
ACZ81_RS09730,-0.7159892795304952,417.50622754241823,0.0512500648201429,0.1281890648743226,RNA,C5vsC1_rna
ACZ81_RS09735,0.815153143779216,296.5895283278391,0.0614838689283121,0.1471667696222276,RNA,C5vsC1_rna
ACZ81_RS09740,-0.4780465571260496,628.4654529663268,0.1264087431639567,0.2528174863279134,RNA,C5vsC1_rna
ACZ81_RS09745,-0.5613188874232605,529.4101106924805,0.1882581825172601,0.3376360430305085,RNA,C5vsC1_rna
ACZ81_RS09750,-0.4447644873063546,682.8355337272371,0.3146782909540648,0.4796691881868192,RNA,C5vsC1_rna
ACZ81_RS09755,0.3930634959532702,1385.2568533185486,0.003322099672822,0.0162738264802956,RNA,C5vsC1_rna
ACZ81_RS09765,-0.7081969521297408,208.8911013231936,0.0490549390747672,0.1244835013080114,RNA,C5vsC1_rna
ACZ81_RS09770,0.9080730108312332,7962.667525387616,0.0802817824654137,0.1791382153788875,RNA,C5vsC1_rna
ACZ81_RS09775,0.2754241657431325,2176.284943924458,0.2529384596754283,0.4125158943974871,RNA,C5vsC1_rna
ACZ81_RS09780,0.5654539246740602,1654.0577648044937,0.1021381435301465,0.2148007862018354,RNA,C5vsC1_rna
ACZ81_RS09785,0.6909381984147464,5841.483437772712,0.085587970148878,0.1874339171600975,RNA,C5vsC1_rna
ACZ81_RS09790,0.3624384520648251,3334.023893248387,0.199974687778709,0.352381785403662,RNA,C5vsC1_rna
ACZ81_RS09795,0.7524499219747746,5318.699448688039,0.0046673372542024,0.0211108873324242,RNA,C5vsC1_rna
ACZ81_RS09800,0.9457876306566364,2997.548237542764,0.0007661443012209218,0.0050555443034512,RNA,C5vsC1_rna
ACZ81_RS09805,1.0386024244272798,4151.835666690947,0.0192289840262521,0.0621474025677113,RNA,C5vsC1_rna
ACZ81_RS09810,0.7740481741607691,2994.519531608944,0.0006344057825091588,0.004284909089944,RNA,C5vsC1_rna
ACZ81_RS09825,2.169763113251608,7140.024352116634,0.0033953395850139,0.0165517647813801,RNA,C5vsC1_rna
ACZ81_RS09830,0.3784151574093851,590.1088767337357,0.1431157409412343,0.280087976905479,RNA,C5vsC1_rna
ACZ81_RS09835,1.0873998643124616,1509.8895673241016,0.0719229081568919,0.1645569255912133,RNA,C5vsC1_rna
ACZ81_RS09840,0.4607306263697825,1308.734202735049,0.2911489258499967,0.4532749284090752,RNA,C5vsC1_rna
ACZ81_RS09845,-0.3198913714920545,462.5362469268889,0.4477436946761649,0.6144234526646922,RNA,C5vsC1_rna
ACZ81_RS09850,-0.5288963751422054,515.5844570679081,0.3542186296544198,0.5209403013832598,RNA,C5vsC1_rna
ACZ81_RS09855,-0.0147831113114598,257.5509526713072,0.9748379103222188,0.9908917396029242,RNA,C5vsC1_rna
ACZ81_RS09860,0.7934619043358857,1197.3548151003797,0.0254751305074328,0.0758769291728438,RNA,C5vsC1_rna
ACZ81_RS09865,1.6560346202902545,1115.6630932483354,0.0013273888428285,0.0077857953763569,RNA,C5vsC1_rna
ACZ81_RS09870,0.5137825287461475,382.0025203636032,0.026551446400598,0.0783267668817643,RNA,C5vsC1_rna
ACZ81_RS09875,0.5591255177674035,418.99682443834814,0.0494143426974799,0.125000216205731,RNA,C5vsC1_rna
ACZ81_RS09880,-0.2758136000600386,1078.267607166808,0.2549635745765957,0.4139351458038068,RNA,C5vsC1_rna
ACZ81_RS09885,0.2855259974968995,3612.6420273531367,0.2566868749781337,0.4155882737741212,RNA,C5vsC1_rna
ACZ81_RS09890,0.379946386748368,382.8200273182621,0.1672007182988529,0.3122563229182056,RNA,C5vsC1_rna
ACZ81_RS09895,-0.5858219112869041,5943.490322968216,0.1585724531161932,0.3007108949887283,RNA,C5vsC1_rna
ACZ81_RS09905,1.13145567213612,4344.221313912689,0.0133407012207296,0.0467448849760415,RNA,C5vsC1_rna
ACZ81_RS09910,0.568826117435172,892.376866416506,0.0044701026674912,0.0204537662607504,RNA,C5vsC1_rna
ACZ81_RS09915,0.3338077344843211,278.4538013817748,0.3928806728982929,0.5613380554373045,RNA,C5vsC1_rna
ACZ81_RS09920,-0.3294325906509986,1478.2347936879953,0.1861623551296465,0.3357918237468567,RNA,C5vsC1_rna
ACZ81_RS09925,-0.1680163128076605,911.5613067770262,0.5023695530909836,0.6643067392884068,RNA,C5vsC1_rna
ACZ81_RS09930,0.0799159656929289,402.8752521047056,0.7720890024809655,0.8651422785364025,RNA,C5vsC1_rna
ACZ81_RS09935,-0.1187269672150868,160.3456263422814,0.7186029135367108,0.8296503278012327,RNA,C5vsC1_rna
ACZ81_RS09940,-0.3313166039832956,155.40290638298168,0.3319712895841825,0.4985073047965934,RNA,C5vsC1_rna
ACZ81_RS09945,-0.1451837683979305,652.8999370493137,0.5806510685840116,0.7275863424350963,RNA,C5vsC1_rna
ACZ81_RS09950,0.2441457696522332,1150.8055757931784,0.2723204581961308,0.4328643733291905,RNA,C5vsC1_rna
ACZ81_RS09955,-1.005000643318088,5010.313073781196,0.0152418490515025,0.0513005859015338,RNA,C5vsC1_rna
ACZ81_RS09960,-1.157593297155688,3216.7986404751064,0.0165322859286525,0.054715708096402,RNA,C5vsC1_rna
ACZ81_RS09965,0.2837394180253066,327.92527297654067,0.435450250020345,0.6040893509964123,RNA,C5vsC1_rna
ACZ81_RS09970,1.089296001341869,516.843564723299,0.0017830776046476,0.0097197110731609,RNA,C5vsC1_rna
ACZ81_RS09975,0.7421064362476348,221.72615372430744,0.1662067362091023,0.3112935563218656,RNA,C5vsC1_rna
ACZ81_RS09980,0.426757384006318,1354.826637383196,0.0492851169928216,0.124931687945207,RNA,C5vsC1_rna
ACZ81_RS09985,0.1029796567618715,1539.6037198434487,0.5696762460386717,0.7189497008830296,RNA,C5vsC1_rna
ACZ81_RS09990,-0.0241807212660613,1316.0884658621644,0.9048281886441418,0.9488978195981538,RNA,C5vsC1_rna
ACZ81_RS09995,-0.0846223568408508,706.6311491668175,0.7281330849485421,0.8361540261507966,RNA,C5vsC1_rna
ACZ81_RS10000,0.0983012363181561,238.20080227859765,0.7575280236120709,0.8565959500370993,RNA,C5vsC1_rna
ACZ81_RS10005,-0.2446103167276309,283.2689941849885,0.5295817386572301,0.686710386390694,RNA,C5vsC1_rna
ACZ81_RS10010,0.5964046164842738,541.1423222393803,0.0233391511502032,0.0715492496278236,RNA,C5vsC1_rna
ACZ81_RS10015,0.6978001582763659,661.8288403983591,0.0653941585696648,0.1525356768497066,RNA,C5vsC1_rna
ACZ81_RS10020,0.1426094115125057,261.5397010917126,0.6292371804925955,0.7666260455925579,RNA,C5vsC1_rna
ACZ81_RS10025,-1.420424249470566,919.0136146685496,0.0038647024401864,0.0182199602703033,RNA,C5vsC1_rna
ACZ81_RS10030,-0.255468005693462,53.22836220221597,0.5549600970756036,0.7071989212401026,RNA,C5vsC1_rna
ACZ81_RS10035,-0.6359082722471178,358.5586336601677,0.0144411429459661,0.0493176705286894,RNA,C5vsC1_rna
ACZ81_RS10040,-3.8249325519473074,263.91980853687977,6.886883130927129e-15,7.894335748937041e-13,RNA,C5vsC1_rna
ACZ81_RS10045,0.3357813287601566,1444.0106672907302,0.5942966380459573,0.7386363419579867,RNA,C5vsC1_rna
ACZ81_RS10050,-0.5101326901551425,1314.6449872910473,0.3941733747325904,0.5625946244243469,RNA,C5vsC1_rna
ACZ81_RS10055,-2.200763500123248,1809.059158748708,8.03161519382508e-10,3.620543837935531e-08,RNA,C5vsC1_rna
ACZ81_RS10060,-2.221769612283766,470.3138091704895,2.438801272610555e-10,1.3045960940951397e-08,RNA,C5vsC1_rna
ACZ81_RS10065,-1.136436644255698,108.17243975322974,0.0105780249284216,0.0394781730351884,RNA,C5vsC1_rna
ACZ81_RS10070,-0.2408769071686227,328.51660881713025,0.4711507059079168,0.6366644096000547,RNA,C5vsC1_rna
ACZ81_RS10075,-0.2035883192710235,50.19343763707538,0.6815616043409876,0.8047319778597957,RNA,C5vsC1_rna
ACZ81_RS10080,0.9437414885731612,1453.6499914353049,0.0170895920109482,0.0560158849247748,RNA,C5vsC1_rna
ACZ81_RS10085,-0.1889383017364441,1818.746765214793,0.6147696497947048,0.7547294476671835,RNA,C5vsC1_rna
ACZ81_RS10090,-0.1749018249445552,1976.2483966631944,0.6466483780340222,0.77831173446838,RNA,C5vsC1_rna
ACZ81_RS10095,-0.4535846391475646,371.2098487630968,0.1325778981428063,0.2624087456087514,RNA,C5vsC1_rna
ACZ81_RS10100,-1.0719846023034951,614.1424677493376,7.028538446435426e-06,0.00010329119504431842,RNA,C5vsC1_rna
ACZ81_RS10105,-0.4366995517876735,357.47288236122586,0.0533634223295686,0.1327303474186171,RNA,C5vsC1_rna
ACZ81_RS10110,-0.4334269332358281,1201.0885176531835,0.0274327095284031,0.0801602553736005,RNA,C5vsC1_rna
ACZ81_RS10115,0.7135741606792586,6409.570652049457,0.0511676750756903,0.128082954377244,RNA,C5vsC1_rna
ACZ81_RS10120,0.4068870562352986,247.999229397308,0.2417988623320243,0.400594258018832,RNA,C5vsC1_rna
ACZ81_RS10125,-0.0454583283726531,330.18046086897215,0.8843927175894991,0.9349627359602294,RNA,C5vsC1_rna
ACZ81_RS10130,0.4466803775272876,2963.708651335573,0.2182621249111241,0.3727831609806002,RNA,C5vsC1_rna
ACZ81_RS10135,0.116833212133609,92.13643103919796,0.7661943778496687,0.8627482020580608,RNA,C5vsC1_rna
ACZ81_RS10145,-3.052657688875609,2925.443091606594,2.553365981679156e-14,2.4985620289016524e-12,RNA,C5vsC1_rna
ACZ81_RS10150,-2.831644977017392,2977.88249833764,2.8928979442360115e-09,1.0847015469415775e-07,RNA,C5vsC1_rna
ACZ81_RS10155,-2.6508826199619118,4267.1717497753325,5.735857771165567e-10,2.6450875147030186e-08,RNA,C5vsC1_rna
ACZ81_RS10160,-0.4064955524909461,734.3325369256646,0.0628153643901733,0.1484164467361585,RNA,C5vsC1_rna
ACZ81_RS10165,-0.3565251908203368,561.2244902895359,0.180116803329999,0.3272774524275162,RNA,C5vsC1_rna
ACZ81_RS10170,-0.425488092639317,715.0282583195304,0.0948256822466864,0.2025775490807805,RNA,C5vsC1_rna
ACZ81_RS10175,0.0370249937211378,193.60977863849143,0.8948170686665367,0.9419834881854798,RNA,C5vsC1_rna
ACZ81_RS10180,0.5646896104452666,1353.9629359077924,0.2370198398090685,0.3956374778918783,RNA,C5vsC1_rna
ACZ81_RS10185,-0.5274347387019092,638.4877513836249,0.0960592097382244,0.204559208848066,RNA,C5vsC1_rna
ACZ81_RS10190,0.293975687562356,966.9886238193463,0.3908048322406486,0.5589693358108672,RNA,C5vsC1_rna
ACZ81_RS10195,0.4196848318417931,205.38624593259453,0.3000752911083774,0.462150505922,RNA,C5vsC1_rna
ACZ81_RS10200,-0.8882267454184157,3314.060898748632,0.0014389309397086,0.0082471299001589,RNA,C5vsC1_rna
ACZ81_RS10205,-1.1417460769444463,20379.25634005183,2.247310767468313e-05,0.0002765708834074501,RNA,C5vsC1_rna
ACZ81_RS10210,0.3201506510861812,933.0655788096336,0.1986718609755287,0.3508455706173278,RNA,C5vsC1_rna
ACZ81_RS10215,0.1177608136001746,471.3927951979778,0.6690406324567612,0.7960897358758898,RNA,C5vsC1_rna
ACZ81_RS10220,0.1521510656139063,822.4685843078807,0.7000852966334454,0.8179942843240184,RNA,C5vsC1_rna
ACZ81_RS10230,-0.2708351697706809,7495.695893611436,0.3855905047658133,0.5540696945128151,RNA,C5vsC1_rna
ACZ81_RS10235,-0.2207220422421424,4906.632548583094,0.6318087814881076,0.768359148629975,RNA,C5vsC1_rna
ACZ81_RS10240,0.4490949025583337,630.5392353678618,0.2074617252227626,0.3617281362858426,RNA,C5vsC1_rna
ACZ81_RS10245,0.6301768326052898,885.9602521357151,0.0613021486278143,0.146920083808119,RNA,C5vsC1_rna
ACZ81_RS10250,-0.3439013592075992,7132.375876796375,0.1821623833883943,0.3302464899025026,RNA,C5vsC1_rna
ACZ81_RS10255,0.9879913567004452,464.8569216277421,0.0159227788779586,0.053257108842208,RNA,C5vsC1_rna
ACZ81_RS10260,0.1931578474327696,1188.6155613866451,0.2894697257898018,0.4508356133030609,RNA,C5vsC1_rna
ACZ81_RS10265,0.5803845700676094,58.27612269748087,0.0763432084861516,0.1723849843795242,RNA,C5vsC1_rna
ACZ81_RS10270,0.358535648792664,1124.0528057257134,0.0748277158944749,0.1697053680998492,RNA,C5vsC1_rna
ACZ81_RS10275,0.0742850185228028,2261.179246054716,0.7518403182926414,0.8523264642526356,RNA,C5vsC1_rna
ACZ81_RS10280,-0.2127815392906356,84696.51786304824,0.7685011903523463,0.8636489567769225,RNA,C5vsC1_rna
ACZ81_RS10285,0.8232786426657405,331.65986303011607,0.0077558497800688,0.0313990608654249,RNA,C5vsC1_rna
ACZ81_RS10290,-0.5275958011806908,314.6485874011712,0.2108083983368177,0.3650251593126079,RNA,C5vsC1_rna
ACZ81_RS10295,1.4809836710906166,24.27938115146271,0.0560985318972455,0.1380781042771466,RNA,C5vsC1_rna
ACZ81_RS10300,0.028222615055553,305.6025334416631,0.929464727167166,0.9639736730444805,RNA,C5vsC1_rna
ACZ81_RS10305,-0.894237362822178,1115.9392843881062,0.0050280724408271,0.0224389617715222,RNA,C5vsC1_rna
ACZ81_RS10310,-0.6347902417393193,745.4436983660881,0.0309768045441362,0.0873358677660398,RNA,C5vsC1_rna
ACZ81_RS10315,-1.374134718050659,610.3220575429252,0.00014606362714907623,0.0013198361984731,RNA,C5vsC1_rna
ACZ81_RS10320,-1.770954999939224,2681.952721466744,8.312887168087977e-06,0.00011826703304386158,RNA,C5vsC1_rna
ACZ81_RS10325,-2.437339521022163,302.89521708086966,1.3145609389505777e-12,9.589124521944942e-11,RNA,C5vsC1_rna
ACZ81_RS10330,-1.826879959796648,863.4644187708549,0.00014066217604148827,0.001279674943942,RNA,C5vsC1_rna
ACZ81_RS10335,-0.1361882786437084,421.8613496264898,0.7809541550283308,0.8714082128144909,RNA,C5vsC1_rna
ACZ81_RS10340,-0.147441922538934,606.1446805465978,0.786750303056307,0.8741557379127683,RNA,C5vsC1_rna
ACZ81_RS10345,-1.1829757652229598,134.89305897214166,0.1689572743192035,0.313967848341197,RNA,C5vsC1_rna
ACZ81_RS10350,-1.0988864895615251,1495.4415251178616,1.1848976836117137e-06,2.29652633171507e-05,RNA,C5vsC1_rna
ACZ81_RS10355,-0.57334644070528,336.46291674547706,0.0676942066325241,0.1568512017129869,RNA,C5vsC1_rna
ACZ81_RS10360,-3.396623053693326,11737.43687625664,1.372798853990195e-14,1.4122228210791445e-12,RNA,C5vsC1_rna
ACZ81_RS10365,-3.3751834641702354,11731.48067257195,1.0487212059844598e-13,9.784812740487564e-12,RNA,C5vsC1_rna
ACZ81_RS10370,-0.3351552253760566,304.7887055672271,0.3529017889546557,0.5204162830304998,RNA,C5vsC1_rna
ACZ81_RS10375,0.5230832100517268,3030.151187170149,0.1469110941970355,0.2851510933326107,RNA,C5vsC1_rna
ACZ81_RS10380,-0.0843347913485638,1215.3462878637745,0.7903415997108586,0.8754418823964564,RNA,C5vsC1_rna
ACZ81_RS10385,-0.2382745373071752,127.1806218479686,0.554139596684537,0.7069024044191933,RNA,C5vsC1_rna
ACZ81_RS10390,0.2918885139123351,1131.884960700047,0.3971233171783607,0.5650527685301368,RNA,C5vsC1_rna
ACZ81_RS10395,-0.2115004786476408,94.91053160173712,0.6239539243683849,0.7622725775170403,RNA,C5vsC1_rna
ACZ81_RS10400,-0.1298922524371983,219.90439610620663,0.6133121766934736,0.7538628838523946,RNA,C5vsC1_rna
ACZ81_RS10405,0.7360054988540625,25.669848842964125,0.2238055869605724,0.3794604010765067,RNA,C5vsC1_rna
ACZ81_RS10410,0.0900858081631667,63.14545649465074,0.7893048948440948,0.8752601542605054,RNA,C5vsC1_rna
ACZ81_RS10415,-0.2071789557533344,1307.052808642416,0.353473173294644,0.5204162830304998,RNA,C5vsC1_rna
ACZ81_RS10420,-1.17659884877636,1471.669862171654,9.161637748496276e-05,0.0009006797094569911,RNA,C5vsC1_rna
ACZ81_RS10425,-0.003996052680641,998.6751548384706,0.9873982843006316,0.9958375858758504,RNA,C5vsC1_rna
ACZ81_RS10430,0.2703434795542616,751.540125884035,0.2585774491709003,0.4174437672932568,RNA,C5vsC1_rna
ACZ81_RS10435,0.1423212275074731,355.1320575672126,0.633911694492348,0.7697499147407082,RNA,C5vsC1_rna
ACZ81_RS10440,-0.001939537920699,747.5549931261144,0.9930316816546906,0.9977568511892356,RNA,C5vsC1_rna
ACZ81_RS10445,0.6759645991414666,434.5214387966237,0.0049215583718332,0.0220814637320593,RNA,C5vsC1_rna
ACZ81_RS10450,-0.0849864748830633,103.9417407295593,0.7851568595614158,0.8730735367406874,RNA,C5vsC1_rna
ACZ81_RS10455,0.2753219666402763,212.12724484705188,0.2630198806176897,0.4216592473231395,RNA,C5vsC1_rna
ACZ81_RS10460,0.6091706147690353,374.4220783827301,0.1179009904304892,0.2392608870041087,RNA,C5vsC1_rna
ACZ81_RS10465,0.0434293934596336,703.6745298361524,0.9039797127610064,0.9486137931503548,RNA,C5vsC1_rna
ACZ81_RS10470,0.5004310709861582,342.7583108954653,0.1522798987070601,0.2923191165611126,RNA,C5vsC1_rna
ACZ81_RS10490,0.9909057639079928,396.7878555658206,3.789840571297391e-06,6.009818328871594e-05,RNA,C5vsC1_rna
ACZ81_RS10495,0.5763135108547519,513.1619004556368,0.0168111878789272,0.0553747830626076,RNA,C5vsC1_rna
ACZ81_RS10500,0.1078653196141944,2466.838122373768,0.6714089049163332,0.797894705724031,RNA,C5vsC1_rna
ACZ81_RS10505,-0.227234401760104,194.11150350310737,0.5203727036997151,0.6787175836291472,RNA,C5vsC1_rna
ACZ81_RS10510,0.5189889799759256,249.6418167624421,0.0604847454642562,0.145482493286928,RNA,C5vsC1_rna
ACZ81_RS10515,-0.0561014073201514,1650.679676936287,0.8281838235200233,0.8992350473511052,RNA,C5vsC1_rna
ACZ81_RS10520,0.3799026673685557,118.75478312836977,0.4231033079057623,0.5918725492740302,RNA,C5vsC1_rna
ACZ81_RS10535,-0.3387471096063805,167.37604016146247,0.2083665069929457,0.3626752390697172,RNA,C5vsC1_rna
ACZ81_RS10540,0.7809818622822544,3.855494485214918,0.5560555808533993,0.7073224446366005,RNA,C5vsC1_rna
ACZ81_RS10545,-1.5724271519825004,31.446940784422523,0.004868862498865,0.0218989645128323,RNA,C5vsC1_rna
ACZ81_RS10550,1.5318988587491489,108.61605736416222,0.0007487980906172538,0.004957389339202,RNA,C5vsC1_rna
ACZ81_RS10560,-2.279405313267407,27485.29866024825,8.270082779802783e-05,0.0008357574839437976,RNA,C5vsC1_rna
ACZ81_RS10565,-0.8195825282309374,289.0122632214753,0.0121726576186487,0.0437997330636939,RNA,C5vsC1_rna
ACZ81_RS10570,-0.9038298587715377,127.92661786424352,0.0747960104186068,0.1697053680998492,RNA,C5vsC1_rna
ACZ81_RS10575,-0.6815839096771915,73.95202247039929,0.1582229278426691,0.3003264828468783,RNA,C5vsC1_rna
ACZ81_RS10580,-1.435446535668396,52.33777468822628,0.0012773380824263,0.0075696903791644,RNA,C5vsC1_rna
ACZ81_RS10585,-0.3614466791206828,276.506823736537,0.5590857435830621,0.7096020257055505,RNA,C5vsC1_rna
ACZ81_RS10590,0.009035196582916,107.11408509134884,0.9778980257536604,0.9927446556993132,RNA,C5vsC1_rna
ACZ81_RS10595,0.8031498158445353,3204.9049336970866,0.0417809312811103,0.1100238356946845,RNA,C5vsC1_rna
ACZ81_RS10600,0.7583078119551665,2907.1973279673034,2.943964988513868e-07,6.749250019381506e-06,RNA,C5vsC1_rna
ACZ81_RS10605,0.6295482242036071,387.1845505781103,0.0707749278952338,0.1626282993789679,RNA,C5vsC1_rna
ACZ81_RS10610,-0.3330856795949863,469.4058431913156,0.22142357318105,0.3764200744077849,RNA,C5vsC1_rna
ACZ81_RS10615,-0.9000337283929088,1384.0180801967958,0.0110320436161161,0.0407555791785062,RNA,C5vsC1_rna
ACZ81_RS10620,-0.0541793400228969,1455.4979955453366,0.8507867800069127,0.9158456027334942,RNA,C5vsC1_rna
ACZ81_RS10625,-0.4039616556552602,182.40491970600837,0.4386748392489586,0.6060480217172252,RNA,C5vsC1_rna
ACZ81_RS10630,-0.8217491644163899,4125.587338911498,0.0102047424313416,0.0384065915896273,RNA,C5vsC1_rna
ACZ81_RS10635,-0.8416005766544471,398.19873525015583,0.008142869573724,0.0323301026430426,RNA,C5vsC1_rna
ACZ81_RS10640,0.4611699836144744,581.562784241207,0.015781935325367,0.0528965117171032,RNA,C5vsC1_rna
ACZ81_RS10645,-0.2498970511642009,1626.8052285898254,0.2432861694331059,0.4018378393436069,RNA,C5vsC1_rna
ACZ81_RS10650,-0.312575203602749,302.8852298636338,0.3617049579400614,0.528655843808935,RNA,C5vsC1_rna
ACZ81_RS10655,0.0745013888485233,335.95140915051707,0.8041115489280193,0.8828071912048985,RNA,C5vsC1_rna
ACZ81_RS10665,0.014784640882773,5436.72181804928,0.9545592360458032,0.9802624547508604,RNA,C5vsC1_rna
ACZ81_RS10670,0.794247595786451,26305.707648536907,0.0064236768738498,0.0269861692333882,RNA,C5vsC1_rna
ACZ81_RS10675,1.1533490421387738,4492.887396049648,0.0010130761405752,0.0063112755838323,RNA,C5vsC1_rna
ACZ81_RS10680,0.8880127477343722,705.1714433039945,0.0019941741818579,0.0107390963994819,RNA,C5vsC1_rna
ACZ81_RS10685,0.7637631759713688,915.9369597750618,0.0069202452347003,0.0287704017935777,RNA,C5vsC1_rna
ACZ81_RS10690,0.6971689915538799,8075.634241725112,0.0006551337843563868,0.0044174735173744,RNA,C5vsC1_rna
ACZ81_RS10695,0.5534311102135304,492.6577076466361,0.0240183384831891,0.0728356568363983,RNA,C5vsC1_rna
ACZ81_RS10700,0.9625307072489524,4348.2191702108585,0.0005840356346149202,0.0040510439916915,RNA,C5vsC1_rna
ACZ81_RS10705,1.2803756781247768,548.0902207436587,0.0009351057141900998,0.005917419756042,RNA,C5vsC1_rna
ACZ81_RS10710,0.8097504032503378,23.30661376733161,0.2259471007541555,0.381844889732802,RNA,C5vsC1_rna
ACZ81_RS10715,0.7619655124234149,747.2479853130598,0.0265278943591034,0.0783267668817643,RNA,C5vsC1_rna
ACZ81_RS10720,-0.3105140282530825,401.8897153910518,0.5551986213189871,0.7071989212401026,RNA,C5vsC1_rna
ACZ81_RS10725,-0.9028699786998764,168.65209429884254,0.0160738924530591,0.0536509621644536,RNA,C5vsC1_rna
ACZ81_RS10730,0.1530219192253031,415.9264945213293,0.6614611233890755,0.7902864880991575,RNA,C5vsC1_rna
ACZ81_RS10735,-0.1004846329042773,1004.6965460610876,0.6884094647645371,0.8104163065244492,RNA,C5vsC1_rna
ACZ81_RS10740,0.1022656643508047,789.702822553403,0.8485308560242952,0.9144437735670524,RNA,C5vsC1_rna
ACZ81_RS10745,0.2278401398492188,182.97526809774823,0.5049687141463537,0.6664258161694642,RNA,C5vsC1_rna
ACZ81_RS10750,0.0596282271299288,1816.870604232609,0.8575521010760769,0.9206580223487344,RNA,C5vsC1_rna
ACZ81_RS10755,-0.3919807930776519,4064.491639457444,0.1926199687712611,0.3434866330283283,RNA,C5vsC1_rna
ACZ81_RS10760,1.40110898146886,2056.3340604450423,0.0015554792933988,0.008753845340004,RNA,C5vsC1_rna
ACZ81_RS10765,0.0482712397079111,196.8175324846541,0.8957756106076068,0.9422789065961508,RNA,C5vsC1_rna
ACZ81_RS10770,-0.2347608975142443,311.9457862420496,0.4405477664847429,0.6078931171531741,RNA,C5vsC1_rna
ACZ81_RS10775,-0.3286365579162664,368.46477577409047,0.1772599530975494,0.3242895265970671,RNA,C5vsC1_rna
ACZ81_RS10780,-1.8617847429693877,2501.1279281689986,4.914378824235647e-06,7.554209901468742e-05,RNA,C5vsC1_rna
ACZ81_RS10785,-0.5975900914615891,322.1281428030968,0.0557303698707658,0.1374248579726568,RNA,C5vsC1_rna
ACZ81_RS10790,0.2875486180493956,133.2278750448253,0.5626514793536028,0.7132251927856729,RNA,C5vsC1_rna
ACZ81_RS10795,-0.2552888061843184,397.813903494172,0.4164774555013941,0.5862833513935414,RNA,C5vsC1_rna
ACZ81_RS10800,-0.2762415518521814,301.5640177540925,0.3338336397780299,0.5003139943180636,RNA,C5vsC1_rna
ACZ81_RS10805,0.1573281927316118,1036.7563394975336,0.5638978635246843,0.7141282286808818,RNA,C5vsC1_rna
ACZ81_RS10810,-0.043809162333393,182.51990436088292,0.8764819603749087,0.9302877613318896,RNA,C5vsC1_rna
ACZ81_RS10815,0.3157507503383727,1450.1053214693632,0.0482103605237819,0.1229988729484094,RNA,C5vsC1_rna
ACZ81_RS10820,1.01791915410968,2052.429094849703,0.0136401470375817,0.0474213777424419,RNA,C5vsC1_rna
ACZ81_RS10825,-0.7428427071710111,1475.4135154285095,0.0168485116654269,0.055452197540355,RNA,C5vsC1_rna
ACZ81_RS10830,-1.299058492923639,2628.458427814866,1.674681304656691e-05,0.00022066173935568188,RNA,C5vsC1_rna
ACZ81_RS10835,-1.0022828000172763,17289.840517572993,0.0121060811116985,0.0437308101080564,RNA,C5vsC1_rna
ACZ81_RS10840,-0.7703418761954927,292.2798326550703,0.2020538005571089,0.3549543543801807,RNA,C5vsC1_rna
ACZ81_RS10845,0.0201578757733533,3934.679166250614,0.9325395646829312,0.9650112802444984,RNA,C5vsC1_rna
ACZ81_RS10850,1.0393406040123938,344.6614863716828,0.0240011320572212,0.0728356568363983,RNA,C5vsC1_rna
ACZ81_RS10855,0.8088296189728593,247.06445318678087,0.0024482827679469,0.0125607550703365,RNA,C5vsC1_rna
ACZ81_RS10860,1.285061871652489,205.59057195835675,0.0063449371762498,0.0267113199906761,RNA,C5vsC1_rna
ACZ81_RS10865,1.6672745612012856,166.35985230039032,0.0005194045308824704,0.0036992370555936,RNA,C5vsC1_rna
ACZ81_RS10870,1.0863195680724558,223.0414943104128,0.0673640467221434,0.1562222863868435,RNA,C5vsC1_rna
ACZ81_RS10875,0.1869062989010102,576.3618970955116,0.6375455098393041,0.7712718367026337,RNA,C5vsC1_rna
ACZ81_RS10880,0.1308462573249513,177.37104356388602,0.6606601836185089,0.7902709173158788,RNA,C5vsC1_rna
ACZ81_RS10885,0.297835197518378,688.889015947808,0.2223162850100122,0.3777776092588603,RNA,C5vsC1_rna
ACZ81_RS10890,-0.0624902634235659,284.171159379707,0.7867837411772199,0.8741557379127683,RNA,C5vsC1_rna
ACZ81_RS10895,0.1124143692572856,259.5973736637718,0.6196726243660897,0.7582883693693746,RNA,C5vsC1_rna
ACZ81_RS10900,0.10997980855434,719.9156787436106,0.7071875040556054,0.8214349352261404,RNA,C5vsC1_rna
ACZ81_RS10905,0.256132802619727,758.56357734044,0.2549634481165975,0.4139351458038068,RNA,C5vsC1_rna
ACZ81_RS10910,0.0601681040040839,2771.467795534877,0.8599586048187278,0.9210234710445104,RNA,C5vsC1_rna
ACZ81_RS10920,-1.0936555035709616,347.3242474568888,0.00021393031489528672,0.0017955824756483,RNA,C5vsC1_rna
ACZ81_RS10925,-0.5755735818829245,229.25256097039556,0.0489250800223502,0.1243112229573584,RNA,C5vsC1_rna
ACZ81_RS10935,-0.9045954707767392,149.8984662195764,0.0176403559916127,0.0576797948152813,RNA,C5vsC1_rna
ACZ81_RS10940,-5.410614367653496e-05,278.5609714154183,0.9999011935709012,1.0,RNA,C5vsC1_rna
ACZ81_RS10945,0.2132203655815861,47.497282559996606,0.597053657180389,0.741437753038125,RNA,C5vsC1_rna
ACZ81_RS10950,3.2275607821723984,242.1444920953172,1.7590956333370625e-12,1.2381564352540862e-10,RNA,C5vsC1_rna
ACZ81_RS10955,0.0028699618497669,173.54036612953547,0.9909638194181144,0.9964277803271868,RNA,C5vsC1_rna
ACZ81_RS10965,0.2715135250826659,98.75503117331296,0.4332203682970343,0.6017049018641364,RNA,C5vsC1_rna
ACZ81_RS10970,1.0681732291157016,215.3049980230449,2.889855138321296e-05,0.000339008737279,RNA,C5vsC1_rna
ACZ81_RS10975,0.3901234149848002,181.97451288996896,0.285027581446341,0.4460672803960575,RNA,C5vsC1_rna
ACZ81_RS10980,0.1878329815040868,88.57676306956462,0.6379189980518627,0.7712718367026337,RNA,C5vsC1_rna
ACZ81_RS10985,0.1647550156638063,50.69111233377401,0.7161698796038192,0.8277086352770204,RNA,C5vsC1_rna
ACZ81_RS10995,0.4921080262840309,130.10790931195763,0.193211108757287,0.3439054872822695,RNA,C5vsC1_rna
ACZ81_RS11000,0.2229005449757364,48.73420977857647,0.6716292500842838,0.7979202106420332,RNA,C5vsC1_rna
ACZ81_RS11005,0.4716525908630439,169.33844761013552,0.1741946695337431,0.3204351280006315,RNA,C5vsC1_rna
ACZ81_RS11010,0.317304688674699,271.9748036250894,0.316431177793997,0.4817919868347308,RNA,C5vsC1_rna
ACZ81_RS11015,0.1330860034273659,893.9694260398845,0.5131550041389903,0.6726269495758495,RNA,C5vsC1_rna
ACZ81_RS11020,-0.3603571824393378,794.3480488835501,0.3302716968300727,0.4972045207062858,RNA,C5vsC1_rna
ACZ81_RS11025,0.7538551512752044,158.5219523292378,0.0152402174763172,0.0513005859015338,RNA,C5vsC1_rna
ACZ81_RS11030,0.606855413439162,991.2321228488776,0.0059974125344757,0.0255974671152305,RNA,C5vsC1_rna
ACZ81_RS11035,0.1390018085147317,447.7121519998314,0.6773978324881608,0.8009785157508107,RNA,C5vsC1_rna
ACZ81_RS11040,-0.4548484416503962,465.8974059309199,0.1921202169656418,0.3430290656280173,RNA,C5vsC1_rna
ACZ81_RS11045,-0.1942940826648045,14318.63384174481,0.7374611843219836,0.842692757476445,RNA,C5vsC1_rna
ACZ81_RS11050,0.405833636262458,673.0618214736239,0.1287283023578275,0.2570721498554525,RNA,C5vsC1_rna
ACZ81_RS11055,-0.2281711480755949,129.2461820557564,0.5175055746424897,0.6760880893240979,RNA,C5vsC1_rna
ACZ81_RS11060,-0.0924745455103933,252.6497096930304,0.7945105940261494,0.87691238053175,RNA,C5vsC1_rna
ACZ81_RS11065,-0.154090263741968,2777.6037460029424,0.7944447645924868,0.87691238053175,RNA,C5vsC1_rna
ACZ81_RS11070,0.3011299718406963,147.68243150981726,0.2764426778143686,0.4381415240238016,RNA,C5vsC1_rna
ACZ81_RS11075,-0.7470542839071319,26.45705896362162,0.1495067967868272,0.2886531610725461,RNA,C5vsC1_rna
ACZ81_RS11085,0.1488792623565392,343.8025361362989,0.5721747796070586,0.7209747521336421,RNA,C5vsC1_rna
ACZ81_RS11090,-0.2678035405157012,193.98194416586648,0.4117689640891877,0.5810823369418997,RNA,C5vsC1_rna
ACZ81_RS11095,-0.1088752071335989,96.4324103621855,0.7635742302831685,0.8612481900185753,RNA,C5vsC1_rna
ACZ81_RS11100,0.6522715606814745,1074.110405903417,0.3045807169518951,0.4676532094952174,RNA,C5vsC1_rna
ACZ81_RS11105,-1.5987106997321383,102.23435569409745,0.0001636454635016114,0.001450000574942,RNA,C5vsC1_rna
ACZ81_RS11110,1.413324903243977,3585.755494496686,0.0008646229496814624,0.0055590821700673,RNA,C5vsC1_rna
ACZ81_RS11115,-1.8646424365038428,413.2532118739781,0.00016766374543693386,0.0014687051237837,RNA,C5vsC1_rna
ACZ81_RS11120,0.4268420721766391,244.77419358884367,0.0949056229340089,0.2026404253386077,RNA,C5vsC1_rna
ACZ81_RS11125,0.4600326098101859,812.1302299337648,0.0777732481349768,0.1747067589683803,RNA,C5vsC1_rna
ACZ81_RS11130,0.2124187278516793,858.0760096803073,0.3941085909563869,0.5625946244243469,RNA,C5vsC1_rna
ACZ81_RS11135,0.6995005915637243,2244.0104388719155,0.0004420337512510349,0.0032127525543825,RNA,C5vsC1_rna
ACZ81_RS11140,-0.3151343602551275,2411.618022867676,0.5231384194313602,0.6813738111583916,RNA,C5vsC1_rna
ACZ81_RS11145,-0.1300274540939386,3224.747583005683,0.791354244625812,0.8763216200493399,RNA,C5vsC1_rna
ACZ81_RS11150,-0.0709199030054752,2482.877395551418,0.8717366187140368,0.9291730378004028,RNA,C5vsC1_rna
ACZ81_RS11155,-0.7816697479620143,217.83838117333,0.1745437350667546,0.3207830806632248,RNA,C5vsC1_rna
ACZ81_RS11160,-0.0359531289303044,123.70223094866638,0.9338552509144156,0.9658699979272594,RNA,C5vsC1_rna
ACZ81_RS11165,-1.062162114030925,1237.3909203753428,0.086260916153947,0.188598798697349,RNA,C5vsC1_rna
ACZ81_RS11170,-0.5981932517924577,2272.109679452595,0.2408995238025147,0.3997059096342799,RNA,C5vsC1_rna
ACZ81_RS11175,-1.1785861464615996,1843.2699312774105,3.858633570502942e-05,0.0004324256392418381,RNA,C5vsC1_rna
ACZ81_RS11180,0.7303622909707678,1511.6527395548726,0.0220792008617742,0.0684876447260189,RNA,C5vsC1_rna
ACZ81_RS11185,0.366185934603211,555.8790043787999,0.2496839893836096,0.408870271594711,RNA,C5vsC1_rna
ACZ81_RS11190,-0.110889616396657,590.3426765808728,0.7455935709608508,0.8478802173171579,RNA,C5vsC1_rna
ACZ81_RS11195,-0.3041766612597948,933.2365592135516,0.4319551861300168,0.6002785613971692,RNA,C5vsC1_rna
ACZ81_RS11200,0.4102774452395787,236.27698165847733,0.1708432894264558,0.3161546481452679,RNA,C5vsC1_rna
ACZ81_RS11205,0.2856287377366688,1153.4390579990045,0.2476295684540791,0.4063353082363049,RNA,C5vsC1_rna
ACZ81_RS11210,0.2641125763867977,416.5199070924976,0.3505350057553548,0.5181821824209593,RNA,C5vsC1_rna
ACZ81_RS11215,0.9258542610829084,2717.0515156417146,0.1018271208309325,0.2144516581489246,RNA,C5vsC1_rna
ACZ81_RS11220,1.3435385884047235,2596.8258745228827,0.0100356899533899,0.0378769408212609,RNA,C5vsC1_rna
ACZ81_RS11225,1.2935133988669985,1427.5683716090643,0.0071083620277235,0.0293402761885048,RNA,C5vsC1_rna
ACZ81_RS11230,2.250889228360885,168.28053433835936,5.155484748321184e-06,7.834774549342649e-05,RNA,C5vsC1_rna
ACZ81_RS11235,-0.7175945977267023,4960.80680218902,0.0736707878857559,0.1677452900100186,RNA,C5vsC1_rna
ACZ81_RS11240,0.1382808985936644,950.8690492700896,0.5131882085373068,0.6726269495758495,RNA,C5vsC1_rna
ACZ81_RS11245,0.1934044421064983,220.1854183008851,0.5111691841438404,0.6717296564051367,RNA,C5vsC1_rna
ACZ81_RS11250,0.2034476196791392,286.5374360600523,0.3412581089602036,0.5080250586821287,RNA,C5vsC1_rna
ACZ81_RS11255,-3.5222944356468995,2732.865749556203,2.879209681337369e-40,2.887847310381381e-37,RNA,C5vsC1_rna
ACZ81_RS11260,-3.721390030671685,504.08918895828106,1.0481056628016241e-16,1.6819999676640464e-14,RNA,C5vsC1_rna
ACZ81_RS11265,0.451497830048953,51.097525916593966,0.5406814369034685,0.6961533776818728,RNA,C5vsC1_rna
ACZ81_RS11270,-1.9553828179775423,1024.8628173323114,1.050305179971291e-05,0.00014631334659877845,RNA,C5vsC1_rna
ACZ81_RS11275,-1.920357802157972,90.68354995655729,0.0002076387300822367,0.0017537822843998,RNA,C5vsC1_rna
ACZ81_RS11280,0.6238998025295681,1180.8357489144057,0.3443630936495755,0.5113042436649351,RNA,C5vsC1_rna
ACZ81_RS11285,-0.1440280458196017,592.3206395086232,0.5971050299267652,0.741437753038125,RNA,C5vsC1_rna
ACZ81_RS11290,0.0512472495409578,494.41456030982346,0.9057622068929012,0.9488978195981538,RNA,C5vsC1_rna
ACZ81_RS11295,0.1308420822224106,961.83703252938,0.7643422673569259,0.8618721688128125,RNA,C5vsC1_rna
ACZ81_RS11300,0.0221784295475559,617.1121598444181,0.9547568424635572,0.9802624547508604,RNA,C5vsC1_rna
ACZ81_RS11305,1.0414699789826818,241.55793381946748,0.0009513281438976254,0.0059917245107021,RNA,C5vsC1_rna
ACZ81_RS11310,-0.0066303834586653,599.316721771308,0.9868756996225726,0.9957645254174708,RNA,C5vsC1_rna
ACZ81_RS11315,0.2361430601306736,510.383415097977,0.5576221978495077,0.708469094136852,RNA,C5vsC1_rna
ACZ81_RS11320,0.4189863851829629,367.0437108617214,0.0796628642771198,0.1780542682338745,RNA,C5vsC1_rna
ACZ81_RS11325,-0.4697466690192502,219.19344076030367,0.4770890735362535,0.6418783913572935,RNA,C5vsC1_rna
ACZ81_RS11330,0.3413087806786006,103.29024684515645,0.3485187058541499,0.5159620102903504,RNA,C5vsC1_rna
ACZ81_RS11335,-0.1702223991710756,112.7687923921972,0.7090630933468942,0.8227759964455871,RNA,C5vsC1_rna
ACZ81_RS11340,0.8844917117872729,106.3565734419336,0.0199245727425075,0.0637887331792885,RNA,C5vsC1_rna
ACZ81_RS11345,0.4366924173219321,74.52248887078514,0.1686546677139692,0.313803958279711,RNA,C5vsC1_rna
ACZ81_RS11350,0.2335670764228685,69.62845682204265,0.6612330554362029,0.7902864880991575,RNA,C5vsC1_rna
ACZ81_RS11355,0.3094684265756871,163.06840960610052,0.308931899611734,0.472363175419935,RNA,C5vsC1_rna
ACZ81_RS11360,0.6870753435416739,179.00391727485228,0.0177695196398878,0.0580075775388364,RNA,C5vsC1_rna
ACZ81_RS11365,0.3048138292567519,234.39390549687357,0.3136653477547239,0.4784905032265882,RNA,C5vsC1_rna
ACZ81_RS11370,-0.0420963695585915,191.51156907216316,0.8950251886747381,0.9419834881854798,RNA,C5vsC1_rna
ACZ81_RS11375,-0.0229115822659559,57.569963316927215,0.9527026215394968,0.979811052964999,RNA,C5vsC1_rna
ACZ81_RS11380,-0.1463115455983952,60.77546081848788,0.6713600113447891,0.797894705724031,RNA,C5vsC1_rna
ACZ81_RS11385,-1.0519697775089585,66.53644746052134,0.0216222582993917,0.0674560655498908,RNA,C5vsC1_rna
ACZ81_RS11390,0.3897806054250081,74.78961351897242,0.2733984980911593,0.4342204864423187,RNA,C5vsC1_rna
ACZ81_RS11395,-0.3021866646062684,531.9498356553066,0.2861970324762248,0.4467791806593829,RNA,C5vsC1_rna
ACZ81_RS11400,-0.1664130808631012,23.695058406681632,0.7929623946916431,0.8765716021293768,RNA,C5vsC1_rna
ACZ81_RS11405,-2.026056602123868,4.341365209947588,0.1705279979874091,0.3157168103024851,RNA,C5vsC1_rna
ACZ81_RS11410,0.0402388289638511,211.05214885574972,0.8896414985611506,0.939013440649302,RNA,C5vsC1_rna
ACZ81_RS11415,-0.1076571563351469,960.3711131210084,0.7136455622492442,0.8253519734055832,RNA,C5vsC1_rna
ACZ81_RS11420,-1.2555333769393178,179.29299115510972,0.0070242900958227,0.0290530431592175,RNA,C5vsC1_rna
ACZ81_RS11430,-5.630486372691233,16297.485096216058,1.0106047917008024e-19,2.027273212151809e-17,RNA,C5vsC1_rna
ACZ81_RS11435,-4.371655361134849,5579.932147919385,8.775156625264269e-12,5.967106505179703e-10,RNA,C5vsC1_rna
ACZ81_RS11440,-1.1338702595274028,948.8274587743292,0.0198045247143497,0.0635892711594256,RNA,C5vsC1_rna
ACZ81_RS11445,0.2634905892947461,170.69376034491108,0.4492510050584847,0.6155755807562702,RNA,C5vsC1_rna
ACZ81_RS11450,-0.2661111356909744,179.81851387002234,0.3087384644046631,0.472363175419935,RNA,C5vsC1_rna
ACZ81_RS11455,-0.6190379414715684,144.41243819824373,0.1253028830972634,0.2511064770160943,RNA,C5vsC1_rna
ACZ81_RS11460,0.3930477192085961,76.04438277961567,0.235251786496728,0.3935977262369096,RNA,C5vsC1_rna
ACZ81_RS11470,0.1624011800730279,150.77888651015243,0.7106197639544398,0.8239903158916799,RNA,C5vsC1_rna
ACZ81_RS11475,-0.1114093696796859,217.7991129199296,0.7672534537069717,0.8627683855778274,RNA,C5vsC1_rna
ACZ81_RS11480,-0.2803615206583189,147.5913270995213,0.4205620283993647,0.5899620302925869,RNA,C5vsC1_rna
ACZ81_RS11485,-0.1143822707073958,142.56450057502138,0.7388489265217246,0.8440381244889406,RNA,C5vsC1_rna
ACZ81_RS11490,-0.9928775089096924,268.94063471605847,0.0063027720100034,0.026589612307186,RNA,C5vsC1_rna
ACZ81_RS11495,-0.9705615745607852,174.8640647140218,0.0034093912317642,0.0166000942012599,RNA,C5vsC1_rna
ACZ81_RS11500,-2.354959062112348,25.346347367249454,0.0281848153798084,0.0817033809998492,RNA,C5vsC1_rna
ACZ81_RS11510,0.0965320941648469,247.29700137737703,0.7486014269521519,0.85033661521292,RNA,C5vsC1_rna
ACZ81_RS11515,0.6892130932496101,455.1363731440518,0.0014805764605888,0.0084256351204004,RNA,C5vsC1_rna
ACZ81_RS11520,0.5069191147446661,374.338284052563,0.0237661925918086,0.0724016272081081,RNA,C5vsC1_rna
ACZ81_RS11525,0.2795145839548755,802.3192313953876,0.3304401444196861,0.4972715151582073,RNA,C5vsC1_rna
ACZ81_RS11530,-0.1301852962480716,3934.643249841321,0.53242935363507,0.6892889857321397,RNA,C5vsC1_rna
ACZ81_RS11540,0.627697448047759,401.335904927388,0.0148182444513235,0.0502951508584942,RNA,C5vsC1_rna
ACZ81_RS11545,0.9767177003554984,443.0150382119338,0.00018408390423672413,0.0015704624146355,RNA,C5vsC1_rna
ACZ81_RS11550,0.4039214729365166,493.2988042933026,0.0885259632103101,0.1923977055253327,RNA,C5vsC1_rna
ACZ81_RS11555,1.708013586231172,331.4304842681997,2.986502922355914e-06,4.853168874246213e-05,RNA,C5vsC1_rna
ACZ81_RS11560,1.5563673725138245,1202.033858822392,7.53081470458033e-06,0.0001088455256034988,RNA,C5vsC1_rna
ACZ81_RS11565,0.1502878292022993,349.0885645105839,0.7653976260602977,0.862577324649976,RNA,C5vsC1_rna
ACZ81_RS11570,-1.4403779167645048,2597.812023748487,0.0001826589224935489,0.0015658709338549,RNA,C5vsC1_rna
ACZ81_RS11575,-1.4251341400004265,516.6807317818988,0.0044388414430996,0.020391052045579,RNA,C5vsC1_rna
ACZ81_RS11580,-0.8967335219123489,564.2352072741303,0.0207030372236683,0.065546627986082,RNA,C5vsC1_rna
ACZ81_RS11585,-0.4686171143233101,1193.5481578918584,0.0114742621670017,0.0418497634672827,RNA,C5vsC1_rna
ACZ81_RS11590,-1.817749081358542,971.1134859958944,0.0032504693083829,0.0160207406206784,RNA,C5vsC1_rna
ACZ81_RS11595,-0.5654416526191707,2006.9704806616635,0.2199346820308136,0.3750012512994579,RNA,C5vsC1_rna
ACZ81_RS11600,-0.1491846977698746,169.91986010430026,0.7043613681600216,0.819940628350223,RNA,C5vsC1_rna
ACZ81_RS11605,-0.022572630680673,390.8511026328336,0.9313249771260184,0.9643479458808172,RNA,C5vsC1_rna
ACZ81_RS11610,0.543194912972942,161.8449486176357,0.0816688855473826,0.1808253691038074,RNA,C5vsC1_rna
ACZ81_RS11615,0.2168707274649381,785.416130382564,0.4974333556919896,0.6606099381119702,RNA,C5vsC1_rna
ACZ81_RS11620,-1.75211845841043,2526.1216005146493,0.0164942924100848,0.0546605039388986,RNA,C5vsC1_rna
ACZ81_RS11625,-1.261688944186721,895.4437298046986,0.0325472306951215,0.0907172489144714,RNA,C5vsC1_rna
ACZ81_RS11630,-1.2568476136529991,598.1702028728528,0.0021771357909023,0.0115024056644396,RNA,C5vsC1_rna
ACZ81_RS11635,-0.9721349175730506,495.05070813809607,0.0350929546672885,0.095842705326863,RNA,C5vsC1_rna
ACZ81_RS11645,-1.0365095795067711,431.1222474603262,0.0116708280450026,0.0424150093051925,RNA,C5vsC1_rna
ACZ81_RS11650,-0.7406106297200263,60.61764438101086,0.2295762969477042,0.386350714494207,RNA,C5vsC1_rna
ACZ81_RS11655,-1.728375644970199,1365.677697072994,0.0276489484493724,0.0805574300500234,RNA,C5vsC1_rna
ACZ81_RS11660,-0.1633962409507184,36.30199930671982,0.7437778798036226,0.8467754976651913,RNA,C5vsC1_rna
ACZ81_RS11665,0.6959316597650902,1312.7244261092665,0.0004062213685599048,0.0030124956204479,RNA,C5vsC1_rna
ACZ81_RS11670,1.3893233126973237,221.44185665192305,2.759171491847146e-05,0.00032726235722337044,RNA,C5vsC1_rna
ACZ81_RS11675,0.2825312104207345,409.1963449141237,0.3249251173659255,0.4915533826817847,RNA,C5vsC1_rna
ACZ81_RS11680,0.236845938671113,778.1795801664018,0.2487605734873658,0.4076909398820718,RNA,C5vsC1_rna
ACZ81_RS11685,0.8844554514495494,1707.0598369853476,0.0015308493107976,0.0086503766689017,RNA,C5vsC1_rna
ACZ81_RS11690,0.8354339239869618,2565.2192335933487,0.1237147316784685,0.2483056538332909,RNA,C5vsC1_rna
ACZ81_RS11695,0.5363443431979791,273.09659924658047,0.0834551563048209,0.1838423435221595,RNA,C5vsC1_rna
ACZ81_RS11700,0.1561642762144561,1172.4126160426094,0.644020200992891,0.776684373000384,RNA,C5vsC1_rna
ACZ81_RS11705,1.132988476181727,2599.717974230832,0.000341810227840167,0.0025874389322542,RNA,C5vsC1_rna
ACZ81_RS11710,0.6027706015043253,899.857676486144,0.0020848441750764,0.0111376762056013,RNA,C5vsC1_rna
ACZ81_RS11715,0.4298661003684342,1788.0950430507276,0.0629163338400402,0.148482547862495,RNA,C5vsC1_rna
ACZ81_RS11720,0.9934552627501756,1651.2997551328915,0.0065405438307513,0.0273910875250255,RNA,C5vsC1_rna
ACZ81_RS11725,0.3319609884430395,3614.731509068591,0.497068302737834,0.6604843536765211,RNA,C5vsC1_rna
ACZ81_RS11730,0.7967168199453485,1054.44161066754,0.0050507531627766,0.022496028083798,RNA,C5vsC1_rna
ACZ81_RS11735,0.5443121945468431,539.3118700219809,0.0850551001727296,0.1866695779323647,RNA,C5vsC1_rna
ACZ81_RS11740,0.32833742110769,726.4591924737502,0.4515576623889549,0.6176779207311583,RNA,C5vsC1_rna
ACZ81_RS11745,0.0907088343397105,2136.2901438677213,0.843545888158981,0.9117203942063123,RNA,C5vsC1_rna
ACZ81_RS11750,0.027057326494727,794.2538383915245,0.949115776454986,0.9768733953661888,RNA,C5vsC1_rna
ACZ81_RS11755,0.4631718242899711,3233.836947773721,0.1798779923861711,0.3271400780571467,RNA,C5vsC1_rna
ACZ81_RS11760,0.7801151103459747,370.5540069555175,0.0309345292365496,0.0872780107574101,RNA,C5vsC1_rna
ACZ81_RS11765,-0.0781276961289506,2323.5048449882565,0.7983002805233315,0.8791602320778495,RNA,C5vsC1_rna
ACZ81_RS11780,-0.6626503985626213,88.29270903577574,0.2251775470803802,0.381186632441555,RNA,C5vsC1_rna
ACZ81_RS11785,-2.455704633352245,231.88813951694488,0.0010936827120293,0.0066482652131235,RNA,C5vsC1_rna
ACZ81_RS11790,-1.02192435092269,68.16743805945141,0.035864848189578,0.0972228182003966,RNA,C5vsC1_rna
ACZ81_RS11795,-0.2889608583919017,32.5045024157827,0.5728981829018074,0.7209747521336421,RNA,C5vsC1_rna
ACZ81_RS11800,-2.25785093231855,4138.522570795169,0.0051375437862694,0.0227754979784676,RNA,C5vsC1_rna
ACZ81_RS11805,-0.307335296604458,274.4423822357481,0.3825033270391754,0.5504316169588134,RNA,C5vsC1_rna
ACZ81_RS11810,-1.9173245790763056,392.9330760449576,2.329840867428345e-06,4.0290179138459135e-05,RNA,C5vsC1_rna
ACZ81_RS11815,-1.5202483520619732,357.47616142053647,0.0257781751407142,0.0766332095504362,RNA,C5vsC1_rna
ACZ81_RS11820,-0.5334717631284144,62.20763726144215,0.353165492176571,0.5204162830304998,RNA,C5vsC1_rna
ACZ81_RS11825,-0.7987506991255502,115.5878835980126,0.0212863734568719,0.0665840954401692,RNA,C5vsC1_rna
ACZ81_RS11830,-0.4393956470096575,215.4569171465804,0.2569332653170269,0.415651717924158,RNA,C5vsC1_rna
ACZ81_RS11835,-1.136702744854622,356.2297871199334,0.0011601892510524,0.0069680827473391,RNA,C5vsC1_rna
ACZ81_RS11840,-1.1255997166630252,136.30700469121973,0.0131889301400216,0.0463750687791429,RNA,C5vsC1_rna
ACZ81_RS11845,-1.0859565780737543,199.28498584379335,0.0003052640530435915,0.0023827225307604,RNA,C5vsC1_rna
ACZ81_RS11850,-0.8550204181737836,170.0398367587567,0.033254156111945,0.0921543863393637,RNA,C5vsC1_rna
ACZ81_RS11855,-0.9104936216636172,94.58584888016529,0.0665039054456967,0.1544954653434484,RNA,C5vsC1_rna
ACZ81_RS11860,-0.2916592754644798,18.6077613106321,0.6178938440506843,0.7576375618372082,RNA,C5vsC1_rna
ACZ81_RS11865,0.0452039103463806,45.52504828686977,0.911659665381886,0.9524944212271164,RNA,C5vsC1_rna
ACZ81_RS11870,-0.8158064482430324,1285.971663619137,0.0045143126397438,0.0205827860259355,RNA,C5vsC1_rna
ACZ81_RS11875,-1.13983434498783,115.42266088278603,0.0123189307054394,0.0442071109035986,RNA,C5vsC1_rna
ACZ81_RS11880,-0.6295573418037588,83.75321204893366,0.2424697789817078,0.4012174905355211,RNA,C5vsC1_rna
ACZ81_RS11885,-0.533276164420486,82.97197655246167,0.1672579356807637,0.3122563229182056,RNA,C5vsC1_rna
ACZ81_RS11890,-0.6451236193036726,46.23610163387448,0.1776837505209808,0.3247686592665946,RNA,C5vsC1_rna
ACZ81_RS11895,-0.3530583589912028,137.64205716705567,0.4487710598519634,0.6153347546568959,RNA,C5vsC1_rna
ACZ81_RS11900,-2.011811884756649,29.77438741973072,0.0020026983071751,0.0107596946394501,RNA,C5vsC1_rna
ACZ81_RS11905,-3.283265777870449,2558.592470841742,3.5653748945603453e-09,1.3003894615432824e-07,RNA,C5vsC1_rna
ACZ81_RS11910,-2.238096200368973,208.88282482345232,1.3699966149287266e-05,0.00018695327956102216,RNA,C5vsC1_rna
ACZ81_RS11915,-2.036982490497743,173.55939639304574,2.783050014278843e-07,6.417009573153285e-06,RNA,C5vsC1_rna
ACZ81_RS11920,-1.2770917223000475,128.93688228242038,0.0001293554994427147,0.0011881934127629,RNA,C5vsC1_rna
ACZ81_RS11925,-0.6081209640105898,485.6792992120164,0.059331585534608,0.1434830145659117,RNA,C5vsC1_rna
ACZ81_RS11930,-0.1808206771264141,312.1721301784812,0.5177339216348193,0.6761551085933903,RNA,C5vsC1_rna
ACZ81_RS11935,-0.7125692360874458,40.664178559866286,0.176874600817603,0.3238799171520873,RNA,C5vsC1_rna
ACZ81_RS11940,-0.0176906467353298,418.0691733649076,0.9662837580392204,0.9880067956461768,RNA,C5vsC1_rna
ACZ81_RS11945,0.3355040436024709,749.7654322142033,0.1755475624155895,0.3221851877453546,RNA,C5vsC1_rna
ACZ81_RS11950,-1.433694355601284,1606.2679522560295,1.0273347774628054e-06,2.040429270881572e-05,RNA,C5vsC1_rna
ACZ81_RS11955,0.3857072716190441,69.43384029928069,0.350885340584265,0.5185090189407262,RNA,C5vsC1_rna
ACZ81_RS11960,-1.041124312253907,2488.182550463447,3.07258713379918e-05,0.00035525128474934607,RNA,C5vsC1_rna
ACZ81_RS11965,-0.5778818318821498,117.97819350008535,0.0643076402690873,0.150702250443679,RNA,C5vsC1_rna
ACZ81_RS11970,3.647975456205148,111.65652141589683,1.1000590538426167e-10,6.396285397125476e-09,RNA,C5vsC1_rna
ACZ81_RS11975,2.7359632360016786,176.08906803313073,0.0001251036407774475,0.0011538294409175,RNA,C5vsC1_rna
ACZ81_RS11980,-2.111333436541292,833.7960801980472,0.00047593638737317617,0.0034342747952179,RNA,C5vsC1_rna
ACZ81_RS11985,0.500970676386883,368.4961298048499,0.057726420825502,0.1409606818940439,RNA,C5vsC1_rna
ACZ81_RS11990,0.7734304024536099,409.0033063085095,0.0241258709406095,0.0730961792847088,RNA,C5vsC1_rna
ACZ81_RS11995,-0.2232605007851616,3616.64711702886,0.723651724542214,0.8335603556885911,RNA,C5vsC1_rna
ACZ81_RS12000,-1.9110599136287576,5514.510392114245,7.211655893130443e-07,1.5222394878062953e-05,RNA,C5vsC1_rna
ACZ81_RS12005,-1.7423970614122402,1526.0679349063807,2.197028599220421e-06,3.8323820609010125e-05,RNA,C5vsC1_rna
ACZ81_RS12010,-0.9832463349543524,66.83923562628522,0.0020516988629833,0.011004566628729,RNA,C5vsC1_rna
ACZ81_RS12015,0.6031158125922671,322.05604298393234,0.0209247073136545,0.0659465245423268,RNA,C5vsC1_rna
ACZ81_RS12020,0.6278729400367563,22.26236292373072,0.3242642688131134,0.4909238665955514,RNA,C5vsC1_rna
ACZ81_RS12025,0.4309128462510371,6.065978192886738,0.704470425205189,0.819940628350223,RNA,C5vsC1_rna
ACZ81_RS12030,1.10554423638353,16.745640967946535,0.2060491030112496,0.3598907275930054,RNA,C5vsC1_rna
ACZ81_RS12050,-0.9994228817975116,3.7684973918415934,0.5226039075789501,0.6811848204050514,RNA,C5vsC1_rna
ACZ81_RS12055,-0.8119730372457405,77.05630519528965,0.0157981523084929,0.0529066669963887,RNA,C5vsC1_rna
ACZ81_RS12065,0.2124208808042128,231.0875484577326,0.4945299173911922,0.6581464215352135,RNA,C5vsC1_rna
ACZ81_RS12070,-0.2559391034816641,251.8553053771957,0.3482957029194125,0.5158222074982219,RNA,C5vsC1_rna
ACZ81_RS12075,-0.9786723192658628,369.8965317440506,0.0354396280412776,0.0965266718951838,RNA,C5vsC1_rna
ACZ81_RS12080,-0.229396123266907,392.2546444531568,0.6584063245950591,0.7889863125075798,RNA,C5vsC1_rna
ACZ81_RS12085,-0.5345458731910496,56.25872128820112,0.2998692726172403,0.4620105690247189,RNA,C5vsC1_rna
ACZ81_RS12090,-0.3740348124001796,443.0485698327038,0.1549950202718251,0.2961142958716963,RNA,C5vsC1_rna
ACZ81_RS12100,0.001950306801081,72.77860435546721,0.9970083966430512,0.999249984344722,RNA,C5vsC1_rna
ACZ81_RS12105,-2.4099831414810096,42.59459854405952,6.679583069051814e-05,0.0006993069761940119,RNA,C5vsC1_rna
ACZ81_RS12110,0.5656929046374249,169.61167761726236,0.1101058305922371,0.2277033981113688,RNA,C5vsC1_rna
ACZ81_RS12115,0.1852926409777534,359.42290398774406,0.4857630018840183,0.6500604281383194,RNA,C5vsC1_rna
ACZ81_RS12120,0.1735844583240228,500.39353785433,0.3990660498474378,0.5673469142409356,RNA,C5vsC1_rna
ACZ81_RS12125,0.9668445084138292,1854.8416358649283,0.0010848215463472,0.0066346098230872,RNA,C5vsC1_rna
ACZ81_RS12130,-1.1453772903567698,2064.271882821801,0.0006875394179182234,0.0046050219443871,RNA,C5vsC1_rna
ACZ81_RS12135,0.1659761964134324,187.55771070748168,0.5933771429237598,0.7386363419579867,RNA,C5vsC1_rna
ACZ81_RS12140,0.2431829578140472,424.2969477698829,0.544482916125657,0.6991809430006819,RNA,C5vsC1_rna
ACZ81_RS12145,-1.9014708945534036,2647.9338087923966,8.927990334125276e-05,0.0008871321592112438,RNA,C5vsC1_rna
ACZ81_RS12150,-1.6440935277783533,781.8735084975677,0.00015219876613507095,0.0013721830331098,RNA,C5vsC1_rna
ACZ81_RS12155,-1.7197643642458815,52.9116134528998,0.0004208290934280524,0.0031093302446286,RNA,C5vsC1_rna
ACZ81_RS12160,-0.554947395281181,22.256806081236885,0.3237711565326051,0.4903623556092155,RNA,C5vsC1_rna
ACZ81_RS12165,-0.8593798706884926,91.0767627236404,0.0550372714682006,0.1363021809447042,RNA,C5vsC1_rna
ACZ81_RS12170,0.6179605586949689,2312.7004240601195,0.0487969666522649,0.1242217196756895,RNA,C5vsC1_rna
ACZ81_RS12175,0.4450475841282519,807.9055121236546,0.1433100379585777,0.2803314833202408,RNA,C5vsC1_rna
ACZ81_RS12180,0.9482416616931468,438.209537210063,0.0664156920128989,0.1543799283637026,RNA,C5vsC1_rna
ACZ81_RS12185,0.7321076131906549,338.49068865370174,0.0307531796533326,0.0869497933538903,RNA,C5vsC1_rna
ACZ81_RS12190,0.416378177017495,636.7393936327255,0.2444286972424127,0.4030612138662392,RNA,C5vsC1_rna
ACZ81_RS12195,-1.1482992800647445,157.8422697913615,0.0006702051058684892,0.0045039579308951,RNA,C5vsC1_rna
ACZ81_RS12200,-1.288550464683008,76.10908131656272,5.2565411076035725e-06,7.958204876870012e-05,RNA,C5vsC1_rna
ACZ81_RS12205,-1.2839226718437786,1477.5424285002237,0.0258832713586857,0.0768643113923371,RNA,C5vsC1_rna
ACZ81_RS12210,-0.7739967269766104,1160.2962915874402,0.0284561230853999,0.0822521367569341,RNA,C5vsC1_rna
ACZ81_RS12215,-0.381449767754743,508.23264456888313,0.074754447232356,0.1697053680998492,RNA,C5vsC1_rna
ACZ81_RS12220,-0.4830512167304706,643.4136706929901,0.2383069531584634,0.39704630235538,RNA,C5vsC1_rna
ACZ81_RS12225,-1.2631796563515958,1982.4885146042632,0.0036259340418164,0.0172975593053121,RNA,C5vsC1_rna
ACZ81_RS12230,-0.3146135698534276,187.4071947427756,0.3268357046142781,0.4935133033167045,RNA,C5vsC1_rna
ACZ81_RS12235,-0.980935934874007,195.5451155824337,0.0118770046286214,0.0430836732097912,RNA,C5vsC1_rna
ACZ81_RS12240,-1.127552940535242,588.8247127134579,0.0316807475249789,0.0890078144749407,RNA,C5vsC1_rna
ACZ81_RS12245,0.6440949368570739,590.909763741379,0.0062659255238873,0.0264619928440379,RNA,C5vsC1_rna
ACZ81_RS12250,0.1936685875110642,119.81161932831624,0.5578399472528204,0.708469094136852,RNA,C5vsC1_rna
ACZ81_RS12255,-0.3887276901518531,315.5584112751442,0.1764136848527901,0.3233310660709885,RNA,C5vsC1_rna
ACZ81_RS12260,-0.664104195852412,2174.995212687092,0.0900364448462875,0.1948618716178829,RNA,C5vsC1_rna
ACZ81_RS12265,1.2732335037551197,872.2417487492818,0.0079901612057388,0.0319606448229554,RNA,C5vsC1_rna
ACZ81_RS12270,1.355687890312895,235.67124364879203,0.0022615234674774,0.0117915713739372,RNA,C5vsC1_rna
ACZ81_RS12275,-0.0383891892196687,350.5015904221109,0.9064071636727824,0.9492314123349526,RNA,C5vsC1_rna
ACZ81_RS12280,1.1742657360515336,571.7732302182976,1.0748534060034262e-05,0.0001492149434216521,RNA,C5vsC1_rna
ACZ81_RS12285,0.8152060690655477,1529.2502261044774,0.0003607767651265348,0.0027258688920671,RNA,C5vsC1_rna
ACZ81_RS12290,0.2583727667327618,379.3787924355312,0.3644829672158181,0.5313610699381767,RNA,C5vsC1_rna
ACZ81_RS12295,1.5214049252103743,589.4057834354716,0.000900244198467217,0.0057420981307638,RNA,C5vsC1_rna
ACZ81_RS12300,-0.7060164920292257,1880.7337573836007,0.0023304184571032,0.0120796367569743,RNA,C5vsC1_rna
ACZ81_RS12305,0.3761469429922691,859.9791112852805,0.3582851878754929,0.5249964111601452,RNA,C5vsC1_rna
ACZ81_RS12310,-0.128425715677198,1326.2722029848203,0.5274762280302394,0.6849530326286697,RNA,C5vsC1_rna
ACZ81_RS12315,-1.246651214833874,398.1886937902201,0.0003234040058648725,0.0024903970662761,RNA,C5vsC1_rna
ACZ81_RS12320,-1.8498477007679328,99.77265440134931,1.0210720919417894e-08,3.225623018008236e-07,RNA,C5vsC1_rna
ACZ81_RS12325,-1.5859455809078948,121.22476628445128,0.00025793674306411355,0.0020821774912942,RNA,C5vsC1_rna
ACZ81_RS12330,-1.0963360796860169,79.51065619666943,0.0107778169925415,0.0400375942352563,RNA,C5vsC1_rna
ACZ81_RS12335,0.4145007663230744,2156.6469501424426,0.1066903212643983,0.2220223478220501,RNA,C5vsC1_rna
ACZ81_RS12340,0.2622336990179711,413.1767821513126,0.4829112585442181,0.6471075381694733,RNA,C5vsC1_rna
ACZ81_RS12345,0.2342457421385104,142.9496845103413,0.4332815208089456,0.6017049018641364,RNA,C5vsC1_rna
ACZ81_RS12350,-0.4057180245964571,385.24531111784216,0.2164011397140589,0.3702351268796606,RNA,C5vsC1_rna
ACZ81_RS12355,-2.655042835248477,461.33165222199136,1.2590242016952775e-09,5.2404919019540325e-08,RNA,C5vsC1_rna
ACZ81_RS12360,-3.0329717390528117,1289.782283027215,3.6635696635062823e-14,3.4995813071398097e-12,RNA,C5vsC1_rna
ACZ81_RS12365,-3.051478773193369,688.5019819416516,3.58997725387216e-11,2.2861886892912862e-09,RNA,C5vsC1_rna
ACZ81_RS12370,0.4098985250456328,81.05789840667396,0.2431876633423168,0.4018378393436069,RNA,C5vsC1_rna
ACZ81_RS12375,0.8962883590959619,52.50367039979686,0.0778689361636113,0.1748238231048733,RNA,C5vsC1_rna
ACZ81_RS12380,0.1340994094057309,201.70921706640056,0.764755609237665,0.8620959551170306,RNA,C5vsC1_rna
ACZ81_RS12385,-0.6942830283127928,25.34188940793041,0.2202988911609429,0.3753032489756701,RNA,C5vsC1_rna
ACZ81_RS12390,0.5854700246756124,68.54123067990837,0.1799018894084593,0.3271400780571467,RNA,C5vsC1_rna
ACZ81_RS12395,0.8730441702072841,48.1663124610692,0.0335427716819262,0.092681542691383,RNA,C5vsC1_rna
ACZ81_RS12400,0.3483631102644763,157.02091503328043,0.3181285898277778,0.4841926792067696,RNA,C5vsC1_rna
ACZ81_RS12405,0.9691502472612192,114.65312696186776,0.0022323292738098,0.0117073268582029,RNA,C5vsC1_rna
ACZ81_RS12410,-1.0562839392263623,67.49605028635146,0.0098874960189342,0.0373870587986907,RNA,C5vsC1_rna
ACZ81_RS12415,-0.6383525141627933,146.7610712589121,0.0991534059290247,0.2099226726054074,RNA,C5vsC1_rna
ACZ81_RS12420,-0.0565252136995626,103.12468399346544,0.8797058880919798,0.9319725437087464,RNA,C5vsC1_rna
ACZ81_RS12425,2.301814398863059,10.008448780446685,0.0626230944516995,0.1481390654128647,RNA,C5vsC1_rna
ACZ81_RS12430,0.6857965601651669,185.13385275680372,0.068227391585601,0.1577684697645136,RNA,C5vsC1_rna
ACZ81_RS12435,0.1254062964724276,436.983740298062,0.6761401127960491,0.800085312796799,RNA,C5vsC1_rna
ACZ81_RS12440,0.6177649047571026,925.5620476159074,0.2641411812259084,0.4230476722867643,RNA,C5vsC1_rna
ACZ81_RS12445,0.694069265061128,1634.0427112968248,0.0151340507972491,0.0511523267047713,RNA,C5vsC1_rna
ACZ81_RS12450,1.3559759193041143,66.3390347757447,0.0008083140336361018,0.0052560063256856,RNA,C5vsC1_rna
ACZ81_RS12455,1.1254898977251202,968.1907938303572,2.9096044036373486e-05,0.0003403304042971733,RNA,C5vsC1_rna
ACZ81_RS12460,1.0291930974015642,670.4099932284763,0.0005211054217305161,0.0037003096495271,RNA,C5vsC1_rna
ACZ81_RS12465,0.9235663976678798,279.3880928668668,0.000814291625962009,0.0052863074488019,RNA,C5vsC1_rna
ACZ81_RS12470,1.4940112329541286,132.5521487617172,1.723471429971045e-05,0.0002241916217189114,RNA,C5vsC1_rna
ACZ81_RS12475,1.1053997884869626,91.23530018617484,0.0123955727088819,0.0443631023265249,RNA,C5vsC1_rna
ACZ81_RS12480,-0.1596660661472592,46.557064618903134,0.7361649641730312,0.8417077773336841,RNA,C5vsC1_rna
ACZ81_RS12485,-0.3684686457979693,903.7001579805992,0.43673513045671,0.605034994265304,RNA,C5vsC1_rna
ACZ81_RS12490,-0.1364033431991849,483.1881779994091,0.7115875026279413,0.8241596595101907,RNA,C5vsC1_rna
ACZ81_RS12495,-0.708484430457187,207.40754458754145,0.0337913188589855,0.0932398701941196,RNA,C5vsC1_rna
ACZ81_RS12500,0.2900887128177089,2185.674129749468,0.2595363722592249,0.4182756215855053,RNA,C5vsC1_rna
ACZ81_RS12505,-0.5179686012495704,49.477662787140936,0.2094440014341914,0.3639191571043638,RNA,C5vsC1_rna
ACZ81_RS12510,0.640802554032623,337.86389650489394,0.0504027270831895,0.1268605652809012,RNA,C5vsC1_rna
ACZ81_RS12515,-0.1099170280531195,277.38582385736987,0.6032198803375095,0.7467195803499193,RNA,C5vsC1_rna
ACZ81_RS12520,1.0935473454358342,1001.647039413951,0.0194115204636204,0.0625032264045307,RNA,C5vsC1_rna
ACZ81_RS12525,-2.701527055408254,4448.940328776636,7.516381219553873e-15,8.376589292458373e-13,RNA,C5vsC1_rna
ACZ81_RS12530,-1.4355455200386291,695.5356939427788,0.001818434445247,0.0098588635058531,RNA,C5vsC1_rna
ACZ81_RS12535,-1.791908446898419,5583.006042180922,0.0007091505002156301,0.004726099346952,RNA,C5vsC1_rna
ACZ81_RS12540,-2.69857324603666,4028.3629838050183,5.91628189257136e-10,2.697286699204125e-08,RNA,C5vsC1_rna
ACZ81_RS12545,0.9002931151901666,462.3748512736294,0.0014753441751372,0.0084181823142864,RNA,C5vsC1_rna
ACZ81_RS12550,0.0424623386942225,2392.404786926916,0.9056024019585835,0.9488978195981538,RNA,C5vsC1_rna
ACZ81_RS12555,0.0606158481574679,1142.7205373896456,0.7768156628740973,0.8692708824362843,RNA,C5vsC1_rna
ACZ81_RS12560,0.5477979155736765,159.13273110879337,0.0653056205703594,0.1524883533551841,RNA,C5vsC1_rna
ACZ81_RS12565,0.7336112551522818,103.9073023898177,0.0241406873260815,0.0730961792847088,RNA,C5vsC1_rna
ACZ81_RS12570,-0.8917423528066125,294.9824931673203,0.0428272716726372,0.1120828531967519,RNA,C5vsC1_rna
ACZ81_RS12575,0.5489934919338327,210.57120363487903,0.025029890920371,0.0751083936967305,RNA,C5vsC1_rna
ACZ81_RS12580,0.3859962063689049,266.5626793982273,0.2439461660483018,0.4027621474015583,RNA,C5vsC1_rna
ACZ81_RS12585,0.7901731862944994,153.86094008444718,0.00814108240385,0.0323301026430426,RNA,C5vsC1_rna
ACZ81_RS12590,0.5965479831662194,500.3456578945856,0.0685690318294019,0.1582847846372615,RNA,C5vsC1_rna
ACZ81_RS12595,0.3750263075721744,3445.898154770091,0.1079868552136405,0.2241299860926673,RNA,C5vsC1_rna
ACZ81_RS12600,-0.1479324604295239,686.8964664440683,0.601033773921605,0.7451630101895794,RNA,C5vsC1_rna
ACZ81_RS12605,-1.6182616978155162,2666.598342859916,2.5030155188232866e-06,4.219369017444969e-05,RNA,C5vsC1_rna
ACZ81_RS12610,-0.7394673895789993,106.0467257863396,0.166532089258523,0.3114809986504402,RNA,C5vsC1_rna
ACZ81_RS12615,0.6487385949983011,177.92751648183693,0.0553690328910105,0.1369219564565978,RNA,C5vsC1_rna
ACZ81_RS12620,0.658364995939877,684.1677587139534,0.016133712045594,0.0538058626158963,RNA,C5vsC1_rna
ACZ81_RS12625,-0.2161950731143491,90.66389024695204,0.7724176574569774,0.8651422785364025,RNA,C5vsC1_rna
ACZ81_RS12630,-1.092481935851052,131.76022922724408,0.0024239829167529,0.0124679736692474,RNA,C5vsC1_rna
ACZ81_RS12635,0.8947450887299512,185.91085141259876,0.0045909787534999,0.0208457964810753,RNA,C5vsC1_rna
ACZ81_RS12640,-0.1095433427372289,127.57623800357972,0.7426907221181704,0.8459023692933637,RNA,C5vsC1_rna
ACZ81_RS12645,0.0284111919739932,42.75321138640816,0.9656317481828288,0.9877905593343982,RNA,C5vsC1_rna
ACZ81_RS12650,-0.80022105703284,299.6607794585736,0.2099993331680235,0.3644106075562762,RNA,C5vsC1_rna
ACZ81_RS12655,-0.7481846609046499,803.9914557573527,0.2633980719304665,0.422025984259198,RNA,C5vsC1_rna
ACZ81_RS12660,-0.6817538976563295,535.8682679421686,0.0238387684786529,0.0725653559456416,RNA,C5vsC1_rna
ACZ81_RS12665,0.2271376631628381,84.69638514402136,0.5576848869088953,0.708469094136852,RNA,C5vsC1_rna
ACZ81_RS12670,-1.336578815786872,147.68051916959766,0.0029330338148176,0.0146542112889768,RNA,C5vsC1_rna
ACZ81_RS12675,-1.983927659066184,541.4949210300924,7.011121188997219e-06,0.00010329119504431842,RNA,C5vsC1_rna
ACZ81_RS12680,-1.600556801845898,2181.182719274966,1.8542794313386184e-06,3.3510671524912326e-05,RNA,C5vsC1_rna
ACZ81_RS12685,-0.3026817730036976,37407.119651809386,0.6732782352111322,0.798460620652398,RNA,C5vsC1_rna
ACZ81_RS12690,-0.3103672768712451,188.43647787723776,0.4367192109905214,0.605034994265304,RNA,C5vsC1_rna
ACZ81_RS12695,0.6529959928271564,182.1239584865028,0.0353215415753377,0.0962703972827819,RNA,C5vsC1_rna
ACZ81_RS12700,-1.5224347923574737,696.7433999694271,0.0055711466676963,0.0242920590765161,RNA,C5vsC1_rna
ACZ81_RS12705,0.5190880812952097,1210.3943244951845,0.1046431840627044,0.2193461099579781,RNA,C5vsC1_rna
ACZ81_RS12710,0.3938378225918144,667.8297192264203,0.5099902870197683,0.6706474354875422,RNA,C5vsC1_rna
ACZ81_RS12715,0.5516239318675442,420.7410227531081,0.279664191534233,0.4412161763410707,RNA,C5vsC1_rna
ACZ81_RS12720,0.8198402372500896,401.7154623676024,0.0596625887656008,0.1440230482115467,RNA,C5vsC1_rna
ACZ81_RS12725,1.0920409362361607,178.2006238763115,0.0041942665731136,0.0194536387183026,RNA,C5vsC1_rna
ACZ81_RS12730,0.7420513195010449,319.5386879876708,0.0342056150991317,0.0941886944253372,RNA,C5vsC1_rna
ACZ81_RS12735,0.5290819998967176,291.3664552954796,0.1295416189668917,0.257798102824985,RNA,C5vsC1_rna
ACZ81_RS12740,0.8138698040146558,214.5442216292257,0.0306289841524142,0.0867571190355749,RNA,C5vsC1_rna
ACZ81_RS12745,-1.2171582571467583,514.9017149399886,0.0224986010507763,0.0695947474292326,RNA,C5vsC1_rna
ACZ81_RS12750,-0.1582300403395576,137.3819400135302,0.4635092099271034,0.6291086969490597,RNA,C5vsC1_rna
ACZ81_RS12755,-0.1620889556553509,242.10088551817296,0.6623765718749528,0.7904386693522638,RNA,C5vsC1_rna
ACZ81_RS12760,-0.0485688634990476,614.0755146134866,0.8027645043461549,0.8818979166037166,RNA,C5vsC1_rna
ACZ81_RS12765,-1.3404135188214374,2875.18279535109,0.00010305871527153903,0.0009893046215947662,RNA,C5vsC1_rna
ACZ81_RS12770,0.7667678317134661,4228.56176922048,0.1901766773676506,0.3404680185627016,RNA,C5vsC1_rna
ACZ81_RS12775,-0.0712187124427676,460.2841074974988,0.8696322915726686,0.9284099930254248,RNA,C5vsC1_rna
ACZ81_RS12780,1.0837189737267925,2015.484955900069,0.0005238143682374931,0.003712973931747,RNA,C5vsC1_rna
ACZ81_RS12785,0.9546557440608447,1309.6689091032176,0.0795992542731999,0.1780112642943579,RNA,C5vsC1_rna
ACZ81_RS12790,0.2477069208331009,370.4660617256527,0.4206197888702067,0.5899620302925869,RNA,C5vsC1_rna
ACZ81_RS12795,-0.3881745535209377,317.67694108647083,0.3014969319694631,0.4636280916295462,RNA,C5vsC1_rna
ACZ81_RS12800,-2.250846057075924,199.14761113523784,2.5334091825635067e-10,1.3373733737427356e-08,RNA,C5vsC1_rna
ACZ81_RS12805,-0.0736846899546589,188.8865105836128,0.8701047158797636,0.9284202447100032,RNA,C5vsC1_rna
ACZ81_RS12810,-0.0264050914279998,263.0704269077892,0.9673909669548676,0.9880339889923522,RNA,C5vsC1_rna
ACZ81_RS12815,0.9284228405044772,2101.8119412738097,0.0001234676246913829,0.0011472030383687,RNA,C5vsC1_rna
ACZ81_RS12820,1.3322349939849318,1377.120423068931,6.268801965759897e-06,9.38449010695101e-05,RNA,C5vsC1_rna
ACZ81_RS12825,-0.405895304204931,202.49125391822207,0.2210494955699576,0.3761917567620133,RNA,C5vsC1_rna
ACZ81_RS12830,-0.6031190839407925,667.8691909357136,0.0200641024033232,0.0639882184754633,RNA,C5vsC1_rna
ACZ81_RS12835,-0.6238544124646718,197.190104124299,0.0859116610194254,0.1880401440316065,RNA,C5vsC1_rna
ACZ81_RS12845,-0.1321832388212474,164.8445267751096,0.7012753341127334,0.8179942843240184,RNA,C5vsC1_rna
ACZ81_RS12875,-2.054670869292233,4014.122414181684,2.1253733445687564e-05,0.0002648135980872624,RNA,C5vsC1_rna
ACZ81_RS12880,-1.4016740185484815,11057.292992235847,0.0679580517241306,0.1572362765381847,RNA,C5vsC1_rna
ACZ81_RS12885,-1.3327793121848632,1434.4714441004662,0.0003063376847257958,0.0023864597885823,RNA,C5vsC1_rna
ACZ81_RS12890,0.3767957902670622,702.2707591270189,0.0387476954963106,0.1031944360118766,RNA,C5vsC1_rna
ACZ81_RS12895,4.012260252071788,3217.5212688946763,1.2646845576782842e-38,1.0147828890810552e-35,RNA,C5vsC1_rna
ACZ81_RS12900,5.071424910556399,4022.410455384859,3.173551214175245e-77,6.366143735635541e-74,RNA,C5vsC1_rna
ACZ81_RS12905,-0.3493918955225896,208.40395513179047,0.1872733616339828,0.3366132760557958,RNA,C5vsC1_rna
ACZ81_RS12910,3.3569076476309623,1884.947447535844,2.809757932108241e-13,2.450597570351796e-11,RNA,C5vsC1_rna
ACZ81_RS12915,-0.6389547330013733,23.48864609516309,0.3066580099629319,0.4699434438392982,RNA,C5vsC1_rna
ACZ81_RS12920,-0.3358382696585062,3020.5104453627914,0.452720425251651,0.6190573776788085,RNA,C5vsC1_rna
ACZ81_RS12925,-0.2949563547553112,719.1831658580845,0.1687473415655204,0.313803958279711,RNA,C5vsC1_rna
ACZ81_RS12930,-0.9486503284193284,4936.201185786213,0.0022962486258867,0.0119333542578466,RNA,C5vsC1_rna
ACZ81_RS12935,-0.1750015513709304,2874.080170590885,0.4901122760733685,0.6544553769113153,RNA,C5vsC1_rna
ACZ81_RS12940,-0.9582120416242784,5452.943850576544,8.697027648679399e-05,0.0008723118731625436,RNA,C5vsC1_rna
ACZ81_RS12945,-1.3621591805164426,14473.39822429522,7.76266876347663e-08,2.035544253533872e-06,RNA,C5vsC1_rna
ACZ81_RS12950,-1.1199182718917546,3687.179381246861,0.0069636569125803,0.028831983006473,RNA,C5vsC1_rna
ACZ81_RS12955,-1.5684764765312813,220.6799685942483,2.57510407785683e-05,0.0003111842638663133,RNA,C5vsC1_rna
ACZ81_RS12960,-1.2792932722680508,907.4311573677026,0.0002447238175391916,0.0020037386856474,RNA,C5vsC1_rna
ACZ81_RS12965,-0.4779500045154035,682.4502094678983,0.0941118402625767,0.2017651024137003,RNA,C5vsC1_rna
ACZ81_RS12970,-0.7598808919718175,296.54975170273826,0.004925949661065,0.0220814637320593,RNA,C5vsC1_rna
ACZ81_RS12975,-2.4252478344121133,3582.875795095538,1.2559975104971357e-06,2.3995533391021465e-05,RNA,C5vsC1_rna
ACZ81_RS12980,-1.4872616434139925,906.6293369035418,9.55872295710014e-05,0.0009285616586897278,RNA,C5vsC1_rna
ACZ81_RS12985,-2.3160980841489773,2293.3665347029983,3.2963147562169513e-10,1.6954890771721038e-08,RNA,C5vsC1_rna
ACZ81_RS12990,0.2758396021083841,184.72721475035613,0.4976835203917844,0.6607234559271473,RNA,C5vsC1_rna
ACZ81_RS12995,1.133419504054152,298.8455064195311,0.0030369606692403,0.0150982480854924,RNA,C5vsC1_rna
ACZ81_RS13000,0.3798847312985725,839.0441237558838,0.0868017693876441,0.1893685148359045,RNA,C5vsC1_rna
ACZ81_RS13010,0.6867424321021972,97.03490510675358,0.1121591676135314,0.2308786970064074,RNA,C5vsC1_rna
ACZ81_RS13015,1.5629080638595962,640.1126738035331,2.987868175321073e-06,4.853168874246213e-05,RNA,C5vsC1_rna
ACZ81_RS13020,1.590308899647848,1931.6221779665896,2.7734098069777155e-05,0.00032726235722337044,RNA,C5vsC1_rna
ACZ81_RS13025,1.5194018525004782,1957.1099525622424,0.0009874233922481542,0.0061802537436811,RNA,C5vsC1_rna
ACZ81_RS13030,1.006351384293302,472.0673795331175,1.3899087282539273e-05,0.00018838898032955256,RNA,C5vsC1_rna
ACZ81_RS13035,0.7854094932880447,289.5036375210449,0.011962499226348,0.043315475538004,RNA,C5vsC1_rna
ACZ81_RS13040,0.978973254987658,492.639165810064,0.0022562107996288,0.0117863512084779,RNA,C5vsC1_rna
ACZ81_RS13045,0.744446124130627,374.7197160720763,0.058191405192086,0.1415790889209515,RNA,C5vsC1_rna
ACZ81_RS13050,0.7553944525133859,3323.077341018728,0.1506687342924927,0.2901982534716663,RNA,C5vsC1_rna
ACZ81_RS13055,0.2706076394206016,1590.6181549057449,0.0585985303289287,0.1423969131918002,RNA,C5vsC1_rna
ACZ81_RS13060,0.3379432029271438,2444.369206180732,0.4048466411094616,0.5737353317312469,RNA,C5vsC1_rna
ACZ81_RS13065,-0.2868756489983413,648.3934635519008,0.3700136541691112,0.5380553753267394,RNA,C5vsC1_rna
ACZ81_RS13070,0.0423398363946938,1684.5634654605285,0.7920288317065607,0.8763429875363269,RNA,C5vsC1_rna
ACZ81_RS13075,-0.3286265499994495,2259.88856127075,0.1847256472574586,0.333791696342907,RNA,C5vsC1_rna
ACZ81_RS13080,-0.3128570428327041,438.00746817073934,0.1774559990098026,0.3245002133214805,RNA,C5vsC1_rna
ACZ81_RS13085,-0.1435428617231589,204.9916521432471,0.7009306596017233,0.8179942843240184,RNA,C5vsC1_rna
ACZ81_RS13090,-0.6443531690482739,236.85991123178843,0.2021611913655814,0.3549543543801807,RNA,C5vsC1_rna
ACZ81_RS13095,-1.023409424333272,912.9255930324892,0.0050951454783002,0.0226125261713943,RNA,C5vsC1_rna
ACZ81_RS13100,-1.192260763253102,1528.2527957298046,0.0039524742593705,0.0185682982770429,RNA,C5vsC1_rna
ACZ81_RS13105,0.1371461886202518,728.3219689951911,0.749492216593458,0.8506259612370448,RNA,C5vsC1_rna
ACZ81_RS13110,0.0607216423234023,727.173623160681,0.874116189691097,0.9299017801108876,RNA,C5vsC1_rna
ACZ81_RS13115,0.1592783092754655,2721.629913654655,0.6917238242126753,0.8124327799049925,RNA,C5vsC1_rna
ACZ81_RS13120,-1.037261486914166,1171.4912547917954,0.0078277254854793,0.0315309584816699,RNA,C5vsC1_rna
ACZ81_RS13125,-1.5451859476562502,3278.983335949588,2.475889102616861e-06,4.209011474448664e-05,RNA,C5vsC1_rna
ACZ81_RS13130,-1.17650726979159,49279.01226582527,0.0040144504618657,0.0187934367012898,RNA,C5vsC1_rna
ACZ81_RS13135,-0.5805709869611158,7606.934400541477,0.1718464925781339,0.3175716850407523,RNA,C5vsC1_rna
ACZ81_RS13140,1.0367680938628516,1150.2846131814597,1.714735457568143e-05,0.00022408855556232545,RNA,C5vsC1_rna
ACZ81_RS13145,-0.0498769257189016,494.7667505193404,0.8923416958231485,0.9408869602214118,RNA,C5vsC1_rna
ACZ81_RS13150,-0.4642800658606228,363.6982276738982,0.0236628608565671,0.0722491611541457,RNA,C5vsC1_rna
ACZ81_RS13155,-0.590908239093892,580.5826918189173,0.1163644903974268,0.2377058734595093,RNA,C5vsC1_rna
ACZ81_RS13160,-0.1748602333693496,407.7619730534193,0.6560408935484994,0.7868568206028638,RNA,C5vsC1_rna
ACZ81_RS13165,-0.1800774750675063,2963.042284473703,0.5806907947350893,0.7275863424350963,RNA,C5vsC1_rna
ACZ81_RS13175,-0.0377657906370301,1156.2736383222752,0.9053848469518104,0.9488978195981538,RNA,C5vsC1_rna
ACZ81_RS13180,0.3694706728307553,1280.022605050931,0.312053194136727,0.4767545372721054,RNA,C5vsC1_rna
ACZ81_RS13185,-1.1777649662418157,584.209748068758,0.07332598964054,0.1673400855732917,RNA,C5vsC1_rna
ACZ81_RS13190,-0.7148531777713962,29.75721904749389,0.1785294647699244,0.3258690685427374,RNA,C5vsC1_rna
ACZ81_RS13195,-0.4313126297205412,9.444161963254189,0.6259737510590124,0.7633921689561919,RNA,C5vsC1_rna
ACZ81_RS13200,1.7903371187781478,10.159675958204549,0.1575903885349349,0.2994196269892324,RNA,C5vsC1_rna
ACZ81_RS13205,-0.2064312695724522,11.287518872452704,0.7849192054739527,0.8730512482288599,RNA,C5vsC1_rna
ACZ81_RS13210,3.3033929551077548,2.806920603093872,0.0788610975843138,0.1767545941386967,RNA,C5vsC1_rna
ACZ81_RS13215,-0.8005862610871568,154.61360857690136,0.0270637034700607,0.0793710367850027,RNA,C5vsC1_rna
ACZ81_RS13220,-0.8650713853040939,990.2801786613372,0.0664056266173645,0.1543799283637026,RNA,C5vsC1_rna
ACZ81_RS13225,-1.4011992891771017,164.45154403265778,0.0400381014600092,0.1061684488153053,RNA,C5vsC1_rna
ACZ81_RS13230,-0.9468716689363506,439.3875898967788,0.1293535982237378,0.2575516804335663,RNA,C5vsC1_rna
ACZ81_RS13235,-1.2624827959206488,1586.893574959081,0.0647863809888493,0.1514702567175195,RNA,C5vsC1_rna
ACZ81_RS13240,0.2206064385188344,1492.6183603763857,0.2291320586972592,0.3857649263505683,RNA,C5vsC1_rna
ACZ81_RS13245,0.1979512758444109,691.856273265895,0.3815297713009664,0.5494247819308964,RNA,C5vsC1_rna
ACZ81_RS13250,0.4132084218060663,323.24808965340804,0.1340932680227358,0.2646247866734954,RNA,C5vsC1_rna
ACZ81_RS13255,0.4969085490305652,3335.309359896719,0.1236951051216958,0.2483056538332909,RNA,C5vsC1_rna
ACZ81_RS13260,1.1639188522497632,820.6104940569676,0.0016239467902272,0.0090489923922105,RNA,C5vsC1_rna
ACZ81_RS13265,0.6910347933471178,379.0607038542595,0.0214012386410256,0.0668705369375349,RNA,C5vsC1_rna
ACZ81_RS13270,1.0240775355589753,6349.508327717521,0.0577031692178167,0.1409606818940439,RNA,C5vsC1_rna
ACZ81_RS13275,0.0910468542919667,112.49277146095996,0.8073102643106294,0.8849532186924167,RNA,C5vsC1_rna
ACZ81_RS13280,0.2561545209769585,235.32965560182956,0.3406697269183193,0.5075257870019669,RNA,C5vsC1_rna
ACZ81_RS13285,0.1295136046372883,302.69007306341655,0.6060626463101731,0.7490829750451061,RNA,C5vsC1_rna
ACZ81_RS13290,0.1788124997503704,401.5361222725029,0.6019289873612974,0.7458119509862646,RNA,C5vsC1_rna
ACZ81_RS13295,-1.1473197811795848,147.58331956879255,0.0005363567135601043,0.0037685869261,RNA,C5vsC1_rna
ACZ81_RS13300,-0.4031408814610289,52.285969420481,0.3842615111277436,0.5525652984388916,RNA,C5vsC1_rna
ACZ81_RS13305,0.4687511092452301,51.17367133539705,0.356775539446407,0.5235491822454224,RNA,C5vsC1_rna
ACZ81_RS13310,0.0991021238213853,49.21778123459126,0.8137105885415499,0.8900236862673658,RNA,C5vsC1_rna
ACZ81_RS13315,0.0117662884957811,2752.280194821051,0.964066060547431,0.987195772056226,RNA,C5vsC1_rna
ACZ81_RS13320,0.2550154017891565,3635.519059822669,0.6521465312058237,0.7833568512568158,RNA,C5vsC1_rna
ACZ81_RS13325,0.7947232910565044,3532.370265129417,0.0212741762932559,0.0665840954401692,RNA,C5vsC1_rna
ACZ81_RS13330,-0.5745264274353695,12691.527695387998,0.0199220853505584,0.0637887331792885,RNA,C5vsC1_rna
ACZ81_RS13335,-0.5855641696331025,3991.353862010037,0.03338923301996,0.0923845537076411,RNA,C5vsC1_rna
ACZ81_RS13340,0.8094011740904838,8343.132812045822,0.0358230000751887,0.0971750346867187,RNA,C5vsC1_rna
ACZ81_RS13385,0.5274062811888767,793.4940621343796,0.0887337134525775,0.1927448069148571,RNA,C5vsC1_rna
ACZ81_RS13390,0.5481591510810501,72.62670275196196,0.1928770263602341,0.3437606693406858,RNA,C5vsC1_rna
ACZ81_RS13395,0.4786134496540818,52.84123181623384,0.1881045031479531,0.3375112999237871,RNA,C5vsC1_rna
ACZ81_RS13400,0.2934078843605774,1848.0290891805205,0.2793916084446708,0.441133070869744,RNA,C5vsC1_rna
ACZ81_RS13405,-0.3195274028420181,664.0132830443712,0.2848344421222122,0.4460405081164384,RNA,C5vsC1_rna
ACZ81_RS13410,-0.1426297272494543,229.4815626783285,0.6219572367265245,0.7605280200386516,RNA,C5vsC1_rna
ACZ81_RS13415,0.0983324600647185,82.37199928598504,0.8187858023951422,0.8921696467162711,RNA,C5vsC1_rna
ACZ81_RS13420,0.7616547080831186,179.5554687221082,0.1013356585952969,0.2136409155461542,RNA,C5vsC1_rna
ACZ81_RS13425,0.6260358449819166,791.6973095660078,0.2205594189868549,0.3755876014326239,RNA,C5vsC1_rna
ACZ81_RS13430,1.535806832111921,2104.1666366894246,0.0058628942985227,0.0251823297886486,RNA,C5vsC1_rna
ACZ81_RS13435,-0.3768702037079686,698.4180463011677,0.2979727361508592,0.4600445879736053,RNA,C5vsC1_rna
ACZ81_RS13440,-1.4694965244327811,1565.3816258753525,6.671982157472984e-08,1.7954182445657302e-06,RNA,C5vsC1_rna
ACZ81_RS13445,-0.0003808969983504947,117.92818879795216,0.9992978583968988,1.0,RNA,C5vsC1_rna
ACZ81_RS13450,-0.0043156339737033,402.028165074545,0.9939211019203628,0.9982856014015672,RNA,C5vsC1_rna
ACZ81_RS13455,0.8151909560214182,4436.576173560398,1.2637284713622722e-08,3.900060482388797e-07,RNA,C5vsC1_rna
ACZ81_RS13460,-0.2560249234995518,2443.4917229514112,0.3971706897445129,0.5650527685301368,RNA,C5vsC1_rna
ACZ81_RS13465,-0.0378470553020988,604.7153185480512,0.8946002037609769,0.9419834881854798,RNA,C5vsC1_rna
ACZ81_RS13470,0.9430379988468024,921.7522171184992,0.0044421185164097,0.020391052045579,RNA,C5vsC1_rna
ACZ81_RS13475,0.7835773078550194,878.311338393429,0.0024054829335254,0.0124046240736557,RNA,C5vsC1_rna
ACZ81_RS13480,0.206471418527543,665.1195549396052,0.5184415607200129,0.6768589461792033,RNA,C5vsC1_rna
ACZ81_RS13485,0.3733839995697325,737.2354327333555,0.1919702815199193,0.3429139668111826,RNA,C5vsC1_rna
ACZ81_RS13490,0.5104175781349384,4002.1717324009214,0.0977735823282748,0.2076926868149531,RNA,C5vsC1_rna
ACZ81_RS13495,1.5225939921758644,2872.6230111491413,0.0114539149734919,0.0418135640342581,RNA,C5vsC1_rna
ACZ81_RS13500,-0.5813058309133123,386.4690140336551,0.0631550216956719,0.148641922316694,RNA,C5vsC1_rna
ACZ81_RS13505,-1.3923510370724672,520.5978969038765,0.00017418856816763111,0.0015061304644149,RNA,C5vsC1_rna
ACZ81_RS13510,-1.5102123303507935,402.7745249812591,2.9389337434701043e-05,0.0003427616912442459,RNA,C5vsC1_rna
ACZ81_RS13515,-0.8827981284502703,1985.7076572512135,0.0056443691910826,0.024481307237431,RNA,C5vsC1_rna
ACZ81_RS13520,-0.7346951165903449,2172.425494865608,0.129089952983958,0.2571543651299103,RNA,C5vsC1_rna
ACZ81_RS13525,-0.7207665318175546,2221.2195954296694,0.1711791154355552,0.3166300650656743,RNA,C5vsC1_rna
ACZ81_RS13530,-0.8937494940602075,5331.21137051857,0.0854085830282264,0.1871432196118212,RNA,C5vsC1_rna
ACZ81_RS13535,-1.431194138880718,4227.267312616531,0.0022630882248084,0.0117915713739372,RNA,C5vsC1_rna
ACZ81_RS13540,-1.4828021759157477,3976.0488035143726,0.0041268663767539,0.0192299511074758,RNA,C5vsC1_rna
ACZ81_RS13545,-0.2160481293225661,440.7399695964183,0.5416303449414359,0.6967043744485543,RNA,C5vsC1_rna
ACZ81_RS13550,-0.1980468869123395,417.108493245916,0.33098918912502,0.4979109961640721,RNA,C5vsC1_rna
ACZ81_RS13555,-0.2481738308180547,730.5020495925381,0.2427350845149699,0.4013282533427785,RNA,C5vsC1_rna
ACZ81_RS13560,-0.306267223548025,1135.7867756944463,0.2069237042548756,0.361103915385194,RNA,C5vsC1_rna
ACZ81_RS13565,1.4782698625774686,2576.291319389801,0.0069272702224815,0.0287704017935777,RNA,C5vsC1_rna
ACZ81_RS13570,-0.1343952148181464,78.11805910782164,0.7115062185192133,0.8241596595101907,RNA,C5vsC1_rna
ACZ81_RS13575,-0.1253707585032896,96.4077931965554,0.7122205856706291,0.8244573863498382,RNA,C5vsC1_rna
ACZ81_RS13580,0.2073395798730429,482.4425271277425,0.6631527376872298,0.7909267334360284,RNA,C5vsC1_rna
ACZ81_RS13585,-0.1203563647626069,1341.1865667700013,0.6877124795080207,0.8098334217159316,RNA,C5vsC1_rna
ACZ81_RS13590,-0.5479334772498091,669.7654762298422,0.1077016070643824,0.2237694705035228,RNA,C5vsC1_rna
ACZ81_RS13595,0.187375894755425,2526.3234458776765,0.4981394273297208,0.6609215575436183,RNA,C5vsC1_rna
ACZ81_RS13600,-2.342098117714887,2120.931102313933,8.136150862525437e-09,2.675593218069841e-07,RNA,C5vsC1_rna
ACZ81_RS13605,-2.804778055698046,118.45935399991976,1.3148781668956964e-08,3.969807113946082e-07,RNA,C5vsC1_rna
ACZ81_RS13610,-3.450268192028519,8375.252310833854,1.2392587134698992e-10,7.002684448508782e-09,RNA,C5vsC1_rna
ACZ81_RS13615,-3.198934854633422,12163.094633820778,1.206027196955023e-09,5.09324327808795e-08,RNA,C5vsC1_rna
ACZ81_RS13620,-1.7037573093616862,1434.6628308373868,7.891740425999724e-05,0.0008056402694430252,RNA,C5vsC1_rna
ACZ81_RS13625,-1.2445792184937243,413.7255676244627,0.0016436373778485,0.0091081120993486,RNA,C5vsC1_rna
ACZ81_RS13630,-1.0707252300220451,322.32772605613167,0.0007689610196452525,0.0050657990325398,RNA,C5vsC1_rna
ACZ81_RS13635,-0.4057284267285666,613.4574804135963,0.21614296979771,0.3702351268796606,RNA,C5vsC1_rna
ACZ81_RS13640,-0.5343791389359107,420.4843904949077,0.1642049514170089,0.3085668688922902,RNA,C5vsC1_rna
ACZ81_RS13645,-0.7069711092723907,78.05789208937726,0.1097749931252561,0.2271362931503494,RNA,C5vsC1_rna
ACZ81_RS13650,0.3601399606699645,495.3183210675194,0.1289791655510397,0.2570802018070338,RNA,C5vsC1_rna
ACZ81_RS13655,-1.2379315333335852,331.3626485947772,0.0006237245487630923,0.0042636395578529,RNA,C5vsC1_rna
ACZ81_RS13660,0.0257394343944849,67.5401301826082,0.9543209706521216,0.9802624547508604,RNA,C5vsC1_rna
ACZ81_RS13665,-0.5589166808030298,44.57244895176201,0.1971039011030103,0.3494391742047182,RNA,C5vsC1_rna
ACZ81_RS13670,0.4468285813542539,191.5354675172178,0.0891243145834996,0.193488501141234,RNA,C5vsC1_rna
ACZ81_RS13675,0.8531324925367866,1342.8978156155326,4.434379840005447e-08,1.2185432820617709e-06,RNA,C5vsC1_rna
ACZ81_RS13680,-1.8902828406826575,3221.820398533839,2.311212032763423e-07,5.454460397321679e-06,RNA,C5vsC1_rna
ACZ81_RS13685,1.2598716136702,7495.015585048509,0.2452745880628329,0.4040070344500575,RNA,C5vsC1_rna
ACZ81_RS13690,-2.6249498450718907,1704.3295382360916,2.2453409532812023e-22,5.0046155025356584e-20,RNA,C5vsC1_rna
ACZ81_RS13695,0.3966003661984721,3362.246641206464,0.5771373636213537,0.7244915841204227,RNA,C5vsC1_rna
ACZ81_RS13700,-1.5297264826532109,5719.790041369103,0.00017216799149049136,0.001491874690842,RNA,C5vsC1_rna
ACZ81_RS13705,-0.1571304383685695,411.7795283644046,0.546877751424308,0.7003107369021141,RNA,C5vsC1_rna
ACZ81_RS13710,-0.295755197458567,124.94358310478913,0.3901867359805002,0.5584834765443336,RNA,C5vsC1_rna
ACZ81_RS13715,0.4637577103283458,202.91670275995696,0.2588734030472639,0.4174437672932568,RNA,C5vsC1_rna
ACZ81_RS13720,-0.6111426598296706,6256.914039576238,0.0284060448040957,0.0822521367569341,RNA,C5vsC1_rna
ACZ81_RS13725,-0.5256598166955934,854.1233693198725,0.1004044532848341,0.2122353353944966,RNA,C5vsC1_rna
ACZ81_RS13730,-0.4084379623232789,539.0817650566187,0.0255736796420507,0.0761139486082399,RNA,C5vsC1_rna
ACZ81_RS13735,0.2917252144686397,127.80193630813964,0.3208680127626524,0.487238387336547,RNA,C5vsC1_rna
ACZ81_RS13740,-0.4340228832667386,2964.90784897518,0.3497672009115256,0.517619332370727,RNA,C5vsC1_rna
ACZ81_RS13745,-1.712456105559743,34482.32940348589,0.0008062009565612075,0.0052507763599408,RNA,C5vsC1_rna
ACZ81_RS13750,0.0367310048264583,1204.398038510354,0.8566184363654219,0.9201481035336204,RNA,C5vsC1_rna
ACZ81_RS13755,-0.1661919665569841,309.39145478695065,0.5869838322782577,0.7330426663793682,RNA,C5vsC1_rna
ACZ81_RS13760,0.1978759288765918,340.8208929530756,0.5043631920044866,0.6659501581774039,RNA,C5vsC1_rna
ACZ81_RS13765,0.0384451950273027,1170.798169511548,0.9003731128140678,0.9456274682225236,RNA,C5vsC1_rna
ACZ81_RS13770,0.4528662418289158,601.7141324411522,0.0294157547511601,0.0842369793445071,RNA,C5vsC1_rna
ACZ81_RS13775,0.243830814848973,225.26507757086927,0.3415298143032385,0.5082040726737581,RNA,C5vsC1_rna
ACZ81_RS13780,0.4991227058014007,588.291062898132,0.0242052214124207,0.0731811215573716,RNA,C5vsC1_rna
ACZ81_RS13785,1.043962943403497,167.5971761401504,0.006006387179758,0.0256085285496167,RNA,C5vsC1_rna
ACZ81_RS13790,0.8805034360278526,217.7666094062264,0.0013808713695428,0.008005861177176,RNA,C5vsC1_rna
ACZ81_RS13795,0.3914641436001542,79.35930934944025,0.2959857341278119,0.4585383102652107,RNA,C5vsC1_rna
ACZ81_RS13800,0.5368351565403989,1346.04817349103,0.0078119214459626,0.0314989234584945,RNA,C5vsC1_rna
ACZ81_RS13805,0.5351395368757307,750.7600716184728,0.0042421959789825,0.0196305539419586,RNA,C5vsC1_rna
ACZ81_RS13810,0.7996795701131137,253.64611296803224,0.0056163836122546,0.0244127096992044,RNA,C5vsC1_rna
ACZ81_RS13815,1.0830074110226742,377.75538895705785,0.0008772867879957927,0.0056224833761008,RNA,C5vsC1_rna
ACZ81_RS13820,0.0583841021919902,186.0748114822971,0.8485233847563625,0.9144437735670524,RNA,C5vsC1_rna
ACZ81_RS13825,0.1966120452586223,341.03795324866815,0.3325936824820379,0.4990149043073808,RNA,C5vsC1_rna
ACZ81_RS13830,-0.1399235894489559,218.52549088368187,0.7114789949681879,0.8241596595101907,RNA,C5vsC1_rna
ACZ81_RS13835,0.0538252841482589,77.6931074758324,0.878691294912781,0.9311435486503108,RNA,C5vsC1_rna
ACZ81_RS13840,0.6065510474464494,308.9880722925463,0.0447075044133898,0.1157203275525936,RNA,C5vsC1_rna
ACZ81_RS13845,0.3981725836774293,850.8309371802101,0.0608429407463765,0.145993946336401,RNA,C5vsC1_rna
ACZ81_RS13850,0.0944138067866569,206.9538917334206,0.7460922911788427,0.847966649351138,RNA,C5vsC1_rna
ACZ81_RS13855,0.1327789120989772,97.43453857808493,0.7011795642651237,0.8179942843240184,RNA,C5vsC1_rna
ACZ81_RS13860,-0.0514388106011206,403.7025526198525,0.8666199594453209,0.9260875425563808,RNA,C5vsC1_rna
ACZ81_RS13865,1.214754969314063,179.52015050942344,9.585118217646508e-05,0.0009288766736521208,RNA,C5vsC1_rna
ACZ81_RS13870,1.1059448248436512,417.4664736958075,0.0063144453024283,0.0266108766316624,RNA,C5vsC1_rna
ACZ81_RS13875,0.3995231128345545,1378.9375482499256,0.0826684525546406,0.182534855062861,RNA,C5vsC1_rna
ACZ81_RS13880,0.4279390605390882,2627.095565044545,0.0556426178283609,0.1373773432168517,RNA,C5vsC1_rna
ACZ81_RS13885,0.8758068608248164,842.7907496674648,0.0004013709250827186,0.0029820373174664,RNA,C5vsC1_rna
ACZ81_RS13890,0.6675348228465585,384.37313727457,0.0284315856306232,0.0822521367569341,RNA,C5vsC1_rna
ACZ81_RS13895,0.7393202950319192,503.6248697647988,0.0126850236899897,0.0451573336683573,RNA,C5vsC1_rna
ACZ81_RS13900,0.1126472100777051,1106.8303393584342,0.5015170378996641,0.6638358152601294,RNA,C5vsC1_rna
ACZ81_RS13905,-0.6970553932485052,218.40022605346476,0.0632031224785017,0.148641922316694,RNA,C5vsC1_rna
ACZ81_RS13910,-0.0014443884922592,627.7213006641196,0.9957105076688464,0.998889653298658,RNA,C5vsC1_rna
ACZ81_RS13915,0.1391916555154613,412.1569958941381,0.5552792671789841,0.7071989212401026,RNA,C5vsC1_rna
ACZ81_RS13920,-1.8186150756107968,2678.9243432057565,4.674612199156876e-06,7.241136734755748e-05,RNA,C5vsC1_rna
ACZ81_RS13925,-0.1337376337067866,947.954748756198,0.6132161796340597,0.7538628838523946,RNA,C5vsC1_rna
ACZ81_RS13930,-1.8274247702279167,1277.071788356846,0.001812014314269,0.0098373497007408,RNA,C5vsC1_rna
ACZ81_RS13935,0.3044182797539844,276.86794816902994,0.2496644156101683,0.408870271594711,RNA,C5vsC1_rna
ACZ81_RS13940,-1.3147407644179612,30801.340107113672,0.0217578255777257,0.067773599548009,RNA,C5vsC1_rna
ACZ81_RS13945,-0.6046786980128547,110.76693927060394,0.1312053553367756,0.2602055786510844,RNA,C5vsC1_rna
ACZ81_RS13950,-0.6488179413199684,4848.142414288178,0.440187371436107,0.6077191101863941,RNA,C5vsC1_rna
ACZ81_RS13955,-1.2519110861221951,616.6394013193,1.6775132229183194e-05,0.00022066173935568188,RNA,C5vsC1_rna
ACZ81_RS13960,0.5371448123156234,108.22335091866096,0.112094021191852,0.2308630456990298,RNA,C5vsC1_rna
ACZ81_RS13965,-1.7000218864741787,14988.035910823502,0.0001053186044854454,0.0009989083716208204,RNA,C5vsC1_rna
ACZ81_RS13970,-0.7638307687143775,758.1942504429287,0.0228578416181021,0.0704344551242901,RNA,C5vsC1_rna
ACZ81_RS13975,-0.5620661949245506,658.662590427656,0.0181250662739069,0.0589284974804817,RNA,C5vsC1_rna
ACZ81_RS13980,-0.6188703611986962,658.6305077908389,0.008962884013405,0.0346093269122051,RNA,C5vsC1_rna
ACZ81_RS13985,1.212495022364945,961.546126564922,0.0459152965886218,0.1182363093155012,RNA,C5vsC1_rna
ACZ81_RS13990,-0.5999050784134555,322.0694288652896,0.2239826163012167,0.3794840610643925,RNA,C5vsC1_rna
ACZ81_RS13995,-0.0089326238448344,465.415839097701,0.98615267936401,0.995582423152594,RNA,C5vsC1_rna
ACZ81_RS14000,-0.6865284013744262,1461.7651194800417,0.1661727527763893,0.3112935563218656,RNA,C5vsC1_rna
ACZ81_RS14005,-0.0960762195855187,214.644264355324,0.7835351908686581,0.8720462305993372,RNA,C5vsC1_rna
ACZ81_RS14010,1.3194804847600916,346.6531752040036,0.00021511379321314332,0.0017979927882731,RNA,C5vsC1_rna
ACZ81_RS14015,0.704140369002878,40.29031497248293,0.1781003581586481,0.3253651224930765,RNA,C5vsC1_rna
ACZ81_RS14020,0.9383374896197596,79.00275759797127,0.0441346116091009,0.1147088560448045,RNA,C5vsC1_rna
ACZ81_RS14025,0.5658006948859488,970.6216963141304,0.0790445386731489,0.1770668281165123,RNA,C5vsC1_rna
ACZ81_RS14035,-3.805139857568396,2.6678874657569374,0.0977804547810969,0.2076926868149531,RNA,C5vsC1_rna
ACZ81_RS14040,0.0950512808695674,203.0046894890916,0.7452951095797002,0.8477811113223015,RNA,C5vsC1_rna
ACZ81_RS14045,-1.338699646807858,248.00262709392047,0.0015164162246851,0.008602966396485,RNA,C5vsC1_rna
ACZ81_RS14050,-1.4478964826232694,1198.135119384995,8.892904864082071e-09,2.877285025378812e-07,RNA,C5vsC1_rna
ACZ81_RS14055,-1.0845988156124602,129.80247567609678,0.0073369721650026,0.0301298031376065,RNA,C5vsC1_rna
ACZ81_RS14060,-0.3446831189512735,123.082841534899,0.3061161093820147,0.4692922548110978,RNA,C5vsC1_rna
ACZ81_RS14065,-0.3196466242977969,23.17288399465773,0.6370861641438745,0.7712718367026337,RNA,C5vsC1_rna
ACZ81_RS14070,-0.3765163679256398,14.87623954264953,0.6907577929385535,0.8119895298181883,RNA,C5vsC1_rna
ACZ81_RS14075,-0.2804087902043672,385.8246513203701,0.2014110758446018,0.3542574468603869,RNA,C5vsC1_rna
ACZ81_RS14080,0.7192557449958441,160.70509263060364,0.0264452842085338,0.0782577788987938,RNA,C5vsC1_rna
ACZ81_RS14085,-1.3528164515150185,34.25014185033661,0.0134900521190511,0.0470626861753331,RNA,C5vsC1_rna
ACZ81_RS14090,-0.090966876518485,99.38589446465572,0.8735285345400764,0.9298665807544724,RNA,C5vsC1_rna
ACZ81_RS14095,0.2910001080303322,326.0245634922942,0.2741921381737829,0.4348058728668841,RNA,C5vsC1_rna
ACZ81_RS14100,3.3102505418080024,400.59176957437575,1.3258369189197406e-05,0.00018154463203774745,RNA,C5vsC1_rna
ACZ81_RS14105,0.8403157475191445,449.1093122013926,2.5254961203048053e-05,0.0003061114934943468,RNA,C5vsC1_rna
ACZ81_RS14110,0.4850530318276586,306.68114792284314,0.022080833804759,0.0684876447260189,RNA,C5vsC1_rna
ACZ81_RS14115,0.2494210447116981,250.13572131768825,0.5882806611782712,0.7341157115543465,RNA,C5vsC1_rna
ACZ81_RS14120,0.6702209554434981,265.6218868024687,0.0224599509130989,0.0695287986599947,RNA,C5vsC1_rna
ACZ81_RS14125,0.449034779089305,310.8779007615293,0.2648484539512165,0.4238420411855926,RNA,C5vsC1_rna
ACZ81_RS14130,-2.1937003891548947,972.4171179214268,7.365622166476799e-08,1.9441365876253238e-06,RNA,C5vsC1_rna
ACZ81_RS14135,-2.312185506030972,32.257338559456635,0.00010682204426922343,0.0010084000979014,RNA,C5vsC1_rna
ACZ81_RS14140,-0.1528763507532106,986.215240954018,0.5679193602343977,0.7178615227663527,RNA,C5vsC1_rna
ACZ81_RS14145,-3.008108375647619,506.8755644270209,1.1841294170560053e-17,2.0655335744472578e-15,RNA,C5vsC1_rna
ACZ81_RS14150,-1.6043178687857147,1378.7523962566995,3.520436495378353e-05,0.00039966548650943913,RNA,C5vsC1_rna
ACZ81_RS14155,-0.1408672727145931,535.2062529655302,0.7262837532525601,0.8353928950829331,RNA,C5vsC1_rna
ACZ81_RS14160,0.4692647006569044,305.9825839075061,0.0714920309249938,0.1639942984968983,RNA,C5vsC1_rna
ACZ81_RS14165,-0.009374247929871,971.1136627575214,0.9727255227939012,0.9896668419732336,RNA,C5vsC1_rna
ACZ81_RS14170,-0.3732102177969333,483.4346553539335,0.1636923314665875,0.3080364136228655,RNA,C5vsC1_rna
ACZ81_RS14175,0.3317182362091131,210.40359628121436,0.4912702198864311,0.6552447214708649,RNA,C5vsC1_rna
ACZ81_RS14180,0.5382199683250029,244.01768238981177,0.3966272951509738,0.5647439899723156,RNA,C5vsC1_rna
ACZ81_RS14185,0.538543270410423,664.5497390832205,0.2985055717635812,0.4604399669033018,RNA,C5vsC1_rna
ACZ81_RS14190,0.4544909479364931,1165.2030026892517,0.0407009335984146,0.1075705833971275,RNA,C5vsC1_rna
ACZ81_RS14195,-1.4038921999571048,94.21079754462473,0.0015098027477771,0.0085797855865182,RNA,C5vsC1_rna
ACZ81_RS14200,-2.49886130909535,105.3586934109197,2.747993316813248e-05,0.000327149827509043,RNA,C5vsC1_rna
ACZ81_RS14205,0.1514914020248401,74.4006754921657,0.645451267712984,0.7774474953308845,RNA,C5vsC1_rna
ACZ81_RS14210,0.1324861419936021,96.84209170339676,0.7197198074389621,0.8304618543126593,RNA,C5vsC1_rna
ACZ81_RS14215,0.3271568609243379,72.7913175784936,0.3533311609749656,0.5204162830304998,RNA,C5vsC1_rna
ACZ81_RS14220,0.875833442167071,730.596389318113,0.0011062095452286,0.006714240083899,RNA,C5vsC1_rna
ACZ81_RS14225,0.6146114589542044,173.6697642985928,0.0594015184291456,0.1435655975528508,RNA,C5vsC1_rna
ACZ81_RS14230,1.8030647571477605,32.43977672280067,0.0007934766712098208,0.0052016804001532,RNA,C5vsC1_rna
ACZ81_RS14235,1.674838544348108,18.94610522024453,0.0436416215268032,0.1136211457271478,RNA,C5vsC1_rna
ACZ81_RS14240,-0.2947341837428743,94.6944020563824,0.5528429219464356,0.7063712747927068,RNA,C5vsC1_rna
ACZ81_RS14245,0.6365088814698479,294.8216566706611,0.1052989312476139,0.2202603295961558,RNA,C5vsC1_rna
ACZ81_RS14250,0.1321248098088503,183.9127660330064,0.8047216311834856,0.882967006705655,RNA,C5vsC1_rna
ACZ81_RS14255,-0.8561166359407504,164.422617052325,0.1924565514120378,0.3434767278759323,RNA,C5vsC1_rna
ACZ81_RS14260,-0.6771687313170999,149.51677099420135,0.0736132555659736,0.1677094726466134,RNA,C5vsC1_rna
ACZ81_RS14265,0.8413576756735766,46.6500324188444,0.1058263913344453,0.2208866358247698,RNA,C5vsC1_rna
ACZ81_RS14270,-0.1596430514506613,1523.8105426279224,0.7995166488767762,0.8800166790929016,RNA,C5vsC1_rna
ACZ81_RS14275,0.0084638528983194,213.9446912429843,0.985004209943668,0.9951010987301112,RNA,C5vsC1_rna
ACZ81_RS14280,-0.0993538062286814,438.8807918968321,0.7604003018613843,0.8583922372166217,RNA,C5vsC1_rna
ACZ81_RS14285,1.5420065388843396,45.07588499190296,0.0008053434382208985,0.0052507763599408,RNA,C5vsC1_rna
ACZ81_RS14290,-0.3694669414597576,346.37841426434534,0.5128128551524025,0.6726269495758495,RNA,C5vsC1_rna
ACZ81_RS14295,-1.9748547111001291,79.32103545829527,8.026377149419492e-05,0.0008152360790752152,RNA,C5vsC1_rna
ACZ81_RS14300,-0.2471449221794563,171.01889511297588,0.465914874711065,0.6310771361717734,RNA,C5vsC1_rna
ACZ81_RS14305,0.1155489294055575,7.048987286582006,0.8894740451540407,0.939013440649302,RNA,C5vsC1_rna
ACZ81_RS14310,-1.7168769407061952,127.82790774444832,0.0006328777668651877,0.0042817969657051,RNA,C5vsC1_rna
ACZ81_RS14315,1.27535052632523,71.53817501414754,0.0024756902638749,0.0126528271830144,RNA,C5vsC1_rna
ACZ81_RS14320,0.5304476319547178,55.06563610071942,0.1506440931070463,0.2901982534716663,RNA,C5vsC1_rna
ACZ81_RS14325,0.6463233123521264,739.9767508469223,0.0811938145286933,0.1805707227766728,RNA,C5vsC1_rna
ACZ81_RS14330,7.881659730456788,66.89728931107926,3.130539001681277e-09,1.1522681169491085e-07,RNA,C5vsC1_rna
ACZ81_RS14335,-3.38607477245261,2773.847826094935,1.5731273689465326e-12,1.1270333936095515e-10,RNA,C5vsC1_rna
ACZ81_RS14340,0.219220290859141,174.9600266244581,0.6604248762750378,0.7902250532703404,RNA,C5vsC1_rna
ACZ81_RS14345,0.6621926818490279,59.37378194328328,0.1829231854286546,0.3311768140522393,RNA,C5vsC1_rna
ACZ81_RS14350,-1.0111436367210629,134.53233994836373,0.0377630965471561,0.1015452703399398,RNA,C5vsC1_rna
ACZ81_RS14355,-0.1769543614950885,13.409009963942676,0.8255094577734536,0.8979795472244719,RNA,C5vsC1_rna
ACZ81_RS14360,-0.1876259974529617,51.70965220274677,0.7298196773457861,0.8372995554793521,RNA,C5vsC1_rna
ACZ81_RS14365,-0.9175056849578976,681.6515541483528,0.0008740139712357562,0.0056104704841565,RNA,C5vsC1_rna
ACZ81_RS14370,-0.7493260277695973,163.15432842516606,0.0606890517150093,0.1457990871141422,RNA,C5vsC1_rna
ACZ81_RS14375,0.3760385072666812,975.41128740741,0.2211017354049919,0.3761917567620133,RNA,C5vsC1_rna
ACZ81_RS14380,0.3313421749940363,375.24588470733954,0.109464583884139,0.2266108929531299,RNA,C5vsC1_rna
ACZ81_RS14385,0.1046748187776812,111.42755092324374,0.7255215115872449,0.8349949238347752,RNA,C5vsC1_rna
ACZ81_RS14390,-0.0458342834124556,162.9874899308193,0.8850098231063356,0.935368653925874,RNA,C5vsC1_rna
ACZ81_RS14395,-0.0835226601888479,882.3774622033893,0.7623509034662403,0.8601101869253532,RNA,C5vsC1_rna
ACZ81_RS14400,0.3906636746703826,179.65575926816308,0.2054744804425897,0.3593564147932301,RNA,C5vsC1_rna
ACZ81_RS14405,0.5227720439822037,304.5362298207594,0.1480439746471359,0.2865182953614614,RNA,C5vsC1_rna
ACZ81_RS14410,0.0736902802365108,457.4897685666705,0.765872607403505,0.862627990146789,RNA,C5vsC1_rna
ACZ81_RS14415,0.1848113624147766,2328.463364426324,0.4346881749957325,0.6033152939613448,RNA,C5vsC1_rna
ACZ81_RS14420,-0.57664479205761,1759.6606506793864,0.1330921302457079,0.2630372544560493,RNA,C5vsC1_rna
ACZ81_RS14425,-0.7019647018179211,257.7847739402374,0.0504679649687256,0.1269083927514357,RNA,C5vsC1_rna
ACZ81_RS14430,0.1135079794602448,86.63218629141392,0.7361796088394561,0.8417077773336841,RNA,C5vsC1_rna
ACZ81_RS14435,0.4254656733060833,267.4950811539145,0.1993384010040546,0.3516911454829671,RNA,C5vsC1_rna
ACZ81_RS14440,-0.1084914814003391,1288.3574113901152,0.6030507792095701,0.7467195803499193,RNA,C5vsC1_rna
ACZ81_RS14445,-0.0101592263012421,363.5003802071779,0.97477936460384,0.9908917396029242,RNA,C5vsC1_rna
ACZ81_RS14450,-1.634058189220565,924.0490089464436,0.00021877215950562024,0.0018209832031878,RNA,C5vsC1_rna
ACZ81_RS14455,-1.4351769881876555,3900.479256023015,0.000611447752897189,0.004214997224439,RNA,C5vsC1_rna
ACZ81_RS14460,0.1476119403466074,2685.053635581009,0.8179386176552241,0.8917309059871628,RNA,C5vsC1_rna
ACZ81_RS14465,-0.1952933377475692,1657.31156445984,0.6922621730298351,0.812567536043212,RNA,C5vsC1_rna
ACZ81_RS14470,-0.4661373635229555,5767.942155666857,0.4478001434674876,0.6144234526646922,RNA,C5vsC1_rna
ACZ81_RS14475,0.1033867848182402,75.03911393956945,0.8207005116822972,0.8938103061300421,RNA,C5vsC1_rna
ACZ81_RS14480,0.3604890987169046,43.60477334969179,0.5161121988640079,0.6751360097301596,RNA,C5vsC1_rna
ACZ81_RS14485,0.1084662829152627,56.20535410029418,0.7314337789197369,0.838671712210913,RNA,C5vsC1_rna
ACZ81_RS14490,-0.339796512750147,52.55631144143202,0.3598641450214618,0.5270309342417436,RNA,C5vsC1_rna
ACZ81_RS14495,-1.2309438851712404,152.2929860717278,0.0004282175362230469,0.0031407838305792,RNA,C5vsC1_rna
ACZ81_RS14500,-0.918965795746682,180.1638275614958,0.012965406798183,0.0458416779231334,RNA,C5vsC1_rna
ACZ81_RS14505,-0.7687825428079655,151.41527980566107,0.008655233080888,0.0336480572873284,RNA,C5vsC1_rna
ACZ81_RS14510,-0.3680703383314235,92.50806711305688,0.228999669196797,0.3857245534534845,RNA,C5vsC1_rna
ACZ81_RS14515,-0.7520011687023929,222.58097431467888,0.0164797363630231,0.0546605039388986,RNA,C5vsC1_rna
ACZ81_RS14520,-0.4918642449752486,3423.66401634606,0.1727637521993216,0.3186796201488176,RNA,C5vsC1_rna
ACZ81_RS14525,0.6404386736158372,436.5546282151443,0.0076020326611358,0.0309638122197737,RNA,C5vsC1_rna
ACZ81_RS14530,1.0879484285578591,85.96760777900843,0.0145937289446735,0.0497017293079243,RNA,C5vsC1_rna
ACZ81_RS14535,0.4698025588241164,400.4050532611443,0.0501995056502447,0.1265873140595737,RNA,C5vsC1_rna
ACZ81_RS14540,-0.4452218451918978,350.5771714158874,0.0566929894359386,0.1391145404385235,RNA,C5vsC1_rna
ACZ81_RS14545,-0.4487218672371661,567.3888625082801,0.0181527005393063,0.0589705543025887,RNA,C5vsC1_rna
ACZ81_RS14550,-0.3611064435118577,1340.8661163884285,0.0852423176677718,0.1868809718486888,RNA,C5vsC1_rna
ACZ81_RS14555,-1.0042866234077346,997.3870352694184,1.0501138831221164e-10,6.1956719104204865e-09,RNA,C5vsC1_rna
ACZ81_RS14565,0.4542314083161515,1714.7742609051184,0.1551836720344387,0.2961926223606889,RNA,C5vsC1_rna
ACZ81_RS14570,0.2387259177071756,1160.1975133428791,0.4754826144223361,0.6401124777164462,RNA,C5vsC1_rna
ACZ81_RS14575,-0.1486620372540779,504.8513189977108,0.6492599431999659,0.7805906179557277,RNA,C5vsC1_rna
ACZ81_RS14585,-0.1020284007410303,355.59349923146897,0.7405585030988979,0.8457473569240102,RNA,C5vsC1_rna
ACZ81_RS14590,0.981971256104862,1125.1516266811818,4.32515280109102e-05,0.00047480121797573415,RNA,C5vsC1_rna
ACZ81_RS14595,1.088508945588636,1502.0674743799664,0.0020033628852615,0.0107596946394501,RNA,C5vsC1_rna
ACZ81_RS14600,1.5060985873552488,1476.5178637913382,0.00041646625081485423,0.0030827723215298,RNA,C5vsC1_rna
ACZ81_RS14605,0.0256389616930211,1440.120730120768,0.9080802201716353,0.9497439633286237,RNA,C5vsC1_rna
ACZ81_RS14615,-0.5815583544674267,1966.1494786161604,0.0003355573405435238,0.0025545655602668,RNA,C5vsC1_rna
ACZ81_RS14620,-0.8120259637665506,2125.856967218365,0.0014144549509117,0.0081300763081061,RNA,C5vsC1_rna
ACZ81_RS14625,-1.4383294325735905,1353.3545370222423,0.0138312053894251,0.0479499052240429,RNA,C5vsC1_rna
ACZ81_RS14630,-1.7461301076024047,612.1065787114038,0.0034510382988625,0.0167634872152388,RNA,C5vsC1_rna
ACZ81_RS14635,-0.8933563993646975,834.9677152107729,0.2009558378997562,0.3537669248151917,RNA,C5vsC1_rna
ACZ81_RS14640,-1.869367273529229,3729.080443430754,1.18232807612378e-10,6.776428916298008e-09,RNA,C5vsC1_rna
ACZ81_RS14645,0.4157972638597248,5364.923964575163,0.0044788883266068,0.0204661730823994,RNA,C5vsC1_rna
ACZ81_RS14650,1.0969607713411933,1042.713530381517,0.0021789203152976,0.0115024056644396,RNA,C5vsC1_rna
ACZ81_RS14655,0.9876421768255588,2013.52360918759,0.0239930121163738,0.0728356568363983,RNA,C5vsC1_rna
ACZ81_RS14660,2.6500581985812945,747.8425826393834,2.315255561703821e-06,4.021127841366117e-05,RNA,C5vsC1_rna
ACZ81_RS14665,-0.3082964865149069,939.5631431356992,0.1189926453695682,0.2407455840759999,RNA,C5vsC1_rna
ACZ81_RS14670,-0.5884119305404932,139.59436059906383,0.0219960453883101,0.068409406277442,RNA,C5vsC1_rna
ACZ81_RS14675,-1.4998649050123598,372.2218474103015,0.0024196467020637,0.0124616464296276,RNA,C5vsC1_rna
ACZ81_RS14680,0.0254274059515883,716.2685575657014,0.9318970274302326,0.9645951687435742,RNA,C5vsC1_rna
ACZ81_RS14685,-1.5678242316840216,19672.423546639475,0.0097460031511645,0.0369923979588195,RNA,C5vsC1_rna
ACZ81_RS14690,-1.0784260042283862,1618.3832734539644,0.1104885736353653,0.2281122287492228,RNA,C5vsC1_rna
ACZ81_RS14695,0.1131073941205793,250.6227348084212,0.8042523140214117,0.8828071912048985,RNA,C5vsC1_rna
ACZ81_RS14700,0.4447696823405063,116.1344022046517,0.2163949228928995,0.3702351268796606,RNA,C5vsC1_rna
ACZ81_RS14705,-1.88674731028206,3075.6346776003197,8.454617038885803e-13,6.650965403923499e-11,RNA,C5vsC1_rna
ACZ81_RS14710,-0.9993688085997146,436.4704418605968,0.0013169145755138,0.007758386603468,RNA,C5vsC1_rna
ACZ81_RS14715,-0.1818679227881998,859.5497499527359,0.5044215816537713,0.6659501581774039,RNA,C5vsC1_rna
ACZ81_RS14720,-0.7626233539300694,359.4548508975658,0.1873548942808316,0.3366132760557958,RNA,C5vsC1_rna
ACZ81_RS14725,0.4099912742990888,1234.9647748494272,0.1447714234488921,0.2822268954698518,RNA,C5vsC1_rna
ACZ81_RS14730,0.102937673086977,2200.086785526917,0.8004921589197653,0.8801245660690871,RNA,C5vsC1_rna
ACZ81_RS14735,-2.0507321543897774,25459.04126922456,3.842378978871381e-05,0.0004318102090541171,RNA,C5vsC1_rna
ACZ81_RS14740,0.2571382731239778,6266.796570671685,0.5113315978717068,0.6717296564051367,RNA,C5vsC1_rna
ACZ81_RS14745,0.0841620681761304,2105.959992107761,0.8383292531235288,0.9073042793449144,RNA,C5vsC1_rna
ACZ81_RS14750,0.603004312756097,760.7526744464507,0.1467691113836692,0.2850133953878417,RNA,C5vsC1_rna
ACZ81_RS14755,0.5452786895711276,1159.6168496850223,0.2289181221895866,0.3857245534534845,RNA,C5vsC1_rna
ACZ81_RS14760,1.1555468475612294,851.2585442405197,0.0010562229383774,0.006508798398473,RNA,C5vsC1_rna
ACZ81_RS14765,1.0761218929264371,466.5305981609828,0.0010577608563819,0.006508798398473,RNA,C5vsC1_rna
ACZ81_RS14770,0.7768677204774571,459.79755512930177,0.0810461148803622,0.1803422145868071,RNA,C5vsC1_rna
ACZ81_RS14775,1.427729558226314,781.0219544988447,1.5863418384229717e-05,0.0002107418362832107,RNA,C5vsC1_rna
ACZ81_RS14780,0.9104254728203504,444.9059336130791,0.019827161294432,0.0635892711594256,RNA,C5vsC1_rna
ACZ81_RS14785,0.918048816639636,1064.3907887095531,0.0043325980283766,0.0199754090046881,RNA,C5vsC1_rna
ACZ81_RS14790,0.4951651326761308,2110.6939849994574,0.1663542833385044,0.3112935563218656,RNA,C5vsC1_rna
ACZ81_RS14795,0.8155793610241601,909.9720083366886,0.060832476926267,0.145993946336401,RNA,C5vsC1_rna
ACZ81_RS14800,1.3407528269442446,98.792535948831,0.0121208028016347,0.0437308101080564,RNA,C5vsC1_rna
ACZ81_RS14805,0.8499120768614595,1818.3431423524248,0.0290762155616285,0.0834433310681356,RNA,C5vsC1_rna
ACZ81_RS14810,0.2963266376749657,13439.526541106425,0.7171494620068716,0.8284490761795475,RNA,C5vsC1_rna
ACZ81_RS14815,0.0838803441349741,416.89658038789474,0.8777547507762742,0.9311348651809656,RNA,C5vsC1_rna
ACZ81_RS14820,0.7172260607736483,1857.52917916994,0.0288556435171665,0.083084781879583,RNA,C5vsC1_rna
ACZ81_RS14825,0.7834643643271176,211.6798059958008,0.0465005570038149,0.1194367699739473,RNA,C5vsC1_rna
ACZ81_RS14830,-0.6890819322645104,259.0589824890696,0.0919744905286831,0.1984651605381486,RNA,C5vsC1_rna
ACZ81_RS14835,0.6555655120943276,32.951729167101284,0.2019732001994496,0.3549543543801807,RNA,C5vsC1_rna
ACZ81_RS14840,-0.1511430899839114,102.68862275819144,0.6760882771454844,0.800085312796799,RNA,C5vsC1_rna
ACZ81_RS14850,-0.0619035334021114,768.6555612805666,0.804838071665648,0.882967006705655,RNA,C5vsC1_rna
ACZ81_RS14855,0.0022818827652443,1959.0259639757653,0.990656248649008,0.9964277803271868,RNA,C5vsC1_rna
ACZ81_RS14860,-1.718035530347951,2925.973142694888,0.0289101609466521,0.0831452083999772,RNA,C5vsC1_rna
ACZ81_RS14865,-1.236924206328968,681.1414495431587,0.0940018230688485,0.2017651024137003,RNA,C5vsC1_rna
ACZ81_RS14870,-0.0062661567147701,999.957635073952,0.9848059018764482,0.9951010987301112,RNA,C5vsC1_rna
ACZ81_RS14875,0.9359617156279948,103.95872325219791,0.0773832809477316,0.1742209445355214,RNA,C5vsC1_rna
ACZ81_RS14880,0.3951042699289682,1112.8433672829588,0.0744042028320818,0.1691272871174575,RNA,C5vsC1_rna
ACZ81_RS14885,0.3334031495333479,407.8249885442509,0.1441509296395292,0.2817016705863571,RNA,C5vsC1_rna
ACZ81_RS14890,-0.3081632627628476,2392.0589608874507,0.0508211319907765,0.127433988466872,RNA,C5vsC1_rna
ACZ81_RS14895,0.3646614182995725,6038.61080090035,0.0735923136759636,0.1677094726466134,RNA,C5vsC1_rna
ACZ81_RS14900,-2.930988741697091,4070.395494391853,2.1741892808764314e-09,8.468783878520623e-08,RNA,C5vsC1_rna
ACZ81_RS14905,0.3359383874709958,4982.466206371413,0.4963034188985943,0.6599832007362149,RNA,C5vsC1_rna
ACZ81_RS14910,0.1232847761911588,897.8922722216297,0.7823095835707471,0.8714082128144909,RNA,C5vsC1_rna
ACZ81_RS14915,-0.5574774638842577,1431.3816561575854,0.1498822158506352,0.2890997355734367,RNA,C5vsC1_rna
ACZ81_RS14920,-0.923899677961242,1359.0483404475513,0.0042618134253113,0.0196986122838124,RNA,C5vsC1_rna
ACZ81_RS14925,-0.4686221257728596,641.2147330436183,0.2238740701266429,0.3794604010765067,RNA,C5vsC1_rna
ACZ81_RS14930,-0.2004116062576735,41.1028985301038,0.6590074829147573,0.789235230284778,RNA,C5vsC1_rna
ACZ81_RS14935,-0.4059356579799155,819.5539220817433,0.255402055134315,0.4141766552946127,RNA,C5vsC1_rna
ACZ81_RS14940,-0.7041096266478679,1352.5148819258347,0.0833813775727566,0.183805542209835,RNA,C5vsC1_rna
ACZ81_RS14945,-0.2069746155302358,525.8071582357741,0.61815604254538,0.7577274801992253,RNA,C5vsC1_rna
ACZ81_RS14950,-1.06813482036422,3325.946828781657,0.0116864517263439,0.0424308093448794,RNA,C5vsC1_rna
ACZ81_RS14955,-0.5162743343643375,1223.3049517990262,0.1006778690663877,0.2127012167953385,RNA,C5vsC1_rna
ACZ81_RS14960,0.1360323293522322,515.2730193240358,0.6650201660504229,0.7924148815545876,RNA,C5vsC1_rna
ACZ81_RS14965,0.1953822964285136,351.76776675126905,0.4884653542396743,0.6529426709476367,RNA,C5vsC1_rna
ACZ81_RS14970,-0.9933487542902604,438.0141325116258,0.0838558184769819,0.1845471989740271,RNA,C5vsC1_rna
ACZ81_RS14975,0.7857051673185756,1553.1821587221634,0.1832894379300551,0.3313912685783602,RNA,C5vsC1_rna
ACZ81_RS14980,0.3561582887661549,622.2005591859474,0.2005714748345252,0.3532452840369251,RNA,C5vsC1_rna
ACZ81_RS14985,-0.4198222030360483,211.98230515547496,0.5071341116655246,0.6684040919849161,RNA,C5vsC1_rna
ACZ81_RS14990,-0.1893899305235208,153.7487743579029,0.759505389044288,0.8578647581209694,RNA,C5vsC1_rna
ACZ81_RS14995,-2.835368129824215,260.40037809769467,2.6559843356652628e-15,3.229033077178496e-13,RNA,C5vsC1_rna
ACZ81_RS15000,-1.2971098644303816,32.951734123348785,0.0083712649659385,0.0328801884026576,RNA,C5vsC1_rna
ACZ81_RS15005,-0.8874595696313982,51.9833604576074,0.017942922098264,0.0584784755956419,RNA,C5vsC1_rna
ACZ81_RS15010,-1.5287622210483824,73.12072591477272,0.0049444853038356,0.0221398158917283,RNA,C5vsC1_rna
ACZ81_RS15020,0.5071379769865124,81.96272455226546,0.1576207009474723,0.2994196269892324,RNA,C5vsC1_rna
ACZ81_RS15025,-0.4652563755511059,1314.7665416949617,0.4406164468298679,0.6078931171531741,RNA,C5vsC1_rna
ACZ81_RS15030,0.2482428937134259,5591.313273439206,0.6868393722849879,0.8090427368195453,RNA,C5vsC1_rna
ACZ81_RS15040,0.3306199018135097,2179.0634538257764,0.5081586240776383,0.6690949786017345,RNA,C5vsC1_rna
ACZ81_RS15045,0.727244925700356,2714.3940927953577,0.0211259330489039,0.066319059556901,RNA,C5vsC1_rna
ACZ81_RS15050,0.1425303873899768,128.6350723601815,0.777403770234643,0.8692708824362843,RNA,C5vsC1_rna
ACZ81_RS15055,0.6673318312433444,598.106714046122,0.0008212173150703941,0.0053226556834611,RNA,C5vsC1_rna
ACZ81_RS15060,0.7963551018749041,341.849850238178,0.00010331970001201572,0.0009893046215947662,RNA,C5vsC1_rna
ACZ81_RS15065,1.2486995211525906,1227.914769251736,0.0001328329834121093,0.0012139542812058,RNA,C5vsC1_rna
ACZ81_RS15070,-1.5272223725237348,101.03876977012872,1.7707849958746728e-05,0.0002291738517241673,RNA,C5vsC1_rna
ACZ81_RS15075,-1.2572333339234547,1381.9491725490486,0.0106694020163606,0.0397452561649387,RNA,C5vsC1_rna
ACZ81_RS15080,-0.0667029756605061,31.110975867352817,0.8737779186052743,0.9298665807544724,RNA,C5vsC1_rna
ACZ81_RS15085,0.6248529158667198,50.6414782925493,0.1102638163412293,0.2277952786616952,RNA,C5vsC1_rna
ACZ81_RS15090,-0.6529183938181232,103.62687119016336,0.2399329217503429,0.3990924054984974,RNA,C5vsC1_rna
ACZ81_RS15095,0.4948285526355884,313.714036125109,0.3209798249577502,0.487238387336547,RNA,C5vsC1_rna
ACZ81_RS15100,0.1638774882845393,27.6652937489453,0.8141102953452641,0.8902181806828018,RNA,C5vsC1_rna
ACZ81_RS15105,1.2988629585958642,28.297081589498674,0.1929889420846233,0.3437606693406858,RNA,C5vsC1_rna
ACZ81_RS15110,-0.4411070428332848,44.54840733959452,0.5294197461425194,0.686710386390694,RNA,C5vsC1_rna
ACZ81_RS15115,0.233716109300038,100.5192210705193,0.5533653937467813,0.7065887841222427,RNA,C5vsC1_rna
ACZ81_RS15120,0.0536569466443264,637.0284724013147,0.9201114882646282,0.9583264766476682,RNA,C5vsC1_rna
ACZ81_RS15125,-0.3334840653413242,365.8302016097726,0.2511429814057472,0.4102445566924903,RNA,C5vsC1_rna
ACZ81_RS15130,-1.7026468525865777,5140.15568676101,2.008913316337693e-05,0.0002518675070358383,RNA,C5vsC1_rna
ACZ81_RS15135,-1.3676924151732923,1113.578549762342,9.474784931807738e-09,3.041026971713011e-07,RNA,C5vsC1_rna
ACZ81_RS15140,-0.5007956843947531,505.91434081657326,0.1771276080328068,0.324195238789973,RNA,C5vsC1_rna
ACZ81_RS15145,-1.2228720186626914,717.5031916247364,0.0011765288160406,0.0070346253501565,RNA,C5vsC1_rna
ACZ81_RS15150,-1.6738188386940456,1484.9599694736216,3.961433753298814e-05,0.00044147978383985673,RNA,C5vsC1_rna
ACZ81_RS15155,0.4470395146734363,88.82393601783306,0.2833488423409176,0.443887370352113,RNA,C5vsC1_rna
ACZ81_RS15160,-1.7298177792992466,11.698252661372972,0.1176462693247363,0.2390649898813013,RNA,C5vsC1_rna
ACZ81_RS15165,0.009340672048674,95.5895611875151,0.9797139688537536,0.9930804555435218,RNA,C5vsC1_rna
ACZ81_RS15170,1.597561351719393,161.90129755019132,0.0002645244405114,0.0021225441106638,RNA,C5vsC1_rna
ACZ81_RS15175,1.6389313290032324,373.2389082969131,0.0050683200510964,0.022518383217053,RNA,C5vsC1_rna
ACZ81_RS15180,-0.8481653389451412,102.01087597148054,0.0498689177638765,0.1259119559903541,RNA,C5vsC1_rna
ACZ81_RS15190,-1.429804467111338,2657.159561636292,1.863263858144232e-06,3.352203855997604e-05,RNA,C5vsC1_rna
ACZ81_RS15195,0.1124770424595015,3648.141382815048,0.7846559605025258,0.8730004751902755,RNA,C5vsC1_rna
ACZ81_RS15200,0.3473703207004525,964.8512204257833,0.2212188674722621,0.3762314948277726,RNA,C5vsC1_rna
ACZ81_RS15205,-0.713267104713902,647.817659496119,0.0135539002613725,0.0472443508676165,RNA,C5vsC1_rna
ACZ81_RS15210,-0.5456447870246822,201.39244342525927,0.1203383417816907,0.242978071076066,RNA,C5vsC1_rna
ACZ81_RS15215,0.3003672197893881,774.6282737412697,0.1257210170438951,0.2516929742415705,RNA,C5vsC1_rna
ACZ81_RS15220,0.0304572698403811,1508.468558781195,0.8969672220824135,0.943037865564634,RNA,C5vsC1_rna
ACZ81_RS15225,0.2991784950455022,154.38600771618314,0.2162038758970452,0.3702351268796606,RNA,C5vsC1_rna
ACZ81_RS15230,0.5318041521180757,573.2568025473885,0.0096667163079034,0.0367610102628517,RNA,C5vsC1_rna
ACZ81_RS15235,0.2958083255572807,216.82192457855783,0.3605448536953188,0.5275368172959953,RNA,C5vsC1_rna
ACZ81_RS15240,0.2505523161627837,143.56992210426716,0.438377700409492,0.6060480217172252,RNA,C5vsC1_rna
ACZ81_RS15245,0.3164253725113417,74.61976216175127,0.4987254294907816,0.6612677705302271,RNA,C5vsC1_rna
ACZ81_RS15250,-0.3130105026440176,58.45833302204672,0.6935965448599807,0.8134929516357655,RNA,C5vsC1_rna
ACZ81_RS15255,0.4422394518442409,35.21239595877465,0.5339543044592461,0.6901522398272979,RNA,C5vsC1_rna
ACZ81_RS15260,-1.0251794239592225,249.24248459018025,0.0010482147798506,0.006479873184531,RNA,C5vsC1_rna
ACZ81_RS15265,-0.7719247100121466,116.46681102680634,0.1063586389375284,0.2216679789181113,RNA,C5vsC1_rna
ACZ81_RS15270,-0.5325830592149338,978.575991393607,0.0265340517650187,0.0783267668817643,RNA,C5vsC1_rna
ACZ81_RS15275,-0.9259911343841324,874.2605951986566,0.00028185318936244823,0.0022346108999194,RNA,C5vsC1_rna
ACZ81_RS15280,1.1312453888089,1552.803582947505,0.0272074171901886,0.0796179123027255,RNA,C5vsC1_rna
ACZ81_RS15285,-2.044152060071308,2525.8389754994714,8.033572533379723e-08,2.092902143111652e-06,RNA,C5vsC1_rna
ACZ81_RS15290,-2.0708046755493346,3246.8442260094266,0.0009792076115739572,0.0061480139869087,RNA,C5vsC1_rna
ACZ81_RS15295,-1.6105351436748168,1919.2254677961084,0.0270075245907562,0.079264219940098,RNA,C5vsC1_rna
ACZ81_RS15300,-1.544856607641529,3667.2425412401626,0.0047533305997684,0.0214514762275265,RNA,C5vsC1_rna
ACZ81_RS15305,-1.570886166279201,1093.5993997292533,0.0007090376551068563,0.004726099346952,RNA,C5vsC1_rna
ACZ81_RS15310,-0.5849069281818522,3638.0611011257697,0.1553072918485927,0.29628761526227,RNA,C5vsC1_rna
ACZ81_RS15315,0.744412978112605,251.12306906422188,0.0442416289383731,0.1148850584470893,RNA,C5vsC1_rna
ACZ81_RS15320,0.9321706270986664,272.6997599990832,0.0009275905370065148,0.0058884386621362,RNA,C5vsC1_rna
ACZ81_RS15325,0.6237033115557866,129.91115438622123,0.0432565715560758,0.1127992896101505,RNA,C5vsC1_rna
ACZ81_RS15330,0.1165994701989833,1346.4781509400011,0.6326098043372428,0.7688348560613176,RNA,C5vsC1_rna
ACZ81_RS15335,-0.6884648719530735,659.1664923104146,0.0619070878259716,0.147576492191205,RNA,C5vsC1_rna
ACZ81_RS15340,-0.800667539746836,10534.470739611716,0.0082284309231038,0.0325888103292127,RNA,C5vsC1_rna
ACZ81_RS15345,-0.3686235648322611,3207.7888574259773,0.2716423667878033,0.432471895060582,RNA,C5vsC1_rna
ACZ81_RS15350,-0.1284884273188431,201.3474700622891,0.7038617358919956,0.8197077748617377,RNA,C5vsC1_rna
ACZ81_RS15355,-0.3210600819673538,611.208041653157,0.5559691565880892,0.7073224446366005,RNA,C5vsC1_rna
ACZ81_RS15360,-2.047586809017183,1307.3695427509645,0.0004380962798313386,0.0031899133841802,RNA,C5vsC1_rna
ACZ81_RS15365,0.5440659604006541,1342.721813757902,0.116056485053451,0.2373183578157215,RNA,C5vsC1_rna
ACZ81_RS15370,0.8045667484315853,236.12075115864863,0.0602441381531444,0.1450777204504295,RNA,C5vsC1_rna
ACZ81_RS15375,0.5246377243038484,72.85762928482616,0.296015509368618,0.4585383102652107,RNA,C5vsC1_rna
ACZ81_RS15380,-1.2107080794407354,2076.947781667794,0.0268352414851793,0.0789318099989294,RNA,C5vsC1_rna
ACZ81_RS15385,-0.686477753090287,384.1927216611469,0.0900483324973965,0.1948618716178829,RNA,C5vsC1_rna
ACZ81_RS15390,-0.2111970400718066,287.33296912096586,0.5761816996493478,0.7239714935775708,RNA,C5vsC1_rna
ACZ81_RS15395,-0.6006148457274602,338.29936717931884,0.1418817149279991,0.2779440626421546,RNA,C5vsC1_rna
ACZ81_RS15400,-0.0130333747420106,192.82346218357927,0.9683065288435744,0.9880339889923522,RNA,C5vsC1_rna
ACZ81_RS15405,0.7503057652456449,1111.1269925268832,0.0034996614960725,0.0168757715411575,RNA,C5vsC1_rna
ACZ81_RS15410,0.5508399393009968,3391.2942900010844,0.0077088732582854,0.0313161650079619,RNA,C5vsC1_rna
ACZ81_RS15415,0.532004388270566,303.38874544865587,0.1593900984751333,0.3019230760539353,RNA,C5vsC1_rna
ACZ81_RS15420,0.2587671890553488,58.16165686927272,0.5684511792824285,0.7182689647779509,RNA,C5vsC1_rna
ACZ81_RS15425,1.3049535615727623,505.081920272781,0.0420501287654881,0.1104814123163972,RNA,C5vsC1_rna
ACZ81_RS15430,0.7721144537975843,132.44533096852982,0.3913367123972026,0.5593312754319832,RNA,C5vsC1_rna
ACZ81_RS15435,-1.193587679627408,1495.2039120741726,4.153462465655315e-05,0.0004603229671880974,RNA,C5vsC1_rna
ACZ81_RS15440,-0.4293923915530483,387.6442951953869,0.2160402399721436,0.3702351268796606,RNA,C5vsC1_rna
ACZ81_RS15445,0.3830808477234894,3662.6083535256193,0.0822669863412994,0.1819448629967927,RNA,C5vsC1_rna
ACZ81_RS15450,0.6138136176329434,220.9053942965324,0.0083945651269909,0.0328896438373903,RNA,C5vsC1_rna
ACZ81_RS15455,0.3304054774316535,251.10959852344556,0.1759537595475564,0.3226355042526491,RNA,C5vsC1_rna
ACZ81_RS15460,-0.2523685585107286,904.216790452522,0.5910635791498167,0.7364431924065418,RNA,C5vsC1_rna
ACZ81_RS15465,-0.0445137328523851,263.1807263830265,0.8699080660680125,0.9284202447100032,RNA,C5vsC1_rna
ACZ81_RS15470,0.2140990971354285,412.4816131642102,0.5939773291165895,0.7386363419579867,RNA,C5vsC1_rna
ACZ81_RS15475,1.2721583197270208,278.82734053903624,5.411722204202162e-10,2.5537350020480335e-08,RNA,C5vsC1_rna
ACZ81_RS15480,0.7042556187281032,406.4736367039357,0.0055764777517414,0.0242920590765161,RNA,C5vsC1_rna
ACZ81_RS15485,-0.1728419019758019,447.2566898098913,0.7535235611332218,0.8533445746709113,RNA,C5vsC1_rna
ACZ81_RS15490,-0.743170286119748,44.289595730268736,0.1951241301917998,0.3468489190649096,RNA,C5vsC1_rna
ACZ81_RS15495,-0.9293896422862852,1679.2433537766397,0.0012397771386471,0.0073579672784797,RNA,C5vsC1_rna
ACZ81_RS15500,-0.5655287074499341,618.6093932064508,0.2572266212076181,0.4159585668218314,RNA,C5vsC1_rna
ACZ81_RS15505,-0.7963356070390396,481.577983809066,0.0122560040863768,0.0440206700040677,RNA,C5vsC1_rna
ACZ81_RS15510,-0.3554036601308388,260.7357905539167,0.2031259201576522,0.3560249854401489,RNA,C5vsC1_rna
ACZ81_RS15515,-1.203518401464041,467.7969581141946,0.0024624007620875,0.0126170521807089,RNA,C5vsC1_rna
ACZ81_RS15520,-1.015223530542764,1759.913454048665,0.1277217695052042,0.2553162627079619,RNA,C5vsC1_rna
ACZ81_RS15525,-0.3055518968909634,218.11828056717232,0.2107708248651619,0.3650251593126079,RNA,C5vsC1_rna
ACZ81_RS15530,0.3513692456482175,201.2521539822966,0.1930440648117061,0.3437606693406858,RNA,C5vsC1_rna
ACZ81_RS15535,0.2046284806629051,1206.617452766665,0.2344688602009021,0.3926692493472785,RNA,C5vsC1_rna
ACZ81_RS15540,-1.4223969213802026,4369.668521052624,0.001805007980096,0.0098125908077847,RNA,C5vsC1_rna
ACZ81_RS15545,1.4675229916499453,4798.804285955468,0.0054995311412708,0.0240611984065198,RNA,C5vsC1_rna
ACZ81_RS15550,2.5596614849447814,6791.630444442192,9.806689234267847e-10,4.3235645283387486e-08,RNA,C5vsC1_rna
ACZ81_RS15555,0.2386926381253206,198.45590427360423,0.6698434922416378,0.7967423927878596,RNA,C5vsC1_rna
ACZ81_RS15560,1.3702982463862,402.2148077209917,0.0018933259405729,0.0102234504355029,RNA,C5vsC1_rna
ACZ81_RS15565,1.6444557774616746,389.2488502036827,0.0001720224016058514,0.001491874690842,RNA,C5vsC1_rna
ACZ81_RS15570,-0.5372692217215648,1958.7365055495736,0.1490590305153853,0.2879669673198233,RNA,C5vsC1_rna
ACZ81_RS15575,1.036794253170931,235.41134200599356,0.0060193450727073,0.0256365312438449,RNA,C5vsC1_rna
ACZ81_RS15580,0.82206513660182,487.2029762305006,0.0035932258352684,0.0172545121095733,RNA,C5vsC1_rna
ACZ81_RS15585,0.4070089938981533,457.7350230712688,0.4987528099761883,0.6612677705302271,RNA,C5vsC1_rna
ACZ81_RS15590,-1.0452052606315791,277.5668784163193,0.0615151227957317,0.1471667696222276,RNA,C5vsC1_rna
ACZ81_RS15595,-0.7610497420158956,508.7410232204948,0.1682698113553712,0.313561766445773,RNA,C5vsC1_rna
ACZ81_RS15600,-0.6394382290883357,3027.28204015442,0.2704041164524517,0.4308424603682431,RNA,C5vsC1_rna
ACZ81_RS15605,-1.0911701235366034,701.1479575182685,0.0029876165928282,0.0149083554358544,RNA,C5vsC1_rna
ACZ81_RS15610,-0.7313523391755177,254.6375100948101,0.0002866243357637011,0.0022547781080077,RNA,C5vsC1_rna
ACZ81_RS15615,0.6038649511769374,1877.256691967346,0.0506518195951142,0.1271683981324145,RNA,C5vsC1_rna
ACZ81_RS15620,0.9745216160632476,249.06901123275333,0.0230641084004367,0.0707981659545157,RNA,C5vsC1_rna
ACZ81_RS15625,0.3294557969988439,2707.8188682090718,0.2229371936780741,0.3785105466635223,RNA,C5vsC1_rna
ACZ81_RS15630,1.2437709564940125,351.68310407521307,0.00017972909427654938,0.0015473672236856,RNA,C5vsC1_rna
ACZ81_RS15635,0.6693597227359547,269.8343695486416,0.0115116868342841,0.0419481267748844,RNA,C5vsC1_rna
ACZ81_RS15640,0.2470400419742999,703.5303465522198,0.5400331311717492,0.6955418691046734,RNA,C5vsC1_rna
ACZ81_RS15645,-0.5854347933555822,117.2066468594363,0.1670928572229432,0.3122563229182056,RNA,C5vsC1_rna
ACZ81_RS15650,-0.7192519693010901,252.48066821371003,0.0288223108431554,0.0830712005048417,RNA,C5vsC1_rna
ACZ81_RS15655,0.0314706376088983,244.1435929263071,0.9168819971066836,0.9559590884594632,RNA,C5vsC1_rna
ACZ81_RS15660,-0.505871738729131,542.6643136938163,0.4846604095879622,0.6490178782599815,RNA,C5vsC1_rna
ACZ81_RS15665,-0.535315114642502,204.60500870702657,0.2376926723358275,0.3965168405036757,RNA,C5vsC1_rna
ACZ81_RS15670,-0.4873570403950555,73.39246357628119,0.1799596590907584,0.3271400780571467,RNA,C5vsC1_rna
ACZ81_RS15675,0.2656271471172801,20.185901017669725,0.7331197347035081,0.8399169763361355,RNA,C5vsC1_rna
ACZ81_RS15685,0.2241655965333614,97.15997876157344,0.5833293020590697,0.7295252992085374,RNA,C5vsC1_rna
ACZ81_RS15690,0.0468202463613202,70.63280354748798,0.901128741718112,0.946173387012056,RNA,C5vsC1_rna
ACZ81_RS15695,-0.329496484830126,90.2104597575068,0.3580612444896168,0.5248599608667676,RNA,C5vsC1_rna
ACZ81_RS15700,-0.8010644457534168,132.03914309411618,0.0193657440366957,0.062469119909383,RNA,C5vsC1_rna
ACZ81_RS15705,0.0562160493855071,828.491277861795,0.8919367608509491,0.9407072251666688,RNA,C5vsC1_rna
ACZ81_RS15710,-0.8525658425060686,998.1439060449356,0.0294501952592772,0.0842754517690587,RNA,C5vsC1_rna
ACZ81_RS15715,-1.3647069171248265,107.77235915084454,1.7828500965095568e-05,0.0002296189420696135,RNA,C5vsC1_rna
ACZ81_RS15720,-1.685688851196518,116.69343611102737,2.848564217174796e-06,4.6837867374201976e-05,RNA,C5vsC1_rna
ACZ81_RS15725,0.5984322618538983,164.36129480640523,0.2605463393745574,0.4188605711330986,RNA,C5vsC1_rna
ACZ81_RS15730,1.9458145989284832,36.04884886290104,0.0028452501045145,0.0142511153799156,RNA,C5vsC1_rna
ACZ81_RS15735,-0.7083058766839132,304.88830852719235,0.0009924275147267134,0.0062018990484167,RNA,C5vsC1_rna
ACZ81_RS15740,0.4709762567910668,12.484282746444135,0.6274172907958242,0.7646409995968549,RNA,C5vsC1_rna
ACZ81_RS15745,-1.254857634738993,301.8892883713048,0.0002512168533629625,0.0020443854273675,RNA,C5vsC1_rna
ACZ81_RS15750,-0.7894310341900479,1315.4541649982425,0.0062350565564037,0.0263871802787887,RNA,C5vsC1_rna
ACZ81_RS15755,0.4747163213606947,931.5811389174952,0.0757555996535925,0.1714221465370634,RNA,C5vsC1_rna
ACZ81_RS15760,0.353702560051729,579.2753066682803,0.3612084215926005,0.5283150519247223,RNA,C5vsC1_rna
ACZ81_RS15765,0.9199836699555144,668.3253681972319,0.0421460299044021,0.1106347538028097,RNA,C5vsC1_rna
ACZ81_RS15770,-0.2976734395476899,42.684502940669766,0.568778788908163,0.7182689647779509,RNA,C5vsC1_rna
ACZ81_RS15775,0.137925432758079,126.41587321304262,0.607204888543029,0.7493405145600223,RNA,C5vsC1_rna
ACZ81_RS15785,-0.7241980810798896,771.1439814469236,0.0336667568680998,0.0929601022400665,RNA,C5vsC1_rna
ACZ81_RS15790,0.775604960171141,47.49177574853943,0.1602122763175787,0.3031339524142336,RNA,C5vsC1_rna
ACZ81_RS15795,-0.1589175242915771,46.01065761181437,0.7819418790959477,0.8714082128144909,RNA,C5vsC1_rna
ACZ81_RS15800,-0.3362039674447313,52.17231766969198,0.5410544027823179,0.6963601085342551,RNA,C5vsC1_rna
ACZ81_RS15805,0.7367975117651289,48.92967671906484,0.0653345130432214,0.1524883533551841,RNA,C5vsC1_rna
ACZ81_RS15810,0.2523026923365243,537.7297188268191,0.1177448703901922,0.2390649898813013,RNA,C5vsC1_rna
ACZ81_RS15815,0.2848057048711899,155.6345666055485,0.2547498013845206,0.4139351458038068,RNA,C5vsC1_rna
ACZ81_RS15820,0.732047270004204,132.71267672167838,0.105078117417333,0.2200278742580064,RNA,C5vsC1_rna
ACZ81_RS15825,-1.9776318894672924,103.89286270772708,0.0032348048235624,0.0159631450825739,RNA,C5vsC1_rna
ACZ81_RS15830,-0.7632471972267099,381.5379674566875,0.0059755224421511,0.025558417950864,RNA,C5vsC1_rna
ACZ81_RS15835,1.0758012729227024,107.10451932043416,0.06578256893468,0.1532634532903231,RNA,C5vsC1_rna
ACZ81_RS15840,0.2386300918461528,23.434387727524427,0.7200202751433267,0.830569679090002,RNA,C5vsC1_rna
ACZ81_RS15845,0.227581794012054,232.21151546498567,0.4998169143752197,0.6620222715329751,RNA,C5vsC1_rna
ACZ81_RS15850,-0.2674111638357445,1.3600561278513497,0.9225155912554764,0.9597940831465128,RNA,C5vsC1_rna
ACZ81_RS15855,1.680838895332379,152.88541092013745,4.103013283459357e-07,9.145160718466076e-06,RNA,C5vsC1_rna
ACZ81_RS15860,-0.1880093643454456,188.19484894106017,0.6068760649702145,0.7493405145600223,RNA,C5vsC1_rna
ACZ81_RS15865,0.3982158445677817,726.450338868475,0.2058384220655001,0.3598360563515411,RNA,C5vsC1_rna
ACZ81_RS15870,0.921086658496972,732.6271871122357,0.0035159802006329,0.0169138040346996,RNA,C5vsC1_rna
ACZ81_RS15875,0.8057434878435678,319.6017231052244,0.0776000597395199,0.1745131388312522,RNA,C5vsC1_rna
ACZ81_RS15880,0.3731374795792649,197.9895273144518,0.1975065531073004,0.3498438371154478,RNA,C5vsC1_rna
ACZ81_RS15885,1.3641478943409928,41.99606155357161,0.0026944482014848,0.013580560533112,RNA,C5vsC1_rna
ACZ81_RS15890,-0.1960765923353874,6383.298058455112,0.7721413001363385,0.8651422785364025,RNA,C5vsC1_rna
ACZ81_RS15895,-0.865103686537739,3842.353164859174,0.2054421000407428,0.3593564147932301,RNA,C5vsC1_rna
ACZ81_RS15900,-1.5252196087915977,594.2281913478465,0.0163863239686994,0.0544672176987756,RNA,C5vsC1_rna
ACZ81_RS15905,-1.4156371524338274,1002.942936208358,0.0170604669550964,0.0560119422453739,RNA,C5vsC1_rna
ACZ81_RS15910,-1.0733599780022194,257.9619757189046,0.2147555005411785,0.3693095020022324,RNA,C5vsC1_rna
ACZ81_RS15915,0.1643427758574283,119.14388510411187,0.8316168180995448,0.9022300362940436,RNA,C5vsC1_rna
ACZ81_RS15920,-0.3467550761192375,69.72142215559155,0.6070867325664318,0.7493405145600223,RNA,C5vsC1_rna
ACZ81_RS15925,0.3368130518780974,145.41462723348883,0.5748179845932184,0.7227106719486031,RNA,C5vsC1_rna
ACZ81_RS15930,0.1985731594508641,2843.2894979402918,0.7126665543024024,0.8244573863498382,RNA,C5vsC1_rna
ACZ81_RS15935,0.344939836100535,517.1488868519154,0.6190682781441379,0.7582260661408753,RNA,C5vsC1_rna
ACZ81_RS15940,0.2674663399459516,244.28172759890384,0.6961455924037014,0.8152177807132663,RNA,C5vsC1_rna
ACZ81_RS15945,0.5770539073128318,487.8830302312558,0.360420066562553,0.5275368172959953,RNA,C5vsC1_rna
ACZ81_RS15950,0.9023968794576984,98.13214194085214,0.0570765540402213,0.139884627250683,RNA,C5vsC1_rna
ACZ81_RS15955,1.280848337313811,822.2553965242636,0.0392771967259591,0.1042886255887148,RNA,C5vsC1_rna
ACZ81_RS15960,1.7421024797229276,737.1265245882876,0.0219288844551762,0.0682534402126976,RNA,C5vsC1_rna
ACZ81_RS15965,0.4928296515069056,163.2032113114474,0.4065117133829722,0.575485177873142,RNA,C5vsC1_rna
ACZ81_RS15970,-0.7044507235908577,2161.7602697849893,0.0385875325876177,0.1030027815978194,RNA,C5vsC1_rna
ACZ81_RS15975,1.038276810898416,294.3450128955259,0.0033108850538032,0.0162387174032502,RNA,C5vsC1_rna
ACZ81_RS15980,0.651760686392801,204.0214646702386,0.0787293626100548,0.1765579669041588,RNA,C5vsC1_rna
ACZ81_RS15985,-0.2714010685607148,459.5362556891262,0.6936361273019934,0.8134929516357655,RNA,C5vsC1_rna
ACZ81_RS15990,-0.3343081029254917,12787.463108557871,0.65823484231912,0.7889863125075798,RNA,C5vsC1_rna
ACZ81_RS15995,-0.5816830067292584,238.93681256052676,0.5715544523644515,0.7208665397315873,RNA,C5vsC1_rna
ACZ81_RS16000,-0.36258857925,1167.3007042991626,0.572530406396445,0.7209747521336421,RNA,C5vsC1_rna
ACZ81_RS16005,-1.0305933087225732,3270.963624813854,9.4974938365933e-05,0.0009248530405925322,RNA,C5vsC1_rna
ACZ81_RS16010,-1.321032943502871,399.6800605649886,0.0003209378412135048,0.0024857193415995,RNA,C5vsC1_rna
ACZ81_RS16015,-0.3843610462129871,2083.5628542964896,0.3912766480068669,0.5593312754319832,RNA,C5vsC1_rna
ACZ81_RS16020,-0.4043188678325145,962.8325960388238,0.3569212762867301,0.5235715394743551,RNA,C5vsC1_rna
ACZ81_RS16025,-0.7872555346188137,729.4505221574998,0.0138519292509136,0.0479499052240429,RNA,C5vsC1_rna
ACZ81_RS16030,0.5900700261060624,19.499570820043832,0.3113675759669407,0.4758882722969014,RNA,C5vsC1_rna
ACZ81_RS16035,0.3605242706371636,13.78592358275288,0.6967227580046622,0.8155810632077971,RNA,C5vsC1_rna
ACZ81_RS16040,-0.825279314027629,75.99582163536722,0.0560735862117143,0.1380781042771466,RNA,C5vsC1_rna
ACZ81_RS16045,0.4638223816623218,49.657669744901725,0.2969585366229837,0.4590090092727229,RNA,C5vsC1_rna
ACZ81_RS16050,0.3578853406025808,219.95607399478877,0.2540112842467468,0.4131455710911813,RNA,C5vsC1_rna
ACZ81_RS16055,4.32157263820254,2612.759738657412,1.838774442011648e-35,1.2295271768917884e-32,RNA,C5vsC1_rna
ACZ81_RS16060,1.0460693745525662,1131.6101827537836,7.68060209551112e-05,0.000786086112428332,RNA,C5vsC1_rna
ACZ81_RS16065,1.3143004483879352,557.8593015209113,4.925437789807504e-05,0.0005340772003434516,RNA,C5vsC1_rna
ACZ81_RS16070,0.5011116604971119,148.25151110136477,0.2440571769706113,0.4027796766787712,RNA,C5vsC1_rna
ACZ81_RS16075,1.5411878707520972,86.10464710952803,0.0148302999665001,0.0502951508584942,RNA,C5vsC1_rna
ACZ81_RS16080,0.4047991218391422,152.01967194329288,0.4671131561405158,0.6322849671723049,RNA,C5vsC1_rna
ACZ81_RS16085,0.7543378028384847,2303.532184716912,0.2370669234426907,0.3956374778918783,RNA,C5vsC1_rna
ACZ81_RS16090,0.8755080470720566,662.958441872451,0.2425105719213954,0.4012174905355211,RNA,C5vsC1_rna
ACZ81_RS16095,-0.1175888793355194,1712.3038320713588,0.9069580037181986,0.9495604151663396,RNA,C5vsC1_rna
ACZ81_RS16100,-0.3605827546911365,100.99803333283944,0.2688362733316162,0.4288553195254251,RNA,C5vsC1_rna
ACZ81_RS16105,1.3382200230254937,37.23240133330127,0.0025404768806163,0.0129181156464293,RNA,C5vsC1_rna
ACZ81_RS16110,-0.2603749322500917,221.6727325536615,0.4450458614762688,0.6116903036117817,RNA,C5vsC1_rna
ACZ81_RS16115,0.8208230603171396,684.055993879233,0.0716327323361717,0.1641293672945294,RNA,C5vsC1_rna
ACZ81_RS16120,-0.5345587210270812,563.8535210945635,0.0229347301373566,0.0705629887354869,RNA,C5vsC1_rna
ACZ81_RS16125,-1.2857624408233896,115.58460498784224,0.0446213640504327,0.1156465843477623,RNA,C5vsC1_rna
ACZ81_RS16130,-1.155628506687715,37846.74343267942,0.1501618831298641,0.289499988042775,RNA,C5vsC1_rna
ACZ81_RS16135,-1.0458979323150666,115.27992390963054,0.2406788296911534,0.3996703082454088,RNA,C5vsC1_rna
ACZ81_RS16140,-0.8333524521142082,649.279657146393,0.2233369282021742,0.378870087081236,RNA,C5vsC1_rna
ACZ81_RS16145,0.1573565396866132,100.60735537691222,0.7772029340679714,0.8692708824362843,RNA,C5vsC1_rna
ACZ81_RS16150,0.7289374394322122,51.41254773247695,0.1218175733402316,0.245594022231663,RNA,C5vsC1_rna
ACZ81_RS16155,1.0766943830296731,46.390812967200326,0.0086910700136078,0.0337546688234217,RNA,C5vsC1_rna
ACZ81_RS16160,5.353604597337125,4.449925707789175,0.0024333045787122,0.0124998949677252,RNA,C5vsC1_rna
ACZ81_RS16165,0.6301643791027446,93.57657226014706,0.2131469816004509,0.3677920580807875,RNA,C5vsC1_rna
ACZ81_RS16170,-0.5522403041601416,2515.956114661381,0.2684811557313359,0.4285579097967412,RNA,C5vsC1_rna
ACZ81_RS16175,-0.6586583130531468,1376.36359876499,0.2397104285326012,0.3988876977489822,RNA,C5vsC1_rna
ACZ81_RS16180,-0.5949318420055577,597.9173419916339,0.1875538282203681,0.3366738070783522,RNA,C5vsC1_rna
ACZ81_RS16185,0.6800215846255956,601.2216130251666,0.0620248173629689,0.147647038538979,RNA,C5vsC1_rna
ACZ81_RS16190,0.2111612091816834,221.4046051679568,0.5175140883136353,0.6760880893240979,RNA,C5vsC1_rna
ACZ81_RS16195,-0.9981609918973448,849.0864358533878,0.2093142380868607,0.3638512665530699,RNA,C5vsC1_rna
ACZ81_RS16200,1.5091969785435346,1549.6860024816594,0.005343697544939,0.0235592467585663,RNA,C5vsC1_rna
ACZ81_RS16230,-0.6017060225151852,1832.1355109653089,0.0201157783933957,0.06405119278913,RNA,C5vsC1_rna
ACZ81_RS16235,-3.919554092711674,3489.2168421883475,5.1600721192748616e-24,1.3801472895020493e-21,RNA,C5vsC1_rna
ACZ81_RS16240,0.980747947481193,274.9908516329083,0.0581601208889098,0.1415790889209515,RNA,C5vsC1_rna
ACZ81_RS16245,-0.9998274862513018,428.2494467802552,0.0006159874751625571,0.0042317495725208,RNA,C5vsC1_rna
ACZ81_RS16250,-0.3032596305457284,3508.651404157102,0.3697153651209052,0.5378165499873356,RNA,C5vsC1_rna
ACZ81_RS16255,-0.073223335446994,688.3988279040602,0.7573728757219189,0.8565959500370993,RNA,C5vsC1_rna
ACZ81_RS16260,-3.682831429395308,46623.68659436119,3.303029786088068e-08,9.332222184355866e-07,RNA,C5vsC1_rna
ACZ81_RS16265,0.1824485680397191,113.47107749833324,0.5939464499429332,0.7386363419579867,RNA,C5vsC1_rna
ACZ81_RS16270,-0.8691342590406522,6813.714763853519,0.00020967372503959985,0.0017672499681909,RNA,C5vsC1_rna
ACZ81_RS16275,0.6656624674620792,338.65483499187667,0.0208875364515331,0.0659329632128647,RNA,C5vsC1_rna
ACZ81_RS16280,0.123757991580767,203.64143301729172,0.7353491892686044,0.8414777374060585,RNA,C5vsC1_rna
ACZ81_RS16285,0.0773219539256825,878.9920332777397,0.7428001114208675,0.8459023692933637,RNA,C5vsC1_rna
ACZ81_RS16290,0.6197142599516624,905.1465500326768,0.0343332078683301,0.0942802765546842,RNA,C5vsC1_rna
ACZ81_RS16295,-0.0340632221408798,1545.8248159794523,0.893733849013451,0.9418597851962084,RNA,C5vsC1_rna
ACZ81_RS16300,-0.8655527100853021,3090.70901942246,0.0200492064765068,0.0639882184754633,RNA,C5vsC1_rna
ACZ81_RS16305,-1.4109739187196113,4895.673120277087,0.02886844116155,0.083084781879583,RNA,C5vsC1_rna
ACZ81_RS16310,-1.7697440273285312,3969.4548465449807,0.0136037238809794,0.0473357677454375,RNA,C5vsC1_rna
ACZ81_RS16315,-2.0199960244613973,22554.918662780725,0.0013744947261769,0.0079919896252494,RNA,C5vsC1_rna
ACZ81_RS16320,-1.3364387313799695,28011.05502599335,0.0982901511474229,0.2083148898063712,RNA,C5vsC1_rna
ACZ81_RS16325,0.230453527843095,568.0288828715375,0.5456683884603529,0.6992084236674979,RNA,C5vsC1_rna
ACZ81_RS16330,-0.027460771191236,2715.151333266453,0.9592694288681172,0.983539215082772,RNA,C5vsC1_rna
ACZ81_RS16335,0.2730540193740454,1703.8246600447812,0.5531848732512457,0.7065831618860228,RNA,C5vsC1_rna
ACZ81_RS16340,0.6524265066679442,330.718023769723,0.0390799730439298,0.1039577111462592,RNA,C5vsC1_rna
ACZ81_RS16345,0.5599028802775488,508.3469569042501,0.06308774370026,0.148641922316694,RNA,C5vsC1_rna
ACZ81_RS16350,0.275674470839766,503.0484555196333,0.2284591335273917,0.3852787068986529,RNA,C5vsC1_rna
ACZ81_RS16355,0.0563795913818889,261.0737472674104,0.8784694901507359,0.9311435486503108,RNA,C5vsC1_rna
ACZ81_RS16360,0.8677633065897672,113.84480039952828,0.0941096045658549,0.2017651024137003,RNA,C5vsC1_rna
ACZ81_RS16365,0.6782716181681103,113.55457124663748,0.0669617094411555,0.1554689689108309,RNA,C5vsC1_rna
ACZ81_RS16370,0.1541379728286172,517.4305226723784,0.8350997782233753,0.904846380567544,RNA,C5vsC1_rna
ACZ81_RS16375,-1.4575787351809608,14656.062791720702,0.0145573390370606,0.0496211080855456,RNA,C5vsC1_rna
ACZ81_RS16380,-1.3124695061135263,598.0913408366666,0.00012473207416015505,0.00115305318325,RNA,C5vsC1_rna
ACZ81_RS16385,-0.8585496862042322,4923.062607921853,0.0332995527983161,0.0922000040212867,RNA,C5vsC1_rna
ACZ81_RS16390,-3.454077404484132,5196.706473051733,3.6619845005827817e-11,2.295606533802831e-09,RNA,C5vsC1_rna
ACZ81_RS16395,-4.128954616494849,6089.497603155556,,,RNA,C5vsC1_rna
ACZ81_RS16400,0.458643605019753,304.8187527260997,0.2470810385735472,0.405619624197711,RNA,C5vsC1_rna
ACZ81_RS16405,0.279562163669036,648.5874920061524,0.2851850882891045,0.4460672803960575,RNA,C5vsC1_rna
ACZ81_RS16410,-0.0035262390994222,411.30242247512496,0.9894019851875064,0.9964277803271868,RNA,C5vsC1_rna
ACZ81_RS16415,0.5014891471593163,319.3099050187538,0.0552857458746488,0.1368330736885202,RNA,C5vsC1_rna
ACZ81_RS16420,-0.3454126827670373,510.55640384357446,0.3966721245618109,0.5647439899723156,RNA,C5vsC1_rna
ACZ81_RS16425,-0.2353260012587524,6208.246373568121,0.6230692765860708,0.7614236788496241,RNA,C5vsC1_rna
ACZ81_RS16430,-1.1813109089935123,16478.435176544026,0.0522569627467429,0.1303013887755952,RNA,C5vsC1_rna
ACZ81_RS16435,-0.9164698344586988,910.0962973084636,0.0049828205578054,0.0222865954045881,RNA,C5vsC1_rna
ACZ81_RS16440,-0.8347915202406232,498.19810024444064,0.0241697012082864,0.073128839553277,RNA,C5vsC1_rna
ACZ81_RS16445,-1.2648370236162896,789.6669360736757,1.938150245357862e-05,0.0002452952297910329,RNA,C5vsC1_rna
ACZ81_RS16450,-1.1688976152504242,1084.563494402402,0.0613661516926079,0.1469856719944733,RNA,C5vsC1_rna
ACZ81_RS16455,-1.5370731119423615,6995.109805205631,0.0366858521450295,0.0988473061154188,RNA,C5vsC1_rna
ACZ81_RS16460,0.188392197497619,16.504977710257535,0.7722988112198599,0.8651422785364025,RNA,C5vsC1_rna
ACZ81_RS16465,-0.210095215978769,138.1992667688469,0.6449125313129452,0.7772484441968472,RNA,C5vsC1_rna
ACZ81_RS16470,0.0270757181102917,203.223504648583,0.9303166373180471,0.9639736730444805,RNA,C5vsC1_rna
ACZ81_RS16475,0.8196679746625679,935.3292369427908,0.005404803539362,0.0237243673959744,RNA,C5vsC1_rna
ACZ81_RS16480,0.3743503474743485,1167.4047429430068,0.3705647846190409,0.5386615637288377,RNA,C5vsC1_rna
ACZ81_RS16485,0.3710499956349489,217.4668478695916,0.2400936404662289,0.3991942335476628,RNA,C5vsC1_rna
ACZ81_RS16490,-0.3837730872926603,442.4768394969332,0.2854438167199664,0.4462736660457843,RNA,C5vsC1_rna
ACZ81_RS16495,0.6951315273546026,867.9075348516766,0.0013865015869737,0.0080269038483962,RNA,C5vsC1_rna
ACZ81_RS16500,1.1812459425735689,276.3089293311121,0.0013782539270408,0.0080022500076527,RNA,C5vsC1_rna
ACZ81_RS16505,0.2763821816611592,167.47050050908064,0.323599971911943,0.4902881749662823,RNA,C5vsC1_rna
ACZ81_RS16510,-0.194361213128789,35.77591515206691,0.689575141862831,0.8110746025076746,RNA,C5vsC1_rna
ACZ81_RS16520,-0.2624516450720908,0.882653639761123,0.9649716529595042,0.98764558130303,RNA,C5vsC1_rna
ACZ81_RS16525,-0.2207636927983572,716.8424397875101,0.4375919893072087,0.6053910192659654,RNA,C5vsC1_rna
ACZ81_RS16530,-0.3243476776093572,41.69997983956342,0.4901890348002249,0.6544553769113153,RNA,C5vsC1_rna
ACZ81_RS16535,0.0272860910021887,125.9534071285744,0.9367624506842308,0.9676341277407656,RNA,C5vsC1_rna
ACZ81_RS16545,0.3365156844730093,174.29631683060677,0.6741475806074861,0.7991233787229723,RNA,C5vsC1_rna
ACZ81_RS16550,1.0274768504911924,582.4549190874164,0.1574289309040653,0.2994196269892324,RNA,C5vsC1_rna
ACZ81_RS16555,0.0599254271373662,844.6015576559763,0.920585802841504,0.9583264766476682,RNA,C5vsC1_rna
ACZ81_RS16560,-1.138690018710386,120.0763888082658,3.787381242267598e-05,0.00042682509954993273,RNA,C5vsC1_rna
ACZ81_RS16570,0.985165960396032,176.3051650826893,0.010928948740528,0.0404492088071942,RNA,C5vsC1_rna
ACZ81_RS16575,2.0397611916983385,365.2014516524691,0.00033533195920701115,0.0025545655602668,RNA,C5vsC1_rna
ACZ81_RS16580,4.572311726216986,432.1139580137673,1.022001083273388e-09,4.370231875096684e-08,RNA,C5vsC1_rna
ACZ81_RS16585,5.19336554010211,225.24771127589267,1.4469584362218207e-09,5.805197246121945e-08,RNA,C5vsC1_rna
ACZ81_RS16590,5.632185607399209,140.04239970049616,2.5405800278589715e-09,9.707435306447805e-08,RNA,C5vsC1_rna
ACZ81_RS16595,4.546542340502172,296.4654617354783,4.8461382082036086e-11,2.991185614048135e-09,RNA,C5vsC1_rna
ACZ81_RS16600,6.103861185546787,178.45836962608269,9.962555507980031e-10,4.3445405106539e-08,RNA,C5vsC1_rna
ACZ81_RS16605,4.013608481447578,488.74928480221104,7.238702142601082e-08,1.923289602391758e-06,RNA,C5vsC1_rna
ACZ81_RS16610,4.075097484569276,1338.4238616797063,8.87820320556716e-05,0.0008860535139486429,RNA,C5vsC1_rna
ACZ81_RS16615,0.2917186924687165,254.80284638082657,0.3746229609266956,0.5423988882128845,RNA,C5vsC1_rna
ACZ81_RS16620,-1.1413785762866957,80.55027114641838,0.0036720238610946,0.0174758715666804,RNA,C5vsC1_rna
ACZ81_RS16625,0.1427880982220229,113.34153879653276,0.8252909811299914,0.8979795472244719,RNA,C5vsC1_rna
ACZ81_RS16630,-0.8229764429964631,162.11869511717754,0.0170842091281824,0.0560158849247748,RNA,C5vsC1_rna
ACZ81_RS16635,-0.8812230886566386,212.66138130360292,0.0264500369358834,0.0782577788987938,RNA,C5vsC1_rna
ACZ81_RS16640,-1.7911422141568003,129.01184728681187,0.0002644362796361018,0.0021225441106638,RNA,C5vsC1_rna
ACZ81_RS16645,-0.5161943796180717,159.69056259852508,0.0942692771038744,0.2018187511957012,RNA,C5vsC1_rna
ACZ81_RS16650,-0.3251118609248083,1276.9882390687524,0.1405015585993647,0.2755094101176203,RNA,C5vsC1_rna
ACZ81_RS16655,-0.0888586810336113,103.57011942600796,0.8207661168485503,0.8938103061300421,RNA,C5vsC1_rna
ACZ81_RS16660,-0.7131601659020245,153.4873510332529,0.027403376646101,0.0801329060525927,RNA,C5vsC1_rna
ACZ81_RS16665,-0.4384931826688286,54.543068257319554,0.3325397608663595,0.4990149043073808,RNA,C5vsC1_rna
ACZ81_RS16670,-0.4368251187842064,110.71671012293557,0.1748784112110268,0.3212510008143953,RNA,C5vsC1_rna
ACZ81_RS16675,-1.9471770680976053,1764.3333145971635,0.003685732205212,0.0175203289186146,RNA,C5vsC1_rna
ACZ81_RS16680,-1.7554233645346524,2751.5435528964586,0.000626981441229458,0.0042760370743755,RNA,C5vsC1_rna
ACZ81_RS16685,0.3135066169050176,4093.7912868262833,0.4153184668408097,0.585062390788388,RNA,C5vsC1_rna
ACZ81_RS16690,0.260583565753103,1804.328328019359,0.4622131913520686,0.6281840527454265,RNA,C5vsC1_rna
ACZ81_RS16695,0.2865873400423374,1478.050979570197,0.4136823197149835,0.5833720445330453,RNA,C5vsC1_rna
ACZ81_RS16700,0.2009423250465952,3129.965914894713,0.5974515056828191,0.7414601069859809,RNA,C5vsC1_rna
ACZ81_RS16705,-0.035584621154457,4198.7453543265965,0.9314178191146976,0.9643479458808172,RNA,C5vsC1_rna
ACZ81_RS16710,0.4290436558133249,8403.151877906577,0.2352560686730082,0.3935977262369096,RNA,C5vsC1_rna
ACZ81_RS16715,0.231075532924915,1714.1647757834494,0.2551499540311102,0.4139351458038068,RNA,C5vsC1_rna
ACZ81_RS16720,0.5676895056282402,2247.186619134809,0.1056848617494873,0.2207223661316726,RNA,C5vsC1_rna
ACZ81_RS16725,0.0802513456365401,2786.995992633477,0.8591046509519917,0.921006831515808,RNA,C5vsC1_rna
ACZ81_RS16730,1.1897608816398786,6568.124185050007,6.696758296216404e-05,0.0006993069761940119,RNA,C5vsC1_rna
ACZ81_RS16735,0.12167221971454,279.7020500069695,0.661298067687587,0.7902864880991575,RNA,C5vsC1_rna
ACZ81_RS16740,0.6203462808702408,3798.4159381566105,0.0386725526488474,0.103156530786383,RNA,C5vsC1_rna
ACZ81_RS16745,1.134066296742786,5312.809067516248,0.00029737864389840627,0.0023256980883438,RNA,C5vsC1_rna
ACZ81_RS16750,-0.9854099109760812,539.5755857206431,0.0308789307802415,0.0871824562212027,RNA,C5vsC1_rna
ACZ81_RS16755,-1.1690801111633968,220.38525394985732,0.0052172534211919,0.0230524457332844,RNA,C5vsC1_rna
ACZ81_RS16760,1.301628747991619,922.874685441184,0.0005014136198787128,0.003598696677913,RNA,C5vsC1_rna
ACZ81_RS16765,0.8863694608501426,655.595486680515,0.0355752932887827,0.0968304455051535,RNA,C5vsC1_rna
ACZ81_RS16770,0.51106597429021,3070.614543148303,0.4740561600422594,0.6390837748956804,RNA,C5vsC1_rna
ACZ81_RS16775,-2.537475094434907,4919.583040196604,1.6159400882585134e-09,6.41896201395362e-08,RNA,C5vsC1_rna
ACZ81_RS16780,-2.0946112241701016,1509.813187833197,3.0256518943848416e-10,1.5764825195158426e-08,RNA,C5vsC1_rna
ACZ81_RS16785,-2.348449617261722,1109.2048548591074,9.469573411334474e-07,1.918784269003733e-05,RNA,C5vsC1_rna
ACZ81_RS16790,-1.0217368539290257,4123.513691121068,0.0125310207735463,0.0446884047497492,RNA,C5vsC1_rna
ACZ81_RS16795,1.5550090088654696,131.9917588651816,0.0010058019720937,0.0062757037512288,RNA,C5vsC1_rna
ACZ81_RS16800,2.0670587153548787,690.7843024139354,2.8966115667991787e-06,4.743349226938084e-05,RNA,C5vsC1_rna
ACZ81_RS16805,3.8199783711551953,3446.222802955147,4.6212231856566605e-09,1.612204123552567e-07,RNA,C5vsC1_rna
ACZ81_RS16810,3.688063354630681,425.5403541060093,2.357545963222709e-05,0.00028749162323554733,RNA,C5vsC1_rna
ACZ81_RS16815,0.8019601340998677,547.0570688804313,0.00024177535626906187,0.0019877105109661,RNA,C5vsC1_rna
ACZ81_RS16820,0.2199751744628913,218.8174031021072,0.4971741645321769,0.6604843536765211,RNA,C5vsC1_rna
ACZ81_RS16825,0.3746110697958343,401.8411210823586,0.1662762658128919,0.3112935563218656,RNA,C5vsC1_rna
ACZ81_RS16830,-0.0254845901094299,470.5530356720081,0.9164025116274704,0.9557075322717472,RNA,C5vsC1_rna
ACZ81_RS16835,0.5951904132536493,964.5028608731656,0.0624431178231972,0.1479626199561244,RNA,C5vsC1_rna
ACZ81_RS16840,-0.1358142750177604,1578.858710302167,0.5552179277059048,0.7071989212401026,RNA,C5vsC1_rna
ACZ81_RS16845,0.395680522981602,866.2627724308859,0.0383971142206263,0.1026310607949052,RNA,C5vsC1_rna
ACZ81_RS16850,0.9468209847102138,4351.126044656754,0.0810109881774441,0.1803422145868071,RNA,C5vsC1_rna
ACZ81_RS16855,4.495908086957055,4464.186815262603,5.230025974002703e-10,2.5060889290633663e-08,RNA,C5vsC1_rna
ACZ81_RS16860,0.0445900995279019,45.30551756732791,0.9113201802572112,0.9524944212271164,RNA,C5vsC1_rna
ACZ81_RS16865,-0.6939194746532821,1424.2106698298523,0.0645515450463878,0.1510092120851942,RNA,C5vsC1_rna
ACZ81_RS16870,-1.205869318478454,3180.993387835819,0.0363512093011995,0.0981433726220811,RNA,C5vsC1_rna
ACZ81_RS16875,0.0679300803805261,122576.09236594076,0.92583368138526,0.962224800989446,RNA,C5vsC1_rna
ACZ81_RS16880,-1.4236758957686826,12263.56421976421,0.0014548169111566,0.0083262845186309,RNA,C5vsC1_rna
ACZ81_RS16885,-0.8370725490047871,4454.318651529131,0.0618049848094539,0.147576492191205,RNA,C5vsC1_rna
ACZ81_RS16890,-1.1983106244488286,2614.3246439667587,4.787364233991164e-05,0.0005205123389369254,RNA,C5vsC1_rna
ACZ81_RS16895,-0.694532584419454,225.1564881754507,0.0289459548241283,0.0831885177323802,RNA,C5vsC1_rna
ACZ81_RS16900,-0.060748136926794,296.4914101223591,0.7952478405063454,0.8773334787495934,RNA,C5vsC1_rna
ACZ81_RS16905,-0.1657248774597744,103232.66881337904,0.830515912081331,0.901279372266784,RNA,C5vsC1_rna
ACZ81_RS16910,0.313214322283459,27881.10393587673,0.4916026055486668,0.6554701407315557,RNA,C5vsC1_rna
ACZ81_RS16915,0.0903779137474298,606.8860632829109,0.9475112537317948,0.9762237159660916,RNA,C5vsC1_rna
ACZ81_RS16920,0.56036998294894,12593.615452223235,0.6141046159481374,0.7541437769158026,RNA,C5vsC1_rna
ACZ81_RS16925,-0.1303923855595866,440.55602380692994,0.6371305126803044,0.7712718367026337,RNA,C5vsC1_rna
ACZ81_RS16930,-0.215477758757641,793.3217822700501,0.4507657647067839,0.6172260232094255,RNA,C5vsC1_rna
ACZ81_RS16935,2.022691709217157,1514.6735574835047,0.000631250969354513,0.0042793481863181,RNA,C5vsC1_rna
ACZ81_RS16960,0.7344448539781518,213.19882287882203,0.1166581968041851,0.2380634209452649,RNA,C5vsC1_rna
ACZ81_RS16965,0.8708560718995532,339.7861058434917,0.0002181369171861618,0.0018194705026005,RNA,C5vsC1_rna
ACZ81_RS16970,1.7906456663850032,349.4734917502529,4.297351343230026e-16,5.945163306565128e-14,RNA,C5vsC1_rna
ACZ81_RS16975,0.2434347733184569,435.4163807579486,0.6107783752585572,0.7521310133632079,RNA,C5vsC1_rna
ACZ81_RS16980,1.2088303354282173,92.4039590154086,0.00018264414486647608,0.0015658709338549,RNA,C5vsC1_rna
ACZ81_RS16985,-0.81671551451385,0.9702661158995332,0.7885629615129703,0.8749210734485722,RNA,C5vsC1_rna
ACZ81_RS17005,-0.9615135675595008,7950.472192907654,0.00014558416649124338,0.0013184733091712,RNA,C5vsC1_rna
ACZ81_RS17010,0.0537158949031582,369.4585232601751,0.8667643874125648,0.9260875425563808,RNA,C5vsC1_rna
ACZ81_RS17015,-0.1001152002738176,276.1823128154329,0.7545425373829461,0.8541830304685044,RNA,C5vsC1_rna
ACZ81_RS17020,-0.1944194739632936,603.1750788953385,0.5341282912920637,0.6901522398272979,RNA,C5vsC1_rna
ACZ81_RS17025,-0.5488837436847296,126.65131737176004,0.1017306853460818,0.2143610869792438,RNA,C5vsC1_rna
ACZ81_RS17030,1.2571344710627192,20.46847988208947,0.0635063401347733,0.1491729722603692,RNA,C5vsC1_rna
ACZ81_RS17035,0.1881232396386788,1161.902718876845,0.4205326858053688,0.5899620302925869,RNA,C5vsC1_rna
ACZ81_RS17040,1.0887517760030032,222.7208532284735,8.578640149545207e-05,0.0008625940922299593,RNA,C5vsC1_rna
ACZ81_RS17045,0.8451779875054033,249.79927359024853,0.0003837320284869022,0.0028938588313711,RNA,C5vsC1_rna
ACZ81_RS17050,0.4467806227382195,181.01195896817177,0.2685430172554854,0.4285579097967412,RNA,C5vsC1_rna
ACZ81_RS17055,0.6503943318650404,619.1374984625379,0.007456514108463,0.0305007534749146,RNA,C5vsC1_rna
ACZ81_RS17060,0.6230688900819605,382.1356384914213,0.0243235884172806,0.0734836119955797,RNA,C5vsC1_rna
ACZ81_RS17065,0.4330197364410513,2360.2221717384587,0.1079400201547109,0.2241299860926673,RNA,C5vsC1_rna
ACZ81_RS17070,0.4662599846708984,226.3344666949683,0.1508516603952271,0.2904111619508883,RNA,C5vsC1_rna
ACZ81_RS17075,0.456119110117263,123.5383843142338,0.1633906150633873,0.3076129270925903,RNA,C5vsC1_rna
ACZ81_RS17080,0.868618333575993,253.72118898046733,0.0032840494150555,0.0161268130394161,RNA,C5vsC1_rna
ACZ81_RS17085,0.5252560362530769,784.6103591639633,0.1629009308068842,0.3072677641735869,RNA,C5vsC1_rna
ACZ81_RS17090,0.337225094353932,557.2232001493958,0.1255422446995189,0.2514605520391763,RNA,C5vsC1_rna
ACZ81_RS17095,-0.0123501830252694,4078.3419546236846,0.9759194387566592,0.9917398146635552,RNA,C5vsC1_rna
ACZ81_RS17105,0.1013808019621962,167.2564628238366,0.7246290466500449,0.8342070976068809,RNA,C5vsC1_rna
ACZ81_RS17110,0.4321239650576924,178.1342687039752,0.1316445456154733,0.2608187244490267,RNA,C5vsC1_rna
ACZ81_RS17115,-0.2239937477760855,948.8869333015502,0.3755125199437421,0.5434907034683597,RNA,C5vsC1_rna
ACZ81_RS17120,0.5045495501313718,4005.062736568055,0.110664373456724,0.2282701626264149,RNA,C5vsC1_rna
ACZ81_RS17125,0.3843538393334301,2151.335968849532,0.5059812270243897,0.6671037406578546,RNA,C5vsC1_rna
ACZ81_RS17140,0.4634292567428311,300.8610393785861,0.1129178398648729,0.2322021391788161,RNA,C5vsC1_rna
ACZ81_RS17145,0.409998307388855,208.18112134738772,0.2123970685235151,0.3670473787322572,RNA,C5vsC1_rna
ACZ81_RS17150,0.3205544301629136,267.5316624101941,0.4239360226278978,0.5926610794184504,RNA,C5vsC1_rna
ACZ81_RS17155,-0.0108736226187574,1095.846024694257,0.9720972740584508,0.9896668419732336,RNA,C5vsC1_rna
ACZ81_RS17160,0.600593295261223,728.7890168468905,0.0125758857390008,0.0448085733435801,RNA,C5vsC1_rna
ACZ81_RS17165,0.3154124494548213,1480.1872850006391,0.2415834538263424,0.4005234232436798,RNA,C5vsC1_rna
ACZ81_RS17170,0.2000976593512039,790.577861797713,0.3790040624873505,0.5467688956128192,RNA,C5vsC1_rna
ACZ81_RS17175,0.1518545161873926,150.91219207899596,0.6744346361804547,0.7991233787229723,RNA,C5vsC1_rna
ACZ81_RS17180,0.2379709390838746,477.73695953065805,0.5452740865529557,0.6992084236674979,RNA,C5vsC1_rna
ACZ81_RS17185,-0.0700466217713073,701.601664299378,0.8064281032193039,0.8842533806146675,RNA,C5vsC1_rna
ACZ81_RS17190,0.1976321473637356,535.2009831158335,0.5333260943737883,0.6901522398272979,RNA,C5vsC1_rna
ACZ81_RS17195,0.5880567974867776,881.303170152945,0.0515318605275122,0.1288135977796754,RNA,C5vsC1_rna
ACZ81_RS17200,0.8379502234056645,833.7618678231798,0.0391821742278209,0.1041052205311374,RNA,C5vsC1_rna
ACZ81_RS17205,0.4114899606325709,335.8821749229568,0.1167767771201912,0.2381589949482283,RNA,C5vsC1_rna
ACZ81_RS17215,3.324302596631213,18036.032999631578,2.6276828938261152e-05,0.00031563663982126866,RNA,C5vsC1_rna
ACZ81_RS17220,0.2666947240312093,623.3695840734923,0.4243376934622556,0.5929790408117623,RNA,C5vsC1_rna
ACZ81_RS17225,-0.3558268034053294,326.41418891776493,0.2142718488779474,0.3689152833149606,RNA,C5vsC1_rna
ACZ81_RS17230,-0.0945573526466673,742.9108414062894,0.76183276687336,0.8597673869749425,RNA,C5vsC1_rna
ACZ81_RS17235,-0.369278434226748,3513.7978971651096,0.339313792064555,0.5061641434905338,RNA,C5vsC1_rna
ACZ81_RS17240,-0.2311281869535341,157.415766217071,0.4296510501963239,0.5981124265744799,RNA,C5vsC1_rna
ACZ81_RS17245,-0.0405339235416478,119.7865604258512,0.9241915938186992,0.9610619227480606,RNA,C5vsC1_rna
ACZ81_RS17250,0.2937203393644819,561.9382912474446,0.3315417784497804,0.4983685332111349,RNA,C5vsC1_rna
ACZ81_RS17255,0.428448546857701,2111.687397511901,0.0574814066037693,0.1407049440477868,RNA,C5vsC1_rna
ACZ81_RS17260,0.0047702693723894,570.6094991936981,0.9827316109439198,0.99399478436763,RNA,C5vsC1_rna
ACZ81_RS17265,0.1771488409333501,226.3085808149962,0.4560892316100677,0.6221346046697716,RNA,C5vsC1_rna
ACZ81_RS17270,0.410466060802785,4182.653661069032,0.3069918040839339,0.4702753409640102,RNA,C5vsC1_rna
ACZ81_RS17275,0.3901287085728772,13892.972660621825,0.4075895785100447,0.5768075446145677,RNA,C5vsC1_rna
ACZ81_RS17280,0.3614905256446519,9644.347637042558,0.4431144162403501,0.6098713680810582,RNA,C5vsC1_rna
ACZ81_RS17285,0.341473985399855,9892.794696508034,0.3342919886017899,0.5008138380397241,RNA,C5vsC1_rna
ACZ81_RS17290,-0.0201890086016593,8132.913733541307,0.930009847246198,0.9639736730444805,RNA,C5vsC1_rna
ACZ81_RS17295,-0.132257971163491,5335.197687704816,0.6993993339392264,0.817596191073478,RNA,C5vsC1_rna
ACZ81_RS17300,0.6290452289153958,15167.799852897164,0.0504849937266429,0.1269083927514357,RNA,C5vsC1_rna
ACZ81_RS17305,1.251215936676812,3464.006749891456,0.0058803982581875,0.0252052968075302,RNA,C5vsC1_rna
ACZ81_RS17310,1.1329689797050178,1532.6420589630518,0.0205878351081655,0.0652435975149764,RNA,C5vsC1_rna
ACZ81_RS17315,1.06060614590843,4505.600773998825,0.0430330669708598,0.1124014744056574,RNA,C5vsC1_rna
ACZ81_RS17320,1.1506767908799012,3470.0535931445133,0.0228496716750973,0.0704344551242901,RNA,C5vsC1_rna
ACZ81_RS17325,1.0158128533871789,4461.931846188082,0.0524621040148135,0.1307316529859825,RNA,C5vsC1_rna
ACZ81_RS17330,1.005659439008445,2268.3169109335563,0.0920102688437079,0.1984651605381486,RNA,C5vsC1_rna
ACZ81_RS17335,1.05554541611806,3539.0866155087606,0.0688417910017508,0.1588230393898932,RNA,C5vsC1_rna
ACZ81_RS17340,1.025382461288871,7305.4254520167,0.0497704265412642,0.1257424126470732,RNA,C5vsC1_rna
ACZ81_RS17345,1.2836672346322633,7206.217884092488,0.00010390914396870147,0.000990986036977719,RNA,C5vsC1_rna
ACZ81_RS17350,1.2907569937539212,14002.956278665291,4.175958357088545e-05,0.0004611831939641973,RNA,C5vsC1_rna
ACZ81_RS17355,-2.0253298962859985,13559.032738093454,1.7967386887395585e-06,3.276598008737777e-05,RNA,C5vsC1_rna
ACZ81_RS17360,-0.1493392472876202,105.33813012173708,0.6713325824927132,0.797894705724031,RNA,C5vsC1_rna
ACZ81_RS17365,0.5861642242439112,3171.6548957407545,0.1044136888448092,0.2189794666206873,RNA,C5vsC1_rna
ACZ81_RS17370,0.2184046346410499,984.7332375806836,0.5411891371908792,0.6963601085342551,RNA,C5vsC1_rna
ACZ81_RS17375,0.0548565062507581,4313.853059110997,0.7497686487215505,0.8506990437417592,RNA,C5vsC1_rna
ACZ81_RS17380,0.6955918749096067,84.63856481750103,0.0468673264042517,0.1202821500422863,RNA,C5vsC1_rna
ACZ81_RS17390,-0.3955790714692147,726.6330699089949,0.3781389916920527,0.5458441595784831,RNA,C5vsC1_rna
ACZ81_RS17395,-1.0025982536789768,460.0598088641737,0.0009045517453257516,0.0057512862159222,RNA,C5vsC1_rna
ACZ81_RS17400,-3.5062098012136484,169.73639674749478,9.494845166416478e-13,7.325638232242868e-11,RNA,C5vsC1_rna
ACZ81_RS17405,-3.591766356937815,221.96497151269116,1.7377176972552728e-23,4.357327125867597e-21,RNA,C5vsC1_rna
ACZ81_RS17410,-1.8751215748250216,214.40634221830032,3.09920075087294e-05,0.0003572986612787999,RNA,C5vsC1_rna
ACZ81_RS17415,-0.4435937130143252,206.55673971259327,0.1827087452016029,0.3310005112294061,RNA,C5vsC1_rna
ACZ81_RS17420,-2.3442154249849194,1881.5927653870208,2.2250606754915836e-10,1.2228689630235936e-08,RNA,C5vsC1_rna
ACZ81_RS17425,0.9156718552353784,275.32922645825136,0.0050520741035648,0.022496028083798,RNA,C5vsC1_rna
ACZ81_RS17430,0.4904149496832542,877.5528184394769,0.0167219229397292,0.0552167529499535,RNA,C5vsC1_rna
ACZ81_RS17435,0.837421487703354,658.1076758904384,0.0080729486845717,0.032227532460201,RNA,C5vsC1_rna
ACZ81_RS17440,0.7777860239221795,199.06434908376957,0.1364270268558394,0.2684380734407198,RNA,C5vsC1_rna
ACZ81_RS17445,0.7777655381725944,363.9418835504817,0.0164989706555349,0.0546605039388986,RNA,C5vsC1_rna
ACZ81_RS17450,-0.5672488045018756,293.43203295207365,0.0210662006486564,0.0661874422395016,RNA,C5vsC1_rna
ACZ81_RS17455,0.9122508842044263,1112.201650147833,2.0336805256590944e-05,0.000254178388440632,RNA,C5vsC1_rna
ACZ81_RS17460,-0.7327346434014474,424.6920256304121,0.0010282134034393,0.0063758766222543,RNA,C5vsC1_rna
ACZ81_RS17470,-0.6973717165548448,1951.825412808349,0.1619763182025399,0.3058112887663954,RNA,C5vsC1_rna
ACZ81_RS17475,-0.5779104453911634,2988.835182808661,0.2263893094227161,0.3824311197490261,RNA,C5vsC1_rna
ACZ81_RS17480,-0.4071258911414133,1645.5457028498777,0.374450601036072,0.5423450582515238,RNA,C5vsC1_rna
ACZ81_RS17485,-2.2561290037287547,169.04077969181338,2.466007126565992e-06,4.209011474448664e-05,RNA,C5vsC1_rna
ACZ81_RS17490,0.0111214505479862,173.13052012176044,0.9688249533140362,0.9880339889923522,RNA,C5vsC1_rna
ACZ81_RS17495,0.6119815468975267,389.9043649861802,0.0017862656740075,0.0097238777260761,RNA,C5vsC1_rna
ACZ81_RS17500,0.2599533889374567,8768.114258185957,0.6631798432898304,0.7909267334360284,RNA,C5vsC1_rna
ACZ81_RS17505,0.6999833416007961,202.7793445017287,0.0094903794421175,0.0362501028569444,RNA,C5vsC1_rna
ACZ81_RS17510,0.6723168625715952,280.6311540250084,0.06705389408991,0.1555929572520063,RNA,C5vsC1_rna
ACZ81_RS17515,0.4594907686137904,851.290298857903,0.0127354326643285,0.0452965920649698,RNA,C5vsC1_rna
ACZ81_RS17520,0.6078028089657834,785.208338533785,0.0944785321311389,0.2021588644854025,RNA,C5vsC1_rna
ACZ81_RS17525,0.40792472091892,3789.448168215978,0.1609392934135179,0.3041396350329881,RNA,C5vsC1_rna
ACZ81_RS17530,0.055215417497804,3211.645757773343,0.9265528957630096,0.962224800989446,RNA,C5vsC1_rna
ACZ81_RS17535,-0.0546861840317528,1178.614334879871,0.9297783329427458,0.9639736730444805,RNA,C5vsC1_rna
ACZ81_RS17540,-0.9860061699184448,1319.2015392548717,0.0021533106782474,0.0114424932995083,RNA,C5vsC1_rna
ACZ81_RS17545,-0.1756488785101385,691.621693418485,0.6857568817625537,0.8080048780121484,RNA,C5vsC1_rna
ACZ81_RS17550,-0.0038743948775269,1451.7402458944234,0.9898405610281744,0.9964277803271868,RNA,C5vsC1_rna
ACZ81_RS17555,0.4415643471092696,617.0617503910681,0.1735427083418971,0.319822391303487,RNA,C5vsC1_rna
ACZ81_RS17560,0.582003179206142,205.79827022950155,0.3052448185640678,0.4684935776889977,RNA,C5vsC1_rna
ACZ81_RS17565,0.1643453600055733,55.91995370159061,0.7510329061951468,0.851651786222422,RNA,C5vsC1_rna
ACZ81_RS17570,1.5317883393656355,754.6446854414445,3.89753718250566e-07,8.73570903699034e-06,RNA,C5vsC1_rna
ACZ81_RS17575,0.3456426774077971,699.7717021577298,0.2325237401190231,0.3900021928752177,RNA,C5vsC1_rna
ACZ81_RS17580,0.8161158718448847,886.5624310110604,0.1177299228978045,0.2390649898813013,RNA,C5vsC1_rna
ACZ81_RS17585,0.6838038951180129,300.4891339276667,0.0895895270553855,0.19439328423267,RNA,C5vsC1_rna
ACZ81_RS17590,0.4279391686268307,195.32853831394053,0.239500020491836,0.3987029386776954,RNA,C5vsC1_rna
ACZ81_RS17595,1.0765929698106596,64.74241841405377,0.014309131229474,0.0490249654078989,RNA,C5vsC1_rna
ACZ81_RS17600,-1.1025780650207035,119.69314321020812,0.0645141018901593,0.1510092120851942,RNA,C5vsC1_rna
ACZ81_RS17605,-0.356355358052924,22.471093681981124,0.6449302270018207,0.7772484441968472,RNA,C5vsC1_rna
ACZ81_RS17610,0.0229322330064926,620.3752778968498,0.9382743459255404,0.9680718600643888,RNA,C5vsC1_rna
ACZ81_RS17615,-0.8505472558468572,13.82016039283826,0.2822962753030787,0.4432468275483882,RNA,C5vsC1_rna
ACZ81_RS17620,-0.3012759292707744,11.84326041217154,0.7174445957535335,0.8285514444914153,RNA,C5vsC1_rna
ACZ81_RS17625,3.2557281884563345,3.13786541052721,0.0621710117380016,0.1477666463820275,RNA,C5vsC1_rna
ACZ81_RS17630,3.865770363564051,4.06422791315824,0.025282601112727,0.0755277704127037,RNA,C5vsC1_rna
ACZ81_RS17635,-0.8072597828982867,11.512298897878848,0.3454629768673319,0.5123835353758728,RNA,C5vsC1_rna
ACZ81_RS17640,-0.9651851991320254,24.34514685172521,0.0839536309452681,0.1846611663116313,RNA,C5vsC1_rna
ACZ81_RS17645,-0.9646438560932244,45.027675355236674,0.0253136599781552,0.0755642885657432,RNA,C5vsC1_rna
ACZ81_RS17650,-2.141942167792175,0.3825332339110174,0.6761057534537687,0.800085312796799,RNA,C5vsC1_rna
ACZ81_RS17655,0.6793740894134822,1225.3215576562716,0.0800613206933919,0.1787456976193036,RNA,C5vsC1_rna
ACZ81_RS17660,2.19354113138029,376.06384100601736,0.0023887724506046,0.0123343051117451,RNA,C5vsC1_rna
ACZ81_RS17665,0.0098529578086846,190.4240469348687,0.9795279862149464,0.9930804555435218,RNA,C5vsC1_rna
ACZ81_RS17670,0.7994303189583748,161.4098552847331,0.0134604875715523,0.0470004143925745,RNA,C5vsC1_rna
ACZ81_RS17675,0.3043098180558284,470.0169709467986,0.2284106859409519,0.3852787068986529,RNA,C5vsC1_rna
ACZ81_RS17680,0.6095994179151881,310.8323373553763,0.0383723093414494,0.1026310607949052,RNA,C5vsC1_rna
ACZ81_RS17685,1.405004627371047,1014.8757576711996,0.0492938340023087,0.124931687945207,RNA,C5vsC1_rna
ACZ81_RS17695,-0.7769558984288769,99.25681259288186,0.1656885499464199,0.3110633890430682,RNA,C5vsC1_rna
ACZ81_RS17700,-0.7193480934842219,1699.319355234104,0.0794430486908435,0.1777610213874312,RNA,C5vsC1_rna
ACZ81_RS17705,0.8515684802072511,86.95867989531486,0.0866136533343887,0.1892668721010717,RNA,C5vsC1_rna
ACZ81_RS17710,0.8554565894249694,216.51578393154333,0.042163643709994,0.1106347538028097,RNA,C5vsC1_rna
ACZ81_RS17715,0.0743999282460763,328.57840948219047,0.8156844507772284,0.8910121000767736,RNA,C5vsC1_rna
ACZ81_RS17720,0.076854486431132,1111.9901798115982,0.8261003455522691,0.8979795472244719,RNA,C5vsC1_rna
ACZ81_RS17725,-0.2054727636612724,242.48253958652677,0.6104591448982224,0.7519687102645588,RNA,C5vsC1_rna
ACZ81_RS17730,-0.6030831249989329,668.0059279760247,0.0420315977767469,0.1104814123163972,RNA,C5vsC1_rna
ACZ81_RS17735,-0.2646217830362023,90.13207132600353,0.4910714903974139,0.6551974790403806,RNA,C5vsC1_rna
ACZ81_RS17740,0.5136480055019165,598.6968229153362,0.0159293446188059,0.053257108842208,RNA,C5vsC1_rna
ACZ81_RS17745,-0.4123244130634985,21212.995416161004,0.2197039233315242,0.3747670664991817,RNA,C5vsC1_rna
ACZ81_RS17750,0.9783924945195926,482.834203798524,1.8746799069088083e-06,3.357685618981312e-05,RNA,C5vsC1_rna
ACZ81_RS17755,-0.1488080282841886,810.6272632177418,0.5603772555946152,0.710791511048244,RNA,C5vsC1_rna
ACZ81_RS17760,-0.771628838238202,444.238744376663,0.0468896517113997,0.1202821500422863,RNA,C5vsC1_rna
ACZ81_RS17765,-0.5533480600249189,820.6244305778501,0.0200271392528289,0.0639720403521891,RNA,C5vsC1_rna
ACZ81_RS17770,-0.6401123737332398,1936.2984393782792,0.0262261632272564,0.0777674551868091,RNA,C5vsC1_rna
ACZ81_RS17775,0.5260515671578133,161.8297318600263,0.2541483722465193,0.4131455710911813,RNA,C5vsC1_rna
ACZ81_RS17780,0.0895312881652697,322.637297580045,0.798041509349501,0.8791602320778495,RNA,C5vsC1_rna
ACZ81_RS17785,-0.4275085653242881,132.40462194843053,0.1733268906636845,0.3195714546611684,RNA,C5vsC1_rna
ACZ81_RS17790,-0.1441217003412878,817.1917328870741,0.792506073801793,0.8765163309354137,RNA,C5vsC1_rna
ACZ81_RS17795,-0.3707740829106419,3818.675514139961,0.2394469776692717,0.3987029386776954,RNA,C5vsC1_rna
ACZ81_RS17800,0.2350787062181938,130.83384574947883,0.4887305186579643,0.6529426709476367,RNA,C5vsC1_rna
ACZ81_RS17805,0.6781507762334786,1425.5119171746069,0.0138488248303444,0.0479499052240429,RNA,C5vsC1_rna
ACZ81_RS17810,0.3540106136348914,164.79177153247483,0.3731565335695259,0.5412169596892347,RNA,C5vsC1_rna
ACZ81_RS17815,0.4557472130381735,1080.4248455347345,0.1299585802414179,0.2581284770806478,RNA,C5vsC1_rna
ACZ81_RS17820,0.9157462198575848,145.00361385716934,0.0381474054393152,0.102292820818365,RNA,C5vsC1_rna
ACZ81_RS17825,1.409610916657683,636.3922049129766,1.987033809402797e-06,3.496482299703519e-05,RNA,C5vsC1_rna
ACZ81_RS17830,0.4414303825568753,372.23265950329954,0.1475057352973238,0.2858116056267623,RNA,C5vsC1_rna
ACZ81_RS17835,0.7212749180558996,2176.6628032152944,0.0103871970222162,0.0389107697975085,RNA,C5vsC1_rna
ACZ81_RS17840,-1.7956274632304867,2516.770816537062,2.6737658063671938e-08,7.717372960536102e-07,RNA,C5vsC1_rna
ACZ81_RS17845,0.5563876221645045,145.59048396886644,0.1447267920888801,0.2822268954698518,RNA,C5vsC1_rna
ACZ81_RS17850,0.7650828883664634,153.8565124115688,0.0342717249128841,0.0942802765546842,RNA,C5vsC1_rna
ACZ81_RS17855,0.8027960798393664,355.16107983128217,0.0245583404634938,0.0739700164711239,RNA,C5vsC1_rna
ACZ81_RS17860,-0.7983197699429196,814.7224871777945,0.0617325823101502,0.147576492191205,RNA,C5vsC1_rna
ACZ81_RS17865,-0.9647910312175608,744.0920272683844,0.0162211230706523,0.0540075898418731,RNA,C5vsC1_rna
ACZ81_RS17870,-0.6228839778902119,176.01777904167952,0.0297316883906071,0.0847786310043468,RNA,C5vsC1_rna
ACZ81_RS17875,-0.0176452161066163,206.08529892394253,0.943337514773752,0.9726728628301962,RNA,C5vsC1_rna
ACZ81_RS17880,0.8199705792574441,649.4435532678726,0.0061199178142516,0.0259821272706641,RNA,C5vsC1_rna
ACZ81_RS17885,0.6974847197942227,447.8516884899898,0.0129686701003879,0.0458416779231334,RNA,C5vsC1_rna
ACZ81_RS17890,0.2687052079836212,1441.1243812359014,0.4374787621666958,0.6053910192659654,RNA,C5vsC1_rna
ACZ81_RS17895,1.1465997519120392,1566.6089361485142,0.0001577183328022901,0.0014124239982205,RNA,C5vsC1_rna
ACZ81_RS17900,1.2253905460197028,86.37987917448201,0.0022993929009792,0.0119342358586398,RNA,C5vsC1_rna
ACZ81_RS17905,1.0465015357785148,147.59490625173206,0.0577863144965893,0.1410211032605331,RNA,C5vsC1_rna
ACZ81_RS17910,0.2798592959554674,55.02297305129839,0.6529105814108029,0.7838052820527054,RNA,C5vsC1_rna
ACZ81_RS17915,0.3457319239629017,152.52591488153044,0.527543586944813,0.6849530326286697,RNA,C5vsC1_rna
ACZ81_RS17920,0.9005521114866654,10.445990704296578,0.2991225212839399,0.4610370938882701,RNA,C5vsC1_rna
ACZ81_RS17925,0.4951683764411328,75.74539279217335,0.1220827506207048,0.2460050203366488,RNA,C5vsC1_rna
ACZ81_RS17930,0.6029729751404314,9.578837978918228,0.4298284851443649,0.5981518842869206,RNA,C5vsC1_rna
ACZ81_RS17935,-0.3932740454391693,202.96594141537105,0.4146464816538813,0.5845262418817189,RNA,C5vsC1_rna
ACZ81_RS17940,0.4985149053265408,9.719468130639957,0.6089094209833681,0.7509820464141632,RNA,C5vsC1_rna
ACZ81_RS17945,1.1300474334759236,6.946054714041974,0.2340154874211742,0.3922368449858855,RNA,C5vsC1_rna
ACZ81_RS17950,-0.0487834723331196,5.594423842203195,0.9655065018668654,0.9877905593343982,RNA,C5vsC1_rna
ACZ81_RS17955,0.2901549947362444,29.48024258170077,0.6303558749338114,0.767354598438002,RNA,C5vsC1_rna
ACZ81_RS17960,1.6255953741065323,15.091277528514242,0.0752402259737902,0.1704482137813928,RNA,C5vsC1_rna
ACZ81_RS17965,2.0843990419329224,80.34598407035378,0.0142570332176346,0.0489300404355434,RNA,C5vsC1_rna
ACZ81_RS17970,0.397333620616665,63.15483743602224,0.4958541694182877,0.6596044190007196,RNA,C5vsC1_rna
ACZ81_RS17975,-0.0399036755711238,207.62294534751211,0.8975550334426627,0.943408644006278,RNA,C5vsC1_rna
ACZ81_RS17980,-0.3189732845740614,94.82096280569962,0.5784828571253137,0.7257264611590863,RNA,C5vsC1_rna
ACZ81_RS17985,-0.1140594949658902,180.3544873841924,0.691944867630947,0.8124327799049925,RNA,C5vsC1_rna
ACZ81_RS17990,0.3899147667044222,1060.7268388617156,0.0834897183193855,0.1838423435221595,RNA,C5vsC1_rna
ACZ81_RS17995,0.486699902364782,3048.382181686252,0.3401257160298032,0.5070919259426127,RNA,C5vsC1_rna
ACZ81_RS18000,0.7944300263030035,7028.041341726927,0.0032265437325933,0.0159419870137492,RNA,C5vsC1_rna
ACZ81_RS18005,1.0341616058898058,5828.725488937952,0.0092443587913048,0.0354912607375265,RNA,C5vsC1_rna
ACZ81_RS18010,1.3032195051960174,5016.027749135219,0.00021502077529876967,0.0017979927882731,RNA,C5vsC1_rna
ACZ81_RS18015,1.0291704585854762,14605.674561960675,0.0124292971870193,0.0443937994911132,RNA,C5vsC1_rna
ACZ81_RS18020,0.6975584820494952,16288.111058060658,0.0410469183929396,0.1083422609161011,RNA,C5vsC1_rna
ACZ81_RS18025,1.4711375288307684,4902.4285206041495,2.5362273768995885e-06,4.2574662075820704e-05,RNA,C5vsC1_rna
ACZ81_RS18030,1.557828154640736,9744.746008458562,4.023033223779337e-08,1.1208617565140765e-06,RNA,C5vsC1_rna
ACZ81_RS18035,2.1975205200489563,10281.246527190053,2.3386263863329765e-07,5.476329486328572e-06,RNA,C5vsC1_rna
ACZ81_RS18040,1.8569632595016483,8850.31974117547,0.00028285435707479603,0.0022346108999194,RNA,C5vsC1_rna
ACZ81_RS18045,0.3894205480961491,22.507652252654744,0.4945940829832175,0.6581464215352135,RNA,C5vsC1_rna
ACZ81_RS18055,1.8646714276173133,2414.289012399488,2.1418760972631036e-05,0.0002660435573442591,RNA,C5vsC1_rna
ACZ81_RS18060,1.9892367271337823,1765.6946765807277,0.0001641165049997481,0.0014502982776629,RNA,C5vsC1_rna
ACZ81_RS18070,0.2241137427595975,430.8903965513035,0.4227259953169803,0.5915509917027294,RNA,C5vsC1_rna
ACZ81_RS18075,1.1830575208068514,185.9173221832724,0.0112612436142299,0.0413358731750143,RNA,C5vsC1_rna
ACZ81_RS18080,0.8404111342266446,1552.7836453614682,0.00022060146008927,0.0018324079873253,RNA,C5vsC1_rna
ACZ81_RS18085,0.3165086750045685,17.140309052320834,0.6261021313239041,0.7633921689561919,RNA,C5vsC1_rna
ACZ81_RS18090,-0.582663721213681,97.80109933166698,0.2363398343926126,0.3950814231596507,RNA,C5vsC1_rna
ACZ81_RS18095,-0.3016131463043953,710.0567316262276,0.2573873413590666,0.4160507709639707,RNA,C5vsC1_rna
ACZ81_RS18100,-1.13656170814916,475.860517994314,2.183541772099955e-07,5.245730293212587e-06,RNA,C5vsC1_rna
ACZ81_RS18105,-0.2351673487434404,1525.298204483108,0.4567699252179873,0.6224318720507578,RNA,C5vsC1_rna
ACZ81_RS18110,-2.2755371846075305,1173.1889775481131,2.4369857430384203e-06,4.178284957722283e-05,RNA,C5vsC1_rna
ACZ81_RS18115,0.3524423417212126,485.9822218174781,0.1105309503211588,0.2281122287492228,RNA,C5vsC1_rna
ACZ81_RS18120,0.0615733521815666,211.34590852031275,0.8279305222056026,0.8992350473511052,RNA,C5vsC1_rna
ACZ81_RS18125,-0.4313386968806222,202.16872589844436,0.1328946829430996,0.2629060492937454,RNA,C5vsC1_rna
ACZ81_RS18130,-0.3983215143854867,1840.5125140750763,0.516804622371334,0.6758214292548214,RNA,C5vsC1_rna
ACZ81_RS18135,-0.6005820736985805,2390.185098986586,0.2345053642662211,0.3926692493472785,RNA,C5vsC1_rna
ACZ81_RS18140,-1.3224242928746752,6705.757677022404,0.0432360671477939,0.1127992896101505,RNA,C5vsC1_rna
ACZ81_RS18145,-2.0758754850014327,11795.651381686745,4.759355321313463e-09,1.6460804783715186e-07,RNA,C5vsC1_rna
ACZ81_RS18150,-1.2027482571830432,574.8222183512244,2.3284346659503365e-05,0.0002852162387242228,RNA,C5vsC1_rna
ACZ81_RS18155,0.4400100891586785,638.3761113918382,0.2125846365303975,0.3670473787322572,RNA,C5vsC1_rna
ACZ81_RS18160,-0.7421085008300861,1870.3059395395796,0.001635136853364,0.0090735394961226,RNA,C5vsC1_rna
ACZ81_RS18170,0.1705860622943541,102.6936532107304,0.576080106240059,0.7239714935775708,RNA,C5vsC1_rna
ACZ81_RS18175,0.2586877419545962,339.8818850806617,0.448137893980604,0.6146766600513448,RNA,C5vsC1_rna
ACZ81_RS18180,1.4064476608515235,50.62916144826081,0.0047641244334141,0.0214760305919749,RNA,C5vsC1_rna
ACZ81_RS18185,-1.4373597780151257,155.3509070422149,4.031104280062747e-05,0.00044799973328564377,RNA,C5vsC1_rna
ACZ81_RS18190,-1.068412657002176,422.52005455780375,0.00039788436734928433,0.0029624007591586,RNA,C5vsC1_rna
ACZ81_RS18195,-0.9433696651335354,613.6861123828166,0.0008012075999898376,0.0052352522657316,RNA,C5vsC1_rna
ACZ81_RS18200,-0.1342258757109875,343.121100160335,0.6589777225487399,0.789235230284778,RNA,C5vsC1_rna
ACZ81_RS18205,0.3427279823347671,570.6255069046745,0.5556059321407786,0.7071989212401026,RNA,C5vsC1_rna
ACZ81_RS18210,-0.3535698518805164,175.02124430758974,0.225877672588512,0.381844889732802,RNA,C5vsC1_rna
ACZ81_RS18215,-0.2359158922902701,114.85522063517,0.5314223392591839,0.6883241685597988,RNA,C5vsC1_rna
ACZ81_RS18220,0.0999713700778401,13.657858498357152,0.9173955635995384,0.9562460382336574,RNA,C5vsC1_rna
ACZ81_RS18225,-2.091199633769554,233.22490653502248,5.4126131392374166e-08,1.4672570212581428e-06,RNA,C5vsC1_rna
ACZ81_RS18230,0.2765386870350101,328.5656558022513,0.4260871956338762,0.5945954187419519,RNA,C5vsC1_rna
ACZ81_RS18235,0.1261005338641734,238.46394737188805,0.7978193290508009,0.8791602320778495,RNA,C5vsC1_rna
ACZ81_RS18240,0.5214404894486013,534.0832722839979,0.3548869089766477,0.5213497908510841,RNA,C5vsC1_rna
ACZ81_RS18245,-0.1319625576470386,3249.8794894692787,0.7794116299919608,0.8703032172356656,RNA,C5vsC1_rna
ACZ81_RS18250,-1.2297701492607038,908.742528608933,0.0233444585650102,0.0715492496278236,RNA,C5vsC1_rna
ACZ81_RS18255,-0.0947814488708543,91.68917636357666,0.8392502638882036,0.9080561107657694,RNA,C5vsC1_rna
ACZ81_RS18260,0.6061171791982738,1964.593487866793,0.1239683772807525,0.2486805648251895,RNA,C5vsC1_rna
ACZ81_RS18265,0.028203504411632,1901.6221898090864,0.9405683725599536,0.970066917920446,RNA,C5vsC1_rna
ACZ81_RS18270,-0.937648783958814,557.4223878738844,0.0123484684806019,0.0442467119792051,RNA,C5vsC1_rna
ACZ81_RS18275,-0.4275622341669169,4825.998147140591,0.4027689152079192,0.5711943753319801,RNA,C5vsC1_rna
ACZ81_RS18280,0.0798792053695722,3479.1393645150165,0.793347774092155,0.8765716021293768,RNA,C5vsC1_rna
ACZ81_RS18285,-1.416143657247583,2358.359698005067,3.5264601750832865e-05,0.00039966548650943913,RNA,C5vsC1_rna
ACZ81_RS18290,-1.850289661856096,5562.789301015734,2.500129917067301e-06,4.219369017444969e-05,RNA,C5vsC1_rna
ACZ81_RS18295,-0.4702076918309008,8868.142298716302,0.066230510713147,0.154128079455421,RNA,C5vsC1_rna
ACZ81_RS18300,-0.2033362561856389,1818.808921304828,0.5448226938653102,0.6991809430006819,RNA,C5vsC1_rna
ACZ81_RS18305,-0.3839058390429923,1835.5093125706092,0.3530797319774848,0.5204162830304998,RNA,C5vsC1_rna
ACZ81_RS18310,-0.450552392900001,527.4140347221454,0.0254229286165016,0.0757777040188741,RNA,C5vsC1_rna
ACZ81_RS18315,-0.4955891240755438,1033.3182041648408,0.0710662821076643,0.1632043067063247,RNA,C5vsC1_rna
ACZ81_RS18320,-0.5109358418476686,778.642286787513,0.1754011068370983,0.3220637256889878,RNA,C5vsC1_rna
ACZ81_RS18325,0.0472095500253392,1273.8609164596778,0.8499518420052081,0.9156838856404124,RNA,C5vsC1_rna
ACZ81_RS18330,-0.3909318442413437,583.9773575418048,0.0685381870869904,0.1582847846372615,RNA,C5vsC1_rna
ACZ81_RS18335,0.8048230247972447,406.5329095050639,0.0044710750275867,0.0204537662607504,RNA,C5vsC1_rna
ACZ81_RS18340,0.6486587787608376,1769.170499021423,0.0034666764882055,0.0167772087704228,RNA,C5vsC1_rna
ACZ81_RS18345,-0.0933101215674309,739.6870402847906,0.578761358393479,0.7258488808610934,RNA,C5vsC1_rna
ACZ81_RS18350,-0.5793625636516015,1180.2354996741678,0.0804905103555687,0.1795041287084724,RNA,C5vsC1_rna
ACZ81_RS18355,-0.1609484001286611,1448.523058900821,0.4752537972359774,0.6400531166534882,RNA,C5vsC1_rna
ACZ81_RS18360,0.0204343404725445,787.3628884330266,0.9209526639459668,0.9584596855385782,RNA,C5vsC1_rna
ACZ81_RS18365,-0.0126195950078935,1036.1959271750802,0.9483931791560772,0.9764724044926492,RNA,C5vsC1_rna
ACZ81_RS18370,-0.0062314856173572,11206.866969026429,0.9784225677626448,0.9927747450338216,RNA,C5vsC1_rna
ACZ81_RS18375,0.0861885105280875,1715.171021151417,0.5447993009370906,0.6991809430006819,RNA,C5vsC1_rna
ACZ81_RS18380,-1.3214504239156677,721.1362527718353,0.0120657929750454,0.0436501004651779,RNA,C5vsC1_rna
ACZ81_RS18385,-0.3046106529585349,603.3768434846354,0.4114712294247098,0.5808664927698579,RNA,C5vsC1_rna
ACZ81_RS18390,-1.0090145601313751,254.98498822831093,0.0102240565972792,0.0384432193704634,RNA,C5vsC1_rna
ACZ81_RS18395,-1.5594420598651777,351.8107695127204,0.0016318621222562,0.009067909743064,RNA,C5vsC1_rna
ACZ81_RS18400,0.4790583703818307,472.72227681270107,0.0300674242494275,0.08555355041752,RNA,C5vsC1_rna
ACZ81_RS18405,0.6840692878877244,377.7020798987467,0.0062639552214938,0.0264619928440379,RNA,C5vsC1_rna
ACZ81_RS18410,0.0744801740961577,79.83935091644179,0.8822673154921257,0.9334537103782722,RNA,C5vsC1_rna
ACZ81_RS18415,0.081955300908925,53.43534718805931,0.8596316736779254,0.921006831515808,RNA,C5vsC1_rna
ACZ81_RS18420,-0.1176430268174397,32.03577648118695,0.8295451606654638,0.9004694763500651,RNA,C5vsC1_rna
ACZ81_RS18425,1.0867422280901418,122.88140116208692,0.0083702341272544,0.0328801884026576,RNA,C5vsC1_rna
ACZ81_RS18430,2.4211689795551563,184.8034633381722,1.4383672131644171e-08,4.306514372548986e-07,RNA,C5vsC1_rna
ACZ81_RS18435,1.6937649916225956,636.9768669895113,0.0005856444454588919,0.0040510439916915,RNA,C5vsC1_rna
ACZ81_RS18440,-0.2466123512384169,511.3679720474455,0.1150397962262897,0.2354758886724695,RNA,C5vsC1_rna
ACZ81_RS18445,1.1433054045562998,4993.448074594958,0.0207161326735672,0.065546627986082,RNA,C5vsC1_rna
ACZ81_RS18450,1.350147140177142,3947.8437789806553,0.0323917141775396,0.0905190700307418,RNA,C5vsC1_rna
ACZ81_RS18455,1.2890894074183603,9826.221308122098,0.0032779159614567,0.0161164201438291,RNA,C5vsC1_rna
ACZ81_RS18460,-1.7649166366449631,760.4581034977143,0.0010899471303334,0.0066456958767446,RNA,C5vsC1_rna
ACZ81_RS18465,-0.2937555677068549,486.7452814772534,0.431224704822439,0.5998867946420338,RNA,C5vsC1_rna
ACZ81_RS18470,0.468543206095619,239.1434335190377,0.0511757168162318,0.128082954377244,RNA,C5vsC1_rna
ACZ81_RS18475,-0.4671348070977836,1247.9435529204388,0.1693504334353754,0.314140313292377,RNA,C5vsC1_rna
ACZ81_RS18480,-0.7793503091688191,3023.21594278642,0.0003317777407013998,0.0025451095519962,RNA,C5vsC1_rna
ACZ81_RS18485,-1.1553330800684043,1333.9140879531094,0.0036202397427257,0.0172975593053121,RNA,C5vsC1_rna
ACZ81_RS18490,0.3429684074640137,100.24306553526202,0.3456690037009127,0.5124996462853147,RNA,C5vsC1_rna
ACZ81_RS18495,0.3338403030658108,601.1965263024719,0.2156017007454749,0.3702351268796606,RNA,C5vsC1_rna
ACZ81_RS18500,0.3137230854330993,450.72648393280593,0.3222094004599196,0.4887350149887324,RNA,C5vsC1_rna
ACZ81_RS18505,0.4623871104992149,553.978227060232,0.281586676670273,0.4425091056800374,RNA,C5vsC1_rna
ACZ81_RS18510,0.2934774232030008,332.5697009235037,0.609495623617456,0.7514740141220755,RNA,C5vsC1_rna
ACZ81_RS18515,-0.0803113846710271,398.61520862445406,0.7783726256691974,0.8696271161751099,RNA,C5vsC1_rna
ACZ81_RS18520,0.3555499618850711,110.00444047892434,0.3204364705026541,0.4869663332032758,RNA,C5vsC1_rna
ACZ81_RS18525,0.4836214466496882,549.9687373308175,0.256849203603452,0.415651717924158,RNA,C5vsC1_rna
ACZ81_RS18530,0.2965251254403465,337.48212401032924,0.3444804014522232,0.5113042436649351,RNA,C5vsC1_rna
ACZ81_RS18535,1.2731455565372356,1329.6017331683292,0.0207819784621118,0.0657031501891196,RNA,C5vsC1_rna
ACZ81_RS18540,-0.1636459642227417,494.5679285534762,0.2917570607455624,0.4534577967578735,RNA,C5vsC1_rna
ACZ81_RS18545,-0.4895560020412138,129.41049799812492,0.1444607390888435,0.2820323529072703,RNA,C5vsC1_rna
ACZ81_RS18550,-0.5468494357871112,275.76682038848105,0.0271808062233233,0.0795980982247978,RNA,C5vsC1_rna
ACZ81_RS18555,-0.6536627636473142,331.3732870337506,0.0215271700690238,0.0672116780676447,RNA,C5vsC1_rna
ACZ81_RS18560,-1.4037487376737068,5079.58379811825,0.00016372140090945483,0.001450000574942,RNA,C5vsC1_rna
ACZ81_RS18565,-0.6998731978360088,803.7866295200159,0.0410370146181297,0.1083422609161011,RNA,C5vsC1_rna
ACZ81_RS18570,0.3991975959967994,13.35729406407845,0.5353487501177485,0.691506498864265,RNA,C5vsC1_rna
ACZ81_RS18575,-0.547441987275377,262.5387226823429,0.2378289678566863,0.396526397498071,RNA,C5vsC1_rna
ACZ81_RS18580,-0.0767951038130571,692.2414939094683,0.662313899630037,0.7904386693522638,RNA,C5vsC1_rna
ACZ81_RS18585,0.4661585988427994,281.68923917723265,0.1207597062915753,0.2437062080693159,RNA,C5vsC1_rna
ACZ81_RS18590,-0.2785911432640068,489.8630612546303,0.6419598842217336,0.7752989330215518,RNA,C5vsC1_rna
ACZ81_RS18595,-0.4765162792011698,652.2424969972442,0.3960706072346122,0.5645357950561404,RNA,C5vsC1_rna
ACZ81_RS18600,-0.7176946357273932,148.78688255817124,0.3729248996209983,0.5411120062493473,RNA,C5vsC1_rna
ACZ81_RS18605,-0.6580031208100289,1068.0582543522255,0.4169139161087641,0.5863758400159029,RNA,C5vsC1_rna
ACZ81_RS18610,-0.6396109277517212,1794.7499678253223,0.4282014361213738,0.5967155823963015,RNA,C5vsC1_rna
ACZ81_RS18615,-0.0540181909418654,732.0488587848633,0.9293691674470632,0.9639736730444805,RNA,C5vsC1_rna
ACZ81_RS18620,0.2592343426545433,158.858704907344,0.3759601007059126,0.5439422733617459,RNA,C5vsC1_rna
ACZ81_RS18625,0.0872412194983462,364.43709303666185,0.7050512770959635,0.8201408303012483,RNA,C5vsC1_rna
ACZ81_RS18630,-0.6780745138685023,143.02632407992263,0.1229406878605045,0.2473627227244104,RNA,C5vsC1_rna
ACZ81_RS18635,0.1039427502461322,587.7066564912064,0.780979113397355,0.8714082128144909,RNA,C5vsC1_rna
ACZ81_RS18640,0.5543291676913447,142.19516263601386,0.4725892963418749,0.6377491614273805,RNA,C5vsC1_rna
ACZ81_RS18645,-1.0765213180780488,333.8881735162228,0.0412333790920878,0.1087628645085184,RNA,C5vsC1_rna
ACZ81_RS18650,-1.5761324129830707,851.0540869834817,7.497071192675994e-07,1.5584585297935798e-05,RNA,C5vsC1_rna
ACZ81_RS18655,-2.790593301794185,1394.3826396301815,2.340799434470389e-13,2.0869527402433772e-11,RNA,C5vsC1_rna
ACZ81_RS18660,-2.3118414910136327,208.10807543405477,1.2152024251053788e-07,3.066284358190427e-06,RNA,C5vsC1_rna
ACZ81_RS18665,-0.8758271658138163,166.40007115203449,0.0175435647554558,0.057410099346565,RNA,C5vsC1_rna
ACZ81_RS18670,0.5155352947003987,575.1457457474377,0.1066946875874657,0.2220223478220501,RNA,C5vsC1_rna
ACZ81_RS18675,-0.0698874339529471,99.10435758518275,0.8433671559528186,0.9117203942063123,RNA,C5vsC1_rna
ACZ81_RS18680,0.1859733463297379,622.4243680132857,0.4981622108703643,0.6609215575436183,RNA,C5vsC1_rna
ACZ81_RS18685,0.0987875414100048,615.4338604054899,0.7530961940854757,0.8532679838099204,RNA,C5vsC1_rna
ACZ81_RS18690,-0.3026066530663815,1132.4411421638708,0.1698107627878632,0.3146793442516892,RNA,C5vsC1_rna
ACZ81_RS18695,-0.4715614594080857,208.8930522445889,0.1528210610238842,0.2932176455417616,RNA,C5vsC1_rna
ACZ81_RS18700,-3.51729668301183,824.0613229845505,1.0211582497709205e-12,7.729975279397985e-11,RNA,C5vsC1_rna
ACZ81_RS18705,-1.7186654271673818,473.48091085681295,0.0140353640041134,0.0483346612742516,RNA,C5vsC1_rna
ACZ81_RS18710,-0.7845060122495788,1754.593505008708,0.0348830335898315,0.0954701146152559,RNA,C5vsC1_rna
ACZ81_RS18715,-1.135348811741422,145.94056350132578,0.0056703854105413,0.024548521861451,RNA,C5vsC1_rna
ACZ81_RS18720,-1.5702937413541465,101.97023160744892,0.0133064365221084,0.0466655798310308,RNA,C5vsC1_rna
ACZ81_RS18725,-1.1723586759067672,182.3420893573848,5.317577596143588e-05,0.0005719603569900287,RNA,C5vsC1_rna
ACZ81_RS18730,-0.3770821257437785,54.45920291792153,0.38582293660312,0.5540696945128151,RNA,C5vsC1_rna
ACZ81_RS18735,-0.0833509705722479,504.06721069878137,0.9023305132276176,0.947187341462376,RNA,C5vsC1_rna
ACZ81_RS18740,0.0076399973545498,2413.3403415076737,0.989294979849446,0.9964277803271868,RNA,C5vsC1_rna
ACZ81_RS18745,-1.840487783154505,563.0154791811763,9.215695171463602e-07,1.876820762838171e-05,RNA,C5vsC1_rna
ACZ81_RS18750,0.4234513174491821,395.8480470018303,0.0599347087774455,0.1445060406340814,RNA,C5vsC1_rna
ACZ81_RS18755,-1.8103861732379147,1756.4589079277243,0.00018508166525954276,0.0015731941547061,RNA,C5vsC1_rna
ACZ81_RS18760,-1.885750122461826,2095.752804620045,0.0005306022250882585,0.0037368207715076,RNA,C5vsC1_rna
ACZ81_RS18765,1.113046320013974,246.66304034358225,0.0317967197430694,0.0892086990274089,RNA,C5vsC1_rna
ACZ81_RS18770,1.1977049505872683,428.0558985114807,0.0430282354981798,0.1124014744056574,RNA,C5vsC1_rna
ACZ81_RS18775,-0.763439479503331,480.59718072441945,0.0381685824439412,0.102292820818365,RNA,C5vsC1_rna
ACZ81_RS18780,0.9019706658159118,1049.8195287581598,0.0011228434011936,0.0067742071061484,RNA,C5vsC1_rna
ACZ81_RS18785,0.4995357862932186,2559.444446813449,0.0476591142950972,0.1218663904091332,RNA,C5vsC1_rna
ACZ81_RS18790,-0.4379053003447014,208.53467106284089,0.0911935094504489,0.1970211954309106,RNA,C5vsC1_rna
ACZ81_RS18795,0.0926747353395212,61.63532919642193,0.8172192741202552,0.8911888360343745,RNA,C5vsC1_rna
ACZ81_RS18800,-0.623193002903919,63.2408396537866,0.2598062933676668,0.4182756215855053,RNA,C5vsC1_rna
ACZ81_RS18805,1.335584322094414,226.5516586161577,1.938791419605218e-06,3.426621663196535e-05,RNA,C5vsC1_rna
ACZ81_RS18815,0.7650730252252489,214.76964553589383,0.0994023816709171,0.2103387949703161,RNA,C5vsC1_rna
ACZ81_RS18820,0.4413980666721023,979.1763726302952,0.3434000840839238,0.5100781700646806,RNA,C5vsC1_rna
ACZ81_RS18825,-0.944934726950971,380.3070754418217,0.000129421864750099,0.0011881934127629,RNA,C5vsC1_rna
ACZ81_RS18830,0.3989458647495943,375.179645001096,0.1302055954256645,0.2583505681739694,RNA,C5vsC1_rna
ACZ81_RS18835,-0.2923322846776628,573.4784657191992,0.270029399197487,0.4305874203419386,RNA,C5vsC1_rna
ACZ81_RS18840,0.854488258175583,304.6804844241068,0.1542145843261152,0.2949041526770135,RNA,C5vsC1_rna
ACZ81_RS18845,0.2244533803283312,349.84756997799155,0.6352217696187029,0.7699425195499203,RNA,C5vsC1_rna
ACZ81_RS18850,0.6255743049269878,317.5102908529615,0.2455057701867498,0.4040070344500575,RNA,C5vsC1_rna
ACZ81_RS18855,-1.1004771351293938,624.7536128184574,5.006152884758619e-06,7.665910447958618e-05,RNA,C5vsC1_rna
ACZ81_RS18860,0.7063765056134413,1809.7975862955864,0.00016598885249244707,0.0014582308660454,RNA,C5vsC1_rna
ACZ81_RS18865,-0.2017222608315682,2090.609592835508,0.5242567577895607,0.6819782248253271,RNA,C5vsC1_rna
ACZ81_RS18870,0.35070659310533,228.8530552874642,0.2101568341791119,0.3645262510707294,RNA,C5vsC1_rna
ACZ81_RS18875,0.2978613061494831,90.48729072982589,0.2765140425793284,0.4381415240238016,RNA,C5vsC1_rna
ACZ81_RS18880,2.6777812984109247e-05,250.9245380202623,0.9999112533952188,1.0,RNA,C5vsC1_rna
ACZ81_RS18885,-0.2418147594216673,470.9386530058895,0.5149903457543015,0.6742035996695607,RNA,C5vsC1_rna
ACZ81_RS18890,-0.0651428107752443,1505.5057237730102,0.8328504520302974,0.9030800036609604,RNA,C5vsC1_rna
ACZ81_RS18895,0.1725707960462172,62.18396154683104,0.6428394595685019,0.7756607253500238,RNA,C5vsC1_rna
ACZ81_RS18900,0.2672229158454497,441.5085134621697,0.5738314942665598,0.7216965376167517,RNA,C5vsC1_rna
ACZ81_RS18905,-0.0496745058716124,114.65112596981233,0.948203241009264,0.9764724044926492,RNA,C5vsC1_rna
ACZ81_RS18910,-0.2336789336291517,551.2575267018761,0.7214285889277626,0.8317159479247654,RNA,C5vsC1_rna
ACZ81_RS18915,0.7899633652724162,856.768589651298,0.1497539256918628,0.2889912216814592,RNA,C5vsC1_rna
ACZ81_RS18920,0.36948452554709,232.11928363532743,0.3861095526274589,0.554229525989755,RNA,C5vsC1_rna
ACZ81_RS18925,0.2285666881911651,93.11833483396954,0.5526627875948742,0.7063660732177877,RNA,C5vsC1_rna
ACZ81_RS18930,0.515003932884021,55.41260923222651,0.3073400385828603,0.4706290972497846,RNA,C5vsC1_rna
ACZ81_RS18935,0.5967818968102713,38.518950558391744,0.354682891682148,0.5212409382522997,RNA,C5vsC1_rna
ACZ81_RS18940,-0.3758766679069034,71.47644950290834,0.6257188756343249,0.7633921689561919,RNA,C5vsC1_rna
ACZ81_RS18945,-0.1755585342727561,94.89831599285192,0.8113460639345127,0.888119748272816,RNA,C5vsC1_rna
ACZ81_RS18950,-0.8757879257159671,94.07373858722758,0.153846539376091,0.2949031610018525,RNA,C5vsC1_rna
ACZ81_RS18955,-2.101003925590833,14.44124712022124,0.0473327288101778,0.1211089974403274,RNA,C5vsC1_rna
ACZ81_RS18960,0.4422558810794765,197.47667872540865,0.0726523681781831,0.1659916293455984,RNA,C5vsC1_rna
ACZ81_RS18965,-1.180302398573344,627.815176903183,0.022089484615022,0.0684876447260189,RNA,C5vsC1_rna
ACZ81_RS18970,-0.826540091497051,707.9893857907977,0.0073837937344117,0.0302901640720448,RNA,C5vsC1_rna
ACZ81_RS18975,0.2098500250468598,209.4738993536585,0.5099933582913523,0.6706474354875422,RNA,C5vsC1_rna
ACZ81_RS18980,0.3013228215522216,305.3515704283495,0.3659994726370535,0.5331641873007371,RNA,C5vsC1_rna
ACZ81_RS18985,0.682112571180723,37.5417900879432,0.1874362060589849,0.3366132760557958,RNA,C5vsC1_rna
ACZ81_RS18990,0.4629700938253261,33.46699826403475,0.4357257086273126,0.6042625451133005,RNA,C5vsC1_rna
ACZ81_RS18995,2.197775265341387,7.658604909561975,0.1102415180919152,0.2277952786616952,RNA,C5vsC1_rna
ACZ81_RS19000,0.9809230392753664,9.82826183302658,0.2040859200560693,0.3573953344674596,RNA,C5vsC1_rna
ACZ81_RS19005,-0.3049422731736974,44.896522286335575,0.6257607049606394,0.7633921689561919,RNA,C5vsC1_rna
ACZ81_RS19010,2.519211168992836,7.493373481244564,0.0132004806943622,0.0463750687791429,RNA,C5vsC1_rna
ACZ81_RS19015,0.9250636992837576,63.35769910773922,0.0776636461855985,0.1745582904742976,RNA,C5vsC1_rna
ACZ81_RS19020,-2.416352121650686,77.91211596015177,2.1617493128775857e-05,0.00026768327911311343,RNA,C5vsC1_rna
ACZ81_RS19025,-1.851102297950581,98.83312169232322,7.612453524320543e-07,1.5742867803904135e-05,RNA,C5vsC1_rna
ACZ81_RS19030,-0.58961868642577,51.67166213293645,0.2829373659386597,0.4437625927075461,RNA,C5vsC1_rna
ACZ81_RS19035,-0.484163151972443,96.45485207893049,0.1352965605316727,0.2664751108753416,RNA,C5vsC1_rna
ACZ81_RS19045,1.778176616522393,32.60440273951502,0.012888591716159,0.0456390379216506,RNA,C5vsC1_rna
ACZ81_RS19050,-0.0194633700049377,413.7918066042878,0.9363170042287398,0.9674230803414124,RNA,C5vsC1_rna
ACZ81_RS19055,-0.2990240349270386,213.0789043783452,0.3899815981480319,0.5583890691541413,RNA,C5vsC1_rna
ACZ81_RS19060,-0.1000102498778168,377.7690456645904,0.8167937801328142,0.8910217113344004,RNA,C5vsC1_rna
ACZ81_RS19065,-0.4668708996000997,62.49551971060257,0.2408709227148383,0.3997059096342799,RNA,C5vsC1_rna
ACZ81_RS19070,-1.1196413844815276,87.78042771523982,0.0008892009543663396,0.0056897515612723,RNA,C5vsC1_rna
ACZ81_RS19075,0.0344722203409896,232.59404705585987,0.8949571922665976,0.9419834881854798,RNA,C5vsC1_rna
ACZ81_RS19080,0.316908747072305,2802.370372153486,0.4064095918599432,0.575485177873142,RNA,C5vsC1_rna
ACZ81_RS19085,0.4513266696869202,329.2582736880302,0.326519230331548,0.4934068369454504,RNA,C5vsC1_rna
ACZ81_RS19090,-1.0154322960594186,888.0317649500589,0.0556964336031948,0.1374248579726568,RNA,C5vsC1_rna
ACZ81_RS19095,-2.547804029507043,670.0947975190045,6.800290629273756e-11,4.13375242494641e-09,RNA,C5vsC1_rna
ACZ81_RS19100,-1.03879225251461,954.8143592937674,1.1802562007422877e-06,2.29652633171507e-05,RNA,C5vsC1_rna
ACZ81_RS19105,-0.828501337182577,91.92172763458856,0.0131785327408311,0.0463750687791429,RNA,C5vsC1_rna
ACZ81_RS19110,0.0795080142682611,411.51934767152136,0.7676345764576957,0.8629167612071379,RNA,C5vsC1_rna
ACZ81_RS19115,0.644553743938153,762.7328074547501,0.0278000728990627,0.080896963930986,RNA,C5vsC1_rna
ACZ81_RS19120,0.6130704443154064,1297.778084721985,0.0490210477596328,0.1244762301339536,RNA,C5vsC1_rna
ACZ81_RS19125,0.0953650544749125,236.1771551202883,0.7710905251202985,0.8651422785364025,RNA,C5vsC1_rna
ACZ81_RS19140,-0.0261289402451349,68.03022043447568,0.968519699188287,0.9880339889923522,RNA,C5vsC1_rna
ACZ81_RS19145,-1.3248019987366937,301.8449270398522,0.0037115600563858,0.0176013935534515,RNA,C5vsC1_rna
ACZ81_RS19150,-0.8952262985639988,632.535560770951,0.0002497654289489699,0.002036705083218,RNA,C5vsC1_rna
ACZ81_RS19155,-1.7141529086956246,155.32801338034892,0.0016109586537942,0.009026768322657,RNA,C5vsC1_rna
ACZ81_RS19160,-2.58807270088226,171.23702232201708,,,RNA,C5vsC1_rna
ACZ81_RS19165,-2.27801469017198,1474.8070700109715,1.9139737399104265e-06,3.397726833858686e-05,RNA,C5vsC1_rna
ACZ81_RS19170,-3.655245817223249,5921.8653678358405,3.1983278869515253e-16,4.5827469580176853e-14,RNA,C5vsC1_rna
ACZ81_RS19175,0.1878771529975624,454.6593750586696,0.4671217952888115,0.6322849671723049,RNA,C5vsC1_rna
ACZ81_RS19180,-0.8249734780597637,713.8111214870064,0.119097265322459,0.2408358006419887,RNA,C5vsC1_rna
ACZ81_RS19185,0.6174161948683129,648.8531161805053,0.0053580906793761,0.0235967725638387,RNA,C5vsC1_rna
ACZ81_RS19190,1.3953804828084406,9140.751747338769,0.0031723167593095,0.0156933845109121,RNA,C5vsC1_rna
ACZ81_RS19195,-1.0869379158176289,3067.3689995088744,0.0118881797582434,0.043085254914248,RNA,C5vsC1_rna
ACZ81_RS19200,0.2135723827911861,1634.5379724108775,0.6977703562322806,0.8161675420419561,RNA,C5vsC1_rna
ACZ81_RS19205,0.1261708250220123,625.0251196521297,0.733674913978436,0.8402808321100443,RNA,C5vsC1_rna
ACZ81_RS19210,0.6231425692587599,582.0884274153353,0.0149156389651644,0.0504991928508352,RNA,C5vsC1_rna
ACZ81_RS19215,-0.9466643146703876,753.6845317230072,0.0192390513432446,0.0621474025677113,RNA,C5vsC1_rna
ACZ81_RS19220,0.8476820838903086,540.6751552539532,0.0001718167952042342,0.001491874690842,RNA,C5vsC1_rna
ACZ81_RS19225,1.242547630859196,81.6123164477287,0.0001158369952029254,0.0010858365064348,RNA,C5vsC1_rna
ACZ81_RS19230,1.2671027983704006,1075.206605503278,1.448950520071699e-06,2.7038090635012354e-05,RNA,C5vsC1_rna
ACZ81_RS19235,1.243756164419883,250.6088626673476,0.0017406275479141,0.0095478765132224,RNA,C5vsC1_rna
ACZ81_RS19240,0.6753810402684564,1256.7891277063757,0.0111835303071689,0.0411258694705423,RNA,C5vsC1_rna
ACZ81_RS19245,1.1218117248534898,120.97274309201453,0.0169647351973331,0.0557889488620496,RNA,C5vsC1_rna
ACZ81_RS19250,0.4027477619916398,135.88042840572518,0.1848666872567147,0.333791696342907,RNA,C5vsC1_rna
ACZ81_RS19255,1.0598804457341364,384.3806859828566,0.0024660983440342,0.0126198808115627,RNA,C5vsC1_rna
ACZ81_RS19265,0.3582173828915517,8139.005311544381,0.5100063124806808,0.6706474354875422,RNA,C5vsC1_rna
ACZ81_RS19270,0.3506440494513784,682.9740508017936,0.0757985930572645,0.1714227482219533,RNA,C5vsC1_rna
ACZ81_RS19275,0.0591302141078121,259.9576458968661,0.8579525308032202,0.9208415071114284,RNA,C5vsC1_rna
ACZ81_RS19280,0.1635376157371603,391.8012310820504,0.5554691311034574,0.7071989212401026,RNA,C5vsC1_rna
ACZ81_RS19285,0.5351247313488876,595.8819628366517,0.1569983196053464,0.2988032534424336,RNA,C5vsC1_rna
ACZ81_RS19290,0.7432379905816904,439.89523317674224,0.0152166298890769,0.0513005859015338,RNA,C5vsC1_rna
ACZ81_RS19295,0.5958150094313225,145.55893827567334,0.2621810832751135,0.4208457479000725,RNA,C5vsC1_rna
ACZ81_RS19300,-1.1320698236406077,619.3124300314597,2.4408325268238112e-05,0.0002967460635641555,RNA,C5vsC1_rna
ACZ81_RS19305,-0.391272837892713,392.5562863712693,0.2113640665502082,0.3658294370144243,RNA,C5vsC1_rna
ACZ81_RS19310,-0.2294209756527377,106.82444820432096,0.4287373624460684,0.5972549646297315,RNA,C5vsC1_rna
ACZ81_RS19315,-0.4220182605165028,124.93655372879827,0.1982492527483776,0.3508455706173278,RNA,C5vsC1_rna
ACZ81_RS19320,-0.5035789896962544,145.248565913332,0.1164845318967879,0.2378299959134417,RNA,C5vsC1_rna
ACZ81_RS19325,0.4965495633614822,334.9418182051066,0.0952499184140927,0.2032673790836914,RNA,C5vsC1_rna
ACZ81_RS19330,0.9990637995254446,119.62186515659285,0.0199609762488364,0.0638115033548461,RNA,C5vsC1_rna
ACZ81_RS19335,0.5156554066667367,222.60422885149748,0.1248025666146624,0.2502288342119069,RNA,C5vsC1_rna
ACZ81_RS19340,0.1447878681076364,496.5839462615208,0.5453585065510077,0.6992084236674979,RNA,C5vsC1_rna
ACZ81_RS19345,-2.371612963982651,4098.653061720579,2.5814479130217755e-06,4.315320427934734e-05,RNA,C5vsC1_rna
ACZ81_RS19350,-0.4356406840673298,578.940174877966,0.4657545092108455,0.631072979045563,RNA,C5vsC1_rna
ACZ81_RS19355,-0.2966021609650639,138.69134415544897,0.2851611908018499,0.4460672803960575,RNA,C5vsC1_rna
ACZ81_RS19360,0.0714845056346895,296.56907820108074,0.7287615348061051,0.8365640279376518,RNA,C5vsC1_rna
ACZ81_RS19365,0.0787517396810042,644.3561043701558,0.7236106056848934,0.8335603556885911,RNA,C5vsC1_rna
ACZ81_RS19370,0.095895063840616,901.3964239831356,0.5150633182919251,0.6742035996695607,RNA,C5vsC1_rna
ACZ81_RS19375,0.1781326015258642,3476.964594175597,0.5240942380151348,0.6819782248253271,RNA,C5vsC1_rna
ACZ81_RS19380,0.0316393454695415,187.00313384914256,0.9292378656340452,0.9639736730444805,RNA,C5vsC1_rna
ACZ81_RS19385,-2.217384999409924,187.1148757754505,0.0041332468168859,0.0192373390131629,RNA,C5vsC1_rna
ACZ81_RS19390,-4.469261527597366,221.33625549922104,9.037638337271528e-05,0.0008952840742995894,RNA,C5vsC1_rna
ACZ81_RS19395,0.0225720674135788,26.876259884577987,0.9673297515027136,0.9880339889923522,RNA,C5vsC1_rna
ACZ81_RS19400,0.5654946220159242,217.08726780093784,0.0397152389162582,0.10538196992859,RNA,C5vsC1_rna
ACZ81_RS19405,0.4108517381666828,168.96776177324458,0.2483237974916133,0.4071414284987138,RNA,C5vsC1_rna
ACZ81_RS19410,0.7382115252397194,719.194659547269,0.0036226925328546,0.0172975593053121,RNA,C5vsC1_rna
ACZ81_RS19415,-0.3862289191800075,143.58009063358324,0.2959702685273737,0.4585383102652107,RNA,C5vsC1_rna
ACZ81_RS19420,-0.7370604662201486,106.93791514262624,0.0601351499017418,0.1449022350785515,RNA,C5vsC1_rna
ACZ81_RS19425,-0.1400798855078114,118.54704678732548,0.7244874134343353,0.8342070976068809,RNA,C5vsC1_rna
ACZ81_RS19430,0.2154155867279478,500.4488046163232,0.3269767507291255,0.4935405281885822,RNA,C5vsC1_rna
ACZ81_RS19435,0.5973007862535212,1534.248789805297,0.0014771685815696,0.0084181823142864,RNA,C5vsC1_rna
ACZ81_RS19440,-2.4132141143207004,18302.84675639675,0.0020693814425625,0.0110845905841937,RNA,C5vsC1_rna
ACZ81_RS19445,-0.3998888237874025,697.945257988729,0.3981328976629478,0.5662209094022498,RNA,C5vsC1_rna
ACZ81_RS19450,0.5051461893135433,876.4464522275264,0.305833080353976,0.4692169477553161,RNA,C5vsC1_rna
ACZ81_RS19455,0.8767994710314828,3289.4615104285845,0.2501815969064679,0.4093509652482665,RNA,C5vsC1_rna
ACZ81_RS19460,-0.4687867687577675,4324.933649292091,0.0537410004458831,0.1335866752099647,RNA,C5vsC1_rna
ACZ81_RS19465,-0.5377260399347864,6606.975730625329,0.0581046882574271,0.1415397749173028,RNA,C5vsC1_rna
ACZ81_RS19470,-0.1547510063750579,620.9906543902202,0.6620924720897261,0.7904386693522638,RNA,C5vsC1_rna
ACZ81_RS19475,0.844972536971282,21.388124247981228,0.187051092848494,0.3366132760557958,RNA,C5vsC1_rna
ACZ81_RS19480,0.1757281084545414,404.8907004020906,0.5821840967491825,0.7287309075149004,RNA,C5vsC1_rna
ACZ81_RS19485,-1.1382585238040874,7316.649616287133,0.0135805941431677,0.0472963052972127,RNA,C5vsC1_rna
ACZ81_RS19495,-0.1633604761533156,288.15473293085694,0.5501106359037694,0.7033281935136784,RNA,C5vsC1_rna
ACZ81_RS19500,0.3325108805901307,381.01397618620985,0.3137857711837372,0.4784905032265882,RNA,C5vsC1_rna
ACZ81_RS19505,0.0520656662118397,141.75397525429935,0.8835031756514313,0.9342685136303484,RNA,C5vsC1_rna
ACZ81_RS19510,-0.3283296498461436,212.8265358113016,0.2800497026117184,0.4414771736260174,RNA,C5vsC1_rna
ACZ81_RS19515,-0.7761376956340628,573.1999215642844,0.0161757481295038,0.0539012470893432,RNA,C5vsC1_rna
ACZ81_RS19520,-1.222420269711292,7499.040392019558,2.360627358311222e-06,4.064736893366791e-05,RNA,C5vsC1_rna
ACZ81_RS19525,-1.5715329699295306,3986.76576385792,8.857610961834647e-06,0.00012512934922141058,RNA,C5vsC1_rna
ACZ81_RS19530,1.6023118069419653,491.01652283679584,6.545056376836632e-05,0.0006892064615188601,RNA,C5vsC1_rna
ACZ81_RS19535,1.1779280320814824,453.5997797436351,0.0087753805216265,0.0339834234100054,RNA,C5vsC1_rna
ACZ81_RS19540,1.206309253292529,161.12523090640585,0.005995323540841,0.0255974671152305,RNA,C5vsC1_rna
ACZ81_RS19545,1.6160479171742728,341.5718754601511,2.6148678046129444e-05,0.0003150405294927067,RNA,C5vsC1_rna
ACZ81_RS19550,0.9289021000045238,88.74792849083154,0.007426424263408,0.0304339266034656,RNA,C5vsC1_rna
ACZ81_RS19555,0.9485425289896152,1476.449986484285,0.0094962258481178,0.0362501028569444,RNA,C5vsC1_rna
ACZ81_RS19560,1.2928200649678614,969.8446673273334,1.428802832460949e-05,0.0001930086519809201,RNA,C5vsC1_rna
ACZ81_RS19565,1.1380873401842706,3527.033253592077,0.0017247505355462,0.0094790399296047,RNA,C5vsC1_rna
ACZ81_RS19570,0.6218264611986861,3403.1274403830434,0.0620470854877165,0.147647038538979,RNA,C5vsC1_rna
ACZ81_RS19575,-1.4185996071078024,2297.4236414427114,3.5589722459327994e-06,5.6661097820168224e-05,RNA,C5vsC1_rna
ACZ81_RS19580,-0.3057301753605885,1313.3386870866543,0.2512390019425345,0.4102445566924903,RNA,C5vsC1_rna
ACZ81_RS19585,-0.8860404546544041,1229.1163036355372,0.0003975204372279365,0.0029624007591586,RNA,C5vsC1_rna
ACZ81_RS19590,0.1060303808632821,2324.140245958645,0.6312609419930557,0.7680621873177482,RNA,C5vsC1_rna
ACZ81_RS19595,0.1116976021695367,773.3303236601,0.6648679788772891,0.7924148815545876,RNA,C5vsC1_rna
ACZ81_RS19600,-0.2926089138937521,1323.2096690090616,0.2939876691177272,0.4564545388933133,RNA,C5vsC1_rna
ACZ81_RS19605,-0.5618717842106602,346.37748705695515,0.1229414927997194,0.2473627227244104,RNA,C5vsC1_rna
ACZ81_RS19610,0.3586796134264559,32.76045699031076,0.4828855812396151,0.6471075381694733,RNA,C5vsC1_rna
ACZ81_RS19615,-0.7238614147891484,169.66708483689905,0.0285731443654562,0.0825309252658102,RNA,C5vsC1_rna
ACZ81_RS19620,2.5226675300989454,478.15017093598806,0.0002624170850268573,0.0021140910544733,RNA,C5vsC1_rna
ACZ81_RS19625,0.4991910339391837,569.2091602791512,0.0967245304210668,0.2057575906942312,RNA,C5vsC1_rna
ACZ81_RS19630,-0.1532107396142534,1320.9902787089045,0.5647010320502708,0.7146941768409105,RNA,C5vsC1_rna
ACZ81_RS19635,-0.4104504905322035,788.9630714669514,0.1463010476766384,0.2845175973236419,RNA,C5vsC1_rna
ACZ81_RS19640,-1.109530832084336,529.5418595827005,6.657222454683462e-05,0.0006991826305808913,RNA,C5vsC1_rna
ACZ81_RS19645,-1.4477928553505115,116.81102486343048,0.0017207350530988,0.0094699438038858,RNA,C5vsC1_rna
ACZ81_RS19650,-2.73429399832982,264.3843058940876,4.073965536742062e-06,6.38466786461295e-05,RNA,C5vsC1_rna
ACZ81_RS19655,-0.1621823859970268,953.1052364193478,0.6916627961665563,0.8124327799049925,RNA,C5vsC1_rna
ACZ81_RS19660,1.1807265176353183,54.51849468343746,0.0181861548080462,0.0590314345387391,RNA,C5vsC1_rna
ACZ81_RS19665,0.8379023261817491,361.51167258771466,0.0034763230544272,0.0167856463414998,RNA,C5vsC1_rna
ACZ81_RS19670,0.5935188165580535,215.64240372092223,0.0639492400309629,0.150012521461568,RNA,C5vsC1_rna
ACZ81_RS19675,0.7356630415143867,231.7456694485379,0.0324336246440641,0.0905523326875332,RNA,C5vsC1_rna
ACZ81_RS19680,0.6034940027166493,1847.8859341753464,0.0334872933797599,0.0925920200135056,RNA,C5vsC1_rna
ACZ81_RS19685,0.768286705844082,241.36904133540548,0.0130562253352485,0.0460699877264882,RNA,C5vsC1_rna
ACZ81_RS19695,3.515225580259049,355.70601773212053,2.2561582582955915e-10,1.2232036394975561e-08,RNA,C5vsC1_rna
ACZ81_RS19700,-1.0057751376375552,831.5596394292257,0.0025009693436571,0.012754986821774,RNA,C5vsC1_rna
ACZ81_RS19705,-1.0720792590761388,711.5515489687207,0.003007457659586,0.0149799886513072,RNA,C5vsC1_rna
ACZ81_RS19710,-0.2339712227325942,564.4478645766108,0.5947055481229565,0.7389156578102513,RNA,C5vsC1_rna
ACZ81_RS19715,-1.1022868300656945,8370.814336899399,0.0027239496584166,0.0137120276406118,RNA,C5vsC1_rna
ACZ81_RS19720,-0.6969292060053925,1832.0398590014397,0.0079000243471898,0.0317433458201866,RNA,C5vsC1_rna
ACZ81_RS19725,0.4219797104342742,568.7481266636562,0.1794420077517801,0.3270882940027905,RNA,C5vsC1_rna
ACZ81_RS19730,-0.4858583688275605,128.57751343134746,0.2856507413772617,0.4462736660457843,RNA,C5vsC1_rna
ACZ81_RS19735,-0.831904353566654,37.43730080775518,0.1868891355014943,0.3366132760557958,RNA,C5vsC1_rna
ACZ81_RS19740,-1.331926869661979,8.62744527619169,0.2367061142407779,0.3953642507635308,RNA,C5vsC1_rna
ACZ81_RS19745,0.9580593879795608,134.50432218075912,0.0203518316458868,0.0646488903905763,RNA,C5vsC1_rna
ACZ81_RS19750,0.4506073897277113,773.7142055474812,0.1180703858705999,0.2394835126960803,RNA,C5vsC1_rna
ACZ81_RS19755,0.3809616191598942,1012.8417618248322,0.2989993179472832,0.4610243134529209,RNA,C5vsC1_rna
ACZ81_RS19760,-0.7180959296487442,2010.2414534240272,0.0147591693011736,0.0501811756239904,RNA,C5vsC1_rna
ACZ81_RS19765,0.3580772147000597,227.42219403301647,0.1556103985221751,0.296497823560498,RNA,C5vsC1_rna
ACZ81_RS19770,0.1607498970281945,552.29432581227,0.3782270098774135,0.5458441595784831,RNA,C5vsC1_rna
ACZ81_RS19775,-0.3439052412948398,1118.9015998345883,0.470218801099451,0.6356192149632741,RNA,C5vsC1_rna
ACZ81_RS19780,-0.9025712247801214,579.9034392021432,0.0276304053416944,0.0805574300500234,RNA,C5vsC1_rna
ACZ81_RS19785,-0.0083273036180282,190.2947439058049,0.9828457900265176,0.99399478436763,RNA,C5vsC1_rna
ACZ81_RS19790,-0.0093850410213861,611.9550718677881,0.9686219730570512,0.9880339889923522,RNA,C5vsC1_rna
ACZ81_RS19795,-0.7254940588480607,320.32151655953226,0.0387622171161261,0.1031944360118766,RNA,C5vsC1_rna
ACZ81_RS19800,-0.6487129453268767,172.80759325247146,0.0363397449779737,0.0981433726220811,RNA,C5vsC1_rna
ACZ81_RS19805,-0.6928554768165814,1171.1096768330765,0.2604489506377807,0.4188605711330986,RNA,C5vsC1_rna
ACZ81_RS19810,-1.4111067365268088,1893.3852320157232,2.777215442906954e-06,4.585262698330329e-05,RNA,C5vsC1_rna
ACZ81_RS19815,-0.349878435273298,299.3917792334512,0.4782697188051099,0.6426048599618556,RNA,C5vsC1_rna
ACZ81_RS19820,-0.1620022612280232,31.331873427799728,0.7416777327715467,0.8459023692933637,RNA,C5vsC1_rna
ACZ81_RS19825,0.3947823354966698,254.47781501119368,0.2614259078710609,0.4198721947072443,RNA,C5vsC1_rna
ACZ81_RS19830,-0.094385248295269,215.75310178465963,0.7720168619706361,0.8651422785364025,RNA,C5vsC1_rna
ACZ81_RS19835,1.1393514453581943,743.7642914827237,0.0082879694653862,0.0327276904479622,RNA,C5vsC1_rna
ACZ81_RS19840,1.073445176920789,4083.276796807447,0.0130765403508066,0.0461011246814026,RNA,C5vsC1_rna
ACZ81_RS19845,1.2967988056790911,2228.5116885001016,0.0046993029652091,0.0212315354689405,RNA,C5vsC1_rna
ACZ81_RS19850,1.2044381498790186,4709.605894589039,0.0229523443855545,0.0705630694826397,RNA,C5vsC1_rna
ACZ81_RS19855,0.9143516505297936,2296.823232541605,0.1058736292849033,0.2208866358247698,RNA,C5vsC1_rna
ACZ81_RS19860,0.9704661014932208,3191.6901246167818,0.0265481704123335,0.0783267668817643,RNA,C5vsC1_rna
ACZ81_RS19865,0.9304933417861084,921.8840113069116,0.0106197604894366,0.0395970995200927,RNA,C5vsC1_rna
ACZ81_RS19870,1.7219530533676124,2073.468472028854,0.0002423540774352553,0.0019883937805117,RNA,C5vsC1_rna
ACZ81_RS19875,1.667885941029932,1756.3215342536162,0.0056782224046427,0.024548521861451,RNA,C5vsC1_rna
ACZ81_RS19880,0.9951268662297588,1510.8332414384065,7.246952696186499e-07,1.5222394878062953e-05,RNA,C5vsC1_rna
ACZ81_RS19885,0.6443506632626553,1909.7255556733423,0.0041078834271337,0.0191637538484424,RNA,C5vsC1_rna
ACZ81_RS19890,0.2981092074462509,949.3517089745192,0.2912960095384099,0.4532847286386929,RNA,C5vsC1_rna
ACZ81_RS19895,1.0251355300436609,5128.712543843079,0.0064469092539165,0.0270554392538839,RNA,C5vsC1_rna
ACZ81_RS19905,-0.1994672289294901,1246.321515844282,0.2730433809592375,0.4338416017459252,RNA,C5vsC1_rna
ACZ81_RS19910,0.4580769209131435,138.8407625255384,0.35658548314938,0.5234617484066274,RNA,C5vsC1_rna
ACZ81_RS19915,0.08813330550152,139.92710218560725,0.84581065140868,0.9130597130079158,RNA,C5vsC1_rna
ACZ81_RS19920,0.6403657124374424,569.97774349198,0.1630722382579082,0.3073411296857604,RNA,C5vsC1_rna
ACZ81_RS19925,0.532202442793475,458.7830259576332,0.0624544208709744,0.1479626199561244,RNA,C5vsC1_rna
ACZ81_RS19930,0.6349286494496698,1068.627971177786,0.0343563719648425,0.0942802765546842,RNA,C5vsC1_rna
ACZ81_RS19935,1.3712943339103782,805.1260221758471,0.0112112896199472,0.0411901959296963,RNA,C5vsC1_rna
ACZ81_RS19940,0.7406818612952081,1102.4357886894916,0.2060102009429861,0.3598907275930054,RNA,C5vsC1_rna
ACZ81_RS19945,-0.0510619383704278,461.99599552104047,0.8962005353313263,0.942478780537164,RNA,C5vsC1_rna
ACZ81_RS19950,-0.7500332232502938,741.6499100595113,0.0785125899112096,0.1761703080110587,RNA,C5vsC1_rna
ACZ81_RS19955,-0.7137086216658491,1762.8181811789048,0.3258428798162391,0.4925703217116622,RNA,C5vsC1_rna
ACZ81_RS19960,-0.3704759777586788,176.78893614363452,0.3894446828894783,0.5578193744207737,RNA,C5vsC1_rna
ACZ81_RS19965,-1.683020837833438,135.60152601055572,0.0038042276518076,0.0179771040507092,RNA,C5vsC1_rna
ACZ81_RS19970,-1.564414780119774,182.2469014181176,0.000516166500358132,0.0036848042694605,RNA,C5vsC1_rna
ACZ81_RS19975,0.0948243974759434,514.6072588267439,0.7935463756066542,0.8765716021293768,RNA,C5vsC1_rna
ACZ81_RS19980,0.4618710753434572,193.85859838672488,0.0660492858027979,0.1537955511554413,RNA,C5vsC1_rna
ACZ81_RS19985,-2.170644372609308,3078.3727732409,7.262018842674544e-06,0.00010594625307931008,RNA,C5vsC1_rna
ACZ81_RS20005,-0.2495366130281176,41.1226515430098,0.6406428673925333,0.7739413381447887,RNA,C5vsC1_rna
ACZ81_RS20015,0.2202713533100636,36.25293458138661,0.6889326713642976,0.8107875469772905,RNA,C5vsC1_rna
ACZ81_RS20020,-0.2305627329062526,39.494630572769786,0.6506897332503789,0.7820752575795447,RNA,C5vsC1_rna
ACZ81_RS20025,0.0029062568110813,557.9951729384971,0.9901122744004806,0.9964277803271868,RNA,C5vsC1_rna
ACZ81_RS20030,-0.250299301879122,83.33094297105961,0.4605489995561903,0.6265590322887201,RNA,C5vsC1_rna
ACZ81_RS20035,-0.1715525230745125,82.23289501734021,0.6087067245420139,0.7509629086293234,RNA,C5vsC1_rna
ACZ81_RS20040,-0.6297249822552089,307.9871723587568,0.0384719161296085,0.1027625349613778,RNA,C5vsC1_rna
ACZ81_RS20045,-0.0845451032198423,121.65241629256684,0.8536398057622449,0.917685664715468,RNA,C5vsC1_rna
ACZ81_RS20050,0.4409431146048519,74.79757507092455,0.4239624371712245,0.5926610794184504,RNA,C5vsC1_rna
ACZ81_RS20055,-0.3327737031963484,44.28935121908871,0.4756169730988849,0.6401124777164462,RNA,C5vsC1_rna
ACZ81_RS20060,-1.029778993419772,34.273098053920265,0.0455784586951693,0.1175197791034829,RNA,C5vsC1_rna
ACZ81_RS20065,-0.2225696902494675,46.78700292199361,0.5687747066302609,0.7182689647779509,RNA,C5vsC1_rna
ACZ81_RS20070,0.1857949723945931,228.7442631320313,0.4603252817398375,0.6264671066282999,RNA,C5vsC1_rna
ACZ81_RS20075,0.3020929210451587,1229.7449554194773,0.2187080335292889,0.373385800221067,RNA,C5vsC1_rna
ACZ81_RS20080,0.0910246668315882,278.89130513038106,0.8353816035947614,0.904846380567544,RNA,C5vsC1_rna
ACZ81_RS20085,0.536610482500111,429.0826514071943,0.1490796089539564,0.2879669673198233,RNA,C5vsC1_rna
ACZ81_RS20090,0.4478076932178509,58.13236287164772,0.2521932588135527,0.4114678138918152,RNA,C5vsC1_rna
ACZ81_RS20095,-0.1037453670444705,117.36521281730823,0.7349092866065796,0.8412142818446783,RNA,C5vsC1_rna
ACZ81_RS20100,-1.8677519864342969,414.04486175903526,8.775997801113266e-09,2.862544973826538e-07,RNA,C5vsC1_rna
ACZ81_RS20105,-0.9267350304300916,62.64301160044899,0.0325583108744357,0.0907172489144714,RNA,C5vsC1_rna
ACZ81_RS20125,-0.2306844250337295,2.996556957464256,0.905389351018292,0.9488978195981538,RNA,C5vsC1_rna
ACZ81_RS20130,-0.5774486476177992,592.782642270272,0.0941804189980647,0.2017651024137003,RNA,C5vsC1_rna
ACZ81_RS20135,-0.7142064823477086,421.9622239506297,0.0221901887697048,0.0687467469838269,RNA,C5vsC1_rna
ACZ81_RS20140,-1.141660223353414,761.8670500612985,0.0008225937168053411,0.0053229774061661,RNA,C5vsC1_rna
ACZ81_RS20150,-0.8193129589888821,1079.869295059971,0.1464503342634042,0.2845320779974711,RNA,C5vsC1_rna
ACZ81_RS20170,0.078124454524505,232.16707426157475,0.8657004360734072,0.9256601869526409,RNA,C5vsC1_rna
ACZ81_RS20180,-0.5104019662947077,74.58212348818167,0.499029075131966,0.6614154771818459,RNA,C5vsC1_rna
ACZ81_RS20185,0.0858346905807979,179.0684684356611,0.882690183358261,0.9336548947095552,RNA,C5vsC1_rna
ACZ81_RS20190,0.5340592414036345,148.8452815224121,0.195836125470829,0.347867682304377,RNA,C5vsC1_rna
ACZ81_RS20195,0.4748025906800971,91.45575822241295,0.3670378794417379,0.5343091336430524,RNA,C5vsC1_rna
ACZ81_RS20200,-0.0505126771015594,73.96700413677442,0.9264505964023212,0.962224800989446,RNA,C5vsC1_rna
ACZ81_RS20205,0.4180993980912326,88.90418033799041,0.4643407276385409,0.6299562044854311,RNA,C5vsC1_rna
ACZ81_RS20210,0.6582606536857769,512.8594338891969,0.1460461134404128,0.2841595572856142,RNA,C5vsC1_rna
ACZ81_RS20215,0.5375669982375717,76.30623975273565,0.213721666421832,0.3683210161874527,RNA,C5vsC1_rna
ACZ81_RS20220,0.704641526657399,125.6042507284626,0.0448137354968826,0.1157712213866666,RNA,C5vsC1_rna
ACZ81_RS20230,1.1359676107320849,188.3830705624592,0.003733500151564,0.017663682320843,RNA,C5vsC1_rna
ACZ81_RS20235,0.6913539031677484,128.72260735859663,0.22576431831138,0.381844889732802,RNA,C5vsC1_rna
ACZ81_RS20240,-0.0535457848128207,47.79278390132686,0.9183836061314844,0.9569599660747788,RNA,C5vsC1_rna
ACZ81_RS20245,0.1057020774373077,45.25455561366043,0.8459229694043926,0.9130597130079158,RNA,C5vsC1_rna
ACZ81_RS20250,-0.1134055283087287,32.748522552802314,0.8447125668154974,0.9125755907162728,RNA,C5vsC1_rna
ACZ81_RS20255,0.3740571554063215,335.4097321841543,0.417244828787292,0.5863758400159029,RNA,C5vsC1_rna
ACZ81_RS20260,0.0310243713597016,207.25666976582025,0.9548791999890782,0.9802624547508604,RNA,C5vsC1_rna
ACZ81_RS20265,0.0062122255756771,62.33496876192362,0.9906146598036024,0.9964277803271868,RNA,C5vsC1_rna
ACZ81_RS20270,-0.0965057250579327,90.62509465279032,0.8168439317766512,0.8910217113344004,RNA,C5vsC1_rna
ACZ81_RS20275,0.2160572259199583,145.05470728783698,0.5396513679212734,0.6954967195952936,RNA,C5vsC1_rna
ACZ81_RS20280,-0.2169773935811196,94.45503038067008,0.6725475651574028,0.7983011009434299,RNA,C5vsC1_rna
ACZ81_RS20285,-0.4704177856270972,115.19215991675416,0.3408674265852285,0.5076318171714689,RNA,C5vsC1_rna
ACZ81_RS20290,-0.1697344549132163,304.26320126512866,0.706432495648815,0.8211059206261162,RNA,C5vsC1_rna
ACZ81_RS20300,-1.053839311160387,238.04605923210949,0.0357664317932459,0.0970949698824124,RNA,C5vsC1_rna
ACZ81_RS20305,-1.257025581330936,237.57333857894747,0.0251738287739638,0.0753149895907106,RNA,C5vsC1_rna
ACZ81_RS20320,-0.679351739505556,917.1218893767134,0.0092696198084349,0.0355542205271903,RNA,C5vsC1_rna
ACZ81_RS20325,1.0409134327365075,43.57068802229339,0.0295647647923146,0.0844730769358358,RNA,C5vsC1_rna
ACZ81_RS20335,0.3283235236592038,39.80976394263206,0.472097910284706,0.6375149162107845,RNA,C5vsC1_rna
ACZ81_RS20340,-0.0579443701048968,182.72570864304703,0.8749698952937689,0.9299017801108876,RNA,C5vsC1_rna
ACZ81_RS20345,-0.0665238678627599,100.63155322740388,0.8953241059408151,0.9420509606699582,RNA,C5vsC1_rna
ACZ81_RS20355,0.1731411287359875,432.4014622112898,0.4459770275061691,0.6127602172447776,RNA,C5vsC1_rna
ACZ81_RS20360,0.2958946049488247,138.4318432327665,0.2550559065461669,0.4139351458038068,RNA,C5vsC1_rna
ACZ81_RS20365,-0.0318287063751158,88.96903109911646,0.9576644242800806,0.982395722375782,RNA,C5vsC1_rna
ACZ81_RS20370,-0.001021833088282,43.34125024502418,0.9984033426404454,1.0,RNA,C5vsC1_rna
ACZ81_RS20375,-0.0100181690321848,1036.7675875346793,0.967922737722562,0.9880339889923522,RNA,C5vsC1_rna
ACZ81_RS20390,-0.961465381003244,38.68197463120955,0.0553899140899946,0.1369219564565978,RNA,C5vsC1_rna
ACZ81_RS20395,-1.6026425230860304,131.18048037386023,1.3085557565053105e-06,2.4881164431750264e-05,RNA,C5vsC1_rna
ACZ81_RS20400,1.0736273229432287,18.570478473860465,0.1488296934838379,0.287761315786582,RNA,C5vsC1_rna
ACZ81_RS20405,-0.456443760249996,262.3001046200108,0.1963203325707037,0.3485120240148953,RNA,C5vsC1_rna
ACZ81_RS20410,0.1754068562916421,50.5044143050925,0.7101820651928992,0.8237208573442937,RNA,C5vsC1_rna
ACZ81_RS20415,-0.6632531684049013,28.875006139025075,0.291381185234095,0.4532847286386929,RNA,C5vsC1_rna
ACZ81_RS20425,-1.2700229551646611,8.639070350937416,0.1394310640019388,0.2739592918136843,RNA,C5vsC1_rna
ACZ81_RS20430,-1.36081303692607,614.9214161979385,0.0178508101681467,0.0582255694265079,RNA,C5vsC1_rna
ACZ81_RS20435,-2.0688675755765216,395.5340748046822,0.0008531666048321563,0.0055030617662164,RNA,C5vsC1_rna
ACZ81_RS20440,-2.0542816195218845,410.22917488817706,3.389218503206079e-05,0.0003873944340416749,RNA,C5vsC1_rna
ACZ81_RS20450,-0.4388785023997792,349.2712487595162,0.3127561913625836,0.4776466843344825,RNA,C5vsC1_rna
ACZ81_RS20455,0.1052390347780222,135.78584839226235,0.7834382562649074,0.8720462305993372,RNA,C5vsC1_rna
ACZ81_RS20460,-1.966222819413782,414.274759556548,5.474107930611439e-10,2.5537350020480335e-08,RNA,C5vsC1_rna
ACZ81_RS20470,-0.7063789761159129,180.37492629872352,0.0844626818117309,0.1856624935734046,RNA,C5vsC1_rna
ACZ81_RS20475,-1.460841524173936,64.61536855825622,0.000426016173174183,0.0031303605984886,RNA,C5vsC1_rna
ACZ81_RS20480,0.838703223012511,108.00351217877557,0.007989516234916,0.0319606448229554,RNA,C5vsC1_rna
ACZ81_RS20485,-0.1188221004692414,444.40281926072254,0.6917795599986674,0.8124327799049925,RNA,C5vsC1_rna
ACZ81_RS20490,-0.5500130068882265,234.5908841836469,0.1473151629237756,0.2857971149178858,RNA,C5vsC1_rna
ACZ81_RS20495,0.0320517651699687,11.220064883102676,0.9793102637641196,0.9930804555435218,RNA,C5vsC1_rna
ACZ81_RS20500,0.2933687269823576,2143.989996681825,0.6720876960951476,0.7982284892639823,RNA,C5vsC1_rna
ACZ81_RS20510,0.077962798714514,9874.27476357536,0.874617614076393,0.9299017801108876,RNA,C5vsC1_rna
ACZ81_RS20515,-1.9531800003266069,467.2745038555512,8.02516363193683e-05,0.0008152360790752152,RNA,C5vsC1_rna
ACZ81_RS20525,-0.1220701749384597,451.9858121102776,0.7329031591893931,0.8399169763361355,RNA,C5vsC1_rna
ACZ81_RS20530,-1.016210226881496,116.51479911999968,0.0038929882292531,0.0183317708635722,RNA,C5vsC1_rna
ACZ81_RS20535,-1.1004561077707835,304.7190852170491,0.0083766159933065,0.0328801884026576,RNA,C5vsC1_rna
ACZ81_RS20540,-0.7827031487722622,302.6342451745836,0.0170415607158946,0.0559956933596801,RNA,C5vsC1_rna
ACZ81_RS20545,0.1281348636887337,773.6130984431658,0.6226244947539243,0.7611119661647607,RNA,C5vsC1_rna
ACZ81_RS20550,0.4768064887808305,578.2629001267499,0.2315016212696497,0.3894088045851345,RNA,C5vsC1_rna
ACZ81_RS20555,0.7071232616203025,228.7596103554323,0.0027871624400614,0.013977619636908,RNA,C5vsC1_rna
ACZ81_RS20560,-0.2912520815056627,20.31209388982292,0.5839166352468734,0.7300322656935047,RNA,C5vsC1_rna
ACZ81_RS20565,-1.3786810239378269,52.84173088832715,0.0007115765867128667,0.0047344034260232,RNA,C5vsC1_rna
ACZ81_RS20570,-2.052317888099698,31.18440952700967,0.00013120742126358426,0.0012018360139486,RNA,C5vsC1_rna
ACZ81_RS20575,-1.2213344546973195,30.34395743520156,0.0400698409074579,0.1061824317838316,RNA,C5vsC1_rna
ACZ81_RS20580,-0.0329926131435107,8.04777172703727,0.9743197186792952,0.9908671004667507,RNA,C5vsC1_rna
ACZ81_RS20585,-0.0110525491856247,197.7649754261924,0.9684889097925994,0.9880339889923522,RNA,C5vsC1_rna
ACZ81_RS20590,-1.3261647723185228,6.944746027176497,0.2558395153054361,0.4145142049043768,RNA,C5vsC1_rna
ACZ81_RS20595,0.7946759300372598,282.2731846569454,0.0015557058144124,0.008753845340004,RNA,C5vsC1_rna
ACZ81_RS20600,-0.3764262695149115,300.03171321412884,0.1913246554196534,0.3419948816449714,RNA,C5vsC1_rna
ACZ81_RS20605,-1.0787152044100743,159.68039323945368,0.0005386450365426304,0.0037780487528129,RNA,C5vsC1_rna
ACZ81_RS20615,-0.3357137277363688,211.2180944056952,0.4371538911215712,0.6053910192659654,RNA,C5vsC1_rna
ACZ81_RS20620,-0.179195773181322,504.61036574407314,0.3514461747094671,0.5189554850697027,RNA,C5vsC1_rna
ACZ81_RS20625,-0.4614850758029109,2947.7880845473464,0.0107565997818932,0.0399958093836474,RNA,C5vsC1_rna
ACZ81_RS20635,0.1908768113594625,4.68225650237106,0.8731378332861084,0.9298665807544724,RNA,C5vsC1_rna
ACZ81_RS20655,0.2059127530823567,163.0233580223112,0.5203516928416183,0.6787175836291472,RNA,C5vsC1_rna
ACZ81_RS20660,0.2009638434574433,51.15999088616349,0.6021389101408633,0.7458417127153886,RNA,C5vsC1_rna
ACZ81_RS20665,0.234727130521378,56.94673145683141,0.5538645391315455,0.7068704261942025,RNA,C5vsC1_rna
ACZ81_RS20670,0.55630068648381,116.3057321784153,0.3453226305793306,0.5123647906376755,RNA,C5vsC1_rna
ACZ81_RS20675,-0.0517632099706191,104.51457928431454,0.8868085213950159,0.937022856949382,RNA,C5vsC1_rna
ACZ81_RS20680,0.2010864422412701,99.80657486403798,0.6064891723475301,0.7491485712617889,RNA,C5vsC1_rna
ACZ81_RS20685,-0.5340505322272276,104.73584497729163,0.3426254415047594,0.5094934289537045,RNA,C5vsC1_rna
ACZ81_RS20690,0.6596837566854706,53.11349045402565,0.1075736400564588,0.2237045589695111,RNA,C5vsC1_rna
ACZ81_RS20705,-1.966747857074149,138.4755409696553,0.0138832341068041,0.0479755103722582,RNA,C5vsC1_rna
ACZ81_RS20710,-1.247751266317337,583.7704217726185,0.004593141597525,0.0208457964810753,RNA,C5vsC1_rna
ACZ81_RS20715,-1.3809782178391548,34.02099402759713,0.0157085447870692,0.0526945499044497,RNA,C5vsC1_rna
ACZ81_RS20720,0.4355278634361235,28.837580330420305,0.5795497036750337,0.7266104409825734,RNA,C5vsC1_rna
ACZ81_RS20725,-0.493369169672112,44.2693875871479,0.4935426855046944,0.657619812103897,RNA,C5vsC1_rna
ACZ81_RS20730,0.2715500763024249,15.42857874227446,0.8003066339606555,0.8801245660690871,RNA,C5vsC1_rna
ACZ81_RS20745,0.4734330047497008,140.07183831076892,0.1396399481569837,0.2740878043081305,RNA,C5vsC1_rna
ACZ81_RS20765,-0.5568526645029408,6.330355709753602,0.6137808830632511,0.7540368725296955,RNA,C5vsC1_rna
ACZ81_RS20790,3.8095892428256297,170.62460349695198,6.629554945761926e-06,9.887648491597342e-05,RNA,C5vsC1_rna
ACZ81_RS20800,0.4141973441495574,40.993455642869854,0.4080337689477275,0.5770453340427786,RNA,C5vsC1_rna
ACZ81_RS20815,-1.9096167093641336,55.55049871258485,0.008754083706863,0.0339665220811746,RNA,C5vsC1_rna
ACZ81_RS20845,-1.3258586035642883,1265.198971124856,0.0220546902541901,0.0684876447260189,RNA,C5vsC1_rna
ACZ81_RS20875,-1.5119216374698885,30.942570196322578,0.0164782905685908,0.0546605039388986,RNA,C5vsC1_rna
ACZ81_RS20885,-1.7090854646518086,915.473779890593,0.0247288997260384,0.0744278662422102,RNA,C5vsC1_rna
ACZ81_RS20895,-0.2621763219501073,108.99615969289884,0.5299170463180857,0.6869231631108755,RNA,C5vsC1_rna
ACZ81_RS20900,1.825201208465907,15.28080524310592,0.0290137657403731,0.0833237137797974,RNA,C5vsC1_rna
ACZ81_RS20915,-0.683674816355847,2263.9012202391627,0.277891866988199,0.439803617497694,RNA,C5vsC1_rna
ACZ81_RS20920,0.7167975679317891,207.61694508091497,0.3708634731550874,0.5389004905100365,RNA,C5vsC1_rna
ACZ81_RS20925,-1.3073415101669552,5.464791290594358,0.28095471394196,0.4420742354799121,RNA,C5vsC1_rna
ACZ81_RS21035,0.3132226755478732,140.7401371466792,0.5633033199213991,0.7136005429506326,RNA,C5vsC1_rna
ACZ81_RS21040,-0.0941822979445842,537.2740999929352,0.740952756161011,0.8457473569240102,RNA,C5vsC1_rna
ACZ81_RS21060,0.4199985912737637,20.97582790500375,0.5937125446190313,0.7386363419579867,RNA,C5vsC1_rna
ACZ81_RS21070,0.0741318670867598,48.080045690711295,0.9148797936900008,0.9553612004904432,RNA,C5vsC1_rna
ACZ81_RS21125,-0.088125121115515,11.613934210567727,0.930603220368099,0.9640020965961305,RNA,C5vsC1_rna
ACZ81_RS21145,0.36025951560848,813.0184922200154,0.6542466384411703,0.7851742487065436,RNA,C5vsC1_rna
ACZ81_RS21155,-1.2408297424861718,11793.88381139696,0.0075950174973864,0.0309638122197737,RNA,C5vsC1_rna
ACZ81_RS21165,-1.974077238037092,3.381208478100232,0.081663331988568,0.1808253691038074,RNA,C5vsC1_rna
ACZ81_RS21170,-0.1723243662251269,366.9745084866018,0.7720260356446657,0.8651422785364025,RNA,C5vsC1_rna
ACZ81_RS21190,-0.3243325017327728,37.94789553838828,0.6574739615644727,0.7883399682596127,RNA,C5vsC1_rna
ACZ81_RS21195,0.1786211770066183,868.7608483574425,0.6821330061484234,0.8051537571837231,RNA,C5vsC1_rna
ACZ81_RS21200,-0.7290593801486398,11.670160822638485,0.3429861005380742,0.5098407689361815,RNA,C5vsC1_rna
ACZ81_RS21205,0.2133945980701803,761.6978731678921,0.7060981474558018,0.8211059206261162,RNA,C5vsC1_rna
ACZ81_RS21210,-0.0116442194291922,9.297055369465207,0.9901838221341996,0.9964277803271868,RNA,C5vsC1_rna
ACZ81_RS21215,0.7283849246330286,24.022112511716166,0.3328188810549189,0.4991661124457326,RNA,C5vsC1_rna
ACZ81_RS21220,-1.3807993327532315,5.75245343919023,0.1150202317410351,0.2354758886724695,RNA,C5vsC1_rna
ACZ81_RS21225,-1.1801689063133574,1.6986559366377596,0.6764430162030763,0.800085312796799,RNA,C5vsC1_rna
ACZ81_RS21230,-0.4416003260644707,2821.2809830710385,0.413079620911332,0.5827269476428495,RNA,C5vsC1_rna
ACZ81_RS21235,-0.3777297530231625,63.721403796480665,0.3364836523536958,0.5027547818966778,RNA,C5vsC1_rna
ACZ81_RS21240,0.1931921189976295,2155.548748595499,0.8595689640207484,0.921006831515808,RNA,C5vsC1_rna
ACZ81_RS21245,0.4380414147027655,50.41210216930886,0.4807760127501729,0.6452069465274606,RNA,C5vsC1_rna
ACZ81_RS21250,0.1637744179162978,2.564584615342474,0.9203633158920744,0.9583264766476682,RNA,C5vsC1_rna
ACZ81_RS21255,-1.2770027223792464,208.3303377433363,0.0269442571769466,0.0791557082639658,RNA,C5vsC1_rna
ACZ81_RS21260,-1.6782766626085963,7.229324863769305,0.0932809996211284,0.2006208123498566,RNA,C5vsC1_rna
ACZ81_RS21265,-0.6381724874407986,206.38557172435483,0.3298992431077692,0.4970168093685205,RNA,C5vsC1_rna
ACZ81_RS21270,0.971654711741531,275.06146037641474,0.0013657832818181,0.0079760153226408,RNA,C5vsC1_rna
ACZ81_RS21275,0.3667786653967347,381.3251447306891,0.179818653732,0.3271400780571467,RNA,C5vsC1_rna
ACZ81_RS21280,0.6174211664279732,1420.9710315358493,0.1288004791669758,0.2570802018070338,RNA,C5vsC1_rna
ACZ81_RS21290,-2.713136431537254,134.83930535471606,1.2502379502811907e-06,2.3995533391021465e-05,RNA,C5vsC1_rna
ACZ81_RS21295,2.0726537070678965,16049.295954015672,0.0002815233003779745,0.0022346108999194,RNA,C5vsC1_rna
ACZ81_RS21305,-3.008023848538086,1247.479425322529,1.538663194782042e-05,0.00020508693479952,RNA,C5vsC1_rna
ACZ81_RS21310,-0.4052508118732223,55.43645644630861,0.5600870134309773,0.7106480385468315,RNA,C5vsC1_rna
ACZ81_RS21315,-1.2543024086524457,748.3029765763288,0.0344879969988313,0.0945121884967974,RNA,C5vsC1_rna
ACZ81_RS21320,-1.7526445044582208,4.183302100054492,0.146418206944759,0.2845320779974711,RNA,C5vsC1_rna
ACZ81_RS21325,-1.978503964903947,10.42209289031021,0.0356897476163295,0.0970103437918118,RNA,C5vsC1_rna
ACZ81_RS21340,0.2653271249193282,185.21925148417145,0.3718539325062534,0.5397532479070509,RNA,C5vsC1_rna
ACZ81_RS21345,-0.762175574265797,181.0080675545245,0.0588097147226388,0.1425646981675087,RNA,C5vsC1_rna
ACZ81_RS21355,0.7268248773460383,859.9121472855677,0.224510026748702,0.3802170651396339,RNA,C5vsC1_rna
ACZ81_RS21360,-3.634169620864845,14019.352613963214,5.247045614190496e-10,2.5060889290633663e-08,RNA,C5vsC1_rna
ACZ81_RS21370,0.2897390245854684,35.566416984742446,0.4966789510257564,0.660263734763199,RNA,C5vsC1_rna
ACZ81_RS21375,-0.288183958365191,151.3726087886678,0.4466648241044301,0.6134951298551775,RNA,C5vsC1_rna
ACZ81_RS21380,-0.7694739557139881,20.99165662145555,0.2132929836309322,0.3677920580807875,RNA,C5vsC1_rna
ACZ81_RS21385,-1.2942553369040497,75.19473857744859,0.0323789145490997,0.0905190700307418,RNA,C5vsC1_rna
ACZ81_RS21390,-0.4671769092559883,168.66869474628993,0.2468924433983422,0.405619624197711,RNA,C5vsC1_rna
ACZ81_RS21395,0.2511333705430806,13.27015124373115,0.822556302688296,0.8953054493720684,RNA,C5vsC1_rna
ACZ81_RS21400,0.750918242412581,27.05407861610603,0.2257933304110137,0.381844889732802,RNA,C5vsC1_rna
ACZ81_RS21405,-0.3895540166318431,25.07921580180089,0.6053719511773707,0.7488571965290263,RNA,C5vsC1_rna
ACZ81_RS21410,1.3756456388683898,15.519798578273248,0.057563320134686,0.1408195368172929,RNA,C5vsC1_rna
ACZ81_RS21415,0.0,1.1936817268239976,1.0,1.0,RNA,C5vsC1_rna
ACZ81_RS21420,-0.2241257922258199,781.7238234645155,0.6341432887498232,0.7697981465852619,RNA,C5vsC1_rna
ACZ81_RS21425,-0.4496696820738922,1664.2031469028975,0.4168769563952383,0.5863758400159029,RNA,C5vsC1_rna
ACZ81_RS21430,-0.9045781818875452,438.893966560313,0.0191237010539563,0.0618744263132845,RNA,C5vsC1_rna
ACZ81_RS21435,-1.51233998677489,634.6494588424669,1.486982743750236e-05,0.00019885915893086488,RNA,C5vsC1_rna
ACZ81_RS21440,-1.359355866848424,464.1619040849879,4.184214421808769e-05,0.0004611831939641973,RNA,C5vsC1_rna
ACZ81_RS21445,-0.4460502705109306,208.88434454849252,0.4251528202644819,0.5935487425849371,RNA,C5vsC1_rna
ACZ81_RS21450,-0.7495463059527331,120.31012434623844,0.2722918241935883,0.4328643733291905,RNA,C5vsC1_rna
ACZ81_RS21455,-0.5882655059381139,1838.272991689626,0.3010701021637979,0.4633269082781577,RNA,C5vsC1_rna
ACZ81_RS21460,0.0,0.9242850326821682,1.0,1.0,RNA,C5vsC1_rna
ACZ81_RS21465,-0.3220119209339768,36.27517441424651,0.6348350754401428,0.7699167327162475,RNA,C5vsC1_rna
ACZ81_RS21470,-0.2640246598745317,6.860757630701193,0.8373468139658854,0.9064855417245364,RNA,C5vsC1_rna
ACZ81_RS21475,-0.0791227499655614,592.5899534850314,0.8209598649275187,0.8938103061300421,RNA,C5vsC1_rna
ACZ81_RS21480,0.436131486978438,162.29593155122475,0.2427775849608483,0.4013282533427785,RNA,C5vsC1_rna
ACZ81_RS21485,-2.375224209197577,174.2807340334284,0.00016080009511318448,0.001436815103773,RNA,C5vsC1_rna
ACZ81_RS21490,-2.530602014138417,632.68978395791,3.149789935373481e-05,0.0003610559205919544,RNA,C5vsC1_rna
ACZ81_RS21495,-2.1165876220152207,4939.581199149118,0.0002221913211393553,0.0018418007859733,RNA,C5vsC1_rna
ACZ81_RS21500,0.9966673513852122,1500.3752349012086,0.0365149098417819,0.0984528348691055,RNA,C5vsC1_rna
ACZ81_RS21505,0.9107639858869636,4272.416610888717,0.063928301654897,0.150012521461568,RNA,C5vsC1_rna
ACZ81_RS21510,0.9276522003111636,949.9188302816864,0.1161767879377103,0.2374433383627578,RNA,C5vsC1_rna
ACZ81_RS21515,0.0521461410066437,19.48751875299172,0.9379475066366249,0.9680718600643888,RNA,C5vsC1_rna
ACZ81_RS21520,0.3543376440009986,23.17244319339633,0.471955641192055,0.6375149162107845,RNA,C5vsC1_rna
ACZ81_RS21525,-2.2953376877409464,45.57099983539894,0.0023823825374594,0.0123171633251127,RNA,C5vsC1_rna
ACZ81_RS21530,-0.7073221211895082,16.458322089603737,0.3893395008886935,0.5578193744207737,RNA,C5vsC1_rna
ACZ81_RS21535,-2.441832406535825,4.892673667306501,0.0653358622675876,0.1524883533551841,RNA,C5vsC1_rna
ACZ81_RS21540,-0.0032721767563219,260.49281231825387,0.9954618681934128,0.998889653298658,RNA,C5vsC1_rna
ACZ81_RS21545,-0.4536405785781621,693.1947105319379,0.1662045924946569,0.3112935563218656,RNA,C5vsC1_rna
ACZ81_RS21550,-1.4474909197902652,419.4254038103164,0.0107985190080049,0.0400403495934527,RNA,C5vsC1_rna
ACZ81_RS21555,1.246671195017673,202.95509954591276,0.0026077949818498,0.0132101937716941,RNA,C5vsC1_rna
ACZ81_RS21560,-0.1920826805921333,216.3657770260335,0.6118959514706501,0.753276022491638,RNA,C5vsC1_rna
ACZ81_RS21565,-0.2381352661268884,398.129938660882,0.431718773855785,0.6002669660599849,RNA,C5vsC1_rna
ACZ81_RS21570,-1.0637507353173878,10.858158112972149,0.1738653284114941,0.3202698336028073,RNA,C5vsC1_rna
ACZ81_RS21580,-0.2847026504462276,10.442481607184192,0.6936588702756614,0.8134929516357655,RNA,C5vsC1_rna
ACZ81_RS21590,-1.4901111322550684,211.31718145249505,0.0274739794958547,0.0801640768999049,RNA,C5vsC1_rna
ACZ81_RS21595,-1.33144592594019,137.712232366521,0.0622437504363337,0.147851940053624,RNA,C5vsC1_rna
ACZ81_RS21605,-0.1893540172899256,37.97333462066843,0.7781945396575246,0.8696271161751099,RNA,C5vsC1_rna
ACZ81_RS21610,0.740781644773579,70.68355713476163,0.2508861593273633,0.4100021471370189,RNA,C5vsC1_rna
ACZ81_RS21615,0.1379417300530249,80.14555915455766,0.774090614265872,0.8665322389605687,RNA,C5vsC1_rna
ACZ81_RS21620,0.1328889313554162,63.04990620117239,0.7418565189667097,0.8459023692933637,RNA,C5vsC1_rna
ACZ81_RS21625,0.4663640287395978,51.37900392567858,0.2654783935232687,0.4245114845816476,RNA,C5vsC1_rna
ACZ81_RS21630,-0.9657862904937424,151.1585236535558,0.0939994603394132,0.2017651024137003,RNA,C5vsC1_rna
ACZ81_RS21635,-0.682809676587665,81.4559674943068,0.1320956207414969,0.2615832331761529,RNA,C5vsC1_rna
ACZ81_RS21640,-1.0543504845541125,58.25083513259206,0.0356219087543956,0.0968915918119562,RNA,C5vsC1_rna
ACZ81_RS21645,-0.7317547325898641,834.9269618375212,0.0386965550432468,0.103156530786383,RNA,C5vsC1_rna
ACZ81_RS21650,0.4509213818547599,24.69990607514115,0.4160588281504708,0.5858996204070511,RNA,C5vsC1_rna
ACZ81_RS21655,-0.0954911522488218,27.12172180876504,0.8548220745720133,0.9187104642868784,RNA,C5vsC1_rna
ACZ81_RS21660,0.7604120847383844,36.53960435446614,0.154136966705921,0.2949041526770135,RNA,C5vsC1_rna
ACZ81_RS21665,0.054886465673254,954.4172252285656,0.7412308549770188,0.8457958447576222,RNA,C5vsC1_rna
ACZ81_RS21670,-0.2402564324773878,293.82702873374416,0.4358857518415038,0.6042756172730177,RNA,C5vsC1_rna
ACZ81_RS21675,0.2116372306362705,5019.998660470714,0.7586676613670322,0.8574013119449388,RNA,C5vsC1_rna
ACZ81_RS21680,0.0228018066251594,2705.726176154916,0.972892827702501,0.9896668419732336,RNA,C5vsC1_rna
ACZ81_RS21685,0.6538189532135829,79.62184600180213,0.0362832092062137,0.0980918027866102,RNA,C5vsC1_rna
ACZ81_RS21705,-0.0805055718549141,41.4787641589825,0.8695462215676062,0.9284099930254248,RNA,C5vsC1_rna
