HBY37766.1	MER0001295|S41.001|S41A	52.3	48.9	24.2	44	4.42e-10	50.4
HBY37766.1	MER0004196|S41.013|S41A	45.2	46.7	24.6	42	3.64e-04	34.3
HBY37766.1	MER0195376|S41.012|S41A	37.2	47.8	23.5	43	9.83e-04	33.1
HBY37767.1	MER0001295|S41.001|S41A	67.6	48.9	78.0	142	3.92e-63	194
HBY37767.1	MER0001425|S41.004|S41A	40.4	49.6	76.0	141	1.06e-20	84.0
HBY37767.1	MER0003514|S41.010|S41A	38.7	47.5	74.0	137	4.76e-18	76.6
HBY37767.1	MER0003065|S41.009|S41A	37.8	47.5	74.0	135	6.60e-18	76.3
HBY37767.1	MER0003413|S41.002|S41A	34.3	47.5	74.1	134	6.60e-17	73.6
HBY37767.1	MER0001297|S41.008|S41A	32.6	49.6	77.5	141	8.64e-16	70.5
HBY37767.1	MER0004196|S41.013|S41A	30.5	49.3	77.2	141	1.63e-14	67.0
HBY37767.1	MER0015684|S41.A02|S41A	33.6	47.5	74.3	137	1.52e-13	64.3
HBY37767.1	MER0004195|S41.007|S41A	32.6	49.3	77.1	141	1.01e-12	62.0
HBY37767.1	MER0005714|S41.A01|S41A	34.9	38.7	56.2	109	2.69e-11	58.2
HBY37767.1	MER0030235|S41.950|S41A	30.8	48.6	75.5	146	1.01e-06	45.1
HBY37767.1	MER0030244|S41.954|S41A	31.1	49.6	72.8	148	5.05e-06	43.1
HBY37767.1	MER0028704|S41.011|S41A	30.8	31.2	50.0	91	4.20e-05	40.0
HBY37770.1	MER0001001|M01.005|M01	78.8	19.8	24.8	52	4.10e-22	88.2
HBY37770.1	MER0005037|M01.029|M01	62.5	15.3	21.7	40	2.63e-09	52.4
HBY37770.1	MER0002078|M01.A28|M01	32.7	19.8	22.2	52	8.25e-05	39.7
HBY37792.1	MER0100667|M28.020|M28F	28.9	59.7	76.4	187	7.14e-12	60.8
HBY37792.1	MER0001284|M28.002|M28E	27.9	59.4	72.8	197	2.12e-10	57.0
HBY37792.1	MER0001289|M28.009|M28F	28.5	61.9	66.8	200	4.39e-10	56.2
HBY37792.1	MER0013618|M28.021|M28C	25.3	71.3	69.6	225	5.20e-10	56.2
HBY37792.1	MER0194228|M28.A01|M28F	28.1	57.1	86.2	185	6.87e-10	54.7
HBY37792.1	MER0044627|M28.978|M28X	38.4	21.6	36.9	73	1.55e-04	38.9
HBY37863.1	MER0015475|S54.029|S54	31.5	87.4	80.5	162	1.36e-18	76.3
HBY37863.1	MER0003940|S54.025|S54	41.7	40.0	35.8	72	1.01e-06	43.9
HBY37863.1	MER0015462|S54.A18|S54	34.2	41.1	39.8	79	6.90e-05	38.5
HBY37874.1	MER0001284|M28.002|M28E	30.1	47.4	53.5	146	3.33e-11	59.3
HBY37874.1	MER0100667|M28.020|M28F	40.0	19.7	27.3	60	2.87e-06	44.3
HBY37874.1	MER0194228|M28.A01|M28F	41.4	22.7	35.9	70	1.03e-05	42.4
HBY37874.1	MER0001289|M28.009|M28F	41.4	22.7	25.8	70	1.62e-05	42.4
HBY37874.1	MER0004514|M28.004|M28E	26.9	33.6	41.8	104	4.74e-05	40.8
HBY37874.1	MER0005131|M28.006|M28E	29.1	34.2	42.7	110	4.87e-05	40.8
HBY37874.1	MER0037181|M28.019|M28A	37.2	24.7	27.8	78	7.13e-05	40.4
HBY37874.1	MER0001288|M28.001|M28A	28.4	24.0	31.2	74	3.45e-04	38.1
HBY37874.1	MER0005239|M28.011|M28B	35.9	28.3	28.4	92	5.46e-04	37.7
HBY37874.1	MER0032443|M28.022|M28E	32.1	23.7	30.4	78	8.87e-04	37.0
HBY37905.1	MER0001243|M24.001|M24A	63.6	99.6	99.2	264	5.74e-117	333
HBY37905.1	MER0001342|M24.017|M24A	47.6	93.2	93.1	246	6.61e-76	228
HBY37905.1	MER0005690|M24.A06|M24A	49.2	90.9	95.2	240	2.01e-74	224
HBY37905.1	MER0015127|M24.A05|M24A	47.1	91.7	96.0	242	4.86e-70	213
HBY37905.1	MER0013589|M24.A12|M24A	43.1	93.2	100	246	1.31e-68	209
HBY37905.1	MER0013929|M24.028|M24A	42.1	95.5	98.4	252	2.11e-64	199
HBY37905.1	MER0015128|M24.A07|M24A	43.8	91.3	95.2	242	7.22e-62	192
HBY37905.1	MER0013450|M24.036|M24A	34.3	95.5	99.2	254	4.32e-46	152
HBY37905.1	MER0010972|M24.950|M24A	32.6	91.7	90.9	242	1.44e-37	129
HBY37905.1	MER0004931|M24.008|M24B	25.5	96.2	98.7	255	4.29e-18	77.8
HBY37905.1	MER0024896|M24.A13|M24A	31.1	53.8	31.2	151	2.90e-17	77.8
HBY37905.1	MER0004532|M24.034|M24B	26.7	76.9	83.8	206	6.97e-10	54.7
HBY37905.1	MER0013463|M24.026|M24B	22.6	93.6	94.2	270	6.67e-06	43.1
HBY37905.1	MER0064643|M24.978|M24X	34.5	29.5	24.9	87	1.11e-05	42.7
HBY37905.1	MER0029983|M24.975|M24X	46.3	18.9	15.3	54	1.12e-04	39.7
HBY37905.1	MER0005497|M24.973|M24X	33.3	29.5	24.9	87	1.12e-04	39.7
HBY37926.1	MER0015121|M14.A02|M14B	23.5	35.9	49.7	196	7.92e-07	47.8
HBY37961.1	MER0003800|S12.952|S12	48.4	48.9	98.5	405	2.52e-128	387
HBY37961.1	MER0004090|S12.A03|S12	45.4	46.7	97.7	388	3.73e-108	333
HBY37961.1	MER0354941|S12.A22|S12	46.8	24.0	100	201	8.61e-51	173
HBY37961.1	MER0035017|S12.A26|S12	29.6	43.2	94.0	388	1.40e-22	97.8
HBY37961.1	MER0122661|S12.A28|S12	24.4	37.0	83.1	312	1.20e-17	82.0
HBY37961.1	MER0002489|S12.003|S12	26.5	39.7	85.8	332	3.36e-15	74.7
HBY37961.1	MER0006204|S12.950|S12	25.7	43.4	93.6	381	2.44e-14	72.4
HBY37961.1	MER0000459|S12.001|S12	28.7	24.3	53.9	209	8.39e-13	67.4
HBY37961.1	MER0005964|S12.951|S12	23.1	43.4	92.2	368	3.72e-12	65.5
HBY37961.1	MER0028284|S12.010|S12	28.6	24.1	53.7	203	3.20e-10	59.3
HBY37961.1	MER0026262|S12.008|S12	22.3	24.0	54.3	211	6.06e-10	58.5
HBY37961.1	MER0000457|S12.002|S12	29.1	22.1	49.1	182	1.29e-08	54.3
HBY37961.1	MER0005923|S12.004|S12	32.8	14.1	24.3	119	3.87e-07	50.1
HBY37961.1	MER0004154|S12.012|S12	27.6	23.3	51.9	196	9.24e-07	48.5
HBY37961.1	MER0005836|S12.A12|S12	19.1	25.4	79.1	225	5.76e-04	39.3
HBY37963.1	MER0001978|T03.001|T03	46.4	92.5	93.5	522	1.47e-147	433
HBY37963.1	MER0011800|T03.A01|T03	36.2	83.8	80.0	475	1.90e-82	265
HBY37963.1	MER0011811|T03.A03|T03	37.5	84.0	82.6	491	5.57e-80	258
HBY37963.1	MER0004194|T03.A07|T03	37.6	85.6	91.6	497	2.19e-73	240
HBY37963.1	MER0003580|T03.011|T03	33.1	88.5	88.8	505	2.71e-67	224
HBY37963.1	MER0001629|T03.006|T03	33.1	90.7	91.5	522	5.16e-67	224
HBY37963.1	MER0011215|T03.A04|T03	34.5	82.4	91.7	476	6.52e-67	222
HBY37963.1	MER0011143|T03.005|T03	33.8	92.6	92.8	539	2.15e-64	217
HBY37963.1	MER0005831|T03.A06|T03	32.7	85.3	85.0	502	6.38e-63	213
HBY37963.1	MER0011211|T03.007|T03	30.0	88.5	89.2	513	2.26e-61	209
HBY37963.1	MER0005029|T03.009|T03	32.0	82.8	88.9	487	2.57e-61	208
HBY37963.1	MER0006124|T03.A05|T03	32.4	89.0	89.8	516	4.79e-59	202
HBY37963.1	MER0002720|T03.023|T03	33.0	83.1	86.9	464	1.11e-58	199
HBY37963.1	MER0016970|T03.017|T03	27.5	86.4	87.3	494	4.78e-44	161
HBY37963.1	MER0001977|T03.002|T03	29.1	90.5	91.5	533	8.98e-44	160
HBY37963.1	MER0011193|T03.010|T03	29.2	90.3	92.8	530	2.39e-43	159
HBY37963.1	MER0094876|T03.025|T03	27.2	92.8	99.0	536	1.39e-42	156
HBY37963.1	MER0002728|T03.012|T03	29.9	85.5	86.3	508	1.34e-40	152
HBY37963.1	MER0004202|T03.013|T03	26.9	80.4	82.6	468	2.42e-38	144
HBY37963.1	MER0006132|T03.014|T03	25.8	82.8	83.5	558	2.56e-28	116
HBY37963.1	MER0002718|T03.008|T03	39.6	31.8	95.3	182	1.29e-26	103
HBY37963.1	MER0026204|T03.018|T03	32.6	40.8	97.4	230	5.05e-25	100
HBY37963.1	MER0026205|T03.019|T03	39.8	29.3	72.9	166	8.97e-25	99.8
HBY37963.1	MER0002721|T03.016|T03	38.4	26.8	69.2	177	3.05e-24	99.0
HBY37963.1	MER0003440|T03.A08|T03	26.9	73.2	86.0	416	4.06e-20	89.7
HBY38050.1	MER0000576|S24.003|S24	40.9	82.6	100	115	9.14e-26	91.3
HBY38050.1	MER0006172|S24.004|S24	53.7	47.1	84.8	67	3.84e-14	60.5
HBY38050.1	MER0000569|S24.001|S24	30.8	63.8	77.1	91	5.27e-07	42.7
HBY38065.1	MER0034615|S09.075|S09C	27.3	37.7	50.0	132	1.08e-06	45.8
HBY38066.1	MER0005196|S09.017|S09B	26.4	38.2	50.0	125	8.29e-06	43.1
HBY38066.1	MER0034615|S09.075|S09C	27.7	36.5	48.0	130	4.68e-05	40.8
HBY38066.1	MER0000263|S09.012|S09C	29.6	32.6	42.3	108	3.51e-04	38.1
HBY38100.1	MER0195774|M16.019|M16B	40.3	18.9	100	181	6.72e-35	128
HBY38100.1	MER0122186|M16.A14|M16A	29.6	19.4	91.0	189	1.88e-16	75.9
HBY38100.1	MER0001233|M16.A05|M16B	28.9	21.9	88.4	218	1.89e-15	73.9
HBY38100.1	MER0001229|M16.003|M16B	25.4	21.8	94.4	209	6.16e-14	68.9
HBY38100.1	MER0043985|M16.980|M16B	25.4	21.8	86.8	209	8.56e-14	68.9
HBY38100.1	MER0002345|M16.A08|M16A	28.7	19.4	89.2	195	1.60e-12	64.7
HBY38100.1	MER0011744|M16.A02|M16A	27.8	19.4	89.2	198	1.60e-12	64.7
HBY38100.1	MER0011096|M16.A01|M16A	27.8	17.4	76.9	169	3.96e-12	63.5
HBY38100.1	MER0001218|M16.008|M16A	27.0	19.5	89.6	196	9.78e-12	62.4
HBY38100.1	MER0001220|M16.005|M16A	27.1	19.1	89.9	192	1.65e-11	61.6
HBY38100.1	MER0011292|M16.A07|M16A	29.3	16.6	69.0	167	1.80e-11	62.0
HBY38100.1	MER0237414|M16.970|M16B	22.6	19.7	81.6	195	1.86e-11	62.0
HBY38100.1	MER0169735|M16.021|M16A	28.7	19.5	94.5	195	8.95e-11	59.3
HBY38100.1	MER0002283|M16.A10|M16A	29.2	19.1	87.7	192	1.09e-10	59.3
HBY38100.1	MER0003823|M16.A09|M16A	27.6	19.1	87.7	192	1.98e-10	58.5
HBY38100.1	MER0002423|M16.A11|M16A	27.7	19.0	87.3	191	3.98e-09	54.7
HBY38100.1	MER0188967|M16.A18|M16C	26.8	18.6	41.2	190	9.82e-09	55.5
HBY38100.1	MER0002008|M16.004|M16B	26.3	21.6	86.4	217	1.31e-08	53.5
HBY38100.1	MER0003386|M16.020|M16A	24.6	19.4	89.2	195	3.21e-08	52.0
HBY38100.1	MER0011192|M16.A06|M16A	28.6	15.1	85.4	147	9.45e-08	49.7
HBY38100.1	MER0026957|M16.977|M16B	23.2	17.2	73.4	164	3.06e-05	43.1
HBY38100.1	MER0035181|M16.A21|M16B	22.1	19.8	94.5	226	1.11e-04	41.6
HBY38123.1	MER0003306|S45.001|S45	26.9	28.3	40.8	245	6.49e-09	55.8
HBY38123.1	MER0035254|S45.004|S45	26.7	27.8	41.8	247	2.48e-05	44.3
HBY38179.1	MER0287029|M02.007|M02	35.2	85.3	68.7	361	3.18e-69	224
HBY38179.1	MER0001019|M02.004|M02	36.6	85.7	57.4	363	6.39e-69	226
HBY38179.1	MER0004967|M02.001|M02	35.3	90.3	68.4	388	1.30e-68	224
HBY38179.1	MER0001987|M02.003|M02	33.2	90.3	62.9	382	6.69e-67	220
HBY38179.1	MER0004971|M02.005|M02	35.5	85.0	63.2	372	3.40e-66	218
HBY38179.1	MER0021909|M02.971|M02	39.8	60.1	61.3	251	6.88e-62	202
HBY38179.1	MER0002827|M02.002|M02	34.3	84.3	58.0	361	4.60e-61	205
HBY38179.1	MER0011061|M02.006|M02	32.6	90.8	64.1	389	1.70e-58	198
HBY38179.1	MER0020514|M02.972|M02	35.5	49.5	71.6	214	5.74e-38	136
HBY38263.1	MER0003327|C44.971|C44	68.5	38.5	100	235	9.77e-105	313
HBY38263.1	MER0185695|C44.A08|C44	41.8	34.9	99.1	220	1.17e-49	169
HBY38263.1	MER0012158|C44.972|C44	31.0	41.3	95.0	323	2.66e-36	135
HBY38263.1	MER0003350|C44.975|C44	39.3	28.4	92.7	191	7.71e-34	125
HBY38263.1	MER0003322|C44.970|C44	39.3	27.9	92.7	196	4.65e-32	120
HBY38263.1	MER0011781|C44.A02|C44	27.9	32.3	83.5	201	2.26e-13	67.0
HBY38263.1	MER0037955|C44.A09|C44	29.5	21.1	46.7	129	8.23e-07	47.8
HBY38310.1	MER0026262|S12.008|S12	26.1	64.3	93.7	356	9.08e-25	102
HBY38310.1	MER0219770|S12.011|S12	27.9	60.3	96.1	330	2.61e-23	97.4
HBY38310.1	MER0000459|S12.001|S12	26.0	63.9	90.8	354	1.62e-17	80.9
HBY38310.1	MER0017069|S12.009|S12	26.3	61.8	91.5	334	4.57e-16	76.3
HBY38310.1	MER1143079|S12.013|S12	28.2	56.8	89.8	305	3.11e-14	70.1
HBY38310.1	MER0028284|S12.010|S12	22.9	63.5	92.6	340	5.23e-14	70.1
HBY38310.1	MER0140154|S12.A27|S12	21.0	60.6	97.9	348	3.04e-13	67.8
HBY38310.1	MER0005964|S12.951|S12	22.2	68.3	97.5	374	6.09e-13	67.0
HBY38310.1	MER0011700|S12.A16|S12	24.0	63.3	93.8	363	2.73e-12	65.1
HBY38310.1	MER0006204|S12.950|S12	36.2	21.1	29.7	116	2.10e-11	62.4
HBY38310.1	MER0000457|S12.002|S12	24.2	59.9	85.4	318	1.28e-10	59.7
HBY38310.1	MER0005923|S12.004|S12	21.0	58.7	84.7	390	1.04e-09	57.4
HBY38310.1	MER0039166|S12.A15|S12	34.7	18.3	25.1	98	2.00e-09	56.2
HBY38310.1	MER0000463|S12.006|S12	23.5	66.0	99.1	375	2.40e-09	55.8
HBY38310.1	MER0122661|S12.A28|S12	23.4	40.5	60.1	214	2.62e-05	43.1
HBY38357.1	MER0001284|M28.002|M28E	32.2	24.7	46.1	118	1.04e-10	58.9
HBY38357.1	MER0005239|M28.011|M28B	33.9	24.9	39.1	124	1.12e-08	53.1
HBY38357.1	MER0005238|M28.012|M28B	34.2	24.3	38.1	120	3.50e-08	51.6
HBY38357.1	MER0004514|M28.004|M28E	29.6	24.1	45.8	115	4.82e-08	50.8
HBY38357.1	MER0005139|M28.A18|M28B	31.7	25.4	40.6	126	6.13e-08	50.8
HBY38357.1	MER0005149|M28.A19|M28B	28.7	26.0	39.6	129	2.80e-07	48.9
HBY38357.1	MER0002161|M28.003|M28A	31.0	23.5	36.3	113	4.64e-07	48.1
HBY38357.1	MER0002104|M28.010|M28B	31.0	25.6	40.2	126	8.34e-07	47.4
HBY38357.1	MER0100667|M28.020|M28F	30.2	38.6	79.5	199	1.27e-06	46.2
HBY38357.1	MER0015336|M28.007|M28B	30.1	24.9	42.6	123	3.12e-06	45.4
HBY38357.1	MER0037181|M28.019|M28A	30.5	21.6	33.5	105	2.49e-04	39.7
HBY38357.1	MER0005244|M28.014|M28D	27.3	18.4	38.2	88	4.09e-04	38.5
HBY38425.1	MER0005964|S12.951|S12	28.3	62.5	16.8	60	1.27e-05	38.9
HBY38425.1	MER0000463|S12.006|S12	47.6	43.8	11.6	42	1.12e-04	36.2
HBY38425.1	MER0005923|S12.004|S12	37.8	46.9	10.0	45	2.95e-04	35.0
HBY38450.1	MER0015468|S54.016|S54	39.3	62.3	96.7	183	3.74e-39	132
HBY38450.1	MER0035255|S54.028|S54	40.3	51.6	75.9	154	3.48e-34	120
HBY38450.1	MER0015465|S54.024|S54	36.6	55.4	85.4	161	1.81e-26	99.8
HBY38450.1	MER0015459|S54.014|S54	24.8	49.8	59.9	145	8.43e-13	63.5
HBY38450.1	MER0017405|S54.A19|S54	28.5	46.4	69.0	137	6.93e-12	60.1
HBY38450.1	MER0015462|S54.A18|S54	23.2	46.7	72.6	138	1.12e-10	56.6
HBY38450.1	MER0047976|S54.021|S54	20.1	48.8	64.5	144	1.24e-07	47.8
HBY38491.1	MER0002489|S12.003|S12	28.3	81.9	69.4	240	1.62e-21	88.6
HBY38491.1	MER0000459|S12.001|S12	25.9	90.1	73.9	263	1.04e-16	75.1
HBY38491.1	MER0005964|S12.951|S12	22.9	95.5	79.6	288	1.49e-16	74.7
HBY38491.1	MER0026262|S12.008|S12	27.2	77.0	56.6	206	7.90e-15	69.7
HBY38491.1	MER1143079|S12.013|S12	27.0	50.2	39.9	122	1.33e-10	57.0
HBY38491.1	MER0003802|S12.A21|S12	24.5	98.8	79.5	265	2.58e-07	47.4
HBY38491.1	MER0006204|S12.950|S12	29.0	35.8	26.5	100	4.20e-04	37.7
HBY38496.1	MER0066192|M38.983|M38	26.1	78.6	26.7	92	3.60e-06	41.2
HBY38499.1	MER0011806|C44.A03|C44	36.0	96.3	93.7	236	2.04e-32	115
HBY38499.1	MER0004101|C44.A01|C44	35.2	96.3	93.7	236	4.32e-31	112
HBY38499.1	MER0011781|C44.A02|C44	35.0	95.9	92.8	234	8.51e-31	111
HBY38499.1	MER0003314|C44.001|C44	31.8	94.7	92.9	255	3.96e-24	94.4
HBY38510.1	MER0011806|C44.A03|C44	36.7	67.7	93.7	237	8.82e-39	135
HBY38510.1	MER0004101|C44.A01|C44	36.7	67.7	93.7	237	1.84e-37	131
HBY38510.1	MER0011781|C44.A02|C44	35.3	66.6	91.6	232	3.09e-33	120
HBY38510.1	MER0003314|C44.001|C44	33.2	66.9	93.2	256	1.73e-28	108
HBY38510.1	MER0185695|C44.A08|C44	27.5	49.0	75.1	178	1.41e-10	57.4
HBY38521.1	MER0036114|S33.980|S33	28.9	56.5	38.3	121	2.04e-04	38.1
HBY38537.1	MER0036115|S33.B18|S33	28.1	96.1	91.1	281	1.70e-30	113
HBY38537.1	MER0035035|S33.A94|S33	27.8	90.7	87.3	270	1.35e-27	105
HBY38537.1	MER0035042|S33.A93|S33	27.6	90.4	86.9	272	9.46e-25	97.8
HBY38537.1	MER0035038|S33.A98|S33	27.3	85.4	83.9	256	2.44e-24	96.7
HBY38537.1	MER0044350|S33.A81|S33	29.2	91.1	99.6	271	6.61e-22	89.4
HBY38537.1	MER0035044|S33.A97|S33	40.7	38.1	35.6	108	2.95e-21	88.2
HBY38537.1	MER0031619|S33.012|S33	25.5	91.5	88.4	286	2.23e-20	85.9
HBY38537.1	MER0035032|S33.A96|S33	39.6	37.4	35.1	106	5.18e-20	84.7
HBY38537.1	MER0035043|S33.A95|S33	23.7	90.4	87.0	270	3.23e-15	71.2
HBY38537.1	MER0213280|S33.A87|S33	23.0	90.7	88.8	270	3.08e-13	65.5
HBY38537.1	MER0031610|S33.976|S33	22.9	91.1	82.4	262	1.90e-08	51.2
HBY38537.1	MER0031616|S33.013|S33	37.7	25.6	23.8	77	3.72e-06	44.3
HBY38537.1	MER0011509|S33.A84|S33	30.7	38.4	34.9	114	5.03e-06	43.9
HBY38537.1	MER0017193|S33.991|S33	30.3	31.3	31.4	89	3.43e-05	41.2
HBY38537.1	MER0011785|S33.009|S33	29.3	38.8	34.5	116	9.19e-05	40.0
HBY38537.1	MER0213595|S33.A70|S33	45.0	14.2	16.4	40	2.34e-04	38.5
HBY38537.1	MER0030163|S33.975|S33	29.5	36.3	35.7	105	2.70e-04	38.5
HBY38537.1	MER0034563|S33.996|S33	31.6	32.0	36.1	95	4.18e-04	37.7
HBY38537.1	MER0036114|S33.980|S33	30.1	35.2	34.0	103	4.90e-04	37.7
HBY38537.1	MER0210990|S33.A66|S33	25.9	38.4	31.1	108	5.31e-04	37.7
HBY38537.1	MER0017142|S33.994|S33	30.9	38.8	41.9	110	5.63e-04	37.4
HBY38558.1	MER0001313|A08.001|A08	48.6	85.1	90.2	148	1.11e-51	160
HBY38579.1	MER0001920|S09.A77|S09C	31.5	35.6	97.6	241	2.90e-31	119
HBY38579.1	MER0003558|S09.A83|S09C	34.6	30.8	80.4	211	3.07e-27	108
HBY38579.1	MER0018170|S09.057|S09C	32.4	29.6	81.0	204	8.75e-27	106
HBY38579.1	MER0015682|S09.074|S09C	34.1	27.9	58.5	182	6.54e-26	105
HBY38579.1	MER0140224|S09.B03|S09X	33.5	27.6	78.6	188	4.59e-23	95.5
HBY38579.1	MER0005807|S09.070|S09C	27.8	37.9	88.7	248	2.39e-22	94.4
HBY38579.1	MER0001423|S09.013|S09B	27.7	33.6	94.4	224	1.81e-20	87.8
HBY38579.1	MER0126485|S09.072|S09X	27.1	33.4	92.8	221	1.38e-18	82.4
HBY38579.1	MER0011583|S09.079|S09D	30.8	33.1	88.0	224	3.22e-18	81.6
HBY38579.1	MER0005994|S09.A03|S09B	26.0	36.5	92.4	250	1.21e-15	74.3
HBY38579.1	MER0017401|S09.071|S09C	29.9	35.6	99.2	241	2.80e-15	72.8
HBY38579.1	MER0016096|S09.056|S09C	31.7	26.5	74.6	189	3.04e-15	72.8
HBY38579.1	MER0000408|S09.004|S09C	28.2	31.0	83.3	213	9.31e-14	68.6
HBY38579.1	MER0000263|S09.012|S09C	27.6	30.7	85.5	210	1.17e-12	65.1
HBY38579.1	MER0005987|S09.A65|S09B	25.5	31.1	78.2	208	5.08e-12	63.5
HBY38579.1	MER0034615|S09.075|S09C	28.7	25.8	71.1	178	1.84e-11	61.6
HBY38579.1	MER0004925|S09.021|S09D	27.8	23.9	58.0	158	7.63e-10	57.0
HBY38579.1	MER0014827|S09.021|S09D	29.1	23.9	58.0	158	1.02e-09	56.6
HBY38579.1	MER0004923|S09.019|S09B	31.5	23.3	53.4	162	4.15e-09	55.1
HBY38579.1	MER0030932|S09.B06|S09X	26.2	28.1	73.1	187	2.19e-08	52.4
HBY38579.1	MER0004921|S09.A75|S09B	30.8	17.8	50.6	120	6.57e-08	50.8
HBY38579.1	MER0015621|S09.A02|S09A	32.5	12.7	27.7	83	1.85e-07	50.1
HBY38579.1	MER0004199|S09.A76|S09B	26.9	27.3	77.2	182	1.87e-07	49.3
HBY38579.1	MER0011413|S09.016|S09B	25.8	31.9	89.1	221	2.90e-07	48.9
HBY38579.1	MER0000399|S09.007|S09B	24.5	33.9	84.7	229	4.63e-07	48.5
HBY38637.1	MER0004775|M13.009|M13	39.7	93.6	98.3	650	5.54e-149	445
HBY38637.1	MER0001056|M13.002|M13	33.4	93.3	97.3	670	3.89e-100	318
HBY38637.1	MER0001991|M13.003|M13	31.3	89.2	93.4	642	6.21e-90	291
HBY38637.1	MER0011141|M13.A14|M13	28.6	93.3	97.4	679	1.28e-85	280
HBY38637.1	MER0011159|M13.A15|M13	28.0	93.3	97.4	681	2.27e-82	271
HBY38637.1	MER0011838|M13.007|M13	28.4	92.7	96.6	668	2.26e-81	269
HBY38637.1	MER0001050|M13.001|M13	28.7	92.7	96.9	689	4.64e-79	263
HBY38637.1	MER0013406|M13.008|M13	27.8	93.3	97.4	688	2.27e-77	258
HBY38637.1	MER0019831|M13.014|M13	28.9	89.4	96.5	653	3.37e-77	257
HBY38637.1	MER0002988|M13.A16|M13	29.0	88.8	93.1	658	1.51e-74	251
HBY38637.1	MER0005528|M13.012|M13	29.2	92.3	96.4	671	2.50e-74	250
HBY38637.1	MER0019832|M13.010|M13	28.3	94.6	99.5	667	8.34e-71	239
HBY38637.1	MER0002062|M13.091|M13	27.5	93.3	97.4	691	5.36e-67	230
HBY38637.1	MER0002350|M13.013|M13	27.8	92.7	96.8	690	3.09e-64	223
HBY38637.1	MER0004762|M13.015|M13	27.7	94.3	98.4	693	7.24e-64	221
HBY38637.1	MER0001058|M13.004|M13	26.3	91.7	99.4	639	2.22e-62	216
HBY38637.1	MER0002285|M13.A26|M13	26.7	93.3	97.2	670	3.04e-56	199
HBY38637.1	MER0001059|M13.005|M13	28.2	79.1	97.0	570	5.91e-54	191
HBY38637.1	MER0002997|M13.A31|M13	24.9	92.3	96.4	672	3.03e-51	186
HBY38637.1	MER0001365|M13.A20|M13	32.6	46.5	47.2	350	1.27e-45	170
HBY38637.1	MER0001054|M13.090|M13	25.8	93.3	97.3	674	9.98e-39	149
HBY38637.1	MER0162857|M13.A19|M13	28.5	46.9	46.6	355	4.09e-36	142
HBY38637.1	MER0015175|M13.011|M13	26.1	66.6	69.5	528	7.03e-32	129
HBY38637.1	MER0011355|M13.A09|M13	27.8	47.1	52.1	353	2.86e-30	123
HBY38637.1	MER0011427|M13.A08|M13	26.6	45.9	50.1	349	2.24e-29	120
HBY38649.1	MER0181656|N06.A01|N06	40.0	90.9	99.4	345	1.27e-68	216
HBY38649.1	MER0181660|N06.004|N06	29.7	92.2	98.0	350	3.07e-38	137
HBY38649.1	MER0123660|N06.001|N06	29.4	90.9	95.5	354	4.63e-38	137
HBY38649.1	MER0187143|N06.003|N06	26.4	91.7	98.8	349	7.41e-33	122
HBY38649.1	MER0181703|N06.002|N06	23.3	84.8	92.0	318	4.49e-20	87.0
HBY38655.1	MER0016688|S08.029|S08A	33.1	41.2	95.9	347	5.06e-33	127
HBY38655.1	MER0019280|S08.135|S08A	33.1	39.4	90.8	338	1.24e-30	119
HBY38655.1	MER0003536|S08.069|S08A	31.8	38.1	89.8	327	2.06e-28	113
HBY38655.1	MER0004123|S08.137|S08A	31.5	41.1	93.6	355	2.32e-23	99.0
HBY38655.1	MER0000321|S08.114|S08A	29.2	42.9	88.2	373	4.57e-23	98.6
HBY38655.1	MER0030016|S08.117|S08A	31.1	36.7	89.5	309	4.60e-22	94.0
HBY38655.1	MER0000311|S08.034|S08A	30.2	41.6	97.8	354	3.72e-18	82.4
HBY38655.1	MER0016978|S08.021|S08A	29.6	41.2	94.0	355	9.17e-18	82.0
HBY38655.1	MER0000309|S08.001|S08A	29.5	41.6	97.8	349	1.64e-17	80.5
HBY38655.1	MER0000313|S08.036|S08A	28.9	39.5	92.7	336	3.03e-17	79.7
HBY38655.1	MER0014744|S08.016|S08A	30.1	38.8	81.0	326	3.85e-17	80.5
HBY38655.1	MER0004085|S08.113|S08A	30.4	38.8	82.1	332	5.05e-17	80.1
HBY38655.1	MER0001521|S08.044|S08A	28.9	39.5	92.7	336	5.51e-17	79.0
HBY38655.1	MER0000312|S08.042|S08A	28.4	39.5	92.7	331	1.00e-16	78.2
HBY38655.1	MER0001523|S08.035|S08A	28.4	39.5	92.7	331	1.00e-16	78.2
HBY38655.1	MER0000310|S08.037|S08A	30.6	41.6	97.8	350	2.42e-16	77.0
HBY38655.1	MER0001928|S08.098|S08A	27.7	39.5	92.6	328	3.02e-16	76.6
HBY38655.1	MER0001755|S08.002|S08A	28.6	39.5	92.7	336	3.31e-16	76.6
HBY38655.1	MER0000315|S08.038|S08A	27.2	41.6	97.8	345	1.35e-15	74.7
HBY38655.1	MER0001520|S08.010|S08A	27.2	41.6	97.8	345	1.35e-15	74.7
HBY38655.1	MER0001906|S08.003|S08A	27.2	41.6	97.8	345	1.35e-15	74.7
HBY38655.1	MER0005931|S08.005|S08A	31.5	31.8	86.4	267	1.62e-15	73.9
HBY38655.1	MER0013656|S08.046|S08A	28.1	37.9	88.1	317	3.25e-15	73.6
HBY38655.1	MER0001451|S08.A15|S08A	27.9	31.9	80.7	305	6.16e-15	73.9
HBY38655.1	MER0042897|S08.133|S08A	28.6	36.7	85.3	311	1.66e-14	71.6
HBY38661.1	MER0016688|S08.029|S08A	35.1	39.4	92.5	339	2.45e-34	130
HBY38661.1	MER0004123|S08.137|S08A	31.9	43.4	99.1	382	3.16e-29	116
HBY38661.1	MER0004085|S08.113|S08A	33.3	37.8	80.0	324	7.07e-28	112
HBY38661.1	MER0019280|S08.135|S08A	32.0	39.5	92.5	334	8.19e-27	108
HBY38661.1	MER0003536|S08.069|S08A	34.9	38.9	90.8	327	9.03e-23	96.7
HBY38661.1	MER0016978|S08.021|S08A	29.7	39.6	92.1	344	3.73e-22	95.1
HBY38661.1	MER0042897|S08.133|S08A	30.5	41.0	97.5	354	6.41e-22	93.6
HBY38661.1	MER0001520|S08.010|S08A	29.7	38.7	91.4	323	7.31e-22	93.2
HBY38661.1	MER0000315|S08.038|S08A	29.7	38.7	91.4	323	1.34e-21	92.4
HBY38661.1	MER0001906|S08.003|S08A	29.7	38.7	91.4	323	1.81e-21	92.0
HBY38661.1	MER0001928|S08.098|S08A	29.8	38.8	91.8	326	1.81e-21	92.0
HBY38661.1	MER0000316|S08.157|S08A	30.6	38.8	92.2	324	5.96e-21	90.5
HBY38661.1	MER0013656|S08.046|S08A	33.0	31.5	78.0	270	1.99e-20	89.0
HBY38661.1	MER0030016|S08.117|S08A	31.3	36.5	90.3	310	3.17e-20	88.6
HBY38661.1	MER0000313|S08.036|S08A	31.7	38.8	92.0	328	4.14e-20	88.2
HBY38661.1	MER0001521|S08.044|S08A	31.7	38.8	92.0	328	7.55e-20	87.4
HBY38661.1	MER0014744|S08.016|S08A	30.8	36.0	76.3	305	8.00e-20	88.6
HBY38661.1	MER0000312|S08.042|S08A	31.4	38.8	92.0	328	1.02e-19	87.0
HBY38661.1	MER0001523|S08.035|S08A	31.4	38.8	92.0	328	1.02e-19	87.0
HBY38661.1	MER0000311|S08.034|S08A	30.6	38.8	92.0	327	1.86e-19	86.3
HBY38661.1	MER0001755|S08.002|S08A	31.4	38.8	92.0	328	1.86e-19	86.3
HBY38661.1	MER0000321|S08.114|S08A	26.4	42.4	88.2	368	3.26e-19	87.0
HBY38661.1	MER0001699|S08.045|S08A	30.3	40.0	94.9	346	4.44e-19	85.1
HBY38661.1	MER0000310|S08.037|S08A	30.5	38.8	92.0	328	6.73e-18	81.6
HBY38661.1	MER0002790|S08.140|S08A	31.0	28.7	89.5	245	1.20e-17	80.1
HBY38680.1	MER0061068|M38.A02|M38	59.0	91.8	26.2	78	1.19e-26	95.9
HBY38691.1	MER0061068|M38.A02|M38	59.8	80.1	56.7	169	6.18e-68	207
HBY38694.1	MER0005987|S09.A65|S09B	27.6	50.6	66.8	181	4.09e-09	53.5
HBY38694.1	MER0195666|S09.073|S09B	27.6	62.7	90.4	225	3.02e-06	44.7
HBY38694.1	MER0000404|S09.005|S09B	23.0	72.0	97.0	270	3.46e-06	44.7
HBY38694.1	MER0016096|S09.056|S09C	22.0	67.1	99.6	245	7.43e-06	43.5
HBY38697.1	MER0320807|C93.001|C93	46.1	90.5	80.9	193	5.06e-51	162
HBY38706.1	MER0002639|M48.022|M48C	29.9	43.2	85.2	154	2.95e-11	58.5
HBY38706.1	MER0031491|M48.023|M48C	25.6	41.5	80.1	156	8.21e-07	45.8
HBY38733.1	MER0005410|M14.015|M14D	33.6	38.6	21.4	110	1.05e-07	49.3
HBY38733.1	MER0013404|M14.039|M14D	33.1	41.5	23.2	118	3.33e-07	47.8
HBY38784.1	MER0003376|M23.005|M23B	41.9	43.8	69.3	117	9.74e-20	80.1
HBY38784.1	MER0015415|M23.951|M23B	31.1	53.6	74.7	132	8.25e-16	69.7
HBY38784.1	MER0013541|M23.014|M23B	38.4	36.6	96.6	86	4.71e-15	65.5
HBY38784.1	MER0069741|M23.009|M23B	39.2	41.3	55.2	97	1.15e-13	63.9
HBY38784.1	MER0003380|M23.011|M23B	34.4	39.6	37.8	93	2.10e-12	61.6
HBY38784.1	MER0003423|M23.012|M23B	43.0	38.3	65.0	93	4.50e-12	58.9
HBY38784.1	MER0001419|M23.004|M23B	41.9	38.3	65.0	93	8.61e-12	58.2
HBY38784.1	MER0066182|M23.A04|M23B	30.7	48.1	55.8	114	2.99e-11	57.8
HBY38784.1	MER0387040|M23.A03|M23B	31.3	40.4	92.2	96	2.38e-09	50.4
HBY38784.1	MER0005300|M23.950|M23B	31.1	50.6	69.9	119	3.05e-05	40.0
HBY38785.1	MER0073084|M61.002|M61	41.8	77.9	97.8	479	3.85e-125	374
HBY38785.1	MER0014496|M61.001|M61	26.8	45.8	42.4	284	1.40e-14	73.6
HBY38800.1	MER0011583|S09.079|S09D	36.4	34.6	96.8	247	1.52e-44	157
HBY38800.1	MER0017401|S09.071|S09C	31.9	33.1	96.2	232	1.30e-30	117
HBY38800.1	MER0034615|S09.075|S09C	31.0	33.4	96.3	239	2.12e-28	111
HBY38800.1	MER0000263|S09.012|S09C	29.6	32.9	96.3	233	4.62e-24	98.6
HBY38800.1	MER0000408|S09.004|S09C	27.5	32.3	91.3	233	4.93e-23	95.9
HBY38800.1	MER0016096|S09.056|S09C	27.6	31.7	93.0	228	2.81e-19	84.7
HBY38800.1	MER0003558|S09.A83|S09C	27.8	29.1	77.7	205	2.84e-16	76.3
HBY38800.1	MER0005196|S09.017|S09B	29.7	29.2	80.4	209	1.32e-13	68.2
HBY38800.1	MER0000401|S09.003|S09B	28.1	31.4	82.2	224	1.60e-13	68.2
HBY38800.1	MER0000399|S09.007|S09B	25.8	32.6	86.2	236	9.79e-12	62.8
HBY38800.1	MER0001423|S09.013|S09B	23.3	33.4	100	240	1.33e-10	58.9
HBY38800.1	MER0005807|S09.070|S09C	26.0	32.6	79.6	227	5.18e-10	57.8
HBY38800.1	MER0011413|S09.016|S09B	26.3	18.8	57.3	137	6.84e-09	53.9
HBY38800.1	MER0011305|S09.A64|S09B	24.7	32.6	88.3	235	1.10e-08	53.5
HBY38800.1	MER0022823|S09.B02|S09A	27.1	32.7	83.9	236	2.36e-08	52.8
HBY38800.1	MER0004921|S09.A75|S09B	28.1	18.8	57.0	135	4.11e-07	48.5
HBY38800.1	MER0000404|S09.005|S09B	25.9	19.7	54.0	143	1.22e-05	44.3
HBY38808.1	MER0151383|A32.001|A32	29.0	26.9	59.9	107	1.42e-06	45.1
HBY38859.1	MER0026552|M48.A01|M48C	40.0	61.9	90.1	165	7.92e-31	110
HBY38859.1	MER0042387|M48.019|M48C	36.5	69.8	97.3	189	2.15e-30	109
HBY38859.1	MER0026545|M48.018|M48C	33.5	60.4	58.5	167	2.50e-27	103
HBY38859.1	MER0026496|M48.017|M48C	31.3	86.4	87.5	243	7.38e-25	97.1
HBY38859.1	MER0031491|M48.023|M48C	34.0	57.7	81.7	159	7.60e-23	89.7
HBY38859.1	MER0002642|M48.A03|M48C	28.2	58.9	85.7	156	1.42e-14	67.0
HBY38859.1	MER0002639|M48.022|M48C	30.7	61.1	88.6	163	7.22e-14	65.1
HBY38876.1	MER0015415|M23.951|M23B	35.7	43.3	74.1	126	1.48e-20	83.2
HBY38876.1	MER0005300|M23.950|M23B	36.8	40.7	69.3	114	3.15e-14	65.9
HBY38876.1	MER0069741|M23.009|M23B	38.3	34.4	53.5	94	9.83e-14	64.7
HBY38876.1	MER0387040|M23.A03|M23B	37.8	35.6	94.2	98	7.68e-13	60.5
HBY38876.1	MER0066182|M23.A04|M23B	35.4	40.7	56.3	113	1.05e-12	62.4
HBY38876.1	MER0003906|M23.013|M23B	37.3	35.6	96.2	102	6.92e-10	52.4
HBY38876.1	MER0013541|M23.014|M23B	33.0	32.2	98.9	88	3.89e-08	47.0
HBY38876.1	MER0001419|M23.004|M23B	34.9	37.8	76.2	109	8.50e-08	47.4
HBY38876.1	MER0003423|M23.012|M23B	36.9	30.4	58.7	84	1.87e-06	43.5
HBY38890.1	MER0058228|S09.009|S09B	50.6	32.0	98.3	239	1.24e-73	236
HBY38890.1	MER0001423|S09.013|S09B	44.5	30.9	96.6	227	4.37e-64	210
HBY38890.1	MER0013484|S09.018|S09B	41.6	31.1	99.6	238	5.54e-59	196
HBY38890.1	MER0004923|S09.019|S09B	40.0	33.9	87.9	255	6.92e-59	198
HBY38890.1	MER0005196|S09.017|S09B	42.0	33.0	97.6	245	2.08e-58	195
HBY38890.1	MER0011413|S09.016|S09B	39.7	31.5	99.2	237	2.66e-54	184
HBY38890.1	MER0192427|S09.A96|S09C	38.7	31.3	82.8	235	2.76e-50	174
HBY38890.1	MER0005994|S09.A03|S09B	37.8	33.8	96.6	254	8.07e-49	169
HBY38890.1	MER0004921|S09.A75|S09B	39.8	30.5	95.8	231	9.69e-48	166
HBY38890.1	MER0005987|S09.A65|S09B	35.9	32.3	92.0	245	9.72e-43	152
HBY38890.1	MER0000399|S09.007|S09B	32.3	34.5	97.3	263	6.27e-42	150
HBY38890.1	MER0011231|S09.069|S09B	35.2	33.5	95.0	253	7.97e-41	147
HBY38890.1	MER0195666|S09.073|S09B	36.7	30.4	93.8	229	1.13e-40	146
HBY38890.1	MER0000401|S09.003|S09B	33.1	32.7	92.0	245	2.15e-40	146
HBY38890.1	MER0011305|S09.A64|S09B	38.6	33.2	96.1	251	1.61e-39	143
HBY38890.1	MER0004504|S09.008|S09B	33.8	29.0	92.4	222	2.61e-37	136
HBY38890.1	MER0004199|S09.A76|S09B	37.2	30.2	97.3	226	4.14e-36	132
HBY38890.1	MER0000405|S09.006|S09B	33.9	30.9	84.8	230	5.25e-36	134
HBY38890.1	MER0004193|S09.A74|S09B	33.1	31.3	97.5	236	9.92e-33	123
HBY38890.1	MER0000404|S09.005|S09B	33.5	31.1	88.3	239	1.98e-30	117
HBY38890.1	MER0000403|S09.973|S09X	28.1	34.5	97.3	260	2.98e-27	108
HBY38890.1	MER0017401|S09.071|S09C	30.9	29.0	90.8	223	3.53e-24	99.0
HBY38890.1	MER0003558|S09.A83|S09C	29.2	27.9	79.6	212	1.09e-20	89.4
HBY38890.1	MER0003361|S09.A93|S09B	26.6	28.9	85.4	218	2.06e-20	88.2
HBY38890.1	MER0005988|S09.974|S09X	38.2	14.9	98.2	110	2.49e-18	78.2
HBY38891.1	MER0002267|S08.111|S08A	34.6	66.0	96.5	408	2.85e-51	175
HBY38891.1	MER0055027|S08.134|S08A	37.6	62.2	92.3	404	2.78e-42	154
HBY38891.1	MER0000315|S08.038|S08A	39.5	36.3	77.0	228	2.73e-30	117
HBY38891.1	MER0001520|S08.010|S08A	39.5	36.3	77.0	228	2.73e-30	117
HBY38891.1	MER0001906|S08.003|S08A	39.5	36.3	77.0	228	2.73e-30	117
HBY38891.1	MER0001928|S08.098|S08A	41.1	30.3	68.8	190	5.07e-30	116
HBY38891.1	MER0000309|S08.001|S08A	39.1	30.1	69.0	192	1.25e-28	112
HBY38891.1	MER0000316|S08.157|S08A	39.5	35.7	75.7	223	9.45e-28	109
HBY38891.1	MER0000310|S08.037|S08A	36.5	36.3	77.4	230	4.99e-27	107
HBY38891.1	MER0000311|S08.034|S08A	39.3	30.1	69.1	191	8.01e-26	104
HBY38891.1	MER0001521|S08.044|S08A	35.1	36.3	77.5	231	2.00e-25	103
HBY38891.1	MER0000313|S08.036|S08A	35.1	36.3	77.5	231	2.72e-25	102
HBY38891.1	MER0077555|S08.028|S08A	36.8	36.3	77.4	234	3.61e-25	102
HBY38891.1	MER0000312|S08.042|S08A	34.6	36.3	77.5	231	5.00e-25	102
HBY38891.1	MER0001523|S08.035|S08A	34.6	36.3	77.5	231	5.00e-25	102
HBY38891.1	MER0001755|S08.002|S08A	35.1	36.3	77.5	231	2.29e-24	100
HBY38891.1	MER0000332|S08.009|S08A	36.9	34.4	73.1	217	9.72e-24	98.2
HBY38891.1	MER0042897|S08.133|S08A	34.6	35.8	76.6	231	5.07e-23	96.3
HBY38891.1	MER0001699|S08.045|S08A	39.0	27.2	61.5	172	1.15e-22	95.1
HBY38891.1	MER0013656|S08.046|S08A	38.3	26.9	60.4	167	1.60e-21	91.7
HBY38891.1	MER0000333|S08.007|S08A	32.3	30.6	69.0	195	8.57e-20	86.7
HBY38891.1	MER0016983|S08.129|S08A	32.5	35.8	74.0	249	1.62e-19	86.7
HBY38891.1	MER0002575|S08.102|S08A	34.9	30.0	68.8	195	8.04e-19	84.0
HBY38891.1	MER0016978|S08.021|S08A	36.1	31.8	61.7	208	6.45e-17	79.0
HBY38891.1	MER0000319|S08.126|S08A	40.3	20.0	44.3	124	1.79e-16	77.0
HBY38927.1	MER0002959|S41.005|S41B	33.0	18.3	70.5	203	3.57e-29	115
HBY38927.1	MER0011097|S41.006|S41B	24.6	35.2	97.5	390	5.61e-27	108
HBY38927.1	MER0001295|S41.001|S41A	30.3	8.6	57.1	109	3.58e-04	39.7
HBY38933.1	MER0001250|M24.003|M24B	52.8	64.4	99.7	286	1.11e-99	296
HBY38933.1	MER0001733|M24.A09|M24B	31.5	62.8	95.5	286	2.17e-33	124
HBY38933.1	MER0001248|M24.007|M24B	33.8	48.3	85.8	225	1.98e-28	109
HBY38933.1	MER0001244|M24.004|M24B	30.1	62.8	94.7	282	3.99e-26	103
HBY38933.1	MER0028601|M24.033|M24B	27.8	63.9	96.2	291	5.46e-18	80.5
HBY38933.1	MER0013463|M24.026|M24B	27.4	50.6	73.5	230	5.80e-14	68.6
HBY38933.1	MER0004532|M24.034|M24B	24.1	63.0	96.5	278	3.77e-11	59.7
HBY38933.1	MER0005462|M24.031|M24B	25.4	62.8	96.1	283	9.36e-11	58.5
HBY38933.1	MER0005715|M24.A11|M24B	23.6	52.8	87.2	233	3.81e-08	50.8
HBY38996.1	MER0001423|S09.013|S09B	39.5	30.7	99.6	238	4.23e-56	189
HBY38996.1	MER0058228|S09.009|S09B	38.4	28.1	88.4	216	2.79e-44	156
HBY38996.1	MER0005196|S09.017|S09B	35.6	28.3	85.6	216	2.57e-41	148
HBY38996.1	MER0013484|S09.018|S09B	35.0	29.9	97.5	234	1.70e-40	145
HBY38996.1	MER0011231|S09.069|S09B	34.1	31.6	92.4	246	5.52e-37	136
HBY38996.1	MER0004921|S09.A75|S09B	35.0	28.5	91.1	220	7.27e-37	135
HBY38996.1	MER0004504|S09.008|S09B	38.2	25.6	82.7	199	1.35e-36	134
HBY38996.1	MER0004923|S09.019|S09B	33.1	30.6	81.0	236	5.17e-36	134
HBY38996.1	MER0011413|S09.016|S09B	34.1	28.1	90.4	217	1.48e-34	129
HBY38996.1	MER0192427|S09.A96|S09C	31.9	30.6	82.4	235	2.95e-34	129
HBY38996.1	MER0000399|S09.007|S09B	32.8	34.3	98.5	265	1.64e-33	126
HBY38996.1	MER0011305|S09.A64|S09B	34.7	30.8	91.8	239	3.75e-33	125
HBY38996.1	MER0005987|S09.A65|S09B	30.6	34.0	98.5	265	7.84e-33	124
HBY38996.1	MER0000404|S09.005|S09B	31.6	31.8	92.1	247	2.88e-32	123
HBY38996.1	MER0000405|S09.006|S09B	32.9	29.0	82.5	228	1.96e-29	115
HBY38996.1	MER0000401|S09.003|S09B	32.1	28.3	81.4	221	5.93e-29	113
HBY38996.1	MER0004193|S09.A74|S09B	30.3	28.3	90.7	218	1.45e-28	111
HBY38996.1	MER0195666|S09.073|S09B	35.6	24.3	77.9	194	5.33e-28	110
HBY38996.1	MER0005994|S09.A03|S09B	31.6	31.0	90.5	247	3.00e-27	108
HBY38996.1	MER0004199|S09.A76|S09B	34.0	27.4	91.5	215	1.06e-26	105
HBY38996.1	MER0000403|S09.973|S09X	26.3	33.6	96.6	262	1.16e-23	98.2
HBY38996.1	MER0003361|S09.A93|S09B	27.9	28.2	85.4	219	6.43e-21	89.7
HBY38996.1	MER0005988|S09.974|S09X	28.8	14.3	99.1	111	3.98e-14	66.2
HBY38996.1	MER0000263|S09.012|S09C	23.4	29.0	93.4	235	9.31e-11	59.7
HBY38996.1	MER0030932|S09.B06|S09X	22.7	22.2	68.6	181	1.21e-05	44.3
HBY39061.1	MER0014140|M56.003|M56	26.1	42.0	62.1	188	2.60e-12	63.9
HBY39061.1	MER0003629|M56.002|M56	25.4	32.6	44.9	134	2.02e-10	58.2
HBY39061.1	MER0014137|M56.001|M56	25.6	30.6	42.5	129	6.67e-07	47.4
HBY39078.1	MER0000436|S33.021|S33	28.0	87.0	99.3	293	3.84e-32	118
HBY39078.1	MER0001380|S33.003|S33	31.0	74.0	84.5	255	2.09e-27	105
HBY39078.1	MER0003537|S33.005|S33	28.5	79.8	90.9	270	7.03e-27	104
HBY39078.1	MER0000437|S33.004|S33	27.3	81.3	91.8	286	4.93e-26	102
HBY39078.1	MER0000431|S33.001|S33	27.6	77.3	85.5	279	2.09e-16	75.5
HBY39078.1	MER0031616|S33.013|S33	30.7	33.8	36.7	114	6.16e-11	59.3
HBY39078.1	MER0025512|S33.010|S33	28.0	30.2	33.4	100	8.39e-09	52.8
HBY39078.1	MER0011785|S33.009|S33	29.1	34.1	36.0	117	1.25e-08	52.4
HBY39078.1	MER0036115|S33.B18|S33	24.7	43.5	46.9	146	2.78e-05	42.0
HBY39078.1	MER0004146|S33.995|S33	27.6	37.2	50.2	134	4.29e-05	41.2
HBY39078.1	MER0210990|S33.A66|S33	26.8	23.6	23.8	82	1.69e-04	39.7
HBY39078.1	MER0031645|S33.A42|S33	40.5	11.2	8.9	37	7.67e-04	37.7
HBY39079.1	MER0003229|S09.036|S09A	50.9	37.3	98.2	271	7.52e-96	295
HBY39079.1	MER0005694|S09.076|S09A	47.3	32.5	83.8	241	2.13e-73	236
HBY39079.1	MER0000392|S09.001|S09A	41.6	36.2	96.8	274	2.59e-65	215
HBY39079.1	MER0981959|S09.078|S09A	44.5	30.1	80.2	227	7.20e-61	203
HBY39079.1	MER0015621|S09.A02|S09A	38.4	36.6	94.7	284	1.65e-60	202
HBY39079.1	MER0002490|S09.A01|S09A	39.8	34.1	86.4	266	1.06e-58	198
HBY39079.1	MER0079308|S09.033|S09A	37.1	36.2	96.7	267	5.50e-57	192
HBY39079.1	MER0022823|S09.B02|S09A	40.2	36.7	98.2	276	8.83e-57	192
HBY39079.1	MER0000398|S09.002|S09A	39.7	32.6	89.8	237	1.51e-56	190
HBY39079.1	MER0011450|S09.A73|S09A	36.6	33.3	90.3	254	1.78e-49	172
HBY39079.1	MER0325901|S09.077|S09A	37.0	30.0	80.2	219	5.14e-48	167
HBY39079.1	MER0000410|S09.010|S09A	31.4	34.7	89.5	258	3.07e-36	135
HBY39079.1	MER0011872|S09.B08|S09A	26.4	36.3	94.1	276	2.08e-29	115
HBY39079.1	MER0082498|S09.A92|S09A	30.6	29.0	77.0	222	2.39e-22	94.7
HBY39079.1	MER0004227|S09.015|S09A	25.3	34.8	87.1	269	1.67e-20	89.7
HBY39079.1	MER0005994|S09.A03|S09B	23.8	30.1	83.2	231	1.42e-11	62.4
HBY39097.1	MER0195774|M16.019|M16B	39.2	25.6	100	181	5.25e-34	125
HBY39097.1	MER0188967|M16.A18|M16C	24.5	36.3	59.9	277	6.87e-14	71.2
HBY39097.1	MER0001233|M16.A05|M16B	27.8	29.4	87.6	223	2.17e-13	67.4
HBY39097.1	MER0014333|M16.A03|M16B	30.6	29.1	86.4	216	3.29e-12	63.9
HBY39097.1	MER0122186|M16.A14|M16A	27.7	28.1	98.0	206	1.03e-11	61.6
HBY39097.1	MER0237414|M16.970|M16B	24.4	24.2	74.4	180	1.74e-11	61.6
HBY39097.1	MER0011096|M16.A01|M16A	28.7	26.3	89.2	195	7.64e-11	59.3
HBY39097.1	MER0001222|M16.001|M16A	27.4	26.3	89.0	190	3.28e-10	57.4
HBY39097.1	MER0011744|M16.A02|M16A	27.2	26.3	89.2	195	5.08e-09	53.9
HBY39097.1	MER0001218|M16.008|M16A	28.7	23.7	77.4	171	1.25e-08	52.8
HBY39097.1	MER0024891|M16.A22|M16C	26.8	23.6	51.3	179	1.97e-08	53.5
HBY39097.1	MER0002008|M16.004|M16B	24.4	26.8	78.8	205	5.63e-07	48.1
HBY39097.1	MER0003543|M16.973|M16B	22.0	24.4	75.7	173	1.66e-06	46.6
HBY39097.1	MER0001229|M16.003|M16B	18.8	24.0	78.2	170	2.13e-05	43.1
HBY39097.1	MER0043985|M16.980|M16B	18.8	24.0	71.9	170	2.47e-05	43.1
HBY39097.1	MER0015090|M16.975|M16B	21.3	23.9	73.9	169	3.09e-05	42.7
HBY39125.1	MER0001300|S49.002|S49B	61.9	53.2	97.3	181	1.56e-80	240
HBY39125.1	MER0321345|S49.A08|S49B	31.6	49.4	92.9	171	3.02e-20	84.0
HBY39125.1	MER0003812|S49.008|S49X	31.6	49.4	88.6	171	7.02e-20	83.2
HBY39125.1	MER0013957|S49.007|S49B	28.9	50.3	91.5	173	2.00e-17	76.3
HBY39125.1	MER0044046|S49.006|S49B	31.3	51.2	94.1	176	4.39e-13	63.9
HBY39125.1	MER0001299|S49.001|S49A	27.0	49.7	29.7	174	1.18e-10	59.3
HBY39125.1	MER0011114|S49.004|S49B	27.8	48.5	44.8	169	2.02e-10	58.2
HBY39150.1	MER0001620|M41.001|M41	87.9	39.3	11.7	33	7.62e-12	55.8
HBY39150.1	MER0171760|M41.A12|M41	31.9	79.8	26.1	69	3.19e-06	40.0
HBY39150.1	MER0015197|M41.013|M41	56.3	38.1	12.4	32	5.95e-06	39.3
HBY39150.1	MER0002197|M41.004|M41	57.6	39.3	12.7	33	5.37e-05	36.6
HBY39150.1	MER0005466|M41.021|M41	54.8	36.9	12.9	31	9.90e-05	35.8
HBY39150.1	MER0005755|M41.026|M41	56.3	38.1	14.1	32	2.51e-04	34.7
HBY39151.1	MER0001620|M41.001|M41	70.0	90.7	82.3	233	1.79e-118	337
HBY39151.1	MER0017637|M41.024|M41	45.3	77.0	82.0	201	3.57e-59	185
HBY39151.1	MER0002602|M41.009|M41	45.4	80.2	76.8	207	7.71e-58	182
HBY39151.1	MER0002563|M41.020|M41	43.3	77.0	82.0	201	1.14e-57	181
HBY39151.1	MER0005466|M41.021|M41	44.7	76.3	81.3	197	5.57e-57	179
HBY39151.1	MER0002408|M41.017|M41	39.6	80.5	83.3	207	6.76e-51	164
HBY39151.1	MER0005755|M41.026|M41	39.8	82.1	87.2	211	1.39e-48	157
HBY39151.1	MER0002197|M41.004|M41	40.5	79.8	74.2	205	4.95e-48	157
HBY39151.1	MER0002608|M41.A11|M41	39.1	83.3	78.7	215	1.72e-47	155
HBY39151.1	MER0014324|M41.018|M41	39.0	81.7	81.6	210	1.22e-46	152
HBY39151.1	MER0015199|M41.015|M41	36.2	82.9	75.6	213	2.81e-45	150
HBY39151.1	MER0015197|M41.013|M41	38.5	77.4	74.5	200	7.26e-44	146
HBY39151.1	MER0190577|M41.A16|M41	36.6	78.6	76.6	202	7.58e-43	143
HBY39151.1	MER0190705|M41.A18|M41	37.4	82.1	88.7	211	1.65e-42	141
HBY39151.1	MER0024900|M41.A21|M41	36.2	81.7	83.7	218	2.71e-40	136
HBY39151.1	MER0011745|M41.005|M41	38.8	75.9	74.5	196	5.33e-40	136
HBY39151.1	MER0015193|M41.019|M41	38.4	75.9	81.5	198	1.22e-39	134
HBY39151.1	MER0015194|M41.A14|M41	37.2	80.5	75.1	207	4.80e-39	134
HBY39151.1	MER0015137|M41.025|M41	34.9	82.5	82.0	215	5.87e-38	130
HBY39151.1	MER0015195|M41.A15|M41	35.4	82.1	72.7	212	5.09e-37	129
HBY39151.1	MER0023544|M41.A10|M41	34.6	80.5	72.4	208	2.78e-36	127
HBY39151.1	MER0002605|M41.003|M41	36.4	80.5	74.7	209	6.09e-36	125
HBY39151.1	MER0002600|M41.002|M41	37.2	75.9	73.0	196	9.69e-36	125
HBY39151.1	MER0056525|M41.A17|M41	33.8	81.3	80.1	210	1.21e-35	124
HBY39151.1	MER0005496|M41.007|M41	34.1	80.5	74.0	208	1.01e-34	122
HBY39173.1	MER0011700|S12.A16|S12	28.0	71.5	91.0	350	2.20e-21	92.0
HBY39173.1	MER0005925|S12.A13|S12	24.0	66.5	83.5	312	7.42e-11	60.1
HBY39173.1	MER0017069|S12.009|S12	24.6	43.5	55.8	199	4.96e-07	48.1
HBY39173.1	MER0140154|S12.A27|S12	21.3	40.1	54.6	188	1.15e-05	43.9
HBY39173.1	MER0000463|S12.006|S12	34.4	13.9	16.8	61	8.12e-04	38.1
HBY39181.1	MER0001218|M16.008|M16A	41.8	20.0	92.5	196	2.69e-48	167
HBY39181.1	MER0001222|M16.001|M16A	40.7	21.7	100	209	1.16e-47	166
HBY39181.1	MER0011096|M16.A01|M16A	41.5	19.9	92.0	195	8.21e-47	163
HBY39181.1	MER0122186|M16.A14|M16A	41.1	20.5	97.0	197	1.98e-46	162
HBY39181.1	MER0011744|M16.A02|M16A	42.1	19.9	92.0	195	9.83e-46	160
HBY39181.1	MER0015259|M16.017|M16A	37.7	21.1	97.6	207	8.94e-43	152
HBY39181.1	MER0003386|M16.020|M16A	38.0	21.3	98.1	208	6.77e-41	146
HBY39181.1	MER0002345|M16.A08|M16A	41.1	20.6	95.3	202	3.17e-40	144
HBY39181.1	MER0003823|M16.A09|M16A	41.1	20.5	94.8	202	5.89e-40	144
HBY39181.1	MER0002283|M16.A10|M16A	39.1	20.6	95.3	202	5.11e-39	141
HBY39181.1	MER0001214|M16.002|M16A	39.9	18.1	92.7	178	1.20e-35	130
HBY39181.1	MER0169735|M16.021|M16A	36.9	20.0	97.5	195	2.80e-35	130
HBY39181.1	MER0002423|M16.A11|M16A	37.1	20.6	95.3	202	3.93e-35	130
HBY39181.1	MER0001220|M16.005|M16A	35.3	20.5	97.1	201	1.20e-32	122
HBY39181.1	MER0011292|M16.A07|M16A	30.5	20.2	94.0	220	3.17e-28	110
HBY39181.1	MER0001223|M16.006|M16A	28.7	19.4	96.9	188	6.42e-19	82.8
HBY39181.1	MER0011192|M16.A06|M16A	29.9	16.9	100	164	2.81e-18	80.1
HBY39181.1	MER0170820|M16.022|M16A	34.2	12.2	58.5	117	1.90e-16	75.9
HBY39181.1	MER0390687|M16.A15|M16B	29.3	17.3	100	167	7.63e-14	67.4
HBY39181.1	MER0001233|M16.A05|M16B	25.8	18.4	74.7	186	3.00e-10	58.5
HBY39181.1	MER0003448|M16.016|M16B	23.6	21.6	89.0	208	4.59e-10	57.8
HBY39181.1	MER0001229|M16.003|M16B	23.2	22.3	97.2	224	5.23e-10	57.4
HBY39181.1	MER0043985|M16.980|M16B	23.2	22.3	89.4	224	6.77e-10	57.4
HBY39181.1	MER0002008|M16.004|M16B	24.2	17.9	72.5	182	3.02e-09	55.5
HBY39181.1	MER0092828|M16.015|M16B	27.6	10.2	61.8	98	1.14e-07	49.3
HBY39195.1	MER0001236|M17.003|M17	80.7	100	35.1	171	1.01e-99	293
HBY39195.1	MER0004597|M17.A01|M17	49.1	98.2	48.1	169	1.96e-51	165
HBY39195.1	MER0001238|M17.A03|M17	48.0	100	35.4	173	1.72e-50	166
HBY39195.1	MER0001235|M17.001|M17	45.7	100	35.5	173	6.75e-49	161
HBY39195.1	MER0041673|M17.013|M17	46.2	98.2	35.5	169	1.10e-48	160
HBY39195.1	MER0004598|M17.A02|M17	44.4	98.2	48.3	169	1.44e-47	155
HBY39195.1	MER0026959|M17.950|M17	43.9	100	64.1	173	7.07e-46	148
HBY39195.1	MER0035089|M17.010|M17	42.4	100	49.1	172	1.73e-45	149
HBY39195.1	MER0002271|M17.002|M17	43.4	100	35.6	173	3.21e-42	144
HBY39195.1	MER0024892|M17.008|M17	41.1	100	43.3	175	1.18e-41	140
HBY39195.1	MER0003919|M17.005|M17	41.0	100	46.1	173	2.25e-39	134
HBY39195.1	MER0014397|M17.015|M17	39.9	97.1	47.6	168	1.77e-37	129
HBY39195.1	MER0003825|M17.016|M17	37.5	97.7	37.9	168	5.40e-37	129
HBY39195.1	MER0002497|M17.004|M17	43.3	98.8	40.0	171	1.17e-36	128
HBY39195.1	MER0001910|M17.009|M17	40.7	96.5	33.9	167	3.52e-34	122
HBY39195.1	MER0105906|M17.014|M17	39.7	86.0	32.2	151	4.18e-23	91.7
HBY39195.1	MER0011357|M17.A04|M17	33.5	95.3	31.7	167	3.28e-20	83.6
HBY39195.1	MER0013416|M17.006|M17	35.6	86.0	38.9	149	5.17e-19	79.7
HBY39195.1	MER0001240|M17.A05|M17	34.9	94.7	34.2	169	1.76e-18	78.6
HBY39195.1	MER0079520|M17.011|M17	35.7	72.5	24.8	129	3.41e-14	66.2
HBY39195.1	MER0081108|M17.012|M17	29.7	90.1	34.3	165	5.27e-13	62.8
HBY39196.1	MER0001236|M17.003|M17	74.6	95.2	57.3	279	1.45e-147	420
HBY39196.1	MER0001238|M17.A03|M17	24.9	89.7	52.8	265	5.79e-18	80.5
HBY39196.1	MER0014397|M17.015|M17	32.5	40.5	33.1	120	2.07e-17	78.2
HBY39196.1	MER0004597|M17.A01|M17	37.6	41.6	35.6	125	2.77e-17	77.8
HBY39196.1	MER0041673|M17.013|M17	23.4	90.0	53.8	265	8.35e-17	77.0
HBY39196.1	MER0035089|M17.010|M17	35.7	39.5	32.6	115	3.19e-16	74.7
HBY39196.1	MER0003825|M17.016|M17	33.3	42.6	28.0	126	6.30e-16	74.3
HBY39196.1	MER0004598|M17.A02|M17	37.1	44.3	36.9	132	1.98e-15	72.4
HBY39196.1	MER0001235|M17.001|M17	25.3	94.2	55.4	285	4.08e-15	72.0
HBY39196.1	MER0002271|M17.002|M17	28.0	85.9	50.4	261	1.90e-13	67.0
HBY39196.1	MER0024892|M17.008|M17	37.0	33.7	24.8	100	7.10e-13	65.1
HBY39196.1	MER0001910|M17.009|M17	30.6	48.8	29.3	144	2.70e-12	63.5
HBY39196.1	MER0003919|M17.005|M17	46.7	20.6	16.1	60	9.90e-11	58.5
HBY39196.1	MER0026959|M17.950|M17	45.8	19.9	21.9	59	5.05e-10	55.8
HBY39196.1	MER0105906|M17.014|M17	29.6	39.2	24.1	115	6.74e-10	56.2
HBY39196.1	MER0002497|M17.004|M17	31.5	35.7	25.3	108	1.16e-08	52.4
HBY39196.1	MER0011357|M17.A04|M17	25.9	37.8	20.5	112	1.29e-07	49.3
HBY39196.1	MER0001240|M17.A05|M17	23.2	38.5	22.5	112	3.82e-05	41.6
HBY39196.1	MER0013416|M17.006|M17	23.4	37.5	27.9	111	4.56e-05	41.2
HBY39196.1	MER0081108|M17.012|M17	27.1	41.2	25.9	129	2.77e-04	38.9
HBY39252.1	MER0036084|S33.A29|S33	28.6	37.4	37.8	105	4.15e-12	61.6
HBY39252.1	MER0004146|S33.995|S33	23.5	90.6	94.3	255	1.67e-09	53.9
HBY39252.1	MER0036074|S33.A34|S33	29.2	44.9	38.1	154	2.67e-09	53.9
HBY39252.1	MER0043008|S33.A18|S33	25.2	36.6	37.5	103	5.76e-09	52.4
HBY39252.1	MER0036065|S33.A03|S33	27.6	37.4	41.0	105	9.80e-09	51.6
HBY39252.1	MER0031610|S33.976|S33	33.7	37.4	32.9	101	1.64e-08	51.2
HBY39264.1	MER0014140|M56.003|M56	31.0	25.4	32.9	100	4.25e-13	66.2
HBY39264.1	MER0003629|M56.002|M56	30.8	26.4	35.1	104	2.40e-12	63.9
HBY39276.1	MER0045886|C26.957|C26	44.9	44.0	94.5	234	5.49e-60	195
HBY39276.1	MER0436735|C26.A34|C26	35.8	44.2	99.2	260	1.07e-46	160
HBY39276.1	MER0042974|C26.A07|C26	40.8	36.6	97.9	196	4.27e-45	154
HBY39276.1	MER0044889|C26.A21|C26	36.1	44.4	93.0	233	4.65e-42	147
HBY39276.1	MER0038086|C26.962|C26	36.2	41.1	88.1	224	4.16e-38	137
HBY39276.1	MER0043537|C26.A31|C26	35.6	35.8	95.7	188	1.25e-34	125
HBY39276.1	MER0043387|C26.950|C26	37.3	35.2	100	185	9.50e-30	112
HBY39276.1	MER0043394|C26.955|C26	30.3	29.1	89.6	155	1.94e-10	56.6
HBY39276.1	MER0044622|C26.A25|C26	20.6	30.3	59.9	160	1.08e-06	47.0
HBY39276.1	MER0043392|C26.960|C26	28.1	28.8	84.0	153	3.99e-05	41.2
HBY39289.1	MER0181660|N06.004|N06	33.8	77.7	22.6	80	5.09e-07	43.1
HBY39289.1	MER0181656|N06.A01|N06	35.8	77.7	23.4	81	9.45e-07	42.4
HBY39306.1	MER0003850|S01.500|S01C	31.6	31.8	77.3	136	8.65e-14	66.2
HBY39306.1	MER0000268|S01.480|S01C	29.9	32.7	92.9	147	1.93e-11	58.9
HBY39306.1	MER0004111|S01.442|S01C	28.7	31.8	87.7	136	6.73e-11	57.4
HBY39306.1	MER0003290|S01.482|S01C	30.7	31.8	89.7	140	6.86e-11	57.4
HBY39306.1	MER0011375|S01.476|S01C	31.0	32.2	92.2	142	2.26e-10	55.8
HBY39306.1	MER0022668|S01.447|S01C	29.3	37.7	99.4	174	2.27e-10	56.2
HBY39306.1	MER0002577|S01.277|S01C	29.8	31.8	90.8	141	4.09e-10	55.1
HBY39306.1	MER0001373|S01.275|S01C	30.7	37.7	99.4	166	6.11e-10	54.7
HBY39306.1	MER0028330|S01.329|S01C	29.1	31.8	90.8	141	1.03e-09	53.9
HBY39306.1	MER0063616|S01.454|S01C	27.7	37.7	99.4	173	1.15e-09	53.9
HBY39306.1	MER0016351|S01.285|S01C	31.3	32.2	92.2	144	2.58e-09	52.8
HBY39306.1	MER0016031|S01.364|S01C	32.0	32.7	90.4	153	3.25e-09	52.8
HBY39306.1	MER0004093|S01.278|S01C	28.8	31.8	90.8	139	4.77e-09	52.0
HBY39306.1	MER0001945|S01.472|S01C	29.3	31.8	88.1	140	4.51e-08	49.3
HBY39306.1	MER0004673|S01.494|S01C	26.3	37.7	64.9	179	3.60e-07	48.1
HBY39306.1	MER0005468|S01.491|S01C	26.0	33.2	92.4	146	6.90e-07	45.8
HBY39306.1	MER0001372|S01.274|S01C	26.2	31.8	87.8	141	1.67e-06	44.7
HBY39306.1	MER0005093|S01.441|S01C	27.2	33.6	95.2	162	1.93e-06	44.7
HBY39306.1	MER0000266|S01.273|S01C	27.0	31.8	87.8	141	3.06e-06	43.9
HBY39306.1	MER0003293|S01.477|S01C	26.5	31.8	90.6	136	3.73e-06	43.5
HBY39306.1	MER0004696|S01.513|S01C	26.4	31.8	100	140	7.81e-06	42.4
HBY39306.1	MER0004086|S01.B81|S01C	27.1	30.8	85.2	140	1.52e-05	42.0
HBY39306.1	MER0035031|S01.A80|S01C	27.9	32.5	62.3	147	2.16e-05	42.4
HBY39306.1	MER0014795|S01.284|S01C	25.2	31.8	91.2	147	2.68e-05	41.2
HBY39306.1	MER0005094|S01.279|S01C	29.0	31.8	88.5	145	6.46e-05	40.0
HBY39328.1	MER0031618|S33.979|S33	28.8	25.6	24.6	73	2.02e-05	42.0
HBY39328.1	MER0036114|S33.980|S33	27.4	25.6	23.3	73	2.11e-05	42.0
HBY39328.1	MER0036052|S33.A11|S33	25.6	65.6	59.1	199	2.95e-04	38.5
HBY39363.1	MER0001266|M20.001|M20A	25.6	88.5	92.9	391	2.19e-25	103
HBY39363.1	MER0003798|M20.A21|M20A	27.6	43.9	44.2	203	9.21e-10	57.0
HBY39375.1	MER0031611|S33.977|S33	25.3	73.2	60.9	182	9.47e-10	54.3
HBY39375.1	MER0037236|S33.016|S33	38.1	24.6	24.1	63	4.89e-06	43.1
HBY39375.1	MER0036115|S33.B18|S33	25.5	41.2	32.3	98	9.89e-06	42.4
HBY39375.1	MER0031653|S33.A43|S33	47.5	17.5	9.6	40	1.52e-05	42.0
HBY39375.1	MER0036074|S33.A34|S33	37.7	24.1	15.2	61	1.53e-05	42.0
HBY39375.1	MER0004146|S33.995|S33	43.6	17.1	14.9	39	5.19e-05	40.0
HBY39375.1	MER0011785|S33.009|S33	43.5	20.2	13.5	46	1.92e-04	38.5
HBY39375.1	MER0017142|S33.994|S33	36.1	26.8	24.0	61	3.88e-04	37.4
HBY39375.1	MER0011509|S33.A84|S33	59.3	11.8	8.6	27	4.53e-04	37.4
HBY39375.1	MER0210990|S33.A66|S33	42.0	21.9	14.5	50	4.73e-04	37.4
HBY39375.1	MER0044578|S33.A28|S33	23.6	70.6	54.0	191	6.38e-04	37.0
HBY39413.1	MER0000410|S09.010|S09A	60.6	39.1	97.9	282	1.28e-114	344
HBY39413.1	MER0011872|S09.B08|S09A	37.3	39.4	97.2	287	2.94e-61	204
HBY39413.1	MER0082498|S09.A92|S09A	38.3	34.1	95.1	269	2.38e-56	191
HBY39413.1	MER0005694|S09.076|S09A	32.7	38.4	96.5	278	1.01e-44	159
HBY39413.1	MER0000392|S09.001|S09A	31.8	37.4	97.5	283	2.67e-41	149
HBY39413.1	MER0079308|S09.033|S09A	32.1	36.9	96.0	271	2.15e-38	140
HBY39413.1	MER0004227|S09.015|S09A	34.1	30.4	71.0	220	7.96e-38	140
HBY39413.1	MER0015621|S09.A02|S09A	31.0	36.6	92.3	281	3.50e-37	138
HBY39413.1	MER0022823|S09.B02|S09A	28.5	38.0	98.9	281	4.02e-37	137
HBY39413.1	MER0325901|S09.077|S09A	31.0	37.2	98.5	274	3.15e-32	123
HBY39413.1	MER0002490|S09.A01|S09A	30.2	34.1	84.1	265	5.07e-32	123
HBY39413.1	MER0082653|S09.034|S09A	32.1	31.1	84.6	237	5.72e-31	119
HBY39413.1	MER0981959|S09.078|S09A	29.1	36.6	97.5	282	8.50e-31	119
HBY39413.1	MER0011450|S09.A73|S09A	27.6	38.0	100	286	2.25e-29	115
HBY39413.1	MER0003229|S09.036|S09A	27.4	37.2	95.3	274	2.54e-25	103
HBY39413.1	MER0000398|S09.002|S09A	28.2	35.6	95.7	262	3.07e-25	102
HBY39413.1	MER0034615|S09.075|S09C	26.5	18.3	54.1	136	1.14e-05	44.3
HBY39418.1	MER0036039|S09.A12|S09C	28.5	69.4	88.4	242	3.54e-18	79.7
HBY39418.1	MER0033237|S09.991|S09X	26.1	70.3	88.7	283	1.01e-14	70.5
HBY39418.1	MER0043003|S09.A15|S09C	28.1	67.8	86.1	228	1.94e-14	68.9
HBY39418.1	MER0034548|S09.A47|S09C	26.8	66.9	83.5	224	4.59e-14	67.8
HBY39418.1	MER0034961|S09.A82|S09X	32.8	39.7	38.8	128	5.75e-12	62.4
HBY39418.1	MER0036029|S09.A08|S09X	24.7	70.0	89.7	279	5.27e-11	59.3
HBY39418.1	MER0036370|S09.968|S09C	29.9	39.7	73.0	127	6.08e-11	57.4
HBY39418.1	MER0033274|S09.993|S09X	30.6	30.9	38.7	98	6.67e-11	58.5
HBY39418.1	MER0033242|S09.992|S09X	24.7	71.9	90.2	296	7.99e-11	58.9
HBY39418.1	MER0034959|S09.A85|S09X	21.5	74.1	92.1	302	1.94e-10	57.8
HBY39418.1	MER0036040|S09.A05|S09X	23.0	70.0	89.4	278	7.43e-10	55.8
HBY39418.1	MER0036028|S09.A07|S09X	26.9	36.6	47.6	130	2.76e-09	53.9
HBY39418.1	MER0036033|S09.A10|S09C	27.6	67.2	84.4	225	3.45e-09	53.5
HBY39418.1	MER0034960|S09.A86|S09X	23.8	65.3	84.6	261	5.91e-09	53.1
HBY39418.1	MER0034665|S09.B01|S09X	25.7	70.0	85.7	237	2.07e-08	51.2
HBY39418.1	MER0042911|S09.A14|S09X	34.1	27.1	34.1	91	1.22e-07	48.9
HBY39418.1	MER0036030|S09.A09|S09C	35.0	28.4	36.9	103	1.24e-07	48.9
HBY39418.1	MER0036046|S09.A13|S09C	35.0	27.4	35.5	100	3.01e-07	47.8
HBY39418.1	MER0036034|S09.A11|S09X	32.4	22.7	27.6	74	9.45e-07	46.2
HBY39418.1	MER0047634|S09.068|S09X	23.9	56.8	87.1	238	1.28e-06	45.8
HBY39418.1	MER0043138|S09.A87|S09X	31.1	35.3	29.5	122	5.54e-06	44.3
HBY39418.1	MER0029616|S09.A79|S09C	29.4	30.3	24.1	109	7.92e-06	43.9
HBY39418.1	MER0036027|S09.A21|S09X	31.5	28.1	34.0	89	7.08e-05	40.4
HBY39418.1	MER0031570|S09.A26|S09X	28.4	30.0	36.4	95	1.26e-04	39.7
HBY39429.1	MER0000266|S01.273|S01C	73.7	34.1	100	156	3.32e-71	219
HBY39429.1	MER0001372|S01.274|S01C	70.5	34.1	100	156	5.23e-70	216
HBY39429.1	MER0003850|S01.500|S01C	54.5	38.5	99.4	176	7.55e-59	188
HBY39429.1	MER0004111|S01.442|S01C	60.3	34.1	100	156	5.91e-54	174
HBY39429.1	MER0000268|S01.480|S01C	52.9	34.1	100	155	1.99e-50	165
HBY39429.1	MER0013623|S01.453|S01C	57.4	34.1	100	155	2.21e-48	160
HBY39429.1	MER0004149|S01.525|S01C	54.6	34.1	100	163	1.04e-43	148
HBY39429.1	MER0001373|S01.275|S01C	53.5	34.1	100	159	1.25e-43	147
HBY39429.1	MER0004673|S01.494|S01C	37.5	55.5	97.4	275	4.35e-42	147
HBY39429.1	MER0005468|S01.491|S01C	50.6	34.1	100	160	9.79e-42	142
HBY39429.1	MER0003293|S01.477|S01C	53.3	33.0	100	150	2.04e-41	141
HBY39429.1	MER0003290|S01.482|S01C	51.3	34.1	100	160	7.11e-40	137
HBY39429.1	MER0001945|S01.472|S01C	46.9	34.1	100	160	8.23e-38	132
HBY39429.1	MER0002577|S01.277|S01C	49.7	34.1	100	159	1.39e-35	126
HBY39429.1	MER0028330|S01.329|S01C	47.2	34.1	100	159	2.71e-34	122
HBY39429.1	MER0004093|S01.278|S01C	47.2	34.1	100	159	3.76e-33	119
HBY39429.1	MER0016031|S01.364|S01C	46.4	34.1	100	168	7.57e-33	119
HBY39429.1	MER0004086|S01.B81|S01C	46.6	33.9	100	163	9.30e-32	116
HBY39429.1	MER0011375|S01.476|S01C	43.8	34.1	100	160	3.80e-31	114
HBY39429.1	MER0022668|S01.447|S01C	42.7	34.1	100	171	4.41e-31	114
HBY39429.1	MER0016351|S01.285|S01C	44.0	34.1	100	159	9.84e-31	113
HBY39429.1	MER0014795|S01.284|S01C	45.5	34.1	100	165	4.29e-30	111
HBY39429.1	MER0010944|S01.474|S01C	38.3	34.1	100	175	1.92e-26	102
HBY39429.1	MER0006096|S01.A08|S01C	45.3	28.6	100	137	4.21e-25	97.1
HBY39429.1	MER0005093|S01.441|S01C	40.4	33.3	99.4	166	1.48e-24	96.7
HBY39430.1	MER0001373|S01.275|S01C	57.1	44.9	100	161	9.49e-49	158
HBY39430.1	MER0003850|S01.500|S01C	45.1	50.9	100	182	1.56e-45	150
HBY39430.1	MER0004111|S01.442|S01C	50.9	44.9	100	161	1.65e-41	139
HBY39430.1	MER0000266|S01.273|S01C	46.9	44.9	100	162	1.17e-37	129
HBY39430.1	MER0000268|S01.480|S01C	44.4	44.9	100	160	2.17e-37	129
HBY39430.1	MER0004673|S01.494|S01C	33.8	69.3	97.0	266	2.57e-36	129
HBY39430.1	MER0001372|S01.274|S01C	45.7	44.9	100	162	1.87e-35	124
HBY39430.1	MER0003293|S01.477|S01C	50.4	39.2	94.0	141	1.63e-34	121
HBY39430.1	MER0013623|S01.453|S01C	42.5	44.9	100	160	7.03e-34	119
HBY39430.1	MER0003290|S01.482|S01C	41.2	44.9	100	165	8.48e-32	114
HBY39430.1	MER0004086|S01.B81|S01C	42.0	44.6	100	169	1.05e-30	111
HBY39430.1	MER0001945|S01.472|S01C	39.4	44.9	100	165	7.38e-29	106
HBY39430.1	MER0028330|S01.329|S01C	40.2	44.9	100	164	4.61e-28	104
HBY39430.1	MER0022668|S01.447|S01C	33.3	44.9	100	171	3.92e-27	102
HBY39430.1	MER0002577|S01.277|S01C	37.8	44.9	100	164	1.27e-26	100
HBY39430.1	MER0016031|S01.364|S01C	34.7	44.9	100	173	1.80e-26	100
HBY39430.1	MER0016351|S01.285|S01C	37.2	44.9	100	164	4.79e-26	99.0
HBY39430.1	MER0014795|S01.284|S01C	37.6	44.9	100	170	4.06e-25	96.7
HBY39430.1	MER0005468|S01.491|S01C	38.9	38.6	90.5	144	7.64e-25	95.9
HBY39430.1	MER0011375|S01.476|S01C	35.8	44.9	100	165	9.53e-24	92.8
HBY39430.1	MER0005093|S01.441|S01C	37.6	43.5	100	170	2.49e-23	92.0
HBY39430.1	MER0004149|S01.525|S01C	34.9	44.9	100	169	3.21e-23	91.7
HBY39430.1	MER0004093|S01.278|S01C	34.8	44.9	100	164	4.78e-23	90.9
HBY39430.1	MER0010944|S01.474|S01C	38.4	37.2	87.7	151	1.29e-19	82.0
HBY39430.1	MER0015583|S01.416|S01C	34.7	37.8	96.1	147	7.54e-18	76.6
HBY39495.1	MER0001978|T03.001|T03	33.5	94.1	96.8	555	7.68e-84	268
HBY39495.1	MER0094876|T03.025|T03	32.8	92.3	100	527	7.28e-73	238
HBY39495.1	MER0002720|T03.023|T03	30.0	90.9	98.3	516	1.22e-54	189
HBY39495.1	MER0006132|T03.014|T03	28.9	95.7	98.6	629	7.47e-54	190
HBY39495.1	MER0011211|T03.007|T03	27.0	93.6	96.2	549	5.54e-52	183
HBY39495.1	MER0011800|T03.A01|T03	27.6	88.8	88.3	519	1.13e-51	183
HBY39495.1	MER0011811|T03.A03|T03	29.4	94.1	96.8	564	4.37e-51	181
HBY39495.1	MER0003580|T03.011|T03	26.3	94.3	96.9	556	6.24e-49	175
HBY39495.1	MER0001629|T03.006|T03	28.5	91.4	94.0	536	9.43e-46	166
HBY39495.1	MER0016970|T03.017|T03	27.9	87.3	90.4	513	3.38e-43	159
HBY39495.1	MER0005831|T03.A06|T03	26.0	78.1	82.5	473	4.81e-39	147
HBY39495.1	MER0011215|T03.A04|T03	27.5	74.2	86.5	443	4.81e-35	135
HBY39495.1	MER0001977|T03.002|T03	25.5	94.3	96.8	564	1.68e-34	134
HBY39495.1	MER0011143|T03.005|T03	26.1	81.5	84.7	483	2.55e-32	127
HBY39495.1	MER0004194|T03.A07|T03	24.9	91.3	100	547	3.56e-32	127
HBY39495.1	MER0011193|T03.010|T03	26.3	84.7	89.4	502	3.47e-31	124
HBY39495.1	MER0004202|T03.013|T03	26.7	78.4	84.3	454	2.23e-30	121
HBY39495.1	MER0006124|T03.A05|T03	24.0	92.3	94.8	554	5.63e-30	120
HBY39495.1	MER0005029|T03.009|T03	22.2	91.3	100	549	2.84e-28	115
HBY39495.1	MER0026204|T03.018|T03	33.3	33.7	81.1	189	3.87e-23	95.1
HBY39495.1	MER0037241|T03.971|T03	33.6	19.6	48.2	110	3.56e-12	63.2
HBY39495.1	MER0003440|T03.A08|T03	22.3	71.5	88.4	421	1.13e-10	60.5
HBY39495.1	MER0002718|T03.008|T03	26.0	28.2	92.1	177	3.40e-10	56.6
HBY39495.1	MER0016605|T03.022|T03	28.3	31.6	43.2	180	1.38e-06	47.4
HBY39495.1	MER0159283|T03.024|T03	28.2	21.9	31.0	124	3.56e-04	39.7
HBY39498.1	MER0002637|M48.002|M48B	61.2	70.3	100	209	1.49e-82	244
HBY39498.1	MER0006293|M48.004|M48B	33.5	68.9	94.1	221	2.18e-18	79.0
HBY39498.1	MER0017394|M48.A10|M48B	28.2	58.7	75.3	174	6.37e-10	54.7
HBY39498.1	MER0002635|M48.001|M48A	22.7	70.3	72.9	229	6.84e-06	43.5
HBY39498.1	MER0002646|M48.003|M48A	28.1	54.6	48.1	167	2.29e-05	42.0
HBY39498.1	MER0002639|M48.022|M48C	42.0	17.1	26.1	50	2.70e-05	40.8
HBY39498.1	MER0015215|M48.021|M48B	34.5	19.8	29.1	58	1.09e-04	39.3
HBY39498.1	MER0002642|M48.A03|M48C	40.0	17.1	26.3	50	9.74e-04	36.2
HBY39563.1	MER0005900|M38.002|M38	22.7	95.6	98.5	410	3.29e-10	58.2
HBY39573.1	MER0001003|M01.009|M01	27.7	7.7	44.0	83	1.98e-04	40.4
HBY39576.1	MER0026262|S12.008|S12	29.9	68.3	59.7	221	1.94e-20	87.0
HBY39576.1	MER0004154|S12.012|S12	25.8	90.8	82.9	295	5.84e-17	77.0
HBY39576.1	MER0000463|S12.006|S12	26.7	69.0	54.3	210	1.57e-13	67.0
HBY39576.1	MER0000459|S12.001|S12	25.1	63.7	55.9	207	3.03e-12	63.2
HBY39576.1	MER0011700|S12.A16|S12	27.4	61.4	54.3	201	2.54e-11	60.5
HBY39576.1	MER1143079|S12.013|S12	23.1	78.5	77.4	251	5.61e-11	58.9
HBY39576.1	MER0192873|S12.A25|S12	26.0	65.7	90.9	219	6.45e-11	58.2
HBY39576.1	MER0122661|S12.A28|S12	24.7	54.8	46.7	170	1.34e-10	58.2
HBY39576.1	MER0028284|S12.010|S12	24.0	85.8	77.4	279	4.31e-10	56.6
HBY39576.1	MER0005964|S12.951|S12	25.3	64.0	56.9	221	4.59e-10	56.6
HBY39576.1	MER0006204|S12.950|S12	29.9	52.1	42.4	164	1.16e-09	55.5
HBY39576.1	MER0219770|S12.011|S12	19.8	88.8	85.2	283	2.26e-09	54.3
HBY39576.1	MER0005923|S12.004|S12	30.2	20.8	13.9	63	2.92e-04	38.9
HBY39581.1	MER0004090|S12.A03|S12	44.8	85.3	7.5	29	3.52e-05	34.7
HBY39581.1	MER0003800|S12.952|S12	44.8	85.3	7.1	29	1.24e-04	33.1
HBY39581.1	MER0354941|S12.A22|S12	42.9	82.4	14.2	28	8.26e-04	30.8
HBY39583.1	MER0031562|S09.024|S09X	26.4	63.5	91.2	258	6.60e-09	52.8
HBY39603.1	MER0005093|S01.441|S01C	30.7	67.6	95.8	176	1.51e-10	55.5
HBY39603.1	MER0013623|S01.453|S01C	26.6	73.9	100	188	2.28e-10	54.7
HBY39603.1	MER0004673|S01.494|S01C	26.9	77.5	68.6	201	4.70e-10	55.5
HBY39603.1	MER0003850|S01.500|S01C	25.8	77.9	93.8	198	8.50e-10	53.5
HBY39603.1	MER0003290|S01.482|S01C	28.9	73.9	100	194	1.60e-09	52.4
HBY39603.1	MER0003293|S01.477|S01C	27.2	67.6	96.6	173	4.64e-06	42.4
HBY39661.1	MER0017401|S09.071|S09C	23.9	57.4	90.0	238	1.88e-07	48.5
HBY39661.1	MER0018170|S09.057|S09C	25.3	43.9	65.9	174	6.85e-06	43.9
HBY39661.1	MER0058228|S09.009|S09B	28.8	26.8	44.6	111	2.10e-04	39.3
HBY39661.1	MER0001423|S09.013|S09B	30.2	23.4	40.9	96	3.58e-04	38.5
HBY39661.1	MER0003361|S09.A93|S09B	33.3	13.2	23.2	57	9.07e-04	37.4
HBY39689.1	MER0065588|C26.965|C26	53.1	97.5	99.0	196	1.67e-72	215
HBY39702.1	MER0034548|S09.A47|S09C	33.8	66.6	87.8	225	7.28e-32	117
HBY39702.1	MER0033242|S09.992|S09X	36.4	46.3	49.7	162	3.28e-23	95.1
HBY39702.1	MER0033237|S09.991|S09X	33.0	51.0	55.5	179	5.09e-19	83.2
HBY39702.1	MER0034961|S09.A82|S09X	36.2	37.9	39.4	130	7.79e-19	82.8
HBY39702.1	MER0034960|S09.A86|S09X	33.6	40.3	44.1	137	1.52e-18	81.6
HBY39702.1	MER0043146|S09.951|S09C	29.7	63.9	85.3	229	7.03e-17	76.3
HBY39702.1	MER0034959|S09.A85|S09X	28.8	48.7	51.8	170	2.57e-16	75.5
HBY39702.1	MER0034722|S09.945|S09X	29.3	57.0	91.5	249	2.63e-16	74.7
HBY39702.1	MER0047634|S09.068|S09X	28.5	53.7	87.5	239	1.93e-14	69.3
HBY39702.1	MER0033274|S09.993|S09X	30.5	44.5	59.7	151	6.08e-13	64.7
HBY39702.1	MER0034665|S09.B01|S09X	26.8	67.2	86.8	239	1.26e-12	63.9
HBY39702.1	MER0043003|S09.A15|S09C	32.1	46.3	63.7	168	1.32e-11	60.8
HBY39702.1	MER0036029|S09.A08|S09X	25.3	60.9	83.8	253	2.09e-08	51.6
HBY39702.1	MER0036040|S09.A05|S09X	26.6	60.9	83.7	252	1.18e-07	49.3
HBY39702.1	MER0036028|S09.A07|S09X	23.1	50.4	67.8	186	5.97e-07	47.0
HBY39702.1	MER0036033|S09.A10|S09C	23.3	54.6	73.3	193	5.78e-06	43.9
HBY39702.1	MER0036046|S09.A13|S09C	29.8	25.1	34.4	94	1.45e-05	42.7
HBY39723.1	MER0026262|S12.008|S12	24.5	83.8	89.1	331	6.17e-15	72.0
HBY39723.1	MER1143079|S12.013|S12	25.2	69.7	80.2	262	3.87e-14	68.9
HBY39723.1	MER0028284|S12.010|S12	25.9	78.9	83.7	313	1.96e-13	67.4
HBY39723.1	MER0219770|S12.011|S12	20.2	84.6	96.1	321	2.54e-10	57.8
HBY39723.1	MER0000463|S12.006|S12	23.5	80.3	77.0	306	5.44e-10	57.0
HBY39723.1	MER0002489|S12.003|S12	22.7	52.2	58.1	203	3.99e-09	54.3
HBY39723.1	MER0004154|S12.012|S12	24.8	57.8	61.4	222	1.19e-05	43.5
HBY39723.1	MER0015683|S12.A01|S12	28.2	36.8	47.8	142	1.35e-05	43.1
HBY39723.1	MER0000459|S12.001|S12	22.7	78.4	81.9	309	3.72e-05	42.0
HBY39723.1	MER0005964|S12.951|S12	22.2	75.7	79.8	302	1.56e-04	40.0
HBY39723.1	MER0006204|S12.950|S12	23.5	62.7	69.8	268	6.57e-04	38.1
HBY39738.1	MER0031570|S09.A26|S09X	28.1	83.1	98.1	256	2.77e-15	70.9
HBY39738.1	MER0036027|S09.A21|S09X	34.5	39.4	42.5	113	1.82e-14	68.6
HBY39738.1	MER0036044|S09.A62|S09X	36.0	38.7	35.2	111	2.86e-14	68.6
HBY39738.1	MER0031563|S09.977|S09X	27.2	68.7	79.0	202	1.10e-10	57.4
HBY39738.1	MER0029616|S09.A79|S09C	33.3	31.3	22.1	99	6.10e-10	56.2
HBY39738.1	MER0043201|S09.947|S09X	30.6	47.5	35.4	147	4.32e-09	53.5
HBY39738.1	MER0037852|S09.964|S09X	33.3	41.5	34.6	132	7.49e-08	49.7
HBY39738.1	MER0030934|S09.948|S09X	31.0	44.7	40.5	145	1.74e-07	48.5
HBY39738.1	MER0034742|S09.971|S09X	32.1	41.5	34.6	131	5.68e-07	47.0
HBY39738.1	MER0043138|S09.A87|S09X	30.2	41.2	32.8	129	2.49e-06	45.1
HBY39738.1	MER0033227|S09.985|S09X	26.7	40.1	33.8	131	3.31e-06	44.7
HBY39738.1	MER0033235|S09.988|S09X	28.0	38.7	32.4	125	5.77e-06	43.9
HBY39738.1	MER0044819|S09.A71|S09X	28.7	34.9	28.2	108	7.58e-06	43.5
HBY39738.1	MER0033188|S09.979|S09X	31.8	34.5	27.5	110	1.39e-05	42.7
HBY39738.1	MER0033236|S09.989|S09X	28.6	36.3	28.3	112	1.82e-05	42.4
HBY39738.1	MER0033198|S09.980|S09X	29.5	36.3	29.4	112	7.70e-05	40.4
HBY39738.1	MER0033220|S09.982|S09X	28.6	36.6	29.0	119	7.74e-05	40.4
HBY39738.1	MER0037861|S09.962|S09X	33.0	35.9	28.5	115	1.03e-04	40.0
HBY39738.1	MER0078701|S09.955|S09X	29.8	35.9	31.5	114	1.30e-04	39.7
HBY39738.1	MER0037850|S09.965|S09X	29.3	36.6	29.2	116	1.37e-04	39.7
HBY39738.1	MER0033240|S09.959|S09X	33.3	34.5	27.5	114	2.43e-04	38.9
HBY39738.1	MER0034730|S09.999|S09X	30.3	34.2	28.5	109	3.16e-04	38.5
HBY39738.1	MER0034723|S09.996|S09X	26.7	36.6	30.0	116	3.18e-04	38.5
HBY39738.1	MER0033283|S09.995|S09X	31.0	37.3	29.9	116	4.23e-04	38.1
HBY39738.1	MER0032203|S09.969|S09X	29.3	36.6	29.2	116	5.70e-04	37.7
HBY39772.1	MER0044357|S33.A41|S33	28.1	47.8	36.7	171	1.29e-14	71.2
HBY39818.1	MER1143079|S12.013|S12	26.8	83.9	99.6	295	3.71e-26	102
HBY39818.1	MER0003802|S12.A21|S12	25.3	90.2	97.4	328	7.63e-24	96.7
HBY39818.1	MER0026262|S12.008|S12	25.0	47.3	50.3	176	1.50e-14	70.5
HBY39818.1	MER0005925|S12.A13|S12	24.7	74.7	81.5	288	5.15e-13	65.9
HBY39818.1	MER0005964|S12.951|S12	28.2	42.6	41.5	149	1.31e-12	64.7
HBY39818.1	MER0006204|S12.950|S12	27.4	45.5	46.4	179	1.99e-10	58.2
HBY39818.1	MER0034963|S12.A10|S12	31.6	36.9	34.1	133	8.44e-08	50.1
HBY39818.1	MER0000463|S12.006|S12	22.9	51.5	48.3	175	1.81e-05	42.7
HBY39839.1	MER0058228|S09.009|S09B	36.3	28.1	95.5	237	6.22e-36	133
HBY39839.1	MER0001423|S09.013|S09B	28.8	25.9	91.4	215	6.68e-30	115
HBY39839.1	MER0004923|S09.019|S09B	30.1	28.0	80.3	236	6.12e-27	108
HBY39839.1	MER0013484|S09.018|S09B	30.3	27.1	94.6	231	2.24e-24	99.8
HBY39839.1	MER0011413|S09.016|S09B	28.3	26.4	92.1	223	5.60e-24	98.6
HBY39839.1	MER0005196|S09.017|S09B	28.0	27.1	88.8	232	9.67e-24	98.2
HBY39839.1	MER0004921|S09.A75|S09B	31.0	26.4	91.6	226	4.54e-23	95.9
HBY39839.1	MER0192427|S09.A96|S09C	28.3	26.5	77.4	226	5.87e-23	96.7
HBY39839.1	MER0005994|S09.A03|S09B	26.7	31.6	99.6	266	1.91e-22	94.7
HBY39839.1	MER0000399|S09.007|S09B	27.2	26.5	83.5	228	5.26e-21	90.5
HBY39839.1	MER0005987|S09.A65|S09B	26.7	28.6	90.1	247	8.14e-20	87.0
HBY39839.1	MER0000401|S09.003|S09B	30.5	23.3	70.8	197	1.55e-19	86.3
HBY39839.1	MER0000403|S09.973|S09X	27.8	24.0	77.3	205	1.05e-17	80.9
HBY39839.1	MER0004199|S09.A76|S09B	28.6	20.6	75.9	175	7.70e-17	77.4
HBY39839.1	MER0195666|S09.073|S09B	29.5	23.3	81.3	207	1.04e-16	77.4
HBY39839.1	MER0011305|S09.A64|S09B	27.6	26.4	85.2	225	4.64e-16	75.9
HBY39839.1	MER0011231|S09.069|S09B	31.5	19.5	62.6	168	1.23e-15	74.7
HBY39839.1	MER0003361|S09.A93|S09B	29.6	16.0	54.5	135	1.74e-15	73.9
HBY39839.1	MER0005807|S09.070|S09C	28.2	25.2	74.9	216	3.66e-15	73.6
HBY39839.1	MER0017401|S09.071|S09C	24.7	21.1	72.8	182	6.97e-15	72.0
HBY39839.1	MER0000404|S09.005|S09B	26.9	20.0	64.5	171	2.56e-14	70.9
HBY39839.1	MER0004193|S09.A74|S09B	29.5	19.5	69.2	166	4.10e-14	69.7
HBY39839.1	MER0004504|S09.008|S09B	27.0	23.6	83.1	200	7.48e-14	68.9
HBY39839.1	MER0015682|S09.074|S09C	25.1	28.7	77.1	251	2.48e-13	68.6
HBY39839.1	MER0001920|S09.A77|S09C	23.0	27.8	95.9	244	9.42e-13	65.9
HBY39840.1	MER0015462|S54.A18|S54	26.4	66.5	68.8	140	6.14e-06	42.0
HBY39840.1	MER0015659|S54.A06|S54	32.1	51.2	48.9	112	2.84e-04	37.4
HBY39842.1	MER0001978|T03.001|T03	36.0	86.1	76.4	442	7.09e-74	240
HBY39842.1	MER0011800|T03.A01|T03	30.7	86.1	72.1	449	1.63e-51	181
HBY39842.1	MER0002720|T03.023|T03	29.8	85.5	77.6	426	9.17e-51	177
HBY39842.1	MER0003580|T03.011|T03	31.7	84.1	74.0	436	3.64e-49	174
HBY39842.1	MER0011811|T03.A03|T03	32.2	83.1	71.6	429	1.57e-48	172
HBY39842.1	MER0001629|T03.006|T03	29.9	82.9	73.4	428	1.86e-43	158
HBY39842.1	MER0004194|T03.A07|T03	30.0	82.9	77.7	424	6.73e-40	148
HBY39842.1	MER0006124|T03.A05|T03	29.3	85.3	75.8	451	1.05e-39	148
HBY39842.1	MER0016970|T03.017|T03	32.1	82.9	72.9	430	1.60e-39	147
HBY39842.1	MER0005029|T03.009|T03	28.3	83.1	78.1	442	2.82e-37	140
HBY39842.1	MER0004202|T03.013|T03	28.5	86.7	78.1	445	1.16e-36	139
HBY39842.1	MER0011211|T03.007|T03	27.9	82.9	73.2	434	1.29e-36	139
HBY39842.1	MER0005831|T03.A06|T03	27.9	83.1	73.3	437	6.23e-36	137
HBY39842.1	MER0011215|T03.A04|T03	29.1	82.9	80.7	430	2.32e-33	129
HBY39842.1	MER0011193|T03.010|T03	25.6	82.7	74.7	438	5.37e-24	102
HBY39842.1	MER0001977|T03.002|T03	24.5	76.7	66.1	404	1.05e-21	95.1
HBY39842.1	MER0026204|T03.018|T03	30.9	40.2	83.3	204	4.21e-21	89.0
HBY39842.1	MER0094876|T03.025|T03	26.4	80.1	73.7	405	8.85e-21	92.0
HBY39842.1	MER0002728|T03.012|T03	25.7	81.7	72.6	436	1.90e-20	91.3
HBY39842.1	MER0003440|T03.A08|T03	26.3	82.9	85.3	422	1.38e-17	81.6
HBY39842.1	MER0006132|T03.014|T03	22.6	90.2	79.5	518	1.39e-16	79.3
HBY39842.1	MER0037241|T03.971|T03	33.1	24.1	51.3	124	1.61e-09	55.1
HBY39842.1	MER0002718|T03.008|T03	36.0	15.7	45.0	86	1.48e-08	51.6
HBY39842.1	MER0002721|T03.016|T03	39.7	14.5	30.8	78	1.64e-08	52.4
HBY39842.1	MER0026207|T03.021|T03	37.5	14.1	34.5	72	5.07e-05	41.2
HBY39891.1	MER0003514|S41.010|S41A	30.6	70.3	62.7	108	7.96e-06	40.4
HBY39891.1	MER0001425|S41.004|S41A	32.1	54.5	45.1	81	1.92e-04	36.6
HBY39891.1	MER0003065|S41.009|S41A	33.3	55.9	47.9	81	4.72e-04	35.4
HBY39891.1	MER0005714|S41.A01|S41A	30.7	66.2	55.6	101	4.96e-04	35.4
HBY39899.1	MER0192051|I87.002|I87	48.3	100	28.2	118	2.41e-30	108
HBY39900.1	MER0192051|I87.002|I87	54.3	95.5	60.6	256	4.70e-69	216
HBY39901.1	MER0191412|I87.001|I87	50.5	98.6	98.8	331	7.82e-103	301
HBY39901.1	MER0192051|I87.002|I87	24.4	57.1	37.7	172	5.08e-08	50.4
HBY39943.1	MER0000449|S11.008|S11	52.9	86.6	96.8	242	1.93e-83	248
HBY39943.1	MER0000450|S11.003|S11	51.7	86.6	66.1	242	3.24e-80	243
HBY39943.1	MER0000451|S11.009|S11	50.8	86.6	67.8	242	1.02e-76	234
HBY39943.1	MER0000454|S11.005|S11	36.3	84.1	65.0	240	1.75e-43	148
HBY39943.1	MER0000452|S11.006|S11	29.2	83.0	62.6	253	1.04e-25	101
HBY39943.1	MER0000448|S11.001|S11	32.9	80.8	58.3	246	2.14e-23	95.5
HBY39943.1	MER0004224|S11.010|S11	28.1	77.2	59.1	231	4.30e-23	94.4
HBY39943.1	MER0000453|S11.004|S11	29.9	84.4	93.2	251	5.20e-20	84.0
HBY39943.1	MER0000455|S11.002|S11	25.1	81.5	79.9	235	2.03e-14	68.6
HBY39943.1	MER0043199|S11.007|S11	25.3	83.0	92.4	241	6.13e-13	63.9
HBY39954.1	MER0003018|S16.A10|S16	48.2	26.8	89.2	199	3.32e-57	191
HBY39954.1	MER0041647|S16.007|S16	48.0	27.8	81.2	204	5.25e-55	186
HBY39954.1	MER0017402|S16.A11|S16	34.0	25.2	78.6	200	1.81e-17	79.0
HBY39954.1	MER0003359|S16.008|S16	30.1	24.5	75.6	193	1.00e-14	71.2
HBY39954.1	MER0003859|S16.005|S16	30.6	24.1	68.3	193	3.15e-13	67.0
HBY39954.1	MER0005837|S16.A06|S16	35.5	14.4	45.7	124	3.63e-09	55.1
HBY39954.1	MER0003017|S16.A05|S16	28.9	16.5	70.4	121	4.36e-09	53.1
HBY39954.1	MER0000485|S16.001|S16	29.9	15.5	51.2	134	3.51e-08	52.0
HBY39954.1	MER0003443|S16.003|S16	36.4	10.5	30.8	77	4.35e-05	42.4
HBY39954.1	MER0026213|S16.A14|S16	34.7	9.8	25.1	72	5.32e-05	42.4
HBY39954.1	MER0000491|S16.A09|S16	31.5	12.1	41.6	89	4.74e-04	38.9
HBY40028.1	MER0061102|S09.A41|S09X	27.7	40.4	58.0	137	1.44e-06	45.4
HBY40104.1	MER0002106|A31.002|A31	49.7	74.8	96.9	157	2.00e-53	166
HBY40104.1	MER0002089|A31.001|A31	42.3	73.8	95.7	156	1.93e-34	117
HBY40104.1	MER0025099|A31.008|A31	31.2	71.9	99.3	154	1.18e-09	52.0
HBY40104.1	MER0050359|A31.007|A31	32.0	57.1	78.8	122	1.24e-06	43.5
HBY40145.1	MER0036036|S09.A58|S09B	25.1	73.3	80.1	215	7.29e-07	46.2
HBY40145.1	MER0001423|S09.013|S09B	31.2	25.6	33.2	77	3.92e-05	40.8
HBY40145.1	MER0017401|S09.071|S09C	23.3	38.9	47.7	116	4.20e-04	37.7
HBY40171.1	MER0000459|S12.001|S12	31.0	67.1	90.5	319	2.27e-37	136
HBY40171.1	MER0002489|S12.003|S12	30.2	66.9	91.0	315	1.78e-32	123
HBY40171.1	MER0026262|S12.008|S12	28.0	68.5	93.4	332	5.00e-32	122
HBY40171.1	MER1143079|S12.013|S12	30.5	59.2	89.0	266	1.58e-29	113
HBY40171.1	MER0005964|S12.951|S12	27.5	64.0	87.1	320	1.04e-27	110
HBY40171.1	MER0003802|S12.A21|S12	26.5	67.6	91.7	302	1.53e-23	97.4
HBY40171.1	MER0028284|S12.010|S12	31.9	41.0	53.7	188	1.03e-22	95.5
HBY40171.1	MER0011700|S12.A16|S12	28.4	41.0	55.2	204	2.22e-18	83.2
HBY40171.1	MER0004090|S12.A03|S12	33.0	37.8	47.9	185	1.11e-17	81.3
HBY40171.1	MER0017069|S12.009|S12	23.4	64.0	89.1	303	2.26e-17	79.7
HBY40171.1	MER0005925|S12.A13|S12	27.9	38.5	52.3	183	2.63e-17	79.7
HBY40171.1	MER0005836|S12.A12|S12	30.4	38.5	70.4	184	7.01e-17	77.0
HBY40171.1	MER0140154|S12.A27|S12	23.0	64.0	97.3	331	6.39e-16	75.5
HBY40171.1	MER0122661|S12.A28|S12	28.1	41.2	54.7	199	8.50e-16	75.1
HBY40171.1	MER0004154|S12.012|S12	27.5	36.3	48.1	171	2.26e-14	70.9
HBY40171.1	MER0000457|S12.002|S12	28.6	41.4	55.1	189	1.22e-13	68.6
HBY40171.1	MER0000463|S12.006|S12	27.2	41.0	50.0	184	1.81e-13	68.2
HBY40171.1	MER0354941|S12.A22|S12	25.1	36.9	91.9	183	3.46e-13	65.1
HBY40171.1	MER0006204|S12.950|S12	27.6	36.9	47.2	181	6.56e-12	63.5
HBY40171.1	MER0034963|S12.A10|S12	30.1	30.0	34.6	136	6.58e-11	60.5
HBY40171.1	MER0003800|S12.952|S12	24.2	38.1	45.5	186	9.51e-11	60.1
HBY40171.1	MER0356183|S12.A24|S12	31.9	35.8	74.9	182	1.02e-10	58.5
HBY40171.1	MER0005923|S12.004|S12	23.0	41.0	56.4	256	1.06e-10	60.1
HBY40171.1	MER0192873|S12.A25|S12	28.8	41.9	88.7	208	1.74e-10	57.8
HBY40171.1	MER0017074|S12.A14|S12	28.3	38.7	44.8	180	4.89e-10	57.8
HBY40230.1	MER0005900|M38.002|M38	30.3	80.9	86.5	346	1.93e-37	137
HBY40271.1	MER0034548|S09.A47|S09C	34.0	16.1	19.7	50	5.11e-04	37.7
HBY40278.1	MER0001920|S09.A77|S09C	34.6	36.2	97.6	243	1.14e-37	137
HBY40278.1	MER0015682|S09.074|S09C	33.9	36.8	77.8	245	3.21e-31	120
HBY40278.1	MER0140224|S09.B03|S09X	33.3	32.3	89.1	216	1.79e-29	114
HBY40278.1	MER0003558|S09.A83|S09C	28.7	37.6	96.5	254	6.52e-28	110
HBY40278.1	MER0011583|S09.079|S09D	30.8	36.6	96.0	253	1.47e-24	100
HBY40278.1	MER0000408|S09.004|S09C	28.8	32.5	84.9	222	3.17e-21	90.5
HBY40278.1	MER0018170|S09.057|S09C	28.2	32.5	85.3	216	3.17e-21	90.5
HBY40278.1	MER0017401|S09.071|S09C	28.0	34.2	92.5	225	3.31e-21	90.1
HBY40278.1	MER0005807|S09.070|S09C	28.8	32.8	74.5	212	6.57e-21	90.1
HBY40278.1	MER0126485|S09.072|S09X	27.4	32.8	89.0	215	6.23e-18	80.5
HBY40278.1	MER0000263|S09.012|S09C	27.0	35.7	97.5	237	2.29e-17	79.0
HBY40278.1	MER0005994|S09.A03|S09B	25.8	40.2	99.6	271	1.47e-16	77.0
HBY40278.1	MER0011413|S09.016|S09B	26.2	34.5	93.3	248	4.16e-14	69.3
HBY40278.1	MER0058228|S09.009|S09B	27.0	37.2	99.2	252	5.89e-14	68.9
HBY40278.1	MER0192427|S09.A96|S09C	25.5	29.1	69.9	204	3.54e-11	61.2
HBY40278.1	MER0006027|S09.A66|S09C	23.1	32.8	82.9	221	1.73e-09	55.8
HBY40278.1	MER0195666|S09.073|S09B	24.2	36.2	96.7	248	3.52e-09	54.7
HBY40278.1	MER0022823|S09.B02|S09A	27.5	24.4	55.7	160	3.81e-09	55.1
HBY40278.1	MER0079308|S09.033|S09A	23.2	27.7	64.7	181	1.19e-07	50.4
HBY40278.1	MER0981959|S09.078|S09A	27.6	19.0	42.4	123	1.25e-06	47.4
HBY40278.1	MER0005694|S09.076|S09A	25.2	34.8	81.7	238	1.64e-05	43.9
HBY40279.1	MER0011343|M19.A02|M19	32.7	91.2	91.6	385	6.35e-54	180
HBY40279.1	MER0001260|M19.001|M19	30.9	91.2	90.0	375	9.56e-52	174
HBY40279.1	MER0011422|M19.A01|M19	32.2	91.7	97.2	385	1.89e-50	170
HBY40279.1	MER0015155|M19.011|M19	33.3	88.9	86.8	363	1.99e-48	165
HBY40279.1	MER0013499|M19.002|M19	31.5	91.2	89.3	372	1.49e-47	163
HBY40279.1	MER0032370|M19.013|M19	32.9	89.9	95.7	377	3.92e-47	161
HBY40279.1	MER0006319|M19.012|M19	30.3	90.5	95.6	379	5.07e-42	149
HBY40279.1	MER0013496|M19.004|M19	33.7	63.8	61.3	258	3.94e-39	140
HBY40279.1	MER0013479|M19.950|M19	26.6	67.8	78.1	293	3.70e-26	104
HBY40279.1	MER0013425|M19.007|M19	26.4	87.4	98.0	349	2.00e-25	102
HBY40279.1	MER0001265|M19.003|M19	28.0	40.5	52.1	168	7.85e-18	80.5
HBY40279.1	MER0026963|M19.008|M19	43.8	20.1	76.7	80	2.73e-17	73.9
HBY40279.1	MER0021871|M19.006|M19	44.2	10.8	53.1	43	7.97e-06	40.8
HBY40290.1	MER0006319|M19.012|M19	54.1	91.5	97.7	381	1.72e-144	413
HBY40290.1	MER0011422|M19.A01|M19	28.6	81.8	83.6	343	1.39e-36	134
HBY40290.1	MER0001260|M19.001|M19	25.4	82.1	79.9	343	2.62e-36	133
HBY40290.1	MER0011343|M19.A02|M19	25.8	89.1	90.3	384	1.85e-34	128
HBY40290.1	MER0013499|M19.002|M19	27.3	91.0	90.1	385	6.09e-34	127
HBY40290.1	MER0032370|M19.013|M19	26.0	91.0	98.0	389	5.82e-32	121
HBY40290.1	MER0015155|M19.011|M19	26.5	89.8	88.8	377	3.06e-28	111
HBY40290.1	MER0013496|M19.004|M19	28.2	71.9	71.5	301	1.03e-25	103
HBY40290.1	MER0001265|M19.003|M19	23.7	63.9	88.9	283	3.69e-20	87.4
HBY40290.1	MER0013425|M19.007|M19	22.5	80.6	90.9	333	1.98e-17	79.3
HBY40329.1	MER0039457|C14.033|C14B	35.9	44.4	86.8	153	3.30e-20	83.2
HBY40329.1	MER0039458|C14.049|C14B	37.3	44.4	40.4	153	5.17e-19	83.6
HBY40329.1	MER0039464|C14.A03|C14B	33.3	44.4	79.8	153	6.06e-19	80.1
HBY40329.1	MER0039461|C14.A01|C14B	34.0	44.4	45.4	153	2.20e-18	81.3
HBY40329.1	MER0039462|C14.036|C14B	32.7	44.4	79.8	153	1.90e-16	73.2
HBY40329.1	MER0039485|C14.041|C14B	34.4	45.6	87.6	160	2.39e-16	72.8
HBY40329.1	MER0114503|C14.045|C14B	31.9	47.1	43.8	166	5.92e-16	74.7
HBY40329.1	MER0039469|C14.034|C14B	34.2	45.3	66.7	158	5.96e-14	67.0
HBY40329.1	MER0039482|C14.035|C14B	29.3	45.0	73.8	157	6.03e-14	66.6
HBY40329.1	MER0044996|C14.047|C14B	33.6	40.1	45.1	140	1.10e-13	67.4
HBY40329.1	MER0039490|C14.A05|C14B	33.6	40.4	42.5	140	1.90e-12	63.9
HBY40329.1	MER0039468|C14.046|C14B	30.5	44.2	91.4	154	3.83e-12	60.5
HBY40329.1	MER0071798|C14.043|C14B	29.6	40.4	45.2	142	1.90e-10	57.8
HBY40329.1	MER0163432|C14.050|C14B	33.3	30.1	63.2	108	2.33e-10	55.5
HBY40329.1	MER0039476|C14.044|C14B	27.2	45.0	48.0	158	3.76e-09	53.9
HBY40340.1	MER0223878|C60.008|C60A	32.5	52.7	59.6	120	5.29e-12	59.7
HBY40373.1	MER0001250|M24.003|M24B	46.3	88.3	98.6	283	1.97e-89	266
HBY40373.1	MER0001733|M24.A09|M24B	33.3	87.0	95.5	288	7.35e-34	122
HBY40373.1	MER0001244|M24.004|M24B	30.6	88.6	96.6	288	1.66e-28	107
HBY40373.1	MER0001248|M24.007|M24B	31.4	69.5	89.3	229	5.16e-28	106
HBY40373.1	MER0004931|M24.008|M24B	27.8	87.3	96.5	281	3.26e-17	76.3
HBY40373.1	MER0005462|M24.031|M24B	28.0	87.0	96.1	282	5.26e-13	64.3
HBY40373.1	MER0004532|M24.034|M24B	24.5	87.3	96.5	277	3.28e-12	62.0
HBY40375.1	MER0003380|M23.011|M23B	41.5	53.3	95.9	234	2.45e-55	181
HBY40375.1	MER0013541|M23.014|M23B	57.5	19.9	98.9	87	4.46e-29	106
HBY40375.1	MER0069741|M23.009|M23B	41.5	32.0	81.4	142	1.51e-24	96.7
HBY40375.1	MER0387040|M23.A03|M23B	46.3	21.5	92.2	95	1.53e-19	80.5
HBY40375.1	MER0066182|M23.A04|M23B	42.0	25.4	56.3	112	3.38e-19	82.4
HBY40375.1	MER0003376|M23.005|M23B	47.9	19.7	56.0	94	1.28e-17	77.0
HBY40375.1	MER0003423|M23.012|M23B	38.7	23.8	74.1	106	1.38e-17	76.3
HBY40375.1	MER0001419|M23.004|M23B	37.7	23.8	74.1	106	4.27e-16	72.0
HBY40375.1	MER0015415|M23.951|M23B	38.7	21.1	54.7	93	2.03e-13	65.1
HBY40375.1	MER0005300|M23.950|M23B	37.9	19.9	53.4	87	4.45e-11	58.2
HBY40375.1	MER0003906|M23.013|M23B	35.2	20.4	85.8	91	9.93e-10	52.8
HBY40375.1	MER0025070|M23.010|M23B	38.3	18.1	68.6	81	8.82e-07	44.7
HBY40375.1	MER0388771|M23.A06|M23B	38.2	16.9	66.7	76	2.06e-06	43.5
HBY40389.1	MER0066178|S09.B07|S09X	26.0	34.0	60.8	146	4.47e-05	41.2
HBY40394.1	MER0001218|M16.008|M16A	34.0	20.2	88.7	188	1.10e-33	125
HBY40394.1	MER0003823|M16.A09|M16A	33.0	21.2	92.9	197	1.29e-32	122
HBY40394.1	MER0002283|M16.A10|M16A	32.3	21.3	93.4	198	9.65e-31	117
HBY40394.1	MER0002345|M16.A08|M16A	32.5	21.2	92.9	197	4.50e-30	115
HBY40394.1	MER0011096|M16.A01|M16A	35.7	17.2	74.1	157	5.28e-29	112
HBY40394.1	MER0011744|M16.A02|M16A	36.9	17.2	74.1	157	7.18e-29	112
HBY40394.1	MER0001214|M16.002|M16A	35.2	17.4	82.8	159	7.82e-29	111
HBY40394.1	MER0001222|M16.001|M16A	33.3	20.3	89.0	186	5.72e-28	109
HBY40394.1	MER0001220|M16.005|M16A	33.0	20.2	90.8	191	1.37e-27	108
HBY40394.1	MER0002423|M16.A11|M16A	32.5	21.2	92.9	197	1.55e-27	108
HBY40394.1	MER0015259|M16.017|M16A	32.3	20.0	87.7	186	7.23e-27	106
HBY40394.1	MER0003386|M16.020|M16A	33.0	20.8	91.5	194	2.12e-25	102
HBY40394.1	MER0001223|M16.006|M16A	32.3	20.7	97.9	189	1.29e-23	96.3
HBY40394.1	MER0122186|M16.A14|M16A	27.3	20.2	90.5	187	1.36e-20	87.8
HBY40394.1	MER0169735|M16.021|M16A	29.8	20.2	93.5	188	8.54e-20	85.5
HBY40394.1	MER0011192|M16.A06|M16A	32.6	15.7	87.8	144	1.96e-18	80.5
HBY40394.1	MER0001219|M16.007|M16A	29.2	20.2	89.0	195	6.88e-18	80.5
HBY40394.1	MER0011292|M16.A07|M16A	29.2	18.6	72.8	171	1.37e-16	77.0
HBY40394.1	MER0170820|M16.022|M16A	30.3	14.4	66.0	132	1.23e-12	64.7
HBY40394.1	MER0195774|M16.019|M16B	24.9	18.4	94.9	169	8.75e-10	55.8
HBY40394.1	MER0390687|M16.A15|M16B	20.1	18.3	100	169	1.27e-07	49.3
HBY40394.1	MER0078753|M16.984|M16A	32.4	15.0	68.2	148	3.27e-07	48.9
HBY40394.1	MER0003909|M16.A04|M16C	23.3	16.5	32.6	163	1.54e-04	42.0
HBY40394.1	MER0005841|M16.A13|M16X	22.7	21.6	99.1	211	3.85e-04	39.7
HBY40398.1	MER0035184|S09.B05|S09C	26.1	39.5	51.1	115	9.83e-08	48.5
HBY40405.1	MER0000309|S08.001|S08A	29.8	35.9	47.4	131	6.02e-09	53.1
HBY40405.1	MER0000313|S08.036|S08A	27.9	35.9	47.6	136	1.50e-07	48.9
HBY40405.1	MER0001521|S08.044|S08A	27.9	35.9	47.6	136	1.50e-07	48.9
HBY40405.1	MER0001755|S08.002|S08A	27.9	35.9	47.6	136	1.50e-07	48.9
HBY40405.1	MER0000311|S08.034|S08A	27.2	35.9	47.6	136	2.01e-07	48.5
HBY40405.1	MER0000312|S08.042|S08A	29.0	35.9	47.6	138	2.01e-07	48.5
HBY40405.1	MER0001523|S08.035|S08A	29.0	35.9	47.6	138	2.01e-07	48.5
HBY40405.1	MER0000310|S08.037|S08A	27.5	35.9	47.4	131	2.68e-07	48.1
HBY40405.1	MER0000315|S08.038|S08A	28.5	35.9	48.0	130	3.56e-06	44.7
HBY40405.1	MER0003536|S08.069|S08A	30.7	36.2	45.2	137	4.06e-06	44.7
HBY40405.1	MER0081072|S08.149|S08A	30.9	35.9	52.8	139	1.39e-05	42.7
HBY40405.1	MER0001520|S08.010|S08A	27.7	35.9	48.0	130	1.51e-05	42.7
HBY40405.1	MER0001906|S08.003|S08A	27.7	35.9	48.0	130	1.51e-05	42.7
HBY40405.1	MER0005931|S08.005|S08A	30.2	26.1	39.5	96	3.20e-05	41.6
HBY40416.1	MER0014135|S16.A04|S16	76.7	46.7	60.1	163	9.77e-87	259
HBY40417.1	MER0014135|S16.A04|S16	69.1	100	40.6	110	7.92e-49	153
HBY40417.1	MER0003359|S16.008|S16	26.7	93.6	44.9	105	9.33e-10	50.8
HBY40417.1	MER0003443|S16.003|S16	26.8	73.6	36.1	82	1.69e-05	38.9
HBY40460.1	MER0195774|M16.019|M16B	34.4	67.4	100	183	1.58e-27	101
HBY40460.1	MER0122186|M16.A14|M16A	32.8	68.6	90.0	189	9.13e-17	73.6
HBY40460.1	MER0003543|M16.973|M16B	25.0	77.3	88.9	204	2.55e-15	70.1
HBY40460.1	MER0001218|M16.008|M16A	28.7	49.2	61.8	136	1.26e-10	56.6
HBY40460.1	MER0169735|M16.021|M16A	29.5	49.2	65.5	132	2.03e-10	55.8
HBY40460.1	MER0003386|M16.020|M16A	31.7	30.7	38.7	82	2.02e-09	53.1
HBY40460.1	MER0001233|M16.A05|M16B	21.6	79.5	89.6	227	9.65e-08	48.5
HBY40460.1	MER0188967|M16.A18|M16C	28.5	58.0	36.3	172	5.40e-06	43.9
HBY40460.1	MER0001219|M16.007|M16A	29.5	32.6	40.2	88	3.20e-05	40.8
HBY40460.1	MER0002008|M16.004|M16B	33.3	21.2	24.2	57	4.89e-04	37.4
HBY40504.1	MER0000680|C01.050|C01A	25.1	53.9	85.1	223	1.47e-08	51.6
HBY40504.1	MER0136439|C01.152|C01A	25.2	54.9	86.0	226	5.57e-07	47.0
HBY40504.1	MER0000243|C01.028|C01A	24.7	53.7	80.9	215	5.85e-05	40.8
HBY40504.1	MER0003659|C01.A44|C01A	27.0	53.9	82.9	215	2.56e-04	38.9
HBY40504.1	MER0026801|C01.069|C01A	23.7	55.7	89.4	245	4.62e-04	38.1
HBY40504.1	MER0015658|C01.A05|C01A	25.5	53.7	83.4	220	6.56e-04	37.7
HBY40506.1	MER0160094|C56.975|C56	63.8	39.5	66.2	47	2.90e-13	57.4
HBY40510.1	MER0005900|M38.002|M38	33.7	87.9	73.8	297	8.06e-40	141
HBY40594.1	MER0003380|M23.011|M23B	40.6	79.2	68.5	165	2.00e-40	135
HBY40594.1	MER0013541|M23.014|M23B	51.7	42.0	98.9	87	3.50e-28	99.0
HBY40594.1	MER0069741|M23.009|M23B	37.3	67.6	81.4	142	1.07e-25	95.1
HBY40594.1	MER0003423|M23.012|M23B	37.3	48.3	71.3	102	8.87e-19	76.3
HBY40594.1	MER0003376|M23.005|M23B	45.4	43.0	57.8	97	1.50e-18	76.3
HBY40594.1	MER0001419|M23.004|M23B	36.3	48.3	71.3	102	6.71e-18	73.9
HBY40594.1	MER0387040|M23.A03|M23B	40.0	45.4	92.2	95	5.24e-17	70.5
HBY40594.1	MER0066182|M23.A04|M23B	39.4	47.3	49.7	99	3.06e-16	70.9
HBY40594.1	MER0003906|M23.013|M23B	37.0	43.5	86.8	92	3.37e-14	63.2
HBY40594.1	MER0015415|M23.951|M23B	34.9	39.6	48.8	83	6.42e-11	55.8
HBY40594.1	MER0025070|M23.010|M23B	28.3	43.5	83.9	99	2.00e-06	42.4
HBY40594.1	MER0388771|M23.A06|M23B	28.9	42.5	85.1	97	2.57e-06	42.0
HBY40600.1	MER0002007|M20.008|M20D	39.0	91.7	95.9	397	3.87e-85	263
HBY40600.1	MER0002655|M20.015|M20D	37.5	90.3	96.3	395	2.49e-75	237
HBY40600.1	MER0002014|M20.A03|M20D	34.7	92.8	97.7	409	8.20e-70	223
HBY40600.1	MER0002659|M20.014|M20D	34.6	90.5	94.6	393	3.49e-68	219
HBY40600.1	MER0002013|M20.A02|M20D	34.0	90.0	94.2	403	3.70e-64	208
HBY40600.1	MER0005155|M20.A06|M20D	33.4	89.4	97.1	389	1.33e-59	196
HBY40600.1	MER0003770|M20.A27|M20D	32.8	89.4	96.5	387	1.02e-55	186
HBY40600.1	MER0005173|M20.A05|M20D	31.2	90.0	98.4	391	6.01e-53	178
HBY40600.1	MER0005163|M20.009|M20D	45.7	40.0	59.5	173	1.33e-39	140
HBY40600.1	MER0003581|M20.020|M20D	29.2	81.0	100	359	9.62e-36	131
HBY40600.1	MER0003815|M20.A04|M20D	27.3	91.4	93.0	395	2.19e-32	121
HBY40600.1	MER0015354|M20.A01|M20D	37.9	47.7	68.3	214	1.71e-31	119
HBY40600.1	MER0002664|M20.A26|M20D	39.2	36.6	48.2	158	1.29e-25	102
HBY40600.1	MER0369336|M20.A23|M20A	26.1	41.0	50.2	180	3.48e-08	51.6
HBY40618.1	MER0005300|M23.950|M23B	39.3	46.2	82.8	135	3.57e-29	106
HBY40618.1	MER0015415|M23.951|M23B	32.8	42.5	76.5	131	2.62e-15	69.3
HBY40618.1	MER0003380|M23.011|M23B	30.1	31.8	38.6	93	2.47e-09	53.5
HBY40618.1	MER0013541|M23.014|M23B	33.3	18.5	61.4	54	7.35e-07	43.5
HBY40662.1	MER0001284|M28.002|M28E	28.8	21.7	44.9	118	4.33e-09	54.3
HBY40662.1	MER0002161|M28.003|M28A	32.1	20.4	34.9	112	7.47e-08	50.8
HBY40662.1	MER0004514|M28.004|M28E	29.6	25.3	55.4	142	7.77e-08	50.4
HBY40662.1	MER0005139|M28.A18|M28B	26.4	31.0	53.0	174	3.14e-07	48.9
HBY40662.1	MER0001288|M28.001|M28A	24.9	37.4	78.1	213	5.45e-07	47.8
HBY40662.1	MER0001911|M28.A05|M28X	38.3	17.1	32.5	94	4.50e-06	45.1
HBY40662.1	MER0015688|M28.A03|M28X	33.3	17.1	31.8	93	1.56e-05	43.5
HBY40662.1	MER0005238|M28.012|M28B	31.3	20.2	35.0	115	2.34e-05	43.1
HBY40662.1	MER0005239|M28.011|M28B	27.6	21.5	37.4	123	2.36e-05	43.1
HBY40662.1	MER0037181|M28.019|M28A	29.1	15.6	30.6	86	7.16e-05	41.6
HBY40664.1	MER0001161|M03.004|M03A	63.6	98.4	98.5	670	0.0	888
HBY40664.1	MER0006087|M03.A01|M03A	42.5	98.2	96.5	687	1.34e-183	535
HBY40664.1	MER0015119|M03.A02|M03A	40.6	98.2	97.4	715	1.04e-169	500
HBY40664.1	MER0001942|M03.002|M03A	32.3	97.2	95.7	669	1.88e-103	327
HBY40664.1	MER0001149|M03.001|M03A	31.2	97.3	94.9	673	1.09e-98	315
HBY40664.1	MER0001158|M03.005|M03A	29.3	97.9	97.5	675	2.52e-98	313
HBY40664.1	MER0003110|M03.009|M03A	29.1	97.9	98.0	721	2.98e-91	296
HBY40664.1	MER0001153|M03.003|M03A	29.6	97.5	96.3	686	1.40e-89	291
HBY40664.1	MER0108144|M03.A07|M03A	28.5	93.7	96.2	653	1.46e-86	282
HBY40664.1	MER0079465|M03.011|M03A	29.2	80.7	85.8	568	2.70e-74	248
HBY40664.1	MER0015170|M03.A03|M03A	24.8	93.1	95.4	634	1.36e-56	200
HBY40664.1	MER0001156|M03.006|M03A	24.8	95.6	92.4	694	1.16e-40	155
HBY40664.1	MER0059435|M03.A11|M03A	23.8	26.4	28.0	210	1.15e-06	48.5
HBY40678.1	MER0000870|A24.001|A24A	60.4	74.6	93.5	217	1.12e-89	263
HBY40678.1	MER0000876|A24.A10|A24A	43.5	47.4	64.9	138	1.51e-30	111
HBY40678.1	MER0004658|A24.003|A24A	40.3	42.3	80.0	124	2.06e-20	82.8
HBY40678.1	MER0002075|A24.A01|A24A	35.4	49.1	97.2	144	1.08e-17	75.1
HBY40678.1	MER0000869|A24.019|A24A	29.6	50.9	94.7	152	1.05e-09	53.1
HBY40751.1	MER0001495|M38.001|M38	32.4	47.9	19.1	71	1.97e-06	42.7
HBY40763.1	MER0001001|M01.005|M01	73.5	29.8	90.0	189	2.44e-97	294
HBY40763.1	MER0005037|M01.029|M01	53.4	27.4	94.6	174	1.41e-63	205
HBY40763.1	MER0040779|M01.035|M01	36.6	29.8	89.9	194	2.96e-39	140
HBY40763.1	MER0011440|M01.A09|M01	30.7	30.8	89.5	205	2.54e-22	92.8
HBY40763.1	MER0011183|M01.A24|M01	29.9	30.9	89.2	201	6.64e-22	91.7
HBY40763.1	MER0011438|M01.A08|M01	33.7	27.0	81.6	175	3.34e-21	89.4
HBY40763.1	MER0002003|M01.015|M01	29.2	30.1	87.8	195	3.45e-20	86.7
HBY40763.1	MER0011371|M01.A10|M01	31.5	28.1	86.5	181	4.81e-20	85.9
HBY40763.1	MER0011370|M01.A11|M01	31.6	28.5	87.1	187	5.03e-20	85.9
HBY40763.1	MER0004243|M01.016|M01	33.1	27.4	82.5	181	7.93e-20	85.5
HBY40763.1	MER0019759|M01.A25|M01	29.7	28.9	79.3	185	4.95e-19	83.6
HBY40763.1	MER0000997|M01.001|M01	34.8	23.8	71.9	158	4.96e-19	83.2
HBY40763.1	MER0005331|M01.018|M01	28.8	28.1	84.8	184	1.48e-18	81.6
HBY40763.1	MER0002746|M01.010|M01	31.1	28.9	79.1	190	1.73e-18	82.0
HBY40763.1	MER0002078|M01.A28|M01	27.0	33.0	90.2	211	7.91e-18	80.1
HBY40763.1	MER0001010|M01.007|M01	27.8	30.9	95.7	198	8.53e-18	79.3
HBY40763.1	MER0002060|M01.011|M01	28.8	29.5	85.8	191	1.09e-17	79.3
HBY40763.1	MER0011369|M01.A12|M01	32.7	26.0	74.2	171	1.66e-17	79.0
HBY40763.1	MER0116688|M01.A13|M01	28.4	31.9	88.3	218	2.19e-17	79.0
HBY40763.1	MER0015166|M01.A16|M01	27.2	28.9	83.9	195	8.30e-17	77.0
HBY40763.1	MER0002968|M01.024|M01	28.4	30.3	88.1	194	9.15e-17	76.6
HBY40763.1	MER0001009|M01.006|M01	26.7	30.3	90.1	195	1.47e-16	75.9
HBY40763.1	MER0001012|M01.003|M01	27.5	29.0	85.7	193	2.19e-16	75.5
HBY40763.1	MER0005045|M01.020|M01	27.8	27.4	87.9	176	2.82e-16	74.7
HBY40763.1	MER0091680|M01.A31|M01	29.1	28.9	83.6	189	4.18e-16	74.7
HBY40768.1	MER0069741|M23.009|M23B	37.9	44.6	76.2	132	6.30e-23	90.1
HBY40768.1	MER0003380|M23.011|M23B	37.6	41.2	55.2	133	4.57e-18	78.6
HBY40768.1	MER0013541|M23.014|M23B	41.9	29.1	97.7	86	7.70e-17	71.2
HBY40768.1	MER0066182|M23.A04|M23B	35.0	39.2	57.8	117	8.93e-15	68.6
HBY40768.1	MER0387040|M23.A03|M23B	36.4	33.1	96.1	99	2.83e-14	64.7
HBY40768.1	MER0005300|M23.950|M23B	36.5	32.4	58.9	96	7.98e-14	65.1
HBY40768.1	MER0003906|M23.013|M23B	36.5	33.1	98.1	104	2.32e-10	53.9
HBY40768.1	MER0015415|M23.951|M23B	29.9	35.8	60.0	107	1.75e-08	50.1
HBY40785.1	MER0042827|C56.972|C56	54.2	7.4	97.0	96	5.20e-27	103
HBY40809.1	MER0004931|M24.008|M24B	35.9	50.9	93.9	220	7.44e-37	131
HBY40809.1	MER0002038|M24.006|M24B	34.8	53.7	99.1	233	5.57e-36	129
HBY40809.1	MER0005462|M24.031|M24B	30.7	53.5	98.7	231	3.95e-32	119
HBY40809.1	MER0005715|M24.A11|M24B	33.5	49.5	90.6	221	1.08e-27	107
HBY40809.1	MER0004532|M24.034|M24B	32.3	50.0	92.1	217	1.21e-26	103
HBY40809.1	MER0001244|M24.004|M24B	24.7	50.9	92.7	243	8.36e-16	73.9
HBY40809.1	MER0016542|M24.A04|M24B	34.3	30.6	46.4	137	5.15e-14	68.9
HBY40809.1	MER0013463|M24.026|M24B	30.3	35.5	66.5	175	1.82e-13	67.0
HBY40809.1	MER0004321|M24.009|M24B	30.5	39.3	64.7	174	4.35e-13	65.9
HBY40809.1	MER0027437|M24.038|M24B	29.8	36.4	60.0	161	7.63e-13	65.1
HBY40809.1	MER0016544|M24.037|M24B	35.5	31.1	47.7	141	4.35e-12	63.2
HBY40809.1	MER0002039|M24.005|M24B	35.3	34.8	57.9	153	5.10e-10	56.6
HBY40809.1	MER0003105|M24.A10|M24B	30.3	35.5	60.5	165	7.11e-10	56.2
HBY40809.1	MER0001250|M24.003|M24B	24.1	46.7	80.5	232	1.25e-08	52.8
HBY40809.1	MER0001243|M24.001|M24A	24.0	45.1	75.8	208	1.92e-08	52.0
HBY40809.1	MER0015128|M24.A07|M24A	22.3	36.7	50.4	157	2.53e-04	39.3
HBY40815.1	MER0005900|M38.002|M38	24.3	72.3	93.1	400	5.23e-15	73.6
HBY40818.1	MER0036027|S09.A21|S09X	35.8	41.3	42.1	123	4.51e-18	79.0
HBY40818.1	MER0031570|S09.A26|S09X	31.4	46.0	47.7	137	4.51e-15	70.5
HBY40818.1	MER0036044|S09.A62|S09X	33.3	40.3	34.9	120	7.40e-15	70.5
HBY40818.1	MER0036039|S09.A12|S09C	35.5	45.0	53.4	152	4.41e-14	67.8
HBY40818.1	MER0034959|S09.A85|S09X	30.6	53.4	45.4	160	5.88e-13	65.1
HBY40818.1	MER0034960|S09.A86|S09X	30.7	45.0	42.8	137	6.95e-13	64.7
HBY40818.1	MER0078701|S09.955|S09X	30.1	45.0	37.5	143	8.76e-13	64.7
HBY40818.1	MER0034744|S09.970|S09X	32.4	45.0	35.7	145	9.98e-12	61.6
HBY40818.1	MER0078925|S09.975|S09X	32.8	37.9	28.6	122	2.53e-11	60.5
HBY40818.1	MER0036046|S09.A13|S09C	30.6	41.6	51.3	144	2.74e-11	59.7
HBY40818.1	MER0030934|S09.948|S09X	31.1	46.3	39.1	151	3.10e-11	60.1
HBY40818.1	MER0034726|S09.997|S09X	29.4	45.0	35.6	143	4.35e-11	59.7
HBY40818.1	MER0034723|S09.996|S09X	33.6	37.9	29.5	122	4.41e-11	59.7
HBY40818.1	MER0033226|S09.984|S09X	31.5	45.0	35.3	143	5.88e-11	59.3
HBY40818.1	MER0034728|S09.998|S09X	29.4	45.0	35.6	143	7.82e-11	58.9
HBY40818.1	MER0034730|S09.999|S09X	28.7	45.0	35.6	143	7.82e-11	58.9
HBY40818.1	MER0034745|S09.961|S09X	31.9	35.9	29.9	116	1.05e-10	58.5
HBY40818.1	MER0077889|S09.957|S09X	32.0	37.9	31.5	122	2.39e-10	57.4
HBY40818.1	MER0077885|S09.954|S09X	29.9	42.3	34.5	137	2.56e-10	57.4
HBY40818.1	MER0042911|S09.A14|S09X	30.7	49.0	52.4	153	3.89e-10	56.2
HBY40818.1	MER0033213|S09.981|S09X	34.7	37.9	28.6	124	4.70e-10	56.6
HBY40818.1	MER0033220|S09.982|S09X	33.1	37.9	28.5	124	6.32e-10	56.2
HBY40818.1	MER0036030|S09.A09|S09C	29.8	44.3	54.2	151	9.77e-10	55.1
HBY40818.1	MER0033224|S09.983|S09X	34.7	37.9	28.6	124	1.13e-09	55.5
HBY40818.1	MER0043003|S09.A15|S09C	34.3	30.9	36.3	102	1.63e-09	54.3
HBY40847.1	MER0163268|S01.511|S01A	30.8	29.4	38.1	117	1.99e-08	51.6
HBY40847.1	MER0011505|S01.B61|S01A	26.7	36.5	54.9	150	2.70e-06	45.1
HBY40847.1	MER0011214|S01.421|S01A	32.5	28.9	38.7	114	7.07e-05	40.8
HBY40847.1	MER0011213|S01.B45|S01A	32.3	25.1	32.8	99	9.53e-05	40.4
HBY40847.1	MER0011426|S01.A64|S01A	33.7	23.5	34.9	98	1.28e-04	40.0
HBY40847.1	MER0011354|S01.B48|S01A	28.8	18.5	26.8	73	2.11e-04	39.3
HBY40847.1	MER0099173|S01.934|S01A	29.5	24.1	42.2	95	2.24e-04	38.9
HBY40847.1	MER0029674|S01.A18|S01A	29.4	21.0	31.7	85	4.82e-04	38.1
HBY40847.1	MER0003048|S01.316|S01A	26.8	24.6	33.3	97	5.00e-04	38.1
HBY40847.1	MER0000033|S01.092|S01A	25.0	19.2	28.8	76	6.28e-04	37.7
HBY40847.1	MER0000034|S01.093|S01A	25.0	19.2	28.8	76	6.28e-04	37.7
HBY40847.1	MER0011323|S01.B44|S01A	32.0	24.6	35.0	97	6.87e-04	37.7
HBY40864.1	MER0080749|T01.022|T01X	47.9	76.9	100	190	3.94e-58	180
HBY40920.1	MER0037850|S09.965|S09X	36.7	46.5	62.8	248	1.14e-40	147
HBY40920.1	MER0032203|S09.969|S09X	35.5	46.5	62.8	248	7.12e-38	140
HBY40920.1	MER0033224|S09.983|S09X	35.9	46.5	62.8	248	4.86e-37	137
HBY40920.1	MER0033213|S09.981|S09X	35.5	46.5	62.8	248	6.23e-36	134
HBY40920.1	MER0033235|S09.988|S09X	32.9	47.3	63.4	252	7.13e-36	134
HBY40920.1	MER0033236|S09.989|S09X	32.9	47.3	63.4	252	9.80e-36	134
HBY40920.1	MER0030934|S09.948|S09X	34.0	50.0	71.4	265	2.35e-35	132
HBY40920.1	MER0034741|S09.972|S09X	35.9	46.5	62.9	248	5.66e-35	132
HBY40920.1	MER0078925|S09.975|S09X	32.1	46.9	63.3	249	5.76e-35	132
HBY40920.1	MER0033240|S09.959|S09X	34.5	46.5	62.6	255	1.10e-34	131
HBY40920.1	MER0037861|S09.962|S09X	34.2	49.8	65.8	272	1.12e-34	131
HBY40920.1	MER0033220|S09.982|S09X	35.3	46.5	62.7	249	2.12e-34	130
HBY40920.1	MER0034745|S09.961|S09X	35.2	47.7	62.2	244	3.97e-34	129
HBY40920.1	MER0034727|S09.953|S09X	35.2	46.1	60.9	236	5.45e-34	129
HBY40920.1	MER0034723|S09.996|S09X	34.0	46.5	61.7	241	1.12e-33	128
HBY40920.1	MER0033212|S09.958|S09X	36.3	46.5	60.1	245	5.93e-33	126
HBY40920.1	MER0034744|S09.970|S09X	34.4	47.7	62.4	244	1.14e-31	122
HBY40920.1	MER0077885|S09.954|S09X	33.5	46.1	59.9	236	1.75e-31	122
HBY40920.1	MER0034742|S09.971|S09X	44.8	33.4	43.6	172	2.13e-31	121
HBY40920.1	MER0033226|S09.984|S09X	36.4	46.1	60.4	242	4.26e-31	120
HBY40920.1	MER0037852|S09.964|S09X	43.1	35.2	45.0	181	5.45e-31	120
HBY40920.1	MER0077889|S09.957|S09X	33.1	46.1	64.2	239	5.46e-31	120
HBY40920.1	MER0078701|S09.955|S09X	44.2	28.7	40.4	147	1.91e-30	118
HBY40920.1	MER0034728|S09.998|S09X	34.6	49.8	66.3	260	1.93e-30	119
HBY40920.1	MER0034726|S09.997|S09X	43.9	28.7	38.3	148	2.64e-30	118
HBY40960.1	MER0002497|M17.004|M17	50.5	99.2	91.1	392	2.96e-122	357
HBY40960.1	MER0004597|M17.A01|M17	37.6	71.9	79.5	287	2.42e-48	164
HBY40960.1	MER0004598|M17.A02|M17	35.4	78.3	88.6	319	3.64e-46	159
HBY40960.1	MER0001238|M17.A03|M17	36.7	76.0	61.6	308	1.12e-45	160
HBY40960.1	MER0001236|M17.003|M17	38.3	70.7	55.6	277	1.50e-45	160
HBY40960.1	MER0041673|M17.013|M17	35.9	77.3	62.4	309	1.22e-42	152
HBY40960.1	MER0024892|M17.008|M17	37.1	70.2	69.5	283	1.63e-42	150
HBY40960.1	MER0014397|M17.015|M17	39.5	60.5	66.0	238	6.25e-42	147
HBY40960.1	MER0035089|M17.010|M17	36.8	66.3	73.1	261	8.17e-42	147
HBY40960.1	MER0002271|M17.002|M17	35.5	75.3	60.1	299	1.93e-41	149
HBY40960.1	MER0105906|M17.014|M17	35.7	71.4	59.9	286	1.02e-39	144
HBY40960.1	MER0001235|M17.001|M17	35.1	70.9	56.3	285	8.31e-37	136
HBY40960.1	MER0011357|M17.A04|M17	39.1	58.2	43.2	230	6.40e-36	134
HBY40960.1	MER0026959|M17.950|M17	38.8	57.9	83.0	227	2.15e-35	128
HBY40960.1	MER0001240|M17.A05|M17	35.3	71.4	57.2	286	1.01e-34	130
HBY40960.1	MER0013416|M17.006|M17	39.8	57.1	58.2	226	2.97e-34	127
HBY40960.1	MER0001910|M17.009|M17	37.7	60.2	47.6	239	7.08e-34	128
HBY40960.1	MER0003919|M17.005|M17	37.0	60.5	62.2	238	1.61e-31	120
HBY40960.1	MER0003825|M17.016|M17	30.8	82.1	73.1	334	7.32e-30	116
HBY40960.1	MER0081108|M17.012|M17	30.1	53.3	47.3	229	2.85e-15	73.9
HBY40960.1	MER0079520|M17.011|M17	32.6	42.6	32.6	172	1.73e-14	71.6
HBY40967.1	MER0001335|S51.001|S51	44.2	90.7	94.8	217	2.44e-61	189
HBY40967.1	MER0002251|S51.002|S51	43.7	94.9	99.6	231	4.93e-53	168
HBY41004.1	MER0016301|M103.001|M103	62.5	97.3	99.4	467	5.84e-208	580
HBY41004.1	MER0016248|M103.003|M103	28.5	50.0	93.2	242	2.36e-21	90.1
HBY41004.1	MER0028087|M103.002|M103	28.3	37.5	38.0	180	3.30e-16	77.4
HBY41004.1	MER0016222|M103.950|M103	23.6	89.2	92.2	436	1.92e-15	75.1
HBY41006.1	MER0016222|M103.950|M103	56.2	99.5	97.8	441	9.02e-171	484
HBY41006.1	MER0028087|M103.002|M103	28.6	95.9	96.8	430	3.86e-47	165
HBY41006.1	MER0016248|M103.003|M103	34.1	54.9	99.6	249	8.31e-35	127
HBY41028.1	MER0031610|S33.976|S33	37.4	93.2	83.7	254	5.90e-49	160
HBY41028.1	MER0035038|S33.A98|S33	23.3	85.2	83.6	257	1.54e-09	54.3
HBY41028.1	MER0035044|S33.A97|S33	33.7	38.3	34.0	104	2.77e-09	53.5
HBY41028.1	MER0036115|S33.B18|S33	30.1	41.7	37.0	113	5.01e-09	52.8
HBY41028.1	MER0034563|S33.996|S33	31.6	36.0	38.5	95	6.64e-09	52.0
HBY41028.1	MER0036069|S33.A38|S33	29.5	40.2	32.8	112	8.14e-07	46.2
HBY41028.1	MER0037236|S33.016|S33	22.3	89.4	93.5	247	1.54e-06	45.1
HBY41028.1	MER0036072|S33.A36|S33	25.5	36.7	31.8	106	1.95e-05	42.0
HBY41028.1	MER0210990|S33.A66|S33	34.5	22.0	16.9	58	1.99e-05	42.0
HBY41028.1	MER0031616|S33.013|S33	26.5	42.4	37.0	117	3.33e-05	41.2
HBY41028.1	MER0025512|S33.010|S33	31.8	25.0	22.1	66	1.84e-04	38.9
HBY41049.1	MER0001313|A08.001|A08	47.4	78.1	34.8	57	1.58e-13	58.5
HBY41060.1	MER0001244|M24.004|M24B	58.6	59.6	95.4	251	2.51e-100	296
HBY41060.1	MER0013463|M24.026|M24B	38.7	57.5	91.9	243	7.23e-52	172
HBY41060.1	MER0028601|M24.033|M24B	37.9	59.4	95.5	256	7.03e-44	151
HBY41060.1	MER0001248|M24.007|M24B	34.3	48.9	94.5	239	2.28e-38	136
HBY41060.1	MER0001733|M24.A09|M24B	33.5	59.6	96.2	281	3.07e-38	137
HBY41060.1	MER0004931|M24.008|M24B	31.5	59.6	96.9	251	6.81e-35	126
HBY41060.1	MER0005462|M24.031|M24B	30.7	59.6	96.9	251	2.44e-29	111
HBY41060.1	MER0001250|M24.003|M24B	31.9	59.1	97.2	288	4.80e-25	100
HBY41060.1	MER0004532|M24.034|M24B	28.9	57.5	93.0	242	1.74e-23	95.1
HBY41060.1	MER0002038|M24.006|M24B	27.4	59.6	97.0	252	5.88e-22	90.9
HBY41060.1	MER0005715|M24.A11|M24B	27.4	57.0	91.5	241	2.15e-18	80.9
HBY41060.1	MER0004321|M24.009|M24B	28.1	43.9	63.2	192	5.76e-08	50.4
HBY41072.1	MER0001299|S49.001|S49A	41.2	90.1	97.2	563	4.16e-147	435
HBY41072.1	MER0011114|S49.004|S49B	27.6	70.5	99.5	442	1.87e-34	131
HBY41072.1	MER0321345|S49.A08|S49B	40.2	28.8	98.9	184	3.02e-33	122
HBY41072.1	MER0003812|S49.008|S49X	40.2	28.8	94.3	184	7.28e-33	122
HBY41072.1	MER0044046|S49.006|S49B	33.0	29.5	98.9	185	8.01e-23	93.2
HBY41072.1	MER0001300|S49.002|S49B	29.2	28.7	95.7	185	1.55e-16	75.1
HBY41072.1	MER0013957|S49.007|S49B	25.9	27.7	92.0	174	6.37e-15	70.5
HBY41113.1	MER0107796|S09.A40|S09C	43.6	88.7	100	172	1.30e-46	148
HBY41186.1	MER0030151|M38.976|M38	54.8	8.9	10.6	42	7.21e-09	54.3
HBY41186.1	MER0030143|M38.974|M38	54.8	8.9	10.6	42	6.90e-08	51.2
HBY41186.1	MER0030149|M38.977|M38	52.4	8.9	10.6	42	1.61e-07	50.1
HBY41186.1	MER0030155|M38.975|M38	50.0	8.9	10.6	42	3.74e-07	48.9
HBY41186.1	MER0005900|M38.002|M38	37.3	12.5	13.2	59	6.18e-06	45.1
HBY41208.1	MER0000589|S26.001|S26A	50.8	76.0	100	254	3.34e-87	258
HBY41208.1	MER0013626|S26.026|S26A	30.2	67.0	94.1	202	1.94e-26	99.0
HBY41208.1	MER0015994|S26.019|S26A	28.2	67.3	99.4	202	7.12e-22	87.0
HBY41208.1	MER0028421|S26.018|S26A	29.1	66.0	93.7	199	2.55e-20	82.8
HBY41208.1	MER0003273|S26.016|S26A	28.4	67.0	92.6	201	2.81e-20	82.8
HBY41208.1	MER0003269|S26.008|S26A	30.2	65.0	91.7	205	2.42e-19	80.1
HBY41208.1	MER0016034|S26.020|S26A	28.9	65.0	97.4	197	6.05e-18	76.3
HBY41208.1	MER0055964|S26.A02|S26A	29.1	65.0	94.0	203	7.45e-18	75.9
HBY41208.1	MER0015620|S26.A01|S26A	29.6	65.0	91.5	203	1.13e-17	75.5
HBY41208.1	MER0006313|S26.006|S26A	29.7	64.0	94.7	192	5.49e-17	73.6
HBY41208.1	MER0002550|S26.004|S26A	29.2	67.0	95.5	202	2.24e-16	72.0
HBY41208.1	MER0001912|S26.005|S26A	28.8	69.0	99.4	208	1.10e-15	70.1
HBY41208.1	MER0015993|S26.021|S26A	27.1	64.0	89.6	192	3.89e-15	68.6
HBY41208.1	MER0000592|S26.003|S26A	28.2	67.0	95.5	202	5.47e-15	68.2
HBY41208.1	MER0003268|S26.015|S26A	30.2	64.7	92.8	199	3.23e-14	66.6
HBY41208.1	MER0001510|S26.007|S26A	26.4	69.0	99.4	208	3.52e-13	63.2
HBY41208.1	MER0004537|S26.025|S26A	28.2	65.7	94.1	238	8.69e-13	62.8
HBY41208.1	MER0002551|S26.024|S26A	28.0	69.7	97.5	232	4.59e-11	58.2
HBY41208.1	MER0015611|S26.A06|S26A	29.3	49.0	87.2	147	1.33e-07	45.8
HBY41208.1	MER0006070|S26.A05|S26A	37.7	22.7	93.4	69	7.58e-07	42.7
HBY41208.1	MER0000597|S26.002|S26A	26.5	68.0	82.3	204	8.71e-07	45.1
HBY41208.1	MER0017118|S26.A08|S26A	37.7	22.7	74.0	69	5.32e-06	40.8
HBY41208.1	MER0000598|S26.012|S26A	34.1	27.3	56.0	88	1.20e-05	41.2
HBY41248.1	MER0160094|C56.975|C56	61.4	33.3	62.0	44	2.11e-13	58.2
HBY41254.1	MER0019759|M01.A25|M01	36.2	42.9	100	232	8.45e-52	173
HBY41254.1	MER0091680|M01.A31|M01	41.9	37.5	92.2	203	1.21e-49	167
HBY41254.1	MER0011440|M01.A09|M01	37.4	38.8	95.9	211	1.28e-48	164
HBY41254.1	MER0002968|M01.024|M01	38.5	40.9	100	221	4.73e-48	163
HBY41254.1	MER0002746|M01.010|M01	35.5	42.9	99.6	234	1.99e-47	162
HBY41254.1	MER0011183|M01.A24|M01	36.1	40.1	98.2	219	5.30e-47	160
HBY41254.1	MER0002003|M01.015|M01	42.0	37.5	92.8	205	5.25e-46	157
HBY41254.1	MER0005331|M01.018|M01	38.9	39.0	100	211	5.56e-45	154
HBY41254.1	MER0011423|M01.A02|M01	40.9	39.0	100	215	8.70e-45	154
HBY41254.1	MER0001010|M01.007|M01	40.8	37.9	99.5	206	9.59e-45	154
HBY41254.1	MER0002060|M01.011|M01	36.0	39.0	96.3	211	1.89e-44	153
HBY41254.1	MER0005046|M01.021|M01	40.9	34.3	93.5	186	2.05e-44	152
HBY41254.1	MER0028449|M01.A30|M01	38.1	40.3	99.1	223	6.06e-44	152
HBY41254.1	MER0006264|M01.A29|M01	39.3	33.7	100	183	3.48e-43	149
HBY41254.1	MER0001012|M01.003|M01	35.3	39.5	99.1	215	6.77e-42	146
HBY41254.1	MER0005045|M01.020|M01	41.2	34.3	93.5	187	1.51e-41	145
HBY41254.1	MER0011371|M01.A10|M01	34.0	37.3	97.6	203	1.95e-41	145
HBY41254.1	MER0002355|M01.A19|M01	36.1	40.7	96.4	216	7.55e-41	144
HBY41254.1	MER0002078|M01.A28|M01	34.2	42.9	99.6	237	1.50e-40	143
HBY41254.1	MER0011438|M01.A08|M01	36.1	35.0	90.1	191	3.02e-40	142
HBY41254.1	MER0011370|M01.A11|M01	33.8	38.4	99.5	210	2.04e-39	139
HBY41254.1	MER0001185|M01.A15|M01	34.0	39.2	97.7	212	1.76e-38	137
HBY41254.1	MER0011369|M01.A12|M01	34.3	38.0	92.0	207	1.11e-37	135
HBY41254.1	MER0004243|M01.016|M01	35.4	36.9	94.0	206	4.55e-37	133
HBY41254.1	MER0001005|M01.002|M01	42.4	32.0	97.2	177	8.43e-37	131
HBY41256.1	MER0031562|S09.024|S09X	28.9	67.0	80.8	218	1.16e-20	86.3
HBY41256.1	MER0031570|S09.A26|S09X	24.2	69.8	87.6	231	5.99e-09	52.8
HBY41256.1	MER0033237|S09.991|S09X	32.1	41.9	40.4	140	1.47e-08	52.0
HBY41256.1	MER0033242|S09.992|S09X	31.1	41.3	38.7	135	8.62e-07	46.6
HBY41256.1	MER0034961|S09.A82|S09X	25.8	41.0	36.7	132	1.16e-06	46.2
HBY41256.1	MER0036044|S09.A62|S09X	24.5	69.8	73.6	233	3.45e-06	44.7
HBY41256.1	MER0036027|S09.A21|S09X	22.9	69.8	87.6	236	6.88e-06	43.5
HBY41256.1	MER0000408|S09.004|S09C	21.0	62.2	79.0	210	3.81e-05	41.2
HBY41256.1	MER0030934|S09.948|S09X	28.2	38.1	36.3	131	8.92e-05	40.4
HBY41257.1	MER0036308|M01.031|M01	61.0	53.6	100	236	4.38e-99	293
HBY41257.1	MER0012283|M01.A26|M01	48.9	48.6	100	219	9.69e-67	209
HBY41257.1	MER0001017|M01.025|M01	45.1	51.6	97.5	237	1.62e-65	207
HBY41257.1	MER0001013|M01.004|M01	44.0	54.5	99.6	243	3.04e-62	199
HBY41257.1	MER0011345|M01.A27|M01	44.2	53.4	98.0	240	3.23e-62	199
HBY41257.1	MER0002281|M01.034|M01	41.4	53.2	97.9	239	4.24e-54	177
HBY41257.1	MER0002755|M01.014|M01	46.5	44.8	99.5	202	2.71e-53	174
HBY41257.1	MER0005328|M01.A18|M01	46.7	43.9	99.0	199	3.47e-53	174
HBY41257.1	MER0012271|M01.022|M01	37.9	47.5	87.0	214	2.56e-40	141
HBY41257.1	MER0002658|M01.A32|M01	40.3	29.5	85.4	134	1.60e-26	101
HBY41257.1	MER0019730|M01.028|M01	25.8	46.8	88.4	229	1.63e-21	90.5
HBY41257.1	MER0001012|M01.003|M01	29.1	47.0	99.5	223	4.97e-19	82.4
HBY41257.1	MER0002355|M01.A19|M01	30.8	50.9	99.5	237	1.36e-18	81.3
HBY41257.1	MER0091680|M01.A31|M01	31.3	38.6	80.8	179	2.43e-18	80.5
HBY41257.1	MER0011370|M01.A11|M01	29.9	38.9	85.2	184	2.77e-18	80.1
HBY41257.1	MER0019759|M01.A25|M01	29.1	40.0	78.9	189	4.20e-18	80.1
HBY41257.1	MER0002060|M01.011|M01	28.4	46.8	97.7	222	6.12e-18	79.3
HBY41257.1	MER0011423|M01.A02|M01	31.3	36.8	80.9	176	1.43e-17	78.2
HBY41257.1	MER0011369|M01.A12|M01	30.6	39.1	80.0	186	1.72e-17	78.2
HBY41257.1	MER0002968|M01.024|M01	28.2	46.8	97.7	220	3.87e-17	77.0
HBY41257.1	MER0001701|M01.008|M01	32.8	38.9	80.8	186	5.76e-17	76.6
HBY41257.1	MER0011371|M01.A10|M01	31.7	38.4	85.1	183	1.99e-16	74.7
HBY41257.1	MER0005046|M01.021|M01	30.6	33.9	78.9	160	5.74e-16	73.2
HBY41257.1	MER0005045|M01.020|M01	31.3	33.9	78.9	163	1.44e-15	72.0
HBY41257.1	MER0028449|M01.A30|M01	28.9	38.6	80.9	187	2.29e-15	72.0
HBY41258.1	MER0094876|T03.025|T03	51.2	95.7	99.2	510	3.25e-164	473
HBY41258.1	MER0001978|T03.001|T03	27.2	94.4	92.8	536	3.84e-41	152
HBY41258.1	MER0011811|T03.A03|T03	27.5	76.1	74.6	432	2.01e-32	127
HBY41258.1	MER0003580|T03.011|T03	24.7	76.1	76.3	430	9.11e-26	107
HBY41258.1	MER0011800|T03.A01|T03	25.9	76.5	72.2	432	2.46e-23	100
HBY41258.1	MER0001629|T03.006|T03	24.3	78.0	78.4	444	6.94e-21	92.8
HBY41258.1	MER0011215|T03.A04|T03	25.1	87.8	96.0	506	1.03e-20	92.0
HBY41258.1	MER0016970|T03.017|T03	25.0	95.3	93.9	541	1.55e-19	88.6
HBY41258.1	MER0002720|T03.023|T03	23.7	82.1	85.2	438	2.12e-19	87.8
HBY41258.1	MER0006124|T03.A05|T03	25.8	78.2	78.4	446	2.02e-17	82.0
HBY41258.1	MER0011211|T03.007|T03	25.8	78.3	78.8	449	2.65e-17	81.6
HBY41258.1	MER0005831|T03.A06|T03	23.0	82.5	82.8	479	3.54e-17	81.3
HBY41258.1	MER0011143|T03.005|T03	23.7	92.1	90.1	524	1.44e-16	79.3
HBY41258.1	MER0005029|T03.009|T03	23.6	80.8	86.4	466	2.39e-16	78.6
HBY41258.1	MER0004194|T03.A07|T03	22.3	94.2	98.7	534	2.84e-14	72.0
HBY41258.1	MER0011193|T03.010|T03	25.8	56.7	58.5	333	6.48e-13	67.8
HBY41258.1	MER0002728|T03.012|T03	21.7	61.6	64.4	373	4.28e-07	49.3
HBY41258.1	MER0026205|T03.019|T03	31.1	18.1	46.7	106	1.15e-06	46.6
HBY41258.1	MER0026204|T03.018|T03	22.8	36.9	83.7	197	1.17e-06	46.6
HBY41258.1	MER0002718|T03.008|T03	29.2	15.8	49.7	96	2.64e-06	45.1
HBY41258.1	MER0002721|T03.016|T03	30.2	18.1	41.5	106	1.44e-05	43.5
HBY41258.1	MER0016605|T03.022|T03	40.4	9.8	14.1	52	2.63e-04	40.0
HBY41258.1	MER0003440|T03.A08|T03	23.0	72.7	85.3	395	2.87e-04	40.0
HBY41294.1	MER0000569|S24.001|S24	76.3	29.9	32.2	38	1.46e-16	67.4
HBY41295.1	MER0000569|S24.001|S24	71.3	100	73.7	87	3.92e-41	128
HBY41295.1	MER0000576|S24.003|S24	36.6	94.3	69.6	82	5.59e-10	48.9
HBY41295.1	MER0006172|S24.004|S24	41.0	70.1	77.2	61	1.05e-09	47.4
HBY41295.1	MER0022664|S24.005|S24	32.3	71.3	48.8	62	2.17e-07	42.4
HBY41309.1	MER0002455|C56.001|C56	24.8	76.8	89.0	129	7.14e-05	37.7
HBY41317.1	MER0033242|S09.992|S09X	32.4	40.1	41.1	139	9.14e-09	52.8
HBY41317.1	MER0034959|S09.A85|S09X	34.8	26.6	27.1	89	5.22e-08	50.4
HBY41317.1	MER0033237|S09.991|S09X	31.5	26.6	28.8	92	5.10e-07	47.4
HBY41317.1	MER0034548|S09.A47|S09C	31.8	25.7	33.5	85	3.99e-06	44.3
HBY41317.1	MER0042911|S09.A14|S09X	25.4	33.9	50.2	134	1.02e-04	40.0
HBY41317.1	MER0037852|S09.964|S09X	36.3	24.8	24.3	91	2.28e-04	39.3
HBY41317.1	MER0036028|S09.A07|S09X	33.9	18.0	22.7	62	2.48e-04	38.9
HBY41317.1	MER0043138|S09.A87|S09X	24.4	32.7	30.5	119	7.29e-04	37.7
HBY41317.1	MER0036034|S09.A11|S09X	33.9	18.0	23.1	62	7.71e-04	37.4
HBY41317.1	MER0126485|S09.072|S09X	23.9	55.0	69.9	184	9.17e-04	37.0
HBY41327.1	MER0043394|C26.955|C26	57.9	79.6	98.2	164	3.93e-65	195
HBY41327.1	MER0045094|C26.959|C26	41.9	92.2	78.0	191	2.67e-52	165
HBY41327.1	MER0044622|C26.A25|C26	43.8	91.7	73.5	192	1.90e-50	161
HBY41327.1	MER0044882|C26.A09|C26	39.4	82.0	94.5	175	5.47e-38	127
HBY41327.1	MER0043392|C26.960|C26	38.6	74.3	87.0	153	8.01e-28	100
HBY41327.1	MER0045095|C26.958|C26	34.4	96.1	82.0	221	7.36e-27	100
HBY41327.1	MER0043537|C26.A31|C26	31.6	93.2	98.9	193	1.41e-26	97.8
HBY41327.1	MER0043195|C26.A30|C26	31.5	89.8	79.6	200	2.47e-21	85.5
HBY41327.1	MER0044619|C26.A26|C26	33.7	92.2	79.3	196	1.07e-18	78.2
HBY41327.1	MER0045945|C26.963|C26	26.2	79.6	69.5	164	8.04e-14	64.7
HBY41327.1	MER0044812|C26.A04|C26	27.2	81.1	65.2	169	3.71e-13	63.2
HBY41327.1	MER0043387|C26.950|C26	33.1	74.8	84.7	157	7.40e-13	61.2
HBY41327.1	MER0044889|C26.A21|C26	28.9	90.8	74.8	187	1.78e-12	61.2
HBY41327.1	MER0043540|C26.A33|C26	31.5	62.6	53.1	130	1.30e-10	55.8
HBY41327.1	MER0046161|C26.956|C26	30.7	78.6	55.5	166	3.34e-10	55.1
HBY41327.1	MER0045886|C26.957|C26	28.0	90.3	75.8	189	3.55e-10	54.7
HBY41327.1	MER0038086|C26.962|C26	27.7	96.1	82.1	213	8.69e-09	50.8
HBY41327.1	MER0042974|C26.A07|C26	30.2	59.7	62.4	126	2.62e-08	48.9
HBY41327.1	MER0115185|C26.954|C26	35.2	34.0	49.7	71	2.35e-07	45.4
HBY41336.1	MER0002500|S08.118|S08A	24.0	47.6	23.1	100	3.01e-05	40.8
HBY41336.1	MER0000353|S08.116|S08A	31.3	39.0	23.5	83	6.63e-05	39.7
HBY41341.1	MER0002655|M20.015|M20D	39.3	93.1	96.0	369	1.03e-85	262
HBY41341.1	MER0002007|M20.008|M20D	36.1	93.4	94.4	374	3.67e-74	233
HBY41341.1	MER0002014|M20.A03|M20D	36.3	94.7	95.7	380	4.49e-68	217
HBY41341.1	MER0003770|M20.A27|M20D	34.9	92.9	97.1	370	1.19e-66	213
HBY41341.1	MER0002013|M20.A02|M20D	36.8	93.6	94.7	378	1.25e-64	208
HBY41341.1	MER0002659|M20.014|M20D	35.5	94.7	95.7	380	3.21e-64	207
HBY41341.1	MER0005155|M20.A06|M20D	36.3	91.1	95.8	369	4.69e-60	196
HBY41341.1	MER0005173|M20.A05|M20D	35.3	93.4	98.7	377	7.20e-56	185
HBY41341.1	MER0005163|M20.009|M20D	29.5	94.1	97.0	373	6.18e-40	140
HBY41341.1	MER0003581|M20.020|M20D	33.6	82.4	99.1	342	2.44e-35	129
HBY41341.1	MER0003815|M20.A04|M20D	39.9	45.0	58.3	178	6.05e-34	125
HBY41341.1	MER0015354|M20.A01|M20D	42.0	44.0	59.0	174	2.52e-33	123
HBY41341.1	MER0002664|M20.A26|M20D	37.9	38.7	51.1	153	2.49e-20	87.0
HBY41363.1	MER0037714|M38.981|M38	33.0	58.8	99.6	261	2.17e-40	142
HBY41370.1	MER0038626|M14.A21|M14D	35.3	41.6	96.6	170	1.61e-24	95.9
HBY41370.1	MER0033176|M14.026|M14B	36.7	41.6	97.7	169	3.86e-23	92.0
HBY41370.1	MER0034711|M14.029|M14B	35.3	41.6	97.1	170	7.43e-22	88.6
HBY41370.1	MER0033179|M14.028|M14B	33.1	41.6	96.2	178	1.27e-21	88.2
HBY41370.1	MER0034713|M14.030|M14B	31.6	41.6	98.9	177	4.91e-19	80.9
HBY41370.1	MER0038680|M14.A36|M14B	33.6	36.5	93.0	146	7.26e-18	77.0
HBY41370.1	MER0038671|M14.A31|M14D	32.7	41.6	97.7	168	1.00e-17	77.0
HBY41370.1	MER0033178|M14.027|M14D	34.4	32.8	87.2	128	3.77e-15	68.9
HBY41370.1	MER0033174|M14.025|M14B	38.4	22.9	42.6	86	5.19e-15	70.1
HBY41370.1	MER0033175|M14.036|M14D	38.4	22.9	29.8	86	1.73e-14	70.1
HBY41370.1	MER0038627|M14.A32|M14D	30.2	38.4	77.8	159	8.31e-12	60.8
HBY41370.1	MER0038688|M14.A35|M14B	29.1	26.4	85.7	103	5.27e-09	50.8
HBY41370.1	MER0011153|M14.A19|M14A	32.9	21.1	25.3	79	8.38e-07	47.0
HBY41370.1	MER0013456|M14.018|M14A	24.7	35.7	55.5	174	8.44e-07	47.0
HBY41370.1	MER0023950|M14.A23|M14A	33.3	23.2	28.0	90	2.07e-06	45.8
HBY41370.1	MER0011412|M14.A07|M14A	31.0	23.2	28.5	87	2.61e-06	45.4
HBY41370.1	MER0011681|M14.A24|M14A	28.3	29.1	34.3	113	4.95e-06	44.7
HBY41370.1	MER0011311|M14.A09|M14A	28.7	25.1	34.5	108	1.49e-05	43.1
HBY41371.1	MER0002267|S08.111|S08A	37.0	93.6	30.3	92	1.96e-07	43.9
HBY41371.1	MER0006023|S08.107|S08A	34.6	78.7	22.5	81	8.62e-06	39.3
HBY41371.1	MER0000338|S08.056|S08A	34.3	74.5	22.8	70	1.14e-05	38.9
HBY41371.1	MER0000356|S08.052|S08A	34.6	75.5	20.4	78	3.71e-04	34.7
HBY41371.1	MER0016983|S08.129|S08A	27.6	92.6	30.8	98	9.25e-04	33.5
HBY41371.1	MER0054318|S08.041|S08A	34.2	77.7	24.9	79	9.27e-04	33.5
HBY41379.1	MER0492485|S85.001|S85	58.0	89.9	100	169	3.16e-70	207
HBY41382.1	MER0037714|M38.981|M38	24.9	58.4	99.2	269	2.04e-18	81.6
HBY41401.1	MER1143079|S12.013|S12	28.0	48.6	77.0	232	8.72e-20	86.3
HBY41401.1	MER0026262|S12.008|S12	27.3	45.5	64.6	227	9.75e-18	81.3
HBY41401.1	MER0002489|S12.003|S12	29.1	38.1	53.2	189	1.08e-14	72.0
HBY41401.1	MER0005925|S12.A13|S12	29.0	33.8	48.8	169	1.93e-14	71.2
HBY41401.1	MER0000459|S12.001|S12	26.0	34.2	47.9	169	6.46e-12	63.5
HBY41401.1	MER0028284|S12.010|S12	30.3	30.9	43.0	152	3.41e-11	61.2
HBY41401.1	MER0354941|S12.A22|S12	28.4	37.4	98.0	197	4.87e-11	58.9
HBY41401.1	MER0004090|S12.A03|S12	27.3	38.1	50.8	198	7.32e-10	57.4
HBY41401.1	MER0005836|S12.A12|S12	27.8	31.1	60.5	162	3.67e-08	51.2
HBY41401.1	MER0003800|S12.952|S12	27.3	37.4	47.4	194	7.10e-08	51.2
HBY41401.1	MER0140154|S12.A27|S12	23.4	32.1	50.4	171	3.25e-07	48.9
HBY41401.1	MER0005923|S12.004|S12	29.8	24.9	26.5	121	4.13e-07	48.9
HBY41401.1	MER0000463|S12.006|S12	26.0	36.8	47.7	177	7.56e-06	44.7
HBY41401.1	MER0122661|S12.A28|S12	28.8	24.3	33.7	118	9.68e-06	44.3
HBY41503.1	MER0065554|C26.964|C26	72.2	94.7	20.1	54	4.93e-26	92.4
HBY41503.1	MER0437468|C26.A36|C26	44.7	82.5	13.5	47	1.19e-09	48.5
HBY41503.1	MER0436717|C26.A29|C26	48.8	71.9	10.4	41	5.18e-08	43.9
HBY41503.1	MER0031278|C26.961|C26	38.3	80.7	18.5	47	1.33e-04	34.3
HBY41504.1	MER0065554|C26.964|C26	67.2	100	44.2	119	2.48e-55	170
HBY41504.1	MER0437468|C26.A36|C26	45.5	100	31.5	121	1.65e-26	97.8
HBY41504.1	MER0436717|C26.A29|C26	46.3	100	27.0	121	4.99e-24	91.7
HBY41513.1	MER0017142|S33.994|S33	45.3	90.4	98.4	245	1.27e-71	217
HBY41513.1	MER0036053|S33.A01|S33	24.9	84.9	95.4	253	8.84e-11	57.8
HBY41513.1	MER0031610|S33.976|S33	24.9	88.6	81.7	253	1.45e-04	39.3
HBY41513.1	MER0036072|S33.A36|S33	20.5	40.2	36.3	122	1.55e-04	39.3
HBY41513.1	MER0011509|S33.A84|S33	28.9	33.2	30.8	97	2.66e-04	38.5
HBY41513.1	MER0011785|S33.009|S33	24.1	35.8	32.3	108	4.82e-04	37.7
HBY41530.1	MER0015475|S54.029|S54	30.4	63.6	84.5	171	5.60e-19	79.3
HBY41530.1	MER0015451|S54.011|S54	26.8	56.9	64.1	157	2.96e-07	47.0
HBY41530.1	MER0017405|S54.A19|S54	24.7	59.3	78.1	154	7.11e-06	42.4
HBY41543.1	MER0041647|S16.007|S16	54.4	61.3	22.8	57	6.71e-15	64.3
HBY41543.1	MER0003018|S16.A10|S16	52.8	57.0	23.8	53	5.19e-13	58.9
HBY41567.1	MER0001272|M20.010|M20A	39.2	99.2	98.5	372	4.70e-79	241
HBY41567.1	MER0369972|M20.A25|M20A	23.7	92.3	93.1	417	6.54e-17	78.6
HBY41567.1	MER0001273|M20.974|M20A	36.1	38.4	52.0	147	7.87e-17	76.6
HBY41567.1	MER0033183|M20.011|M20A	31.6	29.9	37.0	114	1.01e-11	62.0
HBY41567.1	MER0015142|M20.006|M20F	43.8	19.5	14.5	73	1.92e-11	62.0
HBY41567.1	MER0003798|M20.A21|M20A	21.9	87.7	80.4	356	1.23e-10	59.3
HBY41567.1	MER0057434|M20.013|M20F	39.7	19.5	24.3	73	3.27e-10	57.4
HBY41567.1	MER0003775|M20.A19|M20A	30.3	29.6	39.8	119	1.04e-09	55.8
HBY41567.1	MER0026485|M20.A15|M20F	40.0	18.7	22.6	70	4.72e-09	53.9
HBY41567.1	MER0026494|M20.005|M20F	30.1	24.8	18.7	93	7.22e-09	53.9
HBY41567.1	MER0003369|M20.A08|M20A	22.2	28.8	36.1	108	4.41e-05	41.6
HBY41567.1	MER0038758|M20.022|M20A	26.3	40.3	38.6	152	5.11e-05	41.6
HBY41567.1	MER0003770|M20.A27|M20D	24.0	44.8	44.4	171	1.23e-04	40.4
HBY41567.1	MER0025046|M20.975|M20A	37.2	22.1	30.1	86	2.79e-04	38.9
HBY41583.1	MER0044357|S33.A41|S33	31.4	56.1	44.7	223	2.02e-30	118
HBY41615.1	MER0002489|S12.003|S12	27.0	86.2	94.5	337	1.29e-35	130
HBY41615.1	MER0000459|S12.001|S12	24.2	84.6	92.0	335	1.32e-26	105
HBY41615.1	MER0026262|S12.008|S12	26.5	80.2	88.6	321	3.07e-20	87.8
HBY41615.1	MER1143079|S12.013|S12	27.6	76.2	91.9	293	1.00e-16	76.6
HBY41615.1	MER0005925|S12.A13|S12	26.0	80.2	88.4	323	1.88e-16	76.6
HBY41615.1	MER0005964|S12.951|S12	27.5	50.1	50.1	193	5.30e-15	72.4
HBY41615.1	MER0011700|S12.A16|S12	26.2	61.1	66.6	252	1.93e-12	64.7
HBY41615.1	MER0140154|S12.A27|S12	22.4	80.2	98.2	335	9.63e-12	62.4
HBY41615.1	MER0003802|S12.A21|S12	25.5	70.5	76.6	275	4.98e-08	50.8
HBY41615.1	MER0000463|S12.006|S12	24.0	47.8	47.2	183	6.97e-05	41.2
HBY41615.1	MER0003800|S12.952|S12	25.5	32.6	34.4	145	2.34e-04	39.7
HBY41615.1	MER0004090|S12.A03|S12	23.4	44.1	43.0	175	9.28e-04	37.7
HBY41621.1	MER0000431|S33.001|S33	39.5	96.7	91.3	291	9.35e-67	208
HBY41621.1	MER0000436|S33.021|S33	35.6	32.4	35.3	104	1.02e-10	58.2
HBY41621.1	MER0014065|S33.974|S33	30.3	36.1	32.9	109	4.37e-07	47.4
HBY41621.1	MER0037236|S33.016|S33	37.4	37.1	42.9	115	1.47e-06	45.4
HBY41621.1	MER0011785|S33.009|S33	29.2	34.1	32.6	106	1.38e-05	42.7
HBY41621.1	MER0045809|S33.988|S33	23.0	40.8	43.0	122	1.65e-05	42.4
HBY41621.1	MER0000437|S33.004|S33	27.5	35.8	39.5	120	3.11e-05	41.6
HBY41621.1	MER0001380|S33.003|S33	25.0	33.8	37.1	112	7.13e-05	40.4
HBY41666.1	MER0026339|S33.992|S33	25.6	70.7	91.8	246	4.92e-09	52.8
HBY41667.1	MER1143079|S12.013|S12	30.4	65.4	80.2	260	3.08e-24	98.2
HBY41667.1	MER0026262|S12.008|S12	25.5	71.7	80.9	302	8.05e-18	80.9
HBY41667.1	MER0005964|S12.951|S12	26.5	71.2	79.8	310	1.25e-16	77.4
HBY41667.1	MER0003802|S12.A21|S12	30.9	37.4	40.7	149	6.85e-16	74.7
HBY41667.1	MER0004090|S12.A03|S12	28.5	38.6	38.9	158	9.12e-15	72.0
HBY41667.1	MER0002489|S12.003|S12	26.1	75.0	80.9	318	9.72e-15	71.6
HBY41667.1	MER0005925|S12.A13|S12	30.8	43.7	50.3	185	9.72e-15	71.6
HBY41667.1	MER0006204|S12.950|S12	27.7	42.7	45.1	177	2.09e-14	70.9
HBY41667.1	MER0140154|S12.A27|S12	30.2	37.9	46.0	159	2.42e-12	64.3
HBY41667.1	MER0000459|S12.001|S12	26.7	40.2	43.6	161	2.55e-12	64.3
HBY41667.1	MER0011700|S12.A16|S12	28.4	52.3	60.1	229	8.86e-12	62.8
HBY41667.1	MER0122661|S12.A28|S12	28.6	48.0	53.6	196	1.03e-11	62.4
HBY41667.1	MER0005923|S12.004|S12	25.5	51.3	59.5	274	1.51e-11	62.4
HBY41667.1	MER0354941|S12.A22|S12	28.1	37.9	74.6	153	2.33e-10	56.6
HBY41667.1	MER0028284|S12.010|S12	22.4	72.2	81.3	295	3.30e-10	57.8
HBY41667.1	MER0004154|S12.012|S12	23.5	50.8	55.7	204	6.07e-10	57.0
HBY41667.1	MER0003800|S12.952|S12	28.2	37.9	36.1	156	4.06e-09	54.7
HBY41667.1	MER0219770|S12.011|S12	25.4	46.5	57.6	197	2.96e-08	51.6
HBY41667.1	MER0000463|S12.006|S12	23.7	57.1	57.1	228	1.78e-05	43.1
HBY41667.1	MER0015683|S12.A01|S12	25.3	38.1	48.1	154	1.48e-04	40.0
HBY41669.1	MER0033186|M38.980|M38	36.3	80.2	98.7	317	5.69e-56	183
HBY41692.1	MER0026472|M20.A07|M20X	30.6	94.6	99.3	402	6.17e-51	170
HBY41692.1	MER0026469|M20.976|M20X	29.7	91.5	95.4	381	7.14e-48	165
HBY41698.1	MER0001236|M17.003|M17	45.2	82.2	89.1	442	8.84e-118	353
HBY41698.1	MER0035089|M17.010|M17	39.9	63.3	95.4	336	9.24e-73	232
HBY41698.1	MER0001235|M17.001|M17	39.5	60.9	67.6	329	3.51e-72	235
HBY41698.1	MER0041673|M17.013|M17	36.4	64.8	72.3	346	7.10e-66	218
HBY41698.1	MER0014397|M17.015|M17	35.9	67.1	99.7	357	4.58e-65	212
HBY41698.1	MER0004597|M17.A01|M17	37.5	62.0	94.6	333	6.46e-64	209
HBY41698.1	MER0001238|M17.A03|M17	38.9	56.9	62.6	306	1.11e-61	207
HBY41698.1	MER0024892|M17.008|M17	36.8	64.7	86.3	348	5.18e-61	203
HBY41698.1	MER0004598|M17.A02|M17	38.9	56.9	87.4	306	7.43e-61	201
HBY41698.1	MER0026959|M17.950|M17	42.4	45.6	90.0	243	2.34e-59	194
HBY41698.1	MER0002271|M17.002|M17	36.6	66.0	72.8	355	1.54e-58	199
HBY41698.1	MER0003919|M17.005|M17	36.7	57.5	82.8	311	6.17e-56	189
HBY41698.1	MER0003825|M17.016|M17	33.8	65.0	80.6	361	1.25e-53	184
HBY41698.1	MER0001910|M17.009|M17	35.7	59.4	63.8	319	4.02e-46	165
HBY41698.1	MER0002497|M17.004|M17	36.2	53.5	67.9	290	7.78e-44	157
HBY41698.1	MER0013416|M17.006|M17	33.1	60.1	83.3	326	3.15e-37	138
HBY41698.1	MER0105906|M17.014|M17	31.3	57.7	66.5	316	4.04e-35	134
HBY41698.1	MER0001240|M17.A05|M17	31.2	64.7	71.7	353	5.17e-35	134
HBY41698.1	MER0011357|M17.A04|M17	34.0	53.5	54.6	294	3.13e-33	129
HBY41698.1	MER0081108|M17.012|M17	28.5	64.7	79.9	393	8.42e-24	101
HBY41698.1	MER0079520|M17.011|M17	27.4	68.8	75.4	398	2.51e-23	100
HBY41711.1	MER0200434|S09.941|S09X	45.1	32.3	44.3	51	2.44e-11	54.7
HBY41711.1	MER0209507|S09.025|S09X	52.1	30.4	44.0	48	3.01e-11	54.3
HBY41711.1	MER0213229|S09.952|S09X	44.9	31.0	44.1	49	1.69e-10	52.4
HBY41736.1	MER0004480|M50.004|M50B	44.0	88.7	99.7	402	6.48e-103	306
HBY41736.1	MER0897124|M50.A11|M50A	25.5	97.6	98.8	455	2.75e-39	143
HBY41736.1	MER0004468|M50.011|M50B	25.7	97.6	98.8	455	1.83e-37	138
HBY41736.1	MER0004469|M50.005|M50B	26.9	90.5	86.1	427	2.01e-20	89.7
HBY41736.1	MER0004471|M50.A10|M50B	29.8	20.6	25.2	94	1.02e-06	47.4
HBY41736.1	MER0004474|M50.003|M50B	28.6	21.5	26.7	98	9.64e-06	44.3
HBY41745.1	MER0003338|T02.002|T02	53.3	40.3	94.4	135	2.98e-37	127
HBY41745.1	MER0003303|T02.A01|T02	47.4	39.7	97.7	133	1.70e-31	112
HBY41745.1	MER0013976|T02.A02|T02	51.3	35.5	94.3	119	1.49e-28	104
HBY41745.1	MER0003336|T02.007|T02	35.3	37.9	93.1	136	1.36e-17	75.5
HBY41745.1	MER0017622|T02.A06|T02	29.0	61.2	81.7	221	6.75e-17	76.3
HBY41745.1	MER0003299|T02.001|T02	36.0	33.7	80.1	114	1.95e-14	66.6
HBY41745.1	MER0016969|T02.004|T02	37.6	26.0	53.2	93	1.67e-10	56.2
HBY41745.1	MER0034967|T02.A05|T02	27.5	54.3	95.1	207	4.86e-10	55.5
HBY41745.1	MER0011465|T02.A04|T02	32.6	26.6	61.5	89	1.85e-08	49.7
HBY41771.1	MER0036054|S33.A02|S33	29.3	78.3	96.7	266	1.42e-23	94.7
HBY41771.1	MER0036053|S33.A01|S33	27.9	77.1	98.1	262	5.69e-22	90.1
HBY41771.1	MER0037236|S33.016|S33	26.7	77.1	92.7	255	2.60e-20	85.5
HBY41771.1	MER0036065|S33.A03|S33	28.7	74.8	97.7	251	3.92e-18	79.3
HBY41771.1	MER0036067|S33.A71|S33	24.9	74.8	81.1	241	1.04e-16	75.9
HBY41771.1	MER0031616|S33.013|S33	37.5	34.4	35.7	112	1.28e-16	75.9
HBY41771.1	MER0004146|S33.995|S33	25.4	77.4	93.5	260	2.50e-16	74.3
HBY41771.1	MER0036068|S33.A19|S33	24.4	74.8	80.7	246	2.74e-16	74.7
HBY41771.1	MER0030163|S33.975|S33	38.0	33.1	36.8	108	1.23e-15	72.8
HBY41771.1	MER0036066|S33.A04|S33	23.8	73.9	97.1	239	1.50e-14	68.9
HBY41771.1	MER0036076|S33.A33|S33	25.2	81.2	84.6	262	2.66e-14	68.9
HBY41771.1	MER0014065|S33.974|S33	26.2	51.9	46.3	164	1.16e-13	67.4
HBY41771.1	MER0031617|S33.978|S33	25.9	72.9	83.5	243	6.91e-13	64.7
HBY41771.1	MER0036073|S33.A35|S33	24.5	80.9	80.1	261	2.87e-12	63.2
HBY41771.1	MER0043008|S33.A18|S33	25.2	74.5	87.3	254	3.64e-12	62.4
HBY41771.1	MER0035973|S33.A14|S33	21.8	75.8	80.5	243	2.58e-11	60.1
HBY41771.1	MER0036074|S33.A34|S33	23.5	79.9	74.6	302	3.09e-11	60.5
HBY41771.1	MER0017142|S33.994|S33	26.6	72.9	90.2	229	1.11e-10	57.8
HBY41771.1	MER0031645|S33.A42|S33	26.6	46.2	45.0	188	1.37e-10	58.5
HBY41771.1	MER0031610|S33.976|S33	24.8	79.3	83.4	266	4.04e-10	56.6
HBY41771.1	MER0036056|S33.A10|S33	24.6	75.2	74.5	248	4.45e-10	56.6
HBY41771.1	MER0011509|S33.A84|S33	28.8	34.4	35.2	111	1.87e-09	54.7
HBY41771.1	MER0031614|S33.011|S33	22.3	79.9	72.6	264	2.74e-09	54.3
HBY41771.1	MER0011785|S33.009|S33	29.9	36.0	36.0	117	6.23e-09	53.1
HBY41771.1	MER0036069|S33.A38|S33	25.3	79.6	73.6	269	2.79e-08	51.2
HBY41845.1	MER1102827|M49.005|M49	44.1	26.7	98.7	152	1.16e-33	122
HBY41845.1	MER0028047|M49.003|M49	27.3	23.7	85.2	150	9.23e-04	37.4
HBY41860.1	MER0241741|A32.002|A32	28.6	64.2	85.1	105	2.22e-07	44.3
HBY41860.1	MER0151383|A32.001|A32	33.3	63.5	59.9	105	1.95e-05	39.7
HBY41865.1	MER0001627|T01.006|T01B	82.1	99.4	98.9	173	2.66e-97	276
HBY41865.1	MER0001626|T01.007|T01B	53.1	98.9	100	175	3.31e-58	177
HBY41865.1	MER0030305|T01.018|T01B	54.6	87.4	93.8	152	1.43e-51	159
HBY41865.1	MER0053121|T01.021|T01B	49.7	97.1	100	171	2.16e-45	144
HBY41865.1	MER0000542|T01.011|T01A	32.8	38.5	32.5	67	8.45e-04	35.4
HBY41892.1	MER0034539|C44.976|C44	44.9	23.1	69.4	147	6.90e-34	125
HBY41892.1	MER0033254|C44.974|C44	36.5	23.4	62.5	159	8.39e-17	77.4
HBY41892.1	MER0011806|C44.A03|C44	31.3	21.7	62.4	150	1.53e-07	49.7
HBY41892.1	MER0011781|C44.A02|C44	31.2	20.1	57.8	141	2.74e-07	48.9
HBY41892.1	MER0004101|C44.A01|C44	31.3	21.7	62.4	150	3.68e-07	48.5
HBY41904.1	MER0018170|S09.057|S09C	24.9	70.7	84.5	217	4.02e-04	37.7
HBY41956.1	MER0000485|S16.001|S16	77.1	96.7	47.6	118	3.12e-60	182
HBY41956.1	MER0014970|S16.006|S16	57.9	87.7	36.1	107	1.83e-38	128
HBY41956.1	MER0004236|S16.009|S16	52.4	86.1	39.9	105	1.50e-36	122
HBY41956.1	MER0003442|S16.011|S16	52.3	87.7	46.9	107	7.21e-36	119
HBY41956.1	MER0000496|S16.010|S16	54.4	84.4	33.0	103	3.35e-35	120
HBY41956.1	MER0011056|S16.A03|S16	51.4	87.7	47.6	107	7.52e-35	117
HBY41956.1	MER0011057|S16.A02|S16	50.5	87.7	47.6	107	7.52e-35	117
HBY41956.1	MER0000488|S16.004|S16	55.3	84.4	43.8	103	1.92e-34	116
HBY41956.1	MER0000495|S16.002|S16	44.2	98.4	46.3	120	3.39e-33	113
HBY41956.1	MER0003443|S16.003|S16	57.4	77.0	41.4	94	7.03e-33	112
HBY41956.1	MER0108906|S16.A13|S16	47.7	87.7	46.3	107	3.41e-31	107
HBY41956.1	MER0005837|S16.A06|S16	46.2	85.2	40.6	104	3.60e-29	103
HBY41956.1	MER0017402|S16.A11|S16	43.6	90.2	49.5	110	1.91e-24	90.1
HBY41956.1	MER0026213|S16.A14|S16	45.7	77.0	36.3	94	1.16e-22	86.3
HBY41956.1	MER0003359|S16.008|S16	39.4	85.2	42.3	104	7.19e-18	73.2
HBY41956.1	MER0003859|S16.005|S16	37.0	88.5	44.0	108	2.27e-16	69.3
HBY41956.1	MER0003017|S16.A05|S16	30.9	79.5	58.0	97	4.55e-11	53.9
HBY41956.1	MER0041647|S16.007|S16	37.5	53.3	28.8	72	9.65e-09	48.5
HBY41956.1	MER0000491|S16.A09|S16	30.4	56.6	35.0	69	1.85e-08	47.4
HBY41956.1	MER0014135|S16.A04|S16	27.5	74.6	31.4	91	6.75e-08	46.2
HBY42040.1	MER0059846|S33.A46|S33	45.2	91.4	91.2	312	2.91e-92	276
HBY42040.1	MER0199690|S33.A56|S33	25.1	71.4	81.2	267	1.07e-19	85.1
HBY42040.1	MER0214074|S33.019|S33	28.0	49.9	98.4	193	5.42e-15	69.3
HBY42050.1	MER0015112|M38.973|M38	28.9	25.9	18.8	76	1.52e-05	42.7
HBY42065.1	MER0001019|M02.004|M02	53.7	98.3	28.3	175	4.07e-66	209
HBY42065.1	MER0004971|M02.005|M02	49.4	100	31.1	176	7.92e-61	194
HBY42065.1	MER0004967|M02.001|M02	56.5	78.4	24.9	138	1.91e-53	175
HBY42065.1	MER0002827|M02.002|M02	44.6	96.0	28.9	175	4.23e-48	161
HBY42065.1	MER0287029|M02.007|M02	51.1	76.7	25.9	135	3.93e-47	157
HBY42065.1	MER0001987|M02.003|M02	42.4	100	30.7	184	7.62e-47	158
HBY42065.1	MER0011061|M02.006|M02	39.8	100	29.2	176	1.50e-45	154
