baseMean,log2FoldChange (positive means more highly expressed in mitomycin C treatment),lfcSE,stat,pvalue,padj,gene,resolved_locus_tag,resolution_method
2433.1033,-0.334976744,0.131769602,-2.542139749,0.011017611,0.014016812,MIT0604_00001,EW14_0001,tier1:gene
761.4387999,0.145411211,0.13306229,1.092805559,0.27447918,0.304036192,MIT0604_00002,EW14_0002,tier1:gene
3465.670682,0.918112646,0.100016125,9.179646226,4.33e-20,1.13e-19,MIT0604_00003,EW14_0003,tier1:gene
1374.315041,1.512334163,0.096448312,15.68025545,2.0599999999999998e-55,1.15e-54,MIT0604_00004,EW14_0004,tier1:gene
1447.745546,-0.74740834,0.133324188,-5.605947079,2.07e-08,3.6e-08,MIT0604_00005,EW14_0005,tier1:gene
319.1624502,2.369804035,0.246584854,9.610501208,7.22e-22,1.97e-21,MIT0604_00006,EW14_0006,tier1:gene
377.088032,0.574751568,0.143774221,3.997598208,6.4e-05,9.39e-05,MIT0604_00007,EW14_0007,tier1:gene
2836.898487,-1.467066667,0.099048549,-14.81159163,1.23e-49,6.13e-49,MIT0604_00008,EW14_0008,tier1:gene
1036.14727,-0.86302638,0.139433476,-6.18952065,6.03e-10,1.11e-09,MIT0604_00009,EW14_0009,tier1:gene
850.2865357,0.73231492,0.165784644,4.417266303,1e-05,1.54e-05,MIT0604_00010,EW14_0010,tier1:gene
374.6716944,1.477092183,0.186640662,7.914096338,2.49e-15,5.48e-15,MIT0604_00011,EW14_0011,tier1:gene
1064.539848,0.022253486,0.101999855,0.218171737,0.827295305,0.8412685,MIT0604_00012,EW14_0012,tier1:gene
1612.861648,-0.415620223,0.177972121,-2.335310833,0.019527189,0.024313963,MIT0604_00013,EW14_0013,tier1:gene
546.5300291,1.331256039,0.106883406,12.45521717,1.31e-35,4.89e-35,MIT0604_00014,EW14_0014,tier1:gene
2239.004836,2.045603787,0.180180439,11.3530847,7.16e-30,2.3500000000000002e-29,MIT0604_00015,EW14_0015,tier1:gene
10625.52128,2.994887314,0.072541303,41.28527049,0.0,0.0,MIT0604_00016,EW14_0016,tier1:gene
9746.143931,3.752860219,0.077694917,48.30251906,0.0,0.0,MIT0604_00017,EW14_0017,tier1:gene
1060.136286,3.146546586,0.153811487,20.45716246,5.19e-93,4.98e-92,MIT0604_00018,EW14_0018,tier1:gene
2401.192417,5.635469795,0.162925463,34.58925138,3.67e-262,1.71e-260,MIT0604_00019,EW14_0019,tier1:gene
1535.056666,-2.826309462,0.150170076,-18.8207234,5.1100000000000005e-79,3.96e-78,MIT0604_00020,EW14_0020,tier1:gene
469.723781,0.471750346,0.165359462,2.852877853,0.004332527,0.005714358,MIT0604_00021,EW14_0021,tier1:gene
659.2060182,0.080729916,0.158028497,0.510856698,0.609451404,0.637153741,MIT0604_00022,,unresolved
5129.504085,-2.660276088,0.178649338,-14.89104922,3.77e-50,1.91e-49,MIT0604_00023,EW14_0023,tier1:gene
719.6723564,0.225665264,0.100695255,2.241071485,0.025021445,0.030854758,MIT0604_00024,EW14_0024,tier1:gene
2249.259534,-2.207117376,0.131700235,-16.75864417,4.9e-63,3.09e-62,MIT0604_00025,EW14_0025,tier1:gene
2584.422234,-2.828330195,0.096167824,-29.41035868,4.05e-190,1.17e-188,MIT0604_00026,EW14_0026,tier1:gene
2626.719209,-2.388895247,0.091045105,-26.23859069,9.65e-152,1.9e-150,MIT0604_00027,EW14_0027,tier1:gene
658.8192691,1.063906098,0.136546913,7.791506058,6.62e-15,1.44e-14,MIT0604_00028,EW14_0028,tier1:gene
494.3370716,-0.421128386,0.17926557,-2.349187219,0.018814444,0.023440759,MIT0604_00029,EW14_0029,tier1:gene
1386.599478,-1.368398533,0.480124011,-2.850093938,0.004370632,0.005757197,MIT0604_00030,EW14_0030,tier1:gene
109.9706319,0.144925916,0.224172916,0.64649164,0.517961009,0.548224502,MIT0604_00031,EW14_0031,tier1:gene
593.9919028,-2.565947677,0.130122545,-19.71947045,1.4700000000000001e-86,1.28e-85,MIT0604_00032,EW14_0032,tier1:gene
386.9012072,-0.242855822,0.181263988,-1.339790794,0.180313369,0.20403619,MIT0604_00033,EW14_0033,tier1:gene
963.899437,-0.149422697,0.161320308,-0.926248522,0.354316841,0.385790731,MIT0604_00034,EW14_0034,tier1:gene
1331.611783,-1.863112093,0.166252875,-11.20649547,3.79e-29,1.22e-28,MIT0604_00035,EW14_0035,tier1:gene
628.3748123,1.947274873,0.174943131,11.13090214,8.87e-29,2.83e-28,MIT0604_00036,EW14_0036,tier1:gene
2049.223963,-0.035045038,0.091804171,-0.38173688,0.702656541,0.723874152,MIT0604_00037,EW14_0037,tier1:gene
913.0817263,2.012316696,0.117203296,17.16945482,4.5000000000000003e-66,2.98e-65,MIT0604_00038,EW14_0038,tier1:gene
1977.092513,3.316276372,0.219954082,15.07713041,2.29e-51,1.19e-50,MIT0604_00039,EW14_0039,tier1:gene
3659.18232,6.095301393,0.1390426,43.83765386,0.0,0.0,MIT0604_00040,EW14_0040,tier1:gene
1068.1054,2.739566823,0.165046978,16.59870937,7.12e-62,4.43e-61,MIT0604_00041,EW14_0041,tier1:gene
4940.467999,0.432683471,0.11757117,3.68018343,0.000233,0.000332,MIT0604_00042,EW14_0042,tier1:gene
5408.550408,1.867222864,0.105150068,17.75769533,1.5e-70,1.05e-69,MIT0604_00043,EW14_0043,tier1:gene
1504.606719,2.902167404,0.146310305,19.83570061,1.46e-87,1.3e-86,MIT0604_00044,EW14_0044,tier1:gene
405.7582484,1.524045622,0.189116088,8.058783581,7.71e-16,1.73e-15,MIT0604_00045,EW14_0045,tier1:gene
703.5593498,-0.871579158,0.113427267,-7.684035621,1.54e-14,3.31e-14,MIT0604_00046,EW14_0046,tier1:gene
403.0211227,0.217427764,0.111355429,1.952556479,0.050872172,0.060862266,MIT0604_00047,EW14_0047,tier1:gene
105.8157121,1.777692427,0.224281971,7.926149487,2.26e-15,4.98e-15,MIT0604_00048,EW14_0048,tier1:gene
265.7956827,-0.16077562,0.160613071,-1.001012055,0.31682098,0.346994407,MIT0604_00049,EW14_0049,tier1:gene
17.53016679,-0.555159385,0.506836278,-1.095342636,0.273366555,0.302967698,MIT0604_00050,EW14_0050,tier1:gene
533.3259458,1.421427805,0.149274283,9.522255124,1.6900000000000001e-21,4.58e-21,MIT0604_00051,EW14_0051,tier1:gene
597.7074047,0.484373949,0.137073921,3.533669626,0.00041,0.000578,MIT0604_00052,EW14_0052,tier1:gene
2059.263707,1.585127135,0.165304238,9.589150019,8.88e-22,2.42e-21,MIT0604_00053,EW14_0053,tier1:gene
1301.783435,3.985867424,0.111966037,35.59889709,1.46e-277,7.46e-276,MIT0604_00054,EW14_0054,tier1:gene
194.1345113,4.421819175,0.268827319,16.44854843,8.59e-61,5.23e-60,MIT0604_00055,EW14_0055,tier1:gene
5481.675767,1.929574827,0.195879689,9.850816286,6.799999999999999e-23,1.91e-22,MIT0604_00056,EW14_0056,tier1:gene
1453.829068,-0.558511719,0.095649563,-5.839145516,5.25e-09,9.37e-09,MIT0604_00057,EW14_0057,tier1:gene
831.048572,2.332012132,0.097836258,23.83586807,1.42e-125,1.95e-124,MIT0604_00058,EW14_0058,tier1:gene
630.8156196,-1.392512772,0.144018538,-9.66898285,4.08e-22,1.1200000000000002e-21,MIT0604_00059,EW14_0059,tier1:gene
1359.51365,2.864447413,0.121729676,23.531217,1.9500000000000002e-122,2.5800000000000002e-121,MIT0604_00060,EW14_0060,tier1:gene
4015.195559,-2.777769292,0.129116085,-21.51373548,1.16e-102,1.25e-101,MIT0604_00061,EW14_0061,tier1:gene
802.7715755,4.127549071,0.179659812,22.97424802,8.43e-117,1.04e-115,MIT0604_00062,EW14_0062,tier1:gene
959.1370616,-0.434237917,0.128730305,-3.373237691,0.000743,0.001026121,MIT0604_00063,EW14_0063,tier1:gene
4097.208565,1.125344339,0.097734911,11.51425139,1.12e-30,3.74e-30,MIT0604_00064,EW14_0064,tier1:gene
4369.22167,0.894112198,0.124707208,7.169691386,7.52e-13,1.53e-12,MIT0604_00065,EW14_0065,tier1:gene
554.79691,-1.329349026,0.116299315,-11.43041153,2.95e-30,9.779999999999999e-30,MIT0604_00066,EW14_0066,tier1:gene
1230.406495,-3.190400385,0.148354238,-21.50528652,1.39e-102,1.4999999999999998e-101,MIT0604_00067,EW14_0067,tier1:gene
452.8741151,3.553299752,0.161646027,21.98198017,4.28e-107,4.9e-106,MIT0604_00068,EW14_0068,tier1:gene
16.66971544,1.234082181,0.633115917,1.949219958,0.051269163,0.061265602,MIT0604_00069,EW14_0069,tier1:gene
502.6401099,0.977681611,0.130358407,7.499950609,6.38e-14,1.34e-13,MIT0604_00071,EW14_0071,tier1:gene
385.6008791,0.429344982,0.178173226,2.409705382,0.015965407,0.020012975,MIT0604_00072,EW14_0072,tier1:gene
785.6664535,-1.203434452,0.136258583,-8.831990048,1.03e-18,2.58e-18,MIT0604_00073,EW14_0073,tier1:gene
2018.74156,-6.112280704,0.213189859,-28.67059774,8.880000000000001e-181,2.39e-179,MIT0604_00074,EW14_0074,tier1:gene
2543.61923,-5.597807988,0.143947546,-38.88783194,0.0,0.0,MIT0604_00075,EW14_0075,tier1:gene
1937.693694,-1.91162782,0.137025782,-13.95086229,3.11e-44,1.41e-43,MIT0604_00076,EW14_0076,tier1:gene
671.5300785,-0.974197963,0.134194749,-7.259583326,3.88e-13,7.98e-13,MIT0604_00077,EW14_0077,tier1:gene
477.2617175,0.929590846,0.133107809,6.98374388,2.87e-12,5.73e-12,MIT0604_00078,EW14_0078,tier1:gene
1895.650535,-3.150376792,0.108702323,-28.98168788,1.12e-184,3.1e-183,MIT0604_00080,EW14_0080,tier1:gene
248.9756519,-1.272494288,0.142635548,-8.921298413,4.61e-19,1.17e-18,MIT0604_00081,EW14_0081,tier1:gene
1650.884261,-4.18659255,0.174544377,-23.98583462,3.91e-127,5.44e-126,MIT0604_00082,EW14_0082,tier1:gene
9710.099303,-1.526159994,0.10930446,-13.96246776,2.64e-44,1.2e-43,MIT0604_00083,EW14_0083,tier1:gene
419.4074036,0.416076679,0.148961031,2.793191455,0.005219079,0.00682213,MIT0604_00084,EW14_0084,tier1:gene
2887.621016,1.253009991,0.112176046,11.17003173,5.72e-29,1.83e-28,MIT0604_00085,EW14_0085,tier1:gene
232.3997245,0.632800356,0.236118058,2.680016777,0.007361847,0.009501703,MIT0604_00086,EW14_0086,tier1:gene
492.3781844,-0.475784761,0.116892455,-4.070277767,4.7e-05,6.94e-05,MIT0604_00087,EW14_0087,tier1:gene
1579.361728,-1.709543438,0.141595995,-12.07338838,1.46e-33,5.17e-33,MIT0604_00088,EW14_0088,tier1:gene
286.6305717,1.174184068,0.143615536,8.175884745,2.94e-16,6.79e-16,MIT0604_00089,EW14_0089,tier1:gene
692.7492711,0.878963685,0.102168538,8.6030759,7.76e-18,1.9e-17,MIT0604_00090,EW14_0090,tier1:gene
977.4286813,0.532741345,0.11923045,4.468165196,7.89e-06,1.22e-05,MIT0604_00091,EW14_0091,tier1:gene
1695.826624,-1.761968995,0.153738204,-11.46084021,2.07e-30,6.91e-30,MIT0604_00092,EW14_0092,tier1:gene
4007.899112,-2.328038743,0.141175512,-16.49038635,4.2999999999999997e-61,2.64e-60,MIT0604_00093,EW14_0093,tier1:gene
39.58569391,-0.425305653,0.501344957,-0.848329374,0.396254563,0.428264568,MIT0604_00094,EW14_0094,tier1:gene
1646.696339,-1.993531466,0.225053544,-8.858031879,8.14e-19,2.06e-18,MIT0604_00095,EW14_0095,tier1:gene
146.6491609,-1.248445934,0.263342774,-4.740763966,2.13e-06,3.38e-06,MIT0604_00096,EW14_0096,tier1:gene
1330.846592,-1.969764119,0.162192644,-12.14459593,6.13e-34,2.19e-33,MIT0604_00097,EW14_0097,tier1:gene
537.547941,-0.625290455,0.161275649,-3.877153543,0.000106,0.000154,MIT0604_00098,EW14_0098,tier1:gene
196.345821,0.541064451,0.180008686,3.005768569,0.002649105,0.003544261,MIT0604_00099,EW14_0099,tier1:gene
589.6308294,-1.824505745,0.229794467,-7.939728772,2.03e-15,4.47e-15,MIT0604_00100,EW14_0100,tier1:gene
366.7742002,0.419301735,0.119081599,3.521129541,0.00043,0.000603,MIT0604_00101,EW14_0101,tier1:gene
824.9712701,-0.987750951,0.096271188,-10.26008891,1.07e-24,3.0899999999999997e-24,MIT0604_00102,EW14_0102,tier1:gene
257.8740345,1.134306926,0.130055716,8.721699877,2.74e-18,6.79e-18,MIT0604_00103,EW14_0103,tier1:gene
1739.094433,0.196907043,0.108302953,1.818113327,0.069046814,0.081369503,MIT0604_00104,EW14_0104,tier1:gene
1172.364527,-0.236603294,0.112459284,-2.103901836,0.035387011,0.042963945,MIT0604_00105,EW14_0105,tier1:gene
1600.323443,-1.247463037,0.153885471,-8.106438042,5.21e-16,1.19e-15,MIT0604_00106,EW14_0106,tier1:gene
702.2548861,0.089618641,0.171211938,0.523436872,0.600670271,0.628615565,MIT0604_00107,EW14_0107,tier1:gene
757.0171989,-2.293040008,0.167421832,-13.69618277,1.07e-42,4.659999999999999e-42,MIT0604_00108,EW14_0108,tier1:gene
954.9792351,-2.162869802,0.109147793,-19.81597376,2.17e-87,1.92e-86,MIT0604_00109,EW14_0109,tier1:gene
133.7797338,-1.130467033,0.28195666,-4.009364538,6.09e-05,8.95e-05,MIT0604_00110,EW14_0110,tier1:gene
897.0023745,1.137187776,0.114327045,9.946795862,2.5999999999999997e-23,7.42e-23,MIT0604_00111,EW14_0111,tier1:gene
409.2419508,-2.304021031,0.323959423,-7.11206671,1.14e-12,2.31e-12,MIT0604_00112,EW14_0112,tier1:gene
602.3310962,1.012799359,0.149092054,6.793114262,1.1e-11,2.12e-11,MIT0604_00113,EW14_0113,tier1:gene
2251.587335,-0.603853874,0.120603988,-5.006914655,5.53e-07,9e-07,MIT0604_00114,EW14_0114,tier1:gene
3707.191649,-0.047755624,0.09761043,-0.489247141,0.624666739,0.650952255,MIT0604_00115,EW14_0115,tier1:gene
1539.893835,-0.060894771,0.131374866,-0.463519189,0.642992264,0.6667706,MIT0604_00116,EW14_0116,tier1:gene
256.4773694,-0.28926445,0.129799322,-2.228551316,0.025843773,0.031830448,MIT0604_00117,EW14_0117,tier1:gene
934.0684563,-0.214589426,0.137404757,-1.561732152,0.118351101,0.136256864,MIT0604_00118,EW14_0118,tier1:gene
611.1273836,0.319764901,0.129467322,2.469850269,0.013516962,0.017058706,MIT0604_00119,EW14_0119,tier1:gene
450.3644293,0.560293697,0.11249607,4.980562405,6.34e-07,1.03e-06,MIT0604_00120,EW14_0120,tier1:gene
719.8953247,0.61518784,0.09744539,6.313154885,2.73e-10,5.09e-10,MIT0604_00121,EW14_0121,tier1:gene
10.01692725,2.269801434,0.822263018,2.760432348,0.005772491,0.007521508,MIT0604_00122,EW14_0122,tier1:gene
215.018202,0.061715592,0.150510704,0.410041213,0.681775715,0.703779571,MIT0604_00123,EW14_0123,tier1:gene
372.0760581,1.051251817,0.135467796,7.760160322,8.48e-15,1.83e-14,MIT0604_00124,EW14_0124,tier1:gene
1525.515121,-1.269922626,0.112718549,-11.26631452,1.9200000000000002e-29,6.23e-29,MIT0604_00125,EW14_RS00585,tier1:gene
1796.85693,-1.537805971,0.147982903,-10.39178134,2.7e-25,8.01e-25,MIT0604_00126,EW14_0126,tier1:gene
121.7391562,-1.983790266,0.413765229,-4.794482788,1.63e-06,2.6e-06,MIT0604_00127,,unresolved
154.3101314,0.205156632,0.177768243,1.154067953,0.248472311,0.276876875,MIT0604_00128,EW14_0128,tier1:gene
632.1234951,3.033542065,0.187222234,16.20289431,4.810000000000001e-59,2.87e-58,MIT0604_00129,EW14_0129,tier1:gene
1511.172802,-0.623139667,0.105161518,-5.925548427,3.11e-09,5.61e-09,MIT0604_00130,EW14_0130,tier1:gene
7045.598072,-1.634063061,0.136934606,-11.93316359,7.95e-33,2.79e-32,MIT0604_00131,EW14_0131,tier1:gene
201.5927318,-0.265073565,0.138446182,-1.914632541,0.055539382,0.066136774,MIT0604_00132,EW14_0132,tier1:gene
189.1493287,0.93892898,0.310775875,3.02124153,0.002517405,0.003374674,MIT0604_00133,EW14_0133,tier1:gene
179.8348026,0.376178887,0.214373396,1.754783451,0.079296355,0.09291336,MIT0604_00134,EW14_0134,tier1:gene
806.0269814,2.480599261,0.137544112,18.03493608,1.04e-72,7.42e-72,MIT0604_00135,EW14_0135,tier1:gene
513.7830203,-1.099586239,0.155359455,-7.077691148,1.47e-12,2.95e-12,MIT0604_00136,EW14_0136,tier1:gene
592.2179867,-0.807916305,0.132896213,-6.079302694,1.21e-09,2.21e-09,MIT0604_00137,EW14_0137,tier1:gene
617.1324887,0.800176775,0.106558542,7.509269147,5.95e-14,1.25e-13,MIT0604_00138,EW14_0138,tier1:gene
1306.224335,0.979422043,0.173114161,5.657665645,1.53e-08,2.69e-08,MIT0604_00139,EW14_0139,tier1:gene
4142.217717,0.670196204,0.181630718,3.689883578,0.000224,0.00032,MIT0604_00140,EW14_0140,tier1:gene
688.1173064,-2.528033757,0.147088313,-17.18718299,3.31e-66,2.2e-65,MIT0604_00141,EW14_0141,tier1:gene
983.4409793,-1.911895644,0.13802861,-13.8514446,1.25e-43,5.56e-43,MIT0604_00142,EW14_0142,tier1:gene
629.8149905,0.710623719,0.093871133,7.570204991,3.73e-14,7.9e-14,MIT0604_00143,EW14_0143,tier1:gene
79.45605107,2.050818113,0.338023068,6.067095145,1.3e-09,2.38e-09,MIT0604_00144,EW14_0144,tier1:gene
509.069499,1.689083733,0.18756272,9.005434208,2.15e-19,5.53e-19,MIT0604_00145,EW14_0145,tier1:gene
300.2629442,-1.253405611,0.253658832,-4.941304833,7.76e-07,1.25e-06,MIT0604_00146,,unresolved
303.8446976,1.720512734,0.131080723,13.12559689,2.35e-39,9.56e-39,MIT0604_00147,EW14_0147,tier1:gene
671.51549,0.582201733,0.10214413,5.69980609,1.2e-08,2.11e-08,MIT0604_00148,EW14_0148,tier1:gene
942.3507357,-2.973269969,0.121788823,-24.41332387,1.23e-131,1.82e-130,MIT0604_00149,EW14_0149,tier1:gene
1119.298787,-1.376609485,0.085453639,-16.10943073,2.19e-58,1.29e-57,MIT0604_00150,EW14_0150,tier1:gene
82.33206328,1.838471699,0.247520729,7.427546409,1.11e-13,2.32e-13,MIT0604_00152,,unresolved
124.826758,1.796675756,0.24318552,7.388086901,1.49e-13,3.11e-13,MIT0604_00153,EW14_0153,tier1:gene
125.018022,2.153911957,0.241929711,8.903048537,5.43e-19,1.38e-18,MIT0604_00154,EW14_0154,tier1:gene
353.3912566,2.304738417,0.205013124,11.2419067,2.54e-29,8.17e-29,MIT0604_00155,EW14_0155,tier1:gene
115.8751588,-0.323519235,0.227662917,-1.421044936,0.155303696,0.176811272,MIT0604_00156,EW14_0156,tier1:gene
358.1751317,-2.206470022,0.199225862,-11.07521887,1.6499999999999999e-28,5.24e-28,MIT0604_00157,EW14_0157,tier1:gene
735.5387065,3.231887987,0.178571447,18.09857083,3.2700000000000004e-73,2.3500000000000003e-72,MIT0604_00158,EW14_0158,tier1:gene
1414.86026,1.377149215,0.152948394,9.00401229,2.18e-19,5.6e-19,MIT0604_00159,EW14_0159,tier1:gene
720.4022938,1.495101147,0.196300131,7.61640424,2.61e-14,5.56e-14,MIT0604_00160,EW14_0160,tier1:gene
806.7911823,6.230932318,0.248698565,25.05415472,1.57e-138,2.5199999999999997e-137,MIT0604_00161,EW14_0161,tier1:gene
27.06817573,0.950144039,0.382954072,2.481091359,0.01309808,0.016550475,MIT0604_00162,EW14_0162,tier1:gene
14983.00249,6.280828103,0.178773115,35.13295663,2.12e-270,1.0299999999999999e-268,MIT0604_00163,EW14_0163,tier1:gene
3257.381212,5.633291535,0.179186699,31.43811209,6.1e-217,2.15e-215,MIT0604_00164,EW14_0164,tier1:gene
73.86381871,-1.099804702,0.326019674,-3.373430474,0.000742,0.001026096,MIT0604_00165,EW14_0165,tier1:gene
39.64598126,-0.291876253,0.318420003,-0.916639188,0.359331742,0.390835322,MIT0604_00166,EW14_0166,tier1:gene
173.9681532,-0.490301676,0.163579972,-2.997320934,0.002723638,0.003639221,MIT0604_00167,EW14_0167,tier1:gene
145.1665374,0.56826641,0.167417153,3.394314145,0.000688,0.000955,MIT0604_00168,EW14_0168,tier1:gene
1594.074679,-1.715794332,0.217362571,-7.893697251,2.93e-15,6.42e-15,MIT0604_00169,EW14_0169,tier1:gene
305.5799463,2.357221575,0.224191297,10.51433134,7.420000000000001e-26,2.24e-25,MIT0604_00170,EW14_0170,tier1:gene
939.3019058,0.898006783,0.097486507,9.211600767,3.21e-20,8.43e-20,MIT0604_00171,EW14_0171,tier1:gene
4199.668561,1.155613164,0.100165166,11.5370763,8.580000000000001e-31,2.8799999999999997e-30,MIT0604_00172,EW14_0172,tier1:gene
1126.895359,-1.02616806,0.125053212,-8.205851318,2.29e-16,5.32e-16,MIT0604_00173,EW14_0173,tier1:gene
242.5179115,-1.091393332,0.168061256,-6.49402102,8.36e-11,1.58e-10,MIT0604_00174,EW14_0174,tier1:gene
4049.540257,-1.988215981,0.168658562,-11.7884082,4.4800000000000004e-32,1.53e-31,MIT0604_00175,EW14_0175,tier1:gene
2221.261396,-0.708531347,0.106478547,-6.654216887,2.85e-11,5.46e-11,MIT0604_00176,EW14_0176,tier1:gene
1867.177855,-0.168993832,0.0838851,-2.014587011,0.04394794,0.052949636,MIT0604_00177,EW14_0177,tier1:gene
1478.975307,0.253273417,0.083079676,3.04856047,0.002299406,0.003088507,MIT0604_00178,EW14_0178,tier1:gene
780.598604,0.768786298,0.092202152,8.338051577,7.55e-17,1.79e-16,MIT0604_00179,EW14_0179,tier1:gene
722.1688827,-2.242200042,0.130752187,-17.1484706,6.45e-66,4.26e-65,MIT0604_00180,EW14_0180,tier1:gene
1050.966912,-3.453313152,0.166292662,-20.76647943,8.7e-96,8.6e-95,MIT0604_00181,EW14_0181,tier1:gene
358.1911984,0.782995192,0.195767348,3.999620974,6.34e-05,9.32e-05,MIT0604_00182,EW14_0182,tier1:gene
3446.328714,-2.520449496,0.196682301,-12.81482617,1.35e-37,5.3e-37,MIT0604_00183,EW14_0183,tier1:gene
1192.028068,-0.205151929,0.129718349,-1.581518197,0.113759602,0.131562658,MIT0604_00184,EW14_0184,tier1:gene
3326.738179,-1.087755701,0.20201116,-5.384631736,7.26e-08,1.24e-07,MIT0604_00185,EW14_0185,tier1:gene
1568.143969,-0.830754428,0.075600913,-10.98868242,4.33e-28,1.3600000000000002e-27,MIT0604_00186,EW14_0186,tier1:gene
1884.699006,-0.556277414,0.08948876,-6.216170754,5.09e-10,9.4e-10,MIT0604_00187,EW14_0187,tier1:gene
1856.93111,0.811976438,0.142801844,5.686036097,1.3e-08,2.28e-08,MIT0604_00188,EW14_0188,tier1:gene
714.401101,0.690425655,0.098715545,6.994092549,2.67e-12,5.34e-12,MIT0604_00189,EW14_0189,tier1:gene
6409.696014,-0.375951448,0.133863127,-2.80847652,0.004977651,0.006523209,MIT0604_00190,EW14_0190,tier1:gene
4957.482423,-0.858383624,0.138000521,-6.220147717,4.97e-10,9.18e-10,MIT0604_00191,EW14_0191,tier1:gene
416.8114024,0.084965176,0.137809541,0.616540596,0.537537787,0.567478004,MIT0604_00192,EW14_0192,tier1:gene
1199.769678,0.069400347,0.125832247,0.551530696,0.58126993,0.609559194,MIT0604_00193,EW14_0193,tier1:gene
1332.859937,-0.059682562,0.151509446,-0.393919739,0.693640297,0.714945462,MIT0604_00194,EW14_0194,tier1:gene
3732.468047,-2.969081415,0.117703004,-25.22519663,2.12e-140,3.53e-139,MIT0604_00195,EW14_0195,tier1:gene
124.5987054,2.345655358,0.215258988,10.89689858,1.1900000000000001e-27,3.7e-27,MIT0604_00196,EW14_0196,tier1:gene
278.4941822,2.683161121,0.180356889,14.87695392,4.65e-50,2.36e-49,MIT0604_00197,EW14_0197,tier1:gene
796.8734934,1.36624631,0.152037811,8.986227187,2.56e-19,6.57e-19,MIT0604_00198,EW14_0198,tier1:gene
822.8744518,0.881237631,0.13915907,6.332592123,2.41e-10,4.5e-10,MIT0604_00199,EW14_0199,tier1:gene
2049.193602,0.03552296,0.127892998,0.277755318,0.781200193,0.797166897,MIT0604_00200,EW14_0200,tier1:gene
2159.324864,0.157951423,0.129768459,1.217178848,0.223536176,0.250590664,MIT0604_00201,EW14_0201,tier1:gene
3627.020679,0.277266873,0.145877689,1.900680468,0.057343878,0.06808754,MIT0604_00202,EW14_0202,tier1:gene
1742.978607,0.384511727,0.179843879,2.138030659,0.032514255,0.039640667,MIT0604_00203,EW14_0203,tier1:gene
36.82026055,2.008919729,0.373255395,5.382158584,7.36e-08,1.25e-07,MIT0604_00204,EW14_0204,tier1:gene
173.8397933,-1.595438949,0.160918902,-9.914552775,3.6e-23,1.02e-22,MIT0604_00205,EW14_0205,tier1:gene
2993.866857,-0.63124047,0.177932057,-3.547648918,0.000389,0.000548,MIT0604_00206,EW14_0206,tier1:gene
83.80991494,0.328926957,0.240831306,1.365798169,0.172002321,0.194955012,MIT0604_00207,EW14_0207,tier1:gene
946.9709394,-1.621619196,0.109162032,-14.85515765,6.44e-50,3.24e-49,MIT0604_00208,EW14_0208,tier1:gene
144.4220179,-1.851201388,0.236302167,-7.834043231,4.72e-15,1.03e-14,MIT0604_00209,EW14_0209,tier1:gene
942.5614181,-1.712019512,0.113880622,-15.03345765,4.43e-51,2.29e-50,MIT0604_00210,EW14_0210,tier1:gene
763.9974153,-1.171416205,0.168049373,-6.97066693,3.15e-12,6.28e-12,MIT0604_00211,EW14_0211,tier1:gene
681.6235063,3.164471969,0.156616412,20.20523857,8.799999999999999e-91,8.15e-90,MIT0604_00212,EW14_0212,tier1:gene
263.2314717,-0.296686741,0.132382769,-2.241128075,0.02501778,0.030854758,MIT0604_00213,EW14_0213,tier1:gene
2862.785855,-1.520431972,0.159205813,-9.550103383,1.3e-21,3.51e-21,MIT0604_00214,EW14_0214,tier1:gene
636.3133551,-1.400252885,0.196952156,-7.10960934,1.16e-12,2.35e-12,MIT0604_00215,EW14_0215,tier1:gene
154.5606651,1.922321136,0.200737445,9.576295719,1.0100000000000002e-21,2.73e-21,MIT0604_00216,EW14_0216,tier1:gene
154.6766167,0.351583072,0.214969064,1.635505433,0.101943137,0.11836506,MIT0604_00217,EW14_0217,tier1:gene
246.583878,-0.644001777,0.193826497,-3.32256832,0.000892,0.001227826,MIT0604_00218,EW14_0218,tier1:gene
297.7736137,-1.020471361,0.21691366,-4.704504822,2.54e-06,4.02e-06,MIT0604_00219,EW14_0219,tier1:gene
534.2789051,-0.734727444,0.121260187,-6.059098721,1.37e-09,2.5e-09,MIT0604_00220,EW14_0220,tier1:gene
228.2328112,-2.226899166,0.177039852,-12.57851915,2.77e-36,1.07e-35,MIT0604_00221,EW14_0221,tier1:gene
1120.332682,-1.736182436,0.116933578,-14.84759522,7.21e-50,3.61e-49,MIT0604_00222,EW14_0222,tier1:gene
243.0286588,-1.3652649,0.198499895,-6.877912457,6.07e-12,1.19e-11,MIT0604_00223,EW14_0223,tier1:gene
112.8599,0.447502806,0.262576418,1.704276452,0.088329452,0.103202277,MIT0604_00224,EW14_0224,tier1:gene
26.10616212,0.604821516,0.443573032,1.363521838,0.172718107,0.195549759,MIT0604_00225,EW14_0225,tier1:gene
488.3910113,1.90847503,0.153172509,12.45964466,1.24e-35,4.64e-35,MIT0604_00226,EW14_0226,tier1:gene
664.2999614,1.36392202,0.106152973,12.8486465,8.749999999999999e-38,3.4500000000000004e-37,MIT0604_00227,EW14_0227,tier1:gene
520.8221272,1.135751169,0.240852476,4.715546991,2.41e-06,3.82e-06,MIT0604_00228,EW14_0228,tier1:gene
655.875898,1.659444837,0.121695625,13.63602703,2.4499999999999997e-42,1.06e-41,MIT0604_00229,EW14_0229,tier1:gene
272.8734568,2.008123977,0.160147469,12.53921773,4.55e-36,1.74e-35,MIT0604_00230,EW14_0230,tier1:gene
790.1802477,1.131251351,0.10862698,10.41409187,2.14e-25,6.39e-25,MIT0604_00231,EW14_0231,tier1:gene
130.6084509,-0.968303463,0.180660548,-5.359794777,8.33e-08,1.41e-07,MIT0604_00232,EW14_0232,tier1:gene
1318.533402,0.595686825,0.118786145,5.014783702,5.31e-07,8.65e-07,MIT0604_00233,EW14_0233,tier1:gene
169.5497456,-0.07438956,0.156111133,-0.476516688,0.633706321,0.658809974,MIT0604_00234,EW14_0234,tier1:gene
533.2620849,2.173148019,0.188011776,11.55857397,6.68e-31,2.25e-30,MIT0604_00235,EW14_0235,tier1:gene
338.3180889,1.335348355,0.171777017,7.773731212,7.62e-15,1.65e-14,MIT0604_00236,EW14_0236,tier1:gene
1802.193102,-2.465838041,0.194272774,-12.69265885,6.490000000000001e-37,2.51e-36,MIT0604_00237,EW14_0237,tier1:gene
348.074427,2.147807189,0.225371459,9.530076265,1.57e-21,4.2500000000000004e-21,MIT0604_00238,EW14_0238,tier1:gene
323.9308174,0.79104096,0.143628757,5.507538869,3.64e-08,6.28e-08,MIT0604_00239,EW14_0239,tier1:gene
777.6312108,4.137009146,0.157689778,26.23511303,1.06e-151,2.06e-150,MIT0604_00240,EW14_0240,tier1:gene
1271.194849,3.199034487,0.110318712,28.99811305,6.95e-185,1.95e-183,MIT0604_00241,EW14_0241,tier1:gene
2876.603971,0.288219372,0.117084287,2.461640076,0.013830338,0.017411256,MIT0604_00242,EW14_0242,tier1:gene
7027.219431,0.14488069,0.091855056,1.577275069,0.114732246,0.13241093,MIT0604_00243,EW14_0243,tier1:gene
16437.76807,-0.085066601,0.121762675,-0.698626247,0.484785636,0.516852186,MIT0604_00244,EW14_0244,tier1:gene
6165.624732,-0.425872854,0.152715162,-2.788674353,0.005292425,0.006904776,MIT0604_00245,EW14_0245,tier1:gene
5820.793936,-0.845148152,0.118103472,-7.155997534,8.31e-13,1.69e-12,MIT0604_00246,EW14_0246,tier1:gene
4519.131339,-0.609578331,0.088408563,-6.895014561,5.39e-12,1.05e-11,MIT0604_00247,EW14_0247,tier1:gene
4279.079885,-0.427086941,0.137230661,-3.112183086,0.001857093,0.002515863,MIT0604_00248,EW14_0248,tier1:gene
3852.13093,-0.854025186,0.078099677,-10.93506675,7.83e-28,2.4400000000000003e-27,MIT0604_00249,EW14_0249,tier1:gene
5213.402567,-3.498977873,0.085535312,-40.90682285,0.0,0.0,MIT0604_00250,EW14_0250,tier1:gene
1618.58992,0.675072214,0.123021943,5.487413032,4.08e-08,7.02e-08,MIT0604_00251,EW14_0251,tier1:gene
260.5239869,0.393154965,0.201663888,1.94955561,0.051229109,0.061253496,MIT0604_00252,EW14_0252,tier1:gene
1526.150016,-3.212767169,0.117216492,-27.40883234,2.15e-165,4.9000000000000004e-164,MIT0604_00253,EW14_0253,tier1:gene
857.57191,-2.691009852,0.161404897,-16.67241759,2.08e-62,1.2999999999999999e-61,MIT0604_00254,EW14_0254,tier1:gene
3782.816901,-2.490862796,0.111417429,-22.35613233,1.05e-110,1.25e-109,MIT0604_00255,EW14_0255,tier1:gene
12508.93524,-3.345880617,0.139209584,-24.03484395,1.2e-127,1.69e-126,MIT0604_00256,EW14_0256,tier1:gene
1980.076486,-2.709044469,0.107913326,-25.1038918,4.51e-139,7.33e-138,MIT0604_00257,EW14_0257,tier1:gene
585.2246866,-1.936413337,0.109619907,-17.66479636,7.830000000000001e-70,5.43e-69,MIT0604_00258,EW14_0258,tier1:gene
587.4440257,1.126080568,0.116742381,9.645859161,5.120000000000001e-22,1.4000000000000002e-21,MIT0604_00259,EW14_0259,tier1:gene
384.7742326,0.44662443,0.132132147,3.380134507,0.000725,0.001002744,MIT0604_00260,EW14_0260,tier1:gene
810.4838801,-2.225113881,0.187653546,-11.85756372,1.97e-32,6.800000000000001e-32,MIT0604_00261,EW14_0261,tier1:gene
8297.829528,-3.771027205,0.200880642,-18.77247684,1.27e-78,9.76e-78,MIT0604_00262,EW14_0262,tier1:gene
324.6222154,-0.712699372,0.120605029,-5.909366968,3.43e-09,6.18e-09,MIT0604_00263,EW14_0263,tier1:gene
349.1752805,-1.728216064,0.169937115,-10.16973874,2.71e-24,7.819999999999999e-24,MIT0604_00264,EW14_0264,tier1:gene
416791.001,-1.481429494,0.234147965,-6.326894595,2.5e-10,4.66e-10,MIT0604_00265,EW14_0265,tier1:gene
757.6811274,0.412373772,0.156007165,2.643300203,0.00821022,0.010550108,MIT0604_00266,EW14_0266,tier1:gene
342.0311591,-0.156834607,0.135799174,-1.154901039,0.248130954,0.276647093,MIT0604_00267,EW14_0267,tier1:gene
9329.49414,-0.803676058,0.160150979,-5.018240051,5.21e-07,8.51e-07,MIT0604_00268,EW14_0268,tier1:gene
2890.51721,-3.268679004,0.100215962,-32.61635121,2.41e-233,9.65e-232,MIT0604_00269,EW14_0269,tier1:gene
23931.89031,-3.880416881,0.106006068,-36.60561094,2.33e-293,1.36e-291,MIT0604_00270,EW14_0270,tier1:gene
1063.473384,-0.615366726,0.150284914,-4.094667328,4.23e-05,6.27e-05,MIT0604_00271,EW14_0271,tier1:gene
279.1635144,-1.286496202,0.238114488,-5.402847238,6.56e-08,1.12e-07,MIT0604_00272,EW14_0272,tier1:gene
356.5364434,-2.476398778,0.164511122,-15.05307818,3.3e-51,1.71e-50,MIT0604_00273,EW14_0273,tier1:gene
394.4904086,-1.208517186,0.150221653,-8.044893403,8.63e-16,1.93e-15,MIT0604_00274,EW14_0274,tier1:gene
994.5491786,-0.595030843,0.129705435,-4.587555194,4.48e-06,7.01e-06,MIT0604_00275,EW14_0275,tier1:gene
326.8802604,0.137805676,0.147899763,0.931750489,0.351465487,0.383502054,MIT0604_00276,EW14_0276,tier1:gene
718.8445167,-0.918740882,0.158149348,-5.809324508,6.27e-09,1.12e-08,MIT0604_00277,EW14_0277,tier1:gene
1850.329876,-0.887926561,0.127128897,-6.984458945,2.86e-12,5.71e-12,MIT0604_00278,EW14_0278,tier1:gene
127.6901925,1.137854543,0.23446863,4.852907375,1.22e-06,1.95e-06,MIT0604_00280,EW14_0280,tier1:gene
6917.595889,0.688090835,0.099681536,6.90289158,5.1e-12,9.99e-12,MIT0604_00281,,unresolved
356.6860673,-0.380090373,0.25470804,-1.492259032,0.135631252,0.155160644,MIT0604_00282,EW14_0282,tier1:gene
374.8829011,0.009003287,0.173271312,0.051960634,0.958560061,0.961849238,MIT0604_00283,EW14_0283,tier1:gene
143.6674237,1.61960582,0.312321002,5.185708973,2.15e-07,3.58e-07,MIT0604_00284,,unresolved
2218.743226,0.269415564,0.102915077,2.617843496,0.008848738,0.011356343,MIT0604_00285,EW14_0285,tier1:gene
195.6222475,-0.771130169,0.237325482,-3.24925146,0.001157091,0.001587511,MIT0604_00286,EW14_0286,tier1:gene
1753.033446,-1.891316825,0.148786953,-12.71157714,5.1e-37,1.98e-36,MIT0604_00287,EW14_0287,tier1:gene
2557.443407,-2.278775563,0.197471905,-11.53974568,8.320000000000001e-31,2.8e-30,MIT0604_00288,EW14_0288,tier1:gene
1191.820217,-2.442011605,0.125023172,-19.53247195,5.82e-85,4.92e-84,MIT0604_00289,EW14_0289,tier1:gene
1465.59093,0.366837392,0.232576642,1.5772753,0.114732193,0.13241093,MIT0604_00290,EW14_0290,tier1:gene
548.137167,0.228265491,0.144878937,1.575560231,0.115127187,0.132694455,MIT0604_00291,EW14_0291,tier1:gene
129.5571538,1.871431114,0.245538782,7.621733319,2.5e-14,5.35e-14,MIT0604_00292,EW14_0292,tier1:gene
93.82816686,0.401082725,0.240416669,1.668281681,0.095259823,0.111046046,MIT0604_00293,EW14_0293,tier1:gene
401.1624657,-3.471023181,0.254437663,-13.64193943,2.2499999999999997e-42,9.78e-42,MIT0604_00294,EW14_0294,tier1:gene
2279.902156,-5.032467758,0.18160057,-27.71173988,5.04e-169,1.2000000000000002e-167,MIT0604_00295,EW14_0295,tier1:gene
359.4378348,-0.705356696,0.203337951,-3.468888578,0.000523,0.000732,MIT0604_00296,EW14_0296,tier1:gene
1291.795811,-3.659942019,0.273682778,-13.37293509,8.7e-41,3.65e-40,MIT0604_00297,EW14_0297,tier1:gene
3538.831366,-1.669523663,0.193619238,-8.622715821,6.54e-18,1.6e-17,MIT0604_00298,EW14_0298,tier1:gene
481.9023929,-0.361429134,0.123182259,-2.934100557,0.003345158,0.004437809,MIT0604_00299,EW14_0299,tier1:gene
2556.030552,-1.413933517,0.092432698,-15.29689761,8.02e-53,4.3399999999999994e-52,MIT0604_00300,EW14_0300,tier1:gene
2853.433099,0.296384111,0.162047486,1.828995427,0.067400293,0.079612464,MIT0604_00301,EW14_0301,tier1:gene
6397.864959,-0.613333735,0.149350763,-4.106666222,4.01e-05,5.96e-05,MIT0604_00302,EW14_0302,tier1:gene
285.8552896,-0.187293246,0.392533846,-0.4771391,0.633263074,0.658683695,MIT0604_00304,EW14_0304,tier1:gene
467.6221567,-0.165891205,0.258770832,-0.641073816,0.521474725,0.551187009,MIT0604_00305,EW14_0305,tier1:gene
628.1704388,0.32637524,0.106000044,3.079010418,0.002076894,0.00280066,MIT0604_00306,EW14_0306,tier1:gene
172.6434511,0.498856768,0.188405775,2.647778537,0.008102258,0.010424464,MIT0604_00307,EW14_0307,tier1:gene
269355.1723,-1.289051261,0.130731727,-9.86027869,6.189999999999999e-23,1.74e-22,MIT0604_00308,EW14_0308,tier1:gene
3746.588122,-2.083854955,0.126768787,-16.43823381,1.02e-60,6.19e-60,MIT0604_00309,EW14_0309,tier1:gene
6556.254448,-1.429965698,0.168439857,-8.489473452,2.08e-17,5.02e-17,MIT0604_00310,EW14_0310,tier1:gene
3969.518322,2.148680314,0.100640726,21.35000807,3.9e-101,4.16e-100,MIT0604_00311,EW14_0311,tier1:gene
463.6579788,0.880475314,0.109886667,8.012576381,1.12e-15,2.49e-15,MIT0604_00312,EW14_0312,tier1:gene
11262.94887,-1.894191324,0.127806279,-14.82080023,1.0700000000000001e-49,5.37e-49,MIT0604_00313,EW14_0313,tier1:gene
1140.425296,0.84597151,0.100613562,8.408126073,4.17e-17,9.94e-17,MIT0604_00314,EW14_0314,tier1:gene
414.5034465,-0.721660694,0.176798133,-4.081834364,4.47e-05,6.61e-05,MIT0604_00315,EW14_0315,tier1:gene
572.4246913,1.24535796,0.139732522,8.91244173,4.99e-19,1.27e-18,MIT0604_00316,EW14_0316,tier1:gene
1965.345764,-3.840430598,0.123544138,-31.08549438,3.7800000000000004e-212,1.2900000000000002e-210,MIT0604_00317,EW14_0317,tier1:gene
1754.288707,-0.507927351,0.119595409,-4.247047233,2.17e-05,3.27e-05,MIT0604_00318,EW14_0318,tier1:gene
718.1259689,0.87766154,0.112519876,7.800057839,6.19e-15,1.35e-14,MIT0604_00319,EW14_0319,tier1:gene
595.0166296,-0.085579283,0.119540595,-0.715901429,0.474052216,0.506199732,MIT0604_00321,EW14_0321,tier1:gene
337.9503038,1.481881742,0.175067965,8.464608234,2.57e-17,6.18e-17,MIT0604_00322,EW14_0322,tier1:gene
258.9797216,1.474670431,0.180936736,8.150199137,3.63e-16,8.35e-16,MIT0604_00323,EW14_0323,tier1:gene
487.4456694,0.36607156,0.115334395,3.174001666,0.001503528,0.002051815,MIT0604_00324,EW14_0324,tier1:gene
407.2690191,0.740060009,0.130575155,5.667693872,1.45e-08,2.54e-08,MIT0604_00325,EW14_0325,tier1:gene
1918.067164,-0.137973415,0.231253085,-0.596633836,0.550751876,0.579932659,MIT0604_00326,EW14_0326,tier1:gene
2083.135705,-3.058439116,0.099083254,-30.86736648,3.28e-209,1.06e-207,MIT0604_00327,EW14_0327,tier1:gene
3970.626887,-3.029046819,0.121639358,-24.90186452,7.1e-137,1.11e-135,MIT0604_00328,EW14_0328,tier1:gene
120.3639519,-0.898530163,0.19413259,-4.62843546,3.68e-06,5.77e-06,MIT0604_00329,EW14_0329,tier1:gene
720.9225208,-0.897057316,0.152372727,-5.887256437,3.93e-09,7.05e-09,MIT0604_00330,EW14_0330,tier1:gene
302.2851887,1.048280081,0.132065,7.937607073,2.06e-15,4.55e-15,MIT0604_00331,EW14_0331,tier1:gene
141.9731253,0.960328138,0.222507166,4.315942526,1.59e-05,2.42e-05,MIT0604_00332,EW14_0332,tier1:gene
222.8812926,1.460220831,0.180646877,8.083288543,6.3e-16,1.43e-15,MIT0604_00333,EW14_0333,tier1:gene
1541.340186,-1.489751134,0.12231372,-12.17975494,3.98e-34,1.43e-33,MIT0604_00334,EW14_0334,tier1:gene
1772.559562,-2.045359363,0.098190278,-20.83056906,2.29e-96,2.2699999999999997e-95,MIT0604_00335,EW14_0335,tier1:gene
876.3096241,-0.750511245,0.147079118,-5.102772269,3.35e-07,5.49e-07,MIT0604_00336,EW14_0336,tier1:gene
2050.16883,1.527252954,0.07785517,19.61659009,1.12e-85,9.480000000000001e-85,MIT0604_00337,EW14_0337,tier1:gene
1627.923035,-1.530024865,0.152132254,-10.05720236,8.54e-24,2.45e-23,MIT0604_00338,EW14_0338,tier1:gene
4027.761571,-1.433232223,0.197286579,-7.264722374,3.74e-13,7.69e-13,MIT0604_00339,EW14_0339,tier1:gene
1401.02722,-1.308426974,0.161525861,-8.100417902,5.48e-16,1.24e-15,MIT0604_00340,EW14_0340,tier1:gene
569.7971214,-1.716219709,0.182413826,-9.408386133,5.040000000000001e-21,1.35e-20,MIT0604_00341,EW14_0341,tier1:gene
2739.370884,-1.44786347,0.109648252,-13.20461975,8.25e-40,3.39e-39,MIT0604_00342,EW14_0342,tier1:gene
20661.65646,-4.96458053,0.193947314,-25.59757299,1.62e-144,2.79e-143,MIT0604_00343,EW14_0343,tier1:gene
15082.73881,-4.778833176,0.173061106,-27.61355966,7.649999999999999e-168,1.78e-166,MIT0604_00344,EW14_0344,tier1:gene
17780.57502,-4.498147783,0.144801501,-31.06423445,7.330000000000001e-212,2.46e-210,MIT0604_00345,EW14_0345,tier1:gene
692.013378,-0.50579785,0.159668715,-3.167795584,0.001535995,0.00209333,MIT0604_00346,EW14_0346,tier1:gene
469.5734401,-0.510120575,0.107312995,-4.753576902,2e-06,3.18e-06,MIT0604_00347,EW14_0347,tier1:gene
503.3192013,3.14424629,0.131497182,23.91113066,2.3499999999999998e-126,3.2400000000000003e-125,MIT0604_00348,EW14_0348,tier1:gene
1984.016081,2.224964603,0.103236633,21.55208415,5.060000000000001e-103,5.51e-102,MIT0604_00349,EW14_0349,tier1:gene
139.6389641,0.291774079,0.354933741,0.822052245,0.411047163,0.443549574,MIT0604_00350,EW14_0350,tier1:gene
1440.202407,-4.916749643,0.238234353,-20.63828988,1.24e-94,1.2e-93,MIT0604_00351,EW14_0351,tier1:gene
2404.87915,-2.462671118,0.094604734,-26.03116156,2.2e-149,4.13e-148,MIT0604_00352,EW14_0352,tier1:gene
1729.397015,-2.969771411,0.129503058,-22.93205625,2.23e-116,2.7099999999999997e-115,MIT0604_00353,EW14_0353,tier1:gene
929.6472996,0.796746826,0.155279283,5.131056836,2.88e-07,4.76e-07,MIT0604_00354,EW14_0354,tier1:gene
479.6652181,0.829369307,0.156133778,5.311914667,1.08e-07,1.83e-07,MIT0604_00355,EW14_0355,tier1:gene
916.4344733,0.510439123,0.130669725,3.906330422,9.37e-05,0.000137,MIT0604_00357,EW14_0357,tier1:gene
3178.909117,-0.619915411,0.09292665,-6.67101859,2.54e-11,4.88e-11,MIT0604_00358,EW14_0358,tier1:gene
10066.72845,-0.81914075,0.110331265,-7.424375609,1.13e-13,2.37e-13,MIT0604_00359,EW14_0359,tier1:gene
1710.312728,-2.57997353,0.099314974,-25.97768927,8.85e-149,1.65e-147,MIT0604_00360,EW14_0360,tier1:gene
10328.14253,-3.451545163,0.135139105,-25.54068384,6.97e-144,1.1799999999999999e-142,MIT0604_00361,EW14_0361,tier1:gene
76158.62414,-2.578355676,0.136629647,-18.87112887,1.9700000000000002e-79,1.53e-78,MIT0604_00362,EW14_0362,tier1:gene
724.3216381,-3.380134813,0.195363331,-17.3017874,4.5599999999999995e-67,3.06e-66,MIT0604_00363,EW14_0363,tier1:gene
2581.636492,-4.906539076,0.126946708,-38.65038437,0.0,0.0,MIT0604_00364,EW14_0364,tier1:gene
5685.810788,-5.045359388,0.14778641,-34.13953558,1.91e-255,8.51e-254,MIT0604_00365,EW14_0365,tier1:gene
278.037901,-0.181565415,0.155964953,-1.1641424,0.244366308,0.27274691,MIT0604_00366,EW14_0366,tier1:gene
38.12522784,0.249837601,0.338358795,0.73838069,0.460283146,0.493040083,MIT0604_00367,EW14_0367,tier1:gene
1276.478724,-0.866949407,0.158500044,-5.469710813,4.51e-08,7.73e-08,MIT0604_00369,EW14_0369,tier1:gene
2850.045307,-0.693618203,0.16967549,-4.087910423,4.35e-05,6.45e-05,MIT0604_00370,EW14_0370,tier1:gene
184.2125803,1.653922459,0.176396519,9.376162662,6.840000000000001e-21,1.82e-20,MIT0604_00371,EW14_0371,tier1:gene
927.8224794,0.457291474,0.1098386,4.163303925,3.14e-05,4.68e-05,MIT0604_00372,EW14_0372,tier1:gene
3082.895705,-1.366283176,0.085578155,-15.96532639,2.23e-57,1.28e-56,MIT0604_00373,EW14_0373,tier1:gene
18577.38407,-3.991631787,0.151885003,-26.28061823,3.19e-152,6.47e-151,MIT0604_00374,EW14_0374,tier1:gene
13609.85526,-3.0684811,0.119584339,-25.65955648,3.31e-145,5.790000000000001e-144,MIT0604_00375,EW14_0375,tier1:gene
2703.325445,0.118344996,0.135397599,0.87405535,0.382088111,0.413827706,MIT0604_00376,EW14_0376,tier1:gene
7533.111646,-2.292277921,0.09276949,-24.7093944,8.48e-135,1.3e-133,MIT0604_00382,EW14_0382,tier1:gene
6287.849367,-2.960410088,0.14203112,-20.84339043,1.75e-96,1.75e-95,MIT0604_00383,EW14_0383,tier1:gene
705.4185536,3.015113593,0.243118329,12.40183576,2.55e-35,9.470000000000001e-35,MIT0604_00384,EW14_0384,tier1:gene
3094.852957,4.469654254,0.093320517,47.8957296,0.0,0.0,MIT0604_00385,EW14_0385,tier1:gene
347.8668353,0.017016672,0.163429561,0.10412236,0.917072246,0.922933573,MIT0604_00386,EW14_0386,tier1:gene
2036.423422,-0.922492644,0.132284996,-6.973524356,3.09e-12,6.15e-12,MIT0604_00387,EW14_0387,tier1:gene
12.49249737,-0.244811588,0.592029076,-0.413512779,0.679230962,0.701506447,MIT0604_00388,EW14_0388,tier1:gene
138.0409951,-1.009540377,0.274365791,-3.679541732,0.000234,0.000333,MIT0604_00389,EW14_0389,tier1:gene
306.3264136,-0.591737062,0.14516758,-4.076234258,4.58e-05,6.76e-05,MIT0604_00390,EW14_0390,tier1:gene
493.1563637,-2.073964229,0.603284403,-3.437788575,0.000586,0.000819,MIT0604_00391,EW14_0391,tier1:gene
71.7796514,-0.525162614,0.258391646,-2.032428767,0.042110268,0.050795356,MIT0604_00392,EW14_0392,tier1:gene
3032.523777,-0.741076527,0.738827046,-1.003044664,0.315839312,0.346104428,MIT0604_00393,EW14_0393,tier1:gene
20622.16958,-0.625758064,0.09426388,-6.638365267,3.17e-11,6.07e-11,MIT0604_00394,EW14_0394,tier1:gene
1744.627331,-3.846758797,0.244537999,-15.73072002,9.31e-56,5.2399999999999994e-55,MIT0604_00395,EW14_0395,tier1:gene
3200.735524,3.833341869,0.162405446,23.60353035,3.5500000000000004e-123,4.71e-122,MIT0604_00396,EW14_0396,tier1:gene
514.8640564,4.34368092,0.177308128,24.49792325,1.55e-132,2.31e-131,MIT0604_00397,EW14_0397,tier1:gene
274.7031393,-0.712502049,0.170103463,-4.188639293,2.81e-05,4.2e-05,MIT0604_00398,EW14_0398,tier1:gene
343.743136,2.364023935,0.184109331,12.84032659,9.75e-38,3.84e-37,MIT0604_00399,EW14_0399,tier1:gene
577.3706066,-1.114366236,0.139373641,-7.995530768,1.29e-15,2.86e-15,MIT0604_00400,EW14_0400,tier1:gene
542.9087049,-2.391740904,0.176519866,-13.54941489,7.99e-42,3.43e-41,MIT0604_00401,EW14_0401,tier1:gene
1.714994353,2.59861565,1.716406089,1.513986502,0.130029263,0.148947902,MIT0604_00402,EW14_0402,tier1:gene
120.7584979,1.323935995,0.225944366,5.859566306,4.64e-09,8.32e-09,MIT0604_00403,EW14_0403,tier1:gene
3.014838225,2.560365092,1.416998754,1.806892973,0.070778968,0.083314864,MIT0604_00404,EW14_0404,tier1:gene
252.3731741,0.516911188,0.191393547,2.70077646,0.006917782,0.008956799,MIT0604_00405,EW14_0405,tier1:gene
409.4145072,-2.020346963,0.168459364,-11.99308198,3.86e-33,1.36e-32,MIT0604_00406,EW14_0406,tier1:gene
528.2096595,3.289451987,0.128277944,25.64316115,5.04e-145,8.74e-144,MIT0604_00407,EW14_0407,tier1:gene
92.81690158,3.706485732,0.44051107,8.414058089,3.96e-17,9.46e-17,MIT0604_00408,EW14_0408,tier1:gene
10715.40293,3.525004533,0.126203132,27.93119683,1.12e-171,2.78e-170,MIT0604_00409,EW14_0409,tier1:gene
165.8637783,0.438362494,0.195572909,2.24142749,0.024998398,0.030854758,MIT0604_00410,EW14_0410,tier1:gene
106.0059065,1.268379931,0.37293106,3.401111001,0.000671,0.000933,MIT0604_00411,EW14_0411,tier1:gene
783.4705358,2.515648688,0.113185572,22.22587775,1.93e-109,2.27e-108,MIT0604_00412,EW14_0412,tier1:gene
260.8305006,-1.929756868,0.234271804,-8.237256194,1.76e-16,4.12e-16,MIT0604_00413,EW14_0413,tier1:gene
217.9466617,4.838195106,0.351271069,13.77339478,3.68e-43,1.62e-42,MIT0604_00414,EW14_0414,tier1:gene
2.971259569,0.27719294,1.156217086,0.239741259,0.810530848,0.825040599,MIT0604_00415,EW14_0415,tier1:gene
38.69082929,-0.806260305,0.349954525,-2.303900212,0.021228246,0.026379154,MIT0604_00416,,unresolved
2311.198266,-0.418108587,0.149095434,-2.804301759,0.005042569,0.006599832,MIT0604_00417,EW14_0417,tier1:gene
40.63087138,0.820733963,0.333198486,2.463198352,0.013770371,0.017352156,MIT0604_00418,EW14_0418,tier1:gene
229.1401614,1.56847749,0.188446055,8.323217415,8.56e-17,2.03e-16,MIT0604_00419,EW14_0419,tier1:gene
344.2104903,2.462348723,0.169148788,14.5572945,5.2499999999999996e-48,2.54e-47,MIT0604_00420,EW14_0420,tier1:gene
255.4275371,1.609471022,0.148944275,10.80586022,3.2300000000000003e-27,1e-26,MIT0604_00421,EW14_0421,tier1:gene
22.62705721,1.238472757,0.438886092,2.821854645,0.004774681,0.006265239,MIT0604_00422,EW14_0422,tier1:gene
1102.641012,-1.872861178,0.122695582,-15.26429192,1.3199999999999998e-52,7.12e-52,MIT0604_00423,EW14_0423,tier1:gene
1353.828581,-0.755217471,0.120110834,-6.287671509,3.22e-10,6e-10,MIT0604_00424,EW14_0424,tier1:gene
278.9668848,0.905336862,0.173830351,5.208163335,1.91e-07,3.18e-07,MIT0604_00425,EW14_0425,tier1:gene
123.79451,2.805365513,0.365973137,7.665495705,1.78e-14,3.82e-14,MIT0604_00426,EW14_0426,tier1:gene
445.9027586,0.502851202,0.26383093,1.905960008,0.056655394,0.067426507,MIT0604_00427,EW14_0427,tier1:gene
130.5240767,-1.166828184,0.217050968,-5.375825766,7.62e-08,1.3e-07,MIT0604_00428,EW14_0428,tier1:gene
412.867431,-2.755014151,0.157381387,-17.50533655,1.3e-68,8.93e-68,MIT0604_00429,EW14_0429,tier1:gene
208.1929639,-1.806729734,0.171670151,-10.52442564,6.670000000000001e-26,2.02e-25,MIT0604_00430,EW14_0430,tier1:gene
2462.849442,1.877768472,0.138668016,13.54146781,8.9e-42,3.8e-41,MIT0604_00431,EW14_0431,tier1:gene
2239.138134,1.462176261,0.207061835,7.061544024,1.65e-12,3.31e-12,MIT0604_00432,EW14_0432,tier1:gene
2103.716215,2.973964544,0.122076922,24.36139856,4.39e-131,6.42e-130,MIT0604_00435,EW14_0435,tier1:gene
3451.597011,4.005161255,0.117609152,34.05484351,3.44e-254,1.5e-252,MIT0604_00436,EW14_0436,tier1:gene
2059.277873,5.176654862,0.126361415,40.96705347,0.0,0.0,MIT0604_00437,EW14_0437,tier1:gene
1445.47826,4.557908334,0.114069753,39.95720351,0.0,0.0,MIT0604_00438,EW14_0438,tier1:gene
2478.058387,2.38471962,0.095473757,24.97774979,1.07e-137,1.68e-136,MIT0604_00439,EW14_0439,tier1:gene
531.1669076,2.708306357,0.146109106,18.53619139,1.05e-76,7.91e-76,MIT0604_00440,EW14_0440,tier1:gene
468.1361188,-1.069305357,0.131679664,-8.12050492,4.64e-16,1.06e-15,MIT0604_00441,EW14_0441,tier1:gene
370.6558064,0.978435427,0.165863824,5.899028526,3.66e-09,6.57e-09,MIT0604_00442,EW14_0442,tier1:gene
5733.494517,-2.591236012,0.140697888,-18.41702137,9.59e-76,7.120000000000001e-75,MIT0604_00443,EW14_0443,tier1:gene
2100.690536,-2.35826064,0.089837803,-26.25020374,7.11e-152,1.41e-150,MIT0604_00444,EW14_0444,tier1:gene
379.9769356,0.203936859,0.129303931,1.577189942,0.114751827,0.13241093,MIT0604_00445,EW14_0445,tier1:gene
293.7501518,-0.382627638,0.151264931,-2.529519798,0.011421873,0.014513081,MIT0604_00446,EW14_0446,tier1:gene
1171.987127,-2.825516387,0.192529026,-14.67579431,9.21e-49,4.5e-48,MIT0604_00447,EW14_0447,tier1:gene
2646.659023,-4.371824287,0.135122768,-32.3544607,1.2e-229,4.549999999999999e-228,MIT0604_00448,EW14_0448,tier1:gene
89.72663378,0.948741555,0.316950775,2.993340389,0.002759418,0.003682222,MIT0604_00449,EW14_0449,tier1:gene
1520.772825,-0.525473367,0.097882485,-5.368410563,7.94e-08,1.35e-07,MIT0604_00450,EW14_0450,tier1:gene
1018.49443,-2.924028466,0.174454185,-16.76101077,4.7100000000000003e-63,2.98e-62,MIT0604_00451,EW14_0451,tier1:gene
10405.45687,-1.357444225,0.098810892,-13.73779958,6.030000000000001e-43,2.6299999999999996e-42,MIT0604_00452,EW14_0452,tier1:gene
1029.582285,0.163049421,0.089180695,1.828303991,0.067503941,0.079688909,MIT0604_00453,EW14_0453,tier1:gene
44794.69974,1.601838295,0.127956876,12.51857926,5.91e-36,2.24e-35,MIT0604_00454,EW14_0454,tier1:gene
1054.672778,1.79637832,0.125534361,14.3098535,1.9e-46,8.94e-46,MIT0604_00455,EW14_0455,tier1:gene
3837.420268,0.115569067,0.074493571,1.55139652,0.120806689,0.138693938,MIT0604_00456,EW14_0456,tier1:gene
14401.92651,-1.794979458,0.11962812,-15.00466165,6.84e-51,3.51e-50,MIT0604_00457,EW14_0457,tier1:gene
434.4679365,-0.542447628,0.145319956,-3.732781384,0.000189,0.000272,MIT0604_00458,EW14_0458,tier1:gene
538.2913642,-0.513034692,0.11546379,-4.443251803,8.86e-06,1.37e-05,MIT0604_00459,EW14_0459,tier1:gene
734.1503696,3.302535536,0.119070014,27.73608087,2.5700000000000002e-169,6.18e-168,MIT0604_00460,EW14_0460,tier1:gene
536.3575608,0.044461312,0.21430788,0.207464661,0.835646988,0.848917809,MIT0604_00461,EW14_0461,tier1:gene
647.5671981,-2.125654536,0.143565961,-14.80611783,1.34e-49,6.63e-49,MIT0604_00462,EW14_0462,tier1:gene
2351.851326,-4.178016594,0.115049045,-36.31509161,9.35e-289,5.0399999999999996e-287,MIT0604_00463,EW14_0463,tier1:gene
72712.62122,-2.247694624,0.267692971,-8.396539565,4.6e-17,1.1e-16,MIT0604_00464,EW14_0464,tier1:gene
411.0888958,-4.696803419,0.292951009,-16.03272656,7.55e-58,4.39e-57,MIT0604_00465,EW14_0465,tier1:gene
1435.266079,-2.910012071,0.12861793,-22.62524411,2.4499999999999999e-113,2.96e-112,MIT0604_00466,EW14_0466,tier1:gene
408.7311444,0.102686964,0.151916424,0.675943793,0.499076332,0.530430556,MIT0604_00467,EW14_0467,tier1:gene
1970.102917,-0.899603608,0.170926587,-5.26309934,1.42e-07,2.38e-07,MIT0604_00468,EW14_0468,tier1:gene
460.3329474,0.014445472,0.131641524,0.109733402,0.912620809,0.919357676,MIT0604_00469,EW14_0469,tier1:gene
1188.542216,0.45661148,0.100536999,4.541725797,5.58e-06,8.69e-06,MIT0604_00470,EW14_0470,tier1:gene
306.6124508,-1.572057858,0.200747625,-7.831015971,4.84e-15,1.06e-14,MIT0604_00471,EW14_0471,tier1:gene
201.0922266,1.561593765,0.155457705,10.04513584,9.65e-24,2.7699999999999996e-23,MIT0604_00472,EW14_0472,tier1:gene
173.8528955,1.754038423,0.214306364,8.184723928,2.73e-16,6.31e-16,MIT0604_00473,EW14_0473,tier1:gene
335.4533665,3.554866847,0.214514963,16.57164978,1.12e-61,6.91e-61,MIT0604_00474,EW14_0474,tier1:gene
1339.559215,-1.569900427,0.195761787,-8.019442681,1.06e-15,2.36e-15,MIT0604_00475,EW14_0475,tier1:gene
551.1412192,-2.709174956,0.194884186,-13.90146123,6.21e-44,2.79e-43,MIT0604_00476,EW14_0476,tier1:gene
2685.756068,4.93065848,0.097896092,50.36624432,0.0,0.0,MIT0604_00477,EW14_0477,tier1:gene
425.0484298,0.413895322,0.121105851,3.417632735,0.000632,0.00088,MIT0604_00478,EW14_0478,tier1:gene
2953.270387,-1.737910843,0.101928277,-17.05033086,3.48e-65,2.25e-64,MIT0604_00479,EW14_0479,tier1:gene
1034.917718,-2.570344234,0.123246157,-20.85537019,1.36e-96,1.3699999999999999e-95,MIT0604_00480,EW14_0480,tier1:gene
470.189512,1.0816909,0.124458286,8.691192338,3.59e-18,8.86e-18,MIT0604_00481,EW14_0481,tier1:gene
151.6453354,2.016090753,0.194418981,10.36982472,3.4e-25,1e-24,MIT0604_00482,EW14_0482,tier1:gene
229.3921047,-0.081497856,0.183777065,-0.443460429,0.657432735,0.681399903,MIT0604_00483,EW14_0483,tier1:gene
215.8081408,0.729560776,0.165812044,4.399926323,1.08e-05,1.66e-05,MIT0604_00484,EW14_0484,tier1:gene
843.1650246,-0.33882129,0.12236167,-2.769014933,0.005622606,0.007330875,MIT0604_00485,EW14_0485,tier1:gene
5861.200267,-0.8974715,0.136999984,-6.550887632,5.72e-11,1.08e-10,MIT0604_00486,EW14_0486,tier1:gene
3593.991633,-1.324898471,0.141595042,-9.356955254,8.21e-21,2.18e-20,MIT0604_00487,EW14_0487,tier1:gene
75.82092716,-0.013744097,0.329179478,-0.041752593,0.966695927,0.969062959,MIT0604_00488,EW14_0488,tier1:gene
762.8581083,0.528828186,0.123156087,4.293967089,1.76e-05,2.66e-05,MIT0604_00489,EW14_0489,tier1:gene
468.3229934,2.096880061,0.137523089,15.24747645,1.71e-52,9.19e-52,MIT0604_00490,EW14_0490,tier1:gene
340.7080306,1.325637094,0.16488706,8.03966723,9.01e-16,2.01e-15,MIT0604_00491,EW14_0491,tier1:gene
615.7365466,0.152414679,0.116355858,1.309901208,0.190229258,0.214900272,MIT0604_00492,EW14_0492,tier1:gene
401.9899833,0.039540021,0.143837047,0.274894557,0.783397249,0.799010547,MIT0604_00493,EW14_0493,tier1:gene
137.3893545,-0.67520045,0.175138827,-3.855229944,0.000116,0.000168,MIT0604_00494,EW14_0494,tier1:gene
515.6946704,-0.073673506,0.144449968,-0.510027848,0.610031952,0.637435123,MIT0604_00495,EW14_0495,tier1:gene
3295.822422,0.00013,0.156778118,0.000832,0.999336303,0.999336303,MIT0604_00496,EW14_0496,tier1:gene
904.1183893,0.809403899,0.141331229,5.726999651,1.02e-08,1.8e-08,MIT0604_00497,EW14_0497,tier1:gene
837.6085586,-0.747631965,0.099398953,-7.5215276,5.41e-14,1.14e-13,MIT0604_00498,EW14_0498,tier1:gene
821.1062597,-0.656731539,0.149732843,-4.386021982,1.15e-05,1.77e-05,MIT0604_00499,EW14_0499,tier1:gene
822.3634424,-0.167659422,0.11677757,-1.435715977,0.151083177,0.17229374,MIT0604_00500,EW14_0500,tier1:gene
1439.005468,0.069357227,0.086275389,0.803905113,0.421451777,0.45429794,MIT0604_00501,EW14_0501,tier1:gene
346.7623918,-0.236330847,0.189710326,-1.245745824,0.212857725,0.238881449,MIT0604_00502,EW14_0502,tier1:gene
21665.0501,1.481090441,0.080589082,18.37830138,1.9600000000000001e-75,1.44e-74,MIT0604_00503,EW14_0503,tier1:gene
265.4280012,-1.556606218,0.161124291,-9.660903468,4.42e-22,1.21e-21,MIT0604_00504,EW14_0504,tier1:gene
1791.111846,-0.916695885,0.103774519,-8.833535354,1.01e-18,2.55e-18,MIT0604_00505,EW14_0505,tier1:gene
418.1069122,-0.180639989,0.151709282,-1.190698333,0.233772033,0.261349727,MIT0604_00506,EW14_0506,tier1:gene
1019.357848,2.432680198,0.132522178,18.35677802,2.91e-75,2.13e-74,MIT0604_00507,EW14_0507,tier1:gene
959.5235484,1.574516816,0.126228566,12.47353797,1.04e-35,3.9200000000000003e-35,MIT0604_00508,EW14_0508,tier1:gene
578.7319378,0.121956853,0.16426245,0.742451197,0.45781401,0.490651978,MIT0604_00509,EW14_0509,tier1:gene
440.6021178,1.687243504,0.120591492,13.99139756,1.76e-44,8.04e-44,MIT0604_00510,EW14_0510,tier1:gene
680.9246029,1.59247313,0.140517235,11.33293808,9.01e-30,2.95e-29,MIT0604_00511,EW14_0511,tier1:gene
1704.566403,-0.858656026,0.168108128,-5.107760318,3.26e-07,5.36e-07,MIT0604_00512,EW14_0512,tier1:gene
9350.075441,-1.185462469,0.117525267,-10.08687326,6.3099999999999994e-24,1.8199999999999997e-23,MIT0604_00513,EW14_0513,tier1:gene
1717.468804,-1.306678533,0.122611434,-10.65706918,1.62e-26,4.9300000000000004e-26,MIT0604_00514,EW14_0514,tier1:gene
73.77025064,0.789839701,0.212763663,3.71228663,0.000205,0.000294,MIT0604_00515,EW14_0515,tier1:gene
2560.372679,-0.602716753,0.14362078,-4.196584582,2.71e-05,4.05e-05,MIT0604_00516,EW14_0516,tier1:gene
2729.393459,-1.919211601,0.097767962,-19.63027116,8.530000000000001e-86,7.27e-85,MIT0604_00517,EW14_0517,tier1:gene
666.3608905,-1.521790147,0.139232003,-10.92988765,8.3e-28,2.5800000000000004e-27,MIT0604_00518,EW14_0518,tier1:gene
448.6967417,1.164894246,0.164358933,7.08750186,1.37e-12,2.76e-12,MIT0604_00519,EW14_0519,tier1:gene
8750.52953,-4.037636876,0.10564954,-38.21726891,0.0,0.0,MIT0604_00520,EW14_0520,tier1:gene
25274.40871,-4.377958704,0.111178127,-39.37787783,0.0,0.0,MIT0604_00521,EW14_0521,tier1:gene
781.8099386,-0.801079346,0.122312336,-6.549456693,5.77e-11,1.09e-10,MIT0604_00522,EW14_0522,tier1:gene
443.8186839,-2.289904128,0.165445384,-13.8408463,1.4400000000000002e-43,6.4300000000000004e-43,MIT0604_00523,EW14_0523,tier1:gene
466.6799354,0.571217994,0.13311225,4.29125038,1.78e-05,2.69e-05,MIT0604_00524,EW14_0524,tier1:gene
1942.596822,-0.046198199,0.129870025,-0.355726423,0.722045455,0.741981449,MIT0604_00525,EW14_0525,tier1:gene
4070.046915,-3.360082817,0.149933262,-22.41052305,3.11e-111,3.7200000000000003e-110,MIT0604_00527,EW14_0527,tier1:gene
5151.48609,-3.52939678,0.142890139,-24.70007236,1.0699999999999999e-134,1.6300000000000001e-133,MIT0604_00529,EW14_0529,tier1:gene
296.1093799,-0.293309481,0.152181428,-1.927367117,0.053933895,0.06426233,MIT0604_00530,EW14_0530,tier1:gene
3216.092543,-1.147395822,0.098807331,-11.61245638,3.5600000000000002e-31,1.2099999999999999e-30,MIT0604_00531,EW14_0531,tier1:gene
184.2810798,0.077697019,0.195024659,0.398395873,0.6903384,0.711900607,MIT0604_00532,EW14_0532,tier1:gene
756.534861,0.259871827,0.11800666,2.202179332,0.027652643,0.033956185,MIT0604_00533,EW14_0533,tier1:gene
1080.846998,-1.151831012,0.205609596,-5.602029459,2.12e-08,3.68e-08,MIT0604_00534,EW14_0534,tier1:gene
706.8248513,-1.874717009,0.119264208,-15.71902451,1.12e-55,6.28e-55,MIT0604_00535,EW14_0535,tier1:gene
216.3603811,-1.065738032,0.180013021,-5.920338589,3.21e-09,5.79e-09,MIT0604_00536,EW14_0536,tier1:gene
8832.013295,-1.21617438,0.158702633,-7.66322751,1.81e-14,3.88e-14,MIT0604_00537,EW14_0537,tier1:gene
5064.262876,-0.102360731,0.13738551,-0.745062061,0.456234203,0.489214989,MIT0604_00538,EW14_0538,tier1:gene
457.9936757,-1.128378001,0.120343647,-9.376298852,6.83e-21,1.82e-20,MIT0604_00539,EW14_0539,tier1:gene
799.8909804,0.026557782,0.138405395,0.19188401,0.847833063,0.859525988,MIT0604_00540,EW14_0540,tier1:gene
1749.409955,1.495397108,0.216180017,6.917369733,4.6e-12,9.06e-12,MIT0604_00541,EW14_0541,tier1:gene
2237.658387,2.053829617,0.114944238,17.86805195,2.09e-71,1.47e-70,MIT0604_00542,EW14_0542,tier1:gene
598.1646392,3.327808785,0.124242723,26.78473809,4.87e-158,1.0400000000000001e-156,MIT0604_00543,EW14_0543,tier1:gene
799.7261222,0.55997643,0.093110768,6.014088821,1.81e-09,3.29e-09,MIT0604_00544,EW14_0544,tier1:gene
925.1436513,0.398068024,0.095806428,4.154919791,3.25e-05,4.85e-05,MIT0604_00545,EW14_0545,tier1:gene
294.0741313,-1.578906713,0.228283585,-6.916426825,4.63e-12,9.12e-12,MIT0604_00546,EW14_0546,tier1:gene
158.7141655,-0.334330666,0.156324269,-2.138699688,0.032459998,0.039598102,MIT0604_00547,EW14_0547,tier1:gene
463.9150985,0.991437157,0.125538941,7.897447186,2.85e-15,6.25e-15,MIT0604_00548,EW14_0548,tier1:gene
2187.076245,-2.289510498,0.091268067,-25.08555907,7.15e-139,1.15e-137,MIT0604_00549,EW14_0549,tier1:gene
2644.177235,-2.508872,0.118573357,-21.15881733,2.29e-99,2.38e-98,MIT0604_00550,EW14_0550,tier1:gene
12657.72497,-4.204327021,0.137117122,-30.66230494,1.81e-206,5.789999999999999e-205,MIT0604_00551,EW14_0551,tier1:gene
387.0876306,1.241543847,0.153357774,8.095734653,5.69e-16,1.29e-15,MIT0604_00552,EW14_0552,tier1:gene
653.5180532,0.596670585,0.145122273,4.111502488,3.93e-05,5.84e-05,MIT0604_00553,EW14_0553,tier1:gene
672.0076104,0.058094422,0.132916928,0.437073163,0.662058289,0.685499908,MIT0604_00554,EW14_0554,tier1:gene
1232.288908,-1.377481611,0.141886386,-9.708342377,2.78e-22,7.720000000000001e-22,MIT0604_00555,EW14_0555,tier1:gene
155.0227058,-1.825670613,0.226339041,-8.066087959,7.26e-16,1.63e-15,MIT0604_00556,EW14_0556,tier1:gene
945.9971841,-0.778815733,0.128533101,-6.059261972,1.37e-09,2.49e-09,MIT0604_00557,EW14_0557,tier1:gene
162.9605553,0.853863006,0.178978092,4.770768289,1.84e-06,2.92e-06,MIT0604_00558,EW14_0558,tier1:gene
92.45983564,-0.0840889,0.263238754,-0.319439667,0.749393135,0.768540956,MIT0604_00559,EW14_0559,tier1:gene
1423.557819,0.605315928,0.148485118,4.076610077,4.57e-05,6.76e-05,MIT0604_00560,EW14_0560,tier1:gene
4876.222308,-0.480805038,0.077285364,-6.221165492,4.93e-10,9.13e-10,MIT0604_00561,EW14_0561,tier1:gene
2948.629543,-2.810744743,0.104313006,-26.94529528,6.48e-160,1.41e-158,MIT0604_00562,EW14_0562,tier1:gene
1782.975236,1.788501197,0.131759877,13.57394406,5.72e-42,2.46e-41,MIT0604_00563,EW14_0563,tier1:gene
320.3064702,-2.385681446,0.192297659,-12.40619078,2.42e-35,9e-35,MIT0604_00564,EW14_0564,tier1:gene
2160.056261,-2.427248814,0.110829638,-21.90071956,2.56e-106,2.88e-105,MIT0604_00565,EW14_0565,tier1:gene
1738.472435,-1.531003028,0.116719596,-13.11693222,2.63e-39,1.07e-38,MIT0604_00566,EW14_0566,tier1:gene
217.3020219,0.727095664,0.233699439,3.111242664,0.001863018,0.00252222,MIT0604_00567,EW14_0567,tier1:gene
383.3591328,0.794705682,0.123217074,6.449639304,1.12e-10,2.11e-10,MIT0604_00568,EW14_0568,tier1:gene
1157.066435,-0.69248633,0.091537963,-7.565017912,3.88e-14,8.22e-14,MIT0604_00569,EW14_0569,tier1:gene
595.2949142,1.935730856,0.219829932,8.805583652,1.3e-18,3.25e-18,MIT0604_00570,EW14_0570,tier1:gene
62.73976509,2.089925896,0.270403254,7.728922876,1.08e-14,2.33e-14,MIT0604_00571,EW14_0571,tier1:gene
661.1093964,2.134006958,0.148179285,14.40152015,5.06e-47,2.3999999999999997e-46,MIT0604_00572,EW14_0572,tier1:gene
13452.33375,-2.219316131,0.112947676,-19.64906422,5.89e-86,5.0600000000000004e-85,MIT0604_00573,EW14_0573,tier1:gene
657.0054153,-0.291065556,0.09239267,-3.150310044,0.001630973,0.00221834,MIT0604_00574,EW14_0574,tier1:gene
1093.076054,-1.992268318,0.090092103,-22.1136843,2.33e-108,2.68e-107,MIT0604_00575,EW14_0575,tier1:gene
1439.742613,-1.896942029,0.103252386,-18.37189527,2.21e-75,1.6199999999999999e-74,MIT0604_00576,EW14_0576,tier1:gene
168.7938738,0.406005995,0.164550201,2.467368576,0.013611018,0.017166823,MIT0604_00577,EW14_0577,tier1:gene
458.226094,1.156982112,0.15801097,7.322163208,2.44e-13,5.05e-13,MIT0604_00578,EW14_0578,tier1:gene
1339.298162,-0.347131314,0.185453016,-1.871801929,0.061234011,0.072496253,MIT0604_00579,EW14_0579,tier1:gene
5671.008492,-0.897573489,0.129277144,-6.943017596,3.84e-12,7.61e-12,MIT0604_00580,EW14_0580,tier1:gene
307.4290685,-0.541060423,0.153183901,-3.532097172,0.000412,0.000581,MIT0604_00581,EW14_0581,tier1:gene
182.052298,1.163400661,0.177488425,6.554797361,5.57e-11,1.06e-10,MIT0604_00582,EW14_0582,tier1:gene
1169.668468,-0.751962768,0.109613126,-6.860152561,6.88e-12,1.34e-11,MIT0604_00583,EW14_0583,tier1:gene
1996.332674,-1.669020844,0.115060714,-14.50556656,1.12e-47,5.360000000000001e-47,MIT0604_00584,EW14_0584,tier1:gene
953.0656285,-0.095802354,0.117993584,-0.811928503,0.416832658,0.449555559,MIT0604_00585,EW14_0585,tier1:gene
6135.410701,-1.801638102,0.114635621,-15.71621538,1.1699999999999999e-55,6.55e-55,MIT0604_00586,EW14_0586,tier1:gene
3245.110113,-0.349552197,0.100856459,-3.465838498,0.000529,0.00074,MIT0604_00587,EW14_0587,tier1:gene
1494.688117,0.094420708,0.132624648,0.711939368,0.476502322,0.508550706,MIT0604_00588,EW14_0588,tier1:gene
670.1301833,0.5897815,0.190614582,3.094104829,0.001974077,0.002669046,MIT0604_00589,EW14_0589,tier1:gene
3651.599312,-0.694805064,0.085630745,-8.113967255,4.9e-16,1.12e-15,MIT0604_00590,EW14_0590,tier1:gene
208.4231492,0.97114381,0.168931834,5.74873183,8.99e-09,1.59e-08,MIT0604_00591,EW14_0591,tier1:gene
1164.960257,2.643520117,0.231949938,11.39694257,4.33e-30,1.43e-29,MIT0604_00592,EW14_0592,tier1:gene
341.7291065,-0.795235606,0.133631206,-5.95097229,2.67e-09,4.82e-09,MIT0604_00593,EW14_0593,tier1:gene
2011.619066,-3.587601625,0.126470104,-28.36719113,5.14e-177,1.35e-175,MIT0604_00594,EW14_0594,tier1:gene
2077.956089,-2.341816036,0.153698858,-15.23639194,2.0299999999999997e-52,1.09e-51,MIT0604_00595,EW14_0595,tier1:gene
3300.596279,-0.312726596,0.107384294,-2.912219124,0.003588708,0.004745533,MIT0604_00596,EW14_0596,tier1:gene
7905.144048,-4.484495429,0.10070403,-44.5314395,0.0,0.0,MIT0604_00597,EW14_0597,tier1:gene
5248.295931,-0.905322995,0.121240841,-7.467145453,8.2e-14,1.72e-13,MIT0604_00598,EW14_0598,tier1:gene
10149.47855,-2.750838462,0.104901217,-26.22313211,1.45e-151,2.8e-150,MIT0604_00599,EW14_0599,tier1:gene
2321.439224,-1.029877067,0.116836937,-8.814653083,1.2e-18,3e-18,MIT0604_00600,EW14_0600,tier1:gene
438.9465722,-1.522083002,0.156654086,-9.716203655,2.57e-22,7.15e-22,MIT0604_00601,EW14_0601,tier1:gene
710.3530984,0.869548633,0.159700095,5.444884875,5.18e-08,8.87e-08,MIT0604_00602,EW14_0602,tier1:gene
11559.24698,-3.876864222,0.172777191,-22.43851863,1.66e-111,1.99e-110,MIT0604_00603,EW14_0603,tier1:gene
50909.2273,-2.25915274,0.175758156,-12.85375764,8.189999999999999e-38,3.2400000000000003e-37,MIT0604_00604,EW14_0604,tier1:gene
18077.65536,-1.709667535,0.158592748,-10.7802378,4.270000000000001e-27,1.31e-26,MIT0604_00605,EW14_0605,tier1:gene
11329.73795,-2.361706539,0.126629216,-18.65056598,1.2500000000000001e-77,9.47e-77,MIT0604_00606,EW14_0606,tier1:gene
1159.428879,-1.11333628,0.128022578,-8.696405712,3.43e-18,8.47e-18,MIT0604_00607,EW14_0607,tier1:gene
607.7817323,-1.830715869,0.110785335,-16.52489363,2.4299999999999997e-61,1.4999999999999998e-60,MIT0604_00608,EW14_0608,tier1:gene
490.7898057,-1.936481253,0.130348813,-14.856148,6.35e-50,3.2e-49,MIT0604_00609,EW14_0609,tier1:gene
306.8187873,-1.574585967,0.238625656,-6.59856108,4.15e-11,7.9e-11,MIT0604_00610,EW14_0610,tier1:gene
581.9879259,-3.362388746,0.172500007,-19.49210783,1.2799999999999999e-84,1.07e-83,MIT0604_00611,EW14_0611,tier1:gene
450.9634943,-1.913634735,0.197385116,-9.694929247,3.17e-22,8.78e-22,MIT0604_00612,EW14_0612,tier1:gene
258.6001839,0.393266894,0.157076898,2.503658397,0.012291665,0.015565769,MIT0604_00613,EW14_0613,tier1:gene
456.3565021,-0.455885671,0.148829157,-3.063147581,0.00219022,0.002945717,MIT0604_00614,EW14_0614,tier1:gene
1387.179618,0.1645702,0.118067026,1.393870965,0.163356574,0.18546362,MIT0604_00615,EW14_0615,tier1:gene
250.9545933,0.226223446,0.153987961,1.469098262,0.141806139,0.161985026,MIT0604_00616,EW14_0616,tier1:gene
81.13098885,1.264160915,0.258127348,4.897431147,9.71e-07,1.56e-06,MIT0604_00617,EW14_0617,tier1:gene
121.3482811,0.172647167,0.240329954,0.718375567,0.472525747,0.505096713,MIT0604_00618,EW14_0618,tier1:gene
2389.247779,-3.453369424,0.157244247,-21.96181724,6.68e-107,7.59e-106,MIT0604_00619,EW14_0619,tier1:gene
424.1033128,-0.325704275,0.208605584,-1.561340156,0.118443514,0.136286606,MIT0604_00620,EW14_0620,tier1:gene
370.8393682,0.181662482,0.151173733,1.201680203,0.229487454,0.256699901,MIT0604_00621,EW14_0621,tier1:gene
807.1670992,-1.375148255,0.092459507,-14.87297848,4.94e-50,2.5e-49,MIT0604_00622,EW14_0622,tier1:gene
394.6255884,1.777815321,0.132387112,13.42891539,4.09e-41,1.7299999999999999e-40,MIT0604_00623,EW14_0623,tier1:gene
873.7579755,-2.727620694,0.144137141,-18.92378796,7.26e-80,5.700000000000001e-79,MIT0604_00625,EW14_0625,tier1:gene
467.6267597,-0.777703945,0.265600078,-2.928101336,0.003410389,0.004515566,MIT0604_00626,,unresolved
1267.86645,-0.073595249,0.123989271,-0.593561425,0.552805488,0.581395702,MIT0604_00627,EW14_0627,tier1:gene
1497.17438,-1.835384018,0.177230325,-10.35592539,3.93e-25,1.16e-24,MIT0604_00628,EW14_0628,tier1:gene
203.9974674,-0.63188961,0.149441419,-4.22834322,2.35e-05,3.53e-05,MIT0604_00629,EW14_0629,tier1:gene
397.3379055,0.268834389,0.141205282,1.903855049,0.056929065,0.067673517,MIT0604_00630,EW14_0630,tier1:gene
915.5164269,0.157434509,0.133620863,1.17821802,0.2387097,0.266724212,MIT0604_00631,EW14_0631,tier1:gene
2967.988751,-0.710080656,0.152604023,-4.653092628,3.27e-06,5.13e-06,MIT0604_00632,EW14_0632,tier1:gene
1819.294641,0.375158618,0.088542202,4.237059952,2.26e-05,3.4e-05,MIT0604_00633,EW14_0633,tier1:gene
355.0977295,-0.643062025,0.20303103,-3.167309081,0.001538567,0.00209544,MIT0604_00634,EW14_0634,tier1:gene
5313.649697,3.453417072,0.08284134,41.6871224,0.0,0.0,MIT0604_00635,EW14_0635,tier1:gene
1525.440875,-5.123620015,0.130064775,-39.39283328,0.0,0.0,MIT0604_00636,EW14_0636,tier1:gene
18632.86998,-4.080788886,0.134847768,-30.26219075,3.61e-201,1.1e-199,MIT0604_00637,EW14_0637,tier1:gene
1104.319919,-1.046903765,0.093820604,-11.15856983,6.5e-29,2.08e-28,MIT0604_00638,EW14_0638,tier1:gene
3128.475741,-2.266984418,0.134543119,-16.84950102,1.06e-63,6.79e-63,MIT0604_00639,EW14_0639,tier1:gene
4212.429606,-0.173480994,0.123554787,-1.404081519,0.160294576,0.182189338,MIT0604_00640,EW14_0640,tier1:gene
2146.291655,1.714235338,0.150670715,11.37736249,5.4199999999999996e-30,1.7900000000000001e-29,MIT0604_00641,EW14_0641,tier1:gene
860.1677585,0.328177081,0.197721211,1.659797042,0.096955289,0.11282972,MIT0604_00642,EW14_0642,tier1:gene
136.2087223,-1.40428704,0.206287627,-6.807422546,9.94e-12,1.92e-11,MIT0604_00643,EW14_0643,tier1:gene
339.5771248,-1.310650262,0.141620864,-9.254641045,2.15e-20,5.66e-20,MIT0604_00644,,unresolved
860.7807667,1.387441681,0.170155307,8.153972421,3.52e-16,8.11e-16,MIT0604_00645,EW14_0645,tier1:gene
2833.198557,0.758907054,0.085936622,8.831008631,1.04e-18,2.6e-18,MIT0604_00646,EW14_0646,tier1:gene
280.9660007,0.389631363,0.173971564,2.239626714,0.025115167,0.030951684,MIT0604_00647,EW14_0647,tier1:gene
288.5023892,1.942520316,0.155031667,12.52982925,5.13e-36,1.9500000000000002e-35,MIT0604_00648,EW14_0648,tier1:gene
1661.276317,-0.067517372,0.184212125,-0.366519696,0.713977318,0.73479717,MIT0604_00649,EW14_0649,tier1:gene
1602.11442,-0.121912869,0.220700794,-0.552389807,0.580681313,0.609254048,MIT0604_00650,EW14_0650,tier1:gene
598.2315177,1.133059589,0.148660643,7.621785855,2.5e-14,5.35e-14,MIT0604_00651,EW14_0651,tier1:gene
749.4481044,1.181498228,0.097031127,12.17648675,4.149999999999999e-34,1.4900000000000001e-33,MIT0604_00652,EW14_0652,tier1:gene
1502.858339,-0.8505241,0.106112482,-8.015306789,1.1e-15,2.44e-15,MIT0604_00653,EW14_0653,tier1:gene
1929.180858,-1.169475572,0.117895366,-9.919605906,3.4199999999999996e-23,9.709999999999999e-23,MIT0604_00654,EW14_0654,tier1:gene
1044.599804,-1.799185933,0.147855631,-12.16853172,4.57e-34,1.64e-33,MIT0604_00655,EW14_0655,tier1:gene
4514.380882,-1.997581169,0.117989293,-16.93019021,2.7000000000000002e-64,1.74e-63,MIT0604_00656,EW14_0656,tier1:gene
1990.722661,-1.506832511,0.095014194,-15.85902532,1.2200000000000002e-56,6.920000000000001e-56,MIT0604_00657,EW14_0657,tier1:gene
1197.154013,-1.600441405,0.106403768,-15.04120991,3.94e-51,2.04e-50,MIT0604_00658,EW14_0658,tier1:gene
880.7269177,-0.373895531,0.088853775,-4.207986996,2.58e-05,3.86e-05,MIT0604_00659,EW14_0659,tier1:gene
310.0396059,0.290321345,0.13589983,2.136289238,0.032655846,0.039789593,MIT0604_00660,EW14_0660,tier1:gene
1604.52981,0.241205289,0.121010495,1.993259255,0.046233066,0.055539369,MIT0604_00661,EW14_0661,tier1:gene
324.4783786,-0.136827715,0.135648685,-1.008691793,0.313122469,0.343495013,MIT0604_00662,EW14_0662,tier1:gene
736.5037653,1.053400928,0.10986457,9.588176831,8.97e-22,2.4400000000000002e-21,MIT0604_00663,EW14_0663,tier1:gene
1110.956764,-0.630779178,0.134710491,-4.682479982,2.83e-06,4.47e-06,MIT0604_00664,EW14_0664,tier1:gene
3316.619189,-1.071107729,0.136741282,-7.83309703,4.76e-15,1.04e-14,MIT0604_00665,EW14_0665,tier1:gene
329.8396451,0.4280268,0.198924327,2.151706662,0.031420465,0.038398622,MIT0604_00666,EW14_0666,tier1:gene
1884.603668,-1.503940748,0.084238036,-17.85346401,2.72e-71,1.9000000000000002e-70,MIT0604_00667,EW14_0667,tier1:gene
210.7700694,-1.046297841,0.150413931,-6.956123247,3.5e-12,6.94e-12,MIT0604_00668,EW14_0668,tier1:gene
969.6071452,-1.633995064,0.117764605,-13.8750949,8.97e-44,4.01e-43,MIT0604_00669,EW14_0669,tier1:gene
987.976701,-1.046938921,0.114677822,-9.12939312,6.89e-20,1.8e-19,MIT0604_00670,EW14_0670,tier1:gene
1341.809048,-1.251047747,0.120914255,-10.34656949,4.34e-25,1.2699999999999999e-24,MIT0604_00671,EW14_0671,tier1:gene
485.5373006,-0.088680111,0.103619599,-0.855823725,0.39209529,0.423993163,MIT0604_00672,EW14_0672,tier1:gene
200.3259494,1.073517079,0.185312796,5.793000269,6.91e-09,1.23e-08,MIT0604_00673,EW14_0673,tier1:gene
1527.851525,-0.342310049,0.17467787,-1.959664656,0.050034999,0.059895697,MIT0604_00674,EW14_0674,tier1:gene
3706.577622,-2.307728671,0.086522385,-26.67204192,9.94e-157,2.08e-155,MIT0604_00675,EW14_0675,tier1:gene
150.1896314,1.459399116,0.213095081,6.848581912,7.46e-12,1.45e-11,MIT0604_00676,EW14_0676,tier1:gene
790.5489961,-1.172863762,0.129840206,-9.033132297,1.67e-19,4.32e-19,MIT0604_00677,EW14_0677,tier1:gene
1173.149913,-3.776439436,0.149405509,-25.27644043,5.8e-141,9.73e-140,MIT0604_00678,EW14_0678,tier1:gene
871.5560357,-1.130948807,0.127149374,-8.894647079,5.86e-19,1.48e-18,MIT0604_00679,EW14_0679,tier1:gene
52.7650148,0.077141701,0.368462521,0.209361053,0.834166394,0.847834463,MIT0604_00680,EW14_0680,tier1:gene
96.50078595,2.142086998,0.381187328,5.619512616,1.91e-08,3.34e-08,MIT0604_00681,EW14_0681,tier1:gene
231.3470404,-1.848669824,0.192093156,-9.623819305,6.34e-22,1.7400000000000003e-21,MIT0604_00682,EW14_0682,tier1:gene
184.6245724,-4.299195873,0.50856164,-8.453637741,2.82e-17,6.78e-17,MIT0604_00683,EW14_0683,tier1:gene
217476.2793,-2.99611176,0.130558316,-22.94845584,1.53e-116,1.87e-115,MIT0604_00684,EW14_0684,tier1:gene
231.4481494,-1.077223628,0.193278395,-5.573430128,2.5e-08,4.32e-08,MIT0604_00685,EW14_0685,tier1:gene
288.7306885,-2.158727222,0.196881012,-10.96462883,5.65e-28,1.7700000000000002e-27,MIT0604_00686,EW14_0686,tier1:gene
133.2460286,1.180525743,0.340702918,3.464971042,0.00053,0.000741,MIT0604_00687,EW14_0687,tier1:gene
1152.414902,-2.348051797,0.14724877,-15.94615558,3.03e-57,1.7300000000000002e-56,MIT0604_00688,EW14_0688,tier1:gene
326.6361651,0.044740522,0.151975479,0.29439303,0.768457592,0.785338338,MIT0604_00689,EW14_0689,tier1:gene
985.6918581,-0.886014006,0.122188563,-7.251202433,4.13e-13,8.46e-13,MIT0604_00690,EW14_0690,tier1:gene
58.94878831,1.119484,0.287430655,3.894796822,9.83e-05,0.000143,MIT0604_00691,EW14_0691,tier1:gene
766.106198,0.961691952,0.111066865,8.658675589,4.77e-18,1.18e-17,MIT0604_00692,EW14_0692,tier1:gene
229.8283471,1.314945606,0.180017879,7.304527838,2.78e-13,5.74e-13,MIT0604_00693,,unresolved
893.0193178,-2.886654243,0.107993155,-26.72997421,2.1100000000000003e-157,4.45e-156,MIT0604_00694,EW14_0694,tier1:gene
530.6001641,2.400758582,0.129213194,18.57982538,4.68e-77,3.52e-76,MIT0604_00695,EW14_0695,tier1:gene
411.7065029,0.799746242,0.149768805,5.339871963,9.3e-08,1.57e-07,MIT0604_00696,EW14_0696,tier1:gene
483.849827,-0.611056694,0.110148264,-5.547583531,2.9e-08,5e-08,MIT0604_00697,EW14_0697,tier1:gene
1256.706661,-2.193682776,0.104405424,-21.01119556,5.18e-98,5.33e-97,MIT0604_00698,EW14_0698,tier1:gene
9000.137727,-2.740753049,0.118619124,-23.1054906,4.08e-118,5.12e-117,MIT0604_00699,EW14_0699,tier1:gene
2505.119085,-1.813391033,0.094351905,-19.21944264,2.5399999999999998e-82,2.05e-81,MIT0604_00700,EW14_0700,tier1:gene
3038.228951,0.362248466,0.097060663,3.732186187,0.00019,0.000272,MIT0604_00701,EW14_0701,tier1:gene
441.3648468,2.276378287,0.118172214,19.26322789,1.09e-82,8.849999999999999e-82,MIT0604_00702,EW14_0702,tier1:gene
1207.550311,1.208939755,0.155059271,7.796629934,6.36e-15,1.38e-14,MIT0604_00703,EW14_0703,tier1:gene
46.90466704,3.569208027,0.404678556,8.819859556,1.15e-18,2.87e-18,MIT0604_00704,EW14_0704,tier1:gene
1280.230615,-2.848597684,0.137338996,-20.74136089,1.47e-95,1.43e-94,MIT0604_00705,EW14_0705,tier1:gene
1160.332254,2.121838429,0.131735746,16.10677809,2.2900000000000003e-58,1.34e-57,MIT0604_00706,EW14_0706,tier1:gene
1648.297377,-0.448214263,0.087758067,-5.107385307,3.27e-07,5.37e-07,MIT0604_00707,EW14_0707,tier1:gene
383.4902876,2.607642271,0.269008711,9.693523536,3.21e-22,8.87e-22,MIT0604_00708,EW14_0708,tier1:gene
563.0906012,1.447033163,0.155513434,9.304875627,1.34e-20,3.55e-20,MIT0604_00709,EW14_0709,tier1:gene
391.3025881,-1.044957298,0.141111112,-7.405209156,1.31e-13,2.73e-13,MIT0604_00710,EW14_0710,tier1:gene
130.8067519,1.358658857,0.277552116,4.895148612,9.82e-07,1.58e-06,MIT0604_00711,EW14_0711,tier1:gene
107.8114533,1.536368138,0.238670564,6.437191554,1.22e-10,2.29e-10,MIT0604_00712,EW14_0712,tier1:gene
189.2330429,1.14026293,0.172316986,6.617240465,3.66e-11,6.99e-11,MIT0604_00713,EW14_0713,tier1:gene
192.295204,-0.256069447,0.187608901,-1.364910971,0.172281034,0.195162853,MIT0604_00714,EW14_0714,tier1:gene
10286.69209,8.190303184,0.215073663,38.08138608,0.0,0.0,MIT0604_00715,EW14_0715,tier1:gene
22778.68989,8.356216377,0.148000714,56.46064895,0.0,0.0,MIT0604_00716,EW14_0716,tier1:gene
12070.99497,8.351561788,0.186670087,44.73968978,0.0,0.0,MIT0604_00717,EW14_0717,tier1:gene
8689.176709,8.200831664,0.184358763,44.48300448,0.0,0.0,MIT0604_00718,EW14_0718,tier1:gene
15012.73472,8.432058659,0.165962691,50.80695314,0.0,0.0,MIT0604_00719,EW14_0719,tier1:gene
29639.78801,8.001922077,0.154940259,51.64520912,0.0,0.0,MIT0604_00720,EW14_0720,tier1:gene
283.2341283,4.119437485,0.20320299,20.27252396,2.25e-91,2.11e-90,MIT0604_00721,EW14_0721,tier1:gene
516.5860169,4.36088775,0.173650774,25.11297616,3.59e-139,5.88e-138,MIT0604_00722,EW14_0722,tier1:gene
409.9143162,3.41390736,0.172609086,19.77825988,4.58e-87,4.0300000000000005e-86,MIT0604_00723,EW14_0723,tier1:gene
1345.925146,0.038872776,0.221774962,0.175280273,0.860859412,0.871072277,MIT0604_00724,EW14_0724,tier1:gene
2073.010619,-0.089620811,0.170302471,-0.526244923,0.598718045,0.627213837,MIT0604_00725,EW14_0725,tier1:gene
1510.823694,-2.673472633,0.139309823,-19.19084079,4.4099999999999995e-82,3.5299999999999997e-81,MIT0604_00726,EW14_0726,tier1:gene
223.2747075,1.393133259,0.230024948,6.056444189,1.39e-09,2.53e-09,MIT0604_00728,EW14_0728,tier1:gene
101.0787017,1.816609007,0.222826267,8.152580182,3.56e-16,8.19e-16,MIT0604_00729,EW14_0729,tier1:gene
56.58606548,0.693775539,0.315522488,2.198814871,0.027891089,0.034228452,MIT0604_00730,EW14_0730,tier1:gene
85.17137395,-0.463676839,0.272868605,-1.699267816,0.089268734,0.104240216,MIT0604_00731,EW14_0731,tier1:gene
56.35108261,-0.195629784,0.293440776,-0.666675528,0.504979413,0.536147749,MIT0604_00732,EW14_0732,tier1:gene
1273.377805,0.277394525,0.138832874,1.998046398,0.04571163,0.054977501,MIT0604_00733,EW14_0733,tier1:gene
59.03557318,-0.169310424,0.326369534,-0.518769083,0.603921781,0.631695393,MIT0604_00734,EW14_0734,tier1:gene
66.71789511,2.135483585,0.259328644,8.234661442,1.8e-16,4.2e-16,MIT0604_00735,EW14_0735,tier1:gene
79.6862195,2.63207937,0.252108081,10.44028166,1.62e-25,4.87e-25,MIT0604_00736,EW14_0736,tier1:gene
10.9897427,2.235439563,0.699560861,3.195489754,0.001395937,0.001907533,MIT0604_00737,EW14_0737,tier1:gene
49.67593142,-0.390778381,0.300332619,-1.301151976,0.19320644,0.2179028,MIT0604_00738,EW14_0738,tier1:gene
156.9665758,-3.384455978,0.310318978,-10.90637769,1.07e-27,3.34e-27,MIT0604_00739,EW14_0739,tier1:gene
634.6239832,-0.315369431,0.249976112,-1.261598274,0.207093378,0.232795246,MIT0604_00740,EW14_0740,tier1:gene
773.7961353,-0.91367923,0.233883749,-3.906552867,9.36e-05,0.000137,MIT0604_00741,EW14_0741,tier1:gene
2163.892007,-0.770989798,0.073669655,-10.4655003,1.24e-25,3.75e-25,MIT0604_00742,EW14_0742,tier1:gene
904.1223709,-0.387511383,0.087873543,-4.409875504,1.03e-05,1.59e-05,MIT0604_00743,EW14_0743,tier1:gene
539.5705084,-0.612379263,0.206746207,-2.961985476,0.003056622,0.004068209,MIT0604_00744,EW14_0744,tier1:gene
2572.921385,-1.205243449,0.072374967,-16.65276684,2.89e-62,1.7999999999999997e-61,MIT0604_00745,EW14_0745,tier1:gene
470.6909631,-5.053453001,0.231282921,-21.84965917,7.829999999999999e-106,8.76e-105,MIT0604_00746,EW14_0746,tier1:gene
6024.73118,-4.107146512,0.252576819,-16.26097967,1.8700000000000001e-59,1.1200000000000001e-58,MIT0604_00747,EW14_0747,tier1:gene
560.6879042,-3.972541365,0.171104321,-23.21707216,3.06e-119,3.94e-118,MIT0604_00748,EW14_0748,tier1:gene
10251.17751,-3.933072432,0.133672201,-29.4232638,2.77e-190,8.099999999999999e-189,MIT0604_00749,EW14_0749,tier1:gene
131.1712317,0.305012652,0.2197695,1.38787526,0.165175033,0.187424219,MIT0604_00750,EW14_0750,tier1:gene
1203.138287,1.033172271,0.126580437,8.162179663,3.29e-16,7.59e-16,MIT0604_00751,EW14_0751,tier1:gene
310.0255688,-0.082679966,0.124816329,-0.662413057,0.507706538,0.538484603,MIT0604_00752,EW14_0752,tier1:gene
370.7373285,0.156379486,0.17691211,0.883938846,0.376729226,0.408455893,MIT0604_00753,EW14_0753,tier1:gene
156.5251248,0.537191122,0.171261891,3.136664674,0.001708814,0.002319591,MIT0604_00754,EW14_0754,tier1:gene
528.0517534,-0.354789896,0.130477248,-2.719170604,0.006544584,0.008489711,MIT0604_00755,EW14_0755,tier1:gene
314.3083949,0.722795329,0.271508425,2.662146959,0.007764397,0.010002342,MIT0604_00756,EW14_0756,tier1:gene
171.6133125,1.942771234,0.216646682,8.967463595,3.03e-19,7.76e-19,MIT0604_00757,EW14_0757,tier1:gene
119.1581728,1.40328427,0.203962121,6.880121958,5.98e-12,1.17e-11,MIT0604_00758,EW14_0758,tier1:gene
130.424812,2.479200886,0.231029702,10.73109155,7.27e-27,2.23e-26,MIT0604_00759,EW14_0759,tier1:gene
115.757307,0.439902657,0.191161413,2.301210538,0.021379734,0.026539912,MIT0604_00760,EW14_RS03685,tier1:gene
306.1744017,-1.288641888,0.182817124,-7.048802981,1.8e-12,3.63e-12,MIT0604_00761,,unresolved
787.4623974,-1.458200345,0.099774426,-14.61497102,2.25e-48,1.09e-47,MIT0604_00762,EW14_0762,tier1:gene
118.1222559,-0.303770402,0.171518445,-1.771065505,0.076549809,0.08990101,MIT0604_00763,EW14_0763,tier1:gene
1011.314024,-0.469472,0.120227165,-3.904874578,9.43e-05,0.000137,MIT0604_00764,EW14_0764,tier1:gene
605.8428332,1.304783116,0.129563161,10.07063354,7.45e-24,2.1399999999999997e-23,MIT0604_00765,EW14_0765,tier1:gene
724.7233056,-2.140780961,0.160215002,-13.36192577,1.01e-40,4.22e-40,MIT0604_00766,,unresolved
399.1755126,1.574017577,0.131617588,11.95902161,5.82e-33,2.0500000000000001e-32,MIT0604_00767,EW14_0767,tier1:gene
445.5461403,-0.550168509,0.165430823,-3.32567112,0.000882,0.001215058,MIT0604_00768,EW14_0768,tier1:gene
542.6332823,0.098158414,0.171468309,0.57245805,0.567011698,0.595216896,MIT0604_00769,EW14_0769,tier1:gene
773.5772105,1.218534788,0.108208475,11.26099214,2.0400000000000002e-29,6.61e-29,MIT0604_00770,EW14_0770,tier1:gene
888.4494412,0.418937497,0.104972917,3.990910295,6.58e-05,9.64e-05,MIT0604_00771,EW14_0771,tier1:gene
334.7122936,1.073403974,0.138711107,7.738414014,1.01e-14,2.17e-14,MIT0604_00772,EW14_0772,tier1:gene
342.8796842,0.188365039,0.176582878,1.066723125,0.286096882,0.316033064,MIT0604_00773,EW14_0773,tier1:gene
23.01863444,3.718829167,0.564070091,6.592849412,4.31e-11,8.2e-11,MIT0604_00774,EW14_0774,tier1:gene
463.0235819,0.378034023,0.135445102,2.791049785,0.005253739,0.006863053,MIT0604_00775,EW14_0775,tier1:gene
44.41751389,0.087155365,0.332593386,0.262047801,0.79328459,0.808289475,MIT0604_00776,EW14_0776,tier1:gene
52.68473388,2.180159174,0.302215455,7.213923505,5.44e-13,1.11e-12,MIT0604_00777,EW14_0777,tier1:gene
13696.80542,-2.597729112,0.179454744,-14.47567817,1.7300000000000002e-47,8.240000000000001e-47,MIT0604_00778,EW14_0778,tier1:gene
7852.792302,-2.630332324,0.173878487,-15.12741667,1.07e-51,5.62e-51,MIT0604_00779,EW14_0779,tier1:gene
7651.722451,-2.432479649,0.182375483,-13.33775577,1.4e-40,5.8e-40,MIT0604_00780,EW14_0780,tier1:gene
453.6314468,2.18618556,0.144090362,15.17232333,5.39e-52,2.88e-51,MIT0604_00781,EW14_0781,tier1:gene
155.8625414,0.241171996,0.320713655,0.751985428,0.452059822,0.485247224,MIT0604_00782,EW14_0782,tier1:gene
435.1468395,-0.696055113,0.200729118,-3.467633993,0.000525,0.000735,MIT0604_00783,EW14_0783,tier1:gene
161.3431726,1.737509767,0.319193631,5.443434947,5.23e-08,8.94e-08,MIT0604_00784,EW14_0784,tier1:gene
15039.89919,-1.691439197,0.164573501,-10.2777129,8.88e-25,2.58e-24,MIT0604_00785,EW14_0785,tier1:gene
16829.14266,-1.625008223,0.13143336,-12.3637425,4.11e-35,1.51e-34,MIT0604_00786,EW14_0786,tier1:gene
254.3026115,3.054223236,0.215698078,14.15971468,1.63e-45,7.53e-45,MIT0604_00787,EW14_0787,tier1:gene
498.5658046,3.842705755,0.165539479,23.21322856,3.3499999999999996e-119,4.28e-118,MIT0604_00788,EW14_0788,tier1:gene
35.9447922,-0.398835334,0.575159131,-0.693434761,0.488036754,0.519776917,MIT0604_00789,EW14_0789,tier1:gene
166.8990981,-0.858200928,0.360456913,-2.380869656,0.017271822,0.021584505,MIT0604_00790,EW14_0790,tier1:gene
277.1212476,-1.016430849,0.170411627,-5.9645628,2.45e-09,4.45e-09,MIT0604_00791,EW14_0791,tier1:gene
141.8714379,0.810859078,0.183644363,4.4153769,1.01e-05,1.55e-05,MIT0604_00792,EW14_0792,tier1:gene
173.0066034,1.266307122,0.156309367,8.101287519,5.44e-16,1.24e-15,MIT0604_00793,EW14_0793,tier1:gene
111.5352885,0.3229504,0.216444257,1.492071928,0.13568029,0.155160644,MIT0604_00794,EW14_0794,tier1:gene
524.8401605,0.83675932,0.121810728,6.86934011,6.45e-12,1.26e-11,MIT0604_00795,EW14_0795,tier1:gene
6.679699802,1.003301829,0.768506018,1.305522411,0.191715021,0.216339938,MIT0604_00796,EW14_0796,tier1:gene
279.3657561,0.244237034,0.150107905,1.627076434,0.103720865,0.120224582,MIT0604_00797,EW14_0797,tier1:gene
379.1863676,-0.323673435,0.11899925,-2.719961985,0.006528942,0.008474791,MIT0604_00798,EW14_0798,tier1:gene
253.5089168,-0.864983749,0.201040089,-4.302543612,1.69e-05,2.56e-05,MIT0604_00799,EW14_0799,tier1:gene
178.1139083,0.838037534,0.324226286,2.584730387,0.009745517,0.012460383,MIT0604_00800,EW14_0800,tier1:gene
50.3347281,-0.350221003,0.400876828,-0.873637434,0.382315733,0.413855265,MIT0604_00801,EW14_0801,tier1:gene
330.3906169,1.269071067,0.15263982,8.314154631,9.24e-17,2.18e-16,MIT0604_00802,EW14_0802,tier1:gene
534.3609653,0.835540814,0.157282843,5.312345579,1.08e-07,1.83e-07,MIT0604_00803,EW14_0803,tier1:gene
162.3471471,-1.660530592,0.202385286,-8.204798997,2.31e-16,5.36e-16,MIT0604_00804,EW14_0804,tier1:gene
680.6852693,-2.270138661,0.201602717,-11.26045666,2.0600000000000002e-29,6.64e-29,MIT0604_00805,EW14_0805,tier1:gene
168.7792809,1.453273035,0.250320689,5.805644923,6.41e-09,1.14e-08,MIT0604_00806,EW14_0806,tier1:gene
68.99289527,2.190855521,0.255023128,8.590811124,8.64e-18,2.1e-17,MIT0604_00807,EW14_0807,tier1:gene
185.0498151,0.378940066,0.275234586,1.376789419,0.168577363,0.191178871,MIT0604_00808,EW14_0808,tier1:gene
166.9269985,-0.941545434,0.255177959,-3.689760033,0.000224,0.00032,MIT0604_00809,EW14_0809,tier1:gene
643.1966352,0.282949824,0.158339105,1.786986378,0.07393969,0.086935408,MIT0604_00810,EW14_0810,tier1:gene
165.4580136,-0.373609225,0.161610771,-2.311784192,0.020789579,0.025854355,MIT0604_00811,EW14_0811,tier1:gene
127.3747707,0.332726297,0.17798939,1.869360285,0.061572706,0.072855104,MIT0604_00812,EW14_0812,tier1:gene
427.5973578,0.534719591,0.12553993,4.259358674,2.05e-05,3.1e-05,MIT0604_00813,EW14_0813,tier1:gene
628.1722772,0.019657186,0.115696447,0.169903106,0.865086338,0.874784161,MIT0604_00814,EW14_0814,tier1:gene
620.1055603,0.30043687,0.1192495,2.519397313,0.011755592,0.014918597,MIT0604_00815,EW14_0815,tier1:gene
343.862941,0.076671064,0.130214045,0.588807941,0.555990118,0.584246289,MIT0604_00816,EW14_0816,tier1:gene
99.64141882,-1.795306195,0.257670589,-6.96744709,3.23e-12,6.41e-12,MIT0604_00817,EW14_0817,tier1:gene
1007.776181,-3.478384778,0.14444282,-24.08139619,3.92e-128,5.61e-127,MIT0604_00818,EW14_0818,tier1:gene
701.902606,-1.615095622,0.143850735,-11.22757993,2.99e-29,9.59e-29,MIT0604_00819,EW14_RS03905,tier1:gene
97.96365266,3.267577253,0.262090748,12.46735063,1.13e-35,4.2200000000000004e-35,MIT0604_00820,EW14_0820,tier1:gene
467.6488729,2.952889447,0.145881652,20.24167811,4.21e-91,3.9299999999999995e-90,MIT0604_00821,EW14_0821,tier1:gene
244.0031939,3.904444629,0.198695462,19.65039663,5.74e-86,4.9500000000000004e-85,MIT0604_00822,EW14_0822,tier1:gene
312.2182276,3.171603459,0.156958079,20.20669138,8.549999999999999e-91,7.95e-90,MIT0604_00823,EW14_0823,tier1:gene
193.6294267,1.592767636,0.358706385,4.440310244,8.98e-06,1.38e-05,MIT0604_00824,EW14_0824,tier1:gene
556.4879273,-0.682590837,0.177646023,-3.842421144,0.000122,0.000176,MIT0604_00825,EW14_0825,tier1:gene
1510.921102,0.196808091,0.103364238,1.90402497,0.056906932,0.067673517,MIT0604_00826,EW14_0826,tier1:gene
329.0873884,2.115593961,0.156333169,13.53259821,1e-41,4.27e-41,MIT0604_00827,EW14_0827,tier1:gene
66.12508084,-1.010267191,0.251069226,-4.023859111,5.73e-05,8.42e-05,MIT0604_00828,EW14_0828,tier1:gene
114.1764117,0.811579425,0.495983901,1.63630195,0.101776408,0.11823854,MIT0604_00829,EW14_0829,tier1:gene
1093.851962,-0.578814013,0.161355538,-3.587196459,0.000334,0.000473,MIT0604_00830,EW14_0830,tier1:gene
202.5407613,-0.594478525,0.28565469,-2.081108925,0.037423937,0.045275886,MIT0604_00831,EW14_0831,tier1:gene
121.7247517,2.695429999,0.295505234,9.121428944,7.41e-20,1.93e-19,MIT0604_00832,EW14_0832,tier1:gene
70.15155249,-0.054452677,0.265014174,-0.20547081,0.837204302,0.849656523,MIT0604_00833,EW14_0833,tier1:gene
397.3572879,0.144711829,0.210206626,0.688426583,0.491184188,0.522585257,MIT0604_00834,EW14_0834,tier1:gene
155.0035341,0.462534897,0.439856774,1.05155797,0.293002399,0.322633626,MIT0604_00835,EW14_0835,tier1:gene
282.2725255,-1.041802941,0.363013833,-2.869871191,0.00410639,0.005423085,MIT0604_00836,EW14_0836,tier1:gene
140.8240759,0.152112203,0.374217993,0.406480196,0.684389806,0.706121942,MIT0604_00837,EW14_0837,tier1:gene
172.1574177,0.268523001,0.172154047,1.559783258,0.118811109,0.136632775,MIT0604_00838,EW14_0838,tier1:gene
253.997541,-2.07046895,0.192095477,-10.77833263,4.36e-27,1.34e-26,MIT0604_00839,EW14_0839,tier1:gene
823.7652939,-5.383913792,0.227052464,-23.71220151,2.7e-124,3.66e-123,MIT0604_00840,EW14_0840,tier1:gene
745.9016776,-1.14744451,0.570421719,-2.011572267,0.044265045,0.053300322,MIT0604_00841,EW14_0841,tier1:gene
1191.223659,-0.701043836,0.142785992,-4.909752195,9.12e-07,1.47e-06,MIT0604_00842,EW14_0842,tier1:gene
10981.42621,-0.245551253,0.155732317,-1.576752069,0.114852584,0.13245253,MIT0604_00843,EW14_0843,tier1:gene
412.6953739,-1.236905729,0.151601355,-8.158935855,3.38e-16,7.79e-16,MIT0604_00844,EW14_0844,tier1:gene
233.6557992,1.765849531,0.247244467,7.142119511,9.19e-13,1.87e-12,MIT0604_00845,EW14_0845,tier1:gene
782.0472201,-0.298253055,0.095034095,-3.138379488,0.001698848,0.002307592,MIT0604_00846,EW14_0846,tier1:gene
959.5789718,-1.431870771,0.192539978,-7.43674526,1.03e-13,2.16e-13,MIT0604_00847,EW14_0847,tier1:gene
675.9414249,1.219910901,0.126682472,9.629673923,5.99e-22,1.6400000000000002e-21,MIT0604_00848,EW14_0848,tier1:gene
916.6915719,0.918501782,0.133009814,6.905518902,5e-12,9.82e-12,MIT0604_00849,EW14_0849,tier1:gene
361.53905,2.417208536,0.141559751,17.0755354,2.26e-65,1.4700000000000001e-64,MIT0604_00850,EW14_0850,tier1:gene
1440.261068,-2.065503386,0.125028945,-16.52020167,2.6299999999999997e-61,1.61e-60,MIT0604_00851,EW14_0851,tier1:gene
2198.007243,0.076589067,0.0821982,0.931760878,0.351460117,0.383502054,MIT0604_00852,EW14_0852,tier1:gene
5038.828236,-0.262833363,0.172619793,-1.52261429,0.127855233,0.146621659,MIT0604_00853,EW14_0853,tier1:gene
2163.768402,0.068849949,0.111082439,0.619809482,0.535383225,0.565495078,MIT0604_00854,EW14_0854,tier1:gene
1303.981013,1.530900596,0.120777658,12.67536248,8.100000000000001e-37,3.13e-36,MIT0604_00855,EW14_0855,tier1:gene
1570.937579,3.102791985,0.099692471,31.1236342,1.15e-212,4e-211,MIT0604_00856,EW14_0856,tier1:gene
291.7633922,3.267268329,0.164247521,19.89234487,4.74e-88,4.24e-87,MIT0604_00857,EW14_0857,tier1:gene
2358.398266,-0.171370869,0.163099964,-1.050710645,0.293391505,0.322888393,MIT0604_00858,EW14_0858,tier1:gene
1900.166882,-2.49749289,0.145902185,-17.11758384,1.1e-65,7.22e-65,MIT0604_00859,EW14_0859,tier1:gene
9648.194497,-4.818647399,0.130929597,-36.80334701,1.6300000000000001e-296,1.04e-294,MIT0604_00860,EW14_0860,tier1:gene
87.71973796,0.312399679,0.199772478,1.563777362,0.117869862,0.135779183,MIT0604_00861,EW14_0861,tier1:gene
3290.065402,-1.685367767,0.121137713,-13.91282476,5.29e-44,2.3800000000000004e-43,MIT0604_00862,EW14_0862,tier1:gene
526.398866,-1.641796622,0.144828745,-11.33612403,8.689999999999999e-30,2.85e-29,MIT0604_00863,EW14_0863,tier1:gene
333.4494539,1.012201424,0.121531649,8.328706439,8.17e-17,1.94e-16,MIT0604_00864,EW14_0864,tier1:gene
1348.502515,-1.303817691,0.101135719,-12.89176275,5.01e-38,1.99e-37,MIT0604_00865,EW14_0865,tier1:gene
976.9138851,-0.652992727,0.129325868,-5.049204277,4.44e-07,7.26e-07,MIT0604_00866,EW14_0866,tier1:gene
7267.661901,-3.722580665,0.107228644,-34.71628969,4.47e-264,2.1299999999999998e-262,MIT0604_00867,EW14_0867,tier1:gene
2021.878151,-2.357580799,0.10170838,-23.17980869,7.279999999999999e-119,9.25e-118,MIT0604_00868,EW14_0868,tier1:gene
4491.732019,-2.01018778,0.180324617,-11.14760598,7.360000000000001e-29,2.35e-28,MIT0604_00869,EW14_0869,tier1:gene
1350.611972,-1.462605353,0.163943839,-8.921380416,4.61e-19,1.17e-18,MIT0604_00870,EW14_0870,tier1:gene
457.9231084,-0.41937756,0.156455987,-2.680482656,0.007351607,0.009494473,MIT0604_00871,EW14_0871,tier1:gene
305.3019047,1.142868923,0.150535342,7.592030578,3.15e-14,6.7e-14,MIT0604_00872,EW14_0872,tier1:gene
145.3680488,1.218341219,0.1953486,6.23675429,4.47e-10,8.28e-10,MIT0604_00873,EW14_0873,tier1:gene
3033.482218,0.298182082,0.134354461,2.219368675,0.026461653,0.032532735,MIT0604_00874,EW14_0874,tier1:gene
1101.53914,-0.534008454,0.145243251,-3.676649016,0.000236,0.000336,MIT0604_00875,EW14_0875,tier1:gene
348.5717786,1.306884487,0.124256959,10.51759595,7.17e-26,2.16e-25,MIT0604_00876,EW14_0876,tier1:gene
1390.568422,-0.839989149,0.104394461,-8.046299952,8.53e-16,1.91e-15,MIT0604_00877,EW14_0877,tier1:gene
1076.920638,-0.728305876,0.122653256,-5.937925358,2.89e-09,5.21e-09,MIT0604_00878,EW14_0878,tier1:gene
750.167311,-2.889699258,0.121541697,-23.77537363,6.01e-125,8.2e-124,MIT0604_00879,EW14_0879,tier1:gene
695.2692769,-1.253257618,0.120383118,-10.41057614,2.22e-25,6.62e-25,MIT0604_00880,EW14_0880,tier1:gene
878.8911497,0.852199744,0.097594075,8.732084808,2.5e-18,6.2e-18,MIT0604_00881,EW14_0881,tier1:gene
16470.92981,-0.660828693,0.141134965,-4.682246472,2.84e-06,4.47e-06,MIT0604_00882,EW14_0882,tier1:gene
3420.184119,1.892464168,0.633830516,2.985757422,0.002828769,0.003772307,MIT0604_00883,EW14_0883,tier1:gene
800.7908869,0.349253356,0.112927154,3.092731391,0.001983236,0.002679659,MIT0604_00884,EW14_0884,tier1:gene
600.5136429,-1.68793583,0.158708191,-10.63546761,2.04e-26,6.210000000000001e-26,MIT0604_00885,EW14_0885,tier1:gene
2484.393652,-2.398367402,0.079674349,-30.10212748,4.54e-199,1.3699999999999997e-197,MIT0604_00886,EW14_0886,tier1:gene
5482.836099,-3.159482079,0.093253987,-33.88039682,1.3000000000000002e-251,5.5199999999999995e-250,MIT0604_00887,EW14_0887,tier1:gene
1018.670426,0.681084857,0.085895145,7.929259086,2.2e-15,4.86e-15,MIT0604_00888,EW14_0888,tier1:gene
380.8805903,0.722181276,0.147570714,4.893798061,9.89e-07,1.59e-06,MIT0604_00889,EW14_0889,tier1:gene
354.1938007,1.526067993,0.135149764,11.29168081,1.44e-29,4.6800000000000004e-29,MIT0604_00890,EW14_0890,tier1:gene
505.2535155,-0.848577642,0.146932745,-5.775279291,7.68e-09,1.36e-08,MIT0604_00891,EW14_0891,tier1:gene
1531.525479,-1.546104878,0.110424195,-14.00150464,1.53e-44,6.99e-44,MIT0604_00892,EW14_0892,tier1:gene
251.5947576,1.112632331,0.182252616,6.104890878,1.03e-09,1.89e-09,MIT0604_00893,EW14_0893,tier1:gene
357.7430574,0.767042356,0.157846533,4.859418467,1.18e-06,1.88e-06,MIT0604_00894,EW14_0894,tier1:gene
591.7912331,-0.044199186,0.145847086,-0.303051551,0.761850575,0.780144136,MIT0604_00895,EW14_0895,tier1:gene
1602.375866,-2.44208786,0.106122737,-23.01191939,3.54e-117,4.42e-116,MIT0604_00896,EW14_0896,tier1:gene
2011.027663,-0.843175775,0.137050729,-6.15228961,7.64e-10,1.4e-09,MIT0604_00897,EW14_0897,tier1:gene
608.7902958,-0.515766642,0.127524946,-4.044437255,5.24e-05,7.73e-05,MIT0604_00898,EW14_0898,tier1:gene
684.1894628,-2.391113386,0.154268286,-15.49970796,3.48e-54,1.9199999999999999e-53,MIT0604_00899,EW14_0899,tier1:gene
138.4808893,1.402649145,0.226266187,6.199110717,5.68e-10,1.05e-09,MIT0604_00900,EW14_0900,tier1:gene
280.7189172,-1.20216755,0.192719954,-6.23789869,4.43e-10,8.23e-10,MIT0604_00901,EW14_0901,tier1:gene
297.7308803,-0.062033754,0.12433303,-0.498932214,0.617827139,0.644264979,MIT0604_00902,EW14_0902,tier1:gene
524.5133309,0.343049321,0.116554223,2.943259483,0.003247761,0.004316991,MIT0604_00903,EW14_0903,tier1:gene
570.8777322,1.795001986,0.13735008,13.06880919,4.96e-39,2e-38,MIT0604_00904,EW14_0904,tier1:gene
374.0312643,-1.049142835,0.203153424,-5.164288217,2.41e-07,4e-07,MIT0604_00905,EW14_0905,tier1:gene
4103.783728,-2.082483103,0.11758288,-17.71076794,3.46e-70,2.41e-69,MIT0604_00906,EW14_0906,tier1:gene
1126.301813,4.025179417,0.239576954,16.80119622,2.39e-63,1.53e-62,MIT0604_00907,EW14_0907,tier1:gene
3057.485535,4.261007372,0.281178592,15.15409597,7.12e-52,3.77e-51,MIT0604_00908,EW14_0908,tier1:gene
91.43414449,2.161561154,0.231634488,9.33177598,1.04e-20,2.76e-20,MIT0604_00909,EW14_0909,tier1:gene
160.2826371,2.569336051,0.21673949,11.85448969,2.04e-32,7.04e-32,MIT0604_00910,EW14_0910,tier1:gene
1712.044169,-1.292718268,0.178080114,-7.259194986,3.89e-13,8e-13,MIT0604_00911,EW14_0911,tier1:gene
580.3348992,-2.06493575,0.119076736,-17.34121889,2.2999999999999997e-67,1.5500000000000001e-66,MIT0604_00912,EW14_0912,tier1:gene
221.8652923,-1.508899642,0.227302358,-6.638292945,3.17e-11,6.07e-11,MIT0604_00913,EW14_0913,tier1:gene
186.1499715,0.322453283,0.17527362,1.839713719,0.065810278,0.077779238,MIT0604_00914,EW14_0914,tier1:gene
20.10426534,-3.455553797,0.731911161,-4.721274907,2.34e-06,3.72e-06,MIT0604_00915,EW14_0915,tier1:gene
907.1351325,-1.13338252,0.13365343,-8.480010698,2.25e-17,5.43e-17,MIT0604_00916,EW14_0916,tier1:gene
66.60274585,1.440837509,0.323235925,4.457541378,8.29e-06,1.28e-05,MIT0604_00917,EW14_0917,tier1:gene
75.37650224,1.385786833,0.30855054,4.491279883,7.08e-06,1.1e-05,MIT0604_00918,EW14_0918,tier1:gene
240.62234,-0.17936703,0.161784104,-1.10868142,0.26756764,0.297023297,MIT0604_00919,EW14_0919,tier1:gene
80.02678608,0.240407181,0.375090817,0.640930598,0.521567775,0.551187009,MIT0604_00920,EW14_0920,tier1:gene
80.05681642,0.481720114,0.253160582,1.902824329,0.057063472,0.067793921,MIT0604_00921,EW14_0921,tier1:gene
251.8783008,0.428322921,0.205497773,2.084319043,0.037131156,0.044948242,MIT0604_00922,EW14_0922,tier1:gene
246.5872809,1.501372786,0.199700347,7.518128092,5.56e-14,1.17e-13,MIT0604_00923,EW14_0923,tier1:gene
405.4390282,0.361757819,0.136113817,2.657759707,0.007866196,0.010127109,MIT0604_00924,EW14_0924,tier1:gene
883.1763332,-1.072211169,0.141459674,-7.579624217,3.47e-14,7.37e-14,MIT0604_00925,EW14_0925,tier1:gene
10634.6451,-2.027228583,0.118674889,-17.08220333,2.01e-65,1.31e-64,MIT0604_00926,EW14_0926,tier1:gene
252.0267851,0.706836871,0.166980054,4.233061691,2.31e-05,3.46e-05,MIT0604_00927,EW14_0927,tier1:gene
157.5517593,1.035620192,0.177475749,5.835277193,5.37e-09,9.58e-09,MIT0604_00928,EW14_0928,tier1:gene
111.6497596,0.677160425,0.223085471,3.035430426,0.002401926,0.003221981,MIT0604_00929,EW14_0929,tier1:gene
206.7891813,-1.273566757,0.154423307,-8.247244397,1.62e-16,3.79e-16,MIT0604_00930,EW14_0930,tier1:gene
523.8429615,-1.708129546,0.209706677,-8.145327408,3.78e-16,8.67e-16,MIT0604_00931,EW14_0931,tier1:gene
586.6999379,-1.671545199,0.178587198,-9.359826567,7.99e-21,2.13e-20,MIT0604_00932,EW14_0932,tier1:gene
1331.740819,-1.077365169,0.15524853,-6.939615905,3.93e-12,7.78e-12,MIT0604_00933,EW14_0933,tier1:gene
1784.943152,-1.362114269,0.158217251,-8.609138776,7.36e-18,1.8e-17,MIT0604_00934,EW14_0934,tier1:gene
1065.995304,0.461453465,0.10866538,4.246554564,2.17e-05,3.27e-05,MIT0604_00935,EW14_0935,tier1:gene
340.0782282,1.49481628,0.170899276,8.746767775,2.2e-18,5.45e-18,MIT0604_00936,EW14_0936,tier1:gene
283.9163671,1.922750917,0.247670742,7.763334907,8.27e-15,1.79e-14,MIT0604_00937,EW14_0937,tier1:gene
489.5069939,-1.621030826,0.192282623,-8.430459301,3.44e-17,8.23e-17,MIT0604_00938,EW14_0938,tier1:gene
763.7551713,-2.347762148,0.180654607,-12.99586092,1.2899999999999999e-38,5.17e-38,MIT0604_00939,EW14_0939,tier1:gene
795.9037766,-2.451457015,0.110649861,-22.15508445,9.32e-109,1.08e-107,MIT0604_00940,EW14_0940,tier1:gene
205.3829749,-1.187354162,0.318258072,-3.730790403,0.000191,0.000274,MIT0604_00941,EW14_0941,tier1:gene
371.3064073,0.639313956,0.139690973,4.57663043,4.73e-06,7.36e-06,MIT0604_00942,EW14_0942,tier1:gene
61.08716207,0.351750892,0.268725897,1.308957924,0.190548604,0.215142301,MIT0604_00943,EW14_0943,tier1:gene
351.0318594,-0.62073786,0.150002002,-4.13819716,3.5e-05,5.21e-05,MIT0604_00945,EW14_0945,tier1:gene
1125.493323,-0.188386504,0.117318327,-1.60577217,0.108323977,0.125418089,MIT0604_00946,EW14_0946,tier1:gene
237.3782156,-2.608179124,0.287131895,-9.083557648,1.05e-19,2.73e-19,MIT0604_00947,EW14_0947,tier1:gene
1061.437488,-1.892277954,0.1140786,-16.58749278,8.58e-62,5.32e-61,MIT0604_00948,EW14_0948,tier1:gene
612.4737623,-0.004747311,0.116019472,-0.040918225,0.967361088,0.96925509,MIT0604_00949,EW14_0949,tier1:gene
744.8898309,-2.462571413,0.127167998,-19.36471004,1.5299999999999999e-83,1.25e-82,MIT0604_00950,EW14_0950,tier1:gene
625.1294886,-2.305858608,0.161606931,-14.26831504,3.45e-46,1.62e-45,MIT0604_00951,EW14_0951,tier1:gene
679.0238898,-0.481899487,0.156499196,-3.079245779,0.002075254,0.002800293,MIT0604_00952,EW14_0952,tier1:gene
1189.018156,-2.870508945,0.136453382,-21.03655407,3.04e-98,3.14e-97,MIT0604_00953,EW14_0953,tier1:gene
6612.083133,-0.166493547,0.077953543,-2.135804746,0.032695332,0.039814006,MIT0604_00954,EW14_0954,tier1:gene
4471.207678,0.796513744,0.14559319,5.470817301,4.48e-08,7.69e-08,MIT0604_00955,EW14_0955,tier1:gene
4708.568466,-0.910753257,0.124139228,-7.336546832,2.19e-13,4.54e-13,MIT0604_00956,EW14_0956,tier1:gene
3605.564041,-1.950913252,0.112108134,-17.40206694,7.96e-68,5.409999999999999e-67,MIT0604_00957,EW14_0957,tier1:gene
1647.278045,-2.218149088,0.114072992,-19.44499789,3.21e-84,2.66e-83,MIT0604_00958,EW14_0958,tier1:gene
2870.439518,-2.340913162,0.151040362,-15.49859338,3.55e-54,1.95e-53,MIT0604_00959,EW14_0959,tier1:gene
152.4452046,1.165394545,0.309394568,3.76669362,0.000165,0.000238,MIT0604_00960,EW14_0960,tier1:gene
1070.44956,-0.949350968,0.117067157,-8.109456046,5.08e-16,1.16e-15,MIT0604_00961,EW14_0961,tier1:gene
563.8346584,1.118987743,0.194656961,5.748511308,9e-09,1.59e-08,MIT0604_00962,EW14_0962,tier1:gene
1793.584919,0.2507609,0.104324918,2.403652972,0.016232174,0.020322483,MIT0604_00963,EW14_0963,tier1:gene
1602.123511,-1.606807872,0.089272103,-17.99899202,1.9800000000000001e-72,1.42e-71,MIT0604_00964,EW14_0964,tier1:gene
62.7361974,1.156986514,0.286748933,4.034841569,5.46e-05,8.05e-05,MIT0604_00965,EW14_0965,tier1:gene
4.731931379,-0.17337242,0.905670622,-0.191429882,0.848188811,0.859525988,MIT0604_00966,EW14_0966,tier1:gene
120.0676947,0.528549111,0.201982157,2.616810909,0.008875549,0.011383615,MIT0604_00967,EW14_0967,tier1:gene
269.5065418,1.343783248,0.166513911,8.070095998,7.02e-16,1.59e-15,MIT0604_00968,EW14_0968,tier1:gene
28.98522813,0.828710864,0.392297408,2.112455617,0.034647389,0.042115918,MIT0604_00969,EW14_0969,tier1:gene
44.56662084,-0.470646907,0.369556401,-1.273545541,0.202824523,0.228372827,MIT0604_00970,EW14_0970,tier1:gene
2233.193659,-2.059447602,0.102125895,-20.16577281,1.96e-90,1.7999999999999997e-89,MIT0604_00971,EW14_0971,tier1:gene
1978.192486,-0.678625224,0.102107626,-6.646175713,3.01e-11,5.77e-11,MIT0604_00972,EW14_0972,tier1:gene
411.1316694,1.327493687,0.254425698,5.217608506,1.81e-07,3.02e-07,MIT0604_00973,EW14_0973,tier1:gene
713.2633557,0.753772031,0.16166206,4.662640267,3.12e-06,4.91e-06,MIT0604_00974,EW14_0974,tier1:gene
964.7904523,-0.917712156,0.196960268,-4.659377063,3.17e-06,4.98e-06,MIT0604_00975,EW14_0975,tier1:gene
255.3937368,0.731788136,0.16360211,4.472974921,7.71e-06,1.19e-05,MIT0604_00976,EW14_0976,tier1:gene
547.8338862,0.204094127,0.129252575,1.579033353,0.114328407,0.132145821,MIT0604_00977,EW14_0977,tier1:gene
371.7065609,1.107894821,0.260642971,4.250622285,2.13e-05,3.22e-05,MIT0604_00978,EW14_0978,tier1:gene
260.8098464,-1.010101793,0.172977399,-5.839501567,5.24e-09,9.36e-09,MIT0604_00979,EW14_0979,tier1:gene
795.83362,-1.590764413,0.139823794,-11.37692213,5.45e-30,1.7900000000000001e-29,MIT0604_00980,EW14_0980,tier1:gene
12407.79271,-1.631756493,0.107589886,-15.16644869,5.8999999999999995e-52,3.13e-51,MIT0604_00981,EW14_0981,tier1:gene
2175.419499,-2.007501166,0.103605439,-19.37640721,1.22e-83,1e-82,MIT0604_00982,EW14_0982,tier1:gene
118.1165471,1.59708949,0.196995789,8.107226563,5.18e-16,1.18e-15,MIT0604_00983,EW14_0983,tier1:gene
637.7474134,0.472609721,0.128944176,3.665227344,0.000247,0.000351,MIT0604_00984,EW14_0984,tier1:gene
45.0118322,0.910383265,0.416303109,2.186827928,0.028755088,0.035225413,MIT0604_00985,EW14_0985,tier1:gene
618.0721647,3.498681294,0.126814839,27.58889513,1.5100000000000002e-167,3.4800000000000005e-166,MIT0604_00986,EW14_0986,tier1:gene
41.6662415,2.090495257,0.366403839,5.70544038,1.16e-08,2.04e-08,MIT0604_00987,EW14_0987,tier1:gene
200.7282785,1.976981858,0.316368351,6.248987457,4.13e-10,7.67e-10,MIT0604_00988,EW14_0988,tier1:gene
1220.251763,1.682656806,0.113316459,14.84918271,7.04e-50,3.53e-49,MIT0604_00989,EW14_0989,tier1:gene
3438.111526,1.429712669,0.090596224,15.78115082,4.19e-56,2.37e-55,MIT0604_00990,EW14_0990,tier1:gene
170.9183106,-1.755545427,0.170825454,-10.27683749,8.96e-25,2.6e-24,MIT0604_00991,EW14_0991,tier1:gene
893.8437361,-1.122615417,0.263214579,-4.265019899,2e-05,3.02e-05,MIT0604_00992,EW14_0992,tier1:gene
646.8405698,0.109581245,0.170292961,0.64348664,0.519908381,0.550001269,MIT0604_00993,EW14_0993,tier1:gene
1282.755966,2.025237218,0.093828593,21.58443545,2.5200000000000004e-103,2.75e-102,MIT0604_00994,EW14_0994,tier1:gene
4321.104286,-2.390271505,0.098301904,-24.3156175,1.34e-130,1.95e-129,MIT0604_00995,EW14_0995,tier1:gene
12135.10426,-1.799598801,0.10191125,-17.65849005,8.76e-70,6.05e-69,MIT0604_00996,EW14_0996,tier1:gene
392.29182,4.623067985,0.288193386,16.04154781,6.55e-58,3.83e-57,MIT0604_00997,EW14_0997,tier1:gene
393.6786097,2.913440826,0.192887997,15.10431371,1.52e-51,7.940000000000001e-51,MIT0604_00998,EW14_0998,tier1:gene
2423.323376,0.084447809,0.141535911,0.596652884,0.550739156,0.579932659,MIT0604_00999,EW14_0999,tier1:gene
5199.826812,-0.549322534,0.121973564,-4.503619588,6.68e-06,1.04e-05,MIT0604_01000,EW14_1000,tier1:gene
12799.6726,2.173891205,0.071112171,30.56988925,3.08e-205,9.69e-204,MIT0604_01001,EW14_1001,tier1:gene
624.3144899,1.300347556,0.18225842,7.134636378,9.7e-13,1.97e-12,MIT0604_01002,EW14_1002,tier1:gene
1107.215129,-0.842711695,0.084409597,-9.98360055,1.8e-23,5.15e-23,MIT0604_01003,EW14_1003,tier1:gene
1824.525111,-2.113541429,0.159279428,-13.26939362,3.48e-40,1.44e-39,MIT0604_01004,EW14_1004,tier1:gene
2807.364802,0.848895572,0.112076312,7.574263988,3.61e-14,7.67e-14,MIT0604_01006,EW14_1006,tier1:gene
657.9575453,0.792985573,0.180061807,4.403963206,1.06e-05,1.63e-05,MIT0604_01007,EW14_1007,tier1:gene
458.2340648,-0.053261863,0.152653471,-0.348906989,0.727159138,0.746486839,MIT0604_01008,EW14_1008,tier1:gene
2201.649284,-1.233258328,0.13223633,-9.326168746,1.1e-20,2.91e-20,MIT0604_01009,EW14_1009,tier1:gene
2033.539534,0.092747404,0.086884962,1.06747361,0.285758024,0.315845937,MIT0604_01010,EW14_1010,tier1:gene
1285.426102,-1.256596754,0.085125344,-14.76172299,2.59e-49,1.2799999999999999e-48,MIT0604_01011,EW14_1011,tier1:gene
242.3784957,0.281612432,0.14585606,1.930755781,0.053513261,0.063798279,MIT0604_01012,EW14_1012,tier1:gene
1331.001148,-1.251459211,0.08638886,-14.48634937,1.4800000000000002e-47,7.070000000000001e-47,MIT0604_01013,EW14_1013,tier1:gene
1257.628501,-1.072011885,0.085825938,-12.49053507,8.410000000000001e-36,3.1800000000000004e-35,MIT0604_01014,EW14_1014,tier1:gene
387.5418066,0.71004028,0.131391578,5.404001479,6.52e-08,1.11e-07,MIT0604_01015,EW14_1015,tier1:gene
343.4552023,1.001493239,0.186495189,5.370075478,7.87e-08,1.34e-07,MIT0604_01016,EW14_1016,tier1:gene
188.6919383,1.132051893,0.206830546,5.473330302,4.42e-08,7.59e-08,MIT0604_01017,EW14_1017,tier1:gene
189.9900998,2.311706763,0.173297045,13.33956252,1.36e-40,5.67e-40,MIT0604_01018,EW14_1018,tier1:gene
217.4024609,0.106833839,0.229081852,0.466356625,0.640960253,0.665337545,MIT0604_01019,EW14_1019,tier1:gene
3026.652103,-1.078542096,0.133972268,-8.050487721,8.25e-16,1.85e-15,MIT0604_01020,EW14_1020,tier1:gene
1874.102429,-0.454989141,0.151209156,-3.009005223,0.002621046,0.00351131,MIT0604_01021,EW14_1021,tier1:gene
454.5266622,-0.490989803,0.160083059,-3.067094084,0.002161508,0.002909012,MIT0604_01022,EW14_1022,tier1:gene
433.3569834,0.690311928,0.160912654,4.289979134,1.79e-05,2.71e-05,MIT0604_01023,EW14_1023,tier1:gene
1056.815452,1.66799872,0.095405985,17.48316658,1.93e-68,1.31e-67,MIT0604_01024,EW14_1024,tier1:gene
1605.225926,-1.677422208,0.0880378,-19.0534316,6.1499999999999995e-81,4.88e-80,MIT0604_01025,EW14_1025,tier1:gene
1678.64469,-0.017957439,0.078705615,-0.228159562,0.819522197,0.833778299,MIT0604_01026,EW14_1026,tier1:gene
148.1478042,-0.197578757,0.200406532,-0.985889807,0.324187189,0.354682617,MIT0604_01027,EW14_1027,tier1:gene
197.0777727,0.954244003,0.176457199,5.407792979,6.38e-08,1.09e-07,MIT0604_01028,EW14_1028,tier1:gene
294.6656879,1.067052516,0.133836362,7.972814687,1.55e-15,3.43e-15,MIT0604_01029,EW14_1029,tier1:gene
177.9730818,0.025547316,0.237044803,0.107774209,0.914174802,0.920470152,MIT0604_01030,EW14_1030,tier1:gene
389.5145524,2.061784807,0.148083922,13.92308343,4.59e-44,2.07e-43,MIT0604_01031,EW14_1031,tier1:gene
357.1125888,-0.392895222,0.240871344,-1.631141403,0.102860486,0.119294853,MIT0604_01032,EW14_1032,tier1:gene
1694.844574,-0.942763714,0.093085783,-10.1279023,4.15e-24,1.1999999999999998e-23,MIT0604_01033,EW14_1033,tier1:gene
3665.652901,-2.213644393,0.160453706,-13.79615624,2.69e-43,1.18e-42,MIT0604_01034,EW14_1034,tier1:gene
6355.89384,-1.930097946,0.093275442,-20.69245572,4.0499999999999995e-95,3.9299999999999996e-94,MIT0604_01035,EW14_1035,tier1:gene
2863.805255,-0.776800974,0.103654066,-7.494167909,6.67e-14,1.4e-13,MIT0604_01036,EW14_1036,tier1:gene
2009.489023,1.510189075,0.122518904,12.32617189,6.55e-35,2.4e-34,MIT0604_01037,EW14_1037,tier1:gene
228.6992041,1.984525641,0.289678519,6.850786331,7.34e-12,1.43e-11,MIT0604_01038,EW14_1038,tier1:gene
143.1315995,0.217999777,0.196433115,1.109791376,0.267088936,0.296652769,MIT0604_01039,EW14_1039,tier1:gene
539.7801862,1.098924174,0.103881979,10.57858333,3.7500000000000003e-26,1.14e-25,MIT0604_01040,EW14_1040,tier1:gene
686.7118729,1.318996709,0.09551235,13.80969798,2.2300000000000003e-43,9.830000000000001e-43,MIT0604_01041,EW14_1041,tier1:gene
473.6609038,2.145628174,0.130804054,16.40337671,1.81e-60,1.09e-59,MIT0604_01042,EW14_1042,tier1:gene
1232.148033,0.051821428,0.108117419,0.479306931,0.631720292,0.657413034,MIT0604_01044,EW14_1044,tier1:gene
608.3892476,0.522140306,0.105207793,4.962943227,6.94e-07,1.12e-06,MIT0604_01045,EW14_1045,tier1:gene
197.6912571,-0.371946769,0.142944287,-2.602040122,0.009267101,0.011878369,MIT0604_01046,EW14_1046,tier1:gene
66.20052966,3.492661384,0.358348997,9.746535962,1.91e-22,5.32e-22,MIT0604_01047,EW14_1047,tier1:gene
521.2083832,1.107537211,0.12565137,8.814366384,1.2e-18,3.01e-18,MIT0604_01048,EW14_1048,tier1:gene
78.15732054,1.06417163,0.396424398,2.684425165,0.007265465,0.009389145,MIT0604_01049,EW14_1049,tier1:gene
344.205422,0.399874673,0.16040179,2.492956428,0.012668439,0.016017477,MIT0604_01050,EW14_1050,tier1:gene
109.2074604,1.405994741,0.46082081,3.051066081,0.002280304,0.00306486,MIT0604_01051,EW14_1051,tier1:gene
213.0343856,0.626168556,0.716177744,0.874320043,0.381943987,0.413827706,MIT0604_01052,EW14_1052,tier1:gene
93.31201095,-1.910914918,0.306369763,-6.237283006,4.45e-10,8.26e-10,MIT0604_01053,EW14_1053,tier1:gene
11.28562937,2.01134487,0.615177245,3.26953717,0.001077236,0.001480928,MIT0604_01054,EW14_1054,tier1:gene
134.4274515,-0.888550758,0.210368565,-4.223781053,2.4e-05,3.6e-05,MIT0604_01055,EW14_1055,tier1:gene
416.3658337,-1.301987192,0.149894005,-8.686052483,3.75e-18,9.25e-18,MIT0604_01056,EW14_1056,tier1:gene
309.1321486,3.676161909,0.356848988,10.30172995,6.92e-25,2.0199999999999998e-24,MIT0604_01057,EW14_1057,tier1:gene
26790.09595,-3.092670766,0.158730719,-19.48375706,1.51e-84,1.25e-83,MIT0604_01058,EW14_1058,tier1:gene
67.80523356,1.010771599,0.253037518,3.994552299,6.48e-05,9.5e-05,MIT0604_01059,EW14_1059,tier1:gene
1371.550209,1.679440256,0.125266395,13.40694973,5.51e-41,2.31e-40,MIT0604_01060,EW14_1060,tier1:gene
1168.995258,-3.118559611,0.207780777,-15.0088938,6.42e-51,3.3e-50,MIT0604_01061,EW14_1061,tier1:gene
205.1928214,-0.540817051,0.355509009,-1.521247106,0.128197838,0.146932237,MIT0604_01062,,unresolved
4550.615369,-5.47938496,0.134055237,-40.87408349,0.0,0.0,MIT0604_01063,EW14_1063,tier1:gene
215.9798593,1.261055179,0.153297411,8.226200102,1.93e-16,4.51e-16,MIT0604_01064,EW14_1064,tier1:gene
210.7145977,2.457120027,0.177716808,13.82604189,1.7800000000000001e-43,7.850000000000001e-43,MIT0604_01065,EW14_1065,tier1:gene
291.2360966,1.561887486,0.15024915,10.39531662,2.6e-25,7.73e-25,MIT0604_01066,EW14_1066,tier1:gene
2983.542223,0.804917497,0.081275584,9.903558414,4.0199999999999993e-23,1.14e-22,MIT0604_01067,EW14_1067,tier1:gene
275.1706635,3.058466867,0.199984516,15.29351835,8.45e-53,4.559999999999999e-52,MIT0604_01068,EW14_1068,tier1:gene
1003.734261,0.600054438,0.212205624,2.827702807,0.004688331,0.006155878,MIT0604_01069,EW14_1069,tier1:gene
9358.463369,-1.299041589,0.095893866,-13.54665983,8.289999999999999e-42,3.5399999999999997e-41,MIT0604_01070,EW14_1070,tier1:gene
3053.98342,-0.063752752,0.096669109,-0.659494564,0.509578236,0.539988946,MIT0604_01071,EW14_1071,tier1:gene
1096.549484,0.805652849,0.178956767,4.501941227,6.73e-06,1.05e-05,MIT0604_01072,EW14_1072,tier1:gene
239.4476356,2.140182871,0.181255806,11.80752726,3.5700000000000004e-32,1.2200000000000001e-31,MIT0604_01073,EW14_1073,tier1:gene
377.987944,1.724575257,0.211683022,8.146970137,3.73e-16,8.56e-16,MIT0604_01074,EW14_1074,tier1:gene
811.7267409,2.074199262,0.174874258,11.86108969,1.8900000000000002e-32,6.53e-32,MIT0604_01075,EW14_1075,tier1:gene
111.3047057,0.590771955,0.288626774,2.046836982,0.040674093,0.049120867,MIT0604_01076,EW14_1076,tier1:gene
34.73508938,2.109346647,0.440188243,4.791919553,1.65e-06,2.63e-06,MIT0604_01077,EW14_1077,tier1:gene
245.5130945,1.340620218,0.351239922,3.816821872,0.000135,0.000195,MIT0604_01078,EW14_1078,tier1:gene
476.4942123,-0.502992183,0.49820868,-1.009601404,0.312686297,0.343200455,MIT0604_01079,EW14_1079,tier1:gene
22.02874212,1.314397806,0.484407134,2.71341546,0.006659356,0.008633123,MIT0604_01080,EW14_1080,tier1:gene
321.1781676,2.26304497,0.244494984,9.255997553,2.12e-20,5.59e-20,MIT0604_01081,EW14_1081,tier1:gene
350.709703,-0.364674853,0.141682211,-2.573893016,0.010056136,0.012849507,MIT0604_01082,EW14_1082,tier1:gene
600.0581212,-0.938278013,0.159406756,-5.886061765,3.96e-09,7.1e-09,MIT0604_01083,EW14_1083,tier1:gene
12703.30235,-2.647671078,0.190094601,-13.92817611,4.27e-44,1.93e-43,MIT0604_01084,EW14_1084,tier1:gene
193.5427494,0.389841428,0.265467376,1.468509743,0.141965812,0.162076975,MIT0604_01085,EW14_1085,tier1:gene
945.8157003,-2.620189247,0.101661545,-25.77365164,1.7499999999999999e-146,3.2e-145,MIT0604_01086,EW14_1086,tier1:gene
48.718302,0.289030489,0.424441106,0.680967242,0.495892219,0.527320193,MIT0604_01087,EW14_1087,tier1:gene
1277.857787,0.515255642,0.090532075,5.691415328,1.26e-08,2.21e-08,MIT0604_01088,,unresolved
278.0466846,-0.523090295,0.306558458,-1.706331311,0.087946412,0.102813423,MIT0604_01089,EW14_1089,tier1:gene
3172.64542,-0.500058208,0.101014264,-4.950372223,7.41e-07,1.2e-06,MIT0604_01090,EW14_1090,tier1:gene
693.7810344,-1.82140719,0.141907314,-12.83518899,1.04e-37,4.0900000000000004e-37,MIT0604_01091,EW14_1091,tier1:gene
412.6529264,-0.87692462,0.124569866,-7.039620778,1.93e-12,3.87e-12,MIT0604_01092,EW14_1092,tier1:gene
309.9387312,0.384498167,0.169067473,2.274229102,0.022952215,0.028371488,MIT0604_01093,EW14_1093,tier1:gene
500.3243648,0.708405142,0.163687434,4.327791853,1.51e-05,2.29e-05,MIT0604_01094,EW14_1094,tier1:gene
25.84029323,-0.1433785,0.488887054,-0.293275306,0.769311727,0.785426986,MIT0604_01096,EW14_1096,tier1:gene
159.2098086,0.082977492,0.193567894,0.428673835,0.668160604,0.691119129,MIT0604_01097,EW14_1097,tier1:gene
398.1918969,1.960106299,0.129853583,15.09474179,1.75e-51,9.16e-51,MIT0604_01098,EW14_1098,tier1:gene
344.6050136,2.221441909,0.183028429,12.13714132,6.71e-34,2.39e-33,MIT0604_01099,EW14_1099,tier1:gene
84.37064389,2.771383369,0.266238748,10.40939153,2.25e-25,6.69e-25,MIT0604_01100,EW14_1100,tier1:gene
57.20892392,-0.466276238,0.264465449,-1.763089433,0.077885407,0.091312387,MIT0604_01101,,unresolved
123.3074691,-0.35858862,0.32849356,-1.091615373,0.275002196,0.304450782,MIT0604_01102,EW14_1102,tier1:gene
91.40355974,2.521336567,0.22960888,10.98100635,4.72e-28,1.48e-27,MIT0604_01103,EW14_1103,tier1:gene
189.2246736,1.042453894,0.169957775,6.133605213,8.59e-10,1.58e-09,MIT0604_01104,EW14_1104,tier1:gene
118.1958781,0.516808119,0.198800273,2.599634858,0.0093323,0.011946978,MIT0604_01105,EW14_1105,tier1:gene
380.9826574,-0.313273101,0.218455205,-1.434038163,0.151561372,0.172694162,MIT0604_01106,EW14_1106,tier1:gene
1731.856771,-4.599518382,0.171457128,-26.82605517,1.61e-158,3.46e-157,MIT0604_01107,EW14_1107,tier1:gene
1601.074542,-4.1396257,0.128020882,-32.33555046,2.21e-229,8.239999999999999e-228,MIT0604_01108,EW14_1108,tier1:gene
11.29191064,-1.748672852,0.697078305,-2.508574488,0.012121941,0.015364466,MIT0604_01109,EW14_1109,tier1:gene
206.8605666,-0.652907651,0.251143119,-2.599743338,0.009329351,0.011946978,MIT0604_01110,EW14_1110,tier1:gene
122.8881258,-0.066879593,0.225482289,-0.296606856,0.766766676,0.784001691,MIT0604_01111,EW14_1111,tier1:gene
281.9423748,0.96863888,0.144151544,6.719587253,1.82e-11,3.52e-11,MIT0604_01112,EW14_1112,tier1:gene
266.5010037,2.004977639,0.150562099,13.31661589,1.85e-40,7.679999999999999e-40,MIT0604_01113,EW14_1113,tier1:gene
2117.092569,-2.335696853,0.173963103,-13.42639223,4.24e-41,1.78e-40,MIT0604_01114,EW14_1114,tier1:gene
3310.908375,-3.938574853,0.121207154,-32.49457409,1.27e-231,4.91e-230,MIT0604_01115,EW14_1115,tier1:gene
361.3021763,3.931031632,0.224488113,17.51109034,1.1799999999999998e-68,8.099999999999999e-68,MIT0604_01116,EW14_1116,tier1:gene
146.9578611,0.610380096,0.209128099,2.918690023,0.003515056,0.004651143,MIT0604_01117,EW14_1117,tier1:gene
37.29237449,-0.124079517,0.385439964,-0.321916586,0.747515888,0.767000011,MIT0604_01118,EW14_1118,tier1:gene
64.12249192,-0.119070273,0.450769319,-0.264149018,0.791665094,0.807041059,MIT0604_01119,EW14_1119,tier1:gene
1595.882624,-2.264821371,0.097125714,-23.3184527,2.88e-120,3.76e-119,MIT0604_01120,EW14_1120,tier1:gene
238.2004173,-0.239222037,0.217791528,-1.098399181,0.27203022,0.301649978,MIT0604_01121,,unresolved
235.1728836,1.775682206,0.146843793,12.09232052,1.16e-33,4.12e-33,MIT0604_01122,EW14_1122,tier1:gene
73.88435417,1.000014475,0.341123988,2.931527865,0.003372991,0.004471835,MIT0604_01123,EW14_1123,tier1:gene
7.055861298,-1.624307142,0.835544578,-1.944010154,0.051894227,0.061976361,MIT0604_01124,EW14_1124,tier1:gene
623.8807426,-1.02339933,0.140995107,-7.258403139,3.92e-13,8.03e-13,MIT0604_01125,EW14_1125,tier1:gene
11.18749089,-0.819957568,0.561851951,-1.45938368,0.144459535,0.164832034,MIT0604_01126,EW14_1126,tier1:gene
489.9332688,-1.234478028,0.130969667,-9.425678876,4.27e-21,1.14e-20,MIT0604_01127,EW14_1127,tier1:gene
40.68809708,-1.516493976,0.347728674,-4.361141567,1.29e-05,1.98e-05,MIT0604_01128,EW14_1128,tier1:gene
232.2797399,0.772023526,0.179599847,4.298575639,1.72e-05,2.61e-05,MIT0604_01129,EW14_1129,tier1:gene
646.0546958,1.430966891,0.104497183,13.69383225,1.1099999999999999e-42,4.7999999999999994e-42,MIT0604_01130,EW14_1130,tier1:gene
2816.007913,-3.551120866,0.127172098,-27.92374205,1.37e-171,3.3899999999999996e-170,MIT0604_01131,EW14_1131,tier1:gene
1339.15679,-2.827531518,0.148556166,-19.03341743,9.02e-81,7.13e-80,MIT0604_01132,EW14_1132,tier1:gene
285.3492885,2.045618607,0.1390863,14.70754923,5.77e-49,2.84e-48,MIT0604_01133,EW14_1133,tier1:gene
133.3063652,0.814026967,0.19175562,4.245127044,2.18e-05,3.29e-05,MIT0604_01134,EW14_1134,tier1:gene
914.5103649,1.197038446,0.089929998,13.31078035,2e-40,8.29e-40,MIT0604_01135,EW14_1135,tier1:gene
51.07944079,-0.375561579,0.334304981,-1.123410059,0.26126338,0.290497631,MIT0604_01136,EW14_1136,tier1:gene
275.0951571,-3.326980489,0.266515938,-12.48323276,9.22e-36,3.4700000000000003e-35,MIT0604_01137,EW14_1137,tier1:gene
181.6614805,-0.246185512,0.326668079,-0.753625862,0.451073911,0.484593893,MIT0604_01138,EW14_1138,tier1:gene
706.8843762,0.161869941,0.108894356,1.486486046,0.137150605,0.156754488,MIT0604_01139,EW14_1139,tier1:gene
309.865554,-0.931424657,0.28058287,-3.319606278,0.000901,0.001240092,MIT0604_01140,EW14_1140,tier1:gene
321.2735137,-2.73431524,0.268834278,-10.17100669,2.6699999999999998e-24,7.729999999999999e-24,MIT0604_01141,EW14_1141,tier1:gene
878.5287269,-0.527015138,0.15382812,-3.426,0.000613,0.000855,MIT0604_01142,EW14_1142,tier1:gene
104.0764259,-2.024213796,0.226699612,-8.929057186,4.3e-19,1.09e-18,MIT0604_01143,EW14_1143,tier1:gene
392.7470466,0.038970882,0.129918078,0.299965042,0.764203821,0.782162611,MIT0604_01144,EW14_1144,tier1:gene
83.84962568,-0.742731698,0.265322212,-2.799357406,0.005120443,0.006697474,MIT0604_01145,EW14_1145,tier1:gene
568.2690329,-5.22006565,0.207585247,-25.14661188,1.54e-139,2.54e-138,MIT0604_01146,EW14_1146,tier1:gene
299.8460851,-5.377039591,0.292401717,-18.38922027,1.6000000000000001e-75,1.18e-74,MIT0604_01147,EW14_1147,tier1:gene
20.53975068,0.945791912,0.402299488,2.350964741,0.018724808,0.023357515,MIT0604_01148,EW14_1148,tier1:gene
61.45759025,0.237503788,0.261898641,0.90685384,0.364484094,0.396228858,MIT0604_01149,EW14_1149,tier1:gene
57.07112883,1.70365879,0.523403338,3.254963558,0.001134069,0.001558013,MIT0604_01150,EW14_1150,tier1:gene
119.4460536,0.193354574,0.207126366,0.933510196,0.350556609,0.382918558,MIT0604_01151,EW14_1151,tier1:gene
265.852507,1.866502464,0.138808169,13.44663267,3.2199999999999997e-41,1.36e-40,MIT0604_01152,EW14_1152,tier1:gene
90.66730507,1.027359841,0.282819981,3.632557486,0.000281,0.000398,MIT0604_01153,EW14_1153,tier1:gene
5.286685622,1.439230795,0.851538763,1.690153001,0.090998687,0.10613921,MIT0604_01154,EW14_1154,tier1:gene
63.08176981,1.799268842,0.288969488,6.226501115,4.77e-10,8.83e-10,MIT0604_01155,EW14_1155,tier1:gene
54.75301842,1.31803218,0.290312556,4.540045383,5.62e-06,8.75e-06,MIT0604_01156,EW14_1156,tier1:gene
101.8091965,-0.732624468,0.386245334,-1.89678529,0.057856281,0.068656121,MIT0604_01157,EW14_1157,tier1:gene
572.7008178,-2.403181098,0.16515662,-14.550922,5.76e-48,2.78e-47,MIT0604_01158,EW14_1158,tier1:gene
78.46348443,-0.127108774,0.267565173,-0.475057247,0.63474617,0.659556046,MIT0604_01159,EW14_1159,tier1:gene
171.6188521,0.124925529,0.160005466,0.780757883,0.434944909,0.468349411,MIT0604_01160,EW14_1160,tier1:gene
131.4995547,0.07662167,0.213257569,0.359291678,0.719376899,0.739610504,MIT0604_01161,EW14_1161,tier1:gene
67.39840705,-1.233875177,0.273150452,-4.51719984,6.27e-06,9.74e-06,MIT0604_01162,EW14_1162,tier1:gene
6.636637148,0.5481699,0.825749402,0.663845348,0.506789298,0.537790406,MIT0604_01163,EW14_1163,tier1:gene
37.65813171,0.100838811,0.541172326,0.186334012,0.852182837,0.862719222,MIT0604_01164,EW14_1164,tier1:gene
195.3824671,0.056360144,0.182011094,0.309652248,0.75682542,0.775386203,MIT0604_01165,EW14_1165,tier1:gene
617.7008285,-1.716002887,0.175876832,-9.7568444,1.72e-22,4.81e-22,MIT0604_01166,EW14_1166,tier1:gene
66.71556802,-3.130659834,0.374711887,-8.354845272,6.55e-17,1.56e-16,MIT0604_01167,EW14_1167,tier1:gene
258.630274,-4.174858626,0.379930928,-10.98846742,4.34e-28,1.3600000000000002e-27,MIT0604_01168,EW14_1168,tier1:gene
116.9534406,-0.999285885,0.199794517,-5.00156811,5.69e-07,9.23e-07,MIT0604_01169,EW14_1169,tier1:gene
2.138709138,1.717329138,1.287849294,1.333486104,0.182372333,0.206252025,MIT0604_01170,EW14_1170,tier1:gene
3.702152568,1.368713304,1.095899593,1.248940426,0.211686864,0.237697757,MIT0604_01171,EW14_1171,tier1:gene
82.21456318,0.62308184,0.240744574,2.588144894,0.009649438,0.01234525,MIT0604_01172,EW14_1172,tier1:gene
444.263102,-0.789174367,0.204900151,-3.851507004,0.000117,0.00017,MIT0604_01173,EW14_1173,tier1:gene
14.03804239,2.580258415,0.679943989,3.794810246,0.000148,0.000213,MIT0604_01174,EW14_1174,tier1:gene
8929.240952,-0.479507303,0.088101147,-5.44269081,5.25e-08,8.97e-08,MIT0604_01175,EW14_1175,tier1:gene
1729.776289,-0.523445255,0.1530233,-3.420689896,0.000625,0.000871,MIT0604_01176,EW14_1176,tier1:gene
296.2063291,0.375856601,0.155042681,2.42421376,0.015341572,0.019278206,MIT0604_01177,EW14_1177,tier1:gene
2977.391273,2.066780427,0.168441361,12.27002928,1.31e-34,4.75e-34,MIT0604_01178,EW14_1178,tier1:gene
301.4505807,0.668934849,0.180187071,3.712446441,0.000205,0.000294,MIT0604_01179,EW14_1179,tier1:gene
1893.366685,3.495247711,0.125206799,27.91579807,1.72e-171,4.18e-170,MIT0604_01180,,unresolved
874.9792652,2.548227983,0.110151083,23.13393484,2.11e-118,2.6700000000000002e-117,MIT0604_01181,EW14_1181,tier1:gene
285.6655218,1.275265314,0.134759369,9.463277565,2.98e-21,8.02e-21,MIT0604_01182,EW14_1182,tier1:gene
2977.450296,-0.439651902,0.124796703,-3.52294485,0.000427,0.0006,MIT0604_01183,EW14_1183,tier1:gene
193.2359183,-1.632821407,0.298090019,-5.477611814,4.31e-08,7.42e-08,MIT0604_01184,,unresolved
5.433440974,0.683344211,0.926420177,0.737618015,0.460746605,0.4932784,MIT0604_01185,EW14_1185,tier1:gene
31.35560602,1.481221664,0.47263558,3.133961398,0.001724635,0.002339515,MIT0604_01186,EW14_1186,tier1:gene
775.3531143,2.206681558,0.176011592,12.53713768,4.68e-36,1.79e-35,MIT0604_01187,EW14_1187,tier1:gene
334.0277361,2.308959251,0.143960816,16.03880362,6.85e-58,3.9900000000000003e-57,MIT0604_01188,EW14_1188,tier1:gene
265.9159895,-0.075523483,0.179938614,-0.419718041,0.674691444,0.697169806,MIT0604_01189,EW14_1189,tier1:gene
76.28933774,0.264363498,0.433946756,0.609207222,0.542387094,0.571712864,MIT0604_01190,EW14_1190,tier1:gene
2750.551483,-3.551394548,0.171158318,-20.74917877,1.25e-95,1.22e-94,MIT0604_01191,EW14_1191,tier1:gene
84.05251069,2.247314218,0.325823205,6.897342436,5.3e-12,1.04e-11,MIT0604_01192,EW14_1192,tier1:gene
18.26295507,1.199051264,0.522385421,2.295338301,0.021713744,0.026921886,MIT0604_01193,EW14_1193,tier1:gene
223.6241626,1.368180343,0.152917489,8.947180289,3.65e-19,9.31e-19,MIT0604_01194,EW14_1194,tier1:gene
111.3303695,-0.915868124,0.199906463,-4.581483311,4.62e-06,7.2e-06,MIT0604_01195,EW14_1195,tier1:gene
258.211376,1.713722323,0.142033298,12.06563776,1.6e-33,5.67e-33,MIT0604_01196,EW14_1196,tier1:gene
173.8094988,1.569227031,0.208332653,7.53231435,4.98e-14,1.06e-13,MIT0604_01197,EW14_1197,tier1:gene
286.8821442,2.974538323,0.171081867,17.38663704,1.04e-67,7.06e-67,MIT0604_01198,EW14_1198,tier1:gene
593.7839854,2.717343029,0.127776798,21.26632592,2.33e-100,2.46e-99,MIT0604_01199,EW14_1199,tier1:gene
78.84981957,1.453656926,0.287620158,5.05408569,4.32e-07,7.08e-07,MIT0604_01200,EW14_1200,tier1:gene
1294.167387,1.216231408,0.08466621,14.36501537,8.580000000000001e-47,4.06e-46,MIT0604_01201,EW14_1201,tier1:gene
231.8519181,1.118808097,0.182488875,6.130829053,8.74e-10,1.6e-09,MIT0604_01202,EW14_1202,tier1:gene
332.9333014,0.599371763,0.162325641,3.692403489,0.000222,0.000317,MIT0604_01203,EW14_1203,tier1:gene
552.7237837,-1.074006747,0.12674602,-8.473692094,2.38e-17,5.73e-17,MIT0604_01204,EW14_1204,tier1:gene
1979.447197,-0.53702409,0.108046022,-4.970327259,6.68e-07,1.08e-06,MIT0604_01205,EW14_1205,tier1:gene
269.1923045,1.95869994,0.165423375,11.84052699,2.4100000000000003e-32,8.3e-32,MIT0604_01206,EW14_1206,tier1:gene
475.2127608,-0.16708376,0.119662688,-1.396289542,0.162627322,0.18473814,MIT0604_01207,EW14_1207,tier1:gene
1045.233062,-4.852795635,0.240681404,-20.16273612,2.08e-90,1.9099999999999997e-89,MIT0604_01208,EW14_1208,tier1:gene
491.6008319,-0.118833074,0.15725254,-0.755683019,0.449839268,0.483878603,MIT0604_01209,EW14_1209,tier1:gene
5778.423561,-2.377669572,0.096901505,-24.5369725,5.9600000000000006e-133,9.03e-132,MIT0604_01210,EW14_1210,tier1:gene
9074.130177,-3.566672296,0.109171453,-32.67037493,4.1199999999999997e-234,1.72e-232,MIT0604_01211,EW14_1211,tier1:gene
1670.232047,-0.396532598,0.133694829,-2.965953145,0.003017465,0.004018705,MIT0604_01212,EW14_1212,tier1:gene
6901.642312,-0.166412231,0.162251144,-1.025645961,0.305058495,0.335187729,MIT0604_01213,EW14_1213,tier1:gene
1450.274474,1.185903959,0.108168017,10.9635361,5.72e-28,1.79e-27,MIT0604_01214,EW14_1214,tier1:gene
1518.217857,-1.325260539,0.125676791,-10.54499024,5.36e-26,1.62e-25,MIT0604_01215,EW14_1215,tier1:gene
3011.717814,-0.478150475,0.168492627,-2.837812453,0.004542386,0.005971911,MIT0604_01216,EW14_1216,tier1:gene
708.948017,-0.977650715,0.099829081,-9.793245686,1.2e-22,3.36e-22,MIT0604_01217,EW14_1217,tier1:gene
529.1523498,1.30246774,0.131923217,9.87292282,5.46e-23,1.5400000000000001e-22,MIT0604_01218,EW14_1218,tier1:gene
640.3821124,-0.183730051,0.123136081,-1.492089479,0.13567569,0.155160644,MIT0604_01219,EW14_1219,tier1:gene
1198.761672,-0.22196527,0.093542214,-2.372888765,0.017649578,0.022043128,MIT0604_01220,EW14_1220,tier1:gene
316.9415179,0.490334136,0.160857981,3.048242513,0.002301841,0.00308975,MIT0604_01221,EW14_1221,tier1:gene
1375.77546,1.501658874,0.08772735,17.11733997,1.1e-65,7.23e-65,MIT0604_01222,EW14_1222,tier1:gene
1148.959506,1.872115856,0.101358247,18.47028647,3.58e-76,2.68e-75,MIT0604_01223,EW14_1223,tier1:gene
2265.616687,0.028545992,0.095895012,0.297679633,0.765947689,0.783555682,MIT0604_01224,EW14_1224,tier1:gene
7726.380235,-1.926847735,0.120674589,-15.96730313,2.1600000000000002e-57,1.25e-56,MIT0604_01225,EW14_1225,tier1:gene
137.0739889,-1.574942833,0.196142792,-8.029572818,9.78e-16,2.18e-15,MIT0604_01226,EW14_1226,tier1:gene
1290.583317,0.276686135,0.12889569,2.146589508,0.031825976,0.038870986,MIT0604_01228,EW14_1228,tier1:gene
413.46423,-0.368064252,0.159199191,-2.311973129,0.020779164,0.025854355,MIT0604_01229,EW14_1229,tier1:gene
608.0375924,-1.554586692,0.134790282,-11.53337366,8.96e-31,3.01e-30,MIT0604_01230,EW14_1230,tier1:gene
8307.065945,-1.003455984,0.144396996,-6.949285721,3.67e-12,7.28e-12,MIT0604_01231,EW14_1231,tier1:gene
948.114451,0.124255777,0.138099659,0.899754407,0.368250962,0.399899056,MIT0604_01232,EW14_1232,tier1:gene
58.69358409,2.853511546,0.392484582,7.270378705,3.58e-13,7.38e-13,MIT0604_01233,EW14_1233,tier1:gene
884.2051094,0.133785113,0.148984953,0.897977353,0.369197623,0.400714494,MIT0604_01234,EW14_1234,tier1:gene
646.6876736,0.434827351,0.12348443,3.521313181,0.000429,0.000603,MIT0604_01235,EW14_1235,tier1:gene
557.8946744,0.417817302,0.108610237,3.846942165,0.00012,0.000173,MIT0604_01236,EW14_1236,tier1:gene
1054.150482,3.645186351,0.182191695,20.00742323,4.7499999999999994e-89,4.28e-88,MIT0604_01237,EW14_1237,tier1:gene
1777.270806,1.159024425,0.131803262,8.793594364,1.45e-18,3.61e-18,MIT0604_01238,EW14_1238,tier1:gene
19295.96244,-0.09135554,0.09813941,-0.930875165,0.351918143,0.383791389,MIT0604_01239,EW14_1239,tier1:gene
265.2168395,0.731296462,0.304582104,2.400983029,0.016351095,0.020458858,MIT0604_01240,EW14_1240,tier1:gene
963.974183,-1.539189691,0.093378456,-16.48334919,4.83e-61,2.95e-60,MIT0604_01241,EW14_1241,tier1:gene
330.1614982,-0.327331776,0.138367946,-2.365661888,0.017997873,0.022464418,MIT0604_01242,EW14_1242,tier1:gene
748.1112783,0.661543355,0.129046812,5.126382782,2.95e-07,4.87e-07,MIT0604_01243,EW14_1243,tier1:gene
841.2010869,0.800491066,0.096853463,8.264971058,1.4e-16,3.28e-16,MIT0604_01244,EW14_1244,tier1:gene
527.0175557,1.175345602,0.136377131,8.618348201,6.79e-18,1.66e-17,MIT0604_01245,EW14_1245,tier1:gene
295.4316314,2.19339072,0.137369347,15.96710445,2.17e-57,1.25e-56,MIT0604_01246,EW14_1246,tier1:gene
325.2065331,1.120885669,0.1768043,6.339696895,2.3e-10,4.3e-10,MIT0604_01247,EW14_1247,tier1:gene
316.6632755,-0.316504251,0.193959514,-1.631805754,0.102720413,0.119199935,MIT0604_01248,EW14_1248,tier1:gene
1340.619712,-0.21778426,0.110814454,-1.965305535,0.049378885,0.059144867,MIT0604_01249,EW14_1249,tier1:gene
744.7023223,0.231121679,0.163077518,1.41725041,0.156409728,0.177971492,MIT0604_01250,EW14_1250,tier1:gene
335.3552479,-2.379243437,0.354558076,-6.710447733,1.94e-11,3.74e-11,MIT0604_01251,EW14_1251,tier1:gene
3823.086723,-3.518297955,0.099807742,-35.25075189,3.34e-272,1.6699999999999999e-270,MIT0604_01252,EW14_1252,tier1:gene
147.7819257,3.100763306,0.224038216,13.84033208,1.4600000000000002e-43,6.46e-43,MIT0604_01253,EW14_1253,tier1:gene
393.6920164,3.305103658,0.223293399,14.8016183,1.43e-49,7.07e-49,MIT0604_01254,EW14_1254,tier1:gene
66.67139764,1.700957419,0.285812402,5.951307247,2.66e-09,4.81e-09,MIT0604_01255,EW14_1255,tier1:gene
588.8459567,0.363615705,0.137484776,2.644770683,0.00817463,0.010510972,MIT0604_01256,EW14_1256,tier1:gene
471.3031844,-2.149605134,0.16599413,-12.94988648,2.35e-38,9.369999999999999e-38,MIT0604_01257,EW14_1257,tier1:gene
749.1455887,-1.864810799,0.188829045,-9.875656567,5.31e-23,1.5e-22,MIT0604_01258,EW14_1258,tier1:gene
366.7001968,1.541538391,0.139805321,11.02632134,2.8499999999999997e-28,8.98e-28,MIT0604_01259,EW14_1259,tier1:gene
970.1146011,0.416144431,0.105888351,3.930030326,8.49e-05,0.000124,MIT0604_01260,EW14_1260,tier1:gene
581.2984261,-0.301968515,0.119856835,-2.519410058,0.011755167,0.014918597,MIT0604_01261,EW14_1261,tier1:gene
1900.177182,-0.949077725,0.117775315,-8.058375611,7.73e-16,1.74e-15,MIT0604_01262,EW14_1262,tier1:gene
128.490007,-0.583789977,0.18162005,-3.214347631,0.001307413,0.001787758,MIT0604_01263,EW14_1263,tier1:gene
5227.344115,-1.61315913,0.168436028,-9.577280741,9.96e-22,2.7100000000000004e-21,MIT0604_01264,EW14_1264,tier1:gene
213.1153435,0.662186206,0.16130082,4.105287296,4.04e-05,5.99e-05,MIT0604_01265,EW14_1265,tier1:gene
953.7921771,0.535508837,0.159930443,3.348385869,0.000813,0.001120457,MIT0604_01266,EW14_1266,tier1:gene
3864.788169,-2.273125405,0.172261619,-13.19577403,9.28e-40,3.81e-39,MIT0604_01267,EW14_1267,tier1:gene
813.6626833,-3.047315886,0.115999253,-26.27013363,4.21e-152,8.45e-151,MIT0604_01268,EW14_1268,tier1:gene
2.879041595,-1.915342556,1.160871138,-1.649918318,0.098959644,0.115096813,MIT0604_01270,EW14_1270,tier1:gene
10442.06625,0.95083009,0.474035403,2.005820842,0.044875366,0.054003454,MIT0604_01271,EW14_1271,tier1:gene
31.74176197,-4.084701287,0.503048079,-8.119902373,4.67e-16,1.07e-15,MIT0604_01272,EW14_1272,tier1:gene
262204.214,-2.420994728,0.173422232,-13.96011744,2.73e-44,1.2400000000000001e-43,MIT0604_01273,EW14_1273,tier1:gene
2351.636752,-3.905422256,0.100563796,-38.83527099,0.0,0.0,MIT0604_01274,EW14_1274,tier1:gene
2597.272552,-0.163052265,0.158108641,-1.031267261,0.302415507,0.33246216,MIT0604_01275,EW14_1275,tier1:gene
1389.437536,1.436218796,0.113815863,12.61879282,1.66e-36,6.41e-36,MIT0604_01276,EW14_1276,tier1:gene
611.9233879,1.253270758,0.175518184,7.140404071,9.31e-13,1.89e-12,MIT0604_01277,EW14_1277,tier1:gene
405.394764,-0.468261634,0.157358882,-2.975755982,0.002922673,0.003894995,MIT0604_01278,EW14_1278,tier1:gene
1058.22646,-0.374583782,0.09567471,-3.915180751,9.03e-05,0.000132,MIT0604_01279,EW14_1279,tier1:gene
309.2622157,0.927973925,0.143285445,6.476400484,9.39e-11,1.77e-10,MIT0604_01280,EW14_1280,tier1:gene
202.520231,-0.830707792,0.201743518,-4.117643039,3.83e-05,5.69e-05,MIT0604_01281,EW14_1281,tier1:gene
629.923852,-2.039846182,0.11234246,-18.1573928,1.1200000000000001e-73,8.090000000000001e-73,MIT0604_01282,EW14_1282,tier1:gene
30.2502605,2.984138916,0.56865655,5.247699892,1.54e-07,2.58e-07,MIT0604_01283,EW14_1283,tier1:gene
23.69153781,1.868017645,0.438608411,4.258964483,2.05e-05,3.1e-05,MIT0604_01284,EW14_1284,tier1:gene
487.3543734,0.975346548,0.186174195,5.23889225,1.62e-07,2.7e-07,MIT0604_01286,EW14_1286,tier1:gene
1313.95206,5.153068471,0.188805504,27.29299923,5.14e-164,1.14e-162,MIT0604_01287,EW14_1287,tier1:gene
151.7699076,1.96137801,0.188644371,10.3972252,2.55e-25,7.58e-25,MIT0604_01288,EW14_1288,tier1:gene
16929.10365,-2.104547727,0.108668122,-19.36674426,1.47e-83,1.2099999999999999e-82,MIT0604_01289,EW14_1289,tier1:gene
40.65256368,-0.16234884,0.318659867,-0.509473758,0.610420188,0.63751537,MIT0604_01290,EW14_1290,tier1:gene
257.2395518,0.263198295,0.133418263,1.972730641,0.048526259,0.058157642,MIT0604_01291,EW14_1291,tier1:gene
111.9293907,0.159441588,0.268745657,0.593280613,0.552993371,0.581395702,MIT0604_01292,EW14_1292,tier1:gene
1942.622517,-0.743886807,0.136188819,-5.462172403,4.7e-08,8.06e-08,MIT0604_01293,EW14_1293,tier1:gene
411.3118542,-0.38850359,0.123230737,-3.152651693,0.001617947,0.002202087,MIT0604_01294,EW14_1294,tier1:gene
244.2452418,-0.279399414,0.167986078,-1.663229585,0.096266488,0.112091866,MIT0604_01295,EW14_1295,tier1:gene
160.7757616,0.419792199,0.231135513,1.816216789,0.069337124,0.08166461,MIT0604_01296,EW14_1296,tier1:gene
335.4135167,1.576551676,0.152787676,10.31857878,5.81e-25,1.7e-24,MIT0604_01297,EW14_1297,tier1:gene
577.04347,-0.218361687,0.142774699,-1.529414445,0.126161734,0.144760689,MIT0604_01298,EW14_1298,tier1:gene
420.7413373,0.361642366,0.17001502,2.127120101,0.033410105,0.040636058,MIT0604_01299,EW14_1299,tier1:gene
219.5717489,-0.239542532,0.179931197,-1.331300725,0.18309008,0.206949416,MIT0604_01300,EW14_1300,tier1:gene
139.4497774,2.214980261,0.251992946,8.789850254,1.5e-18,3.72e-18,MIT0604_01301,EW14_1301,tier1:gene
1328.229413,1.689007401,0.137896623,12.24835945,1.7099999999999998e-34,6.2e-34,MIT0604_01302,EW14_1302,tier1:gene
1669.552569,3.727185199,0.166777047,22.34831029,1.2500000000000001e-110,1.48e-109,MIT0604_01303,EW14_1303,tier1:gene
59.26964921,-0.649595011,0.265182055,-2.44961904,0.014300743,0.017992391,MIT0604_01304,EW14_1304,tier1:gene
89.31939708,1.967929586,0.275450235,7.144410636,9.04e-13,1.84e-12,MIT0604_01305,EW14_1305,tier1:gene
127.8276603,1.669494469,0.185040734,9.022307841,1.84e-19,4.75e-19,MIT0604_01306,EW14_1306,tier1:gene
185.2881032,-2.20754017,0.214258183,-10.30317787,6.82e-25,1.99e-24,MIT0604_01307,EW14_1307,tier1:gene
8.012635928,0.983064684,0.7751425,1.268237367,0.204713196,0.230246106,MIT0604_01308,EW14_1308,tier1:gene
287.1426723,-1.630959095,0.156526276,-10.41971443,2.02e-25,6.03e-25,MIT0604_01309,EW14_1309,tier1:gene
286.0743338,-1.587080043,0.191211817,-8.300114852,1.04e-16,2.45e-16,MIT0604_01310,EW14_1310,tier1:gene
39.5038208,-0.647249674,0.507797402,-1.274621871,0.202443113,0.228068823,MIT0604_01311,EW14_1311,tier1:gene
12.87575703,1.534189984,0.568032223,2.70088548,0.006915515,0.008956799,MIT0604_01312,EW14_1312,tier1:gene
319.0197305,0.788591322,0.135478882,5.82076933,5.86e-09,1.04e-08,MIT0604_01313,EW14_1313,tier1:gene
503.4683284,-0.982634787,0.139255515,-7.056343774,1.71e-12,3.44e-12,MIT0604_01314,EW14_1314,tier1:gene
283.626151,-4.827674594,0.416316513,-11.59616409,4.31e-31,1.4599999999999999e-30,MIT0604_01315,EW14_1315,tier1:gene
129.0794458,-0.184919102,0.257699361,-0.717576873,0.473018222,0.505359238,MIT0604_01316,EW14_1316,tier1:gene
164.3295259,0.090839452,0.185954967,0.488502426,0.625194008,0.650952255,MIT0604_01317,EW14_1317,tier1:gene
86.10320673,-0.964377822,0.284158516,-3.393802288,0.000689,0.000956,MIT0604_01318,EW14_1318,tier1:gene
236.6145454,-3.001010216,0.265757262,-11.29229808,1.43e-29,4.65e-29,MIT0604_01319,EW14_1319,tier1:gene
133.6193435,-1.817062163,0.416871295,-4.358808544,1.31e-05,1.99e-05,MIT0604_01320,EW14_1320,tier1:gene
21.02575725,0.355822981,0.516818436,0.688487398,0.491145903,0.522585257,MIT0604_01321,EW14_1321,tier1:gene
56.52836513,0.570507652,0.402707835,1.416678798,0.156576858,0.178062683,MIT0604_01322,EW14_1322,tier1:gene
32.3633196,-0.785345517,0.386070102,-2.034204445,0.041930987,0.050608921,MIT0604_01323,EW14_1323,tier1:gene
1.320116044,0.376542487,1.90923556,0.197221597,0.84365413,0.855778,MIT0604_01324,EW14_1324,tier1:gene
36.28250175,-1.904185841,0.423999441,-4.491010265,7.09e-06,1.1e-05,MIT0604_01325,EW14_1325,tier1:gene
211.9953528,-0.908229262,0.148938778,-6.098003979,1.07e-09,1.97e-09,MIT0604_01326,EW14_1326,tier1:gene
184.9161326,-1.992921251,0.192612646,-10.34678299,4.33e-25,1.2699999999999999e-24,MIT0604_01327,EW14_1327,tier1:gene
484.3082758,-3.035234814,0.156606993,-19.38122143,1.11e-83,9.18e-83,MIT0604_01328,EW14_1328,tier1:gene
1245.794034,-1.930831474,0.131397773,-14.6945525,6.99e-49,3.4199999999999996e-48,MIT0604_01329,EW14_1329,tier1:gene
157.3085247,-0.394367412,0.233058892,-1.6921363,0.090619989,0.105757763,MIT0604_01330,EW14_1330,tier1:gene
108.5417711,-0.602586636,0.244647607,-2.463080034,0.013774916,0.017352156,MIT0604_01331,EW14_1331,tier1:gene
63.68894992,-0.046653349,0.275197855,-0.169526571,0.865382474,0.874784161,MIT0604_01332,EW14_1332,tier1:gene
722.071347,0.521836795,0.106168729,4.91516476,8.87e-07,1.43e-06,MIT0604_01333,EW14_1333,tier1:gene
172.5847333,2.221166381,0.18669687,11.8971806,1.22e-32,4.2700000000000004e-32,MIT0604_01334,EW14_1334,tier1:gene
460.9697918,1.024737394,0.13806116,7.422343796,1.15e-13,2.4e-13,MIT0604_01335,EW14_1335,tier1:gene
21.80384463,-0.849084502,0.464943948,-1.826208309,0.06781889,0.080014564,MIT0604_01336,EW14_1336,tier1:gene
2021.239375,0.404572882,0.222118108,1.821431332,0.068541316,0.080820319,MIT0604_01337,EW14_1337,tier1:gene
3172.645044,0.484950782,0.170296625,2.847682866,0.004403879,0.00579726,MIT0604_01338,EW14_1338,tier1:gene
260.6055543,-2.567477333,0.216120274,-11.87985414,1.51e-32,5.23e-32,MIT0604_01339,EW14_1339,tier1:gene
137.0259614,-1.959238099,0.229524305,-8.536081168,1.39e-17,3.37e-17,MIT0604_01340,EW14_1340,tier1:gene
114.0903424,-1.163581536,0.230000697,-5.059034825,4.21e-07,6.91e-07,MIT0604_01341,EW14_1341,tier1:gene
129.6596376,-1.66545803,0.252682763,-6.591102663,4.37e-11,8.29e-11,MIT0604_01342,EW14_1342,tier1:gene
55.39710314,2.342805192,0.362712735,6.45912031,1.05e-10,1.98e-10,MIT0604_01343,EW14_1343,tier1:gene
208.6933468,-2.994200115,0.253685892,-11.80278529,3.7800000000000004e-32,1.2900000000000001e-31,MIT0604_01344,EW14_1344,tier1:gene
384.5638443,-3.595981252,0.237977479,-15.1105948,1.38e-51,7.24e-51,MIT0604_01345,EW14_1345,tier1:gene
171.8630203,-1.187179338,0.257095085,-4.617666415,3.88e-06,6.07e-06,MIT0604_01346,EW14_1346,tier1:gene
106.7964027,0.400916906,0.206477064,1.94170189,0.0521732,0.062273201,MIT0604_01347,EW14_1347,tier1:gene
129.1942905,0.944174541,0.181521171,5.201456869,1.98e-07,3.29e-07,MIT0604_01348,EW14_1348,tier1:gene
940.4532478,1.104654257,0.240901761,4.585496809,4.53e-06,7.07e-06,MIT0604_01349,EW14_1349,tier1:gene
376.3003422,0.159558914,0.268883484,0.593412847,0.552904893,0.581395702,MIT0604_01350,EW14_1350,tier1:gene
425.0737082,0.524991295,0.13046546,4.023986861,5.72e-05,8.42e-05,MIT0604_01351,EW14_1351,tier1:gene
9870.408634,1.430464466,0.122874644,11.6416571,2.53e-31,8.580000000000001e-31,MIT0604_01352,EW14_1352,tier1:gene
235.0291039,3.337166625,0.4385839,7.608958343,2.76e-14,5.89e-14,MIT0604_01353,EW14_1353,tier1:gene
617.7135477,2.495482009,0.288493532,8.650044903,5.15e-18,1.27e-17,MIT0604_01354,EW14_1354,tier1:gene
274.4957848,2.141124496,0.594525122,3.601402895,0.000317,0.000448,MIT0604_01355,EW14_1355,tier1:gene
272.2365754,-1.088471327,0.187882882,-5.79335016,6.9e-09,1.23e-08,MIT0604_01356,EW14_1356,tier1:gene
49.0422226,-1.32003101,0.301572179,-4.377164418,1.2e-05,1.84e-05,MIT0604_01357,EW14_1357,tier1:gene
96.08894067,-0.662231072,0.356511692,-1.857529742,0.063235824,0.074779741,MIT0604_01358,EW14_1358,tier1:gene
1900.747871,0.57331322,0.098099979,5.844172685,5.09e-09,9.11e-09,MIT0604_01359,EW14_1359,tier1:gene
107.9745267,0.189242634,0.375983465,0.503327011,0.614734379,0.641366602,MIT0604_01360,EW14_1360,tier1:gene
78.66006533,-0.154387896,0.525921759,-0.293556777,0.769096608,0.785426986,MIT0604_01361,EW14_1361,tier1:gene
130.7025951,-1.034114054,0.406422262,-2.544432601,0.010945543,0.013933786,MIT0604_01362,EW14_1362,tier1:gene
160.8394269,-1.034377895,0.22028802,-4.695570354,2.66e-06,4.2e-06,MIT0604_01363,EW14_1363,tier1:gene
148.0469169,-1.359146536,0.187695098,-7.241246831,4.45e-13,9.09e-13,MIT0604_01364,EW14_1364,tier1:gene
5418.01012,-1.905324295,0.137726952,-13.83406999,1.59e-43,7.030000000000001e-43,MIT0604_01365,EW14_1365,tier1:gene
1757.272766,-1.263509133,0.122719653,-10.29589887,7.35e-25,2.14e-24,MIT0604_01366,EW14_1366,tier1:gene
374.7359179,-0.355742314,0.1387548,-2.563819869,0.010352726,0.013203757,MIT0604_01367,EW14_1367,tier1:gene
228.1636696,-3.191765528,0.248706209,-12.83347746,1.06e-37,4.1800000000000006e-37,MIT0604_01368,EW14_1368,tier1:gene
359.2443621,-4.231434457,0.253280244,-16.70653179,1.17e-62,7.4e-62,MIT0604_01369,EW14_1369,tier1:gene
261.2847247,1.461507643,0.157277436,9.292544924,1.51e-20,3.98e-20,MIT0604_01370,EW14_1370,tier1:gene
258.1314887,3.535884165,0.173154863,20.42035726,1.1e-92,1.05e-91,MIT0604_01371,EW14_1371,tier1:gene
208.8160431,3.879844569,0.239489678,16.2004668,5e-59,2.9800000000000002e-58,MIT0604_01372,EW14_1372,tier1:gene
55.9019164,-1.600592467,0.314055467,-5.096527952,3.46e-07,5.67e-07,MIT0604_01373,EW14_1373,tier1:gene
14379.53798,5.567819959,0.23150763,24.05026546,8.29e-128,1.17e-126,MIT0604_01374,EW14_1374,tier1:gene
25560.03459,5.532686186,0.144511003,38.28557054,0.0,0.0,MIT0604_01375,EW14_1375,tier1:gene
18777.50606,5.856079213,0.142492285,41.09751773,0.0,0.0,MIT0604_01376,EW14_1376,tier1:gene
19518.79865,5.560728122,0.135507982,41.03616661,0.0,0.0,MIT0604_01377,EW14_1377,tier1:gene
61.03561964,-0.179476322,0.367380435,-0.488529885,0.625174563,0.650952255,MIT0604_01378,EW14_1378,tier1:gene
35.48249375,2.75403249,0.476388477,5.781064449,7.42e-09,1.31e-08,MIT0604_01379,EW14_1379,tier1:gene
84.5221482,1.799195219,0.342673578,5.250463814,1.52e-07,2.54e-07,MIT0604_01380,EW14_1380,tier1:gene
479.4676558,-0.180889984,0.164339992,-1.100705813,0.271024715,0.300697882,MIT0604_01381,EW14_1381,tier1:gene
831.5505693,-0.754745268,0.161339835,-4.677984618,2.9e-06,4.56e-06,MIT0604_01382,EW14_1382,tier1:gene
1253.244236,-1.044560319,0.090920673,-11.48869976,1.5e-30,5.01e-30,MIT0604_01383,EW14_1383,tier1:gene
725.2514081,0.972797417,0.107557261,9.04446066,1.5e-19,3.9e-19,MIT0604_01384,EW14_1384,tier1:gene
1125.944109,1.135011834,0.142444073,7.968122553,1.61e-15,3.56e-15,MIT0604_01385,EW14_1385,tier1:gene
596.4700724,0.85519316,0.103091161,8.295504174,1.08e-16,2.54e-16,MIT0604_01386,EW14_1386,tier1:gene
1484.212772,-0.896346705,0.094372516,-9.497963434,2.14e-21,5.77e-21,MIT0604_01387,EW14_1387,tier1:gene
335.9413775,-0.609261831,0.139361476,-4.371809552,1.23e-05,1.88e-05,MIT0604_01388,EW14_1388,tier1:gene
826.2985857,-0.03487339,0.09530287,-0.365921717,0.714423491,0.734886878,MIT0604_01389,EW14_1389,tier1:gene
5870.624532,-0.098316919,0.105939516,-0.928047651,0.353382852,0.385183546,MIT0604_01390,EW14_1390,tier1:gene
1663.243682,-0.463431727,0.083467561,-5.552237547,2.82e-08,4.88e-08,MIT0604_01391,EW14_1391,tier1:gene
2245.811783,-0.27503628,0.102072154,-2.694528034,0.00704884,0.009120717,MIT0604_01392,EW14_1392,tier1:gene
6402.259044,-4.435374377,0.129300178,-34.30292551,7.1e-258,3.23e-256,MIT0604_01393,EW14_1393,tier1:gene
1478.693766,-4.303174084,0.141094028,-30.49862677,2.7199999999999998e-204,8.43e-203,MIT0604_01394,EW14_1394,tier1:gene
3713.824255,0.761514835,0.14469472,5.262906861,1.42e-07,2.38e-07,MIT0604_01395,EW14_1395,tier1:gene
5660.171512,-1.520276404,0.081073036,-18.75193626,1.87e-78,1.43e-77,MIT0604_01396,EW14_1396,tier1:gene
5172.894465,-1.254413237,0.446248907,-2.811016942,0.004938519,0.006476071,MIT0604_01397,EW14_1397,tier1:gene
3848.734372,-2.85270871,0.08840076,-32.27018303,1.83e-228,6.7e-227,MIT0604_01398,,unresolved
427.9969458,-4.93988435,0.246318628,-20.0548549,1.8299999999999998e-89,1.66e-88,MIT0604_01399,EW14_1399,tier1:gene
767.4245672,2.347081553,0.097486751,24.07590286,4.47e-128,6.36e-127,MIT0604_01400,EW14_1400,tier1:gene
1795.907552,0.102234751,0.194619895,0.525304728,0.599371371,0.627577082,MIT0604_01401,EW14_1401,tier1:gene
273.6640435,0.115751518,0.154552201,0.748947716,0.453888719,0.486955035,MIT0604_01402,EW14_1402,tier1:gene
945.1918459,-0.703430588,0.085128214,-8.263189791,1.42e-16,3.33e-16,MIT0604_01403,EW14_1403,tier1:gene
113200.8563,-2.022925093,0.155583229,-13.00220534,1.19e-38,4.77e-38,MIT0604_01404,EW14_1404,tier1:gene
180183.1865,-1.400254116,0.134123206,-10.44005849,1.63e-25,4.88e-25,MIT0604_01405,EW14_1405,tier1:gene
493.0673803,2.490034923,0.17591409,14.154835,1.74e-45,8.06e-45,MIT0604_01406,EW14_1406,tier1:gene
755.4126164,0.82074326,0.096378829,8.515804452,1.65e-17,4e-17,MIT0604_01407,EW14_1407,tier1:gene
82.06795398,0.441037989,0.223298764,1.975102691,0.048256496,0.057868217,MIT0604_01408,EW14_1408,tier1:gene
9695.678592,3.844844811,0.14890529,25.82074023,5.19e-147,9.569999999999999e-146,MIT0604_01409,EW14_1409,tier1:gene
8900.096234,0.184089079,0.162215259,1.134844409,0.256440515,0.285445207,MIT0604_01410,EW14_1410,tier1:gene
44.89786475,-0.465176195,0.409841963,-1.135013585,0.256369626,0.285445207,MIT0604_01411,EW14_1411,tier1:gene
272.2141025,-0.66960598,0.144466369,-4.635030168,3.57e-06,5.59e-06,MIT0604_01412,EW14_1412,tier1:gene
298.6662584,-0.309844225,0.148521992,-2.086184148,0.036961946,0.044769883,MIT0604_01413,EW14_1413,tier1:gene
300.8813151,0.343918287,0.198263833,1.734649639,0.082802881,0.096911091,MIT0604_01414,EW14_1414,tier1:gene
385.917837,0.155686201,0.128916994,1.207646843,0.227183133,0.254400368,MIT0604_01415,EW14_1415,tier1:gene
257.5064019,0.646740017,0.167835444,3.853417381,0.000116,0.000169,MIT0604_01416,EW14_1416,tier1:gene
261.7644003,1.615976552,0.170401521,9.483345821,2.4600000000000003e-21,6.6300000000000006e-21,MIT0604_01417,EW14_1417,tier1:gene
345.2437567,1.538161542,0.181336491,8.482360775,2.21e-17,5.33e-17,MIT0604_01418,EW14_1418,tier1:gene
1890.632887,-0.135701336,0.076147028,-1.782096276,0.074733533,0.087818336,MIT0604_01419,EW14_1419,tier1:gene
926.714393,1.2477198,0.093338665,13.3676628,9.34e-41,3.91e-40,MIT0604_01420,EW14_1420,tier1:gene
112.8052254,1.354970581,0.258566431,5.240318995,1.6e-07,2.68e-07,MIT0604_01421,EW14_1421,tier1:gene
186.2229955,1.699624827,0.210344058,8.080213176,6.47e-16,1.46e-15,MIT0604_01422,EW14_1422,tier1:gene
2517.523263,-1.409645642,0.267840083,-5.263012263,1.42e-07,2.38e-07,MIT0604_01424,EW14_1424,tier1:gene
121.7345656,-0.213654348,0.20199698,-1.057710605,0.290187399,0.319878086,MIT0604_01425,EW14_1425,tier1:gene
1496.587728,-2.225810407,0.226775048,-9.815058707,9.699999999999999e-23,2.72e-22,MIT0604_01426,EW14_1426,tier1:gene
90052.05837,-2.314177244,0.391650077,-5.90878792,3.45e-09,6.2e-09,MIT0604_01427,EW14_1427,tier1:gene
897.6530912,-0.062308848,0.143664725,-0.433710141,0.664498942,0.687679138,MIT0604_01428,EW14_1428,tier1:gene
690.8081834,-0.084258553,0.144893721,-0.581519697,0.560890247,0.58909304,MIT0604_01429,EW14_1429,tier1:gene
479.341363,-0.598858478,0.112509622,-5.322731206,1.02e-07,1.73e-07,MIT0604_01430,EW14_1430,tier1:gene
133.9272549,-1.749760326,0.333766863,-5.242462681,1.58e-07,2.65e-07,MIT0604_01431,EW14_1431,tier1:gene
81.82970636,-0.242757238,0.228406384,-1.062830356,0.287858891,0.31765345,MIT0604_01432,EW14_1432,tier1:gene
1316.209959,-2.19369532,0.147024924,-14.92056766,2.42e-50,1.24e-49,MIT0604_01433,EW14_1433,tier1:gene
225.973534,-1.185273563,0.211005353,-5.617267749,1.94e-08,3.39e-08,MIT0604_01434,EW14_1434,tier1:gene
30482.12556,-2.690431411,0.29217521,-9.20828091,3.31e-20,8.69e-20,MIT0604_01435,EW14_1435,tier1:gene
6049.803551,-2.904558345,0.505600696,-5.744767304,9.2e-09,1.62e-08,MIT0604_01436,EW14_1436,tier1:gene
126.8213386,0.370663076,0.179075259,2.06987318,0.038464222,0.046506948,MIT0604_01437,EW14_1437,tier1:gene
33.63143007,1.150952148,0.406202289,2.833445747,0.004604912,0.006050228,MIT0604_01438,EW14_1438,tier1:gene
181.4521393,-1.546349682,0.184930356,-8.361794761,6.18e-17,1.47e-16,MIT0604_01439,EW14_1439,tier1:gene
240.0020257,0.450183548,0.146627705,3.070248887,0.002138805,0.002882247,MIT0604_01440,EW14_1440,tier1:gene
123.3450888,-0.026369277,0.275989523,-0.095544485,0.923882358,0.928873864,MIT0604_01441,EW14_1441,tier1:gene
914.836391,-0.046399396,0.13106044,-0.35403052,0.723316011,0.742914136,MIT0604_01442,EW14_1442,tier1:gene
466.0791529,-0.22510868,0.106646961,-2.110783824,0.034790897,0.042265262,MIT0604_01443,EW14_1443,tier1:gene
663.0770702,-0.696810739,0.104219522,-6.685990571,2.29e-11,4.41e-11,MIT0604_01444,EW14_1444,tier1:gene
1332.370307,-3.05937969,0.146398492,-20.89761749,5.63e-97,5.7e-96,MIT0604_01445,EW14_1445,tier1:gene
595.0273931,-1.649175169,0.157836929,-10.44860146,1.49e-25,4.47e-25,MIT0604_01446,EW14_1446,tier1:gene
1913.636156,-1.225786247,0.11349834,-10.80003681,3.44e-27,1.06e-26,MIT0604_01447,,unresolved
1717.730052,-3.299040289,0.168987662,-19.52237365,7.09e-85,5.95e-84,MIT0604_01448,EW14_1448,tier1:gene
2277.716585,-3.351275346,0.102927605,-32.55953883,1.5299999999999999e-232,6.04e-231,MIT0604_01449,EW14_1449,tier1:gene
1310.195234,-2.214139239,0.165745732,-13.35865006,1.0499999999999999e-40,4.4e-40,MIT0604_01450,EW14_1450,tier1:gene
20793.27445,-1.838768267,0.14035252,-13.10107057,3.25e-39,1.31e-38,MIT0604_01451,EW14_1451,tier1:gene
2938.395997,0.977172719,0.141008774,6.929871737,4.21e-12,8.31e-12,MIT0604_01452,EW14_1452,tier1:gene
3296.747564,0.590738853,0.117615787,5.022615319,5.1e-07,8.32e-07,MIT0604_01453,EW14_1453,tier1:gene
2177.141612,1.665734288,0.109987664,15.14473746,8.209999999999999e-52,4.33e-51,MIT0604_01454,EW14_1454,tier1:gene
6161.913576,-0.741416758,0.131502587,-5.638039346,1.72e-08,3.01e-08,MIT0604_01455,EW14_1455,tier1:gene
34123.18345,-0.573693257,0.089375187,-6.418932117,1.37e-10,2.57e-10,MIT0604_01456,EW14_1456,tier1:gene
580.0817802,-0.612669271,0.122449869,-5.00342935,5.63e-07,9.15e-07,MIT0604_01457,EW14_1457,tier1:gene
735.8520041,2.696746658,0.104911078,25.70507061,1.03e-145,1.81e-144,MIT0604_01458,EW14_1458,tier1:gene
27.35971248,2.191239726,0.427572082,5.124842848,2.98e-07,4.91e-07,MIT0604_01459,EW14_1459,tier1:gene
342.710382,-1.325450229,0.336741666,-3.936104026,8.28e-05,0.000121,MIT0604_01460,EW14_1460,tier1:gene
758.6764991,1.391107517,0.116993804,11.89043752,1.33e-32,4.6200000000000004e-32,MIT0604_01462,EW14_1462,tier1:gene
1705.161921,-1.554170737,0.129711507,-11.98174916,4.43e-33,1.5600000000000002e-32,MIT0604_01463,EW14_1463,tier1:gene
448.6287985,1.587889763,0.124079412,12.79736694,1.7e-37,6.610000000000001e-37,MIT0604_01464,EW14_1464,tier1:gene
541.9785418,1.151804801,0.133415006,8.633247783,5.96e-18,1.46e-17,MIT0604_01465,EW14_1465,tier1:gene
202.3258636,1.569997006,0.306026821,5.130259498,2.89e-07,4.78e-07,MIT0604_01466,EW14_1466,tier1:gene
98.88823094,-1.0431474,0.523284683,-1.993460603,0.046211033,0.055539369,MIT0604_01467,EW14_1467,tier1:gene
182.1006472,-0.508550933,0.181111792,-2.807939388,0.004985961,0.006529918,MIT0604_01468,EW14_1468,tier1:gene
74.5678453,1.244870758,0.307137899,4.053133019,5.05e-05,7.45e-05,MIT0604_01469,EW14_1469,tier1:gene
786.3976674,0.918837507,0.101853029,9.021209453,1.86e-19,4.8e-19,MIT0604_01470,EW14_1470,tier1:gene
657.4436076,1.650419262,0.134470085,12.27350497,1.2599999999999999e-34,4.57e-34,MIT0604_01471,EW14_1471,tier1:gene
406.4930953,2.801075955,0.138167184,20.27309141,2.22e-91,2.1e-90,MIT0604_01472,EW14_1472,tier1:gene
601.4897662,1.670915107,0.104690135,15.96057841,2.4e-57,1.38e-56,MIT0604_01473,EW14_1473,tier1:gene
606.3109147,1.439140855,0.124858136,11.52620804,9.73e-31,3.26e-30,MIT0604_01474,EW14_1474,tier1:gene
547.4995918,0.761089773,0.127052896,5.990337881,2.09e-09,3.8e-09,MIT0604_01475,EW14_1475,tier1:gene
254.7456974,-0.657718499,0.209022327,-3.146642319,0.001651569,0.002244861,MIT0604_01476,EW14_1476,tier1:gene
190.3398971,0.679639479,0.192936324,3.522610276,0.000427,0.000601,MIT0604_01477,EW14_1477,tier1:gene
614.5426109,0.127961864,0.146982538,0.870592289,0.383976808,0.415433682,MIT0604_01478,EW14_1478,tier1:gene
91.75110425,1.371236633,0.366075593,3.745774535,0.00018,0.000258,MIT0604_01479,EW14_1479,tier1:gene
214.1590875,0.058790302,0.314167005,0.187130732,0.851558133,0.862513359,MIT0604_01480,EW14_1480,tier1:gene
258.0637659,0.995742309,0.209283598,4.757861194,1.96e-06,3.11e-06,MIT0604_01481,EW14_1481,tier1:gene
829.8516566,-0.735116857,0.175614234,-4.18597537,2.84e-05,4.24e-05,MIT0604_01482,EW14_1482,tier1:gene
652.5560274,0.028133343,0.206595339,0.13617608,0.891682085,0.900036108,MIT0604_01483,EW14_1483,tier1:gene
456.0695415,2.213877409,0.13844642,15.99086069,1.48e-57,8.58e-57,MIT0604_01484,EW14_1484,tier1:gene
246.2830489,2.676747442,0.331694253,8.069924091,7.03e-16,1.59e-15,MIT0604_01485,EW14_1485,tier1:gene
931.9049049,-0.080265037,0.101471794,-0.791008355,0.428939116,0.462125458,MIT0604_01486,EW14_1486,tier1:gene
332.5956499,0.712512903,0.338837742,2.102814459,0.035481992,0.043053727,MIT0604_01487,EW14_1487,tier1:gene
531.040373,2.752354825,0.241551398,11.3944893,4.45e-30,1.47e-29,MIT0604_01488,EW14_1488,tier1:gene
73.93056518,2.002738766,0.358921606,5.579877986,2.41e-08,4.17e-08,MIT0604_01489,EW14_1489,tier1:gene
403.9585777,2.205178606,0.186323474,11.83521626,2.57e-32,8.830000000000001e-32,MIT0604_01490,EW14_1490,tier1:gene
102.5102657,1.177251792,0.211137104,5.575769337,2.46e-08,4.27e-08,MIT0604_01491,EW14_1491,tier1:gene
628.137784,-0.275960104,0.112888835,-2.444529654,0.014504116,0.018237055,MIT0604_01492,EW14_1492,tier1:gene
1522.94057,-2.381149931,0.109698757,-21.70626181,1.7899999999999997e-104,1.9800000000000001e-103,MIT0604_01493,EW14_1493,tier1:gene
632.738513,-0.148499489,0.116849549,-1.270860612,0.203778241,0.229320538,MIT0604_01494,EW14_1494,tier1:gene
119.3597417,0.879836026,0.187339444,4.696480388,2.65e-06,4.18e-06,MIT0604_01495,EW14_1495,tier1:gene
351.6234486,-0.336902729,0.315070891,-1.069291828,0.284938192,0.315280259,MIT0604_01496,EW14_1496,tier1:gene
396.4600031,-0.326226447,0.114409238,-2.851399514,0.004352724,0.0057373,MIT0604_01497,EW14_1497,tier1:gene
307.6344759,1.225993305,0.168527186,7.274750951,3.47e-13,7.15e-13,MIT0604_01498,EW14_1498,tier1:gene
186.9749496,0.21687674,0.205725256,1.054205716,0.291788744,0.321470161,MIT0604_01499,EW14_1499,tier1:gene
622.3861986,-1.2622708,0.135778429,-9.296548882,1.45e-20,3.84e-20,MIT0604_01500,EW14_1500,tier1:gene
705.9212734,-0.482809496,0.239640784,-2.014721729,0.043933814,0.052949636,MIT0604_01501,EW14_1501,tier1:gene
927.4407285,1.009886489,0.097243762,10.38510306,2.9e-25,8.57e-25,MIT0604_01502,EW14_1502,tier1:gene
433.1990409,2.012540877,0.279539514,7.199486214,6.04e-13,1.23e-12,MIT0604_01503,EW14_1503,tier1:gene
1971.996378,-2.056049546,0.145852441,-14.09677841,3.98e-45,1.83e-44,MIT0604_01504,EW14_1504,tier1:gene
1024.468938,0.346555119,0.091747767,3.777259439,0.000159,0.000228,MIT0604_01505,EW14_1505,tier1:gene
300.5081014,2.618741748,0.396309672,6.607816904,3.9e-11,7.44e-11,MIT0604_01506,EW14_1506,tier1:gene
481.153895,0.363148927,0.118336825,3.068773619,0.002149394,0.002894612,MIT0604_01507,EW14_1507,tier1:gene
1194.897292,-0.633608943,0.096885173,-6.539792669,6.16e-11,1.16e-10,MIT0604_01508,EW14_1508,tier1:gene
1295.229072,1.374776783,0.097732181,14.06677686,6.08e-45,2.8e-44,MIT0604_01509,EW14_1509,tier1:gene
311.010922,0.993811658,0.189489,5.244693148,1.57e-07,2.62e-07,MIT0604_01510,EW14_1510,tier1:gene
643.33241,0.48620122,0.2219013,2.191069724,0.028446747,0.034868558,MIT0604_01511,EW14_1511,tier1:gene
875.5635793,-0.68768738,0.093682721,-7.340599949,2.13e-13,4.41e-13,MIT0604_01512,EW14_1512,tier1:gene
78.18114839,-0.150804473,0.400132544,-0.376886297,0.706258105,0.727218481,MIT0604_01513,EW14_1513,tier1:gene
187.0563243,1.050077957,0.270216102,3.886067299,0.000102,0.000148,MIT0604_01514,EW14_1514,tier1:gene
1101.216298,0.441215688,0.098106175,4.497328419,6.88e-06,1.07e-05,MIT0604_01515,EW14_1515,tier1:gene
531.6396378,1.103341946,0.139753098,7.894937305,2.9e-15,6.37e-15,MIT0604_01516,EW14_1516,tier1:gene
479.1014198,-0.069584604,0.148302757,-0.469206412,0.638922103,0.663558369,MIT0604_01517,EW14_1517,tier1:gene
17.82212915,0.525152618,0.544080593,0.965211083,0.334439097,0.365508186,MIT0604_01518,EW14_1518,tier1:gene
326.1875391,0.531513604,0.172114753,3.088135061,0.002014169,0.00271966,MIT0604_01519,EW14_1519,tier1:gene
976.9260178,-0.375251658,0.127577721,-2.941357269,0.003267774,0.004340774,MIT0604_01520,EW14_1520,tier1:gene
337.6085777,1.135577646,0.157560927,7.207228786,5.71e-13,1.17e-12,MIT0604_01521,EW14_1521,tier1:gene
400.6864557,0.627144594,0.244986551,2.559914373,0.010469796,0.013344752,MIT0604_01522,EW14_1522,tier1:gene
233.3933336,-1.065764291,0.211933424,-5.028769269,4.94e-07,8.07e-07,MIT0604_01523,EW14_1523,tier1:gene
582.4641952,0.33516641,0.115776625,2.89494023,0.003792307,0.005011526,MIT0604_01524,EW14_1524,tier1:gene
131.4275878,2.414943251,0.202430184,11.92975873,8.28e-33,2.9e-32,MIT0604_01525,EW14_1525,tier1:gene
58.96543981,0.557685901,0.350090722,1.592975382,0.111165714,0.128635509,MIT0604_01526,EW14_1526,tier1:gene
1054.391714,1.548426256,0.125687266,12.31967492,7.1e-35,2.6e-34,MIT0604_01527,EW14_1527,tier1:gene
36.77842666,1.687700559,0.345801097,4.880552935,1.06e-06,1.7e-06,MIT0604_01528,EW14_1528,tier1:gene
480.4881775,-0.650740501,0.127202724,-5.11577487,3.12e-07,5.15e-07,MIT0604_01529,EW14_1529,tier1:gene
106.994534,0.910156005,0.215985403,4.213969983,2.51e-05,3.76e-05,MIT0604_01530,,unresolved
192.8605338,2.541810834,0.20385812,12.4685288,1.1100000000000001e-35,4.16e-35,MIT0604_01532,EW14_1532,tier1:gene
1968.179559,1.869924598,0.169834242,11.01029201,3.41e-28,1.07e-27,MIT0604_01533,EW14_1533,tier1:gene
1823.655021,3.029206474,0.148804732,20.35692297,4.03e-92,3.8399999999999996e-91,MIT0604_01534,EW14_1534,tier1:gene
4595.405354,3.483410638,0.135371309,25.73226682,5.09e-146,9.060000000000001e-145,MIT0604_01535,EW14_1535,tier1:gene
5125.477593,3.095710817,0.109879619,28.17365803,1.23e-174,3.1500000000000002e-173,MIT0604_01536,EW14_1536,tier1:gene
319.3927964,0.508099269,0.129853144,3.912876147,9.12e-05,0.000133,MIT0604_01537,EW14_1537,tier1:gene
165.5001372,2.39791601,0.195394642,12.27216871,1.28e-34,4.6399999999999995e-34,MIT0604_01538,EW14_1538,tier1:gene
1390.204496,1.947511562,0.268825876,7.244509298,4.34e-13,8.88e-13,MIT0604_01539,EW14_1539,tier1:gene
5129.670854,2.573970587,0.164709297,15.62735457,4.74e-55,2.62e-54,MIT0604_01540,EW14_1540,tier1:gene
13442.38179,-0.654307663,0.147514195,-4.435557292,9.18e-06,1.41e-05,MIT0604_01541,EW14_1541,tier1:gene
617.4825647,-1.391447888,0.154947512,-8.980124102,2.7e-19,6.94e-19,MIT0604_01542,EW14_1542,tier1:gene
591.4132382,-0.428917711,0.182508738,-2.350121513,0.018767283,0.023396242,MIT0604_01543,EW14_1543,tier1:gene
163.2988706,1.945177267,0.202197108,9.620203208,6.57e-22,1.8000000000000003e-21,MIT0604_01544,EW14_1544,tier1:gene
972.1439742,-1.365833628,0.318966623,-4.282058148,1.85e-05,2.8e-05,MIT0604_01545,EW14_1545,tier1:gene
1011.135274,1.330833398,0.476994179,2.790041173,0.005270134,0.006880079,MIT0604_01546,EW14_1546,tier1:gene
3588.455046,-2.201109101,0.152515042,-14.43207883,3.25e-47,1.54e-46,MIT0604_01547,EW14_1547,tier1:gene
14080.21218,-1.429099129,0.082892311,-17.24043056,1.32e-66,8.830000000000001e-66,MIT0604_01548,EW14_1548,tier1:gene
923.3513799,-0.308898119,0.252332947,-1.224168794,0.220888558,0.24775829,MIT0604_01549,EW14_1549,tier1:gene
435.9791545,-1.07571374,0.344303205,-3.124321018,0.001782159,0.002415947,MIT0604_01550,EW14_1550,tier1:gene
765.0425747,1.639539193,0.143438202,11.43028266,2.95e-30,9.779999999999999e-30,MIT0604_01551,EW14_1551,tier1:gene
444.5659309,2.633543003,0.132978489,19.80427824,2.7300000000000002e-87,2.41e-86,MIT0604_01570,EW14_1570,tier1:gene
238.7327647,2.419298225,0.249554941,9.694451315,3.18e-22,8.81e-22,MIT0604_01571,EW14_1571,tier1:gene
661.8090857,1.617127997,0.128755479,12.55968297,3.52e-36,1.3500000000000001e-35,MIT0604_01572,EW14_1572,tier1:gene
2267.666956,-2.031280693,0.085674229,-23.70935478,2.8900000000000004e-124,3.8900000000000005e-123,MIT0604_01573,EW14_1573,tier1:gene
7140.687048,-1.551727094,0.149860769,-10.35445837,3.9899999999999997e-25,1.17e-24,MIT0604_01574,EW14_1574,tier1:gene
2023.699528,1.270623493,0.114190276,11.12724773,9.240000000000001e-29,2.94e-28,MIT0604_01575,EW14_1575,tier1:gene
19907.81651,0.576631329,0.120645959,4.77953287,1.76e-06,2.8e-06,MIT0604_01576,EW14_1576,tier1:gene
901.5094132,1.681089781,0.161681729,10.39752475,2.54e-25,7.57e-25,MIT0604_01577,EW14_1577,tier1:gene
590.4512955,0.393446959,0.100738708,3.905618488,9.4e-05,0.000137,MIT0604_01578,EW14_1578,tier1:gene
132.8726682,-0.878885255,0.397718637,-2.209816622,0.027117892,0.033319522,MIT0604_01579,EW14_1579,tier1:gene
294.8458756,0.419540226,0.129877856,3.230267575,0.001236744,0.001694522,MIT0604_01580,EW14_1580,tier1:gene
2200.899452,0.325943762,0.101307781,3.217361592,0.001293754,0.001771448,MIT0604_01581,EW14_1581,tier1:gene
1252.611302,-0.874284746,0.124412978,-7.027279335,2.11e-12,4.22e-12,MIT0604_01582,EW14_1582,tier1:gene
837.4252549,1.711789235,0.123172406,13.89750588,6.56e-44,2.94e-43,MIT0604_01583,EW14_1583,tier1:gene
1287.747004,-0.922769764,0.163855932,-5.631592058,1.79e-08,3.12e-08,MIT0604_01584,EW14_1584,tier1:gene
937.7518355,-0.034045481,0.139607959,-0.243864899,0.807335455,0.822196854,MIT0604_01585,EW14_1585,tier1:gene
696.5925853,0.861156178,0.099481995,8.656402423,4.87e-18,1.2e-17,MIT0604_01586,EW14_1586,tier1:gene
300.218627,0.464978053,0.169819097,2.738078702,0.006179928,0.008037048,MIT0604_01587,EW14_1587,tier1:gene
1223.599381,-3.105251812,0.1204915,-25.77154239,1.85e-146,3.35e-145,MIT0604_01588,EW14_1588,tier1:gene
1592.602288,-3.494464178,0.147534241,-23.6857841,5.05e-124,6.76e-123,MIT0604_01589,EW14_1589,tier1:gene
529.5332213,0.816298018,0.116934621,6.980806958,2.93e-12,5.85e-12,MIT0604_01590,EW14_1590,tier1:gene
593.0700558,-0.459591167,0.119436802,-3.847986214,0.000119,0.000172,MIT0604_01591,EW14_1591,tier1:gene
1178.125443,-0.010994553,0.135086952,-0.081388713,0.935132825,0.938801811,MIT0604_01592,EW14_1592,tier1:gene
1964.975153,0.983746216,0.072612405,13.5479085,8.149999999999999e-42,3.49e-41,MIT0604_01593,EW14_1593,tier1:gene
571.6359055,1.959448728,0.130257944,15.04283478,3.85e-51,1.99e-50,MIT0604_01594,EW14_1594,tier1:gene
916.5857868,1.034752218,0.103971081,9.95230801,2.4599999999999996e-23,7.03e-23,MIT0604_01595,EW14_1595,tier1:gene
249.7131257,0.890899787,0.23559272,3.781525116,0.000156,0.000224,MIT0604_01596,EW14_1596,tier1:gene
34686.51235,2.00723798,0.114007627,17.60617276,2.21e-69,1.52e-68,MIT0604_01597,EW14_1597,tier1:gene
4896.832084,0.836371051,0.100679997,8.30722161,9.8e-17,2.31e-16,MIT0604_01598,EW14_1598,tier1:gene
5984.683185,-0.924727259,0.141135267,-6.552063703,5.67e-11,1.08e-10,MIT0604_01599,EW14_1599,tier1:gene
2321.03905,0.052258861,0.112556143,0.464291506,0.642438909,0.666534438,MIT0604_01600,EW14_1600,tier1:gene
1877.436066,-0.776049312,0.115859998,-6.698164389,2.11e-11,4.06e-11,MIT0604_01601,EW14_1601,tier1:gene
3944.781234,-0.571798124,0.090286166,-6.333175389,2.4e-10,4.49e-10,MIT0604_01602,EW14_1602,tier1:gene
3152.197629,-1.456167881,0.1935117,-7.524960412,5.27e-14,1.12e-13,MIT0604_01603,EW14_1603,tier1:gene
554.1786236,0.270350323,0.121441601,2.226175544,0.026002425,0.032006593,MIT0604_01604,EW14_1604,tier1:gene
2116.068212,-1.936181488,0.08281221,-23.38038672,6.77e-121,8.88e-120,MIT0604_01605,EW14_1605,tier1:gene
601.6271253,-0.026257108,0.199430876,-0.131660194,0.895253072,0.903195189,MIT0604_01606,EW14_1606,tier1:gene
1935.43856,-2.617971264,0.221874594,-11.79932868,3.93e-32,1.34e-31,MIT0604_01607,EW14_1607,tier1:gene
8705.087973,-1.382013885,0.128585395,-10.74782935,6.0700000000000006e-27,1.8600000000000002e-26,MIT0604_01608,EW14_1608,tier1:gene
2437.064864,-0.844876259,0.204850906,-4.124347195,3.72e-05,5.53e-05,MIT0604_01609,EW14_1609,tier1:gene
995.5736593,2.011847824,0.107102676,18.78429093,1.02e-78,7.84e-78,MIT0604_01610,EW14_1610,tier1:gene
1117.763647,0.270295856,0.084775645,3.188366865,0.001430789,0.001953852,MIT0604_01611,EW14_1611,tier1:gene
4517.005776,-0.113986551,0.08771389,-1.299526804,0.193763201,0.218410392,MIT0604_01612,EW14_1612,tier1:gene
2090.752239,2.173682078,0.098140796,22.14860869,1.08e-108,1.24e-107,MIT0604_01613,EW14_1613,tier1:gene
1132.609677,-1.219046243,0.131312139,-9.283576186,1.64e-20,4.32e-20,MIT0604_01614,EW14_1614,tier1:gene
273.88535,1.603934476,0.215718125,7.435325493,1.04e-13,2.19e-13,MIT0604_01616,EW14_1616,tier1:gene
820.9873316,-0.093084188,0.087808144,-1.060086044,0.289105456,0.318857149,MIT0604_01617,EW14_1617,tier1:gene
622.2033381,0.526580096,0.11856331,4.441341063,8.94e-06,1.38e-05,MIT0604_01618,EW14_1618,tier1:gene
1301.089674,-1.390688034,0.118103949,-11.77511884,5.24e-32,1.7900000000000002e-31,MIT0604_01620,EW14_1620,tier1:gene
321.3362255,0.481870169,0.141676078,3.401210524,0.000671,0.000933,MIT0604_01621,EW14_1621,tier1:gene
668.4738482,-0.227892147,0.091346164,-2.494819005,0.012602139,0.015943498,MIT0604_01622,EW14_1622,tier1:gene
238.9692626,0.942889036,0.168048509,5.610814661,2.01e-08,3.51e-08,MIT0604_01623,EW14_1623,tier1:gene
2554.549452,-1.352469771,0.127372696,-10.61820795,2.4500000000000002e-26,7.460000000000001e-26,MIT0604_01624,EW14_1624,tier1:gene
848.3223281,0.60197244,0.139019834,4.330119108,1.49e-05,2.27e-05,MIT0604_01625,EW14_1625,tier1:gene
392.4854265,0.418001815,0.141635812,2.951243822,0.00316497,0.004209677,MIT0604_01626,EW14_1626,tier1:gene
2682.917447,-0.217388479,0.114937801,-1.89135756,0.05857663,0.069470661,MIT0604_01627,EW14_1627,tier1:gene
5511.192921,-0.618742703,0.210834939,-2.934725651,0.003338427,0.004431751,MIT0604_01628,EW14_1628,tier1:gene
3796.350838,-0.823389518,0.196623106,-4.187653914,2.82e-05,4.21e-05,MIT0604_01629,EW14_1629,tier1:gene
7492.078517,-0.924550627,0.103088657,-8.968500091,3.01e-19,7.7e-19,MIT0604_01630,EW14_1630,tier1:gene
1751.828054,-0.782041501,0.100580537,-7.77527666,7.53e-15,1.63e-14,MIT0604_01631,EW14_1631,tier1:gene
535.3851326,-1.519556627,0.1374683,-11.05386932,2.1e-28,6.6299999999999995e-28,MIT0604_01632,EW14_1632,tier1:gene
399.1125251,-1.613532047,0.152903474,-10.55261862,4.9400000000000004e-26,1.5e-25,MIT0604_01633,EW14_1633,tier1:gene
243.2402209,-2.486757645,0.174145473,-14.27977199,2.93e-46,1.3699999999999999e-45,MIT0604_01634,EW14_1634,tier1:gene
151.4769355,-3.613075089,0.726118334,-4.975876409,6.5e-07,1.05e-06,MIT0604_01635,EW14_1635,tier1:gene
79.90863575,-3.724108755,0.420529601,-8.855758885,8.31e-19,2.1e-18,MIT0604_01636,EW14_1636,tier1:gene
16149.69657,-5.761793879,0.157134989,-36.66779707,2.38e-294,1.4799999999999998e-292,MIT0604_01637,EW14_1637,tier1:gene
763.0896709,1.849038241,0.147633722,12.52449788,5.4800000000000004e-36,2.09e-35,MIT0604_01638,EW14_1638,tier1:gene
1167.603797,1.156543806,0.116583528,9.920301963,3.3999999999999995e-23,9.659999999999999e-23,MIT0604_01640,EW14_1640,tier1:gene
1586.672944,0.048405054,0.095905997,0.504713528,0.613760058,0.640676614,MIT0604_01641,EW14_1641,tier1:gene
816.4725062,-0.330387251,0.20521789,-1.609933962,0.107412274,0.124432894,MIT0604_01642,EW14_1642,tier1:gene
1443.90873,0.463055976,0.107379264,4.312340764,1.62e-05,2.45e-05,MIT0604_01643,EW14_1643,tier1:gene
959.2143319,0.140631929,0.124206331,1.132244447,0.257531678,0.286503992,MIT0604_01644,EW14_1644,tier1:gene
497.6654774,-0.50449173,0.110011065,-4.585827174,4.52e-06,7.06e-06,MIT0604_01645,EW14_1645,tier1:gene
881.9103339,-0.293092084,0.142934364,-2.050536169,0.040312138,0.048712483,MIT0604_01646,EW14_1646,tier1:gene
430.2080998,-2.61825346,0.139965306,-18.70644615,4.39e-78,3.3500000000000003e-77,MIT0604_01647,EW14_1647,tier1:gene
228.4717725,0.304842141,0.170413979,1.788832948,0.073641723,0.086634832,MIT0604_01648,EW14_1648,tier1:gene
2141.744814,0.004180289,0.105563219,0.039599863,0.968412137,0.969833485,MIT0604_01649,EW14_1649,tier1:gene
864.2590955,0.788433494,0.144461357,5.457746701,4.82e-08,8.26e-08,MIT0604_01650,EW14_1650,tier1:gene
749.4220456,1.564386894,0.120623943,12.96912419,1.8299999999999999e-38,7.319999999999999e-38,MIT0604_01651,EW14_1651,tier1:gene
1297.23051,0.377090165,0.102205293,3.689536572,0.000225,0.00032,MIT0604_01652,EW14_1652,tier1:gene
1114.294887,-0.615692547,0.122546814,-5.024141601,5.06e-07,8.26e-07,MIT0604_01653,EW14_1653,tier1:gene
840.5971136,2.003592955,0.101915313,19.65939065,4.8e-86,4.17e-85,MIT0604_01654,EW14_1654,tier1:gene
5131.589162,1.541763268,0.076767333,20.08358516,1.03e-89,9.34e-89,MIT0604_01655,EW14_1655,tier1:gene
1058.996372,0.453128179,0.133438558,3.395781439,0.000684,0.00095,MIT0604_01656,EW14_1656,tier1:gene
2450.098602,-0.273282226,0.119458654,-2.287672069,0.022156625,0.027437757,MIT0604_01657,EW14_1657,tier1:gene
4760.646233,1.478644679,0.119198826,12.4048594,2.46e-35,9.14e-35,MIT0604_01658,EW14_1658,tier1:gene
2957.670906,0.053708623,0.087529213,0.613607973,0.539474414,0.569228931,MIT0604_01659,EW14_1659,tier1:gene
150.8792162,-2.644880818,0.21502348,-12.30042791,9.01e-35,3.29e-34,MIT0604_01660,EW14_1660,tier1:gene
2593.457661,-1.3957553,0.101547693,-13.74482525,5.47e-43,2.3999999999999997e-42,MIT0604_01661,EW14_1661,tier1:gene
4440.056093,-2.615204987,0.140485802,-18.61543973,2.41e-77,1.82e-76,MIT0604_01662,EW14_1662,tier1:gene
181.4000844,-1.123980263,0.239784869,-4.687452835,2.77e-06,4.36e-06,MIT0604_01663,EW14_1663,tier1:gene
939.7382974,3.051128947,0.105345266,28.96313305,1.92e-184,5.23e-183,MIT0604_01664,EW14_1664,tier1:gene
190.4569315,1.468658807,0.207468624,7.078944171,1.45e-12,2.93e-12,MIT0604_01665,EW14_1665,tier1:gene
520.7617221,-0.985320286,0.134689863,-7.315474718,2.56e-13,5.3e-13,MIT0604_01666,EW14_1666,tier1:gene
22339.95598,-4.105874589,0.113039644,-36.32243013,7.160000000000001e-289,3.9599999999999996e-287,MIT0604_01667,EW14_1667,tier1:gene
828.7560421,-2.91543904,0.184828754,-15.77373099,4.72e-56,2.66e-55,MIT0604_01668,EW14_1668,tier1:gene
11723.77005,-2.377078418,0.130432336,-18.22460976,3.29e-74,2.3900000000000002e-73,MIT0604_01669,EW14_1669,tier1:gene
450.2587674,-0.025440177,0.157380106,-0.161647987,0.871583066,0.880617244,MIT0604_01670,EW14_1670,tier1:gene
3042.036023,-1.178776948,0.10420777,-11.31179512,1.1500000000000001e-29,3.73e-29,MIT0604_01671,EW14_1671,tier1:gene
503.1767898,-1.212113983,0.141311039,-8.577631223,9.68e-18,2.35e-17,MIT0604_01672,EW14_1672,tier1:gene
250.169437,0.487392976,0.214036016,2.277154028,0.022777029,0.028188984,MIT0604_01673,EW14_1673,tier1:gene
146.2491518,1.083224105,0.247077444,4.384148094,1.16e-05,1.78e-05,MIT0604_01675,EW14_1675,tier1:gene
185.3392633,1.77703228,0.157070854,11.31357112,1.1200000000000001e-29,3.6600000000000003e-29,MIT0604_01676,EW14_1676,tier1:gene
1146.225884,-2.898617507,0.126042183,-22.99720173,4.9700000000000005e-117,6.17e-116,MIT0604_01677,EW14_1677,tier1:gene
312.40986,0.701360851,0.280148267,2.503534496,0.012295969,0.015565769,MIT0604_01678,EW14_1678,tier1:gene
324.5569801,2.557692547,0.156078884,16.38717863,2.36e-60,1.42e-59,MIT0604_01679,EW14_1679,tier1:gene
870.8032799,-3.216711989,0.158262381,-20.32518383,7.7e-92,7.3e-91,MIT0604_01680,EW14_1680,tier1:gene
332.7327162,-0.032595275,0.265810928,-0.122625791,0.90240343,0.909512467,MIT0604_01681,EW14_1681,tier1:gene
163.3055699,-1.04040377,0.22097452,-4.708252209,2.5e-06,3.96e-06,MIT0604_01682,EW14_1682,tier1:gene
333.3178901,1.89210626,0.140263779,13.48962847,1.8e-41,7.63e-41,MIT0604_01683,EW14_1683,tier1:gene
3793.471487,1.772548006,0.11686936,15.16691808,5.86e-52,3.11e-51,MIT0604_01684,EW14_1684,tier1:gene
154.9708206,0.206607084,0.193739859,1.06641496,0.286236102,0.316033064,MIT0604_01685,EW14_1685,tier1:gene
29.19355001,-1.071605787,0.445094209,-2.407593192,0.016058063,0.020116803,MIT0604_01686,EW14_1686,tier1:gene
118.3521397,-0.008538076,0.193973674,-0.044016677,0.964891111,0.967727635,MIT0604_01687,EW14_1687,tier1:gene
339.6100383,-0.562278941,0.187027967,-3.006389631,0.0026437,0.003539342,MIT0604_01688,EW14_1688,tier1:gene
716.0659081,-1.652414409,0.183129846,-9.023184593,1.83e-19,4.72e-19,MIT0604_01689,EW14_1689,tier1:gene
293.9597712,0.321554443,0.139999644,2.296823294,0.021628852,0.026832885,MIT0604_01690,EW14_1690,tier1:gene
149.9780193,0.400456643,0.257558329,1.554819231,0.119989128,0.137832629,MIT0604_01691,EW14_1691,tier1:gene
272.9657122,2.74318892,0.152703364,17.96416827,3.7200000000000004e-72,2.64e-71,MIT0604_01692,EW14_1692,tier1:gene
34.80856183,0.76544475,0.385874268,1.983663624,0.047293351,0.05677976,MIT0604_01693,EW14_1693,tier1:gene
282.7023938,3.416854664,0.382412471,8.934997994,4.07e-19,1.04e-18,MIT0604_01694,EW14_1694,tier1:gene
150.479564,2.044287026,0.197264782,10.36316268,3.6499999999999998e-25,1.0799999999999999e-24,MIT0604_01695,EW14_1695,tier1:gene
350.2718024,1.282717075,0.3327634,3.854742062,0.000116,0.000168,MIT0604_01696,EW14_1696,tier1:gene
260.1041406,-0.32950848,0.284431575,-1.158480666,0.246667937,0.275165813,MIT0604_01697,EW14_1697,tier1:gene
645.176859,1.120945796,0.180848289,6.19826597,5.71e-10,1.05e-09,MIT0604_01698,EW14_1698,tier1:gene
866.5118747,-1.145730826,0.124692089,-9.18848047,3.98e-20,1.04e-19,MIT0604_01699,EW14_1699,tier1:gene
262.8341767,-1.134327359,0.20251878,-5.601097126,2.13e-08,3.7e-08,MIT0604_01700,EW14_1700,tier1:gene
66.98387878,-0.225683549,0.249229279,-0.905525828,0.365186883,0.396782139,MIT0604_01701,EW14_1701,tier1:gene
860.2642749,2.230959332,0.116141197,19.20902659,3.11e-82,2.5e-81,MIT0604_01702,EW14_1702,tier1:gene
5167.615267,-2.570375465,0.127858649,-20.10325837,6.91e-90,6.31e-89,MIT0604_01703,EW14_1703,tier1:gene
443.872291,-2.498610097,0.224772403,-11.11617823,1.05e-28,3.3299999999999998e-28,MIT0604_01704,EW14_1704,tier1:gene
979.1380787,-3.143780799,0.159795161,-19.67381722,3.62e-86,3.15e-85,MIT0604_01705,EW14_1705,tier1:gene
247.7944274,-2.686683619,0.406009205,-6.617297303,3.66e-11,6.99e-11,MIT0604_01706,EW14_1706,tier1:gene
19.35169411,-1.997124028,0.590510445,-3.382029979,0.00072,0.000997,MIT0604_01707,EW14_1707,tier1:gene
9388.963585,2.202021116,0.101585734,21.67647994,3.42e-104,3.76e-103,MIT0604_01708,EW14_1708,tier1:gene
1433.432305,-1.026438951,0.294375417,-3.486836506,0.000489,0.000686,MIT0604_01709,EW14_1709,tier1:gene
672.8067266,-3.151598402,0.150564883,-20.93182915,2.7500000000000003e-97,2.81e-96,MIT0604_01710,EW14_1710,tier1:gene
3009.830483,3.334799403,0.523432606,6.371019621,1.88e-10,3.52e-10,MIT0604_01711,EW14_1711,tier1:gene
10075.02226,3.065018843,0.248589492,12.32963961,6.270000000000001e-35,2.31e-34,MIT0604_01712,EW14_1712,tier1:gene
1740.904765,1.320224086,0.27038459,4.882763795,1.05e-06,1.68e-06,MIT0604_01713,EW14_1713,tier1:gene
535.4546577,1.276152395,0.144439018,8.835233118,9.99e-19,2.52e-18,MIT0604_01714,EW14_1714,tier1:gene
164.0253751,0.588287904,0.224606739,2.619190803,0.008813863,0.011318681,MIT0604_01715,EW14_1715,tier1:gene
83.06309974,-1.577581225,0.280931788,-5.615531205,1.96e-08,3.42e-08,MIT0604_01716,EW14_1716,tier1:gene
400.2932817,-0.123553628,0.118849499,-1.039580561,0.298534812,0.328372252,MIT0604_01717,EW14_1717,tier1:gene
736.5538542,0.823054198,0.125798554,6.542636386,6.04e-11,1.14e-10,MIT0604_01718,EW14_1718,tier1:gene
40.4219566,1.83101017,0.351656987,5.206807315,1.92e-07,3.2e-07,MIT0604_01719,EW14_1719,tier1:gene
229.1620385,0.51325084,0.213931464,2.399136769,0.016433775,0.020549748,MIT0604_01720,EW14_1720,tier1:gene
206.2479989,1.146834556,0.147360052,7.782533605,7.11e-15,1.54e-14,MIT0604_01721,EW14_1721,tier1:gene
601.6425684,1.668860234,0.170408573,9.793288,1.2e-22,3.36e-22,MIT0604_01722,EW14_1722,tier1:gene
462.6791287,1.638556243,0.128812725,12.72045323,4.550000000000001e-37,1.77e-36,MIT0604_01723,EW14_1723,tier1:gene
81.11033556,-0.59314784,0.306572241,-1.934773477,0.053018099,0.063244784,MIT0604_01724,EW14_1724,tier1:gene
18.69533392,2.641919318,0.728634077,3.625851991,0.000288,0.000409,MIT0604_01725,EW14_1725,tier1:gene
63.71972879,0.52695947,0.244528326,2.15500379,0.031161538,0.038127715,MIT0604_01726,EW14_1726,tier1:gene
158.2498441,0.334183443,0.432016336,0.773543533,0.439200776,0.472683485,MIT0604_01727,EW14_1727,tier1:gene
91.62924285,-0.380373746,0.22814118,-1.667273507,0.095460032,0.111216099,MIT0604_01728,EW14_1728,tier1:gene
865.5031965,-1.787529559,0.146058758,-12.23842777,1.9399999999999997e-34,6.98e-34,MIT0604_01729,EW14_1729,tier1:gene
46.34274076,0.879812,0.320158318,2.748052917,0.005995033,0.00780651,MIT0604_01730,EW14_1730,tier1:gene
631.5165274,-2.015776017,0.229228025,-8.793759044,1.45e-18,3.61e-18,MIT0604_01731,EW14_1731,tier1:gene
148.0073633,-1.847009296,0.498951448,-3.701781611,0.000214,0.000306,MIT0604_01732,EW14_1732,tier1:gene
385.0784831,-1.333489131,0.240852248,-5.53654425,3.08e-08,5.32e-08,MIT0604_01733,EW14_1733,tier1:gene
200.1806241,-1.076534479,0.146691114,-7.338784543,2.16e-13,4.47e-13,MIT0604_01734,EW14_1734,tier1:gene
2493.248457,-1.299563459,0.210721268,-6.167215439,6.95e-10,1.28e-09,MIT0604_01735,EW14_1735,tier1:gene
155.4287527,-2.854913503,0.233103945,-12.2473839,1.74e-34,6.26e-34,MIT0604_01736,EW14_1736,tier1:gene
50.80395505,-1.128929335,0.271923755,-4.151639256,3.3e-05,4.92e-05,MIT0604_01737,EW14_1737,tier1:gene
2497.933997,2.499294366,0.188942682,13.22779127,6.06e-40,2.5e-39,MIT0604_01738,EW14_1738,tier1:gene
4304.69797,1.379778711,0.231525659,5.959506692,2.53e-09,4.58e-09,MIT0604_01739,EW14_1739,tier1:gene
4270.195275,0.619547322,0.250679027,2.471476497,0.01345564,0.016991792,MIT0604_01740,EW14_1740,tier1:gene
9545.540728,3.020213962,0.145492646,20.75853346,1.03e-95,1.01e-94,MIT0604_01741,EW14_1741,tier1:gene
7335.483455,3.105462382,0.212019106,14.64708745,1.41e-48,6.849999999999999e-48,MIT0604_01742,EW14_1742,tier1:gene
42.34628628,2.938725725,0.444745074,6.607663342,3.9e-11,7.44e-11,MIT0604_01743,EW14_1743,tier1:gene
666.6721747,-2.050415798,0.298367005,-6.872126495,6.33e-12,1.23e-11,MIT0604_01744,EW14_1744,tier1:gene
114.7801151,2.765056522,0.277147684,9.97683431,1.93e-23,5.499999999999999e-23,MIT0604_01745,EW14_1745,tier1:gene
1275.030875,0.429859282,0.127671852,3.366907244,0.00076,0.001048553,MIT0604_01746,EW14_1746,tier1:gene
192.2576445,0.682502297,0.215387227,3.16872224,0.001531106,0.002088058,MIT0604_01747,EW14_1747,tier1:gene
442.6469011,1.421077842,0.150031433,9.471867407,2.7500000000000003e-21,7.390000000000001e-21,MIT0604_01748,EW14_1748,tier1:gene
11.4725636,-0.565105494,0.565106506,-0.999998209,0.317311375,0.34734566,MIT0604_01749,EW14_1749,tier1:gene
25.57993218,1.203519263,0.498236454,2.415558425,0.015711102,0.019706265,MIT0604_01750,EW14_1750,tier1:gene
1921.381063,2.118022405,0.125733951,16.84527039,1.14e-63,7.27e-63,MIT0604_01751,EW14_1751,tier1:gene
183.2956189,2.809370498,0.24569436,11.43441185,2.8099999999999998e-30,9.35e-30,MIT0604_01752,EW14_1752,tier1:gene
43.29139819,3.529660105,0.59193765,5.962891711,2.48e-09,4.49e-09,MIT0604_01753,EW14_1753,tier1:gene
128.9902744,1.800539967,0.18343896,9.815471958,9.659999999999999e-23,2.71e-22,MIT0604_01754,EW14_1754,tier1:gene
111.562547,2.172141738,0.264226773,8.22074808,2.02e-16,4.71e-16,MIT0604_01755,EW14_1755,tier1:gene
79.37851771,6.457818948,0.598836191,10.783949,4.1000000000000006e-27,1.26e-26,MIT0604_01756,EW14_1756,tier1:gene
98.30393165,3.263907935,0.268493941,12.15635603,5.3099999999999995e-34,1.9e-33,MIT0604_01757,EW14_1757,tier1:gene
109.8345957,3.062340531,0.245156289,12.49138068,8.320000000000001e-36,3.15e-35,MIT0604_01758,EW14_1758,tier1:gene
103.6019644,2.188950798,0.22923696,9.548856357,1.3100000000000002e-21,3.5500000000000005e-21,MIT0604_01759,EW14_1759,tier1:gene
152.9327072,3.431864713,0.21719522,15.80082983,3.07e-56,1.74e-55,MIT0604_01760,EW14_1760,tier1:gene
79.37975568,3.655460838,0.292165313,12.51161817,6.45e-36,2.44e-35,MIT0604_01761,EW14_1761,tier1:gene
5.578174883,2.348602512,0.873977424,2.687257642,0.007204136,0.009315772,MIT0604_01762,EW14_1762,tier1:gene
173.025792,0.912085797,0.210171212,4.339727541,1.43e-05,2.17e-05,MIT0604_01763,EW14_1763,tier1:gene
206.0891829,1.432199205,0.14794897,9.680359391,3.65e-22,1.0100000000000002e-21,MIT0604_01764,EW14_1764,tier1:gene
437.3207297,-1.080049742,0.16860332,-6.405862832,1.5e-10,2.8e-10,MIT0604_01765,EW14_1765,tier1:gene
8938.454231,-5.641458739,0.132929994,-42.43932139,0.0,0.0,MIT0604_01766,EW14_1766,tier1:gene
1395.179136,-0.48335233,0.190445922,-2.538003046,0.011148701,0.014174778,MIT0604_01767,EW14_1767,tier1:gene
2360.845715,-0.624052949,0.170510193,-3.659915807,0.000252,0.000358,MIT0604_01768,EW14_1768,tier1:gene
35.28671542,0.032875087,0.372922349,0.088155314,0.929753234,0.933859111,MIT0604_01769,EW14_1769,tier1:gene
16.79772463,0.327711405,0.447801789,0.731822456,0.464276941,0.496538609,MIT0604_01770,EW14_1770,tier1:gene
231.1696709,4.178196974,0.208924567,19.998591,5.6699999999999994e-89,5.090000000000001e-88,MIT0604_01771,EW14_1771,tier1:gene
141.1267441,4.42609664,0.324802969,13.62702028,2.7699999999999997e-42,1.19e-41,MIT0604_01772,EW14_1772,tier1:gene
199.6543036,-0.571189773,0.257204263,-2.220763247,0.026367001,0.032435848,MIT0604_01773,EW14_1773,tier1:gene
223.1873751,0.510363052,0.174226598,2.929306188,0.003397196,0.00450101,MIT0604_01774,EW14_1774,tier1:gene
266.5696,1.916858151,0.145883928,13.13961156,1.95e-39,7.98e-39,MIT0604_01775,EW14_1775,tier1:gene
521.8728539,0.982725529,0.142303282,6.905852886,4.99e-12,9.8e-12,MIT0604_01776,EW14_1776,tier1:gene
94.2084121,-0.151692763,0.214602782,-0.706853662,0.479657423,0.511651248,MIT0604_01777,EW14_1777,tier1:gene
297.9089339,-0.180260599,0.215353482,-0.837045202,0.40256716,0.434628153,MIT0604_01778,EW14_1778,tier1:gene
179.4913223,1.940883415,0.225673906,8.600389152,7.94e-18,1.94e-17,MIT0604_01779,EW14_1779,tier1:gene
425.2065153,0.892675743,0.167592454,5.326467409,1e-07,1.69e-07,MIT0604_01780,EW14_1780,tier1:gene
311.1076616,3.30319579,0.193117392,17.10460024,1.37e-65,8.97e-65,MIT0604_01781,EW14_1781,tier1:gene
453.54434,-0.659519776,0.137293732,-4.803713643,1.56e-06,2.49e-06,MIT0604_01782,EW14_1782,tier1:gene
540.9471463,0.05767135,0.131062615,0.440028988,0.659916113,0.683627673,MIT0604_01783,EW14_1783,tier1:gene
3965.619227,-1.499673217,0.103377034,-14.50683159,1.1e-47,5.270000000000001e-47,MIT0604_01784,EW14_1784,tier1:gene
3662.281387,-2.00609724,0.116364988,-17.2396979,1.3400000000000002e-66,8.92e-66,MIT0604_01785,EW14_1785,tier1:gene
525.5775031,0.424604553,0.124527317,3.409730195,0.00065,0.000905,MIT0604_01786,EW14_1786,tier1:gene
324.9066368,-0.116268052,0.176329653,-0.659378899,0.509652489,0.539988946,MIT0604_01787,EW14_1787,tier1:gene
3183.558919,0.052405561,0.167206182,0.313418799,0.753962503,0.772839882,MIT0604_01788,EW14_1788,tier1:gene
161.78944,-0.457245236,0.177855422,-2.570881621,0.010143999,0.012953691,MIT0604_01789,EW14_1789,tier1:gene
82370.14926,0.730032084,0.098934035,7.378978193,1.6e-13,3.32e-13,MIT0604_01790,EW14_1790,tier1:gene
18018.10987,-0.12465856,0.121927453,-1.022399438,0.306591886,0.336691841,MIT0604_01791,EW14_1791,tier1:gene
10404.42738,-1.382878776,0.102355533,-13.51054245,1.36e-41,5.76e-41,MIT0604_01792,EW14_1792,tier1:gene
3214.791065,-0.593475614,0.075895012,-7.819691944,5.3e-15,1.15e-14,MIT0604_01793,EW14_1793,tier1:gene
5658.971931,-1.355231747,0.113662222,-11.92332613,8.95e-33,3.13e-32,MIT0604_01794,EW14_1794,tier1:gene
575.7878539,-0.336954363,0.160686149,-2.096972046,0.03599605,0.043651608,MIT0604_01795,EW14_1795,tier1:gene
2198.42888,0.98249265,0.186028571,5.281407295,1.28e-07,2.16e-07,MIT0604_01796,EW14_1796,tier1:gene
460.3907679,0.981620116,0.122058359,8.042219505,8.82e-16,1.97e-15,MIT0604_01797,EW14_1797,tier1:gene
495.2825368,0.841082731,0.121311254,6.933262201,4.11e-12,8.13e-12,MIT0604_01798,EW14_1798,tier1:gene
462.9044195,0.094678226,0.178902405,0.529217178,0.596654802,0.625372442,MIT0604_01799,EW14_1799,tier1:gene
1235.594493,1.189519025,0.085302762,13.94467183,3.39e-44,1.54e-43,MIT0604_01800,EW14_1800,tier1:gene
1065.578669,1.722879609,0.116301925,14.81385294,1.19e-49,5.94e-49,MIT0604_01801,EW14_1801,tier1:gene
149.4896141,-0.029470661,0.208924011,-0.141059236,0.887823147,0.896583119,MIT0604_01802,EW14_1802,tier1:gene
1751.7867,-1.363131457,0.106978099,-12.74215448,3.4500000000000004e-37,1.34e-36,MIT0604_01803,EW14_1803,tier1:gene
8279.519936,-2.170827751,0.11912684,-18.22282662,3.3999999999999997e-74,2.46e-73,MIT0604_01804,EW14_1804,tier1:gene
28083.17207,-3.16754368,0.115693553,-27.37873978,4.91e-165,1.1100000000000001e-163,MIT0604_01805,EW14_1805,tier1:gene
18298.38918,-2.730459288,0.103356722,-26.41782003,8.55e-154,1.77e-152,MIT0604_01806,EW14_1806,tier1:gene
23042.97192,-2.602326834,0.133240943,-19.53098483,5.99e-85,5.04e-84,MIT0604_01807,EW14_1807,tier1:gene
23273.36722,-2.769185466,0.106267887,-26.05853512,1.08e-149,2.04e-148,MIT0604_01808,EW14_1808,tier1:gene
16449.19984,-3.18435285,0.183851405,-17.32025298,3.31e-67,2.23e-66,MIT0604_01809,EW14_1809,tier1:gene
7249.640199,-2.466613758,0.167753504,-14.70379875,6.09e-49,2.99e-48,MIT0604_01810,EW14_1810,tier1:gene
4624.015118,-2.889514683,0.135654013,-21.30062076,1.1200000000000001e-100,1.19e-99,MIT0604_01811,EW14_1811,tier1:gene
525.8242587,-0.591455,0.145419735,-4.067226493,4.76e-05,7.02e-05,MIT0604_01812,EW14_1812,tier1:gene
808.8371153,-0.446141243,0.155709977,-2.865206527,0.004167374,0.005500073,MIT0604_01813,EW14_1813,tier1:gene
665.7880307,1.065680844,0.201803484,5.280785156,1.29e-07,2.17e-07,MIT0604_01814,EW14_1814,tier1:gene
231.599632,-1.033837337,0.178404545,-5.794904687,6.84e-09,1.22e-08,MIT0604_01815,EW14_1815,tier1:gene
857.4311843,-1.295003369,0.225660188,-5.738732126,9.54e-09,1.68e-08,MIT0604_01816,EW14_1816,tier1:gene
5392.46269,-1.393405085,0.143772486,-9.691736761,3.27e-22,9.020000000000001e-22,MIT0604_01817,EW14_1817,tier1:gene
278.4790042,-1.180150341,0.166224648,-7.09973133,1.25e-12,2.53e-12,MIT0604_01818,EW14_1818,tier1:gene
1802.039209,-0.02435745,0.188013236,-0.129551781,0.896921055,0.904432216,MIT0604_01819,EW14_1819,tier1:gene
1427.000949,0.836838144,0.101425277,8.250784915,1.57e-16,3.69e-16,MIT0604_01820,EW14_1820,tier1:gene
1187.404403,0.997581118,0.177778014,5.611386335,2.01e-08,3.5e-08,MIT0604_01821,EW14_1821,tier1:gene
443.5486837,0.299078134,0.138960189,2.15225767,0.031377066,0.038368491,MIT0604_01822,EW14_1822,tier1:gene
99.07412652,1.205279139,0.31099105,3.875607153,0.000106,0.000154,MIT0604_01823,EW14_1823,tier1:gene
185.3939339,2.684465092,0.222088349,12.08737468,1.2300000000000001e-33,4.37e-33,MIT0604_01824,EW14_1824,tier1:gene
681.4866027,-0.109466911,0.148846127,-0.735436748,0.462073549,0.494440436,MIT0604_01825,EW14_1825,tier1:gene
1048.289598,0.073830175,0.113128177,0.6526241,0.513998645,0.544312067,MIT0604_01826,EW14_1826,tier1:gene
139.4217559,2.365972505,0.192126765,12.31464289,7.55e-35,2.76e-34,MIT0604_01827,EW14_1827,tier1:gene
116.1638532,0.53115775,0.477084786,1.113340365,0.265562276,0.295117253,MIT0604_01828,EW14_1828,tier1:gene
178.749828,0.594992147,0.167705508,3.547839032,0.000388,0.000548,MIT0604_01829,EW14_1829,tier1:gene
736.5789352,1.278521031,0.18508984,6.907570037,4.93e-12,9.69e-12,MIT0604_01830,EW14_1830,tier1:gene
1507.534402,-1.249283974,0.178203958,-7.01041655,2.38e-12,4.75e-12,MIT0604_01831,EW14_1831,tier1:gene
4021.164173,-1.927686255,0.14690566,-13.12193323,2.47e-39,1e-38,MIT0604_01832,EW14_1832,tier1:gene
1821.673731,-1.981726061,0.157881597,-12.55197631,3.88e-36,1.49e-35,MIT0604_01833,EW14_1833,tier1:gene
1627.990701,-0.215195776,0.130667338,-1.64689799,0.099579015,0.115751416,MIT0604_01834,EW14_1834,tier1:gene
1337.788654,0.562806444,0.10744785,5.237949787,1.62e-07,2.71e-07,MIT0604_01835,EW14_1835,tier1:gene
935.3937405,0.140336873,0.119874645,1.170696886,0.241720638,0.269941159,MIT0604_01836,EW14_1836,tier1:gene
22676.89436,-0.316304148,0.116021755,-2.726248621,0.006405873,0.008320318,MIT0604_01837,EW14_1837,tier1:gene
13441.31985,-0.24265776,0.12840565,-1.889774795,0.058788086,0.069681072,MIT0604_01838,EW14_1838,tier1:gene
30986.63847,-0.590032154,0.11473564,-5.142535973,2.71e-07,4.48e-07,MIT0604_01839,EW14_1839,tier1:gene
4100.226495,0.636623841,0.078888635,8.069905681,7.04e-16,1.59e-15,MIT0604_01840,EW14_1840,tier1:gene
2519.303599,-1.612649733,0.267859085,-6.020515345,1.74e-09,3.16e-09,MIT0604_01841,EW14_1841,tier1:gene
970.2627732,0.514328935,0.142363199,3.612794167,0.000303,0.000429,MIT0604_01842,EW14_1842,tier1:gene
1590.352278,0.448653596,0.178137783,2.518576287,0.011783036,0.01494416,MIT0604_01843,EW14_1843,tier1:gene
1266.351937,0.138115871,0.225633435,0.612125021,0.540455045,0.569969849,MIT0604_01844,EW14_1844,tier1:gene
476.8118437,-1.540842975,0.636818387,-2.419595611,0.015537775,0.019512777,MIT0604_01845,EW14_1845,tier1:gene
5811.428439,-2.04978706,0.095682589,-21.42278008,8.19e-102,8.78e-101,MIT0604_01846,EW14_1846,tier1:gene
910.1344822,-1.736734798,0.107746208,-16.11875569,1.88e-58,1.1100000000000001e-57,MIT0604_01847,EW14_1847,tier1:gene
9007.406275,0.200684881,0.113472833,1.768572047,0.076965319,0.090285391,MIT0604_01848,EW14_1848,tier1:gene
206.1610655,0.540562762,0.168134454,3.215062402,0.001304162,0.001784505,MIT0604_01849,EW14_1849,tier1:gene
1360.27322,0.608681688,0.170830753,3.563068574,0.000367,0.000518,MIT0604_01851,,unresolved
1101.550336,-1.04130082,0.096985775,-10.73663454,6.85e-27,2.1e-26,MIT0604_01852,EW14_1852,tier1:gene
2955.695967,-2.319079046,0.148228306,-15.64531846,3.5799999999999995e-55,1.98e-54,MIT0604_01853,EW14_1853,tier1:gene
13567.47089,0.964442771,0.081289938,11.86423308,1.8200000000000002e-32,6.300000000000001e-32,MIT0604_01854,,unresolved
2215.045715,2.339417384,0.119168649,19.63114805,8.38e-86,7.180000000000001e-85,MIT0604_01855,EW14_1855,tier1:gene
861.9527687,-1.502020514,0.107142774,-14.01886905,1.2e-44,5.48e-44,MIT0604_01856,EW14_1856,tier1:gene
3839.017777,2.603549842,0.094161549,27.64981973,2.7999999999999998e-168,6.600000000000001e-167,MIT0604_01857,EW14_1857,tier1:gene
2045.749415,2.099143112,0.147819535,14.20071521,9.069999999999999e-46,4.21e-45,MIT0604_01858,EW14_1858,tier1:gene
4051.402681,-0.463928292,0.133965605,-3.463040334,0.000534,0.000746,MIT0604_01859,EW14_1859,tier1:gene
5611.327726,-1.550824285,0.086752719,-17.87637669,1.8e-71,1.27e-70,MIT0604_01860,EW14_1860,tier1:gene
40242.90047,-1.404924173,0.098736244,-14.22906243,6.05e-46,2.8199999999999996e-45,MIT0604_01861,EW14_1861,tier1:gene
32215.81853,-0.890732675,0.17421323,-5.112887664,3.17e-07,5.22e-07,MIT0604_01862,EW14_1862,tier1:gene
8758.203595,-1.902452385,0.123315126,-15.42756716,1.0699999999999999e-53,5.82e-53,MIT0604_01863,EW14_1863,tier1:gene
6589.117331,-2.179104402,0.14909245,-14.61579308,2.2299999999999997e-48,1.08e-47,MIT0604_01864,EW14_1864,tier1:gene
4.194148182,1.708272621,0.965450226,1.76940517,0.076826283,0.090173969,MIT0604_01865,EW14_1865,tier1:gene
11300.98444,0.336138647,0.099765118,3.369300364,0.000754,0.001040192,MIT0604_01866,EW14_1866,tier1:gene
112.2210948,1.199578952,0.283114599,4.237079102,2.26e-05,3.4e-05,MIT0604_01867,EW14_1867,tier1:gene
1911.508806,1.3954427,0.12309303,11.33648833,8.65e-30,2.84e-29,MIT0604_01868,EW14_1868,tier1:gene
134.2573991,1.791506053,0.286593472,6.251035807,4.08e-10,7.58e-10,MIT0604_01869,EW14_1869,tier1:gene
68.55563563,2.283748759,0.389989107,5.855929614,4.74e-09,8.5e-09,MIT0604_01870,EW14_1870,tier1:gene
426.6934673,-0.51756817,0.15146395,-3.41710466,0.000633,0.000881,MIT0604_01871,EW14_1871,tier1:gene
215.4483096,2.401799083,0.204224063,11.76060769,6.230000000000001e-32,2.12e-31,MIT0604_01872,EW14_1872,tier1:gene
26128.04799,-4.160222236,0.095490571,-43.56683781,0.0,0.0,MIT0604_01873,EW14_1873,tier1:gene
3601.507479,-5.471652917,0.463305302,-11.81003734,3.46e-32,1.1900000000000002e-31,MIT0604_01874,EW14_1874,tier1:gene
85.05873129,-0.854333399,0.311024153,-2.7468394,0.006017259,0.00783047,MIT0604_01875,EW14_1875,tier1:gene
474.6709052,-0.696933197,0.135090142,-5.159023351,2.48e-07,4.11e-07,MIT0604_01876,EW14_1876,tier1:gene
192788.6242,-0.956562825,0.130002743,-7.358020347,1.87e-13,3.88e-13,MIT0604_01877,EW14_1877,tier1:gene
193697.4668,-2.003630598,0.131741388,-15.20881656,3.0899999999999997e-52,1.65e-51,MIT0604_01878,EW14_1878,tier1:gene
462.4501093,0.232249115,0.108799992,2.134642755,0.032790202,0.039905793,MIT0604_01879,EW14_1879,tier1:gene
406.3505428,1.874406838,0.120204551,15.59347649,8.06e-55,4.45e-54,MIT0604_01880,EW14_1880,tier1:gene
696.9104153,1.797644643,0.167631789,10.72376934,7.870000000000001e-27,2.41e-26,MIT0604_01881,EW14_1881,tier1:gene
4572.524464,4.332172213,0.263868821,16.41790115,1.42e-60,8.619999999999999e-60,MIT0604_01882,EW14_1882,tier1:gene
10815.70286,5.125631077,0.182034778,28.15742755,1.9399999999999999e-174,4.91e-173,MIT0604_01883,EW14_1883,tier1:gene
752.2190305,3.55458474,0.185968159,19.11394273,1.93e-81,1.54e-80,MIT0604_01884,EW14_1884,tier1:gene
2247.289385,2.54487773,0.13790715,18.45355901,4.88e-76,3.6300000000000002e-75,MIT0604_01885,EW14_1885,tier1:gene
4962.600201,3.973289404,0.291831877,13.61499451,3.2599999999999995e-42,1.41e-41,MIT0604_01886,EW14_1886,tier1:gene
1191.505067,4.852686013,0.183851239,26.39463324,1.58e-153,3.2299999999999997e-152,MIT0604_01887,EW14_1887,tier1:gene
630.2063754,4.825855304,0.196721964,24.53134971,6.84e-133,1.03e-131,MIT0604_01888,EW14_1888,tier1:gene
569.1905291,5.160226521,0.236990526,21.77397809,4.1e-105,4.56e-104,MIT0604_01889,EW14_1889,tier1:gene
1181.854565,5.153312017,0.201723147,25.54645856,6.010000000000001e-144,1.03e-142,MIT0604_01890,EW14_1890,tier1:gene
262.2135298,3.391905195,0.237792709,14.26412611,3.6599999999999996e-46,1.71e-45,MIT0604_01891,EW14_1891,tier1:gene
410.8717579,3.893888649,0.208515769,18.67431258,8.01e-78,6.1e-77,MIT0604_01892,EW14_1892,tier1:gene
1430.025104,-0.177298186,0.078444341,-2.260178167,0.023810195,0.029414285,MIT0604_01893,EW14_1893,tier1:gene
117.3077426,2.507329841,0.361744387,6.931219763,4.17e-12,8.24e-12,MIT0604_01894,EW14_1894,tier1:gene
29.69448846,4.80884815,0.608738745,7.899691265,2.8e-15,6.14e-15,MIT0604_01895,EW14_1895,tier1:gene
196.586114,7.416564777,0.512914648,14.45964705,2.18e-47,1.0399999999999999e-46,MIT0604_01896,EW14_1896,tier1:gene
452.1669681,5.518574447,0.214324683,25.74866487,3.34e-146,5.99e-145,MIT0604_01897,EW14_1897,tier1:gene
1614.113794,2.98890292,0.100418632,29.76442589,1.13e-194,3.35e-193,MIT0604_01899,EW14_1899,tier1:gene
472.9072324,0.760363234,0.23421981,3.246366029,0.001168884,0.001602617,MIT0604_01900,EW14_1900,tier1:gene
5781.600538,0.56767043,0.070546155,8.046794799,8.5e-16,1.9e-15,MIT0604_01901,EW14_1901,tier1:gene
7729.183398,-0.4177689,0.156411724,-2.670956423,0.007563547,0.009749735,MIT0604_01902,EW14_1902,tier1:gene
10714.61414,0.239688839,0.127743861,1.876323739,0.060610839,0.071799993,MIT0604_01903,EW14_1903,tier1:gene
9241.739291,0.396060112,0.110462456,3.585472628,0.000336,0.000476,MIT0604_01904,EW14_1904,tier1:gene
4299.217572,1.068831715,0.086477405,12.35966451,4.32e-35,1.59e-34,MIT0604_01905,EW14_1905,tier1:gene
7594.758099,-0.173315974,0.10051665,-1.724251406,0.084662468,0.099030898,MIT0604_01906,EW14_1906,tier1:gene
22415.45607,0.386347151,0.135757648,2.845859195,0.004429177,0.005826816,MIT0604_01907,EW14_1907,tier1:gene
9182.799936,0.559966916,0.120763426,4.63689161,3.54e-06,5.55e-06,MIT0604_01908,EW14_1908,tier1:gene
16745.7012,-0.528671438,0.117900773,-4.484037092,7.32e-06,1.13e-05,MIT0604_01909,EW14_1909,tier1:gene
1498.849693,0.701694506,0.095654754,7.335699263,2.21e-13,4.57e-13,MIT0604_01910,EW14_1910,tier1:gene
6471.375758,0.715016736,0.123672841,5.781517827,7.4e-09,1.31e-08,MIT0604_01911,EW14_1911,tier1:gene
3638.038155,-1.065494567,0.091283945,-11.6723107,1.77e-31,5.99e-31,MIT0604_01912,EW14_1912,tier1:gene
7471.848191,-0.441858794,0.093626928,-4.719355908,2.37e-06,3.75e-06,MIT0604_01913,EW14_1913,tier1:gene
6441.989973,-0.471645045,0.094204588,-5.006603751,5.54e-07,9.01e-07,MIT0604_01914,EW14_1914,tier1:gene
7019.328093,0.167853582,0.138389936,1.212903104,0.225166869,0.252280558,MIT0604_01915,EW14_1915,tier1:gene
4718.906673,0.903411075,0.110135149,8.202749867,2.35e-16,5.44e-16,MIT0604_01916,EW14_1916,tier1:gene
7785.622405,0.804834063,0.095352899,8.440583074,3.16e-17,7.57e-17,MIT0604_01917,EW14_1917,tier1:gene
5952.236772,1.094824621,0.091220696,12.00193235,3.47e-33,1.23e-32,MIT0604_01918,EW14_1918,tier1:gene
5940.97307,1.296785555,0.104623356,12.39479986,2.79e-35,1.03e-34,MIT0604_01919,EW14_1919,tier1:gene
4898.331964,1.44298942,0.087979106,16.40150123,1.87e-60,1.12e-59,MIT0604_01920,EW14_1920,tier1:gene
3584.714334,1.363105403,0.194102016,7.02262361,2.18e-12,4.36e-12,MIT0604_01921,EW14_1921,tier1:gene
5890.203514,1.037629308,0.090305312,11.4902356,1.48e-30,4.93e-30,MIT0604_01922,EW14_1922,tier1:gene
8412.21269,0.754912215,0.10137391,7.4468097,9.56e-14,2.01e-13,MIT0604_01923,EW14_1923,tier1:gene
5726.101628,0.913981939,0.15388792,5.939270207,2.86e-09,5.17e-09,MIT0604_01924,EW14_1924,tier1:gene
5149.339476,0.672716434,0.136868442,4.915058757,8.88e-07,1.43e-06,MIT0604_01925,EW14_1925,tier1:gene
12347.90151,0.893555944,0.131368093,6.801925196,1.03e-11,2e-11,MIT0604_01926,EW14_1926,tier1:gene
4706.261432,0.937907372,0.140289927,6.685493331,2.3e-11,4.42e-11,MIT0604_01927,EW14_1927,tier1:gene
4903.032095,0.929965994,0.082634615,11.25395203,2.2100000000000002e-29,7.14e-29,MIT0604_01928,EW14_1928,tier1:gene
6427.82594,-1.255716218,0.079973478,-15.70165828,1.47e-55,8.22e-55,MIT0604_01929,EW14_1929,tier1:gene
974.2436713,-0.969266963,0.127206277,-7.619647296,2.54e-14,5.43e-14,MIT0604_01930,EW14_1930,tier1:gene
916.3469758,2.195276911,0.105117513,20.88402634,7.480000000000001e-97,7.54e-96,MIT0604_01931,EW14_1931,tier1:gene
1513.47386,2.654309395,0.15714234,16.89111539,5.2300000000000004e-64,3.37e-63,MIT0604_01933,EW14_1933,tier1:gene
49522.69422,-0.456265963,0.118147859,-3.861821692,0.000113,0.000163,MIT0604_01934,EW14_1934,tier1:gene
202.6122646,1.474729047,0.174861071,8.433718463,3.35e-17,8.02e-17,MIT0604_01935,EW14_1935,tier1:gene
368.4948668,1.919591143,0.14619243,13.13057821,2.2e-39,8.969999999999999e-39,MIT0604_01936,EW14_1936,tier1:gene
3251.113852,3.270672572,0.10191109,32.09339222,5.450000000000001e-226,1.9600000000000001e-224,MIT0604_01937,EW14_1937,tier1:gene
1831.429649,4.940476957,0.133929366,36.88867587,7.019999999999999e-298,4.6400000000000004e-296,MIT0604_01938,EW14_1938,tier1:gene
300.0987083,2.879406131,0.15695594,18.34531482,3.6e-75,2.62e-74,MIT0604_01939,EW14_1939,tier1:gene
3875.669301,-1.10272748,0.110989595,-9.935413148,2.9199999999999997e-23,8.309999999999999e-23,MIT0604_01940,EW14_1940,tier1:gene
263.4920044,0.462009612,0.154091548,2.998280048,0.002715081,0.003630157,MIT0604_01941,EW14_1941,tier1:gene
1520.437092,-0.465759616,0.155523229,-2.994791325,0.002746327,0.003667143,MIT0604_01942,EW14_1942,tier1:gene
795.3169933,1.744861615,0.154196962,11.31579764,1.1000000000000001e-29,3.5800000000000003e-29,MIT0604_01943,EW14_1943,tier1:gene
516.1097255,-1.108121125,0.112665681,-9.835480639,7.919999999999999e-23,2.22e-22,MIT0604_01944,EW14_1944,tier1:gene
337.1886967,1.087574173,0.156988009,6.927753131,4.28e-12,8.43e-12,MIT0604_01945,EW14_1945,tier1:gene
155.3445847,0.947648025,0.180035659,5.26366849,1.41e-07,2.38e-07,MIT0604_01947,EW14_1947,tier1:gene
4167.723313,0.279182956,0.130454254,2.140083182,0.032348045,0.039485061,MIT0604_01948,EW14_1948,tier1:gene
505.0416633,2.05643594,0.133270749,15.43051241,1.02e-53,5.5699999999999995e-53,MIT0604_01949,EW14_1949,tier1:gene
3524.238511,-1.329472349,0.106785058,-12.4499848,1.4e-35,5.220000000000001e-35,MIT0604_01950,EW14_1950,tier1:gene
8316.351594,-5.008456311,0.099772089,-50.19897219,0.0,0.0,MIT0604_01951,EW14_1951,tier1:gene
346.7942813,1.998327078,0.151668175,13.17565187,1.21e-39,4.96e-39,MIT0604_01952,EW14_1952,tier1:gene
732.0553239,0.994300036,0.114191781,8.707281978,3.11e-18,7.7e-18,MIT0604_01953,EW14_1953,tier1:gene
2136.896763,0.217226355,0.124919421,1.738931813,0.082046758,0.096081071,MIT0604_01954,EW14_1954,tier1:gene
1321.586051,-1.032628371,0.114050806,-9.054108478,1.38e-19,3.57e-19,MIT0604_01955,EW14_1955,tier1:gene
1350.383279,-0.924264607,0.119327765,-7.745595588,9.51e-15,2.05e-14,MIT0604_01956,EW14_1956,tier1:gene
568.6810229,0.878109315,0.114377439,7.677294767,1.62e-14,3.49e-14,MIT0604_01957,EW14_1957,tier1:gene
316.3944653,0.007109708,0.201745223,0.035241025,0.971887549,0.97283805,MIT0604_01958,EW14_1958,tier1:gene
1201.668221,-2.303093994,0.121850331,-18.90100729,1.1200000000000001e-79,8.740000000000001e-79,MIT0604_01960,EW14_1960,tier1:gene
3458.133667,-1.637055482,0.173891457,-9.414237531,4.77e-21,1.28e-20,MIT0604_01961,EW14_1961,tier1:gene
304.3215971,-1.752182992,0.157867958,-11.09904132,1.27e-28,4.0199999999999998e-28,MIT0604_01962,EW14_1962,tier1:gene
603.669402,0.773174405,0.112700454,6.860437351,6.87e-12,1.34e-11,MIT0604_01963,EW14_1963,tier1:gene
343.1766632,-1.40079432,0.168095826,-8.333308167,7.86e-17,1.86e-16,MIT0604_01964,EW14_1964,tier1:gene
85.14020506,0.961904136,0.310398997,3.098927976,0.001942222,0.002627713,MIT0604_01965,EW14_1965,tier1:gene
269.3835074,-1.592592432,0.161893154,-9.83730562,7.78e-23,2.19e-22,MIT0604_01966,EW14_1966,tier1:gene
605.6202483,-1.824501894,0.114493238,-15.93545553,3.6e-57,2.05e-56,MIT0604_01967,EW14_1967,tier1:gene
343.9709448,-1.682917743,0.202599175,-8.306636706,9.85e-17,2.32e-16,MIT0604_01968,EW14_1968,tier1:gene
1494.714795,-1.262108264,0.138799587,-9.093026058,9.63e-20,2.51e-19,MIT0604_01969,EW14_1969,tier1:gene
342.6454982,0.138046782,0.140854117,0.980069204,0.327051959,0.357625727,MIT0604_01970,EW14_1970,tier1:gene
394.7362319,-0.981916893,0.127331612,-7.711493463,1.24e-14,2.67e-14,MIT0604_01971,EW14_1971,tier1:gene
1597.234554,-1.943069502,0.136676712,-14.21653679,7.23e-46,3.37e-45,MIT0604_01972,EW14_1972,tier1:gene
4005.294153,-3.246780269,0.155263068,-20.91147819,4.21e-97,4.29e-96,MIT0604_01973,EW14_1973,tier1:gene
5021.062167,-1.138851759,0.172478788,-6.602851105,4.03e-11,7.68e-11,MIT0604_01974,EW14_1974,tier1:gene
2806.836271,-2.838712802,0.122148268,-23.23989394,1.8e-119,2.33e-118,MIT0604_01975,EW14_1975,tier1:gene
1668.572987,-1.775848515,0.218471298,-8.128520903,4.35e-16,9.95e-16,MIT0604_01976,EW14_1976,tier1:gene
514.6834107,0.544483945,0.117547551,4.632031378,3.62e-06,5.67e-06,MIT0604_01978,EW14_1978,tier1:gene
916.4661225,0.422312839,0.183316334,2.303738185,0.021237345,0.026379154,MIT0604_01979,EW14_1979,tier1:gene
363.8460147,0.670570638,0.190060355,3.528198379,0.000418,0.000589,MIT0604_01980,EW14_1980,tier1:gene
7470.52829,-0.179355191,0.115044174,-1.559011509,0.118993656,0.13676587,MIT0604_01981,EW14_1981,tier1:gene
7283.979124,-6.104677252,0.167481812,-36.44979222,6.93e-291,3.9400000000000003e-289,MIT0604_01982,EW14_1982,tier1:gene
6211.587978,-3.461014747,0.095506193,-36.23864226,1.5e-287,7.87e-286,MIT0604_01983,EW14_1983,tier1:gene
24204.04055,-2.400697943,0.109368625,-21.95051774,8.56e-107,9.68e-106,MIT0604_01984,EW14_1984,tier1:gene
22258.74567,-2.583992166,0.143893727,-17.95764288,4.18e-72,2.96e-71,MIT0604_01985,EW14_1985,tier1:gene
7721.176469,-1.186032024,0.09063057,-13.08644564,3.94e-39,1.59e-38,MIT0604_01986,EW14_1986,tier1:gene
151.8524605,1.462841686,0.300638094,4.865789516,1.14e-06,1.83e-06,MIT0604_01987,EW14_1987,tier1:gene
1063.088556,3.265292684,0.115824274,28.19178196,7.37e-175,1.9100000000000003e-173,MIT0604_01988,EW14_1988,tier1:gene
713.2490422,1.926294635,0.147508789,13.05884654,5.66e-39,2.28e-38,MIT0604_01989,EW14_1989,tier1:gene
1138.259156,2.794999922,0.115519827,24.19498025,2.51e-129,3.62e-128,MIT0604_01990,EW14_1990,tier1:gene
175.6603722,-0.729177562,0.197297531,-3.69582709,0.000219,0.000313,MIT0604_01991,EW14_1991,tier1:gene
2326.342885,-0.146210046,0.159092085,-0.919027783,0.35808104,0.389682025,MIT0604_01992,EW14_1992,tier1:gene
2827.637284,0.475754374,0.121050106,3.930226828,8.49e-05,0.000124,MIT0604_01993,EW14_1993,tier1:gene
7705.598185,-1.922308746,0.173429066,-11.08412093,1.5e-28,4.75e-28,MIT0604_01994,EW14_1994,tier1:gene
137.8832185,2.561696562,0.200141941,12.799399,1.6500000000000001e-37,6.450000000000001e-37,MIT0604_01995,EW14_1995,tier1:gene
511.4639796,0.567345132,0.149678291,3.790430311,0.00015,0.000217,MIT0604_01996,EW14_1996,tier1:gene
2621.152314,0.116924806,0.130720942,0.894461163,0.3710752,0.402538916,MIT0604_01997,EW14_1997,tier1:gene
586.0274552,0.016254739,0.178040335,0.091298069,0.927255752,0.931807817,MIT0604_01998,EW14_1998,tier1:gene
2768.40719,-0.450949128,0.102654004,-4.392903455,1.12e-05,1.71e-05,MIT0604_01999,EW14_1999,tier1:gene
9903.117941,-0.984351329,0.143625592,-6.853592838,7.2e-12,1.4e-11,MIT0604_02000,EW14_2000,tier1:gene
412.8046925,-0.974209973,0.125963633,-7.734057413,1.04e-14,2.24e-14,MIT0604_02001,EW14_2001,tier1:gene
2305.459755,2.919078746,0.089496408,32.61671391,2.38e-233,9.65e-232,MIT0604_02002,EW14_2002,tier1:gene
225.3041957,0.005758364,0.180107363,0.031971843,0.974494505,0.974970798,MIT0604_02003,EW14_2003,tier1:gene
9052.00936,1.840248405,0.170634779,10.78472054,4.06e-27,1.25e-26,MIT0604_02004,EW14_2004,tier1:gene
2229.203676,0.895318642,0.169279535,5.288995152,1.23e-07,2.07e-07,MIT0604_02005,EW14_2005,tier1:gene
19.6893085,3.217124384,0.57611145,5.584204906,2.35e-08,4.07e-08,MIT0604_02006,EW14_2006,tier1:gene
244.502912,0.076032513,0.180225098,0.421875278,0.673116055,0.695893215,MIT0604_02007,EW14_2007,tier1:gene
960.1388993,0.039811441,0.193439868,0.205807837,0.836941019,0.849656523,MIT0604_02008,EW14_2008,tier1:gene
6130.674768,0.257874248,0.100881021,2.55622163,0.01058157,0.013478826,MIT0604_02009,EW14_2009,tier1:gene
795.2953616,0.898596751,0.131508595,6.832988742,8.32e-12,1.61e-11,MIT0604_02010,EW14_2010,tier1:gene
5335.602209,-1.499681006,0.093192987,-16.09220873,2.8900000000000003e-58,1.7e-57,MIT0604_02011,EW14_2011,tier1:gene
2940.274332,0.176666201,0.123207451,1.433892181,0.151603033,0.172694162,MIT0604_02012,EW14_2012,tier1:gene
751.5607277,1.837004079,0.109377749,16.7950438,2.65e-63,1.69e-62,MIT0604_02013,EW14_2013,tier1:gene
4863.221619,0.169990103,0.07406979,2.294999103,0.021733176,0.026929667,MIT0604_02014,EW14_2014,tier1:gene
308.0874092,1.379407319,0.14226512,9.69603316,3.13e-22,8.69e-22,MIT0604_02015,EW14_2015,tier1:gene
842.8761002,0.849840568,0.180544663,4.707093271,2.51e-06,3.97e-06,MIT0604_02016,EW14_2016,tier1:gene
358.2603313,3.57523906,0.161287685,22.16684462,7.18e-109,8.39e-108,MIT0604_02017,EW14_2017,tier1:gene
1536.20626,3.753227764,0.257988099,14.54806552,6.01e-48,2.89e-47,MIT0604_02018,EW14_2018,tier1:gene
4706.345579,0.321478998,0.14631792,2.197126631,0.028011404,0.034355508,MIT0604_02019,EW14_2019,tier1:gene
109.3095046,0.200351975,0.238222637,0.84102828,0.400332091,0.432443162,MIT0604_02020,EW14_2020,tier1:gene
525.9927378,0.571132411,0.213466357,2.675514866,0.007461456,0.009624197,MIT0604_02021,EW14_2021,tier1:gene
171.8797822,1.558766951,0.311285391,5.007517207,5.51e-07,8.98e-07,MIT0604_02022,EW14_2022,tier1:gene
684.1932381,-2.449839174,0.200657692,-12.20904688,2.78e-34,1e-33,MIT0604_02023,EW14_2023,tier1:gene
65.31473951,1.261991575,0.362041332,3.485766579,0.000491,0.000688,MIT0604_02024,EW14_2024,tier1:gene
923.8902496,-0.020963599,0.217541758,-0.096365864,0.923230002,0.92867411,MIT0604_02025,EW14_2025,tier1:gene
5719.483388,2.339673002,0.08931001,26.19720899,2.86e-151,5.47e-150,MIT0604_02026,EW14_2026,tier1:gene
217.2662433,1.225768806,0.238258363,5.144704219,2.68e-07,4.43e-07,MIT0604_02027,EW14_2027,tier1:gene
50.74690366,0.647865283,0.284697672,2.275625498,0.022868434,0.028285006,MIT0604_02028,EW14_2028,tier1:gene
5121.544432,-4.610990925,0.088002713,-52.39600899,0.0,0.0,MIT0604_02030,EW14_2030,tier1:gene
4927.448567,-5.830801931,0.159026515,-36.66559576,2.58e-294,1.55e-292,MIT0604_02031,EW14_2031,tier1:gene
13.20018516,3.522901118,0.6844434,5.147103642,2.65e-07,4.38e-07,MIT0604_02032,EW14_2032,tier1:gene
923.1989603,1.752637551,0.135897353,12.89677474,4.69e-38,1.8700000000000002e-37,MIT0604_02033,EW14_2033,tier1:gene
248.7376793,-0.269824212,0.129268141,-2.087321817,0.036859054,0.044671689,MIT0604_02034,EW14_2034,tier1:gene
118.2374787,2.233750383,0.272298797,8.203306088,2.34e-16,5.42e-16,MIT0604_02035,EW14_2035,tier1:gene
1557.638591,-0.121569297,0.121149885,-1.003461929,0.315638037,0.346069128,MIT0604_02036,EW14_2036,tier1:gene
2432.819028,-0.372350862,0.145227858,-2.563907963,0.010350099,0.013203757,MIT0604_02037,EW14_2037,tier1:gene
3726.357856,-1.437926733,0.11696133,-12.29403536,9.75e-35,3.5499999999999998e-34,MIT0604_02038,EW14_2038,tier1:gene
363.1373415,-0.630829634,0.186374117,-3.384749142,0.000712,0.000987,MIT0604_02039,EW14_2039,tier1:gene
19076.80557,-0.99778552,0.121582638,-8.206644753,2.27e-16,5.29e-16,MIT0604_02040,EW14_2040,tier1:gene
4934.111136,-0.951331562,0.164531678,-5.782057118,7.38e-09,1.31e-08,MIT0604_02041,EW14_2041,tier1:gene
1106.098029,-1.24525902,0.134889586,-9.231691341,2.66e-20,7e-20,MIT0604_02042,EW14_2042,tier1:gene
5006.644603,-2.974448622,0.110222249,-26.98591853,2.1600000000000003e-160,4.76e-159,MIT0604_02043,EW14_2043,tier1:gene
1725.096357,-1.334748932,0.079970826,-16.69044834,1.5399999999999999e-62,9.66e-62,MIT0604_02044,EW14_2044,tier1:gene
5263.027553,-2.63042529,0.106369296,-24.7291783,5.19e-135,8.049999999999999e-134,MIT0604_02045,EW14_2045,tier1:gene
952.5874966,0.183470156,0.171640162,1.068923231,0.285104263,0.315293586,MIT0604_02046,EW14_2046,tier1:gene
446.4863453,-1.784646915,0.222916574,-8.00589603,1.19e-15,2.63e-15,MIT0604_02047,EW14_2047,tier1:gene
259.9175816,0.74152637,0.270899594,2.737273833,0.00619507,0.008051625,MIT0604_02048,EW14_2048,tier1:gene
1649.026514,-2.652998113,0.085712636,-30.95224039,2.3700000000000003e-210,7.830000000000001e-209,MIT0604_02049,EW14_2049,tier1:gene
5983.741589,-2.211046862,0.090175678,-24.51932626,9.19e-133,1.37e-131,MIT0604_02050,EW14_2050,tier1:gene
1483.549602,-0.631865071,0.116651768,-5.416678039,6.07e-08,1.04e-07,MIT0604_02051,EW14_2051,tier1:gene
2013.123527,1.923547077,0.134288443,14.3239957,1.5499999999999999e-46,7.309999999999999e-46,MIT0604_02052,EW14_2052,tier1:gene
7234.084391,-1.546424325,0.100536048,-15.38178953,2.17e-53,1.1799999999999998e-52,MIT0604_02053,EW14_2053,tier1:gene
1720.963394,-0.638349917,0.132841308,-4.805357054,1.54e-06,2.47e-06,MIT0604_02054,EW14_2054,tier1:gene
4776.001515,-1.164390474,0.141018571,-8.257000922,1.49e-16,3.5e-16,MIT0604_02055,EW14_2055,tier1:gene
6533.913804,1.274517058,0.173290966,7.354780732,1.91e-13,3.97e-13,MIT0604_02056,EW14_2056,tier1:gene
673.7672569,1.020198294,0.150954519,6.75831567,1.4e-11,2.7e-11,MIT0604_02057,EW14_2057,tier1:gene
1192.079702,1.683689229,0.088773734,18.9660743,3.2500000000000003e-80,2.5600000000000002e-79,MIT0604_02058,EW14_2058,tier1:gene
1389.030979,0.262685209,0.108732032,2.415895326,0.015696573,0.019700113,MIT0604_02059,EW14_2059,tier1:gene
4176.887881,-0.105018141,0.139393772,-0.753391913,0.451214441,0.484593893,MIT0604_02060,EW14_2060,tier1:gene
5399.398133,-2.616600358,0.123188856,-21.24056061,4.03e-100,4.23e-99,MIT0604_02061,EW14_2061,tier1:gene
3918.336712,-1.205596793,0.08775145,-13.7387677,5.950000000000001e-43,2.5999999999999997e-42,MIT0604_02062,EW14_2062,tier1:gene
1627.133759,1.180470247,0.124886576,9.452338933,3.3100000000000003e-21,8.890000000000001e-21,MIT0604_02063,EW14_2063,tier1:gene
315.0070058,1.539208765,0.149521956,10.294199,7.48e-25,2.18e-24,MIT0604_02064,EW14_2064,tier1:gene
398.9122725,-1.835229259,0.166320842,-11.03427106,2.61e-28,8.24e-28,MIT0604_02065,EW14_2065,tier1:gene
74.66130351,0.47262622,0.392636811,1.203723664,0.228696403,0.255954913,MIT0604_02066,EW14_2066,tier1:gene
1292.479338,-2.074308991,0.107601344,-19.27772384,8.259999999999999e-83,6.709999999999999e-82,MIT0604_02067,EW14_2067,tier1:gene
1162.359884,-1.018849113,0.101417352,-10.04610251,9.56e-24,2.74e-23,MIT0604_02068,EW14_2068,tier1:gene
90.06561636,-0.318991894,0.255149133,-1.250217433,0.21122013,0.237303846,MIT0604_02069,EW14_2069,tier1:gene
300.1320743,3.007683488,0.194436551,15.46871446,5.64e-54,3.09e-53,MIT0604_02070,EW14_2070,tier1:gene
4138.128698,1.188313929,0.079734629,14.90336052,3.13e-50,1.6e-49,MIT0604_02071,EW14_2071,tier1:gene
780.4482717,0.168183269,0.241794163,0.69556381,0.486702037,0.518625231,MIT0604_02072,EW14_2072,tier1:gene
307.7130685,0.940597583,0.191454619,4.912900976,8.97e-07,1.45e-06,MIT0604_02074,EW14_2074,tier1:gene
350.1910118,1.315246108,0.154365498,8.52033729,1.59e-17,3.85e-17,MIT0604_02075,EW14_2075,tier1:gene
525.2246864,1.269768357,0.148562077,8.547055777,1.26e-17,3.07e-17,MIT0604_02076,EW14_2076,tier1:gene
811.9500191,0.071135965,0.106365846,0.668785779,0.50363214,0.534994805,MIT0604_02077,EW14_2077,tier1:gene
1509.547269,-0.354589828,0.163087944,-2.174224654,0.029688268,0.036346821,MIT0604_02078,EW14_2078,tier1:gene
2823.243448,-1.291246619,0.145676137,-8.863816989,7.73e-19,1.95e-18,MIT0604_02079,EW14_2079,tier1:gene
538.170764,0.915459489,0.150950237,6.06464425,1.32e-09,2.41e-09,MIT0604_02080,EW14_2080,tier1:gene
459.1692067,3.070474032,0.144866572,21.1951867,1.0600000000000001e-99,1.1e-98,MIT0604_02081,EW14_2081,tier1:gene
613.5126362,3.09588587,0.123841504,24.99877481,6.299999999999999e-138,1e-136,MIT0604_02082,EW14_2082,tier1:gene
302.251583,3.051680488,0.188543149,16.18558141,6.370000000000001e-59,3.78e-58,MIT0604_02083,EW14_2083,tier1:gene
429.1928248,0.875975956,0.134593269,6.508319216,7.6e-11,1.43e-10,MIT0604_02084,EW14_2084,tier1:gene
713.7932497,0.836037337,0.131691997,6.34842933,2.18e-10,4.07e-10,MIT0604_02085,EW14_2085,tier1:gene
888.0181772,1.321553272,0.106573069,12.40044298,2.6e-35,9.620000000000001e-35,MIT0604_02086,,unresolved
5333.72488,-1.352615336,0.148046483,-9.136423306,6.46e-20,1.69e-19,MIT0604_02087,,unresolved
277.1061373,1.011159924,0.195410818,5.174534025,2.28e-07,3.79e-07,MIT0604_02088,,unresolved
1157.13991,-2.239393814,0.15038231,-14.89133803,3.75e-50,1.91e-49,MIT0604_02089,,unresolved
2303.660872,-0.534429537,0.148175391,-3.606736142,0.00031,0.000439,MIT0604_02090,,unresolved
812.8780859,-0.083087152,0.110015242,-0.755233099,0.450109132,0.483914597,MIT0604_02091,,unresolved
2014.371073,2.334473355,0.081840838,28.52455332,5.8100000000000004e-179,1.55e-177,MIT0604_02092,,unresolved
285.4812398,1.304331444,0.145640975,8.955799974,3.37e-19,8.62e-19,MIT0604_02093,,unresolved
43307.46667,1.30818656,0.101814191,12.84876447,8.74e-38,3.4500000000000004e-37,MIT0604_02094,,unresolved
1155.052054,-1.143841367,0.135288083,-8.454856798,2.79e-17,6.71e-17,MIT0604_02095,,unresolved
4515.675425,-0.994511673,0.172309286,-5.771666154,7.85e-09,1.39e-08,MIT0604_02096,,unresolved
2352.017727,-0.838106409,0.104013992,-8.057631432,7.78e-16,1.75e-15,MIT0604_02097,,unresolved
2464.600627,-1.06222057,0.216101837,-4.915370385,8.86e-07,1.43e-06,MIT0604_02098,,unresolved
1923.298985,0.305380438,0.153989006,1.983131436,0.04735275,0.056817749,MIT0604_02099,,unresolved
716.2895186,-0.094051247,0.101418151,-0.927361094,0.353739084,0.385366633,MIT0604_02100,,unresolved
9082.646683,-2.680611697,0.092328271,-29.03348736,2.4900000000000003e-185,7.07e-184,MIT0604_02101,,unresolved
2715.152513,0.589881155,0.17481792,3.37426024,0.00074,0.001023699,MIT0604_02102,,unresolved
274.4245347,0.742800853,0.228271479,3.254023927,0.001137827,0.001562127,MIT0604_02103,,unresolved
1386.468625,0.854497661,0.099616592,8.577864823,9.67e-18,2.35e-17,MIT0604_02104,,unresolved
358.6963521,1.6286145,0.125706694,12.95567046,2.18e-38,8.71e-38,MIT0604_02105,,unresolved
2317.965892,0.717989374,0.13050224,5.501739827,3.76e-08,6.48e-08,MIT0604_02106,,unresolved
