WP_006042333.1	lcl|Q31MI4-3.E.2.2.1	76.9	100	100	39	1.58e-16	63.9
WP_006042333.1	lcl|P62100-3.E.2.2.3	55.6	92.3	100	36	5.51e-10	47.4
WP_006043345.1	lcl|Q7WTJ2-5.B.1.3.2	40.2	96.0	26.3	97	2.55e-14	66.2
WP_006043345.1	lcl|Q66DP5-5.B.1.3.1	34.7	72.7	21.9	72	4.74e-11	57.0
WP_006169870.1	lcl|6NER_A-1.S.1.1.13	58.9	92.2	44.1	95	7.97e-26	95.1
WP_006169870.1	lcl|P0A1C7-1.S.1.1.1	58.0	85.4	92.6	88	1.75e-25	90.9
WP_006169870.1	lcl|WP_094276346.1-1.S.1.1.11	53.3	87.4	94.7	90	2.03e-24	88.2
WP_006169870.1	lcl|P0ABF4-1.S.1.1.2	54.5	85.4	89.7	88	8.90e-24	86.7
WP_006169870.1	lcl|P72760-1.S.1.1.7	52.8	85.4	80.2	89	9.81e-21	79.3
WP_006169870.1	lcl|MBT6724251.1-1.S.1.1.14	48.1	78.6	38.5	81	4.36e-16	69.7
WP_006169870.1	lcl|WP_033292571.1-1.S.1.1.5	36.3	88.3	94.8	91	1.34e-09	50.4
WP_006169870.1	lcl|WP_118167459.1-1.S.1.1.3	40.4	85.4	86.4	89	3.41e-08	47.0
WP_006169870.1	lcl|P73407-1.S.1.1.9	38.4	82.5	76.8	86	5.70e-08	46.6
WP_006169870.1	lcl|Q31RK3-1.S.1.1.8	39.3	85.4	87.3	89	2.59e-07	44.7
WP_006169870.1	lcl|WP_068749265.1-1.S.1.1.4	33.0	85.4	45.9	88	1.01e-04	38.9
WP_006849585.1	lcl|Q9ZK21-1.C.82.1.1	48.5	97.9	98.7	231	5.05e-72	219
WP_006849585.1	lcl|WP_078474522.1-1.C.82.1.2	43.7	97.9	100	231	4.29e-62	193
WP_006849586.1	lcl|P31552-4.C.1.1.6	26.2	80.5	95.7	535	7.11e-35	138
WP_006849586.1	lcl|Q42524-4.C.1.1.7	23.9	81.4	90.4	560	1.20e-26	114
WP_006849586.1	lcl|P69451-4.C.1.1.4	26.3	79.9	91.1	558	3.31e-20	94.4
WP_006849586.1	lcl|P31119-4.C.1.1.16	25.5	54.6	46.9	365	1.29e-14	77.0
WP_006849586.1	lcl|O05307-4.C.1.1.3	22.2	79.8	82.7	541	2.34e-13	72.8
WP_006849586.1	lcl|Q91VE0-4.C.1.1.1	21.2	82.2	80.7	566	2.29e-12	69.7
WP_006849586.1	lcl|Q89SS6-2.A.1.42.2	22.3	74.1	38.8	494	9.09e-12	68.2
WP_006849586.1	lcl|Q6PCB7-4.C.1.1.9	22.4	82.3	81.4	559	2.77e-11	66.2
WP_006849586.1	lcl|KAB2105161.1-4.C.1.1.18	23.1	77.3	29.4	537	6.69e-11	65.5
WP_006849586.1	lcl|Q6P1M0-4.C.1.1.10	21.2	81.9	80.4	562	3.32e-10	62.8
WP_006849586.1	lcl|Q2L7E6-4.C.1.1.17	22.2	83.6	81.9	576	5.78e-10	62.0
WP_006849586.1	lcl|G4N137-4.C.1.1.19	22.0	79.0	27.1	537	7.95e-10	62.0
WP_006849586.1	lcl|Q9XIA9-4.C.1.1.14	23.4	28.2	27.1	188	4.83e-08	55.8
WP_006849586.1	lcl|O60488-4.C.1.1.21	26.5	28.6	25.6	196	1.97e-07	53.9
WP_006849616.1	lcl|Q8Y433-5.B.14.1.1	25.9	86.8	76.4	266	1.02e-18	84.3
WP_006849620.1	lcl|Q8DJ02-3.D.1.8.2	76.7	100	90.9	120	3.05e-59	178
WP_006849620.1	lcl|P56751-3.D.1.8.1	62.5	100	100	120	1.17e-49	153
WP_006849620.1	lcl|Q9P9G3-3.D.9.1.1	43.1	89.2	87.9	109	9.91e-28	98.2
WP_006849620.1	lcl|Q8PU58-3.D.13.1.1	43.1	89.2	84.5	109	1.14e-27	98.2
WP_006849620.1	lcl|P29919-3.D.1.2.1	37.0	99.2	98.3	119	3.90e-24	89.0
WP_006849620.1	lcl|P0AFC3-3.D.1.1.1	36.6	93.3	76.2	112	1.39e-21	83.2
WP_006849620.1	lcl|Q746S3-3.D.1.5.1	39.1	72.5	61.3	87	8.76e-19	75.9
WP_006849620.1	lcl|Q56217-3.D.1.3.1	38.5	80.0	79.8	96	2.81e-18	73.9
WP_006849620.1	lcl|Q0P849-3.D.1.7.1	34.5	96.7	91.5	119	4.52e-16	68.6
WP_006849620.1	lcl|Q6V502-3.D.1.6.4	30.8	86.7	36.6	104	2.48e-13	63.9
WP_006849620.1	lcl|P03898-3.D.1.6.1	34.9	68.3	72.2	83	1.96e-11	56.2
WP_006849623.1	lcl|Q9SHU7-3.A.9.1.2	26.6	94.1	58.1	177	8.47e-10	56.2
WP_006849627.1	lcl|WP_224341048.1-8.A.192.1.5	31.5	98.1	96.1	327	3.50e-41	145
WP_006849627.1	lcl|MBA24612.1-8.A.192.1.4	24.7	94.5	94.9	360	4.79e-16	77.4
WP_006849627.1	lcl|XP_006763275.1-8.A.192.1.3	38.8	29.7	44.2	103	1.21e-14	71.6
WP_006849627.1	lcl|Q9NXW2-1.P.1.1.1	36.9	30.3	27.2	103	1.56e-12	67.0
WP_006849627.1	lcl|P60904-8.A.192.1.1	31.3	26.8	41.9	83	2.68e-12	64.3
WP_006849627.1	lcl|P40564-3.A.30.1.1	37.2	30.3	20.8	94	4.43e-12	65.9
WP_006849627.1	lcl|P25491-8.A.192.1.6	33.0	32.6	25.4	106	5.87e-11	62.4
WP_006849627.1	lcl|OLP90381.1-9.B.440.1.6	38.6	21.0	5.8	70	1.24e-10	62.0
WP_006849627.1	lcl|KAF9150406.1-8.A.192.1.2	30.6	35.5	29.4	111	7.51e-10	58.9
WP_006849627.1	lcl|Q8TBM8-1.P.1.1.1	43.5	20.0	16.1	62	7.55e-10	58.9
WP_006849627.1	lcl|P25294-3.A.16.1.6	36.4	21.3	17.9	66	9.33e-10	58.5
WP_006849627.1	lcl|Q8IEC8-3.A.5.9.4	32.8	20.6	9.8	64	3.21e-06	48.1
WP_006849631.1	lcl|OLS17256-4.D.1.1.15	35.9	29.7	15.2	92	7.37e-11	62.4
WP_006849631.1	lcl|B3EBP1-4.D.1.3.3	29.8	65.2	15.2	225	9.55e-11	62.4
WP_006849631.1	lcl|MAU97510-2.A.127.1.18	30.2	61.0	34.3	205	1.35e-08	55.5
WP_006849631.1	lcl|P75905-4.D.1.1.3	32.3	30.6	20.9	96	4.91e-08	53.5
WP_006849631.1	lcl|F2KQZ0-4.D.2.1.6	34.3	30.0	17.1	99	7.21e-07	50.1
WP_006849631.1	lcl|P77757-4.D.1.1.13	30.9	30.0	29.2	97	5.17e-06	47.0
WP_006849639.1	lcl|P38919-3.A.18.1.1	31.1	15.0	23.8	103	9.53e-06	48.1
WP_006849639.1	lcl|AKM80781.1-3.A.11.1.5	33.0	11.6	14.6	94	1.10e-04	45.1
WP_006849642.1	lcl|P29296-2.A.114.1.9	42.8	99.4	99.4	166	1.31e-34	118
WP_006849647.1	lcl|G0LRW8-3.A.1.15.15	27.7	89.0	84.2	235	4.75e-24	97.4
WP_006849647.1	lcl|Q56955-3.A.1.15.4	29.2	87.5	77.8	233	1.26e-23	96.7
WP_006849647.1	lcl|Q8DW85-3.A.1.15.20	27.7	95.8	90.3	253	6.65e-22	91.7
WP_006849647.1	lcl|Q9XCR9-3.A.1.15.7	27.2	89.8	84.0	239	3.56e-21	89.7
WP_006849647.1	lcl|Q2MGF9-3.A.1.15.14	26.2	86.4	80.9	229	2.51e-20	87.4
WP_006849647.1	lcl|Q9RNI8-3.A.1.15.6	26.3	86.4	80.3	228	9.42e-20	85.9
WP_006849647.1	lcl|P42361-3.A.1.15.2	25.2	94.7	89.6	250	8.28e-19	83.2
WP_006849647.1	lcl|Q55282-3.A.1.15.1	27.5	87.9	75.8	233	1.64e-18	82.8
WP_006849647.1	lcl|Q92LL2-3.A.1.15.9	27.6	93.6	88.0	250	1.71e-18	82.4
WP_006849647.1	lcl|Q4V0W5-3.A.1.15.21	23.7	91.7	85.1	245	1.80e-18	82.4
WP_006849647.1	lcl|P39832-3.A.1.15.5	29.2	86.7	87.7	236	2.24e-17	79.0
WP_006849647.1	lcl|Q56954-3.A.1.15.4	27.5	89.0	79.9	236	6.48e-17	78.2
WP_006849647.1	lcl|Q92LL3-3.A.1.15.9	30.2	71.2	66.0	189	1.51e-16	77.0
WP_006849647.1	lcl|Q9XCS0-3.A.1.15.7	28.6	71.2	65.7	189	1.72e-14	71.2
WP_006849647.1	lcl|A1B2F2-3.A.1.15.19	28.5	84.8	78.8	228	5.36e-13	67.0
WP_006849647.1	lcl|B2IWT1-3.A.1.15.13	26.2	87.5	80.3	233	5.34e-11	61.2
WP_006849647.1	lcl|P96118-3.A.1.15.8	26.2	87.5	81.2	244	1.69e-08	53.9
WP_006849647.1	lcl|P96119-3.A.1.15.8	25.4	71.2	56.1	209	2.90e-07	50.4
WP_006849648.1	lcl|Q74AE4-5.B.3.1.1	34.0	75.4	93.3	97	5.30e-08	47.0
WP_006849652.1	lcl|C1F8I9-3.A.1.106.17	35.8	97.3	97.6	576	3.04e-103	323
WP_006849652.1	lcl|Q9KZE5-3.A.1.106.9	34.3	98.5	95.4	601	6.31e-83	271
WP_006849652.1	lcl|Q72J04-3.A.1.106.18	33.4	96.1	95.7	569	8.59e-82	267
WP_006849652.1	lcl|P77265-3.A.1.106.13	31.1	95.7	94.9	566	1.60e-81	266
WP_006849652.1	lcl|O07550-3.A.1.106.8	30.0	96.9	96.9	573	5.47e-81	265
WP_006849652.1	lcl|A7VN01-3.A.1.106.5	30.4	98.0	96.8	578	8.82e-81	265
WP_006849652.1	lcl|Q72J05-3.A.1.106.18	33.0	96.4	96.2	581	2.43e-77	256
WP_006849652.1	lcl|Q8G7R7-3.A.1.106.3	28.6	97.1	94.2	580	6.09e-70	236
WP_006849652.1	lcl|Q9WYC4-3.A.1.135.5	27.7	96.3	93.6	566	4.16e-68	231
WP_006849652.1	lcl|Q2G2M9-3.A.1.106.2	27.2	96.9	99.7	584	3.87e-67	228
WP_006849652.1	lcl|P73239-3.A.1.106.14	29.8	87.4	86.7	523	1.03e-65	224
WP_006849652.1	lcl|Q7NL26-3.A.1.106.12	31.3	91.1	92.5	546	5.40e-65	222
WP_006849652.1	lcl|Q66LJ0-3.A.1.135.13	30.6	97.4	89.1	578	4.46e-64	221
WP_006849652.1	lcl|A4QD95-3.A.1.106.4	29.8	87.1	41.0	520	9.01e-63	224
WP_006849652.1	lcl|E2YHZ7-3.A.1.135.7	26.8	97.4	97.5	579	9.59e-63	216
WP_006849652.1	lcl|A4XGX1-3.A.1.135.10	25.3	94.7	89.9	558	1.10e-60	211
WP_006849652.1	lcl|O53645-3.A.1.106.6	31.0	93.0	45.1	555	1.60e-59	214
WP_006849652.1	lcl|A4XGX0-3.A.1.135.10	26.7	96.4	97.6	569	2.02e-59	207
WP_006849652.1	lcl|J6RCW6-3.A.1.135.7	27.8	89.6	92.2	532	1.15e-57	202
WP_006849652.1	lcl|Q66LJ1-3.A.1.135.13	29.9	86.9	81.6	512	3.92e-57	202
WP_006849652.1	lcl|Q9LVM1-3.A.1.210.8	30.4	79.6	63.3	474	3.95e-57	204
WP_006849652.1	lcl|D5AL45-3.A.1.210.15	27.2	98.1	95.4	596	1.29e-56	200
WP_006849652.1	lcl|P60752-3.A.1.106.1	28.8	87.4	87.5	518	2.04e-56	199
WP_006849652.1	lcl|KKK43437-3.A.1.135.12	26.8	83.3	79.1	497	3.36e-56	199
WP_006849652.1	lcl|Q9ZDW0-3.A.1.210.3	26.4	95.6	91.6	573	4.49e-56	199
WP_006849680.1	lcl|EED84750.1-9.A.34.1.10	40.6	8.8	10.6	101	3.06e-11	67.4
WP_006849683.1	lcl|Q8GMT4-3.A.5.4.1	61.8	100	94.9	76	2.35e-25	89.0
WP_006849693.1	lcl|B1X3Y0-1.A.77.3.40	55.5	98.2	70.5	110	1.95e-34	115
WP_006849693.1	lcl|P08443-1.A.77.3.21	39.4	92.9	88.1	104	4.74e-17	70.5
WP_006849693.1	lcl|M2XQQ8-1.A.77.3.24	35.5	90.2	42.0	107	6.92e-06	42.7
WP_006849693.1	lcl|R7Q4B7-1.A.77.3.39	29.8	93.8	44.5	114	2.92e-04	38.1
WP_006849704.1	lcl|Q9L3S4-3.A.1.4.4	56.8	90.7	89.3	340	1.42e-123	360
WP_006849704.1	lcl|Q8NRV9-3.A.1.4.5	39.3	84.5	84.7	318	4.05e-69	221
WP_006849704.1	lcl|CAI09140-3.A.1.4.15	30.3	84.5	91.7	337	2.96e-30	117
WP_006849704.1	lcl|Q92TN2-3.A.1.4.7	28.4	81.6	83.5	306	1.71e-28	113
WP_006849704.1	lcl|AKM83897-3.A.1.4.14	24.9	78.4	93.4	301	7.94e-20	88.2
WP_006849704.1	lcl|P22729-3.A.1.4.1	25.2	78.1	66.8	314	4.98e-17	81.6
WP_006849704.1	lcl|Q8VM84-3.A.1.4.3	26.8	93.3	94.9	354	3.91e-16	78.2
WP_006849704.1	lcl|P21628-3.A.1.4.8	24.2	85.1	74.8	343	7.17e-15	75.1
WP_006849704.1	lcl|Q6N8W1-3.A.1.4.11	26.3	96.0	58.3	377	1.85e-14	74.3
WP_006849704.1	lcl|Q8YY08-3.A.1.4.6	24.1	78.7	93.6	361	1.13e-13	71.2
WP_006849704.1	lcl|Q8YU23-3.A.1.4.12	26.1	77.3	89.6	314	1.03e-12	67.8
WP_006849704.1	lcl|Q8YU25-3.A.1.4.12	25.0	78.7	91.5	312	1.56e-11	64.3
WP_006849704.1	lcl|P74455-3.A.1.4.2	22.9	78.4	93.0	363	6.64e-11	62.8
WP_006849704.1	lcl|Q8DQH9-3.A.1.4.10	27.9	57.9	64.5	219	9.16e-11	62.0
WP_006849704.1	lcl|Q0S719-3.A.1.4.9	25.7	78.4	43.0	303	1.80e-10	62.0
WP_006849704.1	lcl|AKM83898-3.A.1.4.14	25.1	78.1	92.7	303	7.78e-10	58.9
WP_006849704.1	lcl|P0AEX7-3.A.1.4.1	20.8	78.7	90.6	307	1.20e-09	58.5
WP_006849704.1	lcl|P21627-3.A.1.4.8	19.8	78.7	90.9	308	9.12e-09	55.8
WP_006849704.1	lcl|CAI09139-3.A.1.4.15	24.1	80.8	95.1	315	3.59e-07	50.8
WP_006849704.1	lcl|O50505-3.A.1.2.24	30.3	41.1	36.0	165	9.60e-07	50.1
WP_006849704.1	lcl|G4FGN4-3.A.1.2.20	23.8	36.3	44.4	143	7.13e-06	47.0
WP_006849704.1	lcl|Q92WK1-3.A.1.2.11	23.9	86.1	87.0	348	3.32e-05	45.1
WP_006849704.1	lcl|Q1M4Q8-3.A.1.2.16	23.6	73.3	78.0	296	5.81e-05	44.3
WP_006849704.1	lcl|Q0S718-3.A.1.4.9	26.2	48.3	63.5	195	6.40e-05	43.9
WP_006849704.1	lcl|Q8NRW0-3.A.1.4.5	25.2	71.2	81.6	274	8.82e-05	43.5
WP_006849714.1	lcl|O29993-9.A.8.1.8	30.6	27.8	17.7	121	3.25e-05	45.8
WP_006849723.1	lcl|XP_015643584.1-9.B.174.1.4	37.6	80.0	67.9	356	9.85e-63	210
WP_006849723.1	lcl|O35002-9.B.174.1.1	29.5	72.0	63.8	308	5.51e-39	145
WP_006849723.1	lcl|WP_014775235.1-9.B.174.1.3	30.0	86.1	62.5	370	3.69e-38	144
WP_006849723.1	lcl|P23865-9.B.174.1.2	30.2	70.8	47.2	325	4.99e-29	119
WP_006849723.1	lcl|WP_088466477.1-9.B.174.2.5	24.9	28.2	31.8	169	3.64e-04	42.4
WP_006849741.1	lcl|CRG88657-9.B.313.1.2	26.9	95.2	45.2	424	2.18e-28	117
WP_006849753.1	lcl|RLD40416.1-9.B.333.1.2	38.1	60.0	21.1	63	5.84e-06	42.7
WP_006849753.1	lcl|WP_011249992.1-9.B.333.1.4	28.8	56.2	43.4	59	7.14e-04	36.2
WP_006849762.1	lcl|Q6NLC1-3.A.1.203.8	33.9	81.8	86.3	613	6.11e-104	331
WP_006849762.1	lcl|H0RSU6-3.A.1.203.12	33.0	75.8	87.2	518	2.08e-82	271
WP_006849762.1	lcl|Q50614-3.A.1.203.4	33.9	81.2	88.4	579	3.69e-82	271
WP_006849762.1	lcl|O14678-3.A.1.203.9	33.7	72.3	83.5	517	2.15e-64	223
WP_006849762.1	lcl|P28288-3.A.1.203.1	29.0	74.5	80.4	534	2.33e-54	196
WP_006849762.1	lcl|Q94FB9-3.A.1.203.5	30.9	73.3	37.6	511	4.77e-53	197
WP_006849762.1	lcl|P31826-3.A.1.203.11	28.4	78.9	93.0	539	7.89e-53	190
WP_006849762.1	lcl|Q9UBJ2-3.A.1.203.7	27.8	72.8	72.0	546	6.30e-49	182
WP_006849762.1	lcl|P33897-3.A.1.203.3	27.2	72.8	72.8	548	6.60e-49	182
WP_006849762.1	lcl|F1RBC8-3.A.1.203.15	26.3	80.2	76.9	601	7.92e-49	182
WP_006849762.1	lcl|I7MJ28-3.A.1.203.10	24.5	76.6	75.7	551	2.84e-42	162
WP_006849762.1	lcl|I7LWG7-3.A.1.203.10	26.8	72.8	78.4	553	4.75e-41	159
WP_006849762.1	lcl|P41909-3.A.1.203.6	26.7	74.2	66.8	592	1.58e-36	146
WP_006849762.1	lcl|Q57Y09-3.A.1.203.13	26.3	81.3	81.0	563	3.50e-36	144
WP_006849762.1	lcl|Q386J8-3.A.1.203.14	26.6	68.8	72.2	477	2.10e-35	141
WP_006849762.1	lcl|P34230-3.A.1.203.6	30.5	31.5	30.5	262	7.57e-24	106
WP_006849762.1	lcl|I7LXH0-3.A.1.201.20	22.0	69.1	35.0	491	5.03e-19	91.7
WP_006849762.1	lcl|P33311-3.A.1.212.2	25.2	42.2	37.1	305	2.55e-18	89.0
WP_006849762.1	lcl|K0E4D9-3.A.1.208.41	27.6	36.3	16.9	254	3.59e-18	89.0
WP_006849762.1	lcl|KKK43437-3.A.1.135.12	28.2	35.1	41.1	262	1.39e-17	86.3
WP_006849762.1	lcl|P23886-3.A.1.129.1	28.7	37.5	45.7	275	1.20e-16	83.2
WP_006849762.1	lcl|Q07638-3.A.1.127.1	36.5	26.3	27.9	181	1.36e-16	83.2
WP_006849762.1	lcl|Q8U4K3-3.A.1.6.5	31.3	27.4	53.5	198	1.89e-16	80.9
WP_006849762.1	lcl|Q9HGT5-3.A.1.201.27	29.9	26.1	14.0	187	2.84e-16	82.8
WP_006849762.1	lcl|O67184-3.A.1.110.13	26.3	39.7	47.9	281	3.60e-16	81.6
WP_006849763.1	lcl|P0A1C7-1.S.1.1.1	56.5	47.8	89.4	85	2.70e-22	85.5
WP_006849763.1	lcl|WP_094276346.1-1.S.1.1.11	53.4	49.4	92.6	88	3.81e-22	85.1
WP_006849763.1	lcl|P0ABF4-1.S.1.1.2	55.3	47.8	86.6	85	1.64e-21	83.6
WP_006849763.1	lcl|6NER_A-1.S.1.1.13	60.0	47.8	39.4	85	2.49e-21	86.3
WP_006849763.1	lcl|P72760-1.S.1.1.7	52.9	48.3	78.4	87	2.30e-18	75.9
WP_006849763.1	lcl|MBT6724251.1-1.S.1.1.14	45.9	47.8	40.4	85	1.55e-13	65.5
WP_006849763.1	lcl|WP_033292571.1-1.S.1.1.5	40.7	48.3	86.5	86	2.16e-08	49.3
WP_006849763.1	lcl|WP_118167459.1-1.S.1.1.3	41.4	48.3	84.5	87	2.51e-08	49.3
WP_006849763.1	lcl|P73407-1.S.1.1.9	39.5	47.8	76.8	86	4.19e-07	46.2
WP_006849763.1	lcl|Q31RK3-1.S.1.1.8	40.2	48.3	85.3	87	9.19e-07	45.1
WP_006849763.1	lcl|PZO17530.1-1.S.1.1.6	43.2	43.8	76.7	81	2.50e-06	43.9
WP_006849764.1	lcl|Q8DL31-3.D.1.8.2	71.3	87.4	95.9	188	3.73e-87	255
WP_006849764.1	lcl|P56755-3.D.1.8.1	69.9	66.5	83.1	143	1.47e-59	184
WP_006849764.1	lcl|Q746T4-3.D.1.5.1	44.4	54.4	68.8	126	7.40e-13	63.9
WP_006849764.1	lcl|OLS18211-3.D.9.1.2	31.4	32.6	51.6	70	1.76e-07	48.1
WP_006849764.1	lcl|Q8U0Z4-3.D.1.4.1	39.0	46.0	65.5	100	4.18e-07	47.4
WP_006849764.1	lcl|P42028-3.D.1.6.1	39.0	25.1	27.8	59	5.38e-07	48.1
WP_006849764.1	lcl|Q12644-3.D.1.6.2	38.6	24.2	26.0	57	2.95e-05	43.1
WP_006849764.1	lcl|Q9FX83-3.D.1.6.3	37.3	25.1	26.6	59	3.00e-05	43.1
WP_006849764.1	lcl|Q0P857-3.D.1.7.1	38.1	46.0	48.8	105	3.85e-05	42.7
WP_006849764.1	lcl|Q6V9B1-3.D.1.6.4	35.9	27.4	26.0	64	1.89e-04	40.8
WP_006849764.1	lcl|P29921-3.D.1.2.1	32.8	27.4	39.3	64	5.44e-04	38.9
WP_006849766.1	lcl|P73797-1.A.10.2.1	44.4	93.8	85.4	340	1.65e-88	271
WP_006849766.1	lcl|A3I049-1.A.10.2.2	33.6	92.4	89.8	330	1.45e-61	201
WP_006849766.1	lcl|Q3B5G3-1.A.10.2.3	29.3	93.0	86.2	338	1.59e-36	135
WP_006849766.1	lcl|P19493-1.A.10.1.2	21.3	88.8	39.0	361	5.55e-09	57.4
WP_006849766.1	lcl|XP_019931100.1-1.A.10.1.19	22.8	93.3	49.3	377	9.26e-09	56.6
WP_006849766.1	lcl|Q84W41-1.A.10.1.24	24.4	92.4	37.7	353	1.30e-08	56.2
WP_006849766.1	lcl|Q9C8E7-1.A.10.1.10	24.9	81.0	30.8	305	1.31e-08	56.2
WP_006849766.1	lcl|P42261-1.A.10.1.23	23.4	88.2	38.6	363	3.03e-08	55.1
WP_006849766.1	lcl|P19490-1.A.10.1.1	23.4	88.2	38.6	363	3.03e-08	55.1
WP_006849766.1	lcl|Q8GXJ4-1.A.10.1.10	23.7	95.5	36.8	376	4.08e-08	54.7
WP_006849766.1	lcl|P42263-1.A.10.1.4	23.9	89.6	40.8	377	1.24e-07	53.1
WP_006849766.1	lcl|P0AEQ3-3.A.1.3.2	34.5	24.1	32.7	87	8.31e-07	49.3
WP_006849766.1	lcl|TSN95727-1.A.10.1.30	22.1	89.6	18.8	371	9.98e-07	50.4
WP_006849766.1	lcl|P42262-1.A.10.1.13	21.8	88.8	39.9	363	1.17e-06	50.1
WP_006849766.1	lcl|XP_027195278.1-1.A.10.1.33	24.8	51.3	15.3	206	1.26e-06	50.1
WP_006849766.1	lcl|A8ISB5-1.A.10.1.18	25.2	85.2	55.4	326	1.32e-06	49.7
WP_006849766.1	lcl|ELV12724.1-1.A.10.1.29	21.8	88.8	25.6	363	1.68e-06	49.7
WP_006849766.1	lcl|P73544-3.A.1.3.12	29.1	32.2	21.3	117	3.03e-06	48.5
WP_006849766.1	lcl|Q9ULK0-1.A.10.1.34	22.5	93.3	36.7	374	3.69e-06	48.5
WP_006849766.1	lcl|A0NP85-1.A.1.24.5	31.5	25.8	19.0	92	4.97e-06	47.8
WP_006849766.1	lcl|Q02006-1.A.1.24.1	32.6	25.8	21.1	92	8.21e-06	47.0
WP_006849766.1	lcl|P17972-1.A.1.2.2	46.3	15.1	10.2	54	9.11e-06	47.0
WP_006849766.1	lcl|P56696-1.A.1.15.4	32.8	18.8	8.8	67	2.40e-05	45.8
WP_006849766.1	lcl|P0A334-1.A.1.1.1	35.1	26.1	55.6	94	4.02e-05	43.1
WP_006849766.1	lcl|Q2W0I8-1.A.1.22.1	33.8	18.2	15.0	65	7.70e-05	43.9
WP_006849768.1	lcl|GIM07801.1-3.E.1.5.3	30.8	43.5	5.4	120	1.74e-05	45.4
WP_006849770.1	lcl|A2BTW4-9.B.150.1.3	77.5	100	99.6	244	4.44e-128	362
WP_006849770.1	lcl|Q72IY6-9.B.150.1.2	32.2	84.4	94.0	214	8.53e-30	110
WP_006849775.1	lcl|MAU12883-9.B.396.1.2	30.7	78.9	26.9	205	1.97e-10	60.1
WP_006849775.1	lcl|WP_099094784.1-9.B.396.1.6	26.1	79.3	87.6	211	6.15e-08	51.6
WP_006849775.1	lcl|WP_155796766.1-9.B.396.1.5	29.4	67.9	17.4	187	1.90e-06	48.1
WP_006849782.1	lcl|Q8YMZ3-3.A.1.1.52	45.4	98.7	97.9	423	1.02e-113	338
WP_006849782.1	lcl|O53482-3.A.1.1.61	45.3	99.7	99.4	395	4.00e-100	301
WP_006849782.1	lcl|Q8TZQ3-3.A.1.1.16	44.6	99.7	99.7	404	3.88e-98	296
WP_006849782.1	lcl|Q8NMV1-3.A.1.1.45	47.3	90.1	86.4	357	4.69e-98	296
WP_006849782.1	lcl|D4GP39-3.A.1.1.56	44.8	100	95.8	404	8.25e-98	296
WP_006849782.1	lcl|O30494-3.A.1.1.49	42.6	99.7	97.8	399	4.00e-97	293
WP_006849782.1	lcl|Q01937-3.A.1.1.4	44.0	100	100	398	2.83e-96	291
WP_006849782.1	lcl|P68187-3.A.1.1.1	43.9	100	97.8	401	3.63e-96	291
WP_006849782.1	lcl|Q8YVZ3-3.A.1.1.52	42.9	98.2	97.0	389	6.21e-96	290
WP_006849782.1	lcl|Q9KWT9-3.A.1.1.10	43.6	99.5	98.9	399	7.99e-96	290
WP_006849782.1	lcl|Q9Z3R9-3.A.1.1.8	41.6	100	99.7	397	4.38e-95	288
WP_006849782.1	lcl|Q9L0Q1-3.A.1.1.33	49.8	81.4	75.9	319	5.11e-95	288
WP_006849782.1	lcl|Q9L0Q1-3.A.1.1.36	49.8	81.4	75.9	319	5.11e-95	288
WP_006849782.1	lcl|P96483-3.A.1.1.23	49.8	81.4	75.9	319	2.80e-94	286
WP_006849782.1	lcl|P10907-3.A.1.1.3	42.2	98.7	98.6	391	3.29e-93	283
WP_006849782.1	lcl|Q72L52-3.A.1.1.24	43.5	98.2	95.2	393	4.33e-93	283
WP_006849782.1	lcl|Q72L52-3.A.1.1.25	43.5	98.2	95.2	393	4.33e-93	283
WP_006849782.1	lcl|P54933-3.A.1.1.5	45.4	93.9	94.9	368	2.47e-92	280
WP_006849782.1	lcl|O50454-3.A.1.1.31	41.4	99.5	98.0	420	4.11e-92	281
WP_006849782.1	lcl|WP_022543180.1-3.A.1.1.53	41.8	98.0	97.6	402	7.12e-92	280
WP_006849782.1	lcl|Q9AI63-3.A.1.1.12	41.9	100	98.1	396	1.57e-91	279
WP_006849782.1	lcl|O32151-3.A.1.1.34	41.5	99.2	98.9	400	5.91e-91	278
WP_006849782.1	lcl|Q93KB8-3.A.1.1.11	41.9	99.2	98.7	403	3.01e-90	276
WP_006849782.1	lcl|Q92T01-3.A.1.1.58	43.5	94.4	90.1	370	2.67e-88	270
WP_006849782.1	lcl|Q55035-3.A.1.1.32	43.7	99.2	98.9	398	3.74e-88	270
WP_006849789.1	lcl|Q9FI56-3.A.9.1.2	45.2	98.8	86.9	871	1.58e-243	706
WP_006849789.1	lcl|Q9SXJ7-3.A.9.1.2	45.6	98.8	84.9	871	3.01e-238	693
WP_006849789.1	lcl|Q74G19-3.A.23.5.1	39.7	96.3	94.7	852	2.00e-170	516
WP_006849789.1	lcl|Q6EE14-3.A.23.2.1	38.6	97.1	95.6	863	1.91e-169	513
WP_006849789.1	lcl|Q9KN49-3.A.23.1.1	36.7	95.8	94.8	844	1.18e-155	477
WP_006849789.1	lcl|R9RFN6-3.A.23.4.1	38.7	85.2	82.8	775	1.14e-137	431
WP_006849789.1	lcl|Q8IM28-3.A.26.1.1	31.7	80.0	60.6	821	1.31e-104	352
WP_006849794.1	lcl|RLG19162.1-8.A.172.2.4	33.0	72.3	63.1	94	1.15e-13	63.2
WP_006849794.1	lcl|WP_077485219.1-8.A.172.2.1	32.5	87.7	77.6	114	9.12e-12	58.2
WP_006849794.1	lcl|AXL08036.1-3.A.35.1.1	30.3	80.0	76.8	109	9.34e-10	52.8
WP_006849794.1	lcl|HHM12341.1-8.A.172.2.5	28.6	75.4	56.6	98	1.94e-08	49.7
WP_006849794.1	lcl|WP_005390806.1-8.A.172.2.2	27.3	67.7	51.5	88	3.56e-05	40.8
WP_006849800.1	lcl|P62942-8.A.11.1.2	52.3	53.3	99.1	107	6.38e-32	111
WP_006849800.1	lcl|WP_130079951.1-8.A.11.1.3	37.6	67.3	45.7	149	6.27e-19	82.4
WP_006849800.1	lcl|F4JW56-3.D.1.8.1	44.6	32.7	36.7	65	2.82e-11	59.3
WP_006849804.1	lcl|Q9KWT9-3.A.1.1.10	45.5	79.4	79.3	288	2.14e-77	240
WP_006849804.1	lcl|Q92T01-3.A.1.1.58	43.2	99.4	94.3	333	2.19e-77	240
WP_006849804.1	lcl|P54933-3.A.1.1.5	44.0	96.6	97.6	325	2.71e-76	236
WP_006849804.1	lcl|Q6MNM2-3.A.1.1.51	45.5	85.2	85.6	297	5.99e-76	236
WP_006849804.1	lcl|Q9Z3R9-3.A.1.1.8	50.4	74.2	66.9	242	2.08e-74	233
WP_006849804.1	lcl|Q9AI63-3.A.1.1.12	50.4	74.2	65.6	242	5.68e-73	229
WP_006849804.1	lcl|Q9R9Q4-3.A.1.1.17	42.6	98.5	96.5	333	1.47e-72	227
WP_006849804.1	lcl|Q53VZ4-3.A.1.20.5	48.3	80.9	71.7	269	3.10e-72	227
WP_006849804.1	lcl|P10907-3.A.1.1.3	40.1	98.5	99.2	354	6.19e-72	226
WP_006849804.1	lcl|P69874-3.A.1.11.1	45.5	88.6	75.1	288	4.58e-71	224
WP_006849804.1	lcl|Q3MAR5-3.A.1.11.10	49.1	72.0	61.4	234	4.97e-71	224
WP_006849804.1	lcl|P68187-3.A.1.1.1	49.4	74.8	65.5	243	5.31e-71	224
WP_006849804.1	lcl|Q8TZQ3-3.A.1.1.16	48.6	74.2	66.8	247	1.45e-70	223
WP_006849804.1	lcl|Q1M7Q1-3.A.1.11.6	46.8	76.0	69.6	250	1.68e-69	220
WP_006849804.1	lcl|Q5SHV0-3.A.1.10.6	43.7	86.2	84.3	302	3.66e-69	219
WP_006849804.1	lcl|O32151-3.A.1.1.34	44.6	73.8	65.4	240	8.33e-69	218
WP_006849804.1	lcl|Q8YVZ3-3.A.1.1.52	47.3	74.2	65.8	241	9.01e-68	216
WP_006849804.1	lcl|D4GP38-3.A.1.1.56	42.0	79.7	74.7	286	1.02e-67	216
WP_006849804.1	lcl|Q88P35-3.A.1.1.30	37.5	98.8	94.5	363	1.05e-67	216
WP_006849804.1	lcl|Q97ZC0-3.A.1.1.15	39.3	89.5	91.0	295	1.54e-67	214
WP_006849804.1	lcl|OLS20029-3.A.1.1.54	44.4	74.5	67.5	257	1.82e-67	215
WP_006849804.1	lcl|P77481-3.A.1.1.46	45.0	73.5	66.7	240	2.14e-67	214
WP_006849804.1	lcl|Q01937-3.A.1.1.4	47.5	74.2	66.4	244	4.63e-67	214
WP_006849804.1	lcl|P0A4W2-3.A.1.6.3	46.0	84.9	76.2	276	4.95e-67	213
WP_006849804.1	lcl|Q72L52-3.A.1.1.24	45.2	74.2	64.1	241	2.62e-66	212
WP_006849812.1	lcl|BAK19946-3.A.2.1.10	74.8	99.6	99.8	504	2.83e-264	728
WP_006849812.1	lcl|P29706-3.A.2.1.2	62.4	97.8	98.8	495	6.79e-214	600
WP_006849812.1	lcl|P09219-3.A.2.1.14	64.5	92.3	93.0	467	6.85e-212	595
WP_006849812.1	lcl|A1B8N8-3.A.2.1.7	62.6	93.9	94.7	484	1.36e-206	582
WP_006849812.1	lcl|P07251-3.A.2.1.3	59.5	98.0	92.5	504	1.20e-198	563
WP_006849812.1	lcl|F8L1Z3-3.A.2.1.6	56.2	97.8	98.2	495	9.50e-198	559
WP_006849812.1	lcl|P25705-3.A.2.1.15	59.5	96.4	89.7	496	5.19e-197	559
WP_006849812.1	lcl|P50000-3.A.2.1.5	58.9	97.4	97.8	494	1.02e-196	556
WP_006849812.1	lcl|Q24HY8-3.A.2.1.4	59.1	93.1	87.7	479	1.34e-195	555
WP_006849812.1	lcl|P0ABB0-3.A.2.1.1	55.1	96.8	97.7	501	6.55e-183	522
WP_006849812.1	lcl|A0ZW40-3.A.2.1.11	59.3	88.3	81.3	457	5.20e-179	514
WP_006849812.1	lcl|O96252-3.A.2.1.16	55.2	93.7	88.7	489	6.20e-175	503
WP_006849812.1	lcl|BAK19938-3.A.2.1.9	51.4	92.7	91.2	469	3.86e-159	461
WP_006849812.1	lcl|Q467F6-3.A.2.1.12	51.8	90.1	79.9	456	2.08e-154	451
WP_006849812.1	lcl|Q4QJF1-2.A.91.1.1	50.5	80.6	72.1	424	1.53e-120	365
WP_006849812.1	lcl|Q9GS23-3.A.2.1.13	50.9	77.7	68.8	409	1.15e-119	363
WP_006849812.1	lcl|P40290-3.A.6.1.1	32.6	69.0	78.8	353	5.96e-38	144
WP_006849812.1	lcl|P0A1B9-3.A.6.1.3	29.1	69.6	82.4	361	2.48e-33	130
WP_006849812.1	lcl|O84676-3.A.6.3.1	30.8	68.6	78.7	354	1.39e-32	129
WP_006849812.1	lcl|Q08637-3.A.2.2.2	32.4	61.9	70.1	324	9.63e-31	124
WP_006849812.1	lcl|P0A1C1-3.A.6.1.2	27.7	70.2	83.5	364	5.88e-30	121
WP_006849812.1	lcl|P0ABB4-3.A.2.1.1	27.5	67.4	73.3	349	2.44e-28	117
WP_006849812.1	lcl|D3E1Z2-3.A.2.3.2	30.4	66.6	74.8	349	2.47e-28	117
WP_006849812.1	lcl|KEG10108.1-3.A.2.2.11	32.4	62.1	65.1	327	2.55e-28	117
WP_006849812.1	lcl|P16140-3.A.2.2.3	28.8	71.1	72.7	379	5.51e-28	116
WP_006849813.1	lcl|L7KTB5-2.A.102.3.2	29.0	98.0	97.2	248	8.27e-21	87.8
WP_006849813.1	lcl|ALM14363-2.A.102.3.3	29.3	86.3	84.9	215	1.02e-16	76.6
WP_006849813.1	lcl|P0AD30-2.A.102.3.1	27.1	95.6	87.0	240	3.99e-14	69.7
WP_006849814.1	lcl|Q72GR9-3.D.2.2.2	46.2	90.8	88.0	91	1.38e-14	63.2
WP_006849814.1	lcl|P0C187-3.D.2.2.1	40.7	89.8	64.7	91	2.25e-11	55.8
WP_006849814.1	lcl|P07001-3.D.2.1.1	42.2	84.7	15.7	83	8.37e-10	53.5
WP_006849814.1	lcl|P11024-3.D.2.3.1	39.8	81.6	7.5	83	7.81e-09	50.8
WP_006849814.1	lcl|Q07600-3.D.2.4.1	41.6	86.7	8.2	89	1.99e-08	49.7
WP_006849829.1	lcl|WP_087280510.1-2.A.128.2.3	34.8	23.3	14.4	112	2.37e-06	49.7
WP_006849831.1	lcl|P77757-4.D.1.1.13	39.7	96.6	95.0	312	1.93e-63	203
WP_006849831.1	lcl|Q55487-4.D.1.1.14	31.5	95.0	94.0	305	4.08e-42	147
WP_006849831.1	lcl|MAU97510-2.A.127.1.18	40.1	69.7	38.6	227	6.58e-36	135
WP_006849831.1	lcl|F2KQZ0-4.D.2.1.6	26.4	72.8	44.6	242	2.54e-17	82.0
WP_006849831.1	lcl|R7XRS7-9.B.27.2.12	29.4	64.1	29.0	228	1.63e-11	64.7
WP_006849831.1	lcl|P75905-4.D.1.1.3	32.3	29.1	20.4	93	2.16e-11	63.9
WP_006849831.1	lcl|OLS17256-4.D.1.1.15	32.0	30.3	15.9	97	5.83e-06	47.4
WP_006849831.1	lcl|Q47536-4.D.1.1.11	26.3	36.3	28.6	118	1.15e-05	46.2
WP_006849831.1	lcl|B3EBP1-4.D.1.3.3	38.2	23.4	5.3	76	2.91e-05	45.4
WP_006849831.1	lcl|P0C0H0-4.D.1.1.4	30.7	34.1	26.7	114	2.03e-04	42.4
WP_006849831.1	lcl|Q54066-4.D.1.1.2	29.3	28.8	21.4	92	2.68e-04	42.0
WP_006849836.1	lcl|Q5X1N2-9.A.8.1.12	31.7	28.7	12.1	104	1.35e-04	43.5
WP_006849837.1	lcl|P07001-3.D.2.1.1	30.7	81.0	63.3	329	4.04e-30	120
WP_006849837.1	lcl|P0C186-3.D.2.2.1	29.9	92.6	98.2	385	5.58e-28	112
WP_006849837.1	lcl|Q72GR8-3.D.2.2.2	30.4	81.8	86.4	332	2.03e-25	105
WP_006849837.1	lcl|P11024-3.D.2.3.1	29.3	84.2	31.2	348	1.35e-24	105
WP_006849837.1	lcl|Q07600-3.D.2.4.1	24.4	91.3	36.0	377	4.36e-13	70.5
WP_006849842.1	lcl|P73949-2.A.38.4.5	34.2	95.3	98.6	459	8.53e-61	204
WP_006849842.1	lcl|O32081-2.A.38.4.3	30.1	96.8	97.1	458	2.35e-51	179
WP_006849842.1	lcl|O87953-2.A.38.4.2	30.4	89.6	89.9	424	3.38e-39	147
WP_006849842.1	lcl|O31658-2.A.38.4.4	27.0	82.4	83.7	392	1.99e-33	130
WP_006849842.1	lcl|P43440-2.A.38.4.1	27.5	91.7	93.6	436	2.53e-32	127
WP_006849842.1	lcl|G8V398-2.A.38.4.6	28.0	86.8	90.3	410	5.23e-32	126
WP_006849842.1	lcl|G8RD42-2.A.38.4.6	26.8	78.1	79.6	373	9.32e-26	108
WP_006849843.1	lcl|P33413-2.A.21.6.1	25.6	83.4	58.4	437	1.15e-28	119
WP_006849843.1	lcl|E5CZT5-2.A.21.6.6	27.4	83.4	60.9	427	6.48e-27	114
WP_006849843.1	lcl|J7JIE8-2.A.21.2.4	25.6	82.1	85.4	422	4.28e-24	104
WP_006849843.1	lcl|Q7A4Q7-2.A.21.2.2	25.2	87.2	84.0	436	3.21e-23	102
WP_006849843.1	lcl|M1TZ79-2.A.21.2.5	26.1	81.7	81.7	414	7.60e-21	94.7
WP_006849843.1	lcl|Q59VF2-2.A.21.6.4	24.0	70.0	49.8	367	2.28e-19	90.9
WP_006849843.1	lcl|O24896-2.A.21.2.6	23.4	86.8	85.7	435	1.42e-16	81.6
WP_006849843.1	lcl|P16256-2.A.21.1.1	24.3	93.7	96.1	482	3.21e-16	80.5
WP_006849843.1	lcl|P32705-2.A.21.7.2	25.9	83.8	76.7	432	4.35e-12	67.8
WP_006849843.1	lcl|A0PJK1-2.A.21.3.15	22.6	87.4	77.3	474	1.89e-11	65.9
WP_006849843.1	lcl|Q8AAV7-2.A.21.3.19	23.7	88.0	81.0	472	5.24e-10	61.2
WP_006849843.1	lcl|P53794-2.A.21.3.14	22.2	89.9	67.7	499	1.38e-09	60.1
WP_006849843.1	lcl|Q9GZV3-2.A.21.8.2	24.1	86.3	74.5	449	1.63e-09	59.7
WP_006849843.1	lcl|Q3ZMH1-2.A.21.5.5	26.8	38.2	30.3	194	3.89e-09	58.5
WP_006849843.1	lcl|P31637-2.A.21.3.5	23.5	89.9	67.7	497	4.21e-09	58.5
WP_006849843.1	lcl|O50471-2.A.21.7.1	23.0	89.1	86.0	460	1.89e-08	56.2
WP_006849843.1	lcl|Q2M3M2-2.A.21.3.17	24.4	76.5	59.3	414	2.18e-08	56.2
WP_006849843.1	lcl|NP_932589.1-2.A.21.3.24	26.1	83.6	82.2	433	2.45e-08	55.8
WP_006849843.1	lcl|P96169-2.A.21.3.2	20.8	88.0	84.5	477	4.48e-08	55.1
WP_006849843.1	lcl|Q2A687-2.A.21.3.22	22.9	87.8	70.7	484	8.65e-08	54.3
WP_006849843.1	lcl|Q2A679-2.A.21.3.23	22.0	76.7	61.9	419	1.51e-07	53.5
WP_006849843.1	lcl|Q9Y289-2.A.21.5.7	28.0	37.6	28.3	186	4.50e-07	52.0
WP_006849843.1	lcl|B0S9U4-2.A.21.8.3	28.7	31.9	36.0	164	4.79e-07	51.6
WP_006849843.1	lcl|D5AU53-2.A.21.7.4	23.4	86.1	74.4	440	5.56e-07	51.6
WP_006849843.1	lcl|P31636-2.A.21.3.4	22.0	88.0	71.1	477	6.04e-07	51.6
WP_006849844.1	lcl|AAZ57801-3.A.1.7.6	74.6	94.9	97.4	260	8.07e-146	409
WP_006849844.1	lcl|C3KCB5-3.A.1.7.3	61.1	90.5	90.1	247	4.98e-108	313
WP_006849844.1	lcl|P0C560-3.A.1.7.2	60.9	93.4	98.4	258	1.45e-106	309
WP_006849844.1	lcl|O51236-3.A.1.7.5	51.5	97.8	99.6	270	4.33e-94	277
WP_006849844.1	lcl|P0AAH0-3.A.1.7.1	53.7	93.4	96.1	257	2.59e-92	273
WP_006849844.1	lcl|P95302-3.A.1.7.4	41.9	93.8	89.5	258	1.69e-66	207
WP_006849844.1	lcl|Q5Z8H2-3.A.1.139.1	41.2	75.5	68.0	211	5.57e-39	137
WP_006849844.1	lcl|Q9C9W0-3.A.1.139.4	37.1	83.9	87.1	240	4.28e-38	134
WP_006849844.1	lcl|P54537-3.A.1.3.15	35.3	91.6	97.9	255	6.64e-38	133
WP_006849844.1	lcl|Q45460-3.A.1.12.3	35.0	91.6	61.7	254	1.43e-37	135
WP_006849844.1	lcl|Q9I488-3.A.1.3.21	33.5	91.6	97.9	254	1.85e-37	132
WP_006849844.1	lcl|O34992-3.A.1.12.4	34.3	91.6	61.8	254	7.68e-36	131
WP_006849844.1	lcl|P39456-3.A.1.3.14	33.2	91.9	97.2	259	1.84e-35	127
WP_006849844.1	lcl|Q9A1H1-3.A.1.3.20	33.9	91.6	95.9	257	2.53e-35	126
WP_006849844.1	lcl|P10346-3.A.1.3.2	31.2	91.6	97.9	253	1.19e-34	124
WP_006849844.1	lcl|Q52815-3.A.1.3.8	32.4	93.4	93.4	262	1.80e-34	124
WP_006849844.1	lcl|P73721-3.A.1.3.12	34.5	91.9	94.8	258	2.40e-33	121
WP_006849844.1	lcl|Q52666-3.A.1.3.7	30.7	94.5	92.4	264	4.36e-33	121
WP_006849844.1	lcl|Q8Q041-3.A.1.12.11	37.3	81.7	58.6	228	5.31e-33	123
WP_006849844.1	lcl|B8F898-3.A.1.3.28	32.8	91.6	97.2	259	1.22e-32	119
WP_006849844.1	lcl|Q9CES4-3.A.1.3.25	33.0	93.8	96.8	261	1.62e-32	119
WP_006849844.1	lcl|O34900-3.A.1.3.13	33.3	91.6	91.9	255	4.23e-32	118
WP_006849844.1	lcl|P0AAG3-3.A.1.3.4	31.2	91.9	97.9	253	5.45e-32	117
WP_006849844.1	lcl|P48243-3.A.1.3.9	33.6	88.3	93.4	244	7.82e-32	117
WP_006849844.1	lcl|WP_332273826.1-3.A.1.12.18	33.1	93.4	75.8	263	3.99e-31	117
WP_006849859.1	lcl|8XQX_F-3.A.9.1.4	29.5	47.7	17.8	190	9.37e-04	40.8
WP_006849869.1	lcl|Q0P9C4-3.A.1.106.15	30.2	62.8	65.4	391	8.43e-50	181
WP_006849869.1	lcl|P60752-3.A.1.106.1	37.7	39.2	40.9	239	1.18e-43	164
WP_006849869.1	lcl|P63359-3.A.1.106.20	38.1	38.7	40.4	236	1.94e-42	160
WP_006849869.1	lcl|Q9HGT5-3.A.1.201.27	36.7	43.1	19.5	264	6.91e-42	162
WP_006849869.1	lcl|A3DCU1-3.A.1.112.9	30.7	71.6	59.0	446	7.56e-42	160
WP_006849869.1	lcl|Q1LRE9-3.A.1.210.9	36.7	39.3	37.6	240	2.88e-41	158
WP_006849869.1	lcl|O32748-3.A.1.117.2	34.7	40.2	41.7	245	5.92e-41	156
WP_006849869.1	lcl|P73239-3.A.1.106.14	36.7	38.9	39.5	237	9.04e-41	156
WP_006849869.1	lcl|P97046-3.A.1.117.1	37.0	37.2	38.1	227	1.19e-40	155
WP_006849869.1	lcl|B0Y3B6-3.A.1.201.10	38.6	39.3	17.9	241	2.32e-40	157
WP_006849869.1	lcl|O43140-3.A.1.201.11	35.8	39.3	17.3	243	4.25e-40	157
WP_006849869.1	lcl|P18767-3.A.1.108.1	36.3	38.9	40.0	237	7.11e-40	153
WP_006849869.1	lcl|P0AAG5-3.A.1.106.13	37.6	39.8	40.6	245	1.05e-39	153
WP_006849869.1	lcl|Q9LVM1-3.A.1.210.8	36.3	38.7	32.0	237	1.25e-39	154
WP_006849869.1	lcl|KKK43437-3.A.1.135.12	36.0	38.7	38.1	236	1.72e-39	152
WP_006849869.1	lcl|G9F9U0-3.A.1.201.30	38.1	39.2	36.9	244	1.88e-39	153
WP_006849869.1	lcl|BAM11099-3.A.1.201.37	39.2	39.2	18.5	240	3.10e-39	154
WP_006849869.1	lcl|WP_067041512-3.A.1.135.11	30.0	62.6	63.3	387	3.15e-39	151
WP_006849869.1	lcl|Q9C7F2-3.A.1.201.33	37.8	39.2	19.2	241	4.07e-39	154
WP_006849869.1	lcl|Q9M1Q9-3.A.1.201.36	38.9	39.7	18.7	244	5.58e-39	153
WP_006849869.1	lcl|A7VN02-3.A.1.106.5	36.8	39.2	39.7	239	6.53e-39	150
WP_006849869.1	lcl|WP_038539525.1-3.A.1.210.17	35.2	47.5	46.5	290	8.95e-39	150
WP_006849869.1	lcl|D5AL45-3.A.1.210.15	36.8	39.5	38.9	242	1.08e-38	150
WP_006849869.1	lcl|WP_324322846.1-3.A.1.106.21	34.2	43.9	45.5	269	2.02e-38	149
WP_006849869.1	lcl|C1F8I9-3.A.1.106.17	28.3	81.6	84.0	516	2.73e-38	149
WP_006849875.1	lcl|Q4V0W4-3.A.1.15.21	35.9	88.6	87.1	217	1.34e-40	139
WP_006849875.1	lcl|P96117-3.A.1.15.8	34.4	86.0	79.3	212	6.98e-38	132
WP_006849875.1	lcl|O84071-3.A.1.15.12	36.9	87.3	82.6	214	4.57e-37	130
WP_006849875.1	lcl|P42360-3.A.1.15.2	34.7	91.3	88.4	222	2.92e-36	127
WP_006849875.1	lcl|Q56953-3.A.1.15.4	37.2	82.5	69.3	207	1.65e-35	127
WP_006849875.1	lcl|Q9XCS1-3.A.1.15.7	34.5	89.1	81.0	223	2.72e-35	125
WP_006849875.1	lcl|Q55281-3.A.1.15.1	34.1	87.3	83.5	217	3.97e-35	125
WP_006849875.1	lcl|Q97PG9-3.A.1.15.14	36.4	85.2	86.7	209	7.43e-34	121
WP_006849875.1	lcl|Q92LL4-3.A.1.15.9	33.2	82.5	65.9	208	2.73e-32	119
WP_006849875.1	lcl|P0A4W2-3.A.1.6.3	39.8	85.6	59.2	211	3.03e-32	119
WP_006849875.1	lcl|A1B2F1-3.A.1.15.19	34.4	87.8	79.5	209	1.49e-31	115
WP_006849875.1	lcl|P0A9X1-3.A.1.15.5	34.4	90.4	81.7	212	2.24e-31	115
WP_006849875.1	lcl|KRO08310-3.A.1.130.3	31.9	92.1	73.5	216	3.50e-31	115
WP_006849875.1	lcl|Q8DW86-3.A.1.15.20	32.4	90.0	91.3	219	2.63e-30	112
WP_006849875.1	lcl|A8GDS6-3.A.1.14.16	34.3	91.7	87.7	230	5.91e-30	111
WP_006849875.1	lcl|Q32AY3-3.A.1.14.18	34.7	90.0	87.9	225	1.46e-29	110
WP_006849875.1	lcl|Q9RNI9-3.A.1.15.6	30.4	88.2	89.6	217	2.06e-29	109
WP_006849875.1	lcl|P54537-3.A.1.3.15	31.8	88.6	91.7	220	5.57e-29	108
WP_006849875.1	lcl|Q9RK11-3.A.1.14.13	32.6	91.7	79.4	230	7.63e-29	109
WP_006849875.1	lcl|P48243-3.A.1.3.9	34.1	89.5	91.7	223	8.18e-29	108
WP_006849875.1	lcl|Q9F3K7-3.A.1.3.24	34.4	86.0	88.5	227	2.87e-28	107
WP_006849875.1	lcl|P15031-3.A.1.14.1	32.9	89.5	87.5	225	4.20e-28	106
WP_006849875.1	lcl|P39456-3.A.1.3.14	31.8	88.6	90.3	223	6.94e-28	105
WP_006849875.1	lcl|Q7W025-3.A.1.14.20	35.9	89.5	87.4	231	1.33e-27	105
WP_006849875.1	lcl|O34946-3.A.1.15.11	30.7	85.6	91.8	212	1.34e-27	104
WP_006849881.1	lcl|D8RWR9-1.C.39.4.5	34.9	36.1	26.3	232	6.01e-27	115
WP_006849890.1	lcl|O69733-3.A.24.1.1	35.1	93.4	49.4	291	3.56e-41	149
WP_006849890.1	lcl|O53687-3.A.24.3.1	33.0	94.0	47.9	303	2.20e-40	148
WP_006849890.1	lcl|A0QNI9-3.A.24.5.1	39.3	70.4	37.1	214	1.56e-37	139
WP_006849890.1	lcl|O05460-3.A.24.2.1	31.1	90.4	49.3	305	1.09e-33	129
WP_006849890.1	lcl|P63744-3.A.24.4.1	31.5	92.0	47.0	292	1.55e-31	123
WP_006849904.1	lcl|WP_198173327.1-1.A.125.2.3	41.3	51.9	54.5	121	3.99e-18	78.6
WP_006849904.1	lcl|XP_018928828.1-1.A.125.2.1	25.7	50.0	76.4	136	1.79e-04	40.4
WP_006849914.1	lcl|Q7U617-2.A.53.3.2	81.2	99.5	98.4	547	9.60e-303	829
WP_006849914.1	lcl|BAM53892.1-2.A.53.3.14	66.2	98.9	96.1	544	2.21e-239	669
WP_006849914.1	lcl|Q14SY0-2.A.53.3.3	65.8	98.9	96.5	546	3.17e-237	664
WP_006849914.1	lcl|Q1J2S8-2.A.53.3.13	27.7	94.2	94.4	524	1.22e-42	159
WP_006849914.1	lcl|F5R8F2-2.A.53.3.5	31.2	90.5	70.6	539	1.93e-39	152
WP_006849914.1	lcl|P0AFR2-2.A.53.3.11	25.9	81.2	79.6	482	1.30e-32	131
WP_006849914.1	lcl|O07488-2.A.53.3.1	22.8	94.0	95.3	522	2.27e-32	129
WP_006849914.1	lcl|A1JRS3-2.A.53.3.9	27.5	81.8	79.8	487	8.33e-32	129
WP_006849914.1	lcl|B9LBX9-2.A.53.4.3	27.0	66.5	52.1	370	1.03e-27	117
WP_006849914.1	lcl|P71997-2.A.53.4.2	26.6	67.2	67.3	380	3.81e-24	105
WP_006849914.1	lcl|Q8F8H7-2.A.53.3.8	26.9	71.6	54.7	420	1.02e-21	99.0
WP_006849914.1	lcl|Q5VQ79-2.A.53.1.16	23.9	92.3	78.8	536	2.80e-21	97.4
WP_006849914.1	lcl|Q9FY46-2.A.53.1.14	24.4	70.9	57.8	406	1.51e-19	92.0
WP_006849914.1	lcl|Q0P7I2-2.A.53.1.12	22.6	97.6	85.9	566	3.30e-19	90.9
WP_006849914.1	lcl|P72770-2.A.53.4.1	25.7	92.5	89.9	529	8.60e-19	89.4
WP_006849914.1	lcl|P53393-2.A.53.1.4	21.4	95.6	86.5	565	3.14e-18	87.8
WP_006849914.1	lcl|Q9MAX3-2.A.53.1.6	23.6	69.8	61.4	403	5.32e-17	84.0
WP_006849914.1	lcl|P96878-2.A.53.3.12	24.9	72.7	52.1	414	1.06e-16	83.2
WP_006849914.1	lcl|Q9SAY1-2.A.53.1.7	20.3	94.7	83.8	551	1.90e-14	75.9
WP_006849914.1	lcl|P53391-2.A.53.1.3	23.0	69.8	60.3	409	1.68e-12	69.7
WP_006849914.1	lcl|Q5N2Y3-2.A.53.3.6	22.8	78.0	60.2	448	2.34e-12	69.3
WP_006849914.1	lcl|Q02920-2.A.53.1.5	22.9	64.1	77.1	380	1.58e-11	66.2
WP_006849914.1	lcl|A8J6J0-2.A.53.1.8	21.7	95.3	73.0	576	2.92e-11	65.9
WP_006849914.1	lcl|G3C7W4-2.A.53.2.12	24.8	61.6	47.9	367	6.63e-11	64.7
WP_006849914.1	lcl|Q8K142-2.A.53.2.8	24.1	61.6	48.7	370	1.51e-10	63.5
WP_006849916.1	lcl|P30405-1.A.129.1.1	44.8	87.1	63.3	134	7.63e-19	78.6
WP_006849916.1	lcl|F4K2G0-3.D.1.8.1	43.0	84.4	49.0	128	3.40e-16	72.4
WP_006849916.1	lcl|P49792-1.I.1.1.3	37.7	92.5	4.4	146	1.05e-14	69.7
WP_006849939.1	lcl|Q0IDE4-1.A.11.2.5	85.2	99.0	99.0	485	8.83e-309	839
WP_006849939.1	lcl|Q93IP6-1.A.11.2.3	62.6	86.1	85.5	431	2.12e-179	511
WP_006849939.1	lcl|O28528-1.A.11.2.7	41.1	86.7	90.8	440	7.98e-90	281
WP_006849939.1	lcl|B8ZYW2-1.A.11.2.11	42.4	80.8	85.5	417	1.01e-85	271
WP_006849939.1	lcl|AFC35023.1-1.A.11.2.14	39.5	83.3	95.7	435	2.70e-78	251
WP_006849939.1	lcl|R7QP87-1.A.11.2.12	37.8	83.1	85.6	418	6.36e-78	250
WP_006849939.1	lcl|Q9BLG3-1.A.11.2.9	35.6	84.5	96.3	430	5.34e-71	231
WP_006849939.1	lcl|O66515-1.A.11.1.5	32.6	87.6	97.2	435	3.13e-60	203
WP_006849939.1	lcl|O67997-1.A.11.1.4	32.7	90.0	98.9	453	4.71e-59	200
WP_006849939.1	lcl|Q9SQH9-1.A.11.2.13	33.7	84.1	86.5	442	1.31e-58	201
WP_006849939.1	lcl|Q20605-1.A.11.2.10	32.9	83.9	81.7	431	7.18e-57	196
WP_006849939.1	lcl|KXJ25961.1-1.A.11.2.15	33.8	83.3	80.0	417	4.37e-56	194
WP_006849939.1	lcl|P54144-1.A.11.2.1	33.8	79.6	81.6	426	5.49e-56	194
WP_006849939.1	lcl|E2CWJ2-1.A.11.2.8	33.2	79.2	81.2	416	3.92e-55	191
WP_006849939.1	lcl|O29285-1.A.11.1.6	33.7	83.1	98.7	412	1.93e-53	184
WP_006849939.1	lcl|P58905-1.A.11.2.4	33.2	77.1	81.1	407	8.53e-52	182
WP_006849939.1	lcl|P69681-1.A.11.1.1	33.0	83.3	92.8	412	9.11e-52	181
WP_006849939.1	lcl|Q9SVT8-1.A.11.2.6	33.2	78.4	80.4	419	1.16e-50	179
WP_006849939.1	lcl|Q9BLG4-1.A.11.1.7	31.0	84.7	88.6	423	3.75e-50	177
WP_006849939.1	lcl|Q4DC59-1.A.11.1.8	31.6	82.4	77.8	411	6.71e-47	169
WP_006849939.1	lcl|AEJ03821.1-1.A.11.1.10	31.3	82.2	99.5	415	2.09e-45	163
WP_006849939.1	lcl|Q59UP8-1.A.11.3.5	31.7	83.3	85.4	420	6.74e-45	163
WP_006849939.1	lcl|Q8DSV1-1.A.11.1.9	32.5	83.1	97.1	412	1.26e-43	158
WP_006849939.1	lcl|Q79VF1-1.A.11.1.3	29.8	84.1	96.8	439	1.46e-41	153
WP_006849939.1	lcl|P54146-1.A.11.1.2	27.9	82.4	88.5	419	1.16e-38	145
WP_006849940.1	lcl|Q8S3X4-5.A.1.2.4	45.3	94.9	76.0	234	1.16e-52	172
WP_006849940.1	lcl|Q9M5P3-5.A.1.2.5	41.6	94.9	65.3	231	1.95e-48	162
WP_006849940.1	lcl|Q939U6-5.A.1.2.7	31.2	72.6	77.1	189	5.92e-13	65.9
WP_006849940.1	lcl|J2IMD3-5.A.1.2.6	34.3	85.2	83.9	207	7.84e-13	65.5
WP_006849940.1	lcl|Q8PY72-5.A.1.2.3	27.5	84.0	90.3	207	7.19e-12	62.4
WP_006849940.1	lcl|P45706-5.A.1.2.1	25.9	86.9	89.8	216	5.96e-11	60.1
WP_006849940.1	lcl|RKY32654.1-2.A.131.1.6	25.6	87.8	91.9	219	1.52e-10	58.9
WP_006849940.1	lcl|F4FC13-5.A.1.2.2	32.7	67.9	33.2	165	1.26e-08	54.3
WP_006849940.1	lcl|RZN41577.1-2.A.131.1.7	27.3	87.3	92.1	227	1.66e-08	53.1
WP_006849940.1	lcl|P9WG63-5.A.1.2.9	30.4	73.0	28.6	204	3.91e-05	43.9
WP_006849940.1	lcl|P36655-5.A.1.1.1	32.7	39.7	17.3	98	2.83e-04	41.2
WP_006849940.1	lcl|OGG98050.1-5.A.1.1.3	26.9	84.0	37.7	212	3.71e-04	40.8
WP_006849983.1	lcl|Q46GL9-3.A.1.106.19	70.1	99.3	99.5	595	1.83e-291	804
WP_006849983.1	lcl|Q72J05-3.A.1.106.18	41.4	82.4	82.7	498	2.13e-110	342
WP_006849983.1	lcl|Q9WYC4-3.A.1.135.5	34.2	91.9	89.3	546	1.40e-89	288
WP_006849983.1	lcl|A4XGX1-3.A.1.135.10	32.9	82.9	79.8	492	3.36e-87	282
WP_006849983.1	lcl|Q66LJ0-3.A.1.135.13	37.3	80.6	74.8	480	1.12e-85	279
WP_006849983.1	lcl|Q8G7R7-3.A.1.106.3	34.4	83.1	81.9	508	1.96e-85	277
WP_006849983.1	lcl|O07549-3.A.1.106.8	34.5	83.8	73.8	505	2.88e-83	273
WP_006849983.1	lcl|E2YHZ7-3.A.1.135.7	33.1	82.6	83.0	498	1.78e-81	266
WP_006849983.1	lcl|P73239-3.A.1.106.14	33.3	81.1	80.9	483	2.74e-81	266
WP_006849983.1	lcl|A4QD95-3.A.1.106.4	35.1	82.1	39.0	496	4.78e-81	276
WP_006849983.1	lcl|Q837P4-3.A.1.135.8	33.1	80.9	81.8	489	1.87e-80	264
WP_006849983.1	lcl|P60752-3.A.1.106.1	32.1	83.8	85.2	499	6.65e-78	257
WP_006849983.1	lcl|P63359-3.A.1.106.20	31.9	83.8	85.2	499	1.30e-77	256
WP_006849983.1	lcl|E8MFM3-3.A.1.135.6	32.2	83.1	81.3	500	9.17e-77	254
WP_006849983.1	lcl|B8ZPD1-3.A.1.135.4	30.7	93.9	95.4	570	1.16e-75	251
WP_006849983.1	lcl|Q832J9-3.A.1.135.9	30.6	83.1	83.1	493	3.45e-75	250
WP_006849983.1	lcl|Q9KZE5-3.A.1.106.9	33.9	82.4	81.6	514	1.36e-74	249
WP_006849983.1	lcl|Q2G2M9-3.A.1.106.2	29.4	85.8	88.1	510	2.70e-73	244
WP_006849983.1	lcl|Q9A1K4-3.A.1.135.2	31.2	90.7	90.6	545	3.85e-73	244
WP_006849983.1	lcl|KKK43438-3.A.1.135.12	31.9	78.9	77.3	473	1.19e-72	243
WP_006849983.1	lcl|G9CHY9-3.A.1.135.3	31.3	80.9	81.3	485	1.46e-72	243
WP_006849983.1	lcl|Q8RMB7-3.A.1.106.7	35.3	80.9	39.2	485	8.86e-72	250
WP_006849983.1	lcl|P0AAG5-3.A.1.106.13	32.1	98.3	96.3	592	3.97e-71	239
WP_006849983.1	lcl|D5AL45-3.A.1.210.15	31.9	97.1	94.4	590	5.93e-71	239
WP_006849983.1	lcl|O06967-3.A.1.117.3	29.9	93.2	93.2	562	9.86e-71	238
WP_006849985.1	lcl|Q66DP5-5.B.1.3.1	32.2	91.5	26.4	87	8.95e-13	61.6
WP_006849987.1	lcl|Q93N33-2.A.21.9.2	38.9	22.5	7.7	90	6.24e-08	54.3
WP_006849988.1	lcl|O07784-3.A.1.27.7	26.7	88.8	50.0	277	2.43e-06	48.1
WP_006849988.1	lcl|L0T2W6-3.A.1.27.6	22.6	88.8	50.9	279	7.67e-06	46.6
WP_006849989.1	lcl|A0L4L0-3.A.1.132.3	27.5	91.5	73.5	265	3.69e-12	65.1
WP_006849989.1	lcl|Q93NW3-8.A.3.2.2	34.4	43.7	52.0	122	1.29e-07	50.8
WP_006849989.1	lcl|K9YXY1-8.A.3.1.2	28.0	64.4	23.2	186	3.12e-05	44.7
WP_006849989.1	lcl|O69740-3.A.24.1.1	29.1	63.7	27.0	182	1.27e-04	42.7
WP_006849989.1	lcl|P33698-8.A.3.1.1	31.3	45.6	15.9	131	7.28e-04	40.4
WP_006849993.1	lcl|Q81WE1-9.A.4.2.1	44.9	89.0	96.6	89	2.66e-15	64.7
WP_006849993.1	lcl|M2WX31-9.A.4.2.3	50.7	67.0	42.0	67	4.70e-15	65.9
WP_006849993.1	lcl|P52059-9.A.4.1.1	29.8	84.0	44.3	84	2.68e-06	43.1
WP_006849993.1	lcl|M2WYR6-9.A.4.2.2	29.9	67.0	37.0	67	6.60e-05	39.3
WP_006849995.1	lcl|P29296-2.A.114.1.9	31.8	80.1	78.7	129	1.11e-20	82.8
WP_006849996.1	lcl|P56780-3.E.2.2.3	66.7	86.4	78.1	57	5.20e-23	82.4
WP_006850001.1	lcl|Q9WZ49-3.A.29.1.7	35.6	42.1	35.2	216	1.63e-30	124
WP_006850001.1	lcl|P55072-3.A.16.1.1	31.1	50.2	31.6	257	1.58e-29	122
WP_006850001.1	lcl|P25694-3.A.16.1.2	34.6	44.0	27.1	228	5.24e-29	120
WP_006850001.1	lcl|C6KT34-3.A.16.1.3	30.0	62.1	40.5	337	7.16e-28	117
WP_006850001.1	lcl|B7G1T3-3.A.25.1.1	30.4	46.8	26.7	250	1.04e-27	117
WP_006850001.1	lcl|P0AAI3-3.A.29.1.5	33.3	44.2	35.1	228	1.25e-27	116
WP_006850001.1	lcl|P54609-3.A.16.1.5	32.6	44.0	28.1	230	1.26e-27	116
WP_006850001.1	lcl|ALM13868-3.A.29.1.6	33.6	43.1	35.2	226	4.11e-26	111
WP_006850001.1	lcl|Q9SS94-3.A.16.1.5	31.5	46.4	29.0	238	1.31e-25	110
WP_006850001.1	lcl|Q9N3T5-3.A.29.1.2	34.4	41.9	27.9	221	1.68e-25	110
WP_006850001.1	lcl|8XQX_E-3.A.9.1.4	33.2	47.6	26.0	256	1.49e-24	107
WP_006850001.1	lcl|O67077-3.A.29.1.4	31.0	44.0	35.6	226	1.81e-23	103
WP_006850001.1	lcl|P54813-3.A.29.1.2	34.5	39.7	27.7	200	2.81e-23	103
WP_006850001.1	lcl|B7J0N5-3.A.29.1.8	31.0	39.3	31.3	200	1.03e-22	101
WP_006850001.1	lcl|O43933-3.A.20.1.1	31.6	43.5	17.5	225	1.25e-22	101
WP_006850001.1	lcl|P46468-3.A.25.2.1	28.0	44.2	18.3	225	2.18e-22	100
WP_006850001.1	lcl|8XQX_F-3.A.9.1.4	31.2	42.5	21.2	218	1.97e-21	97.8
WP_006850001.1	lcl|P24004-3.A.20.1.5	30.5	38.9	20.1	210	2.65e-21	97.4
WP_006850001.1	lcl|Q8RY16-3.A.20.1.2	29.6	40.5	22.3	213	3.34e-21	97.1
WP_006850001.1	lcl|Q13608-3.A.20.1.1	32.2	49.8	27.1	270	3.41e-21	97.1
WP_006850001.1	lcl|Q9ZPR1-3.A.16.1.5	27.6	62.5	53.6	326	4.02e-21	96.3
WP_006850001.1	lcl|P39925-3.A.29.1.1	32.5	38.9	27.1	206	2.83e-20	94.0
WP_006850001.1	lcl|P32795-3.A.29.1.1	29.9	40.1	27.3	204	8.73e-20	92.4
WP_006850001.1	lcl|P33760-3.A.20.1.5	33.9	34.7	17.5	183	1.87e-19	91.7
WP_006850001.1	lcl|8XQX_B-3.A.9.1.4	28.3	45.8	21.0	233	4.53e-19	90.5
WP_006850002.1	lcl|WP_106247303.1-1.A.115.1.3	33.5	67.2	65.2	206	2.16e-14	71.6
WP_006850002.1	lcl|RZD32576-1.A.115.1.2	32.0	48.3	55.2	150	1.59e-10	60.1
WP_006850002.1	lcl|WP_062382148.1-1.A.115.1.5	28.8	66.2	72.0	205	1.13e-06	48.5
WP_006850010.1	lcl|B3ERW2-3.A.23.6.1	40.5	20.2	13.8	158	8.34e-21	97.8
WP_006850014.1	lcl|P94400-9.B.10.1.1	29.2	61.0	55.9	233	1.88e-24	102
WP_006850030.1	lcl|D2SCM5-2.A.1.69.2	28.2	78.2	80.1	376	1.10e-21	96.7
WP_006850030.1	lcl|Q55937-2.A.1.31.2	26.7	83.0	76.6	382	7.80e-18	85.1
WP_006850030.1	lcl|O31561-2.A.1.31.3	30.6	73.9	78.4	366	2.20e-16	80.5
WP_006850030.1	lcl|OLS32076-2.A.1.31.7	24.2	85.2	74.2	401	8.86e-14	72.8
WP_006850030.1	lcl|J8GQQ7-2.A.1.31.4	25.2	76.0	80.3	365	6.93e-12	66.6
WP_006850030.1	lcl|Q9X8T4-2.A.1.21.16	25.8	86.3	88.0	411	5.22e-11	63.9
WP_006850030.1	lcl|H5X1B8-2.A.1.21.21	24.5	77.6	86.8	363	4.62e-10	60.8
WP_006850030.1	lcl|P0A5C2-2.A.1.21.14	24.2	77.6	80.5	376	1.23e-09	59.7
WP_006850030.1	lcl|Q5WAS7-2.A.1.21.8	21.7	73.2	77.3	345	1.53e-09	59.3
WP_006850030.1	lcl|O32859-2.A.1.21.4	26.8	73.9	80.9	358	2.65e-09	58.5
WP_006850030.1	lcl|O31137-2.A.1.21.3	23.3	86.3	89.7	407	2.61e-08	55.5
WP_006850030.1	lcl|Q1IWX2-2.A.1.21.23	26.2	69.3	71.8	343	6.59e-08	54.3
WP_006850030.1	lcl|WP_067456760.1-2.A.1.30.2	25.4	66.9	71.0	311	1.05e-07	53.5
WP_006850030.1	lcl|WP_063162358.1-2.A.1.31.8	23.0	76.0	77.3	357	1.93e-07	52.8
WP_006850030.1	lcl|P64783-2.A.1.21.12	25.5	73.2	78.3	349	3.30e-07	52.0
WP_006850030.1	lcl|WP_087702834.1-2.A.1.62.4	23.0	54.7	59.9	261	2.89e-05	45.8
WP_006850035.1	lcl|Q9I0Y8-2.A.6.2.16	37.6	98.9	98.8	1134	4.27e-231	688
WP_006850035.1	lcl|Q8ZRG9-2.A.6.2.25	36.3	98.3	98.6	1126	2.66e-216	650
WP_006850035.1	lcl|P52002-2.A.6.2.6	36.6	98.0	98.4	1127	6.27e-215	646
WP_006850035.1	lcl|Q24LT7-2.A.6.2.29	36.2	97.7	98.2	1134	1.97e-209	632
WP_006850035.1	lcl|Q8GC83-2.A.6.2.19	36.2	98.0	98.9	1124	2.00e-209	631
WP_006850035.1	lcl|Q2FD81-2.A.6.2.44	35.7	98.3	97.9	1126	7.37e-206	623
WP_006850035.1	lcl|P31224-2.A.6.2.2	35.3	97.7	98.0	1124	1.54e-205	622
WP_006850035.1	lcl|C5IZH1-2.A.6.2.47	36.0	98.3	98.9	1132	6.21e-205	620
WP_006850035.1	lcl|Q0VQY6-2.A.6.2.46	35.8	97.9	98.6	1132	9.48e-205	619
WP_006850035.1	lcl|P24181-2.A.6.2.1	36.1	97.8	99.4	1128	2.16e-204	618
WP_006850035.1	lcl|Q8GKU1-2.A.6.2.4	35.9	98.6	99.5	1132	4.93e-203	615
WP_006850035.1	lcl|Q8Y3H0-2.A.6.2.45	35.5	98.2	98.1	1127	1.54e-201	611
WP_006850035.1	lcl|O52248-2.A.6.2.9	35.2	99.3	99.0	1141	3.42e-200	608
WP_006850035.1	lcl|Q9KJC2-2.A.6.2.8	35.1	99.3	99.0	1141	1.34e-199	606
WP_006850035.1	lcl|Q84GI9-2.A.6.2.31	35.3	98.3	99.1	1132	4.80e-199	605
WP_006850035.1	lcl|B2FLY4-2.A.6.2.14	35.6	98.1	98.0	1125	7.30e-197	599
WP_006850035.1	lcl|Q6V6X8-2.A.6.2.18	34.9	98.0	98.1	1132	4.87e-195	594
WP_006850035.1	lcl|Q9F240-2.A.6.2.42	34.1	97.6	98.8	1124	3.00e-194	592
WP_006850035.1	lcl|Q6VV68-2.A.6.2.23	34.2	97.7	96.3	1127	1.33e-192	588
WP_006850035.1	lcl|P37637-2.A.6.2.13	34.3	98.0	99.2	1131	2.49e-191	584
WP_006850035.1	lcl|Q4LDT6-2.A.6.2.34	34.5	97.7	97.5	1119	1.52e-190	583
WP_006850035.1	lcl|Q2AAU3-2.A.6.2.26	34.6	97.7	97.2	1122	6.38e-189	578
WP_006850035.1	lcl|P24177-2.A.6.2.7	33.8	97.8	98.9	1125	1.09e-184	567
WP_006850035.1	lcl|Q51396-2.A.6.2.15	34.4	98.5	98.9	1135	7.02e-184	565
WP_006850035.1	lcl|Q93PU4-2.A.6.2.11	33.7	98.0	98.1	1129	8.27e-184	565
WP_006850046.1	lcl|E8N0A2-9.B.363.1.1	41.6	86.5	100	149	5.27e-30	106
WP_006850046.1	lcl|XP_025610126.1-9.B.363.1.5	32.7	57.1	53.8	98	3.14e-09	53.1
WP_006850046.1	lcl|WP_111821170.1-9.B.363.1.2	29.1	77.6	90.4	151	6.79e-09	52.0
WP_006850051.1	lcl|Q9YS30-1.A.53.1.4	24.0	38.1	7.4	329	2.78e-05	47.8
WP_006850054.1	lcl|C7P777-1.A.43.1.4	35.4	65.1	65.3	82	3.46e-08	48.1
WP_006850054.1	lcl|F0LJH3-1.A.43.1.7	34.5	88.9	94.9	113	2.33e-07	45.8
WP_006850054.1	lcl|I3YSC9-1.A.43.1.13	35.5	71.4	74.0	93	3.56e-07	45.4
WP_006850054.1	lcl|B3DT22-1.A.43.3.3	33.0	75.4	56.2	100	2.67e-06	43.9
WP_006850054.1	lcl|F6CB17-1.A.43.1.14	32.6	65.9	69.4	95	2.68e-06	43.1
WP_006850054.1	lcl|C7CD71-1.A.43.1.18	30.5	83.3	86.1	105	9.79e-06	41.6
WP_006850054.1	lcl|M0ERE7-1.A.43.1.15	42.0	39.7	34.6	50	4.19e-04	37.4
WP_006850069.1	lcl|O43464-8.A.217.1.1	35.8	80.1	67.0	324	1.91e-48	170
WP_006850069.1	lcl|B2GH49-9.B.160.1.10	31.6	45.2	46.2	187	2.93e-16	79.3
WP_006850080.1	lcl|Q5N2Q7-3.A.5.4.1	72.9	100	99.6	947	0.0	1316
WP_006850080.1	lcl|Q9SYI0-3.A.5.4.2	58.0	99.4	88.5	933	0.0	1046
WP_006850080.1	lcl|Q6MR29-3.A.5.1.3	43.7	100	91.7	942	2.75e-251	727
WP_006850080.1	lcl|P0A5Y8-3.A.5.2.2	44.7	98.8	87.6	937	3.11e-246	716
WP_006850080.1	lcl|P10408-3.A.5.1.1	45.0	98.4	90.9	934	1.10e-239	697
WP_006850080.1	lcl|P28366-3.A.5.2.1	42.6	97.5	90.6	915	1.06e-223	654
WP_006850080.1	lcl|Q9X1R4-3.A.5.1.4	40.0	98.0	92.9	968	2.43e-212	626
WP_006850080.1	lcl|Q2ST71-3.A.5.3.1	35.5	97.4	80.3	918	1.25e-159	492
WP_006850080.1	lcl|Q9AET6-3.A.5.10.1	34.6	98.4	98.1	953	5.99e-142	441
WP_006850080.1	lcl|P66785-3.A.5.2.2	30.5	97.0	86.6	916	6.15e-106	347
WP_006850084.1	lcl|Q8F2Y8-1.A.12.2.2	26.0	80.9	74.8	196	1.04e-08	53.5
WP_006850084.1	lcl|P0ACA3-1.A.12.3.1	32.2	45.6	53.8	115	6.59e-05	42.4
WP_006850084.1	lcl|B7LBF5-1.A.12.3.2	32.3	36.1	43.5	93	5.36e-04	39.7
WP_006850094.1	lcl|WP_121250785-4.H.1.1.15	50.4	93.2	49.2	470	4.70e-131	402
WP_006850103.1	lcl|B0CB42-5.B.4.1.2	95.1	100	100	81	1.22e-40	127
WP_006850103.1	lcl|P62090-5.B.4.1.1	90.1	100	100	81	1.66e-38	122
WP_006850108.1	lcl|P73182-9.A.8.1.3	33.1	26.0	18.7	118	9.27e-07	50.8
WP_006850108.1	lcl|L7E2Q2-9.A.8.1.21	28.9	31.8	20.1	159	1.33e-06	50.4
WP_006850108.1	lcl|Q57986-9.A.8.1.9	31.9	20.7	13.8	94	4.67e-05	45.4
WP_006850108.1	lcl|V6F2B2-9.A.8.1.7	35.5	25.8	16.2	121	4.75e-05	45.4
WP_006850108.1	lcl|O25396-9.A.8.1.2	33.3	20.0	13.9	90	6.08e-05	45.1
WP_006850108.1	lcl|O29993-9.A.8.1.8	35.6	19.3	12.5	87	8.02e-05	44.7
WP_006850108.1	lcl|D9SIP4-9.A.8.1.11	42.1	12.7	9.4	57	3.13e-04	42.7
WP_006850108.1	lcl|B1R5B7-9.A.8.1.14	33.0	19.6	13.0	88	7.45e-04	41.6
WP_006850126.1	lcl|RZD32576-1.A.115.1.2	25.7	79.7	70.5	187	3.57e-07	49.3
WP_006850127.1	lcl|P31435-2.A.2.3.4	25.2	89.8	85.7	405	2.04e-24	104
WP_006850127.1	lcl|P75683-2.A.2.3.5	25.1	94.6	88.3	427	6.52e-21	94.4
WP_006850127.1	lcl|P96792-2.A.2.3.3	26.3	90.0	83.1	410	1.05e-18	87.8
WP_006850127.1	lcl|P94488-2.A.2.3.2	26.0	95.9	89.4	442	5.62e-18	85.5
WP_006850127.1	lcl|A1S5F2-2.A.2.3.6	32.1	36.0	35.1	159	1.24e-17	84.3
WP_006850127.1	lcl|Q745T8-2.A.2.3.12	26.2	93.4	97.6	423	8.63e-15	75.5
WP_006850127.1	lcl|A7ZUZ0-2.A.2.1.1	30.6	36.0	33.0	160	1.87e-14	74.7
WP_006850127.1	lcl|P0CE45-2.A.2.3.1	32.4	31.9	31.1	142	7.48e-14	72.8
WP_006850127.1	lcl|A6NFX1-2.A.2.3.16	24.4	96.4	85.7	459	8.43e-14	72.8
WP_006850127.1	lcl|Q8NA29-2.A.2.3.8	21.1	97.3	84.7	484	4.99e-13	70.5
WP_006850127.1	lcl|Q0HIQ0-2.A.2.3.7	22.2	96.6	86.5	436	5.88e-13	70.1
WP_006850127.1	lcl|Q93KC2-2.A.2.5.1	24.2	92.1	80.5	433	1.41e-11	65.9
WP_006850127.1	lcl|Q6D188-2.A.2.5.2	31.9	35.1	29.1	160	5.04e-08	54.7
WP_006850127.1	lcl|Q9X761-2.A.2.2.3	21.3	33.7	35.1	164	9.01e-05	44.3
WP_006850127.1	lcl|B3W8U5-2.A.2.1.2	30.9	24.2	22.5	110	3.69e-04	42.4
WP_006850129.1	lcl|Q8LCA1-8.A.155.1.2	40.7	42.2	31.0	54	1.45e-07	47.4
WP_006850138.1	lcl|Q9Y5S9-3.A.18.1.1	33.3	88.9	41.4	72	1.69e-10	53.5
WP_006850143.1	lcl|F8FLY5-2.A.86.1.11	24.5	73.9	70.9	253	4.01e-13	68.9
WP_006850143.1	lcl|P0AFI9-2.A.86.1.1	26.4	66.9	66.3	235	1.94e-04	42.4
WP_006850152.1	lcl|Q9HZE9-2.A.66.6.1	25.8	70.5	51.7	283	7.74e-07	50.4
WP_006850153.1	lcl|L7E2Q2-9.A.8.1.21	28.9	35.4	21.0	166	4.48e-07	52.0
WP_006850153.1	lcl|O25396-9.A.8.1.2	24.4	27.9	18.8	127	3.86e-06	48.9
WP_006850153.1	lcl|V6F2B2-9.A.8.1.7	29.5	38.2	23.2	176	6.95e-06	48.1
WP_006850153.1	lcl|Q57986-9.A.8.1.9	39.3	12.3	8.2	56	2.50e-04	43.1
WP_006850153.1	lcl|Q7MV19-9.A.8.1.6	24.4	39.3	19.8	180	3.50e-04	42.7
WP_006850153.1	lcl|P73182-9.A.8.1.3	26.4	46.6	33.7	220	5.60e-04	42.0
WP_006850156.1	lcl|P56790-3.E.2.2.3	34.0	75.8	75.8	47	8.69e-05	35.8
WP_006850159.1	lcl|Q31QK1-3.A.5.4.1	64.2	66.3	65.4	53	2.24e-15	63.9
WP_006850160.1	lcl|O50295-3.A.1.114.1	50.6	100	100	389	4.70e-131	380
WP_006850162.1	lcl|Q8DKY0-3.D.1.8.2	36.2	97.4	91.9	492	1.19e-90	286
WP_006850162.1	lcl|P29925-3.D.1.2.1	36.6	98.2	95.5	500	1.19e-89	283
WP_006850162.1	lcl|Q746T8-3.D.1.5.1	38.3	95.4	95.2	483	1.94e-86	274
WP_006850162.1	lcl|F1SVH9-3.D.13.1.1	37.1	87.7	88.5	450	4.44e-84	268
WP_006850162.1	lcl|Q9P9F4-3.D.9.1.1	37.1	87.7	88.5	450	4.44e-84	268
WP_006850162.1	lcl|P0AFE8-3.D.1.1.1	36.7	97.6	96.7	507	4.58e-84	268
WP_006850162.1	lcl|P26288-3.D.1.8.1	32.7	88.9	88.4	449	6.24e-72	236
WP_006850162.1	lcl|OLS18238-3.D.9.1.2	35.2	85.1	85.1	449	8.35e-65	218
WP_006850162.1	lcl|Q56228-3.D.1.3.1	33.4	74.8	77.6	371	4.71e-53	185
WP_006850162.1	lcl|Q0P861-3.D.1.7.1	30.8	72.8	72.1	367	3.82e-46	167
WP_006850162.1	lcl|OLS18239-3.D.9.1.2	30.4	74.4	71.1	388	2.00e-44	163
WP_006850162.1	lcl|Q52978-2.A.63.1.1	31.3	95.4	47.0	498	2.99e-41	157
WP_006850162.1	lcl|Q7AJV8-2.A.63.1.2	30.9	86.1	56.1	466	5.18e-41	156
WP_006850162.1	lcl|P20113-3.D.1.6.4	31.7	79.6	84.7	397	1.69e-40	150
WP_006850162.1	lcl|O05229-2.A.63.1.4	28.5	86.7	86.2	439	1.27e-38	146
WP_006850162.1	lcl|P15582-3.D.1.6.2	26.5	81.7	77.1	407	6.37e-38	145
WP_006850162.1	lcl|Q9KD98-2.A.63.1.2	27.9	70.2	70.4	355	7.74e-37	141
WP_006850162.1	lcl|P03910-3.D.1.6.1	31.2	70.0	76.3	356	4.37e-36	139
WP_006850162.1	lcl|P23482-3.D.1.9.1	29.5	79.0	62.5	431	4.46e-35	138
WP_006850162.1	lcl|Q9K2S2-2.A.63.1.4	28.5	76.6	50.3	417	9.02e-35	138
WP_006850162.1	lcl|Q8U100-3.D.1.4.1	30.1	74.6	72.9	392	9.25e-34	133
WP_006850162.1	lcl|Q9ZNG6-2.A.63.1.3	29.2	87.5	56.8	473	9.64e-34	135
WP_006850162.1	lcl|P72316-3.D.1.4.3	29.3	69.6	27.7	368	5.77e-33	133
WP_006850162.1	lcl|F1SVL2-3.D.13.1.1	29.1	80.6	82.2	422	1.08e-31	127
WP_006850162.1	lcl|Q9P9F3-3.D.9.1.1	29.1	80.6	82.2	422	1.08e-31	127
WP_006850167.1	lcl|WP_043729325-9.B.273.1.1	43.4	64.6	48.6	189	1.07e-40	144
WP_006850167.1	lcl|WP_102961726.1-9.B.273.1.2	32.9	78.5	86.1	243	1.95e-25	101
WP_006850171.1	lcl|WP_087280510.1-2.A.128.2.3	24.0	72.7	47.6	375	2.70e-04	43.1
WP_006850172.1	lcl|P94400-9.B.10.1.1	33.3	95.1	93.5	411	3.22e-58	193
WP_006850175.1	lcl|Q55281-3.A.1.15.1	55.4	98.8	95.0	249	4.17e-91	269
WP_006850175.1	lcl|Q56953-3.A.1.15.4	55.6	92.0	78.4	232	6.21e-84	252
WP_006850175.1	lcl|Q92LL4-3.A.1.15.9	55.6	93.2	75.2	234	4.01e-83	250
WP_006850175.1	lcl|Q9XCS1-3.A.1.15.7	55.7	93.2	86.1	235	8.40e-79	238
WP_006850175.1	lcl|P96117-3.A.1.15.8	39.9	92.8	86.8	233	1.15e-55	179
WP_006850175.1	lcl|Q8DW86-3.A.1.15.20	39.8	92.0	95.0	231	7.78e-53	171
WP_006850175.1	lcl|Q4V0W4-3.A.1.15.21	36.3	90.0	90.0	226	1.43e-52	170
WP_006850175.1	lcl|O84071-3.A.1.15.12	38.4	91.2	87.6	229	6.01e-51	166
WP_006850175.1	lcl|P42360-3.A.1.15.2	38.4	92.4	91.2	232	9.50e-48	158
WP_006850175.1	lcl|Q97PG9-3.A.1.15.14	36.6	92.4	95.4	232	2.20e-46	154
WP_006850175.1	lcl|A1B2F1-3.A.1.15.19	37.9	90.4	83.3	227	1.29e-44	150
WP_006850175.1	lcl|Q9RNI9-3.A.1.15.6	35.2	92.4	95.4	233	3.46e-42	143
WP_006850175.1	lcl|G0LRW9-3.A.1.15.15	33.6	86.1	86.6	217	1.82e-36	129
WP_006850175.1	lcl|B2IWT0-3.A.1.15.13	36.1	92.4	93.4	241	2.59e-35	126
WP_006850175.1	lcl|Q9S215-3.A.1.14.22	33.6	92.8	78.4	238	1.03e-33	123
WP_006850175.1	lcl|Q57399-3.A.1.14.11	34.3	83.3	78.3	210	7.41e-33	119
WP_006850175.1	lcl|Q8GRB0-3.A.1.14.8	31.0	92.0	91.7	239	2.10e-32	118
WP_006850175.1	lcl|A1IQK5-3.A.1.15.10	32.2	91.6	89.2	230	3.86e-32	117
WP_006850175.1	lcl|Q9RK11-3.A.1.14.13	34.7	92.8	81.9	239	4.37e-32	118
WP_006850175.1	lcl|P15031-3.A.1.14.1	32.4	92.8	92.2	241	5.94e-32	117
WP_006850175.1	lcl|F8D413-3.A.1.105.12	33.6	90.4	64.7	229	6.15e-31	116
WP_006850175.1	lcl|Q7W025-3.A.1.14.20	32.1	98.4	96.9	262	4.01e-30	112
WP_006850175.1	lcl|O68106-3.A.1.23.8	35.2	91.2	81.8	236	5.87e-30	112
WP_006850175.1	lcl|P07821-3.A.1.14.3	35.0	90.8	86.8	240	1.17e-29	111
WP_006850175.1	lcl|Q9A197-3.A.1.14.14	29.8	88.8	86.9	228	2.07e-29	110
WP_006850177.1	lcl|Q7V865-9.B.104.3.1	64.7	96.6	93.5	173	2.73e-82	241
WP_006850177.1	lcl|Q64XM9-9.B.104.3.2	35.0	76.0	61.3	140	1.01e-17	77.0
WP_006850177.1	lcl|A4QGR2-9.B.104.3.3	32.4	77.7	56.2	142	1.04e-14	69.3
WP_006850177.1	lcl|m4vtx6-9.B.104.3.4	28.4	93.3	75.1	190	1.61e-08	52.0
WP_006850180.1	lcl|P27830-9.B.18.2.4	26.0	96.2	93.2	338	1.91e-21	92.8
WP_006850204.1	lcl|Q31NV8-3.D.3.5.3	67.2	96.1	92.0	299	2.91e-141	401
WP_006850204.1	lcl|Q93SW9-3.D.3.5.6	64.1	94.2	89.5	298	2.57e-132	379
WP_006850204.1	lcl|7R0W_C-3.D.3.5.7	57.0	93.2	88.4	291	3.75e-116	337
WP_006850204.1	lcl|P26287-3.D.3.5.1	57.0	93.2	88.4	291	3.75e-116	337
WP_006850206.1	lcl|P74256-3.A.1.141.1	43.1	96.2	97.3	255	4.03e-70	216
WP_006850206.1	lcl|Q8R6Q5-3.A.1.141.2	23.8	93.2	95.4	256	1.42e-08	53.9
WP_006850219.1	lcl|Q9L3S5-3.A.1.4.4	54.8	98.7	98.4	389	2.25e-120	353
WP_006850219.1	lcl|Q8NRW0-3.A.1.4.5	36.8	99.0	99.0	380	1.24e-68	218
WP_006850219.1	lcl|CAI09139-3.A.1.4.15	30.1	96.6	96.9	372	5.25e-25	102
WP_006850219.1	lcl|P0AEX7-3.A.1.4.1	25.9	96.4	94.5	379	2.16e-19	87.4
WP_006850219.1	lcl|P21627-3.A.1.4.8	25.3	96.4	94.8	372	2.90e-19	87.0
WP_006850219.1	lcl|AKM83898-3.A.1.4.14	23.8	97.7	99.3	378	2.62e-18	84.0
WP_006850219.1	lcl|Q8YU25-3.A.1.4.12	26.8	83.9	86.7	332	1.75e-17	82.0
WP_006850219.1	lcl|Q8VM85-3.A.1.4.3	25.3	98.2	98.3	379	1.48e-16	79.0
WP_006850219.1	lcl|Q8DQI0-3.A.1.4.10	23.7	97.4	96.9	376	6.95e-16	77.0
WP_006850219.1	lcl|Q8YXD0-3.A.1.4.6	24.4	98.2	98.3	377	8.33e-14	70.9
WP_006850219.1	lcl|Q92TN1-3.A.1.4.7	25.2	83.3	86.8	322	9.75e-12	64.7
WP_006850219.1	lcl|P74318-3.A.1.4.2	23.8	96.4	97.2	370	2.35e-11	63.5
WP_006850219.1	lcl|OLS24630-3.A.1.4.13	40.6	25.3	12.4	101	8.07e-08	53.9
WP_006850222.1	lcl|B5UIP4-2.A.109.1.3	29.7	91.4	87.5	236	2.40e-22	92.0
WP_006850222.1	lcl|O34997-2.A.109.1.4	31.8	72.7	58.6	195	9.22e-15	72.0
WP_006850224.1	lcl|BAM53892.1-2.A.53.3.14	44.0	99.3	96.1	562	3.55e-134	401
WP_006850224.1	lcl|Q7U617-2.A.53.3.2	43.4	98.9	97.5	565	7.83e-134	400
WP_006850224.1	lcl|Q14SY0-2.A.53.3.3	43.4	99.3	96.5	562	5.34e-131	393
WP_006850224.1	lcl|F5R8F2-2.A.53.3.5	32.2	95.5	73.9	571	1.13e-46	174
WP_006850224.1	lcl|O07488-2.A.53.3.1	26.5	97.0	96.7	554	8.40e-42	156
WP_006850224.1	lcl|B9LBX9-2.A.53.4.3	26.0	96.1	73.8	551	1.12e-38	150
WP_006850224.1	lcl|Q1J2S8-2.A.53.3.13	27.0	93.9	93.2	530	8.64e-38	145
WP_006850224.1	lcl|P0AFR2-2.A.53.3.11	27.7	89.2	86.2	524	8.45e-37	143
WP_006850224.1	lcl|A1JRS3-2.A.53.3.9	28.2	90.3	86.7	536	2.19e-34	136
WP_006850224.1	lcl|P72770-2.A.53.4.1	24.6	95.7	91.7	558	7.38e-24	105
WP_006850224.1	lcl|Q9FY46-2.A.53.1.14	23.3	94.1	76.6	553	1.83e-23	104
WP_006850224.1	lcl|P53393-2.A.53.1.4	27.6	65.1	57.6	388	1.16e-20	95.5
WP_006850224.1	lcl|P71997-2.A.53.4.2	25.0	94.4	91.4	547	2.92e-20	94.0
WP_006850224.1	lcl|Q8F8H7-2.A.53.3.8	24.2	81.4	60.4	475	5.32e-19	90.5
WP_006850224.1	lcl|P96878-2.A.53.3.12	24.9	74.6	52.7	422	1.25e-18	89.4
WP_006850224.1	lcl|Q9SAY1-2.A.53.1.7	26.3	64.9	56.1	380	1.42e-18	89.0
WP_006850224.1	lcl|Q0P7I2-2.A.53.1.12	23.2	70.6	61.2	409	4.36e-18	87.4
WP_006850224.1	lcl|P53391-2.A.53.1.3	25.0	64.9	54.7	380	4.27e-17	84.3
WP_006850224.1	lcl|G3C7W4-2.A.53.2.12	26.9	62.7	47.9	368	1.09e-16	83.2
WP_006850224.1	lcl|Q9BXS9-2.A.53.2.7	26.4	62.7	47.3	371	7.25e-15	77.4
WP_006850224.1	lcl|Q5VQ79-2.A.53.1.16	25.1	64.9	53.9	379	8.75e-15	77.0
WP_006850224.1	lcl|Q86WA9-2.A.53.1.10	22.7	92.1	83.0	550	1.85e-14	75.9
WP_006850224.1	lcl|Q8K142-2.A.53.2.8	25.4	62.7	48.7	370	8.03e-13	70.9
WP_006850224.1	lcl|Q5N2Y3-2.A.53.3.6	25.3	82.4	63.4	482	1.84e-12	69.7
WP_006850224.1	lcl|Q96RN1-2.A.53.2.14	25.2	47.8	28.0	274	1.11e-11	67.4
WP_006850235.1	lcl|Q55534-3.A.1.10.2	35.1	90.1	99.1	552	2.11e-91	291
WP_006850235.1	lcl|Q82VN6-3.A.1.10.4	32.4	79.1	92.9	491	1.44e-59	206
WP_006850235.1	lcl|Q5SHV1-3.A.1.10.6	29.7	86.5	95.9	498	8.91e-36	140
WP_006850235.1	lcl|M4VB92-3.A.1.20.4	24.1	71.1	81.3	444	1.94e-17	85.1
WP_006850235.1	lcl|H2JXL5-3.A.1.19.3	25.3	82.3	93.8	525	5.36e-15	77.4
WP_006850235.1	lcl|C1CWI2-3.A.1.19.5	26.3	76.4	86.2	453	3.55e-09	58.9
WP_006850235.1	lcl|P0AFK6-3.A.1.11.1	23.3	35.1	75.4	206	4.28e-07	51.2
WP_006850235.1	lcl|Q72KX4-3.A.1.1.24	27.5	32.1	70.1	193	7.98e-06	47.4
WP_006850235.1	lcl|Q87WH4-3.A.1.12.10	25.6	36.7	96.3	215	1.01e-04	43.5
WP_006850235.1	lcl|O34878-3.A.1.12.4	25.0	21.8	59.0	128	1.82e-04	42.7
WP_006850235.1	lcl|Q45461-3.A.1.12.3	24.9	33.3	83.9	193	2.44e-04	42.4
WP_006850235.1	lcl|P14176-3.A.1.12.1	26.8	22.3	36.7	138	2.50e-04	43.1
WP_006850235.1	lcl|Q92N36-3.A.1.12.7	29.3	26.4	49.8	157	6.26e-04	41.6
WP_006850235.1	lcl|Q5SKC7-3.A.1.8.3	27.9	26.8	58.5	154	8.27e-04	40.8
WP_006850245.1	lcl|P08716-3.A.1.109.1	45.0	59.0	81.8	582	7.86e-157	479
WP_006850245.1	lcl|P23702-3.A.1.109.8	43.4	59.3	82.2	585	2.82e-153	469
WP_006850245.1	lcl|P18770-3.A.1.109.2	38.8	72.0	99.2	724	2.07e-146	452
WP_006850245.1	lcl|A3DCU1-3.A.1.112.9	33.5	63.2	85.6	630	8.53e-92	307
WP_006850245.1	lcl|F0R9C2-3.A.1.112.10	35.1	57.5	78.2	567	1.03e-91	307
WP_006850245.1	lcl|Q00564-3.A.1.112.3	31.7	62.8	86.0	622	4.50e-90	302
WP_006850245.1	lcl|Q88RG3-3.A.1.109.3	31.8	59.5	84.0	606	1.08e-84	288
WP_006850245.1	lcl|A4XGX1-3.A.1.135.10	34.0	56.5	89.4	556	9.26e-83	280
WP_006850245.1	lcl|Q2G2M9-3.A.1.106.2	34.6	54.2	93.4	543	1.90e-82	278
WP_006850245.1	lcl|Q9WYC4-3.A.1.135.5	34.8	57.1	93.5	566	5.52e-80	271
WP_006850245.1	lcl|Q72J05-3.A.1.106.18	36.2	50.4	83.7	505	7.65e-79	268
WP_006850245.1	lcl|Q8G7R7-3.A.1.106.3	31.7	56.6	91.7	558	4.02e-78	266
WP_006850245.1	lcl|B5E244-3.A.1.112.5	29.3	59.4	81.3	587	9.19e-77	266
WP_006850245.1	lcl|Q10418-3.A.1.112.8	28.3	62.8	85.5	622	1.92e-76	265
WP_006850245.1	lcl|Q03727-3.A.1.112.1	29.8	62.6	85.6	620	6.20e-76	263
WP_006850245.1	lcl|Q0WML0-3.A.1.201.8	34.5	51.6	79.0	522	1.30e-71	249
WP_006850245.1	lcl|D5AL45-3.A.1.210.15	33.1	56.3	91.7	565	1.71e-71	248
WP_006850245.1	lcl|Q72J04-3.A.1.106.18	30.0	57.4	96.9	570	7.42e-71	246
WP_006850245.1	lcl|O07550-3.A.1.106.8	32.1	49.6	83.4	495	2.25e-70	244
WP_006850245.1	lcl|P22520-3.A.1.112.12	27.2	70.5	98.9	710	4.72e-70	246
WP_006850245.1	lcl|Q9NP78-3.A.1.209.2	31.4	54.1	69.5	545	2.91e-69	246
WP_006850245.1	lcl|G9F9U0-3.A.1.201.30	35.1	50.8	76.6	515	6.56e-69	242
WP_006850245.1	lcl|Q9XUJ1-3.A.1.210.7	33.3	56.5	69.3	576	1.75e-68	244
WP_006850245.1	lcl|Q9GTN7-3.A.1.201.40	31.3	55.5	31.1	552	1.96e-68	250
WP_006850245.1	lcl|A4XGX0-3.A.1.135.10	40.0	33.0	56.1	325	4.22e-68	238
WP_006850250.1	lcl|WP_015233269.1-9.B.241.2.5	34.8	77.0	79.9	247	1.39e-21	92.0
WP_006850255.1	lcl|C0SP99-9.B.10.1.1	35.5	56.4	16.0	31	1.44e-04	36.6
WP_006850259.1	lcl|M5D0N4-2.A.1.30.3	24.6	98.3	71.9	410	2.92e-19	89.4
WP_006850259.1	lcl|WP_067456760.1-2.A.1.30.2	27.9	85.0	83.4	366	2.69e-16	79.7
WP_006850259.1	lcl|O32859-2.A.1.21.4	25.8	85.0	86.1	364	6.80e-14	72.4
WP_006850259.1	lcl|J8GQQ7-2.A.1.31.4	26.5	76.2	73.9	324	6.98e-11	63.2
WP_006850259.1	lcl|P64783-2.A.1.21.12	24.6	85.0	83.5	370	7.02e-11	63.2
WP_006850259.1	lcl|D3Q871-2.A.1.21.11	25.1	95.6	93.3	411	1.51e-07	52.8
WP_006850259.1	lcl|P24077-2.A.1.38.1	27.2	51.8	49.3	217	2.54e-06	48.9
WP_006850259.1	lcl|Q54806-2.A.1.3.5	25.2	79.6	62.9	349	5.00e-06	48.1
WP_006850259.1	lcl|Q8ZR35-2.A.1.38.3	27.2	51.8	49.5	224	5.62e-05	44.7
WP_006850259.1	lcl|A5H8A5-2.A.1.3.31	27.1	77.9	59.9	340	1.10e-04	43.9
WP_006850259.1	lcl|Q8TCC7-2.A.1.19.34	34.5	21.4	15.7	87	3.42e-04	42.4
WP_006850259.1	lcl|B2YGG2-2.A.1.2.41	24.9	45.9	43.9	193	7.16e-04	41.2
WP_006850267.1	lcl|BAK19945-3.A.2.1.10	35.8	96.7	94.1	176	4.80e-37	126
WP_006850267.1	lcl|A1B8N7-3.A.2.1.7	31.4	92.3	89.4	169	2.65e-19	80.5
WP_006850267.1	lcl|P29708-3.A.2.1.2	24.8	88.5	91.4	161	2.35e-16	72.4
WP_006850267.1	lcl|Q9RMB3-3.A.2.1.5	25.7	94.0	94.4	171	2.95e-12	61.6
WP_006850267.1	lcl|P0ABA4-3.A.2.1.1	25.4	92.9	93.8	169	2.81e-11	58.9
WP_006850267.1	lcl|F8L1Z4-3.A.2.1.6	21.4	92.9	91.8	173	1.10e-09	54.7
WP_006850267.1	lcl|P48047-3.A.2.1.15	22.9	92.3	79.3	170	7.71e-09	52.8
WP_006850267.1	lcl|P09457-3.A.2.1.3	23.7	92.3	81.6	173	1.31e-07	49.3
WP_006850280.1	lcl|Q9Y5S9-3.A.18.1.1	35.2	92.6	50.6	88	1.96e-10	53.9
WP_006850280.1	lcl|P52298-9.A.60.1.1	34.2	76.8	46.8	73	5.80e-10	52.4
WP_006850280.1	lcl|Q15287-3.A.18.1.1	27.0	76.8	24.3	74	9.22e-07	44.7
WP_006850283.1	lcl|Q1J2S8-2.A.53.3.13	46.7	96.5	94.0	522	6.64e-141	416
WP_006850283.1	lcl|O07488-2.A.53.3.1	43.4	96.5	95.1	521	1.67e-122	368
WP_006850283.1	lcl|Q7U617-2.A.53.3.2	25.7	95.7	93.2	552	6.41e-37	143
WP_006850283.1	lcl|BAM53892.1-2.A.53.3.14	25.4	95.7	90.4	558	7.44e-32	129
WP_006850283.1	lcl|Q14SY0-2.A.53.3.3	26.6	81.4	73.7	451	8.32e-31	125
WP_006850283.1	lcl|P0AFR2-2.A.53.3.11	23.7	91.7	87.5	515	9.91e-28	116
WP_006850283.1	lcl|A1JRS3-2.A.53.3.9	24.5	89.4	85.0	502	1.93e-26	112
WP_006850283.1	lcl|Q8IKC7-2.A.53.3.15	23.1	93.9	77.1	528	1.17e-25	110
WP_006850283.1	lcl|Q9FY46-2.A.53.1.14	25.1	77.2	57.8	431	9.14e-25	108
WP_006850283.1	lcl|B9LBX9-2.A.53.4.3	25.6	72.0	52.2	399	9.46e-25	108
WP_006850283.1	lcl|F5R8F2-2.A.53.3.5	28.4	68.8	50.1	387	5.44e-23	102
WP_006850283.1	lcl|P71997-2.A.53.4.2	25.1	79.4	71.3	443	1.94e-19	91.3
WP_006850283.1	lcl|Q5VQ79-2.A.53.1.16	21.2	76.8	60.0	433	2.47e-14	75.5
WP_006850283.1	lcl|Q9H2B4-2.A.53.2.16	23.9	84.2	69.3	527	4.16e-13	71.6
WP_006850283.1	lcl|P45380-2.A.53.2.2	22.8	84.2	69.7	527	5.50e-13	71.2
WP_006850283.1	lcl|P96878-2.A.53.3.12	22.5	96.5	64.9	533	2.14e-11	66.2
WP_006850283.1	lcl|P72770-2.A.53.4.1	23.2	97.2	82.5	543	3.09e-11	65.5
WP_006850283.1	lcl|Q9BXS9-2.A.53.2.7	21.0	77.6	54.3	439	4.90e-11	65.1
WP_006850283.1	lcl|Q86WA9-2.A.53.1.10	20.6	95.4	84.3	558	7.49e-11	64.3
WP_006850283.1	lcl|G3C7W6-2.A.53.1.9	22.8	76.6	68.3	430	2.28e-10	62.8
WP_006850283.1	lcl|G3C7W4-2.A.53.2.12	20.1	75.0	53.5	428	5.88e-10	61.6
WP_006850283.1	lcl|P50443-2.A.53.2.1	20.7	85.5	67.8	541	3.08e-09	59.3
WP_006850283.1	lcl|A8J6J0-2.A.53.1.8	19.3	95.2	71.1	576	5.43e-09	58.5
WP_006850283.1	lcl|P53391-2.A.53.1.3	23.5	70.7	56.1	387	8.88e-09	57.8
WP_006850283.1	lcl|Q9WVC8-2.A.53.2.3	22.4	85.5	62.2	508	1.24e-08	57.4
WP_006850310.1	lcl|Q8DKX9-3.D.1.8.2	58.4	98.5	99.2	664	6.81e-273	763
WP_006850310.1	lcl|P56752-3.D.1.8.1	40.3	98.8	99.1	744	9.76e-172	508
WP_006850310.1	lcl|P29924-3.D.1.2.1	38.2	96.4	97.7	725	1.53e-121	377
WP_006850310.1	lcl|Q9P9F5-3.D.9.1.1	35.8	98.4	98.2	712	1.40e-112	353
WP_006850310.1	lcl|WIM45892.1-3.D.13.1.1	35.8	98.4	98.2	712	1.40e-112	353
WP_006850310.1	lcl|Q746T7-3.D.1.5.1	38.1	96.3	97.0	661	1.15e-111	349
WP_006850310.1	lcl|Q56227-3.D.1.3.1	39.7	86.8	89.3	587	9.68e-108	338
WP_006850310.1	lcl|P33607-3.D.1.1.1	37.6	97.5	98.5	660	8.07e-104	328
WP_006850310.1	lcl|Q9PMA7-3.D.1.7.1	44.6	60.7	65.3	410	6.36e-101	320
WP_006850310.1	lcl|OLS18237-3.D.9.1.2	34.4	96.1	96.8	700	1.07e-95	309
WP_006850310.1	lcl|P05510-3.D.1.6.2	38.6	66.4	60.0	453	1.19e-84	280
WP_006850310.1	lcl|P03920-3.D.1.6.1	36.8	60.8	65.7	416	1.96e-74	250
WP_006850310.1	lcl|P08739-3.D.1.6.4	37.7	62.9	73.1	427	3.98e-67	229
WP_006850310.1	lcl|Q7AJV8-2.A.63.1.2	37.2	55.5	48.1	401	2.17e-66	233
WP_006850310.1	lcl|Q9ZNG6-2.A.63.1.3	37.5	50.5	42.4	357	2.31e-63	224
WP_006850310.1	lcl|Q52978-2.A.63.1.1	38.0	49.5	32.0	337	5.13e-62	223
WP_006850310.1	lcl|Q9K2S2-2.A.63.1.4	33.2	63.1	52.8	452	2.21e-59	213
WP_006850310.1	lcl|OLS18238-3.D.9.1.2	30.7	69.8	88.5	488	6.16e-47	173
WP_006850310.1	lcl|P77416-3.D.1.9.1	32.2	52.2	71.4	366	1.67e-46	171
WP_006850310.1	lcl|Q8U100-3.D.1.4.1	32.0	55.5	73.1	391	1.41e-45	169
WP_006850310.1	lcl|O59652-3.D.1.4.2	32.2	53.4	54.6	366	1.39e-43	166
WP_006850310.1	lcl|OLS18239-3.D.9.1.2	27.3	78.5	98.3	549	4.80e-39	150
WP_006850310.1	lcl|P72316-3.D.1.4.3	34.0	48.7	25.7	341	2.61e-37	149
WP_006850310.1	lcl|P23482-3.D.1.9.1	28.7	57.4	60.4	425	2.79e-35	141
WP_006850310.1	lcl|D0KWS8-9.A.2.1.2	33.6	44.7	53.7	304	2.97e-33	134
WP_006850313.1	lcl|Q8YPM7-3.A.1.3.18	41.8	97.8	96.6	368	3.44e-83	256
WP_006850313.1	lcl|P45768-3.A.1.3.26	39.9	93.8	82.8	308	5.58e-59	193
WP_006850313.1	lcl|Q52814-3.A.1.3.8	34.5	96.6	88.5	342	4.76e-58	191
WP_006850313.1	lcl|Q52665-3.A.1.3.7	34.2	88.3	78.8	342	1.77e-42	151
WP_006850313.1	lcl|P0AFT2-3.A.1.3.10	37.9	61.7	87.4	203	1.88e-26	103
WP_006850313.1	lcl|P0AER5-3.A.1.3.4	32.7	61.7	90.2	205	3.87e-24	97.8
WP_006850313.1	lcl|Q88NY4-3.A.1.3.19	34.1	66.0	96.4	220	7.25e-23	94.4
WP_006850313.1	lcl|P42200-3.A.1.3.14	31.7	63.3	85.5	205	2.43e-22	93.2
WP_006850313.1	lcl|P73544-3.A.1.3.12	35.6	63.3	38.7	208	4.13e-22	96.3
WP_006850313.1	lcl|Q8YSA2-3.A.1.3.17	36.3	64.5	41.7	212	1.26e-21	94.7
WP_006850313.1	lcl|Q88NY3-3.A.1.3.19	32.7	57.4	77.8	196	1.62e-21	91.3
WP_006850313.1	lcl|Q9I404-3.A.1.3.22	33.2	66.0	96.8	220	4.92e-21	89.4
WP_006850313.1	lcl|A1VZQ3-3.A.1.3.16	32.0	54.9	68.8	178	8.43e-21	89.4
WP_006850313.1	lcl|Q9I403-3.A.1.3.22	31.8	56.2	76.2	192	7.73e-20	86.7
WP_006850313.1	lcl|Q9CES5-3.A.1.3.25	32.4	62.7	28.6	207	6.78e-19	87.0
WP_006850313.1	lcl|B8F897-3.A.1.3.28	28.6	53.1	78.3	175	2.58e-18	81.6
WP_006850313.1	lcl|P48245-3.A.1.3.9	33.0	59.9	70.0	197	7.21e-18	81.6
WP_006850313.1	lcl|Q9I487-3.A.1.3.21	37.8	55.9	79.4	185	9.65e-18	80.1
WP_006850313.1	lcl|P54536-3.A.1.3.15	29.1	62.7	90.4	203	4.81e-16	75.5
WP_006850313.1	lcl|Q9HU30-3.A.1.3.23	32.5	63.0	90.0	212	8.07e-16	75.1
WP_006850313.1	lcl|EAQ71872.1-3.A.1.3.16	27.8	61.1	89.0	198	9.06e-16	74.7
WP_006850313.1	lcl|O34315-3.A.1.3.13	33.1	51.9	70.7	172	1.25e-15	74.7
WP_006850313.1	lcl|P0AER3-3.A.1.3.4	30.8	49.1	68.7	169	6.63e-15	72.8
WP_006850313.1	lcl|O50183-3.A.1.3.11	35.3	50.3	72.8	170	7.38e-15	72.4
WP_006850313.1	lcl|Q52813-3.A.1.3.8	39.3	33.0	26.0	107	9.66e-15	73.9
WP_006850315.1	lcl|Q9X4A5-2.A.15.1.11	30.7	92.7	89.2	472	2.88e-69	229
WP_006850315.1	lcl|AIU86122.1-2.A.15.1.13	29.8	95.2	89.4	484	8.42e-67	223
WP_006850315.1	lcl|P54417-2.A.15.1.1	31.4	94.7	90.2	481	3.75e-66	221
WP_006850315.1	lcl|Q6IUV3-2.A.15.1.12	29.7	94.3	91.3	481	6.25e-66	221
WP_006850315.1	lcl|Q92WM0-2.A.15.1.5	29.6	96.4	66.9	494	5.36e-60	209
WP_006850315.1	lcl|Q93AK1-2.A.15.1.8	30.8	90.9	88.6	467	3.75e-59	202
WP_006850315.1	lcl|Q6F754-2.A.15.1.9	29.7	88.9	66.2	455	9.24e-57	199
WP_006850315.1	lcl|Q4ZLW8-2.A.15.1.3	28.8	88.9	66.3	462	3.89e-51	184
WP_006850315.1	lcl|Q8NN75-2.A.15.1.7	30.4	84.6	66.2	437	1.24e-50	182
WP_006850315.1	lcl|AJH13638.1-2.A.15.1.14	29.6	88.3	80.9	453	3.46e-50	179
WP_006850315.1	lcl|D0U567-2.A.15.1.6	31.2	86.9	81.5	458	6.85e-50	179
WP_006850315.1	lcl|P54582-2.A.15.1.10	28.6	92.3	76.1	475	1.81e-48	176
WP_006850315.1	lcl|Q79VE0-2.A.15.1.2	29.6	88.1	71.1	453	8.54e-48	174
WP_006850315.1	lcl|P0ABC9-2.A.15.1.4	28.1	92.9	67.7	481	1.02e-42	160
WP_006850315.1	lcl|B4EY22-2.A.15.2.2	24.9	89.3	87.0	457	8.94e-41	153
WP_006850315.1	lcl|P31553-2.A.15.2.1	24.5	89.3	88.7	457	2.55e-39	149
WP_006850315.1	lcl|B7L6S9-2.A.15.2.3	25.7	87.5	89.6	451	4.73e-39	147
WP_006850316.1	lcl|H2CHC3-2.A.106.3.1	46.3	78.1	92.1	82	1.02e-16	68.6
WP_006850316.1	lcl|Q6MMB9-2.A.106.3.2	36.6	78.1	91.1	82	3.96e-11	54.3
WP_006850316.1	lcl|G0PPC8-2.A.106.1.2	39.1	82.9	43.3	87	1.79e-07	46.6
WP_006850316.1	lcl|A8I8C6-2.A.106.1.6	35.3	81.0	24.7	85	9.49e-07	45.1
WP_006850316.1	lcl|B9MIH1-2.A.106.1.4	33.3	71.4	39.1	75	6.19e-06	42.4
WP_006850316.1	lcl|Q3ASG5-2.A.106.1.3	39.7	69.5	33.8	73	6.89e-06	42.4
WP_006850316.1	lcl|Q10320-2.A.106.2.4	34.1	78.1	28.2	82	1.10e-05	42.0
WP_006850316.1	lcl|Q8EHY3-2.A.106.1.8	32.1	77.1	44.0	81	1.55e-05	41.2
WP_006850316.1	lcl|Q94AX5-2.A.106.1.5	30.6	81.0	22.7	85	3.56e-04	37.7
WP_006850316.1	lcl|Q9T0H9-2.A.106.1.7	36.1	68.6	19.8	72	4.83e-04	37.4
WP_006850328.1	lcl|P29296-2.A.114.1.9	29.6	72.7	76.2	125	2.49e-12	61.2
WP_006850341.1	lcl|8XQX_H-3.A.9.1.4	32.6	63.1	31.5	178	2.03e-09	57.4
WP_006850357.1	lcl|P04997-3.E.2.2.1	91.1	99.7	99.4	358	8.57e-250	679
WP_006850357.1	lcl|P16033-3.E.2.2.2	88.8	99.7	99.4	358	6.45e-245	667
WP_006850357.1	lcl|P83755-3.E.2.2.3	83.6	96.9	98.6	348	4.74e-227	621
WP_006850357.1	lcl|P09192-3.E.2.2.2	33.8	76.6	77.0	278	4.84e-47	162
WP_006850357.1	lcl|P11005-3.E.2.2.1	33.1	76.6	77.0	278	2.62e-46	160
WP_006850357.1	lcl|P56761-3.E.2.2.3	32.4	76.6	76.8	278	3.12e-43	152
WP_006850357.1	lcl|P0C0Y9-3.E.2.1.1	26.2	41.2	45.5	149	6.09e-10	59.3
WP_006850357.1	lcl|A8ASG6-3.E.2.1.2	27.4	32.3	36.0	117	1.63e-08	55.1
WP_006850357.1	lcl|Q83XD0-3.E.2.1.3	26.0	37.3	22.8	146	1.13e-07	53.1
WP_006850361.1	lcl|A2C579-1.A.26.1.6	66.2	92.0	95.3	447	1.30e-166	478
WP_006850361.1	lcl|Q5SMG8-1.A.26.1.2	35.1	91.4	98.9	447	1.78e-68	225
WP_006850361.1	lcl|Q45121-1.A.26.1.1	37.5	64.8	100	315	6.32e-54	183
WP_006850361.1	lcl|O34442-1.A.26.1.3	32.2	85.4	91.4	416	1.00e-46	167
WP_006850361.1	lcl|Q8EAE0-1.A.26.1.7	25.0	93.6	99.6	456	8.63e-40	149
WP_006850361.1	lcl|Q52398-1.A.26.1.4	26.5	56.6	76.7	275	1.00e-19	90.1
WP_006850361.1	lcl|O26717-1.A.26.1.5	26.4	60.9	92.9	296	1.28e-17	83.2
WP_006850361.1	lcl|5IIP_A-3.A.1.12.16	29.7	22.6	54.6	111	2.52e-06	47.8
WP_006850361.1	lcl|Q45460-3.A.1.12.3	27.0	24.9	30.7	122	6.99e-05	44.7
WP_006850380.1	lcl|ANC59923.1-3.A.1.211.25	34.9	93.0	82.9	541	1.37e-92	296
WP_006850380.1	lcl|P9WQK3-3.A.1.120.8	34.5	93.2	95.2	548	1.56e-90	289
WP_006850380.1	lcl|Q83XH1-9.B.325.1.1	31.7	92.9	95.8	533	9.49e-84	271
WP_006850380.1	lcl|P43672-3.A.1.120.6	34.3	88.3	78.6	516	7.66e-76	252
WP_006850380.1	lcl|Q9NUQ8-3.A.1.121.9	31.0	92.5	73.1	533	4.70e-75	252
WP_006850380.1	lcl|Q20306-3.A.1.211.24	32.7	92.5	73.3	535	1.88e-73	248
WP_006850380.1	lcl|Q9UG63-3.A.1.121.11	32.9	92.2	82.5	535	4.77e-72	242
WP_006850380.1	lcl|Q53712-3.A.1.120.3	33.0	90.6	93.8	542	7.86e-72	240
WP_006850380.1	lcl|AGN74890.1-3.A.1.120.7	33.6	90.8	96.4	557	2.87e-70	235
WP_006850380.1	lcl|Q9FJH6-3.A.1.121.10	33.5	89.4	83.5	523	2.11e-67	229
WP_006850380.1	lcl|Q60248-3.A.1.120.4	31.3	91.3	98.5	553	2.30e-66	225
WP_006850380.1	lcl|Q53762-3.A.1.120.1	29.3	90.9	98.2	549	6.21e-65	221
WP_006850380.1	lcl|Q2PGB8-3.A.1.120.5	33.3	92.9	82.1	549	3.89e-64	220
WP_006850380.1	lcl|P25256-3.A.1.120.2	32.3	90.4	97.4	551	1.63e-63	217
WP_006850380.1	lcl|Q8NE71-3.A.1.121.8	31.4	92.5	62.0	548	3.42e-62	219
WP_006850380.1	lcl|Q389P2-3.A.1.121.7	31.5	91.5	75.9	543	6.38e-58	205
WP_006850380.1	lcl|P39115-3.A.1.121.3	28.4	89.2	85.6	539	4.23e-56	197
WP_006850380.1	lcl|O54396-3.A.1.121.2	25.9	94.9	90.4	575	8.72e-55	194
WP_006850380.1	lcl|B7TGT5-3.A.1.121.5	30.4	63.9	74.5	405	1.02e-47	174
WP_006850380.1	lcl|Q65AB2-3.A.1.121.6	28.6	90.4	97.9	559	3.58e-46	169
WP_006850380.1	lcl|P23212-3.A.1.121.1	30.1	61.3	77.0	389	2.76e-32	129
WP_006850380.1	lcl|Q6MMA8-3.A.1.142.2	34.3	33.1	66.2	198	4.99e-21	93.2
WP_006850380.1	lcl|A9WBR9-3.A.1.32.3	25.5	91.3	92.2	545	5.25e-21	96.3
WP_006850380.1	lcl|EMI14126-3.A.1.128.10	31.3	33.6	85.5	214	5.09e-19	86.3
WP_006850380.1	lcl|P0A9X1-3.A.1.15.5	32.8	32.2	74.1	192	9.40e-18	82.8
WP_006850384.1	lcl|P0C188-3.D.2.2.1	45.7	96.6	98.1	464	1.30e-119	357
WP_006850384.1	lcl|P0AB67-3.D.2.1.1	44.2	98.3	100	475	2.27e-105	321
WP_006850384.1	lcl|Q07600-3.D.2.4.1	48.4	80.3	37.1	384	7.27e-90	294
WP_006850384.1	lcl|Q72GS0-3.D.2.2.2	40.7	98.5	99.8	467	1.25e-88	277
WP_006850384.1	lcl|P11024-3.D.2.3.1	41.9	83.7	36.9	403	5.22e-85	282
WP_006850395.1	lcl|O86994-1.B.23.1.1	35.3	97.1	98.5	546	1.59e-68	229
WP_006850395.1	lcl|G6FN26-1.B.23.1.9	36.9	92.2	90.9	521	6.39e-62	211
WP_006850395.1	lcl|Q59991-1.B.23.1.2	30.7	87.2	87.7	540	3.51e-47	172
WP_006850395.1	lcl|P15730-1.B.23.1.25	30.9	93.1	93.0	540	5.86e-47	171
WP_006850395.1	lcl|E1L471-1.B.23.1.6	30.7	33.8	42.4	199	1.77e-12	68.9
WP_006850395.1	lcl|G9PU91-1.B.23.1.20	33.2	33.7	34.8	184	6.06e-11	64.3
WP_006850395.1	lcl|Q25BZ4-1.B.23.1.24	44.7	15.9	19.4	85	8.65e-10	60.5
WP_006850395.1	lcl|A1HRI2-1.B.23.1.4	28.0	40.3	42.2	211	8.74e-10	60.5
WP_006850395.1	lcl|C9LVF2-1.B.23.1.3	38.6	15.3	17.2	83	2.08e-08	56.2
WP_006850395.1	lcl|D4S693-1.B.23.1.5	40.7	15.9	18.1	86	8.33e-08	54.3
WP_006850395.1	lcl|C9KQR1-1.B.23.1.23	36.6	17.2	21.2	93	1.03e-07	53.9
WP_006850395.1	lcl|G0VLV3-1.B.23.1.10	35.1	17.2	20.9	94	4.28e-07	52.0
WP_006850395.1	lcl|G0VM40-1.B.23.1.18	34.9	15.9	18.1	86	2.37e-06	49.7
WP_006850395.1	lcl|E2ZDM6-1.B.23.1.7	31.4	25.2	28.7	137	1.56e-05	47.0
WP_006850398.1	lcl|BAK19947-3.A.2.1.10	60.9	100	100	317	4.64e-123	355
WP_006850398.1	lcl|P0ABA6-3.A.2.1.1	31.7	99.7	100	315	4.77e-42	146
WP_006850398.1	lcl|P50005-3.A.2.1.5	30.4	99.1	98.7	313	1.45e-40	143
WP_006850398.1	lcl|P29710-3.A.2.1.2	36.1	99.7	100	316	4.85e-40	141
WP_006850398.1	lcl|F8L1Z2-3.A.2.1.6	29.9	98.4	97.6	311	1.26e-36	132
WP_006850398.1	lcl|A1B8N9-3.A.2.1.7	31.3	99.7	100	320	1.38e-36	132
WP_006850398.1	lcl|P09222-3.A.2.1.14	26.0	99.7	98.6	315	3.15e-29	112
WP_006850398.1	lcl|Q4LDE7-3.A.2.1.11	27.4	99.4	87.4	325	1.28e-22	95.5
WP_006850398.1	lcl|P36542-3.A.2.1.15	28.1	99.7	91.6	317	4.80e-22	93.6
WP_006850398.1	lcl|Q22Z05-3.A.2.1.4	27.8	99.4	92.3	320	8.12e-17	79.0
WP_006850398.1	lcl|P38077-3.A.2.1.3	22.6	99.7	89.4	323	1.95e-13	69.3
WP_006850398.1	lcl|Q8I6T7-3.A.2.1.16	22.9	99.1	90.7	323	6.17e-10	58.9
WP_006850398.1	lcl|BAK19939-3.A.2.1.9	23.7	98.4	96.7	325	5.06e-06	47.0
WP_006850402.1	lcl|Q55496-2.A.38.4.5	42.7	93.2	94.3	218	7.17e-49	159
WP_006850402.1	lcl|P39760-2.A.38.4.4	35.2	92.3	95.5	216	5.23e-41	139
WP_006850402.1	lcl|G8V089-2.A.38.4.6	34.6	92.7	96.4	217	4.47e-39	134
WP_006850402.1	lcl|O87952-2.A.38.4.2	36.5	90.2	93.6	211	9.52e-31	112
WP_006850402.1	lcl|O32080-2.A.38.4.3	30.5	91.0	93.7	213	1.98e-30	112
WP_006850402.1	lcl|Q58752-1.A.1.13.10	24.3	91.5	65.0	226	5.51e-09	55.1
WP_006850402.1	lcl|E8QNY4-1.A.1.13.9	29.1	46.2	31.0	117	9.94e-05	42.4
WP_006850415.1	lcl|O86994-1.B.23.1.1	35.5	99.8	99.6	544	5.43e-72	237
WP_006850415.1	lcl|G6FN26-1.B.23.1.9	36.3	93.2	90.9	510	3.86e-60	206
WP_006850415.1	lcl|Q59991-1.B.23.1.2	30.0	92.2	90.6	543	8.49e-43	159
WP_006850415.1	lcl|P15730-1.B.23.1.25	28.1	94.2	93.0	519	3.87e-42	157
WP_006850415.1	lcl|E1L471-1.B.23.1.6	34.0	30.2	30.4	159	2.21e-13	71.6
WP_006850415.1	lcl|G9PU91-1.B.23.1.20	30.9	34.8	35.6	181	1.36e-11	66.2
WP_006850415.1	lcl|Q25BZ4-1.B.23.1.24	44.7	16.6	19.4	85	8.00e-10	60.5
WP_006850415.1	lcl|A1HRI2-1.B.23.1.4	30.1	39.0	42.0	196	1.07e-09	60.1
WP_006850415.1	lcl|G0VLV3-1.B.23.1.10	23.8	81.0	92.1	441	2.55e-09	58.9
WP_006850415.1	lcl|C9KQR1-1.B.23.1.23	33.9	22.8	27.7	121	1.01e-08	57.0
WP_006850415.1	lcl|C9LVF2-1.B.23.1.3	38.6	16.0	17.2	83	1.93e-08	56.2
WP_006850415.1	lcl|D4S693-1.B.23.1.5	35.7	21.2	24.3	115	3.34e-08	55.5
WP_006850415.1	lcl|G0VM40-1.B.23.1.18	34.9	20.6	20.9	106	1.67e-06	50.1
WP_006850415.1	lcl|E2ZDM6-1.B.23.1.7	36.1	18.4	22.5	97	6.30e-06	48.1
WP_006850426.1	lcl|RZD32576-1.A.115.1.2	27.6	48.9	54.8	156	1.40e-04	42.4
WP_006850440.1	lcl|Q5G3M3-3.A.7.19.1	36.0	85.6	73.3	111	4.94e-18	74.3
WP_006850440.1	lcl|Q07715-3.A.7.7.1	28.1	98.4	99.2	135	2.38e-10	53.9
WP_006850445.1	lcl|O74887-8.A.147.1.1	30.6	97.4	81.8	157	4.58e-12	60.5
WP_006850445.1	lcl|P30041-8.A.147.1.3	28.2	66.2	49.1	110	7.02e-07	46.6
WP_006850449.1	lcl|UOW74469.1-3.A.15.4.2	36.5	86.3	90.0	63	3.29e-06	40.0
WP_006850450.1	lcl|Q55280-3.A.1.15.1	53.9	87.1	82.1	271	2.31e-105	310
WP_006850450.1	lcl|Q9XCS2-3.A.1.15.7	48.5	96.8	97.0	301	7.58e-98	290
WP_006850450.1	lcl|Q56952-3.A.1.15.4	47.1	94.5	95.5	297	3.18e-93	278
WP_006850450.1	lcl|Q92LL5-3.A.1.15.9	47.6	95.2	96.0	296	9.27e-93	277
WP_006850450.1	lcl|Q4V0W6-3.A.1.15.21	29.7	93.9	96.5	300	9.75e-55	180
WP_006850450.1	lcl|P0A4G2-3.A.1.15.14	30.0	94.2	97.1	300	2.59e-54	179
WP_006850450.1	lcl|P42364-3.A.1.15.2	29.9	94.2	97.1	301	9.86e-51	169
WP_006850450.1	lcl|Q9KIJ3-3.A.1.15.20	29.4	95.8	99.0	306	9.72e-50	167
WP_006850450.1	lcl|P0A4G4-3.A.1.15.6	30.1	95.8	98.7	306	2.14e-49	166
WP_006850450.1	lcl|A1B2F3-3.A.1.15.19	35.6	85.5	90.0	278	5.80e-49	165
WP_006850450.1	lcl|G0LRW7-3.A.1.15.15	29.2	92.6	96.4	298	4.89e-47	160
WP_006850450.1	lcl|P96116-3.A.1.15.8	29.5	87.5	89.9	278	4.03e-33	123
WP_006850450.1	lcl|Q5FA63-3.A.1.15.10	26.1	93.6	97.7	310	8.06e-32	120
WP_006850450.1	lcl|O05703-3.A.1.15.3	25.0	96.1	61.3	312	1.03e-28	114
WP_006850450.1	lcl|B2J0B7-3.A.1.15.13	27.2	87.1	83.3	276	1.73e-28	111
WP_006850450.1	lcl|B2IWS9-3.A.1.15.13	29.1	71.4	68.5	234	9.44e-26	104
WP_006850450.1	lcl|O34966-3.A.1.15.11	25.2	92.0	94.0	302	1.83e-24	100
WP_006850450.1	lcl|Q8DQ09-3.A.1.15.3	24.7	94.2	95.2	304	3.37e-20	88.6
WP_006850450.1	lcl|Q3Y4D4-3.A.1.15.12	25.4	78.1	78.5	260	1.29e-18	84.3
WP_006850450.1	lcl|Q6MI09-3.A.1.15.17	22.0	92.9	98.6	304	8.04e-12	64.3
WP_006850450.1	lcl|P39172-3.A.1.15.5	19.9	74.9	80.3	251	1.15e-07	52.0
WP_006850450.1	lcl|Q66AT6-3.A.1.15.18	20.9	68.5	74.5	239	3.80e-07	50.4
WP_006850450.1	lcl|AID56185-3.A.1.15.16	25.3	52.1	49.6	186	9.81e-07	49.3
WP_006850456.1	lcl|Q8PW04-2.A.88.8.4	34.7	75.0	78.6	190	4.83e-26	101
WP_006850456.1	lcl|B2FPS5-2.A.88.8.5	27.7	68.7	74.7	195	4.94e-18	80.5
WP_006850456.1	lcl|P54163-2.A.88.8.2	31.0	53.2	60.7	142	5.60e-12	63.2
WP_006850456.1	lcl|G4P330-2.A.88.8.3	31.0	53.2	60.7	142	7.66e-12	62.8
WP_006850456.1	lcl|D3QD12-2.A.88.8.1	25.7	67.1	68.8	171	2.84e-11	61.2
WP_006850458.1	lcl|B1VCG0-2.A.51.1.7	50.3	93.4	94.1	368	7.86e-114	337
WP_006850458.1	lcl|RPG75518.1-2.A.51.1.8	41.2	99.5	98.3	417	4.66e-80	251
WP_006850458.1	lcl|GAQ86165.1-2.A.51.1.12	29.9	86.8	73.3	381	7.39e-44	159
WP_006850458.1	lcl|KAE9125137.1-2.A.51.1.10	28.7	95.9	39.2	394	5.36e-43	160
WP_006850458.1	lcl|XP_961667.3-2.A.51.1.9	25.3	95.7	85.9	490	1.61e-28	116
WP_006850458.1	lcl|P14285-2.A.51.1.3	29.4	99.0	93.0	408	3.05e-28	114
WP_006850458.1	lcl|Q55027-2.A.51.1.2	25.2	97.5	94.9	416	6.62e-26	107
WP_006850458.1	lcl|P17551-2.A.51.1.1	26.4	98.0	92.0	390	3.46e-25	105
WP_006850458.1	lcl|A0L3E7-2.A.51.1.4	26.6	98.5	94.7	440	1.98e-24	103
WP_006850458.1	lcl|Q73LW8-2.A.51.1.6	30.6	39.8	79.5	160	7.55e-16	75.1
WP_006850458.1	lcl|O05216-2.A.51.1.5	30.2	40.9	82.2	172	8.78e-09	54.7
WP_006850458.1	lcl|Q73LW9-2.A.51.1.6	28.1	24.4	50.8	96	2.84e-04	41.2
WP_006850470.1	lcl|WP_203961615.1-8.A.162.1.4	35.2	84.8	83.7	196	1.25e-20	85.9
WP_006850470.1	lcl|KAF4589549.1-9.B.418.1.7	28.5	69.7	17.0	151	7.88e-11	60.5
WP_006850470.1	lcl|OYU68696.1-8.A.162.1.8	32.7	44.5	45.4	98	6.08e-08	50.8
WP_006850481.1	lcl|Q07914-3.A.8.1.1	38.3	52.6	35.1	60	6.73e-07	45.1
WP_006850481.1	lcl|A2DFA6-3.A.8.1.2	38.6	50.0	47.0	57	2.49e-06	42.7
WP_006850481.1	lcl|Q9UGP8-3.A.5.9.1	41.5	36.0	5.4	41	1.44e-04	39.3
WP_006850487.1	lcl|P77735-8.A.5.1.6	25.7	81.1	84.0	284	3.07e-11	63.2
WP_006850487.1	lcl|P80874-8.A.5.1.4	26.3	87.6	87.3	312	4.47e-10	59.7
WP_006850487.1	lcl|P0A9T4-8.A.5.1.5	27.1	85.8	93.4	347	4.92e-08	53.5
WP_006850490.1	lcl|C9VRY8-2.A.86.1.5	27.3	83.4	46.4	311	7.19e-15	75.5
WP_006850490.1	lcl|Q04454-2.A.86.1.3	24.2	67.9	66.2	265	2.49e-05	45.4
WP_006850491.1	lcl|P0A3X7-3.D.3.5.6	38.6	80.8	82.0	101	3.44e-16	68.6
WP_006850496.1	lcl|D0J5M8-2.A.1.86.5	33.0	76.8	41.5	218	1.55e-29	116
WP_006850501.1	lcl|I6YB99-1.C.109.1.4	52.4	92.2	90.7	250	1.34e-70	218
WP_006850501.1	lcl|Q9S218-1.C.109.1.2	49.4	97.8	97.4	269	1.68e-69	215
WP_006850501.1	lcl|J8IXD8-1.C.109.1.5	46.0	91.8	87.8	250	7.09e-65	203
WP_006850501.1	lcl|Q06803-1.C.109.1.1	38.1	89.2	97.5	239	2.30e-44	149
WP_006850501.1	lcl|Q0PAS9-1.C.109.1.3	36.4	68.3	68.8	184	4.60e-23	94.4
WP_006850501.1	lcl|C7BYV0-1.C.109.1.6	32.8	89.6	97.4	241	1.69e-22	92.4
WP_006850513.1	lcl|Q9W3H7-8.A.24.1.8	27.3	91.9	19.6	172	2.17e-16	75.9
WP_006850513.1	lcl|Q86UL8-8.A.24.1.6	29.7	49.2	6.6	101	1.37e-06	47.4
WP_006850514.1	lcl|P0A4H1-3.A.5.4.1	66.9	99.8	99.8	441	1.81e-198	556
WP_006850514.1	lcl|Q38885-3.A.5.4.2	44.0	94.1	73.3	414	1.53e-100	310
WP_006850514.1	lcl|Q6MJ32-3.A.5.1.3	41.1	96.6	96.8	436	1.85e-98	301
WP_006850514.1	lcl|P0AGA2-3.A.5.1.1	42.7	94.5	93.9	424	1.06e-94	291
WP_006850514.1	lcl|Q9X1I9-3.A.5.1.4	39.1	95.0	95.6	427	1.25e-86	270
WP_006850514.1	lcl|P0A5Z2-3.A.5.2.2	37.8	94.5	97.1	437	2.34e-86	270
WP_006850514.1	lcl|P46249-3.A.5.5.1	36.8	94.3	98.3	416	2.89e-82	258
WP_006850514.1	lcl|P16336-3.A.5.2.1	36.5	94.5	96.8	427	3.54e-79	251
WP_006850514.1	lcl|P10250-3.A.5.3.1	32.7	97.9	91.7	456	7.32e-70	228
WP_006850514.1	lcl|P25014-3.A.5.6.1	32.7	92.0	84.3	422	2.21e-60	204
WP_006850514.1	lcl|F4IQV7-3.A.5.4.2	30.3	92.0	71.1	422	2.66e-44	162
WP_006850514.1	lcl|Q9AEU0-3.A.5.10.1	22.2	94.5	98.3	424	6.39e-23	99.8
WP_006850514.1	lcl|P28542-3.A.5.7.1	22.2	89.3	89.5	469	6.92e-05	44.7
WP_006850520.1	lcl|T2K7M7-3.D.7.2.3	39.6	36.4	13.3	48	2.07e-04	39.3
WP_006850537.1	lcl|Q6US85-3.D.12.1.1	23.0	78.7	77.6	348	5.42e-06	47.8
WP_006850546.1	lcl|Q9C5J8-1.B.33.2.2	24.9	91.3	78.0	688	1.56e-45	173
WP_006850546.1	lcl|C9LSC3-1.B.33.2.3	23.3	87.1	81.3	644	4.69e-31	129
WP_006850546.1	lcl|GAQ84256.1-1.B.33.2.6	24.6	90.7	79.4	708	4.04e-30	126
WP_006850546.1	lcl|WP_285055914.1-1.B.33.2.8	22.6	87.7	80.9	660	7.99e-29	122
WP_006850546.1	lcl|Q43715-1.B.33.2.1	23.1	71.3	57.0	545	4.37e-21	98.2
WP_006850546.1	lcl|Q9a711-1.B.33.1.4	27.4	19.6	18.9	146	1.17e-08	58.2
WP_006850546.1	lcl|WP_073164657.1-1.B.33.1.6	28.8	15.5	19.1	125	1.01e-05	48.5
WP_006850546.1	lcl|P0A943-1.B.33.1.3	22.2	30.7	27.9	239	5.11e-04	43.1
WP_006850553.1	lcl|AAZ57802-3.A.1.7.6	60.1	94.4	95.1	291	1.02e-113	330
WP_006850553.1	lcl|C3KCB6-3.A.1.7.3	45.6	89.8	90.9	274	1.02e-67	213
WP_006850553.1	lcl|P07654-3.A.1.7.1	41.1	90.2	89.9	275	3.52e-59	191
WP_006850553.1	lcl|Q7WTY6-3.A.1.7.2	31.9	92.8	91.9	301	6.80e-33	122
WP_006850553.1	lcl|O51235-3.A.1.7.5	29.0	80.3	48.3	245	9.21e-25	103
WP_006850553.1	lcl|P0A627-3.A.1.7.4	32.3	73.4	73.1	229	1.14e-22	95.1
WP_006850553.1	lcl|O51234-3.A.1.7.5	28.3	76.4	77.2	240	1.10e-21	92.4
WP_006850553.1	lcl|AAZ57803-3.A.1.7.6	29.6	87.2	87.7	284	1.88e-21	92.0
WP_006850553.1	lcl|P0AGH8-3.A.1.7.1	30.5	49.8	54.2	174	3.36e-13	68.6
WP_006850553.1	lcl|Q7WTY7-3.A.1.7.2	29.8	42.0	42.2	151	4.01e-07	50.4
WP_006850553.1	lcl|Q8TJ86-3.A.1.8.2	30.9	52.8	63.1	162	2.28e-06	47.4
WP_006850553.1	lcl|P26246-3.A.1.6.12	27.4	44.3	42.0	135	1.93e-04	42.0
WP_006850553.1	lcl|Q8U4S4-3.A.1.12.9	27.8	43.6	44.0	133	3.32e-04	41.2
WP_006850557.1	lcl|Q8GHI3-9.B.29.2.7	25.5	34.1	47.2	137	8.69e-04	40.4
WP_006850573.1	lcl|WP_087280510.1-2.A.128.2.3	23.9	59.9	40.8	305	4.02e-09	58.5
WP_006850578.1	lcl|G0FY34-9.B.149.1.2	31.5	86.9	94.3	387	3.92e-32	125
WP_006850578.1	lcl|B1W2Z9-9.B.149.1.1	36.2	44.0	49.3	188	9.32e-25	104
WP_006850578.1	lcl|F8D414-3.A.1.105.12	26.8	88.6	97.4	403	1.40e-17	83.6
WP_006850578.1	lcl|P26937-9.B.149.1.13	32.3	28.1	41.7	124	7.59e-04	40.8
WP_006850583.1	lcl|P75797-3.A.1.5.11	26.8	86.1	87.3	473	2.43e-30	124
WP_006850583.1	lcl|P33590-3.A.1.5.3	26.0	68.7	72.7	392	4.11e-23	102
WP_006850583.1	lcl|W0WKZ8-3.A.1.5.39	25.3	74.3	77.1	434	4.28e-20	93.2
WP_006850583.1	lcl|Q47622-3.A.1.5.42	24.0	88.7	88.5	513	4.51e-20	93.2
WP_006850583.1	lcl|P23843-3.A.1.5.41	23.0	83.9	84.9	482	7.87e-20	92.4
WP_006850583.1	lcl|G8V0I4-3.A.1.5.33	23.2	85.4	87.8	488	2.38e-19	90.9
WP_006850583.1	lcl|P33950-3.A.1.5.27	25.9	67.0	69.5	401	2.50e-19	90.9
WP_006850583.1	lcl|Q2FVE7-3.A.1.5.43	23.2	85.4	87.8	488	3.16e-19	90.5
WP_006850583.1	lcl|Q46863-3.A.1.5.41	23.4	83.3	85.2	479	4.24e-19	90.1
WP_006850583.1	lcl|P36634-3.A.1.5.5	24.6	80.6	81.2	472	5.90e-19	89.7
WP_006850583.1	lcl|P77348-3.A.1.5.1	23.7	73.5	76.7	427	1.00e-18	89.0
WP_006850583.1	lcl|P77348-3.A.1.5.41	23.7	73.5	76.7	427	1.00e-18	89.0
WP_006850583.1	lcl|W0WJ85-3.A.1.5.39	24.4	75.6	80.5	450	4.11e-18	87.0
WP_006850583.1	lcl|Q9X268-3.A.1.5.15	26.3	53.1	47.8	312	1.62e-17	85.5
WP_006850583.1	lcl|P06202-3.A.1.5.1	24.3	63.3	66.9	370	4.10e-17	84.0
WP_006850583.1	lcl|Q5V9S2-3.A.1.5.22	21.0	73.0	75.9	428	1.46e-13	72.8
WP_006850583.1	lcl|O54584-3.A.1.5.18	23.6	80.0	82.2	462	2.48e-13	72.0
WP_006850583.1	lcl|W0WL02-3.A.1.5.39	24.6	78.3	82.1	456	3.31e-13	71.6
WP_006850583.1	lcl|O51307-3.A.1.5.18	22.6	72.2	75.4	416	1.78e-12	69.3
WP_006850583.1	lcl|Q7VJ33-3.A.1.5.40	22.6	85.6	90.6	487	4.05e-12	68.2
WP_006850583.1	lcl|O50927-3.A.1.5.18	22.4	79.1	81.1	464	2.21e-11	65.9
WP_006850583.1	lcl|P26906-3.A.1.5.2	22.2	71.1	73.8	419	3.96e-11	65.1
WP_006850583.1	lcl|Q52012-3.A.1.5.4	26.3	57.4	59.5	331	8.83e-11	63.9
WP_006850583.1	lcl|Q0P844-3.A.1.5.28	22.8	73.1	76.1	412	1.52e-10	63.2
WP_006850583.1	lcl|Q2FZR3-3.A.1.5.19	20.5	71.5	73.9	419	3.21e-08	55.8
WP_006850599.1	lcl|Q9KDT3-2.A.22.5.3	36.9	95.7	94.7	439	2.41e-66	218
WP_006850599.1	lcl|Q58715-2.A.22.5.1	28.5	93.2	86.0	431	1.43e-36	139
WP_006850599.1	lcl|Q8E9E5-2.A.22.5.5	31.2	82.5	81.7	381	5.75e-36	137
WP_006850599.1	lcl|O50649-2.A.22.4.1	27.0	95.7	87.2	445	1.33e-31	125
WP_006850599.1	lcl|Q8NRL8-2.A.22.4.3	28.5	91.8	71.8	425	1.30e-26	112
WP_006850599.1	lcl|Q8RHM5-2.A.22.5.2	27.1	98.4	97.9	442	3.09e-26	109
WP_006850599.1	lcl|O67854-2.A.22.4.2	25.1	99.5	91.6	471	1.53e-24	105
WP_006850599.1	lcl|Q9VR07-2.A.22.3.12	26.0	75.6	39.4	385	3.03e-14	74.7
WP_006850599.1	lcl|Q9W4C5-2.A.22.2.13	23.7	81.5	65.7	430	4.20e-13	70.9
WP_006850599.1	lcl|Q6VS78-2.A.22.2.8	23.1	71.8	53.2	364	1.28e-11	66.2
WP_006850599.1	lcl|P48065-2.A.22.3.1	22.8	95.2	76.1	474	8.66e-11	63.5
WP_006850599.1	lcl|P48066-2.A.22.3.9	22.2	90.9	71.5	463	1.17e-10	63.2
WP_006850599.1	lcl|O76188-2.A.22.2.5	24.9	73.1	56.9	373	1.55e-10	62.8
WP_006850599.1	lcl|Q8BWA7-2.A.22.3.7	22.2	90.9	72.1	463	2.04e-10	62.4
WP_006850599.1	lcl|P31649-2.A.22.3.8	23.8	66.1	55.1	340	2.63e-10	62.0
WP_006850599.1	lcl|Q9U5A9-2.A.22.2.4	25.0	73.1	57.0	368	1.46e-09	59.7
WP_006850599.1	lcl|B2ZXL8-2.A.22.2.9	23.6	75.6	59.7	381	1.92e-09	59.3
WP_006850599.1	lcl|Q03614-2.A.22.1.4	23.1	67.7	57.9	364	1.35e-08	56.6
WP_006850599.1	lcl|P30531-2.A.22.3.2	22.5	75.9	61.4	378	1.76e-08	56.2
WP_006850599.1	lcl|P51905-2.A.22.1.9	24.1	81.5	64.3	406	1.79e-08	56.2
WP_006850599.1	lcl|Q01959-2.A.22.1.3	23.2	75.9	61.0	383	5.48e-08	54.7
WP_006850599.1	lcl|P23975-2.A.22.1.2	23.2	75.6	61.3	384	1.26e-07	53.5
WP_006850599.1	lcl|Q9H2J7-2.A.22.6.7	22.5	60.8	40.4	302	1.35e-07	53.5
WP_006850599.1	lcl|Q9NSD5-2.A.22.3.10	22.9	66.1	55.1	345	1.65e-07	53.1
WP_006850599.1	lcl|Q7K4Y6-2.A.22.1.7	25.9	56.9	40.1	263	5.14e-07	51.6
WP_006850609.1	lcl|Q9WZ49-3.A.29.1.7	47.2	89.8	88.2	549	9.47e-155	457
WP_006850609.1	lcl|P0AAI3-3.A.29.1.5	44.9	94.2	87.1	570	1.73e-152	452
WP_006850609.1	lcl|ALM13868-3.A.29.1.6	48.1	84.3	79.4	513	1.25e-141	424
WP_006850609.1	lcl|B7J0N5-3.A.29.1.8	46.5	78.0	72.5	469	2.20e-130	395
WP_006850609.1	lcl|O67077-3.A.29.1.4	48.6	77.0	73.0	469	3.66e-127	387
WP_006850609.1	lcl|Q9N3T5-3.A.29.1.2	46.3	77.1	58.3	471	1.47e-121	377
WP_006850609.1	lcl|P40341-3.A.29.1.1	43.0	81.0	58.4	495	2.23e-116	365
WP_006850609.1	lcl|P39925-3.A.29.1.1	45.0	75.5	59.3	464	9.68e-112	351
WP_006850609.1	lcl|P54813-3.A.29.1.2	42.3	76.5	62.4	463	1.09e-106	337
WP_006850609.1	lcl|P32795-3.A.29.1.1	41.1	79.1	59.8	479	2.22e-104	331
WP_006850609.1	lcl|8XQX_F-3.A.9.1.4	41.1	73.3	43.9	455	1.54e-90	300
WP_006850609.1	lcl|8XQX_E-3.A.9.1.4	37.1	77.5	50.5	501	2.03e-84	283
WP_006850609.1	lcl|8XQX_B-3.A.9.1.4	36.2	69.9	39.7	445	2.18e-74	257
WP_006850609.1	lcl|8XQX_C-3.A.9.1.4	36.2	69.9	39.7	445	2.18e-74	257
WP_006850609.1	lcl|8XQX_A-3.A.9.1.4	37.3	75.0	41.0	499	5.93e-69	242
WP_006850609.1	lcl|P55072-3.A.16.1.1	41.6	38.7	28.9	233	2.47e-54	197
WP_006850609.1	lcl|B7G1T3-3.A.25.1.1	41.8	38.6	24.9	232	3.48e-51	189
WP_006850609.1	lcl|P25694-3.A.16.1.2	37.9	43.4	31.6	264	4.49e-50	185
WP_006850609.1	lcl|P46468-3.A.25.2.1	41.6	36.4	17.7	219	8.60e-50	186
WP_006850609.1	lcl|P54609-3.A.16.1.5	41.0	37.9	28.3	229	9.48e-50	184
WP_006850609.1	lcl|C6KT34-3.A.16.1.3	41.0	36.9	26.8	222	1.08e-49	184
WP_006850609.1	lcl|Q9ZPR1-3.A.16.1.5	40.8	39.4	39.5	238	3.84e-47	174
WP_006850609.1	lcl|Q9SS94-3.A.16.1.5	41.9	36.7	26.6	222	1.04e-41	160
WP_006850609.1	lcl|O43933-3.A.20.1.1	40.2	38.9	18.0	234	8.02e-41	159
WP_006850609.1	lcl|P33760-3.A.20.1.5	40.4	36.7	21.6	225	5.46e-39	153
WP_006850623.1	lcl|WP_156573833.1-9.B.391.1.2	30.2	83.7	64.2	212	6.06e-17	77.0
WP_006850623.1	lcl|P00803-9.B.391.1.3	28.1	85.5	70.4	242	2.44e-13	67.4
WP_006850623.1	lcl|P28627-9.B.391.1.1	36.5	46.2	46.3	104	8.76e-07	47.4
WP_006850623.1	lcl|P46972-9.B.391.1.1	40.8	22.2	26.0	49	6.48e-04	38.9
WP_006850628.1	lcl|P74757-3.A.1.141.1	52.6	87.0	98.3	230	1.64e-71	218
WP_006850628.1	lcl|Q8R6Q6-3.A.1.141.2	21.3	84.0	85.2	221	1.61e-11	62.4
WP_006850641.1	lcl|AAX46970-3.A.1.7.6	71.1	87.5	91.6	294	1.16e-148	421
WP_006850641.1	lcl|P0AG82-3.A.1.7.1	32.6	86.9	87.9	307	2.35e-40	144
WP_006850641.1	lcl|Q7WTY8-3.A.1.7.2	29.5	81.2	78.8	295	4.99e-26	106
WP_006850643.1	lcl|Q0ZAI3-2.A.19.5.2	36.6	85.0	97.5	314	1.73e-48	166
WP_006850643.1	lcl|P45394-2.A.19.5.1	33.9	85.2	96.0	316	6.31e-46	159
WP_006850643.1	lcl|Q57556-2.A.19.5.3	33.6	82.8	94.4	304	2.96e-36	133
WP_006850643.1	lcl|Q8TPA6-2.A.19.5.4	29.0	83.9	96.3	341	1.51e-30	119
WP_006850643.1	lcl|C3ZMW2-2.A.19.4.12	21.2	80.3	23.5	364	2.30e-11	65.1
WP_006850643.1	lcl|Q9UI40-2.A.19.4.11	30.9	37.7	21.6	149	7.49e-11	63.2
WP_006850643.1	lcl|O54701-2.A.19.4.2	30.2	37.7	21.3	149	4.16e-10	60.8
WP_006850643.1	lcl|Q28139-2.A.19.4.1	32.0	32.0	10.0	128	2.05e-09	58.9
WP_006850643.1	lcl|O60721-2.A.19.4.9	30.5	32.0	11.1	128	8.24e-09	57.0
WP_006850643.1	lcl|Q8NFF2-2.A.19.4.5	27.1	32.0	20.3	129	4.92e-08	54.3
WP_006850643.1	lcl|Q9HC58-2.A.19.4.10	29.2	30.9	17.2	113	6.38e-07	50.8
WP_006850643.1	lcl|Q8T8P0-2.A.19.4.3	33.6	30.9	16.9	113	1.49e-06	49.7
WP_006850643.1	lcl|Q71RS6-2.A.19.4.6	28.9	30.9	22.2	114	1.68e-05	46.2
WP_006850643.1	lcl|O04034-2.A.19.4.8	26.5	35.0	24.5	136	1.75e-05	46.2
WP_006850643.1	lcl|F0XY52-2.A.19.4.13	23.3	32.0	20.7	129	1.83e-05	46.2
WP_006850643.1	lcl|O59940-2.A.19.2.8	24.9	67.5	52.1	261	2.00e-04	42.7
WP_006850649.1	lcl|Q7A2B0-3.A.1.114.1	39.7	45.6	28.7	136	5.68e-25	103
WP_006850649.1	lcl|Q8YPB8-3.A.1.114.2	24.9	95.6	93.3	410	7.98e-20	88.6
WP_006850649.1	lcl|L8NGR5-2.A.6.3.8	22.7	82.2	68.4	260	5.19e-04	40.8
WP_006850651.1	lcl|Q02028-3.A.9.1.1	24.7	62.0	44.5	348	2.56e-11	65.9
WP_006850651.1	lcl|P44669-9.A.41.1.1	26.4	48.1	35.9	254	4.12e-11	65.1
WP_006850651.1	lcl|G4NXA5-1.A.33.1.4	25.2	70.4	57.6	397	1.07e-08	57.4
WP_006850651.1	lcl|P22953-1.A.33.1.1	26.9	59.0	46.7	331	2.32e-07	53.1
WP_006850651.1	lcl|P10591-3.A.16.1.6	25.8	48.1	36.6	260	2.54e-05	46.6
WP_006850651.1	lcl|P0A9X4-9.B.157.1.3	34.7	13.4	20.7	72	3.11e-05	45.8
WP_006850651.1	lcl|P11021-1.A.33.1.5	24.8	48.1	35.9	258	7.71e-05	45.1
WP_006850651.1	lcl|Q8F2L2-9.B.157.1.4	23.2	47.3	64.7	259	2.91e-04	42.7
WP_006850651.1	lcl|O33619-9.B.157.1.5	25.0	47.5	64.6	264	5.12e-04	42.0
WP_006850653.1	lcl|Q9XIA9-4.C.1.1.14	26.5	88.9	84.7	599	8.87e-42	160
WP_006850653.1	lcl|P39518-4.C.1.1.15	24.9	87.1	76.5	599	7.38e-31	128
WP_006850653.1	lcl|O60488-4.C.1.1.21	22.9	91.2	82.0	617	1.16e-28	121
WP_006850653.1	lcl|P69451-4.C.1.1.4	26.9	75.2	78.6	510	4.60e-27	115
WP_006850653.1	lcl|P31552-4.C.1.1.6	25.8	78.8	85.5	516	6.36e-24	105
WP_006850653.1	lcl|Q42524-4.C.1.1.7	26.1	73.9	74.7	486	1.08e-23	105
WP_006850653.1	lcl|Q89SS6-2.A.1.42.2	26.9	48.4	21.0	308	6.27e-17	84.7
WP_006850653.1	lcl|KAB2105161.1-4.C.1.1.18	22.3	77.1	27.0	521	5.65e-10	62.4
WP_006850653.1	lcl|P31119-4.C.1.1.16	32.8	16.8	15.4	116	5.83e-10	62.0
WP_006850653.1	lcl|G4N137-4.C.1.1.19	22.5	76.9	24.2	506	1.35e-07	54.7
WP_006850653.1	lcl|Q6PCB7-4.C.1.1.9	28.1	29.7	29.9	203	1.80e-07	53.9
WP_006850653.1	lcl|Q91VE0-4.C.1.1.1	25.1	29.4	29.5	191	4.42e-05	46.2
WP_006850653.1	lcl|Q6P1M0-4.C.1.1.10	24.9	29.4	29.5	193	1.33e-04	44.7
WP_006850653.1	lcl|O14975-4.C.1.1.5	25.1	29.7	31.1	199	8.98e-04	42.0
WP_006850655.1	lcl|WP_018128393.1-9.B.238.3.1	29.6	56.9	39.8	233	1.15e-21	96.3
WP_006850655.1	lcl|AIE75112-9.B.238.3.6	25.1	57.7	36.6	235	4.43e-20	91.7
WP_006850655.1	lcl|MAS05117.1-9.B.34.1.7	31.8	54.8	26.8	217	3.93e-19	89.0
WP_006850655.1	lcl|PJA07603.1-9.B.259.2.3	26.4	63.7	30.7	250	7.09e-19	88.2
WP_006850655.1	lcl|WP_064329934.1-9.B.238.3.2	28.2	54.8	42.7	220	1.66e-17	83.6
WP_006850655.1	lcl|GIM07801.1-3.E.1.5.3	28.5	59.3	10.6	235	2.26e-17	84.0
WP_006850655.1	lcl|Q93N33-2.A.21.9.2	30.2	65.3	22.0	265	1.51e-16	81.3
WP_006850655.1	lcl|OHA58142.1-9.B.259.2.2	26.6	60.8	33.6	248	7.08e-14	72.8
WP_006850655.1	lcl|Q9HV74-2.A.21.9.1	27.5	60.1	23.5	240	9.46e-10	60.1
WP_006850655.1	lcl|Q9C5U0-9.B.238.3.7	23.0	57.2	26.6	291	1.28e-09	59.7
WP_006850655.1	lcl|WP_161837784-9.B.238.3.3	23.3	51.7	26.0	202	3.40e-08	55.1
WP_006850657.1	lcl|P0AEH1-9.B.149.2.3	28.1	95.0	96.9	442	1.21e-31	123
WP_006850657.1	lcl|akm78054-9.B.149.2.2	29.4	95.0	96.8	354	1.41e-26	107
WP_006850657.1	lcl|O31754-9.B.149.2.1	26.2	97.2	98.6	432	1.99e-23	100
WP_006850660.1	lcl|P75028-9.B.73.1.2	47.5	67.5	59.3	261	1.12e-68	222
WP_006850660.1	lcl|Q37050-9.B.73.1.1	40.6	36.1	27.6	138	9.12e-27	110
WP_006850673.1	lcl|Q8L4R0-3.A.1.27.2	39.9	93.6	66.6	233	4.34e-50	167
WP_006850673.1	lcl|A4PCH7-3.A.1.27.1	34.5	92.0	75.3	238	6.17e-27	105
WP_006850673.1	lcl|P64606-3.A.1.27.3	27.8	98.0	94.2	245	1.73e-24	97.8
WP_006850673.1	lcl|O53546-3.A.1.27.5	30.0	85.5	83.9	213	1.61e-19	84.3
WP_006850673.1	lcl|Q0S7K4-3.A.1.27.4	25.9	96.0	94.1	239	1.53e-17	79.0
WP_006850673.1	lcl|Q0S7K3-3.A.1.27.4	24.2	98.4	90.1	256	2.63e-10	58.9
WP_006850673.1	lcl|O53545-3.A.1.27.5	26.8	65.5	58.2	164	7.21e-09	54.7
WP_006850675.1	lcl|Q8KPP3-3.E.2.2.1	66.7	95.1	94.0	78	1.51e-37	120
WP_006850675.1	lcl|Q3ZVB1-3.E.2.2.3	53.1	59.8	89.1	49	5.99e-14	59.7
WP_006850686.1	lcl|P48243-3.A.1.3.9	59.1	93.9	95.0	232	4.31e-88	260
WP_006850686.1	lcl|Q52815-3.A.1.3.8	55.1	99.2	94.2	245	8.77e-84	250
WP_006850686.1	lcl|P0AAG3-3.A.1.3.4	56.3	92.7	94.2	229	1.20e-82	246
WP_006850686.1	lcl|Q52666-3.A.1.3.7	54.7	98.4	91.3	243	2.46e-82	246
WP_006850686.1	lcl|P45769-3.A.1.3.26	55.1	95.5	92.5	236	1.61e-80	241
WP_006850686.1	lcl|Q9I405-3.A.1.3.22	58.0	90.7	91.8	226	7.11e-80	239
WP_006850686.1	lcl|Q9F3K7-3.A.1.3.24	50.6	99.2	99.6	253	5.44e-79	238
WP_006850686.1	lcl|P54537-3.A.1.3.15	50.0	96.4	97.9	238	2.90e-78	235
WP_006850686.1	lcl|P73721-3.A.1.3.12	50.8	99.2	97.6	246	9.84e-77	232
WP_006850686.1	lcl|Q88NY5-3.A.1.3.19	54.6	91.9	88.7	229	5.16e-75	228
WP_006850686.1	lcl|P37774-3.A.1.3.10	50.2	96.8	96.8	243	8.57e-75	227
WP_006850686.1	lcl|Q9CES4-3.A.1.3.25	47.7	97.6	96.4	241	1.79e-73	223
WP_006850686.1	lcl|P10346-3.A.1.3.2	50.4	90.7	92.5	224	6.63e-72	219
WP_006850686.1	lcl|A3ZI83-3.A.1.3.16	50.2	93.9	95.0	233	1.42e-71	218
WP_006850686.1	lcl|P39456-3.A.1.3.14	48.3	95.5	96.0	238	4.72e-71	217
WP_006850686.1	lcl|B8F898-3.A.1.3.28	45.1	97.6	98.4	246	2.31e-69	213
WP_006850686.1	lcl|P07109-3.A.1.3.29	48.4	96.4	96.1	248	4.21e-69	213
WP_006850686.1	lcl|P02915-3.A.1.3.1	48.4	96.4	95.7	248	4.34e-69	213
WP_006850686.1	lcl|Q9A1H1-3.A.1.3.20	48.8	96.4	95.9	244	8.48e-69	211
WP_006850686.1	lcl|Q9I488-3.A.1.3.21	48.3	96.4	97.9	238	5.67e-68	209
WP_006850686.1	lcl|P35116-3.A.1.3.6	46.1	95.5	94.9	245	6.80e-68	209
WP_006850686.1	lcl|Q9HU32-3.A.1.3.23	45.6	97.6	96.9	250	7.75e-67	207
WP_006850686.1	lcl|P0A2V2-3.A.1.3.5	46.0	96.8	94.3	248	1.28e-66	206
WP_006850686.1	lcl|O30506-3.A.1.3.11	45.3	96.4	96.9	247	1.68e-62	196
WP_006850686.1	lcl|P0AAF6-3.A.1.3.3	45.0	92.7	93.8	231	3.31e-62	194
WP_006850697.1	lcl|Q5SMG8-1.A.26.1.2	36.5	33.1	11.6	52	3.73e-04	39.3
WP_006850712.1	lcl|P37107-3.A.5.1.2	51.0	89.9	78.2	441	3.68e-145	427
WP_006850712.1	lcl|P0AGD7-3.A.5.1.1	49.1	89.9	96.7	440	1.06e-135	399
WP_006850712.1	lcl|P66844-3.A.5.2.2	45.4	89.9	84.4	445	2.05e-123	370
WP_006850712.1	lcl|Q3C2E8-9.B.76.1.1	45.4	89.9	85.1	445	2.37e-114	346
WP_006850712.1	lcl|Q8U070-3.A.5.7.2	34.6	88.7	97.1	437	3.48e-79	253
WP_006850712.1	lcl|P61011-3.A.5.9.1	32.2	89.3	86.5	441	4.75e-68	226
WP_006850712.1	lcl|Q5UY20-3.A.5.7.1	32.7	89.9	94.0	450	4.27e-67	222
WP_006850712.1	lcl|Q8U051-3.A.5.7.2	37.4	56.4	86.3	278	1.06e-47	167
WP_006850712.1	lcl|O80842-3.A.5.1.2	34.9	54.7	74.0	275	8.63e-44	157
WP_006850712.1	lcl|Q5UY25-3.A.5.7.1	32.0	57.2	65.5	281	1.59e-41	153
WP_006850712.1	lcl|P10121-3.A.5.1.1	31.0	55.8	54.9	277	1.80e-40	151
WP_006850712.1	lcl|P66842-3.A.5.2.2	34.0	59.5	69.2	294	3.08e-37	141
WP_006850712.1	lcl|P32916-3.A.5.8.1	21.6	56.0	50.6	315	9.82e-14	73.2
WP_006850712.1	lcl|B7HI79-3.A.5.7.3	26.7	51.2	54.6	251	3.53e-12	67.8
WP_006850726.1	lcl|WP_044035693.1-9.B.299.1.3	26.8	82.7	81.6	788	4.38e-87	297
WP_006850728.1	lcl|Q7WTJ2-5.B.1.3.2	29.6	63.3	20.1	71	2.90e-04	38.1
WP_006850731.1	lcl|Q944H2-3.A.1.26.12	33.3	84.8	63.9	264	2.46e-27	109
WP_006850731.1	lcl|Q8Y456-3.A.1.25.8	25.0	84.4	84.2	260	8.68e-08	52.0
WP_006850731.1	lcl|I7BV49-3.A.1.26.10	24.6	85.4	85.6	268	3.95e-06	47.0
WP_006850731.1	lcl|Q839D3-3.A.1.26.7	24.6	85.4	85.3	268	9.54e-06	45.8
WP_006850731.1	lcl|D6TJQ1-3.A.1.26.11	28.1	38.7	44.0	121	2.43e-04	41.6
WP_006850735.1	lcl|I3YSC9-1.A.43.1.13	35.8	62.9	77.2	95	9.70e-10	52.4
WP_006850735.1	lcl|Q7VYU0-1.A.43.1.17	32.2	79.5	89.8	115	4.31e-08	48.1
WP_006850735.1	lcl|F0LJH3-1.A.43.1.7	32.5	80.3	99.2	117	9.86e-08	47.0
WP_006850735.1	lcl|C7P777-1.A.43.1.4	34.4	60.6	72.6	90	1.53e-07	46.6
WP_006850735.1	lcl|Q3B199-1.A.43.1.6	34.4	59.1	69.8	90	4.54e-07	45.4
WP_006850735.1	lcl|F6CB17-1.A.43.1.14	32.5	81.8	98.4	123	4.27e-06	42.7
WP_006850735.1	lcl|P37002-1.A.43.1.1	31.7	65.9	78.0	101	1.20e-05	41.6
WP_006850735.1	lcl|O07591-1.A.43.1.2	34.8	78.0	84.7	112	6.56e-05	39.7
WP_006850735.1	lcl|M0ERE7-1.A.43.1.15	31.7	76.5	72.9	101	6.73e-05	39.7
WP_006850735.1	lcl|W2RJE2-1.A.43.2.9	34.2	56.1	17.2	79	8.70e-05	40.4
WP_006850735.1	lcl|Q23G77-1.A.43.2.1	38.8	48.5	20.8	67	1.08e-04	40.0
WP_006850737.1	lcl|WP_060732249.1-8.A.163.1.2	30.0	99.2	99.5	683	1.05e-74	251
WP_006850737.1	lcl|WP_143479989.1-8.A.163.1.3	30.8	88.0	90.4	597	2.30e-74	250
WP_006850737.1	lcl|P08238-8.A.163.1.1	26.9	88.8	86.2	646	4.06e-52	191
WP_006850741.1	lcl|B0C7S6-5.B.4.1.2	62.9	92.1	68.6	35	8.92e-13	54.7
WP_006850741.1	lcl|P56769-5.B.4.1.1	48.6	97.4	84.1	37	2.50e-09	45.8
WP_006850745.1	lcl|Q8DJU2-3.D.1.8.2	40.7	98.0	98.0	150	2.96e-33	114
WP_006850745.1	lcl|B3H5R4-3.D.1.8.1	39.0	65.4	59.5	100	3.82e-14	65.5
WP_006850748.1	lcl|B3ERW3-3.A.23.6.1	35.8	45.9	59.6	212	5.69e-28	112
WP_006850750.1	lcl|Q9FWR4-1.A.12.2.1	23.1	50.7	92.5	208	2.15e-13	68.6
WP_006850757.1	lcl|P29296-2.A.114.1.9	28.2	75.3	79.9	131	4.54e-15	68.6
WP_006850760.1	lcl|Q31NV7-3.D.3.5.3	78.2	100	100	179	1.45e-103	294
WP_006850760.1	lcl|Q93SX0-3.D.3.5.6	73.2	100	100	179	7.69e-99	282
WP_006850760.1	lcl|P26290-3.D.3.5.1	68.3	100	100	180	1.63e-91	264
WP_006850760.1	lcl|7R0W_D-3.D.3.5.7	68.3	100	93.8	180	2.45e-91	264
WP_006850760.1	lcl|Q9ZR03-3.D.3.5.2	55.6	99.4	77.7	178	6.83e-71	213
WP_006850760.1	lcl|P74714-3.D.3.5.1	50.6	94.9	94.9	170	2.02e-56	175
WP_006850760.1	lcl|P70758-3.D.3.5.6	48.2	94.9	94.9	170	4.09e-51	161
WP_006850760.1	lcl|Q93SW8-3.D.3.5.6	47.1	94.9	94.9	170	4.09e-51	161
WP_006850760.1	lcl|P08067-3.D.3.3.1	41.6	42.7	30.7	77	4.49e-12	61.6
WP_006850760.1	lcl|P13272-3.D.3.2.1	45.6	31.5	20.8	57	5.80e-12	62.0
WP_006850760.1	lcl|P05417-3.D.3.1.1	57.8	23.6	23.2	45	1.60e-10	57.0
WP_006850760.1	lcl|W7JL23-3.D.3.2.2	43.4	29.8	14.9	53	6.16e-10	56.6
WP_006850760.1	lcl|P0CY48-3.D.3.1.2	51.1	23.6	23.0	45	7.82e-09	52.4
WP_006850760.1	lcl|Q02762-3.E.2.1.1	48.9	24.7	24.6	47	1.95e-08	51.2
WP_006850760.1	lcl|Q7SIF3-5.A.3.6.1	31.6	43.3	57.9	79	8.41e-07	45.8
WP_006850760.1	lcl|A0R051-3.D.3.5.5	35.0	32.0	14.7	60	1.44e-05	43.9
WP_006850761.1	lcl|A6TEM0-3.A.1.152.9	52.5	99.6	99.2	242	8.70e-84	249
WP_006850761.1	lcl|P0A9V1-1.B.42.1.2	51.7	99.6	99.2	242	2.86e-82	245
WP_006850761.1	lcl|Q9HVV6-3.A.1.152.1	50.0	99.6	99.2	242	1.33e-80	241
WP_006850761.1	lcl|P73650-3.A.1.4.2	35.7	92.6	91.3	224	5.64e-41	140
WP_006850761.1	lcl|P21629-3.A.1.4.8	34.9	97.5	97.6	252	6.54e-40	137
WP_006850761.1	lcl|P0A9S7-3.A.1.4.1	35.3	97.5	97.6	252	7.19e-39	135
WP_006850761.1	lcl|Q8YU20-3.A.1.4.12	33.6	97.1	87.9	235	4.98e-38	133
WP_006850761.1	lcl|Q55164-3.A.1.4.2	35.4	95.5	91.0	246	5.84e-37	130
WP_006850761.1	lcl|Q8DQH7-3.A.1.4.10	31.9	97.1	98.3	235	1.06e-36	129
WP_006850761.1	lcl|Q8YT15-3.A.1.4.6	32.7	92.1	88.3	223	3.90e-36	127
WP_006850761.1	lcl|Q8DQH8-3.A.1.4.10	33.9	97.1	97.6	251	4.63e-36	127
WP_006850761.1	lcl|OLS24633-3.A.1.4.13	31.9	97.1	99.1	238	1.07e-35	126
WP_006850761.1	lcl|Q5SHV0-3.A.1.10.6	35.8	94.2	62.3	229	1.90e-35	128
WP_006850761.1	lcl|CAI09142-3.A.1.4.15	33.5	97.9	97.9	239	9.47e-35	124
WP_006850761.1	lcl|Q8NRV7-3.A.1.4.5	32.9	95.0	96.6	231	6.48e-34	121
WP_006850761.1	lcl|O34992-3.A.1.12.4	31.3	93.8	59.5	230	6.56e-34	125
WP_006850761.1	lcl|Q45460-3.A.1.12.3	31.3	93.8	59.3	230	9.30e-34	124
WP_006850761.1	lcl|Q6N8W2-3.A.1.4.11	33.5	97.1	96.2	236	1.49e-33	120
WP_006850761.1	lcl|Q7A2H0-3.A.1.4.6	32.9	96.3	94.6	249	1.34e-32	119
WP_006850761.1	lcl|AKM83893-3.A.1.4.14	31.1	98.3	96.7	241	2.49e-32	117
WP_006850761.1	lcl|Q6N8W1-3.A.1.4.11	34.0	93.0	39.8	238	2.89e-32	123
WP_006850761.1	lcl|Q7UQ83-3.A.1.115.2	35.8	87.6	82.1	212	3.08e-32	117
WP_006850761.1	lcl|WP_241985925-3.A.1.159.6	33.1	97.5	79.4	236	1.02e-31	117
WP_006850761.1	lcl|Q5SKA0-3.A.1.14.26	38.4	93.0	89.2	229	1.14e-31	116
WP_006850761.1	lcl|PIU92339-3.A.1.105.23	35.9	89.3	67.8	220	1.22e-31	117
WP_006850767.1	lcl|P56752-3.D.1.8.1	32.5	70.8	60.6	456	1.34e-58	209
WP_006850767.1	lcl|Q8DKX9-3.D.1.8.2	27.8	96.6	97.7	651	2.54e-58	206
WP_006850767.1	lcl|P29924-3.D.1.2.1	32.9	63.5	58.6	416	1.46e-48	180
WP_006850767.1	lcl|Q746T7-3.D.1.5.1	35.2	56.8	55.8	355	3.76e-48	177
WP_006850767.1	lcl|Q56227-3.D.1.3.1	33.2	70.0	69.3	440	1.95e-47	175
WP_006850767.1	lcl|P33607-3.D.1.1.1	32.0	61.7	61.7	388	5.99e-45	168
WP_006850767.1	lcl|Q9P9F5-3.D.9.1.1	32.6	48.9	48.5	328	1.15e-44	168
WP_006850767.1	lcl|WIM45892.1-3.D.13.1.1	32.6	48.9	48.5	328	1.15e-44	168
WP_006850767.1	lcl|P03920-3.D.1.6.1	31.4	59.8	58.6	369	2.61e-44	166
WP_006850767.1	lcl|Q9PMA7-3.D.1.7.1	31.3	58.0	58.6	358	3.87e-39	151
WP_006850767.1	lcl|OLS18237-3.D.9.1.2	28.1	69.7	67.7	467	6.61e-38	149
WP_006850767.1	lcl|P05510-3.D.1.6.2	29.6	63.2	53.6	395	1.92e-37	147
WP_006850767.1	lcl|Q52978-2.A.63.1.1	29.8	64.0	39.3	403	3.80e-36	144
WP_006850767.1	lcl|P08739-3.D.1.6.4	28.4	66.4	74.2	419	9.48e-35	138
WP_006850767.1	lcl|Q7AJV8-2.A.63.1.2	29.7	60.3	47.9	390	1.65e-34	139
WP_006850767.1	lcl|Q9ZNG6-2.A.63.1.3	27.7	58.5	46.6	376	3.95e-32	132
WP_006850767.1	lcl|Q9K2S2-2.A.63.1.4	30.6	47.9	38.6	314	1.22e-29	124
WP_006850767.1	lcl|Q8U100-3.D.1.4.1	25.4	74.8	91.8	481	1.58e-27	116
WP_006850767.1	lcl|OLS18238-3.D.9.1.2	28.3	66.1	81.6	435	3.99e-26	112
WP_006850767.1	lcl|O59652-3.D.1.4.2	29.7	48.9	48.0	313	5.67e-25	109
WP_006850767.1	lcl|P23482-3.D.1.9.1	30.3	64.3	59.8	416	8.25e-25	108
WP_006850767.1	lcl|P77437-3.D.1.9.1	27.9	72.5	86.3	470	6.10e-24	105
WP_006850767.1	lcl|D0KWS8-9.A.2.1.2	33.6	40.6	45.2	253	3.89e-23	103
WP_006850767.1	lcl|OLS18239-3.D.9.1.2	29.4	47.6	58.8	306	5.86e-23	102
WP_006850767.1	lcl|Q31HC4-9.A.2.1.1	29.2	43.8	52.1	277	7.72e-22	99.0
WP_006850780.1	lcl|Q6MDD6-3.A.7.16.1	30.4	28.0	16.8	135	1.93e-06	50.1
WP_006850787.1	lcl|Q12118-3.A.21.1.1	28.2	75.0	36.4	131	4.53e-04	39.3
WP_006850794.1	lcl|P04997-3.E.2.2.1	88.8	99.7	99.4	358	8.43e-243	661
WP_006850794.1	lcl|P16033-3.E.2.2.2	88.0	99.7	99.4	358	9.82e-242	659
WP_006850794.1	lcl|P83755-3.E.2.2.3	83.0	96.4	98.3	347	1.02e-223	613
WP_006850794.1	lcl|P09192-3.E.2.2.2	34.5	76.8	77.0	278	1.07e-49	169
WP_006850794.1	lcl|P11005-3.E.2.2.1	34.5	76.8	77.0	278	5.83e-49	167
WP_006850794.1	lcl|P56761-3.E.2.2.3	32.5	76.8	76.8	280	5.40e-45	157
WP_006850794.1	lcl|Q83XD0-3.E.2.1.3	26.9	49.4	29.8	193	1.20e-09	59.3
WP_006850794.1	lcl|A8ASG6-3.E.2.1.2	26.5	32.4	36.0	117	1.21e-08	55.5
WP_006850796.1	lcl|WP_106500450.1-8.A.176.1.2	62.0	98.8	99.5	416	1.92e-167	475
WP_006850796.1	lcl|WP_054576892.1-8.A.176.1.4	28.2	94.0	65.5	394	4.64e-50	177
WP_006850796.1	lcl|NP_001019389.1-8.A.176.1.1	32.5	91.6	53.3	397	2.05e-44	164
WP_006850796.1	lcl|XP_007449084.1-8.A.176.1.3	32.5	91.6	53.3	397	2.05e-44	164
WP_006850814.1	lcl|Q2FD83-2.A.7.1.11	44.8	90.6	88.1	96	3.65e-21	80.5
WP_006850814.1	lcl|I0HAS1-2.A.7.1.15	45.7	88.7	89.5	94	6.59e-21	79.7
WP_006850814.1	lcl|B0R6K7-2.A.7.1.7	36.5	98.1	92.9	104	7.29e-19	74.7
WP_006850814.1	lcl|Q8GAI5-2.A.7.1.8	42.0	94.3	86.2	100	9.17e-18	72.0
WP_006850814.1	lcl|P23895-2.A.7.1.3	42.2	96.2	92.7	102	2.24e-17	70.9
WP_006850814.1	lcl|O31792-2.A.7.1.6	41.7	90.6	91.4	96	1.27e-15	66.2
WP_006850814.1	lcl|P14319-2.A.7.1.1	35.6	95.3	94.4	101	1.89e-15	65.9
WP_006850814.1	lcl|P69926-2.A.7.1.2	44.6	91.5	91.6	101	4.27e-14	62.4
WP_006850814.1	lcl|Q8GAI6-2.A.7.1.8	33.3	96.2	61.4	102	7.48e-14	63.2
WP_006850814.1	lcl|WP_049666291.1-2.A.7.1.18	35.1	91.5	89.8	97	4.91e-13	59.7
WP_006850814.1	lcl|O31791-2.A.7.1.6	37.5	90.6	82.1	96	8.51e-13	59.3
WP_006850814.1	lcl|P69937-2.A.7.1.4	32.3	90.6	91.4	96	7.26e-12	56.6
WP_006850814.1	lcl|D5CES3-2.A.7.1.10	31.3	90.6	91.4	96	8.09e-11	53.9
WP_006850814.1	lcl|P69213-2.A.7.1.9	34.6	95.3	83.5	104	1.34e-08	48.5
WP_006850814.1	lcl|P49857-2.A.7.1.5	30.8	85.8	86.7	91	9.35e-05	38.1
WP_006850823.1	lcl|A5GWU2-1.B.54.3.2	43.8	74.0	67.5	290	6.76e-77	243
WP_006850823.1	lcl|Q31A57-1.B.54.1.7	43.8	69.9	73.4	274	1.50e-73	233
WP_006850823.1	lcl|A5GRI1-1.B.54.3.1	39.3	72.8	69.5	308	7.47e-67	218
WP_006850823.1	lcl|Q4FMH8-1.B.54.1.4	30.1	26.2	33.0	103	1.65e-05	45.8
WP_006850823.1	lcl|Q8ZP78-1.B.54.1.8	28.9	34.7	19.1	135	4.48e-04	42.0
WP_006850838.1	lcl|P72547-9.B.67.1.1	44.0	91.3	86.3	405	8.83e-90	280
WP_006850838.1	lcl|A5CZ17-9.B.67.1.3	39.4	16.2	8.6	71	8.20e-05	44.7
WP_006850843.1	lcl|V6F2B2-9.A.8.1.7	27.0	65.0	27.8	204	1.09e-07	52.8
WP_006850843.1	lcl|O25396-9.A.8.1.2	29.5	39.2	18.5	122	7.77e-07	50.1
WP_006850843.1	lcl|L7E2Q2-9.A.8.1.21	31.4	37.6	15.2	121	1.45e-06	49.3
WP_006850843.1	lcl|W1MMS7-9.A.8.1.15	27.3	51.4	20.6	165	4.51e-06	47.8
WP_006850843.1	lcl|O29993-9.A.8.1.8	30.6	35.7	16.1	111	7.55e-06	47.0
WP_006850843.1	lcl|D9SIP4-9.A.8.1.11	24.0	70.4	36.1	225	2.29e-05	45.4
WP_006850843.1	lcl|Q7MVL1-9.A.8.1.5	26.7	51.8	21.4	161	3.22e-05	45.1
WP_006850843.1	lcl|Q5XPH7-9.A.8.1.4	27.2	52.4	22.9	169	9.86e-05	43.5
WP_006850843.1	lcl|B5XTS7-9.A.8.1.10	25.6	51.4	20.5	164	1.01e-04	43.5
WP_006850843.1	lcl|Q7MV19-9.A.8.1.6	26.4	50.2	17.9	159	2.40e-04	42.4
WP_006850843.1	lcl|P33650-9.A.8.1.1	25.0	51.4	20.4	164	3.13e-04	42.0
WP_006850843.1	lcl|V6EW69-9.A.8.1.16	30.5	52.1	20.2	174	3.14e-04	42.0
WP_006850844.1	lcl|A0YQV7-9.B.142.4.4	30.7	73.7	63.2	528	3.72e-56	204
WP_006850860.1	lcl|Q9FI56-3.A.9.1.2	75.2	98.5	88.1	833	0.0	1198
WP_006850860.1	lcl|Q9SXJ7-3.A.9.1.2	74.3	98.0	85.6	829	0.0	1179
WP_006850860.1	lcl|Q74G19-3.A.23.5.1	38.5	94.0	93.8	845	4.41e-156	478
WP_006850860.1	lcl|Q6EE14-3.A.23.2.1	36.5	92.8	93.2	820	2.96e-151	465
WP_006850860.1	lcl|Q9KN49-3.A.23.1.1	37.3	80.5	77.9	723	1.32e-134	422
WP_006850860.1	lcl|R9RFN6-3.A.23.4.1	37.4	76.4	74.5	673	1.78e-128	406
WP_006850860.1	lcl|Q8IM28-3.A.26.1.1	31.0	77.9	61.1	827	2.48e-110	367
WP_006850861.1	lcl|P96878-2.A.53.3.12	37.2	34.9	11.3	86	3.90e-13	67.8
WP_006850861.1	lcl|Q8F8H7-2.A.53.3.8	33.9	53.4	15.9	127	2.35e-12	65.5
WP_006850861.1	lcl|ACA34723.1-2.A.53.3.16	33.1	63.4	26.7	160	3.99e-12	64.7
WP_006850867.1	lcl|P38523-3.A.8.1.1	26.4	68.9	69.7	159	1.49e-07	50.1
WP_006850886.1	lcl|B6EN82-2.A.1.83.1	56.3	97.6	93.8	407	7.25e-132	385
WP_006850886.1	lcl|E1SNA6-2.A.1.83.2	54.5	97.8	94.4	407	7.57e-126	369
WP_006850886.1	lcl|D7FPK8-2.A.1.83.3	29.7	98.3	81.1	427	1.33e-46	166
WP_006850901.1	lcl|I3R8F6-2.A.113.1.12	28.8	94.1	89.9	212	3.81e-06	45.8
WP_006850901.1	lcl|F8C138-2.A.113.1.9	28.6	87.4	91.4	213	9.00e-04	38.9
WP_006850905.1	lcl|V5BTU4-9.B.142.2.8	30.5	67.5	73.3	433	6.73e-36	141
WP_006850905.1	lcl|H8KSM2-9.B.142.2.6	26.4	55.3	61.4	345	2.54e-24	106
WP_006850905.1	lcl|C6NTX4-9.B.142.2.1	27.9	62.4	69.2	394	2.79e-23	103
WP_006850905.1	lcl|p76473-9.B.142.2.9	25.5	51.4	54.2	318	4.63e-14	74.7
WP_006850905.1	lcl|G8LJX5-9.B.142.2.2	25.4	61.4	66.4	390	4.64e-14	74.7
WP_006850905.1	lcl|WP_017314285.1-9.B.142.2.13	24.3	54.8	59.6	342	1.53e-07	53.9
WP_006850906.1	lcl|Q8DMU4-3.D.1.8.2	50.7	82.1	98.6	69	1.55e-19	74.3
WP_006850911.1	lcl|P41792-1.S.5.1.2	50.0	40.8	42.4	42	1.01e-09	50.8
WP_006850911.1	lcl|Q03512-1.S.5.1.1	33.7	73.8	83.8	83	5.60e-05	38.5
WP_006850915.1	lcl|Q9WZR7-3.A.1.1.40	29.3	89.9	92.4	403	3.64e-42	153
WP_006850921.1	lcl|KAG6474414.1-1.A.130.1.3	35.4	42.2	29.9	144	9.86e-11	61.6
WP_006850922.1	lcl|P56766-5.B.4.1.1	72.1	100	100	771	0.0	1149
WP_006850922.1	lcl|B0C474-5.B.4.1.2	67.7	100	100	773	0.0	1074
WP_006850922.1	lcl|P56767-5.B.4.1.1	41.6	94.9	98.1	767	8.21e-186	547
WP_006850922.1	lcl|B0C475-5.B.4.1.2	41.0	94.5	97.8	770	2.47e-179	531
WP_006850932.1	lcl|Q8Z042-3.A.1.1.52	36.7	98.2	97.5	270	8.12e-53	172
WP_006850932.1	lcl|Q93J92-3.A.1.1.36	34.9	95.3	87.0	261	4.53e-48	161
WP_006850932.1	lcl|B3EYN1-3.A.1.1.57	33.1	98.2	90.7	275	2.98e-46	156
WP_006850932.1	lcl|G4FGN6-3.A.1.1.41	32.5	99.6	99.3	277	1.93e-44	151
WP_006850932.1	lcl|O53483-3.A.1.1.61	34.9	87.6	85.0	241	2.04e-44	151
WP_006850932.1	lcl|Q9WYR1-3.A.1.1.39	30.5	97.8	98.9	269	7.61e-42	144
WP_006850932.1	lcl|Q6MNM1-3.A.1.1.51	32.1	94.9	96.0	262	4.30e-41	142
WP_006850932.1	lcl|A5LBQ4-3.A.1.1.47	30.9	94.9	92.2	262	5.39e-41	142
WP_006850932.1	lcl|I7G593-3.A.1.1.60	34.5	86.5	86.2	238	2.55e-40	140
WP_006850932.1	lcl|Q9X9R5-3.A.1.1.23	34.5	96.0	94.9	264	5.61e-39	137
WP_006850932.1	lcl|Q7WWQ8-3.A.1.1.20	29.7	96.0	93.7	269	1.93e-38	135
WP_006850932.1	lcl|P94530-3.A.1.1.34	30.0	98.9	97.2	273	5.23e-37	132
WP_006850932.1	lcl|Q8RJU8-3.A.1.1.18	34.1	94.9	85.3	264	9.46e-37	132
WP_006850932.1	lcl|F6BI04-3.A.1.1.62	35.0	93.1	86.7	260	7.37e-36	129
WP_006850932.1	lcl|P77716-3.A.1.1.46	32.3	94.5	93.6	263	4.17e-35	127
WP_006850932.1	lcl|Q5SLB5-3.A.1.1.50	33.2	79.2	57.4	217	7.82e-35	128
WP_006850932.1	lcl|Q8KN17-3.A.1.1.33	33.6	92.3	92.1	259	3.14e-33	122
WP_006850932.1	lcl|Q72H66-3.A.1.1.25	33.7	91.6	90.7	255	3.35e-33	122
WP_006850932.1	lcl|D6ZW62-3.A.1.1.48	31.6	100	89.9	285	1.40e-32	121
WP_006850932.1	lcl|OLS20028-3.A.1.1.54	28.9	94.9	35.3	277	3.69e-31	121
WP_006850932.1	lcl|Q93KB9-3.A.1.1.11	28.5	95.3	88.3	267	5.81e-30	114
WP_006850932.1	lcl|O51925-3.A.1.1.7	30.3	98.2	97.5	274	7.27e-30	113
WP_006850932.1	lcl|P29824-3.A.1.1.4	31.2	72.6	72.9	199	3.49e-29	111
WP_006850932.1	lcl|Q8DT26-3.A.1.1.27	30.3	95.3	95.0	267	5.40e-29	110
WP_006850932.1	lcl|Q9AI66-3.A.1.1.12	31.7	94.5	91.0	265	1.84e-27	107
WP_006850937.1	lcl|P33937-3.D.11.1.1	30.0	94.8	94.3	806	1.03e-98	323
WP_006850937.1	lcl|P07658-3.D.1.9.2	29.1	95.7	95.9	731	9.87e-95	309
WP_006850937.1	lcl|P24183-5.A.3.2.1	24.0	67.6	60.8	625	7.85e-33	135
WP_006850937.1	lcl|P77374-5.A.3.3.1	25.1	88.6	86.3	740	7.12e-27	116
WP_006850937.1	lcl|P18775-5.A.3.3.2	23.9	89.1	86.2	740	1.23e-22	103
WP_006850937.1	lcl|P44798-5.A.3.4.4	21.8	86.4	85.5	728	1.64e-22	102
WP_006850937.1	lcl|P77783-5.A.3.3.1	22.7	88.6	86.4	741	4.48e-21	98.2
WP_006850937.1	lcl|Q7SIF4-5.A.3.6.1	21.3	83.4	82.9	712	2.90e-19	92.4
WP_006850937.1	lcl|P20099-5.A.3.4.3	22.6	79.5	81.3	664	2.29e-17	86.3
WP_006850937.1	lcl|P37600-5.A.3.5.1	22.4	90.4	88.5	719	2.95e-17	85.9
WP_006850937.1	lcl|O67280-5.A.3.11.2	27.8	34.9	24.5	263	4.66e-17	85.5
WP_006850937.1	lcl|Q9HR74-5.A.3.3.3	20.8	83.4	81.2	730	3.44e-15	79.3
WP_006850937.1	lcl|P58362-5.A.3.4.2	24.1	62.2	61.7	522	1.01e-14	77.8
WP_006850937.1	lcl|Q48945-3.D.8.1.2	27.9	25.8	42.7	201	9.87e-08	54.7
WP_006850937.1	lcl|Q93PD2-5.A.3.9.1	23.8	27.9	20.9	214	5.24e-06	49.7
WP_006850937.1	lcl|Q5P037-5.A.3.11.1	26.3	34.1	28.1	266	1.52e-05	48.1
WP_006850937.1	lcl|O27601-3.D.8.1.1	26.8	32.2	48.1	246	1.96e-05	47.4
WP_006850937.1	lcl|P24918-3.D.1.6.2	26.3	21.1	21.1	167	2.51e-05	47.4
WP_006850937.1	lcl|Q59580-3.D.8.1.1	28.3	24.0	39.9	184	5.81e-05	45.8
WP_006850942.1	lcl|Q9Y5S9-3.A.18.1.1	36.7	45.3	50.6	90	6.10e-12	60.8
WP_006850942.1	lcl|P52298-9.A.60.1.1	28.4	38.9	47.4	74	1.76e-05	42.7
WP_006850958.1	lcl|Q58AJ7-9.B.105.1.1	36.6	91.4	41.9	153	1.87e-16	74.7
WP_006850958.1	lcl|B8I766-9.B.105.1.5	32.4	81.6	83.4	139	5.52e-11	57.4
WP_006850958.1	lcl|ALM14817-9.B.105.1.9	42.1	35.0	39.0	57	1.88e-05	42.0
WP_006850958.1	lcl|Q6MIB9-9.B.105.1.8	28.6	58.9	33.9	105	2.04e-04	40.0
WP_006850960.1	lcl|R7XRS7-9.B.27.2.12	29.0	59.6	30.1	241	1.22e-13	72.0
WP_006850960.1	lcl|MAU97510-2.A.127.1.18	31.1	31.1	20.5	119	5.53e-10	60.5
WP_006850960.1	lcl|P75905-4.D.1.1.3	34.4	23.9	20.2	90	1.35e-07	52.8
WP_006850960.1	lcl|OLS17256-4.D.1.1.15	31.5	33.8	21.6	127	8.07e-06	47.4
WP_006850960.1	lcl|B3EBP1-4.D.1.3.3	27.6	47.9	12.6	185	9.22e-05	44.3
WP_006850962.1	lcl|NP_001019389.1-8.A.176.1.1	29.5	77.0	17.8	132	3.03e-12	63.2
WP_006850962.1	lcl|XP_007449084.1-8.A.176.1.3	29.5	77.0	17.8	132	3.03e-12	63.2
WP_006850967.1	lcl|WP_122628452.1-9.B.263.2.2	31.3	38.2	26.1	83	3.29e-04	40.4
WP_006850970.1	lcl|Q15HU6-3.A.7.14.2	30.0	49.6	34.7	130	6.49e-08	52.0
WP_006850971.1	lcl|P9WQK3-3.A.1.120.8	40.3	82.8	93.5	531	3.08e-117	360
WP_006850971.1	lcl|P43672-3.A.1.120.6	35.3	99.7	99.4	646	2.80e-108	339
WP_006850971.1	lcl|Q2PGB8-3.A.1.120.5	31.7	84.7	82.9	539	1.37e-66	228
WP_006850971.1	lcl|Q9NUQ8-3.A.1.121.9	30.5	82.8	72.8	535	3.68e-61	216
WP_006850971.1	lcl|ANC59923.1-3.A.1.211.25	28.9	80.7	79.7	526	3.01e-60	212
WP_006850971.1	lcl|AGN74890.1-3.A.1.120.7	31.5	80.3	94.4	540	1.07e-58	206
WP_006850971.1	lcl|Q83XH1-9.B.325.1.1	28.4	80.4	91.8	517	3.56e-58	204
WP_006850971.1	lcl|Q389P2-3.A.1.121.7	30.2	84.7	77.0	547	7.15e-57	203
WP_006850971.1	lcl|Q53712-3.A.1.120.3	32.7	80.4	92.3	545	1.03e-56	201
WP_006850971.1	lcl|Q8NE71-3.A.1.121.8	29.7	81.7	60.6	536	3.39e-54	198
WP_006850971.1	lcl|Q53762-3.A.1.120.1	30.4	78.5	94.0	529	6.36e-54	192
WP_006850971.1	lcl|P25256-3.A.1.120.2	31.5	80.3	95.8	553	3.07e-53	191
WP_006850971.1	lcl|Q60248-3.A.1.120.4	29.2	82.5	98.5	565	1.52e-51	186
WP_006850971.1	lcl|Q9UG63-3.A.1.121.11	28.9	83.9	83.1	558	1.71e-50	184
WP_006850971.1	lcl|Q9FJH6-3.A.1.121.10	27.8	80.4	83.2	529	2.71e-46	172
WP_006850971.1	lcl|Q20306-3.A.1.211.24	28.3	82.5	72.3	533	4.00e-46	173
WP_006850971.1	lcl|P39115-3.A.1.121.3	26.2	80.6	85.6	538	2.80e-44	166
WP_006850971.1	lcl|B7TGT5-3.A.1.121.5	28.2	60.7	76.6	422	3.46e-41	156
WP_006850971.1	lcl|Q65AB2-3.A.1.121.6	26.9	80.9	97.7	551	1.79e-40	154
WP_006850971.1	lcl|O54396-3.A.1.121.2	23.3	84.2	88.6	567	1.33e-38	149
WP_006850971.1	lcl|O34362-3.A.1.30.1	24.5	78.5	85.9	530	7.47e-25	108
WP_006850971.1	lcl|P23212-3.A.1.121.1	26.5	56.4	76.8	396	6.85e-24	105
WP_006850971.1	lcl|I6Y482-3.A.1.5.48	26.2	82.1	91.8	554	7.47e-24	105
WP_006850971.1	lcl|WP_109207851-3.A.1.32.4	26.9	81.2	87.3	550	3.44e-23	103
WP_006850971.1	lcl|Q9F9T4-3.A.1.5.23	25.4	78.5	80.8	555	4.68e-20	94.0
WP_006850976.1	lcl|WP_063487264.1-9.B.330.4.2	42.4	87.0	87.5	255	4.61e-56	181
WP_006850976.1	lcl|WP_092421239.1-9.B.330.4.1	28.9	83.6	79.9	256	1.89e-25	102
WP_006850976.1	lcl|ALM13936.1-9.B.330.4.4	30.0	74.0	76.5	217	1.51e-19	85.5
WP_006850980.1	lcl|Q9S841-3.E.2.2.3	40.4	86.2	70.1	240	4.16e-51	170
WP_006850980.1	lcl|P23321-3.E.2.2.3	40.4	86.2	69.9	240	8.45e-51	169
WP_006850982.1	lcl|Q55190-2.A.37.2.4	46.0	92.4	92.8	428	9.58e-109	329
WP_006850982.1	lcl|Q5SIA2-2.A.37.2.7	35.1	88.9	94.6	410	1.62e-53	183
WP_006850982.1	lcl|Q45308-2.A.37.2.3	30.7	90.4	97.2	420	1.01e-37	141
WP_006850982.1	lcl|Q9KI10-2.A.37.2.2	28.8	89.3	95.9	416	1.38e-36	138
WP_006850982.1	lcl|P26235-2.A.37.2.1	30.1	90.4	97.9	418	8.48e-35	133
WP_006850982.1	lcl|Q9M353-2.A.37.4.8	26.6	88.9	47.6	433	1.22e-19	91.7
WP_006850982.1	lcl|Q9SUQ7-2.A.37.4.2	27.2	90.0	48.2	438	1.54e-17	85.1
WP_006850982.1	lcl|P40309-2.A.37.4.1	22.4	81.2	45.0	402	6.14e-15	77.0
WP_006850982.1	lcl|P39830-2.A.37.1.5	25.9	71.4	59.1	343	1.02e-13	72.8
WP_006850982.1	lcl|P45522-2.A.37.1.2	27.9	69.9	46.6	323	9.39e-11	63.5
WP_006850982.1	lcl|V9HMH9-2.A.37.1.10	24.1	84.5	57.7	411	1.28e-10	63.2
WP_006850982.1	lcl|Q8VYR9-2.A.37.1.8	26.4	84.9	61.8	406	3.68e-10	61.6
WP_006850982.1	lcl|O65272-2.A.37.1.7	26.2	68.3	26.9	340	3.75e-10	62.0
WP_006850982.1	lcl|P03819-2.A.37.1.1	24.0	87.6	58.7	408	1.57e-09	59.7
WP_006850982.1	lcl|Q9ZUN3-2.A.37.1.13	24.6	84.9	59.3	398	4.39e-08	55.1
WP_006850982.1	lcl|Q9M0Z3-2.A.37.1.6	27.1	69.2	43.3	347	4.92e-08	55.1
WP_006850982.1	lcl|J0HUB5-2.A.37.1.9	24.9	51.5	56.7	245	1.06e-07	53.5
WP_006850982.1	lcl|Q0ZAH7-2.A.37.1.3	21.8	72.9	49.9	335	3.95e-06	48.9
WP_006850988.1	lcl|Q9UYH7-2.A.102.4.1	27.9	87.8	91.3	233	1.11e-15	73.9
WP_006850988.1	lcl|Q8EH96-2.A.102.4.13	32.5	75.7	74.4	209	5.24e-13	66.6
WP_006850988.1	lcl|C7D7I4-2.A.102.4.5	25.9	68.6	67.8	216	2.36e-10	59.3
WP_006850988.1	lcl|Q89V93-2.A.102.4.6	26.9	71.4	57.1	227	4.62e-08	52.8
WP_006850988.1	lcl|M2X4H1-2.A.102.4.9	25.2	78.4	64.6	210	5.45e-08	52.4
WP_006850988.1	lcl|B0R8P7-2.A.102.4.7	24.0	77.6	68.2	225	5.88e-07	49.3
WP_006850988.1	lcl|Q8L7A0-2.A.102.5.4	39.0	23.1	12.4	59	7.45e-06	46.2
WP_006850988.1	lcl|OAE35033.1-2.A.102.5.2	39.2	28.6	15.4	74	9.98e-06	45.8
WP_006850988.1	lcl|C7TDY6-2.A.102.4.12	37.9	33.3	31.0	87	1.59e-04	41.6
WP_006850988.1	lcl|Q5ZAL4-2.A.102.5.1	38.2	21.6	13.9	55	2.96e-04	41.2
WP_006850988.1	lcl|E7BBJ3-2.A.102.4.2	20.4	85.1	87.5	240	4.19e-04	40.4
WP_006850988.1	lcl|EET01870.1-2.A.102.5.3	36.9	24.3	12.7	65	4.35e-04	40.8
WP_006850988.1	lcl|A6VFN3-2.A.102.4.3	22.2	65.5	65.2	180	5.60e-04	40.0
WP_006850994.1	lcl|P29296-2.A.114.1.9	61.0	99.4	99.4	164	2.57e-60	184
WP_006850999.1	lcl|Q9RFR9-9.B.83.1.1	23.1	29.6	27.0	169	1.17e-05	47.8
WP_006851002.1	lcl|P46444-3.D.3.5.6	53.3	79.0	77.0	107	3.38e-31	107
WP_006851006.1	lcl|RZD32576-1.A.115.1.2	28.7	91.1	80.5	216	1.40e-13	67.8
WP_006851006.1	lcl|P40471-1.A.115.1.1	26.6	78.7	62.3	188	6.53e-09	54.7
WP_006851007.1	lcl|Q119J0-3.A.1.9.3	35.2	93.2	89.3	227	2.45e-32	117
WP_006851007.1	lcl|O69063-3.A.1.9.4	35.4	92.3	66.0	226	2.17e-30	114
WP_006851007.1	lcl|A0QQ70-3.A.1.9.2	36.1	92.3	85.6	233	1.22e-25	100
WP_006851007.1	lcl|P16677-3.A.1.9.1	32.3	94.0	89.3	235	8.87e-25	98.2
WP_006851007.1	lcl|P31548-3.A.1.19.1	38.2	69.2	65.5	170	2.01e-22	91.3
WP_006851007.1	lcl|P33594-3.A.1.5.3	35.9	88.5	77.6	217	2.02e-22	92.0
WP_006851007.1	lcl|P9WQL3-3.A.1.8.5	34.3	87.6	57.2	216	7.19e-21	89.4
WP_006851007.1	lcl|Q6MNW9-3.A.1.136.2	39.5	69.2	71.2	167	7.40e-21	87.0
WP_006851007.1	lcl|Q5SKC8-3.A.1.8.3	38.0	94.0	59.3	229	3.69e-20	87.0
WP_006851007.1	lcl|B1ZMU0-3.A.1.125.5	36.8	72.2	64.8	171	1.37e-19	84.0
WP_006851007.1	lcl|B8F898-3.A.1.3.28	35.4	71.8	68.3	178	1.49e-19	84.0
WP_006851007.1	lcl|A1JLH0-3.A.1.10.5	33.2	88.9	59.0	217	3.79e-19	84.3
WP_006851007.1	lcl|P37774-3.A.1.3.10	35.2	71.8	67.6	179	4.06e-19	82.8
WP_006851007.1	lcl|Q9I2M1-3.A.1.109.4	35.8	83.8	26.8	201	4.90e-19	85.1
WP_006851007.1	lcl|D4GP38-3.A.1.1.56	31.4	85.9	51.7	207	6.73e-19	84.0
WP_006851007.1	lcl|P21410-3.A.1.10.1	34.9	88.9	59.7	218	6.92e-19	83.6
WP_006851007.1	lcl|O53899-3.A.1.125.2	33.2	85.9	81.5	214	7.57e-19	82.0
WP_006851007.1	lcl|OLS17115-3.A.1.122.24	31.8	70.5	69.4	170	8.02e-19	81.6
WP_006851007.1	lcl|H6NK46-3.A.1.122.34	32.9	83.8	66.9	210	1.44e-18	82.0
WP_006851007.1	lcl|P45769-3.A.1.3.26	30.0	87.6	81.3	213	2.15e-18	80.9
WP_006851007.1	lcl|P0A9R7-3.A.1.140.1	34.3	71.8	73.4	172	3.49e-18	79.7
WP_006851007.1	lcl|P42423-3.A.1.134.6	30.0	85.5	78.2	213	4.46e-18	80.1
WP_006851007.1	lcl|P16676-3.A.1.6.1	31.7	90.6	58.1	218	5.39e-18	81.3
WP_006851007.1	lcl|Q73RE4-3.A.1.19.2	38.2	67.1	70.0	157	5.41e-18	79.0
WP_006851007.1	lcl|O34900-3.A.1.3.13	30.9	89.3	81.9	220	6.36e-18	79.7
WP_006851039.1	lcl|Q31RZ5-3.A.5.4.1	50.4	97.8	98.1	482	1.20e-144	422
WP_006851039.1	lcl|P0AG90-2.A.6.4.1	32.6	84.8	62.1	436	8.70e-54	190
WP_006851039.1	lcl|Q5SKE6-2.A.6.4.3	33.0	91.1	54.1	454	5.65e-44	164
WP_006851039.1	lcl|O32047-2.A.6.4.2	27.6	95.1	55.0	489	2.70e-41	157
WP_006851039.1	lcl|O32047-3.A.5.2.1	27.6	95.1	55.0	489	2.70e-41	157
WP_006851039.1	lcl|Q50634-3.A.5.2.2	29.6	93.7	91.3	537	4.93e-39	149
WP_006851039.1	lcl|Q8U4B4-3.A.5.7.2	34.1	35.7	35.4	179	1.06e-12	69.7
WP_006851039.1	lcl|Q5UXT5-3.A.5.7.1	29.5	38.1	36.7	193	2.47e-07	52.8
WP_006851041.1	lcl|O23166-3.D.3.5.2	35.8	85.3	61.7	165	2.37e-27	103
WP_006851041.1	lcl|Q9JTL9-5.A.1.1.2	29.4	42.4	14.1	85	1.01e-06	47.8
WP_006851041.1	lcl|P30101-8.A.88.2.7	28.9	42.9	15.8	83	2.07e-04	40.8
WP_006851046.1	lcl|A7IKV9-9.B.365.4.1	29.9	44.7	34.0	147	5.23e-08	53.5
WP_006851047.1	lcl|G4FGN6-3.A.1.1.41	36.6	97.4	95.0	265	1.86e-47	159
WP_006851047.1	lcl|Q72H66-3.A.1.1.25	37.2	97.4	94.3	266	1.86e-44	151
WP_006851047.1	lcl|Q9R9Q5-3.A.1.1.17	34.7	97.4	94.9	265	6.13e-41	142
WP_006851047.1	lcl|O50453-3.A.1.1.31	36.4	95.2	93.4	258	1.26e-39	138
WP_006851047.1	lcl|O51925-3.A.1.1.7	37.2	94.5	91.7	258	2.96e-38	135
WP_006851047.1	lcl|Q9AI66-3.A.1.1.12	37.6	77.9	74.0	213	1.46e-37	133
WP_006851047.1	lcl|Q93J92-3.A.1.1.36	32.3	97.4	86.6	266	7.38e-30	113
WP_006851047.1	lcl|Q8KN17-3.A.1.1.33	32.2	94.5	92.1	261	3.64e-28	108
WP_006851047.1	lcl|Q6MNM1-3.A.1.1.51	29.1	97.8	97.4	268	6.76e-26	102
WP_006851047.1	lcl|P77716-3.A.1.1.46	28.0	97.4	94.3	268	2.14e-24	98.6
WP_006851047.1	lcl|O30833-3.A.1.1.5	29.1	99.3	97.8	275	3.85e-24	97.8
WP_006851047.1	lcl|O30493-3.A.1.1.49	29.2	93.4	90.2	257	3.81e-22	92.4
WP_006851047.1	lcl|Q00751-3.A.1.1.28	26.8	93.4	91.0	257	3.80e-21	89.7
WP_006851047.1	lcl|Q8Z042-3.A.1.1.52	29.2	94.8	92.0	264	1.90e-20	87.8
WP_006851047.1	lcl|Q8RJU8-3.A.1.1.18	28.2	93.4	82.1	262	2.14e-20	88.2
WP_006851047.1	lcl|A5LBQ4-3.A.1.1.47	24.9	94.8	90.0	257	5.42e-20	86.7
WP_006851047.1	lcl|P29824-3.A.1.1.4	27.5	94.5	91.2	258	1.75e-19	85.1
WP_006851047.1	lcl|D6ZW62-3.A.1.1.48	27.7	97.4	85.4	274	2.25e-19	85.5
WP_006851047.1	lcl|Q8TZQ0-3.A.1.1.16	31.4	79.3	52.3	226	5.08e-19	85.5
WP_006851047.1	lcl|Q72KX4-3.A.1.1.24	28.6	79.7	83.6	227	1.13e-18	82.8
WP_006851047.1	lcl|P94530-3.A.1.1.34	27.3	83.8	79.4	227	1.36e-18	82.8
WP_006851047.1	lcl|Q48397-3.A.1.1.6	26.0	94.1	91.0	258	8.79e-18	80.5
WP_006851047.1	lcl|Q8DT26-3.A.1.1.27	26.7	98.2	95.3	270	8.91e-18	80.5
WP_006851047.1	lcl|Q9Z3R7-3.A.1.1.8	30.7	84.5	61.1	238	3.15e-17	80.1
WP_006851047.1	lcl|Q97ZC1-3.A.1.1.15	26.1	83.8	82.4	230	7.19e-17	77.8
WP_006851048.1	lcl|Q9SS94-3.A.16.1.5	24.3	32.0	31.1	263	1.28e-04	45.1
WP_006851048.1	lcl|Q9ZPR1-3.A.16.1.5	28.0	16.6	23.1	143	6.03e-04	42.7
WP_006851048.1	lcl|F2Z6D2-3.A.31.1.3	27.6	12.7	31.0	116	6.28e-04	42.4
WP_006851048.1	lcl|P46468-3.A.25.2.1	27.4	16.6	11.1	146	9.32e-04	42.4
WP_006851059.1	lcl|BAK19948-3.A.2.1.10	82.8	96.5	97.1	470	1.25e-278	763
WP_006851059.1	lcl|P00830-3.A.2.1.3	66.9	99.2	93.2	483	9.36e-224	625
WP_006851059.1	lcl|P29707-3.A.2.1.2	69.4	96.7	98.3	471	6.38e-223	621
WP_006851059.1	lcl|A1B8P0-3.A.2.1.7	68.3	97.9	99.4	477	1.16e-222	620
WP_006851059.1	lcl|P06576-3.A.2.1.15	67.1	98.6	89.4	480	1.45e-222	622
WP_006851059.1	lcl|P50002-3.A.2.1.5	68.6	96.5	98.5	472	1.66e-220	615
WP_006851059.1	lcl|P07677-3.A.2.1.14	66.9	97.5	99.6	478	3.03e-220	614
WP_006851059.1	lcl|A0ZW41-3.A.2.1.11	66.9	96.5	81.0	471	8.84e-218	612
WP_006851059.1	lcl|Q8I0V2-3.A.2.1.16	66.3	96.7	88.2	478	2.83e-214	602
WP_006851059.1	lcl|F8L1Z1-3.A.2.1.6	65.2	96.5	98.3	471	6.32e-214	598
WP_006851059.1	lcl|I7LZV1-3.A.2.1.4	64.9	96.5	93.2	470	1.21e-213	598
WP_006851059.1	lcl|P0ABB4-3.A.2.1.1	64.7	96.5	99.3	470	4.19e-205	575
WP_006851059.1	lcl|Q9GPE9-3.A.2.1.13	60.7	97.7	90.8	476	5.28e-191	542
WP_006851059.1	lcl|BAK19931-3.A.2.1.9	53.7	96.3	96.8	469	5.65e-171	489
WP_006851059.1	lcl|Q467E9-3.A.2.1.12	50.2	95.7	96.4	466	2.94e-159	459
WP_006851059.1	lcl|P40290-3.A.6.1.1	30.3	79.7	84.1	389	7.58e-43	157
WP_006851059.1	lcl|O84676-3.A.6.3.1	32.0	71.9	77.6	362	2.59e-39	147
WP_006851059.1	lcl|P26465-3.A.6.2.1	30.2	76.6	77.6	381	1.78e-35	137
WP_006851059.1	lcl|P0A1B9-3.A.6.1.3	29.5	80.7	87.2	403	3.63e-33	130
WP_006851059.1	lcl|P0A1C1-3.A.6.1.2	29.4	84.4	92.6	422	9.18e-33	129
WP_006851059.1	lcl|D3E1Z2-3.A.2.3.2	26.1	84.4	88.5	421	6.66e-32	127
WP_006851059.1	lcl|Q56404-3.A.2.2.1	28.0	67.6	70.7	346	5.21e-31	124
WP_006851059.1	lcl|BAK19938-3.A.2.1.9	28.3	73.9	68.5	367	1.58e-29	120
WP_006851059.1	lcl|Q8W4E2-3.A.2.2.5	27.0	83.8	85.8	433	4.20e-29	119
WP_006851059.1	lcl|P11574-3.A.2.2.5	26.4	83.8	85.8	432	2.58e-28	117
WP_006851069.1	lcl|Q8YPM8-3.A.1.3.18	51.8	90.5	88.3	272	1.04e-81	248
WP_006851069.1	lcl|P45767-3.A.1.3.26	33.6	96.3	93.9	369	2.53e-44	154
WP_006851069.1	lcl|Q52813-3.A.1.3.8	32.1	87.8	85.8	343	4.85e-40	143
WP_006851069.1	lcl|Q52664-3.A.1.3.7	28.5	97.0	93.9	400	2.33e-27	109
WP_006851069.1	lcl|Q88NY3-3.A.1.3.19	35.0	72.6	83.5	217	1.01e-25	102
WP_006851069.1	lcl|Q9I403-3.A.1.3.22	34.6	72.6	83.5	217	1.42e-24	99.0
WP_006851069.1	lcl|P73544-3.A.1.3.12	31.4	56.8	28.9	169	1.69e-20	90.9
WP_006851069.1	lcl|P0AER3-3.A.1.3.4	33.9	63.5	73.2	189	1.27e-19	85.5
WP_006851069.1	lcl|A1VZQ3-3.A.1.3.16	31.9	63.5	66.8	188	3.59e-19	84.3
WP_006851069.1	lcl|Q9CES5-3.A.1.3.25	30.4	69.9	27.0	207	1.84e-18	85.1
WP_006851069.1	lcl|Q8YSA2-3.A.1.3.17	32.6	58.8	31.7	175	1.63e-17	82.0
WP_006851069.1	lcl|P48245-3.A.1.3.9	31.4	63.9	62.6	191	2.37e-17	79.7
WP_006851069.1	lcl|O34315-3.A.1.3.13	30.5	56.4	64.0	167	2.69e-17	79.0
WP_006851069.1	lcl|Q52665-3.A.1.3.7	30.5	90.5	60.4	285	8.32e-17	79.7
WP_006851069.1	lcl|Q8YPM7-3.A.1.3.18	32.4	69.3	49.1	210	1.21e-16	79.0
WP_006851069.1	lcl|Q9I404-3.A.1.3.22	29.9	69.6	83.8	211	2.62e-16	75.9
WP_006851069.1	lcl|Q52814-3.A.1.3.8	26.1	85.1	63.0	264	7.60e-16	76.6
WP_006851069.1	lcl|P54536-3.A.1.3.15	30.9	59.1	70.8	175	8.92e-16	74.3
WP_006851069.1	lcl|P35113-3.A.1.3.6	32.8	60.1	69.3	180	1.27e-15	74.3
WP_006851069.1	lcl|P48244-3.A.1.3.9	31.4	62.2	77.2	185	1.95e-15	73.6
WP_006851069.1	lcl|Q9HU29-3.A.1.3.23	28.4	67.6	85.2	208	5.21e-15	72.4
WP_006851069.1	lcl|Q9F3K6-3.A.1.3.24	31.7	62.8	56.3	186	7.61e-15	73.2
WP_006851069.1	lcl|EAQ71872.1-3.A.1.3.16	29.9	62.5	74.9	187	1.56e-14	70.9
WP_006851069.1	lcl|P45768-3.A.1.3.26	39.6	33.1	27.5	101	1.95e-14	72.4
WP_006851069.1	lcl|P0AFT2-3.A.1.3.10	30.4	56.8	64.9	168	2.24e-14	70.5
WP_006851085.1	lcl|Q6MDD6-3.A.7.16.1	29.0	78.5	52.7	431	3.36e-20	94.0
WP_006851096.1	lcl|P27830-9.B.18.2.4	24.9	98.6	95.2	373	7.75e-15	74.3
WP_006851096.1	lcl|WP_216200341.1-9.B.18.2.2	25.6	55.0	26.6	195	8.72e-04	40.8
WP_006851106.1	lcl|Q84VJ0-8.A.21.2.3	29.3	64.1	59.3	167	2.34e-13	67.8
WP_006851106.1	lcl|P35232-8.A.21.2.8	27.0	61.0	56.6	159	2.77e-10	58.9
WP_006851106.1	lcl|EGP9180347.1-8.A.195.1.5	24.7	86.9	89.2	239	4.75e-07	49.3
WP_006851123.1	lcl|Q9LKU2-2.A.64.2.1	58.3	78.9	38.8	60	3.16e-18	72.8
WP_006851123.1	lcl|Q9XH75-2.A.64.2.1	60.4	63.2	18.5	48	1.66e-12	59.7
WP_006851123.1	lcl|Q6MK41-2.A.64.1.3	36.8	89.5	82.7	68	3.88e-10	50.4
WP_006851123.1	lcl|O05522-2.A.64.3.2	53.7	53.9	71.9	41	6.38e-10	49.3
WP_006851123.1	lcl|O31467-2.A.64.3.1	48.8	53.9	58.6	41	1.22e-09	48.9
WP_006851123.1	lcl|Q6MGQ8-2.A.64.1.3	39.6	69.7	44.9	53	3.72e-08	46.2
WP_006851123.1	lcl|Q6ML26-2.A.64.1.3	35.7	55.3	53.2	42	1.10e-06	41.6
WP_006851123.1	lcl|Q1CZY1-2.A.64.1.2	39.2	67.1	28.0	51	3.21e-06	42.0
WP_006851123.1	lcl|D4GVK4-2.A.64.1.6	33.3	63.2	53.3	48	2.15e-05	38.5
WP_006851123.1	lcl|P69428-2.A.64.1.1	32.0	65.8	56.2	50	4.20e-05	37.7
WP_006851123.1	lcl|Q9RJ68-2.A.64.2.2	48.4	40.8	32.6	31	6.56e-05	37.4
WP_006851123.1	lcl|D4GWC8-2.A.64.1.7	34.8	60.5	50.5	46	8.63e-05	37.0
WP_006851123.1	lcl|P0A843-2.A.64.1.1	38.5	51.3	58.2	39	1.55e-04	35.8
WP_006851123.1	lcl|Q1D854-2.A.64.1.2	39.0	53.9	44.6	41	1.74e-04	36.2
WP_006851129.1	lcl|Q00X06-9.A.54.3.4	35.2	32.1	13.2	71	3.70e-06	46.6
WP_006851132.1	lcl|O86994-1.B.23.1.1	35.4	94.5	94.9	520	1.07e-75	247
WP_006851132.1	lcl|G6FN26-1.B.23.1.9	39.3	93.3	90.9	517	1.41e-74	244
WP_006851132.1	lcl|Q59991-1.B.23.1.2	29.1	92.3	90.6	540	1.34e-46	170
WP_006851132.1	lcl|P15730-1.B.23.1.25	29.4	94.3	93.0	534	5.71e-41	154
WP_006851132.1	lcl|E1L471-1.B.23.1.6	38.3	21.8	24.0	115	5.39e-13	70.5
WP_006851132.1	lcl|G9PU91-1.B.23.1.20	32.4	34.4	34.4	185	1.07e-11	66.6
WP_006851132.1	lcl|A1HRI2-1.B.23.1.4	31.5	27.7	32.8	149	1.53e-10	62.8
WP_006851132.1	lcl|Q25BZ4-1.B.23.1.24	40.6	18.5	22.0	96	6.22e-10	60.8
WP_006851132.1	lcl|C9KQR1-1.B.23.1.23	34.7	22.0	27.7	121	5.94e-09	57.8
WP_006851132.1	lcl|D4S693-1.B.23.1.5	35.7	20.8	24.3	115	1.97e-08	56.2
WP_006851132.1	lcl|C9LVF2-1.B.23.1.3	38.6	15.7	17.2	83	1.99e-08	56.2
WP_006851132.1	lcl|G0VLV3-1.B.23.1.10	33.3	20.4	24.0	108	7.63e-08	54.3
WP_006851132.1	lcl|G0VM40-1.B.23.1.18	34.9	20.2	20.9	106	9.85e-07	50.8
WP_006851132.1	lcl|E2ZDM6-1.B.23.1.7	36.1	18.1	22.5	97	6.47e-06	48.1
WP_006851144.1	lcl|Q54710-3.D.3.5.3	82.5	100	100	160	1.86e-97	277
WP_006851144.1	lcl|Q93SX1-3.D.3.5.6	80.8	97.5	97.5	156	2.00e-92	265
WP_006851144.1	lcl|7R0W_B-3.D.3.5.7	76.3	100	100	160	4.70e-91	261
WP_006851144.1	lcl|P27589-3.E.2.2.2	76.3	100	100	160	4.70e-91	261
WP_006851144.1	lcl|P56774-3.D.3.5.2	78.1	100	100	160	4.70e-91	261
WP_006851144.1	lcl|P00163-3.D.3.3.1	40.7	36.9	15.3	59	7.68e-08	50.1
WP_006851144.1	lcl|P00157-3.D.3.2.1	33.3	61.3	28.2	108	3.52e-07	48.1
WP_006851144.1	lcl|Q02768-3.D.3.2.2	32.0	44.4	19.9	75	8.33e-05	41.2
WP_006851144.1	lcl|P46913-3.D.3.4.1	28.3	71.9	46.3	120	1.31e-04	40.4
WP_006851152.1	lcl|Q8DHE9-3.D.4.4.4	62.6	93.0	93.3	516	2.29e-247	689
WP_006851152.1	lcl|A0R0M4-3.D.3.5.5	43.6	97.8	94.5	557	1.77e-158	464
WP_006851152.1	lcl|P24010-3.D.4.4.1	46.9	89.0	79.7	497	2.44e-157	462
WP_006851152.1	lcl|Q79VD7-3.D.4.4.2	42.9	94.6	92.5	545	1.55e-151	446
WP_006851152.1	lcl|Q9X813-3.D.4.4.5	45.0	91.5	88.4	518	7.25e-151	444
WP_006851152.1	lcl|P00396-3.D.4.7.1	43.8	89.2	96.9	498	1.23e-146	431
WP_006851152.1	lcl|P98005-3.D.4.4.3	44.3	89.9	63.5	503	1.28e-146	441
WP_006851152.1	lcl|P00395-3.D.4.11.1	43.9	89.2	97.1	501	6.12e-144	424
WP_006851152.1	lcl|P33517-3.D.4.6.2	41.6	92.1	96.3	546	2.98e-141	419
WP_006851152.1	lcl|P98002-3.D.4.6.1	41.7	89.7	93.7	523	8.34e-139	413
WP_006851152.1	lcl|P33518-3.D.4.3.1	42.9	87.7	82.1	490	1.23e-135	406
WP_006851152.1	lcl|WP_063334853.1-3.D.4.5.2	41.9	89.0	77.0	501	9.23e-135	405
WP_006851152.1	lcl|P00401-3.D.4.8.1	40.0	84.5	88.6	473	8.11e-130	389
WP_006851152.1	lcl|WRI60233.1-3.D.4.11.2	41.6	85.8	90.5	478	4.22e-127	382
WP_006851152.1	lcl|P0ABI8-3.D.4.5.1	41.3	89.0	75.7	504	2.71e-121	371
WP_006851152.1	lcl|P94117-3.D.4.9.1	27.4	48.8	46.0	274	1.38e-25	110
WP_006851152.1	lcl|P98004-3.D.4.1.1	22.8	77.5	83.2	456	1.82e-19	91.3
WP_006851168.1	lcl|Q1D027-1.A.1.24.3	36.8	96.4	95.6	269	2.74e-47	158
WP_006851168.1	lcl|WP_113634519.1-1.A.1.24.6	32.6	96.7	96.7	276	9.54e-45	152
WP_006851168.1	lcl|Q08U57-1.A.1.24.2	39.5	73.1	87.1	205	1.75e-40	139
WP_006851168.1	lcl|B7K3R7-1.A.1.24.4	29.5	98.5	96.7	275	2.67e-23	95.5
WP_006851168.1	lcl|Q9H3M0-1.A.1.2.18	26.1	85.1	50.2	249	8.79e-22	94.0
WP_006851168.1	lcl|Q26094-1.A.1.2.22	26.2	77.8	47.0	229	5.41e-21	91.7
WP_006851168.1	lcl|A0NP85-1.A.1.24.5	31.9	76.4	47.5	229	3.08e-20	89.4
WP_006851168.1	lcl|P97557-1.A.1.2.9	26.8	76.4	44.5	224	4.80e-20	89.0
WP_006851168.1	lcl|Q86GI9-1.A.1.2.8	26.4	83.3	54.1	269	6.30e-20	88.6
WP_006851168.1	lcl|Q9NZV8-1.A.1.2.5	26.9	77.8	36.0	227	4.70e-19	86.3
WP_006851168.1	lcl|P17972-1.A.1.2.2	28.4	66.2	38.6	194	1.81e-18	84.3
WP_006851168.1	lcl|Q9NSA2-1.A.1.2.28	26.5	88.0	39.7	257	2.14e-18	84.3
WP_006851168.1	lcl|Q14721-1.A.1.2.11	25.8	83.3	28.4	248	3.19e-18	84.0
WP_006851168.1	lcl|P22459-1.A.1.2.31	25.9	72.4	32.8	216	2.37e-17	81.3
WP_006851168.1	lcl|Q9UK17-1.A.1.2.19	26.8	66.9	29.0	190	2.38e-17	81.3
WP_006851168.1	lcl|Q02006-1.A.1.24.1	26.7	76.4	52.7	232	7.31e-17	79.3
WP_006851168.1	lcl|Q96KK3-1.A.1.2.7	27.8	88.0	51.5	277	1.73e-16	78.6
WP_006851168.1	lcl|P17970-1.A.1.2.1	26.6	77.8	23.2	233	2.96e-16	78.2
WP_006851168.1	lcl|P17971-1.A.1.2.3	24.7	77.8	46.3	227	3.00e-16	77.8
WP_006851168.1	lcl|P16389-1.A.1.2.10	34.9	39.6	21.6	109	4.11e-16	77.4
WP_006851168.1	lcl|Q9UIX4-1.A.1.2.27	28.5	77.5	43.9	235	1.39e-15	75.9
WP_006851168.1	lcl|P17658-1.A.1.2.29	33.6	40.0	20.6	110	2.57e-15	75.1
WP_006851168.1	lcl|P22001-1.A.1.2.4	34.9	39.6	18.8	109	2.69e-15	75.1
WP_006851168.1	lcl|Q92953-1.A.1.2.25	26.3	83.3	26.8	247	3.16e-15	75.1
WP_006851168.1	lcl|Q09470-1.A.1.2.12	33.0	39.6	21.8	109	4.49e-15	74.3
WP_006851183.1	lcl|WP_069094398.1-2.A.86.3.3	29.8	47.1	23.8	171	1.30e-10	62.4
WP_006851183.1	lcl|O32095-2.A.86.1.8	25.0	48.7	47.4	176	6.01e-09	56.6
WP_006851183.1	lcl|P0AGM0-2.A.86.1.2	23.4	80.8	76.8	291	7.52e-08	53.1
WP_006851183.1	lcl|F8FLY5-2.A.86.1.11	22.7	89.7	86.0	322	5.72e-07	50.4
WP_006851183.1	lcl|P0AFS5-2.A.86.1.4	27.3	30.4	32.0	110	7.25e-06	47.0
WP_006851183.1	lcl|C9VRY8-2.A.86.1.5	30.1	39.8	22.2	146	1.03e-05	47.0
WP_006851185.1	lcl|GIM07801.1-3.E.1.5.3	29.6	46.1	5.2	115	5.17e-11	62.0
WP_006851185.1	lcl|Q7MVV4-2.A.130.1.1	29.7	48.2	22.4	118	8.11e-09	55.1
WP_006851185.1	lcl|Q9C5U0-9.B.238.3.7	26.6	46.1	11.3	124	1.09e-05	45.8
WP_006851199.1	lcl|Q9V0A4-3.B.1.1.5	30.1	61.8	32.4	186	1.91e-09	57.8
WP_006851199.1	lcl|Q57079-3.B.1.1.2	25.7	46.4	26.5	136	1.90e-05	45.4
WP_006851199.1	lcl|O06926-3.B.1.1.4	25.9	45.1	46.2	147	3.45e-05	44.3
WP_006851201.1	lcl|P52002-2.A.6.2.6	33.6	98.6	97.8	1037	8.57e-166	514
WP_006851201.1	lcl|Q9I0Y8-2.A.6.2.16	33.7	99.0	97.7	1043	2.05e-163	509
WP_006851201.1	lcl|Q8ZRG9-2.A.6.2.25	34.1	98.7	97.9	1039	1.30e-162	506
WP_006851201.1	lcl|Q4LDT6-2.A.6.2.34	33.9	98.7	97.3	1031	6.69e-162	504
WP_006851201.1	lcl|O52248-2.A.6.2.9	33.1	98.3	97.0	1032	5.28e-159	497
WP_006851201.1	lcl|Q8GC83-2.A.6.2.19	32.6	99.0	98.8	1037	7.11e-159	496
WP_006851201.1	lcl|Q9KJC2-2.A.6.2.8	33.1	98.3	97.0	1034	1.04e-158	496
WP_006851201.1	lcl|Q0VQY6-2.A.6.2.46	31.9	98.7	98.3	1033	9.27e-157	491
WP_006851201.1	lcl|Q2FD81-2.A.6.2.44	32.4	99.1	97.6	1045	2.03e-156	490
WP_006851201.1	lcl|Q8GKU1-2.A.6.2.4	32.9	99.1	98.8	1035	2.25e-156	489
WP_006851201.1	lcl|P31224-2.A.6.2.2	32.2	98.7	97.9	1034	6.09e-156	489
WP_006851201.1	lcl|Q2FD70-2.A.6.2.40	31.7	98.7	98.1	1029	9.63e-154	483
WP_006851201.1	lcl|Q84GI9-2.A.6.2.31	33.0	99.0	98.7	1044	6.78e-153	481
WP_006851201.1	lcl|P24181-2.A.6.2.1	32.5	98.7	99.2	1039	3.71e-152	478
WP_006851201.1	lcl|Q9RBY8-2.A.6.2.41	32.2	98.7	98.0	1040	2.87e-151	476
WP_006851201.1	lcl|Q6V6X8-2.A.6.2.18	31.3	98.3	97.2	1036	1.07e-150	475
WP_006851201.1	lcl|Q2AAU3-2.A.6.2.26	31.7	98.7	97.2	1033	1.21e-150	475
WP_006851201.1	lcl|Q6VV68-2.A.6.2.23	31.4	98.0	95.5	1030	1.24e-149	473
WP_006851201.1	lcl|Q8Y3H0-2.A.6.2.45	31.2	98.7	97.5	1035	2.26e-149	471
WP_006851201.1	lcl|C5IZH1-2.A.6.2.47	32.4	99.0	98.4	1047	2.31e-149	471
WP_006851201.1	lcl|P37637-2.A.6.2.13	31.2	98.7	98.7	1042	2.36e-149	471
WP_006851201.1	lcl|Q24LT7-2.A.6.2.29	31.3	98.6	97.9	1050	3.91e-149	471
WP_006851201.1	lcl|P24177-2.A.6.2.7	31.3	98.7	98.7	1034	2.47e-148	468
WP_006851201.1	lcl|B2FLY4-2.A.6.2.14	30.9	99.0	97.8	1040	2.17e-146	464
WP_006851201.1	lcl|E3DBE3-2.A.6.2.48	31.2	98.7	98.7	1031	2.02e-145	461
WP_006851206.1	lcl|GIM07801.1-3.E.1.5.3	32.8	44.7	5.4	119	6.05e-13	68.2
WP_006851206.1	lcl|Q9C5U0-9.B.238.3.7	25.4	46.9	12.2	134	1.74e-05	45.4
WP_006851218.1	lcl|WP_156573833.1-9.B.391.1.2	35.8	82.1	69.5	204	3.46e-21	87.8
WP_006851218.1	lcl|P00803-9.B.391.1.3	29.2	77.0	70.7	236	4.55e-15	71.6
WP_006851218.1	lcl|P46972-9.B.391.1.1	26.5	93.4	92.1	189	3.70e-11	58.9
WP_006851218.1	lcl|P28627-9.B.391.1.1	30.1	67.3	61.1	133	9.02e-05	41.2
WP_006851218.1	lcl|OGH12157.1-2.A.133.1.9	27.5	51.5	32.9	109	8.28e-04	38.9
WP_006851221.1	lcl|P10121-3.A.5.1.1	45.0	60.5	60.4	309	1.16e-74	243
WP_006851221.1	lcl|P66842-3.A.5.2.2	43.4	60.1	70.9	304	3.86e-62	208
WP_006851221.1	lcl|O80842-3.A.5.1.2	36.8	63.1	85.8	323	7.48e-53	182
WP_006851221.1	lcl|Q8U051-3.A.5.7.2	38.2	54.0	83.5	280	2.97e-46	163
WP_006851221.1	lcl|Q5UY25-3.A.5.7.1	33.9	53.8	62.2	274	1.19e-36	140
WP_006851221.1	lcl|Q8U070-3.A.5.7.2	32.1	55.4	61.2	280	6.00e-34	132
WP_006851221.1	lcl|P66844-3.A.5.2.2	33.2	57.1	55.8	304	4.14e-33	131
WP_006851221.1	lcl|P37107-3.A.5.1.2	32.6	57.9	52.3	310	4.94e-32	129
WP_006851221.1	lcl|P0AGD7-3.A.5.1.1	31.5	54.2	58.9	279	7.44e-32	127
WP_006851221.1	lcl|P61011-3.A.5.9.1	31.3	57.1	56.7	300	7.07e-30	122
WP_006851221.1	lcl|Q5UY20-3.A.5.7.1	31.9	54.2	55.4	273	4.82e-28	116
WP_006851221.1	lcl|Q3C2E8-9.B.76.1.1	30.8	53.4	51.2	276	1.56e-25	109
WP_006851221.1	lcl|P32916-3.A.5.8.1	26.1	59.7	50.1	330	1.01e-12	70.1
WP_006851221.1	lcl|B7HI79-3.A.5.7.3	25.1	36.1	39.4	183	3.24e-04	42.7
WP_006851224.1	lcl|Q643C2-9.B.97.3.1	31.3	60.1	51.1	246	3.71e-13	70.1
WP_006851224.1	lcl|B9DIS8-9.B.97.5.1	25.8	95.5	56.3	384	2.32e-08	55.5
WP_006851247.1	lcl|KOO27619.1-2.A.54.1.13	29.0	86.1	21.6	69	2.08e-04	37.4
WP_006851262.1	lcl|Q8ID54-3.A.25.2.1	37.7	55.3	36.1	212	1.02e-35	137
WP_006851262.1	lcl|B7FYG1-3.A.25.1.1	32.4	35.7	13.1	145	5.58e-11	63.9
WP_006851262.1	lcl|Q8I553-3.A.16.1.3	28.1	35.4	19.4	135	4.58e-10	60.8
WP_006851262.1	lcl|Q8I5F9-3.A.16.1.3	25.9	46.0	17.4	201	1.39e-06	50.1
WP_006851268.1	lcl|RAS33480.1-8.A.229.1.2	27.4	79.1	71.9	617	1.49e-52	194
WP_006851268.1	lcl|CCI61643.1-8.A.229.1.3	25.0	75.0	73.8	576	2.52e-35	142
WP_006851268.1	lcl|CRH68686.1-8.A.229.1.1	25.2	43.0	70.3	305	1.59e-14	75.9
WP_006851271.1	lcl|Q31RZ6-3.A.5.4.1	43.0	93.3	94.6	309	3.28e-68	215
WP_006851271.1	lcl|Q5SKE6-2.A.6.4.3	36.2	82.1	34.4	271	4.86e-38	143
WP_006851271.1	lcl|P0AG93-2.A.6.4.1	34.1	79.9	76.5	276	6.03e-29	113
WP_006851271.1	lcl|O32047-2.A.6.4.2	33.9	52.9	23.5	177	1.11e-24	104
WP_006851271.1	lcl|O32047-3.A.5.2.1	33.9	52.9	23.5	177	1.11e-24	104
WP_006851271.1	lcl|Q50635-3.A.5.2.2	28.0	92.4	66.5	321	4.82e-21	92.8
WP_006851271.1	lcl|Q31RZ5-3.A.5.4.1	26.2	51.7	35.1	172	9.20e-04	40.4
WP_006851273.1	lcl|OLS17256-4.D.1.1.15	23.1	72.5	48.4	299	4.90e-11	63.9
WP_006851273.1	lcl|B3EBP1-4.D.1.3.3	29.9	32.0	8.4	127	3.45e-09	58.5
WP_006851273.1	lcl|P75905-4.D.1.1.3	31.4	28.7	24.9	118	2.07e-08	55.5
WP_006851273.1	lcl|Q54066-4.D.1.1.2	22.5	52.1	47.3	209	1.25e-04	43.5
WP_006851276.1	lcl|A9SUG7-9.A.15.3.1	37.3	91.7	77.0	150	3.93e-24	91.3
WP_006851278.1	lcl|O51924-3.A.1.1.7	38.5	91.0	86.7	262	5.70e-57	184
WP_006851278.1	lcl|G4FGN7-3.A.1.1.41	41.1	81.3	79.9	236	9.12e-54	176
WP_006851278.1	lcl|Q72H67-3.A.1.1.25	38.9	93.1	92.1	270	2.42e-53	175
WP_006851278.1	lcl|Q8L125-3.A.1.1.19	34.8	92.4	86.1	282	3.34e-48	162
WP_006851278.1	lcl|Q9R9Q6-3.A.1.1.17	34.9	92.4	85.1	281	3.69e-48	162
WP_006851278.1	lcl|Q9AI67-3.A.1.1.12	38.8	77.8	72.2	237	3.13e-41	144
WP_006851278.1	lcl|O50452-3.A.1.1.31	32.3	97.9	88.9	285	6.64e-38	135
WP_006851278.1	lcl|Q9WYB4-3.A.1.1.37	31.2	93.1	90.5	269	4.44e-34	125
WP_006851278.1	lcl|Q5SLB6-3.A.1.1.50	33.8	94.4	97.3	293	2.76e-32	120
WP_006851278.1	lcl|Q6MNM0-3.A.1.1.51	30.3	89.9	35.6	261	3.77e-31	122
WP_006851278.1	lcl|I7GC87-3.A.1.1.60	33.2	91.0	88.3	262	4.64e-31	117
WP_006851278.1	lcl|O53484-3.A.1.1.61	30.6	75.3	74.0	222	4.20e-30	114
WP_006851278.1	lcl|Q8YU29-3.A.1.1.52	30.8	87.2	83.7	253	2.26e-29	112
WP_006851278.1	lcl|P0AFR7-3.A.1.1.46	27.5	93.4	91.1	276	5.33e-28	108
WP_006851278.1	lcl|Q93J93-3.A.1.1.36	30.4	94.8	85.1	273	5.84e-28	109
WP_006851278.1	lcl|Q93KC0-3.A.1.1.11	29.9	87.5	84.5	254	5.71e-27	106
WP_006851278.1	lcl|Q8KN18-3.A.1.1.33	28.6	93.8	82.6	276	1.90e-26	105
WP_006851278.1	lcl|F6BI03-3.A.1.1.62	32.1	71.5	69.9	215	3.50e-25	101
WP_006851278.1	lcl|P02916-3.A.1.1.1	30.7	71.5	42.4	218	6.66e-22	94.7
WP_006851278.1	lcl|D3R798-3.A.1.1.53	26.6	96.2	82.1	286	8.55e-22	92.8
WP_006851278.1	lcl|O30832-3.A.1.1.5	30.6	86.8	85.9	255	1.28e-21	91.7
WP_006851278.1	lcl|Q00750-3.A.1.1.28	29.3	89.2	87.9	259	1.28e-21	91.7
WP_006851278.1	lcl|Q7WWQ9-3.A.1.1.20	25.5	87.2	85.4	251	1.36e-21	91.7
WP_006851278.1	lcl|Q9KZ07-3.A.1.1.44	33.9	77.1	65.6	233	1.70e-21	92.0
WP_006851278.1	lcl|Q97ZC2-3.A.1.1.15	35.2	55.9	58.5	162	1.93e-21	90.9
WP_006851280.1	lcl|O74887-8.A.147.1.1	56.5	95.5	97.9	191	7.19e-73	218
WP_006851280.1	lcl|WP_019258276.1-8.A.147.1.2	54.4	88.5	97.2	180	2.92e-62	191
WP_006851287.1	lcl|SDJ87353.1-1.A.112.2.13	28.1	93.4	71.8	317	1.15e-20	91.7
WP_006851287.1	lcl|O07585-1.A.112.2.4	24.2	80.1	62.2	281	2.08e-15	76.3
WP_006851287.1	lcl|Q0PBV6-1.A.112.2.3	24.0	83.7	65.0	304	1.67e-14	73.6
WP_006851287.1	lcl|P54428-1.A.112.2.2	24.1	80.1	64.1	278	5.18e-14	72.0
WP_006851287.1	lcl|P37908-1.A.112.2.5	23.3	92.5	72.0	317	9.87e-12	65.1
WP_006851287.1	lcl|SES26846.1-1.A.112.2.7	23.6	92.5	74.3	318	2.28e-11	63.9
WP_006851287.1	lcl|P0A2L3-1.C.126.1.2	25.3	47.6	54.1	158	7.82e-11	61.6
WP_006851287.1	lcl|T1Y8N2-1.A.112.2.10	21.9	71.4	55.5	251	2.50e-10	60.8
WP_006851287.1	lcl|AHN67314.1-1.C.126.1.4	27.6	40.4	51.4	134	2.30e-08	53.9
WP_006851287.1	lcl|Q54318-1.C.126.1.1	27.0	41.3	50.0	137	2.00e-06	48.1
WP_006851297.1	lcl|AAZ57803-3.A.1.7.6	70.6	98.4	97.8	310	8.12e-150	422
WP_006851297.1	lcl|P0AGH8-3.A.1.7.1	40.5	94.9	95.3	306	9.42e-62	198
WP_006851297.1	lcl|P0A630-3.A.1.7.4	33.3	89.5	89.5	291	1.09e-35	130
WP_006851297.1	lcl|Q7WTY7-3.A.1.7.2	33.2	92.4	84.3	301	5.26e-33	124
WP_006851297.1	lcl|O51234-3.A.1.7.5	30.6	79.0	79.1	252	4.23e-29	112
WP_006851297.1	lcl|Q7WTY6-3.A.1.7.2	27.3	76.2	72.7	245	1.33e-20	89.7
WP_006851297.1	lcl|AAZ57802-3.A.1.7.6	29.7	74.0	72.0	239	9.55e-18	81.6
WP_006851297.1	lcl|C3KCB6-3.A.1.7.3	26.7	73.3	72.4	236	3.70e-16	77.0
WP_006851297.1	lcl|P07654-3.A.1.7.1	23.7	78.7	77.4	253	4.75e-12	65.1
WP_006851297.1	lcl|P0A627-3.A.1.7.4	26.1	77.1	75.4	249	4.31e-10	59.3
WP_006851297.1	lcl|Q8U4S4-3.A.1.12.9	28.1	34.3	40.4	114	1.94e-05	45.1
WP_006851297.1	lcl|Q8ZPK3-3.A.1.12.14	25.8	48.9	62.3	155	5.94e-05	43.1
WP_006851297.1	lcl|P0AER5-3.A.1.3.4	23.0	38.7	48.2	122	4.95e-04	40.4
WP_006851301.1	lcl|Q9SS94-3.A.16.1.5	40.0	23.4	11.7	105	1.94e-07	53.1
WP_006851301.1	lcl|P46459-1.F.1.1.1	37.5	23.2	14.4	112	3.27e-07	52.4
WP_006851301.1	lcl|P33760-3.A.20.1.5	35.8	23.6	9.6	106	6.23e-07	51.6
WP_006851301.1	lcl|F2Z6D2-3.A.31.1.3	31.4	22.9	26.2	105	1.18e-06	50.1
WP_006851301.1	lcl|Q38IE1-3.A.20.1.3	40.0	17.8	7.5	80	2.46e-06	49.7
WP_006851301.1	lcl|P46468-3.A.25.2.1	34.6	23.2	7.9	104	7.74e-06	48.1
WP_006851301.1	lcl|CAE7420488.1-1.R.1.1.4	28.7	28.5	13.4	129	1.65e-05	47.0
WP_006851301.1	lcl|P54609-3.A.16.1.5	33.1	26.1	13.6	121	2.14e-05	46.6
WP_006851301.1	lcl|Q9ZPR1-3.A.16.1.5	33.7	22.9	16.3	104	2.58e-05	46.2
WP_006851301.1	lcl|P18759-1.F.1.1.2	32.7	23.2	14.1	110	2.78e-05	46.2
WP_006851301.1	lcl|B7G1T3-3.A.25.1.1	34.0	22.9	10.5	103	2.92e-05	46.2
WP_006851301.1	lcl|Q13608-3.A.20.1.1	32.1	23.6	9.7	106	2.95e-05	46.2
WP_006851301.1	lcl|P55072-3.A.16.1.1	33.0	22.9	11.7	103	4.91e-05	45.4
WP_006851301.1	lcl|P0AAI3-3.A.29.1.5	37.0	17.4	11.2	81	6.07e-05	45.1
WP_006851301.1	lcl|P54813-3.A.29.1.2	31.3	35.9	19.8	166	6.29e-05	45.1
WP_006851301.1	lcl|P25694-3.A.16.1.2	32.4	23.6	11.6	108	6.53e-05	45.1
WP_006851301.1	lcl|8XQX_E-3.A.9.1.4	35.5	22.9	10.0	107	6.76e-05	45.1
WP_006851301.1	lcl|Q9UBP0-1.R.1.1.1	36.9	18.7	12.7	84	7.89e-05	44.7
WP_006851301.1	lcl|Q8RY16-3.A.20.1.2	27.7	31.0	12.0	141	1.16e-04	44.3
WP_006851301.1	lcl|NP_001308896.1-1.R.1.1.2	37.7	17.1	19.7	77	1.39e-04	43.5
WP_006851301.1	lcl|8XQX_A-3.A.9.1.4	33.0	22.5	7.9	103	1.59e-04	43.9
WP_006851301.1	lcl|P28737-1.R.1.1.3	30.6	24.3	27.6	111	1.85e-04	43.1
WP_006851301.1	lcl|P24004-3.A.20.1.5	32.0	22.9	9.1	103	2.71e-04	43.1
WP_006851301.1	lcl|ALM13868-3.A.29.1.6	27.1	26.5	19.6	133	3.19e-04	42.7
WP_006851301.1	lcl|C6KT34-3.A.16.1.3	32.4	22.9	11.4	105	3.42e-04	42.7
WP_006851318.1	lcl|Q8DKY0-3.D.1.8.2	54.2	95.9	93.0	493	7.21e-180	515
WP_006851318.1	lcl|P26288-3.D.1.8.1	43.5	94.3	96.4	485	4.12e-132	392
WP_006851318.1	lcl|P29925-3.D.1.2.1	36.5	96.1	96.1	502	2.70e-96	300
WP_006851318.1	lcl|P0AFE8-3.D.1.1.1	39.6	83.8	85.1	444	2.53e-84	269
WP_006851318.1	lcl|F1SVH9-3.D.13.1.1	37.4	85.3	88.3	447	5.25e-83	265
WP_006851318.1	lcl|Q9P9F4-3.D.9.1.1	37.4	85.3	88.3	447	5.25e-83	265
WP_006851318.1	lcl|Q746T8-3.D.1.5.1	37.0	83.6	85.5	433	1.07e-82	265
WP_006851318.1	lcl|OLS18238-3.D.9.1.2	33.5	82.4	85.3	445	3.54e-62	211
WP_006851318.1	lcl|Q0P861-3.D.1.7.1	32.8	78.3	79.0	406	2.89e-56	195
WP_006851318.1	lcl|Q56228-3.D.1.3.1	32.3	68.9	74.2	353	1.25e-49	176
WP_006851318.1	lcl|P03910-3.D.1.6.1	27.7	77.9	86.5	405	6.96e-39	147
WP_006851318.1	lcl|P15582-3.D.1.6.2	26.4	83.6	80.9	432	8.04e-38	145
WP_006851318.1	lcl|P20113-3.D.1.6.4	31.1	72.4	80.1	376	6.35e-37	141
WP_006851318.1	lcl|Q9ZNG6-2.A.63.1.3	26.3	76.3	51.2	415	1.61e-33	134
WP_006851318.1	lcl|O05229-2.A.63.1.4	27.1	68.7	71.6	362	5.96e-33	130
WP_006851318.1	lcl|Q7AJV8-2.A.63.1.2	27.9	78.7	52.9	437	4.10e-32	130
WP_006851318.1	lcl|Q9KD98-2.A.63.1.2	26.4	70.6	73.2	368	1.50e-30	124
WP_006851318.1	lcl|P23482-3.D.1.9.1	27.0	62.2	49.7	337	3.55e-29	121
WP_006851318.1	lcl|Q9K2S2-2.A.63.1.4	26.9	76.1	50.7	412	1.45e-28	119
WP_006851318.1	lcl|OLS18239-3.D.9.1.2	27.4	72.6	72.6	391	3.23e-28	117
WP_006851318.1	lcl|P77437-3.D.1.9.1	27.6	67.9	70.0	377	3.40e-28	117
WP_006851318.1	lcl|P72316-3.D.1.4.3	25.5	80.0	32.8	427	4.63e-28	118
WP_006851318.1	lcl|Q8U100-3.D.1.4.1	27.6	66.1	68.6	362	2.45e-27	114
WP_006851318.1	lcl|Q729R3-3.D.1.4.4	27.0	60.1	25.1	318	4.68e-26	112
WP_006851318.1	lcl|Q52978-2.A.63.1.1	26.6	92.6	46.9	485	2.35e-25	110
WP_006851320.1	lcl|NXT82515.1-8.A.252.1.2	46.7	87.8	70.9	210	2.96e-59	188
WP_006851320.1	lcl|P09601-8.A.252.1.1	45.6	86.1	71.5	206	1.50e-57	184
WP_006851324.1	lcl|V6F2B2-9.A.8.1.7	27.5	50.2	22.3	167	6.90e-07	50.4
WP_006851324.1	lcl|C3LP27-9.A.8.1.18	25.2	45.6	19.3	155	3.66e-05	45.1
WP_006851324.1	lcl|V6EW69-9.A.8.1.16	23.9	48.0	19.4	163	6.49e-05	44.3
WP_006851324.1	lcl|Q5XPH7-9.A.8.1.4	22.4	47.4	21.6	161	5.94e-04	41.2
WP_006851326.1	lcl|OXN28687-2.A.57.3.3	29.1	36.4	23.9	179	2.21e-04	43.1
WP_006851343.1	lcl|Q9WZ49-3.A.29.1.7	49.1	90.5	94.1	586	1.14e-180	525
WP_006851343.1	lcl|P0AAI3-3.A.29.1.5	49.0	89.2	87.3	574	7.36e-174	509
WP_006851343.1	lcl|O67077-3.A.29.1.4	46.8	89.2	88.6	577	4.15e-159	471
WP_006851343.1	lcl|ALM13868-3.A.29.1.6	49.9	78.6	78.6	507	9.19e-156	462
WP_006851343.1	lcl|B7J0N5-3.A.29.1.8	44.3	89.0	87.8	571	4.91e-153	455
WP_006851343.1	lcl|P40341-3.A.29.1.1	46.3	75.9	58.5	497	2.16e-132	408
WP_006851343.1	lcl|P39925-3.A.29.1.1	44.6	75.9	65.2	505	1.14e-128	396
WP_006851343.1	lcl|Q9N3T5-3.A.29.1.2	46.6	71.7	58.3	464	6.01e-127	392
WP_006851343.1	lcl|P54813-3.A.29.1.2	44.0	69.5	61.0	450	1.92e-114	358
WP_006851343.1	lcl|P32795-3.A.29.1.1	43.2	69.8	58.0	451	2.07e-112	353
WP_006851343.1	lcl|8XQX_E-3.A.9.1.4	38.4	80.1	57.0	563	3.25e-102	332
WP_006851343.1	lcl|8XQX_F-3.A.9.1.4	40.6	69.6	44.9	463	6.65e-94	311
WP_006851343.1	lcl|8XQX_B-3.A.9.1.4	31.3	90.9	57.6	646	2.83e-80	275
WP_006851343.1	lcl|8XQX_C-3.A.9.1.4	31.3	90.9	57.6	646	2.83e-80	275
WP_006851343.1	lcl|8XQX_A-3.A.9.1.4	40.4	52.4	31.2	371	1.59e-63	227
WP_006851343.1	lcl|P25694-3.A.16.1.2	42.0	37.9	28.5	243	4.53e-56	203
WP_006851343.1	lcl|P55072-3.A.16.1.1	41.4	36.2	28.8	232	4.72e-56	203
WP_006851343.1	lcl|P54609-3.A.16.1.5	42.4	37.9	29.4	243	2.31e-55	201
WP_006851343.1	lcl|B7G1T3-3.A.25.1.1	41.1	37.2	26.5	246	3.07e-55	202
WP_006851343.1	lcl|C6KT34-3.A.16.1.3	40.6	37.2	28.5	239	1.13e-53	196
WP_006851343.1	lcl|P46468-3.A.25.2.1	43.4	34.4	17.8	221	7.81e-53	196
WP_006851343.1	lcl|Q9ZPR1-3.A.16.1.5	44.7	35.4	37.8	228	4.94e-50	183
WP_006851343.1	lcl|Q9SS94-3.A.16.1.5	41.3	38.2	31.3	264	7.62e-45	171
WP_006851343.1	lcl|P24004-3.A.20.1.5	37.2	40.5	26.3	277	1.84e-44	170
WP_006851343.1	lcl|Q13608-3.A.20.1.1	42.4	35.7	23.3	231	9.79e-44	168
WP_006851354.1	lcl|KAE8286768.1-8.A.88.2.1	37.3	70.1	17.0	75	1.24e-15	70.5
WP_006851354.1	lcl|P30101-8.A.88.2.7	33.0	80.4	17.4	88	2.55e-13	63.9
WP_006851354.1	lcl|Q96JJ7-8.A.88.2.3	37.2	70.1	16.7	78	1.63e-12	61.6
WP_006851354.1	lcl|KDB12436.1-8.A.88.2.4	32.1	76.6	18.5	84	3.03e-12	60.8
WP_006851354.1	lcl|KAG7207183.1-9.B.438.1.5	27.8	84.1	34.8	90	1.29e-11	58.5
WP_006851354.1	lcl|O23166-3.D.3.5.2	28.1	80.4	34.1	89	1.53e-08	50.1
WP_006851354.1	lcl|NP_648847.3-8.A.88.2.6	34.4	58.9	14.9	64	1.83e-08	50.1
WP_006851354.1	lcl|U3IW20-8.A.88.2.2	31.7	71.0	20.2	82	1.18e-07	47.8
WP_006851364.1	lcl|D0WY71-2.A.66.4.5	27.3	89.9	90.2	499	4.86e-32	129
WP_006851364.1	lcl|B1JXG0-2.A.66.4.7	27.9	81.3	81.8	445	3.92e-31	126
WP_006851364.1	lcl|P0AF16-2.A.66.4.3	28.5	88.2	88.8	481	6.30e-29	119
WP_006851364.1	lcl|P37169-2.A.66.4.1	28.6	76.1	76.3	416	7.61e-28	116
WP_006851364.1	lcl|B7IE18-2.A.66.4.8	22.7	81.7	84.2	445	2.29e-15	78.2
WP_006851364.1	lcl|Q65ZW3-2.A.66.4.2	21.0	72.0	73.7	391	1.71e-08	56.6
WP_006851364.1	lcl|V2Y999-2.A.66.1.38	26.6	26.4	22.6	143	1.33e-04	44.3
WP_006851368.1	lcl|P73329-3.A.1.141.1	65.7	99.1	98.5	321	2.32e-144	409
WP_006851368.1	lcl|Q8R6Q4-3.A.1.141.2	33.5	99.7	97.9	334	4.43e-67	213
WP_006851368.1	lcl|PIU92339-3.A.1.105.23	39.8	74.1	75.4	241	2.11e-43	151
WP_006851368.1	lcl|E6SIR7-3.A.1.147.7	39.2	76.9	81.4	250	1.32e-42	148
WP_006851368.1	lcl|P46903-3.A.1.115.1	37.0	64.2	84.1	208	2.19e-41	144
WP_006851368.1	lcl|Q1D0V0-3.A.1.144.3	35.9	90.7	96.4	298	1.92e-40	143
WP_006851368.1	lcl|KXH73394-3.A.1.128.8	39.3	65.7	81.5	214	7.51e-38	135
WP_006851368.1	lcl|Q7UQ83-3.A.1.115.2	34.9	70.7	90.1	229	9.40e-37	132
WP_006851368.1	lcl|Q0W8T4-3.A.1.144.1	34.4	77.5	78.7	253	1.22e-35	130
WP_006851368.1	lcl|J8ABC0-3.A.1.105.9	33.8	67.6	70.0	219	1.41e-35	130
WP_006851368.1	lcl|A8F6Z5-3.A.1.131.3	32.6	66.4	84.1	215	1.96e-35	128
WP_006851368.1	lcl|A8F6Z5-3.A.1.128.4	32.6	66.4	84.1	215	1.96e-35	128
WP_006851368.1	lcl|Q70J75-3.A.1.105.3	35.7	74.1	68.6	241	3.77e-35	129
WP_006851368.1	lcl|O30489-3.A.1.132.1	34.5	73.5	76.2	238	8.04e-35	128
WP_006851368.1	lcl|O30489-2.A.130.1.2	34.5	73.5	76.2	238	8.04e-35	128
WP_006851368.1	lcl|P94440-3.A.1.105.19	29.8	86.1	92.0	289	1.49e-34	127
WP_006851368.1	lcl|P42332-3.A.1.131.1	34.0	63.6	66.0	206	3.64e-34	126
WP_006851368.1	lcl|Q2SDB1-3.A.1.132.4	33.7	74.7	75.2	246	6.14e-34	126
WP_006851368.1	lcl|E8R694-3.A.1.147.3	35.5	66.0	78.1	214	8.49e-34	124
WP_006851368.1	lcl|A0L4K9-3.A.1.132.3	35.9	64.5	60.8	209	1.38e-33	125
WP_006851368.1	lcl|Q6MLX6-3.A.1.105.20	35.0	67.9	88.2	220	1.88e-33	123
WP_006851368.1	lcl|Q7UE58-3.A.1.105.8	33.0	71.6	64.1	233	1.01e-32	124
WP_006851368.1	lcl|AXE37413-3.A.1.130.2	36.9	67.6	71.1	222	1.28e-32	122
WP_006851368.1	lcl|F8FLY7-3.A.1.147.2	33.2	63.3	83.5	205	1.31e-32	120
WP_006851368.1	lcl|C7QI22-3.A.1.105.26	39.0	65.4	27.8	213	4.40e-32	125
WP_006851373.1	lcl|W0WN20-3.A.1.5.39	40.6	97.3	98.5	335	4.77e-67	213
WP_006851373.1	lcl|P77308-3.A.1.5.38	36.7	91.4	91.5	311	1.89e-53	178
WP_006851373.1	lcl|P42062-3.A.1.5.20	33.9	92.9	94.3	316	3.94e-53	177
WP_006851373.1	lcl|P45096-3.A.1.5.27	34.5	92.9	94.6	316	1.10e-49	168
WP_006851373.1	lcl|P75798-3.A.1.5.11	31.1	93.8	94.8	318	4.61e-48	163
WP_006851373.1	lcl|B1W1M1-3.A.1.5.37	34.5	92.0	92.9	313	3.62e-43	150
WP_006851373.1	lcl|O30543-3.A.1.5.4	32.6	95.9	96.1	328	9.27e-43	149
WP_006851373.1	lcl|P0AGH3-3.A.1.5.42	34.7	79.6	85.0	274	2.76e-41	146
WP_006851373.1	lcl|P33591-3.A.1.5.3	33.3	97.3	97.1	333	1.86e-39	141
WP_006851373.1	lcl|P0A2J3-3.A.1.5.5	33.2	79.6	85.0	274	3.05e-39	140
WP_006851373.1	lcl|I6YGV9-3.A.1.5.48	34.1	93.2	92.9	317	8.68e-39	139
WP_006851373.1	lcl|Q5V9S1-3.A.1.5.22	28.6	97.6	99.3	332	1.62e-38	138
WP_006851373.1	lcl|P26903-3.A.1.5.2	29.7	97.9	98.4	333	3.47e-37	135
WP_006851373.1	lcl|Q9CIL1-3.A.1.5.25	30.4	97.3	99.0	332	4.33e-37	134
WP_006851373.1	lcl|Q9F352-3.A.1.5.35	32.3	92.0	92.8	313	3.53e-36	132
WP_006851373.1	lcl|P0A4N7-3.A.1.5.10	29.2	93.5	94.7	318	8.92e-36	131
WP_006851373.1	lcl|F0TFS8-3.A.1.5.32	27.9	92.9	94.0	315	3.38e-35	130
WP_006851373.1	lcl|Q9WXN7-3.A.1.5.16	28.9	92.0	91.1	322	5.00e-35	130
WP_006851373.1	lcl|P08005-3.A.1.5.1	29.1	93.8	95.1	320	1.89e-34	127
WP_006851373.1	lcl|P0AFH2-3.A.1.5.41	29.1	93.8	95.1	320	1.94e-33	125
WP_006851373.1	lcl|Q2FZR7-3.A.1.5.19	27.5	97.3	97.4	331	2.02e-33	125
WP_006851373.1	lcl|I0C488-3.A.1.5.33	29.9	93.8	82.3	321	6.54e-33	124
WP_006851373.1	lcl|Q92NF0-3.A.1.5.17	28.4	98.8	85.4	335	9.00e-33	124
WP_006851373.1	lcl|O86573-3.A.1.5.34	28.5	86.7	86.7	309	1.72e-31	120
WP_006851373.1	lcl|Q8U1J7-3.A.1.5.6	30.1	91.2	91.2	316	2.21e-31	120
WP_006851375.1	lcl|P29296-2.A.114.1.9	25.6	59.7	71.3	117	1.26e-04	40.4
WP_006851377.1	lcl|Q55282-3.A.1.15.1	60.8	97.8	87.6	268	8.61e-110	319
WP_006851377.1	lcl|Q9XCS0-3.A.1.15.7	49.8	98.9	94.8	271	1.21e-87	262
WP_006851377.1	lcl|Q92LL3-3.A.1.15.9	50.4	97.8	94.0	268	1.34e-86	259
WP_006851377.1	lcl|Q56955-3.A.1.15.4	50.8	95.6	88.2	262	1.97e-86	259
WP_006851377.1	lcl|Q56954-3.A.1.15.4	46.9	98.9	92.2	271	4.02e-80	243
WP_006851377.1	lcl|Q92LL2-3.A.1.15.9	50.0	95.6	92.3	262	4.15e-80	243
WP_006851377.1	lcl|Q9XCR9-3.A.1.15.7	49.2	95.6	92.9	262	2.54e-78	238
WP_006851377.1	lcl|Q4V0W5-3.A.1.15.21	47.7	97.1	92.4	266	3.06e-78	238
WP_006851377.1	lcl|Q9RNI8-3.A.1.15.6	41.0	97.1	93.7	266	6.95e-68	211
WP_006851377.1	lcl|Q8DW85-3.A.1.15.20	44.4	93.8	92.1	257	3.39e-67	209
WP_006851377.1	lcl|P42361-3.A.1.15.2	41.6	95.6	94.2	262	8.43e-65	203
WP_006851377.1	lcl|Q2MGF9-3.A.1.15.14	41.4	95.3	92.6	261	2.69e-64	202
WP_006851377.1	lcl|G0LRW8-3.A.1.15.15	42.1	92.0	90.6	252	4.77e-64	201
WP_006851377.1	lcl|A1IQK4-3.A.1.15.10	32.7	88.0	84.2	245	2.88e-34	125
WP_006851377.1	lcl|A1B2F2-3.A.1.15.19	31.2	96.7	93.1	269	1.61e-31	117
WP_006851377.1	lcl|P96119-3.A.1.15.8	31.2	94.9	75.7	279	1.84e-31	119
WP_006851377.1	lcl|B2IWT1-3.A.1.15.13	31.7	94.9	90.3	268	4.96e-28	108
WP_006851377.1	lcl|P96118-3.A.1.15.8	30.6	90.1	86.6	258	3.07e-23	95.9
WP_006851384.1	lcl|O75955-8.A.21.3.1	32.8	42.0	41.7	186	2.05e-26	110
WP_006851384.1	lcl|Q9Z2S9-8.A.21.3.2	31.5	41.8	41.6	184	1.27e-23	102
WP_006851390.1	lcl|WP_106247303.1-1.A.115.1.3	29.3	78.7	62.4	181	2.79e-09	55.5
WP_006851390.1	lcl|RZD32576-1.A.115.1.2	30.7	76.5	67.0	179	9.42e-08	50.8
WP_006851412.1	lcl|OLS30725-3.D.7.1.5	50.0	7.8	5.8	38	5.27e-05	45.4
WP_006851435.1	lcl|Q8KPP2-3.E.2.2.1	75.0	78.3	81.8	36	3.35e-16	63.5
WP_006851435.1	lcl|P62095-3.E.2.2.3	68.4	82.6	97.4	38	1.45e-14	59.3
WP_006851445.1	lcl|OHA58142.1-9.B.259.2.2	30.3	59.3	31.8	234	5.56e-21	94.4
WP_006851445.1	lcl|MAS05117.1-9.B.34.1.7	30.4	58.0	27.3	224	8.62e-19	87.8
WP_006851445.1	lcl|WP_064329934.1-9.B.238.3.2	28.3	71.3	51.7	279	2.76e-17	82.8
WP_006851445.1	lcl|WP_161837784-9.B.238.3.3	29.5	52.9	25.7	207	1.62e-13	71.6
WP_006851445.1	lcl|Q9HV74-2.A.21.9.1	25.3	84.3	33.6	344	4.19e-13	70.5
WP_006851445.1	lcl|GIM07801.1-3.E.1.5.3	25.7	58.5	10.1	226	2.63e-11	65.1
WP_006851445.1	lcl|AIE75112-9.B.238.3.6	27.6	52.7	32.4	217	1.06e-10	62.8
WP_006851445.1	lcl|WP_159769571.1-9.B.238.3.4	26.1	61.7	56.1	264	3.13e-07	51.6
WP_006851457.1	lcl|WP_121250785-4.H.1.1.15	31.6	42.9	27.8	272	4.49e-19	91.3
WP_006851459.1	lcl|Q9F2Y8-3.A.1.105.13	42.6	90.2	89.3	305	3.22e-76	237
WP_006851459.1	lcl|Q53716-3.A.1.105.2	42.1	90.8	93.5	311	2.08e-74	232
WP_006851459.1	lcl|AKM80418-3.A.1.105.21	40.1	92.3	95.3	314	3.89e-73	228
WP_006851459.1	lcl|P32010-3.A.1.105.1	42.1	93.2	93.6	321	3.82e-70	221
WP_006851459.1	lcl|Q70J75-3.A.1.105.3	40.7	92.3	95.4	317	7.36e-69	218
WP_006851459.1	lcl|F8D413-3.A.1.105.12	37.9	91.4	88.4	309	1.71e-60	196
WP_006851459.1	lcl|J8ABC0-3.A.1.105.9	34.2	91.7	98.1	310	4.49e-60	194
WP_006851459.1	lcl|P94440-3.A.1.105.19	35.6	93.5	100	320	1.29e-59	193
WP_006851459.1	lcl|E6SIR7-3.A.1.147.7	41.7	68.2	79.7	235	2.31e-52	174
WP_006851459.1	lcl|WP_230890134-3.A.1.159.2	38.8	73.6	98.4	250	5.55e-52	172
WP_006851459.1	lcl|H8I779-3.A.1.132.8	34.6	94.4	100	318	1.91e-51	172
WP_006851459.1	lcl|AXE37413-3.A.1.130.2	36.5	91.7	98.3	312	2.11e-51	172
WP_006851459.1	lcl|P0A9U1-3.A.1.105.15	34.5	92.3	52.2	313	6.30e-51	177
WP_006851459.1	lcl|C1A6K8-3.A.1.147.1	37.3	74.8	99.6	252	6.37e-50	166
WP_006851459.1	lcl|P46903-3.A.1.115.1	42.0	61.1	84.1	207	1.10e-49	166
WP_006851459.1	lcl|KXH73394-3.A.1.128.8	35.5	76.9	98.8	259	1.58e-49	166
WP_006851459.1	lcl|O58953-3.A.1.128.6	35.7	65.6	87.4	221	5.26e-49	164
WP_006851459.1	lcl|E8R694-3.A.1.147.3	35.5	73.3	96.7	262	1.63e-48	163
WP_006851459.1	lcl|C7QI22-3.A.1.105.26	37.5	92.6	39.7	312	2.63e-48	172
WP_006851459.1	lcl|Q7UE58-3.A.1.105.8	35.8	89.0	82.4	307	5.58e-48	164
WP_006851459.1	lcl|Q9A0K0-3.A.1.105.7	31.4	94.1	100	318	3.45e-47	161
WP_006851459.1	lcl|Q0W8T7-3.A.1.144.2	32.8	92.6	98.1	314	5.51e-47	160
WP_006851459.1	lcl|E1IBA4-3.A.1.144.4	32.6	91.1	98.7	310	1.28e-46	159
WP_006851459.1	lcl|WP_246092914-3.A.1.159.5	36.1	75.4	75.0	255	1.40e-46	160
WP_006851459.1	lcl|H8I7G5-3.A.1.147.9	35.5	73.6	96.9	251	1.47e-46	158
WP_006851461.1	lcl|P73132-1.A.1.13.7	44.2	90.0	87.1	321	7.54e-77	240
WP_006851461.1	lcl|Q57604-1.A.1.13.8	29.9	83.8	88.3	301	1.53e-44	155
WP_006851461.1	lcl|Q58752-1.A.1.13.10	29.2	86.3	90.4	315	6.37e-40	143
WP_006851461.1	lcl|O27564-1.A.1.13.2	24.3	89.5	91.1	317	7.45e-26	105
WP_006851461.1	lcl|E8QNY4-1.A.1.13.9	23.1	92.0	87.8	334	5.71e-19	86.7
WP_006851461.1	lcl|P31069-1.A.1.13.1	26.7	54.4	46.3	195	1.84e-18	85.5
WP_006851461.1	lcl|Q9XA52-1.A.1.13.5	28.0	73.2	74.5	279	2.23e-16	79.0
WP_006851461.1	lcl|Q0ZAH7-2.A.37.1.3	32.8	38.2	20.3	134	3.60e-15	76.3
WP_006851461.1	lcl|O65272-2.A.37.1.7	29.7	49.3	14.6	175	4.56e-13	70.1
WP_006851461.1	lcl|Q979Z2-1.A.1.13.3	22.0	82.9	83.6	304	2.04e-12	67.0
WP_006851461.1	lcl|Q9ZTZ7-2.A.37.1.4	29.1	49.3	14.3	175	2.57e-12	67.8
WP_006851461.1	lcl|P39830-2.A.37.1.5	32.8	33.0	20.8	116	2.56e-11	64.3
WP_006851461.1	lcl|P74405-1.A.1.13.6	33.7	27.4	17.3	98	2.46e-08	55.1
WP_006851461.1	lcl|Q55496-2.A.38.4.5	22.3	65.5	98.2	233	1.16e-07	51.6
WP_006851461.1	lcl|Q795M8-1.A.1.13.4	22.4	53.0	57.6	201	6.66e-06	47.0
WP_006851461.1	lcl|WP_048042267.1-1.A.1.21.3	34.6	14.8	37.1	52	1.16e-05	44.3
WP_006851461.1	lcl|B7K3R7-1.A.1.24.4	32.4	18.2	26.0	71	9.61e-05	43.1
WP_006851461.1	lcl|WP_116718986.1-1.A.1.21.2	34.5	15.7	45.1	55	9.95e-05	41.2
WP_006851461.1	lcl|Q2FLJ8-3.A.3.1.8	28.3	27.6	44.7	99	7.58e-04	40.0
WP_006851461.1	lcl|Q02006-1.A.1.24.1	36.4	12.5	10.7	44	9.74e-04	40.4
WP_006851463.1	lcl|Q8DJ01-3.D.1.8.2	48.9	100	100	188	4.57e-58	179
WP_006851463.1	lcl|P56754-3.D.1.8.1	43.6	87.8	98.7	165	1.17e-43	142
WP_006851463.1	lcl|P33599-3.D.1.1.1	31.1	80.3	24.8	161	1.02e-17	79.7
WP_006851463.1	lcl|Q9P9G1-3.D.9.1.1	35.8	57.4	60.8	109	2.73e-16	72.0
WP_006851463.1	lcl|WIM42444.1-3.D.13.1.1	35.8	57.4	60.8	109	2.73e-16	72.0
WP_006851463.1	lcl|Q0P851-3.D.1.7.1	37.5	59.6	34.1	112	8.04e-15	70.1
WP_006851463.1	lcl|P29917-3.D.1.2.1	35.4	51.1	39.6	96	3.72e-14	67.4
WP_006851463.1	lcl|Q56219-3.D.1.3.1	46.8	33.0	29.5	62	5.17e-14	67.0
WP_006851463.1	lcl|Q74GA6-3.D.1.5.1	47.1	27.1	31.5	51	6.50e-13	63.2
WP_006851463.1	lcl|Q6V507-3.D.1.6.4	38.2	40.4	26.2	76	8.39e-13	64.7
WP_006851463.1	lcl|P23710-3.D.1.6.2	39.7	38.8	25.1	73	1.59e-12	63.9
WP_006851463.1	lcl|OLS18213-3.D.9.1.2	37.5	50.0	14.2	96	8.04e-11	59.7
WP_006851463.1	lcl|Q95748-3.D.1.6.3	34.7	38.3	37.9	72	1.41e-10	57.4
WP_006851463.1	lcl|Q729Q9-3.D.1.4.4	52.9	27.1	28.1	51	3.15e-10	56.2
WP_006851463.1	lcl|P23709-3.D.1.6.1	35.6	38.8	26.7	73	7.62e-10	56.2
WP_006851463.1	lcl|P16431-3.D.1.9.2	30.1	75.0	22.7	143	2.54e-08	52.4
WP_006851463.1	lcl|P77329-3.D.1.9.1	39.7	32.4	11.2	63	4.19e-06	45.8
WP_006851463.1	lcl|P72319-3.D.1.4.3	27.9	64.9	61.0	122	5.84e-06	44.3
WP_006851463.1	lcl|Q8U0Z7-3.D.1.4.1	39.6	27.1	30.6	53	1.33e-04	40.4
WP_006851467.1	lcl|BAK19942-3.A.2.1.10	70.4	98.8	100	81	9.89e-29	97.8
WP_006851467.1	lcl|P21905-3.A.2.1.2	60.4	58.5	53.9	48	2.21e-12	56.6
WP_006851467.1	lcl|Q59166-3.A.2.1.5	44.6	90.2	89.0	74	1.73e-10	51.6
WP_006851467.1	lcl|Q467F4-3.A.2.1.12	50.0	56.1	50.5	46	1.92e-08	46.6
WP_006851467.1	lcl|BAK19936-3.A.2.1.9	43.5	56.1	47.9	46	3.36e-07	43.5
WP_006851467.1	lcl|F8L1Z6-3.A.2.1.6	47.6	51.2	54.5	42	1.82e-06	41.2
WP_006851467.1	lcl|Q9RMB5-3.A.2.1.5	34.2	89.0	39.6	73	1.92e-04	37.4
WP_006851468.1	lcl|Q8Y433-5.B.14.1.1	29.6	95.4	94.8	311	1.23e-38	139
WP_006851474.1	lcl|Q8DJD9-3.D.1.8.2	78.2	100	100	394	4.39e-242	662
WP_006851474.1	lcl|P56753-3.D.1.8.1	62.7	100	100	394	2.76e-196	546
WP_006851474.1	lcl|Q56220-3.D.1.3.1	44.2	99.0	95.4	396	4.56e-107	320
WP_006851474.1	lcl|Q9PM99-3.D.1.7.1	41.3	99.2	96.3	395	5.69e-105	315
WP_006851474.1	lcl|Q74GA5-3.D.1.5.1	41.0	98.2	99.2	390	1.04e-103	311
WP_006851474.1	lcl|P17694-3.D.1.6.1	40.9	99.0	84.2	391	1.22e-103	313
WP_006851474.1	lcl|P93306-3.D.1.6.3	41.6	100	100	399	3.78e-102	307
WP_006851474.1	lcl|P22142-3.D.1.6.2	40.2	99.2	81.8	396	2.41e-101	308
WP_006851474.1	lcl|P29916-3.D.1.2.1	40.9	97.0	93.2	386	3.74e-101	305
WP_006851474.1	lcl|Q6V9A8-3.D.1.6.4	40.7	97.0	81.8	383	1.39e-100	306
WP_006851474.1	lcl|P33599-3.D.1.1.1	38.4	97.5	64.6	391	4.94e-92	288
WP_006851474.1	lcl|Q9P9G0-3.D.9.1.1	38.3	97.5	97.6	384	3.51e-89	273
WP_006851474.1	lcl|WIM45898.1-3.D.13.1.1	38.3	97.5	97.6	384	3.51e-89	273
WP_006851474.1	lcl|O59656-3.D.1.4.2	31.6	97.2	99.2	383	4.02e-60	198
WP_006851474.1	lcl|OLS18213-3.D.9.1.2	30.7	97.2	61.9	387	1.54e-51	181
WP_006851474.1	lcl|P31895-3.D.1.4.3	27.8	99.2	100	399	3.94e-46	161
WP_006851474.1	lcl|Q8U0Z6-3.D.1.4.1	29.2	97.0	86.9	397	4.31e-46	163
WP_006851474.1	lcl|P16431-3.D.1.9.2	30.7	97.2	62.7	387	2.61e-40	150
WP_006851474.1	lcl|Q729Q8-3.D.1.4.4	26.1	100	100	395	7.49e-38	139
WP_006851474.1	lcl|P77329-3.D.1.9.1	28.2	99.0	62.7	394	1.57e-30	122
WP_006851474.1	lcl|Q8EYD9-3.D.1.9.3	22.1	91.9	73.0	371	4.18e-14	73.2
WP_006851479.1	lcl|O31711-3.A.1.122.2	53.0	93.5	94.3	217	1.61e-76	230
WP_006851479.1	lcl|A0ZUB1-3.A.1.122.12	51.8	95.7	34.1	222	1.21e-71	229
WP_006851479.1	lcl|Q2EHL8-3.A.1.122.35	47.3	94.8	34.2	220	3.11e-70	226
WP_006851479.1	lcl|Q8DQF8-3.A.1.122.20	50.7	91.8	91.4	213	1.64e-69	212
WP_006851479.1	lcl|AKF46139-3.A.1.122.36	48.4	96.1	34.2	223	2.77e-69	223
WP_006851479.1	lcl|P75831-3.A.1.122.1	49.6	96.6	34.6	224	3.54e-69	223
WP_006851479.1	lcl|A8TDW7-3.A.1.122.7	48.2	94.0	75.4	218	1.31e-68	212
WP_006851479.1	lcl|Q73MJ2-3.A.1.122.8	48.8	93.5	91.3	217	2.79e-67	206
WP_006851479.1	lcl|Q73MJ2-3.A.1.136.1	48.8	93.5	91.3	217	2.79e-67	206
WP_006851479.1	lcl|N9J6M5-3.A.1.122.18	46.9	97.4	34.0	226	2.06e-65	213
WP_006851479.1	lcl|Q58206-3.A.1.122.14	47.0	92.2	93.2	219	2.78e-63	196
WP_006851479.1	lcl|E6N374-3.A.1.122.27	44.7	93.5	91.9	217	1.32e-61	192
WP_006851479.1	lcl|E8MS94-3.A.1.122.30	45.4	93.5	86.9	218	2.94e-61	192
WP_006851479.1	lcl|RCX16582-3.A.1.122.29	45.2	94.0	92.8	219	3.74e-61	191
WP_006851479.1	lcl|Q8DQ77-3.A.1.134.4	41.9	96.6	83.4	227	6.86e-59	186
WP_006851479.1	lcl|Q8RKC1-3.A.1.122.3	43.6	93.5	96.0	218	1.05e-58	184
WP_006851479.1	lcl|WP_014397196-3.A.1.122.25	45.9	95.3	95.7	222	1.97e-57	181
WP_006851479.1	lcl|OLS26560-3.A.1.125.6	43.4	94.4	93.6	221	2.22e-57	181
WP_006851479.1	lcl|B8GHI2-3.A.1.122.21	44.4	96.1	95.7	225	1.68e-56	179
WP_006851479.1	lcl|TXT58064-3.A.1.207.7	43.7	92.2	54.8	215	1.17e-54	179
WP_006851479.1	lcl|A0CMB8-3.A.1.207.1	43.5	94.8	63.7	223	2.59e-53	174
WP_006851479.1	lcl|OLS20808-3.A.1.122.31	39.7	93.5	90.1	219	1.27e-52	169
WP_006851479.1	lcl|B3WEC1-3.A.1.134.9	42.9	92.7	84.8	217	2.62e-52	169
WP_006851479.1	lcl|P75957-3.A.1.125.1	42.0	90.9	91.0	212	3.81e-52	168
WP_006851479.1	lcl|Q2J9P5-3.A.1.125.3	44.8	94.8	49.2	221	4.47e-52	174
WP_006851483.1	lcl|P56777-3.E.2.2.3	73.3	97.3	99.4	505	2.36e-295	807
WP_006851483.1	lcl|P09193-3.E.2.2.2	25.5	95.2	95.0	522	1.14e-25	109
WP_006851483.1	lcl|P11004-3.E.2.2.1	25.9	94.4	93.9	517	2.10e-25	108
WP_006851483.1	lcl|P56778-3.E.2.2.3	28.6	57.2	63.6	318	2.76e-22	99.4
WP_006851488.1	lcl|L7E2Q2-9.A.8.1.21	24.6	14.4	20.6	171	1.25e-04	45.8
WP_006851489.1	lcl|Q9L3S2-3.A.1.4.4	62.8	92.4	79.5	218	4.85e-89	263
WP_006851489.1	lcl|CAI09142-3.A.1.4.15	46.6	94.1	92.4	223	1.35e-57	182
WP_006851489.1	lcl|Q8NRV7-3.A.1.4.5	40.5	98.7	100	237	8.71e-52	167
WP_006851489.1	lcl|Q8YU20-3.A.1.4.12	40.8	94.1	83.7	223	5.96e-51	166
WP_006851489.1	lcl|Q6N8W2-3.A.1.4.11	42.2	99.2	97.5	237	6.60e-50	162
WP_006851489.1	lcl|Q92TN4-3.A.1.4.7	37.9	98.3	96.2	235	1.15e-47	157
WP_006851489.1	lcl|Q8DQH7-3.A.1.4.10	39.2	95.8	95.3	227	1.53e-47	156
WP_006851489.1	lcl|Q0S720-3.A.1.4.9	37.3	96.2	92.7	228	3.12e-46	153
WP_006851489.1	lcl|P21630-3.A.1.4.8	39.7	97.9	99.1	239	1.25e-45	151
WP_006851489.1	lcl|AKM83893-3.A.1.4.14	36.7	95.3	92.2	226	3.30e-45	150
WP_006851489.1	lcl|P22731-3.A.1.4.1	38.5	94.1	92.8	226	1.24e-43	146
WP_006851489.1	lcl|OLS24633-3.A.1.4.13	35.0	94.1	94.4	223	3.88e-41	140
WP_006851489.1	lcl|Q8YT15-3.A.1.4.6	36.7	94.9	89.9	229	4.00e-41	140
WP_006851489.1	lcl|P73650-3.A.1.4.2	37.0	95.3	92.9	227	5.74e-39	134
WP_006851489.1	lcl|Q5SHV0-3.A.1.10.6	37.6	94.1	61.1	226	8.53e-35	126
WP_006851489.1	lcl|Q8DQH8-3.A.1.4.10	31.9	97.9	97.6	248	1.18e-34	124
WP_006851489.1	lcl|Q9HVV6-3.A.1.152.1	34.8	93.6	91.7	230	2.39e-34	122
WP_006851489.1	lcl|P0A9V1-1.B.42.1.2	34.2	94.5	92.5	228	6.64e-34	121
WP_006851489.1	lcl|P31134-3.A.1.11.2	34.3	95.3	58.9	230	3.86e-33	122
WP_006851489.1	lcl|A6TEM0-3.A.1.152.9	33.5	93.6	91.7	227	2.00e-32	117
WP_006851489.1	lcl|P21629-3.A.1.4.8	29.3	94.1	92.9	246	3.91e-32	117
WP_006851489.1	lcl|P45769-3.A.1.3.26	32.6	93.6	88.1	227	1.42e-31	115
WP_006851489.1	lcl|P0AAF6-3.A.1.3.3	34.4	97.0	96.7	241	1.58e-31	115
WP_006851489.1	lcl|Q9A1H1-3.A.1.3.20	32.0	94.5	91.5	228	6.74e-31	114
WP_006851489.1	lcl|Q52666-3.A.1.3.7	32.6	90.3	81.4	215	1.39e-30	113
WP_006851496.1	lcl|I6Y482-3.A.1.5.48	42.1	96.5	97.3	539	5.74e-119	361
WP_006851496.1	lcl|CCM69331-3.A.1.5.49	40.9	92.9	93.7	514	1.64e-113	347
WP_006851496.1	lcl|Q9F9T4-3.A.1.5.23	39.0	96.3	90.2	559	3.02e-109	338
WP_006851496.1	lcl|Q8ZNJ8-3.A.1.5.24	39.6	95.8	99.4	538	2.55e-105	325
WP_006851496.1	lcl|P75796-3.A.1.5.11	37.7	95.8	89.4	560	3.42e-104	325
WP_006851496.1	lcl|A5U1X9-3.A.1.5.50	36.3	96.2	98.5	606	5.52e-103	322
WP_006851496.1	lcl|P63395-3.A.1.5.26	36.3	96.2	98.5	606	5.52e-103	322
WP_006851496.1	lcl|P33916-3.A.1.5.21	39.5	95.8	99.4	537	6.17e-103	319
WP_006851496.1	lcl|Q97UG5-3.A.1.5.8	31.3	95.8	97.9	607	1.29e-83	271
WP_006851496.1	lcl|Q92NE8-3.A.1.5.17	33.7	92.9	91.3	511	1.20e-77	254
WP_006851496.1	lcl|Q5V9R8-3.A.1.5.22	49.0	44.9	74.2	247	1.07e-64	213
WP_006851496.1	lcl|Q9X272-3.A.1.5.15	45.1	43.4	71.6	237	3.90e-64	212
WP_006851496.1	lcl|P08007-3.A.1.5.1	46.2	43.4	70.7	238	1.43e-61	205
WP_006851496.1	lcl|P77737-3.A.1.5.41	43.7	46.9	77.5	261	1.43e-61	205
WP_006851496.1	lcl|B1W1L8-3.A.1.5.37	47.2	42.9	62.6	235	4.24e-60	202
WP_006851496.1	lcl|Q9F349-3.A.1.5.35	44.3	42.9	65.4	235	8.56e-57	193
WP_006851496.1	lcl|P45094-3.A.1.5.27	44.8	43.8	72.5	239	1.50e-56	192
WP_006851496.1	lcl|W0WLZ8-3.A.1.5.39	44.1	43.2	72.4	236	3.66e-56	191
WP_006851496.1	lcl|Q9X271-3.A.1.5.15	44.3	42.5	73.1	237	1.03e-55	189
WP_006851496.1	lcl|Q8CJS2-3.A.1.5.36	44.0	42.9	60.9	234	2.35e-55	190
WP_006851496.1	lcl|P77268-3.A.1.5.38	42.1	45.1	76.5	252	3.12e-55	188
WP_006851496.1	lcl|Q9X0F3-3.A.1.5.12	43.9	43.2	70.7	246	2.34e-54	186
WP_006851496.1	lcl|O86575-3.A.1.5.34	42.7	42.9	46.8	234	1.66e-53	188
WP_006851496.1	lcl|P42065-3.A.1.5.20	44.3	42.9	70.8	235	2.45e-53	183
WP_006851496.1	lcl|Q9F350-3.A.1.5.35	40.2	45.8	78.0	256	6.31e-53	182
WP_006851499.1	lcl|P11005-3.E.2.2.1	92.6	100	100	352	1.60e-250	680
WP_006851499.1	lcl|P09192-3.E.2.2.2	89.5	100	100	352	1.72e-245	667
WP_006851499.1	lcl|P56761-3.E.2.2.3	85.3	100	100	353	7.12e-236	643
WP_006851499.1	lcl|P04997-3.E.2.2.1	32.8	84.6	83.9	305	3.90e-50	171
WP_006851499.1	lcl|P83755-3.E.2.2.3	31.8	84.6	85.6	305	4.95e-49	167
WP_006851499.1	lcl|P16033-3.E.2.2.2	30.8	84.6	83.9	305	3.38e-47	163
WP_006851499.1	lcl|Q83XD0-3.E.2.1.3	25.5	54.7	30.0	204	4.90e-11	63.5
WP_006851499.1	lcl|A8ASG6-3.E.2.1.2	31.3	31.6	34.5	115	4.87e-09	56.6
WP_006851499.1	lcl|P0C0Y9-3.E.2.1.1	26.8	73.5	80.2	269	8.04e-09	55.8
WP_006851501.1	lcl|WP_224341048.1-8.A.192.1.5	43.4	94.7	94.9	318	9.41e-83	253
WP_006851501.1	lcl|MBA24612.1-8.A.192.1.4	29.1	92.9	95.2	358	1.28e-36	134
WP_006851501.1	lcl|P25294-3.A.16.1.6	28.0	91.3	97.4	346	9.54e-24	99.4
WP_006851501.1	lcl|KAF9150406.1-8.A.192.1.2	27.0	91.6	90.7	345	3.24e-20	89.7
WP_006851501.1	lcl|P25491-8.A.192.1.6	25.4	92.0	84.6	378	5.47e-18	83.6
WP_006851501.1	lcl|Q9NXW2-1.P.1.1.1	44.2	35.0	27.7	113	5.07e-17	80.5
WP_006851501.1	lcl|XP_006763275.1-8.A.192.1.3	43.0	31.6	44.2	107	9.04e-17	77.8
WP_006851501.1	lcl|P60904-8.A.192.1.1	45.3	19.8	32.3	64	5.12e-14	69.3
WP_006851501.1	lcl|P40564-3.A.30.1.1	41.7	31.3	23.1	103	6.25e-14	71.6
WP_006851501.1	lcl|Q8TBM8-1.P.1.1.1	46.3	20.7	17.4	67	4.40e-12	65.9
WP_006851501.1	lcl|Q8IEC8-3.A.5.9.4	42.4	20.4	10.1	66	3.79e-10	60.5
WP_006851501.1	lcl|OLP90381.1-9.B.440.1.6	47.1	20.1	5.8	70	8.01e-10	59.7
WP_006851501.1	lcl|Q9UGP8-3.A.5.9.1	40.0	21.1	8.7	70	2.88e-07	51.6
WP_006851519.1	lcl|P29296-2.A.114.1.9	29.6	97.0	98.2	162	8.51e-17	72.8
WP_006851533.1	lcl|WP_017314285.1-9.B.142.2.13	32.2	90.0	84.5	509	6.57e-40	151
WP_006851535.1	lcl|WP_110860854-9.A.76.1.3	41.3	90.0	85.2	349	2.87e-95	290
WP_006851535.1	lcl|XP_001023477.2-9.A.76.1.5	42.1	81.6	80.6	311	5.75e-74	234
WP_006851535.1	lcl|XP_029234550.1-9.A.76.1.4	37.0	79.3	68.0	303	4.48e-56	189
WP_006851535.1	lcl|RCK63797.1-9.A.76.1.2	30.4	76.4	66.4	293	2.70e-45	160
WP_006851535.1	lcl|P48624-9.A.76.1.1	32.1	80.3	75.5	312	4.09e-37	137
WP_006851535.1	lcl|ATV93525.1-9.A.76.1.7	30.6	80.8	71.9	320	5.79e-33	126
WP_006851535.1	lcl|KJS27940.1-9.A.76.1.6	32.6	67.7	65.2	261	6.75e-30	117
WP_006851535.1	lcl|WP_112939848.1-9.A.76.1.9	28.6	75.1	70.8	294	2.50e-22	96.7
WP_006851535.1	lcl|KAE8977401.1-9.A.76.1.11	33.0	28.1	40.4	109	2.62e-08	53.9
WP_006851540.1	lcl|D6GX19-9.B.27.2.5	25.6	80.4	83.5	180	1.87e-18	79.7
WP_006851540.1	lcl|TAG98398-9.B.321.1.2	29.4	89.0	89.9	197	1.96e-16	74.3
WP_006851547.1	lcl|P72958-2.A.47.4.1	39.2	99.7	99.2	609	2.39e-130	395
WP_006851547.1	lcl|Q9HMC9-2.A.47.4.2	37.8	96.5	96.0	601	5.29e-92	295
WP_006851547.1	lcl|D5AQ60-2.A.47.4.6	31.0	97.2	97.0	597	2.59e-75	251
WP_006851547.1	lcl|Q9K7H7-2.A.47.4.5	29.7	94.0	95.2	576	1.30e-71	241
WP_006851547.1	lcl|P0AFU2-2.A.47.4.8	26.2	97.4	98.9	606	1.62e-41	158
WP_006851547.1	lcl|A8IJF8-2.A.47.4.3	20.9	97.5	90.2	796	2.92e-28	120
WP_006851547.1	lcl|A8IHV5-2.A.47.4.4	21.2	97.5	90.2	815	2.03e-25	111
WP_006851547.1	lcl|A6VL35-2.A.47.5.3	30.3	33.2	46.6	201	5.46e-20	92.4
WP_006851547.1	lcl|P0A607-2.A.45.2.2	31.1	24.1	34.5	151	3.16e-08	55.8
WP_006851547.1	lcl|Q9KNE0-2.A.47.5.2	29.3	24.5	32.5	150	7.24e-07	51.6
WP_006851547.1	lcl|Q2FMC1-2.A.47.1.1	29.1	23.3	28.7	148	7.03e-06	48.5
WP_006851547.1	lcl|Q9BZW2-2.A.47.1.16	26.2	23.3	23.5	141	7.65e-06	48.5
WP_006851547.1	lcl|Q9UKG4-2.A.47.1.14	24.8	23.3	22.4	141	1.03e-05	48.1
WP_006851547.1	lcl|Q65NC0-2.A.47.1.13	27.0	21.8	24.0	137	1.28e-05	47.8
WP_006851547.1	lcl|Q6PE27-2.A.47.1.19	27.7	24.3	25.2	148	1.32e-05	47.8
WP_006851547.1	lcl|Q07782-2.A.47.1.2	26.2	23.3	23.5	141	1.75e-05	47.4
WP_006851547.1	lcl|E4P9F4-2.A.47.4.7	25.0	23.3	33.6	144	5.87e-05	45.4
WP_006851553.1	lcl|I0XVQ9-1.A.1.5.31	37.7	60.6	17.1	77	8.79e-06	43.1
WP_006851553.1	lcl|Q2W0I8-1.A.1.22.1	32.2	70.1	21.3	90	4.03e-05	41.2
WP_006851553.1	lcl|Q02006-1.A.1.24.1	27.4	78.7	23.8	106	2.58e-04	38.9
WP_006851554.1	lcl|Q57634-1.A.23.4.2	29.4	96.8	95.7	337	3.81e-42	149
WP_006851554.1	lcl|Q58543-1.A.23.4.1	29.5	88.6	86.4	315	1.12e-35	132
WP_006851554.1	lcl|P0AEB5-1.A.23.4.3	31.3	54.0	55.7	195	2.68e-19	87.0
WP_006851554.1	lcl|O25170-1.A.23.4.10	24.2	95.6	58.3	368	2.83e-17	82.4
WP_006851554.1	lcl|P77338-1.A.23.1.1	25.7	49.9	15.3	171	2.89e-15	76.6
WP_006851554.1	lcl|P0C0S1-1.A.23.2.1	26.5	49.9	58.4	170	1.29e-14	72.8
WP_006851554.1	lcl|D7FD61-1.A.23.2.2	29.6	48.7	60.6	169	4.36e-13	68.2
WP_006851554.1	lcl|P39285-1.A.23.1.3	24.5	63.0	19.2	220	9.34e-10	59.7
WP_006851554.1	lcl|WP_133133036.1-1.A.23.1.5	22.2	59.2	21.2	203	2.73e-08	55.1
WP_006851554.1	lcl|Q9EV03-1.A.23.1.2	18.6	63.0	19.3	220	6.30e-07	50.8
WP_006851554.1	lcl|O34897-1.A.23.3.1	37.7	21.4	28.5	77	3.81e-05	44.3
WP_006851554.1	lcl|Q6MLE8-1.A.23.4.12	24.6	50.4	49.9	179	1.55e-04	42.7
WP_006851554.1	lcl|M4V7W7-1.A.23.1.4	19.8	53.7	32.2	187	4.54e-04	41.6
WP_006851554.1	lcl|P75783-1.A.23.3.2	24.2	41.9	20.4	153	6.44e-04	41.2
WP_006851561.1	lcl|P75799-3.A.1.5.11	34.2	75.5	71.9	219	8.43e-39	137
WP_006851561.1	lcl|P26904-3.A.1.5.2	33.0	90.0	80.3	261	7.05e-37	133
WP_006851561.1	lcl|P77463-3.A.1.5.38	33.9	75.2	72.8	218	6.44e-36	130
WP_006851561.1	lcl|OLS22414-3.A.1.5.46	31.6	88.3	40.3	272	6.88e-36	135
WP_006851561.1	lcl|Q5V9S0-3.A.1.5.22	33.8	76.6	73.7	222	3.62e-35	128
WP_006851561.1	lcl|P51000-3.A.1.5.27	29.7	90.0	88.8	263	3.87e-31	117
WP_006851561.1	lcl|W0WMS8-3.A.1.5.39	32.9	79.7	77.9	240	8.86e-31	116
WP_006851561.1	lcl|P0AFA9-3.A.1.5.3	31.6	91.0	93.9	269	2.85e-29	112
WP_006851561.1	lcl|Q93PJ7-3.A.1.5.40	30.7	90.0	46.7	267	4.67e-29	115
WP_006851561.1	lcl|P42063-3.A.1.5.20	29.0	90.0	85.1	262	4.84e-28	109
WP_006851561.1	lcl|O86571-3.A.1.5.34	29.2	90.0	83.6	281	4.15e-25	102
WP_006851561.1	lcl|L0TEV4-3.A.1.5.48	29.7	77.2	86.8	232	3.45e-24	98.2
WP_006851561.1	lcl|KKK40961-3.A.1.5.45	29.0	76.2	66.3	221	2.56e-23	97.1
WP_006851561.1	lcl|Q9X270-3.A.1.5.15	30.0	76.2	76.1	227	7.08e-23	95.1
WP_006851561.1	lcl|Q9X0U8-3.A.1.5.14	30.1	80.0	81.9	239	1.21e-22	94.4
WP_006851561.1	lcl|P0AGH5-3.A.1.5.42	31.5	77.6	78.0	235	2.02e-21	91.3
WP_006851561.1	lcl|Q73NS8-3.A.1.5.47	31.0	77.9	49.1	229	2.67e-21	92.8
WP_006851561.1	lcl|Q9X0F5-3.A.1.5.12	30.0	72.8	59.1	217	1.68e-20	89.7
WP_006851561.1	lcl|Q9WXR5-3.A.1.5.29	30.0	72.8	59.9	217	3.02e-20	89.0
WP_006851561.1	lcl|O30544-3.A.1.5.4	31.3	72.8	73.4	217	8.27e-20	86.7
WP_006851561.1	lcl|P0AFH6-3.A.1.5.41	30.4	73.8	70.5	214	3.69e-19	85.1
WP_006851561.1	lcl|P0A2J5-3.A.1.5.5	31.5	77.6	78.0	235	4.69e-19	84.7
WP_006851561.1	lcl|I0C487-3.A.1.5.33	28.2	62.4	64.9	181	1.84e-18	82.8
WP_006851561.1	lcl|P66964-3.A.1.5.26	27.3	80.7	81.1	242	7.68e-18	81.3
WP_006851561.1	lcl|P9WFZ9-3.A.1.5.50	27.3	80.7	81.1	242	7.68e-18	81.3
WP_006851563.1	lcl|B0C5D5-5.B.4.1.2	66.2	94.2	73.0	65	7.29e-29	97.8
WP_006851563.1	lcl|Q9S714-5.B.4.1.1	51.6	91.3	39.3	64	3.65e-14	62.0
WP_006851571.1	lcl|8XQX_H-3.A.9.1.4	23.5	71.9	31.7	183	6.01e-07	49.3
WP_006851572.1	lcl|O86994-1.B.23.1.1	35.4	95.3	94.9	531	1.76e-67	224
WP_006851572.1	lcl|G6FN26-1.B.23.1.9	36.3	92.8	90.9	509	2.25e-66	222
WP_006851572.1	lcl|Q59991-1.B.23.1.2	30.6	91.8	90.6	546	2.22e-45	166
WP_006851572.1	lcl|P15730-1.B.23.1.25	40.4	44.4	43.0	235	3.52e-39	148
WP_006851572.1	lcl|E1L471-1.B.23.1.6	29.6	42.7	44.4	213	4.76e-15	76.6
WP_006851572.1	lcl|G9PU91-1.B.23.1.20	37.5	22.4	22.2	112	4.98e-11	64.3
WP_006851572.1	lcl|A1HRI2-1.B.23.1.4	28.3	44.0	46.3	212	7.59e-11	63.5
WP_006851572.1	lcl|Q25BZ4-1.B.23.1.24	40.6	19.9	22.0	96	5.45e-10	60.8
WP_006851572.1	lcl|C9KQR1-1.B.23.1.23	34.7	23.7	27.7	121	6.93e-09	57.4
WP_006851572.1	lcl|D4S693-1.B.23.1.5	35.7	22.4	24.3	115	1.73e-08	56.2
WP_006851572.1	lcl|C9LVF2-1.B.23.1.3	38.6	16.9	17.2	83	1.75e-08	56.2
WP_006851572.1	lcl|G0VLV3-1.B.23.1.10	33.3	22.0	24.0	108	6.75e-08	54.3
WP_006851572.1	lcl|G0VM40-1.B.23.1.18	34.9	21.8	20.9	106	8.76e-07	50.8
WP_006851572.1	lcl|E2ZDM6-1.B.23.1.7	26.5	40.4	46.9	204	1.42e-06	50.1
WP_006851588.1	lcl|Q9SK66-3.D.1.6.3	25.4	66.1	56.2	236	3.95e-04	41.6
WP_006851589.1	lcl|O43865-8.A.151.1.1	49.2	96.2	80.0	461	2.98e-149	436
WP_006851596.1	lcl|B3ERW3-3.A.23.6.1	43.5	84.0	87.9	278	3.46e-74	231
WP_006851603.1	lcl|H8G8F4-2.A.49.7.2	29.7	74.8	70.3	333	2.50e-13	70.9
WP_006851605.1	lcl|Q8DL30-3.D.1.8.2	54.3	98.5	99.0	199	1.98e-54	171
WP_006851605.1	lcl|Q95695-3.D.1.8.1	42.3	74.4	88.6	156	1.01e-25	97.4
WP_006851605.1	lcl|Q9P9F7-3.D.9.1.1	38.2	83.4	94.3	170	1.00e-15	71.2
WP_006851605.1	lcl|Q0P858-3.D.1.7.1	34.2	76.9	90.7	158	9.76e-12	60.5
WP_006851605.1	lcl|P29922-3.D.1.2.1	33.1	83.4	84.5	175	1.04e-10	58.2
WP_006851605.1	lcl|Q746T5-3.D.1.5.1	29.8	78.9	95.1	161	1.86e-04	40.0
WP_006851605.1	lcl|OLS18234-3.D.9.1.2	41.8	27.6	64.7	55	2.02e-04	38.5
WP_006851605.1	lcl|Q56225-3.D.1.3.1	47.3	27.6	31.3	55	2.10e-04	40.0
WP_006851605.1	lcl|P0AFE0-3.D.1.1.1	27.2	79.4	85.9	162	3.03e-04	39.7
WP_006851607.1	lcl|O74887-8.A.147.1.1	34.2	87.1	71.9	146	6.99e-10	54.7
WP_006851607.1	lcl|WP_019258276.1-8.A.147.1.2	28.4	68.4	58.9	109	6.97e-06	43.5
WP_006851607.1	lcl|P30041-8.A.147.1.3	28.0	57.4	44.2	100	2.74e-04	39.3
WP_006851608.1	lcl|BAK19949-3.A.2.1.10	54.2	96.3	94.9	131	8.09e-39	127
WP_006851608.1	lcl|P0A6E6-3.A.2.1.1	37.6	79.4	78.4	109	7.29e-15	66.2
WP_006851608.1	lcl|P07678-3.A.2.1.14	36.6	68.4	70.5	93	8.78e-15	65.9
WP_006851608.1	lcl|A1B8P1-3.A.2.1.7	28.8	58.1	54.1	80	1.76e-06	44.3
WP_006851608.1	lcl|P30049-3.A.2.1.15	30.0	77.9	65.5	110	3.72e-04	38.1
WP_006851608.1	lcl|Q12165-3.A.2.1.3	28.2	51.5	44.4	71	9.05e-04	37.0
WP_006851613.1	lcl|P56767-5.B.4.1.1	78.6	100	100	740	0.0	1252
WP_006851613.1	lcl|B0C475-5.B.4.1.2	74.6	99.5	99.6	737	0.0	1184
WP_006851613.1	lcl|P56766-5.B.4.1.1	43.7	98.1	95.1	757	1.04e-202	590
WP_006851613.1	lcl|B0C474-5.B.4.1.2	41.7	99.1	95.6	767	9.57e-196	572
WP_006851613.1	lcl|7UEB_A-3.E.4.1.1	26.3	26.3	26.7	205	1.36e-07	54.7
WP_006851614.1	lcl|P16683-3.A.1.9.1	25.3	45.3	84.6	233	5.53e-14	71.6
WP_006851614.1	lcl|O69064-3.A.1.9.4	32.2	27.8	54.4	143	9.71e-11	62.0
WP_006851614.1	lcl|A0QQ68-3.A.1.9.2	25.7	37.3	35.0	191	1.75e-09	59.7
WP_006851614.1	lcl|Q119I8-3.A.1.9.3	25.6	22.9	43.0	117	7.12e-06	47.4
WP_006851614.1	lcl|O69062-3.A.1.9.4	19.8	43.5	76.6	222	5.60e-05	44.7
WP_006851623.1	lcl|WP_010049031.1-1.I.3.1.1	48.7	8.0	17.2	76	2.25e-04	44.3
WP_006851630.1	lcl|WP_224341048.1-8.A.192.1.5	44.4	26.6	18.8	63	6.11e-09	54.7
WP_006851630.1	lcl|P40564-3.A.30.1.1	43.5	26.1	14.4	62	7.71e-08	51.6
WP_006851630.1	lcl|Q9NXW2-1.P.1.1.1	41.9	26.6	16.5	62	3.18e-07	49.7
WP_006851630.1	lcl|XP_006763275.1-8.A.192.1.3	39.7	26.1	27.0	63	3.71e-07	48.9
WP_006851630.1	lcl|Q9UGP8-3.A.5.9.1	40.7	26.6	7.8	59	5.41e-07	49.3
WP_006851630.1	lcl|KAF9150406.1-8.A.192.1.2	40.6	27.0	17.0	64	5.78e-07	48.9
WP_006851630.1	lcl|P25294-3.A.16.1.6	32.4	31.5	20.2	71	1.01e-06	48.1
WP_006851630.1	lcl|P25491-8.A.192.1.6	38.3	25.7	14.7	60	1.46e-06	47.8
WP_006851630.1	lcl|Q8TBM8-1.P.1.1.1	38.7	26.6	16.4	62	2.01e-05	44.3
WP_006851630.1	lcl|MBA24612.1-8.A.192.1.4	36.5	26.6	16.8	63	4.82e-05	43.1
WP_006851630.1	lcl|P14906-3.A.5.8.1	54.8	14.0	4.7	31	7.75e-05	42.7
WP_006851630.1	lcl|OLP90381.1-9.B.440.1.6	32.8	26.1	5.6	67	4.86e-04	40.4
WP_006851641.1	lcl|B3ET62-3.A.23.6.1	44.1	97.4	97.3	331	5.76e-85	259
WP_006851668.1	lcl|B0C7S7-5.B.4.1.2	52.7	100	100	167	7.00e-47	149
WP_006851668.1	lcl|Q9SHE8-5.B.4.1.1	40.9	91.8	76.9	171	1.30e-31	112
WP_006851674.1	lcl|Q84VJ0-8.A.21.2.3	30.4	71.2	68.1	191	3.43e-13	67.4
WP_006851674.1	lcl|P35232-8.A.21.2.8	28.3	59.8	56.6	159	1.81e-09	56.6
WP_006851674.1	lcl|EGP9180347.1-8.A.195.1.5	25.2	83.0	88.8	234	1.21e-06	48.1
WP_006851674.1	lcl|WP_198263584.1-8.A.21.1.4	28.1	48.5	45.3	135	7.92e-06	45.8
WP_006851688.1	lcl|Q8DHF0-3.D.4.4.4	46.1	95.0	91.5	191	1.65e-53	169
WP_006851688.1	lcl|P00414-3.D.4.11.1	39.7	86.4	67.8	179	6.88e-34	120
WP_006851688.1	lcl|P00415-3.D.4.7.1	38.0	86.4	67.8	179	6.88e-34	120
WP_006851688.1	lcl|Q3J5F6-3.D.4.6.2	33.3	86.9	68.8	186	1.80e-26	101
WP_006851688.1	lcl|Q9AEL8-3.D.4.4.2	37.1	85.9	85.4	178	3.72e-26	99.4
WP_006851688.1	lcl|Q9X809-3.D.4.4.5	33.0	100	98.5	212	5.35e-26	99.0
WP_006851688.1	lcl|P00420-3.D.4.8.1	33.5	85.9	65.4	179	2.93e-24	95.9
WP_006851688.1	lcl|P98005-3.D.4.4.3	34.5	85.9	21.5	177	1.09e-23	97.4
WP_006851688.1	lcl|A0R049-3.D.3.5.5	35.0	99.0	98.5	206	6.26e-23	90.9
WP_006851688.1	lcl|P0ABJ3-3.D.4.5.1	30.2	100	98.5	205	4.87e-22	88.6
WP_006851688.1	lcl|P24012-3.D.4.4.1	30.9	88.4	86.0	181	5.79e-20	83.2
WP_006851688.1	lcl|WP_088327222-3.D.4.5.2	30.9	87.9	86.3	181	4.48e-16	72.8
WP_006851688.1	lcl|WP_068073146.1-9.B.36.14.5	32.4	86.4	40.1	176	1.80e-12	64.7
WP_006851688.1	lcl|Q51666-3.D.4.10.1	29.1	78.9	92.8	165	8.83e-11	57.8
WP_006851691.1	lcl|Q31M69-1.A.14.3.8	58.8	99.2	99.6	243	6.58e-84	249
WP_006851691.1	lcl|Q9HC24-1.A.14.3.6	31.9	28.4	29.0	69	7.18e-06	45.4
WP_006851691.1	lcl|A3CPR5-1.A.14.2.6	28.1	72.0	74.0	185	3.22e-04	40.4
WP_006851691.1	lcl|P48558-1.A.14.3.5	32.2	24.3	19.9	59	4.07e-04	40.4
WP_006851704.1	lcl|WP_017304407.1-9.B.265.1.6	42.3	77.4	31.7	104	8.81e-19	79.7
WP_006851709.1	lcl|Q8DMR6-3.D.1.8.2	62.8	92.9	94.4	487	1.37e-204	578
WP_006851709.1	lcl|P0CC32-3.D.1.8.1	46.2	90.1	92.6	476	1.43e-130	389
WP_006851709.1	lcl|F1SVL2-3.D.13.1.1	36.2	78.2	82.8	420	4.33e-70	232
WP_006851709.1	lcl|Q9P9F3-3.D.9.1.1	36.2	78.2	82.8	420	4.33e-70	232
WP_006851709.1	lcl|P29926-3.D.1.2.1	37.2	69.6	73.3	368	2.83e-68	227
WP_006851709.1	lcl|Q746T9-3.D.1.5.1	34.9	83.0	89.9	439	6.42e-62	209
WP_006851709.1	lcl|P0AFF0-3.D.1.1.1	31.4	75.5	88.0	427	7.94e-58	199
WP_006851709.1	lcl|Q56229-3.D.1.3.1	38.6	74.8	83.8	394	6.07e-56	192
WP_006851709.1	lcl|Q35140-3.D.1.6.2	30.8	66.2	65.4	383	1.21e-38	148
WP_006851709.1	lcl|Q0P862-3.D.1.7.1	30.6	73.0	82.5	395	1.90e-29	120
WP_006851709.1	lcl|OLS18239-3.D.9.1.2	29.9	66.9	69.6	368	2.69e-28	117
WP_006851709.1	lcl|Q8U100-3.D.1.4.1	27.7	61.0	64.5	336	6.69e-27	113
WP_006851709.1	lcl|OLS18238-3.D.9.1.2	27.0	82.8	85.5	452	5.69e-25	107
WP_006851709.1	lcl|P60686-2.A.63.1.3	25.6	67.3	69.3	355	4.40e-22	99.0
WP_006851709.1	lcl|Q9KD98-2.A.63.1.2	25.3	67.7	70.0	360	1.02e-21	97.8
WP_006851709.1	lcl|Q729R3-3.D.1.4.4	26.9	82.6	34.4	443	4.57e-20	94.0
WP_006851709.1	lcl|P08740-3.D.1.6.4	25.9	60.4	70.4	321	6.49e-20	91.3
WP_006851709.1	lcl|P72316-3.D.1.4.3	25.8	78.8	35.1	453	1.34e-18	89.4
WP_006851709.1	lcl|Q746T8-3.D.1.5.1	26.5	61.0	64.3	325	1.39e-17	85.1
WP_006851709.1	lcl|O05229-2.A.63.1.4	24.6	71.7	77.5	394	4.31e-17	83.6
WP_006851709.1	lcl|Q7AJV8-2.A.63.1.2	30.5	62.3	42.2	347	2.96e-16	81.6
WP_006851709.1	lcl|Q8DKY0-3.D.1.8.2	24.6	76.3	74.3	411	3.52e-16	80.9
WP_006851709.1	lcl|Q52978-2.A.63.1.1	28.2	62.1	32.2	333	7.67e-16	80.5
WP_006851709.1	lcl|Q8DKX9-3.D.1.8.2	26.9	64.2	52.6	353	4.22e-15	77.8
WP_006851709.1	lcl|Q9K2S2-2.A.63.1.4	28.0	58.9	39.2	322	2.59e-14	75.5
WP_006851710.1	lcl|Q1LHU8-2.A.4.7.9	29.2	92.3	82.5	284	5.44e-26	104
WP_006851710.1	lcl|Q8VLX7-2.A.4.7.10	31.6	85.0	88.7	263	6.76e-26	103
WP_006851710.1	lcl|Q8L725-2.A.4.7.2	27.6	92.0	62.0	294	6.13e-23	97.8
WP_006851710.1	lcl|Q92N44-2.A.4.7.7	30.0	97.0	95.4	297	5.62e-22	93.2
WP_006851710.1	lcl|Q0ATH5-2.A.4.7.8	28.6	86.3	80.5	262	6.14e-20	87.8
WP_006851710.1	lcl|Q6NE57-2.A.4.7.4	29.2	84.7	80.5	264	8.95e-18	81.6
WP_006851710.1	lcl|Q8E919-2.A.4.7.5	28.2	87.0	88.2	266	2.45e-17	80.1
WP_006851710.1	lcl|Q97PQ1-2.A.4.7.6	21.5	97.3	73.9	297	4.54e-13	68.6
WP_006851710.1	lcl|Q6NE50-2.A.4.7.3	28.0	52.7	52.9	161	3.12e-08	53.5
WP_006851710.1	lcl|P20107-2.A.4.2.2	35.6	34.3	22.9	104	3.40e-07	50.8
WP_006851710.1	lcl|Q08970-2.A.4.1.6	23.9	70.3	48.3	234	3.57e-07	50.8
WP_006851710.1	lcl|P32798-2.A.4.2.1	33.7	27.3	18.5	83	1.41e-05	45.8
WP_006851710.1	lcl|P75757-2.A.4.1.4	25.6	68.0	64.2	207	2.67e-05	44.7
WP_006851710.1	lcl|Q92P03-2.A.4.3.13	26.3	69.3	71.7	236	2.73e-04	41.6
WP_006851720.1	lcl|BAK19943-3.A.2.1.10	53.0	41.6	40.2	66	1.61e-12	61.2
WP_006851721.1	lcl|Q8DHE8-3.D.4.4.4	45.6	94.2	84.3	285	2.99e-85	258
WP_006851721.1	lcl|Q5SLI2-3.D.4.4.3	34.7	80.8	57.6	225	8.71e-28	108
WP_006851721.1	lcl|P08306-3.D.4.6.1	29.6	71.0	64.1	199	1.85e-18	82.8
WP_006851721.1	lcl|P24011-3.D.4.4.1	29.8	73.9	54.5	218	8.80e-16	75.9
WP_006851721.1	lcl|Q03736-3.D.4.6.2	29.0	71.0	67.3	207	2.75e-15	73.9
WP_006851721.1	lcl|Q9X814-3.D.4.4.5	28.4	73.6	69.0	222	2.01e-14	71.6
WP_006851721.1	lcl|Q5SJ80-3.D.4.2.1	26.7	60.9	95.8	172	4.04e-12	62.8
WP_006851721.1	lcl|WP_003227405-3.D.4.5.2	24.8	79.7	62.4	226	4.96e-12	64.7
WP_006851721.1	lcl|P00403-3.D.4.11.1	28.5	55.8	64.8	165	6.49e-11	60.5
WP_006851721.1	lcl|A0R057-3.D.3.5.5	33.1	37.0	34.3	121	1.56e-09	57.4
WP_006851733.1	lcl|SCM80790.1-3.D.7.1.8	32.4	97.0	93.7	299	7.01e-46	157
WP_006851733.1	lcl|SCM80790.1-5.B.16.1.1	32.4	97.0	93.7	299	7.01e-46	157
WP_006851738.1	lcl|MBA24612.1-8.A.192.1.4	34.2	92.3	94.7	357	6.52e-62	202
WP_006851738.1	lcl|KAF9150406.1-8.A.192.1.2	28.9	92.1	91.0	356	6.60e-36	134
WP_006851738.1	lcl|WP_224341048.1-8.A.192.1.5	32.3	92.3	92.5	368	1.09e-34	130
WP_006851738.1	lcl|P25491-8.A.192.1.6	30.0	81.0	72.6	307	3.18e-29	116
WP_006851738.1	lcl|P25294-3.A.16.1.6	29.8	91.5	97.4	356	7.08e-22	95.1
WP_006851738.1	lcl|Q9NXW2-1.P.1.1.1	56.1	17.5	17.6	66	6.34e-18	84.0
WP_006851738.1	lcl|Q8TBM8-1.P.1.1.1	51.6	16.9	16.9	64	1.89e-15	76.6
WP_006851738.1	lcl|XP_006763275.1-8.A.192.1.3	44.9	17.7	29.6	69	2.49e-13	68.6
WP_006851738.1	lcl|P60904-8.A.192.1.1	44.1	17.7	34.3	68	6.61e-13	66.6
WP_006851738.1	lcl|P40564-3.A.30.1.1	48.5	17.2	15.3	66	4.57e-12	66.6
WP_006851738.1	lcl|OLP90381.1-9.B.440.1.6	36.8	16.4	5.7	68	5.64e-06	48.1
WP_006851738.1	lcl|P14906-3.A.5.8.1	31.9	17.2	10.9	72	1.40e-04	43.5
WP_006851738.1	lcl|Q9UGP8-3.A.5.9.1	31.7	16.7	7.9	63	2.54e-04	42.7
WP_006851738.1	lcl|F4IVL6-8.A.192.2.4	41.9	11.4	1.6	43	6.78e-04	41.6
WP_006851738.1	lcl|NP_001156498.1-8.A.192.2.1	39.1	12.2	2.0	46	8.87e-04	41.2
WP_006851746.1	lcl|OIP83072.1-9.B.265.1.5	32.5	79.9	61.0	320	2.08e-38	144
WP_006851754.1	lcl|KGN96360-9.B.28.5.3	39.5	36.1	37.3	253	1.14e-42	164
WP_006851758.1	lcl|Q9WZ49-3.A.29.1.7	48.3	96.2	97.5	602	4.07e-185	536
WP_006851758.1	lcl|P0AAI3-3.A.29.1.5	47.3	95.5	91.6	602	8.60e-177	516
WP_006851758.1	lcl|O67077-3.A.29.1.4	49.8	83.7	82.0	528	9.96e-162	477
WP_006851758.1	lcl|ALM13868-3.A.29.1.6	51.0	80.9	80.4	518	3.97e-156	462
WP_006851758.1	lcl|B7J0N5-3.A.29.1.8	42.4	95.0	92.2	597	5.36e-148	442
WP_006851758.1	lcl|P40341-3.A.29.1.1	47.6	79.6	59.6	502	4.94e-144	437
WP_006851758.1	lcl|Q9N3T5-3.A.29.1.2	49.7	73.9	58.1	463	2.27e-140	427
WP_006851758.1	lcl|P39925-3.A.29.1.1	48.4	74.8	61.1	473	5.54e-139	422
WP_006851758.1	lcl|P54813-3.A.29.1.2	43.3	82.7	69.8	522	5.80e-120	372
WP_006851758.1	lcl|P32795-3.A.29.1.1	41.8	80.9	65.3	507	3.18e-114	358
WP_006851758.1	lcl|8XQX_F-3.A.9.1.4	41.4	74.0	46.0	481	8.45e-93	307
WP_006851758.1	lcl|8XQX_E-3.A.9.1.4	37.2	79.5	53.4	532	5.20e-83	280
WP_006851758.1	lcl|8XQX_B-3.A.9.1.4	30.7	80.6	48.5	551	3.42e-70	246
WP_006851758.1	lcl|8XQX_C-3.A.9.1.4	30.7	80.6	48.5	551	3.42e-70	246
WP_006851758.1	lcl|8XQX_A-3.A.9.1.4	37.6	56.6	32.9	391	1.84e-59	215
WP_006851758.1	lcl|P25694-3.A.16.1.2	45.9	36.5	27.1	229	2.23e-55	201
WP_006851758.1	lcl|P55072-3.A.16.1.1	41.0	39.7	30.5	249	1.84e-53	195
WP_006851758.1	lcl|P54609-3.A.16.1.5	40.6	37.3	28.7	234	1.67e-50	187
WP_006851758.1	lcl|C6KT34-3.A.16.1.3	42.7	37.3	27.9	234	1.63e-49	184
WP_006851758.1	lcl|B7G1T3-3.A.25.1.1	38.9	40.2	26.3	252	1.21e-48	182
WP_006851758.1	lcl|P46468-3.A.25.2.1	40.8	35.7	18.1	228	4.58e-48	181
WP_006851758.1	lcl|Q9ZPR1-3.A.16.1.5	39.1	36.9	38.0	235	5.52e-42	160
WP_006851758.1	lcl|Q9SS94-3.A.16.1.5	41.4	36.9	27.0	232	1.54e-40	157
WP_006851758.1	lcl|Q8RY16-3.A.20.1.2	38.4	38.5	25.4	245	2.75e-40	157
WP_006851758.1	lcl|P33760-3.A.20.1.5	38.6	36.1	21.7	228	1.34e-38	152
WP_006851764.1	lcl|WP_083622486.1-9.B.27.1.11	39.1	95.7	97.6	202	8.95e-40	134
WP_006851764.1	lcl|P76219-9.B.27.1.1	32.3	76.3	66.9	161	3.38e-17	76.6
WP_006851764.1	lcl|Q6YI46-9.B.27.5.1	33.5	73.4	41.3	161	4.24e-13	66.6
WP_006851764.1	lcl|I1L089-9.B.27.5.3	27.9	68.6	46.5	147	5.61e-07	48.5
WP_006851764.1	lcl|WP_164102460.1-9.B.27.4.2	28.3	87.4	80.6	191	6.81e-07	47.8
WP_006851765.1	lcl|O30554-3.A.7.11.1	30.6	61.1	80.7	160	2.18e-11	60.5
WP_006851774.1	lcl|Q6LXP8-1.A.16.2.3	30.5	89.5	97.1	275	4.75e-34	124
WP_006851774.1	lcl|P35839-1.A.16.2.1	36.2	89.2	94.3	276	1.29e-28	110
WP_006851774.1	lcl|Q9LE25-1.A.16.2.4	30.4	84.1	65.6	257	2.40e-26	105
WP_006851774.1	lcl|Q5AST3-1.A.16.2.2	27.0	89.8	82.3	274	7.06e-21	90.1
WP_006851774.1	lcl|F9A868-1.A.16.1.3	28.4	70.2	76.8	225	1.78e-15	74.3
WP_006851774.1	lcl|C4LWU5-1.A.16.2.8	22.1	92.9	73.0	280	6.71e-13	67.8
WP_006851774.1	lcl|P0AC23-1.A.16.1.1	23.7	89.5	94.0	291	1.05e-12	66.6
WP_006851774.1	lcl|T2I725-1.A.16.2.6	36.2	31.9	19.7	94	3.99e-12	65.9
WP_006851774.1	lcl|F0PTD8-1.A.16.3.5	27.8	82.0	80.9	252	6.43e-12	64.3
WP_006851774.1	lcl|A1RWM1-1.A.16.2.5	27.8	68.8	50.0	212	7.97e-12	64.7
WP_006851774.1	lcl|Q186B7-1.A.16.3.3	37.9	33.9	39.1	103	1.08e-10	60.5
WP_006851774.1	lcl|P0AC26-1.A.16.3.1	25.4	81.4	82.1	248	2.15e-10	59.7
WP_006851774.1	lcl|K6JRX1-1.A.16.3.4	25.4	80.0	81.0	244	2.16e-10	59.7
WP_006851774.1	lcl|P77733-1.A.16.1.2	33.6	30.2	37.9	107	7.89e-10	58.2
WP_006851774.1	lcl|P39608-1.A.16.3.2	30.9	31.9	37.1	97	7.18e-09	55.1
WP_006851774.1	lcl|O77389-1.A.16.2.9	25.5	34.6	33.0	102	4.39e-07	50.1
WP_006851781.1	lcl|O97252-3.A.26.1.1	50.9	82.5	44.1	165	8.76e-48	159
WP_006851784.1	lcl|P94400-9.B.10.1.1	32.8	97.2	93.7	412	2.03e-57	191
WP_006851808.1	lcl|P29296-2.A.114.1.9	68.3	100	100	164	6.50e-77	226
WP_006851845.1	lcl|P10346-3.A.1.3.2	30.6	87.8	93.3	232	9.98e-28	106
WP_006851845.1	lcl|Q88NY5-3.A.1.3.19	32.7	84.7	84.4	226	1.97e-27	105
WP_006851845.1	lcl|O68106-3.A.1.23.8	33.2	84.7	77.1	226	2.36e-26	103
WP_006851845.1	lcl|P0AAG3-3.A.1.3.4	30.4	84.7	89.6	224	7.96e-26	101
WP_006851845.1	lcl|Q9I405-3.A.1.3.22	30.4	84.7	88.5	224	8.48e-26	101
WP_006851845.1	lcl|P54537-3.A.1.3.15	29.9	82.8	87.9	221	2.97e-25	99.8
WP_006851845.1	lcl|Q05596-3.A.1.23.6	30.5	92.0	84.1	246	1.48e-24	98.6
WP_006851845.1	lcl|P37774-3.A.1.3.10	28.7	88.9	93.2	244	7.27e-24	96.3
WP_006851845.1	lcl|P48243-3.A.1.3.9	29.5	85.9	90.5	227	8.64e-24	95.9
WP_006851845.1	lcl|P0AAF6-3.A.1.3.3	28.3	88.2	94.6	247	1.20e-23	95.5
WP_006851845.1	lcl|O34900-3.A.1.3.13	26.8	87.8	87.6	239	3.24e-23	94.7
WP_006851845.1	lcl|A9WGB0-3.A.1.26.1	33.1	88.5	30.9	236	1.06e-22	96.7
WP_006851845.1	lcl|A9WBR9-3.A.1.32.3	30.8	89.3	41.7	237	1.18e-22	96.3
WP_006851845.1	lcl|Q8RD07-3.A.1.23.5	27.1	88.9	95.0	240	1.23e-22	92.8
WP_006851845.1	lcl|A6TEM0-3.A.1.152.9	26.7	90.8	95.9	240	1.68e-22	92.4
WP_006851845.1	lcl|Q9HU32-3.A.1.3.23	31.0	87.0	90.7	242	2.26e-22	92.4
WP_006851845.1	lcl|Q3MAR5-3.A.1.11.10	28.3	94.3	64.6	258	2.43e-22	94.4
WP_006851845.1	lcl|P16676-3.A.1.6.1	29.2	87.8	61.4	233	3.93e-22	93.6
WP_006851845.1	lcl|P35116-3.A.1.3.6	27.1	89.3	93.0	247	4.37e-22	91.7
WP_006851845.1	lcl|P50332-3.A.1.102.1	29.9	95.0	66.9	254	6.13e-22	92.8
WP_006851845.1	lcl|Q97JB8-3.A.1.23.2	25.5	92.4	84.9	247	6.37e-22	91.7
WP_006851845.1	lcl|Q53VZ4-3.A.1.20.5	31.0	94.3	66.6	258	7.66e-22	92.8
WP_006851845.1	lcl|Q52815-3.A.1.3.8	26.6	87.4	86.8	233	1.63e-21	90.1
WP_006851845.1	lcl|Q7UE58-3.A.1.105.8	27.7	83.6	58.0	220	1.79e-21	91.7
WP_006851845.1	lcl|Q9A1H1-3.A.1.3.20	28.8	87.0	90.7	236	1.86e-21	89.7
WP_006851846.1	lcl|WP_029308938-9.B.143.3.6	45.2	34.7	10.9	42	4.06e-04	38.1
WP_006851847.1	lcl|P27830-9.B.18.2.4	27.1	97.6	93.0	358	5.53e-25	103
WP_006851859.1	lcl|Q01367-9.B.70.1.1	24.1	44.7	86.6	270	3.95e-10	60.8
WP_006851861.1	lcl|P50991-3.A.33.1.1	26.5	21.3	20.8	117	3.30e-05	46.2
WP_006851869.1	lcl|P27830-9.B.18.2.4	51.7	94.7	99.2	360	3.02e-133	384
WP_006851902.1	lcl|O53899-3.A.1.125.2	35.4	97.6	89.1	223	1.03e-24	97.1
WP_006851902.1	lcl|Q7A3X3-3.A.1.122.4	33.8	88.7	90.0	201	1.23e-23	93.6
WP_006851902.1	lcl|Q9WY65-3.A.1.25.5	31.8	88.7	73.3	195	1.51e-23	94.4
WP_006851902.1	lcl|Q03PY6-3.A.1.26.9	34.9	82.1	65.2	189	3.16e-23	94.0
WP_006851902.1	lcl|Q03PY6-3.A.1.28.2	34.9	82.1	65.2	189	3.16e-23	94.0
WP_006851902.1	lcl|B1ZMU0-3.A.1.125.5	35.1	87.3	79.1	194	5.36e-23	92.4
WP_006851902.1	lcl|Q9X1Z1-3.A.1.25.5	33.2	90.6	75.7	199	1.02e-21	89.4
WP_006851902.1	lcl|Q03PY5-3.A.1.28.2	30.7	96.7	76.7	215	2.73e-21	88.6
WP_006851902.1	lcl|Q03PY5-3.A.1.26.9	30.7	96.7	76.7	215	2.73e-21	88.6
WP_006851902.1	lcl|H9UM45-3.A.1.139.3	36.0	80.2	79.5	172	4.62e-21	86.7
WP_006851902.1	lcl|Q839D4-3.A.1.26.7	30.8	93.4	74.0	214	6.11e-21	87.8
WP_006851902.1	lcl|Q839D4-3.A.1.26.10	30.8	93.4	74.0	214	6.11e-21	87.8
WP_006851902.1	lcl|P37774-3.A.1.3.10	34.0	90.1	83.2	209	8.90e-21	86.7
WP_006851902.1	lcl|P75957-3.A.1.125.1	32.4	92.9	89.7	213	1.78e-20	85.5
WP_006851902.1	lcl|Q839D5-3.A.1.26.7	30.4	96.7	77.1	217	1.97e-20	86.3
WP_006851902.1	lcl|Q839D5-3.A.1.26.10	30.4	96.7	77.1	217	1.97e-20	86.3
WP_006851902.1	lcl|A2SPE8-3.A.1.26.2	29.5	88.2	29.7	193	2.36e-20	88.2
WP_006851902.1	lcl|W0WJ90-3.A.1.5.39	33.5	82.1	60.8	197	3.51e-20	86.3
WP_006851902.1	lcl|Q8RD07-3.A.1.23.5	31.7	89.2	82.6	202	4.07e-20	84.7
WP_006851902.1	lcl|D5AQY6-3.A.1.23.7	35.9	79.7	71.3	184	4.99e-20	84.7
WP_006851902.1	lcl|Q71WH8-3.A.1.25.8	35.9	73.1	59.0	170	5.98e-20	85.1
WP_006851902.1	lcl|A0ZUB1-3.A.1.122.12	35.1	89.2	31.2	205	8.03e-20	86.7
WP_006851902.1	lcl|Q5M244-3.A.1.25.6	32.6	80.2	65.7	184	1.98e-19	83.6
WP_006851902.1	lcl|O34362-3.A.1.30.1	30.2	91.0	35.8	199	2.55e-19	85.1
WP_006851902.1	lcl|OLS27680-3.A.1.157.3	33.2	88.2	56.5	202	3.23e-19	84.0
WP_006851906.1	lcl|Q02028-3.A.9.1.1	69.0	99.7	90.4	638	8.47e-295	819
WP_006851906.1	lcl|G4NXA5-1.A.33.1.4	59.3	99.7	98.7	636	1.22e-241	680
WP_006851906.1	lcl|P0A6Y8-1.A.33.1.2	55.4	100	99.5	648	3.13e-231	655
WP_006851906.1	lcl|P11021-1.A.33.1.5	49.8	94.3	93.7	617	1.53e-183	534
WP_006851906.1	lcl|P10591-3.A.16.1.6	49.4	94.5	95.2	616	3.91e-178	520
WP_006851906.1	lcl|P08107-1.A.33.1.3	48.1	98.3	98.6	646	2.21e-174	510
WP_006851906.1	lcl|P22953-1.A.33.1.1	47.5	95.8	95.7	630	6.36e-168	494
WP_006851906.1	lcl|P44669-9.A.41.1.1	43.6	83.7	83.7	537	6.91e-128	390
WP_006851906.1	lcl|Q9Y4L1-3.A.16.1.4	26.7	83.8	59.7	607	9.82e-44	168
WP_006851906.1	lcl|P36016-1.A.33.1.6	22.9	68.1	52.8	472	6.00e-18	87.8
WP_006851906.1	lcl|O33619-9.B.157.1.5	23.9	57.9	92.1	376	1.48e-12	68.9
WP_006851906.1	lcl|Q9K8H5-9.B.157.1.2	25.3	57.5	91.0	388	1.15e-10	63.2
WP_006851906.1	lcl|Q01465-9.B.157.1.1	26.7	36.7	56.7	236	1.41e-08	56.6
WP_006851906.1	lcl|P0A9X4-9.B.157.1.3	28.6	16.5	28.8	105	2.62e-08	55.8
WP_006851906.1	lcl|Q8F2L2-9.B.157.1.4	25.4	36.7	55.6	236	3.37e-08	55.5
WP_006851906.1	lcl|F7WTS9-1.A.33.2.2	24.0	44.1	48.9	296	1.56e-06	50.8
WP_006851906.1	lcl|7BVZ_A-9.B.460.1.1	24.8	18.4	32.5	117	1.81e-05	47.0
WP_006851909.1	lcl|G4FGN8-3.A.1.1.41	37.4	81.9	84.9	353	3.88e-70	226
WP_006851909.1	lcl|O51923-3.A.1.1.7	33.8	87.6	85.3	391	2.20e-64	213
WP_006851909.1	lcl|Q72H68-3.A.1.1.25	29.3	77.7	78.8	341	8.62e-44	157
WP_006851909.1	lcl|Q9R9Q7-3.A.1.1.17	30.1	84.6	85.8	375	7.70e-43	155
WP_006851909.1	lcl|Q8L126-3.A.1.1.19	26.9	90.7	88.5	402	7.16e-38	142
WP_006851909.1	lcl|Q9AI68-3.A.1.1.12	29.3	65.8	68.5	294	2.95e-29	117
WP_006851909.1	lcl|Q7D8J9-3.A.1.1.31	26.1	89.1	90.0	426	1.10e-27	114
WP_006851909.1	lcl|O30491-3.A.1.1.49	23.3	88.4	89.9	399	6.17e-14	72.8
WP_006851909.1	lcl|P0AG80-3.A.1.1.3	23.7	87.6	88.4	405	9.51e-08	53.5
WP_006851909.1	lcl|Q6MNM0-3.A.1.1.51	26.9	39.4	22.9	175	6.17e-06	48.1
WP_006851916.1	lcl|A9WBR9-3.A.1.32.3	25.4	44.7	68.2	468	6.07e-15	78.6
WP_006851916.1	lcl|P35116-3.A.1.3.6	31.3	12.8	45.9	128	4.41e-08	55.1
WP_006851916.1	lcl|Q9F3K7-3.A.1.3.24	32.4	13.8	51.0	139	7.60e-08	54.3
WP_006851916.1	lcl|O34900-3.A.1.3.13	32.3	15.5	54.8	155	1.08e-07	53.9
WP_006851916.1	lcl|Q8GRB0-3.A.1.14.8	31.7	10.1	36.2	101	1.38e-07	53.5
WP_006851916.1	lcl|E6N374-3.A.1.122.27	36.6	9.4	37.7	93	2.77e-07	52.4
WP_006851916.1	lcl|Q8G6E9-3.A.1.31.1	29.5	10.5	18.6	105	2.95e-07	53.9
WP_006851916.1	lcl|A2SPE8-3.A.1.26.2	23.6	41.4	46.1	415	3.27e-07	53.9
WP_006851916.1	lcl|XP_029217353.1-3.A.1.201.44	30.8	12.1	8.5	120	5.36e-07	53.5
WP_006851916.1	lcl|P45769-3.A.1.3.26	31.9	11.2	41.3	113	5.84e-07	51.6
WP_006851916.1	lcl|Q73JF3-3.A.1.31.2	39.7	7.4	15.1	73	6.13e-07	52.8
WP_006851916.1	lcl|Q9KXJ6-3.A.1.32.1	30.1	14.4	24.3	146	6.92e-07	52.8
WP_006851916.1	lcl|Q9CES4-3.A.1.3.25	34.9	13.0	47.0	129	9.99e-07	50.8
WP_006851916.1	lcl|Q9RK11-3.A.1.14.13	32.7	10.1	32.1	101	1.02e-06	51.2
WP_006851916.1	lcl|Q2EHL8-3.A.1.122.35	29.8	12.0	17.2	121	1.28e-06	52.0
WP_006851916.1	lcl|Q9ZU35-3.A.1.204.41	39.3	6.2	8.0	61	2.32e-06	51.2
WP_006851916.1	lcl|P0A9X1-3.A.1.15.5	32.8	12.3	44.6	125	3.32e-06	49.3
WP_006851916.1	lcl|P22731-3.A.1.4.1	32.1	11.2	43.5	112	3.93e-06	48.9
WP_006851916.1	lcl|Q5SKA0-3.A.1.14.26	33.0	10.6	38.4	106	4.41e-06	48.9
WP_006851916.1	lcl|Q8R9L8-3.A.1.33.1	35.6	7.4	11.1	73	4.75e-06	50.1
WP_006851916.1	lcl|Q6N8W1-3.A.1.4.11	30.1	12.4	19.2	123	4.84e-06	50.1
WP_006851916.1	lcl|P75831-3.A.1.122.1	33.8	7.8	11.6	77	5.04e-06	50.1
WP_006851916.1	lcl|A2RKA7-3.A.1.2.17	40.3	6.8	12.6	67	5.86e-06	49.7
WP_006851916.1	lcl|O68877-3.A.1.14.21	30.6	12.3	46.3	124	6.13e-06	48.5
WP_006851916.1	lcl|Q8RD07-3.A.1.23.5	30.3	12.2	47.1	122	7.37e-06	48.1
WP_006851921.1	lcl|Q7UQ81-9.B.146.1.1	31.5	90.5	63.7	355	7.55e-31	122
WP_006851921.1	lcl|R6S968-9.B.146.1.4	27.1	82.1	85.8	332	1.55e-20	91.7
WP_006851921.1	lcl|P0AC78-9.B.146.1.7	26.7	84.7	83.9	326	1.88e-20	91.3
WP_006851921.1	lcl|ALM14264-9.B.146.1.8	30.3	57.9	63.8	238	1.02e-14	74.3
WP_006851921.1	lcl|G2HLY8-9.B.146.1.2	24.3	69.2	75.3	276	5.48e-10	59.7
WP_006851921.1	lcl|Q8F4J3-9.B.146.1.3	52.5	10.5	10.9	40	4.65e-05	44.7
WP_006851946.1	lcl|B0C7S4-5.B.4.1.2	47.8	84.7	88.9	138	4.13e-39	129
WP_006851946.1	lcl|Q9SUI4-5.B.4.1.1	41.4	90.2	69.4	152	1.47e-31	112
WP_006851948.1	lcl|Q8DL29-3.D.1.8.2	74.7	87.2	94.1	95	1.28e-44	139
WP_006851948.1	lcl|P26289-3.D.1.8.1	53.6	89.0	96.0	97	1.72e-28	99.0
WP_006851948.1	lcl|F1SVE0-3.D.13.1.1	49.5	90.8	95.1	99	2.37e-26	93.6
WP_006851948.1	lcl|Q9P9F6-3.D.9.1.1	49.5	90.8	95.1	99	2.37e-26	93.6
WP_006851948.1	lcl|P29923-3.D.1.2.1	55.6	89.9	96.0	99	2.66e-25	90.9
WP_006851948.1	lcl|Q56226-3.D.1.3.1	44.3	89.0	98.9	97	5.22e-19	74.7
WP_006851948.1	lcl|Q0P859-3.D.1.7.1	38.0	84.4	91.8	92	1.52e-13	60.8
WP_006851948.1	lcl|P05509-3.D.1.6.2	40.2	78.9	95.5	87	1.38e-12	58.2
WP_006851948.1	lcl|P0AFE4-3.D.1.1.1	36.7	89.9	96.0	98	5.04e-12	57.0
WP_006851948.1	lcl|Q746T6-3.D.1.5.1	34.7	82.6	87.3	95	5.59e-08	46.6
WP_006851948.1	lcl|OLS18236-3.D.9.1.2	27.8	87.2	90.6	97	1.68e-07	45.4
WP_006851948.1	lcl|Q84K56-3.D.1.6.4	30.0	81.7	38.8	90	6.43e-07	45.4
WP_006851949.1	lcl|Q05839-8.A.9.1.1	31.2	86.3	69.4	522	1.16e-63	220
WP_006851949.1	lcl|Q07837-8.A.9.1.2	32.0	79.7	63.5	462	1.32e-63	220
WP_006851949.1	lcl|Q8A1G3-8.A.9.1.3	23.8	82.1	79.0	604	8.99e-33	132
WP_006851949.1	lcl|P08195-8.A.9.2.2	23.6	91.3	58.6	509	8.66e-16	80.1
WP_006851949.1	lcl|P08195-2.A.3.8.18	23.6	91.3	58.6	509	8.66e-16	80.1
WP_006851949.1	lcl|P10852-2.A.3.8.5	22.9	91.0	70.3	511	3.49e-09	58.9
WP_006851949.1	lcl|Q64304-8.A.9.2.1	22.7	86.4	65.5	488	3.24e-08	55.8
WP_006851961.1	lcl|P0AAI3-3.A.29.1.5	50.3	97.2	92.2	600	1.81e-195	563
WP_006851961.1	lcl|Q9WZ49-3.A.29.1.7	48.4	97.7	98.5	611	3.08e-185	536
WP_006851961.1	lcl|O67077-3.A.29.1.4	48.1	91.9	88.5	568	7.31e-168	492
WP_006851961.1	lcl|ALM13868-3.A.29.1.6	56.6	74.8	71.9	463	3.22e-167	491
WP_006851961.1	lcl|B7J0N5-3.A.29.1.8	52.1	75.2	71.7	463	2.30e-156	463
WP_006851961.1	lcl|Q9N3T5-3.A.29.1.2	50.7	75.5	58.6	469	1.84e-143	434
WP_006851961.1	lcl|P39925-3.A.29.1.1	49.4	75.0	60.4	472	3.20e-135	412
WP_006851961.1	lcl|P40341-3.A.29.1.1	47.1	75.6	55.8	473	3.20e-131	404
WP_006851961.1	lcl|P32795-3.A.29.1.1	45.2	72.9	57.7	451	6.05e-124	383
WP_006851961.1	lcl|P54813-3.A.29.1.2	44.5	73.9	61.8	465	1.50e-121	376
WP_006851961.1	lcl|8XQX_F-3.A.9.1.4	44.1	74.2	45.5	469	1.55e-109	352
WP_006851961.1	lcl|8XQX_E-3.A.9.1.4	45.4	62.3	39.4	390	9.66e-95	311
WP_006851961.1	lcl|8XQX_B-3.A.9.1.4	37.3	72.7	43.3	483	3.42e-87	293
WP_006851961.1	lcl|8XQX_C-3.A.9.1.4	37.3	72.7	43.3	483	3.42e-87	293
WP_006851961.1	lcl|8XQX_A-3.A.9.1.4	36.3	71.3	40.0	479	1.62e-66	235
WP_006851961.1	lcl|P55072-3.A.16.1.1	41.9	39.8	30.5	246	1.19e-59	213
WP_006851961.1	lcl|P25694-3.A.16.1.2	44.1	38.5	28.1	238	1.99e-58	209
WP_006851961.1	lcl|P54609-3.A.16.1.5	42.9	37.2	28.6	231	1.01e-57	207
WP_006851961.1	lcl|C6KT34-3.A.16.1.3	42.7	36.7	27.4	227	1.03e-53	196
WP_006851961.1	lcl|B7G1T3-3.A.25.1.1	40.0	37.2	24.7	230	7.62e-52	191
WP_006851961.1	lcl|Q9ZPR1-3.A.16.1.5	43.5	37.3	38.5	232	5.15e-51	185
WP_006851961.1	lcl|P46468-3.A.25.2.1	41.6	35.7	17.8	221	8.61e-50	186
WP_006851961.1	lcl|Q9SS94-3.A.16.1.5	40.5	40.1	31.1	262	2.71e-46	174
WP_006851961.1	lcl|P33760-3.A.20.1.5	40.6	38.8	24.0	249	2.22e-45	172
WP_006851961.1	lcl|P24004-3.A.20.1.5	38.0	39.8	24.2	255	2.26e-45	172
WP_006851966.1	lcl|P27830-9.B.18.2.4	24.2	96.8	91.0	330	4.13e-18	83.2
WP_006851966.1	lcl|A7IKV9-9.B.365.4.1	27.4	78.9	59.1	263	3.53e-06	47.8
WP_006851966.1	lcl|WP_216200341.1-9.B.18.2.2	22.6	79.9	36.3	261	5.56e-06	47.4
WP_006851998.1	lcl|Q70J76-3.A.1.105.3	32.7	72.5	80.4	208	1.02e-17	80.1
WP_006851998.1	lcl|Q9F2Y7-3.A.1.105.13	28.1	67.6	67.1	192	2.54e-11	62.4
WP_006851998.1	lcl|AKM80417-3.A.1.105.21	27.6	76.1	80.1	221	2.57e-10	59.3
WP_006851998.1	lcl|Q3Z8A7-3.A.1.105.6	26.9	73.6	82.6	212	7.48e-06	45.8
WP_006852001.1	lcl|Q8VRL2-3.A.11.1.3	64.0	51.0	7.1	25	5.88e-04	34.7
WP_006852004.1	lcl|O97252-3.A.26.1.1	47.2	79.5	47.8	178	4.26e-50	166
WP_006852004.1	lcl|O59179-8.A.21.2.1	27.9	60.7	30.8	140	7.31e-04	39.7
WP_006852008.1	lcl|Q8DKZ4-3.D.1.8.2	68.7	91.1	91.6	227	5.11e-107	308
WP_006852008.1	lcl|P56756-3.D.1.8.1	68.8	75.6	82.7	186	1.44e-89	263
WP_006852008.1	lcl|Q74GA7-3.D.1.5.1	55.0	60.6	86.5	149	3.73e-57	179
WP_006852008.1	lcl|P42026-3.D.1.6.1	46.3	71.1	77.3	175	1.01e-54	174
WP_006852008.1	lcl|Q0P850-3.D.1.7.1	55.6	58.5	85.0	144	6.58e-52	166
WP_006852008.1	lcl|Q42577-3.D.1.6.3	50.7	56.9	63.8	140	1.76e-50	164
WP_006852008.1	lcl|Q56218-3.D.1.3.1	52.0	61.4	82.9	152	1.85e-49	160
WP_006852008.1	lcl|P0AFC7-3.D.1.1.1	50.7	60.6	67.3	150	2.11e-49	161
WP_006852008.1	lcl|O47950-3.D.1.6.2	51.8	56.5	61.1	139	3.54e-49	160
WP_006852008.1	lcl|Q6V9B0-3.D.1.6.4	48.6	56.9	84.8	140	6.23e-49	158
WP_006852008.1	lcl|P29918-3.D.1.2.1	50.4	56.5	79.8	139	1.32e-47	155
WP_006852008.1	lcl|Q9P9G2-3.D.9.1.1	45.5	62.2	83.2	154	5.88e-46	151
WP_006852008.1	lcl|WIM45900.1-3.D.13.1.1	45.5	62.2	83.2	154	5.88e-46	151
WP_006852008.1	lcl|OLS18214-3.D.9.1.2	49.3	54.1	89.4	136	2.01e-38	130
WP_006852008.1	lcl|O59654-3.D.1.4.2	48.1	43.9	68.6	108	1.92e-30	110
WP_006852008.1	lcl|Q8U0Z8-3.D.1.4.1	46.5	46.3	67.7	114	3.35e-27	102
WP_006852008.1	lcl|P72317-3.D.1.4.3	37.7	50.4	90.8	130	2.02e-25	97.1
WP_006852008.1	lcl|Q729R1-3.D.1.4.4	38.0	40.7	68.8	100	3.46e-23	91.3
WP_006852008.1	lcl|P16433-3.D.1.9.2	45.1	41.5	39.6	102	2.96e-22	91.7
WP_006852008.1	lcl|P77668-3.D.1.9.1	41.5	43.1	41.7	106	5.48e-21	88.2
WP_006852008.1	lcl|Q8EYD8-3.D.1.9.3	31.1	41.9	34.8	103	4.08e-08	52.4
WP_006852011.1	lcl|B3EBP1-4.D.1.3.3	28.8	87.8	20.3	364	9.90e-22	97.4
WP_006852011.1	lcl|B8F5K7-4.D.1.3.2	40.9	21.8	34.5	88	1.47e-13	69.7
WP_006852011.1	lcl|F8KXN0-4.D.1.3.1	41.5	21.5	22.6	94	2.70e-09	58.2
WP_006852011.1	lcl|AKM79484-4.D.1.3.5	33.3	23.3	36.5	93	7.31e-08	52.8
WP_006852012.1	lcl|WP_062382148.1-1.A.115.1.5	34.7	96.0	96.8	251	7.88e-19	82.4
WP_006852012.1	lcl|RZD32576-1.A.115.1.2	35.4	74.4	70.1	189	3.30e-17	78.2
WP_006852012.1	lcl|WP_106247303.1-1.A.115.1.3	25.3	91.6	79.8	233	3.38e-08	52.8
WP_006852014.1	lcl|Q8KPP0-3.E.2.2.1	64.7	51.5	87.2	34	3.03e-10	49.3
WP_006852014.1	lcl|P56781-3.E.2.2.3	50.0	54.5	90.0	36	2.53e-09	47.0
WP_006852017.1	lcl|E2YHZ7-3.A.1.135.7	34.0	86.6	85.6	509	1.01e-91	293
WP_006852017.1	lcl|Q9WYC4-3.A.1.135.5	31.7	97.8	95.2	577	5.27e-90	289
WP_006852017.1	lcl|O06967-3.A.1.117.3	34.4	88.1	86.9	515	1.74e-88	285
WP_006852017.1	lcl|A4XGX1-3.A.1.135.10	32.6	94.3	89.8	559	1.28e-87	283
WP_006852017.1	lcl|Q2G2M9-3.A.1.106.2	33.8	87.3	88.2	512	1.29e-83	271
WP_006852017.1	lcl|P60752-3.A.1.106.1	31.4	97.4	97.6	570	1.99e-83	271
WP_006852017.1	lcl|P63359-3.A.1.106.20	31.4	97.4	97.6	570	7.68e-83	270
WP_006852017.1	lcl|P73239-3.A.1.106.14	32.4	97.8	98.0	592	1.48e-81	266
WP_006852017.1	lcl|C1F8I9-3.A.1.106.17	32.1	97.9	98.8	585	3.19e-81	265
WP_006852017.1	lcl|Q832J9-3.A.1.135.9	30.8	91.9	89.7	535	1.08e-80	264
WP_006852017.1	lcl|Q837P4-3.A.1.135.8	31.5	90.2	89.6	533	1.41e-80	264
WP_006852017.1	lcl|Q72J05-3.A.1.106.18	33.3	87.4	86.2	517	1.83e-80	264
WP_006852017.1	lcl|Q0WML0-3.A.1.201.8	30.4	98.1	90.5	583	9.65e-80	263
WP_006852017.1	lcl|Q8G7R7-3.A.1.106.3	32.1	94.0	90.2	557	4.10e-78	258
WP_006852017.1	lcl|Q9WYC3-3.A.1.135.5	30.8	89.7	90.6	523	4.50e-78	257
WP_006852017.1	lcl|D5AL45-3.A.1.210.15	34.0	80.2	78.3	483	7.19e-78	257
WP_006852017.1	lcl|O32748-3.A.1.117.2	31.3	97.2	96.4	569	1.98e-77	255
WP_006852017.1	lcl|O07549-3.A.1.106.8	31.7	87.3	75.3	518	2.66e-77	257
WP_006852017.1	lcl|E8MFM3-3.A.1.135.6	30.2	90.5	87.0	539	9.76e-77	254
WP_006852017.1	lcl|Q9NUT2-3.A.1.201.22	34.4	96.4	77.8	581	1.23e-76	257
WP_006852017.1	lcl|G9F9U0-3.A.1.201.30	34.2	97.9	88.5	584	1.93e-75	252
WP_006852017.1	lcl|Q7NL25-3.A.1.106.11	33.1	97.8	96.0	577	7.69e-75	249
WP_006852017.1	lcl|Q9GTN7-3.A.1.201.40	31.7	91.4	30.4	539	1.56e-74	258
WP_006852017.1	lcl|Q9CIP5-3.A.1.135.1	32.0	82.8	73.2	490	2.37e-74	249
WP_006852017.1	lcl|O53645-3.A.1.106.6	35.4	83.0	40.3	483	2.01e-73	254
WP_006852023.1	lcl|BAK19941-3.A.2.1.10	69.9	95.0	89.1	229	5.43e-117	334
WP_006852023.1	lcl|BAK19935-3.A.2.1.9	36.5	93.8	94.0	230	2.84e-35	125
WP_006852023.1	lcl|Q467F3-3.A.2.1.12	33.8	92.1	93.0	228	8.99e-28	105
WP_006852023.1	lcl|P21903-3.A.2.1.2	31.6	85.9	73.7	215	4.35e-27	105
WP_006852023.1	lcl|P09218-3.A.2.1.14	30.8	86.3	93.3	224	7.06e-23	92.8
WP_006852023.1	lcl|F8L1Z7-3.A.2.1.6	31.1	83.4	84.9	225	9.47e-20	84.7
WP_006852023.1	lcl|Q9RMB6-3.A.2.1.5	27.8	85.9	92.3	216	2.01e-17	77.8
WP_006852023.1	lcl|A1B619-3.A.2.1.7	27.5	81.7	80.6	211	1.34e-13	67.8
WP_006852023.1	lcl|P00854-3.A.2.1.3	26.2	96.3	95.0	256	5.80e-11	60.5
WP_006852023.1	lcl|P0AB98-3.A.2.1.1	26.6	83.8	81.5	222	1.60e-10	59.3
WP_006852024.1	lcl|Q8DKY0-3.D.1.8.2	74.1	91.4	94.1	499	8.74e-263	727
WP_006852024.1	lcl|P26288-3.D.1.8.1	50.1	90.5	98.2	493	3.01e-165	478
WP_006852024.1	lcl|P0AFE8-3.D.1.1.1	39.6	89.5	96.3	502	1.47e-101	315
WP_006852024.1	lcl|P29925-3.D.1.2.1	36.9	89.9	95.5	504	9.14e-101	313
WP_006852024.1	lcl|Q746T8-3.D.1.5.1	34.5	89.7	97.8	498	1.42e-90	286
WP_006852024.1	lcl|F1SVH9-3.D.13.1.1	35.4	91.2	99.0	511	3.18e-84	270
WP_006852024.1	lcl|Q9P9F4-3.D.9.1.1	35.4	91.2	99.0	511	3.18e-84	270
WP_006852024.1	lcl|OLS18238-3.D.9.1.2	29.1	89.5	96.9	512	2.99e-60	207
WP_006852024.1	lcl|Q0P861-3.D.1.7.1	28.7	91.6	96.8	505	1.57e-58	202
WP_006852024.1	lcl|Q56228-3.D.1.3.1	31.4	79.8	87.8	436	4.69e-50	178
WP_006852024.1	lcl|P15582-3.D.1.6.2	27.3	88.1	90.2	483	1.01e-45	167
WP_006852024.1	lcl|P20113-3.D.1.6.4	32.7	75.0	88.0	413	2.47e-45	165
WP_006852024.1	lcl|P03910-3.D.1.6.1	28.4	73.8	86.5	408	3.72e-41	154
WP_006852024.1	lcl|Q9ZNG6-2.A.63.1.3	26.7	88.3	61.8	517	3.92e-36	143
WP_006852024.1	lcl|Q52978-2.A.63.1.1	26.8	86.1	46.8	482	2.27e-34	138
WP_006852024.1	lcl|Q7AJV8-2.A.63.1.2	27.4	91.2	63.2	526	3.26e-34	137
WP_006852024.1	lcl|OLS18239-3.D.9.1.2	24.9	90.3	96.5	511	1.17e-32	130
WP_006852024.1	lcl|Q8U100-3.D.1.4.1	25.3	88.3	94.9	514	6.62e-32	128
WP_006852024.1	lcl|Q9K2S2-2.A.63.1.4	25.5	86.8	59.9	498	1.14e-30	126
WP_006852024.1	lcl|Q9KD98-2.A.63.1.2	27.2	85.5	90.5	474	2.12e-30	124
WP_006852024.1	lcl|O05229-2.A.63.1.4	26.2	80.7	87.2	454	1.07e-28	119
WP_006852024.1	lcl|P72316-3.D.1.4.3	25.1	87.0	37.9	502	9.06e-28	118
WP_006852024.1	lcl|P77437-3.D.1.9.1	35.3	36.5	38.2	201	8.95e-27	113
WP_006852024.1	lcl|P23482-3.D.1.9.1	24.3	50.5	42.4	288	9.38e-26	111
WP_006852024.1	lcl|P60686-2.A.63.1.3	25.6	72.5	78.9	403	3.39e-25	108
WP_006852026.1	lcl|Q8KPP1-3.E.2.2.1	75.7	94.9	92.5	37	3.14e-14	58.2
WP_006852026.1	lcl|P60129-3.E.2.2.3	70.6	87.2	89.5	34	9.84e-11	49.3
WP_006852031.1	lcl|Q9L3S3-3.A.1.4.4	51.7	97.2	99.2	261	3.27e-81	244
WP_006852031.1	lcl|Q8NRV8-3.A.1.4.5	45.4	95.6	97.9	240	1.87e-70	216
WP_006852031.1	lcl|CAI09141-3.A.1.4.15	36.2	100	100	254	1.80e-51	167
WP_006852031.1	lcl|P21629-3.A.1.4.8	37.6	97.2	99.2	255	8.49e-50	163
WP_006852031.1	lcl|Q8DQH8-3.A.1.4.10	36.0	96.0	98.4	250	1.65e-49	162
WP_006852031.1	lcl|P0A9S7-3.A.1.4.1	36.9	97.2	99.2	255	7.52e-48	158
WP_006852031.1	lcl|Q92TN3-3.A.1.4.7	36.3	96.8	96.5	245	2.01e-44	149
WP_006852031.1	lcl|Q8YU22-3.A.1.4.12	31.5	96.8	97.3	254	4.36e-41	141
WP_006852031.1	lcl|Q55164-3.A.1.4.2	35.6	96.4	93.6	253	1.64e-39	137
WP_006852031.1	lcl|Q8VM83-3.A.1.4.3	34.9	95.6	97.3	252	2.76e-38	134
WP_006852031.1	lcl|AKM83896-3.A.1.4.14	33.3	96.4	99.2	249	2.23e-37	131
WP_006852031.1	lcl|Q7A2H0-3.A.1.4.6	33.8	92.0	92.3	240	6.41e-37	130
WP_006852031.1	lcl|Q6N8W1-3.A.1.4.11	34.8	96.8	42.2	250	1.05e-36	135
WP_006852031.1	lcl|Q0S719-3.A.1.4.9	32.7	98.8	42.2	257	1.18e-36	135
WP_006852031.1	lcl|P73650-3.A.1.4.2	34.0	91.6	93.8	235	4.17e-32	117
WP_006852031.1	lcl|OLS24632-3.A.1.4.13	27.5	96.0	26.8	251	8.17e-30	117
WP_006852031.1	lcl|Q8YU20-3.A.1.4.12	29.9	95.6	88.3	241	1.61e-29	111
WP_006852031.1	lcl|Q1M7Q1-3.A.1.11.6	28.9	94.4	63.5	242	4.70e-29	112
WP_006852031.1	lcl|P32721-3.A.1.2.6	31.7	93.6	46.1	240	1.66e-28	112
WP_006852031.1	lcl|E8R694-3.A.1.147.3	29.9	91.2	81.0	231	2.63e-28	108
WP_006852031.1	lcl|Q04MS6-3.A.1.24.6	29.6	94.4	68.3	250	3.10e-28	109
WP_006852031.1	lcl|Q45404-3.A.1.124.2	28.3	99.2	94.7	254	3.22e-28	107
WP_006852031.1	lcl|Q8NSN2-3.A.1.24.4	30.6	86.9	59.4	222	1.28e-27	108
WP_006852031.1	lcl|OLS25602-3.A.1.3.30	29.2	92.8	90.8	236	1.35e-27	105
WP_006852031.1	lcl|AKM83893-3.A.1.4.14	29.2	96.8	97.1	250	1.59e-27	105
WP_006852032.1	lcl|WP_048206392.1-2.A.7.44.1	46.3	40.0	42.3	67	3.02e-13	63.2
WP_006852032.1	lcl|WP_105482921.1-2.A.7.44.4	38.1	62.5	72.4	113	1.15e-10	56.2
WP_006852032.1	lcl|RPI82882.1-2.A.7.44.5	34.9	57.5	68.9	109	8.31e-10	53.9
WP_006852033.1	lcl|Q07711-3.A.7.7.1	22.8	62.7	81.7	618	1.27e-17	87.4
WP_006852035.1	lcl|Q9UGP8-3.A.5.9.1	46.7	17.2	5.9	45	5.12e-05	43.9
WP_006852035.1	lcl|Q8IBK8-3.A.8.1.5	32.0	19.2	43.5	50	2.84e-04	39.3
WP_006852036.1	lcl|P22610-3.A.15.2.1	32.2	87.1	51.4	149	6.05e-06	44.7
WP_006852036.1	lcl|Q8VRL2-3.A.11.1.3	37.3	48.5	20.9	83	1.00e-04	41.2
WP_006852036.1	lcl|O68433-3.A.15.3.1	31.8	75.4	44.9	132	2.27e-04	40.0
WP_006852036.1	lcl|Q46836-1.A.54.5.4	28.7	78.9	48.7	136	4.00e-04	39.3
WP_006852042.1	lcl|GIM07801.1-3.E.1.5.3	35.2	50.8	5.6	125	1.77e-18	84.0
WP_006852042.1	lcl|Q7MVV4-2.A.130.1.1	28.3	43.0	19.5	106	6.13e-08	52.4
WP_006852043.1	lcl|QKK87500.1-2.A.6.2.33	25.6	97.2	96.5	379	5.24e-20	89.7
WP_006852043.1	lcl|Q9I6X6-2.A.6.2.27	24.3	83.2	83.6	325	1.59e-18	85.5
WP_006852043.1	lcl|Q9HWH5-2.A.6.2.32	26.6	90.5	84.6	338	4.04e-17	81.3
WP_006852043.1	lcl|L8NGR5-2.A.6.3.8	25.5	75.1	82.6	306	1.45e-15	76.6
WP_006852043.1	lcl|A0Q8A4-2.A.6.2.28	22.3	89.1	73.3	336	5.14e-15	75.5
WP_006852043.1	lcl|P76397-8.A.1.6.2	23.3	77.0	75.7	317	1.58e-11	64.7
WP_006852043.1	lcl|Q1D664-2.A.6.1.10	25.6	71.1	53.5	289	6.08e-11	63.2
WP_006852043.1	lcl|Q6MLX8-3.A.1.105.20	24.2	52.4	97.5	198	6.37e-11	60.8
WP_006852043.1	lcl|Q9RBY9-2.A.6.2.41	24.3	94.7	88.7	383	6.41e-11	62.8
WP_006852043.1	lcl|Q2FD71-2.A.6.2.40	22.0	94.7	88.7	382	1.53e-10	61.6
WP_006852043.1	lcl|Q9I0V5-2.A.6.2.39	22.4	91.0	79.6	375	5.16e-10	60.1
WP_006852043.1	lcl|P75830-3.A.1.122.1	21.7	73.1	82.2	309	4.48e-09	57.0
WP_006852043.1	lcl|Q67GM1-2.A.6.2.4	22.5	97.5	97.1	395	7.98e-08	53.1
WP_006852043.1	lcl|W6QSL8-2.A.6.2.15	21.9	90.2	86.2	365	1.47e-07	52.4
WP_006852043.1	lcl|P37973-8.A.1.2.1	23.9	63.0	63.3	255	1.48e-07	52.4
WP_006852043.1	lcl|Q8RTE5-2.A.6.2.22	27.3	42.6	49.9	183	2.46e-07	51.6
WP_006852043.1	lcl|Q9HY86-2.A.6.2.34	22.7	82.6	85.7	339	4.55e-07	50.8
WP_006852043.1	lcl|Q9F241-2.A.6.2.42	22.4	97.5	92.1	397	4.63e-07	50.8
WP_006852043.1	lcl|Q9I3R2-2.A.6.2.35	24.1	70.3	74.3	295	6.05e-07	50.4
WP_006852043.1	lcl|Q44585-2.A.6.1.12	21.7	63.0	63.0	254	6.20e-07	50.4
WP_006852043.1	lcl|Q2EHL9-3.A.1.122.35	20.3	48.2	55.1	217	1.06e-05	46.6
WP_006852043.1	lcl|Q7UZ72-8.A.1.6.4	23.0	51.5	76.3	226	8.17e-05	43.5
WP_006852044.1	lcl|Q60337-8.A.159.1.2	23.6	60.4	63.6	208	4.20e-08	53.5
WP_006852049.1	lcl|P09193-3.E.2.2.2	82.3	100	100	462	6.13e-299	812
WP_006852049.1	lcl|P11004-3.E.2.2.1	81.4	100	100	462	1.66e-294	801
WP_006852049.1	lcl|P56778-3.E.2.2.3	73.6	100	97.5	462	1.28e-264	726
WP_006852057.1	lcl|O50296-3.A.1.114.1	54.1	97.8	90.2	220	3.64e-79	237
WP_006852057.1	lcl|O53899-3.A.1.125.2	43.9	98.7	89.5	223	1.18e-49	162
WP_006852057.1	lcl|Q7A3X3-3.A.1.122.4	41.4	97.3	98.6	220	5.54e-47	154
WP_006852057.1	lcl|E6N374-3.A.1.122.27	40.0	97.3	92.4	220	1.20e-46	154
WP_006852057.1	lcl|D6ZUW6-3.A.1.122.16	43.6	97.3	86.2	220	2.71e-46	153
WP_006852057.1	lcl|O34392-3.A.1.122.19	38.2	97.8	97.0	225	1.17e-45	151
WP_006852057.1	lcl|Q8DQF8-3.A.1.122.20	41.0	96.0	92.3	217	2.47e-45	150
WP_006852057.1	lcl|D5UKP4-3.A.1.122.32	42.2	98.2	92.1	223	4.24e-45	150
WP_006852057.1	lcl|P75957-3.A.1.125.1	42.1	95.6	92.3	216	4.93e-45	149
WP_006852057.1	lcl|Q973J6-3.A.1.122.10	38.4	98.7	96.1	224	1.07e-43	146
WP_006852057.1	lcl|H6NK49-3.A.1.122.34	39.2	94.7	90.3	217	1.20e-43	146
WP_006852057.1	lcl|H2GZC3-3.A.1.122.11	42.8	95.6	94.1	215	1.58e-43	145
WP_006852057.1	lcl|Q58206-3.A.1.122.14	38.6	97.3	94.9	228	1.65e-43	145
WP_006852057.1	lcl|TXT58064-3.A.1.207.7	39.7	96.9	55.6	219	4.42e-43	149
WP_006852057.1	lcl|Q8NSN2-3.A.1.24.4	42.5	88.4	55.3	200	6.32e-43	147
WP_006852057.1	lcl|Q2EHL8-3.A.1.122.35	41.0	98.2	34.2	222	9.69e-43	152
WP_006852057.1	lcl|A6QEX0-3.A.1.134.7	35.9	98.2	87.4	223	2.11e-42	143
WP_006852057.1	lcl|RDE13438-3.A.1.122.23	37.0	96.0	96.4	219	5.56e-42	141
WP_006852057.1	lcl|A3MWP1-3.A.1.137.1	38.3	98.7	87.4	227	8.58e-42	142
WP_006852057.1	lcl|B3WF86-3.A.1.134.8	38.6	97.3	85.5	220	9.04e-42	142
WP_006852057.1	lcl|OLS22653-3.A.1.122.26	36.6	88.9	84.4	216	1.54e-41	141
WP_006852057.1	lcl|P75831-3.A.1.122.1	40.2	95.1	32.9	219	4.73e-41	147
WP_006852057.1	lcl|O31711-3.A.1.122.2	37.0	96.9	94.3	219	5.04e-41	139
WP_006852057.1	lcl|I2F7A6-3.A.1.125.7	36.9	98.2	95.3	222	5.32e-41	139
WP_006852057.1	lcl|A8TDW7-3.A.1.122.7	39.0	90.7	70.2	205	5.81e-41	140
WP_006852062.1	lcl|Q9V0A4-3.B.1.1.5	28.4	29.8	19.5	102	1.39e-05	46.2
WP_006852072.1	lcl|AIE75112-9.B.238.3.6	52.0	91.0	98.1	646	3.23e-217	621
WP_006852072.1	lcl|WP_018128393.1-9.B.238.3.1	29.1	40.8	46.7	289	4.07e-22	100
WP_006852072.1	lcl|MAS05117.1-9.B.34.1.7	29.9	41.0	33.0	294	7.00e-22	100
WP_006852072.1	lcl|GIM07801.1-3.E.1.5.3	30.1	35.8	10.2	249	1.38e-20	97.1
WP_006852072.1	lcl|Q9C5U0-9.B.238.3.7	27.9	36.9	27.2	298	1.41e-20	96.7
WP_006852072.1	lcl|WP_064329934.1-9.B.238.3.2	28.8	44.8	52.3	312	5.19e-20	93.6
WP_006852072.1	lcl|OHA58142.1-9.B.259.2.2	22.8	46.8	41.9	329	8.10e-15	77.8
WP_006852072.1	lcl|Q9HV74-2.A.21.9.1	26.0	41.0	26.9	296	5.09e-14	75.5
WP_006852072.1	lcl|PJA07603.1-9.B.259.2.3	24.6	38.5	30.9	284	1.77e-10	63.9
WP_006852072.1	lcl|WP_161837784-9.B.238.3.3	23.4	34.6	27.6	239	4.18e-08	56.2
WP_006852075.1	lcl|A3U437-9.B.29.2.12	58.4	92.0	96.8	243	2.27e-96	282
WP_006852075.1	lcl|CAI09141-3.A.1.4.15	28.5	87.8	89.7	235	1.49e-19	84.7
WP_006852075.1	lcl|B1W1L9-3.A.1.5.37	32.1	86.6	69.6	246	4.43e-19	84.7
WP_006852075.1	lcl|Q9F350-3.A.1.5.35	30.8	87.0	71.9	247	7.00e-18	81.3
WP_006852075.1	lcl|F0SWZ6-3.A.1.18.3	32.4	90.8	45.6	241	8.38e-18	82.0
WP_006852075.1	lcl|KAI7259335.1-3.A.1.29.2	31.3	90.5	19.7	240	2.13e-17	81.3
WP_006852075.1	lcl|D5AL45-3.A.1.210.15	30.5	84.7	34.5	226	2.41e-17	80.9
WP_006852075.1	lcl|Q8YT15-3.A.1.4.6	29.4	88.5	89.1	238	3.35e-17	78.2
WP_006852075.1	lcl|P63391-3.A.1.21.2	31.5	82.8	23.9	219	4.03e-16	77.4
WP_006852075.1	lcl|Q9F9T4-3.A.1.5.23	30.5	80.2	33.4	213	1.20e-15	75.9
WP_006852075.1	lcl|Q02592-3.A.1.210.2	27.5	91.6	27.8	247	1.33e-15	75.9
WP_006852075.1	lcl|Q9CIP5-3.A.1.135.1	26.9	82.1	30.7	219	1.67e-15	75.5
WP_006852075.1	lcl|Q9ZG94-3.A.1.110.12	30.5	80.9	34.8	213	2.13e-15	75.1
WP_006852075.1	lcl|Q9F349-3.A.1.5.35	28.8	81.3	58.7	226	5.98e-15	73.2
WP_006852075.1	lcl|O53645-3.A.1.106.6	28.6	89.7	18.8	245	6.41e-15	73.9
WP_006852075.1	lcl|Q9I488-3.A.1.3.21	30.5	80.9	84.6	223	9.71e-15	71.2
WP_006852075.1	lcl|P16676-3.A.1.6.1	27.7	85.1	58.4	224	2.88e-14	71.2
WP_006852075.1	lcl|Q5HGY5-3.A.1.11.8	26.0	87.8	59.3	231	3.89e-14	70.9
WP_006852075.1	lcl|I0DHH7-3.A.1.201.16	30.0	82.8	15.9	223	5.26e-14	71.2
WP_006852075.1	lcl|P32721-3.A.1.2.6	31.0	74.8	38.4	203	7.27e-14	70.5
WP_006852075.1	lcl|Q839D5-3.A.1.26.7	31.0	88.2	78.5	239	7.44e-14	69.3
WP_006852075.1	lcl|Q839D5-3.A.1.26.10	31.0	88.2	78.5	239	7.44e-14	69.3
WP_006852075.1	lcl|Q2G2M9-3.A.1.106.2	28.9	86.6	37.7	232	7.71e-14	70.5
WP_006852075.1	lcl|Q01937-3.A.1.1.4	28.1	89.3	59.5	235	9.65e-14	69.7
WP_006852075.1	lcl|O30494-3.A.1.1.49	27.6	86.6	58.0	228	9.81e-14	69.7
WP_006852085.1	lcl|Q9R6U5-2.A.1.8.3	62.3	99.8	97.4	528	8.83e-232	647
WP_006852085.1	lcl|Q9RA38-2.A.1.8.14	62.6	99.6	97.2	511	3.65e-223	624
WP_006852085.1	lcl|Q9SWR8-2.A.1.8.4	28.7	85.2	76.6	443	7.07e-43	158
WP_006852085.1	lcl|KMZ59016.1-2.A.1.8.18	27.9	87.5	72.9	455	3.64e-34	134
WP_006852085.1	lcl|P22152-2.A.1.8.5	26.6	86.0	86.0	458	2.82e-31	126
WP_006852085.1	lcl|Q39608-2.A.1.8.6	25.7	95.7	76.1	499	4.96e-29	120
WP_006852085.1	lcl|Q8X193-2.A.1.8.13	26.1	86.0	85.5	459	8.25e-29	119
WP_006852085.1	lcl|A8J4P3-2.A.1.8.7	26.5	88.7	73.4	464	1.06e-28	119
WP_006852085.1	lcl|O82811-2.A.1.8.12	26.7	87.7	71.5	464	1.46e-28	118
WP_006852085.1	lcl|OAO90825-2.A.1.8.19	25.4	87.7	71.9	460	1.68e-26	112
WP_006852085.1	lcl|Q9RA46-2.A.1.8.8	26.3	87.9	87.8	467	1.16e-25	108
WP_006852085.1	lcl|P42432-2.A.1.8.2	22.5	88.3	88.0	454	5.49e-20	91.7
WP_006852085.1	lcl|O33854-2.A.1.8.15	31.0	33.9	41.0	174	3.11e-17	83.2
WP_006852085.1	lcl|D7CMN2-2.A.1.54.3	27.5	26.7	28.2	138	2.63e-09	58.9
WP_006852085.1	lcl|WP_081255865.1-2.A.1.14.50	25.6	41.1	46.9	223	3.37e-08	55.5
WP_006852085.1	lcl|Q6LYZ4-2.A.1.54.1	28.3	26.7	28.6	138	5.38e-07	51.6
WP_006852085.1	lcl|P10903-2.A.1.8.1	21.6	83.0	76.9	439	1.22e-05	47.4
WP_006852085.1	lcl|I7I5G1-2.A.1.53.13	22.9	31.4	37.9	166	1.02e-04	44.3
WP_006852085.1	lcl|Q07YH1-2.A.1.14.25	27.0	31.0	37.4	163	1.08e-04	44.3
WP_006852085.1	lcl|P39398-2.A.1.14.33	24.7	29.6	30.7	154	2.57e-04	43.1
WP_006852096.1	lcl|O75955-8.A.21.3.1	31.2	44.4	42.6	189	1.73e-29	118
WP_006852096.1	lcl|Q9Z2S9-8.A.21.3.2	31.6	45.6	43.9	193	6.52e-23	99.8
WP_006852098.1	lcl|N9J6M5-3.A.1.122.18	33.7	97.3	59.0	401	4.39e-55	192
WP_006852098.1	lcl|P75831-3.A.1.122.1	32.7	97.3	60.2	410	4.83e-46	167
WP_006852098.1	lcl|O31712-3.A.1.122.2	30.1	98.5	99.5	405	2.43e-45	160
WP_006852098.1	lcl|A0ZUB1-3.A.1.122.12	31.9	97.3	59.9	407	2.12e-43	160
WP_006852098.1	lcl|AKF46139-3.A.1.122.36	31.9	96.3	59.1	398	1.44e-42	157
WP_006852098.1	lcl|Q2EHL8-3.A.1.122.35	29.3	97.3	60.6	400	2.51e-42	157
WP_006852098.1	lcl|Q8DQF7-3.A.1.122.20	25.9	97.6	99.3	432	3.58e-27	111
WP_006852098.1	lcl|A8TDX0-3.A.1.122.7	25.5	96.6	97.6	412	2.50e-25	106
WP_006852098.1	lcl|Q8RKC0-3.A.1.122.3	27.5	97.1	98.5	414	4.92e-22	96.7
WP_006852098.1	lcl|B8GHI1-3.A.1.122.21	23.2	96.3	97.9	405	1.04e-15	77.8
WP_006852098.1	lcl|Q973J4-3.A.1.122.10	24.6	83.6	75.2	350	3.00e-15	76.6
WP_006852098.1	lcl|A4YGY2-3.A.1.122.5	23.9	98.5	99.3	443	5.22e-12	66.6
WP_006852098.1	lcl|O35005-3.A.1.122.19	35.8	25.4	27.5	120	1.28e-09	59.3
WP_006852098.1	lcl|E6NBB1-3.A.1.122.27	32.6	25.7	30.5	129	6.68e-09	57.0
WP_006852098.1	lcl|RCX16584-3.A.1.122.29	20.3	98.8	99.8	467	9.69e-09	56.6
WP_006852098.1	lcl|A8A9R0-3.A.1.122.28	23.2	96.6	97.4	423	4.49e-07	51.2
WP_006852098.1	lcl|Q03RZ6-3.A.1.122.13	35.2	24.7	15.9	108	6.10e-07	51.2
WP_006852098.1	lcl|MCH7563386.1-3.A.1.122.37	34.0	25.2	12.4	106	8.01e-06	47.8
WP_006852098.1	lcl|WP_014397198-3.A.1.122.25	24.2	95.6	97.4	414	4.08e-05	45.1
WP_006852098.1	lcl|Q73MJ3-3.A.1.122.8	33.0	24.9	27.6	109	5.29e-05	44.7
WP_006852098.1	lcl|A8M8Z1-3.A.1.122.9	40.8	12.0	12.1	49	5.59e-05	44.7
WP_006852098.1	lcl|Q58207-3.A.1.122.14	47.6	10.3	11.4	42	6.93e-05	44.3
WP_006852098.1	lcl|Q73MJ4-3.A.1.122.8	44.2	12.7	12.2	52	7.62e-05	44.3
WP_006852098.1	lcl|E8MS96-3.A.1.122.30	47.8	11.2	8.7	46	1.48e-04	43.5
WP_006852098.1	lcl|A3MWP2-3.A.1.137.1	22.2	96.6	93.9	406	3.94e-04	42.0
WP_006852106.1	lcl|WP_017304407.1-9.B.265.1.6	38.8	94.8	94.4	307	5.27e-60	194
WP_006852106.1	lcl|WP_062191816.1-9.B.265.1.4	27.3	42.4	86.0	132	1.03e-05	44.3
WP_006852106.1	lcl|OIP83072.1-9.B.265.1.5	27.0	43.4	25.8	141	1.56e-04	42.7
WP_006852113.1	lcl|WP_081471983.1-1.I.3.1.1	35.9	50.8	42.5	320	6.01e-46	172
WP_006852113.1	lcl|P96091-9.B.355.1.1	27.4	37.0	33.0	266	1.05e-16	83.6
WP_006852113.1	lcl|KAJ8019623.1-8.A.47.1.7	28.5	48.1	36.8	302	6.81e-16	80.9
WP_006852113.1	lcl|P09958-1.A.9.1.24	25.1	54.5	39.3	358	1.35e-09	60.8
WP_006852113.1	lcl|B4F2I9-1.B.12.5.3	22.9	46.6	30.5	354	5.75e-04	42.7
WP_011128841.1	lcl|P61839-3.E.2.2.3	46.7	96.8	90.9	30	1.63e-04	33.1
WP_011363161.1	lcl|Q6UKY4-3.D.1.6.4	46.7	93.8	58.6	75	1.90e-17	70.5
WP_011363161.1	lcl|O80800-3.D.1.6.3	48.0	93.8	59.5	75	4.13e-16	67.0
WP_011363161.1	lcl|8XQX_J-3.A.9.1.4	54.3	87.5	59.0	70	3.80e-15	64.3
WP_011363161.1	lcl|P11943-3.D.1.6.2	63.8	58.8	35.1	47	1.96e-12	57.8
WP_011363161.1	lcl|P52505-3.D.1.6.1	38.0	98.8	50.6	79	6.80e-10	51.6
WP_011363412.1	lcl|B0C8F1-5.B.4.1.2	63.8	97.9	99.3	141	1.34e-58	177
WP_011363412.1	lcl|Q9SA56-5.B.4.1.1	55.1	95.1	65.2	136	9.82e-51	160
WP_011363493.1	lcl|Q54711-3.D.3.5.3	88.3	98.2	99.5	214	2.59e-143	398
WP_011363493.1	lcl|P0A384-3.D.3.5.6	85.3	100	100	218	4.81e-139	387
WP_011363493.1	lcl|7R0W_A-3.D.3.5.7	82.2	98.2	96.4	214	5.66e-135	377
WP_011363493.1	lcl|Q57038-3.E.2.2.2	82.2	98.2	96.4	214	5.66e-135	377
WP_011363493.1	lcl|P56773-3.D.3.5.2	83.2	98.2	99.5	214	1.79e-134	375
WP_011363493.1	lcl|P46912-3.D.3.4.1	42.7	97.2	98.2	220	1.38e-62	194
WP_011363493.1	lcl|P05418-3.D.3.1.1	33.2	95.4	47.0	208	6.66e-41	144
WP_011363493.1	lcl|P0CY47-3.D.3.1.2	32.7	95.4	47.4	208	1.28e-39	140
WP_011363493.1	lcl|Q02761-3.E.2.1.1	32.7	95.4	46.5	208	2.03e-39	140
WP_011363493.1	lcl|P00163-3.D.3.3.1	30.7	86.7	48.8	189	3.47e-34	125
WP_011363493.1	lcl|P00157-3.D.3.2.1	31.4	86.2	48.8	188	6.13e-34	124
WP_011363493.1	lcl|Q9X806-3.D.3.5.4	30.7	96.8	42.0	231	1.59e-33	125
WP_011363493.1	lcl|A0R052-3.D.3.5.5	29.8	85.8	37.2	205	1.66e-26	105
WP_011363493.1	lcl|P39480-3.D.4.1.1	30.3	96.8	38.2	221	1.03e-22	95.1
WP_011363493.1	lcl|Q3LCJ0-3.D.4.1.2	30.0	82.6	31.5	180	3.49e-22	93.6
WP_011363752.1	lcl|P41792-1.S.5.1.2	37.3	92.8	83.8	83	4.65e-11	53.5
WP_025361981.1	lcl|B3ET62-3.A.23.6.1	45.5	96.8	97.3	330	9.37e-95	284
WP_025361983.1	lcl|B7TVP4-3.B.1.1.7	37.9	40.5	44.3	66	5.29e-06	43.5
WP_025361991.1	lcl|P75905-4.D.1.1.3	28.4	56.9	58.7	268	1.38e-20	93.2
WP_025361991.1	lcl|Q54066-4.D.1.1.2	26.6	55.8	58.7	252	4.21e-18	85.5
WP_025361991.1	lcl|OLS17256-4.D.1.1.15	27.2	72.0	52.4	323	5.62e-17	82.8
WP_025361991.1	lcl|Q3J125-4.D.3.1.5	27.4	54.0	32.5	263	2.80e-14	74.7
WP_025361991.1	lcl|P37653-4.D.3.1.6	24.4	66.7	33.7	307	1.90e-11	65.9
WP_025361991.1	lcl|Q52257-4.D.1.1.1	24.7	51.0	50.3	239	9.15e-11	63.2
WP_025361991.1	lcl|WP_019090935-4.D.3.1.13	24.6	53.8	15.2	248	1.01e-08	57.4
WP_025361991.1	lcl|Q55487-4.D.1.1.14	30.1	25.3	34.6	113	1.24e-05	46.6
WP_025361991.1	lcl|MAU97510-2.A.127.1.18	25.6	34.6	24.8	156	9.85e-05	44.3
WP_025362008.1	lcl|Q8F2L2-9.B.157.1.4	57.3	93.4	95.9	328	8.72e-128	369
WP_025362008.1	lcl|Q9K8H5-9.B.157.1.2	56.3	92.0	93.4	325	8.15e-120	349
WP_025362008.1	lcl|Q01465-9.B.157.1.1	55.9	91.7	95.5	324	1.39e-118	345
WP_025362008.1	lcl|O33619-9.B.157.1.5	56.0	94.9	96.5	334	1.89e-117	343
WP_025362008.1	lcl|P0A9X4-9.B.157.1.3	55.0	92.9	94.8	331	2.54e-111	327
WP_025362008.1	lcl|7BVZ_A-9.B.460.1.1	39.9	89.1	86.4	313	8.45e-68	216
WP_025362008.1	lcl|G4NXA5-1.A.33.1.4	25.0	88.3	55.2	344	8.45e-12	65.9
WP_025362008.1	lcl|Q02028-3.A.9.1.1	27.4	35.1	17.4	124	7.11e-05	44.3
WP_025362008.1	lcl|P44669-9.A.41.1.1	26.2	45.7	32.1	202	3.68e-04	42.0
WP_025362008.1	lcl|P11021-1.A.33.1.5	34.2	30.0	16.8	111	6.54e-04	41.2
WP_025362009.1	lcl|O33620-9.B.157.1.5	30.1	64.9	43.2	163	1.18e-09	57.4
WP_025362009.1	lcl|P16926-9.B.157.1.3	30.8	57.3	38.7	143	1.60e-09	57.0
WP_025362009.1	lcl|Q9K8H6-9.B.157.1.2	27.7	59.3	52.9	155	2.02e-07	50.4
WP_025362009.1	lcl|Q01466-9.B.157.1.1	27.0	74.2	66.9	196	6.54e-07	48.9
WP_025362011.1	lcl|GIM07801.1-3.E.1.5.3	38.7	45.1	5.4	119	8.53e-14	70.5
WP_025362016.1	lcl|Q8DL61-3.D.1.8.2	53.7	88.5	49.1	54	1.75e-14	61.6
WP_025362020.1	lcl|WP_022659693-3.D.7.1.2	28.8	90.7	97.6	420	1.02e-47	169
WP_025362023.1	lcl|Q9AT00-3.A.1.27.2	42.4	98.0	74.5	257	9.50e-59	189
WP_025362023.1	lcl|Q0SD37-3.A.1.27.4	34.1	98.4	70.2	252	1.20e-35	129
WP_025362023.1	lcl|Q0SFA1-3.A.1.27.4	34.1	98.4	66.9	252	2.32e-35	129
WP_025362023.1	lcl|P63386-3.A.1.27.3	34.8	98.0	90.0	250	9.58e-35	125
WP_025362023.1	lcl|D4GP39-3.A.1.1.56	34.5	89.3	56.4	226	9.35e-33	122
WP_025362023.1	lcl|A4PCH8-3.A.1.27.1	34.8	95.6	84.4	247	1.47e-32	119
WP_025362023.1	lcl|D4GP38-3.A.1.1.56	32.6	94.4	59.8	239	2.52e-32	121
WP_025362023.1	lcl|P74127-3.A.1.10.2	33.5	94.0	63.3	242	5.37e-32	120
WP_025362023.1	lcl|P63357-3.A.1.27.5	32.5	98.4	67.7	252	1.25e-31	119
WP_025362023.1	lcl|Q53VZ4-3.A.1.20.5	34.9	96.0	67.1	255	1.45e-31	119
WP_025362023.1	lcl|P31548-3.A.1.19.1	34.2	88.1	90.1	225	1.93e-31	115
WP_025362023.1	lcl|Q8NR42-3.A.1.17.12	36.9	89.3	83.5	225	6.93e-31	114
WP_025362023.1	lcl|OLS25602-3.A.1.3.30	33.6	89.3	87.3	226	1.64e-30	113
WP_025362023.1	lcl|B2J284-3.A.1.140.3	38.6	79.0	77.4	202	2.15e-30	113
WP_025362023.1	lcl|Q97UY8-3.A.1.1.13	35.4	96.4	66.0	246	3.13e-30	115
WP_025362023.1	lcl|A3ZI83-3.A.1.3.16	31.0	85.7	86.4	216	5.16e-30	112
WP_025362023.1	lcl|Q8NSN2-3.A.1.24.4	35.0	91.7	62.8	237	4.90e-29	112
WP_025362023.1	lcl|A3N296-3.A.1.20.3	30.1	94.4	65.5	239	1.09e-28	110
WP_025362023.1	lcl|C0LZR9-3.A.1.17.5	37.7	81.0	73.5	204	1.14e-28	108
WP_025362023.1	lcl|P38046-3.A.1.16.1	33.5	93.3	84.7	245	1.53e-28	108
WP_025362023.1	lcl|Q5SHV0-3.A.1.10.6	33.5	97.2	66.3	251	2.18e-28	110
WP_025362023.1	lcl|P0A4W2-3.A.1.6.3	32.9	93.7	64.0	240	2.29e-28	110
WP_025362023.1	lcl|P10346-3.A.1.3.2	34.4	88.1	89.6	227	2.83e-28	107
WP_025362023.1	lcl|Q97UF2-3.A.1.1.14	34.4	83.3	55.0	212	2.97e-28	110
WP_025362023.1	lcl|KAA6397578-3.A.1.207.12	36.9	79.0	64.0	203	5.20e-28	108
WP_025362024.1	lcl|VIP05124.1-1.A.13.2.4	27.6	19.9	28.4	156	1.18e-05	48.1
WP_025362026.1	lcl|P23886-3.A.1.129.1	34.2	33.6	32.6	193	3.35e-21	97.1
WP_025362026.1	lcl|Q9I2M1-3.A.1.109.4	32.3	33.7	26.1	195	1.60e-17	85.9
WP_025362026.1	lcl|P78966-3.A.1.206.2	32.7	33.6	13.8	199	3.87e-17	85.1
WP_025362026.1	lcl|Q0P9C4-3.A.1.106.15	26.0	33.4	33.2	192	8.28e-16	80.1
WP_025362026.1	lcl|O50296-3.A.1.114.1	28.6	33.4	77.9	196	6.38e-15	74.3
WP_025362026.1	lcl|P21441-3.A.1.208.6	28.9	33.6	11.4	194	4.07e-14	75.5
WP_025362026.1	lcl|C1DS84-3.A.1.110.10	29.4	33.4	32.4	194	4.33e-14	74.7
WP_025362026.1	lcl|P31548-3.A.1.19.1	28.6	31.5	74.6	182	1.07e-13	70.5
WP_025362026.1	lcl|WP_324322846.1-3.A.1.106.21	27.5	33.4	32.2	193	1.76e-13	72.8
WP_025362026.1	lcl|Q53368-3.A.1.110.7	28.0	33.4	30.9	193	2.30e-13	72.4
WP_025362026.1	lcl|C6BWI9-3.A.1.109.6	27.6	32.0	24.0	185	2.82e-13	72.4
WP_025362026.1	lcl|P63359-3.A.1.106.20	27.6	33.9	33.3	199	3.08e-13	72.0
WP_025362026.1	lcl|WP_067041509-3.A.1.135.11	24.4	33.4	31.5	193	3.14e-13	72.0
WP_025362026.1	lcl|Q42093-3.A.1.208.5	28.3	32.0	11.0	184	3.73e-13	72.4
WP_025362026.1	lcl|Q9C8G9-3.A.1.208.20	29.3	32.0	11.0	184	4.91e-13	72.0
WP_025362026.1	lcl|O85350-3.A.1.110.5	29.2	33.4	32.5	202	7.06e-13	70.9
WP_025362026.1	lcl|Q1DCT0-3.A.1.106.10	29.4	33.6	26.7	197	8.26e-13	70.9
WP_025362026.1	lcl|P18767-3.A.1.108.1	26.5	35.0	34.0	204	9.44e-13	70.5
WP_025362026.1	lcl|D5AL45-3.A.1.210.15	28.4	33.9	31.5	201	9.81e-13	70.5
WP_025362026.1	lcl|Q9Z3C5-3.A.1.110.8	25.4	32.9	31.6	189	1.24e-12	70.1
WP_025362026.1	lcl|Q46GL9-3.A.1.106.19	27.3	31.8	29.8	183	1.27e-12	70.1
WP_025362026.1	lcl|H9UM45-3.A.1.139.3	30.4	33.6	82.8	194	2.24e-12	66.2
WP_025362026.1	lcl|E9BG49-3.A.1.208.25	27.4	32.2	12.5	186	2.46e-12	69.7
WP_025362026.1	lcl|O32748-3.A.1.117.2	28.0	32.5	31.6	189	2.87e-12	68.9
WP_025362026.1	lcl|A7NH45-3.A.1.17.8	31.9	33.7	72.2	204	3.01e-12	66.6
WP_025362030.1	lcl|WP_062382148.1-1.A.115.1.5	25.9	97.7	98.4	259	6.74e-09	54.7
WP_025362035.1	lcl|SDJ87353.1-1.A.112.2.13	28.6	94.8	92.5	416	2.71e-34	132
WP_025362035.1	lcl|Q0PBV6-1.A.112.2.3	25.6	97.0	92.3	425	2.87e-34	132
WP_025362035.1	lcl|O07585-1.A.112.2.4	27.2	99.1	96.8	434	4.86e-34	131
WP_025362035.1	lcl|SES26846.1-1.A.112.2.7	28.1	95.8	96.6	417	9.64e-32	124
WP_025362035.1	lcl|P37908-1.A.112.2.5	27.9	94.6	92.5	412	7.23e-30	119
WP_025362035.1	lcl|P0A2L3-1.C.126.1.2	29.1	58.3	84.9	251	1.66e-27	110
WP_025362035.1	lcl|P54428-1.A.112.2.2	25.4	96.0	96.5	425	4.73e-26	108
WP_025362035.1	lcl|T1Y8N2-1.A.112.2.10	24.2	88.1	85.1	388	6.31e-25	105
WP_025362035.1	lcl|Q54318-1.C.126.1.1	27.5	55.0	85.8	236	1.46e-23	99.0
WP_025362035.1	lcl|AHN67314.1-1.C.126.1.4	28.4	54.6	88.4	236	2.75e-19	86.7
WP_025362035.1	lcl|L5DDD7-2.A.109.2.3	27.4	56.7	27.0	252	2.93e-19	90.1
WP_025362035.1	lcl|WP_097001274.1-1.C.126.1.3	23.5	52.7	81.1	234	7.60e-17	80.1
WP_025362035.1	lcl|PLS82034-1.A.112.2.1	25.0	33.3	36.5	144	3.58e-07	51.6
WP_025362038.1	lcl|Q79AV1-3.E.2.2.1	82.5	85.1	88.9	40	1.29e-18	69.7
WP_025362038.1	lcl|P56782-3.E.2.2.3	65.0	85.1	65.6	40	3.48e-14	58.9
WP_025362047.1	lcl|WP_112939848.1-9.A.76.1.9	25.1	72.0	76.5	299	3.03e-08	54.3
WP_025362067.1	lcl|P0ABG7-2.A.103.1.2	34.4	95.1	93.8	395	2.70e-58	194
WP_025362067.1	lcl|P07373-2.A.103.1.3	33.2	78.4	76.0	328	3.95e-41	149
WP_025362067.1	lcl|WP_076734059.1-2.A.103.1.10	28.8	92.7	94.1	406	3.31e-40	147
WP_025362067.1	lcl|H2J7Z5-2.A.103.1.6	29.2	90.8	84.9	377	2.13e-36	136
WP_025362067.1	lcl|P0ABG4-2.A.103.1.1	27.7	95.1	85.3	401	1.24e-34	132
WP_025362067.1	lcl|X2BJI2-2.A.103.1.4	27.3	93.2	66.4	396	6.95e-29	117
WP_025362067.1	lcl|Q9ZBA6-2.A.103.1.9	29.2	86.2	69.1	363	9.73e-29	116
WP_025362067.1	lcl|F4CH44-2.A.103.1.8	27.1	78.9	76.3	329	1.04e-23	101
WP_025362067.1	lcl|D3DFC8-2.A.103.1.5	25.6	94.9	98.6	410	7.27e-23	98.6
WP_025362067.1	lcl|Q83MP3-2.A.103.1.7	25.6	77.4	63.8	332	1.61e-19	89.7
WP_025362067.1	lcl|WP_071389592.1-2.A.103.1.12	27.0	56.3	51.7	237	5.87e-13	69.7
WP_025362067.1	lcl|WP_082139284.1-2.A.103.1.11	29.0	26.0	25.3	107	1.68e-09	58.9
WP_025362068.1	lcl|A0L4L0-3.A.1.132.3	43.1	70.7	72.3	253	1.55e-61	200
WP_025362068.1	lcl|K9YXY1-8.A.3.1.2	24.4	56.7	26.4	213	6.05e-06	47.8
WP_025362068.1	lcl|P76387-8.A.3.3.2	23.7	45.3	22.1	169	9.20e-04	40.8
WP_025362090.1	lcl|Q9LU21-3.D.1.8.1	33.8	46.2	35.3	74	1.96e-04	39.7
WP_025362091.1	lcl|Q31QD8-3.E.2.2.1	67.6	100	97.1	34	5.27e-11	49.7
WP_025362091.1	lcl|P62109-3.E.2.2.3	48.5	97.1	97.1	33	8.06e-06	36.6
WP_025362101.1	lcl|Q07837-8.A.9.1.2	23.9	70.6	53.6	394	1.03e-18	89.0
WP_025362101.1	lcl|Q05839-8.A.9.1.1	22.3	70.6	54.2	394	9.85e-18	85.9
WP_025362101.1	lcl|Q8A1G3-8.A.9.1.3	33.6	26.6	18.4	131	1.46e-13	72.8
WP_025362101.1	lcl|Q5DDT5-8.A.9.3.1	25.7	32.3	25.4	175	3.02e-05	46.2
WP_025362116.1	lcl|Q31MS2-3.A.5.4.1	57.4	99.5	97.2	385	1.03e-150	430
WP_025362116.1	lcl|Q1CVG1-2.A.9.3.4	39.1	29.0	17.6	110	2.53e-14	73.9
WP_025362116.1	lcl|CAD7783208.1-2.A.9.3.10	37.1	27.7	18.9	105	7.32e-13	69.3
WP_025362116.1	lcl|Q9KDP2-2.A.9.3.6	41.2	24.5	34.6	97	4.82e-12	65.5
WP_025362116.1	lcl|Q01625-2.A.9.3.2	38.7	23.4	34.1	93	1.32e-11	63.9
WP_025362116.1	lcl|Q9RCA5-2.A.9.3.5	38.0	26.1	38.9	100	1.70e-11	63.5
WP_025362116.1	lcl|H3KBD2-2.A.9.3.7	35.2	27.7	18.0	105	3.14e-11	64.3
WP_025362116.1	lcl|P25714-2.A.9.3.1	35.2	28.5	19.0	108	1.71e-10	62.0
WP_025362116.1	lcl|Q8LBP4-2.A.9.2.1	37.2	24.7	19.5	94	8.37e-10	59.7
WP_025362116.1	lcl|P54544-2.A.9.3.3	30.3	30.9	46.2	132	5.59e-09	56.2
WP_025362116.1	lcl|Q9FYL3-2.A.9.2.2	37.2	24.7	18.0	94	1.52e-08	55.8
WP_025362116.1	lcl|OGY67190.1-2.A.9.3.8	34.6	27.4	42.2	104	1.41e-07	51.6
WP_025362116.1	lcl|TSA50101.1-2.A.9.3.11	31.8	28.2	18.5	107	8.42e-07	50.4
WP_025362119.1	lcl|ACB43148.1-8.A.21.2.7	59.8	100	100	276	8.36e-107	310
WP_025362119.1	lcl|M4VAL8-8.A.21.2.4	38.3	84.4	69.8	230	6.36e-37	132
WP_025362120.1	lcl|O34416-2.A.7.3.29	24.6	91.4	95.2	289	6.97e-20	87.4
WP_025362120.1	lcl|Q6SJ76-2.A.7.3.67	30.0	91.1	89.8	287	9.85e-20	87.0
WP_025362120.1	lcl|p0aa70-2.A.7.3.22	22.9	95.2	92.2	301	4.67e-15	73.9
WP_025362120.1	lcl|P42194-2.A.7.3.3	28.8	93.9	94.3	302	7.92e-15	73.2
WP_025362120.1	lcl|M4V8N5-2.A.7.3.65	23.4	69.0	66.8	218	4.70e-08	53.1
WP_025362120.1	lcl|WP_051881349.1-2.A.7.3.78	28.3	86.3	82.8	276	8.50e-08	52.4
WP_025362120.1	lcl|O29740-2.A.7.3.36	23.7	85.6	88.6	270	4.60e-07	50.1
WP_025362120.1	lcl|P31125-2.A.7.3.2	21.6	65.2	66.9	218	6.43e-07	49.7
WP_025362120.1	lcl|P31437-2.A.7.3.12	23.3	83.7	82.1	266	3.77e-06	47.4
WP_025362120.1	lcl|WP_051881424.1-2.A.7.3.77	25.9	63.9	54.5	201	1.73e-04	42.4
WP_025362120.1	lcl|H6RNX6-2.A.7.3.48	28.3	95.8	90.3	311	2.21e-04	42.0
WP_025362123.1	lcl|P30101-8.A.88.2.7	36.3	82.4	18.0	91	5.57e-14	65.9
WP_025362123.1	lcl|KAE8286768.1-8.A.88.2.1	28.4	82.4	21.1	95	8.47e-10	53.9
WP_025362123.1	lcl|Q8IDP4-3.A.26.1.1	25.9	78.7	54.1	85	1.30e-08	49.3
WP_025362123.1	lcl|KAG7207183.1-9.B.438.1.5	26.1	81.5	34.0	88	1.55e-08	50.1
WP_025362123.1	lcl|Q96JJ7-8.A.88.2.3	30.5	73.1	17.8	82	9.04e-08	48.1
WP_025362123.1	lcl|KDB12436.1-8.A.88.2.4	29.8	75.9	18.5	84	3.14e-07	46.6
WP_025362123.1	lcl|NP_648847.3-8.A.88.2.6	29.9	79.6	20.0	87	1.47e-06	44.7
WP_025362123.1	lcl|O23166-3.D.3.5.2	30.5	85.2	36.4	95	2.18e-05	41.2
WP_025362127.1	lcl|P50991-3.A.33.1.1	27.5	18.2	18.2	102	3.74e-06	49.3
WP_025362128.1	lcl|RMZ54818.1-8.A.191.1.8	33.5	96.5	36.9	221	1.32e-24	100
WP_025362135.1	lcl|Q9KNM9-2.A.36.6.5	26.8	88.6	63.0	388	1.92e-12	68.6
WP_025362135.1	lcl|Q9UZ55-2.A.36.6.9	27.8	53.0	55.3	255	9.59e-08	53.5
WP_025362135.1	lcl|O29412-2.A.36.6.1	22.2	85.3	70.0	374	1.14e-04	43.9
WP_025362145.1	lcl|D7DZ51-9.B.227.2.2	32.5	96.4	97.7	311	4.93e-27	107
WP_025362145.1	lcl|U2K2Z7-9.B.227.2.4	23.9	68.4	68.5	230	6.53e-05	43.5
WP_025362145.1	lcl|WP_046728225.1-4.H.1.2.2	33.6	46.4	43.9	146	1.13e-04	42.7
WP_025362145.1	lcl|D5EMS5-9.B.227.2.3	26.4	75.0	74.9	250	4.85e-04	40.8
WP_025362146.1	lcl|P74127-3.A.1.10.2	45.8	89.0	87.2	325	3.82e-85	261
WP_025362146.1	lcl|Q5SHV0-3.A.1.10.6	40.6	99.4	95.1	355	7.16e-75	234
WP_025362146.1	lcl|Q82VN5-3.A.1.10.4	40.6	88.8	89.0	320	2.30e-68	218
WP_025362146.1	lcl|Q53VZ4-3.A.1.20.5	41.1	86.0	85.9	319	1.98e-66	213
WP_025362146.1	lcl|Q8TZQ3-3.A.1.1.16	44.8	65.4	63.8	239	1.55e-62	203
WP_025362146.1	lcl|Q6QJE1-3.A.1.6.7	39.6	87.9	64.9	326	3.00e-62	205
WP_025362146.1	lcl|P21410-3.A.1.10.1	37.2	98.6	98.0	358	4.37e-62	201
WP_025362146.1	lcl|P0A4W2-3.A.1.6.3	46.5	66.6	66.3	241	2.57e-59	194
WP_025362146.1	lcl|P44513-3.A.1.10.3	40.3	67.1	68.3	243	1.09e-58	193
WP_025362146.1	lcl|Q3MAR5-3.A.1.11.10	46.2	62.1	58.0	225	1.14e-57	191
WP_025362146.1	lcl|C1CWI3-3.A.1.19.5	44.7	70.2	73.5	255	2.47e-57	189
WP_025362146.1	lcl|Q9KWT9-3.A.1.1.10	40.7	69.4	67.8	253	2.83e-57	189
WP_025362146.1	lcl|Q5HGY5-3.A.1.11.8	35.1	87.1	83.8	316	5.74e-57	189
WP_025362146.1	lcl|O54370-3.A.1.20.1	34.6	89.0	84.8	324	2.89e-56	187
WP_025362146.1	lcl|Q6MNM2-3.A.1.1.51	41.8	65.4	66.3	237	1.12e-55	185
WP_025362146.1	lcl|Q88P35-3.A.1.1.30	42.4	71.6	66.9	262	4.00e-55	184
WP_025362146.1	lcl|Q9X103-3.A.1.1.22	45.2	60.4	58.3	219	7.65e-55	183
WP_025362146.1	lcl|P77795-3.A.1.11.9	41.3	68.3	71.2	247	1.32e-54	182
WP_025362146.1	lcl|P69874-3.A.1.11.1	42.9	68.3	63.5	247	7.33e-54	181
WP_025362146.1	lcl|Q9KLQ5-3.A.1.20.2	34.7	87.9	88.0	320	7.38e-54	180
WP_025362146.1	lcl|Q9AI63-3.A.1.1.12	38.2	69.7	67.2	254	2.29e-53	179
WP_025362146.1	lcl|Q9R9Q4-3.A.1.1.17	42.7	60.4	63.2	220	2.29e-53	179
WP_025362146.1	lcl|Q72L52-3.A.1.1.24	40.9	65.4	61.2	237	2.71e-53	179
WP_025362146.1	lcl|Q72L52-3.A.1.1.25	40.9	65.4	61.2	237	2.71e-53	179
WP_025362146.1	lcl|O53482-3.A.1.1.61	45.7	60.4	60.2	219	3.35e-53	179
WP_025362156.1	lcl|Q9LU21-3.D.1.8.1	42.3	63.9	38.2	78	3.78e-15	67.8
WP_025362157.1	lcl|XP_016555472.1-9.B.2.1.19	30.4	45.0	63.1	191	2.81e-12	66.6
WP_025362157.1	lcl|A8JDF8-9.B.2.1.17	42.4	20.0	37.7	85	5.00e-10	58.9
WP_025362157.1	lcl|F9DWD5-9.B.2.1.8	25.5	35.2	64.3	149	3.80e-07	50.4
WP_025362157.1	lcl|EEG30438-9.B.2.1.23	32.6	22.6	26.8	95	4.23e-07	51.2
WP_025362157.1	lcl|Q7UQ82-3.A.1.115.2	34.8	20.5	13.1	92	3.47e-06	48.9
WP_025362157.1	lcl|WP_067643222.1-9.B.2.1.22	28.7	23.1	44.6	108	6.13e-05	43.9
WP_025362157.1	lcl|D1R570-9.B.2.1.1	29.9	23.6	35.4	107	1.91e-04	42.7
WP_025362159.1	lcl|CRH68686.1-8.A.229.1.1	23.8	39.3	48.6	239	1.67e-07	53.5
WP_025362165.1	lcl|Q66DP5-5.B.1.3.1	37.0	84.4	22.2	81	9.91e-10	53.1
WP_025362165.1	lcl|Q7WTJ2-5.B.1.3.2	36.4	96.9	26.3	99	2.81e-07	46.2
WP_025362167.1	lcl|Q6ADZ6-4.F.1.1.7	31.8	83.7	79.4	157	2.11e-09	53.9
WP_025362167.1	lcl|K0WKG7-4.F.1.1.8	30.1	72.5	74.7	146	2.47e-07	48.1
WP_025362182.1	lcl|W0WFC6-2.A.25.1.9	52.5	96.0	96.4	440	1.60e-132	389
WP_025362182.1	lcl|Q6LX42-2.A.25.1.3	50.1	96.2	95.8	437	1.28e-124	369
WP_025362182.1	lcl|Q8EII1-2.A.25.1.4	49.3	97.3	96.2	448	3.38e-116	347
WP_025362182.1	lcl|P30144-2.A.25.1.1	36.6	83.1	87.6	478	1.01e-75	246
WP_025362182.1	lcl|Q45068-2.A.25.1.5	37.0	87.6	83.4	400	1.81e-69	227
WP_025362182.1	lcl|P30143-2.A.25.1.10	37.5	96.0	91.2	443	3.81e-67	221
WP_025362182.1	lcl|P30145-2.A.25.1.2	32.5	85.6	88.8	400	1.11e-48	172
WP_025362182.1	lcl|B0SM05-2.A.25.1.6	26.6	74.9	44.4	350	1.39e-21	97.4
WP_025362188.1	lcl|Q8YPM9-3.A.1.3.18	47.7	90.9	85.1	321	2.95e-103	308
WP_025362188.1	lcl|Q52812-3.A.1.3.8	45.9	92.1	93.8	327	3.69e-89	271
WP_025362188.1	lcl|Q52663-3.A.1.3.7	43.7	92.1	94.4	325	3.13e-84	258
WP_025362188.1	lcl|P45766-3.A.1.3.26	40.6	97.7	98.8	345	1.37e-83	256
WP_025362188.1	lcl|Q0P9X8-3.A.1.3.16	26.8	62.6	82.2	224	7.62e-15	73.2
WP_025362188.1	lcl|P96257-9.B.321.1.1	32.4	38.2	40.2	136	2.48e-12	66.6
WP_025362188.1	lcl|P74223-2.A.56.3.1	25.6	59.8	67.2	211	5.15e-11	62.4
WP_025362188.1	lcl|P54535-3.A.1.3.15	24.2	52.1	64.7	186	2.90e-04	41.6
WP_025362193.1	lcl|O49931-3.A.9.1.1	26.5	94.2	78.5	456	6.52e-39	147
WP_025362204.1	lcl|P38919-3.A.18.1.1	38.2	62.6	89.8	372	1.47e-75	246
WP_025362204.1	lcl|O00571-1.I.1.1.3	37.0	59.5	56.6	376	7.82e-62	216
WP_025362204.1	lcl|Q13838-3.A.18.1.1	33.3	58.2	81.3	351	1.22e-59	204
WP_025362204.1	lcl|O00148-3.A.22.1.2	33.3	58.2	81.5	351	2.39e-57	198
WP_025362204.1	lcl|Q9NUU7-1.I.1.1.3	33.9	60.7	78.9	381	1.44e-53	189
WP_025362204.1	lcl|Q9UMR2-1.I.1.1.3	34.6	60.7	78.7	382	1.47e-53	189
WP_025362204.1	lcl|Q07478-3.A.22.1.1	32.4	58.5	78.9	355	7.14e-53	186
WP_025362204.1	lcl|Q5EAK4-2.A.16.2.2	30.1	19.6	5.9	123	7.42e-06	48.9
WP_025362205.1	lcl|B3EE21-2.A.37.2.5	27.5	77.5	73.1	563	4.70e-50	186
WP_025362205.1	lcl|Q9KI10-2.A.37.2.2	27.0	49.8	89.1	352	7.15e-31	124
WP_025362205.1	lcl|Q5SIA2-2.A.37.2.7	26.9	53.4	95.1	383	1.38e-22	100
WP_025362205.1	lcl|Q45308-2.A.37.2.3	25.1	46.9	84.5	334	3.68e-20	92.8
WP_025362205.1	lcl|P26235-2.A.37.2.1	22.8	50.2	91.6	359	3.83e-18	86.7
WP_025362205.1	lcl|P45522-2.A.37.1.2	24.5	45.5	52.1	330	8.63e-14	74.3
WP_025362205.1	lcl|Q55190-2.A.37.2.4	24.4	49.8	83.7	398	1.87e-13	72.8
WP_025362205.1	lcl|Q9ZTZ7-2.A.37.1.4	27.0	44.5	26.7	330	1.15e-12	71.2
WP_025362205.1	lcl|P03819-2.A.37.1.1	26.2	39.2	44.7	290	7.46e-12	68.2
WP_025362205.1	lcl|O07536-2.A.37.5.2	23.9	53.2	92.1	385	1.37e-11	66.6
WP_025362205.1	lcl|Q50411-2.A.37.1.12	23.8	41.6	67.3	298	1.54e-11	66.6
WP_025362205.1	lcl|O65272-2.A.37.1.7	26.9	42.8	26.1	320	6.92e-11	65.5
WP_025362205.1	lcl|P40309-2.A.37.4.1	22.2	37.2	33.1	293	7.37e-10	62.0
WP_025362205.1	lcl|Q9M353-2.A.37.4.8	22.2	60.2	52.6	465	2.86e-09	60.1
WP_025362205.1	lcl|Q9SUQ7-2.A.37.4.2	22.8	52.1	46.3	390	3.92e-07	53.1
WP_025362205.1	lcl|Q8VYR9-2.A.37.1.8	27.3	29.0	30.5	205	4.00e-06	49.7
WP_025362205.1	lcl|V9HMH9-2.A.37.1.10	27.2	14.7	16.3	103	2.18e-05	47.4
WP_025362205.1	lcl|Q6UWJ1-2.A.37.1.11	34.8	9.4	9.6	66	2.01e-04	44.3
WP_025362205.1	lcl|Q9ZUN3-2.A.37.1.13	32.9	12.0	14.2	85	2.52e-04	43.9
WP_025362205.1	lcl|O26854-2.A.36.2.1	22.9	40.2	74.2	310	3.61e-04	43.1
WP_025362213.1	lcl|WP_149777770.1-2.A.99.1.8	32.7	78.1	77.6	171	2.34e-12	63.2
WP_025362213.1	lcl|WP_002792498.1-2.A.99.1.4	28.4	88.1	90.3	204	4.63e-12	62.4
WP_025362213.1	lcl|Q98CY5-2.A.99.1.3	31.3	57.1	61.5	128	1.29e-05	43.9
WP_025362213.1	lcl|P27650-2.A.99.1.1	30.4	45.2	49.7	102	6.52e-04	38.9
WP_025362213.1	lcl|WP_162301253.1-2.A.99.1.7	27.7	81.9	87.0	177	8.46e-04	38.5
WP_025362214.1	lcl|P09193-3.E.2.2.2	43.7	76.5	59.6	277	1.14e-72	232
WP_025362214.1	lcl|P11004-3.E.2.2.1	44.0	76.5	59.4	277	2.32e-72	231
WP_025362214.1	lcl|P56778-3.E.2.2.3	44.0	75.7	57.3	275	8.83e-68	219
WP_025362214.1	lcl|P56777-3.E.2.2.3	25.9	75.1	52.2	282	2.22e-13	70.5
WP_025362247.1	lcl|Q7WWQ9-3.A.1.1.20	35.5	94.1	92.2	276	3.43e-51	169
WP_025362247.1	lcl|Q8YU29-3.A.1.1.52	34.8	97.9	94.4	287	3.91e-48	162
WP_025362247.1	lcl|I7GC87-3.A.1.1.60	33.7	96.2	93.4	279	4.58e-43	148
WP_025362247.1	lcl|P29823-3.A.1.1.4	33.8	97.2	94.6	287	5.58e-43	148
WP_025362247.1	lcl|Q5SLB6-3.A.1.1.50	35.7	92.4	95.3	286	3.14e-42	146
WP_025362247.1	lcl|Q93J93-3.A.1.1.36	35.0	93.8	85.1	274	4.71e-42	146
WP_025362247.1	lcl|Q72H67-3.A.1.1.25	33.0	99.7	98.6	291	1.64e-39	139
WP_025362247.1	lcl|B3EYN0-3.A.1.1.57	32.4	81.4	76.0	238	1.33e-38	137
WP_025362247.1	lcl|Q93KC0-3.A.1.1.11	33.2	95.9	92.6	280	3.89e-38	135
WP_025362247.1	lcl|O53484-3.A.1.1.61	32.1	98.6	96.0	296	6.36e-37	132
WP_025362247.1	lcl|Q9FBS6-3.A.1.1.42	30.0	92.4	85.2	270	5.07e-32	120
WP_025362247.1	lcl|Q9FBS6-3.A.1.1.43	30.0	92.4	85.2	270	5.07e-32	120
WP_025362247.1	lcl|P94529-3.A.1.1.34	32.8	82.8	76.7	244	1.46e-31	119
WP_025362247.1	lcl|G4FGN7-3.A.1.1.41	30.7	95.9	95.6	283	1.41e-30	115
WP_025362247.1	lcl|Q9X9R6-3.A.1.1.23	30.1	95.2	91.2	282	5.05e-29	112
WP_025362247.1	lcl|O51924-3.A.1.1.7	30.9	96.6	92.0	285	1.22e-28	110
WP_025362247.1	lcl|Q6MNM0-3.A.1.1.51	31.1	92.1	36.4	270	1.78e-28	114
WP_025362247.1	lcl|D3R798-3.A.1.1.53	27.0	94.8	81.8	281	7.76e-28	109
WP_025362247.1	lcl|Q00750-3.A.1.1.28	28.8	96.2	94.8	281	1.42e-27	107
WP_025362247.1	lcl|O30832-3.A.1.1.5	30.2	85.2	84.1	248	5.34e-27	106
WP_025362247.1	lcl|Q9WYB4-3.A.1.1.37	29.1	99.0	100	299	1.55e-26	105
WP_025362247.1	lcl|Q8RJU9-3.A.1.1.18	33.6	90.7	90.3	283	1.98e-26	105
WP_025362247.1	lcl|Q9L026-3.A.1.1.21	30.0	96.2	85.2	280	4.51e-26	104
WP_025362247.1	lcl|Q9R9Q6-3.A.1.1.17	27.1	94.5	86.9	288	4.81e-23	96.3
WP_025362247.1	lcl|Q8L125-3.A.1.1.19	26.4	94.5	88.0	288	3.14e-22	94.0
WP_025362250.1	lcl|O97252-3.A.26.1.1	45.1	88.8	47.0	175	1.56e-47	159
WP_025362252.1	lcl|B0CA71-5.B.4.1.2	31.5	83.5	84.9	73	1.47e-04	36.6
WP_025362254.1	lcl|O74887-8.A.147.1.1	33.8	80.6	82.3	160	1.30e-17	76.3
WP_025362254.1	lcl|WP_019258276.1-8.A.147.1.2	28.1	76.9	83.9	153	2.29e-13	64.7
WP_025362255.1	lcl|Q02028-3.A.9.1.1	54.4	91.6	85.4	607	2.82e-225	643
WP_025362255.1	lcl|P0A6Y8-1.A.33.1.2	48.5	92.0	96.2	620	2.93e-197	569
WP_025362255.1	lcl|G4NXA5-1.A.33.1.4	48.6	94.4	97.5	628	8.04e-193	557
WP_025362255.1	lcl|P11021-1.A.33.1.5	44.1	94.4	96.0	639	3.37e-161	478
WP_025362255.1	lcl|P08107-1.A.33.1.3	48.1	79.6	83.3	539	1.27e-157	468
WP_025362255.1	lcl|P10591-3.A.16.1.6	47.2	81.0	84.4	547	1.31e-157	468
WP_025362255.1	lcl|P22953-1.A.33.1.1	49.0	77.2	79.9	525	9.74e-154	458
WP_025362255.1	lcl|P44669-9.A.41.1.1	40.2	80.5	83.7	537	1.79e-118	366
WP_025362255.1	lcl|Q9Y4L1-3.A.16.1.4	25.2	72.7	52.4	531	6.06e-42	163
WP_025362255.1	lcl|P36016-1.A.33.1.6	23.0	72.5	59.3	530	3.68e-21	98.2
WP_025362255.1	lcl|P0A9X4-9.B.157.1.3	24.7	34.8	54.8	231	6.67e-09	57.8
WP_025362255.1	lcl|Q9K8H5-9.B.157.1.2	23.6	35.4	55.2	237	3.39e-06	49.3
WP_025362255.1	lcl|Q01465-9.B.157.1.1	22.8	51.6	89.9	368	5.78e-06	48.5
WP_025362255.1	lcl|O33619-9.B.157.1.5	25.6	33.0	51.8	223	4.22e-05	45.8
WP_025362278.1	lcl|B7LEG0-1.A.34.1.2	45.3	36.1	32.7	128	6.58e-20	89.4
WP_025362278.1	lcl|B7L5V2-1.A.34.1.3	41.2	24.4	34.7	85	1.76e-15	74.7
WP_025362281.1	lcl|H2CHC3-2.A.106.3.1	44.3	71.8	88.8	79	5.29e-18	72.0
WP_025362281.1	lcl|Q6MMB9-2.A.106.3.2	40.0	72.7	88.9	80	7.30e-13	58.9
WP_025362281.1	lcl|B9MIH1-2.A.106.1.4	34.2	66.4	38.0	73	2.82e-07	46.2
WP_025362281.1	lcl|Q8EHY3-2.A.106.1.8	32.9	69.1	41.3	76	1.34e-06	44.3
WP_025362281.1	lcl|Q10320-2.A.106.2.4	33.0	88.2	33.4	97	3.67e-06	43.5
WP_025362281.1	lcl|Q3ASG5-2.A.106.1.3	36.1	65.5	33.3	72	2.82e-05	40.8
WP_025362281.1	lcl|Q94AX5-2.A.106.1.5	40.3	70.0	20.5	77	1.61e-04	38.9
WP_025362291.1	lcl|AKM80112-3.A.11.1.5	36.0	31.0	55.3	383	8.10e-63	227
WP_025362291.1	lcl|Q8CWM9-3.A.11.1.2	23.8	25.6	69.9	324	2.25e-10	63.9
WP_025362291.1	lcl|P39145-3.A.11.1.1	24.6	26.9	68.9	342	2.47e-10	63.9
WP_025362291.1	lcl|Q9ZKE4-3.A.11.3.1	28.9	11.9	23.7	152	3.07e-07	54.3
WP_025362292.1	lcl|XP_015643584.1-9.B.174.1.4	39.9	75.3	67.3	353	1.72e-75	244
WP_025362292.1	lcl|O35002-9.B.174.1.1	33.4	78.6	69.4	359	7.45e-54	186
WP_025362292.1	lcl|WP_014775235.1-9.B.174.1.3	38.2	63.0	50.9	288	3.44e-44	162
WP_025362292.1	lcl|P23865-9.B.174.1.2	31.7	72.8	51.6	357	3.47e-36	140
WP_025362295.1	lcl|Q119I9-3.A.1.9.3	24.7	92.5	89.9	291	1.20e-24	100
WP_025362295.1	lcl|O69061-3.A.1.9.4	22.5	87.9	84.9	276	2.94e-10	59.7
WP_025362306.1	lcl|Q7VCA3-9.B.14.3.2	62.4	97.4	94.3	298	1.16e-134	384
WP_025362306.1	lcl|Q31BB2-9.B.14.3.7	56.1	98.7	96.4	305	1.32e-117	340
WP_025362306.1	lcl|P48269-9.B.14.3.3	50.0	86.5	68.3	266	1.02e-86	263
WP_025362306.1	lcl|B8ZT62-9.B.14.3.4	34.8	87.2	75.8	273	3.48e-34	126
WP_025362306.1	lcl|I9SIM5-9.B.14.3.8	35.2	85.2	24.1	267	4.91e-33	128
WP_025362306.1	lcl|SCY20447.1-9.B.14.3.9	33.6	81.9	21.3	250	1.95e-31	123
WP_025362306.1	lcl|Q7VHG9-9.B.14.3.1	34.6	82.9	23.9	257	6.85e-28	113
WP_025362306.1	lcl|WP_011023237.1-9.B.14.1.21	43.0	28.3	26.1	93	6.30e-11	62.0
WP_025362306.1	lcl|AAM04843.1-9.B.14.1.21	40.3	22.0	27.9	67	7.20e-11	60.8
WP_025362306.1	lcl|I6ZP97-9.B.14.2.5	32.9	25.0	32.5	76	3.48e-09	55.8
WP_025362306.1	lcl|Q5V2F3-9.B.14.1.5	42.4	21.1	8.4	66	5.95e-08	53.5
WP_025362306.1	lcl|P29961-9.B.14.2.1	37.8	14.8	18.6	45	4.45e-07	49.7
WP_025362306.1	lcl|Q00500-9.B.14.1.1	35.0	25.7	11.5	80	7.38e-07	50.1
WP_025362306.1	lcl|P45403-9.B.14.1.2	35.4	26.3	11.7	82	9.86e-07	49.7
WP_025362306.1	lcl|P0ABM1-9.B.14.2.3	23.8	25.3	32.7	80	2.10e-05	44.7
WP_025362306.1	lcl|Q9I3N5-9.B.14.2.4	31.1	23.4	29.4	74	2.18e-05	44.7
WP_025362306.1	lcl|P30962-9.B.14.2.2	34.1	13.5	15.6	41	3.14e-04	41.2
WP_025362307.1	lcl|B8CYZ1-1.B.42.1.13	25.6	93.0	32.9	367	1.50e-24	105
WP_025362307.1	lcl|PXF34891.1-1.B.42.1.15	24.0	86.5	22.5	342	1.20e-18	87.8
WP_025362307.1	lcl|C1F8J0-3.A.1.152.2	23.5	96.1	47.2	378	1.32e-17	84.3
WP_025362307.1	lcl|Q5SL96-3.A.1.152.3	27.7	96.1	98.8	382	1.52e-10	61.6
WP_025362307.1	lcl|G2E902-3.A.1.152.6	19.4	87.3	71.1	422	2.34e-08	55.5
WP_025362307.1	lcl|W0F0K1-3.A.1.152.8	22.7	50.8	31.3	198	1.40e-04	43.5
WP_025362307.1	lcl|Q9HXH5-3.A.1.152.1	27.3	28.0	30.1	110	7.87e-04	40.8
WP_025362307.1	lcl|A6CDW2-3.A.1.152.7	19.9	91.5	94.4	377	8.34e-04	40.8
WP_025362313.1	lcl|OCB88409.1-2.A.7.25.11	34.5	45.0	11.8	110	6.33e-09	55.1
WP_025362314.1	lcl|8XQX_H-3.A.9.1.4	35.9	81.4	38.4	217	1.79e-25	103
WP_025362315.1	lcl|Q2FUL6-3.A.1.25.2	46.1	39.7	42.1	76	2.32e-10	56.6
WP_025362315.1	lcl|Q21AF4-2.A.88.1.5	36.0	58.2	56.8	111	3.70e-09	53.5
WP_025362315.1	lcl|O29098-3.A.1.26.8	39.1	36.5	33.5	69	1.02e-07	49.7
WP_025362315.1	lcl|D5ARG8-2.A.88.1.3	31.8	57.7	54.7	110	1.08e-06	46.6
WP_025362315.1	lcl|D5ARG8-3.A.1.25.7	31.8	57.7	54.7	110	1.08e-06	46.6
WP_025362315.1	lcl|Q6GUB0-2.A.88.1.1	33.1	58.2	62.4	118	2.00e-06	45.8
WP_025362315.1	lcl|Q6GUB0-3.A.1.25.1	33.1	58.2	62.4	118	2.00e-06	45.8
WP_025362315.1	lcl|Q5LR30-2.A.88.1.6	30.0	66.7	63.1	130	2.15e-04	40.0
WP_025362315.1	lcl|A3U2L6-2.A.88.1.4	30.6	42.9	42.3	85	4.08e-04	39.3
WP_025362317.1	lcl|WP_116040566.1-9.A.74.1.8	35.3	28.3	26.0	102	2.97e-05	45.1
WP_025362327.1	lcl|Q7V7U0-2.A.7.28.11	55.1	98.6	94.1	292	1.73e-102	301
WP_025362327.1	lcl|Q9HUX6-2.A.7.28.13	33.2	90.2	92.6	268	9.98e-42	145
WP_025362327.1	lcl|Q8BY79-2.A.7.28.1	24.7	89.9	75.3	279	1.12e-16	79.0
WP_025362327.1	lcl|Q2M3R5-2.A.7.28.8	26.8	74.7	63.0	231	2.02e-16	78.2
WP_025362327.1	lcl|O25832-2.A.7.28.9	25.9	93.6	95.0	293	3.49e-15	73.9
WP_025362327.1	lcl|R7QDD5-2.A.7.28.10	27.4	72.0	64.4	226	1.39e-13	69.7
WP_025362327.1	lcl|SLM34092.1-2.A.7.28.12	26.0	85.1	33.1	300	5.61e-10	59.7
WP_025362327.1	lcl|P0ABT9-2.A.7.3.26	25.3	62.5	62.8	190	3.38e-04	41.2
WP_025362327.1	lcl|Q6SJ76-2.A.7.3.67	24.0	72.0	73.5	225	4.43e-04	40.8
WP_025362328.1	lcl|AKM80389.1-3.A.11.1.5	29.3	78.0	84.9	167	1.35e-15	71.6
WP_025362359.1	lcl|AOV16085.1-9.B.398.1.5	34.6	93.3	93.1	162	8.91e-13	62.4
WP_025362359.1	lcl|WP_134487873.1-9.B.398.1.4	31.8	90.9	85.7	151	1.32e-10	56.6
WP_025362359.1	lcl|WP_067207405.1-9.B.398.1.2	30.1	87.2	89.3	146	3.84e-10	55.1
WP_025362359.1	lcl|NEV64173.1-9.B.398.1.6	33.9	71.3	36.4	118	1.06e-09	55.5
WP_025362359.1	lcl|WP_015325473.1-9.B.398.1.3	30.0	48.8	56.4	80	1.46e-07	47.8
WP_025362364.1	lcl|Q8DKZ3-3.D.1.8.2	53.2	74.7	81.6	62	2.71e-16	66.2
WP_025362364.1	lcl|Q9CAC5-3.D.1.8.1	44.9	59.0	25.7	49	3.19e-09	50.4
WP_025362412.1	lcl|O97252-3.A.26.1.1	35.9	89.2	48.1	198	9.05e-31	115
WP_025362414.1	lcl|Q9X4C0-9.B.18.1.4	48.8	81.7	42.9	207	2.47e-55	184
WP_025362414.1	lcl|H8E4X1-9.B.18.1.2	45.2	78.6	37.3	199	3.26e-46	160
WP_025362414.1	lcl|Q1CVQ2-9.B.18.1.6	41.9	90.1	41.9	227	1.56e-43	153
WP_025362414.1	lcl|WP_052176713-9.B.18.1.3	35.4	80.6	42.4	209	6.46e-32	121
WP_025362414.1	lcl|G0CIY2-9.B.18.1.1	40.1	75.0	37.8	197	4.69e-27	108
WP_025362416.1	lcl|Q5SGW2-3.A.11.1.3	49.2	61.0	9.3	65	1.10e-04	39.3
WP_025362424.1	lcl|WP_087280510.1-2.A.128.2.3	31.9	94.2	61.9	479	1.59e-60	211
WP_025362430.1	lcl|WP_017307027.1-1.S.3.1.2	44.8	77.0	94.3	201	8.05e-57	180
WP_025362430.1	lcl|Q31QW7-1.S.3.1.1	45.3	77.0	93.9	201	3.77e-55	176
WP_025362430.1	lcl|GCA95139.1-1.S.3.1.3	44.5	76.6	93.4	200	4.27e-54	173
WP_025362431.1	lcl|A8IXB8-3.A.19.1.5	44.1	19.3	16.3	59	2.18e-05	45.1
WP_025362431.1	lcl|Q5EP68-3.A.7.11.1	33.3	19.6	20.3	60	1.40e-04	42.4
WP_025362431.1	lcl|A8JGB0-3.A.19.1.4	24.0	63.2	26.1	208	2.83e-04	42.0
WP_025362444.1	lcl|Q9X808-3.D.3.5.4	34.2	51.1	27.5	79	1.34e-05	42.7
WP_025362449.1	lcl|P0AEJ0-2.A.1.3.2	29.8	23.3	16.6	94	4.38e-04	42.0
WP_025362450.1	lcl|QKK87500.1-2.A.6.2.33	28.3	80.2	80.3	329	1.42e-21	94.7
WP_025362450.1	lcl|M4VE83-8.A.1.2.2	32.0	50.0	58.0	194	2.43e-19	87.4
WP_025362450.1	lcl|P75830-3.A.1.122.1	25.6	81.4	87.6	332	2.75e-18	85.1
WP_025362450.1	lcl|Q9I6X6-2.A.6.2.27	25.9	88.1	86.2	344	3.31e-17	82.0
WP_025362450.1	lcl|Q1D664-2.A.6.1.10	25.2	80.9	58.7	322	3.35e-14	73.6
WP_025362450.1	lcl|Q9HY86-2.A.6.2.34	24.4	77.6	77.9	303	9.61e-14	71.6
WP_025362450.1	lcl|A6P7H2-2.A.6.2.30	26.1	78.6	74.9	306	2.10e-13	70.5
WP_025362450.1	lcl|WP_005822107.1-2.A.6.3.14	25.2	76.8	78.7	302	3.19e-13	69.7
WP_025362450.1	lcl|Q4VSJ3-2.A.6.2.20	24.4	87.6	86.3	356	1.31e-11	65.1
WP_025362450.1	lcl|A0Q8A4-2.A.6.2.28	24.1	78.4	67.0	332	2.18e-11	64.7
WP_025362450.1	lcl|Q8DQF9-3.A.1.122.20	25.3	36.1	37.1	150	7.90e-11	62.8
WP_025362450.1	lcl|Q8GC84-2.A.6.2.19	25.3	78.9	81.8	312	1.72e-10	61.6
WP_025362450.1	lcl|Q8ZRG8-2.A.6.2.25	24.7	79.4	75.7	320	2.55e-10	61.2
WP_025362450.1	lcl|Q4VWD0-3.A.1.105.4	27.5	37.1	42.9	153	1.12e-08	55.8
WP_025362450.1	lcl|Q84BQ3-3.A.1.122.12	26.5	36.6	42.5	155	3.86e-08	54.3
WP_025362450.1	lcl|Q2FD71-2.A.6.2.40	21.1	77.1	75.7	304	4.26e-08	54.3
WP_025362450.1	lcl|Q9RLI9-2.A.6.1.13	22.7	80.4	66.9	321	7.39e-07	50.4
WP_025362450.1	lcl|Q9I0V5-2.A.6.2.39	20.0	82.7	74.6	325	5.54e-06	47.8
WP_025362450.1	lcl|Q1LCD7-2.A.6.1.6	24.5	80.2	79.0	327	9.10e-06	47.0
WP_025362450.1	lcl|P76397-8.A.1.6.2	20.6	87.1	79.3	344	2.23e-05	45.8
WP_025362450.1	lcl|O51166-2.A.6.3.11	25.4	47.2	54.9	185	2.40e-05	45.4
WP_025362450.1	lcl|Q9RBY9-2.A.6.2.41	23.0	78.9	80.7	326	2.08e-04	42.7
WP_025362458.1	lcl|A1CC48-9.B.178.1.2	25.4	64.4	25.9	276	7.73e-07	50.8
WP_025362459.1	lcl|F4K2G0-3.D.1.8.1	28.6	74.9	54.1	175	2.75e-10	58.2
WP_025362459.1	lcl|P30405-1.A.129.1.1	25.2	71.7	60.9	163	5.43e-05	42.4
WP_025362459.1	lcl|P49792-1.I.1.1.3	25.8	71.7	3.9	163	6.87e-05	43.1
WP_025362461.1	lcl|P73948-2.A.38.4.5	58.2	97.4	95.1	383	5.71e-148	424
WP_025362467.1	lcl|E0D3H5-2.A.28.2.2	44.7	99.0	72.7	304	5.43e-66	212
WP_025362467.1	lcl|Q1EBV7-2.A.28.2.3	45.7	97.7	72.6	300	1.34e-65	211
WP_025362467.1	lcl|Q9K0A9-2.A.28.2.4	42.1	96.7	93.7	297	2.27e-65	207
WP_025362467.1	lcl|C4ST46-2.A.28.2.9	38.7	97.1	95.8	297	1.11e-50	169
WP_025362467.1	lcl|B7GU58-2.A.28.2.6	37.4	85.9	76.5	270	5.48e-44	153
WP_025362467.1	lcl|Q3EA49-2.A.28.2.1	36.5	96.7	74.9	310	5.33e-39	141
WP_025362467.1	lcl|P09131-2.A.28.1.8	33.8	67.3	44.0	216	1.09e-16	79.7
WP_025362467.1	lcl|Q0V8N6-2.A.28.1.5	34.4	68.0	44.4	218	2.68e-16	78.6
WP_025362467.1	lcl|Q12908-2.A.28.1.2	32.1	73.5	65.5	237	2.82e-16	77.8
WP_025362467.1	lcl|Q5PT55-2.A.28.1.6	29.3	69.6	49.5	222	3.56e-15	75.1
WP_025362467.1	lcl|P26435-2.A.28.1.1	28.0	74.2	64.4	236	3.94e-14	71.6
WP_025362467.1	lcl|Q14973-2.A.28.1.9	29.7	65.4	59.0	209	1.65e-13	69.7
WP_025362467.1	lcl|Q96EP9-2.A.28.1.7	31.0	71.9	51.7	229	2.25e-13	69.7
WP_025362467.1	lcl|ARO50445.1-2.A.28.1.11	29.3	72.5	41.8	229	4.78e-13	68.9
WP_025362467.1	lcl|Q70EX6-2.A.28.1.3	29.3	87.6	74.3	280	1.97e-12	66.6
WP_025362467.1	lcl|Q3KNW5-2.A.28.1.4	27.0	74.8	61.5	237	2.25e-10	60.5
WP_025362473.1	lcl|A1S2A8-2.A.21.3.8	27.9	98.3	97.8	617	1.21e-36	144
WP_025362473.1	lcl|Q8AAV7-2.A.21.3.19	27.1	78.3	81.9	487	6.31e-26	111
WP_025362473.1	lcl|P96169-2.A.21.3.2	25.3	78.9	85.6	490	7.65e-25	108
WP_025362473.1	lcl|P31639-2.A.21.3.16	27.3	77.6	70.4	494	1.95e-21	98.2
WP_025362473.1	lcl|P31639-2.A.1.7.26	27.3	77.6	70.4	494	1.95e-21	98.2
WP_025362473.1	lcl|P26430-2.A.21.3.3	26.1	77.6	70.2	494	1.67e-18	89.0
WP_025362473.1	lcl|A0PJK1-2.A.21.3.15	25.2	77.4	77.9	496	3.19e-17	84.7
WP_025362473.1	lcl|Q2A679-2.A.21.3.23	25.5	86.3	81.1	568	4.75e-17	84.3
WP_025362473.1	lcl|Q2A687-2.A.21.3.22	24.9	77.6	71.0	498	6.28e-17	84.0
WP_025362473.1	lcl|P31636-2.A.21.3.4	24.4	77.9	71.5	491	1.10e-16	83.2
WP_025362473.1	lcl|P13866-2.A.21.3.1	25.7	77.9	71.1	499	1.93e-16	82.4
WP_025362473.1	lcl|Q8WWX8-2.A.21.3.6	26.1	79.5	70.5	518	2.59e-16	82.0
WP_025362473.1	lcl|Q2M3M2-2.A.21.3.17	24.9	85.6	77.5	554	6.03e-16	80.9
WP_025362473.1	lcl|M1TZ79-2.A.21.2.5	24.8	76.0	86.0	459	6.80e-15	77.0
WP_025362473.1	lcl|Q9NY91-2.A.21.3.18	23.8	77.9	71.6	496	3.55e-13	72.0
WP_025362473.1	lcl|Q8ZQ35-2.A.21.3.10	23.2	84.1	95.8	514	1.45e-12	69.7
WP_025362473.1	lcl|P53794-2.A.21.3.14	24.1	77.4	65.9	507	4.57e-12	68.6
WP_025362473.1	lcl|P31637-2.A.21.3.5	24.3	77.4	65.9	507	7.96e-12	67.8
WP_025362473.1	lcl|AKR15143.1-2.A.21.3.25	24.4	77.6	71.0	492	9.95e-12	67.4
WP_025362473.1	lcl|Q5E733-2.A.21.3.7	24.1	75.9	84.8	468	1.30e-10	63.5
WP_025362473.1	lcl|Q92911-2.A.21.5.1	25.7	66.6	58.0	417	2.07e-10	63.2
WP_025362473.1	lcl|A3UWQ9-2.A.21.3.12	23.7	67.3	63.0	418	4.51e-10	62.0
WP_025362473.1	lcl|P31448-2.A.21.3.21	24.4	67.3	66.4	409	1.76e-09	60.1
WP_025362473.1	lcl|A3UWQ1-2.A.21.3.11	23.1	77.4	73.6	476	1.80e-09	60.1
WP_025362473.1	lcl|P16256-2.A.21.1.1	23.7	79.3	91.1	489	1.44e-08	57.0
WP_025362475.1	lcl|Q48L33-3.A.16.1.5	41.7	97.3	97.7	259	5.66e-49	162
WP_025362480.1	lcl|Q45064-9.B.31.1.2	37.8	94.0	96.4	188	2.78e-30	109
WP_025362480.1	lcl|P60782-9.B.31.1.1	37.5	96.0	92.7	192	2.95e-25	97.1
WP_025362499.1	lcl|Q8SKU2-3.A.9.1.1	28.1	96.6	46.6	249	1.19e-18	84.0
WP_025362509.1	lcl|Q7V5I0-1.E.34.3.1	68.5	99.2	99.2	127	1.94e-54	166
WP_025362513.1	lcl|M2WYR6-9.A.4.2.2	56.7	63.2	37.0	67	1.48e-20	80.9
WP_025362515.1	lcl|KRY08793.1-8.A.51.1.3	24.5	34.7	15.4	233	4.11e-05	46.6
WP_025362520.1	lcl|Q8Y435-5.B.14.1.1	27.2	89.2	58.8	372	1.36e-24	105
WP_025362527.1	lcl|B8HSD7-9.B.126.2.6	25.4	85.5	82.0	272	1.46e-12	66.6
WP_025362527.1	lcl|AUZ87169.1-9.B.126.2.9	25.3	86.5	69.7	273	1.35e-06	48.9
WP_025362528.1	lcl|Q8YT39-3.A.1.114.1	33.3	78.8	59.4	457	1.25e-58	207
WP_025362528.1	lcl|V5V5Z3-1.B.17.2.10	33.5	76.0	87.2	439	6.84e-52	184
WP_025362528.1	lcl|Q45083-1.B.17.3.3	28.1	68.6	74.8	406	3.03e-16	81.3
WP_025362528.1	lcl|C9LSB9-1.B.17.2.5	23.2	74.2	76.7	422	3.97e-15	77.8
WP_025362528.1	lcl|AUI48180.1-2.A.6.3.14	20.1	73.3	90.9	427	1.09e-10	63.5
WP_025362528.1	lcl|Q2FD80-2.A.6.2.44	26.0	71.0	82.4	419	4.48e-09	58.5
WP_025362528.1	lcl|Q0VQY7-2.A.6.2.46	23.3	73.0	84.4	421	3.11e-08	55.8
WP_025362528.1	lcl|Q4VSJ5-2.A.6.2.20	22.6	73.0	78.9	416	1.74e-07	53.5
WP_025362528.1	lcl|Q24LT6-2.A.6.2.29	23.6	69.1	77.3	402	5.13e-07	52.0
WP_025362528.1	lcl|Q1CW72-1.B.17.2.8	21.6	76.7	88.5	464	2.07e-06	50.1
WP_025362528.1	lcl|Q6VV67-2.A.6.2.23	23.5	73.0	75.0	422	6.59e-06	48.5
WP_025362528.1	lcl|Q54452-3.A.1.110.7	19.7	71.7	78.0	417	2.55e-05	46.6
WP_025362528.1	lcl|Q9I0V8-2.A.6.2.39	29.5	23.7	27.7	139	4.43e-05	45.8
WP_025362528.1	lcl|B3PY75-1.B.17.3.8	21.8	55.8	63.2	321	1.32e-04	44.3
WP_025362528.1	lcl|Q92Q38-1.B.17.1.4	20.7	71.9	84.4	410	2.95e-04	43.1
WP_025362528.1	lcl|Q9HUJ1-2.A.6.2.27	20.9	57.2	67.2	344	3.03e-04	43.1
WP_025362531.1	lcl|F9VN10-3.D.10.1.4	32.7	94.7	94.2	559	1.49e-59	206
WP_025362531.1	lcl|X5H3P0-3.D.10.1.6	31.4	94.6	91.5	573	5.18e-50	181
WP_025362531.1	lcl|P31040-3.D.10.1.7	35.4	69.0	61.4	418	8.48e-49	179
WP_025362531.1	lcl|I7FYK4-3.D.10.1.9	28.1	92.9	91.6	566	5.19e-48	175
WP_025362531.1	lcl|P17412-3.D.10.1.3	29.8	67.6	62.3	413	5.28e-37	145
WP_025362531.1	lcl|Q65GF4-3.D.10.1.1	28.1	92.6	90.8	545	3.51e-36	142
WP_025362531.1	lcl|T2GB49-3.D.10.1.8	27.8	92.8	87.6	568	1.20e-35	140
WP_025362531.1	lcl|Q8F4Z1-3.D.10.1.2	27.1	80.1	78.0	513	1.21e-25	110
WP_025362531.1	lcl|Q8KAA0-3.D.10.1.5	25.8	93.1	87.5	582	4.95e-22	99.8
WP_025362545.1	lcl|GIM07801.1-3.E.1.5.3	40.3	46.0	5.4	119	2.04e-18	84.0
WP_025362545.1	lcl|WP_018128393.1-9.B.238.3.1	27.6	48.8	21.7	127	9.96e-05	42.7
WP_025362552.1	lcl|Q8DLN5-3.D.1.8.2	52.8	92.2	95.5	106	1.80e-36	119
WP_025362552.1	lcl|Q2V2S7-3.D.1.8.1	50.0	91.3	49.8	108	3.10e-27	99.4
WP_025362561.1	lcl|Q9SXJ7-3.A.9.1.2	45.7	75.7	69.0	713	1.29e-193	580
WP_025362561.1	lcl|Q9FI56-3.A.9.1.2	46.1	74.6	69.6	703	1.02e-192	577
WP_025362561.1	lcl|Q74G19-3.A.23.5.1	44.8	74.6	77.9	705	1.09e-151	469
WP_025362561.1	lcl|Q6EE14-3.A.23.2.1	41.5	75.1	79.1	709	3.98e-150	465
WP_025362561.1	lcl|Q9KN49-3.A.23.1.1	39.2	74.6	78.7	714	2.39e-137	431
WP_025362561.1	lcl|R9RFN6-3.A.23.4.1	34.2	92.7	91.4	869	1.34e-128	409
WP_025362561.1	lcl|Q8IM28-3.A.26.1.1	28.0	73.6	60.4	820	2.63e-85	298
WP_025362561.1	lcl|C6KT34-3.A.16.1.3	28.9	19.5	21.1	201	5.22e-04	43.5
WP_025362575.1	lcl|Q9L3S6-3.A.1.4.4	57.7	91.2	87.6	392	4.46e-149	430
WP_025362575.1	lcl|Q8NRW1-3.A.1.4.5	47.3	94.2	96.7	419	1.56e-115	344
WP_025362575.1	lcl|Q8DQI1-3.A.1.4.10	24.1	79.1	87.3	353	6.42e-07	50.8
WP_025362585.1	lcl|P74477-2.A.49.6.1	32.8	84.2	43.8	406	2.37e-56	201
WP_025362585.1	lcl|A8ALD3-2.A.49.5.5	29.0	90.4	92.2	455	3.88e-39	147
WP_025362585.1	lcl|P37019-2.A.49.5.1	27.7	94.2	95.6	473	1.68e-33	131
WP_025362585.1	lcl|Q8GX93-2.A.49.6.3	26.3	82.3	58.5	433	3.10e-19	90.5
WP_025362585.1	lcl|Q9HPN8-2.A.49.6.4	27.3	74.2	45.6	373	2.47e-18	87.8
WP_025362585.1	lcl|C5D215-2.A.49.6.2	25.9	78.4	60.7	394	1.07e-17	85.5
WP_025362585.1	lcl|Q9BMK9-2.A.49.2.13	26.1	80.7	45.5	463	1.47e-16	82.4
WP_025362585.1	lcl|Q96325-2.A.49.3.1	25.6	86.7	61.8	484	2.16e-15	78.6
WP_025362585.1	lcl|M1UVK6-2.A.49.2.9	26.0	82.7	56.5	423	1.48e-14	75.9
WP_025362585.1	lcl|Q9XF71-2.A.49.3.2	24.3	75.3	53.7	428	1.56e-14	75.9
WP_025362585.1	lcl|ANG09048.1-2.A.49.3.5	23.0	86.7	59.3	499	2.10e-14	75.5
WP_025362585.1	lcl|Q8FHC1-2.A.49.5.3	24.2	67.6	74.6	331	1.40e-13	72.0
WP_025362585.1	lcl|A7LKG1-2.A.49.1.2	25.6	75.7	47.4	407	6.12e-13	70.9
WP_025362585.1	lcl|P51792-2.A.49.2.3	24.2	79.6	53.7	451	7.54e-12	67.4
WP_025362585.1	lcl|A8AGW0-2.A.49.5.4	23.0	67.6	74.8	335	1.01e-11	66.2
WP_025362585.1	lcl|P51793-2.A.49.2.8	24.1	82.3	58.7	468	1.68e-11	66.2
WP_025362585.1	lcl|P37020-2.A.49.1.1	22.5	73.8	49.0	404	2.25e-11	65.9
WP_025362585.1	lcl|Q9GKE7-2.A.49.2.2	23.7	81.1	58.2	452	3.85e-11	65.1
WP_025362585.1	lcl|P51795-2.A.49.2.16	23.5	81.1	53.2	456	1.22e-10	63.5
WP_025362585.1	lcl|P51798-2.A.49.3.3	24.4	85.4	58.8	483	3.69e-10	62.0
WP_025362585.1	lcl|Q874K8-2.A.49.1.3	22.7	80.2	48.3	440	3.80e-10	62.0
WP_025362585.1	lcl|Q5SKP5-2.A.49.6.5	26.6	80.5	73.6	394	4.72e-10	61.2
WP_025362585.1	lcl|D2QXG0-2.A.49.9.1	32.6	36.4	36.8	178	1.05e-09	60.1
WP_025362585.1	lcl|Q87wd2-2.A.49.9.5	25.8	87.3	89.8	446	2.41e-09	58.9
WP_025362585.1	lcl|Q9VUY1-2.A.49.2.17	24.2	77.1	47.1	429	6.16e-09	58.2
WP_025362586.1	lcl|P72547-9.B.67.1.1	29.1	46.9	45.0	223	2.49e-08	55.5
WP_025362590.1	lcl|A3RZV8-2.A.66.6.2	29.8	14.9	11.4	114	6.46e-06	49.3
WP_025362590.1	lcl|Q9HZE9-2.A.66.6.1	24.1	14.7	22.1	112	1.38e-04	44.7
WP_045172701.1	lcl|AKM80781.1-3.A.11.1.5	34.4	72.4	82.2	546	2.07e-87	288
WP_045172701.1	lcl|Q9ZKE4-3.A.11.3.1	34.4	68.2	78.7	512	2.49e-73	249
WP_045172701.1	lcl|P39145-3.A.11.1.1	23.3	25.5	37.8	193	1.56e-05	47.8
WP_045172712.1	lcl|P73239-3.A.1.106.14	59.6	98.6	97.3	577	8.52e-229	645
WP_045172712.1	lcl|Q1DCT0-3.A.1.106.10	35.5	98.8	81.4	578	6.83e-103	326
WP_045172712.1	lcl|C1F8I9-3.A.1.106.17	33.1	87.4	88.0	513	4.91e-87	281
WP_045172712.1	lcl|Q72J04-3.A.1.106.18	33.8	95.9	94.6	562	9.64e-85	275
WP_045172712.1	lcl|Q832J9-3.A.1.135.9	31.2	98.5	97.5	581	7.74e-83	270
WP_045172712.1	lcl|Q72J05-3.A.1.106.18	32.1	99.0	97.2	591	5.55e-80	263
WP_045172712.1	lcl|Q9KZE5-3.A.1.106.9	32.5	97.3	92.8	594	1.87e-79	262
WP_045172712.1	lcl|E2YHZ7-3.A.1.135.7	27.9	99.0	97.5	585	3.22e-79	260
WP_045172712.1	lcl|P63359-3.A.1.106.20	33.1	82.7	83.2	486	7.82e-78	256
WP_045172712.1	lcl|Q8RMB7-3.A.1.106.7	34.4	83.8	40.3	497	5.56e-77	265
WP_045172712.1	lcl|P60752-3.A.1.106.1	32.5	82.7	83.2	486	1.14e-76	253
WP_045172712.1	lcl|A4QD95-3.A.1.106.4	31.7	98.3	45.3	577	4.15e-76	262
WP_045172712.1	lcl|Q7NL26-3.A.1.106.12	34.5	83.8	85.4	496	1.06e-75	251
WP_045172712.1	lcl|Q9WYC4-3.A.1.135.5	29.8	98.8	94.6	578	2.38e-75	250
WP_045172712.1	lcl|D5AL45-3.A.1.210.15	32.9	96.9	92.0	577	6.33e-75	249
WP_045172712.1	lcl|A4XGX1-3.A.1.135.10	30.4	86.5	82.3	506	1.32e-74	249
WP_045172712.1	lcl|Q66LJ0-3.A.1.135.13	34.5	85.0	78.0	505	1.44e-74	249
WP_045172712.1	lcl|Q1LRE9-3.A.1.210.9	32.9	96.6	88.9	578	6.86e-74	247
WP_045172712.1	lcl|O53645-3.A.1.106.6	34.8	81.5	39.9	480	8.75e-74	255
WP_045172712.1	lcl|WP_324322846.1-3.A.1.106.21	34.2	98.6	97.8	599	6.94e-73	243
WP_045172712.1	lcl|KKK43437-3.A.1.135.12	33.1	82.9	79.1	487	9.15e-73	244
WP_045172712.1	lcl|G9F9U0-3.A.1.201.30	33.0	96.2	85.5	570	1.17e-72	244
WP_045172712.1	lcl|WP_038539525.1-3.A.1.210.17	33.3	82.2	81.3	493	2.41e-71	239
WP_045172712.1	lcl|E8MFM3-3.A.1.135.6	29.4	96.1	92.0	578	3.39e-71	239
WP_045172712.1	lcl|O07550-3.A.1.106.8	31.2	95.9	94.4	565	4.05e-70	236
WP_045172742.1	lcl|Q9MUK5-3.A.9.1.1	41.3	30.1	25.3	150	8.87e-20	92.0
WP_045172747.1	lcl|F4ISL7-9.B.121.6.11	23.8	20.5	14.4	319	1.35e-14	79.3
WP_045172747.1	lcl|Q1INS5-9.B.121.6.6	22.5	15.7	16.4	240	2.25e-05	48.9
WP_045172765.1	lcl|Q8PVB2-9.B.125.2.2	29.0	95.9	92.4	334	4.11e-28	111
WP_045172765.1	lcl|E3GWE8-9.B.125.2.1	28.1	85.8	90.3	302	5.71e-17	79.7
WP_045172783.1	lcl|WP_082825104.1-8.A.155.1.5	39.7	67.0	57.9	121	4.81e-24	93.2
WP_045172783.1	lcl|Q8LCA1-8.A.155.1.2	36.8	32.4	32.8	57	1.29e-05	43.1
WP_045172790.1	lcl|P77735-8.A.5.1.6	26.2	51.1	65.1	229	4.54e-05	44.7
WP_045172807.1	lcl|OGM09352.1-9.B.142.4.11	25.4	82.3	86.6	437	1.11e-22	100
WP_045172807.1	lcl|S0F067-9.B.142.4.9	41.9	13.2	13.1	74	2.96e-08	55.8
WP_045172811.1	lcl|Q9SZC9-3.A.3.5.11	37.6	99.7	80.1	796	3.19e-143	444
WP_045172811.1	lcl|Q7Y051-3.A.3.5.12	34.5	99.9	89.4	824	4.78e-123	389
WP_045172811.1	lcl|Q9HX93-3.A.3.5.34	37.6	99.7	89.3	769	2.09e-117	372
WP_045172811.1	lcl|Q8ZRG7-3.A.3.5.20	35.3	99.7	95.8	779	4.58e-114	362
WP_045172811.1	lcl|O29777-3.A.3.5.7	33.6	99.7	87.3	763	1.01e-111	357
WP_045172811.1	lcl|Q7A3E6-3.A.3.5.19	33.6	99.7	88.7	766	4.09e-109	350
WP_045172811.1	lcl|Q8ZUJ0-3.A.3.5.25	33.2	99.7	97.2	816	3.46e-106	342
WP_045172811.1	lcl|Q59385-3.A.3.5.5	35.3	99.2	86.0	771	2.61e-105	341
WP_045172811.1	lcl|Q5X2N1-3.A.3.5.30	35.1	89.0	87.9	692	2.11e-104	336
WP_045172811.1	lcl|AMR68964.1-3.A.3.5.39	35.6	89.0	79.8	691	2.48e-104	338
WP_045172811.1	lcl|Q8DVP6-3.A.3.5.40	34.4	99.7	98.1	777	5.00e-103	332
WP_045172811.1	lcl|P32113-3.A.3.5.1	31.5	99.7	97.4	790	6.83e-103	332
WP_045172811.1	lcl|Q3MNJ6-3.A.3.5.15	31.5	99.7	90.4	775	1.29e-101	330
WP_045172811.1	lcl|D1CA99-3.A.3.5.38	36.0	89.0	80.6	684	7.48e-101	328
WP_045172811.1	lcl|O32220-3.A.3.5.18	32.8	99.7	89.5	772	4.14e-100	326
WP_045172811.1	lcl|Q9ZHC7-3.A.3.5.4	34.8	89.0	79.0	692	4.77e-100	327
WP_045172811.1	lcl|O30085-3.A.3.5.10	35.3	82.8	84.5	629	9.10e-99	320
WP_045172811.1	lcl|Q9YBZ6-3.A.3.5.28	34.0	97.8	83.3	750	4.90e-97	319
WP_045172811.1	lcl|Q9S7J8-3.A.3.5.32	34.9	82.8	63.3	668	1.15e-89	302
WP_045172811.1	lcl|Q9WYF3-3.A.3.5.33	31.2	99.7	96.4	767	3.85e-89	295
WP_045172811.1	lcl|P9WPU1-3.A.3.5.41	32.9	99.7	94.1	796	4.19e-89	296
WP_045172811.1	lcl|P35670-3.A.3.5.3	31.3	99.7	54.7	822	6.09e-87	300
WP_045172811.1	lcl|Q72N56-3.A.3.5.23	29.7	99.7	97.3	780	1.41e-86	288
WP_045172811.1	lcl|B1L487-3.A.3.5.27	32.0	82.8	83.8	631	1.07e-85	285
WP_045172811.1	lcl|B1MHH7-3.A.3.5.31	32.0	99.7	97.2	778	1.41e-85	285
WP_045172824.1	lcl|RDH20175.1-2.A.55.1.6	33.0	28.6	19.5	112	3.10e-04	42.4
WP_045172824.1	lcl|Q93JK1-2.A.55.3.4	33.3	17.5	14.5	66	6.56e-04	41.2
WP_045172831.1	lcl|Q46I85-2.A.1.2.109	60.7	93.7	98.3	407	1.23e-163	466
WP_045172831.1	lcl|Q5JAK9-2.A.1.2.39	35.4	91.4	97.2	401	1.68e-55	188
WP_045172831.1	lcl|Q56RY7-2.A.1.2.38	33.9	89.3	94.4	389	9.51e-55	186
WP_045172831.1	lcl|P02982-2.A.1.2.4	34.1	82.8	85.7	358	2.65e-48	169
WP_045172831.1	lcl|P02981-2.A.1.2.102	34.0	82.3	85.9	356	1.35e-46	164
WP_045172831.1	lcl|B2YGG2-2.A.1.2.41	30.1	87.2	86.2	379	1.01e-43	157
WP_045172831.1	lcl|Q07282-2.A.1.2.75	30.6	83.9	85.9	363	8.95e-42	152
WP_045172831.1	lcl|Q8ZUX8-2.A.1.2.49	32.4	86.5	92.8	376	1.35e-37	139
WP_045172831.1	lcl|C6G9U4-2.A.1.2.103	29.0	84.6	88.1	366	1.03e-31	124
WP_045172831.1	lcl|P02980-2.A.1.2.68	27.0	85.8	88.3	381	2.00e-30	120
WP_045172831.1	lcl|Q9D2V8-2.A.1.2.73	27.2	85.3	86.6	415	2.38e-26	110
WP_045172831.1	lcl|Q5SR56-2.A.1.2.30	29.5	76.2	62.5	332	8.69e-26	108
WP_045172831.1	lcl|Q96MC6-2.A.1.2.104	28.9	76.2	64.5	332	1.43e-25	108
WP_045172831.1	lcl|P0A0J7-2.A.1.2.10	27.5	82.8	86.6	357	1.02e-23	101
WP_045172831.1	lcl|P33449-2.A.1.2.70	26.5	89.5	93.6	393	3.39e-21	94.4
WP_045172831.1	lcl|Q8NBP5-2.A.1.2.105	23.7	90.4	87.1	430	2.32e-15	77.4
WP_045172831.1	lcl|P0A4K4-2.A.1.2.34	24.0	80.7	83.7	354	1.31e-14	74.7
WP_045172831.1	lcl|GAX16292.1-2.A.1.2.117	24.4	83.0	77.8	405	3.35e-14	73.9
WP_045172831.1	lcl|Q96BI1-2.A.1.2.53	25.3	82.1	82.3	375	1.10e-12	68.9
WP_045172831.1	lcl|Q8C0T7-2.A.1.2.72	22.2	88.1	86.9	418	6.65e-11	63.5
WP_045172831.1	lcl|O06742-2.A.1.32.1	22.8	81.8	80.5	368	1.88e-10	62.0
WP_045172831.1	lcl|P77726-2.A.1.2.60	27.2	76.5	68.3	338	2.68e-10	61.6
WP_045172831.1	lcl|Q94BZ1-2.A.1.2.111	30.2	38.0	33.3	169	1.46e-08	56.2
WP_045172831.1	lcl|Q3EAQ5-2.A.1.2.96	27.5	39.6	34.7	178	6.03e-08	54.3
WP_045172831.1	lcl|Q1D0C6-2.A.1.49.7	26.9	66.7	66.8	294	7.20e-08	53.9
WP_045172874.1	lcl|WP_047541184.1-8.A.174.1.3	28.4	59.1	60.7	208	1.69e-15	75.5
WP_045172874.1	lcl|TKW60335.1-8.A.174.1.4	30.6	53.9	56.9	186	3.81e-15	74.3
WP_045172874.1	lcl|WP_197718818.1-8.A.174.1.2	32.3	54.9	55.1	186	4.64e-14	71.2
WP_045172874.1	lcl|HFO91905.1-8.A.174.1.5	34.0	33.1	23.2	106	3.66e-08	53.9
WP_045172930.1	lcl|O30554-3.A.7.11.1	37.3	55.8	70.7	134	2.52e-17	76.3
WP_045172978.1	lcl|O43464-8.A.217.1.1	35.8	93.8	67.7	344	4.03e-54	184
WP_045172978.1	lcl|B2GH49-9.B.160.1.10	33.9	46.0	40.4	168	1.02e-13	71.2
WP_045172978.1	lcl|A0L9W3-2.A.102.4.10	29.1	45.5	24.1	165	3.27e-06	48.5
WP_045172997.1	lcl|O43464-8.A.217.1.1	33.4	86.0	67.0	341	7.54e-41	149
WP_045172997.1	lcl|B2GH49-9.B.160.1.10	35.0	46.3	43.4	177	2.40e-17	82.4
WP_045172997.1	lcl|A0L9W3-2.A.102.4.10	26.3	41.3	23.4	160	4.61e-05	45.1
WP_045172997.1	lcl|Q15599-8.A.24.1.2	47.9	12.2	14.2	48	2.37e-04	42.4
WP_052327997.1	lcl|Q8Y435-5.B.14.1.1	34.8	37.8	17.7	112	2.17e-12	66.6
WP_052328025.1	lcl|O27435-2.A.69.4.3	24.4	69.1	67.2	213	8.35e-06	46.2
WP_052328025.1	lcl|Q1DE54-2.A.69.4.4	31.7	70.1	70.1	218	1.11e-05	45.8
WP_052328025.1	lcl|E0SFK1-2.A.69.3.2	21.8	72.4	69.2	225	6.56e-04	40.4
WP_071823025.1	lcl|GAD20700.1-3.A.1.103.7	41.2	97.0	98.5	260	3.00e-65	204
WP_071823025.1	lcl|Q9HTB8-3.A.1.103.6	28.9	92.2	92.1	249	3.75e-34	124
WP_071823025.1	lcl|O70068-3.A.1.103.11	30.8	98.5	97.3	266	1.86e-33	122
WP_071823025.1	lcl|Q48475-3.A.1.103.1	26.2	86.9	85.3	237	7.15e-22	91.3
WP_071823025.1	lcl|P72880-3.A.1.103.5	24.2	97.0	92.0	264	9.06e-20	85.9
WP_071823025.1	lcl|Q1D3I2-3.A.1.103.4	24.6	96.3	96.5	260	1.35e-19	85.1
WP_071823025.1	lcl|Q50862-3.A.1.103.3	24.6	96.3	96.5	260	1.35e-19	85.1
WP_071823025.1	lcl|O67182-3.A.1.103.9	21.8	78.4	81.3	211	1.31e-14	71.2
WP_071823025.1	lcl|P42953-3.A.1.104.1	26.3	81.0	80.0	228	2.03e-11	62.4
WP_071823025.1	lcl|D1GQ18-3.A.1.104.2	21.4	83.2	81.5	229	8.99e-11	60.5
WP_071823025.1	lcl|Q6E7E9-3.A.1.103.2	23.2	83.2	83.3	233	3.46e-08	52.8
WP_071823025.1	lcl|B3FHE1-3.A.1.101.3	24.7	83.2	81.9	227	4.90e-08	52.4
WP_071823041.1	lcl|Q5EAK4-2.A.16.2.2	27.5	68.5	16.4	356	1.30e-23	104
WP_071823041.1	lcl|P38919-3.A.18.1.1	22.7	63.2	75.2	322	1.26e-09	59.7
WP_071823041.1	lcl|O00148-3.A.22.1.2	30.8	22.0	24.6	107	7.17e-09	57.4
WP_071823041.1	lcl|Q13838-3.A.18.1.1	29.9	22.0	24.5	107	2.22e-08	55.8
WP_071823045.1	lcl|CRG88657-9.B.313.1.2	28.0	43.6	20.2	193	2.17e-09	59.3
WP_071823064.1	lcl|KAJ8019623.1-8.A.47.1.7	32.7	23.0	33.5	245	1.05e-19	94.4
WP_071823064.1	lcl|WP_081471983.1-1.I.3.1.1	31.6	21.6	37.1	263	2.61e-19	93.2
WP_071823064.1	lcl|A0QSM8-3.A.24.5.1	41.9	11.1	26.2	124	8.54e-11	65.1
WP_071823064.1	lcl|D9SZH8-2.A.7.3.49	29.2	24.0	33.5	277	8.50e-09	59.3
WP_071823064.1	lcl|P09489-1.B.12.5.1	25.9	24.6	31.3	340	8.19e-08	56.2
WP_071823064.1	lcl|P09958-1.A.9.1.24	29.5	9.7	14.0	112	3.47e-04	44.3
WP_071823076.1	lcl|7R0W_G-3.D.3.5.7	84.4	84.2	84.2	32	1.97e-12	53.5
WP_071823076.1	lcl|P58246-3.D.3.5.6	74.2	81.6	83.8	31	7.63e-10	47.0
WP_071823105.1	lcl|Q66DP5-5.B.1.3.1	31.9	96.9	28.0	94	1.03e-09	53.1
WP_071823109.1	lcl|P61048-3.D.3.5.6	75.0	72.7	82.8	24	1.28e-08	43.5
WP_071823109.1	lcl|7R0W_H-3.D.3.5.7	66.7	72.7	82.8	24	1.50e-07	40.8
WP_084213239.1	lcl|B3EBP1-4.D.1.3.3	26.9	32.7	7.5	108	1.55e-04	43.1
WP_084213239.1	lcl|F2KQZ0-4.D.2.1.6	31.5	34.0	19.0	111	1.68e-04	42.7
WP_170950543.1	lcl|Q9SJV5-2.A.64.2.1	56.1	96.6	67.1	228	1.84e-75	231
WP_170950543.1	lcl|Q9RJ69-2.A.64.2.2	35.3	94.0	75.9	241	9.98e-31	115
WP_170950543.1	lcl|WP_104944878-2.A.64.6.3	33.2	99.1	66.2	238	5.41e-26	103
WP_170950543.1	lcl|P69423-2.A.64.1.1	33.0	93.6	86.4	224	1.10e-25	100
WP_170950543.1	lcl|GEL53513.1-2.A.64.1.5	31.9	99.6	93.2	248	2.42e-25	99.8
WP_170950543.1	lcl|Q6MGQ9-2.A.64.1.3	27.4	98.3	92.1	234	1.54e-22	92.0
WP_170950543.1	lcl|AKM80423-2.A.64.6.1	29.2	92.3	59.2	216	1.93e-21	90.9
WP_170950543.1	lcl|OGL22325-2.A.64.6.2	28.6	80.8	56.1	189	4.67e-19	84.0
WP_170950543.1	lcl|P42252-2.A.64.3.1	31.0	73.1	70.2	171	9.52e-19	81.6
WP_170950543.1	lcl|O05523-2.A.64.3.2	34.3	73.9	69.3	178	1.57e-17	78.6
WP_170950543.1	lcl|Q1CZY2-2.A.64.1.2	35.8	62.0	36.4	151	7.94e-15	72.4
WP_170950543.1	lcl|Q9ZCG6-2.A.64.1.8	27.2	82.9	81.3	206	8.97e-14	68.2
WP_170950543.1	lcl|D4GZD0-2.A.64.1.6	30.3	65.4	34.2	155	1.80e-10	59.7
WP_170950543.1	lcl|D4GZC9-2.A.64.1.7	31.3	47.4	15.5	112	1.53e-06	48.1
WP_198015272.1	lcl|WP_013628319.1-9.B.214.2.3	39.8	83.1	73.4	118	7.64e-17	71.6
WP_198015272.1	lcl|WP_072720259.1-9.B.214.2.1	39.0	77.7	74.1	105	2.39e-14	64.7
WP_198015272.1	lcl|Q9HWH6-2.A.6.2.32	36.1	74.6	64.2	97	2.79e-04	38.1
WP_198015291.1	lcl|Q8DL32-3.D.1.8.2	73.4	100	100	372	8.64e-194	538
WP_198015291.1	lcl|Q37165-3.D.1.8.1	58.8	91.9	93.3	342	4.67e-138	397
WP_198015291.1	lcl|Q8PU59-3.D.9.1.1	41.2	86.3	89.7	330	1.06e-75	237
WP_198015291.1	lcl|Q8PU59-3.D.13.1.1	41.2	86.3	89.7	330	1.06e-75	237
WP_198015291.1	lcl|Q746T2-3.D.1.5.1	42.5	83.6	89.1	322	9.00e-75	234
WP_198015291.1	lcl|P0AFD4-3.D.1.1.1	36.4	92.5	97.5	346	5.92e-65	209
WP_198015291.1	lcl|Q60019-3.D.1.3.1	39.9	87.6	84.4	333	2.80e-63	206
WP_198015291.1	lcl|P29920-3.D.1.2.1	39.1	87.9	89.6	330	6.37e-63	204
WP_198015291.1	lcl|P08774-3.D.1.6.2	35.7	90.1	94.6	356	1.82e-58	193
WP_198015291.1	lcl|OLS18212-3.D.9.1.2	38.2	85.5	90.0	319	5.12e-55	184
WP_198015291.1	lcl|Q9PMA3-3.D.1.7.1	33.7	84.1	90.1	323	4.16e-52	176
WP_198015291.1	lcl|P03887-3.D.1.6.1	34.3	85.8	91.8	321	1.83e-49	168
WP_198015291.1	lcl|P11658-3.D.1.6.4	33.0	85.8	94.2	327	1.40e-43	152
WP_198015291.1	lcl|Q729R2-3.D.1.4.4	26.8	82.3	88.8	317	4.14e-17	80.9
WP_198015291.1	lcl|Q8U0Z5-3.D.1.4.1	27.2	87.6	95.0	335	4.69e-16	77.8
WP_198015291.1	lcl|P77937-3.D.1.4.3	26.9	80.9	86.7	312	1.60e-15	76.3
WP_198015291.1	lcl|O59653-3.D.1.4.2	26.1	87.4	95.4	330	4.52e-13	68.6
WP_198015291.1	lcl|P77858-3.D.1.9.1	23.8	55.4	62.2	210	1.69e-06	48.9
WP_198015291.1	lcl|P16430-3.D.1.9.2	27.6	59.7	69.1	228	5.12e-05	44.3
WP_232202399.1	lcl|WP_090852276.1-9.A.76.1.8	34.4	88.4	91.7	323	7.53e-60	196
WP_232202399.1	lcl|RJU95109.1-9.A.76.1.10	34.4	85.4	87.2	317	7.29e-54	180
WP_232202399.1	lcl|RCK63797.1-9.A.76.1.2	24.0	66.6	58.6	263	1.71e-09	58.5
WP_232202399.1	lcl|WP_112939848.1-9.A.76.1.9	25.9	61.9	59.0	232	1.92e-09	58.2
WP_232202399.1	lcl|ATV93525.1-9.A.76.1.7	22.0	66.9	59.0	250	1.15e-08	55.8
WP_232202399.1	lcl|WP_110860854-9.A.76.1.3	38.8	13.5	12.1	49	1.11e-05	46.6
WP_232202404.1	lcl|Q72GR8-3.D.2.2.2	46.3	97.6	95.5	363	1.48e-96	291
WP_232202404.1	lcl|P0C186-3.D.2.2.1	45.1	96.8	95.6	368	1.28e-91	279
WP_232202404.1	lcl|P07001-3.D.2.1.1	44.6	96.8	70.4	363	3.30e-87	272
WP_232202404.1	lcl|Q07600-3.D.2.4.1	38.5	95.2	35.1	361	5.41e-62	214
WP_232202404.1	lcl|P11024-3.D.2.3.1	38.2	89.2	30.8	338	7.58e-58	202
WP_232202423.1	lcl|V5BTU4-9.B.142.2.8	32.8	20.8	21.1	122	9.32e-11	63.9
WP_232202423.1	lcl|OGD09777.1-9.B.142.2.18	27.3	27.3	32.9	154	3.71e-08	55.5
WP_232202423.1	lcl|K6W5C2-9.B.142.2.5	30.6	19.1	15.2	108	1.09e-07	54.3
WP_232202423.1	lcl|WP_017314285.1-9.B.142.2.13	22.3	66.6	66.3	382	1.87e-05	47.0
WP_232202428.1	lcl|WP_052176713-9.B.18.1.3	40.4	46.0	43.7	203	7.52e-42	153
WP_232202428.1	lcl|G0CIY2-9.B.18.1.1	41.4	41.5	38.4	186	2.94e-34	133
WP_232202428.1	lcl|Q9X4C0-9.B.18.1.4	35.0	42.6	41.2	203	6.04e-26	109
WP_232202428.1	lcl|H8E4X1-9.B.18.1.2	36.4	42.2	36.6	198	1.53e-25	108
WP_232202428.1	lcl|Q1CVQ2-9.B.18.1.6	33.8	44.4	40.7	207	1.31e-21	96.7
WP_232202429.1	lcl|P11091-8.A.1.3.2	25.0	83.2	83.0	376	2.13e-20	92.0
WP_232202429.1	lcl|Q9I2M0-3.A.1.109.4	27.1	85.8	91.1	369	3.17e-19	88.2
WP_232202429.1	lcl|P18790-8.A.1.3.4	35.9	38.3	31.0	153	3.03e-17	82.8
WP_232202429.1	lcl|P06739-8.A.1.3.1	36.6	38.3	31.0	153	1.31e-16	80.9
WP_232202429.1	lcl|BAB77003.1-8.A.1.3.7	28.5	39.8	30.3	158	1.80e-10	62.0
WP_232202429.1	lcl|Q57387-3.A.1.110.7	23.8	67.5	76.0	332	1.57e-09	58.9
WP_232202429.1	lcl|Q9ZG93-3.A.1.110.12	29.0	25.1	23.1	100	7.98e-07	50.4
WP_232202429.1	lcl|Q54457-3.A.1.110.6	33.3	20.3	18.3	81	1.89e-06	49.3
WP_232202429.1	lcl|P23597-3.A.1.110.11	22.8	83.5	88.4	404	7.78e-06	47.4
WP_232202429.1	lcl|O05694-3.A.1.110.3	39.1	16.2	14.7	64	1.78e-05	46.2
WP_232202429.1	lcl|OUT43425-8.A.1.3.6	20.6	74.9	59.4	349	6.21e-05	44.7
WP_232202430.1	lcl|Q48476-3.A.1.103.1	48.3	45.5	83.3	205	5.61e-70	221
WP_232202430.1	lcl|O70098-3.A.1.103.11	32.8	93.1	90.0	427	2.49e-66	218
WP_232202430.1	lcl|Q9I3V8-3.A.1.103.6	50.9	49.8	53.1	224	3.90e-66	217
WP_232202430.1	lcl|P72884-3.A.1.103.5	47.8	49.3	52.6	226	3.39e-61	204
WP_232202430.1	lcl|Q1D3I3-3.A.1.103.4	46.3	44.6	46.0	201	9.25e-58	196
WP_232202430.1	lcl|Q50863-3.A.1.103.3	46.3	44.6	46.0	201	9.25e-58	196
WP_232202430.1	lcl|P42954-3.A.1.104.1	42.7	44.2	37.6	199	4.89e-49	174
WP_232202430.1	lcl|D1GQ17-3.A.1.104.2	39.6	49.3	83.0	222	9.28e-44	154
WP_232202430.1	lcl|P72047-3.A.1.103.10	36.5	46.2	76.2	208	3.22e-43	152
WP_232202430.1	lcl|Q6E7E8-3.A.1.103.2	37.4	41.5	57.7	187	1.68e-39	144
WP_232202430.1	lcl|P24586-3.A.1.101.1	37.1	39.7	79.0	178	7.59e-36	131
WP_232202430.1	lcl|B3FHE0-3.A.1.101.3	37.2	40.2	81.9	180	3.19e-35	129
WP_232202430.1	lcl|AKM79973-3.A.1.115.3	32.0	42.6	78.7	200	1.22e-22	96.3
WP_232202430.1	lcl|F8FLY7-3.A.1.147.2	29.0	45.8	88.9	217	1.34e-22	95.9
WP_232202430.1	lcl|P46903-3.A.1.115.1	26.7	40.6	79.3	195	4.44e-21	91.7
WP_232202430.1	lcl|Q9RQ06-3.A.1.12.5	29.4	43.3	52.1	214	8.58e-21	93.6
WP_232202430.1	lcl|J8ABC0-3.A.1.105.9	27.5	46.0	70.0	218	9.62e-21	92.0
WP_232202430.1	lcl|A8GZV2-3.A.1.132.5	30.5	44.0	67.9	210	1.58e-20	91.3
WP_232202430.1	lcl|B5YBB1-3.A.1.151.2	29.3	44.4	85.4	208	1.84e-20	89.7
WP_232202430.1	lcl|O30385-3.A.1.132.12	27.5	55.6	77.6	265	1.01e-19	89.4
WP_232202430.1	lcl|Q8U4S5-3.A.1.12.9	29.5	44.0	47.8	220	7.18e-19	88.2
WP_232202430.1	lcl|Q18BL2-3.A.1.124.6	28.4	43.3	84.3	204	9.60e-19	84.7
WP_232202430.1	lcl|E8R694-3.A.1.147.3	28.1	42.9	75.1	203	1.28e-18	85.1
WP_232202430.1	lcl|Q1M7Q1-3.A.1.11.6	27.4	44.6	59.1	212	1.62e-18	86.3
WP_232202430.1	lcl|Q6MNM2-3.A.1.1.51	28.6	42.6	58.5	203	1.94e-18	85.9
WP_232202460.1	lcl|B2J0B7-3.A.1.15.13	33.2	81.8	84.8	283	2.90e-36	132
WP_232202460.1	lcl|G0LRW7-3.A.1.15.15	21.6	71.6	78.6	255	2.68e-10	60.1
WP_232202460.1	lcl|Q8DQ09-3.A.1.15.3	29.2	42.3	42.8	137	2.13e-09	57.4
WP_232202460.1	lcl|Q5FA63-3.A.1.15.10	23.4	74.4	86.7	273	9.06e-09	55.5
WP_232202460.1	lcl|Q9XCS2-3.A.1.15.7	22.7	76.2	84.6	264	9.23e-08	52.4
WP_232202463.1	lcl|P72827-3.A.1.10.2	40.5	98.8	90.6	328	4.60e-82	252
WP_232202463.1	lcl|Q55835-3.A.1.10.2	36.4	99.4	94.2	332	2.47e-69	219
WP_232202463.1	lcl|Q82VN7-3.A.1.10.4	37.0	99.4	94.2	330	6.09e-63	202
WP_232202463.1	lcl|P35755-3.A.1.10.3	29.5	98.2	97.0	329	2.54e-32	122
WP_232202463.1	lcl|Q56925-3.A.1.10.5	26.9	93.6	89.3	309	1.24e-24	101
WP_232202463.1	lcl|O54368-3.A.1.20.1	22.9	73.4	68.1	245	1.44e-07	52.0
WP_232202463.1	lcl|O54369-3.A.1.20.1	22.9	73.4	68.7	245	2.54e-06	48.1
WP_232202463.1	lcl|P96062-3.A.1.11.5	28.9	44.0	42.1	149	1.06e-05	46.2
WP_232202463.1	lcl|P31550-3.A.1.19.1	31.5	22.0	22.3	73	1.82e-04	42.4
WP_232202463.1	lcl|Q9Z4R9-3.A.1.20.1	23.7	69.7	65.8	232	3.28e-04	41.6
WP_232202476.1	lcl|WP_017304407.1-9.B.265.1.6	34.4	82.1	29.2	96	1.01e-12	62.4
WP_232202485.1	lcl|Q46836-1.A.54.5.4	60.5	84.4	14.1	38	4.60e-11	54.3
WP_232202485.1	lcl|R8YEH7-1.A.54.5.3	51.4	82.2	12.9	37	8.56e-10	50.8
WP_232202485.1	lcl|WP_067429597.1-9.B.220.2.1	62.9	77.8	13.8	35	2.06e-09	49.7
WP_232202485.1	lcl|P15754-3.A.15.1.1	47.6	93.3	18.4	42	6.46e-08	45.4
WP_232202485.1	lcl|Q8VRL2-3.A.11.1.3	52.5	88.9	11.3	40	1.88e-07	44.3
WP_232202485.1	lcl|KPJ73630.1-9.B.252.3.6	47.1	75.6	12.5	34	3.46e-07	43.5
WP_232202485.1	lcl|O68433-3.A.15.3.1	54.5	73.3	11.5	33	2.31e-06	41.2
WP_232202485.1	lcl|P22610-3.A.15.2.1	47.1	75.6	11.7	34	2.87e-05	38.1
WP_232202485.1	lcl|AKM80724.1-3.A.11.1.5	50.0	57.8	8.7	26	5.40e-05	37.4
WP_232202491.1	lcl|AKM80112-3.A.11.1.5	40.5	83.5	97.0	682	9.37e-142	433
WP_232202491.1	lcl|Q9ZKE4-3.A.11.3.1	28.6	13.8	17.3	112	6.68e-06	49.3
WP_232202491.1	lcl|P38919-3.A.18.1.1	23.3	36.3	72.7	313	1.11e-04	45.1
WP_232202495.1	lcl|P0AAJ1-5.A.3.3.1	31.0	57.8	34.1	71	3.97e-04	37.7
WP_232202503.1	lcl|Q8F4J3-9.B.146.1.3	37.1	89.1	86.4	326	3.87e-57	189
WP_232202503.1	lcl|P0A6W3-9.B.146.1.6	37.8	88.2	85.3	315	5.26e-55	183
WP_232202503.1	lcl|Q7UQ81-9.B.146.1.1	33.1	69.3	40.2	239	1.71e-18	85.9
WP_232202503.1	lcl|R6S968-9.B.146.1.4	27.3	88.8	81.5	333	2.28e-09	57.8
WP_232202503.1	lcl|P0AC78-9.B.146.1.7	36.1	30.4	28.6	108	7.02e-08	53.1
WP_255325699.1	lcl|Q8VRK4-3.A.11.1.3	43.1	95.1	15.9	58	5.67e-05	38.1
WP_255325702.1	lcl|Q8VRK4-3.A.11.1.3	40.3	93.5	20.4	72	7.64e-08	47.0
WP_369792011.1	lcl|P0ABG4-2.A.103.1.1	35.1	91.0	89.4	385	5.35e-54	184
WP_369792011.1	lcl|P07373-2.A.103.1.3	32.7	81.6	93.4	343	1.59e-49	171
WP_369792011.1	lcl|P0ABG7-2.A.103.1.2	38.8	67.1	76.2	286	1.56e-43	155
WP_369792011.1	lcl|X2BJI2-2.A.103.1.4	32.9	82.8	66.2	353	1.49e-38	145
WP_369792011.1	lcl|Q9ZBA6-2.A.103.1.9	31.5	85.0	78.7	365	1.60e-33	130
WP_369792011.1	lcl|H2J7Z5-2.A.103.1.6	32.0	65.4	69.9	275	2.72e-25	105
WP_369792011.1	lcl|Q83MP3-2.A.103.1.7	27.8	75.5	73.9	335	3.10e-18	85.9
WP_369792011.1	lcl|D3DFC8-2.A.103.1.5	34.7	36.1	41.3	150	1.90e-17	82.8
WP_369792011.1	lcl|WP_076734059.1-2.A.103.1.10	33.6	32.0	31.4	134	9.89e-15	75.1
WP_369792011.1	lcl|F4CH44-2.A.103.1.8	30.7	66.1	76.8	306	4.59e-14	72.8
WP_369792011.1	lcl|WP_071389592.1-2.A.103.1.12	30.1	39.2	36.7	163	2.44e-11	64.7
WP_369792011.1	lcl|WP_082139284.1-2.A.103.1.11	22.6	80.9	73.0	337	1.02e-04	43.9
WP_369792013.1	lcl|Q8H1R4-3.A.1.26.12	43.1	84.1	77.5	211	2.42e-48	160
WP_369792013.1	lcl|Q71WH7-3.A.1.25.8	33.8	80.8	75.6	213	2.50e-30	113
WP_369792013.1	lcl|Q839D5-3.A.1.26.7	35.6	70.6	66.7	188	4.90e-30	112
WP_369792013.1	lcl|Q839D5-3.A.1.26.10	35.6	70.6	66.7	188	4.90e-30	112
WP_369792013.1	lcl|Q5M243-3.A.1.25.6	35.3	74.3	73.2	204	2.47e-29	110
WP_369792013.1	lcl|A2RI01-3.A.1.25.4	36.7	70.6	67.1	188	6.91e-29	109
WP_369792013.1	lcl|O68106-3.A.1.23.8	35.7	82.9	77.5	221	3.92e-28	107
WP_369792013.1	lcl|D5AQY6-3.A.1.23.7	35.5	76.7	82.3	211	6.30e-28	106
WP_369792013.1	lcl|Q03PY5-3.A.1.28.2	32.4	81.6	76.3	216	2.86e-27	105
WP_369792013.1	lcl|Q03PY5-3.A.1.26.9	32.4	81.6	76.3	216	2.86e-27	105
WP_369792013.1	lcl|Q9X1Z1-3.A.1.25.5	32.6	86.1	84.9	224	1.43e-26	103
WP_369792013.1	lcl|Q03PY6-3.A.1.26.9	34.1	77.6	71.7	211	7.03e-26	102
WP_369792013.1	lcl|Q03PY6-3.A.1.28.2	34.1	77.6	71.7	211	7.03e-26	102
WP_369792013.1	lcl|D6TJP9-3.A.1.26.11	33.8	75.5	70.8	201	3.21e-24	97.4
WP_369792013.1	lcl|Q05596-3.A.1.23.6	39.1	55.1	55.7	151	7.26e-24	96.3
WP_369792013.1	lcl|Q97JB8-3.A.1.23.2	28.6	82.0	77.1	217	6.06e-23	94.0
WP_369792013.1	lcl|ACN15418-3.A.1.22.2	33.8	80.8	85.7	216	6.25e-23	93.2
WP_369792013.1	lcl|Q92NE8-3.A.1.5.17	33.3	84.5	41.6	231	2.00e-22	95.1
WP_369792013.1	lcl|O34362-3.A.1.30.1	31.2	81.6	38.2	215	5.06e-22	94.0
WP_369792013.1	lcl|A7BAX2-3.A.1.26.3	36.8	83.7	28.8	212	1.07e-21	93.2
WP_369792013.1	lcl|Q5M244-3.A.1.25.6	31.3	81.6	78.9	227	1.65e-21	90.1
WP_369792013.1	lcl|Q839D4-3.A.1.26.7	32.2	77.6	72.0	211	3.64e-21	89.4
WP_369792013.1	lcl|Q839D4-3.A.1.26.10	32.2	77.6	72.0	211	3.64e-21	89.4
WP_369792013.1	lcl|Q8RD07-3.A.1.23.5	33.1	62.0	68.6	169	4.48e-21	88.2
WP_369792013.1	lcl|Q71WH8-3.A.1.25.8	32.6	69.0	64.9	190	6.89e-21	88.6
WP_369792019.1	lcl|AAX46970-3.A.1.7.6	75.0	96.2	94.7	304	7.75e-163	456
WP_369792019.1	lcl|P0AG82-3.A.1.7.1	36.0	78.1	74.9	261	2.46e-42	149
WP_369792019.1	lcl|Q7WTY8-3.A.1.7.2	27.0	81.6	74.8	281	3.76e-20	89.4
WP_369792019.1	lcl|D0VWY2-3.A.1.7.3	29.4	58.1	55.4	214	8.63e-14	70.9
