WP_014948071.1	MER0005300|M23.950|M23B	43.5	33.9	80.4	131	5.27e-30	110
WP_014948071.1	MER0015415|M23.951|M23B	34.5	34.1	78.8	139	3.75e-17	75.5
WP_014948071.1	MER0003380|M23.011|M23B	31.6	28.2	47.3	114	4.39e-12	62.4
WP_014948071.1	MER0013541|M23.014|M23B	32.0	19.4	85.2	75	2.13e-07	45.4
WP_014948356.1	MER0001373|S01.275|S01C	55.3	44.4	100	161	1.89e-49	160
WP_014948356.1	MER0003850|S01.500|S01C	44.2	50.0	99.4	181	1.45e-43	145
WP_014948356.1	MER0004111|S01.442|S01C	47.2	44.4	100	161	8.22e-39	132
WP_014948356.1	MER0000268|S01.480|S01C	47.8	38.2	89.6	138	8.58e-38	130
WP_014948356.1	MER0000266|S01.273|S01C	48.1	44.4	100	162	1.79e-37	129
WP_014948356.1	MER0004673|S01.494|S01C	35.3	67.1	95.2	258	2.00e-36	130
WP_014948356.1	MER0003293|S01.477|S01C	52.9	38.8	94.0	140	3.07e-36	125
WP_014948356.1	MER0013623|S01.453|S01C	43.8	44.4	100	160	1.49e-33	119
WP_014948356.1	MER0001372|S01.274|S01C	46.5	38.2	89.7	142	1.71e-32	116
WP_014948356.1	MER0003290|S01.482|S01C	39.4	44.4	100	165	3.62e-30	110
WP_014948356.1	MER0004086|S01.B81|S01C	40.2	44.1	100	169	8.77e-28	103
WP_014948356.1	MER0022668|S01.447|S01C	35.7	44.4	100	171	3.01e-27	102
WP_014948356.1	MER0028330|S01.329|S01C	39.6	44.4	100	164	6.99e-27	101
WP_014948356.1	MER0001945|S01.472|S01C	37.6	44.4	100	165	3.08e-26	99.8
WP_014948356.1	MER0016031|S01.364|S01C	37.6	44.4	100	173	9.96e-26	98.6
WP_014948356.1	MER0005468|S01.491|S01C	40.3	38.2	90.5	144	2.17e-25	97.4
WP_014948356.1	MER0016351|S01.285|S01C	37.2	44.4	100	164	3.67e-25	96.7
WP_014948356.1	MER0004093|S01.278|S01C	37.8	44.4	100	164	5.11e-25	96.3
WP_014948356.1	MER0002577|S01.277|S01C	36.0	44.4	100	164	9.86e-25	95.5
WP_014948356.1	MER0014795|S01.284|S01C	37.1	44.4	100	170	3.05e-23	91.7
WP_014948356.1	MER0011375|S01.476|S01C	35.2	44.4	100	165	5.06e-22	88.2
WP_014948356.1	MER0005093|S01.441|S01C	37.8	38.8	93.4	156	2.49e-21	86.7
WP_014948356.1	MER0004149|S01.525|S01C	35.5	44.4	100	169	6.12e-21	85.5
WP_014948356.1	MER0010944|S01.474|S01C	38.0	36.8	87.7	150	1.85e-19	81.6
WP_014948356.1	MER0063616|S01.454|S01C	33.9	43.5	97.5	165	8.98e-18	76.6
WP_014948357.1	MER0000266|S01.273|S01C	76.9	34.2	100	156	7.34e-76	231
WP_014948357.1	MER0001372|S01.274|S01C	72.4	34.2	100	156	4.09e-72	221
WP_014948357.1	MER0003850|S01.500|S01C	55.1	38.6	99.4	176	1.33e-59	190
WP_014948357.1	MER0004111|S01.442|S01C	60.3	34.2	100	156	5.78e-54	174
WP_014948357.1	MER0000268|S01.480|S01C	54.8	34.2	100	155	1.29e-51	168
WP_014948357.1	MER0013623|S01.453|S01C	59.4	34.2	100	155	5.22e-50	164
WP_014948357.1	MER0004149|S01.525|S01C	55.8	34.2	100	163	1.70e-46	155
WP_014948357.1	MER0001373|S01.275|S01C	54.7	34.2	100	159	4.25e-45	151
WP_014948357.1	MER0003290|S01.482|S01C	53.1	34.2	100	160	3.31e-42	144
WP_014948357.1	MER0005468|S01.491|S01C	51.3	34.2	100	160	9.62e-42	142
WP_014948357.1	MER0004673|S01.494|S01C	37.8	55.6	97.4	275	1.61e-41	145
WP_014948357.1	MER0003293|S01.477|S01C	54.0	33.1	100	150	2.00e-41	141
WP_014948357.1	MER0001945|S01.472|S01C	46.9	34.2	100	160	5.94e-37	130
WP_014948357.1	MER0028330|S01.329|S01C	49.7	34.2	100	159	5.06e-36	127
WP_014948357.1	MER0002577|S01.277|S01C	50.9	34.2	100	159	1.37e-35	126
WP_014948357.1	MER0016031|S01.364|S01C	46.4	34.2	100	168	1.04e-32	119
WP_014948357.1	MER0004086|S01.B81|S01C	47.9	34.0	100	163	2.48e-32	117
WP_014948357.1	MER0004093|S01.278|S01C	45.9	34.2	100	159	2.63e-31	114
WP_014948357.1	MER0014795|S01.284|S01C	46.7	34.2	100	165	4.33e-31	114
WP_014948357.1	MER0022668|S01.447|S01C	43.9	34.2	100	171	4.36e-31	114
WP_014948357.1	MER0011375|S01.476|S01C	43.8	34.2	100	160	2.66e-30	112
WP_014948357.1	MER0016351|S01.285|S01C	44.7	34.2	100	159	4.96e-30	111
WP_014948357.1	MER0010944|S01.474|S01C	39.4	34.2	100	175	7.61e-28	105
WP_014948357.1	MER0006096|S01.A08|S01C	45.2	28.7	100	135	2.20e-25	97.8
WP_014948357.1	MER0005093|S01.441|S01C	39.2	33.3	99.4	166	4.86e-23	92.4
WP_014948509.1	MER0181656|N06.A01|N06	40.3	72.4	22.2	77	1.28e-08	47.8
WP_014948509.1	MER0181660|N06.004|N06	35.5	72.4	21.4	76	1.01e-06	42.4
WP_014948778.1	MER0005244|M28.014|M28D	38.1	42.8	96.6	202	1.14e-37	134
WP_014948778.1	MER0005241|M28.015|M28D	32.7	43.0	89.2	217	3.03e-25	100
WP_014948778.1	MER0001284|M28.002|M28E	32.2	38.3	76.4	205	2.68e-13	66.6
WP_014948778.1	MER0004514|M28.004|M28E	29.6	41.9	82.3	213	8.30e-13	65.1
WP_014948778.1	MER0001289|M28.009|M28F	23.8	50.4	87.1	252	4.73e-12	63.2
WP_014948778.1	MER0005238|M28.012|M28B	32.8	25.6	43.0	125	3.30e-10	57.8
WP_014948778.1	MER0100667|M28.020|M28F	27.3	40.7	89.1	205	4.11e-10	56.6
WP_014948778.1	MER0194228|M28.A01|M28F	25.0	37.9	94.4	188	4.38e-09	53.1
WP_014948778.1	MER0001911|M28.A05|M28X	37.9	20.1	37.8	95	5.91e-09	53.5
WP_014948778.1	MER0015691|M28.A02|M28B	33.0	19.3	35.9	94	8.67e-09	53.1
WP_014948778.1	MER0002104|M28.010|M28B	29.9	26.1	43.7	127	1.08e-08	53.1
WP_014948778.1	MER0002161|M28.003|M28A	25.3	42.8	76.4	229	3.40e-08	51.6
WP_014948778.1	MER0015336|M28.007|M28B	30.2	21.8	38.4	106	1.27e-07	49.7
WP_014948778.1	MER0005131|M28.006|M28E	33.6	20.8	42.7	113	1.64e-06	46.2
WP_014948778.1	MER0037181|M28.019|M28A	29.1	23.3	36.3	110	3.37e-06	45.4
WP_014948778.1	MER0005139|M28.A18|M28B	25.7	23.1	38.2	113	4.53e-06	45.1
WP_014948790.1	MER0034539|C44.976|C44	65.7	37.2	99.0	207	2.84e-101	301
WP_014948790.1	MER0033254|C44.974|C44	33.1	40.5	100	254	1.09e-22	94.4
WP_014948790.1	MER0038019|C44.A04|C44	26.3	13.5	41.3	76	2.08e-05	42.4
WP_014948979.1	MER0115185|C26.954|C26	83.2	38.0	100	143	4.64e-88	259
WP_014948979.1	MER0060647|C26.952|C26	38.3	96.3	100	373	1.80e-71	224
WP_014948979.1	MER0044812|C26.A04|C26	47.6	59.0	91.0	225	1.99e-69	215
WP_014948979.1	MER0078640|C26.951|C26	35.1	96.0	100	373	9.04e-64	204
WP_014948979.1	MER0045945|C26.963|C26	45.4	48.4	81.2	183	8.77e-48	159
WP_014948979.1	MER0043540|C26.A33|C26	42.3	51.3	84.6	194	1.54e-46	155
WP_014948979.1	MER0046161|C26.956|C26	40.2	58.2	79.6	224	4.46e-44	150
WP_014948979.1	MER0436691|C26.A27|C26	32.3	74.5	92.9	285	8.86e-41	141
WP_014948979.1	MER0043394|C26.955|C26	27.9	34.6	81.7	136	1.26e-10	56.6
WP_014948979.1	MER0043537|C26.A31|C26	35.1	19.7	38.8	74	1.31e-08	51.2
WP_014948979.1	MER0043195|C26.A30|C26	26.8	32.7	56.0	142	1.58e-04	39.7
WP_014948979.1	MER0436735|C26.A34|C26	31.2	17.8	26.7	77	3.93e-04	38.5
WP_014949111.1	MER0320807|C93.001|C93	46.0	66.9	70.4	163	2.09e-44	146
WP_014949229.1	MER0003280|S33.990|S33	36.4	84.2	92.0	272	1.90e-40	139
WP_014949229.1	MER0017177|S33.973|S33	30.5	34.5	32.5	105	2.39e-09	54.3
WP_014949229.1	MER0014065|S33.974|S33	28.4	37.8	35.1	116	3.26e-09	53.9
WP_014949229.1	MER0031617|S33.978|S33	29.4	32.2	34.2	102	1.25e-06	45.8
WP_014949229.1	MER0017123|S33.972|S33	29.1	35.9	38.9	117	1.77e-04	39.3
WP_014949229.1	MER0031614|S33.011|S33	24.1	35.5	31.8	108	1.93e-04	39.3
WP_014949229.1	MER0036070|S33.A37|S33	29.2	34.2	38.0	120	4.21e-04	38.1
WP_014949275.1	MER0195376|S41.012|S41A	50.5	33.9	100	188	2.75e-53	176
WP_014949339.1	MER0001299|S49.001|S49A	40.1	92.8	99.3	578	8.49e-140	416
WP_014949339.1	MER0321345|S49.A08|S49B	39.0	29.0	98.9	182	9.18e-35	127
WP_014949339.1	MER0003812|S49.008|S49X	38.5	29.0	94.3	182	5.75e-34	125
WP_014949339.1	MER0011114|S49.004|S49B	26.9	70.9	99.5	443	2.17e-33	128
WP_014949339.1	MER0044046|S49.006|S49B	33.9	28.7	95.7	180	1.50e-20	86.7
WP_014949339.1	MER0001300|S49.002|S49B	28.4	28.5	94.6	183	6.14e-17	76.3
WP_014949339.1	MER0013957|S49.007|S49B	27.5	28.7	94.7	182	8.71e-17	75.9
WP_014949339.1	MER0042954|S49.005|S49C	36.1	11.1	42.6	72	4.93e-04	38.1
WP_014949348.1	MER0000450|S11.003|S11	50.0	89.3	97.3	356	2.81e-121	353
WP_014949348.1	MER0000451|S11.009|S11	45.2	88.3	98.6	352	9.01e-102	303
WP_014949348.1	MER0000449|S11.008|S11	53.6	62.7	100	250	1.33e-87	263
WP_014949348.1	MER0000454|S11.005|S11	33.3	86.8	96.1	351	6.06e-62	200
WP_014949348.1	MER0000448|S11.001|S11	30.3	86.3	92.4	390	3.53e-39	142
WP_014949348.1	MER0000452|S11.006|S11	26.3	84.5	90.3	357	3.41e-28	111
WP_014949348.1	MER0004224|S11.010|S11	27.3	66.5	73.1	286	2.40e-25	103
WP_014949348.1	MER0000453|S11.004|S11	32.2	62.2	97.7	264	1.10e-24	99.0
WP_014949348.1	MER0043199|S11.007|S11	26.7	60.4	94.0	243	1.96e-15	72.4
WP_014949348.1	MER0000455|S11.002|S11	27.1	54.1	75.6	225	1.05e-13	67.8
WP_014949365.1	MER0001620|M41.001|M41	70.3	41.5	96.5	273	1.39e-125	370
WP_014949365.1	MER0005466|M41.021|M41	46.5	35.0	94.2	228	2.02e-63	207
WP_014949365.1	MER0017637|M41.024|M41	44.5	34.9	93.5	229	1.26e-62	205
WP_014949365.1	MER0002563|M41.020|M41	43.2	34.9	93.5	229	6.67e-62	203
WP_014949365.1	MER0002602|M41.009|M41	45.5	35.8	86.5	233	1.83e-61	202
WP_014949365.1	MER0002408|M41.017|M41	40.5	35.0	91.5	227	5.76e-54	182
WP_014949365.1	MER0005755|M41.026|M41	43.2	35.0	94.3	227	1.22e-52	177
WP_014949365.1	MER0002197|M41.004|M41	40.4	39.2	96.9	265	3.24e-52	177
WP_014949365.1	MER0015197|M41.013|M41	41.0	34.9	84.9	227	1.60e-50	173
WP_014949365.1	MER0015199|M41.015|M41	36.4	40.3	92.1	261	2.77e-49	170
WP_014949365.1	MER0014324|M41.018|M41	42.1	35.2	89.1	228	3.27e-49	169
WP_014949365.1	MER0002608|M41.A11|M41	37.1	36.9	88.1	240	1.36e-46	162
WP_014949365.1	MER0190577|M41.A16|M41	34.3	36.0	89.3	233	6.45e-45	157
WP_014949365.1	MER0015194|M41.A14|M41	39.0	35.6	84.2	231	1.52e-43	154
WP_014949365.1	MER0011745|M41.005|M41	37.5	37.0	91.9	240	2.45e-43	153
WP_014949365.1	MER0190705|M41.A18|M41	38.1	35.6	97.7	231	3.16e-43	152
WP_014949365.1	MER0015193|M41.019|M41	37.2	36.9	100	242	3.61e-43	152
WP_014949365.1	MER0015137|M41.025|M41	36.8	37.0	93.0	242	5.93e-43	152
WP_014949365.1	MER0056525|M41.A17|M41	35.6	35.8	89.2	233	4.89e-42	149
WP_014949365.1	MER0024900|M41.A21|M41	37.0	35.0	87.4	227	5.52e-41	146
WP_014949365.1	MER0023544|M41.A10|M41	35.7	36.1	82.2	235	2.25e-40	145
WP_014949365.1	MER0002600|M41.002|M41	38.4	34.4	84.0	224	2.59e-40	145
WP_014949365.1	MER0171760|M41.A12|M41	33.7	41.2	98.1	270	4.07e-39	142
WP_014949365.1	MER0005496|M41.007|M41	36.1	35.8	83.3	233	8.74e-39	141
WP_014949365.1	MER0002605|M41.003|M41	36.0	36.1	84.9	236	1.08e-38	140
WP_014949664.1	MER0031491|M48.023|M48C	57.0	38.2	97.4	186	9.36e-67	210
WP_014949664.1	MER0042387|M48.019|M48C	37.8	36.8	93.4	180	8.82e-26	100
WP_014949664.1	MER0026552|M48.A01|M48C	31.3	26.9	69.6	131	2.05e-12	62.4
WP_014949664.1	MER0026545|M48.018|M48C	28.0	38.0	62.2	189	1.36e-08	52.8
WP_014949664.1	MER0026496|M48.017|M48C	27.4	30.6	55.3	157	3.32e-08	51.6
WP_014949941.1	MER0011806|C44.A03|C44	36.0	46.2	93.7	236	3.10e-39	139
WP_014949941.1	MER0011781|C44.A02|C44	36.8	45.4	91.6	231	8.19e-38	135
WP_014949941.1	MER0004101|C44.A01|C44	36.8	46.2	93.7	239	1.57e-37	135
WP_014949941.1	MER0003314|C44.001|C44	35.2	45.6	93.2	256	1.81e-31	119
WP_014949941.1	MER0003327|C44.971|C44	30.0	43.2	87.2	227	3.54e-17	77.8
WP_014949941.1	MER0185695|C44.A08|C44	27.7	43.2	95.5	235	1.53e-12	63.9
WP_014950104.1	MER0000589|S26.001|S26A	52.3	76.0	100	256	1.79e-89	264
WP_014950104.1	MER0013626|S26.026|S26A	33.3	66.0	92.2	198	1.75e-28	104
WP_014950104.1	MER0015994|S26.019|S26A	31.6	67.3	99.4	206	2.67e-21	85.5
WP_014950104.1	MER0028421|S26.018|S26A	31.3	66.0	93.7	198	4.91e-21	84.7
WP_014950104.1	MER0003273|S26.016|S26A	30.3	68.0	98.1	208	7.51e-20	81.6
WP_014950104.1	MER0016034|S26.020|S26A	29.6	65.0	97.4	199	6.05e-18	76.3
WP_014950104.1	MER0003269|S26.008|S26A	31.2	65.0	91.7	205	1.21e-17	75.5
WP_014950104.1	MER0015993|S26.021|S26A	31.3	64.0	89.6	192	1.12e-16	72.8
WP_014950104.1	MER0015620|S26.A01|S26A	30.2	65.0	91.5	202	1.52e-16	72.4
WP_014950104.1	MER0002550|S26.004|S26A	29.2	67.0	95.5	202	5.90e-16	70.9
WP_014950104.1	MER0055964|S26.A02|S26A	28.2	65.0	94.0	202	6.97e-16	70.5
WP_014950104.1	MER0003268|S26.015|S26A	30.4	64.7	92.8	194	1.34e-15	70.5
WP_014950104.1	MER0006313|S26.006|S26A	28.6	64.0	94.7	192	1.92e-15	69.3
WP_014950104.1	MER0001912|S26.005|S26A	29.2	67.0	95.5	202	5.47e-15	68.2
WP_014950104.1	MER0001510|S26.007|S26A	29.4	60.0	81.4	180	2.77e-14	66.2
WP_014950104.1	MER0000592|S26.003|S26A	29.8	60.0	81.3	181	3.73e-14	65.9
WP_014950104.1	MER0004537|S26.025|S26A	28.6	65.7	94.1	238	7.03e-14	65.9
WP_014950104.1	MER0002551|S26.024|S26A	28.5	65.7	95.1	221	1.34e-11	59.7
WP_014950104.1	MER0000598|S26.012|S26A	39.3	27.7	56.7	89	1.60e-07	46.6
WP_014950104.1	MER0015611|S26.A06|S26A	26.5	49.0	87.2	147	3.39e-07	44.7
WP_014950104.1	MER0006070|S26.A05|S26A	37.7	22.7	93.4	69	3.66e-06	40.8
WP_014950104.1	MER0000597|S26.002|S26A	24.9	64.7	78.0	197	3.32e-05	40.4
WP_014950104.1	MER0017118|S26.A08|S26A	34.8	22.7	74.0	69	8.98e-05	37.4
WP_014950147.1	MER0000474|S14.001|S14	79.3	94.7	95.7	198	2.94e-115	324
WP_014950147.1	MER0006046|S14.A02|S14	54.7	91.9	92.8	192	9.54e-79	231
WP_014950147.1	MER0005687|S14.A01|S14	64.0	85.2	84.4	178	3.59e-77	228
WP_014950147.1	MER0002211|S14.003|S14	52.6	90.9	91.8	190	3.95e-73	217
WP_014950147.1	MER0002299|S14.A04|S14	53.2	89.0	92.5	186	6.14e-71	211
WP_014950147.1	MER0004857|S14.008|S14	56.3	90.4	91.3	190	6.05e-70	209
WP_014950147.1	MER0004855|S14.A03|S14	56.4	82.3	82.3	172	1.21e-67	203
WP_014950147.1	MER0004847|S14.009|S14	52.6	91.4	92.3	192	2.36e-67	202
WP_014950147.1	MER0006063|S14.010|S14	47.4	90.9	91.8	192	3.11e-60	184
WP_014950147.1	MER0006308|S14.002|S14	45.3	84.7	91.3	179	4.83e-54	168
WP_014950147.1	MER0006056|S14.011|S14	41.7	83.7	82.5	175	4.10e-48	154
WP_014950147.1	MER0004182|S14.006|S14	44.2	82.3	84.7	172	6.50e-48	153
WP_014950147.1	MER0011666|S14.005|S14	41.0	81.8	91.5	173	5.80e-40	132
WP_014950147.1	MER0001369|S14.007|S14	42.5	38.3	59.5	80	2.30e-14	64.3
WP_014950199.1	MER0015475|S54.029|S54	33.3	92.2	86.5	174	2.01e-19	78.6
WP_014950400.1	MER0241741|A32.002|A32	34.5	61.0	87.6	110	1.37e-11	55.8
WP_014950400.1	MER0151383|A32.001|A32	31.2	79.1	80.8	141	3.30e-09	50.4
WP_014950422.1	MER0069741|M23.009|M23B	37.1	45.2	76.2	132	2.24e-21	85.9
WP_014950422.1	MER0003380|M23.011|M23B	42.0	38.4	46.5	112	6.29e-19	80.9
WP_014950422.1	MER0066182|M23.A04|M23B	39.3	39.7	57.8	117	1.02e-17	76.6
WP_014950422.1	MER0387040|M23.A03|M23B	41.4	33.6	96.1	99	2.93e-17	72.8
WP_014950422.1	MER0013541|M23.014|M23B	40.7	29.5	97.7	86	7.06e-15	65.9
WP_014950422.1	MER0005300|M23.950|M23B	37.1	33.2	59.5	97	1.13e-14	67.4
WP_014950422.1	MER0003906|M23.013|M23B	37.5	33.6	98.1	104	8.74e-11	55.1
WP_014950422.1	MER0015415|M23.951|M23B	30.4	40.4	70.0	125	9.24e-09	50.8
WP_014950456.1	MER0042387|M48.019|M48C	33.9	69.8	97.3	189	1.18e-29	107
WP_014950456.1	MER0026552|M48.A01|M48C	41.2	61.9	90.1	165	9.23e-29	104
WP_014950456.1	MER0026496|M48.017|M48C	31.6	85.7	86.8	247	1.94e-26	101
WP_014950456.1	MER0026545|M48.018|M48C	30.3	72.5	71.1	201	3.56e-26	100
WP_014950456.1	MER0031491|M48.023|M48C	34.2	57.7	81.7	161	5.25e-24	92.8
WP_014950456.1	MER0002642|M48.A03|M48C	26.3	67.2	96.0	179	3.73e-14	65.9
WP_014950456.1	MER0002639|M48.022|M48C	28.9	68.3	97.2	187	1.28e-12	61.6
WP_014950456.1	MER0006292|M48.010|M48B	22.9	61.9	89.9	166	2.61e-04	37.7
WP_014950543.1	MER1054487|C44.951|C44	42.1	24.6	99.7	375	1.12e-88	290
WP_014950543.1	MER0198917|C44.003|C44	41.2	24.6	99.7	371	6.91e-86	282
WP_014950969.1	MER0001627|T01.006|T01B	82.7	99.4	98.9	173	1.13e-98	279
WP_014950969.1	MER0001626|T01.007|T01B	53.1	98.9	100	175	4.07e-59	179
WP_014950969.1	MER0030305|T01.018|T01B	53.9	87.4	93.8	152	5.79e-51	158
WP_014950969.1	MER0053121|T01.021|T01B	50.9	97.1	100	171	2.87e-48	151
WP_014950984.1	MER0000431|S33.001|S33	40.4	94.2	96.1	307	3.77e-76	233
WP_014950984.1	MER0000436|S33.021|S33	24.2	80.9	84.8	273	1.17e-11	61.2
WP_014950984.1	MER0003537|S33.005|S33	28.5	83.4	87.8	281	2.99e-10	57.0
WP_014950984.1	MER0026339|S33.992|S33	27.5	45.2	54.1	149	1.16e-09	55.1
WP_014950984.1	MER0011785|S33.009|S33	29.2	31.1	32.3	106	3.79e-05	41.6
WP_014951053.1	MER0061068|M38.A02|M38	56.2	85.1	99.7	297	2.54e-116	336
WP_014951192.1	MER0492485|S85.001|S85	63.5	89.9	100	170	2.14e-75	221
WP_014951234.1	MER0003327|C44.971|C44	67.2	38.5	100	235	2.72e-101	304
WP_014951234.1	MER0185695|C44.A08|C44	42.7	34.9	99.1	220	3.08e-52	176
WP_014951234.1	MER0012158|C44.972|C44	29.8	41.3	95.0	325	1.22e-32	125
WP_014951234.1	MER0003350|C44.975|C44	37.6	28.4	92.7	194	1.47e-30	115
WP_014951234.1	MER0003322|C44.970|C44	39.3	27.9	92.7	191	5.13e-30	114
WP_014951234.1	MER0011781|C44.A02|C44	29.4	32.3	83.5	201	8.28e-15	71.2
WP_014951234.1	MER0037955|C44.A09|C44	32.4	18.2	40.1	111	2.60e-06	46.2
WP_014951329.1	MER0059846|S33.A46|S33	43.3	90.1	91.2	312	1.72e-92	276
WP_014951329.1	MER0199690|S33.A56|S33	25.5	84.9	99.0	314	1.13e-22	93.6
WP_014951329.1	MER0214074|S33.019|S33	31.3	49.1	98.4	182	1.02e-17	77.0
WP_014951387.1	MER0000569|S24.001|S24	71.2	56.7	100	118	3.24e-59	179
WP_014951387.1	MER0000576|S24.003|S24	33.3	54.3	97.4	114	2.29e-12	58.5
WP_014951387.1	MER0006172|S24.004|S24	41.4	33.7	87.3	70	1.96e-10	52.4
WP_014951387.1	MER0022664|S24.005|S24	29.0	51.4	83.2	107	1.04e-09	51.6
WP_014975579.1	MER0006292|M48.010|M48B	33.9	16.9	31.5	56	1.81e-05	41.6
WP_014975579.1	MER0003629|M56.002|M56	29.7	19.3	20.9	64	6.45e-05	40.8
WP_014975595.1	MER0015415|M23.951|M23B	36.2	42.3	74.7	127	1.61e-23	91.3
WP_014975595.1	MER0005300|M23.950|M23B	37.0	41.2	72.4	119	2.77e-16	71.6
WP_014975595.1	MER0013541|M23.014|M23B	34.8	31.5	100	89	2.98e-08	47.4
WP_014976158.1	MER0209142|S09.027|S09X	25.8	64.8	87.6	155	7.22e-10	53.1
WP_014976719.1	MER0001978|T03.001|T03	34.9	90.4	94.8	539	3.52e-90	286
WP_014976719.1	MER0011800|T03.A01|T03	31.4	81.7	80.5	493	3.03e-56	196
WP_014976719.1	MER0011811|T03.A03|T03	33.8	78.3	79.4	473	2.82e-53	187
WP_014976719.1	MER0006124|T03.A05|T03	30.5	85.8	89.8	537	1.85e-52	185
WP_014976719.1	MER0002720|T03.023|T03	30.0	85.6	93.0	503	3.42e-51	180
WP_014976719.1	MER0003580|T03.011|T03	29.8	89.7	94.2	543	1.06e-50	180
WP_014976719.1	MER0011211|T03.007|T03	29.6	88.9	93.3	541	5.17e-49	176
WP_014976719.1	MER0016970|T03.017|T03	30.2	87.7	92.1	529	5.77e-49	175
WP_014976719.1	MER0001629|T03.006|T03	29.0	78.8	82.2	473	2.39e-48	174
WP_014976719.1	MER0005831|T03.A06|T03	30.0	88.0	92.3	537	6.93e-48	172
WP_014976719.1	MER0004194|T03.A07|T03	29.5	78.6	87.0	474	5.07e-47	169
WP_014976719.1	MER0005029|T03.009|T03	27.3	88.0	98.3	549	6.54e-45	164
WP_014976719.1	MER0011215|T03.A04|T03	31.0	77.6	89.1	477	4.03e-41	152
WP_014976719.1	MER0004202|T03.013|T03	28.0	90.8	98.1	546	6.75e-41	152
WP_014976719.1	MER0011143|T03.005|T03	26.7	83.9	86.5	506	1.52e-40	152
WP_014976719.1	MER0001977|T03.002|T03	26.7	77.9	82.0	479	2.89e-34	134
WP_014976719.1	MER0002728|T03.012|T03	28.5	87.4	91.5	547	1.52e-32	129
WP_014976719.1	MER0011193|T03.010|T03	25.4	78.1	83.3	473	2.14e-27	113
WP_014976719.1	MER0094876|T03.025|T03	25.8	90.3	99.8	547	5.91e-25	105
WP_014976719.1	MER0026205|T03.019|T03	36.2	20.7	56.4	127	2.48e-20	87.0
WP_014976719.1	MER0002721|T03.016|T03	32.5	20.7	60.9	154	1.62e-18	82.4
WP_014976719.1	MER0026204|T03.018|T03	31.0	34.0	83.7	200	3.38e-18	80.9
WP_014976719.1	MER0003440|T03.A08|T03	27.1	70.4	85.3	424	1.46e-17	82.0
WP_014976719.1	MER0002718|T03.008|T03	35.7	20.2	65.4	126	3.98e-16	73.9
WP_014976719.1	MER0001976|T03.015|T03	32.8	20.7	54.4	125	1.18e-15	73.2
WP_014976740.1	MER0031610|S33.976|S33	31.7	96.9	85.7	259	5.22e-45	150
WP_014976740.1	MER0034563|S33.996|S33	34.9	32.0	33.6	83	3.06e-10	55.8
WP_014976740.1	MER0044858|S33.A23|S33	22.3	87.6	78.5	265	2.17e-09	53.9
WP_014976740.1	MER0025512|S33.010|S33	25.2	79.5	74.2	234	1.53e-08	51.2
WP_014976740.1	MER0011509|S33.A84|S33	23.6	91.9	85.4	275	9.83e-07	45.8
WP_014976740.1	MER0031616|S33.013|S33	19.3	91.1	85.2	275	1.75e-06	45.1
WP_014976740.1	MER0011785|S33.009|S33	29.9	44.0	36.9	127	4.32e-06	43.9
WP_014976740.1	MER0044350|S33.A81|S33	28.7	37.5	37.7	101	8.87e-06	42.7
WP_014976740.1	MER0037236|S33.016|S33	20.2	91.9	94.6	258	3.85e-04	37.7
WP_014976929.1	MER0036115|S33.B18|S33	28.6	91.8	88.1	269	3.26e-28	107
WP_014976929.1	MER0035035|S33.A94|S33	28.2	91.0	87.6	277	3.46e-27	104
WP_014976929.1	MER0035042|S33.A93|S33	26.9	91.0	87.6	275	2.41e-24	96.7
WP_014976929.1	MER0035038|S33.A98|S33	27.1	90.3	88.5	273	2.88e-21	88.2
WP_014976929.1	MER0044350|S33.A81|S33	27.5	91.0	99.6	269	3.11e-20	84.7
WP_014976929.1	MER0035044|S33.A97|S33	36.9	36.6	34.0	103	1.51e-17	77.8
WP_014976929.1	MER0031619|S33.012|S33	40.8	34.8	31.5	98	5.72e-17	76.3
WP_014976929.1	MER0035032|S33.A96|S33	36.8	37.6	35.1	106	9.79e-17	75.5
WP_014976929.1	MER0035043|S33.A95|S33	26.1	90.3	87.0	272	1.04e-16	75.5
WP_014976929.1	MER0014065|S33.974|S33	30.0	42.7	36.3	120	8.46e-09	52.4
WP_014976929.1	MER0017142|S33.994|S33	38.5	36.6	39.4	104	2.03e-07	47.8
WP_014976929.1	MER0213816|S33.A80|S33	40.2	29.0	33.3	82	2.12e-06	44.7
WP_014976929.1	MER0213595|S33.A70|S33	37.5	28.0	32.4	80	3.84e-06	43.9
WP_014976929.1	MER0031610|S33.976|S33	25.9	93.5	84.7	274	8.53e-06	43.1
WP_014976929.1	MER0210990|S33.A66|S33	22.3	67.7	56.1	193	3.96e-05	41.2
WP_014976929.1	MER0031616|S33.013|S33	35.4	27.2	25.4	79	4.95e-05	40.8
WP_014976929.1	MER0030163|S33.975|S33	31.4	34.8	34.4	105	1.12e-04	39.7
WP_014976929.1	MER0011509|S33.A84|S33	33.3	26.2	23.8	75	1.58e-04	39.3
WP_014976929.1	MER0036084|S33.A29|S33	25.4	39.8	41.9	114	8.02e-04	37.0
WP_014976929.1	MER0011785|S33.009|S33	27.6	40.1	35.4	116	9.01e-04	37.0
WP_014977794.1	MER0017142|S33.994|S33	43.3	88.8	96.7	240	3.52e-68	208
WP_014977794.1	MER0043008|S33.A18|S33	27.4	92.6	95.1	263	1.96e-13	65.5
WP_014977794.1	MER0036053|S33.A01|S33	23.6	87.7	97.7	259	6.39e-11	58.2
WP_014977794.1	MER0036115|S33.B18|S33	31.0	35.3	33.0	100	8.90e-10	55.1
WP_014977794.1	MER0031610|S33.976|S33	26.6	85.5	78.4	244	5.22e-09	52.8
WP_014977794.1	MER0036065|S33.A03|S33	24.4	85.5	97.7	250	8.17e-08	48.9
WP_014977794.1	MER0011785|S33.009|S33	29.4	34.9	31.4	102	6.27e-06	43.5
WP_014977794.1	MER0044580|S33.A39|S33	24.3	72.9	61.9	214	1.50e-05	42.4
WP_014977794.1	MER0014065|S33.974|S33	27.8	34.2	29.6	97	2.68e-05	41.6
WP_014977794.1	MER0025512|S33.010|S33	30.7	35.7	33.8	101	6.04e-04	37.4
WP_014977932.1	MER0200434|S09.941|S09X	37.0	47.1	93.9	108	2.56e-17	72.0
WP_014977932.1	MER0209507|S09.025|S09X	39.8	37.2	76.1	83	9.09e-15	65.1
WP_014977932.1	MER0213229|S09.952|S09X	33.3	40.4	81.1	90	3.67e-13	60.8
WP_014977932.1	MER0031556|S09.A80|S09C	27.5	52.0	46.4	131	1.37e-07	47.8
WP_014977932.1	MER0208755|S09.A55|S09X	28.4	38.1	91.1	102	1.37e-05	40.0
WP_014977932.1	MER0031557|S09.A84|S09C	24.4	52.0	45.0	127	3.95e-04	37.4
WP_014978798.1	MER0001335|S51.001|S51	43.4	93.8	97.8	228	2.38e-62	192
WP_014978798.1	MER0002251|S51.002|S51	41.7	95.4	99.6	240	1.24e-48	157
WP_014980757.1	MER0019096|M01.A33|M01	28.9	17.9	71.7	152	1.82e-07	49.3
WP_014980757.1	MER0091680|M01.A31|M01	22.9	25.1	97.7	223	2.48e-06	46.2
WP_014980757.1	MER0002060|M01.011|M01	26.4	12.3	47.0	106	8.53e-04	38.5
WP_014999437.1	MER0001236|M17.003|M17	77.2	96.0	99.2	483	1.85e-275	753
WP_014999437.1	MER0001238|M17.A03|M17	34.2	92.8	94.7	476	9.08e-78	249
WP_014999437.1	MER0004597|M17.A01|M17	43.4	64.9	94.0	332	1.17e-77	244
WP_014999437.1	MER0001235|M17.001|M17	33.8	94.6	97.7	491	1.40e-75	243
WP_014999437.1	MER0004598|M17.A02|M17	41.3	64.9	94.3	332	2.09e-74	236
WP_014999437.1	MER0041673|M17.013|M17	33.0	91.8	96.2	467	4.38e-74	239
WP_014999437.1	MER0035089|M17.010|M17	40.0	62.9	91.1	320	2.93e-70	225
WP_014999437.1	MER0026959|M17.950|M17	45.5	51.7	98.5	266	1.60e-69	220
WP_014999437.1	MER0002271|M17.002|M17	34.3	91.8	94.2	469	2.94e-68	224
WP_014999437.1	MER0024892|M17.008|M17	39.9	60.3	76.0	308	1.11e-65	214
WP_014999437.1	MER0014397|M17.015|M17	36.8	63.5	91.5	326	1.28e-64	210
WP_014999437.1	MER0003919|M17.005|M17	43.7	52.7	72.1	270	3.31e-63	207
WP_014999437.1	MER0003825|M17.016|M17	35.7	64.7	74.9	333	3.12e-59	199
WP_014999437.1	MER0002497|M17.004|M17	40.0	60.7	73.8	315	3.22e-57	193
WP_014999437.1	MER0001910|M17.009|M17	36.9	66.9	69.9	344	5.16e-55	189
WP_014999437.1	MER0105906|M17.014|M17	32.4	62.5	67.8	324	1.22e-36	138
WP_014999437.1	MER0011357|M17.A04|M17	32.3	63.5	60.8	325	3.41e-36	137
WP_014999437.1	MER0001240|M17.A05|M17	32.2	58.1	60.9	301	1.29e-30	121
WP_014999437.1	MER0013416|M17.006|M17	31.4	60.9	80.2	312	7.63e-30	117
WP_014999437.1	MER0081108|M17.012|M17	28.8	46.3	55.6	267	1.85e-19	87.8
WP_014999437.1	MER0079520|M17.011|M17	36.3	30.3	30.2	157	3.80e-19	87.0
WP_015067950.1	MER0155239|M78.002|M78	39.7	14.0	62.4	63	7.11e-05	38.5
WP_020742695.1	MER0002089|A31.001|A31	33.1	84.8	96.3	157	9.31e-21	81.3
WP_020742695.1	MER0002106|A31.002|A31	29.6	82.1	93.2	152	1.30e-15	67.8
WP_020742695.1	MER0025099|A31.008|A31	29.7	78.8	95.9	148	3.99e-09	50.1
WP_020742695.1	MER0024298|A31.005|A31	27.9	79.9	94.9	154	1.14e-07	46.2
WP_039225122.1	MER0001158|M03.005|M03A	33.7	93.0	99.7	686	5.27e-122	377
WP_039225122.1	MER0001161|M03.004|M03A	32.1	92.7	99.4	694	7.22e-103	327
WP_039225122.1	MER0006087|M03.A01|M03A	31.5	94.1	98.9	717	2.14e-90	295
WP_039225122.1	MER0015119|M03.A02|M03A	29.9	92.7	98.3	733	3.32e-79	265
WP_039225122.1	MER0001149|M03.001|M03A	28.3	81.6	85.6	607	1.92e-59	210
WP_039225122.1	MER0003110|M03.009|M03A	27.4	85.9	92.9	691	7.46e-56	200
WP_039225122.1	MER0001153|M03.003|M03A	24.5	86.0	91.8	654	7.14e-53	191
WP_039225122.1	MER0001942|M03.002|M03A	25.0	81.8	86.6	607	2.78e-52	189
WP_039225122.1	MER0079465|M03.011|M03A	24.9	85.7	99.7	663	4.03e-50	182
WP_039225122.1	MER0108144|M03.A07|M03A	26.1	90.0	100	686	4.26e-48	177
WP_039225122.1	MER0015170|M03.A03|M03A	21.6	85.6	94.7	634	2.80e-35	139
WP_039225122.1	MER0001156|M03.006|M03A	22.5	88.8	93.1	699	4.50e-33	132
WP_039226695.1	MER0002267|S08.111|S08A	62.6	51.1	99.6	286	4.06e-108	322
WP_039226695.1	MER0000309|S08.001|S08A	47.3	49.5	99.3	281	3.97e-67	216
WP_039226695.1	MER0000310|S08.037|S08A	46.3	49.5	99.3	281	1.65e-65	211
WP_039226695.1	MER0013656|S08.046|S08A	45.7	49.3	99.3	276	3.86e-59	194
WP_039226695.1	MER0055027|S08.134|S08A	55.1	38.1	51.9	216	5.65e-58	196
WP_039226695.1	MER0042897|S08.133|S08A	44.4	49.8	100	286	2.08e-57	190
WP_039226695.1	MER0000315|S08.038|S08A	46.2	49.5	99.3	277	2.24e-57	190
WP_039226695.1	MER0001906|S08.003|S08A	46.2	49.5	99.3	277	2.24e-57	190
WP_039226695.1	MER0077555|S08.028|S08A	45.9	49.5	99.3	283	2.59e-57	190
WP_039226695.1	MER0001928|S08.098|S08A	46.4	49.3	98.9	278	6.12e-57	189
WP_039226695.1	MER0001520|S08.010|S08A	45.8	49.5	99.3	277	2.34e-56	187
WP_039226695.1	MER0001699|S08.045|S08A	43.1	48.6	97.4	276	2.10e-53	179
WP_039226695.1	MER0000312|S08.042|S08A	40.8	49.5	99.3	282	2.29e-52	177
WP_039226695.1	MER0001523|S08.035|S08A	40.8	49.5	99.3	282	2.29e-52	177
WP_039226695.1	MER0001521|S08.044|S08A	40.1	49.5	99.3	282	1.21e-51	175
WP_039226695.1	MER0000311|S08.034|S08A	40.4	49.5	99.3	282	1.69e-51	174
WP_039226695.1	MER0000313|S08.036|S08A	40.1	49.5	99.3	282	1.69e-51	174
WP_039226695.1	MER0001755|S08.002|S08A	40.4	49.5	99.3	282	6.38e-51	173
WP_039226695.1	MER0000316|S08.157|S08A	44.1	49.3	99.3	279	3.84e-50	171
WP_039226695.1	MER0000333|S08.007|S08A	42.2	44.8	90.4	251	4.31e-48	165
WP_039226695.1	MER0016983|S08.129|S08A	36.6	49.1	98.7	317	1.28e-45	160
WP_039226695.1	MER0005931|S08.005|S08A	41.4	44.4	100	251	5.40e-45	156
WP_039226695.1	MER0000319|S08.126|S08A	38.6	46.9	91.8	264	9.91e-41	145
WP_039226695.1	MER0000332|S08.009|S08A	41.3	45.9	91.5	259	2.09e-40	144
WP_039226695.1	MER0001725|S08.105|S08A	38.4	45.3	82.1	271	1.09e-36	135
WP_039228334.1	MER0000485|S16.001|S16	78.0	31.3	98.8	245	8.65e-125	370
WP_039228334.1	MER0000488|S16.004|S16	47.2	29.4	97.4	231	1.57e-56	190
WP_039228334.1	MER0014970|S16.006|S16	41.0	29.9	93.9	278	4.55e-54	186
WP_039228334.1	MER0003442|S16.011|S16	46.6	25.9	90.4	206	1.47e-52	179
WP_039228334.1	MER0011056|S16.A03|S16	45.8	26.9	95.1	214	3.51e-52	178
WP_039228334.1	MER0004236|S16.009|S16	40.5	29.5	97.7	259	7.38e-51	176
WP_039228334.1	MER0011057|S16.A02|S16	44.7	26.2	92.4	208	1.64e-50	173
WP_039228334.1	MER0000495|S16.002|S16	39.8	30.3	96.1	246	3.43e-48	168
WP_039228334.1	MER0003443|S16.003|S16	46.2	24.3	85.9	195	3.63e-47	164
WP_039228334.1	MER0108906|S16.A13|S16	38.9	29.9	99.6	239	8.01e-44	155
WP_039228334.1	MER0000496|S16.010|S16	43.1	25.4	65.4	204	1.48e-43	157
WP_039228334.1	MER0005837|S16.A06|S16	36.1	29.4	94.5	244	3.10e-38	140
WP_039228334.1	MER0017402|S16.A11|S16	36.9	24.3	85.5	195	2.13e-29	113
WP_039228334.1	MER0026213|S16.A14|S16	39.6	17.1	50.6	134	2.37e-24	100
WP_039228334.1	MER0003359|S16.008|S16	30.8	24.0	81.2	195	1.68e-18	82.4
WP_039228334.1	MER0003859|S16.005|S16	30.1	22.7	72.4	183	2.00e-18	82.4
WP_039228334.1	MER0003017|S16.A05|S16	32.0	12.4	58.0	97	1.38e-09	54.7
WP_039228334.1	MER0041647|S16.007|S16	37.5	8.3	28.8	72	7.16e-07	48.1
WP_039228334.1	MER0014135|S16.A04|S16	26.9	13.8	37.3	108	8.31e-07	48.1
WP_039228334.1	MER0000491|S16.A09|S16	30.4	8.8	35.0	69	1.02e-06	47.0
WP_039231048.1	MER0031618|S33.979|S33	26.0	79.7	83.9	269	4.64e-12	62.4
WP_039231048.1	MER0036049|S33.A05|S33	28.8	80.6	91.6	285	1.89e-11	60.5
WP_039231048.1	MER0036050|S33.A17|S33	32.8	36.9	36.4	122	1.49e-10	58.2
WP_039231048.1	MER0036114|S33.980|S33	23.3	83.1	83.7	275	5.84e-10	56.2
WP_039231048.1	MER0036051|S33.A12|S33	33.6	38.2	38.1	128	6.55e-09	53.1
WP_039231048.1	MER0044580|S33.A39|S33	25.8	68.0	62.8	233	9.19e-08	49.7
WP_039231048.1	MER0195666|S09.073|S09B	29.1	26.2	35.0	86	5.18e-04	37.7
WP_039233979.1	MER0001161|M03.004|M03A	62.7	100	100	681	0.0	889
WP_039233979.1	MER0006087|M03.A01|M03A	41.9	97.9	96.2	685	1.71e-181	530
WP_039233979.1	MER0015119|M03.A02|M03A	39.9	99.6	98.5	724	7.33e-170	500
WP_039233979.1	MER0001158|M03.005|M03A	30.5	97.9	97.5	672	5.84e-101	320
WP_039233979.1	MER0001942|M03.002|M03A	31.4	97.5	96.0	671	1.28e-98	314
WP_039233979.1	MER0108144|M03.A07|M03A	31.3	94.4	96.8	659	6.75e-97	309
WP_039233979.1	MER0001149|M03.001|M03A	30.5	96.6	94.2	668	1.45e-92	298
WP_039233979.1	MER0001153|M03.003|M03A	29.7	97.1	95.8	679	4.95e-91	295
WP_039233979.1	MER0003110|M03.009|M03A	27.9	97.9	98.0	721	2.46e-86	283
WP_039233979.1	MER0079465|M03.011|M03A	31.0	80.7	85.8	564	1.89e-77	257
WP_039233979.1	MER0015170|M03.A03|M03A	24.8	93.1	95.4	632	3.82e-57	201
WP_039233979.1	MER0001156|M03.006|M03A	24.6	95.9	92.7	692	4.97e-44	165
WP_039233979.1	MER0059435|M03.A11|M03A	21.7	26.4	28.0	207	4.76e-04	40.0
WP_049585506.1	MER0003376|M23.005|M23B	40.5	46.8	68.1	126	9.73e-18	75.5
WP_049585506.1	MER0013541|M23.014|M23B	41.1	35.3	94.3	95	3.90e-17	71.6
WP_049585506.1	MER0003380|M23.011|M23B	36.6	44.2	46.1	123	3.91e-17	75.5
WP_049585506.1	MER0001419|M23.004|M23B	33.1	46.1	81.1	127	2.11e-15	68.6
WP_049585506.1	MER0003423|M23.012|M23B	37.0	36.8	62.2	100	4.04e-15	67.8
WP_049585506.1	MER0069741|M23.009|M23B	35.1	42.0	56.4	114	1.25e-12	61.6
WP_049585506.1	MER0387040|M23.A03|M23B	40.9	34.6	79.6	93	3.63e-11	55.8
WP_049585506.1	MER0066182|M23.A04|M23B	34.9	46.8	55.3	126	6.07e-11	57.4
WP_049585506.1	MER0003906|M23.013|M23B	33.3	34.9	79.2	96	1.92e-10	53.9
WP_049585506.1	MER0005300|M23.950|M23B	33.3	33.5	47.9	90	1.72e-04	38.1
WP_049585566.1	MER0026262|S12.008|S12	24.5	83.5	91.1	335	5.83e-17	78.2
WP_049585566.1	MER0219770|S12.011|S12	24.6	82.2	96.1	321	7.46e-17	77.4
WP_049585566.1	MER0000463|S12.006|S12	24.1	81.2	90.3	353	8.64e-16	74.7
WP_049585566.1	MER0028284|S12.010|S12	24.6	79.6	87.2	313	1.40e-15	73.9
WP_049585566.1	MER1143079|S12.013|S12	24.7	66.2	78.4	255	3.64e-12	63.2
WP_049585566.1	MER0002489|S12.003|S12	24.3	66.5	72.3	268	5.68e-10	57.0
WP_049585566.1	MER0006204|S12.950|S12	29.8	30.4	34.7	131	1.43e-07	49.7
WP_049585566.1	MER0000459|S12.001|S12	20.9	77.0	82.5	306	4.16e-07	48.1
WP_049585566.1	MER0005964|S12.951|S12	25.0	49.7	52.9	192	2.26e-05	42.7
WP_049585566.1	MER0011700|S12.A16|S12	28.6	24.9	26.4	98	4.06e-05	42.0
WP_049585600.1	MER0031610|S33.976|S33	24.5	81.9	81.1	257	2.15e-10	57.4
WP_049585600.1	MER0037236|S33.016|S33	29.1	50.5	57.9	165	9.90e-10	55.1
WP_049585600.1	MER0011785|S33.009|S33	28.6	39.5	36.3	126	8.03e-09	52.8
WP_049585600.1	MER0031616|S33.013|S33	30.3	41.7	41.8	132	2.45e-08	51.2
WP_049585600.1	MER0036053|S33.A01|S33	31.1	33.0	38.4	106	4.90e-07	47.0
WP_049585600.1	MER0011509|S33.A84|S33	33.6	33.7	34.0	107	2.55e-06	45.1
WP_049585600.1	MER0036067|S33.A71|S33	21.7	74.1	80.4	249	3.18e-05	41.6
WP_049585600.1	MER0044578|S33.A28|S33	30.1	40.1	36.4	133	8.61e-05	40.4
WP_049585600.1	MER0030163|S33.975|S33	28.6	33.0	36.1	105	1.79e-04	39.3
WP_049585600.1	MER0044581|S33.A27|S33	30.8	31.7	29.2	107	3.60e-04	38.5
WP_049585600.1	MER0036072|S33.A36|S33	32.7	30.4	30.3	101	6.13e-04	37.7
WP_049585600.1	MER0031618|S33.979|S33	27.1	39.8	45.3	129	9.85e-04	37.0
WP_049585607.1	MER0000319|S08.126|S08A	32.1	35.4	58.9	165	3.49e-23	95.9
WP_049585607.1	MER0000312|S08.042|S08A	33.9	47.6	76.4	227	2.74e-18	81.6
WP_049585607.1	MER0001523|S08.035|S08A	33.9	47.6	76.4	227	2.74e-18	81.6
WP_049585607.1	MER0000313|S08.036|S08A	33.5	47.6	76.4	227	3.71e-18	81.3
WP_049585607.1	MER0001521|S08.044|S08A	33.5	47.6	76.4	227	5.02e-18	80.9
WP_049585607.1	MER0001755|S08.002|S08A	31.3	47.6	76.4	230	2.28e-17	79.0
WP_049585607.1	MER0002267|S08.111|S08A	30.1	39.5	61.6	186	2.11e-16	76.3
WP_049585607.1	MER0000311|S08.034|S08A	30.8	47.6	76.4	227	8.41e-16	74.3
WP_049585607.1	MER0001725|S08.105|S08A	30.1	43.2	67.1	219	6.04e-15	72.4
WP_049585607.1	MER0000309|S08.001|S08A	26.1	55.0	88.3	261	9.10e-15	71.2
WP_049585607.1	MER0016983|S08.129|S08A	32.7	31.9	51.0	162	5.96e-14	69.3
WP_049585607.1	MER0081072|S08.149|S08A	25.0	47.6	83.2	228	2.43e-13	66.6
WP_049585607.1	MER0002575|S08.102|S08A	27.4	45.4	73.1	215	1.50e-12	64.7
WP_049585607.1	MER0000336|S08.061|S08A	32.7	24.0	37.8	110	3.03e-12	63.9
WP_049585607.1	MER0028365|S08.141|S08A	26.7	49.8	65.2	251	3.01e-11	61.6
WP_049585607.1	MER0004720|S08.062|S08A	31.6	29.0	48.6	136	1.33e-08	52.8
WP_049585607.1	MER0006037|S08.025|S08A	32.7	23.4	37.0	107	5.97e-08	50.8
WP_049585607.1	MER0000338|S08.056|S08A	23.9	50.4	79.0	243	1.80e-05	43.1
WP_049585607.1	MER0050309|S08.156|S08A	27.9	33.8	37.3	165	1.94e-05	43.5
WP_049585607.1	MER0000348|S08.060|S08A	21.6	51.7	81.4	296	5.20e-05	42.0
WP_049585711.1	MER0192051|I87.002|I87	55.1	88.0	85.9	361	6.98e-111	328
WP_049585713.1	MER0191412|I87.001|I87	51.1	98.0	97.6	327	7.00e-103	301
WP_049585713.1	MER0192051|I87.002|I87	24.9	59.7	39.4	177	4.64e-11	59.7
WP_049585814.1	MER0195774|M16.019|M16B	40.3	18.7	100	181	3.65e-35	129
WP_049585814.1	MER0001229|M16.003|M16B	26.3	22.6	97.2	217	8.91e-16	74.3
WP_049585814.1	MER0043985|M16.980|M16B	26.3	22.6	89.4	217	1.27e-15	74.3
WP_049585814.1	MER0122186|M16.A14|M16A	28.0	19.3	91.0	189	1.36e-14	70.5
WP_049585814.1	MER0001233|M16.A05|M16B	24.9	22.2	90.0	221	1.74e-13	68.2
WP_049585814.1	MER0015259|M16.017|M16A	29.7	17.4	77.4	172	2.63e-13	67.0
WP_049585814.1	MER0011744|M16.A02|M16A	29.4	19.3	89.2	197	2.95e-12	63.9
WP_049585814.1	MER0002345|M16.A08|M16A	28.2	19.3	89.2	195	5.40e-12	63.2
WP_049585814.1	MER0002008|M16.004|M16B	26.6	21.3	86.0	218	7.88e-12	63.2
WP_049585814.1	MER0002283|M16.A10|M16A	29.7	18.9	87.7	192	9.88e-12	62.4
WP_049585814.1	MER0011096|M16.A01|M16A	33.3	10.2	46.7	99	8.13e-11	59.7
WP_049585814.1	MER0003823|M16.A09|M16A	27.1	18.9	87.7	192	2.21e-09	55.5
WP_049585814.1	MER0001218|M16.008|M16A	26.4	19.3	89.2	193	4.02e-09	54.7
WP_049585814.1	MER0001220|M16.005|M16A	25.9	19.0	90.3	201	5.05e-09	54.3
WP_049585814.1	MER0002423|M16.A11|M16A	27.9	18.7	86.8	190	1.33e-08	53.1
WP_049585814.1	MER0003386|M16.020|M16A	33.7	9.8	44.8	95	1.79e-08	52.8
WP_049585814.1	MER0237414|M16.970|M16B	23.9	21.5	88.5	213	2.34e-08	52.8
WP_049585814.1	MER0011292|M16.A07|M16A	27.1	20.5	95.3	229	4.12e-08	52.0
WP_049585814.1	MER0169735|M16.021|M16A	26.9	19.3	94.0	193	1.80e-06	46.6
WP_049585814.1	MER0188967|M16.A18|M16C	27.6	16.2	36.6	174	4.36e-06	47.0
WP_049585814.1	MER0011192|M16.A06|M16A	28.4	16.0	95.1	162	3.02e-05	42.4
WP_049585814.1	MER0001214|M16.002|M16A	26.9	12.3	62.0	119	3.20e-05	42.7
WP_049585814.1	MER0026957|M16.977|M16B	22.6	17.1	73.4	164	3.18e-04	40.0
WP_049585814.1	MER0035181|M16.A21|M16B	19.2	20.3	97.0	229	4.76e-04	39.7
WP_049585838.1	MER0001284|M28.002|M28E	30.8	29.9	64.6	172	2.32e-14	70.1
WP_049585838.1	MER0004514|M28.004|M28E	27.3	29.9	65.9	172	5.03e-11	60.1
WP_049585838.1	MER0002161|M28.003|M28A	28.6	36.0	65.5	203	1.78e-09	55.8
WP_049585838.1	MER0001288|M28.001|M28A	27.2	42.5	92.0	250	7.16e-08	50.4
WP_049585838.1	MER0100667|M28.020|M28F	29.6	32.6	77.3	186	4.78e-07	47.8
WP_049585854.1	MER0001218|M16.008|M16A	34.6	19.9	87.3	185	3.21e-34	127
WP_049585854.1	MER0011096|M16.A01|M16A	40.3	17.4	75.0	159	1.10e-33	125
WP_049585854.1	MER0011744|M16.A02|M16A	35.7	19.9	87.3	185	9.51e-33	123
WP_049585854.1	MER0001214|M16.002|M16A	38.3	16.8	80.2	154	1.38e-32	122
WP_049585854.1	MER0001222|M16.001|M16A	34.1	19.9	87.1	182	2.60e-31	119
WP_049585854.1	MER0015259|M16.017|M16A	38.4	17.4	75.0	159	8.33e-30	114
WP_049585854.1	MER0003823|M16.A09|M16A	32.6	19.5	85.4	181	2.85e-29	113
WP_049585854.1	MER0001220|M16.005|M16A	31.9	22.2	99.5	207	8.57e-29	111
WP_049585854.1	MER0002345|M16.A08|M16A	35.7	17.2	74.1	157	1.55e-27	108
WP_049585854.1	MER0169735|M16.021|M16A	32.1	20.1	93.0	187	7.22e-27	105
WP_049585854.1	MER0003386|M16.020|M16A	31.4	19.9	87.3	185	9.83e-27	105
WP_049585854.1	MER0002283|M16.A10|M16A	33.8	17.2	74.1	157	1.56e-25	102
WP_049585854.1	MER0001223|M16.006|M16A	30.3	20.2	95.8	185	1.74e-25	101
WP_049585854.1	MER0002423|M16.A11|M16A	35.7	17.2	74.1	157	2.12e-25	102
WP_049585854.1	MER0001219|M16.007|M16A	33.3	19.5	84.0	186	3.40e-23	95.9
WP_049585854.1	MER0122186|M16.A14|M16A	28.4	20.0	89.5	183	9.99e-23	94.0
WP_049585854.1	MER0011292|M16.A07|M16A	30.0	19.7	87.5	203	2.77e-20	87.8
WP_049585854.1	MER0011192|M16.A06|M16A	30.5	17.8	100	164	1.22e-19	84.0
WP_049585854.1	MER0003448|M16.016|M16B	24.1	23.4	91.7	216	8.06e-13	65.9
WP_049585854.1	MER0170820|M16.022|M16A	31.7	13.4	61.0	123	1.03e-11	62.0
WP_049585854.1	MER0078753|M16.984|M16A	27.4	22.1	99.5	212	5.60e-11	60.1
WP_049585854.1	MER0005841|M16.A13|M16X	27.1	22.1	99.5	214	1.40e-10	58.9
WP_049585854.1	MER0195774|M16.019|M16B	24.7	16.7	86.4	154	1.82e-08	52.0
WP_049585854.1	MER0001233|M16.A05|M16B	23.0	25.1	96.7	243	7.70e-08	51.2
WP_049585854.1	MER0002008|M16.004|M16B	22.1	23.4	91.1	226	1.32e-07	50.4
WP_049585927.1	MER0066192|M38.983|M38	31.9	88.4	99.1	345	6.11e-38	136
WP_049585927.1	MER0033184|M38.979|M38	33.2	82.9	87.5	331	6.69e-34	126
WP_049585953.1	MER0065554|C26.964|C26	69.1	48.8	98.5	265	5.68e-131	379
WP_049585953.1	MER0437468|C26.A36|C26	39.0	63.2	99.7	359	5.07e-76	241
WP_049585953.1	MER0436717|C26.A29|C26	32.0	63.5	100	415	1.10e-52	181
WP_049585953.1	MER0031278|C26.961|C26	24.2	36.3	73.6	219	4.70e-04	38.9
WP_049585982.1	MER0001243|M24.001|M24A	65.2	99.6	99.2	264	3.18e-121	343
WP_049585982.1	MER0001342|M24.017|M24A	48.8	92.4	92.3	244	3.11e-79	237
WP_049585982.1	MER0015127|M24.A05|M24A	49.6	93.2	97.6	246	1.09e-76	230
WP_049585982.1	MER0005690|M24.A06|M24A	50.4	90.9	95.2	240	2.18e-76	229
WP_049585982.1	MER0013589|M24.A12|M24A	45.5	93.2	100	246	4.37e-72	218
WP_049585982.1	MER0015128|M24.A07|M24A	45.9	91.3	95.2	242	1.23e-65	202
WP_049585982.1	MER0013929|M24.028|M24A	43.7	93.2	96.0	247	1.31e-65	202
WP_049585982.1	MER0013450|M24.036|M24A	35.0	95.5	99.6	254	2.23e-49	160
WP_049585982.1	MER0010972|M24.950|M24A	34.3	91.7	90.9	242	1.00e-41	140
WP_049585982.1	MER0004931|M24.008|M24B	27.5	96.2	98.7	255	6.28e-21	85.5
WP_049585982.1	MER0024896|M24.A13|M24A	33.6	43.9	23.5	116	8.66e-18	79.3
WP_049585982.1	MER0002038|M24.006|M24B	27.6	85.2	93.0	228	3.71e-15	69.7
WP_049585982.1	MER0004532|M24.034|M24B	28.2	76.9	83.8	209	5.03e-12	60.8
WP_049585982.1	MER0005462|M24.031|M24B	22.1	76.9	83.8	204	9.54e-10	54.3
WP_049585982.1	MER0064643|M24.978|M24X	36.8	29.5	24.9	87	2.45e-08	50.8
WP_049585982.1	MER0013463|M24.026|M24B	23.8	93.6	94.2	269	3.28e-08	50.1
WP_049585982.1	MER0005715|M24.A11|M24B	22.5	86.7	91.1	240	3.78e-08	49.7
WP_049585982.1	MER0005497|M24.973|M24X	36.8	29.5	24.9	87	2.54e-07	47.8
WP_049585982.1	MER0029983|M24.975|M24X	36.8	29.5	25.0	87	1.94e-06	45.1
WP_049585982.1	MER0047299|M24.977|M24X	25.3	54.2	50.8	170	8.24e-05	40.0
WP_049585985.1	MER0004480|M50.004|M50B	47.1	88.9	99.7	401	1.03e-109	324
WP_049585985.1	MER0897124|M50.A11|M50A	27.4	97.8	98.8	453	2.91e-42	151
WP_049585985.1	MER0004468|M50.011|M50B	27.2	97.8	98.8	449	7.75e-42	150
WP_049585985.1	MER0004469|M50.005|M50B	30.6	36.7	45.8	186	3.07e-22	95.1
WP_049585985.1	MER0004474|M50.003|M50B	39.6	21.3	25.9	96	1.46e-15	74.7
WP_049585985.1	MER0004471|M50.A10|M50B	33.7	19.6	23.6	89	2.01e-09	55.8
WP_049585995.1	MER0042827|C56.972|C56	52.1	7.4	97.0	96	1.59e-25	99.0
WP_049586049.1	MER0011343|M19.A02|M19	30.8	89.9	91.6	386	6.27e-51	172
WP_049586049.1	MER0013499|M19.002|M19	30.0	90.3	89.9	377	8.41e-49	166
WP_049586049.1	MER0001260|M19.001|M19	27.6	90.3	90.5	377	1.35e-47	163
WP_049586049.1	MER0015155|M19.011|M19	29.9	90.3	89.9	375	1.72e-47	163
WP_049586049.1	MER0011422|M19.A01|M19	30.1	90.3	97.2	385	1.41e-45	157
WP_049586049.1	MER0032370|M19.013|M19	30.8	88.6	95.7	377	6.83e-45	155
WP_049586049.1	MER0006319|M19.012|M19	31.2	91.8	98.7	385	2.11e-43	152
WP_049586049.1	MER0013496|M19.004|M19	31.8	62.9	61.3	258	8.63e-38	137
WP_049586049.1	MER0013479|M19.950|M19	25.0	78.7	90.9	348	4.00e-26	104
WP_049586049.1	MER0013425|M19.007|M19	27.2	86.1	98.0	349	8.34e-26	103
WP_049586049.1	MER0026963|M19.008|M19	43.8	19.8	76.7	80	1.19e-18	77.8
WP_049586049.1	MER0001265|M19.003|M19	26.1	43.8	54.6	184	1.15e-13	68.2
WP_049586049.1	MER0021871|M19.006|M19	44.2	10.6	53.1	43	3.53e-07	44.7
WP_049586076.1	MER0000870|A24.001|A24A	58.2	74.1	94.8	220	7.39e-87	256
WP_049586076.1	MER0000876|A24.A10|A24A	45.0	53.2	73.0	160	5.95e-32	115
WP_049586076.1	MER0004658|A24.003|A24A	40.3	45.8	88.4	139	1.61e-21	85.9
WP_049586076.1	MER0002075|A24.A01|A24A	36.8	44.4	90.1	133	1.17e-17	75.1
WP_049586076.1	MER0000869|A24.019|A24A	30.1	50.5	96.0	153	7.04e-09	50.8
WP_049586102.1	MER0001244|M24.004|M24B	59.2	59.9	100	265	7.25e-107	314
WP_049586102.1	MER0013463|M24.026|M24B	41.2	59.5	99.2	262	4.97e-62	199
WP_049586102.1	MER0001248|M24.007|M24B	38.2	49.7	98.8	251	1.35e-50	169
WP_049586102.1	MER0028601|M24.033|M24B	41.5	46.5	77.8	207	1.48e-49	166
WP_049586102.1	MER0001733|M24.A09|M24B	35.6	59.7	99.7	292	1.78e-46	159
WP_049586102.1	MER0004931|M24.008|M24B	33.1	57.2	96.9	254	1.23e-37	134
WP_049586102.1	MER0005462|M24.031|M24B	34.5	57.2	96.9	252	6.54e-34	124
WP_049586102.1	MER0001250|M24.003|M24B	30.6	57.2	97.9	284	5.44e-28	109
WP_049586102.1	MER0002038|M24.006|M24B	30.5	55.8	94.3	246	5.74e-28	107
WP_049586102.1	MER0004532|M24.034|M24B	31.3	55.1	93.0	243	9.87e-27	104
WP_049586102.1	MER0005715|M24.A11|M24B	28.4	56.7	94.5	250	1.69e-20	87.0
WP_049586102.1	MER0027437|M24.038|M24B	32.8	41.2	61.2	186	4.87e-15	71.6
WP_049586102.1	MER0016544|M24.037|M24B	27.0	42.8	59.9	196	2.08e-10	58.2
WP_049586102.1	MER0015127|M24.A05|M24A	24.5	54.9	95.2	257	3.00e-09	54.3
WP_049586102.1	MER0013589|M24.A12|M24A	23.9	56.0	99.6	264	6.87e-09	53.1
WP_049586102.1	MER0013929|M24.028|M24A	22.8	48.3	82.1	232	7.86e-08	50.1
WP_049586108.1	MER0015691|M28.A02|M28B	32.0	23.0	43.4	122	9.80e-09	53.1
WP_049586108.1	MER0005149|M28.A19|M28B	27.1	26.3	42.3	140	1.32e-07	50.1
WP_049586108.1	MER0005238|M28.012|M28B	27.8	33.9	61.5	187	2.94e-07	48.9
WP_049586108.1	MER0005239|M28.011|M28B	29.1	25.3	43.9	141	3.98e-07	48.5
WP_049586108.1	MER0002104|M28.010|M28B	29.9	25.3	43.0	134	9.28e-07	47.4
WP_049586108.1	MER0037181|M28.019|M28A	24.7	34.4	59.1	182	1.19e-05	43.9
WP_049586108.1	MER0001911|M28.A05|M28X	30.4	28.6	50.4	148	2.37e-05	42.7
WP_049586110.1	MER0002038|M24.006|M24B	34.9	53.4	98.7	232	7.19e-40	139
WP_049586110.1	MER0005462|M24.031|M24B	30.7	53.4	98.7	231	2.07e-35	127
WP_049586110.1	MER0004931|M24.008|M24B	31.6	53.4	98.7	231	1.08e-32	120
WP_049586110.1	MER0004532|M24.034|M24B	30.4	50.3	93.0	217	3.85e-31	116
WP_049586110.1	MER0005715|M24.A11|M24B	29.1	50.3	92.3	223	2.87e-27	105
WP_049586110.1	MER0001244|M24.004|M24B	23.4	50.8	92.7	252	2.08e-15	72.8
WP_049586110.1	MER0016542|M24.A04|M24B	34.5	31.5	47.9	142	6.41e-15	71.6
WP_049586110.1	MER0013463|M24.026|M24B	27.1	51.0	93.1	255	1.35e-13	67.4
WP_049586110.1	MER0004321|M24.009|M24B	30.9	34.3	56.6	152	1.44e-12	64.3
WP_049586110.1	MER0003105|M24.A10|M24B	35.8	31.9	54.7	148	4.64e-12	62.8
WP_049586110.1	MER0016544|M24.037|M24B	34.3	31.5	48.4	143	5.87e-12	62.8
WP_049586110.1	MER0027437|M24.038|M24B	33.8	33.6	54.1	154	8.31e-12	62.0
WP_049586110.1	MER0002039|M24.005|M24B	37.6	32.2	53.2	141	2.64e-11	60.5
WP_049586201.1	MER0011583|S09.079|S09D	33.3	34.2	97.6	249	1.20e-34	129
WP_049586201.1	MER0017401|S09.071|S09C	37.7	28.7	84.1	204	5.24e-33	124
WP_049586201.1	MER0140224|S09.B03|S09X	30.0	29.0	88.2	213	1.28e-22	94.4
WP_049586201.1	MER0003558|S09.A83|S09C	29.7	33.5	91.9	246	5.01e-22	93.2
WP_049586201.1	MER0015682|S09.074|S09C	28.1	36.4	81.7	263	1.14e-21	93.2
WP_049586201.1	MER0000408|S09.004|S09C	29.0	30.5	88.5	224	1.95e-21	91.3
WP_049586201.1	MER0034615|S09.075|S09C	26.9	32.8	96.3	238	3.18e-21	90.5
WP_049586201.1	MER0126485|S09.072|S09X	30.4	28.5	85.6	207	4.77e-21	89.7
WP_049586201.1	MER0000263|S09.012|S09C	29.0	34.0	98.3	248	3.10e-18	81.6
WP_049586201.1	MER0016096|S09.056|S09C	27.2	31.1	93.0	228	3.28e-18	81.6
WP_049586201.1	MER0000399|S09.007|S09B	29.1	31.9	87.0	237	5.99e-18	81.3
WP_049586201.1	MER0001920|S09.A77|S09C	28.3	30.6	91.5	226	2.33e-16	76.3
WP_049586201.1	MER0018170|S09.057|S09C	27.2	33.2	97.6	250	2.58e-16	76.3
WP_049586201.1	MER0000401|S09.003|S09B	27.0	31.5	84.8	230	2.05e-14	70.9
WP_049586201.1	MER0005807|S09.070|S09C	28.6	28.5	70.9	203	2.72e-12	64.7
WP_049586201.1	MER0058228|S09.009|S09B	24.4	30.4	88.8	225	5.89e-12	63.2
WP_049586201.1	MER0011413|S09.016|S09B	27.7	27.4	82.0	206	1.38e-11	62.0
WP_049586201.1	MER0005994|S09.A03|S09B	28.8	30.5	82.8	229	8.49e-10	57.0
WP_049586201.1	MER0015621|S09.A02|S09A	27.9	28.2	69.7	215	3.72e-09	55.5
WP_049586201.1	MER0006027|S09.A66|S09C	24.1	32.2	90.3	241	1.13e-08	53.5
WP_049586201.1	MER0002490|S09.A01|S09A	30.7	17.5	39.9	127	1.64e-08	53.5
WP_049586201.1	MER0000404|S09.005|S09B	26.9	24.3	64.5	182	1.67e-05	43.9
WP_049586201.1	MER0011305|S09.A64|S09B	27.4	18.1	51.8	135	3.74e-04	39.7
WP_049586216.1	MER0036308|M01.031|M01	60.2	36.7	100	236	1.72e-98	298
WP_049586216.1	MER0012283|M01.A26|M01	47.9	33.3	100	219	5.10e-63	205
WP_049586216.1	MER0001017|M01.025|M01	46.7	34.2	92.6	225	2.95e-62	204
WP_049586216.1	MER0001013|M01.004|M01	45.8	36.9	97.1	240	8.04e-62	202
WP_049586216.1	MER0011345|M01.A27|M01	43.3	36.5	98.0	240	1.27e-59	197
WP_049586216.1	MER0002281|M01.034|M01	42.6	36.4	97.9	242	9.30e-56	186
WP_049586216.1	MER0002755|M01.014|M01	46.5	30.6	99.5	202	3.95e-51	172
WP_049586216.1	MER0005328|M01.A18|M01	48.0	30.0	99.0	200	1.86e-50	171
WP_049586216.1	MER0012271|M01.022|M01	36.0	36.2	98.0	242	1.38e-40	145
WP_049586216.1	MER0002658|M01.A32|M01	36.2	23.0	94.3	152	1.75e-26	102
WP_049586216.1	MER0019730|M01.028|M01	25.3	30.8	85.3	221	2.21e-20	88.2
WP_049586216.1	MER0019759|M01.A25|M01	30.5	27.5	79.3	190	1.49e-19	85.1
WP_049586216.1	MER0002355|M01.A19|M01	30.8	34.8	99.5	234	2.20e-19	84.3
WP_049586216.1	MER0001012|M01.003|M01	29.1	32.2	99.5	223	2.32e-18	81.3
WP_049586216.1	MER0011370|M01.A11|M01	31.9	26.7	85.7	191	5.02e-18	80.1
WP_049586216.1	MER0091680|M01.A31|M01	31.1	27.8	84.5	190	6.03e-18	80.1
WP_049586216.1	MER0005046|M01.021|M01	30.5	25.5	85.9	177	8.47e-17	76.3
WP_049586216.1	MER0002060|M01.011|M01	27.8	31.9	97.3	216	1.71e-16	75.9
WP_049586216.1	MER0002968|M01.024|M01	28.0	31.9	97.3	218	1.71e-16	75.9
WP_049586216.1	MER0011423|M01.A02|M01	30.9	25.0	80.5	175	2.91e-16	75.1
WP_049586216.1	MER0005045|M01.020|M01	30.8	26.4	89.4	185	5.29e-16	73.9
WP_049586216.1	MER0011440|M01.A09|M01	32.5	24.4	75.5	166	5.88e-16	74.3
WP_049586216.1	MER0011371|M01.A10|M01	28.5	30.9	100	221	1.16e-15	73.2
WP_049586216.1	MER0028449|M01.A30|M01	28.8	26.3	80.4	184	1.60e-15	73.2
WP_049586216.1	MER0001701|M01.008|M01	30.4	26.6	80.8	184	2.13e-15	72.8
WP_049586228.1	MER0035254|S45.004|S45	32.5	68.2	98.2	594	5.35e-83	273
WP_049586228.1	MER0030255|S45.005|S45	32.2	66.1	95.0	569	3.72e-68	233
WP_049586228.1	MER0006198|S45.002|S45	24.1	68.1	97.7	581	1.04e-29	121
WP_049586230.1	MER0001300|S49.002|S49B	61.9	52.0	97.3	181	1.16e-79	238
WP_049586230.1	MER0013957|S49.007|S49B	29.9	47.4	88.3	167	6.07e-18	77.8
WP_049586230.1	MER0003812|S49.008|S49X	29.2	47.4	87.0	168	6.73e-18	77.8
WP_049586230.1	MER0321345|S49.A08|S49B	28.6	47.4	91.3	168	7.08e-17	74.7
WP_049586230.1	MER0011114|S49.004|S49B	30.8	47.1	44.5	169	2.86e-10	57.8
WP_049586230.1	MER0001299|S49.001|S49A	26.2	52.3	31.4	187	1.64e-09	55.8
WP_049586230.1	MER0044046|S49.006|S49B	31.3	41.4	78.4	150	8.30e-09	51.6
WP_049586234.1	MER0018006|I04.029|I04	34.8	28.6	11.6	46	2.84e-04	37.0
WP_049586241.1	MER0013541|M23.014|M23B	43.5	28.1	96.6	85	2.22e-20	80.9
WP_049586241.1	MER0069741|M23.009|M23B	36.9	34.1	59.3	103	1.23e-16	73.2
WP_049586241.1	MER0003380|M23.011|M23B	29.0	68.2	89.6	221	1.63e-16	74.3
WP_049586241.1	MER0066182|M23.A04|M23B	33.6	39.1	58.8	119	2.10e-16	73.2
WP_049586241.1	MER0003376|M23.005|M23B	34.4	36.4	74.1	125	3.93e-16	71.6
WP_049586241.1	MER0003906|M23.013|M23B	35.6	32.5	98.1	104	8.89e-15	66.2
WP_049586241.1	MER0387040|M23.A03|M23B	33.7	33.1	98.1	101	1.57e-14	65.5
WP_049586241.1	MER0015415|M23.951|M23B	30.6	39.7	68.2	121	8.83e-13	62.4
WP_049586241.1	MER0003423|M23.012|M23B	33.6	38.1	84.6	122	1.34e-12	61.2
WP_049586241.1	MER0001419|M23.004|M23B	32.8	38.1	84.6	122	5.85e-11	56.6
WP_049586243.1	MER0073084|M61.002|M61	40.1	79.3	97.8	494	4.46e-125	375
WP_049586281.1	MER0001295|S41.001|S41A	62.4	26.0	99.5	181	8.30e-70	222
WP_049586281.1	MER0001425|S41.004|S41A	35.1	24.9	94.9	174	2.02e-23	94.7
WP_049586281.1	MER0003065|S41.009|S41A	35.7	24.7	94.1	171	8.11e-23	92.8
WP_049586281.1	MER0001297|S41.008|S41A	34.7	25.0	95.3	170	1.10e-22	92.4
WP_049586281.1	MER0004196|S41.013|S41A	32.4	24.7	94.2	170	1.58e-22	92.0
WP_049586281.1	MER0003514|S41.010|S41A	35.5	25.1	95.9	172	3.80e-22	90.9
WP_049586281.1	MER0003413|S41.002|S41A	32.1	24.7	94.1	168	5.31e-22	90.5
WP_049586281.1	MER0004195|S41.007|S41A	33.3	25.1	95.9	174	1.37e-19	83.6
WP_049586281.1	MER0005714|S41.A01|S41A	30.5	24.6	93.8	177	1.06e-14	69.7
WP_049586281.1	MER0015684|S41.A02|S41A	29.2	24.6	93.6	168	7.80e-14	67.0
WP_049586281.1	MER0030244|S41.954|S41A	28.8	24.9	94.4	191	7.68e-08	50.1
WP_049586281.1	MER0030235|S41.950|S41A	28.3	24.3	97.8	187	4.00e-07	47.8
WP_049586281.1	MER0028704|S41.011|S41A	33.0	13.4	51.8	94	1.15e-05	43.1
WP_049586284.1	MER0001001|M01.005|M01	72.9	24.2	100	210	8.19e-107	325
WP_049586284.1	MER0005037|M01.029|M01	56.8	21.1	99.5	183	3.77e-69	224
WP_049586284.1	MER0040779|M01.035|M01	37.4	24.1	100	214	1.83e-40	144
WP_049586284.1	MER0011183|M01.A24|M01	32.1	25.1	99.5	224	1.88e-27	108
WP_049586284.1	MER0002746|M01.010|M01	30.2	25.0	93.6	232	1.33e-23	97.4
WP_049586284.1	MER0002078|M01.A28|M01	28.0	26.5	99.1	232	3.81e-22	93.2
WP_049586284.1	MER0019759|M01.A25|M01	27.9	25.0	94.0	226	1.23e-21	91.7
WP_049586284.1	MER0011440|M01.A09|M01	28.6	23.5	93.6	210	8.04e-21	89.0
WP_049586284.1	MER0002003|M01.015|M01	29.4	23.0	91.9	204	1.12e-20	88.6
WP_049586284.1	MER0002968|M01.024|M01	28.3	25.0	99.5	219	1.97e-20	87.8
WP_049586284.1	MER0011371|M01.A10|M01	30.7	21.5	90.9	189	5.23e-20	86.3
WP_049586284.1	MER0091680|M01.A31|M01	30.5	24.6	97.7	220	6.67e-20	86.3
WP_049586284.1	MER0005331|M01.018|M01	27.3	22.9	94.8	209	7.60e-20	85.9
WP_049586284.1	MER0011438|M01.A08|M01	31.0	20.7	85.8	187	7.77e-20	85.9
WP_049586284.1	MER0002060|M01.011|M01	29.9	22.6	90.0	201	9.05e-20	85.9
WP_049586284.1	MER0001012|M01.003|M01	27.3	24.3	98.2	220	2.94e-19	84.3
WP_049586284.1	MER0004243|M01.016|M01	33.2	21.4	88.0	193	5.41e-19	83.6
WP_049586284.1	MER0001010|M01.007|M01	28.7	23.0	97.6	202	1.48e-18	82.0
WP_049586284.1	MER0001185|M01.A15|M01	26.8	21.9	87.6	190	4.58e-18	80.9
WP_049586284.1	MER0001701|M01.008|M01	27.6	23.5	92.4	214	5.28e-18	80.9
WP_049586284.1	MER0000997|M01.001|M01	35.0	17.3	71.4	157	2.10e-17	79.0
WP_049586284.1	MER0005045|M01.020|M01	27.0	21.5	94.5	189	3.59e-17	77.8
WP_049586284.1	MER0011370|M01.A11|M01	27.6	22.7	94.8	199	4.53e-17	77.8
WP_049586284.1	MER0028449|M01.A30|M01	29.1	22.4	89.8	206	8.30e-17	77.4
WP_049586284.1	MER0116688|M01.A13|M01	28.8	25.1	92.1	226	2.01e-16	76.6
WP_049586340.1	MER0004652|S08.A02|S08A	28.8	35.0	88.9	532	2.09e-32	130
WP_049586340.1	MER0013893|S08.A04|S08A	28.7	35.1	89.2	522	5.08e-32	129
WP_049586340.1	MER0005034|S08.097|S08A	29.6	36.2	99.1	506	9.39e-32	127
WP_049586340.1	MER0005785|S08.A01|S08A	28.5	36.6	95.1	561	3.91e-31	127
WP_049586340.1	MER0011813|S08.A14|S08A	29.9	36.3	98.9	505	8.08e-30	121
WP_049586340.1	MER0017014|S08.A32|S08A	29.7	36.5	99.4	509	3.69e-29	119
WP_049586340.1	MER0006036|S08.A16|S08A	28.8	34.4	95.2	497	1.20e-26	112
WP_049586340.1	MER0014089|S08.A37|S08A	28.2	36.4	99.2	521	3.20e-26	110
WP_049586340.1	MER0015429|S08.A03|S08A	26.2	36.6	94.0	519	3.38e-26	110
WP_049586340.1	MER0005700|S08.A49|S08A	28.0	36.1	98.0	503	4.16e-25	106
WP_049586340.1	MER0015438|S08.084|S08A	27.2	36.4	99.2	525	8.77e-25	106
WP_049586340.1	MER0015433|S08.A41|S08A	30.5	31.5	87.7	442	2.46e-24	105
WP_049586340.1	MER0002771|S08.006|S08A	25.9	36.4	98.9	491	5.19e-24	102
WP_049586340.1	MER0014311|S08.A12|S08A	29.0	35.7	97.0	489	8.98e-24	102
WP_049586340.1	MER0014310|S08.A07|S08A	26.4	35.7	97.0	492	1.19e-23	102
WP_049586340.1	MER0029448|S08.A30|S08A	26.6	36.4	99.1	511	1.34e-23	102
WP_049586340.1	MER0013896|S08.A22|S08A	26.1	35.7	97.1	501	2.68e-23	102
WP_049586340.1	MER0005712|S08.A38|S08A	27.1	36.4	98.9	509	8.94e-23	99.0
WP_049586340.1	MER0015436|S08.A34|S08A	29.5	35.5	96.6	511	1.34e-22	99.8
WP_049586340.1	MER0015434|S08.A13|S08A	27.1	33.9	93.0	490	1.37e-22	99.8
WP_049586340.1	MER0005774|S08.A47|S08A	26.8	36.0	98.1	515	5.46e-22	97.8
WP_049586340.1	MER0004641|S08.A39|S08A	27.0	36.4	99.0	508	6.16e-22	96.7
WP_049586340.1	MER0014313|S08.A10|S08A	27.1	35.7	96.8	494	3.09e-21	94.7
WP_049586340.1	MER0014312|S08.A11|S08A	27.6	35.7	97.0	486	5.39e-21	94.4
WP_049586340.1	MER0005775|S08.A48|S08A	27.2	36.0	98.1	530	6.28e-21	94.7
WP_049586360.1	MER0160094|C56.975|C56	65.5	26.7	81.7	58	3.70e-18	72.8
WP_049586429.1	MER0005900|M38.002|M38	34.9	77.4	82.2	338	1.66e-41	148
WP_049586446.1	MER0188730|M95.001|M95	36.2	22.5	54.3	58	1.27e-04	37.4
WP_049586509.1	MER0036114|S33.980|S33	28.4	35.6	34.0	102	3.22e-07	47.4
WP_049586533.1	MER0003338|T02.002|T02	61.7	33.8	83.9	120	1.88e-40	136
WP_049586533.1	MER0003303|T02.A01|T02	51.1	37.5	97.7	133	5.17e-36	124
WP_049586533.1	MER0013976|T02.A02|T02	50.8	35.5	100	126	1.95e-30	109
WP_049586533.1	MER0017622|T02.A06|T02	27.8	64.5	89.3	245	5.03e-18	79.7
WP_049586533.1	MER0003336|T02.007|T02	40.4	29.9	78.5	114	3.08e-17	74.7
WP_049586533.1	MER0003299|T02.001|T02	52.5	17.2	43.3	61	6.30e-15	68.2
WP_049586533.1	MER0034967|T02.A05|T02	26.1	51.3	95.1	203	5.64e-12	61.2
WP_049586533.1	MER0016969|T02.004|T02	41.7	18.6	41.6	72	3.39e-10	55.5
WP_049586533.1	MER0011465|T02.A04|T02	41.0	17.2	42.7	61	7.96e-09	50.8
WP_049586563.1	MER0001272|M20.010|M20A	30.6	95.1	96.6	372	1.75e-45	154
WP_049586563.1	MER0003798|M20.A21|M20A	26.2	81.1	76.4	336	1.84e-13	68.2
WP_049586563.1	MER0369972|M20.A25|M20A	22.4	89.8	93.1	416	7.94e-12	63.2
WP_049586563.1	MER0033183|M20.011|M20A	35.5	27.6	35.7	110	3.65e-10	57.4
WP_049586563.1	MER0003775|M20.A19|M20A	31.0	27.6	38.8	116	6.43e-09	53.5
WP_049586575.1	MER0001313|A08.001|A08	47.3	82.4	91.5	150	1.29e-52	162
WP_049586599.1	MER0014135|S16.A04|S16	76.6	59.1	99.3	269	7.80e-148	419
WP_049586599.1	MER0003359|S16.008|S16	27.6	22.6	44.9	105	2.75e-09	54.3
WP_049586599.1	MER0005837|S16.A06|S16	33.0	20.4	36.7	94	3.40e-09	54.3
WP_049586599.1	MER0003443|S16.003|S16	23.8	21.5	46.3	105	2.29e-06	45.4
WP_049586599.1	MER0000488|S16.004|S16	25.0	22.2	46.0	108	8.03e-05	40.8
WP_049586599.1	MER0000491|S16.A09|S16	32.3	13.6	31.5	62	1.47e-04	39.7
WP_049586770.1	MER0002031|C39.005|C39	47.0	17.7	94.4	134	5.02e-36	129
WP_049586770.1	MER0014664|C39.004|C39	29.2	17.7	96.5	137	2.36e-16	73.6
WP_049586770.1	MER0002884|C39.007|C39	28.3	17.6	98.6	138	6.75e-15	69.3
WP_049586770.1	MER0042832|C39.008|C39	24.6	17.6	98.6	138	6.07e-12	60.8
WP_049586770.1	MER0014665|C39.003|C39	25.7	17.5	97.8	136	3.78e-11	58.5
WP_049586783.1	MER0005900|M38.002|M38	31.9	80.3	87.3	351	8.64e-39	141
WP_049586806.1	MER0044357|S33.A41|S33	28.4	59.2	54.9	285	1.19e-31	123
WP_049586830.1	MER0043392|C26.960|C26	57.2	79.0	93.5	166	1.54e-59	181
WP_049586830.1	MER0043394|C26.955|C26	39.4	78.6	95.7	165	1.18e-36	123
WP_049586830.1	MER0045094|C26.959|C26	38.1	91.0	76.3	194	1.84e-35	122
WP_049586830.1	MER0044622|C26.A25|C26	36.9	86.7	68.9	187	1.45e-30	110
WP_049586830.1	MER0044882|C26.A09|C26	37.5	72.4	85.7	160	6.23e-24	90.9
WP_049586830.1	MER0045095|C26.958|C26	28.1	91.9	77.9	210	2.47e-17	75.1
WP_049586830.1	MER0043537|C26.A31|C26	27.0	90.0	94.7	189	1.94e-15	68.6
WP_049586830.1	MER0043195|C26.A30|C26	25.2	88.6	77.6	202	1.66e-10	55.8
WP_049586830.1	MER0043387|C26.950|C26	31.5	52.9	60.2	111	3.66e-10	53.9
WP_049586830.1	MER0044889|C26.A21|C26	31.8	52.4	43.8	110	1.01e-09	53.5
WP_049586830.1	MER0044812|C26.A04|C26	29.1	63.8	52.0	134	2.99e-08	49.3
WP_049586830.1	MER0045945|C26.963|C26	26.8	67.1	60.5	142	1.38e-06	44.3
WP_049586830.1	MER0042974|C26.A07|C26	27.1	80.0	84.0	177	1.53e-06	43.9
WP_049586960.1	MER0034659|C56.A05|C56	31.6	57.3	81.7	136	2.33e-13	62.8
WP_049586980.1	MER0016688|S08.029|S08A	32.9	40.0	95.0	347	1.13e-28	114
WP_049586980.1	MER0019280|S08.135|S08A	32.0	39.5	92.8	337	1.33e-27	110
WP_049586980.1	MER0004085|S08.113|S08A	33.4	36.2	78.2	311	2.36e-27	110
WP_049586980.1	MER0004123|S08.137|S08A	31.7	43.3	99.1	388	2.91e-27	110
WP_049586980.1	MER0003536|S08.069|S08A	32.1	38.8	90.8	330	8.14e-24	99.8
WP_049586980.1	MER0000313|S08.036|S08A	31.5	40.7	97.1	343	1.50e-21	92.4
WP_049586980.1	MER0001521|S08.044|S08A	31.5	40.7	97.1	343	2.74e-21	91.7
WP_049586980.1	MER0000312|S08.042|S08A	31.2	40.7	97.1	343	3.71e-21	91.3
WP_049586980.1	MER0001523|S08.035|S08A	31.2	40.7	97.1	343	3.71e-21	91.3
WP_049586980.1	MER0001755|S08.002|S08A	31.2	40.7	97.1	343	6.78e-21	90.5
WP_049586980.1	MER0001928|S08.098|S08A	31.8	38.7	91.8	324	8.21e-21	90.1
WP_049586980.1	MER0000310|S08.037|S08A	31.0	38.7	92.0	326	1.22e-20	89.7
WP_049586980.1	MER0000311|S08.034|S08A	31.1	40.7	97.1	341	1.67e-20	89.4
WP_049586980.1	MER0030016|S08.117|S08A	31.6	36.1	89.5	307	1.74e-20	89.4
WP_049586980.1	MER0042897|S08.133|S08A	31.1	40.8	97.5	347	2.39e-20	89.0
WP_049586980.1	MER0014744|S08.016|S08A	33.8	35.9	76.3	308	4.43e-20	89.4
WP_049586980.1	MER0016978|S08.021|S08A	30.8	38.1	88.3	328	5.96e-20	88.6
WP_049586980.1	MER0001520|S08.010|S08A	30.1	40.7	97.0	339	6.79e-20	87.4
WP_049586980.1	MER0000315|S08.038|S08A	30.1	40.7	97.0	339	1.24e-19	86.7
WP_049586980.1	MER0013656|S08.046|S08A	30.3	38.4	91.4	320	1.65e-19	86.3
WP_049586980.1	MER0001906|S08.003|S08A	30.1	40.7	97.0	339	1.68e-19	86.3
WP_049586980.1	MER0000316|S08.157|S08A	30.6	40.7	97.4	337	3.01e-19	85.5
WP_049586980.1	MER0001699|S08.045|S08A	31.2	36.8	94.5	317	3.28e-19	85.5
WP_049586980.1	MER0000309|S08.001|S08A	28.9	38.7	92.0	329	1.11e-18	84.0
WP_049586980.1	MER0028365|S08.141|S08A	29.6	39.5	76.1	351	4.61e-18	84.0
WP_049586985.1	MER0019280|S08.135|S08A	34.4	39.5	90.8	337	6.97e-33	126
WP_049586985.1	MER0016688|S08.029|S08A	32.4	41.2	95.6	346	1.93e-31	122
WP_049586985.1	MER0003536|S08.069|S08A	32.4	42.0	99.3	358	1.51e-28	113
WP_049586985.1	MER0004123|S08.137|S08A	31.8	41.2	93.6	365	4.72e-25	103
WP_049586985.1	MER0000321|S08.114|S08A	30.9	37.1	71.8	311	1.11e-22	97.4
WP_049586985.1	MER0030016|S08.117|S08A	31.3	36.7	89.2	310	3.38e-22	94.4
WP_049586985.1	MER0016978|S08.021|S08A	29.4	41.3	94.0	354	8.51e-19	85.1
WP_049586985.1	MER0000311|S08.034|S08A	30.1	39.3	91.6	329	7.39e-17	78.6
WP_049586985.1	MER0000313|S08.036|S08A	29.9	39.3	91.6	331	1.34e-16	77.8
WP_049586985.1	MER0001521|S08.044|S08A	29.9	39.3	91.6	331	2.44e-16	77.0
WP_049586985.1	MER0005931|S08.005|S08A	29.9	35.3	97.1	294	4.84e-16	75.5
WP_049586985.1	MER0004085|S08.113|S08A	32.5	36.6	77.3	314	5.24e-16	77.0
WP_049586985.1	MER0000312|S08.042|S08A	29.3	39.3	91.6	331	1.09e-15	75.1
WP_049586985.1	MER0001523|S08.035|S08A	29.3	39.3	91.6	331	1.09e-15	75.1
WP_049586985.1	MER0001755|S08.002|S08A	29.6	39.3	91.6	331	1.09e-15	75.1
WP_049586985.1	MER0014744|S08.016|S08A	29.0	41.3	89.3	352	1.29e-15	75.9
WP_049586985.1	MER0000309|S08.001|S08A	29.1	41.5	97.1	347	1.44e-15	74.7
WP_049586985.1	MER0000310|S08.037|S08A	29.7	41.5	97.1	344	1.44e-15	74.7
WP_049586985.1	MER0001454|S08.A20|S08A	27.3	32.1	81.5	311	2.08e-15	75.5
WP_049586985.1	MER0042897|S08.133|S08A	29.0	39.4	92.1	331	3.73e-15	73.6
WP_049586985.1	MER0001368|S08.112|S08A	26.4	29.4	68.0	292	9.95e-15	73.6
WP_049586985.1	MER0014309|S08.A21|S08A	26.9	32.6	82.6	320	1.18e-14	73.2
WP_049586985.1	MER0005859|S08.106|S08A	29.2	34.5	56.9	319	2.42e-14	73.2
WP_049586985.1	MER0001451|S08.A15|S08A	27.9	32.0	80.7	305	6.22e-14	70.9
WP_049586985.1	MER0014325|S08.A09|S08A	27.5	31.5	79.9	316	9.30e-14	70.5
WP_049587050.1	MER1102827|M49.005|M49	42.8	26.4	98.7	152	1.06e-31	117
WP_049587050.1	MER0028047|M49.003|M49	27.3	23.4	85.2	150	6.39e-05	40.8
WP_049587073.1	MER0035184|S09.B05|S09C	27.5	45.6	53.8	138	6.73e-05	40.0
WP_049587073.1	MER0036047|S33.A20|S33	45.0	13.9	14.1	40	3.67e-04	38.1
WP_049587207.1	MER0034539|C44.976|C44	46.2	22.4	67.5	143	7.68e-32	119
WP_049587207.1	MER0011806|C44.A03|C44	26.4	26.5	85.7	208	1.45e-08	52.8
WP_049587207.1	MER0011781|C44.A02|C44	27.1	25.9	83.5	203	4.72e-08	51.2
WP_049587207.1	MER0185695|C44.A08|C44	28.1	20.2	65.2	146	7.20e-08	50.4
WP_049587207.1	MER0004101|C44.A01|C44	31.5	16.1	46.0	111	1.53e-07	49.7
WP_049587207.1	MER0003322|C44.970|C44	30.0	13.9	43.7	90	6.53e-07	47.4
WP_049587207.1	MER0003350|C44.975|C44	38.6	10.7	34.0	70	8.79e-07	47.0
WP_049587207.1	MER0012158|C44.972|C44	38.6	10.7	20.8	70	2.66e-06	46.6
WP_049587311.1	MER0107796|S09.A40|S09C	39.4	89.1	100	175	3.10e-39	129
WP_049587472.1	MER0006292|M48.010|M48B	32.7	17.5	30.9	55	1.68e-05	41.6
WP_049587472.1	MER0002637|M48.002|M48B	31.9	21.3	33.0	69	2.21e-05	41.6
WP_049587472.1	MER0006293|M48.004|M48B	41.5	16.2	23.3	53	3.32e-04	38.1
WP_049587523.1	MER0002161|M28.003|M28A	24.7	50.5	88.0	296	7.23e-10	57.0
WP_049587523.1	MER0001289|M28.009|M28F	26.5	43.5	78.2	245	2.80e-09	55.1
WP_049587523.1	MER0001284|M28.002|M28E	30.4	22.9	48.0	125	4.33e-09	54.3
WP_049587523.1	MER0005239|M28.011|M28B	30.0	24.4	43.6	140	2.43e-08	52.4
WP_049587523.1	MER0005238|M28.012|M28B	35.1	20.0	35.0	114	5.67e-08	51.2
WP_049587523.1	MER0194228|M28.A01|M28F	26.8	39.8	99.0	224	1.07e-07	49.3
WP_049587523.1	MER0002104|M28.010|M28B	32.4	24.6	44.8	142	7.55e-07	47.8
WP_049587523.1	MER0005139|M28.A18|M28B	31.3	19.6	35.0	112	1.76e-06	46.6
WP_049587523.1	MER0015688|M28.A03|M28X	50.0	8.8	18.4	48	4.87e-04	38.9
WP_049587538.1	MER0015468|S54.016|S54	44.6	51.6	77.2	148	8.46e-37	126
WP_049587538.1	MER0035255|S54.028|S54	37.4	55.4	73.4	163	1.32e-27	103
WP_049587538.1	MER0015465|S54.024|S54	37.6	58.9	87.0	170	2.69e-23	91.3
WP_049587538.1	MER0015459|S54.014|S54	28.5	52.3	59.5	151	3.26e-13	64.7
WP_049587538.1	MER0015462|S54.A18|S54	25.7	48.4	71.5	140	6.05e-09	51.6
WP_049587538.1	MER0015659|S54.A06|S54	26.8	48.8	60.1	142	4.47e-07	46.6
WP_049587538.1	MER0015633|S54.A04|S54	25.9	48.8	59.3	143	4.57e-07	46.6
WP_049587538.1	MER0047976|S54.021|S54	21.4	48.8	59.0	140	3.43e-06	43.5
WP_049587538.1	MER0015630|S54.015|S54	20.7	48.4	58.8	140	4.01e-04	37.7
WP_049587538.1	MER0015631|S54.A01|S54	23.4	54.7	70.7	171	4.12e-04	37.7
WP_049587604.1	MER0038626|M14.A21|M14D	31.0	42.2	98.9	174	1.42e-20	85.1
WP_049587604.1	MER0033176|M14.026|M14B	34.9	41.2	97.7	169	1.24e-19	82.4
WP_049587604.1	MER0038680|M14.A36|M14B	34.5	35.9	92.4	145	2.27e-19	81.3
WP_049587604.1	MER0034711|M14.029|M14B	32.0	42.5	100	175	4.64e-19	80.9
WP_049587604.1	MER0033179|M14.028|M14B	31.4	41.2	96.2	185	3.43e-17	75.9
WP_049587604.1	MER0038671|M14.A31|M14D	33.1	41.2	97.7	169	1.28e-16	73.9
WP_049587604.1	MER0034713|M14.030|M14B	30.9	41.2	98.9	178	1.48e-16	73.9
WP_049587604.1	MER0033178|M14.027|M14D	37.5	32.5	87.2	128	2.06e-15	69.7
WP_049587604.1	MER0033174|M14.025|M14B	27.1	36.4	87.6	177	1.34e-12	63.2
WP_049587604.1	MER0033175|M14.036|M14D	27.7	36.4	61.2	177	2.81e-12	63.5
WP_049587604.1	MER0038627|M14.A32|M14D	30.7	38.3	78.3	163	1.55e-11	60.1
WP_049587604.1	MER0023950|M14.A23|M14A	41.0	20.1	24.3	78	3.79e-09	54.3
WP_049587604.1	MER0038688|M14.A35|M14B	30.1	26.1	85.7	103	8.70e-08	47.4
WP_049587604.1	MER0011153|M14.A19|M14A	35.5	20.1	24.4	76	1.14e-07	49.7
WP_049587604.1	MER0003003|M14.035|M14A	33.0	28.0	31.0	109	3.81e-06	45.1
WP_049587604.1	MER0013456|M14.018|M14A	22.9	40.1	60.0	192	2.00e-05	42.7
WP_049587604.1	MER0011681|M14.A24|M14A	29.4	25.9	30.9	102	4.90e-05	41.6
WP_049587604.1	MER0011311|M14.A09|M14A	28.7	24.8	34.5	108	8.37e-05	40.8
WP_049587604.1	MER0005813|M14.A22|M14A	39.1	17.2	21.3	69	8.59e-05	40.8
WP_049587604.1	MER0030212|M14.037|M14B	24.2	41.7	46.6	194	1.32e-04	40.4
WP_049587604.1	MER0003495|M14.A29|M14B	25.4	36.7	49.6	169	2.06e-04	39.7
WP_049587665.1	MER0004775|M13.009|M13	40.2	93.2	98.3	649	1.79e-160	474
WP_049587665.1	MER0001056|M13.002|M13	32.4	92.9	97.3	670	2.52e-97	311
WP_049587665.1	MER0001991|M13.003|M13	31.7	88.6	93.1	644	2.91e-94	303
WP_049587665.1	MER0011141|M13.A14|M13	29.1	92.9	97.4	685	6.69e-88	286
WP_049587665.1	MER0011159|M13.A15|M13	29.3	92.9	97.4	675	2.23e-86	282
WP_049587665.1	MER0011838|M13.007|M13	29.4	90.3	94.4	664	4.24e-86	281
WP_049587665.1	MER0002988|M13.A16|M13	30.5	88.1	92.8	652	2.09e-85	280
WP_049587665.1	MER0013406|M13.008|M13	28.4	92.9	97.4	689	1.21e-82	273
WP_049587665.1	MER0019831|M13.014|M13	31.4	72.2	78.8	522	4.99e-77	256
WP_049587665.1	MER0001050|M13.001|M13	28.4	91.9	96.4	687	1.32e-76	256
WP_049587665.1	MER0002062|M13.091|M13	28.6	92.9	97.4	702	4.71e-71	241
WP_049587665.1	MER0001058|M13.004|M13	28.4	91.3	99.4	652	2.11e-70	238
WP_049587665.1	MER0005528|M13.012|M13	29.6	91.9	96.4	679	1.74e-69	237
WP_049587665.1	MER0004762|M13.015|M13	28.1	93.2	97.7	690	4.80e-68	233
WP_049587665.1	MER0002350|M13.013|M13	29.6	92.3	96.8	690	7.50e-68	233
WP_049587665.1	MER0019832|M13.010|M13	28.0	93.1	98.3	665	2.14e-66	228
WP_049587665.1	MER0001059|M13.005|M13	29.0	79.0	97.3	572	1.34e-55	196
WP_049587665.1	MER0002997|M13.A31|M13	25.5	92.3	96.8	679	1.79e-54	195
WP_049587665.1	MER0002285|M13.A26|M13	24.3	92.9	97.2	671	3.55e-51	185
WP_049587665.1	MER0001365|M13.A20|M13	25.0	93.2	97.3	743	3.09e-48	178
WP_049587665.1	MER0001054|M13.090|M13	25.4	92.9	97.3	677	1.60e-40	154
WP_049587665.1	MER0162857|M13.A19|M13	30.1	46.7	46.6	355	1.64e-39	152
WP_049587665.1	MER0015175|M13.011|M13	28.5	66.0	69.2	523	3.09e-38	148
WP_049587665.1	MER0011427|M13.A08|M13	26.2	56.2	64.1	443	3.23e-33	132
WP_049587665.1	MER0011355|M13.A09|M13	26.6	46.9	52.1	357	1.23e-30	124
WP_049587737.1	MER0000410|S09.010|S09A	60.6	38.9	97.9	282	1.29e-115	347
WP_049587737.1	MER0011872|S09.B08|S09A	42.0	39.2	97.2	288	2.90e-67	220
WP_049587737.1	MER0082498|S09.A92|S09A	37.6	33.8	94.0	266	8.48e-53	181
WP_049587737.1	MER0005694|S09.076|S09A	34.8	36.7	92.6	267	1.43e-44	158
WP_049587737.1	MER0004227|S09.015|S09A	33.3	30.1	71.9	219	5.94e-38	140
WP_049587737.1	MER0015621|S09.A02|S09A	30.5	36.6	92.7	282	1.03e-37	139
WP_049587737.1	MER0079308|S09.033|S09A	32.5	35.9	93.8	265	1.04e-37	139
WP_049587737.1	MER0000392|S09.001|S09A	31.5	36.4	95.4	276	1.73e-37	138
WP_049587737.1	MER0022823|S09.B02|S09A	29.7	37.7	98.6	279	1.93e-36	135
WP_049587737.1	MER0082653|S09.034|S09A	34.0	30.9	84.6	238	1.95e-34	129
WP_049587737.1	MER0325901|S09.077|S09A	33.5	37.2	99.3	275	7.91e-34	127
WP_049587737.1	MER0002490|S09.A01|S09A	30.2	33.9	84.1	265	6.02e-33	126
WP_049587737.1	MER0981959|S09.078|S09A	29.5	34.1	91.9	264	2.17e-32	124
WP_049587737.1	MER0011450|S09.A73|S09A	30.2	33.9	90.0	258	5.78e-31	119
WP_049587737.1	MER0003229|S09.036|S09A	29.9	36.6	94.2	271	7.91e-28	110
WP_049587784.1	MER0195774|M16.019|M16B	36.5	19.3	98.9	178	9.05e-33	122
WP_049587784.1	MER0237414|M16.970|M16B	31.4	20.5	80.8	194	7.48e-22	92.4
WP_049587784.1	MER0001233|M16.A05|M16B	26.5	25.2	97.9	245	8.14e-15	72.0
WP_049587784.1	MER0188967|M16.A18|M16C	27.3	17.1	37.0	172	8.28e-11	62.0
WP_049587784.1	MER0003448|M16.016|M16B	22.9	18.5	73.2	170	2.59e-09	55.5
WP_049587784.1	MER0390687|M16.A15|M16B	25.8	14.4	77.7	132	4.46e-09	53.5
WP_049587784.1	MER0001218|M16.008|M16A	26.2	19.2	82.5	183	6.91e-09	53.9
WP_049587784.1	MER0011096|M16.A01|M16A	26.8	18.2	77.8	179	9.32e-09	53.5
WP_049587784.1	MER0015259|M16.017|M16A	26.4	18.1	77.4	178	1.26e-08	53.1
WP_049587784.1	MER0011744|M16.A02|M16A	26.5	18.4	78.8	181	1.01e-07	50.4
WP_049587784.1	MER0001223|M16.006|M16A	38.5	9.8	47.4	96	6.31e-07	47.8
WP_049587784.1	MER0026957|M16.977|M16B	21.7	16.6	68.3	152	2.80e-06	46.2
WP_049587784.1	MER0004423|M16.A20|M16B	26.2	18.3	71.1	168	7.21e-06	45.1
WP_049587784.1	MER0002008|M16.004|M16B	23.4	20.4	78.4	197	6.02e-05	42.4
WP_049587784.1	MER0035181|M16.A21|M16B	31.6	6.2	24.3	57	6.01e-04	39.3
WP_049587825.1	MER0002489|S12.003|S12	28.5	77.8	81.8	284	1.07e-31	119
WP_049587825.1	MER0026262|S12.008|S12	33.3	56.6	60.3	213	4.40e-25	100
WP_049587825.1	MER0005964|S12.951|S12	23.5	70.0	73.9	268	1.25e-21	91.3
WP_049587825.1	MER1143079|S12.013|S12	26.6	57.1	67.8	207	8.24e-16	73.6
WP_049587825.1	MER0000459|S12.001|S12	22.1	82.5	93.1	330	1.47e-15	73.6
WP_049587825.1	MER0354941|S12.A22|S12	24.1	52.8	99.5	199	2.17e-13	65.1
WP_049587825.1	MER0028284|S12.010|S12	27.3	47.2	47.5	165	5.48e-12	62.8
WP_049587825.1	MER0005923|S12.004|S12	23.3	68.5	68.6	318	5.83e-12	63.2
WP_049587825.1	MER0005925|S12.A13|S12	26.6	42.3	44.2	158	1.03e-11	62.0
WP_049587825.1	MER0003802|S12.A21|S12	23.5	70.6	82.4	268	1.16e-11	61.6
WP_049587825.1	MER0017069|S12.009|S12	27.3	55.4	57.0	198	1.28e-11	61.6
WP_049587825.1	MER0000463|S12.006|S12	25.7	66.2	63.1	237	3.38e-11	60.5
WP_049587825.1	MER0003800|S12.952|S12	23.5	54.2	49.4	204	4.00e-11	60.5
WP_049587825.1	MER0004090|S12.A03|S12	24.7	42.6	39.9	154	6.75e-11	59.7
WP_049587825.1	MER0005836|S12.A12|S12	27.2	63.8	90.5	232	1.07e-10	58.2
WP_049587825.1	MER0219770|S12.011|S12	21.9	46.4	50.5	160	1.67e-09	55.1
WP_049587825.1	MER0140154|S12.A27|S12	22.6	49.3	54.9	186	4.45e-09	53.9
WP_049587825.1	MER0006204|S12.950|S12	25.0	52.2	50.1	192	1.18e-08	52.8
WP_049587825.1	MER0122661|S12.A28|S12	23.1	45.5	44.7	156	2.50e-08	51.6
WP_049587825.1	MER0011700|S12.A16|S12	23.0	51.9	53.5	204	3.58e-07	48.1
WP_049587825.1	MER0000457|S12.002|S12	23.0	56.0	55.1	196	4.40e-07	47.8
WP_049587825.1	MER0004154|S12.012|S12	23.4	53.6	55.4	197	4.44e-06	44.7
WP_049587825.1	MER0015683|S12.A01|S12	24.7	48.7	57.4	170	4.96e-04	38.1
WP_049587878.1	MER0014140|M56.003|M56	28.9	38.5	59.1	180	5.50e-15	72.0
WP_049587878.1	MER0003629|M56.002|M56	26.5	32.9	45.9	136	1.28e-14	70.9
WP_049587878.1	MER0014137|M56.001|M56	27.1	30.8	42.5	129	5.19e-06	44.7
WP_049587899.1	MER0002601|C56.976|C56	45.6	61.4	79.9	114	1.67e-26	95.5
WP_049587899.1	MER0002455|C56.001|C56	41.2	64.7	85.3	119	6.10e-26	94.0
WP_049587899.1	MER0014721|C56.A01|C56	32.7	56.0	66.7	107	4.55e-14	63.5
WP_049587905.1	MER0223878|C60.008|C60A	33.9	57.7	56.1	112	8.98e-10	52.8
WP_049587905.1	MER0066140|C60.005|C60A	28.9	58.2	77.9	114	1.03e-07	46.2
WP_049587905.1	MER0033576|C60.004|C60A	30.6	54.5	74.1	108	4.95e-07	44.3
WP_049587951.1	MER0011700|S12.A16|S12	25.4	62.4	91.0	343	1.36e-16	78.2
WP_049587951.1	MER0003802|S12.A21|S12	25.0	54.7	80.1	288	5.76e-11	60.5
WP_049587951.1	MER0006204|S12.950|S12	22.7	54.7	78.8	304	2.36e-08	52.8
WP_049587951.1	MER0028284|S12.010|S12	23.5	68.0	97.0	361	5.73e-05	42.0
WP_049587951.1	MER0122661|S12.A28|S12	22.0	50.3	69.5	254	1.01e-04	41.2
WP_049587978.1	MER0000268|S01.480|S01C	31.9	71.6	100	188	4.60e-15	67.8
WP_049587978.1	MER0005093|S01.441|S01C	27.8	65.5	95.8	176	1.02e-12	61.6
WP_049587978.1	MER0004086|S01.B81|S01C	28.9	71.6	99.4	190	3.41e-12	60.1
WP_049587978.1	MER0005094|S01.279|S01C	29.7	71.6	100	192	5.45e-11	56.6
WP_049587978.1	MER0016351|S01.285|S01C	29.5	71.6	100	190	8.70e-10	53.1
WP_049587978.1	MER0014795|S01.284|S01C	28.8	71.6	100	191	8.58e-09	50.4
WP_049587978.1	MER0010944|S01.474|S01C	28.7	61.3	87.7	167	4.80e-08	48.5
WP_049587978.1	MER0005468|S01.491|S01C	27.2	62.1	88.6	169	1.01e-07	47.4
WP_049587978.1	MER0014064|S01.A03|S01C	28.5	63.6	92.4	172	1.36e-07	47.0
WP_049588016.1	MER0210990|S33.A66|S33	37.0	38.0	30.5	119	1.06e-09	55.5
WP_049588016.1	MER0004146|S33.995|S33	24.3	86.5	93.1	268	6.48e-06	43.5
WP_049588016.1	MER0014065|S33.974|S33	27.7	42.9	34.8	130	2.53e-05	42.0
WP_049588016.1	MER0037236|S33.016|S33	28.0	37.0	37.9	118	6.62e-05	40.4
WP_049588016.1	MER0017142|S33.994|S33	26.7	75.9	81.7	247	8.33e-05	40.0
WP_049588038.1	MER0181656|N06.A01|N06	39.2	91.4	100	347	5.75e-70	220
WP_049588038.1	MER0123660|N06.001|N06	32.0	90.6	95.2	353	2.70e-45	156
WP_049588038.1	MER0181660|N06.004|N06	30.6	92.2	98.0	346	1.14e-38	138
WP_049588038.1	MER0187143|N06.003|N06	29.9	90.4	97.4	348	1.99e-38	137
WP_049588038.1	MER0181703|N06.002|N06	26.3	85.0	92.3	323	2.49e-26	104
WP_049588071.1	MER0065588|C26.965|C26	32.1	100	99.0	212	6.26e-22	85.9
WP_049588114.1	MER0003380|M23.011|M23B	35.9	52.2	95.0	231	6.83e-46	156
WP_049588114.1	MER0013541|M23.014|M23B	48.3	19.7	98.9	87	1.40e-23	91.3
WP_049588114.1	MER0069741|M23.009|M23B	32.1	37.2	96.5	168	3.18e-21	87.4
WP_049588114.1	MER0003423|M23.012|M23B	36.3	22.7	71.3	102	9.13e-17	73.9
WP_049588114.1	MER0003376|M23.005|M23B	42.7	20.2	57.8	96	1.14e-16	74.3
WP_049588114.1	MER0387040|M23.A03|M23B	40.2	22.9	94.2	102	2.15e-16	71.6
WP_049588114.1	MER0001419|M23.004|M23B	35.3	22.7	71.3	102	5.91e-16	71.6
WP_049588114.1	MER0066182|M23.A04|M23B	39.6	23.8	50.8	106	1.45e-15	72.0
WP_049588114.1	MER0003906|M23.013|M23B	32.6	20.4	86.8	92	4.46e-11	56.6
WP_049588114.1	MER0005300|M23.950|M23B	34.7	22.2	58.3	98	9.62e-10	54.3
WP_049588114.1	MER0015415|M23.951|M23B	33.7	18.6	48.8	83	5.00e-09	52.4
WP_049588114.1	MER0025070|M23.010|M23B	29.3	20.4	83.9	99	2.69e-05	40.4
WP_049588114.1	MER0388771|M23.A06|M23B	29.9	20.0	85.1	97	3.39e-05	40.0
WP_049588146.1	MER0002038|M24.006|M24B	36.6	57.9	99.6	235	2.98e-40	140
WP_049588146.1	MER0004931|M24.008|M24B	33.8	57.4	98.7	231	2.34e-37	132
WP_049588146.1	MER0005462|M24.031|M24B	31.6	57.4	98.7	231	2.53e-34	124
WP_049588146.1	MER0004532|M24.034|M24B	33.3	54.6	93.4	219	1.82e-32	119
WP_049588146.1	MER0005715|M24.A11|M24B	35.0	55.1	93.6	226	1.09e-28	109
WP_049588146.1	MER0001244|M24.004|M24B	27.2	54.6	92.7	243	1.17e-18	82.0
WP_049588146.1	MER0013463|M24.026|M24B	29.9	40.6	70.8	187	7.04e-16	73.9
WP_049588146.1	MER0016542|M24.A04|M24B	33.8	36.9	53.6	157	4.52e-14	68.9
WP_049588146.1	MER0013450|M24.036|M24A	23.2	56.1	98.4	254	7.17e-12	62.0
WP_049588146.1	MER0027437|M24.038|M24B	29.3	33.9	52.2	140	1.07e-10	58.5
WP_049588333.1	MER0031618|S33.979|S33	27.5	36.6	37.2	109	2.94e-04	38.5
WP_049588333.1	MER0036052|S33.A11|S33	36.8	24.8	22.2	76	9.99e-04	37.0
WP_049588340.1	MER0002007|M20.008|M20D	39.6	90.7	95.7	396	2.75e-85	263
WP_049588340.1	MER0002014|M20.A03|M20D	35.6	94.0	99.0	410	2.89e-74	234
WP_049588340.1	MER0002655|M20.015|M20D	38.2	88.0	93.7	382	5.43e-74	233
WP_049588340.1	MER0002659|M20.014|M20D	35.9	91.9	97.2	407	3.17e-73	232
WP_049588340.1	MER0002013|M20.A02|M20D	35.5	92.1	97.5	417	4.82e-65	211
WP_049588340.1	MER0005155|M20.A06|M20D	34.7	88.2	95.8	383	3.60e-64	208
WP_049588340.1	MER0003770|M20.A27|M20D	31.0	90.0	97.3	390	1.15e-53	180
WP_049588340.1	MER0005173|M20.A05|M20D	32.5	87.3	95.2	381	3.22e-52	176
WP_049588340.1	MER0005163|M20.009|M20D	49.1	39.6	58.7	171	8.72e-43	148
WP_049588340.1	MER0003815|M20.A04|M20D	29.5	91.7	94.7	400	1.20e-39	141
WP_049588340.1	MER0003581|M20.020|M20D	29.1	81.0	100	358	6.94e-36	132
WP_049588340.1	MER0015354|M20.A01|M20D	39.7	47.9	70.0	219	4.98e-35	128
WP_049588340.1	MER0002664|M20.A26|M20D	39.2	36.6	48.2	158	5.08e-23	95.1
WP_049588350.1	MER0011583|S09.079|S09D	37.7	34.0	96.8	247	4.63e-45	158
WP_049588350.1	MER0017401|S09.071|S09C	32.3	31.9	93.3	226	7.01e-33	124
WP_049588350.1	MER0034615|S09.075|S09C	30.0	31.9	93.5	230	1.86e-29	114
WP_049588350.1	MER0000408|S09.004|S09C	27.3	30.8	88.9	227	8.10e-24	98.2
WP_049588350.1	MER0000263|S09.012|S09C	28.5	32.3	96.3	239	5.42e-23	95.5
WP_049588350.1	MER0016096|S09.056|S09C	27.3	31.2	93.0	231	3.89e-19	84.3
WP_049588350.1	MER0003558|S09.A83|S09C	27.1	31.3	84.2	221	1.74e-18	82.8
WP_049588350.1	MER0015682|S09.074|S09C	26.0	33.9	84.6	265	5.17e-17	79.3
WP_049588350.1	MER0058228|S09.009|S09B	25.4	33.0	95.5	240	3.94e-16	75.5
WP_049588350.1	MER0000401|S09.003|S09B	26.4	30.6	81.4	220	4.96e-14	69.7
WP_049588350.1	MER0005196|S09.017|S09B	28.1	21.9	64.0	160	5.48e-14	69.3
WP_049588350.1	MER0000399|S09.007|S09B	27.7	19.5	54.0	141	4.11e-12	63.9
WP_049588350.1	MER0011413|S09.016|S09B	30.4	18.5	57.3	138	5.59e-12	63.2
WP_049588350.1	MER0001423|S09.013|S09B	22.5	32.9	100	240	1.24e-11	62.0
WP_049588350.1	MER0005807|S09.070|S09C	27.1	28.8	72.0	203	9.15e-11	60.1
WP_049588350.1	MER0011305|S09.A64|S09B	24.4	32.5	89.5	238	1.44e-09	56.2
WP_049588350.1	MER0004921|S09.A75|S09B	28.9	18.5	57.0	135	7.21e-08	50.8
WP_049588350.1	MER0004504|S09.008|S09B	27.2	17.9	56.1	136	7.53e-07	47.8
WP_049588350.1	MER0000404|S09.005|S09B	25.0	17.8	49.8	132	1.66e-06	47.0
WP_049588350.1	MER0192427|S09.A96|S09C	26.9	18.5	48.0	134	7.53e-06	45.1
WP_049588350.1	MER0003361|S09.A93|S09B	23.9	29.9	83.7	222	8.28e-06	44.7
WP_049588360.1	MER0001978|T03.001|T03	46.6	86.4	89.5	500	4.93e-144	424
WP_049588360.1	MER0011800|T03.A01|T03	33.8	84.3	82.1	494	3.76e-76	249
WP_049588360.1	MER0011811|T03.A03|T03	35.5	81.6	82.6	485	4.10e-73	241
WP_049588360.1	MER0003580|T03.011|T03	32.9	84.3	87.0	492	6.46e-72	237
WP_049588360.1	MER0004194|T03.A07|T03	35.4	82.9	91.2	492	4.97e-70	231
WP_049588360.1	MER0005029|T03.009|T03	34.2	79.5	87.9	485	1.11e-69	231
WP_049588360.1	MER0002720|T03.023|T03	32.7	86.9	94.7	505	3.53e-65	217
WP_049588360.1	MER0011215|T03.A04|T03	32.8	83.2	95.0	497	1.38e-63	214
WP_049588360.1	MER0011211|T03.007|T03	31.5	88.3	92.1	523	3.10e-63	214
WP_049588360.1	MER0001629|T03.006|T03	32.3	87.2	90.9	517	2.87e-61	209
WP_049588360.1	MER0011143|T03.005|T03	32.7	83.4	85.2	495	5.89e-61	208
WP_049588360.1	MER0006124|T03.A05|T03	32.6	86.5	89.8	519	2.37e-57	198
WP_049588360.1	MER0005831|T03.A06|T03	32.7	79.5	82.6	483	3.10e-56	195
WP_049588360.1	MER0002728|T03.012|T03	28.9	82.7	85.9	505	1.04e-44	164
WP_049588360.1	MER0004202|T03.013|T03	27.1	89.0	95.2	539	3.73e-40	150
WP_049588360.1	MER0011193|T03.010|T03	26.7	88.8	94.5	531	1.86e-39	148
WP_049588360.1	MER0001977|T03.002|T03	25.8	86.9	90.5	520	2.81e-33	130
WP_049588360.1	MER0094876|T03.025|T03	26.9	90.2	99.0	540	7.89e-33	129
WP_049588360.1	MER0002718|T03.008|T03	37.3	30.9	95.3	185	3.70e-24	97.1
WP_049588360.1	MER0006132|T03.014|T03	23.6	83.9	88.1	576	6.42e-23	99.8
WP_049588360.1	MER0002721|T03.016|T03	35.1	31.1	81.4	208	4.31e-22	92.8
WP_049588360.1	MER0026205|T03.019|T03	36.5	32.7	84.4	192	1.52e-21	90.5
WP_049588360.1	MER0026204|T03.018|T03	28.6	33.6	82.4	196	5.27e-19	83.2
WP_049588360.1	MER0003440|T03.A08|T03	26.2	71.2	86.0	412	1.04e-18	85.5
WP_049588360.1	MER0001976|T03.015|T03	37.2	24.8	62.3	145	1.55e-15	72.8
WP_049588396.1	MER0004146|S33.995|S33	23.0	72.2	66.7	183	3.18e-04	37.7
WP_049588406.1	MER0016222|M103.950|M103	54.9	99.5	97.8	441	6.40e-166	471
WP_049588406.1	MER0028087|M103.002|M103	27.4	95.3	96.1	427	9.34e-40	145
WP_049588406.1	MER0016248|M103.003|M103	32.9	51.5	94.0	234	8.31e-35	127
WP_049588410.1	MER0016301|M103.001|M103	64.1	96.9	98.9	465	1.77e-209	584
WP_049588410.1	MER0016248|M103.003|M103	27.0	49.0	90.4	237	6.94e-20	85.9
WP_049588410.1	MER0028087|M103.002|M103	29.4	37.5	38.0	180	1.85e-17	81.3
WP_049588410.1	MER0016222|M103.950|M103	21.3	81.7	83.6	399	1.23e-10	60.1
WP_049588439.1	MER0003558|S09.A83|S09C	33.8	30.2	80.4	210	1.08e-28	112
WP_049588439.1	MER0001920|S09.A77|S09C	30.7	33.5	93.5	231	3.65e-28	110
WP_049588439.1	MER0018170|S09.057|S09C	30.8	34.1	92.1	234	4.19e-28	110
WP_049588439.1	MER0015682|S09.074|S09C	32.5	31.1	66.3	206	3.25e-27	109
WP_049588439.1	MER0140224|S09.B03|S09X	34.6	27.1	78.6	188	2.21e-24	99.4
WP_049588439.1	MER0005807|S09.070|S09C	32.8	29.6	70.5	198	3.53e-24	99.8
WP_049588439.1	MER0126485|S09.072|S09X	27.0	34.7	96.6	233	1.75e-21	90.9
WP_049588439.1	MER0017401|S09.071|S09C	29.6	33.0	92.1	223	6.80e-18	80.5
WP_049588439.1	MER0001423|S09.013|S09B	25.2	34.5	100	238	2.72e-17	78.6
WP_049588439.1	MER0005994|S09.A03|S09B	26.0	33.6	87.4	242	6.81e-16	75.1
WP_049588439.1	MER0005987|S09.A65|S09B	28.6	33.2	84.0	227	5.53e-15	72.4
WP_049588439.1	MER0000408|S09.004|S09C	25.6	28.4	79.0	207	3.14e-13	67.0
WP_049588439.1	MER0192427|S09.A96|S09C	24.2	34.1	81.7	236	1.94e-12	65.1
WP_049588439.1	MER0000399|S09.007|S09B	26.7	33.3	84.7	232	3.81e-12	63.9
WP_049588439.1	MER0005694|S09.076|S09A	24.2	32.6	79.2	227	1.19e-11	62.8
WP_049588439.1	MER0034615|S09.075|S09C	25.3	25.3	71.1	178	8.29e-11	59.7
WP_049588439.1	MER0011231|S09.069|S09B	25.3	37.7	96.9	261	1.34e-10	59.3
WP_049588439.1	MER0195666|S09.073|S09B	24.5	27.5	76.7	200	4.58e-10	57.4
WP_049588439.1	MER0014827|S09.021|S09D	23.3	37.1	98.1	266	5.81e-10	57.4
WP_049588439.1	MER0004925|S09.021|S09D	23.3	37.1	98.1	266	1.40e-09	56.2
WP_049588439.1	MER0004921|S09.A75|S09B	26.0	27.5	77.2	192	1.45e-09	55.8
WP_049588439.1	MER0000263|S09.012|S09C	28.1	25.9	73.9	185	1.51e-09	55.8
WP_049588439.1	MER0017248|S09.A36|S09X	23.3	30.0	67.2	210	9.16e-07	47.8
WP_049588454.1	MER0004964|M14.950|M14B	32.9	8.9	42.1	85	3.26e-04	39.7
WP_049588457.1	MER0023167|C01.128|C01A	28.4	37.8	94.0	257	3.47e-12	63.9
WP_049588457.1	MER0031234|C01.164|C01A	25.8	35.3	85.9	233	3.65e-09	54.7
WP_049588523.1	MER0001250|M24.003|M24B	52.9	65.0	99.7	289	9.63e-107	315
WP_049588523.1	MER0001733|M24.A09|M24B	31.1	63.4	95.5	286	4.57e-37	134
WP_049588523.1	MER0001248|M24.007|M24B	31.3	51.0	89.3	230	3.40e-34	125
WP_049588523.1	MER0001244|M24.004|M24B	28.7	63.4	94.7	282	4.39e-27	106
WP_049588523.1	MER0028601|M24.033|M24B	28.1	64.1	96.2	288	9.40e-24	97.1
WP_049588523.1	MER0013463|M24.026|M24B	26.3	56.2	79.2	251	1.18e-15	73.6
WP_049588523.1	MER0004931|M24.008|M24B	22.3	63.7	96.5	282	1.05e-12	64.3
WP_049588523.1	MER0005715|M24.A11|M24B	25.5	53.5	87.2	239	3.78e-12	62.8
WP_049588590.1	MER0037236|S33.016|S33	36.4	89.1	96.9	258	6.79e-44	147
WP_049588590.1	MER0004146|S33.995|S33	34.4	93.8	99.6	270	6.87e-40	136
WP_049588590.1	MER0036073|S33.A35|S33	26.0	90.2	80.7	269	1.49e-14	69.3
WP_049588590.1	MER0036053|S33.A01|S33	36.1	39.1	39.5	108	1.72e-14	68.6
WP_049588590.1	MER0014065|S33.974|S33	28.2	61.6	52.4	181	2.47e-13	65.9
WP_049588590.1	MER0043008|S33.A18|S33	31.6	39.9	41.6	114	4.61e-12	61.6
WP_049588590.1	MER0003537|S33.005|S33	25.4	88.0	90.6	264	5.33e-12	61.6
WP_049588590.1	MER0036076|S33.A33|S33	25.8	86.6	79.5	248	5.59e-12	61.6
WP_049588590.1	MER0035973|S33.A14|S33	23.5	86.2	80.8	243	9.84e-12	60.8
WP_049588590.1	MER0036066|S33.A04|S33	24.7	85.5	99.6	247	1.42e-10	57.0
WP_049588590.1	MER0036056|S33.A10|S33	24.4	90.2	81.1	271	2.35e-10	57.0
WP_049588590.1	MER0031617|S33.978|S33	26.3	40.9	38.4	114	8.71e-10	55.1
WP_049588590.1	MER0036054|S33.A02|S33	29.5	37.7	37.2	105	1.11e-09	54.7
WP_049588590.1	MER0036057|S33.A09|S33	25.4	84.1	77.5	252	1.26e-09	54.7
WP_049588590.1	MER0011509|S33.A84|S33	32.2	38.0	33.3	115	1.35e-09	54.7
WP_049588590.1	MER0011785|S33.009|S33	31.2	38.0	32.6	109	1.88e-09	54.3
WP_049588590.1	MER0036065|S33.A03|S33	24.5	58.7	72.3	188	2.42e-09	53.5
WP_049588590.1	MER0036068|S33.A19|S33	24.3	85.9	82.0	255	4.05e-09	53.1
WP_049588590.1	MER0003280|S33.990|S33	27.7	57.2	53.8	166	1.72e-08	51.2
WP_049588590.1	MER0044578|S33.A28|S33	21.7	82.6	73.0	263	5.05e-08	50.1
WP_049588590.1	MER0044581|S33.A27|S33	22.6	82.6	72.2	265	5.10e-08	50.1
WP_049588590.1	MER0017033|S33.A15|S33	22.6	84.1	77.0	252	5.85e-08	49.7
WP_049588590.1	MER0031610|S33.976|S33	21.5	88.8	82.4	256	2.54e-07	47.8
WP_049588590.1	MER0036074|S33.A34|S33	22.4	82.2	68.9	286	5.62e-07	47.0
WP_049588590.1	MER0044633|S33.A26|S33	26.5	40.6	32.7	117	2.21e-05	42.0
WP_049588638.1	MER0003273|S26.016|S26A	31.8	72.4	87.7	157	7.44e-22	85.1
WP_049588638.1	MER0001510|S26.007|S26A	31.4	77.4	94.2	169	1.89e-20	81.3
WP_049588638.1	MER0055964|S26.A02|S26A	32.3	75.1	93.3	164	4.40e-20	80.1
WP_049588638.1	MER0000589|S26.001|S26A	28.3	84.3	97.2	240	4.36e-19	79.7
WP_049588638.1	MER0002550|S26.004|S26A	32.1	74.2	89.7	162	2.10e-18	75.9
WP_049588638.1	MER0015620|S26.A01|S26A	32.3	75.1	90.8	164	2.05e-17	73.2
WP_049588638.1	MER0013626|S26.026|S26A	28.5	75.6	90.2	165	2.86e-17	72.8
WP_049588638.1	MER0028421|S26.018|S26A	30.7	70.5	84.8	153	3.20e-17	72.8
WP_049588638.1	MER0003269|S26.008|S26A	30.4	75.1	91.0	168	5.97e-17	72.0
WP_049588638.1	MER0001912|S26.005|S26A	30.5	69.6	82.6	151	3.16e-15	67.4
WP_049588638.1	MER0000592|S26.003|S26A	30.1	74.2	89.7	163	2.30e-14	65.1
WP_049588638.1	MER0015994|S26.019|S26A	29.1	72.8	91.3	172	4.87e-13	61.6
WP_049588638.1	MER0004537|S26.025|S26A	30.0	74.2	91.5	190	2.08e-12	60.5
WP_049588638.1	MER0016034|S26.020|S26A	29.4	68.2	87.0	160	2.23e-12	59.7
WP_049588638.1	MER0006313|S26.006|S26A	26.3	71.0	90.1	167	3.54e-09	50.8
WP_049588638.1	MER0003268|S26.015|S26A	26.5	69.1	85.6	170	1.01e-08	50.1
WP_049588638.1	MER0000597|S26.002|S26A	28.7	52.5	54.9	115	1.66e-04	37.7
WP_049588639.1	MER0195774|M16.019|M16B	37.0	18.6	100	181	1.03e-28	110
WP_049588639.1	MER0001233|M16.A05|M16B	26.6	24.1	97.5	248	6.45e-15	72.4
WP_049588639.1	MER0001229|M16.003|M16B	25.8	21.7	95.4	213	1.39e-14	70.9
WP_049588639.1	MER0043985|M16.980|M16B	25.8	21.7	87.7	213	1.94e-14	70.9
WP_049588639.1	MER0188967|M16.A18|M16C	27.1	25.0	57.0	269	2.68e-14	73.2
WP_049588639.1	MER0003543|M16.973|M16B	26.5	22.5	95.1	226	3.07e-11	61.2
WP_049588639.1	MER0122186|M16.A14|M16A	28.6	19.2	91.0	192	3.69e-11	60.5
WP_049588639.1	MER0003448|M16.016|M16B	26.3	22.3	93.0	217	1.05e-10	59.7
WP_049588639.1	MER0011096|M16.A01|M16A	29.4	19.3	89.6	197	2.03e-10	58.5
WP_049588639.1	MER0011744|M16.A02|M16A	27.3	19.5	90.6	198	2.23e-09	55.5
WP_049588639.1	MER0026957|M16.977|M16B	23.5	17.1	75.7	166	2.63e-08	52.4
WP_049588639.1	MER0001218|M16.008|M16A	27.0	20.1	98.1	215	3.28e-08	52.0
WP_049588639.1	MER0001222|M16.001|M16A	26.4	19.5	90.4	193	3.42e-07	48.9
WP_049588639.1	MER0015090|M16.975|M16B	20.5	17.5	74.8	171	7.45e-07	48.1
WP_049588639.1	MER0024891|M16.A22|M16C	28.3	15.9	47.5	166	1.52e-06	48.1
WP_049588639.1	MER0004423|M16.A20|M16B	27.4	18.1	73.8	179	1.85e-05	43.9
WP_049588639.1	MER0011292|M16.A07|M16A	23.4	19.5	91.4	222	1.49e-04	41.2
WP_049588639.1	MER0035181|M16.A21|M16B	25.2	13.5	52.8	131	3.61e-04	40.0
WP_049588641.1	MER0066178|S09.B07|S09X	25.9	62.9	77.4	185	4.57e-06	43.5
WP_049588645.1	MER0065588|C26.965|C26	50.8	94.7	99.0	199	1.86e-66	200
WP_049588645.1	MER0043537|C26.A31|C26	23.6	94.7	97.3	208	7.78e-07	44.7
WP_049588645.1	MER0042974|C26.A07|C26	24.8	65.1	62.4	141	1.94e-04	37.7
WP_049588705.1	MER0041647|S16.007|S16	44.4	29.9	95.2	239	1.20e-59	199
WP_049588705.1	MER0003018|S16.A10|S16	45.7	27.2	98.2	219	2.57e-58	195
WP_049588705.1	MER0017402|S16.A11|S16	29.8	25.6	85.5	208	1.25e-16	76.6
WP_049588705.1	MER0003859|S16.005|S16	30.2	28.4	87.7	242	1.29e-14	71.2
WP_049588705.1	MER0003359|S16.008|S16	39.0	14.8	43.6	118	1.51e-14	70.9
WP_049588705.1	MER0003017|S16.A05|S16	26.4	19.9	89.5	159	4.80e-09	53.1
WP_049588705.1	MER0026213|S16.A14|S16	34.2	9.1	25.5	73	1.04e-04	41.6
WP_049588705.1	MER0003443|S16.003|S16	36.4	9.6	30.8	77	2.74e-04	40.0
WP_049588719.1	MER0058228|S09.009|S09B	51.5	32.4	98.3	241	4.17e-77	245
WP_049588719.1	MER0005196|S09.017|S09B	42.2	33.4	97.6	251	2.19e-61	203
WP_049588719.1	MER0001423|S09.013|S09B	42.6	30.3	96.1	223	1.25e-59	198
WP_049588719.1	MER0013484|S09.018|S09B	40.8	30.4	94.6	228	4.06e-57	191
WP_049588719.1	MER0004923|S09.019|S09B	35.7	35.3	94.8	277	3.34e-54	185
WP_049588719.1	MER0011413|S09.016|S09B	38.1	29.7	93.3	223	1.71e-50	173
WP_049588719.1	MER0005994|S09.A03|S09B	36.5	34.2	96.6	255	2.29e-49	171
WP_049588719.1	MER0004921|S09.A75|S09B	42.2	29.3	91.6	225	1.05e-48	168
WP_049588719.1	MER0192427|S09.A96|S09C	38.4	31.8	82.8	237	6.16e-47	165
WP_049588719.1	MER0005987|S09.A65|S09B	34.1	33.2	93.5	249	1.62e-44	157
WP_049588719.1	MER0004504|S09.008|S09B	35.4	29.9	95.4	229	1.28e-42	151
WP_049588719.1	MER0011231|S09.069|S09B	35.4	32.6	91.2	243	4.78e-42	150
WP_049588719.1	MER0011305|S09.A64|S09B	38.8	33.6	96.1	255	5.72e-42	150
WP_049588719.1	MER0000399|S09.007|S09B	33.5	32.6	91.2	248	2.24e-41	149
WP_049588719.1	MER0195666|S09.073|S09B	35.0	32.2	99.6	243	4.46e-41	147
WP_049588719.1	MER0000401|S09.003|S09B	34.1	29.9	83.7	223	1.27e-38	141
WP_049588719.1	MER0000405|S09.006|S09B	32.5	34.1	91.8	255	2.86e-36	134
WP_049588719.1	MER0004199|S09.A76|S09B	35.3	29.9	96.4	224	8.18e-34	126
WP_049588719.1	MER0004193|S09.A74|S09B	32.9	29.7	92.0	222	3.43e-32	122
WP_049588719.1	MER0000404|S09.005|S09B	33.5	30.5	85.7	233	1.08e-30	118
WP_049588719.1	MER0000403|S09.973|S09X	28.7	33.8	94.3	258	3.43e-26	105
WP_049588719.1	MER0003361|S09.A93|S09B	29.2	25.2	74.0	195	6.98e-20	86.7
WP_049588719.1	MER0017401|S09.071|S09C	29.8	29.9	93.7	238	2.78e-19	84.7
WP_049588719.1	MER0005988|S09.974|S09X	37.3	14.8	98.2	110	6.36e-18	77.0
WP_049588719.1	MER0034615|S09.075|S09C	24.1	32.4	98.8	249	2.20e-17	79.3
WP_049588737.1	MER0061081|S09.A39|S09X	55.4	97.9	100	276	3.98e-109	314
WP_049588737.1	MER0061059|S09.940|S09B	50.7	97.9	100	274	1.02e-101	295
WP_049588737.1	MER0043126|S09.990|S09X	49.5	99.3	99.3	281	3.55e-97	284
WP_049588752.1	MER0001019|M02.004|M02	43.2	90.8	89.6	558	3.20e-159	467
WP_049588752.1	MER0004971|M02.005|M02	41.7	89.1	97.0	554	8.34e-151	443
WP_049588752.1	MER0004967|M02.001|M02	45.9	72.9	80.7	449	7.32e-138	410
WP_049588752.1	MER0287029|M02.007|M02	41.9	83.8	99.6	525	1.04e-134	400
WP_049588752.1	MER0001987|M02.003|M02	37.3	92.7	95.7	577	6.98e-129	388
WP_049588752.1	MER0002827|M02.002|M02	40.6	82.3	84.0	512	2.88e-126	382
WP_049588752.1	MER0011061|M02.006|M02	35.2	94.2	97.0	588	1.82e-116	356
WP_049588752.1	MER0021909|M02.971|M02	31.7	57.4	91.9	378	4.10e-60	202
WP_049588752.1	MER0020514|M02.972|M02	31.8	44.6	88.2	280	9.38e-40	144
WP_049588762.1	MER0004775|M13.009|M13	42.8	93.0	97.6	642	8.88e-189	547
WP_049588762.1	MER0011838|M13.007|M13	30.3	93.6	97.4	676	8.90e-99	315
WP_049588762.1	MER0002988|M13.A16|M13	30.8	90.3	94.5	659	1.75e-97	312
WP_049588762.1	MER0013406|M13.008|M13	30.0	93.6	97.6	686	2.63e-97	311
WP_049588762.1	MER0001991|M13.003|M13	31.4	91.1	95.3	652	1.32e-95	306
WP_049588762.1	MER0011159|M13.A15|M13	30.9	93.0	96.9	674	1.16e-93	301
WP_049588762.1	MER0001056|M13.002|M13	30.4	93.6	97.5	672	3.94e-93	300
WP_049588762.1	MER0011141|M13.A14|M13	29.0	94.3	98.3	683	1.43e-92	299
WP_049588762.1	MER0001050|M13.001|M13	29.7	93.3	97.3	691	1.38e-90	294
WP_049588762.1	MER0002350|M13.013|M13	30.3	94.5	98.4	700	9.86e-89	289
WP_049588762.1	MER0002062|M13.091|M13	30.4	91.0	95.1	672	8.34e-87	284
WP_049588762.1	MER0001058|M13.004|M13	28.0	91.9	99.4	642	1.73e-83	273
WP_049588762.1	MER0019832|M13.010|M13	29.6	92.9	97.5	651	3.98e-83	273
WP_049588762.1	MER0019831|M13.014|M13	30.0	74.7	81.1	543	3.25e-80	265
WP_049588762.1	MER0005528|M13.012|M13	28.0	93.6	97.5	679	4.88e-77	257
WP_049588762.1	MER0004762|M13.015|M13	27.7	93.8	97.7	687	1.42e-76	256
WP_049588762.1	MER0001059|M13.005|M13	31.8	79.9	98.0	573	3.74e-73	244
WP_049588762.1	MER0002285|M13.A26|M13	27.1	93.2	96.9	672	2.97e-60	211
WP_049588762.1	MER0002997|M13.A31|M13	24.7	93.9	97.8	705	2.52e-58	206
WP_049588762.1	MER0001365|M13.A20|M13	33.6	45.9	46.5	348	9.39e-46	171
WP_049588762.1	MER0162857|M13.A19|M13	28.9	49.3	48.0	363	2.11e-44	167
WP_049588762.1	MER0038668|M13.016|M13	26.2	74.7	96.4	596	1.77e-42	159
WP_049588762.1	MER0001054|M13.090|M13	25.4	92.6	96.4	674	2.37e-42	160
WP_049588762.1	MER0015175|M13.011|M13	24.1	94.5	97.6	746	6.49e-41	156
WP_049588762.1	MER0011427|M13.A08|M13	29.1	46.2	50.2	351	6.80e-38	147
WP_049588780.1	MER0043394|C26.955|C26	60.6	85.1	98.2	165	1.15e-68	204
WP_049588780.1	MER0045094|C26.959|C26	47.0	93.8	74.3	183	1.40e-51	163
WP_049588780.1	MER0044622|C26.A25|C26	45.5	96.9	72.8	191	2.49e-50	160
WP_049588780.1	MER0044882|C26.A09|C26	40.0	87.1	94.0	175	5.92e-37	124
WP_049588780.1	MER0043392|C26.960|C26	40.6	83.5	93.5	165	5.86e-34	115
WP_049588780.1	MER0045095|C26.958|C26	34.6	99.0	79.4	214	5.47e-26	97.8
WP_049588780.1	MER0043537|C26.A31|C26	30.7	96.9	96.3	189	1.19e-24	92.4
WP_049588780.1	MER0043195|C26.A30|C26	27.7	95.9	79.6	202	6.80e-16	70.5
WP_049588780.1	MER0044619|C26.A26|C26	29.1	96.9	78.1	196	2.05e-14	66.2
WP_049588780.1	MER0044812|C26.A04|C26	24.1	83.5	62.3	162	8.08e-14	64.7
WP_049588780.1	MER0115185|C26.954|C26	28.8	71.1	90.9	139	6.25e-11	55.1
WP_049588780.1	MER0045945|C26.963|C26	25.7	72.2	59.2	140	1.25e-09	52.8
WP_049588780.1	MER0043387|C26.950|C26	28.4	59.8	61.9	116	1.81e-08	48.9
WP_049588780.1	MER0046161|C26.956|C26	29.0	84.0	55.5	169	4.94e-08	48.5
WP_049588780.1	MER0042974|C26.A07|C26	26.1	92.3	91.8	184	1.06e-07	47.0
WP_049588780.1	MER0044889|C26.A21|C26	28.0	73.7	56.6	143	1.08e-07	47.4
WP_049588780.1	MER0060647|C26.952|C26	28.2	66.0	34.8	131	1.94e-07	47.0
WP_049588780.1	MER0045886|C26.957|C26	24.5	96.4	75.8	192	8.86e-07	44.7
WP_049588780.1	MER0038086|C26.962|C26	27.5	60.8	46.8	120	4.28e-06	42.7
WP_049588780.1	MER0043540|C26.A33|C26	27.7	66.5	52.6	130	9.65e-06	41.6
WP_049588801.1	MER0037714|M38.981|M38	35.2	59.1	99.6	264	1.28e-44	153
WP_049588828.1	MER0062058|S08.130|S08A	57.9	51.1	100	430	6.20e-154	454
WP_049588828.1	MER0017009|S08.154|S08A	40.6	36.8	91.9	335	1.43e-57	197
WP_049588828.1	MER0004690|S08.012|S08A	36.5	30.5	74.7	274	1.72e-41	152
WP_049588828.1	MER0028365|S08.141|S08A	37.8	35.6	77.1	307	2.24e-41	153
WP_049588828.1	MER0042897|S08.133|S08A	39.6	31.5	84.5	268	2.50e-38	141
WP_049588828.1	MER0000311|S08.034|S08A	37.0	31.3	83.6	265	1.47e-35	133
WP_049588828.1	MER0054318|S08.041|S08A	34.2	35.5	87.7	304	1.59e-35	134
WP_049588828.1	MER0005931|S08.005|S08A	42.2	24.4	80.2	206	1.92e-34	129
WP_049588828.1	MER0000312|S08.042|S08A	36.6	31.3	83.6	265	5.82e-34	128
WP_049588828.1	MER0001523|S08.035|S08A	36.6	31.3	83.6	265	5.82e-34	128
WP_049588828.1	MER0000309|S08.001|S08A	36.4	31.3	83.6	264	7.72e-34	128
WP_049588828.1	MER0000333|S08.007|S08A	35.7	34.0	93.4	291	9.75e-34	127
WP_049588828.1	MER0077555|S08.028|S08A	35.3	35.0	96.4	300	1.42e-33	127
WP_049588828.1	MER0000326|S08.050|S08A	38.0	30.6	79.4	266	3.27e-33	127
WP_049588828.1	MER0000313|S08.036|S08A	36.6	31.3	83.6	265	3.65e-33	126
WP_049588828.1	MER0001928|S08.098|S08A	35.9	34.5	92.9	290	4.30e-33	125
WP_049588828.1	MER0001521|S08.044|S08A	36.6	31.3	83.6	265	9.15e-33	125
WP_049588828.1	MER0000316|S08.157|S08A	34.1	35.8	95.1	305	1.05e-32	124
WP_049588828.1	MER0001755|S08.002|S08A	36.2	31.3	83.6	265	2.29e-32	124
WP_049588828.1	MER0000310|S08.037|S08A	34.8	31.3	83.6	264	4.12e-32	123
WP_049588828.1	MER0000332|S08.009|S08A	34.0	35.0	94.5	294	1.77e-31	121
WP_049588828.1	MER0000315|S08.038|S08A	34.6	33.9	92.9	289	1.43e-30	118
WP_049588828.1	MER0001906|S08.003|S08A	34.6	33.9	92.9	289	1.95e-30	118
WP_049588828.1	MER0002575|S08.102|S08A	34.2	35.6	96.1	301	6.11e-30	117
WP_049588828.1	MER0001520|S08.010|S08A	34.3	33.9	92.9	289	6.60e-30	116
WP_049588841.1	MER0026469|M20.976|M20X	33.6	84.9	89.8	357	2.12e-56	187
WP_049588841.1	MER0026472|M20.A07|M20X	29.6	91.8	97.7	388	1.22e-47	162
WP_049588843.1	MER0094876|T03.025|T03	49.6	96.8	99.2	510	1.17e-157	456
WP_049588843.1	MER0001978|T03.001|T03	29.0	95.4	92.8	538	6.35e-44	160
WP_049588843.1	MER0011811|T03.A03|T03	27.1	95.6	93.3	542	4.22e-39	147
WP_049588843.1	MER0001629|T03.006|T03	26.4	95.8	93.3	538	4.50e-34	132
WP_049588843.1	MER0011800|T03.A01|T03	27.0	76.2	71.7	423	1.27e-31	125
WP_049588843.1	MER0003580|T03.011|T03	25.3	77.0	76.3	431	1.44e-27	113
WP_049588843.1	MER0002720|T03.023|T03	24.6	97.5	100	516	3.94e-26	108
WP_049588843.1	MER0006124|T03.A05|T03	26.4	97.9	93.0	552	1.62e-25	107
WP_049588843.1	MER0011215|T03.A04|T03	25.9	82.1	89.9	468	6.89e-25	104
WP_049588843.1	MER0016970|T03.017|T03	25.2	95.2	92.8	531	1.55e-23	100
WP_049588843.1	MER0011211|T03.007|T03	24.8	91.4	89.7	521	5.10e-21	93.2
WP_049588843.1	MER0004194|T03.A07|T03	23.5	96.6	100	541	6.09e-21	92.8
WP_049588843.1	MER0005029|T03.009|T03	24.0	96.6	100	562	4.62e-20	90.1
WP_049588843.1	MER0011143|T03.005|T03	24.5	82.5	80.7	465	2.01e-18	85.1
WP_049588843.1	MER0005831|T03.A06|T03	24.2	97.9	95.2	558	1.96e-17	82.0
WP_049588843.1	MER0006132|T03.014|T03	26.2	96.4	94.4	606	5.19e-17	80.9
WP_049588843.1	MER0011193|T03.010|T03	24.9	50.9	53.0	293	5.08e-14	71.2
WP_049588843.1	MER0026204|T03.018|T03	27.3	37.5	84.1	198	1.30e-12	64.3
WP_049588843.1	MER0002728|T03.012|T03	22.4	60.6	62.0	362	3.08e-10	59.3
WP_049588843.1	MER0003440|T03.A08|T03	23.6	73.5	85.3	403	4.92e-08	52.0
WP_049588843.1	MER0026205|T03.019|T03	25.4	35.2	83.1	201	1.07e-07	49.7
WP_049588843.1	MER0002718|T03.008|T03	28.2	24.4	77.0	149	1.76e-07	48.5
WP_049588843.1	MER0002721|T03.016|T03	26.0	35.0	84.2	219	6.01e-05	41.6
WP_049588929.1	MER0045886|C26.957|C26	45.3	44.0	94.5	232	4.18e-59	192
WP_049588929.1	MER0044889|C26.A21|C26	38.6	45.0	93.8	236	2.26e-47	162
WP_049588929.1	MER0042974|C26.A07|C26	40.8	36.6	97.9	196	8.12e-46	156
WP_049588929.1	MER0436735|C26.A34|C26	34.1	44.2	99.2	264	1.52e-45	157
WP_049588929.1	MER0038086|C26.962|C26	35.5	41.5	88.9	228	1.48e-36	133
WP_049588929.1	MER0043537|C26.A31|C26	34.6	35.8	95.7	188	8.33e-33	120
WP_049588929.1	MER0043387|C26.950|C26	35.7	35.2	100	185	2.28e-28	108
WP_049588929.1	MER0043394|C26.955|C26	30.6	30.1	92.7	160	4.87e-10	55.5
WP_049588929.1	MER0044882|C26.A09|C26	27.0	33.5	97.3	185	1.66e-09	54.3
WP_049588929.1	MER0044622|C26.A25|C26	23.6	30.3	59.9	161	1.08e-06	47.0
WP_049588929.1	MER0043392|C26.960|C26	26.9	28.8	84.0	160	3.26e-04	38.5
WP_049588949.1	MER0501051|S46.003|S46	33.0	96.8	99.8	701	4.23e-120	362
WP_049588949.1	MER0039993|S46.004|S46	32.4	94.6	97.8	692	2.00e-99	318
WP_049588949.1	MER0014366|S46.001|S46	30.4	99.3	99.2	727	1.27e-95	308
WP_049588949.1	MER0217397|S46.002|S46	30.5	94.6	100	696	7.69e-88	287
WP_049588953.1	MER0058228|S09.009|S09B	35.4	28.8	97.9	243	5.38e-35	130
WP_049588953.1	MER0001423|S09.013|S09B	29.8	25.9	91.4	215	2.28e-31	119
WP_049588953.1	MER0004923|S09.019|S09B	30.5	27.9	80.3	236	2.06e-26	107
WP_049588953.1	MER0011413|S09.016|S09B	28.7	26.4	92.1	223	4.87e-25	101
WP_049588953.1	MER0005196|S09.017|S09B	26.7	27.1	88.8	225	9.69e-24	98.2
WP_049588953.1	MER0005994|S09.A03|S09B	26.8	30.6	96.6	257	1.41e-22	95.1
WP_049588953.1	MER0013484|S09.018|S09B	29.3	27.1	94.6	229	4.01e-22	93.2
WP_049588953.1	MER0004921|S09.A75|S09B	29.6	26.4	91.6	226	5.96e-21	89.7
WP_049588953.1	MER0000399|S09.007|S09B	25.9	26.5	83.5	228	1.98e-19	85.9
WP_049588953.1	MER0000403|S09.973|S09X	29.4	23.2	74.6	201	2.83e-19	85.5
WP_049588953.1	MER0005987|S09.A65|S09B	26.9	25.0	76.7	212	6.75e-19	84.3
WP_049588953.1	MER0195666|S09.073|S09B	30.2	23.8	83.3	212	3.73e-18	81.6
WP_049588953.1	MER0000401|S09.003|S09B	25.3	28.5	89.0	245	7.77e-18	81.3
WP_049588953.1	MER0004199|S09.A76|S09B	29.3	20.6	75.9	174	9.19e-18	80.1
WP_049588953.1	MER0011305|S09.A64|S09B	26.3	26.4	85.2	224	8.46e-16	75.1
WP_049588953.1	MER0017401|S09.071|S09C	26.3	26.6	91.2	228	1.14e-15	74.3
WP_049588953.1	MER0015682|S09.074|S09C	29.6	20.7	56.5	179	2.26e-15	74.7
WP_049588953.1	MER0001920|S09.A77|S09C	25.0	27.1	93.5	240	4.29e-15	72.8
WP_049588953.1	MER0003361|S09.A93|S09B	29.6	16.0	54.5	135	5.80e-15	72.4
WP_049588953.1	MER0005807|S09.070|S09C	28.6	25.9	76.0	220	6.65e-15	72.8
WP_049588953.1	MER0004504|S09.008|S09B	28.8	20.1	74.3	177	9.12e-15	71.6
WP_049588953.1	MER0011231|S09.069|S09B	29.2	22.7	72.1	195	1.00e-14	72.0
WP_049588953.1	MER0000404|S09.005|S09B	26.3	21.8	70.2	186	1.90e-14	71.2
WP_049588953.1	MER0000408|S09.004|S09C	25.0	21.3	75.0	192	8.24e-12	63.2
WP_049588953.1	MER0003558|S09.A83|S09C	22.9	20.7	68.5	179	9.11e-12	63.2
WP_049588958.1	MER0250299|S09.A52|S09X	29.2	73.6	92.6	212	1.37e-21	87.4
WP_049588958.1	MER0250360|S09.A50|S09X	29.3	73.6	91.0	215	4.14e-21	86.3
WP_049588958.1	MER0250357|S09.A49|S09X	30.1	73.6	90.8	216	5.23e-20	83.2
WP_049588958.1	MER0200437|S09.943|S09X	30.7	66.2	79.0	192	6.43e-20	83.2
WP_049588958.1	MER0199442|S09.942|S09X	29.3	66.2	79.0	188	1.13e-17	77.0
WP_049588958.1	MER0250303|S09.A51|S09X	28.9	65.5	78.2	187	1.07e-16	74.3
WP_049588958.1	MER0250335|S09.A60|S09X	26.6	66.2	79.0	192	7.21e-16	72.0
WP_049588958.1	MER0250407|S09.B09|S09X	25.4	66.2	79.0	193	1.11e-06	45.4
WP_049588958.1	MER0250332|S09.A53|S09X	25.0	53.9	75.0	156	2.02e-06	44.3
WP_049588958.1	MER0212825|S09.944|S09X	25.5	53.2	73.5	153	1.26e-05	42.0
WP_049588971.1	MER0001272|M20.010|M20A	40.3	98.4	98.5	372	5.71e-81	246
WP_049588971.1	MER0001273|M20.974|M20A	31.6	43.9	62.8	177	7.75e-15	70.9
WP_049588971.1	MER0369972|M20.A25|M20A	24.2	97.9	100	454	3.06e-14	70.5
WP_049588971.1	MER0015142|M20.006|M20F	30.1	31.5	23.6	123	1.48e-11	62.4
WP_049588971.1	MER0033183|M20.011|M20A	32.3	26.2	32.1	99	3.31e-11	60.5
WP_049588971.1	MER0003775|M20.A19|M20A	31.1	29.4	39.8	119	7.91e-10	56.2
WP_049588971.1	MER0057434|M20.013|M20F	27.7	26.7	33.7	101	1.07e-09	55.8
WP_049588971.1	MER0003770|M20.A27|M20D	25.1	54.0	52.7	207	7.39e-06	44.3
WP_049588971.1	MER0025046|M20.975|M20A	34.6	20.6	27.7	78	6.70e-04	37.7
WP_049588974.1	MER0004925|S09.021|S09D	56.7	32.0	99.6	261	9.16e-102	312
WP_049588974.1	MER0014827|S09.021|S09D	55.6	32.0	99.6	261	2.74e-100	308
WP_049588974.1	MER0126485|S09.072|S09X	30.6	18.3	65.3	160	3.18e-13	67.0
WP_049588974.1	MER0058228|S09.009|S09B	27.7	28.3	92.6	249	1.69e-11	62.0
WP_049588974.1	MER0003558|S09.A83|S09C	24.2	28.6	88.8	252	5.16e-11	60.8
WP_049588974.1	MER0017401|S09.071|S09C	29.8	16.1	56.5	141	3.19e-10	58.2
WP_049588974.1	MER0230379|S09.035|S09C	26.6	27.0	84.9	248	5.39e-10	57.8
WP_049588974.1	MER1137425|S09.032|S09C	24.7	30.6	91.5	279	6.78e-10	57.8
WP_049588974.1	MER0001423|S09.013|S09B	24.1	22.6	77.2	195	8.50e-07	47.8
WP_049588974.1	MER0018170|S09.057|S09C	27.1	21.5	75.0	192	2.40e-06	46.6
WP_049588974.1	MER0030932|S09.B06|S09X	26.2	17.4	59.6	149	2.31e-04	40.4
WP_049588974.1	MER0005807|S09.070|S09C	25.8	15.2	45.8	128	2.66e-04	40.4
WP_049588974.1	MER0192427|S09.A96|S09C	22.1	29.3	82.4	253	4.76e-04	39.7
WP_049589000.1	MER0002497|M17.004|M17	49.9	97.7	98.1	423	5.13e-135	391
WP_049589000.1	MER0035089|M17.010|M17	36.9	74.5	88.9	320	5.23e-55	183
WP_049589000.1	MER0004597|M17.A01|M17	37.1	75.6	90.3	329	5.37e-55	183
WP_049589000.1	MER0001236|M17.003|M17	39.8	75.2	64.1	324	1.62e-54	185
WP_049589000.1	MER0001238|M17.A03|M17	39.6	68.4	59.3	298	3.43e-52	179
WP_049589000.1	MER0041673|M17.013|M17	36.1	74.9	66.2	324	1.00e-51	177
WP_049589000.1	MER0004598|M17.A02|M17	36.2	75.6	90.6	329	2.39e-51	173
WP_049589000.1	MER0002271|M17.002|M17	37.5	74.2	64.2	323	1.74e-49	172
WP_049589000.1	MER0024892|M17.008|M17	35.2	69.1	72.5	298	2.40e-46	161
WP_049589000.1	MER0001235|M17.001|M17	38.1	67.9	58.7	291	1.24e-44	159
WP_049589000.1	MER0105906|M17.014|M17	36.9	67.4	61.4	295	2.40e-43	155
WP_049589000.1	MER0013416|M17.006|M17	39.2	59.7	66.6	260	4.73e-43	152
WP_049589000.1	MER0014397|M17.015|M17	36.4	74.2	88.1	319	4.80e-43	151
WP_049589000.1	MER0011357|M17.A04|M17	38.7	61.6	50.0	269	5.51e-42	152
WP_049589000.1	MER0026959|M17.950|M17	41.5	57.4	89.6	253	1.34e-41	145
WP_049589000.1	MER0001240|M17.A05|M17	35.4	67.9	59.0	294	5.58e-40	146
WP_049589000.1	MER0003919|M17.005|M17	34.2	80.1	90.6	348	1.43e-38	140
WP_049589000.1	MER0003825|M17.016|M17	32.2	78.7	75.8	345	6.79e-38	139
WP_049589000.1	MER0001910|M17.009|M17	33.3	64.9	56.3	279	4.54e-36	135
WP_049589000.1	MER0081108|M17.012|M17	28.8	64.6	63.4	309	8.65e-18	82.0
WP_049589000.1	MER0079520|M17.011|M17	32.2	44.5	38.6	202	7.08e-15	73.2
WP_049589012.1	MER0033274|S09.993|S09X	26.0	53.3	68.8	177	6.90e-06	43.5
WP_049589012.1	MER0036028|S09.A07|S09X	27.5	24.3	29.3	80	1.35e-05	42.7
WP_049589040.1	MER0033186|M38.980|M38	37.9	74.2	98.7	322	1.56e-61	199
WP_049589086.1	MER0094876|T03.025|T03	33.2	92.0	100	527	4.18e-78	252
WP_049589086.1	MER0001978|T03.001|T03	32.4	93.8	96.8	550	5.84e-78	253
WP_049589086.1	MER0006132|T03.014|T03	30.0	94.1	97.3	623	1.89e-59	205
WP_049589086.1	MER0011811|T03.A03|T03	28.8	93.8	96.8	563	4.02e-57	197
WP_049589086.1	MER0002720|T03.023|T03	28.8	90.6	98.3	514	1.77e-55	191
WP_049589086.1	MER0011800|T03.A01|T03	28.6	88.5	88.3	521	3.54e-54	190
WP_049589086.1	MER0003580|T03.011|T03	27.6	95.9	97.8	566	4.11e-53	186
WP_049589086.1	MER0001629|T03.006|T03	29.7	91.1	94.0	536	2.57e-50	179
WP_049589086.1	MER0011211|T03.007|T03	28.0	93.6	96.6	554	4.92e-49	175
WP_049589086.1	MER0016970|T03.017|T03	27.0	87.6	91.0	515	1.04e-38	146
WP_049589086.1	MER0004194|T03.A07|T03	27.0	90.9	100	549	2.09e-38	145
WP_049589086.1	MER0005831|T03.A06|T03	26.9	79.4	84.1	490	2.31e-38	145
WP_049589086.1	MER0005029|T03.009|T03	25.2	89.9	98.9	555	6.71e-37	140
WP_049589086.1	MER0011143|T03.005|T03	27.0	81.2	84.7	486	4.06e-36	139
WP_049589086.1	MER0011215|T03.A04|T03	29.3	76.9	89.9	461	1.96e-35	136
WP_049589086.1	MER0011193|T03.010|T03	26.5	84.9	89.9	505	1.42e-34	134
WP_049589086.1	MER0006124|T03.A05|T03	25.6	87.4	90.4	524	2.22e-34	134
WP_049589086.1	MER0004202|T03.013|T03	26.8	79.2	85.5	456	2.65e-34	133
WP_049589086.1	MER0001977|T03.002|T03	25.1	95.7	98.6	578	6.92e-32	126
WP_049589086.1	MER0026204|T03.018|T03	36.0	33.6	81.1	189	2.64e-27	107
WP_049589086.1	MER0037241|T03.971|T03	35.6	21.0	51.8	118	4.73e-15	71.6
WP_049589086.1	MER0002718|T03.008|T03	27.4	28.1	92.1	179	2.23e-11	60.1
WP_049589086.1	MER0003440|T03.A08|T03	21.7	71.0	88.1	420	2.51e-09	56.2
WP_049589086.1	MER0016605|T03.022|T03	28.1	32.3	44.6	185	4.25e-06	45.8
WP_049589086.1	MER0159283|T03.024|T03	27.6	21.8	31.0	123	1.16e-04	41.2
WP_049589093.1	MER0093394|M08.A04|M08	27.3	40.5	28.2	128	2.86e-04	38.5
WP_053103812.1	MER0044553|C56.974|C56	27.1	41.0	67.6	118	1.12e-08	50.1
WP_053103812.1	MER0002455|C56.001|C56	46.0	17.4	36.0	50	2.12e-07	46.2
WP_053103812.1	MER0002601|C56.976|C56	44.9	17.0	34.5	49	7.68e-07	44.7
WP_053103812.1	MER0038141|C56.006|C56	34.7	17.0	31.2	49	1.16e-05	41.6
WP_053103812.1	MER0031432|C56.A03|C56	29.4	29.5	50.6	85	1.39e-04	38.5
WP_053103812.1	MER0031433|C56.A04|C56	29.4	29.5	51.3	85	1.84e-04	38.1
WP_053103812.1	MER0019092|C56.A06|C56	37.5	16.7	30.1	48	2.38e-04	37.7
WP_053103828.1	MER0001236|M17.003|M17	48.1	51.5	65.7	320	1.19e-96	301
WP_053103828.1	MER0035089|M17.010|M17	41.1	48.1	83.7	299	7.82e-64	211
WP_053103828.1	MER0004597|M17.A01|M17	36.3	51.9	92.6	328	1.72e-60	202
WP_053103828.1	MER0001238|M17.A03|M17	36.4	52.2	66.9	330	1.91e-58	201
WP_053103828.1	MER0024892|M17.008|M17	37.0	50.4	78.3	316	6.41e-57	194
WP_053103828.1	MER0001235|M17.001|M17	36.3	55.7	71.5	353	6.67e-57	196
WP_053103828.1	MER0004598|M17.A02|M17	34.6	52.5	94.0	332	1.79e-56	191
WP_053103828.1	MER0002271|M17.002|M17	38.3	52.2	67.5	329	2.41e-56	195
WP_053103828.1	MER0014397|M17.015|M17	35.1	54.4	96.9	345	2.70e-56	191
WP_053103828.1	MER0041673|M17.013|M17	36.6	50.7	67.0	322	4.95e-54	188
WP_053103828.1	MER0026959|M17.950|M17	40.1	42.2	98.9	267	2.04e-53	181
WP_053103828.1	MER0003825|M17.016|M17	33.7	48.3	68.2	303	5.71e-50	176
WP_053103828.1	MER0002497|M17.004|M17	36.3	49.9	74.7	322	7.10e-48	170
WP_053103828.1	MER0003919|M17.005|M17	33.5	55.7	92.2	352	2.83e-47	167
WP_053103828.1	MER0001910|M17.009|M17	34.5	49.8	64.2	316	7.69e-45	163
WP_053103828.1	MER0013416|M17.006|M17	31.8	49.1	79.6	311	2.31e-37	140
WP_053103828.1	MER0105906|M17.014|M17	34.1	48.8	65.2	311	5.34e-37	140
WP_053103828.1	MER0001240|M17.A05|M17	32.1	45.6	58.8	290	6.83e-35	135
WP_053103828.1	MER0011357|M17.A04|M17	30.8	48.6	57.4	308	2.64e-34	134
WP_053103828.1	MER0081108|M17.012|M17	32.5	33.6	49.0	234	1.75e-20	91.7
WP_053103828.1	MER0079520|M17.011|M17	31.2	33.3	44.8	234	8.12e-18	83.6
WP_080986399.1	MER0005778|S10.A38|S10	28.8	32.0	38.3	177	1.82e-10	59.7
WP_080986399.1	MER0006012|S10.A48|S10	27.1	26.6	88.1	144	5.28e-09	52.0
WP_080986399.1	MER0003414|S10.A36|S10	27.0	29.9	32.6	163	4.91e-07	48.9
WP_080986399.1	MER0000426|S10.A59|S10	28.3	26.2	27.7	145	1.53e-06	47.4
WP_080986399.1	MER0173043|S10.A51|S10	28.5	45.7	58.7	274	1.88e-06	47.0
WP_080986399.1	MER0004684|S10.A12|S10	24.0	37.0	45.7	208	1.90e-06	47.0
WP_080986399.1	MER0022863|S10.A52|S10	28.7	27.5	29.8	150	1.96e-06	47.0
WP_080986399.1	MER0000413|S10.007|S10	25.9	27.1	29.7	147	2.05e-06	47.0
WP_080986399.1	MER0004615|S10.A32|S10	28.1	25.5	28.7	139	5.92e-06	45.4
WP_080986399.1	MER0010960|S10.013|S10	30.3	27.5	29.7	152	1.39e-05	44.3
WP_080986399.1	MER0011182|S10.A53|S10	28.2	27.5	29.7	149	2.42e-05	43.5
WP_080986399.1	MER0000430|S10.002|S10	26.6	37.2	39.8	207	2.45e-05	43.5
WP_080986399.1	MER0003541|S10.A66|S10	31.3	15.2	17.2	83	4.21e-05	42.7
WP_080986399.1	MER0023481|S10.A50|S10	25.2	27.5	31.0	151	7.19e-05	42.0
WP_080986399.1	MER0006019|S10.A40|S10	25.5	28.1	31.4	153	9.71e-05	41.6
WP_080986399.1	MER0020180|S10.A62|S10	25.6	24.5	8.2	133	1.33e-04	41.6
WP_080986399.1	MER0015678|S10.A34|S10	29.9	28.3	31.4	154	2.96e-04	40.0
WP_080986399.1	MER0011792|S10.A27|S10	26.3	24.3	29.3	133	4.97e-04	39.3
WP_080986399.1	MER0005684|S10.A43|S10	29.1	26.6	30.9	148	5.08e-04	39.3
WP_080986399.1	MER1152302|S10.A57|S10	23.1	24.0	24.7	130	9.21e-04	38.5
WP_080986400.1	MER0019759|M01.A25|M01	36.6	25.9	100	232	1.25e-49	172
WP_080986400.1	MER0005046|M01.021|M01	44.6	20.6	93.5	186	1.46e-48	167
WP_080986400.1	MER0011440|M01.A09|M01	38.4	23.4	95.9	211	4.60e-47	164
WP_080986400.1	MER0091680|M01.A31|M01	39.9	22.6	92.2	203	6.11e-47	164
WP_080986400.1	MER0002746|M01.010|M01	36.3	25.9	99.6	234	4.53e-46	162
WP_080986400.1	MER0011183|M01.A24|M01	37.4	24.1	98.2	219	5.94e-46	161
WP_080986400.1	MER0001010|M01.007|M01	42.2	22.8	99.5	206	1.81e-45	159
WP_080986400.1	MER0028449|M01.A30|M01	38.8	24.4	99.6	224	7.85e-45	158
WP_080986400.1	MER0002968|M01.024|M01	36.9	23.8	97.7	214	3.12e-44	156
WP_080986400.1	MER0011371|M01.A10|M01	37.4	22.4	97.6	203	5.74e-44	155
WP_080986400.1	MER0002003|M01.015|M01	41.0	22.6	92.8	205	6.17e-44	155
WP_080986400.1	MER0006264|M01.A29|M01	40.4	20.3	100	183	6.90e-44	154
WP_080986400.1	MER0005045|M01.020|M01	41.9	20.6	93.5	186	2.84e-43	152
WP_080986400.1	MER0002060|M01.011|M01	36.5	23.5	96.3	211	1.77e-42	151
WP_080986400.1	MER0011370|M01.A11|M01	36.2	23.1	99.5	210	2.54e-42	150
WP_080986400.1	MER0011423|M01.A02|M01	39.1	23.5	100	215	2.94e-42	150
WP_080986400.1	MER0005331|M01.018|M01	36.5	23.5	100	211	6.63e-42	149
WP_080986400.1	MER0002078|M01.A28|M01	34.5	25.9	99.6	235	7.15e-40	144
WP_080986400.1	MER0011369|M01.A12|M01	36.5	22.4	90.2	203	1.03e-39	143
WP_080986400.1	MER0004243|M01.016|M01	37.9	22.2	94.0	206	3.86e-39	141
WP_080986400.1	MER0011438|M01.A08|M01	38.0	20.6	88.2	187	8.47e-39	140
WP_080986400.1	MER0001012|M01.003|M01	34.9	23.8	99.1	215	1.33e-38	140
WP_080986400.1	MER0001185|M01.A15|M01	33.8	23.7	98.2	213	1.81e-38	139
WP_080986400.1	MER0002355|M01.A19|M01	35.2	24.5	96.4	216	2.03e-38	139
WP_080986400.1	MER0001009|M01.006|M01	38.6	22.2	97.2	207	2.92e-38	139
WP_080986410.1	MER0000392|S09.001|S09A	55.8	37.4	97.9	278	4.26e-104	317
WP_080986410.1	MER0005694|S09.076|S09A	50.7	38.9	98.2	280	1.15e-96	297
WP_080986410.1	MER0015621|S09.A02|S09A	52.4	38.8	98.3	296	1.40e-96	298
WP_080986410.1	MER0002490|S09.A01|S09A	47.7	38.8	98.4	304	5.74e-90	281
WP_080986410.1	MER0981959|S09.078|S09A	48.9	36.7	98.2	280	1.60e-87	273
WP_080986410.1	MER0011450|S09.A73|S09A	51.1	37.4	98.9	278	1.15e-85	268
WP_080986410.1	MER0079308|S09.033|S09A	50.2	37.4	97.8	271	1.99e-85	268
WP_080986410.1	MER0022823|S09.B02|S09A	49.5	37.4	97.9	275	4.61e-85	267
WP_080986410.1	MER0325901|S09.077|S09A	43.5	36.8	98.2	269	3.78e-72	233
WP_080986410.1	MER0000398|S09.002|S09A	44.3	36.7	98.8	264	2.71e-61	203
WP_080986410.1	MER0003229|S09.036|S09A	40.4	35.3	90.9	255	1.15e-51	177
WP_080986410.1	MER0000410|S09.010|S09A	34.4	35.8	90.6	262	1.23e-46	164
WP_080986410.1	MER0011872|S09.B08|S09A	31.1	36.1	91.3	264	8.71e-39	142
WP_080986410.1	MER0082498|S09.A92|S09A	29.7	30.4	81.6	232	1.07e-21	92.8
WP_080986410.1	MER0004227|S09.015|S09A	29.7	31.7	76.2	239	4.05e-20	88.6
WP_152910873.1	MER0001284|M28.002|M28E	27.1	51.7	80.7	247	2.45e-14	69.7
WP_152910873.1	MER0100667|M28.020|M28F	46.7	12.7	27.3	60	1.59e-07	48.9
WP_152910873.1	MER0004514|M28.004|M28E	22.9	42.8	69.5	205	2.75e-07	48.5
WP_152910873.1	MER0001288|M28.001|M28A	31.9	19.7	36.3	94	1.45e-06	46.2
WP_152910873.1	MER0037181|M28.019|M28A	31.9	22.0	40.2	113	5.90e-05	41.6
WP_152910873.1	MER0005239|M28.011|M28B	28.2	49.2	72.3	245	8.07e-05	41.2
WP_152910873.1	MER0005238|M28.012|M28B	37.2	17.2	26.6	86	1.06e-04	40.8
WP_152910873.1	MER0194228|M28.A01|M28F	40.0	14.6	35.9	70	1.52e-04	39.7
WP_152910873.1	MER0001289|M28.009|M28F	40.0	14.6	25.8	70	2.37e-04	39.7
WP_197047984.1	MER0036074|S33.A34|S33	26.0	49.3	42.5	173	3.10e-10	57.0
WP_197047984.1	MER0017142|S33.994|S33	23.1	82.3	93.5	247	2.60e-08	50.4
WP_197047984.1	MER0031610|S33.976|S33	33.0	35.1	32.9	103	1.11e-07	48.9
WP_197047984.1	MER0036065|S33.A03|S33	25.4	41.1	44.9	122	3.96e-07	47.0
WP_197047984.1	MER0025512|S33.010|S33	24.2	90.4	89.6	277	1.14e-06	45.8
WP_197047984.1	MER0001380|S33.003|S33	20.3	66.3	69.4	207	3.54e-06	44.3
WP_197047984.1	MER0017177|S33.973|S33	24.6	44.7	39.9	130	3.86e-06	44.3
WP_197047984.1	MER0037863|S09.023|S09X	20.7	89.0	78.0	266	6.45e-04	37.4
WP_231514299.1	MER0017123|S33.972|S33	34.1	94.3	28.5	85	3.56e-12	57.0
WP_231514358.1	MER0003855|U32.002|U32	36.6	69.8	72.4	322	1.72e-62	204
WP_231514358.1	MER0004416|U32.A02|U32	29.2	63.7	86.6	291	2.31e-34	127
WP_231514358.1	MER0013876|U32.003|U32	26.4	69.4	75.5	326	1.90e-28	112
WP_231514358.1	MER0003242|U32.001|U32	23.3	60.8	75.9	283	1.79e-17	79.7
