WP_006041398.1	lcl|P61048-3.D.3.5.6	75.0	72.7	82.8	24	7.44e-08	41.6
WP_006041398.1	lcl|7R0W_H-3.D.3.5.7	62.5	72.7	82.8	24	1.76e-06	38.1
WP_011129520.1	lcl|Q5G3M3-3.A.7.19.1	36.4	85.2	78.0	118	2.74e-18	75.1
WP_011129520.1	lcl|Q07715-3.A.7.7.1	35.2	55.5	54.6	71	3.85e-09	50.8
WP_011129521.1	lcl|Q8F2L2-9.B.157.1.4	57.9	93.4	95.9	328	5.00e-127	367
WP_011129521.1	lcl|Q9K8H5-9.B.157.1.2	56.4	93.4	94.8	330	6.61e-119	347
WP_011129521.1	lcl|Q01465-9.B.157.1.1	56.2	91.7	95.5	324	2.27e-117	342
WP_011129521.1	lcl|O33619-9.B.157.1.5	55.7	94.9	96.5	334	7.10e-115	336
WP_011129521.1	lcl|P0A9X4-9.B.157.1.3	55.6	92.9	94.8	331	5.84e-110	324
WP_011129521.1	lcl|7BVZ_A-9.B.460.1.1	39.9	89.1	86.4	313	2.14e-68	218
WP_011129521.1	lcl|G4NXA5-1.A.33.1.4	25.7	88.3	55.2	350	6.31e-11	63.2
WP_011129521.1	lcl|Q02028-3.A.9.1.1	22.2	90.0	52.1	379	1.75e-05	46.2
WP_011129521.1	lcl|P44669-9.A.41.1.1	24.1	45.7	32.1	199	2.78e-04	42.4
WP_011129521.1	lcl|P11021-1.A.33.1.5	22.3	83.1	52.8	355	4.94e-04	41.6
WP_011129694.1	lcl|O97252-3.A.26.1.1	35.9	88.8	48.1	198	4.88e-30	114
WP_011129731.1	lcl|Q31M69-1.A.14.3.8	52.0	99.2	99.6	244	1.94e-71	218
WP_011129731.1	lcl|Q9HC24-1.A.14.3.6	32.8	23.6	24.4	58	7.93e-05	42.4
WP_011129768.1	lcl|P31552-4.C.1.1.6	26.1	80.5	95.9	533	3.22e-34	136
WP_011129768.1	lcl|Q42524-4.C.1.1.7	24.5	81.3	90.4	556	2.14e-26	113
WP_011129768.1	lcl|P69451-4.C.1.1.4	25.2	81.6	92.7	564	1.30e-18	89.4
WP_011129768.1	lcl|P31119-4.C.1.1.16	26.0	54.6	46.9	362	8.13e-16	80.9
WP_011129768.1	lcl|O05307-4.C.1.1.3	22.0	79.8	82.9	541	1.64e-12	70.1
WP_011129768.1	lcl|Q91VE0-4.C.1.1.1	22.3	80.5	79.9	551	9.15e-12	67.8
WP_011129768.1	lcl|Q89SS6-2.A.1.42.2	24.4	70.4	37.0	472	1.07e-10	64.7
WP_011129768.1	lcl|Q6PCB7-4.C.1.1.9	24.5	78.6	78.2	551	3.34e-10	62.8
WP_011129768.1	lcl|Q6P1M0-4.C.1.1.10	22.5	80.5	79.9	550	7.61e-10	61.6
WP_011129768.1	lcl|Q2L7E6-4.C.1.1.17	22.1	79.9	79.1	552	9.14e-09	58.2
WP_011129768.1	lcl|G4N137-4.C.1.1.19	22.4	80.1	27.5	541	1.60e-08	57.8
WP_011129768.1	lcl|KAB2105161.1-4.C.1.1.18	22.2	77.2	29.4	522	4.70e-08	56.2
WP_011129768.1	lcl|Q9XIA9-4.C.1.1.14	24.1	28.1	27.1	191	7.58e-07	52.0
WP_011129768.1	lcl|O60488-4.C.1.1.21	22.3	78.4	75.9	591	2.34e-06	50.4
WP_011129874.1	lcl|P0A998-1.A.155.1.3	26.6	87.0	93.3	154	2.41e-16	72.0
WP_011129874.1	lcl|Q2QJV4-1.A.155.1.1	30.5	70.6	72.3	128	1.70e-11	59.3
WP_011129874.1	lcl|Q8MIP0-1.A.155.1.2	29.9	58.8	58.8	107	2.33e-07	48.1
WP_011129888.1	lcl|P0A3X7-3.D.3.5.6	50.5	90.2	85.6	101	9.01e-24	87.4
WP_011129888.1	lcl|Q74AE4-5.B.3.1.1	38.3	71.4	74.0	81	8.89e-08	46.2
WP_011129912.1	lcl|WP_067429597.1-9.B.220.2.1	35.4	90.0	89.8	246	7.26e-31	115
WP_011129912.1	lcl|Q46836-1.A.54.5.4	33.3	88.5	88.5	258	1.42e-30	114
WP_011129912.1	lcl|P22610-3.A.15.2.1	30.0	93.0	89.3	277	3.29e-28	108
WP_011129912.1	lcl|R8YEH7-1.A.54.5.3	28.8	95.2	92.3	285	1.18e-26	104
WP_011129912.1	lcl|Q8VRL2-3.A.11.1.3	36.9	85.9	64.7	241	9.16e-25	100
WP_011129912.1	lcl|P15754-3.A.15.1.1	35.4	80.7	90.8	229	5.53e-24	96.3
WP_011129912.1	lcl|O68433-3.A.15.3.1	32.2	90.7	88.2	270	6.29e-23	94.7
WP_011129912.1	lcl|KPJ73630.1-9.B.252.3.6	28.6	89.6	88.6	248	2.42e-20	87.4
WP_011129912.1	lcl|WP_086853646.1-9.B.220.2.2	29.5	88.5	87.3	244	2.11e-15	73.6
WP_011129912.1	lcl|KKS11777-9.B.252.3.4	25.9	93.0	94.3	294	6.12e-11	61.2
WP_011129912.1	lcl|AKM80724.1-3.A.11.1.5	26.1	91.5	89.0	276	7.39e-09	55.1
WP_011129913.1	lcl|Q9V0A4-3.B.1.1.5	30.6	61.8	32.4	186	3.21e-11	63.2
WP_011129913.1	lcl|Q57079-3.B.1.1.2	24.6	62.5	33.4	183	6.10e-08	53.1
WP_011129913.1	lcl|O06926-3.B.1.1.4	23.7	61.1	57.9	194	5.97e-07	49.7
WP_011129962.1	lcl|OCB88409.1-2.A.7.25.11	31.8	45.4	11.8	110	2.01e-08	53.5
WP_011129973.1	lcl|Q21AF4-2.A.88.1.5	36.7	53.7	56.8	109	2.09e-10	57.0
WP_011129973.1	lcl|Q2FUL6-3.A.1.25.2	40.8	50.5	52.2	98	5.98e-09	52.8
WP_011129973.1	lcl|Q6GUB0-2.A.88.1.1	31.8	63.7	67.2	129	4.24e-07	47.8
WP_011129973.1	lcl|Q6GUB0-3.A.1.25.1	31.8	63.7	67.2	129	4.24e-07	47.8
WP_011129973.1	lcl|A3U2L6-2.A.88.1.4	32.0	52.1	49.8	103	7.75e-06	44.3
WP_011129973.1	lcl|D5ARG8-2.A.88.1.3	29.0	73.2	76.3	145	2.45e-05	42.7
WP_011129973.1	lcl|D5ARG8-3.A.1.25.7	29.0	73.2	76.3	145	2.45e-05	42.7
WP_011129973.1	lcl|Q5LR30-2.A.88.1.6	27.5	57.9	60.0	120	7.33e-04	38.5
WP_011130043.1	lcl|O30554-3.A.7.11.1	31.3	48.4	70.2	134	2.17e-12	63.5
WP_011130080.1	lcl|AAZ57803-3.A.1.7.6	71.4	98.1	98.1	311	7.56e-151	425
WP_011130080.1	lcl|P0AGH8-3.A.1.7.1	41.1	94.6	96.9	314	1.75e-59	192
WP_011130080.1	lcl|P0A630-3.A.1.7.4	35.9	84.2	84.3	276	4.60e-41	145
WP_011130080.1	lcl|Q7WTY7-3.A.1.7.2	36.0	76.0	70.9	250	2.68e-36	133
WP_011130080.1	lcl|O51234-3.A.1.7.5	34.3	77.9	78.5	254	2.03e-34	127
WP_011130080.1	lcl|Q7WTY6-3.A.1.7.2	28.9	74.1	71.1	239	1.24e-24	100
WP_011130080.1	lcl|AAZ57802-3.A.1.7.6	31.9	73.2	71.7	235	1.30e-20	89.7
WP_011130080.1	lcl|O51235-3.A.1.7.5	26.2	74.8	44.4	237	5.28e-17	80.9
WP_011130080.1	lcl|C3KCB6-3.A.1.7.3	28.8	72.9	72.4	236	1.50e-16	78.2
WP_011130080.1	lcl|P0A627-3.A.1.7.4	31.5	57.1	53.2	181	3.33e-13	68.6
WP_011130080.1	lcl|P07654-3.A.1.7.1	27.7	60.3	56.8	191	3.58e-12	65.5
WP_011130080.1	lcl|P26246-3.A.1.6.12	25.0	61.2	61.8	196	1.54e-05	45.4
WP_011130080.1	lcl|Q8RVC7-3.A.1.6.7	25.2	37.2	27.3	119	6.35e-05	43.9
WP_011130080.1	lcl|Q8ZPK3-3.A.1.12.14	34.0	29.3	42.8	94	1.46e-04	42.0
WP_011130080.1	lcl|P16701-3.A.1.6.1	24.5	58.0	61.7	184	2.66e-04	41.6
WP_011130080.1	lcl|Q7BW13-3.A.1.16.2	31.5	21.8	27.8	73	4.50e-04	40.8
WP_011130080.1	lcl|Q6QJE2-3.A.1.6.7	42.4	18.6	16.0	59	7.74e-04	40.4
WP_011130191.1	lcl|Q00X06-9.A.54.3.4	36.1	35.8	15.5	83	4.66e-07	49.3
WP_011130277.1	lcl|Q1J2S8-2.A.53.3.13	48.9	97.5	95.4	515	5.16e-145	426
WP_011130277.1	lcl|O07488-2.A.53.3.1	46.5	98.1	97.2	516	1.16e-133	396
WP_011130277.1	lcl|Q7U617-2.A.53.3.2	26.7	94.7	92.4	531	9.96e-37	142
WP_011130277.1	lcl|P0AFR2-2.A.53.3.11	25.4	96.6	92.3	535	2.60e-36	141
WP_011130277.1	lcl|Q14SY0-2.A.53.3.3	31.0	76.0	69.3	413	6.01e-35	137
WP_011130277.1	lcl|BAM53892.1-2.A.53.3.14	26.7	94.7	89.7	520	1.48e-34	136
WP_011130277.1	lcl|A1JRS3-2.A.53.3.9	27.5	82.5	78.8	458	5.77e-33	132
WP_011130277.1	lcl|B9LBX9-2.A.53.4.3	25.1	91.6	69.7	509	1.89e-29	122
WP_011130277.1	lcl|Q8IKC7-2.A.53.3.15	22.4	94.7	78.0	535	1.40e-25	110
WP_011130277.1	lcl|P71997-2.A.53.4.2	26.4	78.9	71.4	421	1.86e-22	100
WP_011130277.1	lcl|F5R8F2-2.A.53.3.5	27.7	76.8	56.2	433	3.54e-21	97.1
WP_011130277.1	lcl|Q9FY46-2.A.53.1.14	25.0	74.9	56.6	404	4.37e-21	96.7
WP_011130277.1	lcl|P72770-2.A.53.4.1	25.4	98.3	83.7	531	2.21e-16	81.6
WP_011130277.1	lcl|G3C7W6-2.A.53.1.9	24.6	79.8	71.1	447	1.53e-13	72.8
WP_011130277.1	lcl|Q86WA9-2.A.53.1.10	23.1	95.1	84.3	541	4.69e-13	71.2
WP_011130277.1	lcl|Q9BXS9-2.A.53.2.7	23.7	76.8	54.3	435	1.26e-12	70.1
WP_011130277.1	lcl|G3C7W4-2.A.53.2.12	24.6	83.5	57.9	463	2.18e-12	69.3
WP_011130277.1	lcl|Q8F8H7-2.A.53.3.8	23.3	94.7	66.9	527	2.88e-12	68.9
WP_011130277.1	lcl|A8J6J0-2.A.53.1.8	20.3	94.9	71.1	561	6.71e-12	67.8
WP_011130277.1	lcl|Q9H2B4-2.A.53.2.16	24.5	83.7	69.3	511	2.57e-11	65.9
WP_011130277.1	lcl|Q5VQ79-2.A.53.1.16	21.0	89.2	73.3	514	7.62e-11	64.3
WP_011130277.1	lcl|P96878-2.A.53.3.12	27.6	59.3	40.2	322	1.08e-10	63.9
WP_011130277.1	lcl|P45380-2.A.53.2.2	23.1	85.6	70.7	524	1.36e-10	63.5
WP_011130277.1	lcl|Q8K142-2.A.53.2.8	23.8	74.1	54.4	425	5.58e-10	61.6
WP_011130277.1	lcl|Q9WVC8-2.A.53.2.3	22.6	77.0	55.2	434	5.66e-10	61.6
WP_011130418.1	lcl|P09193-3.E.2.2.2	33.0	91.7	91.3	427	1.71e-61	203
WP_011130418.1	lcl|P11004-3.E.2.2.1	41.0	75.7	58.8	278	1.43e-59	198
WP_011130418.1	lcl|P56778-3.E.2.2.3	40.6	75.7	57.3	278	7.71e-58	194
WP_011130418.1	lcl|P56777-3.E.2.2.3	28.5	83.4	58.7	323	5.61e-10	60.1
WP_011130478.1	lcl|Q7TUV9-2.A.116.2.2	100	100	100	229	4.46e-157	434
WP_011130478.1	lcl|K9P2A6-2.A.116.2.1	49.1	98.3	98.7	226	1.35e-71	217
WP_011130478.1	lcl|H2K1T5-2.A.116.1.3	26.9	95.2	96.9	223	4.28e-10	57.4
WP_011130499.1	lcl|KAE8286768.1-8.A.88.2.1	36.0	70.1	17.0	75	5.91e-15	68.6
WP_011130499.1	lcl|Q96JJ7-8.A.88.2.3	38.5	70.1	16.7	78	2.51e-13	63.9
WP_011130499.1	lcl|P30101-8.A.88.2.7	30.1	85.0	18.4	93	8.86e-13	62.4
WP_011130499.1	lcl|KAG7207183.1-9.B.438.1.5	27.8	84.1	34.8	90	9.30e-12	58.9
WP_011130499.1	lcl|KDB12436.1-8.A.88.2.4	28.6	76.6	18.5	84	1.27e-10	56.2
WP_011130499.1	lcl|O23166-3.D.3.5.2	29.2	80.4	34.1	89	1.65e-09	52.8
WP_011130499.1	lcl|Q8IDP4-3.A.26.1.1	25.9	79.4	54.1	85	3.31e-09	50.8
WP_011130499.1	lcl|NP_648847.3-8.A.88.2.6	34.4	58.9	14.9	64	9.85e-09	50.8
WP_011130499.1	lcl|U3IW20-8.A.88.2.2	31.7	71.0	20.2	82	8.62e-08	48.1
WP_011130502.1	lcl|7R0W_G-3.D.3.5.7	80.6	81.6	81.6	31	4.66e-11	50.1
WP_011130502.1	lcl|P58246-3.D.3.5.6	66.7	94.7	97.3	36	2.66e-10	48.1
WP_011130579.1	lcl|WP_017307027.1-1.S.3.1.2	46.3	78.5	94.3	201	5.28e-59	186
WP_011130579.1	lcl|GCA95139.1-1.S.3.1.3	48.5	78.1	93.4	202	3.99e-56	178
WP_011130579.1	lcl|Q31QW7-1.S.3.1.1	45.8	78.5	93.9	201	5.65e-56	178
WP_011130616.1	lcl|WP_106247303.1-1.A.115.1.3	31.4	80.5	63.8	185	1.11e-14	70.9
WP_011130616.1	lcl|RZD32576-1.A.115.1.2	31.8	76.5	67.0	179	1.88e-12	64.3
WP_011130684.1	lcl|B0C7S7-5.B.4.1.2	42.0	100	100	176	1.33e-34	119
WP_011130684.1	lcl|Q9SHE8-5.B.4.1.1	37.9	92.4	76.9	182	3.41e-25	96.3
WP_011130685.1	lcl|B0C7S6-5.B.4.1.2	54.3	87.5	68.6	35	1.10e-09	47.0
WP_011130685.1	lcl|P56769-5.B.4.1.1	32.4	92.5	84.1	37	7.27e-05	34.7
WP_011130739.1	lcl|Q31MS2-3.A.5.4.1	59.6	98.4	96.7	381	5.52e-151	431
WP_011130739.1	lcl|Q1CVG1-2.A.9.3.4	42.7	28.8	17.6	110	3.37e-16	79.7
WP_011130739.1	lcl|Q9KDP2-2.A.9.3.6	45.4	24.3	34.6	97	2.20e-14	72.4
WP_011130739.1	lcl|Q01625-2.A.9.3.2	37.5	27.0	39.8	104	2.67e-13	68.9
WP_011130739.1	lcl|CAD7783208.1-2.A.9.3.10	35.1	31.2	23.8	131	7.44e-13	69.3
WP_011130739.1	lcl|Q9RCA5-2.A.9.3.5	37.5	27.0	40.5	104	2.10e-12	66.2
WP_011130739.1	lcl|H3KBD2-2.A.9.3.7	37.1	27.5	18.0	105	2.43e-12	67.8
WP_011130739.1	lcl|Q9FYL3-2.A.9.2.2	40.4	24.6	18.0	94	5.09e-10	60.5
WP_011130739.1	lcl|P25714-2.A.9.3.1	34.3	28.3	19.0	108	7.19e-10	60.1
WP_011130739.1	lcl|P54544-2.A.9.3.3	30.8	30.7	46.2	130	7.20e-10	58.9
WP_011130739.1	lcl|Q8LBP4-2.A.9.2.1	35.3	29.9	24.9	119	4.68e-09	57.4
WP_011130739.1	lcl|TSA50101.1-2.A.9.3.11	35.6	27.2	17.9	104	2.89e-08	55.1
WP_011130739.1	lcl|OGY67190.1-2.A.9.3.8	36.5	27.2	42.2	104	3.45e-07	50.4
WP_011130797.1	lcl|Q7WTJ2-5.B.1.3.2	40.2	96.0	26.3	97	3.50e-14	65.9
WP_011130797.1	lcl|Q66DP5-5.B.1.3.1	36.1	72.7	21.9	72	6.49e-11	56.6
WP_011130817.1	lcl|P50991-3.A.33.1.1	25.6	21.3	20.8	117	7.57e-05	45.1
WP_011130819.1	lcl|BAK19948-3.A.2.1.10	82.0	96.9	97.7	473	1.02e-275	755
WP_011130819.1	lcl|P07677-3.A.2.1.14	67.6	97.3	99.6	478	2.22e-220	615
WP_011130819.1	lcl|P29707-3.A.2.1.2	68.8	97.3	99.1	475	2.54e-220	614
WP_011130819.1	lcl|A1B8P0-3.A.2.1.7	67.4	98.0	99.6	478	1.88e-219	612
WP_011130819.1	lcl|P50002-3.A.2.1.5	69.2	96.3	98.5	471	2.83e-219	612
WP_011130819.1	lcl|P06576-3.A.2.1.15	67.4	96.9	88.1	473	3.29e-219	614
WP_011130819.1	lcl|P00830-3.A.2.1.3	66.3	99.6	93.5	486	1.42e-218	612
WP_011130819.1	lcl|F8L1Z1-3.A.2.1.6	65.8	96.3	98.3	471	9.31e-214	598
WP_011130819.1	lcl|A0ZW41-3.A.2.1.11	66.2	96.3	81.0	471	1.07e-211	597
WP_011130819.1	lcl|Q8I0V2-3.A.2.1.16	65.0	96.9	88.6	480	2.11e-209	589
WP_011130819.1	lcl|I7LZV1-3.A.2.1.4	62.7	98.4	95.2	480	9.86e-206	578
WP_011130819.1	lcl|P0ABB4-3.A.2.1.1	63.8	96.3	99.3	470	1.56e-200	564
WP_011130819.1	lcl|Q9GPE9-3.A.2.1.13	61.4	97.7	90.9	477	4.14e-193	547
WP_011130819.1	lcl|BAK19931-3.A.2.1.9	53.5	95.7	96.4	467	2.05e-166	478
WP_011130819.1	lcl|Q467E9-3.A.2.1.12	50.2	95.5	96.4	466	9.19e-156	451
WP_011130819.1	lcl|P40290-3.A.6.1.1	30.7	79.5	84.1	388	2.74e-41	152
WP_011130819.1	lcl|O84676-3.A.6.3.1	32.0	71.7	77.6	363	8.38e-37	140
WP_011130819.1	lcl|P0A1B9-3.A.6.1.3	28.3	89.3	95.6	442	5.54e-34	132
WP_011130819.1	lcl|P26465-3.A.6.2.1	30.1	76.4	77.6	382	3.81e-33	130
WP_011130819.1	lcl|Q56404-3.A.2.2.1	27.7	67.4	70.7	346	2.46e-30	122
WP_011130819.1	lcl|P0A1C1-3.A.6.1.2	30.3	78.1	85.3	390	4.81e-30	121
WP_011130819.1	lcl|BAK19938-3.A.2.1.9	25.7	82.8	79.6	421	3.97e-29	119
WP_011130819.1	lcl|D3E1Z2-3.A.2.3.2	25.2	84.2	88.5	421	4.43e-29	119
WP_011130819.1	lcl|Q8W4E2-3.A.2.2.5	27.0	83.6	85.8	434	1.34e-26	112
WP_011130819.1	lcl|Q467F6-3.A.2.1.12	25.9	74.6	62.3	370	7.29e-26	110
WP_011130826.1	lcl|SDJ87353.1-1.A.112.2.13	26.7	97.3	74.9	329	8.35e-21	92.0
WP_011130826.1	lcl|P37908-1.A.112.2.5	24.5	94.3	73.1	322	3.29e-16	78.6
WP_011130826.1	lcl|P54428-1.A.112.2.2	23.2	97.3	77.6	349	6.09e-16	77.8
WP_011130826.1	lcl|SES26846.1-1.A.112.2.7	22.6	92.7	74.3	319	4.52e-15	75.1
WP_011130826.1	lcl|O07585-1.A.112.2.4	22.5	95.5	75.0	333	4.99e-15	75.1
WP_011130826.1	lcl|T1Y8N2-1.A.112.2.10	20.8	98.2	75.5	341	2.96e-14	72.8
WP_011130826.1	lcl|Q0PBV6-1.A.112.2.3	24.0	97.0	73.7	350	1.29e-13	70.9
WP_011130826.1	lcl|P0A2L3-1.C.126.1.2	27.8	47.7	54.1	158	4.77e-13	68.2
WP_011130826.1	lcl|AHN67314.1-1.C.126.1.4	27.7	42.6	54.1	141	6.48e-10	58.5
WP_011130826.1	lcl|Q54318-1.C.126.1.1	23.0	52.6	61.2	174	3.56e-06	47.4
WP_011130826.1	lcl|Q8RY60-1.A.112.1.9	20.5	88.5	54.6	303	7.72e-05	43.9
WP_011130835.1	lcl|BAK19946-3.A.2.1.10	75.4	99.8	99.8	504	1.74e-267	736
WP_011130835.1	lcl|P09219-3.A.2.1.14	61.3	99.6	99.8	504	1.15e-212	597
WP_011130835.1	lcl|P29706-3.A.2.1.2	60.4	98.4	99.2	497	5.44e-208	585
WP_011130835.1	lcl|A1B8N8-3.A.2.1.7	60.1	97.8	98.6	504	1.23e-204	577
WP_011130835.1	lcl|P25705-3.A.2.1.15	59.4	96.4	89.5	495	1.64e-195	555
WP_011130835.1	lcl|F8L1Z3-3.A.2.1.6	57.7	93.1	93.3	470	1.72e-195	553
WP_011130835.1	lcl|P50000-3.A.2.1.5	59.2	95.8	96.0	485	2.28e-195	553
WP_011130835.1	lcl|Q24HY8-3.A.2.1.4	58.8	94.5	88.8	485	2.10e-194	552
WP_011130835.1	lcl|P07251-3.A.2.1.3	57.7	96.8	91.2	497	6.20e-191	543
WP_011130835.1	lcl|P0ABB0-3.A.2.1.1	53.3	98.8	99.4	510	1.46e-181	518
WP_011130835.1	lcl|A0ZW40-3.A.2.1.11	60.8	87.3	80.2	451	2.50e-179	514
WP_011130835.1	lcl|O96252-3.A.2.1.16	55.2	95.2	90.0	496	2.76e-173	499
WP_011130835.1	lcl|BAK19938-3.A.2.1.9	49.6	94.9	93.4	480	9.74e-157	455
WP_011130835.1	lcl|Q467F6-3.A.2.1.12	49.5	97.4	86.3	493	1.25e-155	454
WP_011130835.1	lcl|Q4QJF1-2.A.91.1.1	49.1	80.8	72.1	424	1.29e-115	352
WP_011130835.1	lcl|Q9GS23-3.A.2.1.13	50.0	76.8	68.0	404	6.80e-115	350
WP_011130835.1	lcl|P40290-3.A.6.1.1	33.7	64.2	72.4	326	6.91e-36	138
WP_011130835.1	lcl|P0A1B9-3.A.6.1.3	29.4	69.7	82.4	361	4.09e-32	127
WP_011130835.1	lcl|P0A1C1-3.A.6.1.2	28.8	70.3	83.5	364	1.03e-31	126
WP_011130835.1	lcl|O84676-3.A.6.3.1	29.4	70.7	81.0	364	1.45e-30	123
WP_011130835.1	lcl|Q08637-3.A.2.2.2	30.4	68.1	77.7	358	6.03e-30	121
WP_011130835.1	lcl|KEG10108.1-3.A.2.2.11	32.2	62.2	65.1	326	1.02e-28	118
WP_011130835.1	lcl|D3E1Z2-3.A.2.3.2	29.6	66.7	74.8	348	1.80e-28	117
WP_011130835.1	lcl|P26465-3.A.6.2.1	27.6	69.1	74.3	352	1.62e-26	111
WP_011130835.1	lcl|Q60187-3.A.2.3.1	30.5	66.7	74.8	347	1.68e-26	111
WP_011130836.1	lcl|BAK19945-3.A.2.1.10	39.0	94.5	92.0	172	2.40e-37	127
WP_011130836.1	lcl|P09220-3.A.2.1.14	31.8	92.3	93.9	170	1.94e-15	70.1
WP_011130836.1	lcl|P0ABA4-3.A.2.1.1	29.5	92.9	93.8	173	7.48e-13	63.2
WP_011130836.1	lcl|P48047-3.A.2.1.15	25.4	94.0	80.8	173	1.80e-12	62.8
WP_011130836.1	lcl|Q9RMB3-3.A.2.1.5	25.1	94.0	94.4	171	5.70e-12	60.8
WP_011130836.1	lcl|A1B8N7-3.A.2.1.7	25.6	94.0	91.0	172	1.73e-11	59.7
WP_011130836.1	lcl|P09457-3.A.2.1.3	22.5	92.3	81.6	173	2.94e-09	53.9
WP_011130836.1	lcl|F8L1Z4-3.A.2.1.6	19.0	92.3	91.3	168	9.88e-08	49.3
WP_011130836.1	lcl|D8V7I1-3.A.2.1.11	26.7	92.3	74.2	176	8.15e-06	44.3
WP_011130839.1	lcl|BAK19942-3.A.2.1.10	79.0	98.8	100	81	7.91e-35	113
WP_011130839.1	lcl|P21905-3.A.2.1.2	50.0	97.6	88.8	80	3.62e-16	66.2
WP_011130839.1	lcl|Q467F4-3.A.2.1.12	42.5	89.0	80.2	73	2.03e-13	59.3
WP_011130839.1	lcl|BAK19936-3.A.2.1.9	41.7	87.8	75.0	72	4.59e-13	58.5
WP_011130839.1	lcl|Q59166-3.A.2.1.5	45.9	90.2	89.0	74	6.58e-13	57.8
WP_011130839.1	lcl|F8L1Z6-3.A.2.1.6	44.1	82.9	88.3	68	7.69e-11	52.4
WP_011130839.1	lcl|P00845-3.A.2.1.14	40.9	80.5	91.7	66	1.80e-08	46.2
WP_011130839.1	lcl|Q9RMB5-3.A.2.1.5	37.0	89.0	39.6	73	7.70e-07	43.9
WP_011130840.1	lcl|BAK19941-3.A.2.1.10	71.6	96.3	90.3	232	2.10e-121	345
WP_011130840.1	lcl|BAK19935-3.A.2.1.9	34.8	91.3	91.4	224	1.43e-31	115
WP_011130840.1	lcl|Q467F3-3.A.2.1.12	31.1	92.9	93.9	228	3.68e-26	101
WP_011130840.1	lcl|P21903-3.A.2.1.2	30.3	83.0	71.3	211	3.33e-24	97.4
WP_011130840.1	lcl|F8L1Z7-3.A.2.1.6	32.0	83.4	84.9	225	1.79e-22	92.0
WP_011130840.1	lcl|P09218-3.A.2.1.14	30.5	82.6	87.8	213	2.67e-22	91.3
WP_011130840.1	lcl|Q9RMB6-3.A.2.1.5	27.6	92.5	99.1	232	5.40e-18	79.3
WP_011130840.1	lcl|A1B619-3.A.2.1.7	28.7	67.6	64.5	171	3.47e-13	66.6
WP_011130840.1	lcl|P00854-3.A.2.1.3	28.9	72.6	72.2	197	2.29e-11	61.6
WP_011130840.1	lcl|P0AB98-3.A.2.1.1	26.0	84.2	81.9	223	2.18e-10	58.9
WP_011130841.1	lcl|B1X3Y0-1.A.77.3.40	56.0	72.7	80.1	125	2.00e-37	125
WP_011130841.1	lcl|P08443-1.A.77.3.21	36.3	59.3	86.4	102	1.44e-11	58.2
WP_011130841.1	lcl|A8HNA8-1.A.77.3.45	42.5	52.3	27.5	106	3.37e-07	48.5
WP_011130841.1	lcl|M2XQQ8-1.A.77.3.24	36.0	62.8	44.7	114	3.51e-05	42.4
WP_011130866.1	lcl|P0AAJ1-5.A.3.3.1	32.5	61.9	39.5	83	4.08e-05	40.8
WP_011130866.1	lcl|P18776-5.A.3.3.2	31.3	61.9	39.5	83	1.43e-04	39.3
WP_011131015.1	lcl|Q54710-3.D.3.5.3	85.0	100	100	160	2.37e-100	285
WP_011131015.1	lcl|Q93SX1-3.D.3.5.6	78.2	97.5	97.5	156	4.91e-93	266
WP_011131015.1	lcl|7R0W_B-3.D.3.5.7	76.3	100	100	160	8.13e-92	263
WP_011131015.1	lcl|P27589-3.E.2.2.2	76.3	100	100	160	8.13e-92	263
WP_011131015.1	lcl|P56774-3.D.3.5.2	75.6	100	100	160	2.72e-90	259
WP_011131015.1	lcl|P00163-3.D.3.3.1	33.3	72.5	31.9	123	1.23e-10	58.2
WP_011131015.1	lcl|P00157-3.D.3.2.1	33.9	68.8	27.7	115	8.98e-09	52.8
WP_011131015.1	lcl|P05418-3.D.3.1.1	24.8	73.8	31.8	145	2.59e-05	42.7
WP_011131015.1	lcl|P0CY47-3.D.3.1.2	36.8	37.5	14.6	68	3.50e-05	42.4
WP_011131015.1	lcl|Q02761-3.E.2.1.1	25.7	73.8	31.5	144	3.51e-05	42.4
WP_011131015.1	lcl|Q02768-3.D.3.2.2	30.7	44.4	19.9	75	1.13e-04	40.8
WP_011131015.1	lcl|P46913-3.D.3.4.1	27.5	71.9	46.3	120	1.31e-04	40.4
WP_011131016.1	lcl|Q54711-3.D.3.5.3	89.7	98.2	99.5	214	5.46e-145	402
WP_011131016.1	lcl|P0A384-3.D.3.5.6	86.8	97.2	98.6	212	2.04e-140	390
WP_011131016.1	lcl|P56773-3.D.3.5.2	85.0	98.2	99.5	214	3.24e-137	382
WP_011131016.1	lcl|7R0W_A-3.D.3.5.7	82.2	98.2	96.4	214	1.19e-136	381
WP_011131016.1	lcl|Q57038-3.E.2.2.2	82.2	98.2	96.4	214	1.19e-136	381
WP_011131016.1	lcl|P46912-3.D.3.4.1	42.3	97.2	98.2	220	4.84e-63	195
WP_011131016.1	lcl|P05418-3.D.3.1.1	33.2	95.4	47.0	208	1.75e-41	145
WP_011131016.1	lcl|Q02761-3.E.2.1.1	32.7	95.4	46.5	208	2.75e-40	142
WP_011131016.1	lcl|P0CY47-3.D.3.1.2	32.7	95.4	47.4	208	4.71e-40	141
WP_011131016.1	lcl|P00157-3.D.3.2.1	32.4	86.2	48.8	188	5.68e-36	129
WP_011131016.1	lcl|Q9X806-3.D.3.5.4	30.3	96.8	42.0	231	1.21e-34	128
WP_011131016.1	lcl|P00163-3.D.3.3.1	30.2	86.7	48.8	189	1.28e-34	126
WP_011131016.1	lcl|A0R052-3.D.3.5.5	28.8	85.8	37.2	205	2.28e-26	105
WP_011131016.1	lcl|Q02768-3.D.3.2.2	29.1	86.7	48.4	189	3.29e-26	103
WP_011131016.1	lcl|Q3LCJ0-3.D.4.1.2	30.0	82.6	31.5	180	1.88e-22	94.4
WP_011131016.1	lcl|P39480-3.D.4.1.1	29.4	96.8	38.2	221	6.55e-22	92.8
WP_011131030.1	lcl|Q31QD8-3.E.2.2.1	64.7	100	97.1	34	8.48e-08	41.6
WP_011131033.1	lcl|P61839-3.E.2.2.3	48.3	82.9	87.9	29	2.38e-05	35.4
WP_011131117.1	lcl|P0A4H1-3.A.5.4.1	65.8	99.8	99.8	441	4.47e-199	557
WP_011131117.1	lcl|Q6MJ32-3.A.5.1.3	41.1	96.6	96.8	436	9.25e-99	302
WP_011131117.1	lcl|Q38885-3.A.5.4.2	42.1	94.1	73.3	413	2.29e-96	299
WP_011131117.1	lcl|P0AGA2-3.A.5.1.1	41.9	94.8	94.1	422	6.61e-93	287
WP_011131117.1	lcl|P0A5Z2-3.A.5.2.2	37.6	95.7	98.2	450	7.54e-88	274
WP_011131117.1	lcl|Q9X1I9-3.A.5.1.4	37.7	95.0	95.6	427	2.75e-85	267
WP_011131117.1	lcl|P46249-3.A.5.5.1	37.5	94.3	98.3	416	1.67e-84	264
WP_011131117.1	lcl|P16336-3.A.5.2.1	35.1	97.0	99.3	441	1.53e-77	247
WP_011131117.1	lcl|P10250-3.A.5.3.1	35.3	95.2	89.8	442	6.32e-72	234
WP_011131117.1	lcl|P25014-3.A.5.6.1	31.8	92.3	84.6	431	6.81e-57	194
WP_011131117.1	lcl|F4IQV7-3.A.5.4.2	29.3	92.3	71.3	420	6.16e-42	155
WP_011131117.1	lcl|Q9AEU0-3.A.5.10.1	22.5	94.5	98.3	422	1.59e-22	98.6
WP_011131133.1	lcl|P77757-4.D.1.1.13	37.5	96.6	95.0	312	1.88e-60	195
WP_011131133.1	lcl|Q55487-4.D.1.1.14	30.2	95.6	94.7	308	1.33e-38	138
WP_011131133.1	lcl|MAU97510-2.A.127.1.18	39.6	69.7	38.6	227	9.77e-37	138
WP_011131133.1	lcl|F2KQZ0-4.D.2.1.6	27.0	72.5	44.4	241	2.16e-19	88.2
WP_011131133.1	lcl|P75905-4.D.1.1.3	37.0	28.8	20.2	92	6.73e-12	65.5
WP_011131133.1	lcl|R7XRS7-9.B.27.2.12	29.4	50.0	22.3	177	1.23e-08	55.8
WP_011131133.1	lcl|B3EBP1-4.D.1.3.3	30.9	29.1	6.3	94	9.46e-06	47.0
WP_011131133.1	lcl|Q47536-4.D.1.1.11	25.4	36.3	28.6	118	1.15e-05	46.2
WP_011131133.1	lcl|OHA89506.1-4.D.2.1.9	30.3	29.7	25.3	99	2.58e-04	42.0
WP_011131133.1	lcl|Q54066-4.D.1.1.2	27.2	28.8	21.4	92	3.56e-04	41.6
WP_011131135.1	lcl|B0C7S4-5.B.4.1.2	47.1	73.8	88.9	138	1.89e-38	129
WP_011131135.1	lcl|Q9SUI4-5.B.4.1.1	39.9	78.6	69.9	153	2.16e-28	105
WP_011131204.1	lcl|P56780-3.E.2.2.3	50.0	93.5	78.1	58	3.84e-10	49.7
WP_011131230.1	lcl|Q79AV1-3.E.2.2.1	72.5	85.1	88.9	40	1.02e-15	62.4
WP_011131230.1	lcl|P56782-3.E.2.2.3	65.0	85.1	65.6	40	2.35e-12	54.3
WP_011131259.1	lcl|Q8DJ02-3.D.1.8.2	77.5	100	90.9	120	1.30e-60	181
WP_011131259.1	lcl|P56751-3.D.1.8.1	64.2	100	100	120	4.08e-50	154
WP_011131259.1	lcl|Q9P9G3-3.D.9.1.1	44.0	89.2	87.9	109	1.99e-27	97.4
WP_011131259.1	lcl|Q8PU58-3.D.13.1.1	44.0	89.2	84.5	109	2.29e-27	97.4
WP_011131259.1	lcl|P29919-3.D.1.2.1	37.8	99.2	98.3	119	9.69e-25	90.5
WP_011131259.1	lcl|P0AFC3-3.D.1.1.1	37.5	93.3	76.2	112	1.39e-21	83.2
WP_011131259.1	lcl|Q746S3-3.D.1.5.1	38.9	75.0	63.4	90	2.20e-19	77.4
WP_011131259.1	lcl|Q56217-3.D.1.3.1	38.5	80.0	79.8	96	4.48e-17	70.9
WP_011131259.1	lcl|Q0P849-3.D.1.7.1	34.5	96.7	91.5	119	1.79e-15	67.0
WP_011131259.1	lcl|Q6V502-3.D.1.6.4	29.8	86.7	36.6	104	6.20e-12	60.1
WP_011131259.1	lcl|P03898-3.D.1.6.1	33.3	82.5	96.5	111	1.96e-11	56.2
WP_011131262.1	lcl|Q8KPP3-3.E.2.2.1	66.7	95.1	94.0	78	7.47e-38	120
WP_011131262.1	lcl|Q3ZVB1-3.E.2.2.3	55.1	59.8	89.1	49	1.04e-14	61.6
WP_011131263.1	lcl|Q8KPP2-3.E.2.2.1	81.8	67.3	75.0	33	7.43e-14	57.8
WP_011131263.1	lcl|P62095-3.E.2.2.3	77.1	71.4	89.7	35	1.12e-12	54.7
WP_011131264.1	lcl|Q8KPP1-3.E.2.2.1	76.5	87.2	85.0	34	1.06e-12	54.3
WP_011131264.1	lcl|P60129-3.E.2.2.3	73.5	87.2	89.5	34	2.41e-11	50.8
WP_011131265.1	lcl|Q8KPP0-3.E.2.2.1	58.8	52.3	87.2	34	6.84e-09	45.8
WP_011131265.1	lcl|P56781-3.E.2.2.3	47.2	55.4	90.0	36	9.89e-09	45.4
WP_011131309.1	lcl|Q55190-2.A.37.2.4	44.7	92.3	92.2	425	5.87e-107	324
WP_011131309.1	lcl|Q5SIA2-2.A.37.2.7	36.8	90.6	95.6	416	3.74e-56	190
WP_011131309.1	lcl|Q9KI10-2.A.37.2.2	27.1	89.5	95.9	414	6.16e-34	130
WP_011131309.1	lcl|P26235-2.A.37.2.1	29.4	89.1	96.6	411	7.91e-34	130
WP_011131309.1	lcl|Q45308-2.A.37.2.3	29.0	90.8	97.4	421	8.34e-34	130
WP_011131309.1	lcl|Q9M353-2.A.37.4.8	28.1	86.9	46.4	423	1.62e-20	94.4
WP_011131309.1	lcl|Q9SUQ7-2.A.37.4.2	27.5	90.2	48.2	429	8.83e-19	89.0
WP_011131309.1	lcl|P39830-2.A.37.1.5	25.9	92.6	69.4	441	5.32e-12	67.4
WP_011131309.1	lcl|P40309-2.A.37.4.1	21.7	81.4	44.2	397	9.07e-12	67.0
WP_011131309.1	lcl|V9HMH9-2.A.37.1.10	27.4	77.2	58.5	387	6.82e-10	60.8
WP_011131309.1	lcl|Q9ZUN3-2.A.37.1.13	26.5	84.7	59.6	400	1.53e-09	59.7
WP_011131309.1	lcl|P03819-2.A.37.1.1	25.3	87.5	59.2	419	2.07e-09	59.3
WP_011131309.1	lcl|Q9ZTZ7-2.A.37.1.4	26.4	68.5	26.5	330	7.93e-09	57.8
WP_011131309.1	lcl|O65272-2.A.37.1.7	25.1	70.7	27.8	347	4.16e-08	55.5
WP_011131309.1	lcl|P45522-2.A.37.1.2	26.3	90.8	61.7	419	4.40e-08	55.1
WP_011131309.1	lcl|Q8VYR9-2.A.37.1.8	24.8	84.7	62.1	399	1.31e-07	53.5
WP_011131309.1	lcl|B3EE21-2.A.37.2.5	24.7	79.2	44.5	373	5.85e-07	51.6
WP_011131309.1	lcl|J0HUB5-2.A.37.1.9	24.1	51.6	56.7	245	2.33e-06	49.3
WP_011131309.1	lcl|V5WD80-2.A.37.3.3	23.8	80.3	79.9	391	3.98e-05	45.4
WP_011131320.1	lcl|Q6UKY4-3.D.1.6.4	48.0	93.8	58.6	75	9.50e-18	71.2
WP_011131320.1	lcl|8XQX_J-3.A.9.1.4	55.7	87.5	59.0	70	9.47e-16	65.9
WP_011131320.1	lcl|O80800-3.D.1.6.3	45.3	93.8	59.5	75	9.33e-15	63.5
WP_011131320.1	lcl|P11943-3.D.1.6.2	66.7	56.3	33.6	45	3.90e-12	57.0
WP_011131320.1	lcl|P52505-3.D.1.6.1	36.7	98.8	50.6	79	5.15e-09	49.3
WP_011131340.1	lcl|Q8DMU4-3.D.1.8.2	48.5	81.5	94.3	66	7.56e-17	67.4
WP_011131370.1	lcl|Q8DLN5-3.D.1.8.2	51.9	92.2	95.5	106	1.20e-34	115
WP_011131370.1	lcl|Q2V2S7-3.D.1.8.1	44.4	91.3	49.8	108	2.32e-23	89.4
WP_011131383.1	lcl|Q8DL30-3.D.1.8.2	56.5	90.5	90.5	186	4.44e-56	176
WP_011131383.1	lcl|Q95695-3.D.1.8.1	42.0	77.0	92.0	162	7.81e-29	105
WP_011131383.1	lcl|Q9P9F7-3.D.9.1.1	37.9	83.0	94.3	174	2.47e-18	78.2
WP_011131383.1	lcl|P29922-3.D.1.2.1	34.5	83.0	84.5	174	2.19e-12	62.8
WP_011131383.1	lcl|Q0P858-3.D.1.7.1	32.9	76.5	90.7	158	1.38e-11	60.1
WP_011131383.1	lcl|P0AFE0-3.D.1.1.1	29.0	79.0	85.9	162	4.03e-09	53.5
WP_011131383.1	lcl|Q56225-3.D.1.3.1	30.6	70.0	78.4	144	7.11e-06	44.3
WP_011131383.1	lcl|Q746T5-3.D.1.5.1	29.3	78.5	95.1	164	2.93e-05	42.4
WP_011131383.1	lcl|OLS18234-3.D.9.1.2	43.6	27.5	64.7	55	2.81e-04	38.1
WP_011131408.1	lcl|GIM07801.1-3.E.1.5.3	31.7	49.0	5.4	120	5.45e-13	67.8
WP_011131408.1	lcl|Q7MVV4-2.A.130.1.1	28.3	46.9	21.4	113	1.96e-07	50.8
WP_011131408.1	lcl|Q9C5U0-9.B.238.3.7	31.0	46.9	11.3	126	1.85e-05	45.1
WP_011131450.1	lcl|Q31QK1-3.A.5.4.1	64.2	58.9	65.4	53	3.23e-15	63.9
WP_011131559.1	lcl|Q66DP5-5.B.1.3.1	30.8	53.7	19.8	65	1.10e-06	45.4
WP_011131592.1	lcl|Q9L3S5-3.A.1.4.4	54.8	98.7	98.4	389	3.65e-119	350
WP_011131592.1	lcl|Q8NRW0-3.A.1.4.5	38.2	99.0	99.0	380	7.91e-70	221
WP_011131592.1	lcl|CAI09139-3.A.1.4.15	29.5	84.1	87.2	325	2.60e-24	100
WP_011131592.1	lcl|P21627-3.A.1.4.8	25.3	96.4	94.8	372	1.46e-21	93.6
WP_011131592.1	lcl|P0AEX7-3.A.1.4.1	24.8	96.4	94.5	379	3.35e-20	89.7
WP_011131592.1	lcl|Q8YU25-3.A.1.4.12	28.5	83.9	86.7	337	5.10e-20	89.4
WP_011131592.1	lcl|Q8VM85-3.A.1.4.3	25.9	98.2	98.3	379	2.73e-18	84.0
WP_011131592.1	lcl|AKM83898-3.A.1.4.14	21.7	97.7	99.3	378	5.69e-17	80.1
WP_011131592.1	lcl|Q8YXD0-3.A.1.4.6	23.5	83.6	86.5	323	3.02e-15	75.1
WP_011131592.1	lcl|Q92TN1-3.A.1.4.7	26.1	83.3	86.8	322	5.47e-15	74.3
WP_011131592.1	lcl|Q8DQI0-3.A.1.4.10	22.9	97.4	96.9	376	6.43e-14	71.2
WP_011131592.1	lcl|P74318-3.A.1.4.2	22.8	96.4	97.2	378	5.71e-11	62.4
WP_011131592.1	lcl|OLS24630-3.A.1.4.13	35.3	29.9	14.7	119	1.41e-07	53.1
WP_011131592.1	lcl|Q1M4Q8-3.A.1.2.16	33.3	28.4	32.9	117	8.28e-06	47.0
WP_011131592.1	lcl|Q0S718-3.A.1.4.9	23.3	46.9	54.7	180	4.95e-04	41.2
WP_011131592.1	lcl|Q5SIR2-3.A.1.2.31	40.4	13.5	18.8	52	8.53e-04	40.4
WP_011131593.1	lcl|Q9L3S6-3.A.1.4.4	59.2	91.0	87.6	395	3.76e-153	440
WP_011131593.1	lcl|Q8NRW1-3.A.1.4.5	50.1	89.8	90.1	391	2.74e-119	353
WP_011131593.1	lcl|P21175-3.A.1.4.8	26.8	69.8	77.5	310	3.76e-13	70.1
WP_011131593.1	lcl|Q8DQI1-3.A.1.4.10	22.7	84.2	94.3	383	1.56e-07	52.8
WP_011131593.1	lcl|CAI09145-3.A.1.4.15	22.5	37.1	41.6	160	7.32e-04	41.2
WP_011131614.1	lcl|P74477-2.A.49.6.1	32.5	89.6	43.8	412	7.32e-53	190
WP_011131614.1	lcl|A8ALD3-2.A.49.5.5	28.2	93.6	89.6	444	1.02e-36	140
WP_011131614.1	lcl|P37019-2.A.49.5.1	30.4	78.8	74.0	368	8.80e-32	126
WP_011131614.1	lcl|Q9HPN8-2.A.49.6.4	29.6	80.8	46.7	388	1.98e-20	94.0
WP_011131614.1	lcl|C5D215-2.A.49.6.2	26.8	83.4	59.7	385	2.76e-19	90.1
WP_011131614.1	lcl|Q8GX93-2.A.49.6.3	26.1	78.3	51.0	383	1.31e-16	82.0
WP_011131614.1	lcl|M1UVK6-2.A.49.2.9	27.1	92.7	59.9	458	7.26e-16	79.7
WP_011131614.1	lcl|A7LKG1-2.A.49.1.2	23.7	80.5	47.4	405	7.90e-16	79.7
WP_011131614.1	lcl|Q9BMK9-2.A.49.2.13	24.7	81.4	42.9	441	4.49e-14	74.3
WP_011131614.1	lcl|P51792-2.A.49.2.3	24.5	80.1	50.0	429	7.24e-14	73.6
WP_011131614.1	lcl|P51798-2.A.49.3.3	23.1	93.8	60.2	503	2.94e-13	71.6
WP_011131614.1	lcl|Q874K8-2.A.49.1.3	23.9	83.4	46.8	422	9.34e-13	70.1
WP_011131614.1	lcl|ANG09048.1-2.A.49.3.5	22.7	97.1	62.0	532	1.20e-12	69.7
WP_011131614.1	lcl|P37020-2.A.49.1.1	23.6	78.8	49.2	403	2.07e-12	68.9
WP_011131614.1	lcl|A8AGW0-2.A.49.5.4	23.9	73.0	75.8	339	2.14e-12	68.2
WP_011131614.1	lcl|P51793-2.A.49.2.8	24.4	79.6	53.6	426	4.75e-12	67.8
WP_011131614.1	lcl|Q9XF71-2.A.49.3.2	22.7	81.9	54.5	441	4.82e-12	67.8
WP_011131614.1	lcl|Q96325-2.A.49.3.1	26.9	59.3	36.9	301	1.94e-11	65.9
WP_011131614.1	lcl|D2QXG0-2.A.49.9.1	26.1	86.5	83.4	403	4.16e-11	64.3
WP_011131614.1	lcl|Q8FHC1-2.A.49.5.3	23.1	83.6	87.3	389	6.58e-11	63.5
WP_011131614.1	lcl|Q9GKE7-2.A.49.2.2	24.4	80.1	54.7	427	7.75e-11	63.9
WP_011131614.1	lcl|P51795-2.A.49.2.16	23.5	80.1	50.0	429	1.07e-10	63.5
WP_011131614.1	lcl|Q5SKP5-2.A.49.6.5	27.0	85.6	73.6	396	1.35e-10	62.8
WP_011131614.1	lcl|O35454-2.A.49.3.4	24.1	79.6	50.1	440	3.10e-09	58.9
WP_011131614.1	lcl|Q9VUY1-2.A.49.2.17	22.3	80.1	45.7	421	5.45e-09	58.2
WP_011825182.1	lcl|Q8GMT4-3.A.5.4.1	54.7	98.7	93.7	75	8.70e-21	77.4
WP_011825185.1	lcl|G4NXA5-1.A.33.1.4	25.8	67.8	55.8	396	9.37e-14	73.6
WP_011825185.1	lcl|P0A6Y8-1.A.33.1.2	24.8	51.8	42.2	298	2.76e-12	68.9
WP_011825185.1	lcl|P44669-9.A.41.1.1	26.0	47.1	35.9	265	1.44e-11	66.6
WP_011825185.1	lcl|P10591-3.A.16.1.6	24.7	52.3	41.3	299	1.53e-08	57.0
WP_011825185.1	lcl|P08107-1.A.33.1.3	24.6	57.3	47.6	346	1.84e-07	53.5
WP_011825185.1	lcl|P11021-1.A.33.1.5	24.6	51.2	39.6	289	9.76e-07	51.2
WP_011825185.1	lcl|P0A9X4-9.B.157.1.3	26.8	27.9	47.0	168	1.93e-06	49.7
WP_011825185.1	lcl|F7WTS9-1.A.33.2.2	25.0	42.3	35.5	236	2.12e-06	50.1
WP_011825185.1	lcl|Q01465-9.B.157.1.1	22.9	40.5	55.8	227	3.29e-06	48.9
WP_011825185.1	lcl|Q8F2L2-9.B.157.1.4	25.5	39.2	57.6	220	3.32e-06	48.9
WP_011825185.1	lcl|P22953-1.A.33.1.1	25.3	49.7	39.6	296	2.68e-05	46.6
WP_011825185.1	lcl|B2HP37-1.A.33.2.1	23.7	41.6	34.0	245	3.45e-05	46.2
WP_011825185.1	lcl|O33619-9.B.157.1.5	22.5	46.6	64.6	262	1.74e-04	43.5
WP_011825292.1	lcl|E8XKQ3-9.B.100.1.1	30.0	81.3	97.7	217	4.22e-26	101
WP_011825316.1	lcl|WP_073151285.1-9.B.241.2.6	33.3	37.2	41.7	126	5.35e-04	40.8
WP_011825318.1	lcl|Q70J76-3.A.1.105.3	31.6	73.9	82.0	212	2.94e-19	84.3
WP_011825318.1	lcl|Q9F2Y7-3.A.1.105.13	28.0	81.7	81.4	232	6.24e-15	72.8
WP_011825318.1	lcl|AKM80417-3.A.1.105.21	27.1	76.8	80.8	225	1.23e-11	63.2
WP_011825318.1	lcl|Q3Z8A7-3.A.1.105.6	27.8	73.6	82.6	212	1.58e-07	50.8
WP_011825318.1	lcl|Q53717-3.A.1.105.2	25.8	83.5	85.7	240	8.40e-07	48.9
WP_011825318.1	lcl|P32011-3.A.1.105.1	27.5	83.1	83.4	255	3.98e-04	40.8
WP_011825335.1	lcl|Q31NV7-3.D.3.5.3	75.3	99.4	99.4	178	4.65e-100	285
WP_011825335.1	lcl|Q93SX0-3.D.3.5.6	71.5	100	100	179	6.03e-96	275
WP_011825335.1	lcl|P26290-3.D.3.5.1	69.3	99.4	99.4	179	5.69e-92	265
WP_011825335.1	lcl|7R0W_D-3.D.3.5.7	69.3	99.4	93.2	179	8.56e-92	265
WP_011825335.1	lcl|Q9ZR03-3.D.3.5.2	57.9	95.5	74.7	171	7.88e-70	211
WP_011825335.1	lcl|P74714-3.D.3.5.1	51.5	94.4	94.4	169	4.07e-56	174
WP_011825335.1	lcl|P70758-3.D.3.5.6	48.5	94.4	94.4	169	1.16e-50	160
WP_011825335.1	lcl|Q93SW8-3.D.3.5.6	47.3	94.4	94.4	169	4.69e-50	159
WP_011825335.1	lcl|P08067-3.D.3.3.1	37.3	56.7	39.5	102	3.14e-11	59.3
WP_011825335.1	lcl|P13272-3.D.3.2.1	42.1	31.5	20.8	57	7.25e-11	58.9
WP_011825335.1	lcl|W7JL23-3.D.3.2.2	41.5	29.8	14.9	53	1.54e-09	55.5
WP_011825335.1	lcl|P05417-3.D.3.1.1	53.3	23.6	23.2	45	2.95e-09	53.5
WP_011825335.1	lcl|Q02762-3.E.2.1.1	36.0	54.5	51.3	100	2.69e-08	50.8
WP_011825335.1	lcl|P0CY48-3.D.3.1.2	51.1	23.6	23.0	45	5.32e-08	50.1
WP_011825335.1	lcl|Q7SIF3-5.A.3.6.1	34.5	29.8	39.8	55	3.97e-05	41.2
WP_011825471.1	lcl|6NER_A-1.S.1.1.13	58.9	92.2	44.1	95	7.97e-26	95.1
WP_011825471.1	lcl|P0A1C7-1.S.1.1.1	58.0	85.4	92.6	88	2.49e-25	90.5
WP_011825471.1	lcl|WP_094276346.1-1.S.1.1.11	53.3	87.4	94.7	90	2.87e-24	87.8
WP_011825471.1	lcl|P0ABF4-1.S.1.1.2	54.5	85.4	89.7	88	1.26e-23	86.3
WP_011825471.1	lcl|P72760-1.S.1.1.7	52.8	85.4	80.2	89	1.39e-20	79.0
WP_011825471.1	lcl|MBT6724251.1-1.S.1.1.14	48.1	78.6	38.5	81	6.10e-16	69.3
WP_011825471.1	lcl|WP_033292571.1-1.S.1.1.5	39.5	78.6	84.4	81	3.76e-09	49.3
WP_011825471.1	lcl|WP_118167459.1-1.S.1.1.3	40.4	85.4	86.4	89	4.80e-08	46.6
WP_011825471.1	lcl|P73407-1.S.1.1.9	38.4	82.5	76.8	86	8.02e-08	46.2
WP_011825471.1	lcl|Q31RK3-1.S.1.1.8	39.3	85.4	87.3	89	3.65e-07	44.3
WP_011825471.1	lcl|WP_068749265.1-1.S.1.1.4	33.0	85.4	45.9	88	1.39e-04	38.5
WP_011825477.1	lcl|P41792-1.S.5.1.2	33.7	83.5	83.8	83	2.74e-09	49.3
WP_011825477.1	lcl|Q03512-1.S.5.1.1	33.7	83.5	83.8	83	9.44e-07	42.7
WP_011825478.1	lcl|P41792-1.S.5.1.2	37.1	100	89.9	89	2.90e-12	56.6
WP_011825497.1	lcl|KOO27619.1-2.A.54.1.13	34.5	71.6	17.4	58	7.85e-07	44.3
WP_011826570.1	lcl|L7E2Q2-9.A.8.1.21	31.3	47.8	20.7	176	1.04e-06	50.1
WP_011826570.1	lcl|V6F2B2-9.A.8.1.7	26.6	58.9	27.8	207	1.33e-06	49.7
WP_011826570.1	lcl|O25396-9.A.8.1.2	28.7	35.6	18.5	122	1.72e-06	49.3
WP_011826570.1	lcl|B5XTS7-9.A.8.1.10	28.0	46.6	20.5	164	2.41e-06	48.9
WP_011826570.1	lcl|P33650-9.A.8.1.1	28.0	46.6	20.4	164	4.23e-06	48.1
WP_011826570.1	lcl|W1MMS7-9.A.8.1.15	26.4	50.4	22.8	178	7.40e-06	47.4
WP_011826570.1	lcl|Q7MV19-9.A.8.1.6	24.7	46.9	18.5	162	1.65e-04	43.1
WP_011826570.1	lcl|O29993-9.A.8.1.8	33.7	25.1	12.4	86	2.04e-04	42.7
WP_011826570.1	lcl|Q7MVL1-9.A.8.1.5	27.5	46.6	21.2	160	2.11e-04	42.7
WP_011826570.1	lcl|V6EW69-9.A.8.1.16	27.1	50.1	21.7	177	6.59e-04	41.2
WP_011826624.1	lcl|O97252-3.A.26.1.1	51.5	82.5	44.1	165	3.68e-50	166
WP_011826874.1	lcl|B0C8F1-5.B.4.1.2	68.6	97.9	99.3	140	2.35e-61	184
WP_011826874.1	lcl|Q9SA56-5.B.4.1.1	59.5	92.3	63.2	131	1.09e-49	157
WP_011827179.1	lcl|B0CB42-5.B.4.1.2	92.6	100	100	81	4.77e-38	121
WP_011827179.1	lcl|P62090-5.B.4.1.1	85.2	100	100	81	3.76e-35	114
WP_011827260.1	lcl|Q8DL29-3.D.1.8.2	73.3	92.7	100	101	1.10e-45	142
WP_011827260.1	lcl|F1SVE0-3.D.13.1.1	51.5	92.7	97.1	101	3.57e-28	98.2
WP_011827260.1	lcl|Q9P9F6-3.D.9.1.1	51.5	92.7	97.1	101	3.57e-28	98.2
WP_011827260.1	lcl|P26289-3.D.1.8.1	52.6	89.0	96.0	97	1.40e-27	96.7
WP_011827260.1	lcl|P29923-3.D.1.2.1	52.9	92.7	99.0	102	3.77e-25	90.5
WP_011827260.1	lcl|Q56226-3.D.1.3.1	44.3	89.0	98.9	97	4.22e-18	72.4
WP_011827260.1	lcl|P0AFE4-3.D.1.1.1	38.6	92.7	99.0	101	2.82e-14	62.8
WP_011827260.1	lcl|Q0P859-3.D.1.7.1	37.0	84.4	91.8	92	8.56e-13	58.9
WP_011827260.1	lcl|P05509-3.D.1.6.2	42.2	75.2	91.0	83	3.90e-12	57.0
WP_011827260.1	lcl|Q746T6-3.D.1.5.1	33.3	89.0	94.1	102	7.20e-09	48.9
WP_011827260.1	lcl|Q84K56-3.D.1.6.4	31.1	81.7	38.8	90	2.47e-07	46.6
WP_011827260.1	lcl|OLS18236-3.D.9.1.2	27.8	87.2	90.6	97	6.53e-07	43.9
WP_011827346.1	lcl|A9SUG7-9.A.15.3.1	36.7	91.0	77.0	150	1.26e-22	87.4
WP_011827564.1	lcl|HAL61136.1-9.B.405.2.1	33.3	93.5	86.1	201	1.07e-21	88.2
WP_041374634.1	lcl|A2BTW4-9.B.150.1.3	78.0	98.0	100	245	9.73e-129	363
WP_041374634.1	lcl|Q72IY6-9.B.150.1.2	30.4	82.4	94.0	214	6.21e-27	103
WP_041374731.1	lcl|P11005-3.E.2.2.1	86.9	100	100	352	1.51e-239	652
WP_041374731.1	lcl|P09192-3.E.2.2.2	84.9	100	100	352	5.63e-235	641
WP_041374731.1	lcl|P56761-3.E.2.2.3	81.6	100	100	353	2.54e-229	627
WP_041374731.1	lcl|P04997-3.E.2.2.1	32.5	84.6	83.9	305	2.41e-47	163
WP_041374731.1	lcl|P83755-3.E.2.2.3	31.8	84.6	85.6	305	4.27e-46	160
WP_041374731.1	lcl|P16033-3.E.2.2.2	31.8	84.6	83.9	311	9.84e-46	159
WP_041374731.1	lcl|A8ASG6-3.E.2.1.2	25.5	51.3	53.5	184	4.74e-10	59.7
WP_041374731.1	lcl|Q83XD0-3.E.2.1.3	27.8	32.5	17.9	115	8.54e-10	59.7
WP_041374731.1	lcl|P0C0Y9-3.E.2.1.1	28.0	35.3	40.6	125	1.47e-07	52.0
WP_041374994.1	lcl|Q6LXP8-1.A.16.2.3	34.6	89.5	97.1	272	1.27e-39	139
WP_041374994.1	lcl|Q9LE25-1.A.16.2.4	34.5	84.1	65.6	258	4.97e-33	124
WP_041374994.1	lcl|P35839-1.A.16.2.1	30.6	89.2	94.3	278	1.24e-30	115
WP_041374994.1	lcl|Q5AST3-1.A.16.2.2	28.4	94.3	86.5	292	8.73e-27	106
WP_041374994.1	lcl|F9A868-1.A.16.1.3	29.9	85.5	95.5	278	1.42e-21	91.3
WP_041374994.1	lcl|Q186B7-1.A.16.3.3	29.6	80.4	86.4	247	1.18e-20	88.6
WP_041374994.1	lcl|P0AC23-1.A.16.1.1	27.7	89.5	94.0	289	2.36e-19	85.5
WP_041374994.1	lcl|K6JRX1-1.A.16.3.4	28.9	82.1	83.6	256	1.19e-17	80.5
WP_041374994.1	lcl|C4LWU5-1.A.16.2.8	25.6	92.9	73.0	281	3.01e-17	80.5
WP_041374994.1	lcl|P0AC26-1.A.16.3.1	29.3	78.4	79.5	246	4.16e-17	79.0
WP_041374994.1	lcl|A1RWM1-1.A.16.2.5	27.1	89.2	73.6	303	1.65e-16	78.6
WP_041374994.1	lcl|F0PTD8-1.A.16.3.5	28.9	86.8	83.7	266	2.45e-16	77.0
WP_041374994.1	lcl|T2I725-1.A.16.2.6	31.1	40.2	25.0	119	1.67e-12	67.0
WP_041374994.1	lcl|P39608-1.A.16.3.2	26.0	67.2	69.5	200	1.72e-11	62.8
WP_041374994.1	lcl|P77733-1.A.16.1.2	28.0	72.3	74.8	232	2.93e-11	62.4
WP_041374994.1	lcl|O77389-1.A.16.2.9	23.4	87.5	82.8	278	6.90e-10	58.5
WP_041374994.1	lcl|SCP04225.1-1.A.16.2.7	25.4	72.0	63.3	213	3.08e-09	56.6
WP_041374994.1	lcl|Q4FQK9-1.A.16.4.2	24.4	88.2	70.8	270	6.46e-08	52.8
WP_041374994.1	lcl|R4VYX5-1.A.16.4.3	24.1	89.5	77.3	270	1.04e-07	52.0
WP_041375147.1	lcl|AKM80389.1-3.A.11.1.5	30.6	84.4	92.7	193	2.34e-16	73.9
WP_041384673.1	lcl|WP_090852276.1-9.A.76.1.8	23.3	63.8	79.9	279	1.57e-05	45.8
WP_041384673.1	lcl|WP_112939848.1-9.A.76.1.9	29.9	31.9	30.1	117	2.22e-05	45.4
WP_063395370.1	lcl|WP_065152054.1-9.B.304.1.6	36.1	55.3	41.2	61	2.85e-04	37.4
WP_063395925.1	lcl|H2CHC3-2.A.106.3.1	43.8	87.3	100	89	1.85e-16	67.8
WP_063395925.1	lcl|Q6MMB9-2.A.106.3.2	36.1	81.4	92.2	83	5.71e-10	51.2
WP_063395925.1	lcl|B9MIH1-2.A.106.1.4	31.7	80.4	42.7	82	2.16e-06	43.5
WP_063395925.1	lcl|G0PPC8-2.A.106.1.2	36.0	73.5	37.6	75	7.93e-06	42.0
WP_063395925.1	lcl|Q3ASG5-2.A.106.1.3	37.0	78.4	37.1	81	1.64e-05	41.2
WP_063395925.1	lcl|Q10320-2.A.106.2.4	30.0	88.2	31.0	90	2.57e-05	40.8
WP_063395925.1	lcl|A8I8C6-2.A.106.1.6	35.5	74.5	22.1	76	3.21e-04	37.7
WP_063396208.1	lcl|P73132-1.A.1.13.7	40.7	91.6	90.7	334	7.41e-70	222
WP_063396208.1	lcl|Q58752-1.A.1.13.10	31.7	88.6	95.3	328	3.31e-44	155
WP_063396208.1	lcl|Q57604-1.A.1.13.8	28.0	88.0	94.9	321	1.01e-43	153
WP_063396208.1	lcl|O27564-1.A.1.13.2	24.7	90.8	94.6	328	1.92e-23	99.0
WP_063396208.1	lcl|Q9XA52-1.A.1.13.5	28.4	68.5	70.4	268	1.79e-16	79.3
WP_063396208.1	lcl|P31069-1.A.1.13.1	28.2	51.3	44.6	188	1.42e-15	77.0
WP_063396208.1	lcl|Q0ZAH7-2.A.37.1.3	27.5	60.7	36.2	240	3.95e-15	76.3
WP_063396208.1	lcl|E8QNY4-1.A.1.13.9	21.4	89.1	87.0	332	1.79e-13	70.5
WP_063396208.1	lcl|Q979Z2-1.A.1.13.3	22.4	75.8	79.9	290	8.96e-13	68.2
WP_063396208.1	lcl|P39830-2.A.37.1.5	26.2	35.1	22.6	126	1.50e-09	58.9
WP_063396208.1	lcl|O65272-2.A.37.1.7	28.6	37.0	11.3	133	5.99e-09	57.4
WP_063396208.1	lcl|Q9ZTZ7-2.A.37.1.4	27.8	37.0	11.1	133	1.86e-08	55.8
WP_063396208.1	lcl|Q795M8-1.A.1.13.4	22.1	61.8	69.2	231	5.24e-08	53.5
WP_063396208.1	lcl|P74405-1.A.1.13.6	28.3	27.6	16.7	99	1.36e-06	49.7
WP_063396208.1	lcl|WP_048042267.1-1.A.1.21.3	34.3	18.4	47.9	67	3.49e-06	45.8
WP_063396208.1	lcl|WP_116718986.1-1.A.1.21.2	37.5	15.6	45.9	56	1.17e-05	43.9
WP_063396208.1	lcl|B7K3R7-1.A.1.24.4	33.3	14.8	21.2	57	9.96e-05	43.1
WP_063396208.1	lcl|KAF0685088.1-9.B.366.1.2	38.0	18.9	7.6	71	1.39e-04	43.5
WP_063396208.1	lcl|P40310-1.A.1.7.1	38.1	11.7	6.1	42	2.27e-04	42.7
WP_063396208.1	lcl|Q02006-1.A.1.24.1	33.3	18.9	18.2	75	4.34e-04	41.6
WP_063396208.1	lcl|Q6X308-1.A.1.7.2	26.4	23.1	29.2	87	7.89e-04	40.4
WP_063396208.1	lcl|O54192-1.A.1.27.1	48.4	8.6	16.2	31	8.53e-04	39.7
WP_063396507.1	lcl|O97252-3.A.26.1.1	46.6	77.7	46.8	174	9.23e-49	163
WP_063396737.1	lcl|GIM07801.1-3.E.1.5.3	40.3	46.0	5.4	119	3.10e-17	80.5
WP_063396743.1	lcl|GIM07801.1-3.E.1.5.3	32.8	43.3	5.4	119	1.13e-13	70.5
WP_063397227.1	lcl|P72958-2.A.47.4.1	39.4	99.7	99.2	607	6.94e-130	394
WP_063397227.1	lcl|Q9HMC9-2.A.47.4.2	35.5	98.2	97.6	609	7.70e-86	279
WP_063397227.1	lcl|Q9K7H7-2.A.47.4.5	28.9	94.1	95.2	575	7.13e-70	236
WP_063397227.1	lcl|D5AQ60-2.A.47.4.6	30.1	97.0	97.5	594	2.19e-69	235
WP_063397227.1	lcl|P0AFU2-2.A.47.4.8	25.0	97.4	99.5	611	1.01e-38	150
WP_063397227.1	lcl|A8IJF8-2.A.47.4.3	20.9	93.9	87.7	776	3.20e-23	104
WP_063397227.1	lcl|A8IHV5-2.A.47.4.4	20.7	97.5	90.2	816	8.28e-20	93.6
WP_063397227.1	lcl|A6VL35-2.A.47.5.3	32.2	33.3	46.8	202	7.51e-18	85.9
WP_063397227.1	lcl|Q65NC0-2.A.47.1.13	24.5	25.4	28.0	155	5.50e-09	58.5
WP_063397227.1	lcl|Q9KNE0-2.A.47.5.2	27.7	21.5	28.1	130	4.16e-07	52.4
WP_063397227.1	lcl|Q07782-2.A.47.1.2	26.4	24.3	24.7	148	4.85e-07	52.4
WP_063397227.1	lcl|Q9BZW2-2.A.47.1.16	24.3	24.3	24.7	148	3.35e-06	49.7
WP_063397227.1	lcl|E4P9F4-2.A.47.4.7	28.0	24.8	38.3	164	1.03e-04	44.7
WP_063397227.1	lcl|P0A607-2.A.45.2.2	26.7	26.4	37.5	165	9.51e-04	41.6
WP_063397328.1	lcl|Q6YWJ7-5.B.4.1.1	50.0	65.4	13.9	34	3.83e-05	38.1
WP_063397328.1	lcl|Q43381-5.B.4.1.1	46.4	53.8	10.3	28	4.84e-04	35.0
WP_063397328.1	lcl|K6W5C2-9.B.142.2.5	36.7	98.1	8.6	60	6.79e-04	34.7
WP_063397329.1	lcl|M2WYR6-9.A.4.2.2	55.9	64.2	37.6	68	3.74e-21	82.4
WP_063397329.1	lcl|Q81WE1-9.A.4.2.1	36.5	59.4	69.0	63	1.89e-04	37.0
WP_063397370.1	lcl|Q5EP68-3.A.7.11.1	37.7	17.2	18.0	53	2.49e-04	41.6
WP_063397370.1	lcl|A8IXB8-3.A.19.1.5	43.9	17.9	15.7	57	9.01e-04	40.0
WP_063397604.1	lcl|P56777-3.E.2.2.3	69.7	99.0	99.4	505	3.72e-278	763
WP_063397604.1	lcl|P09193-3.E.2.2.2	25.2	96.9	95.0	520	2.39e-22	99.4
WP_063397604.1	lcl|P11004-3.E.2.2.1	24.6	96.1	93.9	516	1.45e-20	94.0
WP_063397604.1	lcl|P56778-3.E.2.2.3	27.6	52.9	57.9	297	2.82e-18	87.0
WP_063397662.1	lcl|UOW74469.1-3.A.15.4.2	40.3	91.8	94.3	67	5.00e-13	57.4
WP_063398179.1	lcl|A2BS89-2.A.123.2.2	44.6	84.7	97.6	83	2.35e-20	77.4
WP_063398179.1	lcl|Q3MFM5-2.A.123.2.8	50.7	76.5	53.2	75	2.80e-19	76.3
WP_063398179.1	lcl|Q8F4F7-2.A.123.2.4	42.9	85.7	87.5	84	7.73e-16	66.2
WP_063398179.1	lcl|C3WG44-2.A.123.2.3	43.4	77.6	89.4	76	4.74e-15	63.9
WP_063398179.1	lcl|Q89G85-2.A.123.2.14	41.9	75.5	86.0	74	1.38e-14	62.8
WP_063398179.1	lcl|H8I9W6-2.A.123.2.12	45.8	73.5	83.3	72	1.86e-14	62.4
WP_063398179.1	lcl|B0SHL1-2.A.123.2.6	41.5	66.3	76.5	65	5.42e-14	61.2
WP_063398179.1	lcl|Q57574-2.A.123.2.5	42.7	76.5	80.6	75	3.74e-13	59.3
WP_063398179.1	lcl|P0DMV3-2.A.123.2.16	35.9	79.6	87.6	78	3.86e-12	56.6
WP_063398179.1	lcl|G5AIC0-2.A.123.2.10	37.0	82.7	64.8	81	2.90e-09	50.1
WP_063398179.1	lcl|I3IJ02-2.A.123.2.13	32.5	78.6	10.6	77	6.78e-08	48.1
WP_063398179.1	lcl|W2Q9B8-2.A.123.2.11	30.0	81.6	69.0	80	2.06e-07	45.1
WP_063398179.1	lcl|B3PMT4-2.A.123.2.1	34.6	53.1	21.5	52	2.16e-05	40.8
WP_063398309.1	lcl|Q2XWL3-2.A.36.6.7	26.2	92.2	97.0	408	9.73e-13	68.9
WP_063398309.1	lcl|B0LJC9-2.A.36.6.10	25.3	91.9	96.8	407	7.21e-11	63.2
WP_063398309.1	lcl|Q0ZAH6-2.A.36.6.4	25.0	94.1	68.1	400	9.03e-09	57.0
WP_063398309.1	lcl|Q60362-2.A.36.6.6	26.0	88.8	92.7	404	3.82e-07	51.6
WP_063398309.1	lcl|O26854-2.A.36.2.1	24.6	85.0	90.2	374	4.60e-06	48.1
WP_063398309.1	lcl|Q9UZ55-2.A.36.6.9	25.6	53.0	55.3	262	2.66e-05	45.8
WP_063398309.1	lcl|O29412-2.A.36.6.1	22.0	86.0	70.6	372	1.51e-04	43.5
WP_063398331.1	lcl|Q8DHE8-3.D.4.4.4	45.9	96.7	84.3	290	9.00e-84	254
WP_063398331.1	lcl|Q5SLI2-3.D.4.4.3	34.7	79.2	54.6	219	3.08e-29	112
WP_063398331.1	lcl|P08306-3.D.4.6.1	26.9	77.7	68.1	219	4.28e-17	79.0
WP_063398331.1	lcl|Q9X814-3.D.4.4.5	28.7	75.9	69.0	230	1.65e-15	74.7
WP_063398331.1	lcl|P24011-3.D.4.4.1	30.5	72.3	50.8	210	8.30e-14	70.1
WP_063398331.1	lcl|Q5SJ80-3.D.4.2.1	25.6	65.3	99.4	180	3.06e-13	65.9
WP_063398331.1	lcl|Q03736-3.D.4.6.2	25.2	73.4	67.3	218	3.18e-12	65.1
WP_063398331.1	lcl|P00403-3.D.4.11.1	37.1	25.5	30.8	70	8.65e-11	60.1
WP_063398331.1	lcl|A0R057-3.D.3.5.5	34.6	33.9	29.3	104	1.42e-10	60.5
WP_063398331.1	lcl|Q8NNK2-3.D.4.4.2	22.1	78.8	71.6	262	3.89e-09	56.2
WP_063398331.1	lcl|P00410-3.D.4.8.1	33.8	24.8	27.1	68	2.26e-06	47.4
WP_063399026.1	lcl|B0C5D5-5.B.4.1.2	55.4	94.1	73.0	65	4.50e-18	70.5
WP_063399026.1	lcl|Q9S714-5.B.4.1.1	42.2	91.2	39.3	64	3.97e-09	48.9
WP_063399344.1	lcl|Q8DKY0-3.D.1.8.2	53.0	94.6	94.0	498	4.15e-177	508
WP_063399344.1	lcl|P26288-3.D.1.8.1	45.8	92.2	96.4	485	5.15e-139	410
WP_063399344.1	lcl|P29925-3.D.1.2.1	36.9	93.1	95.3	501	3.87e-96	300
WP_063399344.1	lcl|P0AFE8-3.D.1.1.1	38.7	91.8	95.1	506	5.98e-90	284
WP_063399344.1	lcl|Q746T8-3.D.1.5.1	35.4	93.9	98.6	500	7.64e-87	276
WP_063399344.1	lcl|F1SVH9-3.D.13.1.1	35.0	93.5	97.8	503	1.34e-83	267
WP_063399344.1	lcl|Q9P9F4-3.D.9.1.1	35.0	93.5	97.8	503	1.34e-83	267
WP_063399344.1	lcl|OLS18238-3.D.9.1.2	30.8	94.1	97.3	516	9.14e-62	210
WP_063399344.1	lcl|Q0P861-3.D.1.7.1	28.7	93.1	94.5	495	2.74e-53	187
WP_063399344.1	lcl|Q56228-3.D.1.3.1	30.2	90.1	94.7	473	5.87e-49	175
WP_063399344.1	lcl|P15582-3.D.1.6.2	26.5	89.5	88.1	472	7.40e-42	156
WP_063399344.1	lcl|P03910-3.D.1.6.1	29.5	75.9	86.3	404	1.70e-39	149
WP_063399344.1	lcl|P20113-3.D.1.6.4	32.0	65.8	73.8	350	2.42e-35	137
WP_063399344.1	lcl|O05229-2.A.63.1.4	27.4	77.1	80.7	412	3.56e-35	137
WP_063399344.1	lcl|Q9ZNG6-2.A.63.1.3	26.0	94.1	63.5	520	4.12e-35	139
WP_063399344.1	lcl|Q9KD98-2.A.63.1.2	27.3	89.1	91.5	483	8.05e-32	127
WP_063399344.1	lcl|Q7AJV8-2.A.63.1.2	28.2	82.6	55.8	465	6.65e-31	127
WP_063399344.1	lcl|P23482-3.D.1.9.1	28.8	64.2	52.2	358	1.61e-30	125
WP_063399344.1	lcl|Q8U100-3.D.1.4.1	25.7	90.6	93.9	505	2.01e-30	124
WP_063399344.1	lcl|P77437-3.D.1.9.1	30.1	51.6	53.0	279	4.25e-30	123
WP_063399344.1	lcl|Q9K2S2-2.A.63.1.4	24.7	94.1	63.4	522	1.22e-29	123
WP_063399344.1	lcl|OLS18239-3.D.9.1.2	24.8	93.3	96.1	509	2.69e-28	117
WP_063399344.1	lcl|P72316-3.D.1.4.3	26.2	75.3	31.6	408	4.00e-28	119
WP_063399344.1	lcl|Q52978-2.A.63.1.1	26.0	96.6	50.5	520	1.12e-27	117
WP_063399344.1	lcl|P16429-3.D.1.9.2	28.7	47.8	42.6	261	1.96e-27	115
WP_063399472.1	lcl|BAK19949-3.A.2.1.10	55.0	98.5	94.9	131	1.79e-39	129
WP_063399472.1	lcl|P07678-3.A.2.1.14	39.8	69.9	70.5	93	1.84e-16	70.1
WP_063399472.1	lcl|P0A6E6-3.A.2.1.1	36.6	69.2	66.9	93	8.50e-12	58.2
WP_063399472.1	lcl|A1B8P1-3.A.2.1.7	28.6	57.1	52.0	77	2.24e-05	41.2
WP_063399472.1	lcl|Q12165-3.A.2.1.3	32.4	52.6	44.4	71	4.84e-05	40.4
WP_063399584.1	lcl|Q9SHU7-3.A.9.1.2	25.7	94.7	58.4	183	1.37e-08	52.8
WP_063400094.1	lcl|Q8DHF0-3.D.4.4.4	43.3	86.0	88.1	178	1.49e-48	157
WP_063400094.1	lcl|P00414-3.D.4.11.1	39.7	83.1	67.8	179	8.63e-30	110
WP_063400094.1	lcl|P00415-3.D.4.7.1	36.9	83.1	67.8	179	1.70e-29	109
WP_063400094.1	lcl|Q9X809-3.D.4.4.5	34.8	83.6	86.4	181	1.63e-22	90.1
WP_063400094.1	lcl|Q3J5F6-3.D.4.6.2	33.5	83.1	68.4	185	2.66e-22	90.9
WP_063400094.1	lcl|P98005-3.D.4.4.3	34.7	82.6	21.5	173	2.96e-22	93.6
WP_063400094.1	lcl|P00420-3.D.4.8.1	33.9	82.6	65.4	180	2.85e-21	88.2
WP_063400094.1	lcl|P0ABJ3-3.D.4.5.1	31.3	85.0	86.8	179	1.74e-20	84.7
WP_063400094.1	lcl|P24012-3.D.4.4.1	32.6	85.5	86.5	181	3.63e-20	84.0
WP_063400094.1	lcl|Q9AEL8-3.D.4.4.2	33.9	82.6	85.4	177	2.60e-19	81.6
WP_063400094.1	lcl|A0R049-3.D.3.5.5	35.4	82.6	85.2	175	3.49e-19	81.3
WP_063400094.1	lcl|WP_088327222-3.D.4.5.2	29.8	83.6	85.3	178	1.44e-15	71.6
WP_063400094.1	lcl|WP_068073146.1-9.B.36.14.5	31.3	83.1	40.1	179	9.06e-10	57.0
WP_063400094.1	lcl|Q51666-3.D.4.10.1	31.0	59.4	69.5	126	4.87e-09	53.1
WP_063403221.1	lcl|WP_043729325-9.B.273.1.1	33.9	89.1	65.7	280	2.56e-29	114
WP_063403221.1	lcl|WP_102961726.1-9.B.273.1.2	33.2	79.6	84.6	256	9.75e-23	94.7
WP_063403423.1	lcl|WP_015233269.1-9.B.241.2.5	32.1	70.3	73.1	224	4.01e-18	82.4
WP_063403566.1	lcl|I6YB99-1.C.109.1.4	50.2	94.0	92.2	253	2.96e-69	214
WP_063403566.1	lcl|Q9S218-1.C.109.1.2	49.6	91.4	90.4	250	5.22e-68	211
WP_063403566.1	lcl|J8IXD8-1.C.109.1.5	47.3	91.4	86.0	245	6.05e-66	206
WP_063403566.1	lcl|Q06803-1.C.109.1.1	41.0	89.5	97.5	239	1.46e-48	160
WP_063403566.1	lcl|C7BYV0-1.C.109.1.6	33.1	89.9	97.4	242	4.18e-25	99.4
WP_063403566.1	lcl|Q0PAS9-1.C.109.1.3	35.3	69.7	70.0	187	8.61e-24	96.3
WP_063403640.1	lcl|P55072-3.A.16.1.1	31.6	49.9	31.5	256	2.14e-29	122
WP_063403640.1	lcl|P54609-3.A.16.1.5	33.5	47.1	29.8	248	6.91e-29	120
WP_063403640.1	lcl|P25694-3.A.16.1.2	34.1	44.1	27.2	229	1.70e-28	119
WP_063403640.1	lcl|Q9WZ49-3.A.29.1.7	33.6	44.1	37.0	226	4.67e-28	117
WP_063403640.1	lcl|B7G1T3-3.A.25.1.1	29.9	62.0	36.0	341	4.51e-27	115
WP_063403640.1	lcl|P0AAI3-3.A.29.1.5	31.9	45.3	36.0	232	4.23e-26	111
WP_063403640.1	lcl|ALM13868-3.A.29.1.6	31.2	49.9	40.3	260	1.78e-25	109
WP_063403640.1	lcl|C6KT34-3.A.16.1.3	34.5	44.7	27.8	232	1.78e-25	110
WP_063403640.1	lcl|P46468-3.A.25.2.1	29.1	44.7	19.2	237	9.42e-24	105
WP_063403640.1	lcl|8XQX_E-3.A.9.1.4	30.3	47.3	24.7	244	1.13e-23	104
WP_063403640.1	lcl|Q9N3T5-3.A.29.1.2	29.0	43.9	29.3	231	3.05e-23	103
WP_063403640.1	lcl|P33760-3.A.20.1.5	32.1	43.3	22.4	234	4.86e-23	102
WP_063403640.1	lcl|Q9ZPR1-3.A.16.1.5	33.0	40.8	35.2	212	7.19e-23	101
WP_063403640.1	lcl|O67077-3.A.29.1.4	30.8	45.1	36.6	234	1.03e-22	101
WP_063403640.1	lcl|Q13608-3.A.20.1.1	29.9	65.2	35.6	355	1.98e-22	100
WP_063403640.1	lcl|P32795-3.A.29.1.1	29.3	46.5	32.0	239	3.87e-22	99.8
WP_063403640.1	lcl|P54813-3.A.29.1.2	30.1	43.1	30.3	219	8.88e-22	98.6
WP_063403640.1	lcl|Q9SS94-3.A.16.1.5	30.3	44.9	27.8	228	9.84e-22	98.6
WP_063403640.1	lcl|B7J0N5-3.A.29.1.8	30.5	42.9	34.4	220	1.84e-21	97.4
WP_063403640.1	lcl|P24004-3.A.20.1.5	29.9	35.4	17.9	187	4.72e-21	96.7
WP_063403640.1	lcl|8XQX_B-3.A.9.1.4	29.2	46.5	21.2	236	6.47e-21	96.3
WP_063403640.1	lcl|8XQX_C-3.A.9.1.4	29.2	46.5	21.2	236	6.47e-21	96.3
WP_063403640.1	lcl|8XQX_F-3.A.9.1.4	25.9	55.1	28.6	294	3.43e-20	94.0
WP_063403640.1	lcl|P39925-3.A.29.1.1	29.5	43.5	30.4	234	5.05e-20	93.2
WP_063403640.1	lcl|P40341-3.A.29.1.1	32.5	42.9	27.0	228	2.94e-19	90.9
WP_063403696.1	lcl|P0AA53-8.A.21.2.2	44.8	59.9	60.0	183	2.57e-47	160
WP_063403696.1	lcl|Q8NQA5-8.A.21.2.10	39.1	58.9	41.4	179	2.93e-37	137
WP_063403696.1	lcl|O59180-8.A.21.2.1	39.3	58.6	66.5	178	3.32e-35	127
WP_063403696.1	lcl|OLS28719-8.A.21.2.5	34.6	58.9	66.9	179	3.18e-28	109
WP_063403696.1	lcl|P27105-8.A.21.1.1	34.1	55.3	58.7	173	3.52e-24	99.0
WP_063403696.1	lcl|Q8TAV4-8.A.21.1.3	34.1	55.3	58.1	170	1.32e-22	94.7
WP_063403696.1	lcl|Q27433-1.A.6.2.2	33.1	55.3	35.1	175	3.16e-20	90.1
WP_063403696.1	lcl|B6D9L4-8.A.21.2.9	32.3	50.7	54.4	158	1.19e-14	72.4
WP_063403696.1	lcl|Q9NP85-8.A.21.1.2	25.9	55.3	44.1	170	6.18e-13	68.2
WP_063403885.1	lcl|O50295-3.A.1.114.1	49.1	98.5	99.5	383	6.99e-123	360
WP_063404335.1	lcl|MBA24612.1-8.A.192.1.4	35.6	92.3	94.7	357	6.74e-69	221
WP_063404335.1	lcl|KAF9150406.1-8.A.192.1.2	30.9	92.1	91.0	356	1.17e-42	152
WP_063404335.1	lcl|WP_224341048.1-8.A.192.1.5	32.1	95.0	95.5	377	4.07e-34	128
WP_063404335.1	lcl|P25491-8.A.192.1.6	28.6	92.1	84.6	360	6.46e-30	118
WP_063404335.1	lcl|P25294-3.A.16.1.6	30.3	91.5	97.4	360	8.43e-19	86.3
WP_063404335.1	lcl|Q9NXW2-1.P.1.1.1	59.1	17.5	17.6	66	1.04e-18	86.3
WP_063404335.1	lcl|Q8TBM8-1.P.1.1.1	57.8	16.9	16.9	64	5.33e-17	81.3
WP_063404335.1	lcl|P60904-8.A.192.1.1	48.5	17.7	34.3	68	1.62e-14	71.2
WP_063404335.1	lcl|XP_006763275.1-8.A.192.1.3	47.8	17.7	29.6	69	1.35e-13	69.3
WP_063404335.1	lcl|P40564-3.A.30.1.1	50.0	17.2	15.3	66	1.44e-12	68.2
WP_063404335.1	lcl|OLP90381.1-9.B.440.1.6	39.7	16.4	5.7	68	8.02e-07	50.8
WP_063404335.1	lcl|P14906-3.A.5.8.1	33.8	17.7	11.2	74	1.99e-05	46.2
WP_063404335.1	lcl|Q9UGP8-3.A.5.9.1	34.9	16.7	7.9	63	8.33e-05	44.3
WP_063404335.1	lcl|NP_001156498.1-8.A.192.2.1	41.3	12.2	2.0	46	2.94e-04	42.7
WP_063404335.1	lcl|F4IVL6-8.A.192.2.4	40.4	13.0	2.0	52	6.78e-04	41.6
WP_063404632.1	lcl|Q9ZK21-1.C.82.1.1	49.4	97.9	98.7	231	8.24e-76	228
WP_063404632.1	lcl|WP_078474522.1-1.C.82.1.2	46.3	97.9	100	231	2.03e-65	202
WP_063404765.1	lcl|Q8DKY0-3.D.1.8.2	64.4	90.8	95.5	506	5.38e-226	634
WP_063404765.1	lcl|P26288-3.D.1.8.1	44.7	88.8	98.4	494	6.19e-138	409
WP_063404765.1	lcl|P0AFE8-3.D.1.1.1	34.5	87.8	96.3	504	8.24e-80	259
WP_063404765.1	lcl|P29925-3.D.1.2.1	31.3	88.3	95.7	505	1.04e-77	253
WP_063404765.1	lcl|Q746T8-3.D.1.5.1	32.3	87.1	96.8	495	1.26e-72	239
WP_063404765.1	lcl|F1SVH9-3.D.13.1.1	30.8	88.5	98.0	504	1.32e-62	213
WP_063404765.1	lcl|Q9P9F4-3.D.9.1.1	30.8	88.5	98.0	504	1.32e-62	213
WP_063404765.1	lcl|Q0P861-3.D.1.7.1	27.9	88.3	94.9	494	5.11e-51	182
WP_063404765.1	lcl|OLS18238-3.D.9.1.2	25.0	86.5	95.5	503	2.25e-42	158
WP_063404765.1	lcl|P15582-3.D.1.6.2	31.7	74.8	78.4	419	8.06e-38	145
WP_063404765.1	lcl|P20113-3.D.1.6.4	36.7	39.0	49.2	218	4.02e-36	139
WP_063404765.1	lcl|Q56228-3.D.1.3.1	27.6	78.2	87.8	438	8.12e-36	139
WP_063404765.1	lcl|P03910-3.D.1.6.1	32.3	47.8	55.6	266	1.82e-29	120
WP_063404765.1	lcl|Q52978-2.A.63.1.1	25.8	84.4	46.8	481	1.16e-26	114
WP_063404765.1	lcl|Q9ZNG6-2.A.63.1.3	21.9	88.7	63.8	529	5.30e-25	109
WP_063404765.1	lcl|P77437-3.D.1.9.1	34.7	34.0	36.1	190	3.37e-24	105
WP_063404765.1	lcl|OLS18239-3.D.9.1.2	26.4	48.6	52.6	280	4.33e-24	105
WP_063404765.1	lcl|P16429-3.D.1.9.2	28.8	33.6	32.4	198	6.36e-24	105
WP_063404765.1	lcl|P23482-3.D.1.9.1	26.6	34.9	30.8	207	7.31e-23	102
WP_063404765.1	lcl|Q8U100-3.D.1.4.1	28.3	49.3	52.9	293	4.25e-22	99.4
WP_063404765.1	lcl|Q9KD98-2.A.63.1.2	28.4	41.0	45.0	229	9.22e-22	98.2
WP_063404765.1	lcl|Q7AJV8-2.A.63.1.2	24.1	86.3	61.4	515	4.65e-21	97.1
WP_063404765.1	lcl|O05229-2.A.63.1.4	27.4	39.4	44.4	219	5.22e-21	95.9
WP_063404765.1	lcl|P72316-3.D.1.4.3	27.9	38.5	17.9	226	6.05e-21	97.1
WP_063404765.1	lcl|Q9K2S2-2.A.63.1.4	23.0	78.8	56.4	460	6.15e-21	96.7
WP_063404795.1	lcl|Q8H1R4-3.A.1.26.12	48.4	81.8	68.6	186	3.15e-52	169
WP_063404795.1	lcl|Q839D5-3.A.1.26.7	34.8	90.7	78.1	221	1.76e-32	118
WP_063404795.1	lcl|Q839D5-3.A.1.26.10	34.8	90.7	78.1	221	1.76e-32	118
WP_063404795.1	lcl|O68106-3.A.1.23.8	34.7	90.7	77.9	222	2.86e-30	112
WP_063404795.1	lcl|Q03PY5-3.A.1.28.2	38.0	82.2	70.6	200	5.82e-29	109
WP_063404795.1	lcl|Q03PY5-3.A.1.26.9	38.0	82.2	70.6	200	5.82e-29	109
WP_063404795.1	lcl|Q5M243-3.A.1.25.6	34.6	85.8	74.3	208	7.68e-29	108
WP_063404795.1	lcl|Q71WH7-3.A.1.25.8	35.3	77.8	67.4	190	1.60e-28	108
WP_063404795.1	lcl|Q9X1Z1-3.A.1.25.5	33.9	90.7	82.2	218	1.12e-27	105
WP_063404795.1	lcl|A2RI01-3.A.1.25.4	32.6	90.7	78.7	221	3.16e-27	104
WP_063404795.1	lcl|D5AQY6-3.A.1.23.7	32.6	91.6	89.0	227	5.46e-27	103
WP_063404795.1	lcl|Q5M244-3.A.1.25.6	34.7	88.9	78.9	225	5.02e-25	99.0
WP_063404795.1	lcl|Q05596-3.A.1.23.6	40.4	60.0	55.7	151	5.96e-25	98.6
WP_063404795.1	lcl|Q5SM72-3.A.1.6.10	36.6	81.8	79.0	186	1.25e-24	96.7
WP_063404795.1	lcl|D7AE10-3.A.1.23.3	34.3	81.3	69.9	198	1.87e-24	97.4
WP_063404795.1	lcl|Q56953-3.A.1.15.4	36.1	82.2	66.9	202	4.83e-24	96.7
WP_063404795.1	lcl|Q8R9L8-3.A.1.33.1	30.1	89.3	37.4	216	1.07e-23	98.2
WP_063404795.1	lcl|Q03PY6-3.A.1.26.9	32.9	88.9	76.6	225	1.18e-23	95.5
WP_063404795.1	lcl|Q03PY6-3.A.1.28.2	32.9	88.9	76.6	225	1.18e-23	95.5
WP_063404795.1	lcl|H2GZC3-3.A.1.122.11	34.9	90.2	96.8	218	1.23e-23	94.0
WP_063404795.1	lcl|Q9KXJ6-3.A.1.32.1	31.9	83.1	36.4	207	4.94e-23	96.3
WP_063404795.1	lcl|Q119J0-3.A.1.9.3	32.3	74.7	75.4	192	1.22e-22	92.0
WP_063404795.1	lcl|D6TJP9-3.A.1.26.11	32.3	77.8	67.6	192	3.88e-22	91.3
WP_063404795.1	lcl|O34362-3.A.1.30.1	32.4	82.7	37.5	207	4.16e-22	93.6
WP_063404795.1	lcl|A7BAX2-3.A.1.26.3	36.9	72.9	25.9	187	6.43e-22	93.2
WP_063404930.1	lcl|T2K7M7-3.D.7.2.3	39.2	35.9	14.2	51	2.59e-04	39.3
WP_063404934.1	lcl|Q8DJ01-3.D.1.8.2	51.4	100	100	185	6.57e-62	189
WP_063404934.1	lcl|P56754-3.D.1.8.1	40.8	91.4	98.7	169	4.25e-43	140
WP_063404934.1	lcl|P33599-3.D.1.1.1	40.4	53.5	13.8	99	1.09e-18	82.4
WP_063404934.1	lcl|Q9P9G1-3.D.9.1.1	35.4	60.5	60.8	113	6.97e-16	70.9
WP_063404934.1	lcl|WIM42444.1-3.D.13.1.1	35.4	60.5	60.8	113	6.97e-16	70.9
WP_063404934.1	lcl|Q56219-3.D.1.3.1	36.8	64.9	54.6	125	1.77e-15	70.9
WP_063404934.1	lcl|Q0P851-3.D.1.7.1	48.5	36.8	25.0	68	7.48e-15	70.1
WP_063404934.1	lcl|P29917-3.D.1.2.1	40.0	40.5	35.3	75	3.47e-14	67.4
WP_063404934.1	lcl|Q6V507-3.D.1.6.4	37.3	40.5	26.6	75	3.02e-13	65.9
WP_063404934.1	lcl|P23710-3.D.1.6.2	37.5	38.9	25.4	72	7.90e-13	64.7
WP_063404934.1	lcl|Q74GA6-3.D.1.5.1	42.2	34.6	38.9	64	1.18e-12	62.4
WP_063404934.1	lcl|Q95748-3.D.1.6.3	36.1	38.9	37.9	72	3.69e-12	61.6
WP_063404934.1	lcl|OLS18213-3.D.9.1.2	46.9	33.5	10.9	64	4.65e-10	57.4
WP_063404934.1	lcl|P23709-3.D.1.6.1	31.9	38.9	27.1	72	1.34e-09	55.5
WP_063404934.1	lcl|Q729Q9-3.D.1.4.4	51.2	23.2	24.2	43	5.48e-09	52.8
WP_063404934.1	lcl|P16431-3.D.1.9.2	43.4	27.6	9.3	53	8.89e-07	47.8
WP_063404934.1	lcl|P77329-3.D.1.9.1	41.8	28.6	9.9	55	7.23e-06	45.1
WP_063404934.1	lcl|Q8U0Z7-3.D.1.4.1	39.3	29.2	32.4	56	1.06e-05	43.5
WP_063404934.1	lcl|P72319-3.D.1.4.3	25.0	62.7	55.2	116	2.35e-04	39.7
WP_063404987.1	lcl|Q0IDE4-1.A.11.2.5	74.6	99.8	99.8	503	9.27e-268	736
WP_063404987.1	lcl|Q93IP6-1.A.11.2.3	62.6	86.2	85.5	433	3.02e-180	514
WP_063404987.1	lcl|O28528-1.A.11.2.7	41.3	85.6	89.5	455	5.79e-91	285
WP_063404987.1	lcl|B8ZYW2-1.A.11.2.11	41.1	81.0	85.5	414	1.87e-87	275
WP_063404987.1	lcl|R7QP87-1.A.11.2.12	36.8	83.4	85.8	438	6.55e-79	253
WP_063404987.1	lcl|AFC35023.1-1.A.11.2.14	40.4	83.4	95.7	436	2.15e-78	251
WP_063404987.1	lcl|Q9BLG3-1.A.11.2.9	35.9	83.2	95.1	440	5.66e-76	244
WP_063404987.1	lcl|Q9SQH9-1.A.11.2.13	33.2	83.8	86.1	452	1.03e-58	201
WP_063404987.1	lcl|P54144-1.A.11.2.1	34.0	79.8	81.6	427	1.53e-58	201
WP_063404987.1	lcl|KXJ25961.1-1.A.11.2.15	33.8	83.2	79.8	429	2.37e-58	200
WP_063404987.1	lcl|Q9SVT8-1.A.11.2.6	34.9	78.5	80.4	427	2.32e-57	197
WP_063404987.1	lcl|E2CWJ2-1.A.11.2.8	33.7	79.1	81.0	418	8.07e-57	196
WP_063404987.1	lcl|O66515-1.A.11.1.5	31.6	87.7	97.2	443	4.22e-55	189
WP_063404987.1	lcl|O67997-1.A.11.1.4	32.8	85.6	92.5	433	4.27e-55	190
WP_063404987.1	lcl|O29285-1.A.11.1.6	32.7	83.2	98.7	419	1.04e-54	187
WP_063404987.1	lcl|Q20605-1.A.11.2.10	31.7	83.2	81.6	435	1.56e-54	190
WP_063404987.1	lcl|P58905-1.A.11.2.4	32.2	77.3	81.1	416	1.80e-51	181
WP_063404987.1	lcl|AEJ03821.1-1.A.11.1.10	31.9	82.4	99.5	420	4.28e-49	173
WP_063404987.1	lcl|Q9BLG4-1.A.11.1.7	30.3	84.8	88.6	432	2.10e-48	172
WP_063404987.1	lcl|Q8DSV1-1.A.11.1.9	30.4	83.2	97.1	421	5.17e-46	165
WP_063404987.1	lcl|P69681-1.A.11.1.1	31.1	83.4	92.8	427	1.42e-45	164
WP_063404987.1	lcl|P54146-1.A.11.1.2	29.8	82.6	88.5	423	1.16e-44	162
WP_063404987.1	lcl|Q59UP8-1.A.11.3.5	29.6	83.4	85.4	429	9.31e-43	157
WP_063404987.1	lcl|Q4DC59-1.A.11.1.8	28.8	82.6	77.8	416	1.09e-41	155
WP_063404987.1	lcl|P41948-1.A.11.3.2	28.2	83.6	83.4	433	7.07e-39	147
WP_063405093.1	lcl|P56767-5.B.4.1.1	69.3	100	100	752	0.0	1123
WP_063405093.1	lcl|B0C475-5.B.4.1.2	69.2	99.5	99.6	750	0.0	1108
WP_063405093.1	lcl|P56766-5.B.4.1.1	40.8	98.1	95.1	769	3.76e-189	556
WP_063405093.1	lcl|B0C474-5.B.4.1.2	40.5	99.1	95.6	780	1.86e-184	544
WP_063405093.1	lcl|7UEB_A-3.E.4.1.1	27.4	20.6	21.2	168	4.35e-05	46.6
WP_063405421.1	lcl|Q9S841-3.E.2.2.3	39.3	81.4	68.3	234	5.92e-39	138
WP_063405421.1	lcl|P23321-3.E.2.2.3	38.9	81.4	68.1	234	9.45e-37	132
WP_063405705.1	lcl|Q5JEG6-4.F.1.3.1	33.0	32.5	46.0	88	1.51e-05	44.3
WP_063405705.1	lcl|Q6ADZ6-4.F.1.1.7	26.3	36.5	51.3	99	4.11e-04	40.0
WP_063406635.1	lcl|P0A3X7-3.D.3.5.6	28.7	69.6	78.4	87	9.57e-09	49.3
WP_063406657.1	lcl|P09193-3.E.2.2.2	34.2	79.9	65.2	310	3.93e-49	171
WP_063406657.1	lcl|P11004-3.E.2.2.1	34.3	79.9	65.1	309	4.24e-47	166
WP_063406657.1	lcl|P56778-3.E.2.2.3	36.5	79.9	63.4	310	7.50e-46	162
WP_063406657.1	lcl|P56777-3.E.2.2.3	29.0	71.7	52.2	293	6.57e-12	66.2
WP_063407051.1	lcl|KAI3517380.1-9.B.395.3.1	54.2	30.4	20.0	48	2.42e-10	56.6
WP_063407294.1	lcl|O23166-3.D.3.5.2	36.5	78.2	54.0	148	8.38e-27	102
WP_063407294.1	lcl|KDB12436.1-8.A.88.2.4	26.6	50.0	20.4	94	8.86e-07	47.8
WP_063407294.1	lcl|P36655-5.A.1.1.1	34.2	36.7	12.9	73	1.27e-06	47.4
WP_063407294.1	lcl|Q9JTL9-5.A.1.1.2	36.9	30.9	10.3	65	2.56e-05	43.5
WP_063407331.1	lcl|Q8DKZ4-3.D.1.8.2	74.3	80.8	85.2	202	2.32e-111	319
WP_063407331.1	lcl|P56756-3.D.1.8.1	69.4	74.4	82.7	186	3.57e-91	268
WP_063407331.1	lcl|Q74GA7-3.D.1.5.1	55.0	59.6	86.5	149	3.01e-57	179
WP_063407331.1	lcl|P42026-3.D.1.6.1	49.1	67.6	75.9	169	1.63e-54	174
WP_063407331.1	lcl|Q0P850-3.D.1.7.1	53.3	60.0	88.6	150	6.58e-53	168
WP_063407331.1	lcl|Q42577-3.D.1.6.3	50.7	56.0	63.8	140	2.00e-50	164
WP_063407331.1	lcl|Q56218-3.D.1.3.1	52.6	60.4	82.9	152	5.26e-50	161
WP_063407331.1	lcl|P0AFC7-3.D.1.1.1	50.0	59.6	67.3	150	2.39e-49	161
WP_063407331.1	lcl|O47950-3.D.1.6.2	50.0	57.6	63.3	144	2.85e-49	161
WP_063407331.1	lcl|Q6V9B0-3.D.1.6.4	48.6	56.0	84.8	140	7.08e-49	158
WP_063407331.1	lcl|P29918-3.D.1.2.1	49.3	56.8	81.5	142	1.06e-47	155
WP_063407331.1	lcl|Q9P9G2-3.D.9.1.1	45.3	60.0	81.0	150	6.66e-46	151
WP_063407331.1	lcl|WIM45900.1-3.D.13.1.1	45.3	60.0	81.0	150	6.66e-46	151
WP_063407331.1	lcl|OLS18214-3.D.9.1.2	48.5	53.2	89.4	136	4.50e-38	130
WP_063407331.1	lcl|O59654-3.D.1.4.2	47.2	43.2	68.6	108	8.36e-30	108
WP_063407331.1	lcl|Q8U0Z8-3.D.1.4.1	45.6	45.6	67.7	114	1.03e-26	101
WP_063407331.1	lcl|P72317-3.D.1.4.3	37.7	49.6	90.8	130	4.38e-25	96.3
WP_063407331.1	lcl|Q729R1-3.D.1.4.4	38.0	40.0	68.8	100	7.46e-23	90.5
WP_063407331.1	lcl|P16433-3.D.1.9.2	44.1	40.8	39.6	102	8.73e-22	90.5
WP_063407331.1	lcl|P77668-3.D.1.9.1	42.5	42.4	41.7	106	4.30e-21	88.6
WP_063407331.1	lcl|Q8EYD8-3.D.1.9.3	31.1	41.2	34.8	103	5.75e-08	52.0
WP_063414386.1	lcl|Q5XPH7-9.A.8.1.4	25.3	49.5	22.6	166	4.97e-06	47.8
WP_063414386.1	lcl|V6F2B2-9.A.8.1.7	28.4	40.1	17.2	134	2.05e-05	45.8
WP_063414386.1	lcl|V6EW69-9.A.8.1.16	24.4	48.0	19.4	164	1.14e-04	43.5
WP_063414386.1	lcl|B5XTS7-9.A.8.1.10	27.0	48.0	19.9	163	1.99e-04	42.7
WP_063414386.1	lcl|P33650-9.A.8.1.1	25.8	48.0	19.9	163	8.06e-04	40.8
WP_063415307.1	lcl|Q7WWQ9-3.A.1.1.20	34.3	93.7	95.6	286	1.52e-49	166
WP_063415307.1	lcl|Q8YU29-3.A.1.1.52	35.5	95.4	96.3	293	4.33e-47	159
WP_063415307.1	lcl|Q5SLB6-3.A.1.1.50	38.3	88.7	95.3	287	1.14e-46	158
WP_063415307.1	lcl|I7GC87-3.A.1.1.60	35.5	92.4	93.4	279	5.45e-45	154
WP_063415307.1	lcl|O53484-3.A.1.1.61	35.1	94.0	94.3	291	7.03e-45	154
WP_063415307.1	lcl|B3EYN0-3.A.1.1.57	34.2	85.1	82.1	260	4.70e-44	152
WP_063415307.1	lcl|P29823-3.A.1.1.4	34.5	92.7	94.0	287	1.43e-43	150
WP_063415307.1	lcl|Q93J93-3.A.1.1.36	35.8	90.4	85.4	274	8.63e-43	149
WP_063415307.1	lcl|Q93KC0-3.A.1.1.11	35.0	84.4	84.8	257	5.68e-37	133
WP_063415307.1	lcl|P94529-3.A.1.1.34	32.8	87.4	83.4	268	3.18e-36	131
WP_063415307.1	lcl|Q9X9R6-3.A.1.1.23	32.4	93.0	92.8	287	2.14e-34	126
WP_063415307.1	lcl|Q72H67-3.A.1.1.25	31.5	95.4	98.3	289	1.16e-33	124
WP_063415307.1	lcl|Q00750-3.A.1.1.28	32.1	88.1	90.3	268	2.51e-29	112
WP_063415307.1	lcl|Q8RJU9-3.A.1.1.18	35.2	89.4	92.5	290	1.33e-28	111
WP_063415307.1	lcl|Q6MNM0-3.A.1.1.51	30.9	93.4	38.1	285	1.75e-28	114
WP_063415307.1	lcl|Q9WYB4-3.A.1.1.37	29.7	91.1	90.8	276	5.37e-27	106
WP_063415307.1	lcl|O30832-3.A.1.1.5	30.6	81.8	84.1	248	6.93e-27	106
WP_063415307.1	lcl|G4FGN7-3.A.1.1.41	30.1	91.4	93.5	282	2.73e-26	104
WP_063415307.1	lcl|Q8L125-3.A.1.1.19	27.5	90.4	87.7	287	3.35e-26	105
WP_063415307.1	lcl|Q9FBS6-3.A.1.1.42	29.9	85.8	82.3	261	7.08e-26	103
WP_063415307.1	lcl|Q9FBS6-3.A.1.1.43	29.9	85.8	82.3	261	7.08e-26	103
WP_063415307.1	lcl|O51924-3.A.1.1.7	28.5	94.0	93.3	288	3.06e-25	102
WP_063415307.1	lcl|Q9R9Q6-3.A.1.1.17	27.7	89.7	86.0	285	3.47e-25	102
WP_063415307.1	lcl|D3R798-3.A.1.1.53	25.5	91.1	81.8	286	4.53e-23	96.7
WP_063415307.1	lcl|P0AFR7-3.A.1.1.46	30.8	93.0	95.6	295	1.82e-22	94.4
WP_063415327.1	lcl|Q31RZ5-3.A.5.4.1	51.0	97.8	98.1	484	1.60e-145	424
WP_063415327.1	lcl|P0AG90-2.A.6.4.1	32.4	91.5	67.3	476	2.53e-55	194
WP_063415327.1	lcl|Q5SKE6-2.A.6.4.3	33.9	91.9	54.7	463	2.19e-46	171
WP_063415327.1	lcl|O32047-2.A.6.4.2	26.8	95.6	55.0	473	6.05e-42	159
WP_063415327.1	lcl|O32047-3.A.5.2.1	26.8	95.6	55.0	473	6.05e-42	159
WP_063415327.1	lcl|Q50634-3.A.5.2.2	34.0	59.2	51.0	300	9.67e-31	125
WP_063415327.1	lcl|Q8U4B4-3.A.5.7.2	29.4	38.6	38.4	194	7.29e-11	63.9
WP_063415327.1	lcl|Q5UXT5-3.A.5.7.1	27.7	43.0	41.5	220	2.48e-07	52.8
WP_063415797.1	lcl|Q8L4R0-3.A.1.27.2	38.5	94.4	66.9	234	5.91e-50	166
WP_063415797.1	lcl|A4PCH7-3.A.1.27.1	31.9	92.3	71.8	229	3.14e-24	98.2
WP_063415797.1	lcl|P64606-3.A.1.27.3	27.5	86.7	83.1	218	1.26e-22	92.8
WP_063415797.1	lcl|O53546-3.A.1.27.5	30.1	89.5	89.0	226	1.59e-21	89.7
WP_063415797.1	lcl|Q0S7K4-3.A.1.27.4	25.9	96.4	94.1	239	8.19e-20	85.1
WP_063415797.1	lcl|Q0S7K3-3.A.1.27.4	24.3	82.7	72.4	206	1.41e-10	59.7
WP_063415797.1	lcl|O53545-3.A.1.27.5	25.3	60.1	53.2	150	4.31e-08	52.4
WP_063415891.1	lcl|BAK19947-3.A.2.1.10	63.5	99.4	98.7	315	7.44e-127	364
WP_063415891.1	lcl|P0ABA6-3.A.2.1.1	33.4	100	99.7	317	1.61e-47	160
WP_063415891.1	lcl|A1B8N9-3.A.2.1.7	34.1	99.4	99.0	317	2.06e-45	155
WP_063415891.1	lcl|P50005-3.A.2.1.5	32.7	98.7	97.7	312	3.75e-41	144
WP_063415891.1	lcl|P09222-3.A.2.1.14	31.8	99.4	97.6	314	1.94e-40	142
WP_063415891.1	lcl|F8L1Z2-3.A.2.1.6	30.9	99.4	97.9	314	2.34e-37	134
WP_063415891.1	lcl|P29710-3.A.2.1.2	31.2	99.4	98.9	314	9.07e-35	127
WP_063415891.1	lcl|P36542-3.A.2.1.15	31.8	100	91.3	318	1.50e-28	111
WP_063415891.1	lcl|Q4LDE7-3.A.2.1.11	30.0	97.5	84.9	317	7.79e-27	107
WP_063415891.1	lcl|Q22Z05-3.A.2.1.4	29.8	99.1	91.3	315	2.68e-23	97.1
WP_063415891.1	lcl|P38077-3.A.2.1.3	25.6	99.7	88.7	316	5.62e-18	82.4
WP_063415891.1	lcl|Q8I6T7-3.A.2.1.16	24.5	98.7	89.7	327	1.49e-15	75.5
WP_063415891.1	lcl|BAK19939-3.A.2.1.9	25.3	99.1	96.7	324	5.51e-11	62.0
WP_063415891.1	lcl|Q467F7-3.A.2.1.12	24.8	97.2	93.7	315	1.99e-08	54.3
WP_063415891.1	lcl|B0Z0F6-3.A.2.1.13	22.7	94.0	86.6	299	9.12e-05	43.1
WP_063416920.1	lcl|Q8DL61-3.D.1.8.2	52.9	83.6	46.4	51	1.29e-11	54.3
WP_063416927.1	lcl|Q9AT00-3.A.1.27.2	45.2	97.2	72.5	250	9.08e-61	194
WP_063416927.1	lcl|Q0SD37-3.A.1.27.4	32.8	97.2	67.9	244	2.99e-34	125
WP_063416927.1	lcl|Q0SFA1-3.A.1.27.4	32.8	97.2	64.7	244	5.67e-34	125
WP_063416927.1	lcl|B2J284-3.A.1.140.3	40.9	81.0	77.8	203	5.90e-33	119
WP_063416927.1	lcl|Q97UY8-3.A.1.1.13	36.8	91.1	61.5	228	3.63e-32	120
WP_063416927.1	lcl|Q53VZ4-3.A.1.20.5	37.1	88.3	57.9	221	1.26e-31	119
WP_063416927.1	lcl|OLS25602-3.A.1.3.30	33.2	91.1	87.3	226	1.34e-31	116
WP_063416927.1	lcl|D4GP38-3.A.1.1.56	32.8	93.5	58.0	232	2.22e-31	118
WP_063416927.1	lcl|P74127-3.A.1.10.2	32.2	96.0	63.3	242	3.41e-31	117
WP_063416927.1	lcl|Q5SHV0-3.A.1.10.6	36.5	96.4	64.3	244	3.55e-31	117
WP_063416927.1	lcl|A4PCH8-3.A.1.27.1	33.9	94.7	81.9	239	5.22e-31	115
WP_063416927.1	lcl|D6ZUW6-3.A.1.122.16	39.6	82.6	77.9	207	5.44e-31	114
WP_063416927.1	lcl|P63386-3.A.1.27.3	32.1	95.1	85.5	237	5.54e-31	115
WP_063416927.1	lcl|D4GP39-3.A.1.1.56	32.9	93.1	57.7	231	5.98e-31	117
WP_063416927.1	lcl|Q8R8L8-3.A.1.140.2	37.5	82.2	86.0	208	1.18e-30	113
WP_063416927.1	lcl|O05347-3.A.1.16.2	35.6	83.8	67.5	208	2.31e-30	114
WP_063416927.1	lcl|A3ZI83-3.A.1.3.16	32.1	93.9	92.1	237	3.22e-30	112
WP_063416927.1	lcl|A3MWP1-3.A.1.137.1	33.6	84.2	79.5	211	4.23e-30	112
WP_063416927.1	lcl|Q52666-3.A.1.3.7	33.2	93.1	84.0	232	7.22e-30	112
WP_063416927.1	lcl|Q9CES4-3.A.1.3.25	32.1	93.5	91.1	237	1.40e-29	110
WP_063416927.1	lcl|A3N296-3.A.1.20.3	33.8	88.7	59.8	219	1.84e-29	112
WP_063416927.1	lcl|OLS17115-3.A.1.122.24	39.2	82.6	85.3	209	1.95e-29	110
WP_063416927.1	lcl|Q8YRV8-3.A.1.16.4	35.8	86.6	76.8	215	5.45e-29	109
WP_063416927.1	lcl|P63357-3.A.1.27.5	31.1	97.2	65.5	244	8.16e-29	111
WP_063416927.1	lcl|P14175-3.A.1.12.1	33.8	90.7	55.0	228	1.03e-28	111
WP_063418752.1	lcl|P04997-3.E.2.2.1	90.3	99.4	94.2	339	1.85e-237	647
WP_063418752.1	lcl|P16033-3.E.2.2.2	88.8	99.4	94.2	339	4.16e-234	639
WP_063418752.1	lcl|P83755-3.E.2.2.3	84.5	96.8	93.5	330	2.36e-220	603
WP_063418752.1	lcl|P09192-3.E.2.2.2	34.0	82.7	79.0	285	2.14e-47	163
WP_063418752.1	lcl|P11005-3.E.2.2.1	33.7	82.7	79.0	285	5.90e-47	162
WP_063418752.1	lcl|P56761-3.E.2.2.3	31.4	80.6	76.8	280	7.58e-43	151
WP_063418752.1	lcl|Q83XD0-3.E.2.1.3	29.5	39.3	22.8	146	7.94e-12	65.9
WP_063418752.1	lcl|A8ASG6-3.E.2.1.2	28.2	34.0	36.0	117	1.02e-10	61.6
WP_063418802.1	lcl|Q8Y433-5.B.14.1.1	30.3	95.4	94.8	314	4.69e-38	137
WP_063418811.1	lcl|WP_087280510.1-2.A.128.2.3	25.9	75.7	48.2	382	1.77e-09	59.7
WP_063418813.1	lcl|WP_156573833.1-9.B.391.1.2	32.7	75.7	67.7	196	4.31e-17	77.0
WP_063418813.1	lcl|P00803-9.B.391.1.3	26.5	79.6	78.1	260	8.72e-11	59.7
WP_063418813.1	lcl|P46972-9.B.391.1.1	26.7	79.1	78.5	165	2.24e-10	57.0
WP_063418813.1	lcl|P28627-9.B.391.1.1	28.1	64.1	61.1	135	2.53e-06	45.8
WP_063418813.1	lcl|OGH12157.1-2.A.133.1.9	28.7	38.3	27.8	87	6.96e-04	39.3
WP_063418817.1	lcl|P35232-8.A.21.2.8	29.8	60.3	56.6	161	2.87e-10	58.9
WP_063418817.1	lcl|Q84VJ0-8.A.21.2.3	26.9	60.3	56.4	160	3.25e-09	55.8
WP_063418817.1	lcl|WP_198263584.1-8.A.21.1.4	24.5	52.3	46.3	143	2.51e-05	44.3
WP_063418819.1	lcl|Q6US85-3.D.12.1.1	27.0	43.9	40.2	178	3.00e-05	45.4
WP_063418821.1	lcl|Q55282-3.A.1.15.1	61.7	93.1	87.9	269	2.59e-115	333
WP_063418821.1	lcl|Q9XCS0-3.A.1.15.7	48.7	95.2	96.2	275	1.04e-92	275
WP_063418821.1	lcl|Q56955-3.A.1.15.4	51.2	90.0	87.5	260	3.95e-90	269
WP_063418821.1	lcl|Q92LL3-3.A.1.15.9	50.0	94.1	95.4	272	3.52e-88	264
WP_063418821.1	lcl|Q56954-3.A.1.15.4	46.9	93.8	92.2	271	1.49e-81	247
WP_063418821.1	lcl|Q92LL2-3.A.1.15.9	50.2	91.7	93.3	265	4.36e-81	246
WP_063418821.1	lcl|Q4V0W5-3.A.1.15.21	47.1	91.0	91.3	263	1.67e-76	234
WP_063418821.1	lcl|Q9XCR9-3.A.1.15.7	47.5	91.7	94.0	265	5.57e-76	233
WP_063418821.1	lcl|Q9RNI8-3.A.1.15.6	41.1	91.7	93.3	265	2.88e-68	213
WP_063418821.1	lcl|G0LRW8-3.A.1.15.15	42.4	88.9	92.4	257	6.81e-68	212
WP_063418821.1	lcl|Q8DW85-3.A.1.15.20	42.4	90.7	93.9	262	2.24e-66	208
WP_063418821.1	lcl|P42361-3.A.1.15.2	40.1	90.7	94.2	262	1.11e-63	201
WP_063418821.1	lcl|Q2MGF9-3.A.1.15.14	39.1	92.0	94.3	266	4.99e-63	199
WP_063418821.1	lcl|A1IQK4-3.A.1.15.10	32.5	82.7	83.5	243	2.18e-34	125
WP_063418821.1	lcl|P96119-3.A.1.15.8	30.2	89.3	75.2	278	9.95e-33	123
WP_063418821.1	lcl|A1B2F2-3.A.1.15.19	30.5	91.7	93.1	269	3.38e-30	114
WP_063418821.1	lcl|B2IWT1-3.A.1.15.13	30.9	88.9	89.3	265	9.38e-30	113
WP_063418821.1	lcl|P96118-3.A.1.15.8	26.4	91.3	92.6	276	1.40e-20	89.0
WP_063418821.1	lcl|O84073-3.A.1.15.12	28.6	83.4	81.1	259	9.56e-15	72.8
WP_063418821.1	lcl|O84072-3.A.1.15.12	27.6	68.9	47.5	214	1.72e-14	72.8
WP_063418822.1	lcl|Q55281-3.A.1.15.1	56.6	94.3	96.5	251	7.97e-95	279
WP_063418822.1	lcl|Q56953-3.A.1.15.4	52.3	97.0	87.2	258	3.42e-87	261
WP_063418822.1	lcl|Q92LL4-3.A.1.15.9	55.9	89.8	76.5	238	4.46e-86	258
WP_063418822.1	lcl|Q9XCS1-3.A.1.15.7	54.9	91.3	89.4	244	3.01e-80	242
WP_063418822.1	lcl|Q4V0W4-3.A.1.15.21	37.9	84.5	89.2	224	1.00e-53	174
WP_063418822.1	lcl|Q8DW86-3.A.1.15.20	40.7	87.2	95.0	231	2.18e-50	165
WP_063418822.1	lcl|P96117-3.A.1.15.8	36.8	90.2	89.1	239	2.28e-50	166
WP_063418822.1	lcl|P42360-3.A.1.15.2	40.5	91.3	94.4	242	1.19e-49	163
WP_063418822.1	lcl|Q97PG9-3.A.1.15.14	38.7	88.7	96.7	235	3.04e-47	157
WP_063418822.1	lcl|O84071-3.A.1.15.12	36.2	86.4	87.6	229	5.16e-47	157
WP_063418822.1	lcl|Q9RNI9-3.A.1.15.6	37.8	87.5	95.4	233	1.95e-45	152
WP_063418822.1	lcl|A1B2F1-3.A.1.15.19	38.8	85.7	83.3	227	5.01e-45	152
WP_063418822.1	lcl|G0LRW9-3.A.1.15.15	38.8	77.7	82.2	206	1.73e-41	142
WP_063418822.1	lcl|B2IWT0-3.A.1.15.13	37.2	87.5	93.4	242	3.89e-39	136
WP_063418822.1	lcl|O34946-3.A.1.15.11	34.0	79.2	90.9	212	2.12e-34	123
WP_063418822.1	lcl|A1IQK5-3.A.1.15.10	32.9	87.2	89.6	231	4.89e-34	123
WP_063418822.1	lcl|Q57399-3.A.1.14.11	33.3	78.9	78.3	210	8.24e-32	117
WP_063418822.1	lcl|F8D413-3.A.1.105.12	32.5	93.6	70.9	252	2.36e-31	118
WP_063418822.1	lcl|P07821-3.A.1.14.3	34.7	88.3	90.6	245	1.14e-30	114
WP_063418822.1	lcl|P15031-3.A.1.14.1	33.9	92.5	98.0	254	3.53e-30	113
WP_063418822.1	lcl|Q8EI20-3.A.1.14.23	32.5	87.5	73.6	234	3.19e-29	112
WP_063418822.1	lcl|O68106-3.A.1.23.8	35.5	86.0	81.4	234	4.67e-28	108
WP_063418822.1	lcl|Q9RCF3-3.A.1.14.6	30.7	87.9	84.6	238	6.38e-28	107
WP_063418822.1	lcl|Q9X665-3.A.1.14.7	30.1	92.1	92.5	249	9.38e-28	107
WP_063418822.1	lcl|Q2SDB1-3.A.1.132.4	33.0	80.8	66.3	221	1.24e-27	107
WP_063418835.1	lcl|Q9WZ49-3.A.29.1.7	49.3	96.2	98.2	605	3.70e-186	538
WP_063418835.1	lcl|P0AAI3-3.A.29.1.5	46.5	95.4	91.6	602	3.14e-177	517
WP_063418835.1	lcl|O67077-3.A.29.1.4	47.9	91.2	88.6	574	9.90e-168	492
WP_063418835.1	lcl|ALM13868-3.A.29.1.6	51.4	80.3	78.0	504	2.07e-153	456
WP_063418835.1	lcl|B7J0N5-3.A.29.1.8	43.1	96.3	92.8	603	1.97e-151	451
WP_063418835.1	lcl|P40341-3.A.29.1.1	47.4	79.7	59.6	502	1.82e-144	439
WP_063418835.1	lcl|Q9N3T5-3.A.29.1.2	47.3	78.6	63.9	509	1.37e-142	432
WP_063418835.1	lcl|P39925-3.A.29.1.1	42.1	89.8	75.2	580	3.01e-142	431
WP_063418835.1	lcl|P54813-3.A.29.1.2	42.7	83.8	70.8	532	2.34e-119	370
WP_063418835.1	lcl|P32795-3.A.29.1.1	42.0	81.3	65.6	512	1.93e-112	353
WP_063418835.1	lcl|8XQX_F-3.A.9.1.4	40.5	74.7	46.5	486	6.33e-94	310
WP_063418835.1	lcl|8XQX_E-3.A.9.1.4	38.3	74.9	50.8	504	3.86e-83	280
WP_063418835.1	lcl|8XQX_B-3.A.9.1.4	30.4	81.0	48.7	550	1.06e-68	241
WP_063418835.1	lcl|8XQX_C-3.A.9.1.4	30.4	81.0	48.7	550	1.06e-68	241
WP_063418835.1	lcl|8XQX_A-3.A.9.1.4	33.7	74.7	43.1	519	8.47e-59	213
WP_063418835.1	lcl|P25694-3.A.16.1.2	46.2	37.3	27.7	234	2.27e-55	201
WP_063418835.1	lcl|P55072-3.A.16.1.1	41.1	42.2	33.1	270	3.95e-54	197
WP_063418835.1	lcl|C6KT34-3.A.16.1.3	43.5	36.6	27.4	230	3.59e-50	186
WP_063418835.1	lcl|P54609-3.A.16.1.5	40.9	36.6	28.2	230	1.07e-49	184
WP_063418835.1	lcl|P46468-3.A.25.2.1	41.2	35.7	18.1	228	7.93e-49	183
WP_063418835.1	lcl|B7G1T3-3.A.25.1.1	38.3	40.5	27.3	261	4.06e-48	181
WP_063418835.1	lcl|Q9ZPR1-3.A.16.1.5	39.6	36.8	38.0	235	1.20e-42	162
WP_063418835.1	lcl|Q8RY16-3.A.20.1.2	39.8	37.0	24.4	236	2.68e-41	160
WP_063418835.1	lcl|Q9SS94-3.A.16.1.5	42.1	34.4	26.8	228	6.81e-40	155
WP_063418835.1	lcl|P33760-3.A.20.1.5	39.3	37.9	23.3	244	7.42e-40	156
WP_063418841.1	lcl|I7LJ17-1.A.1.28.7	25.5	88.9	93.0	231	1.11e-09	56.6
WP_063418841.1	lcl|M2TPV1-1.A.1.28.4	27.4	46.4	46.1	117	3.79e-09	55.1
WP_063418841.1	lcl|C3K1P0-1.A.1.28.2	43.5	18.3	19.6	46	8.20e-05	42.4
WP_063418841.1	lcl|Q6ZEQ2-1.A.2.2.4	35.1	22.6	18.3	57	8.09e-04	39.7
WP_063418841.1	lcl|L9ZDR4-1.A.1.29.4	26.6	41.3	14.2	109	8.20e-04	40.0
WP_063418869.1	lcl|Q1CXF7-2.A.28.1.10	26.3	73.6	59.9	213	1.79e-08	54.3
WP_063418869.1	lcl|Q9K0A9-2.A.28.2.4	26.3	55.6	47.9	160	1.28e-07	51.6
WP_063418873.1	lcl|A2CB33-1.B.19.1.4	94.8	100	21.5	97	3.48e-64	199
WP_063418873.1	lcl|Q51485-1.B.19.1.1	27.9	92.8	24.4	111	4.41e-05	40.0
WP_063418876.1	lcl|B3ERW3-3.A.23.6.1	43.2	86.1	87.9	278	2.12e-73	228
WP_063418879.1	lcl|P37107-3.A.5.1.2	50.6	89.8	78.2	441	1.97e-145	427
WP_063418879.1	lcl|P0AGD7-3.A.5.1.1	49.3	88.7	95.8	436	8.04e-136	399
WP_063418879.1	lcl|P66844-3.A.5.2.2	46.1	89.8	84.4	445	2.13e-129	385
WP_063418879.1	lcl|Q3C2E8-9.B.76.1.1	44.4	89.8	85.1	446	2.26e-118	357
WP_063418879.1	lcl|Q8U070-3.A.5.7.2	33.4	88.3	97.1	437	1.71e-80	256
WP_063418879.1	lcl|Q5UY20-3.A.5.7.1	32.5	87.7	91.5	437	9.63e-71	232
WP_063418879.1	lcl|P61011-3.A.5.9.1	31.9	89.1	86.5	442	1.16e-70	233
WP_063418879.1	lcl|Q8U051-3.A.5.7.2	36.2	56.4	86.6	279	2.08e-48	169
WP_063418879.1	lcl|O80842-3.A.5.1.2	35.3	53.9	73.2	272	1.70e-46	165
WP_063418879.1	lcl|Q5UY25-3.A.5.7.1	29.9	57.0	65.5	281	6.02e-41	151
WP_063418879.1	lcl|P10121-3.A.5.1.1	30.9	55.5	54.9	282	1.87e-40	151
WP_063418879.1	lcl|P66842-3.A.5.2.2	33.3	59.2	69.2	294	4.64e-38	143
WP_063418879.1	lcl|P32916-3.A.5.8.1	22.5	55.7	50.6	316	2.65e-16	81.3
WP_063418879.1	lcl|B7HI79-3.A.5.7.3	25.3	53.1	56.9	261	1.58e-14	75.1
WP_063418895.1	lcl|P62942-8.A.11.1.2	48.6	50.0	99.1	107	3.13e-26	97.1
WP_063418895.1	lcl|WP_130079951.1-8.A.11.1.3	43.6	44.3	28.6	94	9.30e-16	73.9
WP_063418895.1	lcl|F4JW56-3.D.1.8.1	41.5	30.5	36.7	65	2.26e-09	54.3
WP_063418899.1	lcl|F8C138-2.A.113.1.9	26.8	87.2	88.8	209	2.38e-06	46.6
WP_063418929.1	lcl|Q9I0Y8-2.A.6.2.16	36.1	98.0	98.2	1126	1.13e-217	654
WP_063418929.1	lcl|Q8GC83-2.A.6.2.19	36.9	97.6	98.9	1121	1.28e-207	627
WP_063418929.1	lcl|Q8ZRG9-2.A.6.2.25	36.0	97.9	98.6	1123	1.38e-205	622
WP_063418929.1	lcl|Q0VQY6-2.A.6.2.46	35.2	97.6	98.6	1120	6.03e-203	615
WP_063418929.1	lcl|C5IZH1-2.A.6.2.47	35.8	98.0	98.9	1127	1.30e-200	609
WP_063418929.1	lcl|Q8GKU1-2.A.6.2.4	35.1	97.6	98.8	1121	4.80e-200	607
WP_063418929.1	lcl|P31224-2.A.6.2.2	34.9	97.4	98.0	1123	4.94e-200	607
WP_063418929.1	lcl|Q6VV68-2.A.6.2.23	34.5	98.3	97.4	1131	1.58e-199	607
WP_063418929.1	lcl|P52002-2.A.6.2.6	35.1	98.6	99.4	1137	9.75e-199	604
WP_063418929.1	lcl|Q8Y3H0-2.A.6.2.45	35.4	97.4	97.6	1119	1.06e-198	604
WP_063418929.1	lcl|Q2FD81-2.A.6.2.44	35.4	97.9	97.9	1123	3.91e-198	603
WP_063418929.1	lcl|Q9F240-2.A.6.2.42	35.1	97.2	98.8	1116	8.94e-198	601
WP_063418929.1	lcl|P24181-2.A.6.2.1	34.7	97.5	99.4	1121	1.62e-196	598
WP_063418929.1	lcl|Q4LDT6-2.A.6.2.34	35.9	99.7	100	1143	1.65e-194	593
WP_063418929.1	lcl|Q9KJC2-2.A.6.2.8	34.5	97.9	98.2	1128	1.26e-192	588
WP_063418929.1	lcl|O52248-2.A.6.2.9	34.4	97.9	98.2	1128	9.71e-192	586
WP_063418929.1	lcl|P37637-2.A.6.2.13	34.6	98.0	99.6	1130	2.63e-191	584
WP_063418929.1	lcl|Q6V6X8-2.A.6.2.18	34.5	97.6	98.1	1130	3.58e-191	584
WP_063418929.1	lcl|Q2AAU3-2.A.6.2.26	35.7	97.4	97.2	1120	8.12e-191	583
WP_063418929.1	lcl|Q24LT7-2.A.6.2.29	34.1	97.4	98.2	1130	3.63e-190	582
WP_063418929.1	lcl|Q84GI9-2.A.6.2.31	34.2	98.0	99.1	1127	5.70e-189	578
WP_063418929.1	lcl|B2FLY4-2.A.6.2.14	35.0	98.0	98.3	1127	1.11e-187	575
WP_063418929.1	lcl|Q8RTE4-2.A.6.2.22	34.5	97.1	98.0	1121	4.19e-186	571
WP_063418929.1	lcl|W9BHF5-2.A.6.2.49	33.8	97.6	98.5	1120	1.18e-184	567
WP_063418929.1	lcl|Q51073-2.A.6.2.5	34.1	97.2	96.8	1128	7.22e-184	566
WP_063418931.1	lcl|Q4VSJ3-2.A.6.2.20	25.0	90.4	85.2	340	1.05e-22	97.8
WP_063418931.1	lcl|QKK87500.1-2.A.6.2.33	26.6	89.1	87.5	335	1.21e-21	94.7
WP_063418931.1	lcl|Q9HWH5-2.A.6.2.32	26.9	88.3	84.6	334	3.91e-21	93.2
WP_063418931.1	lcl|A0Q8A4-2.A.6.2.28	22.8	90.9	75.9	355	1.12e-19	89.7
WP_063418931.1	lcl|Q2FD82-2.A.6.2.44	25.1	87.5	81.3	354	2.29e-18	85.5
WP_063418931.1	lcl|Q9I0V5-2.A.6.2.39	22.4	90.4	79.8	362	1.78e-14	73.9
WP_063418931.1	lcl|Q1D664-2.A.6.1.10	22.7	82.9	58.8	330	3.98e-14	73.2
WP_063418931.1	lcl|P76397-8.A.1.6.2	23.4	82.9	75.2	334	4.11e-14	72.8
WP_063418931.1	lcl|L8NGR5-2.A.6.3.8	29.3	62.7	67.0	256	1.07e-13	71.2
WP_063418931.1	lcl|Q9I3R2-2.A.6.2.35	23.5	91.2	86.8	366	1.61e-12	67.8
WP_063418931.1	lcl|Q2FD95-2.A.6.2.29	25.7	79.5	73.3	335	3.21e-12	67.0
WP_063418931.1	lcl|Q2AAU4-2.A.6.2.26	22.3	81.9	82.8	336	1.60e-11	64.7
WP_063418931.1	lcl|Q67GM1-2.A.6.2.4	25.0	81.1	82.9	332	5.01e-11	63.2
WP_063418931.1	lcl|P37636-8.A.1.6.3	23.4	80.0	80.0	329	1.65e-10	61.6
WP_063418931.1	lcl|P52477-2.A.6.2.6	21.6	90.9	88.3	365	2.92e-10	60.8
WP_063418931.1	lcl|Q2FD71-2.A.6.2.40	21.2	90.4	86.2	353	1.29e-09	58.9
WP_063418931.1	lcl|P0AE06-8.A.1.6.1	22.6	79.5	77.1	328	4.03e-09	57.4
WP_063418931.1	lcl|Q6V6X9-2.A.6.2.18	21.8	78.7	75.3	312	5.12e-08	53.9
WP_063418931.1	lcl|Q9WWZ9-2.A.6.2.9	21.8	79.7	76.6	316	6.79e-08	53.5
WP_063418931.1	lcl|Q79MP5-2.A.6.2.31	23.1	82.7	79.2	337	1.64e-07	52.4
WP_063418931.1	lcl|W6QSL8-2.A.6.2.15	21.7	90.9	89.7	374	1.19e-06	49.7
WP_063418931.1	lcl|Q9F241-2.A.6.2.42	22.4	78.7	76.6	326	1.20e-06	49.7
WP_063418931.1	lcl|B6JLI9-2.A.6.3.12	22.4	50.9	80.3	192	8.50e-06	46.2
WP_063418931.1	lcl|C5IZH0-2.A.6.2.47	21.9	82.4	81.6	343	8.67e-06	47.0
WP_063418931.1	lcl|Q1CZ64-2.A.6.3.7	20.5	71.2	77.0	288	1.96e-05	45.8
WP_063418933.1	lcl|P28737-1.R.1.1.3	27.1	24.8	55.5	207	2.05e-04	43.9
WP_063418933.1	lcl|P54813-3.A.29.1.2	31.1	15.6	15.9	122	2.87e-04	43.9
WP_063418933.1	lcl|P55072-3.A.16.1.1	37.3	10.3	9.7	83	3.89e-04	43.5
WP_063418933.1	lcl|P54609-3.A.16.1.5	36.1	10.3	9.6	83	5.11e-04	43.1
WP_063418939.1	lcl|O74887-8.A.147.1.1	33.6	87.1	71.9	146	9.82e-12	59.7
WP_063418939.1	lcl|P30041-8.A.147.1.3	26.7	58.7	45.1	101	2.34e-05	42.4
WP_063418947.1	lcl|P73949-2.A.38.4.5	39.4	95.3	98.6	457	9.71e-77	246
WP_063418947.1	lcl|O32081-2.A.38.4.3	34.1	96.8	97.1	454	3.40e-64	213
WP_063418947.1	lcl|O87953-2.A.38.4.2	34.0	89.9	89.9	423	5.16e-51	179
WP_063418947.1	lcl|G8V398-2.A.38.4.6	33.3	87.6	90.8	409	1.30e-49	174
WP_063418947.1	lcl|O31658-2.A.38.4.4	30.9	89.1	89.1	427	2.44e-47	169
WP_063418947.1	lcl|P43440-2.A.38.4.1	29.8	89.1	89.1	416	3.53e-47	168
WP_063418947.1	lcl|G8RD42-2.A.38.4.6	31.1	78.6	79.9	373	1.50e-38	145
WP_063418947.1	lcl|Q6BYD8-2.A.38.2.4	27.5	35.5	19.1	207	6.10e-06	48.5
WP_063418949.1	lcl|Q55496-2.A.38.4.5	41.1	91.5	92.5	214	7.23e-46	152
WP_063418949.1	lcl|P39760-2.A.38.4.4	35.6	92.3	95.5	216	2.63e-41	140
WP_063418949.1	lcl|G8V089-2.A.38.4.6	34.3	92.3	95.9	216	4.30e-36	126
WP_063418949.1	lcl|O32080-2.A.38.4.3	30.0	91.0	93.7	213	7.70e-30	110
WP_063418949.1	lcl|O87952-2.A.38.4.2	32.7	90.2	93.6	211	9.69e-26	99.8
WP_063418949.1	lcl|Q58752-1.A.1.13.10	22.6	91.5	65.0	226	2.64e-07	50.1
WP_063418949.1	lcl|E8QNY4-1.A.1.13.9	28.7	48.7	32.3	122	4.14e-05	43.5
WP_063418958.1	lcl|ANC59923.1-3.A.1.211.25	34.9	91.6	81.7	533	4.31e-90	290
WP_063418958.1	lcl|P9WQK3-3.A.1.120.8	33.8	93.2	95.2	548	2.69e-82	267
WP_063418958.1	lcl|P43672-3.A.1.120.6	36.2	91.1	81.1	539	1.49e-75	251
WP_063418958.1	lcl|Q20306-3.A.1.211.24	34.5	90.2	71.5	528	3.57e-75	252
WP_063418958.1	lcl|Q83XH1-9.B.325.1.1	30.6	88.5	91.2	509	1.56e-74	246
WP_063418958.1	lcl|Q53712-3.A.1.120.3	33.5	88.5	91.7	534	3.08e-70	236
WP_063418958.1	lcl|Q9FJH6-3.A.1.121.10	32.5	89.4	83.5	520	1.07e-68	232
WP_063418958.1	lcl|Q9NUQ8-3.A.1.121.9	31.1	92.7	73.2	534	2.44e-67	231
WP_063418958.1	lcl|Q9UG63-3.A.1.121.11	33.2	87.1	77.8	509	3.72e-66	226
WP_063418958.1	lcl|AGN74890.1-3.A.1.120.7	34.2	90.8	96.4	553	2.35e-65	222
WP_063418958.1	lcl|Q60248-3.A.1.120.4	31.1	90.8	98.0	550	8.83e-65	221
WP_063418958.1	lcl|Q2PGB8-3.A.1.120.5	32.7	92.3	81.6	544	7.52e-64	219
WP_063418958.1	lcl|P25256-3.A.1.120.2	33.3	90.4	97.4	549	1.18e-62	215
WP_063418958.1	lcl|Q53762-3.A.1.120.1	29.5	90.4	97.6	546	2.41e-60	209
WP_063418958.1	lcl|Q389P2-3.A.1.121.7	29.3	90.6	74.4	536	1.31e-53	193
WP_063418958.1	lcl|Q8NE71-3.A.1.121.8	31.0	84.5	56.6	497	2.53e-53	194
WP_063418958.1	lcl|P39115-3.A.1.121.3	29.1	89.2	85.6	536	5.24e-52	186
WP_063418958.1	lcl|O54396-3.A.1.121.2	26.4	91.6	87.0	556	5.72e-52	186
WP_063418958.1	lcl|B7TGT5-3.A.1.121.5	31.1	64.1	74.7	405	2.51e-46	170
WP_063418958.1	lcl|Q65AB2-3.A.1.121.6	28.3	91.3	99.0	562	2.29e-40	152
WP_063418958.1	lcl|P23212-3.A.1.121.1	26.9	85.4	91.8	531	1.71e-31	127
WP_063418958.1	lcl|Q6MMA8-3.A.1.142.2	33.8	33.6	67.2	201	1.10e-21	95.1
WP_063418958.1	lcl|A9WBR9-3.A.1.32.3	24.6	91.3	92.2	545	1.25e-21	98.2
WP_063418958.1	lcl|A3ZI83-3.A.1.3.16	29.0	41.3	87.6	245	1.58e-21	93.6
WP_063418958.1	lcl|Q48597-3.A.1.124.1	28.9	41.1	87.6	239	1.74e-20	90.1
WP_063418960.1	lcl|O43464-8.A.217.1.1	33.1	83.0	67.7	347	4.23e-43	155
WP_063418960.1	lcl|B2GH49-9.B.160.1.10	35.8	41.3	40.4	165	1.15e-17	83.6
WP_063418960.1	lcl|A0L9W3-2.A.102.4.10	28.3	39.5	23.4	159	4.04e-06	48.5
WP_063418960.1	lcl|Q15599-8.A.24.1.2	40.5	18.0	22.0	74	1.44e-04	43.1
WP_063418964.1	lcl|Q9YS30-1.A.53.1.4	27.7	14.7	3.1	130	1.45e-04	45.4
WP_063418979.1	lcl|B8HSD7-9.B.126.2.6	23.6	92.0	89.2	292	5.52e-11	62.0
WP_063418979.1	lcl|AUZ87169.1-9.B.126.2.9	23.9	83.4	67.8	268	1.34e-09	58.2
WP_063418993.1	lcl|Q9I0Y8-2.A.6.2.16	36.0	99.3	98.4	1082	2.39e-205	620
WP_063418993.1	lcl|Q8ZRG9-2.A.6.2.25	34.5	99.0	98.6	1077	4.69e-195	593
WP_063418993.1	lcl|P37637-2.A.6.2.13	34.4	99.1	99.6	1084	7.47e-183	560
WP_063418993.1	lcl|Q8GC83-2.A.6.2.19	33.9	99.1	99.3	1079	2.12e-181	556
WP_063418993.1	lcl|Q2FD81-2.A.6.2.44	33.4	99.3	98.2	1080	1.69e-179	552
WP_063418993.1	lcl|Q4LDT6-2.A.6.2.34	34.7	99.3	98.4	1083	1.10e-178	550
WP_063418993.1	lcl|Q8GKU1-2.A.6.2.4	33.6	99.0	99.1	1080	7.51e-178	547
WP_063418993.1	lcl|Q8Y3H0-2.A.6.2.45	34.2	98.4	97.6	1076	2.25e-176	544
WP_063418993.1	lcl|Q6VV68-2.A.6.2.23	34.2	99.4	96.9	1088	9.77e-176	543
WP_063418993.1	lcl|P31224-2.A.6.2.2	33.5	98.7	98.3	1082	4.76e-175	540
WP_063418993.1	lcl|C5IZH1-2.A.6.2.47	33.5	99.3	99.0	1082	5.23e-174	538
WP_063418993.1	lcl|P52002-2.A.6.2.6	34.3	98.7	98.4	1078	1.49e-171	531
WP_063418993.1	lcl|P24181-2.A.6.2.1	33.7	98.6	99.5	1083	2.28e-170	528
WP_063418993.1	lcl|Q0VQY6-2.A.6.2.46	32.6	98.4	98.4	1075	1.58e-168	523
WP_063418993.1	lcl|Q2FD70-2.A.6.2.40	31.6	99.7	99.6	1088	2.08e-167	520
WP_063418993.1	lcl|Q9F240-2.A.6.2.42	33.9	98.7	99.2	1079	6.35e-167	519
WP_063418993.1	lcl|Q84GI9-2.A.6.2.31	33.0	99.9	99.8	1089	8.10e-166	516
WP_063418993.1	lcl|Q6V6X8-2.A.6.2.18	33.8	99.0	98.4	1078	6.29e-165	514
WP_063418993.1	lcl|W9BHF5-2.A.6.2.49	31.7	98.2	98.0	1069	6.82e-165	513
WP_063418993.1	lcl|Q24LT7-2.A.6.2.29	33.8	98.4	98.2	1085	1.21e-163	511
WP_063418993.1	lcl|B2FLY4-2.A.6.2.14	32.2	99.3	98.5	1086	4.42e-163	509
WP_063418993.1	lcl|O52248-2.A.6.2.9	33.6	99.6	98.6	1085	2.05e-162	507
WP_063418993.1	lcl|Q9KJC2-2.A.6.2.8	33.6	99.6	98.6	1085	2.87e-162	507
WP_063418993.1	lcl|P24177-2.A.6.2.7	32.3	98.6	99.0	1078	1.18e-160	502
WP_063418993.1	lcl|Q2AAU3-2.A.6.2.26	32.1	99.4	98.2	1089	9.49e-160	500
WP_063418997.1	lcl|Q8F4Z0-3.D.10.1.2	26.6	86.1	84.1	192	3.45e-06	45.8
WP_063418997.1	lcl|Q8KA99-3.D.10.1.5	24.0	92.3	84.2	204	6.06e-04	39.3
WP_063418999.1	lcl|Q8F4Z1-3.D.10.1.2	58.0	99.2	99.5	635	9.20e-263	735
WP_063418999.1	lcl|Q8KAA0-3.D.10.1.5	56.9	98.0	98.1	638	1.60e-253	712
WP_063418999.1	lcl|Q65GF4-3.D.10.1.1	34.5	94.0	97.8	608	2.66e-88	286
WP_063418999.1	lcl|F9VN10-3.D.10.1.4	29.9	94.8	99.6	609	1.27e-53	192
WP_063418999.1	lcl|P17412-3.D.10.1.3	28.7	92.8	88.4	621	1.87e-52	191
WP_063418999.1	lcl|X5H3P0-3.D.10.1.6	26.4	96.7	99.8	643	3.61e-45	169
WP_063418999.1	lcl|I7FYK4-3.D.10.1.9	26.1	95.0	99.7	631	1.27e-43	164
WP_063418999.1	lcl|T2GB49-3.D.10.1.8	26.2	94.0	94.1	630	2.48e-42	161
WP_063418999.1	lcl|P31040-3.D.10.1.7	27.2	87.9	81.6	580	5.02e-39	152
WP_063419000.1	lcl|Q8F4Z2-3.D.10.1.2	56.9	97.6	98.4	239	1.19e-99	290
WP_063419000.1	lcl|Q8KAA1-3.D.10.1.5	52.7	97.6	93.0	239	7.46e-92	270
WP_063419000.1	lcl|P17596-3.D.10.1.3	29.1	92.2	91.2	234	3.59e-14	69.3
WP_063419000.1	lcl|T2G9X8-3.D.10.1.8	26.9	94.7	84.1	238	2.11e-12	64.7
WP_063419000.1	lcl|X5GWN5-3.D.10.1.6	26.6	71.8	65.2	188	2.05e-04	41.2
WP_063419016.1	lcl|O43865-8.A.151.1.1	50.3	97.1	80.8	465	2.01e-152	444
WP_063419018.1	lcl|D6GX19-9.B.27.2.5	24.8	92.2	92.7	206	1.90e-17	77.0
WP_063419018.1	lcl|TAG98398-9.B.321.1.2	29.2	85.8	86.5	192	7.31e-16	72.8
WP_063419018.1	lcl|Q2SYY1-9.B.27.2.11	24.5	93.6	81.0	208	1.93e-14	69.7
WP_063419018.1	lcl|Q1LJ96-9.B.27.2.4	24.0	92.7	89.5	208	5.19e-11	59.7
WP_063419021.1	lcl|Q9K8H6-9.B.157.1.2	29.7	59.1	52.9	155	3.04e-09	55.8
WP_063419021.1	lcl|P16926-9.B.157.1.3	27.8	57.9	39.2	144	5.51e-08	52.4
WP_063419021.1	lcl|Q01466-9.B.157.1.1	29.6	62.8	57.9	169	1.47e-07	50.8
WP_063419021.1	lcl|O33620-9.B.157.1.5	28.4	56.3	38.0	141	1.11e-04	42.4
WP_063419025.1	lcl|Q9WZR7-3.A.1.1.40	31.5	79.3	81.0	356	2.41e-48	170
WP_063419027.1	lcl|GIM07801.1-3.E.1.5.3	39.5	40.1	5.4	119	8.31e-14	71.2
WP_063419041.1	lcl|CAE7420488.1-1.R.1.1.4	35.4	20.2	9.1	79	9.30e-04	40.8
WP_063419041.1	lcl|Q38IE1-3.A.20.1.3	32.1	19.6	7.9	78	9.50e-04	40.8
WP_063419069.1	lcl|WP_067456760.1-2.A.1.30.2	28.3	86.9	85.6	381	4.98e-16	79.0
WP_063419069.1	lcl|D2SCM5-2.A.1.69.2	27.3	90.0	84.7	385	1.03e-12	68.9
WP_063419069.1	lcl|O32859-2.A.1.21.4	23.3	87.6	88.8	377	3.96e-12	67.0
WP_063419069.1	lcl|D3Q871-2.A.1.21.11	25.5	90.3	87.8	384	1.11e-06	50.1
WP_063419069.1	lcl|J8GQQ7-2.A.1.31.4	23.6	84.7	82.3	369	6.04e-06	47.8
WP_063419071.1	lcl|WP_017304407.1-9.B.265.1.6	36.6	97.4	97.2	320	2.37e-59	192
WP_063419073.1	lcl|F9VN10-3.D.10.1.4	33.8	95.3	94.7	551	2.92e-66	224
WP_063419073.1	lcl|X5H3P0-3.D.10.1.6	32.9	96.2	93.1	584	2.08e-59	207
WP_063419073.1	lcl|I7FYK4-3.D.10.1.9	31.5	93.0	91.6	558	1.63e-58	204
WP_063419073.1	lcl|P31040-3.D.10.1.7	35.9	69.4	62.2	418	6.62e-53	190
WP_063419073.1	lcl|P17412-3.D.10.1.3	28.1	92.8	83.4	565	1.48e-42	161
WP_063419073.1	lcl|T2GB49-3.D.10.1.8	27.3	93.0	87.7	567	2.92e-40	154
WP_063419073.1	lcl|Q65GF4-3.D.10.1.1	31.5	66.7	66.6	397	9.37e-38	146
WP_063419073.1	lcl|Q8F4Z1-3.D.10.1.2	26.2	95.7	89.3	595	1.19e-28	120
WP_063419073.1	lcl|Q8KAA0-3.D.10.1.5	25.3	93.9	88.1	594	1.25e-23	104
WP_063419081.1	lcl|Q8YT39-3.A.1.114.1	34.9	77.6	58.9	455	2.58e-61	215
WP_063419081.1	lcl|V5V5Z3-1.B.17.2.10	31.4	75.4	87.6	443	1.33e-46	170
WP_063419081.1	lcl|C9LSB9-1.B.17.2.5	22.7	73.3	76.7	431	1.77e-15	79.0
WP_063419081.1	lcl|Q1D5I8-1.B.17.2.7	21.1	71.8	84.6	417	6.75e-11	64.3
WP_063419081.1	lcl|Q2FD80-2.A.6.2.44	24.1	72.1	83.6	419	6.97e-11	64.3
WP_063419081.1	lcl|Q9HUJ1-2.A.6.2.27	23.6	58.6	70.1	347	4.94e-10	61.6
WP_063419081.1	lcl|Q87SJ8-2.A.6.2.26	20.0	72.3	90.7	424	1.30e-08	57.0
WP_063419081.1	lcl|Q45083-1.B.17.3.3	23.8	68.1	74.2	412	6.64e-06	48.5
WP_063419081.1	lcl|Q1D4Q0-1.B.17.2.6	23.0	36.7	48.0	213	1.69e-04	43.9
WP_063419081.1	lcl|Q9I0V8-2.A.6.2.39	25.6	21.0	23.9	121	5.50e-04	42.4
WP_063419108.1	lcl|Q7V5I0-1.E.34.3.1	96.1	100	100	128	4.66e-78	226
WP_063419119.1	lcl|Q6NLC1-3.A.1.203.8	35.7	78.9	82.6	588	8.81e-102	325
WP_063419119.1	lcl|H0RSU6-3.A.1.203.12	34.2	75.6	87.0	523	7.43e-94	301
WP_063419119.1	lcl|Q50614-3.A.1.203.4	34.4	80.8	88.3	579	5.32e-87	285
WP_063419119.1	lcl|O14678-3.A.1.203.9	33.5	75.4	87.0	537	1.40e-69	237
WP_063419119.1	lcl|P28288-3.A.1.203.1	27.9	76.2	81.3	541	1.79e-53	194
WP_063419119.1	lcl|Q94FB9-3.A.1.203.5	29.5	72.9	37.5	518	4.13e-53	197
WP_063419119.1	lcl|F1RBC8-3.A.1.203.15	26.4	80.1	76.9	595	1.22e-48	182
WP_063419119.1	lcl|P31826-3.A.1.203.11	27.2	80.5	95.2	556	3.50e-46	172
WP_063419119.1	lcl|P33897-3.A.1.203.3	26.2	72.9	72.9	553	4.18e-44	168
WP_063419119.1	lcl|Q57Y09-3.A.1.203.13	26.1	80.5	80.4	556	6.24e-44	167
WP_063419119.1	lcl|Q9UBJ2-3.A.1.203.7	26.7	72.9	72.2	559	3.30e-43	166
WP_063419119.1	lcl|I7MJ28-3.A.1.203.10	25.7	75.7	75.0	549	4.23e-42	162
WP_063419119.1	lcl|Q386J8-3.A.1.203.14	27.2	76.6	80.8	537	1.50e-40	157
WP_063419119.1	lcl|I7LWG7-3.A.1.203.10	36.7	30.0	29.5	207	7.20e-36	143
WP_063419119.1	lcl|P41909-3.A.1.203.6	42.8	26.2	21.5	187	7.24e-36	144
WP_063419119.1	lcl|P34230-3.A.1.203.6	23.8	76.5	67.8	596	7.87e-29	122
WP_063419119.1	lcl|Q00564-3.A.1.112.3	31.9	31.6	31.5	229	1.51e-19	92.8
WP_063419119.1	lcl|P78966-3.A.1.206.2	31.7	28.5	14.9	202	2.72e-18	89.4
WP_063419119.1	lcl|Q07638-3.A.1.127.1	36.1	26.1	27.9	183	6.51e-18	87.4
WP_063419119.1	lcl|Q03024-3.A.1.110.4	31.3	29.5	35.2	217	1.04e-17	86.7
WP_063419119.1	lcl|RDE13438-3.A.1.122.23	25.7	27.0	86.7	206	2.01e-16	78.6
WP_063419119.1	lcl|Q03727-3.A.1.112.1	31.5	27.9	27.5	200	2.08e-16	82.8
WP_063419119.1	lcl|O67184-3.A.1.110.13	27.6	42.4	50.5	304	8.54e-16	80.5
WP_063419119.1	lcl|Q03519-3.A.1.209.1	28.4	28.2	28.9	201	1.06e-15	80.5
WP_063419119.1	lcl|A7BAX2-3.A.1.26.3	29.1	29.8	27.7	206	1.09e-15	80.5
WP_063419121.1	lcl|Q9RCF3-3.A.1.14.6	43.8	11.3	22.9	64	1.79e-04	43.1
WP_063419125.1	lcl|A3U437-9.B.29.2.12	57.8	87.8	91.6	230	2.31e-91	270
WP_063419125.1	lcl|CAI09141-3.A.1.4.15	29.5	79.8	81.4	217	7.56e-19	82.8
WP_063419125.1	lcl|B1W1L9-3.A.1.5.37	31.0	88.2	70.5	248	1.28e-16	77.8
WP_063419125.1	lcl|KAI7259335.1-3.A.1.29.2	33.2	80.5	17.5	220	1.29e-16	79.0
WP_063419125.1	lcl|P33594-3.A.1.5.3	32.0	81.7	78.0	219	1.63e-16	76.6
WP_063419125.1	lcl|P63391-3.A.1.21.2	31.6	81.7	23.5	215	1.64e-16	78.6
WP_063419125.1	lcl|Q03PY5-3.A.1.28.2	32.1	89.7	78.9	237	6.65e-16	75.1
WP_063419125.1	lcl|Q03PY5-3.A.1.26.9	32.1	89.7	78.9	237	6.65e-16	75.1
WP_063419125.1	lcl|P08716-3.A.1.109.1	26.1	82.8	29.1	218	1.71e-15	75.5
WP_063419125.1	lcl|P23702-3.A.1.109.8	27.4	88.9	31.4	234	2.30e-15	75.1
WP_063419125.1	lcl|Q9HGT5-3.A.1.201.27	29.4	92.4	17.4	245	2.66e-15	75.1
WP_063419125.1	lcl|B0Y3B6-3.A.1.201.10	29.1	88.9	16.6	247	2.67e-15	75.1
WP_063419125.1	lcl|P60752-3.A.1.106.1	29.9	82.4	35.4	221	3.89e-15	74.3
WP_063419125.1	lcl|Q9F350-3.A.1.5.35	30.0	87.0	71.9	247	4.98e-15	73.2
WP_063419125.1	lcl|P63359-3.A.1.106.20	30.1	81.7	35.1	219	5.25e-15	73.9
WP_063419125.1	lcl|Q5HGY5-3.A.1.11.8	25.4	87.0	58.8	228	6.24e-15	73.2
WP_063419125.1	lcl|O58953-3.A.1.128.6	25.4	87.0	84.6	236	8.40e-15	71.6
WP_063419125.1	lcl|Q88RG3-3.A.1.109.3	28.7	85.5	29.7	230	1.03e-14	73.2
WP_063419125.1	lcl|Q2G2M9-3.A.1.106.2	30.6	82.8	35.6	219	1.28e-14	72.8
WP_063419125.1	lcl|WP_067041512-3.A.1.135.11	28.4	92.7	41.8	257	1.29e-14	72.8
WP_063419125.1	lcl|Q1LRE9-3.A.1.210.9	30.9	82.4	32.5	220	1.33e-14	72.8
WP_063419125.1	lcl|Q9C6W5-3.A.1.204.29	28.9	89.3	35.8	239	1.34e-14	72.8
WP_063419125.1	lcl|Q9NUT2-3.A.1.201.22	32.6	81.3	27.6	218	1.40e-14	72.8
WP_063419125.1	lcl|Q97Q42-3.A.1.11.7	26.0	87.0	56.1	231	1.70e-14	72.0
WP_063419125.1	lcl|Q5SHV0-3.A.1.10.6	29.3	87.0	59.7	229	1.97e-14	71.6
WP_063419155.1	lcl|G0VME1-1.B.6.1.7	32.5	37.4	30.4	126	6.28e-05	43.9
WP_063419161.1	lcl|Q9HTC3-2.A.7.2.6	34.3	22.2	47.2	67	6.86e-04	38.9
WP_063419178.1	lcl|Q8YPM9-3.A.1.3.18	47.8	99.7	95.7	360	5.03e-111	327
WP_063419178.1	lcl|Q52812-3.A.1.3.8	44.3	99.1	98.8	348	8.48e-95	285
WP_063419178.1	lcl|Q52663-3.A.1.3.7	42.2	99.7	99.7	348	3.22e-91	276
WP_063419178.1	lcl|P45766-3.A.1.3.26	40.3	99.4	99.4	347	9.12e-89	270
WP_063419178.1	lcl|P37902-3.A.1.3.4	29.0	64.2	74.8	231	3.32e-13	68.9
WP_063419178.1	lcl|P96257-9.B.321.1.1	30.1	38.7	40.2	136	3.55e-10	60.1
WP_063419178.1	lcl|P54535-3.A.1.3.15	25.3	43.6	57.3	154	1.60e-04	42.4
WP_063419179.1	lcl|Q8YPM8-3.A.1.3.18	47.8	97.6	95.5	297	1.80e-77	238
WP_063419179.1	lcl|P45767-3.A.1.3.26	35.1	94.6	92.1	362	5.64e-48	164
WP_063419179.1	lcl|Q52813-3.A.1.3.8	33.6	88.9	86.0	345	1.83e-40	144
WP_063419179.1	lcl|Q52664-3.A.1.3.7	45.2	45.1	31.7	135	2.23e-26	107
WP_063419179.1	lcl|Q88NY3-3.A.1.3.19	32.5	74.7	82.7	228	2.00e-22	93.2
WP_063419179.1	lcl|Q9I403-3.A.1.3.22	31.9	77.8	88.7	235	1.03e-21	91.3
WP_063419179.1	lcl|P0AER3-3.A.1.3.4	29.5	82.2	93.5	244	3.64e-21	89.7
WP_063419179.1	lcl|A1VZQ3-3.A.1.3.16	28.2	65.7	68.4	195	1.99e-20	87.8
WP_063419179.1	lcl|P73544-3.A.1.3.12	33.1	52.2	29.2	157	4.75e-19	86.7
WP_063419179.1	lcl|Q9CES5-3.A.1.3.25	32.6	65.0	23.5	193	7.63e-19	86.3
WP_063419179.1	lcl|Q8YPM7-3.A.1.3.18	31.5	85.2	60.6	257	7.80e-18	82.4
WP_063419179.1	lcl|Q8YSA2-3.A.1.3.17	30.4	71.4	38.7	217	9.08e-18	82.8
WP_063419179.1	lcl|Q52665-3.A.1.3.7	28.4	95.3	62.7	296	6.25e-17	80.1
WP_063419179.1	lcl|Q9F3K6-3.A.1.3.24	27.8	74.4	66.5	223	1.90e-16	77.8
WP_063419179.1	lcl|P48244-3.A.1.3.9	28.3	68.7	84.6	205	7.63e-16	74.7
WP_063419179.1	lcl|EAQ71872.1-3.A.1.3.16	28.8	64.3	76.3	191	9.03e-16	74.3
WP_063419179.1	lcl|P54536-3.A.1.3.15	28.7	58.6	68.9	174	9.03e-16	74.3
WP_063419179.1	lcl|OLS25601-3.A.1.3.30	31.8	58.6	41.5	198	1.86e-15	75.9
WP_063419179.1	lcl|O34315-3.A.1.3.13	28.1	67.0	76.2	199	3.21e-15	73.2
WP_063419179.1	lcl|Q9I404-3.A.1.3.22	31.5	60.9	73.9	184	6.39e-15	72.0
WP_063419179.1	lcl|P48245-3.A.1.3.9	30.3	63.3	61.2	188	6.87e-15	72.8
WP_063419179.1	lcl|Q9HU29-3.A.1.3.23	26.3	75.4	94.3	236	7.24e-15	72.0
WP_063419179.1	lcl|Q52814-3.A.1.3.8	26.8	68.4	50.0	213	8.64e-15	73.6
WP_063419179.1	lcl|P0AFT2-3.A.1.3.10	27.4	67.7	78.4	201	3.10e-14	70.1
WP_063419179.1	lcl|P35114-3.A.1.3.5	34.8	37.7	45.7	112	3.16e-14	70.5
WP_063419180.1	lcl|F8L0C0-9.B.36.3.1	30.3	70.4	63.3	119	6.71e-12	60.5
WP_063419180.1	lcl|WP_106301734.1-9.B.36.3.2	33.0	55.0	49.7	94	8.18e-08	49.3
WP_063419182.1	lcl|Q8YPM7-3.A.1.3.18	38.8	94.4	98.2	374	1.13e-77	242
WP_063419182.1	lcl|Q52814-3.A.1.3.8	35.6	94.2	90.9	354	4.48e-61	199
WP_063419182.1	lcl|P45768-3.A.1.3.26	36.0	89.2	83.1	311	5.70e-53	178
WP_063419182.1	lcl|Q52665-3.A.1.3.7	33.3	83.6	78.8	342	1.53e-38	141
WP_063419182.1	lcl|Q88NY4-3.A.1.3.19	33.0	62.6	96.4	218	9.96e-26	102
WP_063419182.1	lcl|P0AER5-3.A.1.3.4	31.3	62.0	95.5	217	1.01e-24	99.8
WP_063419182.1	lcl|Q9I404-3.A.1.3.22	32.0	62.9	97.3	219	4.99e-24	97.8
WP_063419182.1	lcl|Q8YSA2-3.A.1.3.17	34.7	62.3	42.5	216	2.06e-22	97.4
WP_063419182.1	lcl|P73544-3.A.1.3.12	34.4	62.0	40.0	215	5.63e-22	96.3
WP_063419182.1	lcl|P0AFT2-3.A.1.3.10	34.9	54.4	81.1	189	1.26e-21	91.3
WP_063419182.1	lcl|A1VZQ3-3.A.1.3.16	32.6	51.2	67.6	175	2.20e-21	91.3
WP_063419182.1	lcl|P42200-3.A.1.3.14	29.4	59.6	85.0	204	2.23e-21	90.9
WP_063419182.1	lcl|Q88NY3-3.A.1.3.19	29.9	59.6	85.1	214	4.02e-21	90.5
WP_063419182.1	lcl|Q9CES5-3.A.1.3.25	32.4	59.4	28.6	207	3.72e-19	88.2
WP_063419182.1	lcl|Q9I403-3.A.1.3.22	29.6	54.4	77.8	196	6.67e-19	84.3
WP_063419182.1	lcl|EAQ71872.1-3.A.1.3.16	29.5	57.9	89.0	200	3.66e-18	81.6
WP_063419182.1	lcl|P0AER3-3.A.1.3.4	27.0	59.9	86.2	215	3.92e-17	79.3
WP_063419182.1	lcl|P48245-3.A.1.3.9	30.4	61.4	74.4	217	8.00e-17	79.0
WP_063419182.1	lcl|P0AEQ6-3.A.1.3.2	30.0	59.4	90.9	203	5.79e-16	75.5
WP_063419182.1	lcl|O34315-3.A.1.3.13	29.9	60.5	87.0	211	5.90e-16	75.9
WP_063419182.1	lcl|P35114-3.A.1.3.5	32.1	60.5	85.7	215	8.84e-16	75.5
WP_063419182.1	lcl|B8F897-3.A.1.3.28	27.6	46.8	72.6	163	1.31e-15	74.3
WP_063419182.1	lcl|Q52813-3.A.1.3.8	37.3	34.2	28.3	118	4.86e-15	75.1
WP_063419182.1	lcl|P54536-3.A.1.3.15	27.1	59.4	90.4	203	7.10e-15	72.4
WP_063419182.1	lcl|O50182-3.A.1.3.11	30.5	59.6	91.7	213	1.14e-14	72.0
WP_063419183.1	lcl|P48243-3.A.1.3.9	59.5	98.4	98.8	242	2.02e-93	274
WP_063419183.1	lcl|P45769-3.A.1.3.26	61.9	91.9	88.9	226	1.07e-90	267
WP_063419183.1	lcl|Q52815-3.A.1.3.8	56.4	98.8	93.4	243	6.82e-88	260
WP_063419183.1	lcl|Q52666-3.A.1.3.7	56.4	98.8	91.3	243	1.35e-86	257
WP_063419183.1	lcl|P0AAG3-3.A.1.3.4	55.5	95.9	97.1	236	6.17e-85	252
WP_063419183.1	lcl|P54537-3.A.1.3.15	50.8	98.4	99.6	242	5.23e-81	242
WP_063419183.1	lcl|Q9F3K7-3.A.1.3.24	50.4	100	100	254	1.13e-80	242
WP_063419183.1	lcl|Q9I405-3.A.1.3.22	55.3	98.4	98.8	244	1.70e-80	241
WP_063419183.1	lcl|P37774-3.A.1.3.10	51.0	98.8	98.4	247	9.56e-79	237
WP_063419183.1	lcl|P73721-3.A.1.3.12	52.5	98.8	96.4	244	8.26e-78	234
WP_063419183.1	lcl|P39456-3.A.1.3.14	50.0	96.7	96.8	240	1.41e-77	234
WP_063419183.1	lcl|A3ZI83-3.A.1.3.16	49.8	98.4	98.8	243	3.43e-77	233
WP_063419183.1	lcl|Q88NY5-3.A.1.3.19	54.0	95.5	91.4	237	1.08e-76	232
WP_063419183.1	lcl|P10346-3.A.1.3.2	51.9	96.7	97.9	239	1.05e-75	229
WP_063419183.1	lcl|B8F898-3.A.1.3.28	47.6	98.0	98.4	246	4.57e-74	225
WP_063419183.1	lcl|P0A2V2-3.A.1.3.5	48.6	97.6	94.7	249	1.12e-72	222
WP_063419183.1	lcl|Q9CES4-3.A.1.3.25	46.7	98.4	96.8	242	1.98e-72	221
WP_063419183.1	lcl|P35116-3.A.1.3.6	47.4	99.2	98.1	253	7.72e-72	219
WP_063419183.1	lcl|P07109-3.A.1.3.29	51.0	94.7	94.2	243	2.19e-71	218
WP_063419183.1	lcl|Q9HU32-3.A.1.3.23	47.2	98.0	96.9	250	3.11e-71	218
WP_063419183.1	lcl|Q9A1H1-3.A.1.3.20	48.1	98.4	97.6	243	1.25e-70	216
WP_063419183.1	lcl|Q9I488-3.A.1.3.21	48.3	98.4	99.6	242	2.08e-70	215
WP_063419183.1	lcl|O30506-3.A.1.3.11	47.2	97.2	97.2	248	3.70e-69	213
WP_063419183.1	lcl|P02915-3.A.1.3.1	49.8	94.7	93.8	243	8.40e-69	212
WP_063419183.1	lcl|O34900-3.A.1.3.13	44.4	98.0	93.1	243	1.13e-66	206
WP_063419187.1	lcl|A2BS89-2.A.123.2.2	57.5	83.3	94.1	80	1.22e-24	88.2
WP_063419187.1	lcl|Q3MFM5-2.A.123.2.8	52.6	79.2	53.9	76	4.60e-20	78.2
WP_063419187.1	lcl|B0SHL1-2.A.123.2.6	39.0	85.4	96.5	82	1.10e-15	65.5
WP_063419187.1	lcl|Q89G85-2.A.123.2.14	41.6	80.2	89.5	77	3.66e-14	61.6
WP_063419187.1	lcl|P0DMV3-2.A.123.2.16	41.8	82.3	88.8	79	5.58e-14	61.2
WP_063419187.1	lcl|C3WG44-2.A.123.2.3	42.5	76.0	85.9	73	1.64e-12	57.4
WP_063419187.1	lcl|Q57574-2.A.123.2.5	37.8	77.1	79.6	74	1.12e-11	55.5
WP_063419187.1	lcl|Q8F4F7-2.A.123.2.4	37.8	77.1	77.1	74	6.79e-11	53.5
WP_063419187.1	lcl|H8I9W6-2.A.123.2.12	35.1	80.2	91.7	77	5.83e-10	50.8
WP_063419187.1	lcl|G5AIC0-2.A.123.2.10	27.6	90.6	69.6	87	4.70e-06	41.6
WP_063419187.1	lcl|I3IJ02-2.A.123.2.13	33.8	83.3	10.7	80	2.38e-05	40.8
WP_063419187.1	lcl|W2Q9B8-2.A.123.2.11	26.6	82.3	68.1	79	6.05e-05	38.5
WP_063419191.1	lcl|Q84VJ0-8.A.21.2.3	25.6	60.2	57.1	160	1.65e-10	59.7
WP_063419191.1	lcl|P35232-8.A.21.2.8	30.1	59.4	56.6	163	5.52e-10	58.2
WP_063419191.1	lcl|EGP9180347.1-8.A.195.1.5	24.4	94.7	98.8	266	1.14e-07	51.2
WP_063419197.1	lcl|Q9FI56-3.A.9.1.2	73.3	99.4	88.9	854	0.0	1192
WP_063419197.1	lcl|Q9SXJ7-3.A.9.1.2	73.3	98.0	85.6	843	0.0	1176
WP_063419197.1	lcl|Q74G19-3.A.23.5.1	37.9	94.1	93.8	850	5.87e-153	470
WP_063419197.1	lcl|Q6EE14-3.A.23.2.1	36.8	92.8	93.1	828	1.19e-150	464
WP_063419197.1	lcl|Q9KN49-3.A.23.1.1	38.2	74.5	74.6	678	8.16e-132	415
WP_063419197.1	lcl|R9RFN6-3.A.23.4.1	37.4	76.9	74.5	689	4.09e-125	398
WP_063419197.1	lcl|Q8IM28-3.A.26.1.1	31.7	78.3	61.0	824	4.32e-115	380
WP_063419206.1	lcl|Q5ZYB5-3.A.7.9.1	37.3	91.2	92.6	389	4.96e-80	252
WP_063419206.1	lcl|P0C0L7-2.A.1.6.4	33.9	94.5	82.4	413	2.71e-77	248
WP_063419206.1	lcl|BAB41762.1-2.A.1.6.14	34.5	94.8	87.3	411	2.43e-72	234
WP_063419206.1	lcl|M1Q159-2.A.1.6.13	33.3	96.0	91.7	432	6.40e-69	225
WP_063419206.1	lcl|Q52000-2.A.1.6.3	34.0	89.8	89.0	385	1.31e-68	223
WP_063419206.1	lcl|P0AEX3-2.A.1.6.2	32.3	95.2	93.3	405	8.38e-67	218
WP_063419206.1	lcl|P16482-2.A.1.6.1	32.0	95.5	91.7	416	1.15e-61	205
WP_063419206.1	lcl|Q45082-2.A.1.6.5	31.8	98.3	93.8	434	2.16e-58	197
WP_063419206.1	lcl|P76350-2.A.1.6.6	31.3	94.5	93.4	415	1.77e-57	194
WP_063419206.1	lcl|P0A2G3-2.A.1.6.7	31.0	95.7	94.2	410	3.17e-57	193
WP_063419206.1	lcl|F8SVK1-2.A.1.6.11	33.8	77.6	61.1	337	7.14e-56	192
WP_063419206.1	lcl|Q7X4L6-2.A.1.6.8	33.5	74.0	58.3	322	1.01e-54	189
WP_063419206.1	lcl|P37643-2.A.1.6.10	29.2	96.9	95.0	425	2.34e-52	181
WP_063419206.1	lcl|P44699-2.A.1.6.12	29.6	98.6	96.4	446	1.63e-42	154
WP_063419206.1	lcl|P77228-2.A.1.6.9	32.9	64.3	65.1	280	1.45e-37	140
WP_063419206.1	lcl|O51798-2.A.1.15.9	28.3	74.8	71.5	325	1.74e-17	83.6
WP_063419206.1	lcl|P41036-2.A.1.12.1	25.9	46.9	35.3	197	3.07e-15	77.0
WP_063419206.1	lcl|P95908-2.A.1.1.15	22.5	86.0	85.6	395	5.81e-12	66.6
WP_063419206.1	lcl|O34691-2.A.1.82.4	24.1	72.4	73.5	323	9.28e-10	59.7
WP_063419206.1	lcl|Q8NLB7-2.A.1.15.10	23.6	49.8	42.3	212	1.05e-09	59.7
WP_063419206.1	lcl|K4HTY2-2.A.1.9.11	27.4	46.7	37.2	208	1.21e-09	59.7
WP_063419206.1	lcl|NP_596846.2-2.A.1.9.14	30.4	38.1	29.0	168	1.25e-09	59.7
WP_063419206.1	lcl|AHL29283.1-2.A.1.9.12	26.9	46.7	39.0	219	3.74e-09	58.2
WP_063419206.1	lcl|P25297-2.A.1.9.1	25.5	46.0	34.4	208	6.87e-09	57.4
WP_063419206.1	lcl|Q6M372-2.A.1.15.11	24.7	45.5	37.9	198	4.12e-08	54.7
WP_063419222.1	lcl|P76555-9.B.75.2.1	34.3	77.8	27.5	70	5.85e-05	39.3
WP_063419228.1	lcl|Q02006-1.A.1.24.1	33.2	87.4	54.1	226	2.94e-33	124
WP_063419228.1	lcl|WP_113634519.1-1.A.1.24.6	29.9	94.5	83.7	244	1.25e-27	106
WP_063419228.1	lcl|A0NP85-1.A.1.24.5	33.8	83.9	46.8	219	1.36e-25	103
WP_063419228.1	lcl|Q2W0I8-1.A.1.22.1	29.1	87.4	56.3	223	4.95e-24	99.0
WP_063419228.1	lcl|Q1D027-1.A.1.24.3	31.1	92.1	81.8	241	3.61e-23	94.7
WP_063419228.1	lcl|P97414-1.A.1.15.1	32.9	87.4	34.4	240	3.88e-22	94.7
WP_063419228.1	lcl|P51787-1.A.1.15.6	32.5	87.4	34.0	240	9.69e-22	93.6
WP_063419228.1	lcl|UIC73766.1-1.A.1.15.8	30.1	87.4	35.4	239	1.46e-20	90.1
WP_063419228.1	lcl|Q95XD1-1.A.1.2.21	29.3	89.8	40.1	242	3.45e-20	89.0
WP_063419228.1	lcl|Q08U57-1.A.1.24.2	30.4	77.6	81.1	204	1.71e-18	81.3
WP_063419228.1	lcl|Q9UK17-1.A.1.2.19	27.1	94.5	37.4	258	6.27e-18	82.4
WP_063419228.1	lcl|Q9NZV8-1.A.1.2.5	27.5	89.8	37.1	244	5.11e-17	79.7
WP_063419228.1	lcl|Q9NSA2-1.A.1.2.28	26.8	93.3	37.7	257	9.42e-17	79.0
WP_063419228.1	lcl|Q86GI9-1.A.1.2.8	27.2	98.8	59.0	302	1.11e-16	78.6
WP_063419228.1	lcl|P17971-1.A.1.2.3	26.2	93.3	49.6	256	2.74e-16	77.4
WP_063419228.1	lcl|Q9H3M0-1.A.1.2.18	29.7	65.7	34.2	182	9.23e-16	75.9
WP_063419228.1	lcl|Q9JK45-1.A.1.15.5	23.8	91.3	25.4	239	5.21e-15	73.9
WP_063419228.1	lcl|Q92953-1.A.1.2.25	26.9	85.0	25.5	245	1.28e-14	72.8
WP_063419228.1	lcl|P17970-1.A.1.2.1	26.9	82.3	22.8	238	2.36e-14	72.0
WP_063419228.1	lcl|Q14721-1.A.1.2.11	26.5	85.0	27.0	245	7.58e-14	70.5
WP_063419228.1	lcl|P97557-1.A.1.2.9	26.6	93.3	47.7	256	2.80e-13	68.6
WP_063419228.1	lcl|P22459-1.A.1.2.31	24.3	74.4	30.0	206	7.64e-13	67.4
WP_063419228.1	lcl|O43526-1.A.1.15.2	22.7	96.9	29.0	255	1.12e-12	67.0
WP_063419228.1	lcl|Q98GN8-1.A.1.25.1	39.4	28.0	20.0	71	1.71e-12	65.9
WP_063419228.1	lcl|P56696-1.A.1.15.4	24.3	91.3	34.1	239	1.91e-12	66.2
WP_063419238.1	lcl|WP_019258276.1-8.A.147.1.2	34.0	77.5	85.0	159	1.18e-14	68.2
WP_063419238.1	lcl|P30041-8.A.147.1.3	23.2	77.0	70.5	164	1.32e-04	40.8
WP_063419264.1	lcl|AAX46970-3.A.1.7.6	73.6	90.0	93.1	299	3.94e-155	437
WP_063419264.1	lcl|P0AG82-3.A.1.7.1	34.4	87.9	87.9	308	1.47e-46	160
WP_063419264.1	lcl|Q7WTY8-3.A.1.7.2	28.4	82.4	79.1	299	3.08e-25	103
WP_063419264.1	lcl|O05870-3.A.1.7.4	26.5	98.5	98.9	370	2.01e-15	75.9
WP_063419264.1	lcl|D0VWY2-3.A.1.7.3	27.5	84.5	88.4	345	2.47e-13	69.7
WP_063419265.1	lcl|RLD40416.1-9.B.333.1.2	36.5	70.0	21.1	63	8.40e-05	38.9
WP_063419272.1	lcl|Q9NYQ6-9.A.14.6.4	26.1	10.2	9.0	280	6.15e-04	45.1
WP_063419273.1	lcl|Q8ID54-3.A.25.2.1	31.8	59.9	40.4	236	2.49e-33	130
WP_063419273.1	lcl|B7FYG1-3.A.25.1.1	29.7	40.1	14.8	165	3.39e-11	64.7
WP_063419273.1	lcl|Q8I553-3.A.16.1.3	27.8	34.4	19.2	133	3.52e-09	58.2
WP_063419282.1	lcl|A0L4L0-3.A.1.132.3	42.9	70.9	72.6	254	7.80e-62	201
WP_063419282.1	lcl|Q45409-8.A.3.3.3	26.6	45.5	21.3	169	7.53e-05	44.3
WP_063419295.1	lcl|8XQX_H-3.A.9.1.4	24.7	72.8	34.4	194	1.91e-05	45.1
WP_063419297.1	lcl|NXT82515.1-8.A.252.1.2	46.6	86.2	69.6	208	1.01e-57	184
WP_063419297.1	lcl|P09601-8.A.252.1.1	46.6	86.2	71.5	208	4.54e-57	182
WP_063419299.1	lcl|P29296-2.A.114.1.9	58.5	100	100	164	1.66e-58	179
WP_063419318.1	lcl|Q8VRK4-3.A.11.1.3	40.0	74.1	77.5	280	2.66e-39	142
WP_063419318.1	lcl|AKM80915.1-3.A.11.1.5	33.1	67.2	86.0	257	9.82e-28	110
WP_063419324.1	lcl|A0L4L0-3.A.1.132.3	25.6	91.1	73.5	262	1.51e-12	66.2
WP_063419324.1	lcl|K9YXY1-8.A.3.1.2	27.4	73.4	22.3	201	3.15e-07	50.8
WP_063419324.1	lcl|O69740-3.A.24.1.1	28.6	63.5	27.0	182	5.48e-06	47.0
WP_063419324.1	lcl|Q93E02-8.A.3.2.3	28.7	43.2	50.4	122	3.01e-04	40.8
WP_063419324.1	lcl|A8JGB0-3.A.19.1.4	50.0	14.0	4.9	38	9.73e-04	40.0
WP_063419327.1	lcl|XP_015643584.1-9.B.174.1.4	38.0	78.0	69.2	368	9.65e-61	206
WP_063419327.1	lcl|O35002-9.B.174.1.1	33.1	68.8	63.8	311	6.84e-42	154
WP_063419327.1	lcl|WP_014775235.1-9.B.174.1.3	34.9	64.6	51.6	292	6.06e-39	147
WP_063419327.1	lcl|P23865-9.B.174.1.2	28.4	63.9	44.7	310	2.75e-24	105
WP_063419331.1	lcl|P0ABG7-2.A.103.1.2	32.7	91.3	93.2	391	9.01e-56	188
WP_063419331.1	lcl|P07373-2.A.103.1.3	28.6	91.6	95.1	398	3.91e-39	144
WP_063419331.1	lcl|H2J7Z5-2.A.103.1.6	28.2	87.6	84.9	376	7.68e-37	138
WP_063419331.1	lcl|WP_076734059.1-2.A.103.1.10	33.6	73.1	76.2	330	2.77e-35	134
WP_063419331.1	lcl|P0ABG4-2.A.103.1.1	28.5	81.7	74.2	355	2.54e-31	123
WP_063419331.1	lcl|X2BJI2-2.A.103.1.4	26.1	89.9	66.4	398	7.53e-30	120
WP_063419331.1	lcl|Q9ZBA6-2.A.103.1.9	30.6	82.4	68.0	360	1.07e-27	114
WP_063419331.1	lcl|F4CH44-2.A.103.1.8	28.1	77.0	77.3	334	1.08e-27	112
WP_063419331.1	lcl|D3DFC8-2.A.103.1.5	28.6	71.9	71.7	308	2.12e-27	111
WP_063419331.1	lcl|Q83MP3-2.A.103.1.7	26.1	75.6	65.2	337	1.85e-19	89.7
WP_063419331.1	lcl|WP_071389592.1-2.A.103.1.12	30.0	46.4	44.2	200	2.03e-15	77.4
WP_063419331.1	lcl|WP_082139284.1-2.A.103.1.11	33.3	24.6	24.8	105	1.39e-10	62.4
WP_063419336.1	lcl|Q5N2Q7-3.A.5.4.1	72.3	100	99.7	949	0.0	1305
WP_063419336.1	lcl|Q9SYI0-3.A.5.4.2	58.2	98.5	87.8	943	0.0	1044
WP_063419336.1	lcl|Q6MR29-3.A.5.1.3	43.5	99.4	91.1	943	1.18e-247	718
WP_063419336.1	lcl|P0A5Y8-3.A.5.2.2	45.6	98.7	87.6	948	2.91e-247	719
WP_063419336.1	lcl|P10408-3.A.5.1.1	44.6	98.3	90.9	950	1.31e-235	687
WP_063419336.1	lcl|P28366-3.A.5.2.1	42.5	97.5	90.6	926	6.96e-222	650
WP_063419336.1	lcl|Q9X1R4-3.A.5.1.4	39.8	97.9	92.9	979	3.14e-210	621
WP_063419336.1	lcl|Q2ST71-3.A.5.3.1	36.0	97.4	80.3	929	9.18e-164	503
WP_063419336.1	lcl|Q9AET6-3.A.5.10.1	33.2	98.3	98.1	946	8.14e-137	428
WP_063419336.1	lcl|P66785-3.A.5.2.2	30.5	97.3	87.0	927	1.56e-103	340
WP_063419340.1	lcl|P27830-9.B.18.2.4	53.7	96.1	98.9	352	1.28e-130	377
WP_063419342.1	lcl|P73948-2.A.38.4.5	29.8	34.3	30.1	121	5.20e-04	41.2
WP_063419343.1	lcl|Q54066-4.D.1.1.2	27.8	34.9	22.1	97	2.05e-05	45.1
WP_063419348.1	lcl|OLS17256-4.D.1.1.15	27.6	62.7	33.3	192	5.44e-13	68.6
WP_063419348.1	lcl|B3EBP1-4.D.1.3.3	24.7	74.0	16.9	251	1.79e-05	45.8
WP_063419350.1	lcl|Q50864-4.D.1.3.4	29.9	47.7	12.5	164	4.79e-08	54.3
WP_063419350.1	lcl|B3EBP1-4.D.1.3.3	27.4	49.2	11.4	168	7.80e-06	47.4
WP_063419352.1	lcl|Q9I2M0-3.A.1.109.4	26.9	87.3	91.1	375	5.73e-21	93.2
WP_063419352.1	lcl|P11091-8.A.1.3.2	23.8	82.9	80.7	366	5.99e-17	81.6
WP_063419352.1	lcl|P06739-8.A.1.3.1	27.0	87.9	87.2	422	9.15e-17	81.3
WP_063419352.1	lcl|P18790-8.A.1.3.4	34.8	40.6	32.7	161	7.23e-14	72.4
WP_063419352.1	lcl|BAB77003.1-8.A.1.3.7	28.0	40.6	30.3	157	1.72e-10	62.0
WP_063419352.1	lcl|Q57387-3.A.1.110.7	24.0	68.7	76.0	333	2.73e-10	61.2
WP_063419352.1	lcl|Q54457-3.A.1.110.6	22.0	71.8	79.2	354	7.84e-07	50.4
WP_063419352.1	lcl|Q9ZG93-3.A.1.110.12	22.7	71.6	81.1	352	1.36e-06	49.7
WP_063419352.1	lcl|OUT43425-8.A.1.3.6	20.4	76.5	59.6	343	8.49e-06	47.4
WP_063419352.1	lcl|P23597-3.A.1.110.11	24.6	68.7	75.4	342	9.99e-06	47.0
WP_063419352.1	lcl|O05694-3.A.1.110.3	41.1	14.5	12.9	56	1.64e-04	43.1
WP_063419352.1	lcl|Q2FD71-2.A.6.2.40	25.3	47.0	31.6	182	2.07e-04	42.7
WP_063419353.1	lcl|P08716-3.A.1.109.1	44.2	61.0	85.0	604	4.45e-159	484
WP_063419353.1	lcl|P23702-3.A.1.109.8	44.6	58.2	80.5	572	2.68e-157	480
WP_063419353.1	lcl|P18770-3.A.1.109.2	39.6	71.6	98.3	714	5.59e-150	461
WP_063419353.1	lcl|A3DCU1-3.A.1.112.9	34.5	58.7	78.7	577	1.58e-91	306
WP_063419353.1	lcl|F0R9C2-3.A.1.112.10	34.5	56.8	77.1	559	3.51e-89	300
WP_063419353.1	lcl|Q00564-3.A.1.112.3	32.3	57.3	77.9	563	7.66e-87	293
WP_063419353.1	lcl|Q8G7R7-3.A.1.106.3	32.7	57.4	93.5	565	1.26e-82	279
WP_063419353.1	lcl|A4XGX1-3.A.1.135.10	32.1	59.2	94.3	582	4.55e-82	278
WP_063419353.1	lcl|Q88RG3-3.A.1.109.3	32.8	55.9	76.0	549	6.25e-81	277
WP_063419353.1	lcl|Q2G2M9-3.A.1.106.2	34.0	54.6	93.9	544	2.11e-77	264
WP_063419353.1	lcl|Q72J05-3.A.1.106.18	35.8	50.5	83.7	505	2.58e-77	264
WP_063419353.1	lcl|B5E244-3.A.1.112.5	29.7	59.7	81.6	589	8.31e-76	263
WP_063419353.1	lcl|Q9WYC4-3.A.1.135.5	33.6	56.6	92.5	560	2.21e-75	259
WP_063419353.1	lcl|Q03727-3.A.1.112.1	31.4	57.1	77.5	561	1.45e-74	259
WP_063419353.1	lcl|Q10418-3.A.1.112.8	28.0	62.9	85.5	622	1.59e-74	259
WP_063419353.1	lcl|Q72J04-3.A.1.106.18	31.1	57.5	96.9	570	8.37e-73	251
WP_063419353.1	lcl|D5AL45-3.A.1.210.15	33.9	56.6	91.2	567	8.16e-71	246
WP_063419353.1	lcl|Q9GTN7-3.A.1.201.40	33.7	49.0	27.5	484	1.89e-69	253
WP_063419353.1	lcl|A4QD95-3.A.1.106.4	32.2	54.6	42.9	544	7.12e-69	250
WP_063419353.1	lcl|Q0WML0-3.A.1.201.8	32.8	52.2	79.8	519	1.33e-68	241
WP_063419353.1	lcl|Q9WYC3-3.A.1.135.5	35.4	40.9	68.6	404	5.55e-68	238
WP_063419353.1	lcl|P36497-3.A.1.112.2	31.1	56.3	76.2	559	8.08e-68	241
WP_063419353.1	lcl|P73239-3.A.1.106.14	32.6	55.4	93.3	565	2.03e-67	236
WP_063419353.1	lcl|O07550-3.A.1.106.8	31.5	49.7	83.4	495	2.34e-67	236
WP_063419353.1	lcl|Q837P4-3.A.1.135.8	31.8	50.5	84.4	500	1.69e-66	234
WP_063419370.1	lcl|Q9I3V8-3.A.1.103.6	50.6	53.4	57.6	249	3.21e-74	239
WP_063419370.1	lcl|O70098-3.A.1.103.11	44.4	53.7	56.8	250	2.36e-68	224
WP_063419370.1	lcl|P72884-3.A.1.103.5	44.0	52.8	59.8	259	2.31e-63	211
WP_063419370.1	lcl|Q48476-3.A.1.103.1	38.8	52.2	98.0	242	9.25e-62	201
WP_063419370.1	lcl|Q1D3I3-3.A.1.103.4	46.0	43.5	46.2	202	2.20e-61	206
WP_063419370.1	lcl|Q50863-3.A.1.103.3	46.0	43.5	46.2	202	2.20e-61	206
WP_063419370.1	lcl|P42954-3.A.1.104.1	38.2	53.0	45.0	246	5.07e-55	191
WP_063419370.1	lcl|D1GQ17-3.A.1.104.2	32.1	53.7	91.3	249	1.51e-47	164
WP_063419370.1	lcl|P72047-3.A.1.103.10	32.8	49.6	85.0	232	4.59e-41	147
WP_063419370.1	lcl|Q6E7E8-3.A.1.103.2	35.3	40.3	57.7	187	2.20e-37	139
WP_063419370.1	lcl|B3FHE0-3.A.1.101.3	33.5	44.0	93.5	206	1.52e-35	130
WP_063419370.1	lcl|P24586-3.A.1.101.1	32.8	39.4	80.8	183	6.05e-29	113
WP_063419370.1	lcl|A8GZV2-3.A.1.132.5	35.2	40.3	64.2	199	2.27e-24	102
WP_063419370.1	lcl|Q52900-3.A.1.132.2	31.2	40.3	64.1	205	2.46e-20	90.9
WP_063419370.1	lcl|G2SET5-3.A.1.132.14	31.0	41.6	81.8	203	3.23e-20	89.4
WP_063419370.1	lcl|KAI7259335.1-3.A.1.29.2	28.0	41.8	18.0	207	1.49e-19	91.7
WP_063419370.1	lcl|P0A4W2-3.A.1.6.3	28.0	42.9	59.5	211	1.69e-18	86.3
WP_063419370.1	lcl|Q70J75-3.A.1.105.3	28.2	41.6	63.1	206	2.26e-18	85.5
WP_063419370.1	lcl|P46903-3.A.1.115.1	23.5	39.7	79.7	196	3.21e-18	83.6
WP_063419370.1	lcl|Q8WWZ4-3.A.1.211.17	30.2	40.7	13.2	205	3.75e-18	87.4
WP_063419370.1	lcl|HCO29004-3.A.1.158.4	26.2	39.7	84.5	195	4.10e-18	82.8
WP_063419370.1	lcl|B5YBB1-3.A.1.151.2	28.1	39.4	78.2	192	7.10e-18	82.4
WP_063419370.1	lcl|O94911-3.A.1.211.6	30.7	40.7	12.5	199	8.85e-18	86.3
WP_063419370.1	lcl|Q5M243-3.A.1.25.6	26.6	49.6	86.6	244	9.64e-18	82.8
WP_063419370.1	lcl|O30385-3.A.1.132.12	29.4	39.4	58.9	197	1.02e-17	83.6
WP_063419371.1	lcl|GAD20700.1-3.A.1.103.7	45.6	94.9	98.5	259	2.22e-74	227
WP_063419371.1	lcl|Q9HTB8-3.A.1.103.6	30.1	97.4	99.6	272	1.18e-33	122
WP_063419371.1	lcl|O70068-3.A.1.103.11	28.7	94.9	98.5	261	1.05e-27	107
WP_063419371.1	lcl|Q1D3I2-3.A.1.103.4	27.7	96.7	99.2	267	2.17e-23	95.5
WP_063419371.1	lcl|Q50862-3.A.1.103.3	27.7	96.7	99.2	267	2.17e-23	95.5
WP_063419371.1	lcl|P72880-3.A.1.103.5	27.7	94.9	92.0	264	2.89e-23	95.5
WP_063419371.1	lcl|O67182-3.A.1.103.9	25.0	91.9	97.7	252	2.80e-22	92.4
WP_063419371.1	lcl|Q48475-3.A.1.103.1	24.5	93.0	95.0	257	2.80e-19	84.3
WP_063419371.1	lcl|D1GQ18-3.A.1.104.2	24.9	76.9	77.0	221	1.84e-06	47.8
WP_063419371.1	lcl|P0AFN6-3.A.1.105.17	26.0	69.6	75.0	200	5.86e-05	43.1
WP_063419387.1	lcl|Q7VYU0-1.A.43.1.17	37.2	89.3	86.7	121	4.95e-11	55.8
WP_063419387.1	lcl|P37002-1.A.43.1.1	34.3	79.4	80.3	105	1.08e-08	49.7
WP_063419387.1	lcl|F0LJH3-1.A.43.1.7	36.2	71.8	77.1	94	2.51e-08	48.5
WP_063419387.1	lcl|C7P777-1.A.43.1.4	30.4	84.0	85.5	112	5.69e-07	45.1
WP_063419387.1	lcl|F6CB17-1.A.43.1.14	26.2	84.0	88.7	122	1.11e-06	44.3
WP_063419387.1	lcl|C7CD71-1.A.43.1.18	26.9	81.7	85.2	108	4.09e-05	40.0
WP_063419387.1	lcl|Q18FV1-1.A.43.1.9	28.4	61.8	65.5	81	4.96e-05	39.7
WP_063419388.1	lcl|F0LJH3-1.A.43.1.7	32.2	82.3	100	118	5.44e-13	60.5
WP_063419388.1	lcl|C7P777-1.A.43.1.4	33.7	64.5	76.6	95	3.09e-09	50.8
WP_063419388.1	lcl|C7CD71-1.A.43.1.18	31.9	80.6	95.1	116	3.17e-08	48.1
WP_063419388.1	lcl|Q23G77-1.A.43.2.1	40.3	50.0	21.5	67	7.17e-08	48.9
WP_063419388.1	lcl|Q3B199-1.A.43.1.6	41.8	40.3	42.6	55	7.29e-07	44.7
WP_063419388.1	lcl|S9W181-1.A.43.2.3	39.2	66.1	30.6	97	1.18e-06	45.4
WP_063419388.1	lcl|E0TB42-1.A.43.1.5	33.6	79.8	64.0	116	6.37e-06	42.7
WP_063419388.1	lcl|P37002-1.A.43.1.1	29.7	56.5	68.5	91	7.24e-06	42.0
WP_063419388.1	lcl|Q7SB51-1.A.43.2.6	31.3	88.7	24.5	131	8.36e-06	43.1
WP_063419388.1	lcl|W2RJE2-1.A.43.2.9	38.7	46.0	13.5	62	1.52e-05	42.4
WP_063419388.1	lcl|O07591-1.A.43.1.2	32.1	64.5	63.4	84	5.53e-05	39.7
WP_063419388.1	lcl|M0ERE7-1.A.43.1.15	27.5	82.3	69.2	102	1.09e-04	38.9
WP_063419388.1	lcl|F6CB17-1.A.43.1.14	29.3	50.8	66.1	82	5.00e-04	37.0
WP_063419389.1	lcl|A2C579-1.A.26.1.6	80.9	98.3	99.1	465	6.03e-225	625
WP_063419389.1	lcl|Q5SMG8-1.A.26.1.2	39.7	93.7	98.7	446	1.58e-82	261
WP_063419389.1	lcl|Q45121-1.A.26.1.1	42.2	66.2	99.4	315	4.51e-72	230
WP_063419389.1	lcl|O34442-1.A.26.1.3	33.8	91.1	94.9	432	8.30e-59	199
WP_063419389.1	lcl|Q8EAE0-1.A.26.1.7	25.9	95.3	98.7	452	2.04e-42	155
WP_063419389.1	lcl|Q52398-1.A.26.1.4	30.2	59.4	78.4	281	6.44e-35	133
WP_063419389.1	lcl|O26717-1.A.26.1.5	28.7	63.4	94.2	300	1.71e-28	114
WP_063419389.1	lcl|5IIP_A-3.A.1.12.16	31.0	20.9	49.0	100	6.61e-08	52.4
WP_063419389.1	lcl|Q45460-3.A.1.12.3	26.2	25.6	30.7	122	1.24e-05	47.0
WP_063419389.1	lcl|P74477-2.A.49.6.1	28.6	24.5	12.6	119	3.76e-04	42.7
WP_063419389.1	lcl|O34992-3.A.1.12.4	26.2	25.6	30.8	122	6.33e-04	41.6
WP_063419407.1	lcl|F4ISL7-9.B.121.6.11	27.7	21.3	14.8	325	3.08e-16	84.7
WP_063419412.1	lcl|P46444-3.D.3.5.6	46.6	98.3	95.7	133	4.16e-32	109
WP_063419414.1	lcl|Q9FI56-3.A.9.1.2	46.4	98.8	86.9	872	3.62e-245	710
WP_063419414.1	lcl|Q9SXJ7-3.A.9.1.2	45.4	98.8	84.9	872	2.45e-240	698
WP_063419414.1	lcl|Q74G19-3.A.23.5.1	44.0	80.6	77.7	702	3.08e-173	523
WP_063419414.1	lcl|Q6EE14-3.A.23.2.1	38.3	97.8	96.4	873	2.03e-165	503
WP_063419414.1	lcl|Q9KN49-3.A.23.1.1	38.8	95.8	94.8	852	1.84e-162	495
WP_063419414.1	lcl|R9RFN6-3.A.23.4.1	34.8	97.0	94.4	871	2.84e-139	435
WP_063419414.1	lcl|Q8IM28-3.A.26.1.1	30.5	80.2	60.7	823	1.05e-105	355
WP_063419421.1	lcl|WP_134487873.1-9.B.398.1.4	34.3	80.1	81.1	143	1.22e-12	62.4
WP_063419421.1	lcl|AOV16085.1-9.B.398.1.5	36.0	77.8	79.8	139	3.20e-12	61.2
WP_063419421.1	lcl|WP_067207405.1-9.B.398.1.2	31.0	72.2	79.2	129	1.32e-09	53.9
WP_063419421.1	lcl|NEV64173.1-9.B.398.1.6	31.5	71.0	39.2	127	6.44e-09	53.5
WP_063419421.1	lcl|WP_015325473.1-9.B.398.1.3	24.4	69.9	87.1	123	2.55e-08	50.1
WP_063419424.1	lcl|Q0ZAI3-2.A.19.5.2	36.2	84.3	97.5	318	3.67e-48	165
WP_063419424.1	lcl|P45394-2.A.19.5.1	32.3	85.9	98.8	325	1.98e-44	155
WP_063419424.1	lcl|Q57556-2.A.19.5.3	31.9	82.7	95.0	310	1.70e-34	128
WP_063419424.1	lcl|Q8TPA6-2.A.19.5.4	29.1	83.7	96.9	347	6.25e-33	125
WP_063419424.1	lcl|C3ZMW2-2.A.19.4.12	21.8	79.7	23.5	358	7.71e-13	69.7
WP_063419424.1	lcl|Q28139-2.A.19.4.1	29.9	43.9	13.3	164	3.99e-11	64.3
WP_063419424.1	lcl|O60721-2.A.19.4.9	28.9	46.1	15.6	173	5.18e-11	63.9
WP_063419424.1	lcl|Q8NFF2-2.A.19.4.5	34.5	30.6	18.3	116	4.05e-10	60.8
WP_063419424.1	lcl|Q9HC58-2.A.19.4.10	31.9	30.6	17.2	113	4.18e-10	60.8
WP_063419424.1	lcl|O54701-2.A.19.4.2	28.7	46.6	27.8	188	9.97e-10	59.7
WP_063419424.1	lcl|Q9UI40-2.A.19.4.11	29.3	44.7	27.1	181	1.32e-09	59.3
WP_063419424.1	lcl|Q8T8P0-2.A.19.4.3	31.2	37.4	20.7	138	1.74e-09	58.9
WP_063419424.1	lcl|O59940-2.A.19.2.8	25.1	50.1	42.2	191	1.82e-09	58.5
WP_063419424.1	lcl|Q71RS6-2.A.19.4.6	28.3	30.6	22.2	113	1.87e-07	52.4
WP_063419424.1	lcl|F0XY52-2.A.19.4.13	31.9	19.5	11.6	72	1.97e-06	49.3
WP_063419424.1	lcl|O04034-2.A.19.4.8	23.6	40.7	28.6	157	7.63e-06	47.4
WP_063419424.1	lcl|Q99385-2.A.19.2.2	24.1	56.9	57.7	237	1.53e-05	46.2
WP_063419424.1	lcl|O16242-2.A.19.4.14	24.0	38.5	21.8	146	2.50e-05	45.8
WP_063419424.1	lcl|Q9UPR5-2.A.19.3.5	36.8	22.8	8.8	87	4.77e-05	45.1
WP_063419424.1	lcl|P32418-2.A.19.3.4	36.5	22.8	8.3	85	1.47e-04	43.5
WP_063419424.1	lcl|Q93Z81-2.A.19.2.5	19.9	72.9	66.0	311	1.55e-04	43.1
WP_063419424.1	lcl|P57103-2.A.19.3.3	35.2	22.8	8.7	88	1.92e-04	43.1
WP_063419424.1	lcl|O18367-2.A.19.3.2	25.4	40.9	17.6	177	1.93e-04	43.1
WP_063419424.1	lcl|P48765-2.A.19.3.1	36.5	22.8	8.4	85	2.56e-04	42.7
WP_063419424.1	lcl|Q6J4K2-2.A.19.4.4	26.6	38.5	23.8	143	2.99e-04	42.4
WP_063419426.1	lcl|Q9FWR4-1.A.12.2.1	24.4	48.2	85.9	201	3.00e-13	68.2
WP_063419428.1	lcl|XP_026692289.1-8.A.132.1.5	23.8	69.7	37.4	341	8.70e-24	104
WP_063419431.1	lcl|RZD32576-1.A.115.1.2	34.5	55.7	58.6	171	7.45e-14	69.7
WP_063419431.1	lcl|WP_106247303.1-1.A.115.1.3	28.6	68.0	65.2	206	1.28e-11	63.5
WP_063419431.1	lcl|WP_062382148.1-1.A.115.1.5	29.0	72.3	78.8	221	1.30e-08	54.3
WP_063419431.1	lcl|P40471-1.A.115.1.1	27.1	63.0	59.3	192	3.12e-08	53.5
WP_063419443.1	lcl|P0A998-1.A.155.1.3	24.1	82.3	95.8	158	2.81e-12	61.6
WP_063419451.1	lcl|P74127-3.A.1.10.2	46.1	86.9	86.1	317	1.03e-89	273
WP_063419451.1	lcl|Q5SHV0-3.A.1.10.6	41.6	98.6	97.1	356	5.01e-77	240
WP_063419451.1	lcl|Q82VN5-3.A.1.10.4	46.4	69.6	68.5	248	1.44e-68	218
WP_063419451.1	lcl|P44513-3.A.1.10.3	36.5	92.0	93.5	337	1.20e-63	206
WP_063419451.1	lcl|Q8TZQ3-3.A.1.1.16	42.7	66.5	64.1	241	5.92e-61	199
WP_063419451.1	lcl|Q3MAR5-3.A.1.11.10	43.1	62.5	58.0	225	2.40e-59	195
WP_063419451.1	lcl|P0A4W2-3.A.1.6.3	44.9	67.6	66.6	243	2.50e-58	192
WP_063419451.1	lcl|Q53VZ4-3.A.1.20.5	38.1	85.5	86.4	320	2.04e-57	190
WP_063419451.1	lcl|Q6QJE1-3.A.1.6.7	41.9	68.8	52.0	246	2.65e-57	192
WP_063419451.1	lcl|C1CWI3-3.A.1.19.5	43.9	68.5	71.7	246	6.14e-57	187
WP_063419451.1	lcl|P31134-3.A.1.11.2	39.1	67.6	62.3	243	1.52e-55	185
WP_063419451.1	lcl|P77795-3.A.1.11.9	43.1	69.0	71.2	248	2.13e-55	184
WP_063419451.1	lcl|Q97UY8-3.A.1.1.13	44.5	62.8	64.3	227	9.00e-55	182
WP_063419451.1	lcl|O54370-3.A.1.20.1	40.4	62.5	59.1	225	3.01e-54	182
WP_063419451.1	lcl|Q72L52-3.A.1.1.24	39.3	66.5	61.4	239	6.71e-53	178
WP_063419451.1	lcl|Q72L52-3.A.1.1.25	39.3	66.5	61.4	239	6.71e-53	178
WP_063419451.1	lcl|Q9KLQ5-3.A.1.20.2	38.2	70.7	70.1	254	7.14e-53	177
WP_063419451.1	lcl|Q97UF2-3.A.1.1.14	38.2	68.2	66.3	246	8.35e-53	178
WP_063419451.1	lcl|P21410-3.A.1.10.1	39.9	78.7	81.7	283	8.61e-53	177
WP_063419451.1	lcl|P69874-3.A.1.11.1	40.9	62.5	58.5	225	2.73e-52	177
WP_063419451.1	lcl|H2JXL6-3.A.1.19.3	38.6	79.3	82.6	285	2.88e-52	176
WP_063419451.1	lcl|Q9AI63-3.A.1.1.12	39.7	65.3	63.1	237	4.34e-52	176
WP_063419451.1	lcl|D4GP38-3.A.1.1.56	38.2	71.9	67.4	267	1.19e-51	175
WP_063419451.1	lcl|Q9KWT9-3.A.1.1.10	41.4	61.1	59.5	220	1.46e-51	174
WP_063419451.1	lcl|M4VBR2-3.A.1.20.4	38.8	63.9	94.7	232	1.87e-51	171
WP_063419460.1	lcl|G2GUD4-9.B.124.1.4	32.8	91.7	89.2	116	3.10e-16	68.6
WP_063419460.1	lcl|P64591-9.B.124.1.2	36.4	84.3	80.2	99	3.17e-14	63.2
WP_063419460.1	lcl|G8UJK3-9.B.124.1.7	32.1	86.1	33.2	112	1.62e-13	64.3
WP_063419460.1	lcl|D1BTK6-9.B.124.1.6	38.1	80.6	73.9	105	3.03e-12	58.5
WP_063419460.1	lcl|P64592-9.B.124.1.1	34.7	87.0	77.1	98	5.18e-12	57.4
WP_063419460.1	lcl|H0KI06-9.B.124.1.3	35.7	87.0	69.5	98	2.74e-10	53.1
WP_063419460.1	lcl|H3MNZ0-9.B.124.1.8	29.8	83.3	47.1	94	5.17e-08	48.1
WP_063419461.1	lcl|OXN28687-2.A.57.3.3	28.6	38.2	23.9	185	4.91e-06	48.5
WP_063419478.1	lcl|K0J2V5-2.A.27.1.5	37.9	87.2	90.1	430	1.25e-77	249
WP_063419478.1	lcl|B1XKD9-2.A.27.2.1	35.0	87.4	90.2	434	1.93e-68	225
WP_063419478.1	lcl|M1QJN9-2.A.27.2.2	32.5	87.4	91.8	437	1.69e-62	209
WP_063419478.1	lcl|Q9HZ58-2.A.27.1.3	29.1	46.9	52.0	223	1.04e-07	53.5
WP_063419482.1	lcl|WP_224341048.1-8.A.192.1.5	45.5	97.8	97.9	330	2.94e-91	275
WP_063419482.1	lcl|MBA24612.1-8.A.192.1.4	26.5	92.5	94.9	370	8.10e-38	137
WP_063419482.1	lcl|P25294-3.A.16.1.6	27.4	87.1	93.8	336	1.04e-26	107
WP_063419482.1	lcl|P25491-8.A.192.1.6	26.7	92.5	84.4	374	3.75e-22	95.5
WP_063419482.1	lcl|KAF9150406.1-8.A.192.1.2	24.6	91.5	90.7	370	4.24e-18	83.6
WP_063419482.1	lcl|XP_006763275.1-8.A.192.1.3	58.2	20.7	28.8	67	1.28e-17	80.1
WP_063419482.1	lcl|Q9NXW2-1.P.1.1.1	41.0	37.9	28.0	122	1.42e-17	82.0
WP_063419482.1	lcl|P40564-3.A.30.1.1	43.7	32.3	23.1	103	1.16e-16	79.7
WP_063419482.1	lcl|P60904-8.A.192.1.1	50.0	20.1	32.3	64	1.64e-16	76.3
WP_063419482.1	lcl|Q8TBM8-1.P.1.1.1	34.6	41.7	30.9	133	1.22e-13	70.5
WP_063419482.1	lcl|Q8IEC8-3.A.5.9.4	40.9	20.7	10.1	66	2.73e-10	60.8
WP_063419482.1	lcl|OLP90381.1-9.B.440.1.6	42.9	20.4	5.8	70	1.37e-09	58.9
WP_063419482.1	lcl|P14906-3.A.5.8.1	34.7	20.7	10.9	72	1.47e-06	49.3
WP_063419482.1	lcl|Q9UGP8-3.A.5.9.1	35.7	21.3	8.7	70	3.59e-06	48.1
WP_063419482.1	lcl|F4IVL6-8.A.192.2.4	47.7	13.8	1.6	44	1.23e-04	43.5
WP_063419483.1	lcl|Q8YMZ3-3.A.1.1.52	51.2	84.8	88.0	381	7.26e-112	334
WP_063419483.1	lcl|Q8NMV1-3.A.1.1.45	45.8	93.3	98.1	402	1.13e-96	293
WP_063419483.1	lcl|Q8TZQ3-3.A.1.1.16	44.8	92.8	97.6	397	1.06e-95	291
WP_063419483.1	lcl|P10907-3.A.1.1.3	42.9	94.0	98.6	392	5.46e-95	288
WP_063419483.1	lcl|O53482-3.A.1.1.61	44.3	94.5	99.4	400	2.25e-94	287
WP_063419483.1	lcl|WP_022543180.1-3.A.1.1.53	44.2	92.8	97.6	403	4.20e-94	287
WP_063419483.1	lcl|Q8YVZ3-3.A.1.1.52	43.7	91.1	94.8	382	4.76e-93	284
WP_063419483.1	lcl|O30494-3.A.1.1.49	41.4	94.9	98.4	399	1.39e-92	283
WP_063419483.1	lcl|P96483-3.A.1.1.23	44.8	92.8	97.3	402	2.67e-92	282
WP_063419483.1	lcl|Q88P35-3.A.1.1.30	40.7	97.1	97.9	410	1.86e-91	280
WP_063419483.1	lcl|Q9KWT9-3.A.1.1.10	44.4	88.7	94.2	374	3.10e-90	276
WP_063419483.1	lcl|Q9AI63-3.A.1.1.12	41.7	94.5	97.8	398	3.73e-90	276
WP_063419483.1	lcl|Q72L52-3.A.1.1.24	42.6	95.9	98.4	406	4.62e-90	276
WP_063419483.1	lcl|Q72L52-3.A.1.1.25	42.6	95.9	98.4	406	4.62e-90	276
WP_063419483.1	lcl|Q9Z3R9-3.A.1.1.8	41.2	94.2	99.2	396	1.20e-89	275
WP_063419483.1	lcl|P68187-3.A.1.1.1	42.9	94.2	97.3	399	2.23e-89	275
WP_063419483.1	lcl|Q9L0Q1-3.A.1.1.33	43.5	92.8	97.4	402	5.52e-89	274
WP_063419483.1	lcl|Q9L0Q1-3.A.1.1.36	43.5	92.8	97.4	402	5.52e-89	274
WP_063419483.1	lcl|Q55035-3.A.1.1.32	42.4	92.8	97.5	396	1.24e-86	267
WP_063419483.1	lcl|O50454-3.A.1.1.31	47.9	77.8	73.8	326	4.32e-86	267
WP_063419483.1	lcl|Q01937-3.A.1.1.4	41.3	94.5	99.7	400	4.93e-86	266
WP_063419483.1	lcl|O32151-3.A.1.1.34	41.3	90.4	94.8	383	1.57e-85	265
WP_063419483.1	lcl|D4GP39-3.A.1.1.56	45.0	87.2	86.9	367	2.54e-85	265
WP_063419483.1	lcl|Q92T01-3.A.1.1.58	40.8	94.5	94.3	392	1.76e-83	259
WP_063419483.1	lcl|P94360-3.A.1.1.26	40.5	94.0	98.9	398	5.20e-83	258
WP_063419488.1	lcl|P9WQK3-3.A.1.120.8	40.9	80.4	93.5	531	1.49e-123	377
WP_063419488.1	lcl|P43672-3.A.1.120.6	37.5	81.1	82.4	533	7.27e-107	336
WP_063419488.1	lcl|Q2PGB8-3.A.1.120.5	33.1	81.7	82.4	537	1.43e-70	239
WP_063419488.1	lcl|AGN74890.1-3.A.1.120.7	31.9	80.2	97.1	558	8.51e-68	231
WP_063419488.1	lcl|Q83XH1-9.B.325.1.1	30.2	78.1	91.8	516	2.06e-66	227
WP_063419488.1	lcl|ANC59923.1-3.A.1.211.25	29.7	81.1	82.5	549	5.07e-65	225
WP_063419488.1	lcl|Q9NUQ8-3.A.1.121.9	30.9	81.0	73.3	540	8.13e-63	221
WP_063419488.1	lcl|Q53762-3.A.1.120.1	32.0	76.7	94.5	535	3.89e-58	204
WP_063419488.1	lcl|Q53712-3.A.1.120.3	33.1	75.8	89.6	529	5.61e-58	204
WP_063419488.1	lcl|Q9UG63-3.A.1.121.11	29.1	81.4	83.1	543	7.77e-58	205
WP_063419488.1	lcl|Q389P2-3.A.1.121.7	29.2	80.1	75.0	534	5.28e-57	204
WP_063419488.1	lcl|Q60248-3.A.1.120.4	30.8	76.7	94.6	539	9.70e-56	198
WP_063419488.1	lcl|Q8NE71-3.A.1.121.8	29.1	79.0	60.4	539	7.35e-55	200
WP_063419488.1	lcl|P25256-3.A.1.120.2	30.9	77.9	95.8	554	4.14e-53	191
WP_063419488.1	lcl|Q20306-3.A.1.211.24	30.0	79.1	71.2	537	5.29e-53	193
WP_063419488.1	lcl|Q9FJH6-3.A.1.121.10	28.6	79.0	84.2	528	1.19e-51	187
WP_063419488.1	lcl|P39115-3.A.1.121.3	25.3	80.1	87.8	554	1.67e-43	164
WP_063419488.1	lcl|B7TGT5-3.A.1.121.5	29.2	57.2	74.5	411	3.53e-42	159
WP_063419488.1	lcl|O54396-3.A.1.121.2	24.1	78.2	84.4	539	3.47e-41	157
WP_063419488.1	lcl|Q65AB2-3.A.1.121.6	25.0	76.7	94.5	540	7.49e-40	152
WP_063419488.1	lcl|P23212-3.A.1.121.1	25.5	54.8	76.8	400	3.92e-26	112
WP_063419488.1	lcl|O34362-3.A.1.30.1	25.1	75.9	85.6	514	3.42e-25	109
WP_063419488.1	lcl|Q9KXJ6-3.A.1.32.1	25.8	76.2	88.5	531	2.04e-23	104
WP_063419488.1	lcl|WP_109207851-3.A.1.32.4	26.9	77.0	86.8	547	2.72e-22	100
WP_063419488.1	lcl|CCM69331-3.A.1.5.49	23.6	73.9	84.5	522	1.77e-21	98.2
WP_063419506.1	lcl|Q45064-9.B.31.1.2	31.3	93.6	96.4	192	2.91e-23	91.7
WP_063419506.1	lcl|P60782-9.B.31.1.1	33.3	92.6	89.8	189	3.23e-20	84.0
WP_063419512.1	lcl|Q9C5J8-1.B.33.2.2	27.3	87.5	78.0	673	3.61e-65	230
WP_063419512.1	lcl|GAQ84256.1-1.B.33.2.6	26.3	87.5	79.7	696	7.41e-45	172
WP_063419512.1	lcl|C9LSC3-1.B.33.2.3	26.5	87.2	84.8	675	6.94e-34	137
WP_063419512.1	lcl|WP_285055914.1-1.B.33.2.8	22.6	86.4	80.9	667	1.35e-32	134
WP_063419512.1	lcl|Q43715-1.B.33.2.1	23.1	82.1	75.3	696	3.48e-24	108
WP_063419512.1	lcl|Q9K1H0-1.B.33.1.1	22.9	29.2	26.7	227	4.65e-10	62.8
WP_063419512.1	lcl|WP_073164657.1-1.B.33.1.6	29.2	16.8	22.3	144	1.09e-08	58.2
WP_063419512.1	lcl|Q9a711-1.B.33.1.4	25.5	18.9	18.9	149	3.85e-06	50.1
WP_063419512.1	lcl|P0A943-1.B.33.1.3	25.5	19.9	18.8	157	1.04e-04	45.4
WP_063419512.1	lcl|PKL80862.1-1.B.33.4.9	26.5	23.6	17.8	185	7.17e-04	42.7
WP_063419516.1	lcl|AIE75112-9.B.238.3.6	54.9	91.8	98.9	650	2.64e-228	649
WP_063419516.1	lcl|WP_064329934.1-9.B.238.3.2	28.7	44.4	51.7	307	4.08e-24	106
WP_063419516.1	lcl|WP_018128393.1-9.B.238.3.1	27.6	43.2	49.5	304	1.72e-22	101
WP_063419516.1	lcl|GIM07801.1-3.E.1.5.3	30.4	39.9	11.2	276	3.79e-22	102
WP_063419516.1	lcl|MAS05117.1-9.B.34.1.7	29.4	37.7	29.4	265	4.48e-20	94.7
WP_063419516.1	lcl|Q9C5U0-9.B.238.3.7	26.6	36.8	27.1	297	2.90e-19	92.4
WP_063419516.1	lcl|OHA58142.1-9.B.259.2.2	25.9	44.1	39.7	309	7.89e-18	87.4
WP_063419516.1	lcl|Q9HV74-2.A.21.9.1	25.1	44.8	30.0	327	3.46e-13	72.8
WP_063419516.1	lcl|WP_161837784-9.B.238.3.3	24.2	35.5	28.4	248	4.01e-13	72.4
WP_063419516.1	lcl|PJA07603.1-9.B.259.2.3	27.2	38.5	30.9	283	9.46e-13	71.2
WP_063419516.1	lcl|WP_013898827.1-9.B.259.2.1	24.1	19.9	24.1	137	4.15e-04	43.1
WP_063419531.1	lcl|WP_087280510.1-2.A.128.2.3	24.5	46.3	31.9	237	4.89e-08	55.1
WP_063419547.1	lcl|P07001-3.D.2.1.1	29.8	81.0	63.3	329	1.24e-28	116
WP_063419547.1	lcl|P0C186-3.D.2.2.1	28.8	92.6	98.2	385	2.28e-25	105
WP_063419547.1	lcl|Q72GR8-3.D.2.2.2	29.5	81.8	86.4	332	2.51e-24	102
WP_063419547.1	lcl|P11024-3.D.2.3.1	28.2	84.2	31.2	348	1.44e-23	102
WP_063419547.1	lcl|Q07600-3.D.2.4.1	21.5	93.4	36.8	381	6.68e-09	57.4
WP_063419549.1	lcl|BAK19943-3.A.2.1.10	53.8	34.4	31.7	52	4.21e-11	57.4
WP_063419551.1	lcl|P0ABG4-2.A.103.1.1	36.2	81.2	82.9	343	2.37e-51	177
WP_063419551.1	lcl|P07373-2.A.103.1.3	33.5	80.5	92.6	340	1.19e-49	171
WP_063419551.1	lcl|P0ABG7-2.A.103.1.2	36.8	68.2	77.3	291	1.24e-39	145
WP_063419551.1	lcl|X2BJI2-2.A.103.1.4	30.7	82.4	66.2	349	1.70e-35	136
WP_063419551.1	lcl|Q9ZBA6-2.A.103.1.9	33.7	85.1	79.2	365	1.89e-35	135
WP_063419551.1	lcl|H2J7Z5-2.A.103.1.6	32.0	65.3	70.1	281	1.23e-26	109
WP_063419551.1	lcl|Q83MP3-2.A.103.1.7	27.3	75.2	73.9	344	1.66e-19	89.7
WP_063419551.1	lcl|D3DFC8-2.A.103.1.5	29.1	60.5	69.5	261	1.30e-18	86.3
WP_063419551.1	lcl|WP_076734059.1-2.A.103.1.10	22.9	82.4	95.0	407	5.49e-16	79.0
WP_063419551.1	lcl|F4CH44-2.A.103.1.8	31.2	61.9	71.2	276	1.39e-15	77.4
WP_063419551.1	lcl|WP_082139284.1-2.A.103.1.11	24.2	64.8	58.4	269	1.58e-07	52.8
WP_063419562.1	lcl|WP_224341048.1-8.A.192.1.5	40.3	34.3	21.2	72	6.81e-09	54.3
WP_063419562.1	lcl|XP_006763275.1-8.A.192.1.3	43.8	30.5	27.5	64	1.07e-08	53.1
WP_063419562.1	lcl|OLP90381.1-9.B.440.1.6	39.0	34.8	6.4	77	8.01e-08	51.6
WP_063419562.1	lcl|Q9NXW2-1.P.1.1.1	38.5	31.0	16.8	65	6.52e-07	48.5
WP_063419562.1	lcl|Q8TBM8-1.P.1.1.1	33.8	35.2	19.0	74	1.19e-06	47.8
WP_063419562.1	lcl|KAF9150406.1-8.A.192.1.2	36.6	33.8	18.6	71	7.05e-06	45.4
WP_063419562.1	lcl|P25491-8.A.192.1.6	40.3	29.5	14.7	62	1.32e-05	44.7
WP_063419562.1	lcl|Q8IEC8-3.A.5.9.4	38.7	29.5	9.4	62	1.19e-04	42.0
WP_063419562.1	lcl|P25294-3.A.16.1.6	33.9	29.5	16.5	62	1.77e-04	41.2
WP_063419566.1	lcl|A1S2A8-2.A.21.3.8	26.8	98.8	98.8	628	1.12e-41	158
WP_063419566.1	lcl|P96169-2.A.21.3.2	28.0	78.6	85.6	493	2.47e-31	127
WP_063419566.1	lcl|Q8AAV7-2.A.21.3.19	25.3	77.9	81.9	491	6.55e-24	105
WP_063419566.1	lcl|P31639-2.A.21.3.16	25.5	77.2	70.4	495	2.52e-20	94.7
WP_063419566.1	lcl|P31639-2.A.1.7.26	25.5	77.2	70.4	495	2.52e-20	94.7
WP_063419566.1	lcl|Q2A687-2.A.21.3.22	24.7	77.2	71.0	507	1.68e-18	89.0
WP_063419566.1	lcl|A0PJK1-2.A.21.3.15	25.6	77.1	77.9	497	2.59e-18	88.2
WP_063419566.1	lcl|P26430-2.A.21.3.3	24.8	77.2	70.2	495	6.93e-18	87.0
WP_063419566.1	lcl|Q2A679-2.A.21.3.23	25.7	77.2	71.0	514	1.19e-17	86.3
WP_063419566.1	lcl|P31636-2.A.21.3.4	23.6	80.1	73.2	509	2.09e-17	85.5
WP_063419566.1	lcl|P13866-2.A.21.3.1	22.8	77.6	71.1	504	2.10e-17	85.5
WP_063419566.1	lcl|Q2M3M2-2.A.21.3.17	25.1	77.6	68.6	501	3.76e-17	84.7
WP_063419566.1	lcl|Q8WWX8-2.A.21.3.6	24.5	77.2	68.9	498	4.94e-17	84.3
WP_063419566.1	lcl|Q9NY91-2.A.21.3.18	22.9	80.1	73.3	510	1.38e-15	79.7
WP_063419566.1	lcl|M1TZ79-2.A.21.2.5	24.1	75.2	85.4	456	3.93e-15	77.8
WP_063419566.1	lcl|Q8ZQ35-2.A.21.3.10	23.4	77.4	88.4	483	1.24e-14	76.3
WP_063419566.1	lcl|AKR15143.1-2.A.21.3.25	24.9	77.2	71.0	493	6.81e-14	74.3
WP_063419566.1	lcl|P53794-2.A.21.3.14	24.8	77.1	65.9	500	4.65e-12	68.6
WP_063419566.1	lcl|P16256-2.A.21.1.1	24.6	76.2	88.4	475	1.02e-11	67.0
WP_063419566.1	lcl|A3UWQ1-2.A.21.3.11	22.4	74.4	70.7	455	1.62e-11	66.6
WP_063419566.1	lcl|A8H019-2.A.21.3.9	23.4	64.9	74.2	397	2.30e-11	65.9
WP_063419566.1	lcl|P31637-2.A.21.3.5	24.8	77.1	65.9	500	4.25e-11	65.5
WP_063419566.1	lcl|Q5E733-2.A.21.3.7	23.0	68.9	75.8	422	7.56e-11	64.3
WP_063419566.1	lcl|A3UWQ9-2.A.21.3.12	24.0	66.4	62.5	408	1.99e-10	63.2
WP_063419566.1	lcl|P32705-2.A.21.7.2	21.1	80.3	83.1	492	4.33e-10	62.0
WP_063419570.1	lcl|Q48L33-3.A.16.1.5	43.0	92.4	98.1	263	1.45e-50	166
WP_063419574.1	lcl|O43464-8.A.217.1.1	36.3	86.2	67.7	339	3.64e-53	182
WP_063419574.1	lcl|B2GH49-9.B.160.1.10	33.2	45.7	45.2	187	7.50e-13	68.9
WP_063419574.1	lcl|A0L9W3-2.A.102.4.10	27.9	41.8	24.1	165	3.85e-06	48.5
WP_063419585.1	lcl|A6DJZ4-9.B.145.1.2	32.6	58.2	35.7	230	3.35e-23	101
WP_063419585.1	lcl|Q7UVM4-9.B.145.1.1	37.9	41.8	34.7	174	1.99e-21	95.5
WP_063419585.1	lcl|H0R417-9.B.145.1.6	26.7	47.3	63.0	195	1.28e-10	61.6
WP_063419585.1	lcl|J3JHP8-9.B.145.1.3	30.4	41.0	36.7	171	3.89e-09	57.8
WP_063419585.1	lcl|C1B4G9-9.B.145.1.4	28.4	45.6	57.9	190	2.59e-07	51.6
WP_063419585.1	lcl|G0G9H5-9.B.145.1.5	25.5	45.1	59.4	188	1.81e-04	42.7
WP_063419586.1	lcl|Q07837-8.A.9.1.2	21.3	54.1	53.7	422	7.36e-06	48.9
WP_063419586.1	lcl|Q05839-8.A.9.1.1	20.4	37.4	39.1	294	3.80e-05	46.6
WP_063419587.1	lcl|P75683-2.A.2.3.5	26.0	96.5	89.8	450	2.07e-27	113
WP_063419587.1	lcl|P31435-2.A.2.3.4	25.5	98.7	92.0	455	3.82e-27	112
WP_063419587.1	lcl|P96792-2.A.2.3.3	24.3	96.2	86.6	449	1.25e-22	99.8
WP_063419587.1	lcl|A1S5F2-2.A.2.3.6	32.1	35.3	35.1	159	5.06e-20	91.7
WP_063419587.1	lcl|Q0HIQ0-2.A.2.3.7	23.4	96.7	86.5	444	1.54e-17	84.3
WP_063419587.1	lcl|Q8NA29-2.A.2.3.8	21.9	99.6	87.1	506	2.45e-17	84.0
WP_063419587.1	lcl|P94488-2.A.2.3.2	23.4	96.0	89.4	445	3.42e-17	83.2
WP_063419587.1	lcl|P0CE45-2.A.2.3.1	32.4	31.3	31.1	142	1.06e-16	81.6
WP_063419587.1	lcl|A7ZUZ0-2.A.2.1.1	30.9	30.2	28.8	136	2.66e-15	77.4
WP_063419587.1	lcl|Q6D188-2.A.2.5.2	24.7	96.2	83.4	470	3.91e-14	73.9
WP_063419587.1	lcl|Q745T8-2.A.2.3.12	30.2	39.9	43.2	182	2.15e-13	71.2
WP_063419587.1	lcl|Q93KC2-2.A.2.5.1	22.6	96.5	83.7	464	6.05e-11	63.9
WP_063419587.1	lcl|A6NFX1-2.A.2.3.16	21.2	96.5	85.7	467	1.86e-10	62.4
WP_063419587.1	lcl|Q9X761-2.A.2.2.3	26.0	41.5	44.8	208	4.01e-10	61.2
WP_063419587.1	lcl|B3W8U5-2.A.2.1.2	31.7	27.1	25.8	126	3.52e-07	52.0
WP_063419618.1	lcl|Q8PVB2-9.B.125.2.2	28.0	94.6	92.1	329	3.04e-23	97.8
WP_063419618.1	lcl|E3GWE8-9.B.125.2.1	30.2	45.1	47.0	159	1.89e-11	63.5
WP_063419620.1	lcl|Q9X4C0-9.B.18.1.4	48.8	80.6	42.0	203	7.27e-54	180
WP_063419620.1	lcl|H8E4X1-9.B.18.1.2	45.1	77.4	36.6	195	1.23e-45	159
WP_063419620.1	lcl|Q1CVQ2-9.B.18.1.6	44.3	79.8	39.5	201	4.14e-44	154
WP_063419620.1	lcl|WP_052176713-9.B.18.1.3	39.3	77.4	41.1	201	2.52e-34	127
WP_063419620.1	lcl|G0CIY2-9.B.18.1.1	42.0	70.6	36.0	188	1.32e-27	109
WP_063419625.1	lcl|P76221-9.B.27.1.2	28.7	60.3	54.5	129	3.17e-05	43.1
WP_063419625.1	lcl|WP_164102460.1-9.B.27.4.2	29.3	80.8	80.1	181	5.78e-04	39.3
WP_063419626.1	lcl|P72827-3.A.1.10.2	40.7	91.2	87.8	317	5.44e-79	245
WP_063419626.1	lcl|Q55835-3.A.1.10.2	37.3	92.1	91.3	322	1.42e-69	220
WP_063419626.1	lcl|Q82VN7-3.A.1.10.4	36.0	92.1	91.3	322	1.11e-57	189
WP_063419626.1	lcl|P35755-3.A.1.10.3	27.6	96.2	97.6	340	5.98e-26	105
WP_063419626.1	lcl|Q5SHV2-3.A.1.10.6	29.4	84.5	84.5	299	3.99e-25	103
WP_063419626.1	lcl|P96062-3.A.1.11.5	31.3	32.7	31.2	112	2.72e-05	45.1
WP_063419626.1	lcl|P31550-3.A.1.19.1	33.3	21.6	22.9	75	1.96e-04	42.4
WP_063419635.1	lcl|O86994-1.B.23.1.1	36.0	93.5	95.5	547	6.52e-74	243
WP_063419635.1	lcl|G6FN26-1.B.23.1.9	35.9	86.6	86.3	488	1.09e-66	224
WP_063419635.1	lcl|Q59991-1.B.23.1.2	30.8	92.6	90.6	561	6.23e-54	191
WP_063419635.1	lcl|P15730-1.B.23.1.25	28.3	88.5	89.4	527	2.82e-39	150
WP_063419635.1	lcl|E1L471-1.B.23.1.6	27.2	42.5	44.2	232	1.02e-11	66.6
WP_063419635.1	lcl|G9PU91-1.B.23.1.20	31.5	30.4	31.6	178	7.39e-09	57.8
WP_063419635.1	lcl|G0VLV3-1.B.23.1.10	34.4	17.1	21.3	96	4.46e-07	52.0
WP_063419635.1	lcl|Q25BZ4-1.B.23.1.24	35.4	17.5	22.0	96	1.01e-06	50.8
WP_063419635.1	lcl|C9LVF2-1.B.23.1.3	28.7	27.4	28.8	150	3.29e-06	49.3
WP_063419635.1	lcl|A1HRI2-1.B.23.1.4	24.3	37.6	40.8	202	5.42e-06	48.5
WP_063419635.1	lcl|E2ZDM6-1.B.23.1.7	34.0	17.1	22.5	97	6.54e-05	45.1
WP_063419637.1	lcl|P76221-9.B.27.1.2	27.3	58.7	55.7	132	3.92e-09	54.7
WP_063419640.1	lcl|RAS33480.1-8.A.229.1.2	27.5	82.4	72.7	626	1.76e-51	191
WP_063419640.1	lcl|CCI61643.1-8.A.229.1.3	25.7	80.9	75.8	595	1.92e-39	154
WP_063419646.1	lcl|Q8KPZ4-3.A.11.1.3	44.9	38.3	42.9	69	2.30e-06	45.1
WP_063419646.1	lcl|Q59652-3.A.15.2.1	29.9	62.8	69.6	117	3.64e-06	44.7
WP_063419646.1	lcl|B3F8C5-2.A.55.2.17	37.3	36.1	11.5	67	1.78e-04	40.8
WP_063419646.1	lcl|Q9XD70-3.A.15.3.1	25.4	39.4	44.1	71	3.73e-04	38.9
WP_063419672.1	lcl|Q9XIA9-4.C.1.1.14	26.4	85.4	83.9	605	2.31e-37	147
WP_063419672.1	lcl|O60488-4.C.1.1.21	25.6	85.7	79.5	610	6.01e-34	137
WP_063419672.1	lcl|P39518-4.C.1.1.15	23.9	82.2	74.5	593	4.01e-25	110
WP_063419672.1	lcl|Q42524-4.C.1.1.7	35.9	20.6	25.1	142	2.65e-21	97.8
WP_063419672.1	lcl|P69451-4.C.1.1.4	27.5	51.4	49.7	346	4.67e-21	97.1
WP_063419672.1	lcl|P31552-4.C.1.1.6	25.6	79.5	90.1	547	6.78e-21	96.3
WP_063419672.1	lcl|Q89SS6-2.A.1.42.2	24.9	58.6	28.7	397	3.01e-17	85.9
WP_063419672.1	lcl|P31119-4.C.1.1.16	31.9	26.2	24.9	185	1.00e-11	67.8
WP_063419672.1	lcl|KAB2105161.1-4.C.1.1.18	27.9	22.6	10.6	165	1.22e-08	58.2
WP_063419672.1	lcl|G4N137-4.C.1.1.19	30.6	27.9	11.7	206	1.89e-07	54.3
WP_063419672.1	lcl|O05307-4.C.1.1.3	24.4	37.5	36.7	250	2.37e-04	43.9
WP_063419672.1	lcl|O14975-4.C.1.1.5	24.5	23.2	24.5	155	9.47e-04	42.0
WP_063419676.1	lcl|P0A5C2-2.A.1.21.14	28.1	72.6	77.3	359	6.26e-17	82.4
WP_063419676.1	lcl|J8GQQ7-2.A.1.31.4	24.8	71.5	77.7	351	4.24e-15	76.6
WP_063419676.1	lcl|O31561-2.A.1.31.3	27.2	66.2	71.9	324	1.79e-14	74.7
WP_063419676.1	lcl|Q55937-2.A.1.31.2	25.5	74.9	75.7	357	2.01e-14	74.7
WP_063419676.1	lcl|OLS32076-2.A.1.31.7	25.8	66.0	61.8	322	5.34e-14	73.6
WP_063419676.1	lcl|D2SCM5-2.A.1.69.2	25.9	67.5	70.8	332	1.09e-13	72.4
WP_063419676.1	lcl|Q9X8T4-2.A.1.21.16	24.7	84.1	87.8	409	1.02e-12	69.3
WP_063419676.1	lcl|O32859-2.A.1.21.4	26.9	71.8	80.7	346	9.22e-11	63.2
WP_063419676.1	lcl|Q9X4X4-2.A.1.30.1	22.8	60.3	50.5	290	1.09e-08	57.0
WP_063419676.1	lcl|O31137-2.A.1.21.3	24.1	53.1	57.8	261	1.48e-07	53.1
WP_063419676.1	lcl|Q1IWX2-2.A.1.21.23	30.8	26.3	26.9	130	2.12e-07	52.8
WP_063419676.1	lcl|WP_067456760.1-2.A.1.30.2	23.5	65.2	71.0	310	2.55e-07	52.4
WP_063419676.1	lcl|WP_063162358.1-2.A.1.31.8	20.6	73.5	76.4	350	3.33e-06	48.9
WP_063419676.1	lcl|WP_087702834.1-2.A.1.62.4	26.7	24.6	27.1	116	5.58e-06	48.1
WP_063419676.1	lcl|AEH52936-2.A.1.21.25	22.7	74.9	81.4	362	7.51e-06	47.8
WP_063419676.1	lcl|M5D0N4-2.A.1.30.3	23.6	73.9	56.1	352	8.81e-06	47.8
WP_063419676.1	lcl|Q5WAS7-2.A.1.21.8	21.7	39.9	41.9	189	4.04e-05	45.4
WP_063419676.1	lcl|P64783-2.A.1.21.12	24.0	71.1	78.0	350	1.24e-04	43.9
WP_063419679.1	lcl|Q944H2-3.A.1.26.12	33.3	83.6	63.4	264	2.86e-30	117
WP_063419679.1	lcl|Q8Y456-3.A.1.25.8	27.1	83.2	83.4	258	1.37e-09	57.4
WP_063419679.1	lcl|Q03PY7-3.A.1.28.2	29.6	35.5	40.6	108	5.19e-07	49.7
WP_063419679.1	lcl|Q03PY7-3.A.1.26.9	29.6	35.5	40.6	108	5.19e-07	49.7
WP_063419679.1	lcl|I7BV49-3.A.1.26.10	29.6	35.5	40.9	108	1.66e-06	48.1
WP_063419679.1	lcl|Q839D3-3.A.1.26.7	29.6	35.5	40.8	108	2.24e-06	47.8
WP_063419679.1	lcl|D6TJQ1-3.A.1.26.11	30.6	38.5	44.0	121	1.35e-05	45.4
WP_063419679.1	lcl|A7BAX3-3.A.1.26.3	30.9	40.1	55.4	123	3.27e-05	43.9
WP_063419693.1	lcl|CRG88657-9.B.313.1.2	27.6	78.1	37.1	348	4.88e-25	107
WP_063419704.1	lcl|WP_110860854-9.A.76.1.3	63.7	99.2	93.1	377	2.20e-185	519
WP_063419704.1	lcl|XP_001023477.2-9.A.76.1.5	45.0	81.8	80.6	311	1.64e-82	256
WP_063419704.1	lcl|XP_029234550.1-9.A.76.1.4	35.0	77.1	66.1	294	2.36e-55	187
WP_063419704.1	lcl|RCK63797.1-9.A.76.1.2	30.2	98.2	87.1	397	4.37e-50	173
WP_063419704.1	lcl|KJS27940.1-9.A.76.1.6	30.3	94.2	90.4	370	1.40e-40	146
WP_063419704.1	lcl|P48624-9.A.76.1.1	31.7	84.7	77.0	328	3.97e-39	143
WP_063419704.1	lcl|ATV93525.1-9.A.76.1.7	30.2	88.7	79.9	344	8.47e-39	142
WP_063419704.1	lcl|WP_112939848.1-9.A.76.1.9	26.1	77.6	73.5	306	3.36e-22	96.3
WP_063419704.1	lcl|KAE8977401.1-9.A.76.1.11	34.2	27.9	40.8	111	2.77e-07	50.8
WP_063419704.1	lcl|WP_090852276.1-9.A.76.1.8	36.0	13.2	14.7	50	7.90e-06	47.0
WP_063419704.1	lcl|RJU95109.1-9.A.76.1.10	32.7	14.5	16.0	55	8.01e-06	47.0
WP_063419707.1	lcl|WP_087280510.1-2.A.128.2.3	31.6	96.3	63.4	493	2.87e-56	199
WP_063419709.1	lcl|P73948-2.A.38.4.5	60.2	97.5	95.4	384	1.42e-149	428
WP_063419712.1	lcl|O25396-9.A.8.1.2	27.6	27.9	18.8	127	5.52e-07	51.6
WP_063419712.1	lcl|L7E2Q2-9.A.8.1.21	27.6	36.3	21.5	170	2.36e-06	49.7
WP_063419712.1	lcl|E4VQD8-9.A.8.1.13	27.5	28.8	15.1	131	1.27e-05	47.4
WP_063419712.1	lcl|V6F2B2-9.A.8.1.7	28.3	27.9	17.2	127	1.93e-04	43.5
WP_063419712.1	lcl|Q57986-9.A.8.1.9	30.8	20.0	13.0	91	4.35e-04	42.4
WP_063419712.1	lcl|P73182-9.A.8.1.3	26.1	42.6	33.9	218	9.74e-04	41.2
WP_063419729.1	lcl|P0AEH1-9.B.149.2.3	29.2	95.0	96.9	442	1.78e-32	125
WP_063419729.1	lcl|akm78054-9.B.149.2.2	30.8	95.0	96.8	351	2.33e-31	120
WP_063419729.1	lcl|O31754-9.B.149.2.1	27.4	88.6	91.2	402	7.85e-24	101
WP_063419733.1	lcl|ACB43148.1-8.A.21.2.7	62.1	98.5	98.6	272	3.59e-108	313
WP_063419733.1	lcl|M4VAL8-8.A.21.2.4	41.4	87.0	71.1	237	3.02e-43	149
WP_063419734.1	lcl|Q6SJ76-2.A.7.3.67	28.3	90.3	90.8	293	9.89e-19	84.3
WP_063419734.1	lcl|O29973-2.A.7.3.28	23.1	93.1	99.6	303	4.97e-15	73.6
WP_063419734.1	lcl|P39649-2.A.7.3.4	26.4	89.7	90.9	295	8.08e-13	67.4
WP_063419734.1	lcl|P42194-2.A.7.3.3	25.7	93.4	95.3	307	8.15e-13	67.4
WP_063419734.1	lcl|p0aa70-2.A.7.3.22	24.6	94.4	92.8	309	3.93e-12	65.5
WP_063419734.1	lcl|O31540-2.A.7.3.35	24.7	89.3	82.1	292	4.57e-12	65.5
WP_063419734.1	lcl|Q31PG5-2.A.7.3.58	27.9	95.6	90.6	319	1.50e-11	63.9
WP_063419734.1	lcl|CCQ12486.1-2.A.7.3.76	26.0	66.5	67.7	219	6.44e-08	52.8
WP_063419734.1	lcl|M4V8N5-2.A.7.3.65	22.2	69.9	68.8	225	1.20e-06	48.9
WP_063419734.1	lcl|Q89ZY3-2.A.7.3.57	22.1	57.7	57.2	195	1.62e-04	42.4
WP_063419734.1	lcl|Q9AKA0-2.A.7.3.33	25.4	71.8	67.9	236	4.08e-04	41.2
WP_063419734.1	lcl|KMY31943.1-2.A.7.3.87	22.4	91.2	92.4	294	6.86e-04	40.4
WP_063419735.1	lcl|V5BTU4-9.B.142.2.8	32.5	58.7	61.5	372	1.47e-30	125
WP_063419735.1	lcl|H8KSM2-9.B.142.2.6	26.9	57.7	63.1	357	4.60e-24	105
WP_063419735.1	lcl|C6NTX4-9.B.142.2.1	27.9	72.3	78.9	466	2.80e-22	100
WP_063419735.1	lcl|G8LJX5-9.B.142.2.2	25.8	60.0	63.3	384	1.09e-13	73.6
WP_063419735.1	lcl|p76473-9.B.142.2.9	24.7	55.8	56.9	352	1.77e-12	69.7
WP_063419735.1	lcl|WP_017314285.1-9.B.142.2.13	25.6	75.2	78.8	473	6.72e-08	55.1
WP_063419738.1	lcl|B7L5V2-1.A.34.1.3	34.5	34.7	45.7	113	1.19e-10	60.5
WP_063419738.1	lcl|P71044-1.A.34.1.1	40.6	30.0	33.9	101	7.87e-09	55.5
WP_063419738.1	lcl|P71044-9.B.70.1.1	40.6	30.0	33.9	101	7.87e-09	55.5
WP_063419738.1	lcl|B7LEG0-1.A.34.1.2	36.0	26.3	22.2	86	2.71e-06	48.1
WP_063419739.1	lcl|GIM07801.1-3.E.1.5.3	32.5	48.3	5.4	120	2.00e-11	63.2
WP_063419741.1	lcl|O31711-3.A.1.122.2	54.6	93.5	93.9	216	3.55e-80	239
WP_063419741.1	lcl|Q2EHL8-3.A.1.122.35	47.2	94.4	33.9	218	3.36e-68	220
WP_063419741.1	lcl|A0ZUB1-3.A.1.122.12	50.5	94.4	33.5	218	2.04e-67	218
WP_063419741.1	lcl|Q8DQF8-3.A.1.122.20	47.2	94.4	93.6	218	2.09e-67	207
WP_063419741.1	lcl|AKF46139-3.A.1.122.36	50.0	94.4	33.4	218	1.13e-66	216
WP_063419741.1	lcl|Q58206-3.A.1.122.14	46.6	94.4	94.9	223	5.10e-66	203
WP_063419741.1	lcl|N9J6M5-3.A.1.122.18	48.6	94.4	32.8	218	5.44e-65	212
WP_063419741.1	lcl|Q73MJ2-3.A.1.122.8	46.4	95.2	92.6	220	2.85e-64	199
WP_063419741.1	lcl|Q73MJ2-3.A.1.136.1	46.4	95.2	92.6	220	2.85e-64	199
WP_063419741.1	lcl|P75831-3.A.1.122.1	48.2	96.1	34.3	222	3.12e-64	210
WP_063419741.1	lcl|B8GHI2-3.A.1.122.21	45.0	96.5	95.7	231	1.05e-62	195
WP_063419741.1	lcl|A8TDW7-3.A.1.122.7	44.7	97.8	78.2	226	6.96e-60	189
WP_063419741.1	lcl|E8MS94-3.A.1.122.30	47.1	88.7	82.1	206	3.67e-59	186
WP_063419741.1	lcl|Q8RKC1-3.A.1.122.3	42.5	94.4	96.5	219	5.76e-58	182
WP_063419741.1	lcl|RCX16582-3.A.1.122.29	43.5	93.1	91.5	216	7.56e-58	182
WP_063419741.1	lcl|E6N374-3.A.1.122.27	41.6	95.7	93.6	221	1.07e-57	182
WP_063419741.1	lcl|TXT58064-3.A.1.207.7	45.4	93.9	55.6	218	1.32e-56	184
WP_063419741.1	lcl|OLS26560-3.A.1.125.6	43.6	94.4	93.2	220	6.90e-56	177
WP_063419741.1	lcl|P75957-3.A.1.125.1	42.3	92.6	92.3	215	2.03e-54	174
WP_063419741.1	lcl|WP_014397196-3.A.1.122.25	45.0	95.7	95.7	222	2.78e-54	173
WP_063419741.1	lcl|Q8DQ77-3.A.1.134.4	43.2	86.1	73.4	199	1.22e-53	173
WP_063419741.1	lcl|I2F7A6-3.A.1.125.7	41.7	93.1	93.1	216	8.94e-53	169
WP_063419741.1	lcl|PRP76045-3.A.1.207.14	42.5	93.9	62.0	233	9.37e-53	174
WP_063419741.1	lcl|AKM80416-3.A.1.122.17	40.6	93.5	79.2	217	1.05e-52	171
WP_063419741.1	lcl|D5UKP4-3.A.1.122.32	43.8	97.4	94.2	226	1.13e-52	169
WP_063419742.1	lcl|Q8DMR6-3.D.1.8.2	62.6	92.9	94.4	487	4.81e-205	579
WP_063419742.1	lcl|P0CC32-3.D.1.8.1	45.4	89.3	91.8	478	5.07e-131	390
WP_063419742.1	lcl|F1SVL2-3.D.13.1.1	36.9	78.8	83.4	423	4.09e-71	234
WP_063419742.1	lcl|Q9P9F3-3.D.9.1.1	36.9	78.8	83.4	423	4.09e-71	234
WP_063419742.1	lcl|P29926-3.D.1.2.1	36.6	76.5	80.0	404	4.74e-71	234
WP_063419742.1	lcl|Q746T9-3.D.1.5.1	33.5	87.2	94.4	460	3.29e-62	210
WP_063419742.1	lcl|P0AFF0-3.D.1.1.1	31.9	83.9	95.7	473	1.47e-59	204
WP_063419742.1	lcl|Q56229-3.D.1.3.1	38.3	74.6	83.6	392	1.15e-56	194
WP_063419742.1	lcl|Q35140-3.D.1.6.2	31.5	63.9	62.8	368	5.37e-40	152
WP_063419742.1	lcl|Q0P862-3.D.1.7.1	32.3	61.2	68.8	328	2.61e-31	125
WP_063419742.1	lcl|Q8U100-3.D.1.4.1	26.2	70.0	76.5	397	5.98e-31	125
WP_063419742.1	lcl|OLS18239-3.D.9.1.2	29.6	71.3	72.4	392	2.18e-30	124
WP_063419742.1	lcl|Q9KD98-2.A.63.1.2	26.8	70.6	72.4	373	4.72e-26	110
WP_063419742.1	lcl|OLS18238-3.D.9.1.2	26.8	77.6	82.2	426	1.84e-24	106
WP_063419742.1	lcl|P60686-2.A.63.1.3	27.5	58.9	62.2	313	3.19e-23	102
WP_063419742.1	lcl|Q729R3-3.D.1.4.4	26.8	82.8	34.5	444	6.55e-22	99.8
WP_063419742.1	lcl|P08740-3.D.1.6.4	25.5	61.4	71.7	326	6.07e-21	94.4
WP_063419742.1	lcl|P72316-3.D.1.4.3	26.7	78.8	35.1	453	3.46e-20	94.4
WP_063419742.1	lcl|Q746T8-3.D.1.5.1	27.2	61.0	64.3	323	4.48e-20	92.8
WP_063419742.1	lcl|O05229-2.A.63.1.4	25.9	69.2	72.4	371	1.04e-18	88.6
WP_063419742.1	lcl|Q7AJV8-2.A.63.1.2	31.2	62.3	42.2	349	5.80e-18	87.0
WP_063419742.1	lcl|Q8DKX9-3.D.1.8.2	27.5	64.1	52.4	353	2.01e-17	85.1
WP_063419742.1	lcl|P77416-3.D.1.9.1	24.3	88.5	98.3	493	3.01e-16	80.9
WP_063419742.1	lcl|Q52978-2.A.63.1.1	27.6	62.1	32.2	333	1.01e-15	80.1
WP_063419742.1	lcl|Q9K2S2-2.A.63.1.4	27.6	58.9	39.2	322	2.10e-15	79.0
WP_063419750.1	lcl|Q8DHE9-3.D.4.4.4	60.1	94.1	94.9	526	6.51e-243	678
WP_063419750.1	lcl|A0R0M4-3.D.3.5.5	45.4	88.4	85.1	500	5.56e-158	463
WP_063419750.1	lcl|P24010-3.D.4.4.1	46.1	88.5	79.7	497	1.35e-157	463
WP_063419750.1	lcl|Q9X813-3.D.4.4.5	44.6	92.1	88.8	523	1.42e-151	446
WP_063419750.1	lcl|Q79VD7-3.D.4.4.2	42.1	92.1	89.6	527	7.76e-150	442
WP_063419750.1	lcl|P98005-3.D.4.4.3	44.1	89.4	63.5	503	2.54e-147	442
WP_063419750.1	lcl|P00396-3.D.4.7.1	43.8	88.7	96.9	498	5.44e-146	430
WP_063419750.1	lcl|P00395-3.D.4.11.1	44.1	88.7	97.1	501	1.05e-145	429
WP_063419750.1	lcl|P33517-3.D.4.6.2	41.7	89.2	94.2	533	1.05e-139	416
WP_063419750.1	lcl|P98002-3.D.4.6.1	42.3	89.2	93.7	523	1.84e-138	412
WP_063419750.1	lcl|WP_063334853.1-3.D.4.5.2	41.7	92.5	80.4	523	2.90e-137	412
WP_063419750.1	lcl|P33518-3.D.4.3.1	43.1	87.3	82.1	490	4.83e-136	407
WP_063419750.1	lcl|P00401-3.D.4.8.1	40.2	84.1	88.6	473	3.17e-130	390
WP_063419750.1	lcl|WRI60233.1-3.D.4.11.2	42.3	85.3	90.5	478	1.47e-128	385
WP_063419750.1	lcl|P0ABI8-3.D.4.5.1	40.3	91.0	79.3	528	7.54e-122	373
WP_063419750.1	lcl|P94117-3.D.4.9.1	28.0	48.0	45.5	271	4.43e-26	112
WP_063419750.1	lcl|P98004-3.D.4.1.1	24.3	63.8	68.1	379	1.38e-19	91.7
WP_063419751.1	lcl|WP_047541184.1-8.A.174.1.3	28.2	83.1	91.7	319	2.87e-13	68.9
WP_063419751.1	lcl|WP_197718818.1-8.A.174.1.2	28.7	83.1	90.4	314	6.89e-13	67.8
WP_063419751.1	lcl|TKW60335.1-8.A.174.1.4	38.9	31.3	34.5	113	9.66e-12	64.3
WP_063419751.1	lcl|MBT5252923.1-8.A.174.1.6	28.2	40.1	40.1	142	7.02e-09	55.8
WP_063419751.1	lcl|HFO91905.1-8.A.174.1.5	34.8	36.2	25.0	115	2.70e-06	48.1
WP_063419752.1	lcl|Q9F2Y8-3.A.1.105.13	42.9	91.7	90.8	310	3.22e-76	237
WP_063419752.1	lcl|P32010-3.A.1.105.1	42.0	96.1	96.7	324	1.36e-73	230
WP_063419752.1	lcl|AKM80418-3.A.1.105.21	41.3	94.1	97.2	320	1.38e-73	229
WP_063419752.1	lcl|Q53716-3.A.1.105.2	38.2	91.1	93.8	309	8.09e-65	207
WP_063419752.1	lcl|P94440-3.A.1.105.19	35.2	93.5	100	315	3.03e-64	205
WP_063419752.1	lcl|Q70J75-3.A.1.105.3	38.8	92.3	95.4	317	3.21e-64	206
WP_063419752.1	lcl|J8ABC0-3.A.1.105.9	34.7	93.5	100	329	1.83e-62	201
WP_063419752.1	lcl|KXH73394-3.A.1.128.8	40.5	77.7	100	262	5.59e-57	185
WP_063419752.1	lcl|F8D413-3.A.1.105.12	35.8	92.0	89.0	313	8.97e-57	187
WP_063419752.1	lcl|Q7UE58-3.A.1.105.8	38.4	93.2	87.4	320	6.46e-55	182
WP_063419752.1	lcl|H8I7G5-3.A.1.147.9	39.9	66.2	86.1	223	3.84e-54	177
WP_063419752.1	lcl|C1A6K8-3.A.1.147.1	39.8	67.1	90.0	226	1.69e-53	176
WP_063419752.1	lcl|Q9A0K0-3.A.1.105.7	32.4	94.1	100	318	2.08e-53	177
WP_063419752.1	lcl|Q7UQ83-3.A.1.115.2	40.0	65.3	87.3	220	6.88e-53	174
WP_063419752.1	lcl|AXE37413-3.A.1.130.2	43.0	65.3	71.8	221	9.75e-53	175
WP_063419752.1	lcl|H8I779-3.A.1.132.8	34.3	94.4	100	318	4.88e-52	174
WP_063419752.1	lcl|WP_230890134-3.A.1.159.2	40.6	67.4	90.1	229	7.83e-52	171
WP_063419752.1	lcl|Q0W8T7-3.A.1.144.2	33.9	92.0	97.4	313	3.08e-50	169
WP_063419752.1	lcl|Q4VWC9-3.A.1.105.4	41.3	66.8	38.0	225	3.84e-50	175
WP_063419752.1	lcl|E1IBA4-3.A.1.144.4	34.1	91.1	98.7	308	5.08e-50	168
WP_063419752.1	lcl|O58953-3.A.1.128.6	38.5	65.6	87.4	221	9.49e-50	166
WP_063419752.1	lcl|E8R694-3.A.1.147.3	41.0	65.9	81.8	222	1.06e-49	166
WP_063419752.1	lcl|E6SIR7-3.A.1.147.7	40.6	65.9	75.9	224	1.08e-49	167
WP_063419752.1	lcl|WP_246092914-3.A.1.159.5	40.0	65.3	65.5	220	1.58e-49	168
WP_063419752.1	lcl|F8FLY7-3.A.1.147.2	37.4	68.2	94.7	230	3.96e-49	164
WP_063419753.1	lcl|P50991-3.A.33.1.1	18.8	86.0	90.4	537	2.80e-09	59.3
WP_063419754.1	lcl|RZD32576-1.A.115.1.2	36.8	74.4	70.1	190	9.68e-21	87.8
WP_063419754.1	lcl|WP_062382148.1-1.A.115.1.5	29.2	96.0	96.8	250	2.04e-17	78.6
WP_063419754.1	lcl|WP_106247303.1-1.A.115.1.3	25.9	84.8	70.0	212	1.75e-11	62.4
WP_063419762.1	lcl|WP_063487264.1-9.B.330.4.2	38.3	86.8	86.0	264	3.50e-49	164
WP_063419762.1	lcl|WP_092421239.1-9.B.330.4.1	29.7	88.2	82.5	276	1.10e-21	92.4
WP_063419762.1	lcl|ALM13936.1-9.B.330.4.4	25.3	91.1	91.9	277	6.20e-18	81.3
WP_063419773.1	lcl|Q9MUK5-3.A.9.1.1	41.3	23.0	23.3	138	2.19e-15	79.0
WP_063419779.1	lcl|D7DZ51-9.B.227.2.2	30.4	85.9	93.4	293	2.72e-24	100
WP_063419779.1	lcl|U2K2Z7-9.B.227.2.4	25.0	68.2	71.3	244	8.67e-11	61.6
WP_063419779.1	lcl|D5EMS5-9.B.227.2.3	25.0	71.3	74.6	256	4.16e-06	47.4
WP_063419781.1	lcl|Q55534-3.A.1.10.2	36.4	91.5	95.2	536	1.17e-87	280
WP_063419781.1	lcl|Q82VN6-3.A.1.10.4	33.1	84.6	93.4	495	2.70e-59	204
WP_063419781.1	lcl|Q5SHV1-3.A.1.10.6	29.0	82.3	86.0	449	3.80e-31	126
WP_063419781.1	lcl|P16701-3.A.1.6.1	29.2	35.9	76.2	212	1.96e-12	67.4
WP_063419781.1	lcl|C1CWI2-3.A.1.19.5	24.9	82.9	87.4	473	7.97e-10	60.8
WP_063419781.1	lcl|Q72KX4-3.A.1.1.24	28.0	35.3	72.8	200	2.27e-07	52.0
WP_063419781.1	lcl|OLS20017-3.A.1.19.6	19.6	82.9	83.6	495	1.44e-05	47.4
WP_063419781.1	lcl|Q9KZ08-3.A.1.1.44	27.6	23.9	41.6	127	2.07e-05	46.2
WP_063419781.1	lcl|P0AFK6-3.A.1.11.1	23.3	35.2	70.5	189	2.28e-05	45.8
WP_063419781.1	lcl|P14176-3.A.1.12.1	24.8	24.8	38.7	145	4.28e-05	45.4
WP_063419781.1	lcl|Q8U4K4-3.A.1.6.5	23.5	37.2	79.1	200	4.96e-05	44.7
WP_063419781.1	lcl|Q9KLQ6-3.A.1.20.2	33.3	15.2	11.4	81	9.60e-04	41.6
WP_063419804.1	lcl|WP_156573833.1-9.B.391.1.2	27.6	79.7	67.7	217	2.54e-13	67.4
WP_063419804.1	lcl|P00803-9.B.391.1.3	26.4	87.1	77.5	258	2.22e-12	65.1
WP_063419804.1	lcl|OGH12157.1-2.A.133.1.9	27.4	34.9	26.5	84	9.61e-05	42.4
WP_063419807.1	lcl|CRH68686.1-8.A.229.1.1	25.5	39.4	48.6	239	1.08e-09	60.5
WP_063419807.1	lcl|RAS33480.1-8.A.229.1.2	24.6	38.0	27.0	260	3.38e-05	46.6
WP_063419808.1	lcl|Q6US85-3.D.12.1.1	24.7	77.1	75.3	332	4.78e-04	41.6
WP_063419821.1	lcl|Q9V0A4-3.B.1.1.5	25.7	41.3	25.3	140	1.85e-05	45.8
WP_063419822.1	lcl|RZD32576-1.A.115.1.2	30.5	88.5	78.2	213	1.02e-13	68.2
WP_063419822.1	lcl|WP_062382148.1-1.A.115.1.5	27.9	93.2	90.8	233	6.44e-07	48.5
WP_063419822.1	lcl|P40471-1.A.115.1.1	23.8	78.7	62.3	189	1.50e-05	44.7
WP_063419827.1	lcl|Q9UYH7-2.A.102.4.1	31.5	70.2	70.0	181	1.78e-13	67.8
WP_063419827.1	lcl|M2X4H1-2.A.102.4.9	31.4	63.1	53.1	175	1.89e-10	59.7
WP_063419827.1	lcl|Q8EH96-2.A.102.4.13	34.7	60.8	60.5	173	1.57e-09	56.6
WP_063419827.1	lcl|C7D7I4-2.A.102.4.5	28.3	63.5	63.5	198	3.82e-08	52.8
WP_063419827.1	lcl|B0R8P7-2.A.102.4.7	27.0	73.7	64.8	215	1.06e-06	48.5
WP_063419827.1	lcl|EET01870.1-2.A.102.5.3	41.0	23.9	11.9	61	4.28e-06	47.0
WP_063419827.1	lcl|Q89V93-2.A.102.4.6	25.9	89.8	68.7	266	6.69e-06	46.2
WP_063419827.1	lcl|OAE35033.1-2.A.102.5.2	36.0	33.7	17.1	86	1.78e-05	45.1
WP_063419827.1	lcl|Q8L7A0-2.A.102.5.4	45.7	18.0	9.7	46	7.54e-05	43.1
WP_063419827.1	lcl|Q5ZAL4-2.A.102.5.1	33.8	31.4	20.2	80	9.33e-05	42.7
WP_063419827.1	lcl|A6VFN3-2.A.102.4.3	25.5	67.5	67.0	184	5.60e-04	40.0
WP_063419827.1	lcl|E7BBJ3-2.A.102.4.2	26.3	68.2	71.6	198	7.51e-04	39.7
WP_063419829.1	lcl|Q14SY0-2.A.53.3.3	46.2	96.5	92.6	561	4.26e-143	425
WP_063419829.1	lcl|BAM53892.1-2.A.53.3.14	44.9	96.9	92.6	559	9.01e-142	421
WP_063419829.1	lcl|Q7U617-2.A.53.3.2	44.6	98.3	96.8	574	5.02e-139	414
WP_063419829.1	lcl|B9LBX9-2.A.53.4.3	28.1	91.1	69.6	530	5.93e-41	157
WP_063419829.1	lcl|F5R8F2-2.A.53.3.5	32.1	92.0	70.3	563	9.90e-41	157
WP_063419829.1	lcl|P0AFR2-2.A.53.3.11	27.3	89.7	86.2	542	5.48e-37	144
WP_063419829.1	lcl|Q1J2S8-2.A.53.3.13	28.8	72.8	74.9	420	3.72e-35	138
WP_063419829.1	lcl|A1JRS3-2.A.53.3.9	27.3	89.9	86.5	545	2.58e-34	136
WP_063419829.1	lcl|O07488-2.A.53.3.1	29.3	71.7	74.8	416	2.93e-34	135
WP_063419829.1	lcl|P72770-2.A.53.4.1	26.5	71.2	69.6	415	1.07e-22	101
WP_063419829.1	lcl|P71997-2.A.53.4.2	27.1	70.7	69.8	420	1.30e-19	92.0
WP_063419829.1	lcl|Q9FY46-2.A.53.1.14	26.3	69.8	56.6	410	1.62e-18	89.0
WP_063419829.1	lcl|G3C7W4-2.A.53.2.12	26.6	62.0	47.9	369	7.11e-18	87.0
WP_063419829.1	lcl|P53393-2.A.53.1.4	23.8	66.0	59.2	399	3.33e-17	84.7
WP_063419829.1	lcl|P96878-2.A.53.3.12	24.8	73.8	53.0	436	1.57e-16	82.8
WP_063419829.1	lcl|Q9BXS9-2.A.53.2.7	25.7	62.0	47.3	369	6.28e-16	80.9
WP_063419829.1	lcl|Q9SAY1-2.A.53.1.7	23.6	71.7	62.9	424	2.24e-15	79.0
WP_063419829.1	lcl|Q02920-2.A.53.1.5	23.5	65.6	78.6	391	4.63e-14	74.3
WP_063419829.1	lcl|Q5VQ79-2.A.53.1.16	23.2	71.4	60.7	427	8.62e-14	73.9
WP_063419829.1	lcl|Q8K142-2.A.53.2.8	25.9	62.0	48.7	371	1.60e-13	73.2
WP_063419829.1	lcl|Q8F8H7-2.A.53.3.8	23.2	70.3	53.7	423	2.14e-13	72.8
WP_063419829.1	lcl|Q99NH7-2.A.53.2.5	23.9	62.3	49.2	376	3.71e-13	72.0
WP_063419829.1	lcl|P58743-2.A.53.2.19	24.5	62.3	49.2	380	6.47e-13	71.2
WP_063419829.1	lcl|P53391-2.A.53.1.3	22.5	64.6	55.2	386	3.19e-12	68.9
WP_063419829.1	lcl|Q86WA9-2.A.53.1.10	22.8	92.3	82.8	570	3.93e-12	68.6
WP_063419830.1	lcl|A9DHE6-2.A.83.2.1	40.4	92.9	95.8	319	6.47e-72	226
WP_063419836.1	lcl|O53687-3.A.24.3.1	36.9	84.3	43.3	274	4.05e-43	155
WP_063419836.1	lcl|O69733-3.A.24.1.1	39.7	75.1	40.3	234	1.01e-39	145
WP_063419836.1	lcl|A0QNI9-3.A.24.5.1	38.3	72.1	38.5	222	2.85e-35	133
WP_063419836.1	lcl|O05460-3.A.24.2.1	32.3	87.9	46.0	285	9.86e-35	132
WP_063419836.1	lcl|P63744-3.A.24.4.1	32.5	77.7	41.8	255	4.47e-27	110
WP_063419840.1	lcl|Q46GL9-3.A.1.106.19	73.4	100	100	598	8.72e-308	846
WP_063419840.1	lcl|Q72J05-3.A.1.106.18	38.0	97.2	96.7	594	5.53e-109	339
WP_063419840.1	lcl|Q9WYC4-3.A.1.135.5	34.4	96.8	94.0	581	5.11e-97	308
WP_063419840.1	lcl|O07549-3.A.1.106.8	33.8	86.8	75.6	526	3.60e-89	289
WP_063419840.1	lcl|A4XGX1-3.A.1.135.10	33.4	83.4	80.0	509	8.16e-86	279
WP_063419840.1	lcl|Q8G7R7-3.A.1.106.3	33.1	84.1	82.6	510	1.17e-85	278
WP_063419840.1	lcl|E2YHZ7-3.A.1.135.7	31.2	98.0	97.8	599	6.44e-85	276
WP_063419840.1	lcl|Q66LJ0-3.A.1.135.13	33.8	98.0	89.4	598	2.82e-83	273
WP_063419840.1	lcl|P73239-3.A.1.106.14	33.3	92.1	92.1	559	2.88e-83	271
WP_063419840.1	lcl|E8MFM3-3.A.1.135.6	31.0	83.9	81.8	507	1.02e-77	257
WP_063419840.1	lcl|Q9KZE5-3.A.1.106.9	33.6	97.5	94.2	604	2.79e-77	256
WP_063419840.1	lcl|A4QD95-3.A.1.106.4	33.5	82.4	39.0	498	1.66e-76	264
WP_063419840.1	lcl|Q837P4-3.A.1.135.8	31.7	81.9	82.5	501	5.02e-76	252
WP_063419840.1	lcl|Q9A1K4-3.A.1.135.2	31.6	91.0	90.6	553	4.17e-75	250
WP_063419840.1	lcl|O53645-3.A.1.106.6	33.8	96.3	46.8	594	1.00e-74	258
WP_063419840.1	lcl|G9CHY9-3.A.1.135.3	33.1	81.3	81.3	499	8.38e-74	246
WP_063419840.1	lcl|P63359-3.A.1.106.20	31.0	83.8	84.9	504	4.74e-73	244
WP_063419840.1	lcl|O06967-3.A.1.117.3	30.6	86.8	86.8	523	5.54e-73	244
WP_063419840.1	lcl|Q832J9-3.A.1.135.9	31.1	83.3	82.9	501	1.61e-72	243
WP_063419840.1	lcl|A7VN02-3.A.1.106.5	33.9	84.1	82.8	508	4.36e-72	242
WP_063419840.1	lcl|P0AAG5-3.A.1.106.13	32.7	84.1	82.6	507	1.68e-71	240
WP_063419840.1	lcl|P60752-3.A.1.106.1	30.4	83.8	84.9	504	1.85e-71	240
WP_063419840.1	lcl|B3DPC5-3.A.1.106.3	30.9	85.8	86.6	554	4.13e-71	240
WP_063419840.1	lcl|KKK43438-3.A.1.135.12	31.1	81.6	79.7	495	7.38e-71	239
WP_063419840.1	lcl|Q9CIP5-3.A.1.135.1	30.9	81.3	72.7	499	2.68e-69	236
WP_063419857.1	lcl|O43464-8.A.217.1.1	37.3	81.8	67.0	324	2.94e-49	172
WP_063419857.1	lcl|B2GH49-9.B.160.1.10	33.5	41.7	40.4	164	3.68e-16	79.0
WP_063419863.1	lcl|P11004-3.E.2.2.1	72.6	97.2	97.8	452	2.18e-256	704
WP_063419863.1	lcl|P09193-3.E.2.2.2	72.3	97.0	97.8	451	6.00e-256	703
WP_063419863.1	lcl|P56778-3.E.2.2.3	68.2	96.6	94.7	449	1.30e-239	662
WP_063419865.1	lcl|F4K2G0-3.D.1.8.1	31.2	70.1	52.9	173	5.05e-11	60.5
WP_063419865.1	lcl|P30405-1.A.129.1.1	30.1	68.4	60.9	163	2.96e-08	52.0
WP_063419872.1	lcl|Q72GR9-3.D.2.2.2	44.9	87.1	87.0	89	7.62e-15	63.9
WP_063419872.1	lcl|P0C187-3.D.2.2.1	39.4	88.1	65.5	94	2.49e-11	55.8
WP_063419872.1	lcl|P11024-3.D.2.3.1	42.2	79.2	7.5	83	2.82e-10	55.1
WP_063419872.1	lcl|P07001-3.D.2.1.1	45.8	82.2	15.7	83	9.29e-10	53.5
WP_063419872.1	lcl|Q07600-3.D.2.4.1	43.0	75.2	7.9	86	1.95e-07	47.0
WP_063419873.1	lcl|P0C188-3.D.2.2.1	46.0	95.2	97.2	459	3.88e-123	367
WP_063419873.1	lcl|P0AB67-3.D.2.1.1	44.6	95.6	97.8	466	1.55e-107	327
WP_063419873.1	lcl|Q07600-3.D.2.4.1	45.0	94.2	43.3	464	6.32e-91	297
WP_063419873.1	lcl|Q72GS0-3.D.2.2.2	42.3	84.8	87.3	407	8.32e-88	275
WP_063419873.1	lcl|P11024-3.D.2.3.1	39.2	83.3	36.9	403	2.34e-78	264
WP_063419877.1	lcl|Q9KDT3-2.A.22.5.3	35.9	94.6	94.7	440	4.04e-65	215
WP_063419877.1	lcl|Q58715-2.A.22.5.1	34.1	81.0	75.2	381	4.40e-52	182
WP_063419877.1	lcl|Q8E9E5-2.A.22.5.5	29.5	93.7	93.4	431	1.13e-42	155
WP_063419877.1	lcl|Q8NRL8-2.A.22.4.3	31.2	87.8	69.8	413	1.68e-32	129
WP_063419877.1	lcl|O50649-2.A.22.4.1	24.7	96.8	89.2	449	4.07e-32	127
WP_063419877.1	lcl|Q8RHM5-2.A.22.5.2	28.9	89.4	90.2	405	2.96e-30	121
WP_063419877.1	lcl|O67854-2.A.22.4.2	26.4	96.6	90.1	470	9.70e-27	112
WP_063419877.1	lcl|Q9VR07-2.A.22.3.12	26.5	75.4	39.7	378	4.32e-25	108
WP_063419877.1	lcl|Q9W4C5-2.A.22.2.13	25.2	81.3	66.0	432	1.13e-21	97.4
WP_063419877.1	lcl|Q6VS78-2.A.22.2.8	24.1	70.7	52.9	361	2.15e-20	93.6
WP_063419877.1	lcl|Q01959-2.A.22.1.3	25.7	97.3	77.7	490	3.55e-18	86.7
WP_063419877.1	lcl|O76188-2.A.22.2.5	25.0	92.8	69.4	456	3.62e-18	86.7
WP_063419877.1	lcl|Q9NP91-2.A.22.6.8	25.3	60.3	49.5	300	4.52e-18	86.3
WP_063419877.1	lcl|B2ZXL8-2.A.22.2.9	25.6	78.6	61.9	398	4.76e-18	86.3
WP_063419877.1	lcl|P30531-2.A.22.3.2	24.2	75.4	61.6	380	8.12e-18	85.5
WP_063419877.1	lcl|P23975-2.A.22.1.2	24.1	97.5	78.4	493	1.11e-17	85.1
WP_063419877.1	lcl|Q9U5A9-2.A.22.2.4	25.0	92.8	69.5	468	1.14e-17	85.1
WP_063419877.1	lcl|P31649-2.A.22.3.8	22.5	60.3	50.5	311	2.57e-17	84.0
WP_063419877.1	lcl|Q64093-2.A.22.6.1	25.3	60.3	47.6	300	3.50e-17	83.6
WP_063419877.1	lcl|Q6PWI2-2.A.22.1.11	23.8	79.9	58.4	408	1.18e-16	82.0
WP_063419877.1	lcl|P31662-2.A.22.6.2	23.8	60.3	40.6	302	3.89e-16	80.5
WP_063419877.1	lcl|Q9NSD5-2.A.22.3.10	23.2	60.3	50.5	311	1.06e-15	79.0
WP_063419877.1	lcl|Q9H1V8-2.A.22.6.6	23.5	60.3	40.6	302	1.21e-15	79.0
WP_063419877.1	lcl|P48066-2.A.22.3.9	23.2	96.4	76.6	496	1.46e-15	78.6
WP_063419877.1	lcl|P48065-2.A.22.3.1	23.7	75.4	61.2	379	4.46e-15	77.0
WP_063419888.1	lcl|W0WN20-3.A.1.5.39	40.3	98.2	99.4	335	1.54e-71	225
WP_063419888.1	lcl|P77308-3.A.1.5.38	38.9	91.4	91.5	311	3.06e-59	193
WP_063419888.1	lcl|P75798-3.A.1.5.11	31.4	93.8	94.8	318	1.18e-52	175
WP_063419888.1	lcl|P42062-3.A.1.5.20	32.6	92.9	94.3	316	2.37e-51	172
WP_063419888.1	lcl|P45096-3.A.1.5.27	33.2	92.9	94.6	316	1.43e-50	171
WP_063419888.1	lcl|O30543-3.A.1.5.4	31.7	95.9	96.1	328	1.14e-44	154
WP_063419888.1	lcl|P33591-3.A.1.5.3	33.4	97.9	97.8	335	2.73e-44	154
WP_063419888.1	lcl|P26903-3.A.1.5.2	31.4	97.3	97.7	331	6.50e-44	152
WP_063419888.1	lcl|I6YGV9-3.A.1.5.48	34.6	93.2	92.9	318	9.73e-43	149
WP_063419888.1	lcl|Q5V9S1-3.A.1.5.22	29.0	98.2	100	334	2.71e-41	145
WP_063419888.1	lcl|B1W1M1-3.A.1.5.37	30.7	92.0	92.9	313	2.91e-41	145
WP_063419888.1	lcl|Q2FZR7-3.A.1.5.19	30.2	97.3	97.4	331	2.15e-40	143
WP_063419888.1	lcl|I0C488-3.A.1.5.33	31.4	94.1	82.6	322	4.04e-40	144
WP_063419888.1	lcl|P0AGH3-3.A.1.5.42	32.2	79.4	84.7	273	4.07e-40	143
WP_063419888.1	lcl|P0A2J3-3.A.1.5.5	32.2	79.4	84.7	273	3.05e-39	140
WP_063419888.1	lcl|Q9CIL1-3.A.1.5.25	29.1	97.9	99.7	333	7.73e-39	139
WP_063419888.1	lcl|F0TFS8-3.A.1.5.32	28.9	95.9	97.2	325	1.11e-38	139
WP_063419888.1	lcl|P08005-3.A.1.5.1	29.4	93.8	95.1	320	3.17e-38	137
WP_063419888.1	lcl|P0AFH2-3.A.1.5.41	29.7	93.8	95.1	320	3.17e-38	137
WP_063419888.1	lcl|Q9WXN7-3.A.1.5.16	30.1	92.0	91.1	322	4.76e-37	135
WP_063419888.1	lcl|Q9F352-3.A.1.5.35	29.7	92.0	92.8	313	9.60e-36	131
WP_063419888.1	lcl|O86573-3.A.1.5.34	29.3	97.9	99.4	351	4.43e-35	130
WP_063419888.1	lcl|P0A4N7-3.A.1.5.10	27.8	95.9	97.2	327	2.49e-34	127
WP_063419888.1	lcl|Q8U1J7-3.A.1.5.6	30.5	91.2	91.2	315	5.80e-34	127
WP_063419888.1	lcl|O31307-3.A.1.5.18	29.0	95.3	97.1	324	7.15e-34	126
WP_063419889.1	lcl|P75797-3.A.1.5.11	28.2	65.0	66.4	351	2.34e-26	112
WP_063419889.1	lcl|P76128-3.A.1.5.38	25.8	66.9	67.4	360	1.57e-18	88.2
WP_063419889.1	lcl|P33950-3.A.1.5.27	25.6	69.2	70.2	398	1.73e-18	88.2
WP_063419889.1	lcl|P36634-3.A.1.5.5	24.8	75.2	76.0	427	5.42e-18	86.7
WP_063419889.1	lcl|O86187-3.A.1.5.44	25.1	66.0	68.1	378	6.81e-17	83.2
WP_063419889.1	lcl|P33590-3.A.1.5.3	25.3	85.3	85.7	475	8.65e-17	82.8
WP_063419889.1	lcl|Q47622-3.A.1.5.42	23.8	74.7	75.7	424	2.15e-16	81.6
WP_063419889.1	lcl|W0WJ85-3.A.1.5.39	26.7	79.8	83.3	460	2.75e-16	81.3
WP_063419889.1	lcl|Q46863-3.A.1.5.41	24.1	74.5	76.8	424	2.41e-13	72.0
WP_063419889.1	lcl|W0WQF0-3.A.1.5.39	24.0	68.6	71.9	391	5.51e-13	70.9
WP_063419889.1	lcl|W0WLZ1-3.A.1.5.39	24.1	79.8	82.5	457	9.87e-13	70.1
WP_063419889.1	lcl|O51307-3.A.1.5.18	23.5	77.9	80.0	443	5.23e-12	67.8
WP_063419889.1	lcl|Q0P844-3.A.1.5.28	25.7	59.9	60.7	331	8.36e-11	63.9
WP_063419889.1	lcl|O50927-3.A.1.5.18	22.9	72.6	75.0	414	1.14e-10	63.5
WP_063419889.1	lcl|W0WKZ8-3.A.1.5.39	22.9	92.6	93.4	533	4.63e-10	61.6
WP_063419889.1	lcl|Q2FVE7-3.A.1.5.43	22.5	86.0	86.7	485	6.12e-10	61.2
WP_063419889.1	lcl|G8V0I4-3.A.1.5.33	22.5	86.0	86.7	485	1.07e-09	60.5
WP_063419889.1	lcl|Q92NF1-3.A.1.5.17	26.2	66.0	65.0	363	9.92e-09	57.4
WP_063419889.1	lcl|Q5V9S2-3.A.1.5.22	19.7	76.7	78.1	441	7.09e-08	54.7
WP_063419889.1	lcl|Q8ZNK0-3.A.1.5.24	22.9	41.6	38.3	236	3.00e-07	52.8
WP_063419889.1	lcl|P42061-3.A.1.5.20	22.6	73.5	74.2	424	3.18e-05	46.2
WP_063419889.1	lcl|P26906-3.A.1.5.2	21.0	74.5	75.7	429	6.67e-04	42.0
WP_063419897.1	lcl|Q8GHI3-9.B.29.2.7	27.2	37.6	50.7	147	1.19e-06	49.3
WP_063419901.1	lcl|WP_082825104.1-8.A.155.1.5	39.4	49.8	62.7	137	4.57e-24	95.9
WP_063419901.1	lcl|Q8LCA1-8.A.155.1.2	31.6	21.5	32.8	57	3.09e-05	43.1
WP_063419905.1	lcl|Q8Z042-3.A.1.1.52	36.4	94.4	98.2	272	9.62e-52	170
WP_063419905.1	lcl|O53483-3.A.1.1.61	34.6	88.2	88.6	254	2.99e-44	151
WP_063419905.1	lcl|Q93J92-3.A.1.1.36	33.1	96.5	94.6	284	2.66e-43	149
WP_063419905.1	lcl|Q6MNM1-3.A.1.1.51	34.0	87.5	92.6	253	4.43e-41	142
WP_063419905.1	lcl|I7G593-3.A.1.1.60	34.8	92.7	94.5	267	5.18e-40	140
WP_063419905.1	lcl|B3EYN1-3.A.1.1.57	31.5	89.5	85.8	260	7.08e-40	140
WP_063419905.1	lcl|Q9X9R5-3.A.1.1.23	35.5	91.3	94.6	265	2.07e-39	138
WP_063419905.1	lcl|Q9WYR1-3.A.1.1.39	32.7	87.1	92.3	251	2.77e-38	135
WP_063419905.1	lcl|A5LBQ4-3.A.1.1.47	30.4	93.4	95.0	270	4.95e-38	135
WP_063419905.1	lcl|G4FGN6-3.A.1.1.41	32.5	87.5	91.4	255	6.47e-38	134
WP_063419905.1	lcl|Q8RJU8-3.A.1.1.18	34.2	91.3	86.0	266	1.35e-36	132
WP_063419905.1	lcl|P94530-3.A.1.1.34	30.9	89.9	92.5	262	4.29e-35	127
WP_063419905.1	lcl|Q5SLB5-3.A.1.1.50	33.2	75.6	57.4	217	1.12e-33	125
WP_063419905.1	lcl|Q7WWQ8-3.A.1.1.20	27.9	90.2	92.3	265	2.67e-33	122
WP_063419905.1	lcl|P77716-3.A.1.1.46	32.7	89.2	92.5	260	1.28e-32	120
WP_063419905.1	lcl|Q93KB9-3.A.1.1.11	28.7	97.6	94.7	286	2.85e-31	117
WP_063419905.1	lcl|P29824-3.A.1.1.4	31.8	70.0	73.6	201	1.25e-29	112
WP_063419905.1	lcl|F6BI04-3.A.1.1.62	31.3	88.9	86.7	259	1.35e-29	113
WP_063419905.1	lcl|Q8KN17-3.A.1.1.33	32.2	88.2	92.1	264	1.90e-29	112
WP_063419905.1	lcl|Q72KX4-3.A.1.1.24	32.5	93.4	99.3	274	8.35e-29	110
WP_063419905.1	lcl|OLS20028-3.A.1.1.54	28.7	91.6	35.7	279	1.26e-28	114
WP_063419905.1	lcl|Q8DT26-3.A.1.1.27	30.7	93.0	98.6	277	1.43e-28	110
WP_063419905.1	lcl|Q72H66-3.A.1.1.25	31.8	87.5	90.7	255	2.08e-28	109
WP_063419905.1	lcl|D6ZW62-3.A.1.1.48	27.6	93.4	87.7	286	2.96e-27	107
WP_063419905.1	lcl|Q9AI66-3.A.1.1.12	32.1	89.2	89.9	262	9.31e-27	105
WP_063419922.1	lcl|E8N0A2-9.B.363.1.1	45.7	81.2	94.0	140	2.38e-28	102
WP_063419922.1	lcl|WP_111821170.1-9.B.363.1.2	26.8	78.8	91.6	153	1.18e-06	45.8
WP_063419922.1	lcl|XP_025610126.1-9.B.363.1.5	32.6	50.0	47.3	86	3.58e-06	44.7
WP_063419924.1	lcl|Q6MDD6-3.A.7.16.1	27.5	40.5	25.2	204	1.79e-08	56.6
WP_063419934.1	lcl|Q56584-3.D.5.1.1	30.6	29.5	24.1	108	1.60e-07	52.4
WP_063419938.1	lcl|WP_064329934.1-9.B.238.3.2	30.1	58.9	44.2	229	4.03e-23	100
WP_063419938.1	lcl|MAS05117.1-9.B.34.1.7	31.8	56.8	26.8	217	4.79e-23	100
WP_063419938.1	lcl|AIE75112-9.B.238.3.6	26.4	59.7	36.6	235	7.51e-23	99.8
WP_063419938.1	lcl|PJA07603.1-9.B.259.2.3	25.8	65.4	30.5	248	1.03e-19	90.5
WP_063419938.1	lcl|GIM07801.1-3.E.1.5.3	28.6	61.4	10.6	234	4.31e-19	89.0
WP_063419938.1	lcl|Q93N33-2.A.21.9.2	30.2	68.4	22.2	268	5.26e-18	85.5
WP_063419938.1	lcl|WP_018128393.1-9.B.238.3.1	26.5	59.2	40.0	230	1.65e-16	80.5
WP_063419938.1	lcl|OHA58142.1-9.B.259.2.2	26.3	56.8	30.6	228	8.30e-15	75.5
WP_063419938.1	lcl|Q9HV74-2.A.21.9.1	26.5	56.8	21.5	219	2.09e-10	62.0
WP_063419938.1	lcl|Q9C5U0-9.B.238.3.7	23.5	58.6	26.4	285	5.02e-10	60.8
WP_063419938.1	lcl|WP_161837784-9.B.238.3.3	21.0	57.8	27.6	229	5.79e-09	57.4
WP_063419946.1	lcl|Q89SS6-2.A.1.42.2	34.7	60.3	11.4	144	4.73e-08	52.8
WP_063419946.1	lcl|P31119-4.C.1.1.16	25.4	49.1	15.0	114	8.88e-05	42.7
WP_063419958.1	lcl|Q6MDD6-3.A.7.16.1	27.7	74.5	50.9	444	5.46e-25	109
WP_063419963.1	lcl|P73239-3.A.1.106.14	61.0	97.5	98.7	585	1.67e-237	667
WP_063419963.1	lcl|Q1DCT0-3.A.1.106.10	36.6	96.3	81.4	588	5.83e-111	347
WP_063419963.1	lcl|C1F8I9-3.A.1.106.17	34.3	87.7	90.6	534	9.02e-89	286
WP_063419963.1	lcl|Q9WYC4-3.A.1.135.5	31.4	98.7	97.0	599	5.38e-87	281
WP_063419963.1	lcl|Q72J04-3.A.1.106.18	34.7	98.0	99.5	591	3.91e-84	273
WP_063419963.1	lcl|Q8RMB7-3.A.1.106.7	35.2	82.2	40.6	497	3.18e-83	283
WP_063419963.1	lcl|P63359-3.A.1.106.20	34.1	80.3	82.8	484	8.93e-83	270
WP_063419963.1	lcl|A4XGX1-3.A.1.135.10	30.5	96.3	92.2	581	1.40e-82	270
WP_063419963.1	lcl|Q72J05-3.A.1.106.18	32.4	96.0	96.7	592	2.69e-82	269
WP_063419963.1	lcl|A4QD95-3.A.1.106.4	32.3	98.3	46.4	595	4.78e-82	280
WP_063419963.1	lcl|E2YHZ7-3.A.1.135.7	27.6	97.7	98.6	591	7.95e-82	268
WP_063419963.1	lcl|P60752-3.A.1.106.1	33.5	80.3	82.8	484	1.84e-81	266
WP_063419963.1	lcl|Q9KZE5-3.A.1.106.9	31.7	98.0	95.8	615	2.52e-81	267
WP_063419963.1	lcl|Q1LRE9-3.A.1.210.9	33.8	95.0	89.7	583	4.03e-81	267
WP_063419963.1	lcl|Q2G2M9-3.A.1.106.2	32.7	96.3	99.5	581	1.26e-80	264
WP_063419963.1	lcl|Q832J9-3.A.1.135.9	29.6	96.2	97.6	582	2.45e-80	264
WP_063419963.1	lcl|WP_038540363-3.A.1.210.16	44.1	51.0	52.3	306	5.43e-80	263
WP_063419963.1	lcl|KKK43437-3.A.1.135.12	33.9	84.2	82.5	508	1.04e-79	263
WP_063419963.1	lcl|D5AL45-3.A.1.210.15	31.1	93.3	90.8	578	5.68e-79	261
WP_063419963.1	lcl|E8MFM3-3.A.1.135.6	30.6	94.2	92.4	575	2.93e-77	256
WP_063419963.1	lcl|Q7NL26-3.A.1.106.12	34.4	81.7	85.4	494	7.51e-77	254
WP_063419963.1	lcl|A4XGX0-3.A.1.135.10	32.9	77.3	80.6	468	4.10e-76	252
WP_063419963.1	lcl|Q9NRK6-3.A.1.201.17	32.3	97.0	78.7	589	7.80e-76	255
WP_063419963.1	lcl|G9F9U0-3.A.1.201.30	33.2	96.2	87.8	591	1.13e-75	253
WP_063419963.1	lcl|O53645-3.A.1.106.6	31.7	97.8	47.9	597	1.62e-75	261
WP_063419980.1	lcl|WP_013048799.1-9.B.263.2.4	32.5	41.1	26.2	83	2.56e-05	43.5
WP_063419984.1	lcl|RMZ54818.1-8.A.191.1.8	33.3	96.9	37.2	222	6.69e-29	113
WP_063419988.1	lcl|Q31NV8-3.D.3.5.3	62.3	96.1	93.8	305	2.81e-129	370
WP_063419988.1	lcl|Q93SW9-3.D.3.5.6	60.6	94.2	89.2	297	2.58e-122	353
WP_063419988.1	lcl|7R0W_C-3.D.3.5.7	59.3	92.6	87.5	290	9.02e-112	326
WP_063419988.1	lcl|P26287-3.D.3.5.1	59.3	92.6	87.5	290	9.02e-112	326
WP_063419990.1	lcl|Q9W3H7-8.A.24.1.8	25.6	89.9	19.6	172	2.75e-13	67.0
WP_063419990.1	lcl|O67184-3.A.1.110.13	28.9	63.5	18.8	121	6.74e-04	39.3
WP_063420004.1	lcl|AKM80781.1-3.A.11.1.5	35.4	67.3	77.7	511	3.67e-85	282
WP_063420004.1	lcl|Q9ZKE4-3.A.11.3.1	34.2	63.5	73.8	482	1.96e-69	239
WP_063420004.1	lcl|P39145-3.A.11.1.1	26.7	22.6	33.3	172	1.08e-07	54.7
WP_063420004.1	lcl|Q8CWM9-3.A.11.1.2	27.2	22.3	34.7	169	3.47e-05	46.6
WP_063420012.1	lcl|B1W2Z9-9.B.149.1.1	40.9	45.0	49.3	198	1.24e-30	120
WP_063420012.1	lcl|G0FY34-9.B.149.1.2	41.1	47.9	52.0	202	8.51e-29	115
WP_063420012.1	lcl|F8D414-3.A.1.105.12	26.8	91.7	99.7	410	1.64e-19	89.4
WP_063420012.1	lcl|P26937-9.B.149.1.13	32.0	38.4	55.2	169	1.04e-05	46.6
WP_063420012.1	lcl|WP_079509902.1-9.B.149.1.12	27.8	32.0	47.2	144	4.32e-04	41.6
WP_063420018.1	lcl|A1CC48-9.B.178.1.2	27.0	59.2	25.9	278	1.32e-10	63.2
WP_063420027.1	lcl|Q5X1N2-9.A.8.1.12	28.8	28.7	12.1	104	4.12e-04	42.0
WP_063420027.1	lcl|Q8EG28-9.A.8.1.19	35.7	27.0	11.4	98	9.55e-04	40.8
WP_063420035.1	lcl|A0R050-3.D.3.5.5	35.4	56.8	28.0	79	9.30e-08	48.5
WP_063420046.1	lcl|P38919-3.A.18.1.1	36.6	62.0	92.5	383	3.53e-75	245
WP_063420046.1	lcl|O00571-1.I.1.1.3	39.6	53.1	52.7	351	1.79e-62	218
WP_063420046.1	lcl|Q13838-3.A.18.1.1	31.2	59.4	86.2	372	3.73e-57	198
WP_063420046.1	lcl|O00148-3.A.22.1.2	31.1	61.4	89.9	389	2.62e-55	193
WP_063420046.1	lcl|Q9NUU7-1.I.1.1.3	32.8	59.7	78.9	384	2.14e-53	189
WP_063420046.1	lcl|Q9UMR2-1.I.1.1.3	33.2	59.7	78.7	385	4.20e-53	188
WP_063420046.1	lcl|Q07478-3.A.22.1.1	32.4	55.5	78.9	355	7.42e-52	184
WP_063420046.1	lcl|Q5EAK4-2.A.16.2.2	30.1	18.8	5.9	123	1.16e-06	51.6
WP_063420048.1	lcl|Q9Y5S9-3.A.18.1.1	31.8	69.4	50.6	88	4.41e-10	53.9
WP_063420048.1	lcl|P52298-9.A.60.1.1	35.1	61.2	47.4	74	9.20e-10	52.8
WP_063420050.1	lcl|Q42029-3.E.2.2.3	24.6	67.9	53.6	142	1.95e-04	40.4
WP_063420050.1	lcl|O49344-3.E.2.2.3	29.7	38.0	59.2	74	4.81e-04	38.1
WP_063420057.1	lcl|AAX46970-3.A.1.7.6	73.4	90.6	93.8	301	1.60e-154	435
WP_063420057.1	lcl|P0AG82-3.A.1.7.1	34.2	88.5	88.4	310	1.12e-45	158
WP_063420057.1	lcl|Q7WTY8-3.A.1.7.2	29.3	82.4	79.1	300	4.54e-26	106
WP_063420057.1	lcl|O05870-3.A.1.7.4	25.3	82.1	80.3	304	9.77e-14	70.9
WP_063420057.1	lcl|D0VWY2-3.A.1.7.3	26.7	84.5	88.4	345	2.47e-13	69.7
WP_063420066.1	lcl|P74477-2.A.49.6.1	27.9	89.7	12.3	140	3.19e-06	45.4
WP_063420068.1	lcl|K0WKG7-4.F.1.1.8	33.3	51.3	55.9	108	4.73e-09	53.1
WP_063420068.1	lcl|Q6ADZ6-4.F.1.1.7	36.2	54.5	55.6	105	1.76e-08	51.6
WP_063420090.1	lcl|CAG2192679.1-8.A.227.1.4	34.1	49.5	23.1	91	1.01e-06	47.4
WP_063420090.1	lcl|KAJ8030504.1-8.A.227.1.5	23.4	65.9	66.3	124	4.53e-06	44.7
WP_063420090.1	lcl|GFO46191.1-8.A.227.1.7	31.8	56.6	49.0	107	3.34e-05	42.4
WP_063420090.1	lcl|KAH9401620.1-8.A.227.1.6	33.8	38.5	15.8	71	7.74e-04	38.9
WP_063420114.1	lcl|Q7VCA3-9.B.14.3.2	63.5	94.7	94.6	301	1.04e-136	389
WP_063420114.1	lcl|Q31BB2-9.B.14.3.7	59.2	95.0	95.8	304	1.18e-119	346
WP_063420114.1	lcl|P48269-9.B.14.3.3	47.9	84.9	69.1	280	5.48e-82	251
WP_063420114.1	lcl|SCY20447.1-9.B.14.3.9	33.5	79.6	21.3	257	7.27e-33	128
WP_063420114.1	lcl|I9SIM5-9.B.14.3.8	38.8	78.6	23.1	258	9.52e-33	127
WP_063420114.1	lcl|B8ZT62-9.B.14.3.4	37.7	57.5	50.2	183	9.85e-32	120
WP_063420114.1	lcl|Q7VHG9-9.B.14.3.1	33.2	79.6	23.6	256	5.33e-25	105
WP_063420114.1	lcl|WP_011023237.1-9.B.14.1.21	40.9	27.0	26.1	93	7.20e-11	62.0
WP_063420114.1	lcl|AAM04843.1-9.B.14.1.21	43.3	21.1	27.9	67	1.48e-10	60.1
WP_063420114.1	lcl|I6ZP97-9.B.14.2.5	31.6	24.8	33.8	79	1.27e-08	54.3
WP_063420114.1	lcl|Q5V2F3-9.B.14.1.5	39.2	23.6	10.0	79	6.74e-08	53.5
WP_063420114.1	lcl|P29961-9.B.14.2.1	40.0	14.2	18.6	45	1.10e-07	51.6
WP_063420114.1	lcl|P45403-9.B.14.1.2	42.9	14.8	7.4	49	1.10e-06	49.7
WP_063420114.1	lcl|P0ABM1-9.B.14.2.3	25.0	24.2	32.7	80	2.16e-06	47.8
WP_063420114.1	lcl|Q9I3N5-9.B.14.2.4	29.7	22.3	29.4	74	7.31e-06	46.2
WP_063420114.1	lcl|P64432-9.B.14.3.6	23.4	67.0	67.7	218	3.33e-05	44.3
WP_063420114.1	lcl|Q00500-9.B.14.1.1	40.4	14.2	7.2	47	4.36e-05	44.7
WP_063420114.1	lcl|P30962-9.B.14.2.2	34.1	12.9	15.6	41	6.05e-04	40.4
WP_063420116.1	lcl|B8CYZ1-1.B.42.1.13	24.4	92.1	34.1	381	2.31e-20	93.2
WP_063420116.1	lcl|PXF34891.1-1.B.42.1.15	24.6	82.6	21.9	345	6.18e-15	76.6
WP_063420116.1	lcl|C1F8J0-3.A.1.152.2	25.5	92.1	46.6	380	1.54e-13	72.0
WP_063420116.1	lcl|A4SF64-3.A.1.152.4	21.0	87.8	93.9	439	1.96e-06	49.3
WP_063420118.1	lcl|Q9HVV6-3.A.1.152.1	51.7	97.9	97.5	238	2.32e-81	243
WP_063420118.1	lcl|A6TEM0-3.A.1.152.9	50.4	99.6	99.2	242	2.67e-80	240
WP_063420118.1	lcl|P0A9V1-1.B.42.1.2	50.4	99.6	99.2	242	2.17e-79	238
WP_063420118.1	lcl|Q8DQH7-3.A.1.4.10	36.2	90.9	91.9	224	2.44e-38	133
WP_063420118.1	lcl|P0A9S7-3.A.1.4.1	36.5	93.0	93.3	241	5.60e-38	132
WP_063420118.1	lcl|P21629-3.A.1.4.8	34.0	96.7	97.6	253	7.88e-38	132
WP_063420118.1	lcl|Q8DQH8-3.A.1.4.10	33.1	95.9	96.5	248	6.52e-36	127
WP_063420118.1	lcl|Q8YT15-3.A.1.4.6	34.2	92.1	88.3	231	7.71e-36	127
WP_063420118.1	lcl|P73650-3.A.1.4.2	33.5	94.6	93.3	230	1.28e-35	126
WP_063420118.1	lcl|Q6N8W2-3.A.1.4.11	35.5	95.0	94.1	231	9.70e-35	124
WP_063420118.1	lcl|Q7A2H0-3.A.1.4.6	36.1	93.0	91.5	241	2.27e-34	123
WP_063420118.1	lcl|OLS24633-3.A.1.4.13	31.6	91.3	93.1	234	3.27e-34	122
WP_063420118.1	lcl|Q5SHV0-3.A.1.10.6	37.2	88.4	58.3	215	7.60e-34	124
WP_063420118.1	lcl|Q7UQ83-3.A.1.115.2	34.7	93.0	86.5	225	2.85e-33	120
WP_063420118.1	lcl|Q8NRV7-3.A.1.4.5	33.8	86.4	87.6	210	9.90e-33	118
WP_063420118.1	lcl|Q45460-3.A.1.12.3	32.6	93.8	59.3	230	1.85e-32	121
WP_063420118.1	lcl|Q6N8W1-3.A.1.4.11	32.2	95.9	41.0	245	7.43e-32	122
WP_063420118.1	lcl|J8ABC0-3.A.1.105.9	29.4	98.3	72.9	238	7.62e-32	118
WP_063420118.1	lcl|Q8YU20-3.A.1.4.12	32.5	96.3	87.1	237	7.97e-32	117
WP_063420118.1	lcl|AKM83893-3.A.1.4.14	29.3	97.5	95.9	242	1.36e-31	115
WP_063420118.1	lcl|P22731-3.A.1.4.1	32.9	90.1	90.3	219	1.66e-31	115
WP_063420118.1	lcl|CAI09142-3.A.1.4.15	31.6	92.6	92.4	225	1.70e-31	115
WP_063420118.1	lcl|O34992-3.A.1.12.4	32.5	93.0	58.9	228	2.57e-31	118
WP_063420118.1	lcl|P31134-3.A.1.11.2	32.3	90.5	56.8	220	4.75e-31	117
WP_063420118.1	lcl|O30385-3.A.1.132.12	33.8	86.8	62.3	210	5.50e-31	116
WP_063420127.1	lcl|AKM80112-3.A.11.1.5	42.1	77.5	93.9	663	4.70e-145	443
WP_063420127.1	lcl|Q9ZKE4-3.A.11.3.1	28.1	17.3	22.3	146	5.36e-06	49.7
WP_063420127.1	lcl|P38919-3.A.18.1.1	32.3	10.6	22.6	93	1.17e-04	45.1
WP_063420127.1	lcl|Q8CWM9-3.A.11.1.2	23.1	34.4	64.8	303	4.80e-04	43.1
WP_063420130.1	lcl|O50296-3.A.1.114.1	54.0	97.8	91.8	224	8.49e-79	236
WP_063420130.1	lcl|O34392-3.A.1.122.19	40.2	95.6	96.5	224	1.06e-47	156
WP_063420130.1	lcl|O53899-3.A.1.125.2	41.9	99.6	91.9	229	3.40e-47	155
WP_063420130.1	lcl|OLS22653-3.A.1.122.26	36.6	97.8	93.6	238	8.03e-46	152
WP_063420130.1	lcl|Q7A3X3-3.A.1.122.4	41.4	91.3	94.1	215	2.84e-45	150
WP_063420130.1	lcl|D6ZUW6-3.A.1.122.16	42.9	97.4	87.7	224	9.73e-45	149
WP_063420130.1	lcl|H6NK49-3.A.1.122.34	37.3	95.6	92.8	220	6.84e-44	147
WP_063420130.1	lcl|D5UKP4-3.A.1.122.32	41.5	96.9	92.5	224	7.63e-44	147
WP_063420130.1	lcl|Q973J6-3.A.1.122.10	39.7	96.9	96.1	224	1.22e-43	146
WP_063420130.1	lcl|OLS26560-3.A.1.125.6	41.8	87.3	84.7	201	1.92e-43	145
WP_063420130.1	lcl|Q8DQF8-3.A.1.122.20	40.0	97.8	95.3	225	4.99e-43	144
WP_063420130.1	lcl|P75831-3.A.1.122.1	41.2	96.1	33.8	221	1.57e-42	151
WP_063420130.1	lcl|O31711-3.A.1.122.2	37.6	96.1	95.2	221	2.57e-42	142
WP_063420130.1	lcl|Q2EHL8-3.A.1.122.35	40.5	96.5	34.2	222	2.91e-42	150
WP_063420130.1	lcl|P0A9T8-3.A.1.122.15	38.6	95.6	96.1	220	6.86e-42	141
WP_063420130.1	lcl|A8TDW7-3.A.1.122.7	37.1	96.1	75.8	221	1.19e-41	142
WP_063420130.1	lcl|E6N374-3.A.1.122.27	38.2	97.8	94.5	225	1.70e-41	140
WP_063420130.1	lcl|A3MWP1-3.A.1.137.1	38.5	96.1	86.6	221	2.73e-41	140
WP_063420130.1	lcl|Q8NSN2-3.A.1.24.4	39.4	95.6	61.1	221	3.00e-41	143
WP_063420130.1	lcl|AKM80416-3.A.1.122.17	38.1	96.9	81.0	223	3.23e-41	141
WP_063420130.1	lcl|P75957-3.A.1.125.1	39.2	98.3	96.6	227	4.40e-41	139
WP_063420130.1	lcl|H2GZC3-3.A.1.122.11	43.1	88.2	88.2	202	6.32e-41	139
WP_063420130.1	lcl|P10346-3.A.1.3.2	41.2	95.6	89.2	221	7.48e-41	139
WP_063420130.1	lcl|Q58206-3.A.1.122.14	37.2	95.6	94.9	223	9.23e-41	139
WP_063420130.1	lcl|Q8TM30-3.A.1.122.6	38.1	94.8	97.3	218	9.42e-41	138
WP_063420131.1	lcl|Q8YPB8-3.A.1.114.2	26.5	96.9	92.9	408	1.01e-28	113
WP_063420131.1	lcl|Q7A2B0-3.A.1.114.1	36.8	46.3	28.7	136	2.79e-25	104
WP_063420131.1	lcl|Q7UZ72-8.A.1.6.4	24.9	67.3	68.8	221	2.44e-05	44.7
WP_063420131.1	lcl|Q2EHL9-3.A.1.122.35	25.0	54.1	44.7	176	5.34e-05	43.9
WP_063420131.1	lcl|Q1CVN0-2.A.6.1.11	25.3	75.9	55.0	225	6.74e-04	40.4
WP_063420132.1	lcl|8XQX_H-3.A.9.1.4	31.3	80.7	40.7	230	9.11e-27	108
WP_063420135.1	lcl|Q58AJ7-9.B.105.1.1	35.7	81.8	38.3	143	6.95e-13	64.7
WP_063420135.1	lcl|ALM14817-9.B.105.1.9	35.3	61.2	68.1	102	2.09e-07	47.4
WP_063420135.1	lcl|Q6MIB9-9.B.105.1.8	32.5	69.7	37.7	126	3.45e-05	42.4
WP_063420138.1	lcl|F8FLY5-2.A.86.1.11	23.2	87.7	83.2	298	8.31e-11	62.0
WP_063420138.1	lcl|P0AFS5-2.A.86.1.4	24.6	86.8	84.3	301	6.08e-04	40.8
WP_063420139.1	lcl|WP_069094398.1-2.A.86.3.3	29.8	46.9	23.8	171	5.44e-10	60.5
WP_063420139.1	lcl|O32095-2.A.86.1.8	23.5	82.2	78.0	298	1.07e-09	58.9
WP_063420139.1	lcl|F8FLY5-2.A.86.1.11	23.7	89.7	86.0	325	1.38e-09	58.5
WP_063420139.1	lcl|P0AGM0-2.A.86.1.2	27.9	30.6	31.8	111	1.01e-07	52.8
WP_063420139.1	lcl|C9VRY8-2.A.86.1.5	23.6	88.6	47.4	326	1.45e-06	49.7
WP_063420139.1	lcl|P0AFS5-2.A.86.1.4	26.3	37.8	39.8	137	9.46e-05	43.5
WP_063420145.1	lcl|Q31RZ6-3.A.5.4.1	45.2	85.5	94.6	310	2.40e-73	229
WP_063420145.1	lcl|Q5SKE6-2.A.6.4.3	34.6	74.4	34.0	269	2.52e-33	130
WP_063420145.1	lcl|P0AG93-2.A.6.4.1	31.7	81.6	83.3	303	4.20e-31	119
WP_063420145.1	lcl|O32047-2.A.6.4.2	27.5	86.4	38.4	313	2.98e-26	109
WP_063420145.1	lcl|O32047-3.A.5.2.1	27.5	86.4	38.4	313	2.98e-26	109
WP_063420145.1	lcl|Q50635-3.A.5.2.2	28.2	84.7	66.1	319	5.77e-23	99.0
WP_063420145.1	lcl|Q5UXT6-3.A.5.7.1	21.2	60.2	60.1	217	2.76e-05	45.1
WP_063420152.1	lcl|WP_072720259.1-9.B.214.2.1	35.5	83.6	77.7	110	4.86e-13	61.2
WP_063420152.1	lcl|WP_013628319.1-9.B.214.2.3	33.8	97.7	86.1	139	2.06e-11	57.4
WP_063420159.1	lcl|WP_065152054.1-9.B.304.1.6	40.4	61.6	38.5	57	1.11e-08	48.5
WP_063420159.1	lcl|WP_056735702.1-9.B.304.1.3	38.9	80.2	71.3	72	1.92e-08	47.0
WP_063420159.1	lcl|KKK43568-9.B.304.1.1	30.3	60.5	14.4	66	2.01e-04	37.7
WP_063420159.1	lcl|WP_002647743.1-9.B.304.1.2	35.3	59.3	56.7	51	6.36e-04	35.0
WP_063420166.1	lcl|Q7V7U0-2.A.7.28.11	96.7	100	99.0	301	6.34e-205	561
WP_063420166.1	lcl|Q9HUX6-2.A.7.28.13	32.6	93.4	97.5	282	2.62e-39	139
WP_063420166.1	lcl|Q8BY79-2.A.7.28.1	28.3	88.4	75.3	279	8.10e-21	90.9
WP_063420166.1	lcl|Q2M3R5-2.A.7.28.8	28.5	88.7	76.2	281	1.47e-20	90.1
WP_063420166.1	lcl|R7QDD5-2.A.7.28.10	27.4	93.0	86.5	296	1.15e-15	75.9
WP_063420166.1	lcl|Q1MIM3-2.A.7.3.54	26.2	92.0	91.1	286	9.37e-10	58.2
WP_063420166.1	lcl|M4V8N5-2.A.7.3.65	23.6	93.7	95.0	296	2.60e-05	44.7
WP_063420171.1	lcl|Q9MUK5-3.A.9.1.1	40.9	30.2	25.1	149	6.46e-21	95.5
WP_063420176.1	lcl|C1F8I9-3.A.1.106.17	34.7	97.4	97.6	570	5.27e-107	333
WP_063420176.1	lcl|Q9KZE5-3.A.1.106.9	32.9	96.2	93.1	584	6.81e-86	279
WP_063420176.1	lcl|P77265-3.A.1.106.13	30.5	94.9	93.9	557	2.69e-82	268
WP_063420176.1	lcl|A7VN01-3.A.1.106.5	29.9	98.5	97.1	579	7.97e-81	265
WP_063420176.1	lcl|Q72J04-3.A.1.106.18	32.6	95.7	95.2	562	4.40e-80	262
WP_063420176.1	lcl|O07550-3.A.1.106.8	29.4	97.6	97.4	572	2.92e-78	258
WP_063420176.1	lcl|Q72J05-3.A.1.106.18	31.3	96.1	95.7	578	3.20e-76	253
WP_063420176.1	lcl|Q9WYC4-3.A.1.135.5	28.0	95.9	93.1	567	6.78e-72	241
WP_063420176.1	lcl|Q8G7R7-3.A.1.106.3	28.0	97.3	94.2	572	2.79e-71	239
WP_063420176.1	lcl|Q2G2M9-3.A.1.106.2	28.0	96.6	99.1	574	3.23e-71	239
WP_063420176.1	lcl|A4QD95-3.A.1.106.4	31.8	83.2	38.8	497	6.80e-71	247
WP_063420176.1	lcl|Q7NL26-3.A.1.106.12	31.6	90.2	93.1	554	4.64e-69	233
WP_063420176.1	lcl|P73239-3.A.1.106.14	29.4	83.5	82.0	489	1.27e-68	232
WP_063420176.1	lcl|O53645-3.A.1.106.6	30.8	93.1	45.1	548	6.58e-64	227
WP_063420176.1	lcl|A4XGX1-3.A.1.135.10	26.1	94.3	89.4	552	1.05e-63	219
WP_063420176.1	lcl|P60752-3.A.1.106.1	28.8	89.5	90.0	527	2.06e-62	215
WP_063420176.1	lcl|E2YHZ7-3.A.1.135.7	26.7	96.4	96.3	569	4.55e-62	214
WP_063420176.1	lcl|P63359-3.A.1.106.20	28.3	89.5	90.0	527	7.65e-62	214
WP_063420176.1	lcl|Q9WYC3-3.A.1.135.5	27.9	96.6	97.6	570	4.98e-61	211
WP_063420176.1	lcl|J6RCW6-3.A.1.135.7	26.7	86.4	88.9	506	7.89e-61	211
WP_063420176.1	lcl|G9CHY9-3.A.1.135.3	29.1	82.0	81.0	485	1.84e-60	210
WP_063420176.1	lcl|G9CHY8-3.A.1.135.3	26.5	89.7	91.7	524	4.11e-59	206
WP_063420176.1	lcl|A4XGX0-3.A.1.135.10	25.7	98.1	99.1	576	9.54e-59	205
WP_063420176.1	lcl|Q9A1K4-3.A.1.135.2	28.0	82.0	81.0	485	1.28e-58	205
WP_063420176.1	lcl|Q66LJ0-3.A.1.135.13	29.2	96.2	87.9	566	1.36e-58	206
WP_063420185.1	lcl|Q9WZ49-3.A.29.1.7	48.5	90.6	94.1	588	1.30e-176	514
WP_063420185.1	lcl|P0AAI3-3.A.29.1.5	46.1	95.9	91.3	614	2.06e-170	500
WP_063420185.1	lcl|ALM13868-3.A.29.1.6	49.0	82.0	82.6	535	6.95e-161	475
WP_063420185.1	lcl|O67077-3.A.29.1.4	47.1	89.5	88.8	577	3.57e-160	473
WP_063420185.1	lcl|B7J0N5-3.A.29.1.8	44.1	88.2	86.9	565	1.19e-150	449
WP_063420185.1	lcl|P40341-3.A.29.1.1	46.8	75.7	58.3	491	6.33e-135	414
WP_063420185.1	lcl|Q9N3T5-3.A.29.1.2	47.1	71.6	58.2	463	3.80e-128	395
WP_063420185.1	lcl|P39925-3.A.29.1.1	44.6	76.3	66.0	511	2.39e-127	393
WP_063420185.1	lcl|P32795-3.A.29.1.1	44.1	69.9	58.0	451	6.25e-115	360
WP_063420185.1	lcl|P54813-3.A.29.1.2	44.0	69.6	61.0	450	1.10e-112	353
WP_063420185.1	lcl|8XQX_E-3.A.9.1.4	39.8	77.1	55.0	543	2.31e-101	330
WP_063420185.1	lcl|8XQX_F-3.A.9.1.4	42.4	69.4	44.7	469	8.73e-92	305
WP_063420185.1	lcl|8XQX_B-3.A.9.1.4	31.7	92.5	58.4	654	9.00e-83	281
WP_063420185.1	lcl|8XQX_C-3.A.9.1.4	31.7	92.5	58.4	654	9.00e-83	281
WP_063420185.1	lcl|8XQX_A-3.A.9.1.4	40.1	55.0	32.6	387	1.20e-65	233
WP_063420185.1	lcl|P25694-3.A.16.1.2	42.4	37.9	28.5	243	2.10e-55	201
WP_063420185.1	lcl|P55072-3.A.16.1.1	42.4	37.9	29.5	243	1.95e-54	198
WP_063420185.1	lcl|P54609-3.A.16.1.5	41.6	37.9	29.4	243	2.00e-54	198
WP_063420185.1	lcl|B7G1T3-3.A.25.1.1	40.2	37.3	26.5	246	2.56e-54	199
WP_063420185.1	lcl|C6KT34-3.A.16.1.3	41.0	37.3	28.5	239	3.81e-53	195
WP_063420185.1	lcl|P46468-3.A.25.2.1	42.5	34.5	17.8	221	1.10e-51	192
WP_063420185.1	lcl|Q9ZPR1-3.A.16.1.5	42.8	36.7	39.1	236	1.26e-49	182
WP_063420185.1	lcl|P24004-3.A.20.1.5	39.7	38.7	24.4	257	2.97e-46	176
WP_063420185.1	lcl|Q9SS94-3.A.16.1.5	41.5	37.3	29.5	253	1.68e-45	172
WP_063420185.1	lcl|O43933-3.A.20.1.1	42.1	34.5	17.0	221	2.18e-44	170
WP_063420186.1	lcl|N9J6M5-3.A.1.122.18	34.8	98.3	59.6	405	6.31e-58	200
WP_063420186.1	lcl|O31712-3.A.1.122.2	30.6	98.5	99.5	405	7.90e-56	188
WP_063420186.1	lcl|P75831-3.A.1.122.1	33.9	97.8	60.5	407	2.32e-51	182
WP_063420186.1	lcl|A0ZUB1-3.A.1.122.12	33.5	97.8	60.2	406	1.17e-49	177
WP_063420186.1	lcl|AKF46139-3.A.1.122.36	31.9	97.8	60.0	405	7.89e-48	172
WP_063420186.1	lcl|Q2EHL8-3.A.1.122.35	31.5	97.8	60.9	406	4.91e-47	170
WP_063420186.1	lcl|Q8DQF7-3.A.1.122.20	27.5	97.8	99.5	437	4.61e-34	130
WP_063420186.1	lcl|A8TDX0-3.A.1.122.7	27.0	97.8	98.8	418	2.42e-31	123
WP_063420186.1	lcl|Q8RKC0-3.A.1.122.3	27.0	96.3	97.7	403	8.00e-28	113
WP_063420186.1	lcl|Q973J4-3.A.1.122.10	25.3	82.9	74.5	344	8.05e-19	87.4
WP_063420186.1	lcl|E6NBB1-3.A.1.122.27	27.8	97.3	98.3	446	1.54e-16	80.5
WP_063420186.1	lcl|B8GHI1-3.A.1.122.21	25.3	97.1	98.7	411	1.08e-14	74.7
WP_063420186.1	lcl|RCX16584-3.A.1.122.29	21.1	97.8	98.9	460	1.92e-13	71.2
WP_063420186.1	lcl|A4YGY2-3.A.1.122.5	24.9	98.5	99.3	438	1.24e-12	68.6
WP_063420186.1	lcl|O35005-3.A.1.122.19	26.8	60.4	58.5	272	3.15e-11	64.3
WP_063420186.1	lcl|Q03RZ6-3.A.1.122.13	32.9	35.0	22.2	149	8.62e-08	53.9
WP_063420186.1	lcl|A3MWP2-3.A.1.137.1	22.4	96.6	93.9	415	2.46e-06	48.9
WP_063420186.1	lcl|Q73MJ3-3.A.1.122.8	33.0	24.9	27.6	103	3.13e-06	48.5
WP_063420186.1	lcl|WP_014397198-3.A.1.122.25	27.2	61.9	62.9	265	3.21e-06	48.5
WP_063420186.1	lcl|A8M8Z1-3.A.1.122.9	25.6	34.7	36.8	156	7.78e-06	47.4
WP_063420186.1	lcl|E8MS96-3.A.1.122.30	35.3	20.8	14.2	85	1.20e-05	47.0
WP_063420186.1	lcl|Q73MJ4-3.A.1.122.8	24.3	61.6	62.1	284	1.41e-05	46.6
WP_063420186.1	lcl|Q58207-3.A.1.122.14	26.6	43.3	43.6	177	1.69e-05	46.2
WP_063420186.1	lcl|MCH7563386.1-3.A.1.122.37	22.9	68.7	33.5	306	2.43e-05	46.2
WP_063420186.1	lcl|Q2J9P4-3.A.1.125.3	31.9	25.7	12.9	113	2.44e-05	46.2
WP_063420193.1	lcl|Q92T01-3.A.1.1.58	46.6	87.9	82.4	290	4.88e-81	249
WP_063420193.1	lcl|Q9R9Q4-3.A.1.1.17	43.3	97.5	95.0	326	3.26e-79	244
WP_063420193.1	lcl|P54933-3.A.1.1.5	47.3	80.4	79.5	264	6.82e-79	243
WP_063420193.1	lcl|Q6MNM2-3.A.1.1.51	45.1	88.5	84.4	297	1.07e-78	243
WP_063420193.1	lcl|P10907-3.A.1.1.3	45.3	82.6	83.1	296	5.58e-78	241
WP_063420193.1	lcl|O30494-3.A.1.1.49	39.5	95.3	93.7	344	2.17e-77	240
WP_063420193.1	lcl|Q9KWT9-3.A.1.1.10	47.5	79.2	69.4	255	3.86e-77	239
WP_063420193.1	lcl|O32151-3.A.1.1.34	48.0	77.0	66.8	248	1.22e-76	238
WP_063420193.1	lcl|Q8TZQ3-3.A.1.1.16	51.8	74.2	66.2	245	2.66e-76	238
WP_063420193.1	lcl|D4GP38-3.A.1.1.56	51.7	73.6	62.1	238	3.86e-76	238
WP_063420193.1	lcl|Q9X103-3.A.1.1.22	49.6	74.8	65.6	242	5.16e-76	237
WP_063420193.1	lcl|Q9KLQ5-3.A.1.20.2	44.1	84.8	85.2	299	6.10e-76	236
WP_063420193.1	lcl|Q9AI63-3.A.1.1.12	49.6	74.8	65.6	242	1.03e-75	236
WP_063420193.1	lcl|Q72L52-3.A.1.1.24	49.0	74.2	63.6	239	2.51e-75	235
WP_063420193.1	lcl|Q72L52-3.A.1.1.25	49.0	74.2	63.6	239	2.51e-75	235
WP_063420193.1	lcl|Q88P35-3.A.1.1.30	38.5	99.1	94.0	361	4.45e-75	235
WP_063420193.1	lcl|F6BHH9-3.A.1.1.62	44.2	86.3	76.3	283	1.22e-74	233
WP_063420193.1	lcl|O53482-3.A.1.1.61	41.2	93.5	92.7	335	4.60e-74	231
WP_063420193.1	lcl|WP_022543180.1-3.A.1.1.53	51.1	69.3	59.2	223	5.77e-74	232
WP_063420193.1	lcl|Q8NMV1-3.A.1.1.45	51.1	69.3	59.3	223	1.58e-73	231
WP_063420193.1	lcl|Q3MAR5-3.A.1.11.10	42.6	95.7	76.6	310	1.44e-72	228
WP_063420193.1	lcl|Q55035-3.A.1.1.32	49.0	74.2	65.8	239	1.72e-72	228
WP_063420193.1	lcl|Q01937-3.A.1.1.4	47.3	74.2	65.8	239	2.43e-72	227
WP_063420193.1	lcl|P96483-3.A.1.1.23	48.3	72.0	62.1	234	2.56e-72	228
WP_063420193.1	lcl|P94360-3.A.1.1.26	49.6	72.0	64.1	234	2.58e-72	227
WP_063420194.1	lcl|Q72H66-3.A.1.1.25	38.0	97.1	94.3	266	8.80e-46	154
WP_063420194.1	lcl|G4FGN6-3.A.1.1.41	34.3	97.1	95.0	265	1.01e-43	149
WP_063420194.1	lcl|Q9AI66-3.A.1.1.12	39.9	77.6	74.0	213	1.01e-42	147
WP_063420194.1	lcl|Q9R9Q5-3.A.1.1.17	39.2	83.5	81.9	227	1.15e-41	144
WP_063420194.1	lcl|O50453-3.A.1.1.31	37.7	83.5	82.5	231	6.53e-40	139
WP_063420194.1	lcl|O51925-3.A.1.1.7	37.5	94.1	91.7	259	1.43e-39	138
WP_063420194.1	lcl|O30493-3.A.1.1.49	30.4	97.1	93.5	270	6.63e-30	113
WP_063420194.1	lcl|O30833-3.A.1.1.5	30.9	98.2	97.5	275	6.89e-29	110
WP_063420194.1	lcl|Q93J92-3.A.1.1.36	30.8	97.1	87.0	266	4.17e-27	106
WP_063420194.1	lcl|Q6MNM1-3.A.1.1.51	29.1	100	100	275	3.56e-26	103
WP_063420194.1	lcl|P77716-3.A.1.1.46	30.5	84.6	81.8	236	4.15e-26	103
WP_063420194.1	lcl|Q8RJU8-3.A.1.1.18	29.9	96.0	85.7	264	6.72e-26	103
WP_063420194.1	lcl|Q8Z042-3.A.1.1.52	28.1	94.5	92.0	263	2.83e-24	98.2
WP_063420194.1	lcl|Q8KN17-3.A.1.1.33	30.4	78.3	76.5	214	2.88e-23	95.5
WP_063420194.1	lcl|Q72KX4-3.A.1.1.24	26.9	79.4	83.6	227	4.36e-19	84.0
WP_063420194.1	lcl|Q8DT26-3.A.1.1.27	26.8	93.8	91.7	257	5.06e-19	84.0
WP_063420194.1	lcl|Q8TZQ0-3.A.1.1.16	31.0	79.0	52.3	226	5.17e-19	85.5
WP_063420194.1	lcl|Q9KZ08-3.A.1.1.44	26.5	94.5	83.8	257	1.83e-18	82.8
WP_063420194.1	lcl|Q92SZ9-3.A.1.1.58	30.4	94.1	91.4	260	1.85e-18	82.4
WP_063420194.1	lcl|Q9Z3R7-3.A.1.1.8	29.4	84.2	61.1	238	2.70e-18	83.2
WP_063420194.1	lcl|P29824-3.A.1.1.4	27.4	77.9	74.4	212	3.24e-18	81.6
WP_063420194.1	lcl|Q97ZC1-3.A.1.1.15	28.2	78.7	76.4	216	4.10e-18	81.3
WP_063420194.1	lcl|Q00751-3.A.1.1.28	26.4	93.8	91.7	261	6.50e-18	80.9
WP_063420194.1	lcl|Q9WYR1-3.A.1.1.39	27.3	76.8	76.0	209	1.56e-17	79.7
WP_063420194.1	lcl|Q9X0S9-3.A.1.1.22	30.7	77.9	26.2	218	1.80e-17	81.6
WP_063420195.1	lcl|O51924-3.A.1.1.7	40.0	91.7	87.3	265	1.83e-61	196
WP_063420195.1	lcl|Q72H67-3.A.1.1.25	36.7	98.6	95.9	289	2.11e-51	170
WP_063420195.1	lcl|Q9R9Q6-3.A.1.1.17	35.4	93.1	86.0	285	2.40e-49	166
WP_063420195.1	lcl|Q8L125-3.A.1.1.19	35.7	92.4	85.5	283	4.30e-49	165
WP_063420195.1	lcl|G4FGN7-3.A.1.1.41	36.4	92.4	92.2	275	2.99e-48	162
WP_063420195.1	lcl|Q9AI67-3.A.1.1.12	36.5	76.4	70.9	233	5.82e-36	130
WP_063420195.1	lcl|Q9WYB4-3.A.1.1.37	27.9	79.2	76.5	229	8.70e-34	124
WP_063420195.1	lcl|Q6MNM0-3.A.1.1.51	32.1	77.1	30.6	224	2.39e-32	125
WP_063420195.1	lcl|O50452-3.A.1.1.31	28.8	87.2	79.8	267	1.78e-30	115
WP_063420195.1	lcl|O53484-3.A.1.1.61	31.2	64.9	63.0	189	3.08e-29	112
WP_063420195.1	lcl|Q8YU29-3.A.1.1.52	29.3	90.6	86.0	263	3.14e-29	112
WP_063420195.1	lcl|Q93KC0-3.A.1.1.11	27.9	80.6	77.0	233	2.12e-27	107
WP_063420195.1	lcl|Q8KN18-3.A.1.1.33	28.5	91.7	82.3	270	7.13e-27	106
WP_063420195.1	lcl|Q93J93-3.A.1.1.36	28.0	89.2	82.3	264	4.12e-25	101
WP_063420195.1	lcl|Q5SLB6-3.A.1.1.50	29.8	76.7	80.6	245	6.00e-25	100
WP_063420195.1	lcl|Q9X0T0-3.A.1.1.22	32.8	63.2	33.8	195	6.95e-25	103
WP_063420195.1	lcl|B3EYN0-3.A.1.1.57	29.5	77.1	72.4	224	6.96e-25	100
WP_063420195.1	lcl|F6BI03-3.A.1.1.62	29.2	70.5	69.0	212	6.61e-24	98.2
WP_063420195.1	lcl|I7GC87-3.A.1.1.60	27.3	86.5	83.8	249	1.36e-23	97.1
WP_063420195.1	lcl|Q7WWQ9-3.A.1.1.20	25.7	90.3	88.8	261	3.85e-23	95.9
WP_063420195.1	lcl|P0AFR7-3.A.1.1.46	25.2	78.8	76.8	230	1.86e-21	91.3
WP_063420195.1	lcl|O30832-3.A.1.1.5	28.6	85.4	84.5	248	2.45e-21	90.9
WP_063420195.1	lcl|D3R798-3.A.1.1.53	24.9	90.6	78.2	261	4.23e-21	90.9
WP_063420195.1	lcl|P29823-3.A.1.1.4	27.2	87.2	84.9	257	1.38e-20	89.0
WP_063420195.1	lcl|P02916-3.A.1.1.1	30.7	70.1	41.6	215	1.90e-20	90.5
WP_063420196.1	lcl|O51923-3.A.1.1.7	34.0	87.2	85.1	385	1.76e-57	194
WP_063420196.1	lcl|G4FGN8-3.A.1.1.41	34.3	82.2	85.4	356	5.95e-55	187
WP_063420196.1	lcl|Q72H68-3.A.1.1.25	31.1	77.3	78.6	344	2.28e-39	145
WP_063420196.1	lcl|Q9R9Q7-3.A.1.1.17	28.4	82.2	83.0	363	4.75e-35	134
WP_063420196.1	lcl|Q8L126-3.A.1.1.19	27.0	79.9	77.1	352	1.32e-31	124
WP_063420196.1	lcl|Q9AI68-3.A.1.1.12	28.4	68.7	71.6	320	4.10e-29	117
WP_063420196.1	lcl|Q7D8J9-3.A.1.1.31	24.7	92.7	94.4	449	2.31e-21	95.5
WP_063420196.1	lcl|Q7AKP1-3.A.1.1.44	24.1	75.6	75.4	332	3.28e-15	76.6
WP_063420196.1	lcl|P58300-3.A.1.1.16	22.2	47.9	44.2	203	3.46e-13	70.5
WP_063420196.1	lcl|Q9X0T1-3.A.1.1.22	21.5	86.7	91.0	381	2.21e-11	64.7
WP_063420196.1	lcl|O30491-3.A.1.1.49	24.0	64.2	62.8	283	1.87e-10	62.0
WP_063420196.1	lcl|Q9S5Y1-3.A.1.1.22	23.1	86.7	90.6	381	1.62e-09	58.9
WP_063420196.1	lcl|P0AEX9-3.A.1.1.1	25.8	51.9	52.8	221	2.12e-08	55.5
WP_063420197.1	lcl|WP_143479989.1-8.A.163.1.3	30.0	94.5	94.6	639	3.44e-72	244
WP_063420197.1	lcl|WP_060732249.1-8.A.163.1.2	28.7	99.2	99.4	682	2.19e-71	242
WP_063420197.1	lcl|P08238-8.A.163.1.1	27.5	98.0	95.7	719	2.09e-58	208
WP_063420200.1	lcl|AAZ57801-3.A.1.7.6	71.2	96.7	98.9	264	4.06e-141	397
WP_063420200.1	lcl|C3KCB5-3.A.1.7.3	61.5	90.8	90.1	247	1.94e-107	311
WP_063420200.1	lcl|P0C560-3.A.1.7.2	57.4	93.8	98.4	258	8.22e-101	294
WP_063420200.1	lcl|O51236-3.A.1.7.5	55.3	93.8	95.0	257	3.14e-96	283
WP_063420200.1	lcl|P0AAH0-3.A.1.7.1	51.4	93.8	96.1	257	6.64e-90	266
WP_063420200.1	lcl|P95302-3.A.1.7.4	41.7	94.5	89.9	259	1.16e-66	208
WP_063420200.1	lcl|Q9C9W0-3.A.1.139.4	36.4	91.9	89.4	253	4.54e-41	142
WP_063420200.1	lcl|Q5Z8H2-3.A.1.139.1	40.8	74.3	66.3	206	1.07e-38	136
WP_063420200.1	lcl|Q45460-3.A.1.12.3	35.0	91.9	61.7	254	2.71e-37	135
WP_063420200.1	lcl|O34992-3.A.1.12.4	36.3	87.1	58.2	240	3.71e-37	134
WP_063420200.1	lcl|Q9A1H1-3.A.1.3.20	32.2	91.9	95.9	255	6.31e-36	128
WP_063420200.1	lcl|P54537-3.A.1.3.15	33.7	91.9	97.9	255	1.07e-35	127
WP_063420200.1	lcl|Q9I488-3.A.1.3.21	32.7	91.9	97.9	254	2.12e-35	126
WP_063420200.1	lcl|Q52666-3.A.1.3.7	33.0	96.3	93.9	270	5.22e-35	126
WP_063420200.1	lcl|P39456-3.A.1.3.14	32.4	92.3	97.2	259	9.81e-35	125
WP_063420200.1	lcl|P48243-3.A.1.3.9	32.8	91.9	97.1	253	1.31e-33	122
WP_063420200.1	lcl|P73721-3.A.1.3.12	34.0	93.8	96.4	262	6.46e-33	120
WP_063420200.1	lcl|WP_332273826.1-3.A.1.12.18	33.8	93.8	75.8	260	9.87e-33	121
WP_063420200.1	lcl|Q52815-3.A.1.3.8	31.3	94.1	93.8	262	1.02e-32	120
WP_063420200.1	lcl|P10346-3.A.1.3.2	30.0	91.9	97.9	253	1.34e-32	119
WP_063420200.1	lcl|B8F898-3.A.1.3.28	33.1	91.9	97.2	260	1.66e-32	119
WP_063420200.1	lcl|P37774-3.A.1.3.10	32.8	91.9	96.4	253	1.70e-32	119
WP_063420200.1	lcl|P0AAG3-3.A.1.3.4	31.0	92.3	97.9	255	5.31e-32	117
WP_063420200.1	lcl|Q9CES4-3.A.1.3.25	32.0	92.3	95.5	256	8.58e-32	117
WP_063420200.1	lcl|O54370-3.A.1.20.1	36.7	85.3	59.9	237	1.01e-31	120
WP_063420201.1	lcl|AAZ57802-3.A.1.7.6	61.0	94.4	96.1	292	2.97e-118	342
WP_063420201.1	lcl|C3KCB6-3.A.1.7.3	47.2	87.9	89.9	271	4.61e-72	224
WP_063420201.1	lcl|P07654-3.A.1.7.1	40.3	89.2	89.9	273	3.19e-57	186
WP_063420201.1	lcl|Q7WTY6-3.A.1.7.2	32.3	91.2	90.9	288	1.61e-36	132
WP_063420201.1	lcl|P0A627-3.A.1.7.4	33.3	74.5	74.1	228	2.47e-28	110
WP_063420201.1	lcl|O51235-3.A.1.7.5	28.8	78.4	47.7	240	4.52e-22	95.5
WP_063420201.1	lcl|O51234-3.A.1.7.5	28.9	71.6	72.8	228	1.06e-20	89.7
WP_063420201.1	lcl|AAZ57803-3.A.1.7.6	27.6	73.5	75.4	246	2.47e-17	80.5
WP_063420201.1	lcl|P0AGH8-3.A.1.7.1	27.0	49.7	54.2	174	1.00e-10	61.2
WP_063420201.1	lcl|Q8TJ86-3.A.1.8.2	26.8	51.6	74.3	168	1.56e-07	50.8
WP_063420201.1	lcl|Q8ZPK1-3.A.1.12.14	28.3	45.1	53.8	138	2.10e-04	41.6
WP_063420201.1	lcl|Q58763-3.A.1.6.9	21.7	50.0	62.2	157	2.24e-04	41.6
WP_063420201.1	lcl|Q8U4K4-3.A.1.6.5	23.5	70.6	77.1	217	7.17e-04	40.0
WP_063420202.1	lcl|Q02028-3.A.9.1.1	54.0	90.7	84.7	602	1.18e-224	642
WP_063420202.1	lcl|G4NXA5-1.A.33.1.4	48.0	94.3	97.5	627	1.82e-194	561
WP_063420202.1	lcl|P0A6Y8-1.A.33.1.2	49.2	88.9	92.6	597	1.27e-193	560
WP_063420202.1	lcl|P11021-1.A.33.1.5	48.1	80.1	82.1	541	1.75e-161	478
WP_063420202.1	lcl|P08107-1.A.33.1.3	46.1	82.4	86.3	558	3.30e-158	469
WP_063420202.1	lcl|P10591-3.A.16.1.6	46.5	80.1	83.6	542	1.36e-154	460
WP_063420202.1	lcl|P22953-1.A.33.1.1	48.3	76.8	79.7	524	5.65e-153	456
WP_063420202.1	lcl|P44669-9.A.41.1.1	38.3	88.7	92.1	595	6.04e-120	370
WP_063420202.1	lcl|Q9Y4L1-3.A.16.1.4	25.4	72.6	52.4	531	5.98e-43	166
WP_063420202.1	lcl|P36016-1.A.33.1.6	23.0	72.4	59.3	531	3.69e-21	98.2
WP_063420202.1	lcl|P0A9X4-9.B.157.1.3	23.4	34.8	54.8	235	1.15e-07	53.9
WP_063420202.1	lcl|O33619-9.B.157.1.5	26.9	33.0	51.8	223	1.49e-07	53.5
WP_063420202.1	lcl|Q9K8H5-9.B.157.1.2	22.0	55.0	90.5	372	2.01e-07	53.1
WP_063420202.1	lcl|F7WTS9-1.A.33.2.2	25.2	53.6	59.0	369	1.25e-06	51.2
WP_063420202.1	lcl|Q01465-9.B.157.1.1	21.6	55.3	93.5	379	2.48e-06	49.7
WP_063420203.1	lcl|WP_224341048.1-8.A.192.1.5	31.5	95.7	93.7	321	2.46e-36	132
WP_063420203.1	lcl|MBA24612.1-8.A.192.1.4	24.4	95.3	95.5	357	8.60e-15	73.6
WP_063420203.1	lcl|XP_006763275.1-8.A.192.1.3	36.0	26.7	38.2	89	1.89e-11	62.4
WP_063420203.1	lcl|P40564-3.A.30.1.1	37.0	30.7	20.4	92	1.78e-10	60.8
WP_063420203.1	lcl|Q9NXW2-1.P.1.1.1	47.5	19.7	15.5	59	9.39e-09	55.5
WP_063420203.1	lcl|Q8TBM8-1.P.1.1.1	39.4	23.7	18.5	71	9.48e-09	55.5
WP_063420203.1	lcl|P25294-3.A.16.1.6	40.4	19.0	15.3	57	1.59e-08	54.7
WP_063420203.1	lcl|OLP90381.1-9.B.440.1.6	32.9	23.7	6.3	76	2.65e-08	54.7
WP_063420203.1	lcl|P60904-8.A.192.1.1	31.3	21.3	32.3	64	1.17e-07	50.8
WP_063420203.1	lcl|KAF9150406.1-8.A.192.1.2	31.9	23.0	18.3	69	7.28e-07	49.7
WP_063420203.1	lcl|P25491-8.A.192.1.6	37.9	19.3	13.9	58	1.37e-06	48.9
WP_063420203.1	lcl|Q8IEC8-3.A.5.9.4	36.4	18.3	8.4	55	9.29e-06	46.6
WP_063420230.1	lcl|P75028-9.B.73.1.2	46.4	67.5	59.3	261	3.69e-70	226
WP_063420230.1	lcl|Q37050-9.B.73.1.1	39.5	39.8	30.2	152	6.70e-27	111
WP_063420233.1	lcl|B7L5V2-1.A.34.1.3	41.2	25.4	34.7	85	5.34e-15	73.2
WP_063420234.1	lcl|B7LEG0-1.A.34.1.2	41.3	34.7	32.2	126	7.84e-17	80.5
WP_063420234.1	lcl|B7L5V2-1.A.34.1.3	42.4	23.8	34.7	85	2.57e-15	74.3
WP_063420234.1	lcl|P71044-1.A.34.1.1	31.5	30.0	38.9	111	1.29e-08	55.1
WP_063420234.1	lcl|P71044-9.B.70.1.1	31.5	30.0	38.9	111	1.29e-08	55.1
WP_063420236.1	lcl|O74887-8.A.147.1.1	57.6	95.5	97.9	191	1.08e-74	223
WP_063420236.1	lcl|WP_019258276.1-8.A.147.1.2	54.4	88.5	97.2	180	1.79e-63	194
WP_063420237.1	lcl|WP_044035693.1-9.B.299.1.3	30.6	70.3	70.3	676	1.71e-95	321
WP_063420237.1	lcl|kkk42912-9.B.299.1.1	27.2	30.4	24.0	298	1.24e-09	62.0
WP_063420238.1	lcl|Q9WZ49-3.A.29.1.7	44.2	91.3	92.6	573	1.05e-150	447
WP_063420238.1	lcl|P0AAI3-3.A.29.1.5	49.7	77.1	73.9	481	1.68e-149	446
WP_063420238.1	lcl|ALM13868-3.A.29.1.6	47.0	81.7	79.4	517	1.05e-139	420
WP_063420238.1	lcl|O67077-3.A.29.1.4	44.8	91.8	89.0	583	1.88e-136	412
WP_063420238.1	lcl|B7J0N5-3.A.29.1.8	42.3	85.6	82.2	532	2.29e-129	394
WP_063420238.1	lcl|Q9N3T5-3.A.29.1.2	45.7	74.8	58.3	470	1.06e-120	375
WP_063420238.1	lcl|P40341-3.A.29.1.1	43.5	78.7	58.5	496	4.29e-120	375
WP_063420238.1	lcl|P39925-3.A.29.1.1	43.2	74.8	60.6	475	2.98e-113	355
WP_063420238.1	lcl|P54813-3.A.29.1.2	41.3	78.7	66.5	494	9.18e-103	327
WP_063420238.1	lcl|P32795-3.A.29.1.1	41.6	76.4	59.6	478	2.41e-101	324
WP_063420238.1	lcl|8XQX_F-3.A.9.1.4	41.5	72.7	44.9	465	2.64e-90	300
WP_063420238.1	lcl|8XQX_E-3.A.9.1.4	39.4	73.8	49.7	495	5.09e-87	291
WP_063420238.1	lcl|8XQX_B-3.A.9.1.4	39.1	66.7	39.5	442	5.20e-78	268
WP_063420238.1	lcl|8XQX_C-3.A.9.1.4	39.1	66.7	39.5	442	5.20e-78	268
WP_063420238.1	lcl|8XQX_A-3.A.9.1.4	37.5	65.4	36.7	440	9.13e-65	230
WP_063420238.1	lcl|P55072-3.A.16.1.1	42.1	36.7	28.3	228	1.02e-54	199
WP_063420238.1	lcl|C6KT34-3.A.16.1.3	43.7	35.7	26.8	222	1.11e-51	190
WP_063420238.1	lcl|P54609-3.A.16.1.5	43.7	35.5	27.4	222	4.51e-51	188
WP_063420238.1	lcl|P25694-3.A.16.1.2	42.0	38.9	29.3	245	2.51e-50	186
WP_063420238.1	lcl|P46468-3.A.25.2.1	43.0	35.5	17.8	221	3.73e-50	187
WP_063420238.1	lcl|B7G1T3-3.A.25.1.1	40.2	39.9	26.8	249	1.36e-49	185
WP_063420238.1	lcl|Q9ZPR1-3.A.16.1.5	41.9	36.7	38.0	229	1.82e-46	172
WP_063420238.1	lcl|Q9SS94-3.A.16.1.5	44.3	34.6	27.1	228	2.06e-39	154
WP_063420238.1	lcl|O43933-3.A.20.1.1	40.7	35.5	17.0	221	3.48e-39	154
WP_063420238.1	lcl|Q8RY16-3.A.20.1.2	36.4	36.8	24.4	231	1.53e-38	152
WP_063420243.1	lcl|P37019-2.A.49.5.1	28.4	96.7	91.3	462	8.30e-27	112
WP_063420243.1	lcl|A8ALD3-2.A.49.5.5	29.8	76.9	73.2	369	5.13e-26	109
WP_063420243.1	lcl|P74477-2.A.49.6.1	27.1	77.6	38.3	384	4.93e-25	108
WP_063420243.1	lcl|Q9HPN8-2.A.49.6.4	24.8	88.4	53.3	443	2.70e-19	90.5
WP_063420243.1	lcl|C9CPP6-2.A.49.9.3	29.2	62.9	66.5	298	1.09e-17	84.3
WP_063420243.1	lcl|Q8FHC1-2.A.49.5.3	25.7	66.4	70.3	319	1.62e-16	80.9
WP_063420243.1	lcl|Q874K8-2.A.49.1.3	26.0	54.1	29.5	262	1.46e-15	79.0
WP_063420243.1	lcl|A2RL86-2.A.49.9.4	29.2	56.9	60.3	267	3.64e-15	76.6
WP_063420243.1	lcl|Q9VUY1-2.A.49.2.17	22.7	76.5	44.3	410	6.08e-15	77.0
WP_063420243.1	lcl|Q8GX93-2.A.49.6.3	24.8	84.6	56.5	435	1.67e-14	75.5
WP_063420243.1	lcl|P51795-2.A.49.2.16	22.7	76.5	48.5	410	7.37e-14	73.6
WP_063420243.1	lcl|Q9GKE7-2.A.49.2.2	21.7	76.5	53.1	410	9.33e-14	73.2
WP_063420243.1	lcl|P51792-2.A.49.2.3	22.1	76.5	48.5	412	9.78e-14	73.2
WP_063420243.1	lcl|A8AGW0-2.A.49.5.4	23.8	66.4	70.5	324	1.24e-13	72.0
WP_063420243.1	lcl|A7LKG1-2.A.49.1.2	21.6	57.1	33.8	291	1.23e-12	69.7
WP_063420243.1	lcl|Q57753-2.A.49.4.1	23.2	69.5	74.9	332	2.65e-12	67.8
WP_063420243.1	lcl|O54193-2.A.49.7.3	26.4	90.5	89.8	440	5.69e-12	67.0
WP_063420243.1	lcl|Q96325-2.A.49.3.1	22.4	74.1	51.5	402	8.52e-12	67.0
WP_063420243.1	lcl|P51793-2.A.49.2.8	21.9	76.5	52.2	411	2.59e-11	65.5
WP_063420243.1	lcl|Q9XF71-2.A.49.3.2	29.8	37.8	24.9	198	2.63e-11	65.5
WP_063420243.1	lcl|ANG09048.1-2.A.49.3.5	27.4	37.1	23.8	197	2.67e-11	65.5
WP_063420243.1	lcl|D2QXG0-2.A.49.9.1	22.2	88.4	87.8	427	2.21e-09	58.9
WP_063420243.1	lcl|P35522-2.A.49.2.11	23.3	42.4	24.9	210	5.34e-09	58.2
WP_063420243.1	lcl|P51788-2.A.49.2.12	23.5	73.2	42.7	391	3.55e-04	42.7
WP_063420243.1	lcl|Q9BMK9-2.A.49.2.13	24.3	36.9	18.2	185	3.62e-04	42.7
WP_063420250.1	lcl|O49931-3.A.9.1.1	30.9	15.6	12.3	68	1.56e-07	53.1
WP_063420251.1	lcl|AKM80112-3.A.11.1.5	35.8	31.0	55.3	383	2.93e-64	231
WP_063420251.1	lcl|Q8CWM9-3.A.11.1.2	24.8	25.6	69.9	322	9.10e-10	62.0
WP_063420251.1	lcl|P39145-3.A.11.1.1	24.1	27.0	70.0	344	1.73e-09	61.2
WP_063420251.1	lcl|Q9ZKE4-3.A.11.3.1	24.2	16.2	32.0	207	2.74e-06	51.2
WP_063420252.1	lcl|XP_015643584.1-9.B.174.1.4	39.5	81.5	74.2	390	4.61e-77	249
WP_063420252.1	lcl|O35002-9.B.174.1.1	37.9	65.1	61.5	306	1.08e-55	191
WP_063420252.1	lcl|WP_014775235.1-9.B.174.1.3	37.5	62.5	50.9	288	3.74e-44	162
WP_063420252.1	lcl|P23865-9.B.174.1.2	31.9	62.9	44.9	310	1.43e-34	136
WP_063420255.1	lcl|Q119I9-3.A.1.9.3	24.7	94.0	91.9	292	3.18e-20	88.2
WP_063420255.1	lcl|O69061-3.A.1.9.4	21.9	97.3	93.6	297	2.95e-09	56.6
WP_063420256.1	lcl|O69063-3.A.1.9.4	35.6	93.5	68.6	239	3.12e-30	114
WP_063420256.1	lcl|Q119J0-3.A.1.9.3	34.9	91.1	88.5	229	5.67e-30	112
WP_063420256.1	lcl|P16677-3.A.1.9.1	31.6	91.9	88.5	237	1.53e-27	105
WP_063420256.1	lcl|O53899-3.A.1.125.2	33.3	89.5	89.1	234	4.59e-26	101
WP_063420256.1	lcl|Q8DQF8-3.A.1.122.20	32.8	92.7	96.1	238	6.53e-26	100
WP_063420256.1	lcl|Q8TM30-3.A.1.122.6	34.4	83.8	89.2	212	3.94e-25	98.6
WP_063420256.1	lcl|AKF46139-3.A.1.122.36	32.8	92.7	34.3	238	5.32e-25	102
WP_063420256.1	lcl|OLS25602-3.A.1.3.30	34.3	93.1	88.0	233	7.09e-25	98.6
WP_063420256.1	lcl|Q9A1H1-3.A.1.3.20	30.5	96.0	96.3	256	1.75e-24	97.4
WP_063420256.1	lcl|W7IGC2-3.A.1.140.4	33.9	92.7	95.6	236	6.54e-24	95.5
WP_063420256.1	lcl|OLS17115-3.A.1.122.24	33.5	82.6	84.5	209	2.65e-23	94.0
WP_063420256.1	lcl|F2HM70-3.A.1.134.10	31.3	82.2	74.9	208	8.67e-23	93.2
WP_063420256.1	lcl|B3WF86-3.A.1.134.8	32.9	84.6	78.5	216	1.14e-22	92.8
WP_063420256.1	lcl|P75957-3.A.1.125.1	33.5	83.8	85.4	218	1.43e-22	92.0
WP_063420256.1	lcl|Q58206-3.A.1.122.14	31.4	88.3	91.1	226	1.49e-22	92.0
WP_063420256.1	lcl|Q5HGY5-3.A.1.11.8	35.1	96.0	61.8	239	2.00e-22	94.0
WP_063420256.1	lcl|KKK40844-3.A.1.122.22	33.8	84.2	86.9	213	2.57e-22	91.3
WP_063420256.1	lcl|D6ZUW6-3.A.1.122.16	33.3	91.5	87.0	234	2.92e-22	91.7
WP_063420256.1	lcl|H6NK46-3.A.1.122.34	31.0	88.7	71.7	226	4.10e-22	92.0
WP_063420256.1	lcl|B3WEC1-3.A.1.134.9	30.7	93.9	92.2	251	5.97e-22	90.9
WP_063420256.1	lcl|Q8RKC1-3.A.1.122.3	31.8	85.4	89.4	217	6.69e-22	90.1
WP_063420256.1	lcl|O31711-3.A.1.122.2	31.0	84.2	86.5	213	7.10e-22	90.1
WP_063420256.1	lcl|P37774-3.A.1.3.10	34.2	87.4	85.2	228	7.46e-22	90.5
WP_063420256.1	lcl|P42423-3.A.1.134.6	31.1	83.8	77.4	212	1.18e-21	90.1
WP_063420256.1	lcl|A0QQ70-3.A.1.9.2	33.3	91.1	85.6	231	1.31e-21	90.1
WP_063420257.1	lcl|P16683-3.A.1.9.1	28.2	37.0	72.6	195	2.75e-18	84.3
WP_063420257.1	lcl|A0QQ68-3.A.1.9.2	23.0	84.3	83.6	469	8.51e-17	82.8
WP_063420257.1	lcl|O69064-3.A.1.9.4	32.3	30.1	60.2	158	1.07e-13	70.9
WP_063420257.1	lcl|O69062-3.A.1.9.4	24.8	41.7	74.8	218	8.79e-12	65.5
WP_063420257.1	lcl|Q119I8-3.A.1.9.3	24.0	36.7	72.1	196	3.46e-11	63.5
WP_063420269.1	lcl|Q93N33-2.A.21.9.2	27.8	54.3	22.5	266	4.26e-09	58.5
WP_063420269.1	lcl|Q9HV74-2.A.21.9.1	25.3	45.9	22.0	229	5.53e-06	48.5
WP_063420269.1	lcl|AIE75112-9.B.238.3.6	19.4	42.8	34.4	227	9.52e-04	41.2
WP_063420275.1	lcl|A4XGX1-3.A.1.135.10	32.8	88.0	83.9	519	1.59e-85	278
WP_063420275.1	lcl|Q0WML0-3.A.1.201.8	33.2	97.6	90.7	591	1.60e-85	278
WP_063420275.1	lcl|Q72J05-3.A.1.106.18	35.5	85.3	84.7	510	2.44e-83	271
WP_063420275.1	lcl|Q2G2M9-3.A.1.106.2	33.5	86.7	88.2	510	5.52e-83	270
WP_063420275.1	lcl|Q9WYC4-3.A.1.135.5	31.8	96.2	94.3	569	1.75e-82	269
WP_063420275.1	lcl|C1F8I9-3.A.1.106.17	31.7	97.3	98.8	581	4.70e-82	268
WP_063420275.1	lcl|G9F9U0-3.A.1.201.30	36.1	98.3	89.2	590	6.70e-81	266
WP_063420275.1	lcl|O06967-3.A.1.117.3	32.0	82.9	82.3	487	4.29e-80	263
WP_063420275.1	lcl|D5AL45-3.A.1.210.15	35.1	80.9	80.2	493	2.79e-79	261
WP_063420275.1	lcl|P63359-3.A.1.106.20	31.4	96.8	97.6	570	7.47e-79	259
WP_063420275.1	lcl|P60752-3.A.1.106.1	31.2	96.8	97.6	570	1.05e-78	259
WP_063420275.1	lcl|P73239-3.A.1.106.14	33.4	85.6	84.7	503	5.16e-78	257
WP_063420275.1	lcl|Q9NUT2-3.A.1.201.22	35.6	86.2	69.3	509	1.35e-77	259
WP_063420275.1	lcl|P97046-3.A.1.117.1	32.5	82.7	82.0	489	1.06e-74	248
WP_063420275.1	lcl|Q9NRK6-3.A.1.201.17	35.8	82.7	66.7	500	1.05e-73	249
WP_063420275.1	lcl|O32748-3.A.1.117.2	31.2	81.9	82.2	487	1.31e-73	245
WP_063420275.1	lcl|O07549-3.A.1.106.8	31.0	85.0	74.1	503	8.57e-73	245
WP_063420275.1	lcl|Q9TZD9-3.A.1.209.3	33.3	83.8	62.5	498	1.70e-72	247
WP_063420275.1	lcl|Q9NP78-3.A.1.209.2	34.0	83.1	63.7	497	4.49e-72	245
WP_063420275.1	lcl|Q8G7R7-3.A.1.106.3	31.2	82.1	80.1	487	5.69e-71	239
WP_063420275.1	lcl|B2WTH9-3.A.1.201.12	33.5	82.2	37.5	492	8.38e-71	247
WP_063420275.1	lcl|Q9C7F2-3.A.1.201.33	34.6	82.7	39.4	500	1.79e-70	246
WP_063420275.1	lcl|E8MFM3-3.A.1.135.6	31.2	85.0	82.3	507	2.49e-70	237
WP_063420275.1	lcl|Q54121-3.A.1.123.1	28.7	86.5	89.8	516	2.99e-70	236
WP_063420275.1	lcl|O44897-3.A.1.209.3	33.1	82.9	59.9	496	4.70e-70	241
WP_063420298.1	lcl|A6DJZ4-9.B.145.1.2	32.8	83.7	46.4	320	4.63e-28	115
WP_063420298.1	lcl|Q7UVM4-9.B.145.1.1	30.9	48.9	37.1	188	2.57e-16	79.7
WP_063420298.1	lcl|J3JHP8-9.B.145.1.3	28.9	52.2	40.0	201	3.32e-09	57.8
WP_063420298.1	lcl|H0R417-9.B.145.1.6	26.5	56.3	64.6	215	9.07e-07	49.7
WP_063420298.1	lcl|C1B4G9-9.B.145.1.4	29.5	39.9	47.4	156	4.02e-06	47.8
WP_063420298.1	lcl|G0G9H5-9.B.145.1.5	23.9	51.9	58.7	201	9.13e-05	43.5
WP_063420301.1	lcl|Q5N075-1.A.22.1.7	44.2	96.2	97.0	129	3.05e-23	87.4
WP_063420301.1	lcl|P94585-1.A.22.1.3	41.2	70.0	74.6	97	2.76e-14	64.3
WP_063420301.1	lcl|P0A742-1.A.22.1.1	31.1	81.5	87.5	119	2.04e-11	57.0
WP_063420301.1	lcl|P68805-1.A.22.1.5	33.3	71.5	80.0	96	2.23e-10	53.9
WP_063420301.1	lcl|B1MZU9-1.A.22.1.8	38.2	73.1	84.1	110	4.96e-10	53.1
WP_063420301.1	lcl|Q2KCQ1-1.A.22.1.4	31.3	70.8	77.2	112	5.25e-09	50.8
WP_063420301.1	lcl|P0A5K8-1.A.22.1.2	40.6	70.8	67.5	106	8.06e-09	50.4
WP_063420301.1	lcl|Q9KYV5-1.A.22.1.10	33.9	72.3	71.2	115	1.22e-06	44.7
WP_063420301.1	lcl|A9WMF7-1.A.22.1.9	31.9	62.3	68.4	91	6.50e-06	42.4
WP_063420301.1	lcl|D9T6D3-1.A.22.1.6	61.1	27.7	23.1	36	4.37e-05	40.4
WP_063420323.1	lcl|Q8EDB6-2.A.102.3.4	27.2	89.6	83.3	232	1.58e-14	70.9
WP_063420323.1	lcl|P0AD30-2.A.102.3.1	23.6	83.6	77.3	220	8.26e-07	48.5
WP_063420323.1	lcl|L7KTB5-2.A.102.3.2	19.6	94.8	94.9	250	1.17e-04	42.0
WP_063420323.1	lcl|C7D7I4-2.A.102.4.5	26.7	51.2	42.4	131	2.45e-04	41.2
WP_063420326.1	lcl|Q8SKU2-3.A.9.1.1	28.3	95.2	45.1	247	7.43e-16	75.5
WP_063420332.1	lcl|F2KQZ0-4.D.2.1.6	29.8	30.2	21.0	124	4.39e-08	54.7
WP_063420332.1	lcl|B3EBP1-4.D.1.3.3	26.2	31.9	8.3	130	2.39e-07	52.8
WP_063420332.1	lcl|B8F5K7-4.D.1.3.2	26.1	32.2	44.0	134	8.31e-05	43.5
WP_063420334.1	lcl|P94400-9.B.10.1.1	30.6	59.8	55.9	229	1.38e-26	108
WP_063420346.1	lcl|P10346-3.A.1.3.2	30.9	90.9	97.1	243	4.39e-31	115
WP_063420346.1	lcl|F0R9C2-3.A.1.112.10	34.1	82.9	29.4	229	2.21e-28	113
WP_063420346.1	lcl|F8D413-3.A.1.105.12	29.3	83.3	62.0	222	4.56e-28	109
WP_063420346.1	lcl|O68106-3.A.1.23.8	32.0	84.4	77.1	225	8.90e-27	104
WP_063420346.1	lcl|P0AAG3-3.A.1.3.4	29.2	88.6	93.8	236	2.99e-26	102
WP_063420346.1	lcl|Q4V0W4-3.A.1.15.21	27.1	89.7	91.2	236	6.90e-26	101
WP_063420346.1	lcl|P37774-3.A.1.3.10	30.3	85.6	89.6	234	7.05e-26	101
WP_063420346.1	lcl|KRO08310-3.A.1.130.3	30.4	84.8	69.7	224	7.43e-26	102
WP_063420346.1	lcl|G0LRW9-3.A.1.15.15	31.8	82.1	84.2	217	1.29e-25	100
WP_063420346.1	lcl|P08716-3.A.1.109.1	34.5	83.3	29.8	223	1.34e-25	105
WP_063420346.1	lcl|P0AAF6-3.A.1.3.3	27.3	84.8	91.3	231	1.62e-25	100
WP_063420346.1	lcl|Q8R8L8-3.A.1.140.2	33.3	79.8	89.5	216	1.68e-25	100
WP_063420346.1	lcl|P46903-3.A.1.115.1	31.4	83.3	85.4	223	1.77e-25	100
WP_063420346.1	lcl|Q9I405-3.A.1.3.22	31.3	84.4	88.5	227	2.36e-25	100
WP_063420346.1	lcl|Q9A0K0-3.A.1.105.7	31.3	85.6	69.7	227	2.82e-25	101
WP_063420346.1	lcl|P54537-3.A.1.3.15	26.9	93.2	99.2	249	5.92e-25	99.0
WP_063420346.1	lcl|Q71WH8-3.A.1.25.8	30.0	81.7	74.0	220	2.05e-24	98.6
WP_063420346.1	lcl|Q88NY5-3.A.1.3.19	29.7	84.4	84.4	236	3.09e-24	97.4
WP_063420346.1	lcl|C1C6A0-3.A.1.140.6	30.5	82.5	91.7	223	3.55e-24	96.7
WP_063420346.1	lcl|P39456-3.A.1.3.14	28.5	86.7	91.5	235	5.03e-24	96.7
WP_063420346.1	lcl|G2SET5-3.A.1.132.14	29.2	83.3	83.8	219	7.01e-24	96.3
WP_063420346.1	lcl|O31711-3.A.1.122.2	30.7	78.3	87.0	212	1.34e-23	95.1
WP_063420346.1	lcl|D6TT54-3.A.1.148.3	29.1	87.1	73.7	230	1.80e-23	96.3
WP_063420346.1	lcl|P23702-3.A.1.109.8	34.2	82.9	29.8	228	2.36e-23	98.6
WP_063420346.1	lcl|O30489-3.A.1.132.1	27.6	88.2	72.8	232	2.41e-23	95.9
WP_063420351.1	lcl|F4K2G0-3.D.1.8.1	48.1	85.2	48.2	129	2.02e-18	78.2
WP_063420351.1	lcl|P30405-1.A.129.1.1	38.6	99.3	73.9	158	1.08e-15	70.1
WP_063420354.1	lcl|O43464-8.A.217.1.1	41.1	9.9	12.0	56	2.42e-05	46.6
WP_063420360.1	lcl|H2CHC3-2.A.106.3.1	44.3	79.8	88.8	79	1.79e-18	72.8
WP_063420360.1	lcl|Q6MMB9-2.A.106.3.2	42.1	76.8	84.4	76	7.21e-13	58.5
WP_063420360.1	lcl|G0PPC8-2.A.106.1.2	39.3	84.8	42.8	84	1.94e-12	59.7
WP_063420360.1	lcl|B9MIH1-2.A.106.1.4	35.6	73.7	38.0	73	1.45e-10	54.7
WP_063420360.1	lcl|Q8EHY3-2.A.106.1.8	33.3	75.8	40.8	75	6.83e-06	42.0
WP_063420360.1	lcl|P52876-2.A.106.1.1	32.9	73.7	35.0	73	7.17e-05	39.3
WP_063420360.1	lcl|Q3ASG5-2.A.106.1.3	37.5	72.7	33.3	72	1.01e-04	38.9
WP_063420363.1	lcl|Q05596-3.A.1.23.6	31.8	97.6	79.0	217	4.13e-24	95.9
WP_063420363.1	lcl|Q839D4-3.A.1.26.7	31.5	95.2	74.7	216	7.82e-24	95.5
WP_063420363.1	lcl|Q839D4-3.A.1.26.10	31.5	95.2	74.7	216	7.82e-24	95.5
WP_063420363.1	lcl|B1ZMU0-3.A.1.125.5	37.0	84.3	75.0	184	9.51e-24	94.4
WP_063420363.1	lcl|P10346-3.A.1.3.2	33.8	97.6	89.2	222	4.71e-23	92.4
WP_063420363.1	lcl|A9WGB0-3.A.1.26.1	33.6	97.6	29.1	217	5.00e-23	95.9
WP_063420363.1	lcl|P23886-3.A.1.129.1	32.1	87.6	33.7	196	3.92e-22	93.2
WP_063420363.1	lcl|O53899-3.A.1.125.2	33.2	93.8	84.3	211	4.08e-22	90.1
WP_063420363.1	lcl|Q03PY6-3.A.1.26.9	33.2	83.8	65.9	196	4.22e-22	90.9
WP_063420363.1	lcl|Q03PY6-3.A.1.28.2	33.2	83.8	65.9	196	4.22e-22	90.9
WP_063420363.1	lcl|Q03RZ6-3.A.1.122.13	35.6	87.6	29.7	202	5.70e-22	92.8
WP_063420363.1	lcl|D6TJQ0-3.A.1.26.11	31.9	97.6	75.3	226	6.32e-22	90.5
WP_063420363.1	lcl|Q7A3X3-3.A.1.122.4	32.8	90.0	91.9	204	9.26e-22	88.6
WP_063420363.1	lcl|A7NRG0-3.A.1.26.5	32.8	89.5	36.9	195	3.18e-21	90.5
WP_063420363.1	lcl|Q03PY5-3.A.1.28.2	32.0	97.6	76.7	219	3.60e-21	88.2
WP_063420363.1	lcl|Q03PY5-3.A.1.26.9	32.0	97.6	76.7	219	3.60e-21	88.2
WP_063420363.1	lcl|Q9I488-3.A.1.3.21	32.6	99.0	90.4	227	3.64e-21	87.4
WP_063420363.1	lcl|Q6MGV5-3.A.1.137.2	34.0	94.3	86.5	209	4.81e-21	87.0
WP_063420363.1	lcl|P37774-3.A.1.3.10	34.6	90.5	82.8	208	1.18e-20	86.3
WP_063420363.1	lcl|Q5M244-3.A.1.25.6	33.7	81.0	65.7	184	1.37e-20	86.7
WP_063420363.1	lcl|Q9X1Z1-3.A.1.25.5	36.0	81.4	68.0	178	1.91e-20	85.9
WP_063420363.1	lcl|P0AAG3-3.A.1.3.4	34.4	82.9	76.8	186	1.96e-20	85.5
WP_063420363.1	lcl|Q973J6-3.A.1.122.10	32.9	91.9	89.2	210	3.24e-20	84.7
WP_063420363.1	lcl|Q839D5-3.A.1.26.7	35.2	88.6	70.6	199	3.61e-20	85.5
WP_063420363.1	lcl|Q839D5-3.A.1.26.10	35.2	88.6	70.6	199	3.61e-20	85.5
WP_063420365.1	lcl|RJU95109.1-9.A.76.1.10	32.7	97.5	89.2	358	5.92e-40	144
WP_063420365.1	lcl|WP_090852276.1-9.A.76.1.8	26.9	95.0	87.9	349	6.00e-34	127
WP_063420384.1	lcl|Q8LCA1-8.A.155.1.2	40.7	41.9	31.0	54	2.01e-06	44.3
WP_063420392.1	lcl|Q01367-9.B.70.1.1	28.4	28.4	52.1	162	1.65e-10	62.0
WP_063420393.1	lcl|Q8DJU2-3.D.1.8.2	40.7	94.8	94.7	150	2.18e-30	107
WP_063420393.1	lcl|B3H5R4-3.D.1.8.1	39.0	65.4	59.5	100	2.06e-13	63.5
WP_063420412.1	lcl|Q15HU6-3.A.7.14.2	28.9	51.2	35.3	135	8.98e-09	54.7
WP_063420412.1	lcl|E9RJ18-3.A.7.13.2	33.0	32.0	23.1	88	4.80e-05	43.5
WP_063420414.1	lcl|P56766-5.B.4.1.1	66.7	97.6	98.3	759	0.0	1054
WP_063420414.1	lcl|B0C474-5.B.4.1.2	63.7	97.6	97.9	758	0.0	1001
WP_063420414.1	lcl|P56767-5.B.4.1.1	40.5	95.0	98.6	766	1.93e-174	518
WP_063420414.1	lcl|B0C475-5.B.4.1.2	40.6	95.2	99.0	764	2.05e-174	518
WP_063420423.1	lcl|WP_203961615.1-8.A.162.1.4	36.9	93.2	94.4	222	1.75e-25	99.0
WP_063420423.1	lcl|KAF4589549.1-9.B.418.1.7	28.7	76.4	19.6	174	1.72e-10	59.7
WP_063420423.1	lcl|OYU68696.1-8.A.162.1.8	36.5	37.3	39.4	85	2.71e-08	52.0
WP_063420434.1	lcl|P0AAI3-3.A.29.1.5	50.8	98.4	92.7	606	1.41e-194	561
WP_063420434.1	lcl|Q9WZ49-3.A.29.1.7	49.1	93.8	94.3	586	3.54e-181	525
WP_063420434.1	lcl|O67077-3.A.29.1.4	47.6	96.6	92.4	595	1.89e-173	506
WP_063420434.1	lcl|ALM13868-3.A.29.1.6	55.7	75.6	72.5	467	8.80e-167	489
WP_063420434.1	lcl|B7J0N5-3.A.29.1.8	51.6	75.3	71.7	463	1.41e-154	458
WP_063420434.1	lcl|Q9N3T5-3.A.29.1.2	52.0	75.6	58.6	469	1.31e-146	442
WP_063420434.1	lcl|P39925-3.A.29.1.1	50.2	75.4	60.7	474	2.31e-138	421
WP_063420434.1	lcl|P40341-3.A.29.1.1	47.4	75.8	55.8	473	4.75e-130	401
WP_063420434.1	lcl|P54813-3.A.29.1.2	45.2	74.0	61.8	456	5.70e-121	374
WP_063420434.1	lcl|P32795-3.A.29.1.1	44.1	72.7	57.4	449	4.93e-118	367
WP_063420434.1	lcl|8XQX_F-3.A.9.1.4	43.3	74.3	45.5	469	1.55e-108	349
WP_063420434.1	lcl|8XQX_E-3.A.9.1.4	45.4	62.4	39.4	390	1.82e-94	311
WP_063420434.1	lcl|8XQX_B-3.A.9.1.4	35.5	75.6	45.0	502	2.42e-87	293
WP_063420434.1	lcl|8XQX_C-3.A.9.1.4	35.5	75.6	45.0	502	2.42e-87	293
WP_063420434.1	lcl|8XQX_A-3.A.9.1.4	35.2	70.2	39.3	471	1.14e-64	230
WP_063420434.1	lcl|P55072-3.A.16.1.1	43.3	37.4	28.7	231	6.19e-60	213
WP_063420434.1	lcl|P54609-3.A.16.1.5	41.7	39.8	30.5	247	8.01e-59	210
WP_063420434.1	lcl|P25694-3.A.16.1.2	42.8	39.3	29.1	243	6.86e-58	208
WP_063420434.1	lcl|C6KT34-3.A.16.1.3	42.7	36.7	27.4	227	4.00e-54	197
WP_063420434.1	lcl|B7G1T3-3.A.25.1.1	40.0	37.2	24.7	230	5.53e-52	192
WP_063420434.1	lcl|Q9ZPR1-3.A.16.1.5	43.5	37.4	38.5	232	1.95e-51	186
WP_063420434.1	lcl|P46468-3.A.25.2.1	42.1	35.8	17.8	221	4.38e-51	190
WP_063420434.1	lcl|P24004-3.A.20.1.5	38.8	39.8	24.2	255	1.56e-46	176
WP_063420434.1	lcl|Q9SS94-3.A.16.1.5	40.7	38.9	29.1	243	3.62e-46	174
WP_063420434.1	lcl|P33760-3.A.20.1.5	40.6	38.9	24.0	249	3.73e-46	175
WP_063420448.1	lcl|P72547-9.B.67.1.1	40.8	96.4	92.7	434	1.23e-86	271
WP_063420457.1	lcl|Q9LKU2-2.A.64.2.1	47.0	89.0	55.8	83	1.58e-17	71.6
WP_063420457.1	lcl|Q9XH75-2.A.64.2.1	56.3	52.7	18.5	48	1.46e-11	57.8
WP_063420457.1	lcl|O31467-2.A.64.3.1	38.9	79.1	92.9	72	7.18e-10	50.1
WP_063420457.1	lcl|Q6MK41-2.A.64.1.3	38.0	69.2	87.7	71	1.85e-09	49.3
WP_063420457.1	lcl|O05522-2.A.64.3.2	51.2	45.1	71.9	41	6.09e-09	47.4
WP_063420457.1	lcl|Q6MGQ8-2.A.64.1.3	37.7	58.2	44.9	53	2.41e-07	44.7
WP_063420457.1	lcl|Q1CZY1-2.A.64.1.2	41.2	56.0	28.0	51	3.82e-06	42.4
WP_063420457.1	lcl|Q6ML26-2.A.64.1.3	34.7	50.5	62.0	49	5.00e-06	40.4
WP_063420457.1	lcl|P69428-2.A.64.1.1	34.7	79.1	78.7	72	8.58e-06	40.0
WP_063420457.1	lcl|D4GVK4-2.A.64.1.6	33.3	52.7	53.3	48	6.78e-05	37.7
WP_063420457.1	lcl|D4GWC8-2.A.64.1.7	34.8	50.5	50.5	46	1.92e-04	36.6
WP_063420457.1	lcl|Q9RJ68-2.A.64.2.2	43.8	35.2	33.7	32	2.88e-04	36.2
WP_063420457.1	lcl|P0A843-2.A.64.1.1	38.5	42.9	58.2	39	3.41e-04	35.4
WP_063420464.1	lcl|Q7UQ81-9.B.146.1.1	30.2	81.4	57.3	318	5.07e-26	108
WP_063420464.1	lcl|P0AC78-9.B.146.1.7	28.6	79.1	79.6	311	3.49e-22	96.3
WP_063420464.1	lcl|R6S968-9.B.146.1.4	26.0	82.2	86.0	335	5.03e-18	84.3
WP_063420464.1	lcl|ALM14264-9.B.146.1.8	26.6	57.9	63.8	237	1.14e-12	68.2
WP_063420464.1	lcl|G2HLY8-9.B.146.1.2	24.4	76.4	84.1	307	3.10e-10	60.5
WP_063420464.1	lcl|Q8F4J3-9.B.146.1.3	55.0	10.5	10.9	40	3.53e-05	45.1
WP_063420466.1	lcl|D0WY71-2.A.66.4.5	25.7	91.0	91.9	506	1.69e-33	133
WP_063420466.1	lcl|B1JXG0-2.A.66.4.7	27.4	90.5	89.9	497	2.20e-33	132
WP_063420466.1	lcl|P0AF16-2.A.66.4.3	26.3	74.0	76.3	403	4.11e-27	114
WP_063420466.1	lcl|P37169-2.A.66.4.1	26.1	74.0	74.4	403	8.16e-27	113
WP_063420466.1	lcl|B7IE18-2.A.66.4.8	22.8	78.7	80.8	421	5.37e-15	77.0
WP_063420466.1	lcl|Q65ZW3-2.A.66.4.2	18.9	71.8	73.5	391	6.39e-07	51.6
WP_063420466.1	lcl|V2Y999-2.A.66.1.38	25.0	35.1	30.4	192	4.39e-05	45.8
WP_063420471.1	lcl|PJA07603.1-9.B.259.2.3	25.7	65.7	28.9	257	1.59e-10	62.4
WP_063420471.1	lcl|Q93N33-2.A.21.9.2	32.2	29.8	9.5	118	9.84e-06	47.4
WP_063420474.1	lcl|SDJ87353.1-1.A.112.2.13	26.2	97.4	94.8	427	6.63e-33	128
WP_063420474.1	lcl|O07585-1.A.112.2.4	26.2	97.4	95.3	432	1.07e-31	125
WP_063420474.1	lcl|SES26846.1-1.A.112.2.7	27.1	95.8	96.6	417	3.44e-31	123
WP_063420474.1	lcl|Q0PBV6-1.A.112.2.3	26.6	96.0	91.4	425	5.74e-31	123
WP_063420474.1	lcl|P0A2L3-1.C.126.1.2	31.5	58.3	84.9	251	7.25e-31	119
WP_063420474.1	lcl|P54428-1.A.112.2.2	24.8	96.0	96.5	431	2.93e-27	112
WP_063420474.1	lcl|P37908-1.A.112.2.5	26.7	97.0	95.3	423	1.29e-26	110
WP_063420474.1	lcl|T1Y8N2-1.A.112.2.10	23.0	87.4	84.4	391	7.42e-26	108
WP_063420474.1	lcl|Q54318-1.C.126.1.1	29.5	55.0	85.8	237	1.06e-23	99.4
WP_063420474.1	lcl|AHN67314.1-1.C.126.1.4	29.8	54.6	88.4	235	1.23e-20	90.5
WP_063420474.1	lcl|WP_097001274.1-1.C.126.1.3	24.8	52.7	81.1	234	1.45e-18	85.1
WP_063420474.1	lcl|L5DDD7-2.A.109.2.3	27.8	56.7	27.0	248	1.65e-18	87.8
WP_063420474.1	lcl|WP_091620562.1-1.A.112.2.8	28.7	77.3	95.2	348	1.18e-16	80.5
WP_063420474.1	lcl|PLS82034-1.A.112.2.1	28.1	38.6	43.0	171	4.92e-08	54.3
WP_063420481.1	lcl|Q5ZUB4-2.A.1.53.2	24.5	90.3	85.2	376	6.89e-10	60.1
WP_063420481.1	lcl|Q5ZY33-2.A.1.53.1	32.9	31.9	33.0	143	2.09e-08	55.5
WP_063420481.1	lcl|I7I5G1-2.A.1.53.13	24.9	84.4	87.9	366	1.02e-06	50.1
WP_063420481.1	lcl|M0CPN6-2.A.1.46.9	36.5	18.3	17.2	74	1.94e-06	49.3
WP_063420481.1	lcl|A4X2L1-2.A.1.70.3	29.9	45.8	40.3	194	1.87e-05	46.2
WP_063420481.1	lcl|P37489-2.A.1.14.39	29.9	32.9	32.6	144	2.46e-05	45.8
WP_063420481.1	lcl|C4ZZU4-2.A.1.14.40	27.1	37.4	35.6	166	1.35e-04	43.5
WP_063420481.1	lcl|Q747F2-2.A.1.54.2	32.1	19.6	19.6	81	1.71e-04	43.1
WP_063420481.1	lcl|WP_018467592.1-2.A.1.70.4	30.6	34.2	33.7	144	2.26e-04	42.7
WP_063420481.1	lcl|Q9L1B4-2.A.1.3.19	28.7	28.2	22.5	115	3.31e-04	42.4
WP_063420486.1	lcl|VIP05124.1-1.A.13.2.4	30.4	15.4	20.3	112	6.29e-05	45.8
WP_063420487.1	lcl|Q9LTR2-3.A.1.27.2	21.5	93.1	75.3	289	5.22e-13	68.2
WP_063420487.1	lcl|L0T2W6-3.A.1.27.6	25.7	75.6	38.4	222	1.41e-08	55.1
WP_063420487.1	lcl|O07784-3.A.1.27.7	26.7	35.7	20.2	105	2.45e-04	42.0
WP_063420491.1	lcl|WP_062382148.1-1.A.115.1.5	25.5	35.1	95.6	255	8.52e-09	56.6
WP_063420492.1	lcl|P27830-9.B.18.2.4	26.1	97.6	93.0	349	5.14e-24	100
WP_063420497.1	lcl|P27830-9.B.18.2.4	26.3	99.7	96.3	372	4.96e-16	77.8
WP_063420498.1	lcl|WP_052176713-9.B.18.1.3	45.8	45.4	43.9	201	2.16e-43	157
WP_063420498.1	lcl|G0CIY2-9.B.18.1.1	40.1	41.5	38.4	187	7.09e-33	129
WP_063420498.1	lcl|Q9X4C0-9.B.18.1.4	37.9	43.1	41.6	206	1.54e-25	108
WP_063420498.1	lcl|H8E4X1-9.B.18.1.2	36.5	42.2	36.6	200	2.84e-25	107
WP_063420498.1	lcl|Q1CVQ2-9.B.18.1.6	36.0	43.3	39.7	203	2.27e-22	99.0
WP_063420521.1	lcl|Q55487-4.D.1.1.14	40.1	95.7	95.9	314	2.19e-74	231
WP_063420521.1	lcl|P77757-4.D.1.1.13	28.3	95.1	94.7	318	1.03e-30	117
WP_063420521.1	lcl|R7XRS7-9.B.27.2.12	31.9	34.9	15.3	119	3.73e-06	48.1
WP_063420530.1	lcl|G4N137-4.C.1.1.19	24.3	78.6	20.2	354	1.29e-15	79.0
WP_063420532.1	lcl|P27830-9.B.18.2.4	25.7	96.8	92.1	334	1.14e-20	90.5
WP_063420533.1	lcl|R7XRS7-9.B.27.2.12	28.0	59.9	29.6	236	4.69e-13	70.1
WP_063420533.1	lcl|MAU97510-2.A.127.1.18	32.2	32.4	20.8	121	1.66e-10	62.0
WP_063420533.1	lcl|F2KQZ0-4.D.2.1.6	25.9	62.4	41.8	232	6.42e-09	57.0
WP_063420533.1	lcl|Q54066-4.D.1.1.2	30.5	25.6	22.3	95	9.19e-08	53.1
WP_063420533.1	lcl|P75905-4.D.1.1.3	32.0	26.2	21.5	97	1.24e-06	49.7
WP_063420533.1	lcl|OLS17256-4.D.1.1.15	32.8	32.7	20.7	122	4.39e-06	48.1
WP_063420540.1	lcl|OLS30725-3.D.7.1.5	48.7	8.0	5.9	39	2.31e-05	46.6
WP_063420543.1	lcl|A0YQV7-9.B.142.4.4	32.9	68.4	57.8	501	1.08e-55	203
WP_063420544.1	lcl|XP_006763275.1-8.A.192.1.3	46.0	25.0	27.0	63	1.45e-08	53.1
WP_063420544.1	lcl|WP_224341048.1-8.A.192.1.5	42.9	25.4	18.8	63	3.15e-08	52.8
WP_063420544.1	lcl|KAF9150406.1-8.A.192.1.2	42.3	28.9	18.8	71	4.60e-08	52.4
WP_063420544.1	lcl|P25491-8.A.192.1.6	40.0	28.9	17.1	70	6.47e-08	52.0
WP_063420544.1	lcl|P40564-3.A.30.1.1	43.5	25.0	14.4	62	1.20e-07	51.2
WP_063420544.1	lcl|Q9UGP8-3.A.5.9.1	40.7	25.4	7.8	59	1.93e-07	50.8
WP_063420544.1	lcl|Q9NXW2-1.P.1.1.1	41.9	25.4	16.5	62	2.02e-07	50.4
WP_063420544.1	lcl|P25294-3.A.16.1.6	37.9	24.6	16.5	58	2.07e-06	47.4
WP_063420544.1	lcl|P60904-8.A.192.1.1	34.2	29.7	36.9	73	4.90e-06	45.4
WP_063420544.1	lcl|P14906-3.A.5.8.1	39.7	25.0	10.3	68	1.14e-05	45.4
WP_063420544.1	lcl|MBA24612.1-8.A.192.1.4	36.5	25.4	16.8	63	1.25e-05	45.1
WP_063420544.1	lcl|Q8TBM8-1.P.1.1.1	38.7	25.4	16.4	62	1.26e-05	45.1
WP_063420544.1	lcl|OLP90381.1-9.B.440.1.6	35.8	25.0	5.6	67	4.08e-04	40.8
WP_063420546.1	lcl|O86994-1.B.23.1.1	38.0	93.6	95.5	555	2.80e-71	237
WP_063420546.1	lcl|G6FN26-1.B.23.1.9	35.6	92.7	90.0	533	6.03e-64	218
WP_063420546.1	lcl|Q59991-1.B.23.1.2	32.5	87.5	87.7	539	5.57e-52	186
WP_063420546.1	lcl|P15730-1.B.23.1.25	31.4	88.7	89.4	535	4.12e-49	177
WP_063420546.1	lcl|E1L471-1.B.23.1.6	33.9	19.6	25.2	112	2.37e-10	62.4
WP_063420546.1	lcl|G9PU91-1.B.23.1.20	38.5	16.3	19.0	96	4.11e-08	55.5
WP_063420546.1	lcl|G0VLV3-1.B.23.1.10	34.4	16.7	21.3	96	4.63e-07	52.0
WP_063420546.1	lcl|Q25BZ4-1.B.23.1.24	35.4	17.1	22.0	96	1.05e-06	50.8
WP_063420546.1	lcl|C9LVF2-1.B.23.1.3	33.7	14.5	17.2	83	4.51e-06	48.9
WP_063420546.1	lcl|A1HRI2-1.B.23.1.4	29.0	16.9	20.4	93	2.27e-05	46.6
WP_063420546.1	lcl|E2ZDM6-1.B.23.1.7	34.0	16.7	22.5	97	6.78e-05	45.1
WP_063420549.1	lcl|OGM09352.1-9.B.142.4.11	25.3	83.3	87.2	442	6.68e-22	98.2
WP_063420549.1	lcl|S0F067-9.B.142.4.9	38.9	14.0	12.0	72	8.46e-07	51.2
WP_063420550.1	lcl|P73520-9.B.142.3.10	33.1	93.2	92.6	444	9.34e-65	216
WP_063420551.1	lcl|A2CDJ1-9.B.175.1.2	30.6	42.7	55.0	144	8.68e-09	55.1
WP_063420554.1	lcl|Q9SZC9-3.A.3.5.11	38.4	98.2	80.8	791	8.59e-150	461
WP_063420554.1	lcl|Q7Y051-3.A.3.5.12	37.1	98.2	90.0	812	1.11e-137	428
WP_063420554.1	lcl|Q8ZRG7-3.A.3.5.20	35.0	98.6	97.1	779	6.48e-121	380
WP_063420554.1	lcl|Q9HX93-3.A.3.5.34	36.9	97.9	89.9	766	1.57e-112	359
WP_063420554.1	lcl|O29777-3.A.3.5.7	33.5	97.7	87.7	761	4.11e-112	358
WP_063420554.1	lcl|AMR68964.1-3.A.3.5.39	36.5	92.5	83.2	732	7.45e-112	358
WP_063420554.1	lcl|O32220-3.A.3.5.18	34.7	97.8	90.0	769	7.67e-112	358
WP_063420554.1	lcl|Q8ZUJ0-3.A.3.5.25	37.8	80.6	73.6	624	1.54e-111	357
WP_063420554.1	lcl|Q59385-3.A.3.5.5	35.4	97.8	86.9	773	6.46e-110	353
WP_063420554.1	lcl|P32113-3.A.3.5.1	32.3	97.7	97.8	765	1.08e-108	347
WP_063420554.1	lcl|Q7A3E6-3.A.3.5.19	32.2	98.3	89.7	773	9.21e-108	347
WP_063420554.1	lcl|Q5X2N1-3.A.3.5.30	34.4	90.4	91.4	721	2.93e-106	341
WP_063420554.1	lcl|Q8DVP6-3.A.3.5.40	34.1	97.7	98.5	771	1.36e-104	337
WP_063420554.1	lcl|Q3MNJ6-3.A.3.5.15	32.0	97.7	90.8	785	6.74e-104	337
WP_063420554.1	lcl|O30085-3.A.3.5.10	36.3	78.6	82.2	609	1.14e-102	330
WP_063420554.1	lcl|Q9ZHC7-3.A.3.5.4	34.3	92.2	82.2	738	1.29e-102	334
WP_063420554.1	lcl|Q9YBZ6-3.A.3.5.28	34.9	95.1	83.1	750	9.24e-102	332
WP_063420554.1	lcl|Q72N56-3.A.3.5.23	30.5	98.2	98.2	784	6.09e-98	319
WP_063420554.1	lcl|B1MHH7-3.A.3.5.31	32.7	98.1	98.1	790	1.25e-94	310
WP_063420554.1	lcl|D1CA99-3.A.3.5.38	35.5	81.8	75.9	637	6.86e-94	310
WP_063420554.1	lcl|P35670-3.A.3.5.3	30.7	98.3	55.3	836	3.36e-93	318
WP_063420554.1	lcl|P9WPU1-3.A.3.5.41	32.2	98.2	95.0	782	4.17e-93	307
WP_063420554.1	lcl|Q04656-3.A.3.5.6	28.7	97.9	56.1	857	7.49e-91	311
WP_063420554.1	lcl|Q9S7J8-3.A.3.5.32	34.4	80.6	63.3	657	2.32e-89	302
WP_063420554.1	lcl|Q9WYF3-3.A.3.5.33	31.2	97.7	96.8	765	1.08e-88	294
WP_063420566.1	lcl|Q8DKX9-3.D.1.8.2	58.7	97.5	98.2	654	1.66e-266	746
WP_063420566.1	lcl|P56752-3.D.1.8.1	42.2	97.8	98.1	733	5.06e-172	509
WP_063420566.1	lcl|P29924-3.D.1.2.1	39.6	87.5	90.2	666	6.11e-117	365
WP_063420566.1	lcl|Q9P9F5-3.D.9.1.1	35.9	98.5	98.4	714	2.73e-108	342
WP_063420566.1	lcl|WIM45892.1-3.D.13.1.1	35.9	98.5	98.4	714	2.73e-108	342
WP_063420566.1	lcl|Q746T7-3.D.1.5.1	38.4	87.8	88.9	604	4.86e-106	334
WP_063420566.1	lcl|Q9PMA7-3.D.1.7.1	46.6	59.7	64.3	401	8.86e-106	333
WP_063420566.1	lcl|Q56227-3.D.1.3.1	38.3	86.0	88.8	588	2.67e-103	327
WP_063420566.1	lcl|P33607-3.D.1.1.1	38.7	88.4	89.4	599	1.03e-100	320
WP_063420566.1	lcl|OLS18237-3.D.9.1.2	36.3	86.0	86.1	623	2.15e-95	308
WP_063420566.1	lcl|P05510-3.D.1.6.2	43.0	57.3	52.3	391	1.70e-84	280
WP_063420566.1	lcl|P03920-3.D.1.6.1	38.0	57.0	60.4	384	1.04e-73	248
WP_063420566.1	lcl|P08739-3.D.1.6.4	38.2	60.4	70.5	411	4.02e-69	234
WP_063420566.1	lcl|Q7AJV8-2.A.63.1.2	35.1	63.1	52.0	453	6.16e-67	234
WP_063420566.1	lcl|Q9ZNG6-2.A.63.1.3	34.4	57.2	49.4	413	9.09e-64	225
WP_063420566.1	lcl|Q52978-2.A.63.1.1	40.1	49.3	31.9	334	2.40e-63	226
WP_063420566.1	lcl|Q9K2S2-2.A.63.1.4	30.2	82.7	64.2	592	6.39e-60	214
WP_063420566.1	lcl|OLS18238-3.D.9.1.2	30.3	69.9	88.5	489	8.00e-50	181
WP_063420566.1	lcl|Q8U100-3.D.1.4.1	31.8	63.9	79.0	447	6.70e-48	176
WP_063420566.1	lcl|P77416-3.D.1.9.1	32.3	52.1	71.4	365	6.54e-47	172
WP_063420566.1	lcl|O59652-3.D.1.4.2	32.9	53.3	54.6	368	3.51e-43	164
WP_063420566.1	lcl|OLS18239-3.D.9.1.2	26.2	77.6	97.1	546	1.88e-37	146
WP_063420566.1	lcl|P23482-3.D.1.9.1	28.8	54.8	56.5	399	4.84e-36	144
WP_063420566.1	lcl|P72316-3.D.1.4.3	33.6	48.7	25.7	342	8.18e-36	144
WP_063420566.1	lcl|F1SVH9-3.D.13.1.1	29.3	48.2	64.4	334	1.20e-33	134
WP_063420568.1	lcl|SCM80790.1-3.D.7.1.8	34.5	97.3	92.8	296	6.25e-46	157
WP_063420568.1	lcl|SCM80790.1-5.B.16.1.1	34.5	97.3	92.8	296	6.25e-46	157
WP_063420571.1	lcl|Q8DL31-3.D.1.8.2	75.3	83.5	92.9	182	9.37e-91	264
WP_063420571.1	lcl|P56755-3.D.1.8.1	64.2	72.9	92.4	159	7.07e-61	187
WP_063420571.1	lcl|Q746T4-3.D.1.5.1	42.9	52.3	67.0	119	7.81e-13	63.9
WP_063420571.1	lcl|Q8U0Z4-3.D.1.4.1	39.4	49.5	71.9	109	2.57e-09	53.5
WP_063420571.1	lcl|P42028-3.D.1.6.1	44.1	24.8	27.8	59	9.98e-09	53.1
WP_063420571.1	lcl|Q0P857-3.D.1.7.1	37.9	53.2	57.7	124	1.64e-07	49.7
WP_063420571.1	lcl|Q12644-3.D.1.6.2	37.3	24.8	26.9	59	3.67e-06	45.8
WP_063420571.1	lcl|Q9FX83-3.D.1.6.3	35.6	24.8	26.6	59	5.07e-06	45.4
WP_063420571.1	lcl|Q6V9B1-3.D.1.6.4	33.3	27.1	29.9	69	3.25e-05	43.1
WP_063420571.1	lcl|P29921-3.D.1.2.1	28.3	37.6	56.4	92	3.03e-04	39.7
WP_063420577.1	lcl|C9VRY8-2.A.86.1.5	30.0	88.7	49.2	340	1.14e-16	80.9
WP_063420577.1	lcl|O32095-2.A.86.1.8	21.3	83.4	80.5	305	5.74e-11	62.8
WP_063420577.1	lcl|O53656-2.A.86.1.7	25.8	89.9	84.5	326	3.28e-09	57.4
WP_063420577.1	lcl|P0AFI9-2.A.86.1.1	23.7	86.2	86.4	316	2.35e-08	54.7
WP_063420577.1	lcl|ARH13824-2.A.86.1.14	23.5	85.9	89.8	324	4.09e-06	47.8
WP_063420578.1	lcl|AKM79803-9.B.241.1.1	32.2	92.5	93.5	301	4.42e-36	131
WP_063420578.1	lcl|WP_035967890.1-9.B.241.1.2	37.2	59.5	38.7	183	1.76e-22	96.7
WP_063420579.1	lcl|WP_100905044.1-4.D.2.2.4	27.3	43.3	70.1	238	9.97e-08	53.5
WP_063420579.1	lcl|F2N2Z6-3.A.3.4.3	35.1	15.0	6.4	77	1.26e-05	47.8
WP_063420579.1	lcl|WP_046728225.1-4.H.1.2.2	44.4	12.3	20.7	63	3.40e-04	42.4
WP_063420579.1	lcl|B8G562-4.D.2.5.1	26.4	27.3	41.1	148	5.04e-04	42.0
WP_063420590.1	lcl|KAG6474414.1-1.A.130.1.3	34.1	31.9	25.1	126	6.36e-12	65.5
WP_063420591.1	lcl|Q8DJD9-3.D.1.8.2	77.7	100	100	394	3.44e-239	655
WP_063420591.1	lcl|P56753-3.D.1.8.1	63.7	100	100	394	1.68e-197	550
WP_063420591.1	lcl|Q56220-3.D.1.3.1	43.9	99.0	95.4	396	4.15e-105	315
WP_063420591.1	lcl|Q9PM99-3.D.1.7.1	40.4	99.2	96.3	394	5.17e-103	310
WP_063420591.1	lcl|P17694-3.D.1.6.1	41.1	99.0	84.2	394	4.38e-101	307
WP_063420591.1	lcl|Q74GA5-3.D.1.5.1	39.7	98.2	99.2	388	2.14e-100	303
WP_063420591.1	lcl|Q6V9A8-3.D.1.6.4	41.0	97.0	81.8	383	4.40e-99	302
WP_063420591.1	lcl|P29916-3.D.1.2.1	40.6	97.0	93.2	389	1.35e-98	299
WP_063420591.1	lcl|P93306-3.D.1.6.3	40.8	100	100	395	2.19e-98	298
WP_063420591.1	lcl|P22142-3.D.1.6.2	39.2	99.2	81.8	398	5.39e-97	297
WP_063420591.1	lcl|P33599-3.D.1.1.1	39.4	97.5	64.6	391	8.93e-93	290
WP_063420591.1	lcl|Q9P9G0-3.D.9.1.1	38.8	97.5	97.6	384	1.98e-88	271
WP_063420591.1	lcl|WIM45898.1-3.D.13.1.1	38.8	97.5	97.6	384	1.98e-88	271
WP_063420591.1	lcl|O59656-3.D.1.4.2	31.1	97.2	99.2	383	1.31e-57	191
WP_063420591.1	lcl|OLS18213-3.D.9.1.2	29.7	97.2	61.9	387	3.98e-48	171
WP_063420591.1	lcl|P31895-3.D.1.4.3	28.1	99.2	100	399	1.51e-45	160
WP_063420591.1	lcl|Q8U0Z6-3.D.1.4.1	29.2	97.0	86.9	390	1.68e-43	156
WP_063420591.1	lcl|Q729Q8-3.D.1.4.4	27.3	100	100	395	3.79e-40	145
WP_063420591.1	lcl|P16431-3.D.1.9.2	30.0	97.2	62.7	387	1.39e-36	139
WP_063420591.1	lcl|P77329-3.D.1.9.1	27.7	99.0	62.7	394	7.22e-28	114
WP_063420591.1	lcl|Q8EYD9-3.D.1.9.3	22.0	91.9	73.0	373	9.93e-14	72.0
WP_063420613.1	lcl|P0AEB5-1.A.23.4.3	50.5	57.6	63.0	216	4.63e-66	212
WP_063420613.1	lcl|O25170-1.A.23.4.10	32.1	55.2	37.9	237	3.14e-29	118
WP_063420613.1	lcl|Q57634-1.A.23.4.2	31.9	61.1	64.3	229	2.25e-21	93.6
WP_063420613.1	lcl|Q58543-1.A.23.4.1	30.9	49.3	52.4	194	6.01e-17	80.9
WP_063420613.1	lcl|Q56X46-1.A.23.4.4	27.6	41.8	24.2	163	3.42e-16	79.7
WP_063420613.1	lcl|Q8VZL4-1.A.23.4.11	26.5	54.4	40.8	204	1.18e-14	74.7
WP_063420613.1	lcl|P77338-1.A.23.1.1	30.6	46.4	14.9	173	5.37e-11	63.9
WP_063420613.1	lcl|O34897-1.A.23.3.1	39.8	22.8	32.6	88	2.88e-09	57.0
WP_063420613.1	lcl|Q1D0J8-1.A.23.7.2	30.5	70.0	48.9	279	8.99e-09	56.6
WP_063420613.1	lcl|P39285-1.A.23.1.3	36.3	21.4	7.1	80	1.15e-08	56.6
WP_063420613.1	lcl|Q9EV03-1.A.23.1.2	30.8	31.1	9.9	117	2.67e-08	55.5
WP_063420613.1	lcl|Q9S2Y1-1.A.23.7.1	28.1	48.8	44.5	185	1.18e-07	52.8
WP_063420613.1	lcl|A3KE12-1.A.23.6.1	28.0	50.1	37.5	200	4.57e-07	51.2
WP_063420613.1	lcl|P42531-1.A.23.3.3	38.1	21.7	16.7	84	5.59e-06	47.8
WP_063420613.1	lcl|GAV97011.1-1.A.23.3.5	38.1	21.7	15.4	84	5.82e-06	47.8
WP_063420613.1	lcl|P0AAT4-1.A.23.4.5	23.4	45.8	51.8	222	6.73e-06	47.4
WP_063420613.1	lcl|C4KE93-1.A.23.4.6	28.9	30.3	42.4	135	6.97e-06	47.0
WP_063420613.1	lcl|WP_004567541.1-1.A.23.3.4	25.7	59.5	66.8	237	1.34e-05	46.2
WP_063420619.1	lcl|Q9SXJ7-3.A.9.1.2	46.2	75.6	68.1	705	7.67e-192	576
WP_063420619.1	lcl|Q9FI56-3.A.9.1.2	46.5	73.5	67.7	695	2.18e-191	574
WP_063420619.1	lcl|Q74G19-3.A.23.5.1	44.5	75.1	77.4	713	9.09e-154	474
WP_063420619.1	lcl|Q6EE14-3.A.23.2.1	41.6	74.3	77.1	700	2.81e-145	452
WP_063420619.1	lcl|Q9KN49-3.A.23.1.1	38.5	75.1	78.1	711	1.07e-133	422
WP_063420619.1	lcl|R9RFN6-3.A.23.4.1	37.9	74.7	75.3	704	2.68e-127	405
WP_063420619.1	lcl|Q8IM28-3.A.26.1.1	28.9	72.9	59.4	806	3.03e-86	301
WP_063420623.1	lcl|OIP83072.1-9.B.265.1.5	32.1	81.1	61.8	324	5.35e-38	142
WP_063420625.1	lcl|Q8GD00-9.A.47.1.1	27.2	19.6	39.6	184	1.25e-13	73.6
WP_063420625.1	lcl|P15644-1.B.22.1.1	29.3	31.4	34.2	246	3.37e-13	72.8
WP_063420625.1	lcl|P45758-1.B.22.1.3	28.9	20.5	23.4	159	2.30e-12	70.1
WP_063420625.1	lcl|Q1D7R4-3.A.7.18.2	35.0	18.0	23.7	140	6.81e-12	68.2
WP_063420625.1	lcl|P35818-1.B.22.1.2	26.5	21.0	24.5	166	2.77e-11	66.6
WP_063420625.1	lcl|KUH55735.1-1.B.22.4.5	30.7	19.3	36.9	150	3.35e-11	65.5
WP_063420625.1	lcl|P31772-1.B.22.4.1	29.7	22.6	34.6	175	7.58e-11	64.7
WP_063420625.1	lcl|P34750-1.B.22.2.1	28.1	15.6	16.1	121	3.45e-10	63.2
WP_063420625.1	lcl|Q1R5P6-1.B.22.4.2	28.0	22.6	37.4	175	8.51e-10	61.2
WP_063420625.1	lcl|AGT22205.1-1.B.22.4.4	28.9	22.3	35.5	173	1.19e-09	60.8
WP_063420625.1	lcl|C6ALC5-1.B.22.4.3	27.4	22.6	32.5	175	3.07e-09	59.7
WP_063420625.1	lcl|Q72IW4-3.A.11.1.3	31.2	11.9	12.2	93	6.49e-08	55.8
WP_063420625.1	lcl|Q01244-1.B.22.3.3	24.7	22.8	25.7	190	1.01e-07	55.1
WP_063420625.1	lcl|Q8F3M6-3.A.15.4.1	32.9	9.8	12.6	76	1.32e-07	54.7
WP_063420625.1	lcl|Q93KT1-3.A.6.1.1	24.2	22.8	25.7	190	1.76e-07	54.3
WP_063420625.1	lcl|Q9ZFG1-1.B.22.2.4	31.5	18.4	14.9	143	2.06e-07	54.3
WP_063420625.1	lcl|P35672-1.B.22.3.2	37.7	8.9	12.3	69	7.93e-06	48.9
WP_063420625.1	lcl|L0URL9-1.B.22.2.3	32.3	8.4	8.6	65	1.18e-05	48.5
WP_063420625.1	lcl|Q01723-1.B.22.3.1	30.8	17.4	18.4	143	1.34e-04	45.1
WP_063420634.1	lcl|Q9F9T4-3.A.1.5.23	40.1	97.4	89.7	553	8.05e-114	350
WP_063420634.1	lcl|I6Y482-3.A.1.5.48	40.7	94.2	93.6	518	3.73e-111	341
WP_063420634.1	lcl|CCM69331-3.A.1.5.49	39.1	97.6	97.2	534	3.85e-109	335
WP_063420634.1	lcl|Q8ZNJ8-3.A.1.5.24	39.2	93.3	94.9	515	2.44e-103	320
WP_063420634.1	lcl|P33916-3.A.1.5.21	37.2	96.7	98.3	532	8.30e-101	313
WP_063420634.1	lcl|A5U1X9-3.A.1.5.50	34.4	97.6	98.4	605	1.31e-97	308
WP_063420634.1	lcl|P63395-3.A.1.5.26	34.4	97.6	98.4	605	1.31e-97	308
WP_063420634.1	lcl|P75796-3.A.1.5.11	35.6	98.7	91.2	571	2.65e-96	305
WP_063420634.1	lcl|Q97UG5-3.A.1.5.8	30.3	98.7	99.0	614	4.45e-81	265
WP_063420634.1	lcl|Q92NE8-3.A.1.5.17	32.0	94.4	91.3	516	2.26e-74	245
WP_063420634.1	lcl|Q5V9R8-3.A.1.5.22	46.2	47.8	78.8	262	3.23e-65	214
WP_063420634.1	lcl|P77737-3.A.1.5.41	46.6	47.8	77.8	262	2.22e-62	207
WP_063420634.1	lcl|Q9X272-3.A.1.5.15	43.5	44.1	71.6	237	5.16e-62	206
WP_063420634.1	lcl|P08007-3.A.1.5.1	45.8	47.8	77.8	262	6.11e-62	206
WP_063420634.1	lcl|B1W1L8-3.A.1.5.37	43.8	43.5	62.6	235	1.54e-56	193
WP_063420634.1	lcl|Q8CJS2-3.A.1.5.36	40.5	50.4	69.3	274	2.00e-55	190
WP_063420634.1	lcl|P45094-3.A.1.5.27	42.7	44.4	72.5	239	9.86e-55	187
WP_063420634.1	lcl|Q9F349-3.A.1.5.35	42.1	43.5	65.4	235	1.52e-54	187
WP_063420634.1	lcl|Q9X0F3-3.A.1.5.12	44.4	43.9	70.7	243	2.00e-54	186
WP_063420634.1	lcl|Q9WXR3-3.A.1.5.29	40.3	47.8	77.2	263	7.02e-54	185
WP_063420634.1	lcl|W0WLZ8-3.A.1.5.39	43.6	43.9	72.4	236	4.86e-53	182
WP_063420634.1	lcl|P77268-3.A.1.5.38	41.0	45.2	75.6	251	5.73e-52	179
WP_063420634.1	lcl|Q9X271-3.A.1.5.15	40.8	44.6	75.3	245	1.40e-51	178
WP_063420634.1	lcl|O31309-3.A.1.5.18	38.7	45.0	85.2	248	1.51e-51	177
WP_063420634.1	lcl|P42065-3.A.1.5.20	43.0	43.5	70.8	235	1.59e-51	178
WP_063420635.1	lcl|B3ERW2-3.A.23.6.1	40.7	20.2	13.8	162	1.34e-22	103
WP_063420650.1	lcl|P22520-3.A.1.112.12	30.1	72.6	73.6	525	5.13e-61	217
WP_063420650.1	lcl|Q93GK5-3.A.1.112.13	29.9	72.6	73.6	528	2.32e-59	212
WP_063420650.1	lcl|A3DCU1-3.A.1.112.9	28.3	68.3	66.4	501	6.02e-47	177
WP_063420650.1	lcl|P08716-3.A.1.109.1	27.3	73.4	73.6	534	6.75e-47	177
WP_063420650.1	lcl|F0R9C2-3.A.1.112.10	29.3	71.9	70.5	532	2.59e-46	175
WP_063420650.1	lcl|P18770-3.A.1.109.2	29.9	64.2	63.8	469	5.91e-46	174
WP_063420650.1	lcl|P23702-3.A.1.109.8	26.6	73.7	73.8	537	1.89e-45	172
WP_063420650.1	lcl|O06967-3.A.1.117.3	27.5	67.7	79.6	498	7.57e-43	163
WP_063420650.1	lcl|B2WTH9-3.A.1.201.12	38.4	34.1	18.8	250	3.34e-42	165
WP_063420650.1	lcl|P97046-3.A.1.117.1	24.7	72.2	84.9	522	2.94e-41	159
WP_063420650.1	lcl|B0Y3B6-3.A.1.201.10	34.2	46.3	25.9	357	3.39e-41	162
WP_063420650.1	lcl|Q03727-3.A.1.112.1	26.4	62.4	61.5	451	7.12e-41	159
WP_063420650.1	lcl|I0J0H5-3.A.1.201.28	38.6	30.2	17.0	220	2.44e-40	159
WP_063420650.1	lcl|XP_020538546.1-3.A.1.201.29	38.0	32.2	17.8	234	2.45e-40	159
WP_063420650.1	lcl|O43140-3.A.1.201.11	38.1	31.7	16.5	236	2.59e-40	159
WP_063420650.1	lcl|Q8RMB7-3.A.1.106.7	27.3	63.2	36.9	462	3.09e-40	159
WP_063420650.1	lcl|Q5TLL2-3.A.1.111.4	27.0	66.2	66.5	482	3.67e-40	157
WP_063420650.1	lcl|P63359-3.A.1.106.20	27.3	70.9	87.1	520	7.41e-40	154
WP_063420650.1	lcl|P60752-3.A.1.106.1	27.3	67.6	83.2	495	1.00e-39	154
WP_063420650.1	lcl|Q88RG3-3.A.1.109.3	25.9	64.6	63.8	474	1.02e-39	155
WP_063420650.1	lcl|E7F1E3-3.A.1.201.52	37.2	34.4	19.1	250	3.16e-39	155
WP_063420650.1	lcl|Q9HGT5-3.A.1.201.27	39.0	32.4	18.0	241	3.27e-39	155
WP_063420650.1	lcl|P73239-3.A.1.106.14	38.4	33.0	39.8	242	3.77e-39	152
WP_063420650.1	lcl|B5E244-3.A.1.112.5	28.0	62.8	61.9	461	5.89e-39	153
WP_063420650.1	lcl|Q4Q3A6-3.A.1.201.26	30.7	52.4	28.2	388	1.03e-38	154
WP_063420651.1	lcl|A3DCU1-3.A.1.112.9	25.6	95.9	96.3	727	1.65e-71	247
WP_063420651.1	lcl|B5E244-3.A.1.112.5	28.2	96.3	98.2	728	9.75e-65	228
WP_063420651.1	lcl|Q00564-3.A.1.112.3	27.6	96.3	98.2	731	5.96e-63	223
WP_063420651.1	lcl|Q03727-3.A.1.112.1	26.5	97.0	98.9	729	2.02e-61	219
WP_063420651.1	lcl|Q10418-3.A.1.112.8	26.7	95.1	96.3	716	9.67e-60	214
WP_063420651.1	lcl|Q57403-3.A.1.111.1	26.4	97.2	98.2	736	1.07e-58	211
WP_063420651.1	lcl|F0R9C2-3.A.1.112.10	26.8	96.3	97.5	738	9.54e-57	206
WP_063420651.1	lcl|Q5TLL2-3.A.1.111.4	24.7	95.3	98.4	732	2.64e-54	198
WP_063420651.1	lcl|P22520-3.A.1.112.12	26.2	92.8	96.1	706	2.77e-52	192
WP_063420651.1	lcl|P36497-3.A.1.112.2	25.5	97.0	98.3	738	1.50e-50	188
WP_063420651.1	lcl|Q93GK5-3.A.1.112.13	26.3	91.3	94.6	691	3.83e-50	186
WP_063420651.1	lcl|P18770-3.A.1.109.2	29.6	65.4	65.9	497	1.36e-45	173
WP_063420651.1	lcl|C1F8I9-3.A.1.106.17	31.8	45.4	55.6	337	3.48e-45	170
WP_063420651.1	lcl|P08716-3.A.1.109.1	29.9	50.5	50.8	378	1.16e-43	167
WP_063420651.1	lcl|P73239-3.A.1.106.14	29.6	54.7	65.4	406	3.88e-43	164
WP_063420651.1	lcl|P23702-3.A.1.109.8	29.2	50.4	50.6	377	1.26e-42	164
WP_063420651.1	lcl|D5AL45-3.A.1.210.15	28.2	54.6	63.7	412	2.22e-42	162
WP_063420651.1	lcl|Q9LVM1-3.A.1.210.8	29.2	56.0	54.9	424	6.50e-42	162
WP_063420651.1	lcl|Q46GL9-3.A.1.106.19	27.2	65.3	79.8	493	8.52e-42	160
WP_063420651.1	lcl|Q9WYC4-3.A.1.135.5	26.1	77.5	93.5	586	1.56e-41	160
WP_063420651.1	lcl|Q9NP58-3.A.1.210.6	28.6	59.6	50.7	448	1.59e-41	162
WP_063420651.1	lcl|Q6TGQ6-3.A.1.112.11	23.5	87.7	94.8	664	1.87e-41	160
WP_063420651.1	lcl|Q1LRE9-3.A.1.210.9	28.5	65.2	74.6	495	4.05e-41	159
WP_063420651.1	lcl|O06967-3.A.1.117.3	27.8	65.2	79.5	493	1.15e-40	157
WP_063420651.1	lcl|Q2M3G0-3.A.1.201.13	39.5	33.2	31.2	253	2.57e-40	158
WP_063420658.1	lcl|WP_081471983.1-1.I.3.1.1	26.6	32.6	39.1	297	4.13e-06	50.1
WP_063420658.1	lcl|P09489-1.B.12.5.1	26.4	17.5	11.9	144	2.09e-04	44.7
WP_063420658.1	lcl|D9SZH8-2.A.7.3.49	38.9	10.4	11.8	95	5.87e-04	43.1
WP_063420670.1	lcl|GBG75892.1-8.A.129.1.7	35.4	29.8	13.9	99	3.79e-06	48.1
WP_063420671.1	lcl|Q9I6X6-2.A.6.2.27	26.8	54.5	50.4	220	4.96e-07	50.8
WP_063420672.1	lcl|CCG95658.1-8.A.85.1.5	31.4	37.9	50.4	258	3.19e-25	109
WP_063420672.1	lcl|Q6MNW4-8.A.85.1.4	37.0	28.2	28.7	181	7.80e-25	108
WP_063420672.1	lcl|OUT43426-8.A.85.1.7	23.9	43.6	36.3	293	4.76e-16	81.6
WP_063420672.1	lcl|P16066-8.A.85.1.6	34.0	29.6	17.2	197	3.56e-09	59.7
WP_063420672.1	lcl|P40145-8.A.85.1.9	28.7	29.0	14.7	195	1.91e-08	57.4
WP_063420672.1	lcl|P20594-8.A.85.1.2	29.8	29.0	17.0	188	3.72e-07	53.1
WP_063420672.1	lcl|P25092-8.A.85.1.1	31.9	22.1	12.5	144	5.11e-05	46.2
WP_063420675.1	lcl|P0C0S1-1.A.23.2.1	25.4	34.1	57.7	169	1.07e-12	68.2
WP_063420675.1	lcl|Q2W0I8-1.A.1.22.1	33.1	23.6	28.2	118	5.43e-11	63.9
WP_063420675.1	lcl|A0NP85-1.A.1.24.5	31.5	24.6	25.7	124	1.11e-09	60.1
WP_063420675.1	lcl|OUT43425-8.A.1.3.6	36.8	15.4	13.1	76	5.32e-09	58.2
WP_063420675.1	lcl|O25170-1.A.23.4.10	30.8	25.7	20.2	130	1.29e-08	57.0
WP_063420675.1	lcl|Q02006-1.A.1.24.1	26.0	26.1	31.3	131	6.81e-08	54.3
WP_063420675.1	lcl|A3EYY6-1.A.1.5.9	24.3	26.7	6.0	136	2.76e-07	53.1
WP_063420675.1	lcl|Q58543-1.A.23.4.1	22.1	28.7	35.2	145	5.69e-07	51.2
WP_063420675.1	lcl|Q98GN8-1.A.1.25.1	31.3	22.2	29.6	112	7.42e-07	50.8
WP_063420675.1	lcl|P75783-1.A.23.3.2	31.6	19.8	13.1	98	3.53e-06	49.3
WP_063420675.1	lcl|Q6MLE8-1.A.23.4.12	26.1	39.0	57.5	203	7.05e-06	47.8
WP_063420675.1	lcl|Q8VZL4-1.A.23.4.11	30.0	18.2	17.9	90	1.20e-05	47.4
WP_063420675.1	lcl|G0GA88-1.A.1.5.17	24.8	25.3	28.4	125	1.45e-05	47.0
WP_063420675.1	lcl|I0XVQ9-1.A.1.5.31	28.4	17.8	19.6	88	1.46e-05	47.0
WP_063420675.1	lcl|D2VJB4-1.A.1.5.15	29.1	17.2	13.2	86	3.09e-05	46.2
WP_063420675.1	lcl|E0RR11-1.A.1.5.35	24.0	25.3	28.4	125	3.36e-05	45.8
WP_063420675.1	lcl|Q06IP1-1.A.1.5.30	26.4	18.4	12.8	91	8.61e-04	41.6
WP_063420681.1	lcl|OUT43425-8.A.1.3.6	26.6	47.2	18.9	109	2.60e-05	44.3
WP_063420681.1	lcl|Q2W0I8-1.A.1.22.1	33.3	32.5	17.5	75	5.47e-05	43.1
WP_063420681.1	lcl|A0NP85-1.A.1.24.5	28.5	52.8	25.3	123	1.39e-04	42.0
WP_063420681.1	lcl|E0RR11-1.A.1.5.35	30.0	47.2	24.9	110	7.79e-04	39.7
WP_063420685.1	lcl|EED84750.1-9.A.34.1.10	39.6	8.8	10.6	101	4.03e-11	67.0
WP_063420688.1	lcl|Q8YSQ6-2.A.56.3.3	62.9	98.1	98.9	367	3.92e-172	483
WP_063420688.1	lcl|D5ALT6-2.A.56.3.4	49.4	87.7	89.9	328	2.08e-118	347
WP_063420688.1	lcl|Q9RBR1-2.A.56.3.2	28.0	58.0	64.1	218	3.80e-12	66.2
WP_063420689.1	lcl|Q8YSQ8-2.A.56.3.3	44.8	91.0	93.5	172	1.37e-53	168
WP_063420689.1	lcl|P74225-2.A.56.3.1	50.0	86.8	91.6	164	1.35e-52	166
WP_063420689.1	lcl|D5ATK0-2.A.56.3.4	30.6	84.7	81.6	160	5.37e-22	87.8
WP_063420696.1	lcl|D8RWR9-1.C.39.4.5	35.5	37.5	26.5	245	4.77e-27	116
WP_063420703.1	lcl|CCG95658.1-8.A.85.1.5	35.6	37.9	45.4	233	1.24e-32	131
WP_063420703.1	lcl|Q6MNW4-8.A.85.1.4	38.3	31.0	30.4	188	1.90e-31	129
WP_063420703.1	lcl|OUT43426-8.A.85.1.7	30.2	37.4	29.2	235	2.90e-23	104
WP_063420703.1	lcl|GIM07801.1-3.E.1.5.3	31.2	26.5	7.4	173	8.43e-09	58.5
WP_063420703.1	lcl|Q02846-8.A.85.1.3	27.0	35.6	19.3	222	2.94e-08	56.6
WP_063420703.1	lcl|P16066-8.A.85.1.6	27.1	33.9	18.1	207	2.61e-07	53.5
WP_063420703.1	lcl|P20594-8.A.85.1.2	27.7	30.1	16.4	184	5.91e-07	52.4
WP_063420703.1	lcl|CZT99751.1-8.A.85.1.8	22.9	29.2	30.9	214	1.06e-05	48.1
WP_063420705.1	lcl|P74757-3.A.1.141.1	48.3	88.5	100	234	1.98e-67	208
WP_063420705.1	lcl|Q8R6Q6-3.A.1.141.2	20.7	84.4	85.6	222	6.40e-10	57.8
WP_063420706.1	lcl|P74256-3.A.1.141.1	41.2	96.2	97.3	255	2.97e-67	209
WP_063420710.1	lcl|K9FTF6-2.A.7.2.4	31.4	77.9	48.1	245	2.62e-28	110
WP_063420712.1	lcl|G0LRW8-3.A.1.15.15	27.3	92.2	85.3	238	5.75e-22	91.7
WP_063420712.1	lcl|Q55282-3.A.1.15.1	30.1	71.3	60.1	186	2.00e-18	82.4
WP_063420712.1	lcl|Q2MGF9-3.A.1.15.14	27.3	85.3	78.0	220	3.90e-18	81.3
WP_063420712.1	lcl|Q4V0W5-3.A.1.15.21	25.5	89.5	80.2	231	2.08e-17	79.3
WP_063420712.1	lcl|Q9XCR9-3.A.1.15.7	26.1	90.7	84.4	238	1.81e-16	76.6
WP_063420712.1	lcl|Q56955-3.A.1.15.4	28.4	73.6	64.0	190	7.54e-16	75.1
WP_063420712.1	lcl|Q9RNI8-3.A.1.15.6	25.1	89.5	81.3	231	3.19e-15	73.2
WP_063420712.1	lcl|Q8DW85-3.A.1.15.20	24.2	89.5	82.8	231	3.74e-14	70.1
WP_063420712.1	lcl|P42361-3.A.1.15.2	24.1	82.2	76.3	212	2.41e-13	67.8
WP_063420712.1	lcl|Q92LL2-3.A.1.15.9	24.1	91.9	83.5	237	8.81e-13	66.2
WP_063420712.1	lcl|Q92LL3-3.A.1.15.9	25.3	92.6	83.9	245	1.04e-11	63.2
WP_063420712.1	lcl|Q56954-3.A.1.15.4	22.5	89.5	78.6	231	3.77e-11	61.6
WP_063420712.1	lcl|B2IWT1-3.A.1.15.13	25.7	88.8	79.6	230	1.67e-10	59.7
WP_063420712.1	lcl|Q9XCS0-3.A.1.15.7	25.7	71.7	64.7	187	4.06e-10	58.5
WP_063420712.1	lcl|P39832-3.A.1.15.5	23.5	95.3	92.7	247	1.57e-09	56.6
WP_063420712.1	lcl|A1IQK4-3.A.1.15.10	25.7	89.1	80.4	237	1.53e-08	53.9
WP_063420712.1	lcl|A1B2F2-3.A.1.15.19	26.9	91.9	84.7	245	2.75e-08	53.1
WP_063420712.1	lcl|O84072-3.A.1.15.12	23.9	93.8	61.6	280	1.00e-05	45.8
WP_063420712.1	lcl|P96118-3.A.1.15.8	27.6	85.3	77.5	232	1.04e-05	45.4
WP_063420713.1	lcl|B2J0B7-3.A.1.15.13	28.2	84.7	83.0	284	6.37e-33	124
WP_063420713.1	lcl|P96116-3.A.1.15.8	27.5	83.4	88.0	284	8.49e-18	82.0
WP_063420713.1	lcl|Q55280-3.A.1.15.1	27.0	77.9	73.9	259	1.46e-17	81.6
WP_063420713.1	lcl|A1B2F3-3.A.1.15.19	26.1	80.4	85.8	276	1.64e-15	75.5
WP_063420713.1	lcl|P0A4G2-3.A.1.15.14	23.6	77.3	80.6	254	3.03e-15	74.7
WP_063420713.1	lcl|Q3Y4D4-3.A.1.15.12	27.0	55.8	53.7	185	3.96e-14	71.6
WP_063420713.1	lcl|Q9KIJ3-3.A.1.15.20	24.0	77.6	81.7	258	1.13e-13	70.1
WP_063420713.1	lcl|Q4V0W6-3.A.1.15.21	24.1	75.2	77.8	257	7.19e-13	67.8
WP_063420713.1	lcl|Q5FA63-3.A.1.15.10	25.2	79.4	87.7	282	1.73e-12	66.6
WP_063420713.1	lcl|Q56952-3.A.1.15.4	24.8	81.9	83.9	274	4.33e-12	65.5
WP_063420713.1	lcl|P0A4G4-3.A.1.15.6	23.3	79.8	82.9	270	5.80e-12	65.1
WP_063420713.1	lcl|G0LRW7-3.A.1.15.15	24.2	56.4	59.5	194	7.76e-12	64.7
WP_063420713.1	lcl|B2IWS9-3.A.1.15.13	25.3	69.9	67.7	233	9.67e-11	61.6
WP_063420713.1	lcl|Q8DQ09-3.A.1.15.3	24.2	68.7	72.0	236	5.47e-07	50.1
WP_063420713.1	lcl|Q92LL5-3.A.1.15.9	23.5	84.4	88.4	281	9.40e-07	49.3
WP_063420713.1	lcl|Q66AT6-3.A.1.15.18	24.9	55.5	61.0	209	3.17e-06	47.8
WP_063420713.1	lcl|P39172-3.A.1.15.5	25.5	55.5	60.0	192	9.79e-06	46.2
WP_063420717.1	lcl|Q8EJL9-2.A.119.1.6	33.3	37.4	23.8	120	5.60e-09	56.6
WP_063420717.1	lcl|WP_099137450.1-2.A.119.1.4	34.7	29.9	31.0	95	2.66e-08	53.9
WP_063420717.1	lcl|WP_069955515.1-2.A.119.1.5	44.9	15.4	16.5	49	1.15e-07	52.0
WP_063420717.1	lcl|B5LWZ8-2.A.119.1.1	31.4	16.0	16.2	51	2.24e-04	42.0
WP_063420720.1	lcl|WP_048206392.1-2.A.7.44.1	46.4	42.3	43.6	69	4.32e-14	65.5
WP_063420720.1	lcl|WP_105482921.1-2.A.7.44.4	34.5	61.3	72.4	113	2.40e-10	55.5
WP_063420720.1	lcl|RPI82882.1-2.A.7.44.5	43.1	32.5	43.0	65	1.22e-07	48.1
WP_063420722.1	lcl|D0J5M8-2.A.1.86.5	34.8	80.4	44.4	233	4.01e-31	120
WP_063420726.1	lcl|WP_121250785-4.H.1.1.15	24.6	92.7	46.1	574	8.05e-24	106
WP_063420738.1	lcl|Q9L3S3-3.A.1.4.4	50.4	98.0	99.6	262	8.35e-79	238
WP_063420738.1	lcl|Q8NRV8-3.A.1.4.5	44.4	95.6	97.5	239	1.75e-65	203
WP_063420738.1	lcl|CAI09141-3.A.1.4.15	37.8	95.6	95.3	241	1.10e-49	163
WP_063420738.1	lcl|Q92TN3-3.A.1.4.7	36.9	98.8	98.0	249	8.95e-49	160
WP_063420738.1	lcl|P0A9S7-3.A.1.4.1	36.6	97.6	99.2	254	1.83e-48	160
WP_063420738.1	lcl|Q8DQH8-3.A.1.4.10	36.4	96.4	98.4	250	3.56e-48	159
WP_063420738.1	lcl|P21629-3.A.1.4.8	37.3	97.6	99.2	255	3.66e-48	159
WP_063420738.1	lcl|Q55164-3.A.1.4.2	36.6	96.8	93.6	254	3.69e-41	141
WP_063420738.1	lcl|Q6N8W1-3.A.1.4.11	36.5	97.2	42.2	249	3.16e-39	142
WP_063420738.1	lcl|Q8VM83-3.A.1.4.3	35.2	96.0	97.3	250	3.44e-39	136
WP_063420738.1	lcl|Q8YU22-3.A.1.4.12	30.9	96.0	96.1	249	1.42e-38	134
WP_063420738.1	lcl|Q7A2H0-3.A.1.4.6	33.2	92.8	92.7	241	2.24e-37	131
WP_063420738.1	lcl|AKM83896-3.A.1.4.14	33.3	96.4	98.8	243	3.04e-37	130
WP_063420738.1	lcl|Q0S719-3.A.1.4.9	32.9	93.6	39.9	243	5.21e-35	131
WP_063420738.1	lcl|P73650-3.A.1.4.2	34.5	92.0	93.8	235	2.22e-31	115
WP_063420738.1	lcl|Q8YU20-3.A.1.4.12	29.0	96.0	88.3	241	7.54e-31	114
WP_063420738.1	lcl|OLS25602-3.A.1.3.30	30.4	93.2	90.8	237	2.32e-29	110
WP_063420738.1	lcl|P32721-3.A.1.2.6	31.5	98.0	47.8	251	4.55e-29	114
WP_063420738.1	lcl|AKM83893-3.A.1.4.14	29.7	96.8	96.7	249	5.33e-29	109
WP_063420738.1	lcl|Q45404-3.A.1.124.2	29.7	92.4	87.0	232	5.83e-29	109
WP_063420738.1	lcl|P31134-3.A.1.11.2	30.3	93.6	59.7	238	1.15e-28	111
WP_063420738.1	lcl|Q8DQH7-3.A.1.4.10	30.1	96.4	99.2	249	1.25e-28	108
WP_063420738.1	lcl|Q8NSN2-3.A.1.24.4	31.4	87.2	59.4	223	4.65e-28	109
WP_063420738.1	lcl|P77509-3.A.1.2.27	30.3	92.8	45.7	238	1.03e-27	110
WP_063420738.1	lcl|C1A6K8-3.A.1.147.1	29.9	91.6	87.6	234	2.58e-27	105
WP_063420739.1	lcl|Q9L3S4-3.A.1.4.4	57.6	91.2	89.8	342	7.52e-121	353
WP_063420739.1	lcl|Q8NRV9-3.A.1.4.5	39.3	84.5	84.7	318	1.19e-64	209
WP_063420739.1	lcl|CAI09140-3.A.1.4.15	28.6	84.5	91.7	336	7.00e-27	108
WP_063420739.1	lcl|Q92TN2-3.A.1.4.7	26.8	81.6	83.5	306	1.45e-25	105
WP_063420739.1	lcl|AKM83897-3.A.1.4.14	23.6	78.4	93.4	301	2.77e-19	86.7
WP_063420739.1	lcl|P22729-3.A.1.4.1	26.4	78.1	66.8	314	3.15e-19	88.2
WP_063420739.1	lcl|P21628-3.A.1.4.8	24.4	77.9	67.4	312	2.11e-16	79.7
WP_063420739.1	lcl|Q8VM84-3.A.1.4.3	26.7	85.3	87.9	322	3.91e-16	78.2
WP_063420739.1	lcl|Q8YU23-3.A.1.4.12	26.2	77.3	89.6	313	4.22e-13	68.9
WP_063420739.1	lcl|P74455-3.A.1.4.2	22.6	78.4	93.0	363	8.74e-12	65.5
WP_063420739.1	lcl|Q8DQH9-3.A.1.4.10	26.1	54.1	59.4	203	6.83e-11	62.4
WP_063420739.1	lcl|Q0S719-3.A.1.4.9	25.0	78.4	43.0	304	7.47e-10	60.1
WP_063420739.1	lcl|Q8YY08-3.A.1.4.6	25.5	38.9	41.6	161	1.21e-09	58.9
WP_063420739.1	lcl|Q8YU25-3.A.1.4.12	23.7	37.1	43.7	139	1.67e-09	58.2
WP_063420739.1	lcl|AKM83898-3.A.1.4.14	23.7	75.7	90.6	291	6.05e-09	56.2
WP_063420739.1	lcl|Q9X050-3.A.1.2.19	24.0	37.1	42.6	150	1.36e-06	49.3
WP_063420739.1	lcl|CAI09139-3.A.1.4.15	23.2	80.8	95.1	311	4.85e-06	47.4
WP_063420739.1	lcl|G4FGN4-3.A.1.2.20	23.8	36.3	44.4	147	7.13e-06	47.0
WP_063420739.1	lcl|Q9WXW7-3.A.1.2.18	26.9	36.0	43.8	145	1.71e-05	45.8
WP_063420739.1	lcl|O50505-3.A.1.2.24	31.3	27.7	26.0	112	6.64e-05	44.3
WP_063420739.1	lcl|A6LW12-3.A.1.2.26	29.2	34.4	34.7	137	8.30e-05	43.9
WP_063420739.1	lcl|Q92TN1-3.A.1.4.7	26.3	35.5	44.6	133	2.71e-04	42.0
WP_063420739.1	lcl|Q0S718-3.A.1.4.9	25.9	47.5	62.5	193	4.77e-04	41.2
WP_063420739.1	lcl|P77315-3.A.1.2.27	27.9	28.0	33.1	111	7.19e-04	40.8
WP_063420739.1	lcl|Q8G846-3.A.1.2.23	26.1	40.0	44.1	165	7.54e-04	40.8
WP_063420747.1	lcl|Q46I85-2.A.1.2.109	64.1	92.9	97.6	404	3.43e-172	488
WP_063420747.1	lcl|P02981-2.A.1.2.102	34.4	82.1	85.6	360	7.24e-50	173
WP_063420747.1	lcl|Q56RY7-2.A.1.2.38	32.5	86.0	90.1	378	2.78e-48	169
WP_063420747.1	lcl|Q5JAK9-2.A.1.2.39	30.8	92.4	96.2	406	2.74e-47	166
WP_063420747.1	lcl|B2YGG2-2.A.1.2.41	29.8	94.5	93.7	419	8.24e-44	158
WP_063420747.1	lcl|P02982-2.A.1.2.4	31.9	82.1	85.0	361	1.25e-42	154
WP_063420747.1	lcl|Q07282-2.A.1.2.75	30.1	87.8	90.1	385	6.88e-38	141
WP_063420747.1	lcl|C6G9U4-2.A.1.2.103	29.1	89.9	94.7	398	5.96e-32	125
WP_063420747.1	lcl|Q8ZUX8-2.A.1.2.49	32.0	89.4	96.1	394	8.96e-32	124
WP_063420747.1	lcl|P02980-2.A.1.2.68	27.4	88.5	91.5	398	1.16e-30	121
WP_063420747.1	lcl|Q96MC6-2.A.1.2.104	28.2	77.0	65.1	340	8.76e-28	114
WP_063420747.1	lcl|P39843-2.A.1.2.8	28.8	88.7	90.5	400	2.63e-26	109
WP_063420747.1	lcl|Q5SR56-2.A.1.2.30	26.7	82.3	69.2	371	1.71e-25	108
WP_063420747.1	lcl|Q9D2V8-2.A.1.2.73	26.3	87.6	88.8	429	1.83e-24	104
WP_063420747.1	lcl|P33449-2.A.1.2.70	26.0	90.6	95.1	396	2.38e-24	103
WP_063420747.1	lcl|P0A0J7-2.A.1.2.10	25.8	87.8	92.3	387	2.16e-20	92.0
WP_063420747.1	lcl|Q96BI1-2.A.1.2.53	26.8	81.6	81.8	366	4.79e-15	76.3
WP_063420747.1	lcl|GAX16292.1-2.A.1.2.117	25.5	74.5	70.2	365	6.26e-15	76.3
WP_063420747.1	lcl|P0A4K4-2.A.1.2.34	24.6	80.9	83.0	357	2.42e-14	73.9
WP_063420747.1	lcl|Q6NT16-2.A.1.2.57	23.9	93.8	86.6	427	9.54e-14	72.4
WP_063420747.1	lcl|Q8NBP5-2.A.1.2.105	31.0	40.0	32.9	174	1.00e-13	72.4
WP_063420747.1	lcl|Q8C0T7-2.A.1.2.72	28.6	40.9	35.2	182	2.27e-12	68.2
WP_063420747.1	lcl|P77726-2.A.1.2.60	34.6	34.0	31.5	159	6.45e-10	60.5
WP_063420747.1	lcl|O06742-2.A.1.32.1	22.4	81.8	80.5	375	1.81e-08	55.8
WP_063420747.1	lcl|O31762-2.A.1.32.2	27.7	34.5	35.6	155	5.32e-08	54.3
WP_063420752.1	lcl|Q02028-3.A.9.1.1	69.3	99.7	90.4	638	8.74e-294	816
WP_063420752.1	lcl|G4NXA5-1.A.33.1.4	59.1	99.7	98.7	640	1.16e-243	685
WP_063420752.1	lcl|P0A6Y8-1.A.33.1.2	55.7	100	99.5	641	6.48e-230	651
WP_063420752.1	lcl|P11021-1.A.33.1.5	50.7	94.8	93.7	623	6.07e-185	537
WP_063420752.1	lcl|P10591-3.A.16.1.6	49.8	95.0	95.2	619	2.49e-178	520
WP_063420752.1	lcl|P08107-1.A.33.1.3	49.1	94.2	95.0	617	7.98e-174	508
WP_063420752.1	lcl|P22953-1.A.33.1.1	46.3	95.9	95.7	628	2.63e-163	482
WP_063420752.1	lcl|P44669-9.A.41.1.1	43.0	84.1	83.7	535	1.20e-124	381
WP_063420752.1	lcl|Q9Y4L1-3.A.16.1.4	27.3	75.4	52.1	531	2.27e-43	167
WP_063420752.1	lcl|P36016-1.A.33.1.6	23.4	58.8	45.5	414	1.03e-17	87.0
WP_063420752.1	lcl|O33619-9.B.157.1.5	24.8	58.2	92.1	379	1.93e-13	71.6
WP_063420752.1	lcl|Q9K8H5-9.B.157.1.2	24.9	57.7	91.0	378	2.69e-12	68.2
WP_063420752.1	lcl|Q01465-9.B.157.1.1	23.9	57.4	92.9	376	8.03e-10	60.5
WP_063420752.1	lcl|P0A9X4-9.B.157.1.3	29.1	16.2	28.2	103	3.45e-08	55.5
WP_063420752.1	lcl|Q8F2L2-9.B.157.1.4	23.2	57.4	91.5	370	5.91e-08	54.7
WP_063420752.1	lcl|F7WTS9-1.A.33.2.2	24.3	44.3	48.9	296	1.55e-06	50.8
WP_063420752.1	lcl|7BVZ_A-9.B.460.1.1	22.6	25.1	42.8	159	2.51e-06	49.7
WP_063420757.1	lcl|P0A6W3-9.B.146.1.6	38.8	86.6	93.1	345	5.46e-62	202
WP_063420757.1	lcl|Q8F4J3-9.B.146.1.3	35.9	88.2	94.8	357	4.81e-58	192
WP_063420757.1	lcl|Q7UQ81-9.B.146.1.1	29.8	72.4	49.2	285	6.16e-19	87.8
WP_063420757.1	lcl|P0AC78-9.B.146.1.7	27.4	56.6	53.7	219	1.15e-08	55.8
WP_063420757.1	lcl|R6S968-9.B.146.1.4	31.3	45.0	41.4	176	3.75e-08	54.3
WP_063420757.1	lcl|G2HLY8-9.B.146.1.2	24.0	59.8	64.1	229	2.31e-07	51.6
WP_063420761.1	lcl|A9WBR9-3.A.1.32.3	25.4	44.3	67.4	464	6.52e-16	81.6
WP_063420761.1	lcl|Q9F3K7-3.A.1.3.24	33.8	13.8	51.0	139	1.30e-08	56.6
WP_063420761.1	lcl|Q73JF3-3.A.1.31.2	42.5	7.4	15.1	73	1.68e-08	57.8
WP_063420761.1	lcl|Q8G6E9-3.A.1.31.1	23.4	45.7	67.6	471	1.88e-08	57.8
WP_063420761.1	lcl|E6N374-3.A.1.122.27	37.6	9.4	37.7	93	4.71e-08	54.7
WP_063420761.1	lcl|Q8GRB0-3.A.1.14.8	32.7	10.1	36.2	101	5.72e-08	54.7
WP_063420761.1	lcl|Q8G3R0-3.A.1.2.22	21.7	41.6	64.6	419	1.65e-07	54.7
WP_063420761.1	lcl|P75831-3.A.1.122.1	34.1	9.2	13.6	91	2.49e-07	54.3
WP_063420761.1	lcl|P35116-3.A.1.3.6	29.7	12.8	45.9	128	2.54e-07	52.8
WP_063420761.1	lcl|F0SWZ6-3.A.1.18.3	26.8	22.9	45.4	231	2.73e-07	53.9
WP_063420761.1	lcl|Q9CES4-3.A.1.3.25	32.3	13.3	49.8	133	3.10e-07	52.4
WP_063420761.1	lcl|O34900-3.A.1.3.13	32.5	12.0	42.9	120	3.46e-07	52.4
WP_063420761.1	lcl|CCM69331-3.A.1.5.49	28.1	16.5	29.2	171	3.90e-07	53.5
WP_063420761.1	lcl|A9WGB0-3.A.1.26.1	22.5	46.0	53.3	494	4.50e-07	53.5
WP_063420761.1	lcl|P22731-3.A.1.4.1	33.0	11.3	43.5	112	5.03e-07	51.6
WP_063420761.1	lcl|Q6N8W1-3.A.1.4.11	30.1	12.4	19.2	123	5.39e-07	53.1
WP_063420761.1	lcl|B8F898-3.A.1.3.28	32.0	10.0	36.5	100	5.67e-07	51.6
WP_063420761.1	lcl|Q2EHL8-3.A.1.122.35	29.4	10.8	16.3	109	9.74e-07	52.4
WP_063420761.1	lcl|Q9RK11-3.A.1.14.13	28.9	12.2	39.0	121	1.36e-06	50.8
WP_063420761.1	lcl|N9J6M5-3.A.1.122.18	28.0	12.4	18.2	125	1.71e-06	51.6
WP_063420761.1	lcl|O30506-3.A.1.3.11	32.8	12.0	42.9	119	1.90e-06	50.1
WP_063420761.1	lcl|O50296-3.A.1.114.1	29.0	13.4	54.9	138	2.33e-06	49.7
WP_063420761.1	lcl|P39456-3.A.1.3.14	31.9	11.3	42.1	113	2.40e-06	49.7
WP_063420761.1	lcl|Q93SS1-3.A.1.14.19	28.9	11.4	44.3	128	2.71e-06	49.7
WP_063420761.1	lcl|Q8R9L8-3.A.1.33.1	36.4	6.7	11.1	66	2.74e-06	50.8
WP_063420773.1	lcl|P10121-3.A.5.1.1	43.7	66.9	63.2	325	3.93e-73	239
WP_063420773.1	lcl|P66842-3.A.5.2.2	42.0	70.7	76.3	343	3.89e-65	216
WP_063420773.1	lcl|O80842-3.A.5.1.2	37.0	61.6	81.1	303	7.56e-50	174
WP_063420773.1	lcl|Q8U051-3.A.5.7.2	37.7	59.1	89.1	308	7.51e-47	164
WP_063420773.1	lcl|Q5UY25-3.A.5.7.1	32.7	56.0	62.2	281	2.70e-34	133
WP_063420773.1	lcl|P61011-3.A.5.9.1	31.6	56.2	52.6	272	2.53e-33	131
WP_063420773.1	lcl|P37107-3.A.5.1.2	31.5	66.1	54.8	333	3.79e-32	129
WP_063420773.1	lcl|P66844-3.A.5.2.2	32.6	59.3	53.9	298	3.18e-31	125
WP_063420773.1	lcl|Q8U070-3.A.5.7.2	31.4	57.6	61.2	280	3.30e-31	124
WP_063420773.1	lcl|P0AGD7-3.A.5.1.1	31.5	56.4	58.9	276	1.80e-28	117
WP_063420773.1	lcl|Q5UY20-3.A.5.7.1	31.3	59.5	59.7	304	1.66e-25	108
WP_063420773.1	lcl|Q3C2E8-9.B.76.1.1	29.6	59.3	53.9	294	3.54e-23	102
WP_063420773.1	lcl|P32916-3.A.5.8.1	28.6	42.8	37.2	238	4.96e-12	67.8
WP_063420773.1	lcl|B7HI79-3.A.5.7.3	26.0	37.4	39.2	181	3.06e-04	42.7
WP_063420776.1	lcl|Q9Y5S9-3.A.18.1.1	36.4	46.0	50.6	88	1.07e-09	54.7
WP_063420776.1	lcl|P52298-9.A.60.1.1	28.4	39.6	47.4	74	2.83e-04	39.3
WP_063420780.1	lcl|Q8VRL3-3.A.11.1.3	41.2	95.8	87.5	410	3.32e-82	259
WP_063420780.1	lcl|AKM80378.1-3.A.11.1.5	40.5	76.1	79.7	331	7.08e-68	221
WP_063420780.1	lcl|P22609-3.A.15.2.1	35.4	78.2	89.0	333	1.51e-67	219
WP_063420780.1	lcl|Q8F3M8-3.A.15.4.1	31.2	72.1	75.0	308	1.24e-41	151
WP_063420780.1	lcl|P15745-3.A.15.1.1	29.7	79.6	83.5	340	6.62e-35	132
WP_063420780.1	lcl|Q9XD72-3.A.15.3.1	31.1	27.9	94.4	119	7.44e-12	62.0
WP_063420780.1	lcl|G2JS06-3.A.14.1.2	19.4	81.7	99.7	350	1.82e-10	61.6
WP_063420781.1	lcl|P24559-3.A.15.2.1	53.2	96.1	98.5	344	5.42e-117	342
WP_063420781.1	lcl|AKM80721.1-3.A.11.1.5	49.6	98.9	98.3	355	6.43e-111	327
WP_063420781.1	lcl|Q51532-3.A.15.2.1	39.1	98.6	91.4	353	1.56e-82	255
WP_063420781.1	lcl|Q5ZS43-3.A.7.9.1	30.8	86.0	81.7	321	2.65e-37	137
WP_063420781.1	lcl|P22608-3.A.15.2.1	30.7	93.3	66.3	384	1.45e-35	135
WP_063420781.1	lcl|P15645-3.A.15.1.1	35.3	77.4	55.7	289	2.27e-33	129
WP_063420781.1	lcl|Q9AGM7-3.A.15.3.1	29.7	94.7	68.8	357	2.81e-32	125
WP_063420781.1	lcl|Q8VRL1-3.A.11.1.3	34.3	80.2	52.3	309	5.03e-32	125
WP_063420781.1	lcl|Q8F3M7-3.A.15.4.1	35.2	67.6	44.5	264	2.28e-31	124
WP_063420781.1	lcl|BAD80212.1-3.A.15.4.2	38.8	64.0	35.3	245	2.75e-31	124
WP_063420781.1	lcl|AKM80720.1-3.A.11.1.5	52.8	34.6	20.4	125	4.40e-30	120
WP_063420781.1	lcl|Q7DJM3-3.A.7.10.1	30.4	78.8	78.0	303	2.08e-29	116
WP_063420781.1	lcl|AKM80377.1-3.A.11.1.5	34.5	66.5	41.1	261	1.11e-27	113
WP_063420781.1	lcl|P25953-3.A.14.1.1	31.3	66.8	68.8	249	7.60e-25	103
WP_063420781.1	lcl|G2JS07-3.A.14.1.2	28.5	67.3	72.9	253	3.69e-20	89.7
WP_063420781.1	lcl|Q9XC06-3.A.7.15.1	36.2	33.5	28.6	127	5.15e-09	57.0
WP_063420781.1	lcl|ADE03872.1-9.B.461.1.1	35.0	31.8	20.6	117	8.17e-09	56.6
WP_063420781.1	lcl|Q56469-3.A.7.4.1	31.1	46.1	45.9	167	8.99e-08	52.8
WP_063420781.1	lcl|Q7UHP7-9.A.47.2.1	32.9	40.2	32.0	158	1.27e-07	52.8
WP_063420781.1	lcl|Q7CMH0-3.A.7.13.1	24.9	55.6	44.4	221	1.71e-07	52.4
WP_063420781.1	lcl|O50338-3.A.7.2.1	34.5	31.8	31.6	116	1.82e-07	52.0
WP_063420781.1	lcl|P0A3F8-3.A.7.1.1	38.0	27.1	28.3	100	5.47e-07	50.4
WP_063420781.1	lcl|Q9L714-3.A.7.18.1	33.3	32.1	23.4	126	7.23e-07	50.4
WP_063420781.1	lcl|Q1D7R3-3.A.7.18.2	32.3	34.9	21.3	130	7.83e-07	50.4
WP_063420781.1	lcl|Q91UW6-3.A.7.3.1	32.6	34.9	36.3	132	7.41e-06	47.0
WP_063420782.1	lcl|BAD80212.1-3.A.15.4.2	54.0	92.5	88.7	602	3.35e-207	595
WP_063420782.1	lcl|Q8F3M7-3.A.15.4.1	37.8	79.9	85.3	511	2.40e-110	342
WP_063420782.1	lcl|Q8VRL1-3.A.11.1.3	45.7	61.8	68.4	394	5.89e-106	331
WP_063420782.1	lcl|Q9AGM7-3.A.15.3.1	44.8	58.8	73.7	375	2.04e-99	312
WP_063420782.1	lcl|P15645-3.A.15.1.1	43.6	63.8	79.3	408	2.63e-97	306
WP_063420782.1	lcl|P22608-3.A.15.2.1	43.3	62.5	69.1	400	2.71e-95	303
WP_063420782.1	lcl|AKM80377.1-3.A.11.1.5	38.7	61.6	70.5	421	3.42e-92	296
WP_063420782.1	lcl|AKM80720.1-3.A.11.1.5	39.5	61.1	69.0	415	6.44e-84	274
WP_063420782.1	lcl|P25953-3.A.14.1.1	37.7	42.6	76.1	276	3.10e-49	175
WP_063420782.1	lcl|G2JS07-3.A.14.1.2	34.9	44.2	82.9	284	1.46e-48	172
WP_063420782.1	lcl|AKM80721.1-3.A.11.1.5	46.4	25.4	44.9	166	2.34e-31	125
WP_063420782.1	lcl|P24559-3.A.15.2.1	38.6	29.5	55.8	202	8.51e-29	117
WP_063420782.1	lcl|Q51532-3.A.15.2.1	34.9	29.0	49.5	195	3.85e-21	95.5
WP_063420782.1	lcl|Q5ZS43-3.A.7.9.1	34.4	23.5	39.5	160	8.35e-17	82.4
WP_063420782.1	lcl|Q7DJM3-3.A.7.10.1	37.5	19.9	34.6	136	8.15e-16	79.3
WP_063420782.1	lcl|Q1D7R3-3.A.7.18.2	38.5	17.9	20.2	122	2.51e-08	56.6
WP_063420782.1	lcl|Q7CMH0-3.A.7.13.1	34.1	17.4	25.6	123	4.22e-06	49.3
WP_063420782.1	lcl|E9RJ00-3.A.7.13.2	26.8	25.5	41.3	179	1.85e-04	43.9
WP_063420782.1	lcl|B3DUC3-9.A.47.2.2	28.3	22.4	40.8	152	5.17e-04	42.4
WP_063420787.1	lcl|WP_087280510.1-2.A.128.2.3	25.9	47.5	34.9	266	1.38e-05	47.4
WP_063420788.1	lcl|Q60337-8.A.159.1.2	25.6	77.7	78.7	266	1.88e-12	66.6
WP_063420802.1	lcl|CRH68686.1-8.A.229.1.1	24.4	39.7	48.6	246	4.41e-05	45.8
WP_063420806.1	lcl|Q54066-4.D.1.1.2	24.2	77.9	83.5	356	7.80e-18	84.7
WP_063420806.1	lcl|P75905-4.D.1.1.3	26.9	55.5	57.8	268	9.17e-18	84.7
WP_063420806.1	lcl|OLS17256-4.D.1.1.15	27.6	56.2	42.3	250	1.37e-16	81.6
WP_063420806.1	lcl|P37653-4.D.3.1.6	26.5	54.2	27.5	253	3.13e-15	77.8
WP_063420806.1	lcl|Q3J125-4.D.3.1.5	27.2	56.4	34.0	272	3.07e-10	62.0
WP_063420806.1	lcl|Q52257-4.D.1.1.1	24.7	55.8	54.9	263	8.58e-09	57.0
WP_063420808.1	lcl|WP_198173327.1-1.A.125.2.3	43.3	39.8	48.0	97	7.44e-19	80.9
WP_063420809.1	lcl|Q9SS94-3.A.16.1.5	39.0	23.2	11.7	105	5.95e-07	51.6
WP_063420809.1	lcl|P46459-1.F.1.1.1	36.0	23.0	14.4	114	2.31e-06	49.7
WP_063420809.1	lcl|P33760-3.A.20.1.5	35.8	23.5	9.6	106	2.51e-06	49.7
WP_063420809.1	lcl|F2Z6D2-3.A.31.1.3	27.7	33.6	35.8	159	2.78e-06	48.9
WP_063420809.1	lcl|Q38IE1-3.A.20.1.3	40.0	17.7	7.5	80	7.51e-06	48.1
WP_063420809.1	lcl|P46468-3.A.25.2.1	34.6	23.0	7.9	104	2.36e-05	46.6
WP_063420809.1	lcl|Q9ZPR1-3.A.16.1.5	33.7	22.8	16.3	104	4.54e-05	45.4
WP_063420809.1	lcl|Q13608-3.A.20.1.1	31.3	24.8	10.3	112	5.18e-05	45.4
WP_063420809.1	lcl|P18759-1.F.1.1.2	33.9	23.0	14.1	112	8.49e-05	44.7
WP_063420809.1	lcl|P54609-3.A.16.1.5	32.2	25.9	13.6	121	8.63e-05	44.7
WP_063420809.1	lcl|B7G1T3-3.A.25.1.1	33.0	22.8	10.5	103	8.90e-05	44.7
WP_063420809.1	lcl|8XQX_E-3.A.9.1.4	36.4	22.8	10.0	107	9.00e-05	44.7
WP_063420809.1	lcl|Q8RY16-3.A.20.1.2	28.7	32.5	13.0	150	1.55e-04	43.9
WP_063420809.1	lcl|P55072-3.A.16.1.1	32.0	22.8	11.7	103	1.97e-04	43.5
WP_063420809.1	lcl|P54813-3.A.29.1.2	32.7	23.7	13.7	107	2.53e-04	43.1
WP_063420809.1	lcl|P25694-3.A.16.1.2	31.5	23.5	11.6	108	2.62e-04	43.1
WP_063420809.1	lcl|CAE7420488.1-1.R.1.1.4	25.7	36.7	16.4	167	2.65e-04	43.1
WP_063420809.1	lcl|8XQX_A-3.A.9.1.4	32.0	22.3	7.9	103	3.68e-04	42.7
WP_063420809.1	lcl|P28737-1.R.1.1.3	29.7	24.1	27.6	111	4.34e-04	42.0
WP_063420809.1	lcl|P0AAI3-3.A.29.1.5	34.6	17.3	11.2	81	5.63e-04	42.0
WP_063420809.1	lcl|NP_001308896.1-1.R.1.1.2	34.9	17.0	19.7	83	5.73e-04	41.6
WP_063420809.1	lcl|8XQX_F-3.A.9.1.4	28.8	22.1	9.2	104	8.22e-04	41.6
WP_063420809.1	lcl|Q9UBP0-1.R.1.1.1	37.3	16.6	11.2	75	9.66e-04	41.2
WP_063420809.1	lcl|ALM13868-3.A.29.1.6	33.8	17.3	11.3	80	9.76e-04	41.2
WP_063420816.1	lcl|Q3M4B3-1.E.40.2.3	33.1	89.2	98.3	124	4.52e-13	61.2
WP_063420816.1	lcl|F5UH63-1.E.40.2.2	30.2	83.5	88.4	116	7.95e-10	52.8
WP_063420816.1	lcl|D8NRI0-1.E.40.3.2	38.3	77.0	85.8	107	1.48e-07	46.6
WP_063420816.1	lcl|G6FZ36-1.E.40.2.1	31.0	87.1	95.0	129	2.39e-07	46.2
WP_063420817.1	lcl|P38919-3.A.18.1.1	25.7	25.2	42.1	183	4.13e-06	49.3
WP_063420817.1	lcl|AKM80781.1-3.A.11.1.5	31.9	11.6	14.6	94	7.51e-04	42.4
WP_063420825.1	lcl|A1U2M7-9.B.2.1.12	31.1	51.0	69.9	148	2.20e-04	40.8
WP_063420843.1	lcl|Q8F2Y8-1.A.12.2.2	31.4	49.4	54.6	121	1.38e-06	47.4
WP_063420843.1	lcl|P0ACA3-1.A.12.3.1	32.9	29.0	33.0	70	1.47e-05	44.3
WP_063420845.1	lcl|O86994-1.B.23.1.1	33.5	93.4	95.7	546	3.25e-58	202
WP_063420845.1	lcl|G6FN26-1.B.23.1.9	30.4	92.6	90.0	540	2.80e-46	169
WP_063420845.1	lcl|P15730-1.B.23.1.25	27.1	94.5	93.0	549	1.07e-38	148
WP_063420845.1	lcl|Q59991-1.B.23.1.2	28.0	92.6	90.6	565	1.50e-34	137
WP_063420845.1	lcl|E1L471-1.B.23.1.6	34.0	18.2	23.1	103	2.07e-08	56.2
WP_063420845.1	lcl|Q25BZ4-1.B.23.1.24	35.4	17.3	22.0	96	1.02e-06	50.8
WP_063420845.1	lcl|C9LVF2-1.B.23.1.3	33.7	14.7	17.2	83	4.42e-06	48.9
WP_063420845.1	lcl|A1HRI2-1.B.23.1.4	33.3	15.3	19.7	87	2.94e-05	46.2
WP_063420845.1	lcl|G0VLV3-1.B.23.1.10	33.3	15.3	19.3	87	9.05e-05	44.7
WP_063420868.1	lcl|P73329-3.A.1.141.1	62.9	98.8	98.5	321	9.53e-137	390
WP_063420868.1	lcl|Q8R6Q4-3.A.1.141.2	35.0	99.4	97.9	331	1.15e-67	214
WP_063420868.1	lcl|P46903-3.A.1.115.1	36.2	67.1	88.2	218	1.60e-41	144
WP_063420868.1	lcl|P94440-3.A.1.105.19	32.5	86.5	92.6	292	1.01e-36	133
WP_063420868.1	lcl|PIU92339-3.A.1.105.23	38.5	63.1	64.0	205	2.34e-35	130
WP_063420868.1	lcl|KXH73394-3.A.1.128.8	37.7	63.4	78.8	207	3.33e-35	128
WP_063420868.1	lcl|Q70J75-3.A.1.105.3	34.6	72.0	66.5	240	3.86e-35	129
WP_063420868.1	lcl|Q6MLX6-3.A.1.105.20	36.8	62.8	81.7	204	2.69e-33	122
WP_063420868.1	lcl|Q7UQ83-3.A.1.115.2	34.7	68.3	87.3	222	4.34e-33	122
WP_063420868.1	lcl|A8F6Z5-3.A.1.131.3	32.5	64.3	81.7	209	6.07e-33	122
WP_063420868.1	lcl|A8F6Z5-3.A.1.128.4	32.5	64.3	81.7	209	6.07e-33	122
WP_063420868.1	lcl|P42332-3.A.1.131.1	27.7	88.9	94.1	292	1.04e-32	122
WP_063420868.1	lcl|J8ABC0-3.A.1.105.9	29.5	85.2	91.3	285	1.57e-32	122
WP_063420868.1	lcl|Q53716-3.A.1.105.2	33.4	87.7	90.5	299	5.73e-32	121
WP_063420868.1	lcl|Q2SDB1-3.A.1.132.4	33.5	65.2	66.3	212	1.27e-31	120
WP_063420868.1	lcl|E6SIR7-3.A.1.147.7	35.8	61.5	67.1	201	1.64e-31	119
WP_063420868.1	lcl|O30489-3.A.1.132.1	34.8	64.6	68.1	210	2.44e-31	119
WP_063420868.1	lcl|O30489-2.A.130.1.2	34.8	64.6	68.1	210	2.44e-31	119
WP_063420868.1	lcl|P36879-3.A.1.105.17	30.9	75.4	72.4	249	5.79e-31	118
WP_063420868.1	lcl|A0L4K9-3.A.1.132.3	32.7	74.5	64.3	248	1.44e-30	117
WP_063420868.1	lcl|AKM77948-3.A.1.145.5	27.7	83.7	88.2	278	3.88e-30	115
WP_063420868.1	lcl|Q8RME1-3.A.1.126.1	29.9	86.8	91.6	284	9.11e-30	114
WP_063420868.1	lcl|P0A9U1-3.A.1.105.15	34.4	65.5	36.3	215	9.79e-30	118
WP_063420868.1	lcl|F8D413-3.A.1.105.12	30.5	88.3	85.5	292	9.95e-30	115
WP_063420868.1	lcl|AXE37413-3.A.1.130.2	36.3	64.6	67.8	212	1.37e-29	114
WP_063420869.1	lcl|Q55281-3.A.1.15.1	36.0	92.9	87.7	228	1.11e-40	139
WP_063420869.1	lcl|O84071-3.A.1.15.12	36.4	90.2	83.8	217	3.03e-40	138
WP_063420869.1	lcl|Q56953-3.A.1.15.4	37.0	89.8	74.0	219	7.51e-40	138
WP_063420869.1	lcl|P96117-3.A.1.15.8	35.3	89.3	80.8	215	6.16e-38	132
WP_063420869.1	lcl|Q4V0W4-3.A.1.15.21	34.4	92.0	87.6	221	4.44e-37	129
WP_063420869.1	lcl|Q92LL4-3.A.1.15.9	35.1	92.9	73.3	228	4.84e-37	131
WP_063420869.1	lcl|Q97PG9-3.A.1.15.14	35.8	90.7	90.4	218	3.04e-35	124
WP_063420869.1	lcl|Q8DW86-3.A.1.15.20	35.6	93.3	93.8	225	4.28e-35	124
WP_063420869.1	lcl|Q9XCS1-3.A.1.15.7	34.4	89.3	79.9	218	4.77e-35	125
WP_063420869.1	lcl|A1B2F1-3.A.1.15.19	36.7	92.0	84.0	221	1.60e-33	120
WP_063420869.1	lcl|P42360-3.A.1.15.2	33.2	90.2	86.1	220	9.35e-33	118
WP_063420869.1	lcl|P0A4W2-3.A.1.6.3	37.9	91.6	62.0	219	1.43e-31	117
WP_063420869.1	lcl|Q9RNI9-3.A.1.15.6	32.7	88.9	88.0	214	1.58e-31	115
WP_063420869.1	lcl|Q9L177-3.A.1.14.12	35.7	91.1	77.1	227	4.84e-31	115
WP_063420869.1	lcl|G0LRW9-3.A.1.15.15	31.7	90.7	88.3	218	7.63e-30	110
WP_063420869.1	lcl|A1IQK5-3.A.1.15.10	32.4	91.6	86.1	216	8.35e-30	110
WP_063420869.1	lcl|Q5SHV0-3.A.1.10.6	35.8	92.0	61.4	218	2.00e-29	112
WP_063420869.1	lcl|P15031-3.A.1.14.1	34.1	91.6	87.8	226	2.52e-29	109
WP_063420869.1	lcl|Q53VZ4-3.A.1.20.5	37.1	85.8	57.6	213	2.62e-29	112
WP_063420869.1	lcl|P0A9X1-3.A.1.15.5	32.9	91.1	80.9	210	6.37e-29	108
WP_063420869.1	lcl|P48243-3.A.1.3.9	32.4	92.4	93.0	225	7.32e-29	108
WP_063420869.1	lcl|P31548-3.A.1.19.1	35.0	96.4	98.3	234	1.61e-28	107
WP_063420869.1	lcl|Q9RK11-3.A.1.14.13	33.3	91.1	77.7	225	3.66e-28	107
WP_063420869.1	lcl|Q6QJE1-3.A.1.6.7	38.4	84.9	43.7	203	5.47e-28	109
WP_063420869.1	lcl|D5AQY6-3.A.1.23.7	33.8	92.0	90.9	231	7.23e-28	105
WP_063420872.1	lcl|Q9L3S2-3.A.1.4.4	61.5	92.8	79.5	218	4.37e-87	258
WP_063420872.1	lcl|CAI09142-3.A.1.4.15	43.8	94.9	92.9	224	1.48e-56	179
WP_063420872.1	lcl|Q8YU20-3.A.1.4.12	42.2	94.5	83.7	223	9.11e-53	171
WP_063420872.1	lcl|Q8DQH7-3.A.1.4.10	41.2	96.6	95.8	228	9.19e-52	167
WP_063420872.1	lcl|Q8NRV7-3.A.1.4.5	40.8	92.3	91.8	218	9.51e-51	164
WP_063420872.1	lcl|Q6N8W2-3.A.1.4.11	42.3	98.3	96.2	234	1.60e-50	164
WP_063420872.1	lcl|AKM83893-3.A.1.4.14	37.7	96.2	92.6	228	5.70e-49	160
WP_063420872.1	lcl|Q92TN4-3.A.1.4.7	38.7	98.7	96.2	235	9.87e-49	159
WP_063420872.1	lcl|P21630-3.A.1.4.8	44.1	91.1	91.0	220	3.41e-48	158
WP_063420872.1	lcl|P22731-3.A.1.4.1	40.0	91.9	90.3	220	1.52e-44	149
WP_063420872.1	lcl|OLS24633-3.A.1.4.13	37.6	94.5	94.4	226	3.83e-44	147
WP_063420872.1	lcl|Q0S720-3.A.1.4.9	36.4	96.6	92.7	228	5.32e-44	147
WP_063420872.1	lcl|Q8YT15-3.A.1.4.6	37.4	94.5	89.1	227	2.23e-43	146
WP_063420872.1	lcl|P73650-3.A.1.4.2	38.9	86.0	82.9	203	5.03e-40	137
WP_063420872.1	lcl|Q5SHV0-3.A.1.10.6	36.3	94.5	61.1	226	2.56e-38	135
WP_063420872.1	lcl|P0A9V1-1.B.42.1.2	34.5	96.2	93.8	232	1.25e-37	131
WP_063420872.1	lcl|Q9A1H1-3.A.1.3.20	33.3	98.7	98.4	243	7.87e-37	129
WP_063420872.1	lcl|A6TEM0-3.A.1.152.9	36.4	93.2	90.9	225	1.37e-36	128
WP_063420872.1	lcl|Q9HVV6-3.A.1.152.1	34.3	95.3	92.9	233	4.20e-35	124
WP_063420872.1	lcl|P31134-3.A.1.11.2	35.2	94.5	58.1	227	6.87e-35	127
WP_063420872.1	lcl|Q8DQH8-3.A.1.4.10	30.4	99.1	98.4	250	8.82e-34	121
WP_063420872.1	lcl|P21410-3.A.1.10.1	32.2	98.3	66.7	236	1.10e-33	123
WP_063420872.1	lcl|P0AAF6-3.A.1.3.3	34.9	97.4	96.7	238	1.84e-33	120
WP_063420872.1	lcl|Q1M7Q1-3.A.1.11.6	35.1	92.3	60.2	222	2.77e-33	122
WP_063420872.1	lcl|Q52666-3.A.1.3.7	33.8	93.6	84.0	225	4.24e-33	120
WP_063420881.1	lcl|B3ET62-3.A.23.6.1	47.7	96.8	97.3	329	3.64e-94	283
WP_063434945.1	lcl|P75799-3.A.1.5.11	36.2	80.4	71.6	218	6.41e-35	127
WP_063434945.1	lcl|P26904-3.A.1.5.2	33.3	80.8	68.4	219	3.81e-32	120
WP_063434945.1	lcl|P77463-3.A.1.5.38	30.6	80.8	73.2	219	6.98e-31	116
WP_063434945.1	lcl|OLS22414-3.A.1.5.46	30.9	94.5	40.3	272	1.89e-30	119
WP_063434945.1	lcl|Q5V9S0-3.A.1.5.22	29.7	81.9	73.7	222	2.10e-28	109
WP_063434945.1	lcl|P0AFA9-3.A.1.5.3	30.8	86.0	84.1	237	1.02e-26	104
WP_063434945.1	lcl|W0WMS8-3.A.1.5.39	31.2	81.9	74.9	231	2.29e-25	101
WP_063434945.1	lcl|P51000-3.A.1.5.27	28.1	81.9	76.9	228	7.45e-25	100
WP_063434945.1	lcl|O86571-3.A.1.5.34	32.1	95.9	83.3	280	5.09e-24	98.6
WP_063434945.1	lcl|Q93PJ7-3.A.1.5.40	29.6	81.2	39.5	223	2.40e-23	98.6
WP_063434945.1	lcl|L0TEV4-3.A.1.5.48	29.4	88.6	92.5	248	4.40e-21	89.4
WP_063434945.1	lcl|O51310-3.A.1.5.18	33.6	77.9	60.2	211	9.76e-21	89.7
WP_063434945.1	lcl|Q8U1J6-3.A.1.5.6	38.7	79.0	69.7	217	3.07e-20	87.8
WP_063434945.1	lcl|KKK40961-3.A.1.5.45	28.1	81.5	66.3	221	7.31e-20	87.0
WP_063434945.1	lcl|Q9X0U8-3.A.1.5.14	28.3	82.3	79.8	230	5.25e-19	84.0
WP_063434945.1	lcl|P0AGH5-3.A.1.5.42	27.9	83.4	78.4	233	6.33e-19	84.0
WP_063434945.1	lcl|P0A2J5-3.A.1.5.5	31.3	83.4	78.4	233	8.72e-19	83.6
WP_063434945.1	lcl|P0AFH6-3.A.1.5.41	34.0	79.3	70.9	215	1.29e-18	83.2
WP_063434945.1	lcl|Q9F9T5-3.A.1.5.23	36.3	82.3	73.1	226	3.60e-18	82.0
WP_063434945.1	lcl|Q9X270-3.A.1.5.15	26.8	81.5	76.1	224	3.94e-18	81.6
WP_063434945.1	lcl|Q92NE9-3.A.1.5.17	26.7	96.7	93.1	262	3.07e-17	79.0
WP_063434945.1	lcl|Q2FVE9-3.A.1.5.43	31.7	81.5	76.1	221	5.03e-17	78.6
WP_063434945.1	lcl|P08006-3.A.1.5.1	34.0	79.3	70.9	215	5.82e-17	78.6
WP_063434945.1	lcl|O30544-3.A.1.5.4	29.0	81.5	77.3	224	2.36e-16	76.6
WP_063434945.1	lcl|O86189-3.A.1.5.44	34.2	80.8	75.7	225	9.29e-16	75.1
WP_063435026.1	lcl|Q50864-4.D.1.3.4	28.1	29.1	17.2	228	1.40e-10	64.7
WP_063435026.1	lcl|OLS17256-4.D.1.1.15	24.9	27.0	37.3	221	1.68e-10	63.9
WP_063435029.1	lcl|P23702-3.A.1.109.8	39.2	68.3	93.5	664	4.81e-141	437
WP_063435029.1	lcl|P08716-3.A.1.109.1	38.1	67.5	92.5	657	2.32e-137	427
WP_063435029.1	lcl|P18770-3.A.1.109.2	37.0	67.6	91.9	657	6.04e-135	421
WP_063435029.1	lcl|A4XGX1-3.A.1.135.10	32.1	58.2	91.4	564	1.13e-87	293
WP_063435029.1	lcl|Q2G2M9-3.A.1.106.2	33.2	58.3	98.8	572	2.23e-85	285
WP_063435029.1	lcl|F0R9C2-3.A.1.112.10	29.1	73.1	98.5	728	4.16e-82	280
WP_063435029.1	lcl|A3DCU1-3.A.1.112.9	27.9	72.8	97.2	718	2.90e-79	273
WP_063435029.1	lcl|P22520-3.A.1.112.12	29.6	70.0	96.6	693	1.71e-75	261
WP_063435029.1	lcl|Q9WYC4-3.A.1.135.5	30.2	58.6	94.5	570	3.34e-74	255
WP_063435029.1	lcl|Q72J05-3.A.1.106.18	31.7	58.7	97.0	586	6.63e-74	254
WP_063435029.1	lcl|Q88RG3-3.A.1.109.3	28.3	66.5	90.4	661	1.08e-69	246
WP_063435029.1	lcl|Q93GK5-3.A.1.112.13	27.6	70.0	96.6	691	9.22e-69	243
WP_063435029.1	lcl|Q837P4-3.A.1.135.8	30.3	58.2	97.3	585	1.63e-67	236
WP_063435029.1	lcl|Q8G7R7-3.A.1.106.3	30.1	58.2	93.5	564	2.14e-67	236
WP_063435029.1	lcl|P73239-3.A.1.106.14	31.6	58.9	97.8	588	4.57e-67	235
WP_063435029.1	lcl|B5E244-3.A.1.112.5	27.8	72.1	97.8	715	7.55e-67	238
WP_063435029.1	lcl|O07550-3.A.1.106.8	30.3	58.1	95.6	571	3.51e-66	233
WP_063435029.1	lcl|Q10418-3.A.1.112.8	27.5	72.3	97.4	721	3.90e-66	236
WP_063435029.1	lcl|A4XGX0-3.A.1.135.10	31.8	43.7	73.2	424	5.67e-66	232
WP_063435029.1	lcl|B3DPC5-3.A.1.106.3	29.7	59.0	96.7	620	7.26e-66	233
WP_063435029.1	lcl|Q9ZDW0-3.A.1.210.3	30.1	57.6	91.5	572	4.68e-64	227
WP_063435029.1	lcl|Q00564-3.A.1.112.3	27.8	59.4	79.6	575	3.18e-63	227
WP_063435029.1	lcl|Q9WYC3-3.A.1.135.5	27.3	55.9	93.8	553	4.08e-63	224
WP_063435029.1	lcl|Q9XUJ1-3.A.1.210.7	28.8	59.0	72.5	593	6.10e-63	228
WP_063435029.1	lcl|D5AL45-3.A.1.210.15	30.8	57.3	91.8	571	8.26e-63	224
WP_063435030.1	lcl|BAB77003.1-8.A.1.3.7	25.6	42.9	31.3	168	1.36e-06	49.7
WP_063435030.1	lcl|P11091-8.A.1.3.2	25.4	36.9	30.9	138	1.61e-05	46.2
WP_071818070.1	lcl|O97252-3.A.26.1.1	43.8	87.3	47.8	178	2.80e-47	158
WP_071818080.1	lcl|Q9SJV5-2.A.64.2.1	54.4	91.9	67.1	228	2.28e-74	229
WP_071818080.1	lcl|Q9RJ69-2.A.64.2.2	34.6	97.2	82.0	260	3.50e-32	119
WP_071818080.1	lcl|P69423-2.A.64.1.1	33.3	89.0	86.4	225	1.07e-25	100
WP_071818080.1	lcl|WP_104944878-2.A.64.6.3	31.3	90.7	63.1	224	1.00e-24	100
WP_071818080.1	lcl|GEL53513.1-2.A.64.1.5	29.8	92.3	91.3	242	4.69e-24	96.7
WP_071818080.1	lcl|Q6MGQ9-2.A.64.1.3	26.9	93.5	92.1	234	7.41e-24	95.9
WP_071818080.1	lcl|AKM80423-2.A.64.6.1	30.8	87.8	59.2	221	1.98e-22	94.0
WP_071818080.1	lcl|OGL22325-2.A.64.6.2	29.3	77.6	56.7	191	6.08e-19	84.0
WP_071818080.1	lcl|P42252-2.A.64.3.1	32.4	69.9	70.7	176	6.27e-18	79.7
WP_071818080.1	lcl|O05523-2.A.64.3.2	31.5	80.5	79.1	203	1.05e-17	79.3
WP_071818080.1	lcl|Q1CZY2-2.A.64.1.2	37.1	58.9	36.4	151	2.18e-15	74.3
WP_071818080.1	lcl|Q9ZCG6-2.A.64.1.8	28.6	78.9	81.3	206	3.31e-15	72.4
WP_071818080.1	lcl|D4GZC9-2.A.64.1.7	26.3	73.2	25.6	186	3.98e-08	53.1
WP_071818094.1	lcl|T2K7M7-3.D.7.2.3	51.1	88.7	13.3	47	2.15e-11	55.8
WP_074160124.1	lcl|D8VNA2-1.C.111.1.10	27.6	4.0	79.7	127	8.69e-05	45.1
WP_074160144.1	lcl|Q07837-8.A.9.1.2	23.8	72.7	54.0	403	3.97e-18	87.0
WP_074160144.1	lcl|Q05839-8.A.9.1.1	22.6	72.7	54.7	403	6.71e-17	83.2
WP_074160144.1	lcl|Q8A1G3-8.A.9.1.3	36.2	21.7	15.0	105	1.38e-13	72.8
WP_074160144.1	lcl|P08195-8.A.9.2.2	31.5	17.8	14.0	89	2.23e-05	46.6
WP_074160144.1	lcl|P08195-2.A.3.8.18	31.5	17.8	14.0	89	2.23e-05	46.6
WP_074160144.1	lcl|Q5DDT5-8.A.9.3.1	24.9	37.3	29.3	201	6.72e-05	45.1
WP_074160146.1	lcl|Q8YVY4-3.A.1.4.6	24.3	52.3	50.6	230	9.11e-07	50.4
WP_074160147.1	lcl|6NER_A-1.S.1.1.13	61.2	41.9	39.4	85	1.21e-22	90.5
WP_074160147.1	lcl|P0A1C7-1.S.1.1.1	55.1	43.8	93.6	89	3.76e-22	85.9
WP_074160147.1	lcl|WP_094276346.1-1.S.1.1.11	55.4	40.9	87.2	83	2.95e-21	83.6
WP_074160147.1	lcl|P0ABF4-1.S.1.1.2	56.1	40.4	83.5	82	3.20e-21	83.6
WP_074160147.1	lcl|P72760-1.S.1.1.7	50.6	42.4	78.4	87	6.01e-18	75.5
WP_074160147.1	lcl|MBT6724251.1-1.S.1.1.14	46.9	39.9	38.5	81	1.01e-13	66.6
WP_074160147.1	lcl|WP_033292571.1-1.S.1.1.5	38.3	39.9	84.4	81	6.02e-08	48.5
WP_074160147.1	lcl|WP_118167459.1-1.S.1.1.3	40.7	44.3	87.4	91	9.69e-08	48.1
WP_074160147.1	lcl|Q31RK3-1.S.1.1.8	37.9	42.4	85.3	87	1.75e-06	44.7
WP_074160162.1	lcl|Q31MI4-3.E.2.2.1	79.5	100	100	39	3.18e-16	63.2
WP_074160162.1	lcl|P62100-3.E.2.2.3	61.1	92.3	100	36	2.73e-10	48.1
WP_074160164.1	lcl|WP_022659693-3.D.7.1.2	29.3	91.3	99.5	457	5.03e-45	162
WP_074160164.1	lcl|P96797-3.D.7.1.1	24.1	93.1	99.0	474	2.39e-13	71.2
WP_074160170.1	lcl|B7TVP4-3.B.1.1.7	37.9	39.0	44.3	66	8.09e-06	43.1
WP_074160170.1	lcl|Q03030-3.B.1.1.1	32.4	43.3	10.8	71	3.33e-04	39.7
WP_082818451.1	lcl|Q5G3M2-3.A.7.19.1	31.4	60.3	70.3	137	1.70e-13	65.9
WP_169189787.1	lcl|P15746-3.A.15.1.1	36.6	46.1	47.9	71	4.20e-05	40.8
WP_169189787.1	lcl|P04739-3.A.15.2.1	54.3	22.7	23.5	35	4.67e-05	40.8
WP_169189787.1	lcl|AKM80623.1-3.A.11.1.5	36.1	39.6	34.7	61	6.05e-05	40.8
WP_169189787.1	lcl|RWX50390-5.B.15.1.1	73.1	16.9	16.1	26	6.62e-04	37.7
WP_169189790.1	lcl|AOY59913-3.D.7.1.6	47.8	4.9	5.9	46	8.97e-04	42.7
WP_169189820.1	lcl|P73797-1.A.10.2.1	47.9	91.9	84.1	334	1.93e-104	312
WP_169189820.1	lcl|A3I049-1.A.10.2.2	36.1	92.2	90.1	332	4.47e-71	225
WP_169189820.1	lcl|Q3B5G3-1.A.10.2.3	30.6	92.2	86.2	333	5.97e-48	166
WP_169189820.1	lcl|B5FDH7-1.A.10.2.4	25.4	89.4	87.4	327	1.41e-26	108
WP_169189820.1	lcl|XP_019931100.1-1.A.10.1.19	23.8	82.7	40.8	324	1.81e-13	71.2
WP_169189820.1	lcl|TSN95727-1.A.10.1.30	22.2	86.4	17.9	352	2.29e-13	71.2
WP_169189820.1	lcl|P19493-1.A.10.1.2	22.0	86.4	38.2	354	1.09e-12	68.9
WP_169189820.1	lcl|XP_027195278.1-1.A.10.1.33	23.8	77.7	22.4	307	6.71e-12	66.6
WP_169189820.1	lcl|P42263-1.A.10.1.4	21.7	86.4	38.8	355	8.09e-12	66.2
WP_169189820.1	lcl|P42262-1.A.10.1.13	22.1	86.4	39.1	349	2.53e-11	64.7
WP_169189820.1	lcl|P42261-1.A.10.1.23	22.1	86.4	38.1	353	3.39e-11	64.3
WP_169189820.1	lcl|P19490-1.A.10.1.1	22.1	86.4	38.0	353	3.39e-11	64.3
WP_169189820.1	lcl|ELV12724.1-1.A.10.1.29	21.9	86.4	25.1	351	3.75e-11	64.3
WP_169189820.1	lcl|Q16099-1.A.10.1.9	21.4	86.4	35.5	351	1.43e-10	62.4
WP_169189820.1	lcl|Q9ULK0-1.A.10.1.34	22.8	93.3	36.9	381	1.93e-10	62.0
WP_169189820.1	lcl|Q16478-1.A.10.1.28	20.5	86.4	34.6	351	7.93e-10	60.1
WP_169189820.1	lcl|P22756-1.A.10.1.5	20.8	77.7	26.0	289	1.84e-09	58.9
WP_169189820.1	lcl|P42260-1.A.10.1.11	21.6	77.7	32.6	305	1.75e-08	55.8
WP_169189820.1	lcl|A0NP85-1.A.1.24.5	32.6	25.6	19.0	92	2.29e-08	55.1
WP_169189820.1	lcl|P17972-1.A.1.2.2	31.6	26.5	18.5	95	2.41e-08	55.1
WP_169189820.1	lcl|Q8Y5K1-1.A.1.17.2	36.0	25.1	39.7	100	1.42e-07	51.6
WP_169189820.1	lcl|O43526-1.A.1.15.2	36.8	24.0	9.2	87	1.65e-07	52.8
WP_169189820.1	lcl|Q98GN8-1.A.1.25.1	34.9	24.0	21.4	86	4.28e-07	50.8
WP_169189820.1	lcl|Q2W0I8-1.A.1.22.1	28.3	29.5	24.1	106	4.69e-07	50.8
WP_169189820.1	lcl|P0A334-1.A.1.1.1	32.7	31.5	66.9	113	5.71e-07	48.5
WP_169189825.1	lcl|ABM29150-3.D.7.1.4	46.9	72.7	4.2	32	6.50e-04	34.3
WP_169189844.1	lcl|WP_149777770.1-2.A.99.1.8	32.4	83.4	75.7	173	2.88e-13	65.1
WP_169189844.1	lcl|WP_002792498.1-2.A.99.1.4	31.6	74.3	67.7	158	2.04e-11	60.1
WP_169189844.1	lcl|WP_162301253.1-2.A.99.1.7	39.1	24.6	24.9	46	3.61e-04	39.3
WP_169189861.1	lcl|A3DCU1-3.A.1.112.9	30.2	93.9	95.3	701	2.71e-82	276
WP_169189861.1	lcl|Q93GK5-3.A.1.112.13	27.6	93.1	97.7	702	2.06e-77	262
WP_169189861.1	lcl|P22520-3.A.1.112.12	27.5	93.4	98.0	698	3.92e-76	259
WP_169189861.1	lcl|P08716-3.A.1.109.1	29.3	94.4	97.9	720	5.91e-72	248
WP_169189861.1	lcl|P23702-3.A.1.109.8	28.3	93.6	97.0	714	1.05e-69	241
WP_169189861.1	lcl|Q57403-3.A.1.111.1	26.2	94.7	96.8	709	1.50e-67	236
WP_169189861.1	lcl|F0R9C2-3.A.1.112.10	27.3	93.9	96.1	704	4.17e-66	232
WP_169189861.1	lcl|P36497-3.A.1.112.2	27.3	95.5	97.8	718	2.99e-65	229
WP_169189861.1	lcl|B5E244-3.A.1.112.5	25.2	93.9	96.8	713	3.68e-65	229
WP_169189861.1	lcl|Q03727-3.A.1.112.1	24.7	93.9	96.8	709	6.51e-64	226
WP_169189861.1	lcl|Q00564-3.A.1.112.3	26.7	95.4	98.2	723	1.29e-60	216
WP_169189861.1	lcl|P18770-3.A.1.109.2	27.6	93.2	95.6	702	3.99e-59	212
WP_169189861.1	lcl|Q10418-3.A.1.112.8	25.2	93.9	96.1	710	4.16e-58	209
WP_169189861.1	lcl|Q5TLL2-3.A.1.111.4	24.6	93.8	98.0	698	7.61e-58	208
WP_169189861.1	lcl|E8MFM3-3.A.1.135.6	30.8	64.5	77.8	481	1.22e-57	206
WP_169189861.1	lcl|Q9WYC4-3.A.1.135.5	30.2	62.3	75.9	474	9.81e-54	195
WP_169189861.1	lcl|D5AL45-3.A.1.210.15	34.6	49.0	58.2	367	2.32e-53	194
WP_169189861.1	lcl|WP_324322846.1-3.A.1.106.21	39.2	41.9	52.8	314	6.91e-53	192
WP_169189861.1	lcl|A4XGX1-3.A.1.135.10	28.2	73.8	87.8	553	1.17e-52	192
WP_169189861.1	lcl|Q88RG3-3.A.1.109.3	26.1	87.0	89.3	660	4.74e-52	192
WP_169189861.1	lcl|E2YHZ7-3.A.1.135.7	27.7	63.1	78.3	473	4.52e-51	187
WP_169189861.1	lcl|Q6TGQ6-3.A.1.112.11	23.7	90.6	99.4	680	3.86e-50	186
WP_169189861.1	lcl|AIX02990-3.A.1.201.35	42.4	33.0	20.1	250	3.87e-49	186
WP_169189861.1	lcl|B0Y3B6-3.A.1.201.10	43.5	32.2	18.2	246	4.17e-49	186
WP_169189861.1	lcl|B2WTH9-3.A.1.201.12	41.2	32.2	18.5	243	9.72e-49	185
WP_169189862.1	lcl|F5R8F2-2.A.53.3.5	30.6	22.4	15.1	111	1.35e-05	47.4
WP_169189867.1	lcl|P13794-1.B.6.1.2	35.6	54.4	32.0	118	1.17e-17	79.7
WP_169189867.1	lcl|K1GHE1-1.B.6.13.2	35.6	54.4	52.4	118	1.06e-16	75.1
WP_169189867.1	lcl|V5V9B2-1.B.6.1.26	39.1	50.7	64.8	110	2.06e-14	67.8
WP_169189867.1	lcl|K1LZ89-1.B.6.1.14	34.2	51.2	16.3	111	5.96e-14	69.7
WP_169189867.1	lcl|P0A910-1.B.6.1.1	36.7	53.9	35.0	128	7.30e-14	68.9
WP_169189867.1	lcl|P07021-1.B.6.1.21	31.9	53.5	68.8	116	1.53e-13	65.5
WP_169189867.1	lcl|O51841-1.B.6.1.12	40.2	42.4	26.3	92	2.51e-13	67.4
WP_169189867.1	lcl|H9C4P7-1.B.6.1.23	37.7	53.0	33.1	122	2.60e-13	67.4
WP_169189867.1	lcl|P24017-1.B.6.1.11	41.1	42.9	27.3	95	1.16e-12	65.5
WP_169189867.1	lcl|D5ERW9-1.B.6.13.3	33.9	54.4	49.6	118	5.88e-12	62.4
WP_169189867.1	lcl|BDO45114.1-1.B.6.1.27	33.3	52.5	67.5	114	1.42e-11	60.1
WP_169189867.1	lcl|P65593-1.B.6.1.3	35.5	50.7	31.6	110	3.16e-11	61.2
WP_169189867.1	lcl|ACN16138-2.C.1.2.5	31.3	51.6	53.3	112	3.78e-11	59.7
WP_169189867.1	lcl|P28612-1.A.30.1.3	31.1	54.4	44.4	122	9.03e-10	56.6
WP_169189867.1	lcl|AXQ89718.1-1.B.6.13.5	36.6	42.9	18.3	93	1.52e-09	56.6
WP_169189867.1	lcl|C6EJJ6-2.C.1.2.1	30.3	50.2	59.0	109	3.24e-09	53.9
WP_169189867.1	lcl|WP_213358229.1-1.B.6.13.6	28.6	51.2	55.0	112	7.02e-08	50.4
WP_169189867.1	lcl|P74944-1.A.30.1.2	32.6	63.1	40.3	138	7.53e-08	51.2
WP_169189867.1	lcl|D4ZJA6-1.A.30.1.5	42.3	35.9	24.6	78	1.00e-07	50.8
WP_169189867.1	lcl|D4ZJA6-1.A.30.1.6	42.3	35.9	24.6	78	1.00e-07	50.8
WP_169189867.1	lcl|Q1D1X6-9.B.153.3.3	30.5	58.1	24.8	128	1.81e-07	50.4
WP_169189867.1	lcl|S4XU18-9.B.153.3.14	29.3	53.5	19.4	123	1.97e-07	50.4
WP_169189867.1	lcl|B4RDQ2-1.B.6.1.16	32.7	46.5	23.9	101	3.32e-06	46.6
WP_169189867.1	lcl|Q8E9J1-1.A.30.1.5	26.3	78.3	60.4	175	1.15e-05	44.7
WP_169189867.1	lcl|G0VME1-1.B.6.1.7	32.1	49.8	27.4	109	2.50e-05	43.9
WP_169189930.1	lcl|Q55280-3.A.1.15.1	52.3	97.9	85.2	281	1.26e-103	305
WP_169189930.1	lcl|Q9XCS2-3.A.1.15.7	53.0	92.7	87.2	266	1.57e-93	278
WP_169189930.1	lcl|Q92LL5-3.A.1.15.9	50.0	92.0	87.7	264	1.93e-88	265
WP_169189930.1	lcl|Q56952-3.A.1.15.4	44.9	96.2	88.7	276	1.81e-83	253
WP_169189930.1	lcl|Q4V0W6-3.A.1.15.21	31.2	96.9	91.6	285	1.89e-57	186
WP_169189930.1	lcl|P0A4G2-3.A.1.15.14	32.1	97.2	92.9	287	3.46e-54	177
WP_169189930.1	lcl|P0A4G4-3.A.1.15.6	32.4	94.4	89.7	278	1.22e-51	171
WP_169189930.1	lcl|A1B2F3-3.A.1.15.19	33.6	96.2	93.5	289	2.35e-51	170
WP_169189930.1	lcl|P42364-3.A.1.15.2	30.9	97.2	92.9	288	4.79e-51	169
WP_169189930.1	lcl|G0LRW7-3.A.1.15.15	30.9	94.1	90.0	278	2.22e-48	162
WP_169189930.1	lcl|Q9KIJ3-3.A.1.15.20	28.3	97.2	93.5	286	9.62e-46	155
WP_169189930.1	lcl|Q5FA63-3.A.1.15.10	26.3	90.2	89.6	278	1.09e-34	127
WP_169189930.1	lcl|P96116-3.A.1.15.8	30.3	96.9	91.6	284	5.84e-34	125
WP_169189930.1	lcl|O05703-3.A.1.15.3	28.5	91.3	54.3	274	6.88e-31	120
WP_169189930.1	lcl|B2J0B7-3.A.1.15.13	27.7	93.4	82.4	278	1.94e-28	110
WP_169189930.1	lcl|Q8DQ09-3.A.1.15.3	26.7	96.5	90.7	288	7.26e-28	108
WP_169189930.1	lcl|B2IWS9-3.A.1.15.13	29.8	77.7	68.8	235	1.54e-26	105
WP_169189930.1	lcl|O34966-3.A.1.15.11	25.0	97.6	91.5	296	4.23e-25	101
WP_169189930.1	lcl|Q3Y4D4-3.A.1.15.12	26.1	92.7	85.3	284	1.48e-17	80.9
WP_169189930.1	lcl|Q6MI09-3.A.1.15.17	22.4	94.1	95.2	286	6.37e-14	70.1
WP_169189930.1	lcl|AID56185-3.A.1.15.16	26.8	60.6	54.2	190	1.43e-07	51.6
WP_169190000.1	lcl|Q8YSQ7-2.A.56.3.3	68.6	95.4	98.0	439	1.25e-192	542
WP_169190000.1	lcl|P74224-2.A.56.3.1	66.8	95.6	98.2	440	3.17e-188	531
WP_169190000.1	lcl|D5ATK1-2.A.56.3.4	45.2	94.7	83.8	515	1.17e-117	357
WP_169190000.1	lcl|Q9RBQ9-2.A.56.3.2	32.5	82.9	85.9	379	1.66e-57	195
WP_169190000.1	lcl|Q6N8W8-2.A.56.1.10	31.0	84.2	87.1	387	5.45e-47	167
WP_169190000.1	lcl|MBI80045-2.A.56.1.16	31.0	91.4	94.5	423	5.27e-45	162
WP_169190000.1	lcl|Q930W3-2.A.56.1.7	30.6	94.3	46.5	435	1.23e-41	157
WP_169190000.1	lcl|O07838-2.A.56.1.1	30.3	94.7	97.7	449	1.63e-35	136
WP_169190000.1	lcl|B9TSM9-2.A.56.1.6	28.7	94.3	97.0	432	2.52e-35	135
WP_169190000.1	lcl|P44543-2.A.56.1.3	28.5	85.7	62.3	396	4.24e-35	137
WP_169190000.1	lcl|Q8ZKS0-2.A.56.1.5	28.7	94.5	96.8	439	2.46e-33	130
WP_169190000.1	lcl|Q3IVI4-2.A.56.1.4	29.7	94.5	96.9	458	7.39e-33	129
WP_169190000.1	lcl|Q8FA80-2.A.56.1.8	28.2	86.4	93.4	404	7.48e-30	120
WP_169190000.1	lcl|R4JQ65-2.A.56.1.9	27.3	88.8	94.4	410	3.26e-28	115
WP_169190000.1	lcl|P37675-2.A.56.1.2	27.4	85.5	90.1	398	1.31e-26	110
WP_169190000.1	lcl|CCK79986-2.A.56.1.15	27.7	84.9	88.6	394	3.48e-26	109
WP_169190000.1	lcl|Q8VPB1-2.A.56.1.11	24.7	94.7	98.6	442	1.15e-25	108
WP_169190000.1	lcl|AOY59251-2.A.56.1.14	26.3	85.1	88.8	399	6.14e-24	103
WP_169190000.1	lcl|O83924-2.A.56.2.1	27.3	79.2	55.9	370	8.78e-15	76.3
WP_169190000.1	lcl|A8LI82-2.A.56.1.18	27.3	26.1	16.3	121	9.36e-06	47.8
WP_169190001.1	lcl|WP_083622486.1-9.B.27.1.11	40.2	88.8	88.8	184	4.72e-39	132
WP_169190001.1	lcl|P76219-9.B.27.1.1	36.0	75.1	66.9	161	8.09e-21	86.3
WP_169190001.1	lcl|M3A107-9.B.27.1.3	29.3	92.2	80.7	191	4.27e-11	59.7
WP_169190001.1	lcl|WP_164102460.1-9.B.27.4.2	28.8	86.8	79.2	184	2.44e-09	54.7
WP_169190001.1	lcl|I1L089-9.B.27.5.3	26.6	89.8	59.6	199	2.68e-08	52.4
WP_169190027.1	lcl|V6F2B2-9.A.8.1.7	31.1	36.3	24.0	180	6.45e-08	54.7
WP_169190027.1	lcl|O25396-9.A.8.1.2	31.0	24.3	17.1	113	2.11e-05	46.6
WP_169190027.1	lcl|P73182-9.A.8.1.3	33.8	17.2	11.6	80	3.62e-05	45.8
WP_169190027.1	lcl|L7E2Q2-9.A.8.1.21	28.4	31.4	19.3	155	5.14e-05	45.4
WP_169190027.1	lcl|Q57986-9.A.8.1.9	36.8	12.3	8.4	57	5.93e-04	42.0
WP_169190027.1	lcl|D9SIP4-9.A.8.1.11	38.6	12.3	9.4	57	9.96e-04	41.2
WP_169190032.1	lcl|WP_017314285.1-9.B.142.2.13	30.8	87.5	85.3	509	1.27e-50	181
WP_169246895.1	lcl|ABM29150-3.D.7.1.4	46.9	72.7	4.2	32	6.50e-04	34.3
WP_169246937.1	lcl|A3DCU1-3.A.1.112.9	29.6	67.9	67.7	507	7.38e-53	194
WP_169246937.1	lcl|Q9WYC4-3.A.1.135.5	31.0	67.7	81.8	516	2.72e-49	182
WP_169246937.1	lcl|F0R9C2-3.A.1.112.10	28.5	69.5	69.6	523	4.28e-48	181
WP_169246937.1	lcl|P97046-3.A.1.117.1	29.7	66.1	81.0	499	1.62e-46	174
WP_169246937.1	lcl|Q9C7F2-3.A.1.201.33	41.4	31.9	18.8	237	8.68e-46	176
WP_169246937.1	lcl|O32748-3.A.1.117.2	27.4	70.3	86.4	521	1.72e-45	171
WP_169246937.1	lcl|P60752-3.A.1.106.1	28.6	65.4	81.3	486	2.31e-45	171
WP_169246937.1	lcl|P23702-3.A.1.109.8	26.2	66.9	68.3	503	2.91e-45	172
WP_169246937.1	lcl|P63359-3.A.1.106.20	29.0	65.4	81.3	486	3.14e-45	170
WP_169246937.1	lcl|Q5TLL2-3.A.1.111.4	40.1	31.9	33.2	232	6.60e-45	171
WP_169246937.1	lcl|Q93GK5-3.A.1.112.13	26.2	73.4	75.8	541	2.20e-44	169
WP_169246937.1	lcl|A4XGX1-3.A.1.135.10	29.5	71.6	84.1	536	3.04e-44	168
WP_169246937.1	lcl|P08716-3.A.1.109.1	26.7	65.8	67.0	491	5.86e-44	168
WP_169246937.1	lcl|Q9LHD1-3.A.1.201.34	39.3	36.1	21.8	270	1.16e-43	169
WP_169246937.1	lcl|P22520-3.A.1.112.12	26.0	73.4	75.8	547	3.26e-43	166
WP_169246937.1	lcl|Q832J9-3.A.1.135.9	27.3	81.0	98.0	609	4.78e-43	164
WP_169246937.1	lcl|G9F9U0-3.A.1.201.30	29.8	66.1	73.7	503	7.24e-43	164
WP_169246937.1	lcl|Q9GTN7-3.A.1.201.40	26.2	71.6	29.6	530	8.18e-43	167
WP_169246937.1	lcl|P33311-3.A.1.212.2	30.2	71.0	67.0	539	3.29e-42	164
WP_169246937.1	lcl|Q9HGT5-3.A.1.201.27	37.5	33.4	19.2	256	6.85e-42	164
WP_169246937.1	lcl|CDS16583-3.A.1.201.41	39.5	35.9	22.0	266	1.12e-41	163
WP_169246937.1	lcl|O06967-3.A.1.117.3	28.4	66.1	81.0	497	1.75e-41	159
WP_169246937.1	lcl|E2YHZ7-3.A.1.135.7	26.3	73.8	91.7	570	7.94e-41	157
WP_169246937.1	lcl|Q9A1K4-3.A.1.135.2	26.1	66.9	82.2	499	1.14e-40	157
WP_169246937.1	lcl|Q46GL9-3.A.1.106.19	26.4	68.5	84.1	516	1.19e-40	157
WP_169246938.1	lcl|Q8YT39-3.A.1.114.1	18.8	76.2	55.1	426	6.05e-07	52.0
WP_196757156.1	lcl|Q8DL32-3.D.1.8.2	75.0	100	100	372	1.06e-194	541
WP_196757156.1	lcl|Q37165-3.D.1.8.1	59.2	90.9	92.2	338	3.08e-136	392
WP_196757156.1	lcl|Q746T2-3.D.1.5.1	42.5	83.6	89.1	322	4.51e-75	235
WP_196757156.1	lcl|Q8PU59-3.D.9.1.1	40.3	86.6	89.7	330	2.64e-73	231
WP_196757156.1	lcl|Q8PU59-3.D.13.1.1	40.3	86.6	89.7	330	2.64e-73	231
WP_196757156.1	lcl|P0AFD4-3.D.1.1.1	39.4	84.1	88.0	315	8.34e-65	208
WP_196757156.1	lcl|P29920-3.D.1.2.1	37.3	88.2	89.6	330	8.97e-63	204
WP_196757156.1	lcl|Q60019-3.D.1.3.1	39.1	83.3	80.0	317	1.31e-60	199
WP_196757156.1	lcl|P08774-3.D.1.6.2	35.5	90.1	94.6	355	1.40e-57	191
WP_196757156.1	lcl|OLS18212-3.D.9.1.2	37.6	85.5	90.0	319	3.94e-54	181
WP_196757156.1	lcl|P03887-3.D.1.6.1	35.9	81.2	86.5	304	1.83e-49	168
WP_196757156.1	lcl|Q9PMA3-3.D.1.7.1	32.9	83.1	88.9	319	2.62e-49	168
WP_196757156.1	lcl|P11658-3.D.1.6.4	33.0	84.1	92.1	321	1.12e-41	147
WP_196757156.1	lcl|Q729R2-3.D.1.4.4	27.1	82.3	88.8	317	4.14e-17	80.9
WP_196757156.1	lcl|Q8U0Z5-3.D.1.4.1	29.3	79.3	85.7	304	4.69e-16	77.8
WP_196757156.1	lcl|P77937-3.D.1.4.3	27.7	80.9	86.7	311	1.18e-15	76.6
WP_196757156.1	lcl|O59653-3.D.1.4.2	24.3	86.6	94.0	325	5.62e-10	59.3
WP_196757156.1	lcl|P77858-3.D.1.9.1	24.4	83.6	88.3	315	2.23e-08	54.7
WP_196757156.1	lcl|P16430-3.D.1.9.2	27.8	61.3	70.0	234	6.89e-06	47.0
WP_205909542.1	lcl|M4VE83-8.A.1.2.2	25.1	88.3	89.8	346	1.84e-17	82.0
WP_205909542.1	lcl|Q4VSJ3-2.A.6.2.20	25.4	78.8	76.3	319	9.22e-15	74.7
WP_205909542.1	lcl|Q1CZ64-2.A.6.3.7	24.3	80.6	82.9	317	2.90e-14	73.2
WP_205909542.1	lcl|Q9HWH5-2.A.6.2.32	25.5	79.1	77.8	318	1.23e-13	71.2
WP_205909542.1	lcl|Q2EHL9-3.A.1.122.35	22.4	90.1	95.2	392	1.84e-13	70.9
WP_205909542.1	lcl|Q9I6X6-2.A.6.2.27	24.9	91.8	90.3	366	2.40e-12	67.4
WP_205909542.1	lcl|P75830-3.A.1.122.1	22.9	90.6	97.3	375	9.78e-11	62.4
WP_205909542.1	lcl|C5IZH0-2.A.6.2.47	22.4	77.6	79.0	312	1.40e-10	62.0
WP_205909542.1	lcl|Q9HY86-2.A.6.2.34	25.4	76.5	77.7	307	3.25e-10	60.8
WP_205909542.1	lcl|Q2FD82-2.A.6.2.44	25.1	77.0	73.9	311	4.61e-10	60.5
WP_205909542.1	lcl|A0Q8A4-2.A.6.2.28	20.6	91.6	80.7	394	9.14e-10	59.7
WP_205909542.1	lcl|A6P7H2-2.A.6.2.30	24.4	68.1	65.6	270	1.71e-09	58.5
WP_205909542.1	lcl|L8NGR5-2.A.6.3.8	24.1	87.8	91.6	352	1.71e-09	58.5
WP_205909542.1	lcl|Q67GM1-2.A.6.2.4	23.5	76.8	81.0	307	1.75e-09	58.5
WP_205909542.1	lcl|P13510-2.A.6.1.2	25.9	77.8	55.6	321	3.13e-09	58.2
WP_205909542.1	lcl|P37973-8.A.1.2.1	27.8	77.8	72.4	313	3.31e-09	57.8
WP_205909542.1	lcl|Q1DDM8-2.A.6.1.7	31.0	46.9	43.9	187	5.92e-09	57.0
WP_205909542.1	lcl|Q1D664-2.A.6.1.10	27.4	75.8	55.0	314	7.32e-09	57.0
WP_205909542.1	lcl|Q8ZRG8-2.A.6.2.25	22.2	88.5	86.8	361	8.05e-09	56.6
WP_205909542.1	lcl|Q2FD52-3.A.1.122.18	27.9	46.7	44.0	201	1.15e-08	56.2
WP_205909542.1	lcl|Q2FD71-2.A.6.2.40	21.4	76.3	75.7	304	1.39e-08	55.8
WP_205909542.1	lcl|Q79MP5-2.A.6.2.31	22.0	77.0	75.9	314	5.73e-08	53.9
WP_205909542.1	lcl|Q88RT5-2.A.6.1.5	23.3	78.1	71.2	318	1.86e-07	52.4
WP_205909542.1	lcl|Q9WWZ9-2.A.6.2.9	25.3	78.6	77.9	316	9.57e-07	50.1
WP_205909542.1	lcl|Q6V6X9-2.A.6.2.18	24.9	78.6	77.7	313	9.59e-07	50.1
WP_205909549.1	lcl|P0C186-3.D.2.2.1	46.3	96.8	97.7	376	4.55e-97	293
WP_205909549.1	lcl|Q72GR8-3.D.2.2.2	45.1	97.4	97.3	370	7.05e-94	285
WP_205909549.1	lcl|P07001-3.D.2.1.1	45.5	96.3	71.6	369	7.71e-88	274
WP_205909549.1	lcl|P11024-3.D.2.3.1	37.4	95.5	34.4	380	7.14e-63	217
WP_205909549.1	lcl|Q07600-3.D.2.4.1	37.0	96.1	36.3	373	3.30e-61	212
WP_205909578.1	lcl|B3EBP1-4.D.1.3.3	30.5	50.7	15.2	226	1.46e-18	87.8
WP_205909578.1	lcl|B8F5K7-4.D.1.3.2	42.6	23.1	36.9	94	7.17e-15	73.6
WP_205909578.1	lcl|AKM79484-4.D.1.3.5	35.6	21.6	34.1	87	6.96e-09	55.8
WP_205909578.1	lcl|F8KXN0-4.D.1.3.1	40.4	21.4	22.6	94	8.53e-09	56.6
WP_205909601.1	lcl|GIM07801.1-3.E.1.5.3	29.4	47.0	5.4	119	1.76e-06	48.1
WP_205909604.1	lcl|Q8Y433-5.B.14.1.1	27.8	80.0	71.2	245	6.29e-17	79.3
WP_205909607.1	lcl|WP_121250785-4.H.1.1.15	50.0	92.9	48.8	472	2.91e-131	402
WP_205909676.1	lcl|GIM07801.1-3.E.1.5.3	36.5	45.6	5.2	115	4.42e-12	65.1
WP_205909676.1	lcl|Q7MVV4-2.A.130.1.1	29.0	53.9	24.9	131	4.92e-06	46.6
WP_205909685.1	lcl|Q8S3X4-5.A.1.2.4	39.7	99.1	74.4	229	6.41e-40	138
WP_205909685.1	lcl|Q9M5P3-5.A.1.2.5	41.6	96.8	62.4	221	8.81e-40	139
WP_205909685.1	lcl|Q939U6-5.A.1.2.7	31.3	74.8	73.1	179	4.65e-10	57.4
WP_205909685.1	lcl|RZN41577.1-2.A.131.1.7	26.5	93.2	92.1	223	4.65e-08	51.6
WP_205909685.1	lcl|RKY32654.1-2.A.131.1.6	24.9	96.4	94.5	225	6.02e-08	51.2
WP_205909685.1	lcl|Q8PY72-5.A.1.2.3	27.8	88.7	89.4	205	2.41e-07	49.3
WP_205909685.1	lcl|J2IMD3-5.A.1.2.6	30.6	93.2	87.6	219	9.72e-07	47.8
WP_205909685.1	lcl|P45706-5.A.1.2.1	24.5	95.9	92.3	229	1.41e-05	44.3
WP_205909685.1	lcl|Q9JTL9-5.A.1.1.2	26.8	77.9	30.3	183	1.36e-04	42.0
WP_205909699.1	lcl|OLS17256-4.D.1.1.15	24.9	64.5	34.7	217	1.78e-09	58.2
WP_205909699.1	lcl|B3EBP1-4.D.1.3.3	29.9	32.9	7.2	107	9.56e-09	56.2
WP_205909699.1	lcl|P75905-4.D.1.1.3	30.5	30.3	20.6	95	2.73e-06	48.1
WP_205909699.1	lcl|MAU97510-2.A.127.1.18	33.9	34.8	18.2	109	1.70e-05	45.8
WP_205909699.1	lcl|F2KQZ0-4.D.2.1.6	31.9	29.7	16.9	94	3.88e-05	44.7
WP_205909702.1	lcl|P14175-3.A.1.12.1	47.7	98.4	98.0	396	8.69e-113	334
WP_205909702.1	lcl|Q9RQ06-3.A.1.12.5	44.7	96.1	93.4	385	3.12e-101	305
WP_205909702.1	lcl|Q8U4S5-3.A.1.12.9	43.9	95.3	83.8	378	1.46e-98	300
WP_205909702.1	lcl|P46920-3.A.1.12.2	43.1	95.3	90.0	383	4.03e-96	292
WP_205909702.1	lcl|Q9KKE1-3.A.1.12.6	50.8	68.4	95.3	262	2.06e-82	252
WP_205909702.1	lcl|Q92N35-3.A.1.12.7	43.2	86.7	93.7	336	4.14e-78	244
WP_205909702.1	lcl|A9CI32-3.A.1.12.13	47.7	72.8	81.3	283	8.96e-77	240
WP_205909702.1	lcl|Q9HTI8-3.A.1.12.12	46.0	74.9	74.2	291	1.61e-76	241
WP_205909702.1	lcl|Q45460-3.A.1.12.3	34.6	87.7	92.1	356	1.38e-60	199
WP_205909702.1	lcl|O34992-3.A.1.12.4	45.2	59.3	58.9	228	1.46e-59	197
WP_205909702.1	lcl|WP_332273826.1-3.A.1.12.18	48.7	58.0	69.2	224	1.67e-58	192
WP_205909702.1	lcl|Q8ZPK4-3.A.1.12.14	42.9	58.0	57.6	224	5.75e-55	185
WP_205909702.1	lcl|Q8Q041-3.A.1.12.11	32.0	90.9	90.1	362	2.75e-53	180
WP_205909702.1	lcl|Q8TZQ3-3.A.1.1.16	43.2	59.8	61.9	229	1.35e-52	178
WP_205909702.1	lcl|Q8NSN2-3.A.1.24.4	42.6	60.1	63.6	230	1.48e-52	178
WP_205909702.1	lcl|Q93A35-3.A.1.12.8	44.7	58.5	67.7	226	2.74e-51	174
WP_205909702.1	lcl|Q87WH5-3.A.1.12.10	42.9	58.0	57.1	224	4.05e-51	175
WP_205909702.1	lcl|P33360-3.A.1.12.15	42.3	59.3	72.7	234	6.29e-51	172
WP_205909702.1	lcl|P69874-3.A.1.11.1	38.8	64.0	63.2	245	1.96e-49	170
WP_205909702.1	lcl|O32169-3.A.1.24.2	41.6	59.0	66.0	226	2.21e-49	169
WP_205909702.1	lcl|Q1M7Q1-3.A.1.11.6	42.3	62.4	64.9	239	2.45e-49	169
WP_205909702.1	lcl|P77795-3.A.1.11.9	42.8	58.0	64.1	222	2.81e-49	169
WP_205909702.1	lcl|Q53VZ4-3.A.1.20.5	38.3	68.1	70.7	261	1.17e-48	168
WP_205909702.1	lcl|Q5SHV0-3.A.1.10.6	39.7	63.2	66.0	242	1.49e-48	167
WP_205909702.1	lcl|Q8U4K3-3.A.1.6.5	40.5	58.0	62.8	222	6.97e-48	165
WP_205909860.1	lcl|P94400-9.B.10.1.1	32.6	90.8	93.5	384	6.65e-53	179
WP_231901311.1	lcl|M2WX31-9.A.4.2.3	53.2	60.8	38.9	62	1.98e-14	64.3
WP_231901311.1	lcl|Q81WE1-9.A.4.2.1	46.3	79.4	93.1	82	9.23e-14	60.8
WP_236065912.1	lcl|WP_081471983.1-1.I.3.1.1	24.2	55.2	39.1	298	1.55e-04	43.9
WP_236065918.1	lcl|WP_081471983.1-1.I.3.1.1	25.6	77.4	39.1	301	5.48e-05	44.7
WP_236065918.1	lcl|P09489-1.B.12.5.1	39.0	16.7	5.6	59	1.38e-04	43.5
WP_236065921.1	lcl|A3DCU1-3.A.1.112.9	25.2	96.0	95.2	709	6.84e-69	239
WP_236065921.1	lcl|Q57403-3.A.1.111.1	26.6	95.5	95.2	713	5.33e-63	223
WP_236065921.1	lcl|Q93GK5-3.A.1.112.13	25.9	94.3	96.4	696	2.24e-56	204
WP_236065921.1	lcl|P22520-3.A.1.112.12	26.3	94.3	96.4	707	6.21e-54	197
WP_236065921.1	lcl|Q00564-3.A.1.112.3	26.1	96.4	97.1	727	1.96e-53	196
WP_236065921.1	lcl|F0R9C2-3.A.1.112.10	25.2	97.7	97.5	745	2.87e-53	196
WP_236065921.1	lcl|B5E244-3.A.1.112.5	25.8	98.2	98.9	740	5.07e-53	195
WP_236065921.1	lcl|P08716-3.A.1.109.1	25.9	97.1	98.3	722	5.33e-52	192
WP_236065921.1	lcl|P23702-3.A.1.109.8	25.5	96.3	97.5	721	8.54e-51	188
WP_236065921.1	lcl|Q10418-3.A.1.112.8	25.0	97.8	97.6	744	3.96e-49	184
WP_236065921.1	lcl|Q6TGQ6-3.A.1.112.11	25.2	92.9	99.4	715	2.29e-47	178
WP_236065921.1	lcl|Q03727-3.A.1.112.1	22.7	98.1	98.6	744	8.90e-47	177
WP_236065921.1	lcl|P36497-3.A.1.112.2	25.9	98.1	98.1	754	1.57e-44	170
WP_236065921.1	lcl|Q5TLL2-3.A.1.111.4	24.8	96.6	98.6	746	3.08e-44	169
WP_236065921.1	lcl|Q0P9C4-3.A.1.106.15	27.0	63.5	79.1	478	4.42e-41	158
WP_236065921.1	lcl|P73239-3.A.1.106.14	29.5	53.3	62.4	396	5.20e-40	155
WP_236065921.1	lcl|Q2G2M9-3.A.1.106.2	25.5	64.3	79.1	482	3.58e-39	152
WP_236065921.1	lcl|O44897-3.A.1.209.3	27.5	65.3	56.9	498	4.47e-39	154
WP_236065921.1	lcl|P37608-3.A.1.111.5	25.4	95.5	97.0	731	5.61e-39	153
WP_236065921.1	lcl|A4XGX1-3.A.1.135.10	26.4	66.4	76.6	497	1.75e-38	151
WP_236065921.1	lcl|P40416-3.A.1.210.1	25.8	67.5	70.0	516	1.80e-38	152
WP_236065921.1	lcl|O06967-3.A.1.117.3	28.4	63.5	76.2	482	4.41e-38	149
WP_236065921.1	lcl|P21439-3.A.1.201.3	28.1	57.8	31.7	430	8.48e-38	151
WP_236065921.1	lcl|D5AL45-3.A.1.210.15	24.8	65.0	75.5	483	1.01e-37	149
WP_236065921.1	lcl|O67184-3.A.1.110.13	29.0	49.9	61.7	372	3.64e-37	146
WP_236065927.1	lcl|P15729-2.A.1.1.32	50.8	84.2	52.6	248	1.98e-64	209
WP_236065927.1	lcl|A0QZX3-2.A.1.1.65	51.4	72.6	42.4	212	4.56e-57	190
WP_236065927.1	lcl|Q0SE66-2.A.1.1.81	45.8	81.8	49.5	240	1.11e-53	181
WP_236065927.1	lcl|Q7BEC4-2.A.1.1.35	46.0	72.9	44.9	213	1.10e-49	170
WP_236065927.1	lcl|E1WAV3-2.A.1.1.120	40.0	77.1	49.3	230	7.22e-45	157
WP_236065927.1	lcl|P0AGF4-2.A.1.1.3	37.4	78.8	51.3	257	7.01e-42	150
WP_236065927.1	lcl|P96710-2.A.1.1.55	35.4	82.9	51.3	243	1.73e-41	148
WP_236065927.1	lcl|O52733-2.A.1.1.41	41.2	82.2	50.3	245	5.98e-38	139
WP_236065927.1	lcl|P46333-2.A.1.1.106	40.6	69.2	41.0	202	2.31e-35	132
WP_236065927.1	lcl|Q9C757-2.A.1.1.63	41.7	72.3	34.8	218	2.91e-35	133
WP_236065927.1	lcl|Q8G3X1-2.A.1.1.42	43.1	69.2	37.5	202	8.40e-35	131
WP_236065927.1	lcl|P0AEP1-2.A.1.1.1	41.1	67.5	39.7	197	1.22e-34	130
WP_236065927.1	lcl|P0AE24-2.A.1.1.2	38.4	75.0	43.6	219	1.31e-33	127
WP_236065927.1	lcl|O23492-2.A.1.1.62	37.7	82.2	39.3	247	3.40e-33	127
WP_236065927.1	lcl|O34718-2.A.1.1.26	38.4	73.3	44.0	216	2.42e-32	124
WP_236065927.1	lcl|Q8VZR6-2.A.1.1.66	40.7	71.9	39.1	216	2.97e-30	118
WP_236065927.1	lcl|Q8NTX0-2.A.1.1.53	36.1	74.0	41.8	216	6.65e-30	117
WP_236065927.1	lcl|Q56ZZ7-2.A.1.1.102	36.8	69.5	35.3	209	7.15e-30	117
WP_236065927.1	lcl|Q8NL90-2.A.1.1.54	36.3	73.6	42.9	226	5.07e-29	115
WP_236065927.1	lcl|QZB02254.1-2.A.1.1.152	36.4	72.3	40.1	217	9.26e-29	114
WP_236065927.1	lcl|C4B4V9-2.A.1.1.116	36.0	79.8	48.4	242	1.98e-28	113
WP_236065927.1	lcl|Q96QE2-2.A.1.1.25	34.6	72.3	30.9	211	2.63e-27	110
WP_236065927.1	lcl|I1M280-2.A.1.1.132	31.5	84.2	45.4	248	2.55e-25	104
WP_236065927.1	lcl|Q8VZ80-2.A.1.1.34	35.8	73.6	38.0	215	1.26e-24	102
WP_236065927.1	lcl|P21906-2.A.1.1.4	31.0	71.9	46.7	226	1.53e-23	99.4
WP_236065934.1	lcl|A0Q8A4-2.A.6.2.28	24.9	86.1	70.5	329	1.62e-22	98.2
WP_236065934.1	lcl|Q9I0V5-2.A.6.2.39	26.1	90.6	78.4	368	3.39e-19	88.2
WP_236065934.1	lcl|QKK87500.1-2.A.6.2.33	27.4	85.0	81.6	325	1.46e-18	85.9
WP_236065934.1	lcl|Q4VSJ3-2.A.6.2.20	26.3	57.0	55.7	217	3.92e-12	66.6
WP_236065934.1	lcl|Q67GM1-2.A.6.2.4	24.3	82.4	82.4	354	5.21e-11	63.2
WP_236065934.1	lcl|Q2FD95-2.A.6.2.29	24.1	84.5	76.2	344	7.94e-11	62.8
WP_236065934.1	lcl|Q1D664-2.A.6.1.10	22.9	66.1	50.6	271	1.71e-10	62.0
WP_236065934.1	lcl|Q2FD82-2.A.6.2.44	24.3	82.7	75.1	341	1.83e-10	61.6
WP_236065934.1	lcl|Q6V6X9-2.A.6.2.18	23.2	84.8	82.3	349	1.28e-09	58.9
WP_236065934.1	lcl|Q9RBY9-2.A.6.2.41	27.4	83.2	78.9	350	1.33e-09	58.9
WP_236065934.1	lcl|Q9WWZ9-2.A.6.2.9	22.0	84.0	78.9	337	4.02e-09	57.4
WP_236065934.1	lcl|P52477-2.A.6.2.6	23.1	82.9	78.1	334	9.47e-09	56.2
WP_236065934.1	lcl|Q8GC84-2.A.6.2.19	24.2	86.1	86.6	359	5.13e-08	53.9
WP_236065934.1	lcl|Q2FD71-2.A.6.2.40	25.7	67.2	69.4	280	3.01e-07	51.6
WP_236065934.1	lcl|Q8RTE5-2.A.6.2.22	24.7	66.9	74.9	283	1.54e-06	49.3
WP_236065934.1	lcl|Q0VQY5-2.A.6.2.46	25.1	55.6	53.2	243	1.77e-06	49.3
WP_236065934.1	lcl|C5W790-2.A.1.3.36	26.7	34.4	30.2	131	3.49e-04	42.0
WP_236065934.1	lcl|Q9F241-2.A.6.2.42	26.4	58.5	62.2	250	3.52e-04	42.0
WP_236065978.1	lcl|Q9LU21-3.D.1.8.1	40.5	60.8	35.3	74	3.16e-09	52.0
WP_236065980.1	lcl|P11091-8.A.1.3.2	28.4	54.7	20.0	88	2.64e-07	48.5
WP_236065980.1	lcl|P18790-8.A.1.3.4	32.9	50.9	17.2	82	6.73e-07	47.4
WP_236065980.1	lcl|BAB77003.1-8.A.1.3.7	31.8	52.8	16.7	85	1.42e-05	43.5
WP_236065980.1	lcl|P06739-8.A.1.3.1	31.7	50.9	17.2	82	3.50e-05	42.4
WP_236065993.1	lcl|KRY08793.1-8.A.51.1.3	28.6	56.0	16.2	245	7.40e-16	79.7
WP_236065993.1	lcl|WP_033531996.1-4.C.3.1.16	29.9	48.6	75.7	214	3.75e-10	60.1
WP_236065993.1	lcl|WP_144228417.1-4.C.3.1.11	26.6	44.8	58.4	203	6.33e-06	47.4
WP_236065999.1	lcl|WP_017304407.1-9.B.265.1.6	37.6	67.6	30.7	101	1.73e-15	71.2
WP_236066006.1	lcl|O27435-2.A.69.4.3	26.3	69.4	64.6	217	3.41e-04	41.2
WP_236066009.1	lcl|I7HQW2-2.A.1.53.9	31.6	83.6	86.5	377	1.24e-56	192
WP_236066009.1	lcl|I7I571-2.A.1.53.12	29.3	80.9	83.7	365	7.96e-51	177
WP_236066009.1	lcl|I7I0I4-2.A.1.53.10	30.3	81.8	86.1	376	2.82e-48	170
WP_236066009.1	lcl|I7HKT5-2.A.1.53.11	28.6	80.7	83.6	367	6.45e-46	164
WP_236066009.1	lcl|Q5ZUB4-2.A.1.53.2	28.1	88.2	92.0	399	7.95e-46	164
WP_236066009.1	lcl|Q5ZY33-2.A.1.53.1	26.7	80.0	83.4	363	5.86e-45	161
WP_236066009.1	lcl|Q747F2-2.A.1.54.2	28.3	90.5	99.5	421	2.96e-38	143
WP_236066009.1	lcl|I7I0I1-2.A.1.53.6	27.7	78.9	82.9	357	3.12e-36	137
WP_236066009.1	lcl|I7I5G1-2.A.1.53.13	25.4	80.3	90.0	362	8.13e-34	130
WP_236066009.1	lcl|I7I0H5-2.A.1.53.8	26.9	78.5	79.8	357	7.75e-30	120
WP_236066009.1	lcl|Q6LYZ4-2.A.1.54.1	28.2	64.1	69.6	305	1.10e-29	119
WP_236066009.1	lcl|I7I1R6-2.A.1.53.14	21.4	87.8	92.0	401	1.04e-26	110
WP_236066009.1	lcl|D7CMN2-2.A.1.54.3	25.8	62.7	66.3	291	3.60e-26	109
WP_236066009.1	lcl|M0EYX8-2.A.1.55.1	27.0	62.1	68.0	282	1.34e-17	84.0
WP_236066009.1	lcl|P37489-2.A.1.14.39	24.2	67.2	75.4	330	7.21e-17	82.0
WP_236066009.1	lcl|F7Z3C9-2.A.1.14.48	23.6	76.5	74.3	351	2.37e-12	68.2
WP_236066009.1	lcl|P37662-2.A.1.11.3	26.3	56.5	61.2	270	2.59e-10	61.6
WP_236066009.1	lcl|P42432-2.A.1.8.2	24.3	67.0	70.8	305	1.07e-09	59.7
WP_236066009.1	lcl|O31444-2.A.1.11.6	25.9	63.9	70.2	305	1.97e-09	58.9
WP_236066009.1	lcl|Q9R6U5-2.A.1.8.3	32.0	21.5	18.0	97	4.28e-09	58.2
WP_236066009.1	lcl|P42237-2.A.1.14.1	24.6	64.1	68.6	333	3.60e-08	55.1
WP_236066009.1	lcl|Q8NLB7-2.A.1.15.10	24.0	65.2	62.6	308	6.29e-08	54.3
WP_236066009.1	lcl|Q51955-2.A.1.15.1	21.6	62.5	67.9	306	8.27e-08	53.9
WP_236066009.1	lcl|P77726-2.A.1.2.60	26.7	50.6	48.7	236	1.11e-07	53.5
WP_236066009.1	lcl|G4TIR7-2.A.1.1.127	27.4	35.3	30.9	164	1.61e-07	53.1
WP_236066016.1	lcl|Q5EGM5-2.A.130.1.2	31.4	51.9	38.6	185	1.02e-17	82.4
WP_236066016.1	lcl|Q7MXB7-2.A.130.1.1	27.6	54.0	38.7	196	3.43e-14	72.0
WP_236066016.1	lcl|Q8KRM8-2.A.130.1.2	27.5	43.0	25.5	149	1.98e-07	51.6
WP_236066017.1	lcl|P0AEB5-1.A.23.4.3	39.7	68.2	16.9	58	5.48e-08	47.8
WP_236066018.1	lcl|P0AEB5-1.A.23.4.3	34.5	58.3	24.5	84	3.70e-08	50.4
WP_236066018.1	lcl|Q8VZL4-1.A.23.4.11	33.1	76.4	20.9	118	1.62e-06	45.8
WP_236066018.1	lcl|A3KE12-1.A.23.6.1	32.1	38.9	10.7	56	1.39e-05	43.1
WP_236066018.1	lcl|Q56X46-1.A.23.4.4	33.8	45.8	10.1	68	2.66e-05	42.4
WP_236066018.1	lcl|WP_004567541.1-1.A.23.3.4	39.3	38.9	16.8	56	2.66e-04	39.3
WP_236066023.1	lcl|Q5SGW2-3.A.11.1.3	33.2	59.6	58.9	446	2.04e-18	89.4
WP_236066023.1	lcl|AKM80398.1-3.A.11.1.5	34.6	25.3	37.3	188	8.60e-13	70.9
WP_236066023.1	lcl|P39695-3.A.11.1.1	25.4	37.6	34.3	283	9.61e-10	61.6
WP_236066026.1	lcl|MAS05117.1-9.B.34.1.7	29.7	47.5	29.1	236	3.51e-23	102
WP_236066026.1	lcl|WP_018128393.1-9.B.238.3.1	28.6	45.2	39.1	224	1.02e-21	97.8
WP_236066026.1	lcl|OHA58142.1-9.B.259.2.2	26.5	47.7	32.9	245	3.16e-20	93.6
WP_236066026.1	lcl|GIM07801.1-3.E.1.5.3	27.6	51.3	11.3	254	1.97e-18	88.6
WP_236066026.1	lcl|AIE75112-9.B.238.3.6	25.5	45.2	35.5	231	8.61e-18	85.9
WP_236066026.1	lcl|Q93N33-2.A.21.9.2	28.3	52.5	22.2	265	2.14e-17	85.1
WP_236066026.1	lcl|Q9HV74-2.A.21.9.1	28.3	46.5	22.5	237	3.20e-15	78.2
WP_236066026.1	lcl|WP_064329934.1-9.B.238.3.2	25.5	54.2	50.9	271	4.49e-14	73.9
WP_236066026.1	lcl|WP_161837784-9.B.238.3.3	23.5	46.5	28.9	230	5.88e-13	70.9
WP_236066026.1	lcl|PJA07603.1-9.B.259.2.3	21.6	47.1	28.1	236	2.11e-10	62.8
WP_236066027.1	lcl|P04739-3.A.15.2.1	42.6	26.3	31.5	47	6.79e-05	40.8
WP_236066027.1	lcl|RWX50390-5.B.15.1.1	36.4	36.9	39.8	66	3.68e-04	38.9
WP_236066032.1	lcl|W0WFC6-2.A.25.1.9	54.8	91.8	96.4	434	1.87e-145	422
WP_236066032.1	lcl|Q6LX42-2.A.25.1.3	49.4	93.8	97.4	443	4.52e-126	373
WP_236066032.1	lcl|Q8EII1-2.A.25.1.4	46.6	93.1	96.2	440	1.72e-114	343
WP_236066032.1	lcl|Q45068-2.A.25.1.5	36.9	94.2	92.9	445	5.93e-72	234
WP_236066032.1	lcl|P30144-2.A.25.1.1	31.7	89.4	95.9	526	4.27e-69	229
WP_236066032.1	lcl|P30143-2.A.25.1.10	38.9	91.8	91.2	442	1.09e-66	221
WP_236066032.1	lcl|P30145-2.A.25.1.2	33.5	82.1	89.2	403	1.09e-47	169
WP_236066032.1	lcl|S5PD21-2.A.25.1.7	27.4	87.9	93.7	430	3.76e-27	112
WP_236066032.1	lcl|B0SM05-2.A.25.1.6	22.8	79.7	49.7	386	6.72e-20	92.4
WP_236066034.1	lcl|Q5EAK4-2.A.16.2.2	27.2	67.4	16.8	360	1.95e-23	104
WP_236066034.1	lcl|O00571-1.I.1.1.3	33.6	21.5	16.0	107	4.40e-09	58.5
WP_236066034.1	lcl|O00148-3.A.22.1.2	29.4	20.5	23.9	102	8.86e-07	50.8
WP_236066034.1	lcl|Q13838-3.A.18.1.1	28.4	20.5	23.8	102	3.60e-06	48.9
WP_236066039.1	lcl|Q07711-3.A.7.7.1	23.8	67.1	84.7	659	1.75e-24	109
WP_236066065.1	lcl|CRG88657-9.B.313.1.2	26.1	36.3	16.7	165	1.53e-08	56.6
WP_236066077.1	lcl|Q87KV8-2.A.36.6.3	23.3	88.7	64.2	395	1.65e-14	75.1
WP_236066077.1	lcl|Q0ZAH6-2.A.36.6.4	22.6	88.9	64.5	393	1.07e-10	63.2
WP_236066077.1	lcl|Q3YL57-2.A.36.7.3	26.3	54.0	31.7	255	1.76e-07	53.1
WP_236066077.1	lcl|Q45308-2.A.37.2.3	23.9	62.1	65.8	285	4.47e-05	45.1
WP_236066077.1	lcl|Q93HU4-2.A.36.7.1	27.6	54.0	41.7	239	5.28e-05	45.1
WP_236066080.1	lcl|Q9HZ04-3.A.1.12.12	39.6	90.1	89.1	260	6.45e-54	176
WP_236066080.1	lcl|Q8U4S3-3.A.1.12.9	35.1	92.3	84.6	265	2.79e-51	170
WP_236066080.1	lcl|Q9RQ05-3.A.1.12.5	35.0	92.6	44.3	266	3.32e-47	165
WP_236066080.1	lcl|P46922-3.A.1.12.2	40.8	53.2	51.9	152	4.61e-37	132
WP_236066080.1	lcl|Q9HTI6-3.A.1.12.12	25.3	90.8	84.6	269	1.24e-22	94.7
WP_236066089.1	lcl|A4FP84-2.A.7.3.11	30.9	74.7	82.7	278	1.17e-23	99.4
WP_236066089.1	lcl|C3JHC4-2.A.7.3.10	27.5	82.8	91.5	309	4.43e-12	65.9
WP_236066089.1	lcl|A7JQ96-2.A.7.3.13	24.5	80.3	96.9	290	5.11e-11	62.4
WP_236066089.1	lcl|O29973-2.A.7.3.28	25.4	53.9	65.6	197	1.12e-10	61.2
WP_236066089.1	lcl|A9CFB8-2.A.7.3.8	25.0	73.3	85.9	268	1.03e-09	58.5
WP_236066089.1	lcl|O30646-2.A.7.3.25	25.5	70.8	81.9	271	6.42e-07	50.1
WP_236066089.1	lcl|Q9UYQ7-2.A.7.3.47	24.7	78.3	93.2	283	7.80e-06	46.6
WP_236066089.1	lcl|P42394-2.A.7.3.27	28.0	29.4	34.3	107	6.32e-05	43.9
WP_236066094.1	lcl|A1BH58-1.B.48.1.2	33.1	90.7	88.8	248	3.66e-24	97.1
WP_236066094.1	lcl|F6DE69-1.B.48.1.4	33.3	46.7	43.7	126	1.21e-07	51.2
WP_236066094.1	lcl|I4B8W6-1.B.48.3.2	28.8	62.2	32.5	170	1.45e-05	45.4
WP_236066094.1	lcl|Q2JNZ2-1.B.48.1.3	29.3	53.0	41.1	150	2.33e-05	44.7
WP_236066104.1	lcl|O86994-1.B.23.1.1	31.0	93.0	22.9	129	1.62e-11	59.7
WP_236066104.1	lcl|G6FN26-1.B.23.1.9	29.2	92.2	21.4	120	9.09e-10	54.7
WP_236066104.1	lcl|Q59991-1.B.23.1.2	28.4	92.2	22.6	134	1.70e-09	53.9
WP_236066111.1	lcl|Q8DKX9-3.D.1.8.2	43.0	93.4	41.2	270	3.19e-67	220
WP_236066111.1	lcl|P56752-3.D.1.8.1	36.8	93.1	36.1	269	1.60e-53	185
WP_236066111.1	lcl|P29924-3.D.1.2.1	38.8	70.2	30.4	214	3.56e-35	133
WP_236066111.1	lcl|Q56227-3.D.1.3.1	34.6	92.4	40.9	269	6.73e-33	126
WP_236066111.1	lcl|Q9P9F5-3.D.9.1.1	36.4	70.2	32.4	220	6.49e-31	121
WP_236066111.1	lcl|WIM45892.1-3.D.13.1.1	36.4	70.2	32.4	220	6.49e-31	121
WP_236066111.1	lcl|P33607-3.D.1.1.1	32.2	89.3	41.8	261	2.59e-30	119
WP_236066111.1	lcl|Q9PMA7-3.D.1.7.1	32.5	68.2	32.0	197	5.41e-29	115
WP_236066111.1	lcl|Q7AJV8-2.A.63.1.2	33.5	72.3	25.5	212	8.29e-28	112
WP_236066111.1	lcl|Q9ZNG6-2.A.63.1.3	29.7	79.2	27.6	229	7.85e-26	106
WP_236066111.1	lcl|Q746T7-3.D.1.5.1	33.3	71.6	32.2	207	3.11e-25	104
WP_236066111.1	lcl|Q9K2S2-2.A.63.1.4	34.1	59.5	20.8	173	3.57e-25	104
WP_236066111.1	lcl|OLS18237-3.D.9.1.2	31.7	69.9	31.3	218	3.76e-24	101
WP_236066111.1	lcl|P05510-3.D.1.6.2	28.1	93.8	36.4	274	2.36e-23	99.4
WP_236066111.1	lcl|Q52978-2.A.63.1.1	27.9	81.7	23.2	240	1.33e-21	94.4
WP_236066111.1	lcl|P08739-3.D.1.6.4	33.9	66.4	33.0	192	4.21e-19	86.7
WP_236066111.1	lcl|P03920-3.D.1.6.1	31.4	58.5	26.2	169	4.50e-19	86.7
WP_236066111.1	lcl|P77416-3.D.1.9.1	24.3	89.6	51.6	267	1.34e-14	73.2
WP_236066111.1	lcl|OLS18238-3.D.9.1.2	26.6	78.2	43.4	229	1.40e-14	73.2
WP_236066111.1	lcl|O59652-3.D.1.4.2	27.5	67.8	30.8	207	1.33e-12	67.4
WP_236066111.1	lcl|Q9KD98-2.A.63.1.2	25.1	67.5	38.3	195	2.45e-06	48.1
WP_236066111.1	lcl|O05229-2.A.63.1.4	27.1	56.7	32.3	166	2.43e-05	45.1
WP_236066111.1	lcl|P72316-3.D.1.4.3	28.4	49.8	11.1	148	3.86e-04	41.6
WP_236066111.1	lcl|AAT55267.1-9.A.2.1.3	25.5	66.8	36.9	196	4.25e-04	41.2
WP_236066111.1	lcl|Q746T8-3.D.1.5.1	27.3	49.5	28.2	150	5.59e-04	40.8
WP_236066136.1	lcl|Q7U678-1.B.75.3.1	31.3	100	88.1	284	5.80e-48	161
WP_236066136.1	lcl|Q7VAD5-1.B.75.3.2	31.9	99.3	89.9	282	1.24e-46	157
WP_236066148.1	lcl|P73239-3.A.1.106.14	28.9	85.7	87.4	543	1.25e-51	187
WP_236066148.1	lcl|C1F8I9-3.A.1.106.17	28.3	85.4	88.7	540	3.03e-48	177
WP_236066148.1	lcl|WP_038539525.1-3.A.1.210.17	41.3	39.2	40.3	242	3.20e-47	174
WP_236066148.1	lcl|P60752-3.A.1.106.1	26.5	81.4	84.2	510	3.39e-46	171
WP_236066148.1	lcl|P63359-3.A.1.106.20	25.6	91.6	95.4	578	4.64e-46	171
WP_236066148.1	lcl|O32748-3.A.1.117.2	37.5	38.9	40.8	240	5.79e-45	168
WP_236066148.1	lcl|Q1LRE9-3.A.1.210.9	29.0	66.9	63.8	414	1.42e-44	167
WP_236066148.1	lcl|D5AL45-3.A.1.210.15	32.4	52.7	52.1	327	2.14e-44	167
WP_236066148.1	lcl|Q9HGT5-3.A.1.201.27	41.3	38.9	18.1	242	2.19e-44	170
WP_236066148.1	lcl|WP_324322846.1-3.A.1.106.21	39.3	43.1	45.1	267	9.61e-44	164
WP_236066148.1	lcl|Q9ZDW0-3.A.1.210.3	27.6	80.9	82.8	518	9.74e-44	165
WP_236066148.1	lcl|Q0P9C4-3.A.1.106.15	37.5	35.0	37.6	216	1.39e-43	164
WP_236066148.1	lcl|Q7NL25-3.A.1.106.11	41.0	38.7	39.8	239	2.84e-43	163
WP_236066148.1	lcl|Q9LVM1-3.A.1.210.8	27.5	75.2	61.3	473	3.00e-43	165
WP_236066148.1	lcl|KKK43437-3.A.1.135.12	31.1	48.5	47.6	299	3.44e-43	163
WP_236066148.1	lcl|Q0WML0-3.A.1.201.8	28.1	80.9	76.1	506	4.93e-43	163
WP_236066148.1	lcl|I0DHH7-3.A.1.201.16	36.5	48.9	23.0	310	5.42e-43	166
WP_236066148.1	lcl|P63393-3.A.1.21.2	34.1	49.4	51.5	305	5.91e-43	162
WP_236066148.1	lcl|O43140-3.A.1.201.11	38.0	38.7	17.2	242	1.02e-42	165
WP_236066148.1	lcl|Q2G2M9-3.A.1.106.2	37.2	38.7	41.0	239	1.09e-42	161
WP_236066148.1	lcl|Q9C7F2-3.A.1.201.33	38.3	38.9	19.1	240	1.27e-42	164
WP_236066148.1	lcl|Q9M1Q9-3.A.1.201.36	37.1	39.4	18.8	245	1.74e-42	164
WP_236066148.1	lcl|B0Y3B6-3.A.1.201.10	39.2	38.7	17.8	240	1.79e-42	164
WP_236066148.1	lcl|O06967-3.A.1.117.3	27.0	82.7	84.4	514	2.31e-42	160
WP_236066148.1	lcl|O80725-3.A.1.201.7	38.8	38.9	18.7	242	7.48e-42	162
WP_236066150.1	lcl|P76007-2.A.36.6.11	31.5	86.8	63.0	387	1.95e-28	117
WP_236066150.1	lcl|Q0ZAH6-2.A.36.6.4	28.9	91.6	67.1	409	2.58e-28	117
WP_236066150.1	lcl|Q87KV8-2.A.36.6.3	31.0	81.5	59.2	368	1.42e-25	108
WP_236066150.1	lcl|Q9KNM9-2.A.36.6.5	30.1	81.5	59.2	365	5.17e-23	101
WP_236066150.1	lcl|Q93HU4-2.A.36.7.1	30.3	62.6	53.9	294	6.07e-12	67.0
WP_236066150.1	lcl|Q9LCB5-2.A.36.6.2	25.2	67.7	57.8	310	4.21e-10	61.2
WP_236066150.1	lcl|O29412-2.A.36.6.1	26.4	62.4	54.5	284	2.75e-08	55.5
WP_236066150.1	lcl|P65526-2.A.36.3.3	44.0	20.5	16.1	91	5.11e-08	54.7
WP_236066150.1	lcl|B0LJC9-2.A.36.6.10	27.7	61.3	67.7	292	4.71e-05	45.1
WP_236066150.1	lcl|O26854-2.A.36.2.1	24.5	85.6	91.7	384	1.09e-04	43.9
WP_236066150.1	lcl|Q2XWL3-2.A.36.6.7	27.3	61.0	67.5	289	1.91e-04	43.1
WP_236066150.1	lcl|Q9UZ55-2.A.36.6.9	25.2	70.2	74.3	345	8.16e-04	41.2
WP_236066153.1	lcl|WP_073408278.1-2.A.6.8.3	28.9	58.4	10.2	128	7.27e-11	60.8
WP_236066153.1	lcl|Q89SS6-2.A.1.42.2	27.6	87.2	18.0	214	1.88e-05	44.7
WP_236066170.1	lcl|Q8YT39-3.A.1.114.1	24.4	92.8	55.5	442	1.24e-18	88.6
WP_236066170.1	lcl|V5V5Z3-1.B.17.2.10	23.8	93.4	85.5	442	1.66e-13	72.0
WP_236066174.1	lcl|P18770-3.A.1.109.2	32.9	59.2	75.6	553	7.30e-64	228
WP_236066174.1	lcl|P23702-3.A.1.109.8	30.9	59.2	76.2	551	3.98e-60	218
WP_236066174.1	lcl|P08716-3.A.1.109.1	31.0	59.3	76.4	554	7.39e-58	211
WP_236066174.1	lcl|F0R9C2-3.A.1.112.10	32.1	59.4	75.2	555	2.93e-55	204
WP_236066174.1	lcl|P73239-3.A.1.106.14	43.7	26.6	41.5	247	2.35e-49	184
WP_236066174.1	lcl|Q46GL9-3.A.1.106.19	39.3	28.4	45.3	272	2.54e-49	184
WP_236066174.1	lcl|A4XGX1-3.A.1.135.10	37.1	36.5	55.0	342	4.44e-49	184
WP_236066174.1	lcl|Q9NRK6-3.A.1.201.17	32.4	60.2	75.7	577	6.22e-49	185
WP_236066174.1	lcl|Q5TLL2-3.A.1.111.4	39.0	31.7	41.3	295	1.78e-48	183
WP_236066174.1	lcl|D5AL45-3.A.1.210.15	41.2	28.8	45.4	279	3.49e-48	181
WP_236066174.1	lcl|O06967-3.A.1.117.3	35.5	45.6	70.3	425	4.51e-48	180
WP_236066174.1	lcl|P97046-3.A.1.117.1	30.0	51.9	80.0	484	8.37e-48	179
WP_236066174.1	lcl|Q9NP78-3.A.1.209.2	32.2	52.1	62.1	500	2.76e-47	181
WP_236066174.1	lcl|Q8G7R7-3.A.1.106.3	40.1	28.6	44.4	267	1.49e-46	176
WP_236066174.1	lcl|P22520-3.A.1.112.12	28.9	55.9	72.8	516	1.50e-46	177
WP_236066174.1	lcl|Q1QH37-3.A.1.108.2	43.5	27.8	43.7	260	1.06e-45	173
WP_236066174.1	lcl|Q2G2M9-3.A.1.106.2	29.8	58.1	92.2	553	1.55e-45	172
WP_236066174.1	lcl|Q10418-3.A.1.112.8	30.4	59.2	74.5	560	2.00e-45	174
WP_236066174.1	lcl|Q9NUT2-3.A.1.201.22	31.9	52.3	65.4	499	3.02e-45	174
WP_236066174.1	lcl|CDS16583-3.A.1.201.41	41.6	26.0	20.0	243	3.06e-45	176
WP_236066174.1	lcl|Q9C7F2-3.A.1.201.33	43.1	25.8	19.2	239	7.42e-45	175
WP_236066174.1	lcl|B2WTH9-3.A.1.201.12	41.4	28.1	19.7	261	7.87e-45	175
WP_236066174.1	lcl|Q4Q4W3-3.A.1.210.12	42.7	28.1	37.9	267	9.76e-45	172
WP_236066174.1	lcl|Q9WYC4-3.A.1.135.5	29.2	54.5	82.9	507	1.24e-44	170
WP_236066174.1	lcl|Q7NL26-3.A.1.106.12	41.0	28.8	46.3	273	1.67e-44	169
WP_236066177.1	lcl|Q6MNW4-8.A.85.1.4	37.8	29.8	30.5	196	1.54e-29	123
WP_236066177.1	lcl|CCG95658.1-8.A.85.1.5	28.4	47.3	61.6	317	1.08e-23	104
WP_236066177.1	lcl|OUT43426-8.A.85.1.7	22.9	69.8	60.5	510	5.89e-18	87.8
WP_236066177.1	lcl|P20594-8.A.85.1.2	28.6	33.7	19.5	227	1.04e-10	64.7
WP_236066177.1	lcl|P16066-8.A.85.1.6	29.1	33.7	19.2	227	1.81e-10	63.9
WP_236066177.1	lcl|AIC07007-3.E.1.5.1	32.2	22.3	22.2	149	1.87e-10	63.5
WP_236066177.1	lcl|Q02846-8.A.85.1.3	30.6	30.2	17.7	209	8.43e-09	58.5
WP_236066177.1	lcl|P25092-8.A.85.1.1	33.2	27.5	15.8	184	1.70e-07	54.3
WP_236066177.1	lcl|GIM07801.1-3.E.1.5.3	29.7	20.9	6.1	138	2.21e-06	50.8
WP_236066177.1	lcl|Q8IHY1-3.A.3.8.31	35.4	12.5	1.7	82	2.66e-05	47.4
WP_236066177.1	lcl|CZT99751.1-8.A.85.1.8	24.4	27.5	30.8	213	4.18e-04	43.1
WP_236066177.1	lcl|P40145-8.A.85.1.9	27.5	28.4	14.0	189	4.78e-04	43.1
WP_236066179.1	lcl|Q9XCJ4-1.B.12.5.4	29.7	18.4	11.4	263	2.70e-08	58.2
WP_236066179.1	lcl|A8IBA8-1.B.12.5.2	35.1	12.9	3.0	148	9.51e-07	53.1
WP_236066179.1	lcl|WP_010044366.1-1.I.3.1.1	32.8	10.4	5.1	131	6.00e-04	43.9
WP_236076916.1	lcl|O00571-1.I.1.1.3	33.0	15.9	13.1	91	2.70e-05	46.6
WP_240951590.1	lcl|Q8DKZ3-3.D.1.8.2	52.5	89.7	80.3	61	9.21e-18	69.3
WP_240951590.1	lcl|Q9CAC5-3.D.1.8.1	44.9	72.1	25.7	49	9.47e-10	51.2
WP_328585573.1	lcl|XP_016555472.1-9.B.2.1.19	31.2	29.8	46.8	138	2.49e-12	67.0
WP_328585573.1	lcl|A8JDF8-9.B.2.1.17	35.6	18.8	39.0	87	1.15e-08	55.1
WP_328585573.1	lcl|EEG30438-9.B.2.1.23	29.5	20.5	26.8	95	1.20e-07	53.1
WP_328585573.1	lcl|F9DWD5-9.B.2.1.8	27.1	22.9	46.5	107	8.32e-06	46.6
WP_328585573.1	lcl|Q7UQ82-3.A.1.115.2	28.1	40.0	26.0	196	2.16e-05	46.6
WP_328585573.1	lcl|OLS28501-9.B.2.1.26	30.7	20.7	69.9	114	4.84e-04	40.4
WP_328585573.1	lcl|Q93GK6-9.B.2.1.9	33.7	17.5	37.4	86	6.67e-04	40.8
WP_328585573.1	lcl|L9W103-9.B.2.9.1	35.8	16.6	24.6	81	7.36e-04	41.2
WP_328585575.1	lcl|P24559-3.A.15.2.1	42.9	89.5	96.8	333	1.70e-84	259
WP_328585575.1	lcl|AKM80721.1-3.A.11.1.5	38.4	93.5	96.9	349	1.21e-72	229
WP_328585575.1	lcl|Q51532-3.A.15.2.1	35.1	93.3	91.1	348	1.28e-65	212
WP_328585575.1	lcl|P15645-3.A.15.1.1	43.4	51.2	37.4	196	3.22e-34	131
WP_328585575.1	lcl|Q5ZS43-3.A.7.9.1	32.1	65.5	64.1	252	4.67e-33	126
WP_328585575.1	lcl|Q7DJM3-3.A.7.10.1	32.0	63.9	65.2	253	8.24e-33	125
WP_328585575.1	lcl|Q9AGM7-3.A.15.3.1	42.3	51.2	37.7	196	2.44e-31	123
WP_328585575.1	lcl|AKM80720.1-3.A.11.1.5	32.8	77.4	49.1	302	6.60e-31	123
WP_328585575.1	lcl|Q8F3M7-3.A.15.4.1	38.8	51.2	33.4	196	2.61e-30	121
WP_328585575.1	lcl|BAD80212.1-3.A.15.4.2	41.3	50.9	27.8	196	3.79e-28	115
WP_328585575.1	lcl|AKM80377.1-3.A.11.1.5	36.4	60.6	37.8	236	1.05e-27	114
WP_328585575.1	lcl|P22608-3.A.15.2.1	32.7	75.2	49.6	294	1.27e-27	113
WP_328585575.1	lcl|P25953-3.A.14.1.1	34.9	65.2	69.1	255	7.92e-27	108
WP_328585575.1	lcl|Q8VRL1-3.A.11.1.3	38.3	51.2	33.0	196	2.20e-25	107
WP_328585575.1	lcl|G2JS07-3.A.14.1.2	35.9	39.1	40.0	145	2.76e-19	87.4
WP_328585575.1	lcl|ADE03872.1-9.B.461.1.1	37.5	31.5	21.1	120	9.55e-12	65.9
WP_328585575.1	lcl|Q7UHP7-9.A.47.2.1	26.7	62.5	51.4	247	8.20e-10	59.7
WP_328585575.1	lcl|Q9L714-3.A.7.18.1	26.9	53.6	42.5	219	1.48e-08	55.8
WP_328585575.1	lcl|Q1D7R3-3.A.7.18.2	26.8	47.7	31.3	190	1.17e-07	53.1
WP_328585575.1	lcl|Q7CMH0-3.A.7.13.1	29.8	33.2	27.3	131	2.44e-07	52.0
WP_328585575.1	lcl|Q9XC06-3.A.7.15.1	28.8	42.9	38.3	170	3.01e-07	51.6
WP_328585575.1	lcl|Q56469-3.A.7.4.1	33.3	31.0	35.3	117	7.22e-07	50.1
WP_328585575.1	lcl|P0A3F8-3.A.7.1.1	28.9	31.8	34.7	121	4.23e-05	44.7
WP_328585575.1	lcl|Q91UW6-3.A.7.3.1	33.1	31.3	33.8	124	4.20e-04	41.6
WP_328585575.1	lcl|B3DUC3-9.A.47.2.2	29.0	31.8	34.1	124	5.57e-04	41.2
WP_328585577.1	lcl|O34897-1.A.23.3.1	41.3	60.5	17.2	46	1.63e-06	43.1
WP_328585578.1	lcl|O34897-1.A.23.3.1	35.5	21.2	41.2	110	9.11e-13	68.2
WP_328585578.1	lcl|D7FD61-1.A.23.2.2	28.1	28.3	51.5	146	4.89e-10	60.1
WP_328585578.1	lcl|Q58543-1.A.23.4.1	24.7	27.9	40.4	146	2.66e-08	55.5
WP_328585578.1	lcl|WP_133133036.1-1.A.23.1.5	29.3	17.7	9.7	92	7.42e-04	42.0
WP_328585581.1	lcl|P73948-2.A.38.4.5	25.7	44.6	87.9	358	6.23e-07	52.0
WP_328585581.1	lcl|Q9HZE9-2.A.66.6.1	31.0	24.1	36.1	197	1.47e-04	44.7
WP_413398197.1	lcl|Q7V865-9.B.104.3.1	83.8	96.5	90.3	167	1.71e-102	291
WP_413398197.1	lcl|A4QGR2-9.B.104.3.3	35.7	72.8	51.0	129	1.25e-17	77.0
WP_413398197.1	lcl|Q64XM9-9.B.104.3.2	33.8	76.9	60.0	136	4.69e-15	69.7
WP_413398197.1	lcl|m4vtx6-9.B.104.3.4	26.7	73.4	55.4	135	6.11e-05	41.6
WP_413681477.1	lcl|P14176-3.A.1.12.1	51.3	92.6	74.3	265	4.45e-80	245
WP_413681477.1	lcl|P46921-3.A.1.12.2	46.9	94.0	94.7	271	4.69e-76	233
WP_413681477.1	lcl|Q8U4S4-3.A.1.12.9	51.5	90.5	91.3	260	1.08e-70	219
WP_413681477.1	lcl|Q9RQ05-3.A.1.12.5	47.5	95.8	47.8	278	3.47e-70	226
WP_413681477.1	lcl|Q92N36-3.A.1.12.7	46.7	90.1	91.5	257	1.96e-69	216
WP_413681477.1	lcl|Q7CXG1-3.A.1.12.13	48.2	88.7	73.8	253	1.22e-68	216
WP_413681477.1	lcl|Q9KKE2-3.A.1.12.6	49.6	90.8	90.9	262	2.51e-68	213
WP_413681477.1	lcl|Q9HTI7-3.A.1.12.12	42.7	91.9	93.9	262	3.43e-64	202
WP_413681477.1	lcl|WP_411233366.1-3.A.1.12.18	32.8	69.7	39.2	198	1.58e-29	116
WP_413681477.1	lcl|Q93A34-3.A.1.12.8	36.0	61.6	34.7	175	5.57e-29	114
WP_413681477.1	lcl|WP_369880148.1-3.A.1.12.17	33.9	63.4	35.6	180	4.96e-25	103
WP_413681477.1	lcl|Q8ZPK3-3.A.1.12.14	36.0	59.9	81.4	178	7.81e-24	95.9
WP_413681477.1	lcl|Q45461-3.A.1.12.3	32.4	59.5	79.7	173	4.29e-23	94.0
WP_413681477.1	lcl|O34742-3.A.1.12.4	32.5	58.1	72.5	166	7.70e-23	93.6
WP_413681477.1	lcl|O34878-3.A.1.12.4	31.1	58.8	77.0	167	3.12e-22	91.7
WP_413681477.1	lcl|Q8Q042-3.A.1.12.11	32.9	54.6	70.5	155	3.33e-22	91.7
WP_413681477.1	lcl|Q8Q043-3.A.1.12.11	29.9	58.8	81.1	167	9.26e-22	90.1
WP_413681477.1	lcl|P33361-3.A.1.12.15	33.8	63.7	51.2	201	1.04e-21	93.2
WP_413681477.1	lcl|Q87WH4-3.A.1.12.10	33.1	59.9	80.6	175	2.26e-21	89.4
WP_413681477.1	lcl|P39775-3.A.1.12.3	31.0	58.8	74.3	168	7.27e-21	88.2
WP_413681477.1	lcl|Q8ZPK1-3.A.1.12.14	31.1	61.6	75.0	177	8.44e-19	82.8
WP_413681477.1	lcl|P33359-3.A.1.12.15	32.2	60.9	72.0	177	3.47e-18	81.3
WP_413681477.1	lcl|Q9HT69-3.A.1.24.5	27.0	68.3	92.4	211	1.15e-15	73.9
WP_413681477.1	lcl|Q47539-3.A.1.17.1	28.6	63.7	66.2	182	7.14e-14	69.7
WP_413681477.1	lcl|Q7BW13-3.A.1.16.2	26.0	63.7	68.4	181	1.54e-09	57.0
