SeqID	Localization	Score
WP_006041398.1 MULTISPECIES: cytochrome b6-f complex subunit PetN [Synechococcales]	CytoplasmicMembrane	9.86
WP_006041809.1 MULTISPECIES: translation initiation factor IF-1 [Synechococcales]	Cytoplasmic	9.97
WP_006042532.1 MULTISPECIES: hypothetical protein [Synechococcales]	Unknown	2.00
WP_006043540.1 MULTISPECIES: hyperconserved protein Hcp [Cyanophyceae]	Unknown	2.00
WP_011129402.1 MULTISPECIES: sulfurtransferase TusA family protein [Prochlorococcus]	Unknown	2.00
WP_011129410.1 MULTISPECIES: elongation factor P [Prochlorococcus]	Cytoplasmic	10.00
WP_011129434.1 MULTISPECIES: 50S ribosomal protein L20 [Prochlorococcus]	Cytoplasmic	9.26
WP_011129435.1 MULTISPECIES: 50S ribosomal protein L35 [Prochlorococcus]	Cytoplasmic	9.26
WP_011129459.1 MULTISPECIES: photosystem II reaction center protein PsbZ [Prochlorococcus]	CytoplasmicMembrane	9.82
WP_011129520.1 MULTISPECIES: single-stranded DNA-binding protein [Prochlorococcus]	Cytoplasmic	9.26
WP_011129521.1 MULTISPECIES: rod shape-determining protein [Prochlorococcus]	Cytoplasmic	9.97
WP_011129573.1 MULTISPECIES: DUF1651 domain-containing protein [Prochlorococcus]	Unknown	2.00
WP_011129603.1 MULTISPECIES: cysteine synthase A [Prochlorococcus]	Cytoplasmic	9.97
WP_011129606.1 MULTISPECIES: 30S ribosomal protein S4 [Prochlorococcus]	Cytoplasmic	9.97
WP_011129633.1 MULTISPECIES: NifU family protein [Prochlorococcus]	Unknown	2.00
WP_011129688.1 MULTISPECIES: hypothetical protein [Prochlorococcus]	Unknown	2.00
WP_011129694.1 MULTISPECIES: ATP-dependent Clp protease proteolytic subunit [Prochlorococcus]	Cytoplasmic	9.97
WP_011129731.1 MULTISPECIES: Bax inhibitor-1 family protein [Prochlorococcus]	CytoplasmicMembrane	10.00
WP_011129736.1 MULTISPECIES: TIGR03792 family protein [Prochlorococcus]	Cytoplasmic	8.96
WP_011129739.1 MULTISPECIES: hypothetical protein [Prochlorococcus]	Unknown	2.00
WP_011129759.1 MULTISPECIES: transcriptional repressor LexA [Prochlorococcus]	Cytoplasmic	9.26
WP_011129768.1 MULTISPECIES: acetate--CoA ligase [Prochlorococcus]	Cytoplasmic	9.97
WP_011129784.1 MULTISPECIES: 1,4-dihydroxy-2-naphthoyl-CoA synthase [Prochlorococcus]	Cytoplasmic	9.97
WP_011129805.1 MULTISPECIES: homoserine kinase [Prochlorococcus]	Unknown	2.00
WP_011129818.1 MULTISPECIES: Ycf51 family protein [Prochlorococcus]	Unknown	2.00
WP_011129820.1 MULTISPECIES: hypothetical protein [Prochlorococcus]	Unknown	2.50
WP_011129836.1 MULTISPECIES: YkvA family protein [Prochlorococcus]	Unknown	2.00
WP_011129842.1 MULTISPECIES: YciI family protein [Prochlorococcus]	Unknown	2.00
WP_011129843.1 MULTISPECIES: AbrB family transcriptional regulator [Prochlorococcus]	Unknown	2.00
WP_011129874.1 MULTISPECIES: ferritin [Prochlorococcus]	Cytoplasmic	9.97
WP_011129888.1 MULTISPECIES: c-type cytochrome [Prochlorococcus]	Periplasmic	9.84
WP_011129906.1 MULTISPECIES: DUF3727 domain-containing protein [Prochlorococcus]	Cytoplasmic	8.96
WP_011129909.1 MULTISPECIES: UDP-3-O-(3-hydroxymyristoyl)glucosamine N-acyltransferase [Prochlorococcus]	Unknown	2.00
WP_011129911.1 MULTISPECIES: phosphoribulokinase [Prochlorococcus]	Cytoplasmic	8.96
WP_011129912.1 MULTISPECIES: prepilin peptidase [Prochlorococcus]	CytoplasmicMembrane	10.00
WP_011129913.1 MULTISPECIES: acetyl-CoA carboxylase, carboxyltransferase subunit beta [Prochlorococcus]	Cytoplasmic	9.97
WP_011129914.1 MULTISPECIES: hypothetical protein [Prochlorococcus]	Unknown	2.00
WP_011129917.1 MULTISPECIES: S66 peptidase family protein [Prochlorococcus]	CytoplasmicMembrane	9.76
WP_011129918.1 MULTISPECIES: phosphoribosylformylglycinamidine synthase subunit PurQ [Prochlorococcus]	Cytoplasmic	9.97
WP_011129920.1 MULTISPECIES: 2-oxoacid:acceptor oxidoreductase family protein [Prochlorococcus]	Cytoplasmic	8.96
WP_011129924.1 MULTISPECIES: hypothetical protein [Prochlorococcus]	CytoplasmicMembrane	10.00
WP_011129926.1 MULTISPECIES: hypothetical protein [Prochlorococcus]	CytoplasmicMembrane	9.82
WP_011129938.1 MULTISPECIES: hypothetical protein [Prochlorococcus]	Unknown	2.50
WP_011129940.1 MULTISPECIES: hypothetical protein [Prochlorococcus]	Cytoplasmic	8.96
WP_011129945.1 MULTISPECIES: glucose-1-phosphate adenylyltransferase [Prochlorococcus]	Unknown	2.00
WP_011129947.1 MULTISPECIES: class II fructose-bisphosphatase [Prochlorococcus]	Cytoplasmic	9.97
WP_011129948.1 MULTISPECIES: ribulose-phosphate 3-epimerase [Prochlorococcus]	Cytoplasmic	9.97
WP_011129954.1 MULTISPECIES: translational GTPase TypA [Prochlorococcus]	CytoplasmicMembrane	7.88
WP_011129956.1 MULTISPECIES: geranylgeranyl reductase [Prochlorococcus]	Cytoplasmic	8.96
WP_011129962.1 MULTISPECIES: translation elongation factor Ts [Prochlorococcus]	Cytoplasmic	10.00
WP_011129963.1 MULTISPECIES: 30S ribosomal protein S2 [Prochlorococcus]	Cytoplasmic	9.97
WP_011129965.1 MULTISPECIES: hypothetical protein [Synechococcales]	Unknown	2.00
WP_011129973.1 MULTISPECIES: biotin transporter BioY [Prochlorococcus]	CytoplasmicMembrane	10.00
WP_011129983.1 MULTISPECIES: photosystem II reaction center protein Psb28 [Prochlorococcus]	CytoplasmicMembrane	9.82
WP_011129988.1 MULTISPECIES: DUF6439 family protein [Prochlorococcus]	Unknown	2.00
WP_011129989.1 MULTISPECIES: hypothetical protein [Prochlorococcus]	CytoplasmicMembrane	9.82
WP_011129990.1 MULTISPECIES: hypothetical protein [Prochlorococcus]	Unknown	2.00
WP_011129991.1 MULTISPECIES: class I SAM-dependent methyltransferase [Prochlorococcus]	Cytoplasmic	8.96
WP_011129997.1 MULTISPECIES: pyruvate dehydrogenase complex E1 component subunit beta [Prochlorococcus]	Cytoplasmic	9.97
WP_011130024.1 MULTISPECIES: 30S ribosomal protein S15 [Prochlorococcus]	Cytoplasmic	9.26
WP_011130043.1 MULTISPECIES: glycoside hydrolase family 104 protein [Prochlorococcus]	Unknown	2.50
WP_011130051.1 MULTISPECIES: ATP-dependent Clp protease adapter ClpS [Prochlorococcus]	Unknown	2.00
WP_011130058.1 MULTISPECIES: nucleoside triphosphate pyrophosphohydrolase family protein [Prochlorococcus]	Unknown	2.00
WP_011130065.1 MULTISPECIES: photosystem I reaction center subunit PsaK [Prochlorococcus]	Unknown	2.50
WP_011130073.1 MULTISPECIES: 50S ribosomal protein L28 [Prochlorococcus]	Cytoplasmic	9.26
WP_011130080.1 MULTISPECIES: phosphate ABC transporter permease subunit PstC [Prochlorococcus]	CytoplasmicMembrane	10.00
WP_011130100.1 MULTISPECIES: pantetheine-phosphate adenylyltransferase [Prochlorococcus]	Cytoplasmic	9.26
WP_011130108.1 MULTISPECIES: hypothetical protein [Prochlorococcus]	Unknown	2.00
WP_011130118.1 MULTISPECIES: 30S ribosomal protein S18 [Prochlorococcus]	Cytoplasmic	9.26
WP_011130137.1 MULTISPECIES: DUF565 domain-containing protein [Prochlorococcus]	CytoplasmicMembrane	9.82
WP_011130165.1 MULTISPECIES: DUF3531 family protein [Prochlorococcus]	Cytoplasmic	8.96
WP_011130187.1 MULTISPECIES: DUF3038 domain-containing protein [Prochlorococcus]	Unknown	2.00
WP_011130189.1 MULTISPECIES: DUF2949 domain-containing protein [Prochlorococcus]	Unknown	2.00
WP_011130191.1 MULTISPECIES: hypothetical protein [Prochlorococcus]	CytoplasmicMembrane	9.82
WP_011130277.1 MULTISPECIES: SulP family inorganic anion transporter [Prochlorococcus]	CytoplasmicMembrane	10.00
WP_011130280.1 MULTISPECIES: DUF2811 domain-containing protein [Prochlorococcus]	Unknown	2.00
WP_011130339.1 MULTISPECIES: metallophosphoesterase family protein [Prochlorococcus]	Cytoplasmic	8.96
WP_011130342.1 MULTISPECIES: hypothetical protein [Prochlorococcus]	CytoplasmicMembrane	9.82
WP_011130345.1 MULTISPECIES: hypothetical protein [Prochlorococcus]	Unknown	2.00
WP_011130361.1 MULTISPECIES: hypothetical protein [Prochlorococcus]	Unknown	2.00
WP_011130364.1 MULTISPECIES: high light inducible protein [unclassified Prochlorococcus]	Unknown	2.00
WP_011130391.1 MULTISPECIES: DUF4079 domain-containing protein [Prochlorococcus]	CytoplasmicMembrane	10.00
WP_011130394.1 MULTISPECIES: 30S ribosomal protein S21 [Prochlorococcus]	Unknown	2.00
WP_011130397.1 MULTISPECIES: MAPEG family protein [Prochlorococcus]	CytoplasmicMembrane	10.00
WP_011130417.1 MULTISPECIES: hypothetical protein [Prochlorococcus]	CytoplasmicMembrane	9.82
WP_011130418.1 MULTISPECIES: chlorophyll a/b binding light-harvesting protein [Prochlorococcus]	CytoplasmicMembrane	10.00
WP_011130420.1 MULTISPECIES: photosystem II protein Y [Prochlorococcus]	CytoplasmicMembrane	9.82
WP_011130429.1 MULTISPECIES: isoprenyl transferase [Prochlorococcus]	Cytoplasmic	9.97
WP_011130431.1 MULTISPECIES: diaminopimelate decarboxylase [Prochlorococcus]	Cytoplasmic	9.97
WP_011130466.1 MULTISPECIES: BolA family protein [Prochlorococcus]	Unknown	2.00
WP_011130467.1 MULTISPECIES: Grx4 family monothiol glutaredoxin [Prochlorococcus]	Unknown	2.00
WP_011130468.1 MULTISPECIES: DUF6761 family protein [Prochlorococcus]	Unknown	2.00
WP_011130478.1 MULTISPECIES: GAP family protein [Prochlorococcus]	CytoplasmicMembrane	10.00
WP_011130493.1 MULTISPECIES: 2-isopropylmalate synthase [Prochlorococcus]	Cytoplasmic	9.97
WP_011130499.1 MULTISPECIES: thioredoxin [Prochlorococcus]	Cytoplasmic	9.26
WP_011130502.1 MULTISPECIES: cytochrome b6-f complex subunit V [Prochlorococcus]	CytoplasmicMembrane	9.82
WP_011130508.1 MULTISPECIES: crossover junction endodeoxyribonuclease RuvC [Prochlorococcus]	Cytoplasmic	9.97
WP_011130525.1 MULTISPECIES: high light inducible protein [Prochlorococcus]	Unknown	2.00
WP_011130544.1 MULTISPECIES: cytochrome b6-f complex subunit PetM [Synechococcales]	CytoplasmicMembrane	9.82
WP_011130567.1 MULTISPECIES: DUF3136 domain-containing protein [Prochlorococcus]	Unknown	2.00
WP_011130579.1 MULTISPECIES: hypothetical protein [Prochlorococcus]	Cytoplasmic	8.96
WP_011130580.1 MULTISPECIES: hypothetical protein [Prochlorococcus]	Unknown	2.00
WP_011130590.1 MULTISPECIES: photosystem I reaction center subunit XII [Prochlorococcus]	Unknown	2.00
WP_011130609.1 MULTISPECIES: ferrochelatase [Prochlorococcus]	Cytoplasmic	9.97
WP_011130612.1 MULTISPECIES: cob(I)yrinic acid a,c-diamide adenosyltransferase [Prochlorococcus]	Cytoplasmic	9.97
WP_011130616.1 MULTISPECIES: SDR family oxidoreductase [Prochlorococcus]	Extracellular	9.45
WP_011130626.1 MULTISPECIES: inorganic diphosphatase [Prochlorococcus]	Cytoplasmic	9.97
WP_011130634.1 MULTISPECIES: single-stranded DNA-binding protein [Prochlorococcus]	Unknown	2.00
WP_011130673.1 MULTISPECIES: SDR family oxidoreductase [Prochlorococcus]	Unknown	2.00
WP_011130682.1 MULTISPECIES: high light inducible protein [Prochlorococcus]	CytoplasmicMembrane	9.82
WP_011130684.1 MULTISPECIES: photosystem I PsaF protein (subunit III) [Prochlorococcus]	CytoplasmicMembrane	10.00
WP_011130685.1 MULTISPECIES: photosystem I reaction center subunit IX [Prochlorococcus]	CytoplasmicMembrane	9.82
WP_011130738.1 MULTISPECIES: PH domain-containing protein [Prochlorococcus]	Unknown	2.00
WP_011130739.1 MULTISPECIES: membrane protein insertase YidC [Prochlorococcus]	CytoplasmicMembrane	10.00
WP_011130763.1 MULTISPECIES: HU family DNA-binding protein [Prochlorococcus]	Cytoplasmic	9.26
WP_011130797.1 MULTISPECIES: ferredoxin [Prochlorococcus]	Unknown	2.00
WP_011130810.1 MULTISPECIES: DNA-directed RNA polymerase subunit omega [Prochlorococcus]	Unknown	2.00
WP_011130817.1 MULTISPECIES: chaperonin GroEL [Prochlorococcus]	Cytoplasmic	9.97
WP_011130818.1 MULTISPECIES: co-chaperone GroES [Prochlorococcus]	Cytoplasmic	9.26
WP_011130819.1 MULTISPECIES: F0F1 ATP synthase subunit beta [Prochlorococcus]	CytoplasmicMembrane	7.88
WP_011130826.1 MULTISPECIES: CNNM domain-containing protein [Prochlorococcus]	CytoplasmicMembrane	10.00
WP_011130835.1 MULTISPECIES: F0F1 ATP synthase subunit alpha [Prochlorococcus]	Cytoplasmic	9.97
WP_011130836.1 MULTISPECIES: ATP synthase F1 subunit delta [Prochlorococcus]	Cytoplasmic	9.26
WP_011130839.1 MULTISPECIES: ATP synthase F0 subunit C [Prochlorococcus]	CytoplasmicMembrane	9.86
WP_011130840.1 MULTISPECIES: F0F1 ATP synthase subunit A [Prochlorococcus]	CytoplasmicMembrane	10.00
WP_011130841.1 MULTISPECIES: H+-transporting ATP synthase [Prochlorococcus]	CytoplasmicMembrane	9.82
WP_011130849.1 MULTISPECIES: P-II family nitrogen regulator [Prochlorococcus]	CytoplasmicMembrane	7.88
WP_011130866.1 MULTISPECIES: ferredoxin [Prochlorococcus]	Unknown	2.00
WP_011130867.1 MULTISPECIES: DUF1257 domain-containing protein [Prochlorococcus]	Unknown	2.00
WP_011130872.1 MULTISPECIES: high light inducible protein [Prochlorococcus]	Unknown	2.00
WP_011130919.1 MULTISPECIES: hypothetical protein [Prochlorococcus]	Unknown	2.00
WP_011130957.1 MULTISPECIES: photosystem II reaction center X protein [Prochlorococcus]	CytoplasmicMembrane	9.82
WP_011130968.1 MULTISPECIES: peptide deformylase [Prochlorococcus]	Cytoplasmic	9.97
WP_011130998.1 MULTISPECIES: ribbon-helix-helix domain-containing protein [Prochlorococcus]	Unknown	2.00
WP_011131014.1 MULTISPECIES: glycoside hydrolase 100 family protein [Prochlorococcus]	Cytoplasmic	8.96
WP_011131015.1 MULTISPECIES: cytochrome b6-f complex subunit IV [Prochlorococcus]	CytoplasmicMembrane	10.00
WP_011131016.1 MULTISPECIES: cytochrome b6 [Prochlorococcus]	CytoplasmicMembrane	10.00
WP_011131024.1 MULTISPECIES: hypothetical protein [Prochlorococcus]	Cytoplasmic	8.96
WP_011131030.1 MULTISPECIES: photosystem II reaction center protein PsbM [Prochlorococcus]	CytoplasmicMembrane	9.82
WP_011131033.1 MULTISPECIES: photosystem II reaction center protein T [Prochlorococcus]	CytoplasmicMembrane	9.86
WP_011131041.1 MULTISPECIES: hypothetical protein [Prochlorococcus]	Unknown	2.00
WP_011131067.1 MULTISPECIES: hypothetical protein [Prochlorococcus]	Unknown	2.00
WP_011131069.1 MULTISPECIES: hypothetical protein [Prochlorococcus]	Unknown	2.00
WP_011131103.1 MULTISPECIES: 30S ribosomal protein S19 [Prochlorococcus]	Cytoplasmic	9.26
WP_011131113.1 MULTISPECIES: 50S ribosomal protein L6 [Prochlorococcus]	Cytoplasmic	9.26
WP_011131114.1 MULTISPECIES: 50S ribosomal protein L18 [Prochlorococcus]	Cytoplasmic	9.26
WP_011131117.1 MULTISPECIES: preprotein translocase subunit SecY [Prochlorococcus]	CytoplasmicMembrane	10.00
WP_011131119.1 MULTISPECIES: 50S ribosomal protein L36 [Prochlorococcus]	Cytoplasmic	9.26
WP_011131121.1 MULTISPECIES: 30S ribosomal protein S11 [Prochlorococcus]	Cytoplasmic	9.26
WP_011131123.1 MULTISPECIES: 50S ribosomal protein L17 [Prochlorococcus]	Cytoplasmic	9.26
WP_011131129.1 MULTISPECIES: HNH endonuclease [Prochlorococcus]	Unknown	2.00
WP_011131131.1 MULTISPECIES: serine hydrolase [Prochlorococcus]	Unknown	2.00
WP_011131133.1 MULTISPECIES: glycosyltransferase family 2 protein [Prochlorococcus]	CytoplasmicMembrane	10.00
WP_011131134.1 MULTISPECIES: photosystem I reaction center subunit VIII [Prochlorococcus]	CytoplasmicMembrane	9.82
WP_011131135.1 MULTISPECIES: photosystem I reaction center protein subunit XI [Prochlorococcus]	CytoplasmicMembrane	10.00
WP_011131146.1 MULTISPECIES: 30S ribosomal protein S12 [Prochlorococcus]	Cytoplasmic	9.26
WP_011131147.1 MULTISPECIES: 30S ribosomal protein S7 [Prochlorococcus]	Cytoplasmic	9.26
WP_011131149.1 MULTISPECIES: elongation factor Tu [Prochlorococcus]	Cytoplasmic	9.97
WP_011131150.1 MULTISPECIES: 30S ribosomal protein S10 [Prochlorococcus]	Cytoplasmic	9.26
WP_011131171.1 MULTISPECIES: hypothetical protein [Prochlorococcus]	Unknown	2.00
WP_011131192.1 MULTISPECIES: hypothetical protein [Prochlorococcus]	CytoplasmicMembrane	10.00
WP_011131195.1 MULTISPECIES: dCTP deaminase [Prochlorococcus]	Cytoplasmic	9.26
WP_011131204.1 MULTISPECIES: photosystem II reaction center phosphoprotein PsbH [Prochlorococcus]	CytoplasmicMembrane	9.82
WP_011131215.1 MULTISPECIES: 2TM domain-containing protein [Prochlorococcus]	CytoplasmicMembrane	9.82
WP_011131216.1 MULTISPECIES: DUF3181 family protein [Prochlorococcus]	Unknown	2.00
WP_011131217.1 MULTISPECIES: hypothetical protein [Prochlorococcus]	Cytoplasmic	8.96
WP_011131225.1 MULTISPECIES: alpha/beta hydrolase [Prochlorococcus]	Unknown	2.00
WP_011131226.1 MULTISPECIES: DUF3155 domain-containing protein [Prochlorococcus]	Cytoplasmic	8.96
WP_011131230.1 MULTISPECIES: photosystem II reaction center protein K [Prochlorococcus]	CytoplasmicMembrane	9.82
WP_011131247.1 MULTISPECIES: enoyl-ACP reductase FabI [Prochlorococcus]	CytoplasmicMembrane	9.82
WP_011131259.1 MULTISPECIES: NAD(P)H-quinone oxidoreductase subunit 3 [Prochlorococcus]	CytoplasmicMembrane	10.00
WP_011131262.1 MULTISPECIES: cytochrome b559 subunit alpha [Prochlorococcus]	Unknown	2.00
WP_011131263.1 MULTISPECIES: cytochrome b559 subunit beta [Prochlorococcus]	CytoplasmicMembrane	9.82
WP_011131264.1 MULTISPECIES: photosystem II reaction center protein L [Prochlorococcus]	CytoplasmicMembrane	10.00
WP_011131265.1 MULTISPECIES: photosystem II reaction center protein J [Prochlorococcus]	CytoplasmicMembrane	9.82
WP_011131309.1 MULTISPECIES: cation:proton antiporter [Prochlorococcus]	CytoplasmicMembrane	10.00
WP_011131312.1 MULTISPECIES: hypothetical protein [Prochlorococcus]	Cytoplasmic	8.96
WP_011131320.1 MULTISPECIES: acyl carrier protein [Prochlorococcus]	Cytoplasmic	9.97
WP_011131337.1 MULTISPECIES: hypothetical protein [Prochlorococcus]	CytoplasmicMembrane	9.82
WP_011131340.1 MULTISPECIES: NAD(P)H-quinone oxidoreductase subunit O [Prochlorococcus]	Unknown	2.00
WP_011131355.1 MULTISPECIES: dTMP kinase [Prochlorococcus]	Cytoplasmic	9.97
WP_011131357.1 MULTISPECIES: photosystem I assembly protein Ycf3 [Prochlorococcus]	Unknown	2.00
WP_011131367.1 MULTISPECIES: RNA recognition motif domain-containing protein [Prochlorococcus]	Cytoplasmic	8.96
WP_011131368.1 MULTISPECIES: phytoene synthase [Prochlorococcus]	Unknown	2.00
WP_011131370.1 MULTISPECIES: NAD(P)H-quinone oxidoreductase subunit M [Prochlorococcus]	Cytoplasmic	8.96
WP_011131383.1 MULTISPECIES: NADH-quinone oxidoreductase subunit J [Prochlorococcus]	CytoplasmicMembrane	10.00
WP_011131408.1 MULTISPECIES: response regulator transcription factor [Prochlorococcus]	Cytoplasmic	9.97
WP_011131411.1 MULTISPECIES: hypothetical protein [Prochlorococcus]	CytoplasmicMembrane	10.00
WP_011131429.1 MULTISPECIES: DUF3285 domain-containing protein [Prochlorococcus]	CytoplasmicMembrane	9.82
WP_011131450.1 MULTISPECIES: preprotein translocase subunit SecE [Prochlorococcus]	CytoplasmicMembrane	9.82
WP_011131451.1 MULTISPECIES: transcription termination/antitermination protein NusG [Prochlorococcus]	Cytoplasmic	9.97
WP_011131452.1 MULTISPECIES: 50S ribosomal protein L11 [Prochlorococcus]	Cytoplasmic	9.26
WP_011131454.1 MULTISPECIES: 50S ribosomal protein L10 [Prochlorococcus]	Cytoplasmic	9.26
WP_011131534.1 MULTISPECIES: glycine cleavage system protein GcvH [Prochlorococcus]	Unknown	2.00
WP_011131536.1 MULTISPECIES: acyl-CoA desaturase [Prochlorococcus]	CytoplasmicMembrane	10.00
WP_011131539.1 MULTISPECIES: 50S ribosomal protein L9 [Prochlorococcus]	Cytoplasmic	9.97
WP_011131544.1 MULTISPECIES: hypothetical protein [Prochlorococcus]	Unknown	2.00
WP_011131546.1 MULTISPECIES: SprT family zinc-dependent metalloprotease [Prochlorococcus]	Unknown	2.00
WP_011131556.1 MULTISPECIES: hypothetical protein [unclassified Prochlorococcus]	Unknown	2.00
WP_011131559.1 MULTISPECIES: 2Fe-2S iron-sulfur cluster-binding protein [Prochlorococcus]	Cytoplasmic	8.96
WP_011131561.1 MULTISPECIES: ArsR/SmtB family transcription factor [Prochlorococcus]	Unknown	2.00
WP_011131592.1 MULTISPECIES: ABC transporter permease subunit [Prochlorococcus]	CytoplasmicMembrane	10.00
WP_011131593.1 MULTISPECIES: urea ABC transporter substrate-binding protein [Prochlorococcus]	Unknown	6.49
WP_011131598.1 MULTISPECIES: urease subunit gamma [Prochlorococcus]	Cytoplasmic	9.26
WP_011131599.1 MULTISPECIES: urease subunit beta [Prochlorococcus]	Cytoplasmic	9.26
WP_011131601.1 MULTISPECIES: uroporphyrinogen-III C-methyltransferase [Prochlorococcus]	Cytoplasmic	9.97
WP_011131614.1 MULTISPECIES: ClC family H(+)/Cl(-) exchange transporter [Prochlorococcus]	CytoplasmicMembrane	10.00
WP_011824729.1 MULTISPECIES: AbrB family transcriptional regulator [Prochlorococcus]	CytoplasmicMembrane	10.00
WP_011824885.1 MULTISPECIES: hypothetical protein [Prochlorococcus]	Unknown	2.00
WP_011825011.1 MULTISPECIES: DUF883 family protein [Prochlorococcus]	Unknown	2.00
WP_011825072.1 MULTISPECIES: hypothetical protein [Prochlorococcus]	Unknown	2.00
WP_011825073.1 MULTISPECIES: CP12 domain-containing protein [Prochlorococcus]	Unknown	2.00
WP_011825182.1 MULTISPECIES: preprotein translocase subunit SecG [Prochlorococcus]	CytoplasmicMembrane	9.86
WP_011825184.1 MULTISPECIES: bifunctional pyr operon transcriptional regulator/uracil phosphoribosyltransferase PyrR [Prochlorococcus]	Cytoplasmic	9.97
WP_011825185.1 MULTISPECIES: Hsp70 family protein [Prochlorococcus]	Cytoplasmic	9.97
WP_011825214.1 MULTISPECIES: 50S ribosomal protein L27 [Prochlorococcus]	Cytoplasmic	9.26
WP_011825262.1 MULTISPECIES: hypothetical protein [Prochlorococcus]	CytoplasmicMembrane	10.00
WP_011825275.1 MULTISPECIES: 30S ribosomal protein S14 [Prochlorococcus]	Cytoplasmic	9.26
WP_011825283.1 MULTISPECIES: 50S ribosomal protein L34 [Prochlorococcus]	Unknown	2.00
WP_011825292.1 MULTISPECIES: PspA/IM30 family protein [Prochlorococcus]	CytoplasmicMembrane	9.82
WP_011825310.1 MULTISPECIES: AbrB family transcriptional regulator [Prochlorococcus]	Cytoplasmic	8.96
WP_011825316.1 MULTISPECIES: heme o synthase [Prochlorococcus]	CytoplasmicMembrane	10.00
WP_011825318.1 MULTISPECIES: ABC transporter permease [Prochlorococcus]	CytoplasmicMembrane	10.00
WP_011825335.1 MULTISPECIES: cytochrome b6-f complex iron-sulfur subunit [Prochlorococcus]	CytoplasmicMembrane	9.82
WP_011825379.1 MULTISPECIES: 4a-hydroxytetrahydrobiopterin dehydratase [Prochlorococcus]	Unknown	2.00
WP_011825471.1 MULTISPECIES: BMC domain-containing protein [Prochlorococcus]	Unknown	2.00
WP_011825472.1 MULTISPECIES: form I ribulose bisphosphate carboxylase large subunit [Prochlorococcus]	Cytoplasmic	8.96
WP_011825473.1 MULTISPECIES: ribulose bisphosphate carboxylase small subunit [Prochlorococcus]	Unknown	2.00
WP_011825477.1 MULTISPECIES: carboxysome peptide A [Prochlorococcus]	Unknown	2.00
WP_011825478.1 MULTISPECIES: carboxysome peptide B [Prochlorococcus]	Unknown	2.00
WP_011825480.1 MULTISPECIES: 4a-hydroxytetrahydrobiopterin dehydratase [Prochlorococcus]	Cytoplasmic	8.96
WP_011825483.1 MULTISPECIES: Rid family detoxifying hydrolase [Prochlorococcus]	Cytoplasmic	9.26
WP_011825497.1 MULTISPECIES: 2Fe-2S iron-sulfur cluster-binding protein [Prochlorococcus]	Unknown	2.00
WP_011825519.1 MULTISPECIES: hypothetical protein [Prochlorococcus]	Cytoplasmic	8.96
WP_011825608.1 MULTISPECIES: hypothetical protein [Prochlorococcus]	CytoplasmicMembrane	9.82
WP_011825888.1 MULTISPECIES: hypothetical protein [Prochlorococcus]	Unknown	2.00
WP_011826119.1 MULTISPECIES: 50S ribosomal protein L33 [Prochlorococcus]	Unknown	2.00
WP_011826161.1 MULTISPECIES: indolepyruvate ferredoxin oxidoreductase subunit alpha [Prochlorococcus]	Unknown	2.00
WP_011826454.1 MULTISPECIES: DUF2214 family protein [Prochlorococcus]	CytoplasmicMembrane	10.00
WP_011826503.1 MULTISPECIES: DUF760 domain-containing protein [Prochlorococcus]	Unknown	2.00
WP_011826567.1 MULTISPECIES: hypothetical protein [Prochlorococcus]	Unknown	2.00
WP_011826570.1 MULTISPECIES: GTPase Era [Prochlorococcus]	CytoplasmicMembrane	7.88
WP_011826571.1 MULTISPECIES: hypothetical protein [Prochlorococcus]	Cytoplasmic	8.96
WP_011826624.1 MULTISPECIES: ATP-dependent Clp protease proteolytic subunit [Prochlorococcus]	Cytoplasmic	9.26
WP_011826725.1 MULTISPECIES: glutaredoxin family protein [Prochlorococcus]	Unknown	2.00
WP_011826774.1 MULTISPECIES: hypothetical protein [Prochlorococcus]	Unknown	2.50
WP_011826823.1 MULTISPECIES: DUF2470 domain-containing protein [Prochlorococcus]	Unknown	2.00
WP_011826874.1 MULTISPECIES: photosystem I reaction center subunit II PsaD [Prochlorococcus]	CytoplasmicMembrane	9.82
WP_011826907.1 MULTISPECIES: 50S ribosomal protein L23 [Prochlorococcus]	Cytoplasmic	9.26
WP_011826912.1 MULTISPECIES: 30S ribosomal protein S17 [Prochlorococcus]	Cytoplasmic	9.26
WP_011826916.1 MULTISPECIES: 50S ribosomal protein L5 [Prochlorococcus]	Cytoplasmic	9.97
WP_011826925.1 MULTISPECIES: 30S ribosomal protein S13 [Prochlorococcus]	Cytoplasmic	9.97
WP_011826929.1 MULTISPECIES: 30S ribosomal protein S9 [Prochlorococcus]	Cytoplasmic	9.26
WP_011827045.1 MULTISPECIES: photosystem II reaction center protein PsbN [Prochlorococcus]	Unknown	2.00
WP_011827179.1 MULTISPECIES: photosystem I iron-sulfur center protein PsaC [Prochlorococcus]	CytoplasmicMembrane	10.00
WP_011827188.1 MULTISPECIES: DUF751 family protein [Prochlorococcus]	CytoplasmicMembrane	9.82
WP_011827196.1 MULTISPECIES: HesB/IscA family protein [Prochlorococcus]	Cytoplasmic	9.26
WP_011827256.1 MULTISPECIES: helix-turn-helix domain-containing protein [Prochlorococcus]	Unknown	2.00
WP_011827260.1 MULTISPECIES: NADH-quinone oxidoreductase subunit NuoK [Prochlorococcus]	CytoplasmicMembrane	10.00
WP_011827280.1 MULTISPECIES: translation initiation factor [Prochlorococcus]	Unknown	2.00
WP_011827334.1 MULTISPECIES: hypothetical protein [Prochlorococcus]	Unknown	2.00
WP_011827346.1 MULTISPECIES: lactoylglutathione lyase [Prochlorococcus]	Cytoplasmic	9.97
WP_011827564.1 MULTISPECIES: diacylglycerol/polyprenol kinase family protein [unclassified Prochlorococcus]	CytoplasmicMembrane	10.00
WP_011827570.1 MULTISPECIES: formyltetrahydrofolate deformylase [unclassified Prochlorococcus]	Cytoplasmic	9.97
WP_036911701.1 MULTISPECIES: DUF2973 domain-containing protein [Prochlorococcus]	Unknown	2.00
WP_036911765.1 MULTISPECIES: hypothetical protein [Prochlorococcus]	Cytoplasmic	8.96
WP_036912653.1 MULTISPECIES: 50S ribosomal protein L16 [Prochlorococcus]	Cytoplasmic	9.26
WP_036912656.1 MULTISPECIES: 50S ribosomal protein L29 [Prochlorococcus]	Unknown	2.00
WP_036931191.1 MULTISPECIES: DNA recombination-mediator protein A [Prochlorococcus]	Cytoplasmic	8.96
WP_041374634.1 MULTISPECIES: DUF502 domain-containing protein [Prochlorococcus]	CytoplasmicMembrane	9.82
WP_041374731.1 MULTISPECIES: photosystem II D2 protein (photosystem q(a) protein) [Prochlorococcus]	CytoplasmicMembrane	10.00
WP_041374878.1 MULTISPECIES: DUF2862 domain-containing protein [Prochlorococcus]	Unknown	2.00
WP_041374894.1 MULTISPECIES: hypothetical protein [Prochlorococcus]	CytoplasmicMembrane	9.82
WP_041374994.1 MULTISPECIES: formate/nitrite transporter family protein [Prochlorococcus]	CytoplasmicMembrane	10.00
WP_041374996.1 MULTISPECIES: DUF3134 domain-containing protein [Prochlorococcus]	Unknown	2.00
WP_041375041.1 MULTISPECIES: DUF2997 domain-containing protein [Prochlorococcus]	Unknown	2.00
WP_041375147.1 MULTISPECIES: Holliday junction branch migration protein RuvA [Prochlorococcus]	Cytoplasmic	9.97
WP_041375232.1 MULTISPECIES: NUDIX hydrolase [Prochlorococcus]	Cytoplasmic	9.97
WP_041384227.1 MULTISPECIES: hypothetical protein [Prochlorococcus]	CytoplasmicMembrane	9.82
WP_041384239.1 MULTISPECIES: cytochrome b6 [Prochlorococcus]	CytoplasmicMembrane	9.82
WP_041384294.1 MULTISPECIES: DUF3007 family protein [Prochlorococcus]	Unknown	2.00
WP_041384296.1 MULTISPECIES: hypothetical protein [Prochlorococcus]	Unknown	2.00
WP_041384305.1 MULTISPECIES: phosphoribosylformylglycinamidine synthase subunit PurS [Prochlorococcus]	Unknown	2.00
WP_041384382.1 MULTISPECIES: hypothetical protein [Prochlorococcus]	CytoplasmicMembrane	9.82
WP_041384432.1 MULTISPECIES: hypothetical protein [Prochlorococcus]	CytoplasmicMembrane	9.82
WP_041384454.1 MULTISPECIES: DUF3288 family protein [Prochlorococcus]	Unknown	2.00
WP_041384534.1 MULTISPECIES: hypothetical protein [Prochlorococcus]	Unknown	2.00
WP_041384564.1 MULTISPECIES: hypothetical protein [Prochlorococcus]	Unknown	2.00
WP_041384640.1 MULTISPECIES: hypothetical protein [Prochlorococcus]	Unknown	2.00
WP_041384673.1 MULTISPECIES: beta-carotene hydroxylase [unclassified Prochlorococcus]	CytoplasmicMembrane	10.00
WP_041384680.1 MULTISPECIES: global nitrogen regulator NtcA [unclassified Prochlorococcus]	Cytoplasmic	9.97
WP_041384706.1 MULTISPECIES: hypothetical protein [Prochlorococcus]	Unknown	2.00
WP_041384710.1 MULTISPECIES: Ycf34 family protein [Prochlorococcus]	Unknown	2.00
WP_041384827.1 MULTISPECIES: glycosyltransferase family 4 protein [Prochlorococcus]	Cytoplasmic	9.26
WP_041384951.1 MULTISPECIES: Nif11-like leader peptide family natural product precursor [Prochlorococcus]	Unknown	2.00
WP_041384963.1 MULTISPECIES: DUF2103 domain-containing protein [Prochlorococcus]	Unknown	2.00
WP_041385005.1 MULTISPECIES: DUF3721 domain-containing protein [unclassified Prochlorococcus]	Unknown	2.00
WP_041385049.1 MULTISPECIES: DUF3303 domain-containing protein [Prochlorococcus]	Unknown	2.00
WP_041385051.1 MULTISPECIES: GTP-binding protein [Prochlorococcus]	Unknown	2.00
WP_041385209.1 MULTISPECIES: ATP-dependent Clp protease adapter ClpS [Prochlorococcus]	Unknown	2.00
WP_041385292.1 MULTISPECIES: hypothetical protein [Prochlorococcus]	Unknown	2.00
WP_041385294.1 MULTISPECIES: hypothetical protein [Prochlorococcus]	Unknown	2.00
WP_052646165.1 MULTISPECIES: DCC1-like thiol-disulfide oxidoreductase family protein [Prochlorococcus]	Unknown	2.00
WP_052646222.1 MULTISPECIES: hypothetical protein [Prochlorococcus]	Unknown	2.00
WP_063394954.1 MULTISPECIES: hypothetical protein [Prochlorococcus]	Unknown	2.00
WP_063395044.1 MULTISPECIES: hypothetical protein [Prochlorococcus]	Unknown	2.00
WP_063395174.1 MULTISPECIES: helix-turn-helix domain-containing protein [Prochlorococcus]	Cytoplasmic	9.26
WP_063395235.1 MULTISPECIES: hypothetical protein [Prochlorococcus]	Unknown	2.00
WP_063395317.1 MULTISPECIES: hypothetical protein [Prochlorococcus]	Unknown	2.00
WP_063395345.1 MULTISPECIES: DUF1330 domain-containing protein [Prochlorococcus]	Unknown	2.00
WP_063395356.1 MULTISPECIES: DUF2237 family protein [Prochlorococcus]	Unknown	2.00
WP_063395361.1 MULTISPECIES: hypothetical protein [Prochlorococcus]	Cytoplasmic	8.96
WP_063395370.1 MULTISPECIES: 2TM domain-containing protein [Prochlorococcus]	Unknown	2.00
WP_063395400.1 MULTISPECIES: hypothetical protein [Prochlorococcus]	CytoplasmicMembrane	9.82
WP_063395810.1 MULTISPECIES: pyridoxal-phosphate-dependent aminotransferase family protein [Prochlorococcus]	Cytoplasmic	9.26
WP_063395827.1 MULTISPECIES: 16S rRNA (adenine(1518)-N(6)/adenine(1519)-N(6))-dimethyltransferase RsmA [Prochlorococcus]	Cytoplasmic	9.97
WP_063395924.1 MULTISPECIES: YkgJ family cysteine cluster protein [Prochlorococcus]	Unknown	2.00
WP_063395925.1 MULTISPECIES: TMEM165/GDT1 family protein [Prochlorococcus]	CytoplasmicMembrane	9.86
WP_063395962.1 MULTISPECIES: triose-phosphate isomerase [Prochlorococcus]	Cytoplasmic	9.26
WP_063396120.1 MULTISPECIES: GNAT family N-acetyltransferase [Prochlorococcus]	Cytoplasmic	8.96
WP_063396208.1 MULTISPECIES: potassium channel family protein [Prochlorococcus]	CytoplasmicMembrane	7.88
WP_063396255.1 MULTISPECIES: hypothetical protein [Prochlorococcus]	Unknown	2.00
WP_063396279.1 MULTISPECIES: DUF1825 family protein [Prochlorococcus]	Unknown	2.00
WP_063396306.1 MULTISPECIES: hypothetical protein [Prochlorococcus]	Cytoplasmic	8.96
WP_063396507.1 MULTISPECIES: ATP-dependent Clp endopeptidase proteolytic subunit ClpP [Prochlorococcus]	Cytoplasmic	9.97
WP_063396515.1 MULTISPECIES: photosystem II assembly protein Psb34 [Prochlorococcus]	Unknown	2.00
WP_063396578.1 MULTISPECIES: hypothetical protein [Prochlorococcus]	Unknown	2.00
WP_063396619.1 MULTISPECIES: hypothetical protein [Prochlorococcus]	Unknown	2.00
WP_063396737.1 MULTISPECIES: response regulator transcription factor RpaB [Prochlorococcus]	Cytoplasmic	9.97
WP_063396743.1 MULTISPECIES: response regulator transcription factor [Prochlorococcus]	Cytoplasmic	9.97
WP_063396758.1 MULTISPECIES: hypothetical protein [Prochlorococcus]	Unknown	2.00
WP_063396816.1 MULTISPECIES: imidazoleglycerol-phosphate dehydratase HisB [Prochlorococcus]	Cytoplasmic	9.97
WP_063396829.1 MULTISPECIES: tRNA guanosine(34) transglycosylase Tgt [Prochlorococcus]	Cytoplasmic	9.97
WP_063397222.1 MULTISPECIES: hypothetical protein [Prochlorococcus]	Unknown	2.00
WP_063397227.1 MULTISPECIES: SLC13 family permease [Prochlorococcus]	CytoplasmicMembrane	10.00
WP_063397328.1 MULTISPECIES: chlorophyll a/b-binding protein [Prochlorococcus]	Unknown	2.00
WP_063397329.1 MULTISPECIES: YggT family protein [Prochlorococcus]	CytoplasmicMembrane	9.82
WP_063397369.1 MULTISPECIES: protochlorophyllide reductase [Prochlorococcus]	Unknown	2.00
WP_063397370.1 MULTISPECIES: ferredoxin:protochlorophyllide reductase (ATP-dependent) iron-sulfur ATP-binding protein [Prochlorococcus]	Cytoplasmic	8.96
WP_063397392.1 MULTISPECIES: hypothetical protein [Prochlorococcus]	CytoplasmicMembrane	9.82
WP_063397542.1 MULTISPECIES: type I glutamate--ammonia ligase [Prochlorococcus]	Cytoplasmic	9.97
WP_063397569.1 MULTISPECIES: anthranilate synthase component I family protein [Prochlorococcus]	Cytoplasmic	9.97
WP_063397604.1 MULTISPECIES: photosystem II chlorophyll-binding protein CP47 [Prochlorococcus]	CytoplasmicMembrane	10.00
WP_063397662.1 MULTISPECIES: Hfq-related RNA-binding protein [Prochlorococcus]	Unknown	2.00
WP_063397747.1 MULTISPECIES: helix-turn-helix domain-containing protein [Prochlorococcus]	Cytoplasmic	8.96
WP_063397794.1 MULTISPECIES: uracil phosphoribosyltransferase [Prochlorococcus]	Cytoplasmic	9.97
WP_063397799.1 MULTISPECIES: 6-phosphogluconolactonase [Prochlorococcus]	Unknown	2.00
WP_063397801.1 MULTISPECIES: glutamyl-tRNA reductase [Prochlorococcus]	Cytoplasmic	9.97
WP_063398120.1 MULTISPECIES: SDR family NAD(P)-dependent oxidoreductase [Prochlorococcus]	OuterMembrane	9.49
WP_063398172.1 MULTISPECIES: hypothetical protein [Prochlorococcus]	Cytoplasmic	8.96
WP_063398179.1 MULTISPECIES: SemiSWEET family sugar transporter [Prochlorococcus]	CytoplasmicMembrane	10.00
WP_063398274.1 MULTISPECIES: hypothetical protein [Prochlorococcus]	CytoplasmicMembrane	9.82
WP_063398309.1 MULTISPECIES: cation:proton antiporter [Prochlorococcus]	CytoplasmicMembrane	10.00
WP_063398331.1 MULTISPECIES: cytochrome c oxidase subunit II [Prochlorococcus]	CytoplasmicMembrane	10.00
WP_063398445.1 MULTISPECIES: divalent-cation tolerance protein CutA [Prochlorococcus]	Cytoplasmic	9.26
WP_063398605.1 MULTISPECIES: urease accessory protein UreG [Prochlorococcus]	Cytoplasmic	9.97
WP_063398644.1 MULTISPECIES: acyl-CoA desaturase [Prochlorococcus]	CytoplasmicMembrane	10.00
WP_063398645.1 MULTISPECIES: hypothetical protein [Prochlorococcus]	Cytoplasmic	8.96
WP_063398742.1 MULTISPECIES: diacylglycerol kinase family protein [Prochlorococcus]	CytoplasmicMembrane	10.00
WP_063398914.1 MULTISPECIES: DUF565 domain-containing protein [Prochlorococcus]	CytoplasmicMembrane	9.82
WP_063398958.1 MULTISPECIES: hypothetical protein [Prochlorococcus]	Unknown	2.00
WP_063399026.1 MULTISPECIES: photosystem I reaction center subunit IV [Prochlorococcus]	CytoplasmicMembrane	9.82
WP_063399205.1 MULTISPECIES: acetyl-CoA carboxylase biotin carboxylase subunit [Prochlorococcus]	Cytoplasmic	9.97
WP_063399270.1 MULTISPECIES: ribosomal protein S18-alanine N-acetyltransferase [Prochlorococcus]	Cytoplasmic	9.26
WP_063399344.1 MULTISPECIES: NAD(P)H-quinone oxidoreductase subunit 4 [Prochlorococcus]	CytoplasmicMembrane	10.00
WP_063399472.1 MULTISPECIES: ATP synthase F1 subunit epsilon [Prochlorococcus]	Unknown	6.29
WP_063399484.1 MULTISPECIES: F0F1 ATP synthase subunit B [Prochlorococcus]	Cytoplasmic	8.96
WP_063399568.1 MULTISPECIES: peroxiredoxin [Prochlorococcus]	Cytoplasmic	9.97
WP_063399584.1 MULTISPECIES: DUF3611 family protein [Prochlorococcus]	CytoplasmicMembrane	10.00
WP_063400094.1 MULTISPECIES: cytochrome c oxidase subunit 3 [Prochlorococcus]	CytoplasmicMembrane	10.00
WP_063400319.1 MULTISPECIES: GTP cyclohydrolase I [Prochlorococcus]	Cytoplasmic	9.97
WP_063400473.1 MULTISPECIES: DUF2499 domain-containing protein [Prochlorococcus]	CytoplasmicMembrane	10.00
WP_063400572.1 MULTISPECIES: DUF3318 domain-containing protein [Prochlorococcus]	Unknown	2.00
WP_063400594.1 MULTISPECIES: hypothetical protein [Prochlorococcus]	CytoplasmicMembrane	10.00
WP_063400652.1 MULTISPECIES: hypothetical protein [Prochlorococcus]	Unknown	2.00
WP_063400788.1 MULTISPECIES: hypothetical protein [Prochlorococcus]	Unknown	2.00
WP_063400973.1 MULTISPECIES: NADP-dependent isocitrate dehydrogenase [Prochlorococcus]	Cytoplasmic	9.97
WP_063400993.1 MULTISPECIES: SRPBCC family protein [Prochlorococcus]	Unknown	2.00
WP_063403079.1 MULTISPECIES: 30S ribosomal protein S12 methylthiotransferase RimO [Prochlorococcus]	Cytoplasmic	9.97
WP_063403168.1 MULTISPECIES: hypothetical protein [Prochlorococcus]	Unknown	2.00
WP_063403176.1 MULTISPECIES: hypothetical protein [Prochlorococcus]	Unknown	2.00
WP_063403178.1 MULTISPECIES: OsmC family protein [Prochlorococcus]	Cytoplasmic	8.96
WP_063403221.1 MULTISPECIES: phosphatidate cytidylyltransferase [Prochlorococcus]	CytoplasmicMembrane	10.00
WP_063403251.1 MULTISPECIES: DUF3887 domain-containing protein [Prochlorococcus]	Unknown	2.00
WP_063403280.1 MULTISPECIES: DUF3119 family protein [Prochlorococcus]	CytoplasmicMembrane	10.00
WP_063403353.1 MULTISPECIES: NAD(+) kinase [Prochlorococcus]	Cytoplasmic	9.97
WP_063403366.1 MULTISPECIES: pyruvate dehydrogenase (acetyl-transferring) E1 component subunit alpha [Prochlorococcus]	Cytoplasmic	9.97
WP_063403422.1 MULTISPECIES: imidazole glycerol phosphate synthase subunit HisF [Prochlorococcus]	Unknown	6.00
WP_063403423.1 MULTISPECIES: chlorophyll synthase ChlG [Prochlorococcus]	CytoplasmicMembrane	10.00
WP_063403467.1 MULTISPECIES: YlqD family protein [Prochlorococcus]	Unknown	2.00
WP_063403513.1 MULTISPECIES: hypothetical protein [Prochlorococcus]	Unknown	2.00
WP_063403532.1 MULTISPECIES: hypothetical protein [Prochlorococcus]	Cytoplasmic	8.96
WP_063403566.1 MULTISPECIES: TlyA family RNA methyltransferase [Prochlorococcus]	Cytoplasmic	8.96
WP_063403636.1 MULTISPECIES: 3'(2'),5'-bisphosphate nucleotidase CysQ family protein [Prochlorococcus]	Cytoplasmic	9.26
WP_063403640.1 MULTISPECIES: AAA family ATPase [Prochlorococcus]	CytoplasmicMembrane	7.88
WP_063403643.1 MULTISPECIES: ribonuclease P protein component [Prochlorococcus]	Unknown	2.00
WP_063403694.1 MULTISPECIES: phosphotransacetylase family protein [Prochlorococcus]	Cytoplasmic	8.96
WP_063403696.1 MULTISPECIES: SPFH domain-containing protein [Prochlorococcus]	Unknown	2.00
WP_063403836.1 MULTISPECIES: PCC domain-containing protein [Prochlorococcus]	Unknown	2.00
WP_063403859.1 MULTISPECIES: SDR family NAD(P)-dependent oxidoreductase [Prochlorococcus]	Cytoplasmic	9.26
WP_063403860.1 MULTISPECIES: hypothetical protein [Prochlorococcus]	Unknown	2.00
WP_063403885.1 MULTISPECIES: ABC transporter permease DevC [Prochlorococcus]	CytoplasmicMembrane	10.00
WP_063403949.1 MULTISPECIES: SMC-Scp complex subunit ScpB [Prochlorococcus]	Cytoplasmic	8.96
WP_063404030.1 MULTISPECIES: GDSL-type esterase/lipase family protein [Prochlorococcus]	Unknown	2.00
WP_063404293.1 MULTISPECIES: tetratricopeptide repeat protein [Prochlorococcus]	Unknown	2.00
WP_063404297.1 MULTISPECIES: NAD-dependent epimerase/dehydratase family protein [Prochlorococcus]	Cytoplasmic	8.96
WP_063404335.1 MULTISPECIES: molecular chaperone DnaJ [Prochlorococcus]	Cytoplasmic	9.97
WP_063404632.1 MULTISPECIES: 50S ribosomal protein L1 [Prochlorococcus]	Cytoplasmic	9.97
WP_063404765.1 MULTISPECIES: NAD(P)H-quinone oxidoreductase subunit 4 [Prochlorococcus]	CytoplasmicMembrane	10.00
WP_063404769.1 MULTISPECIES: DUF3172 domain-containing protein [Prochlorococcus]	Unknown	2.00
WP_063404795.1 MULTISPECIES: ABC transporter ATP-binding protein [Prochlorococcus]	CytoplasmicMembrane	10.00
WP_063404926.1 MULTISPECIES: S-methyl-5'-thioadenosine phosphorylase [Prochlorococcus]	Cytoplasmic	9.97
WP_063404930.1 MULTISPECIES: rubredoxin [Prochlorococcus]	Unknown	2.00
WP_063404934.1 MULTISPECIES: NAD(P)H-quinone oxidoreductase subunit J [Prochlorococcus]	Cytoplasmic	9.26
WP_063404987.1 MULTISPECIES: ammonium transporter [Prochlorococcus]	CytoplasmicMembrane	10.00
WP_063405053.1 MULTISPECIES: DUF2555 domain-containing protein [Prochlorococcus]	Unknown	2.00
WP_063405080.1 MULTISPECIES: elongation factor G [Prochlorococcus]	Cytoplasmic	9.97
WP_063405093.1 MULTISPECIES: photosystem I core protein PsaB [Prochlorococcus]	CytoplasmicMembrane	10.00
WP_063405421.1 MULTISPECIES: photosystem II manganese-stabilizing polypeptide [Prochlorococcus]	Unknown	2.50
WP_063405579.1 MULTISPECIES: hypothetical protein [Prochlorococcus]	Unknown	2.00
WP_063405703.1 MULTISPECIES: hypothetical protein [Prochlorococcus]	Cytoplasmic	8.96
WP_063405705.1 MULTISPECIES: CDP-alcohol phosphatidyltransferase family protein [Prochlorococcus]	CytoplasmicMembrane	10.00
WP_063405733.1 MULTISPECIES: metallophosphoesterase family protein [unclassified Prochlorococcus]	Cytoplasmic	8.96
WP_063406480.1 MULTISPECIES: ferredoxin:protochlorophyllide reductase (ATP-dependent) subunit N [Prochlorococcus]	Cytoplasmic	8.96
WP_063406534.1 MULTISPECIES: hypothetical protein [Prochlorococcus]	CytoplasmicMembrane	10.00
WP_063406576.1 MULTISPECIES: DUF2811 domain-containing protein [Prochlorococcus]	Unknown	2.00
WP_063406635.1 MULTISPECIES: c-type cytochrome [Prochlorococcus]	Unknown	2.00
WP_063406657.1 MULTISPECIES: chlorophyll a/b binding light-harvesting protein [Prochlorococcus]	CytoplasmicMembrane	10.00
WP_063406675.1 MULTISPECIES: thylakoid membrane photosystem I accumulation factor [Prochlorococcus]	Unknown	2.50
WP_063406875.1 MULTISPECIES: branched-chain amino acid transaminase [Prochlorococcus]	Cytoplasmic	9.97
WP_063406933.1 MULTISPECIES: methionyl-tRNA formyltransferase [Prochlorococcus]	Cytoplasmic	9.26
WP_063406944.1 MULTISPECIES: uracil-DNA glycosylase [Prochlorococcus]	Cytoplasmic	8.96
WP_063407043.1 MULTISPECIES: M16 family metallopeptidase [Prochlorococcus]	Cytoplasmic	8.96
WP_063407049.1 MULTISPECIES: YraN family protein [Prochlorococcus]	Cytoplasmic	8.96
WP_063407051.1 MULTISPECIES: pentapeptide repeat-containing protein [Prochlorococcus]	Unknown	2.50
WP_063407289.1 MULTISPECIES: FIST signal transduction protein [Prochlorococcus]	Unknown	2.00
WP_063407294.1 MULTISPECIES: thioredoxin family protein [Prochlorococcus]	Unknown	2.50
WP_063407331.1 MULTISPECIES: NADH dehydrogenase subunit K [Prochlorococcus]	CytoplasmicMembrane	9.82
WP_063407577.1 MULTISPECIES: hypothetical protein [Prochlorococcus]	Unknown	2.00
WP_063407611.1 MULTISPECIES: GNAT family N-acetyltransferase [Prochlorococcus]	Cytoplasmic	8.96
WP_063407641.1 MULTISPECIES: threonine synthase [Prochlorococcus]	Cytoplasmic	9.26
WP_063413951.1 MULTISPECIES: phenylpyruvate tautomerase MIF-related protein [Prochlorococcus]	Unknown	2.00
WP_063413963.1 MULTISPECIES: hypothetical protein [Prochlorococcus]	CytoplasmicMembrane	9.86
WP_063414013.1 MULTISPECIES: hypothetical protein [Prochlorococcus]	Unknown	2.00
WP_063414025.1 MULTISPECIES: uroporphyrinogen decarboxylase [Prochlorococcus]	Cytoplasmic	9.97
WP_063414049.1 MULTISPECIES: glucokinase [Prochlorococcus]	Cytoplasmic	9.26
WP_063414108.1 MULTISPECIES: methyltransferase domain-containing protein [Prochlorococcus]	Unknown	2.00
WP_063414238.1 MULTISPECIES: hypothetical protein [Prochlorococcus]	Unknown	2.00
WP_063414386.1 MULTISPECIES: Obg family GTPase CgtA [Prochlorococcus]	Cytoplasmic	8.96
WP_063414873.1 MULTISPECIES: 4-hydroxy-tetrahydrodipicolinate reductase [Prochlorococcus]	Cytoplasmic	9.97
WP_063414993.1 MULTISPECIES: flavin reductase family protein [Prochlorococcus]	Cytoplasmic	8.96
WP_063415254.1 MULTISPECIES: hypothetical protein [Prochlorococcus]	Unknown	2.00
WP_063415307.1 MULTISPECIES: carbohydrate ABC transporter permease [Prochlorococcus]	CytoplasmicMembrane	10.00
WP_063415327.1 MULTISPECIES: protein translocase subunit SecD [Prochlorococcus]	CytoplasmicMembrane	10.00
WP_063415549.1 MULTISPECIES: Tab2/Atab2 family RNA-binding protein [Prochlorococcus]	Unknown	2.00
WP_063415569.1 MULTISPECIES: transaldolase [Prochlorococcus]	Cytoplasmic	8.96
WP_063415726.1 MULTISPECIES: biotin--[acetyl-CoA-carboxylase] ligase [Prochlorococcus]	CytoplasmicMembrane	8.46
WP_063415752.1 MULTISPECIES: serine--tRNA ligase [Prochlorococcus]	Cytoplasmic	10.00
WP_063415797.1 MULTISPECIES: MlaE family ABC transporter permease [Prochlorococcus]	CytoplasmicMembrane	10.00
WP_063415891.1 MULTISPECIES: F0F1 ATP synthase subunit gamma [Prochlorococcus]	Cytoplasmic	9.12
WP_063415905.1 MULTISPECIES: adenylosuccinate lyase [Prochlorococcus]	Cytoplasmic	9.97
WP_063416009.1 MULTISPECIES: non-canonical purine NTP pyrophosphatase [Prochlorococcus]	Cytoplasmic	9.97
WP_063416093.1 MULTISPECIES: glutathione peroxidase [Prochlorococcus]	Cytoplasmic	9.26
WP_063416241.1 MULTISPECIES: hypothetical protein [Prochlorococcus]	Unknown	2.00
WP_063416584.1 MULTISPECIES: hypothetical protein [Prochlorococcus]	CytoplasmicMembrane	9.82
WP_063416604.1 MULTISPECIES: heat-inducible transcriptional repressor HrcA [Prochlorococcus]	Unknown	2.00
WP_063416832.1 MULTISPECIES: cofactor assembly of complex C subunit B [Prochlorococcus]	CytoplasmicMembrane	10.00
WP_063416920.1 MULTISPECIES: NAD(P)H dehydrogenase subunit NdhS [Prochlorococcus]	Unknown	2.00
WP_063416927.1 MULTISPECIES: ABC transporter ATP-binding protein [Prochlorococcus]	CytoplasmicMembrane	9.82
WP_063418745.1 MULTISPECIES: dihydrolipoyl dehydrogenase, partial [Prochlorococcus]	Cytoplasmic	9.97
WP_063418746.1 MULTISPECIES: DUF3303 domain-containing protein [Prochlorococcus]	Unknown	2.00
WP_063418747.1 MULTISPECIES: cupin domain-containing protein [Prochlorococcus]	Cytoplasmic	8.96
WP_063418748.1 MULTISPECIES: hypothetical protein [Prochlorococcus]	Unknown	2.00
WP_063418750.1 MULTISPECIES: hypothetical protein [Prochlorococcus]	Unknown	2.00
WP_063418752.1 MULTISPECIES: photosystem II q(b) protein, partial [Prochlorococcus]	CytoplasmicMembrane	10.00
WP_063418753.1 MULTISPECIES: hypothetical protein [Prochlorococcus]	CytoplasmicMembrane	9.82
WP_063418754.1 MULTISPECIES: hypothetical protein [Prochlorococcus]	CytoplasmicMembrane	9.82
WP_063418756.1 MULTISPECIES: hypothetical protein [Prochlorococcus]	Unknown	2.00
WP_063418758.1 MULTISPECIES: hypothetical protein [Prochlorococcus]	Unknown	2.00
WP_063418762.1 MULTISPECIES: class I SAM-dependent methyltransferase [Prochlorococcus]	CytoplasmicMembrane	9.82
WP_063418767.1 MULTISPECIES: RpoD/SigA family RNA polymerase sigma factor, partial [Prochlorococcus]	Cytoplasmic	9.97
WP_063418768.1 MULTISPECIES: hypothetical protein [Prochlorococcus]	Unknown	2.00
WP_063418770.1 MULTISPECIES: DUF6817 domain-containing protein [Prochlorococcus]	Cytoplasmic	8.96
WP_063418771.1 MULTISPECIES: hypothetical protein [Prochlorococcus]	Cytoplasmic	8.96
WP_063418772.1 MULTISPECIES: hypothetical protein [Prochlorococcus]	Cytoplasmic	8.96
WP_063418774.1 MULTISPECIES: hypothetical protein [Prochlorococcus]	Unknown	2.00
WP_063418776.1 MULTISPECIES: TolC family protein [Prochlorococcus]	OuterMembrane	9.49
WP_063418781.1 MULTISPECIES: VanW family protein [Prochlorococcus]	Cytoplasmic	8.96
WP_063418782.1 MULTISPECIES: hydroxysqualene dehydroxylase [Prochlorococcus]	Unknown	2.00
WP_063418783.1 MULTISPECIES: hypothetical protein [Prochlorococcus]	Unknown	2.00
WP_063418785.1 MULTISPECIES: hypothetical protein [Prochlorococcus]	Unknown	2.00
WP_063418787.1 MULTISPECIES: hypothetical protein [Prochlorococcus]	Unknown	2.50
WP_063418789.1 MULTISPECIES: hypothetical protein [Prochlorococcus]	Unknown	2.50
WP_063418794.1 MULTISPECIES: hypothetical protein [Prochlorococcus]	Unknown	2.00
WP_063418795.1 MULTISPECIES: hypothetical protein [Prochlorococcus]	Unknown	2.00
WP_063418797.1 MULTISPECIES: hypothetical protein [Prochlorococcus]	Unknown	2.00
WP_063418798.1 MULTISPECIES: alpha/beta family hydrolase [Prochlorococcus]	Unknown	2.50
WP_063418799.1 MULTISPECIES: 3'-5' exonuclease [Prochlorococcus]	Unknown	2.00
WP_063418800.1 MULTISPECIES: DUF1350 family protein [Prochlorococcus]	Unknown	2.00
WP_063418802.1 MULTISPECIES: solanesyl diphosphate synthase [Prochlorococcus]	Cytoplasmic	9.97
WP_063418803.1 MULTISPECIES: glutamate racemase [Prochlorococcus]	Unknown	2.00
WP_063418804.1 MULTISPECIES: N-acetylmuramoyl-L-alanine amidase [Prochlorococcus]	Unknown	2.50
WP_063418805.1 MULTISPECIES: carbon-nitrogen hydrolase family protein [Prochlorococcus]	Cytoplasmic	9.97
WP_063418806.1 MULTISPECIES: 2-phosphosulfolactate phosphatase family protein [Prochlorococcus]	Unknown	2.00
WP_063418807.1 MULTISPECIES: UbiD family decarboxylase [Prochlorococcus]	Cytoplasmic	9.97
WP_063418808.1 MULTISPECIES: 3-phosphoshikimate 1-carboxyvinyltransferase [Prochlorococcus]	Cytoplasmic	8.96
WP_063418809.1 MULTISPECIES: MnmC family methyltransferase [Prochlorococcus]	Periplasmic	9.83
WP_063418810.1 MULTISPECIES: bifunctional UDP-N-acetylglucosamine diphosphorylase/glucosamine-1-phosphate N-acetyltransferase GlmU [Prochlorococcus]	Cytoplasmic	9.97
WP_063418811.1 MULTISPECIES: UDP-N-acetylmuramoyl-tripeptide--D-alanyl-D-alanine ligase [Prochlorococcus]	Cytoplasmic	9.97
WP_063418812.1 MULTISPECIES: hypothetical protein [Prochlorococcus]	CytoplasmicMembrane	9.82
WP_063418813.1 MULTISPECIES: signal peptidase I [Prochlorococcus]	CytoplasmicMembrane	9.82
WP_063418814.1 MULTISPECIES: DUF4336 domain-containing protein [Prochlorococcus]	Unknown	2.00
WP_063418816.1 MULTISPECIES: hypothetical protein [Prochlorococcus]	CytoplasmicMembrane	9.82
WP_063418817.1 MULTISPECIES: prohibitin family protein [Prochlorococcus]	Unknown	2.00
WP_063418818.1 MULTISPECIES: type III polyketide synthase [Prochlorococcus]	Unknown	2.00
WP_063418819.1 MULTISPECIES: NAD(P)/FAD-dependent oxidoreductase [Prochlorococcus]	Cytoplasmic	8.96
WP_063418820.1 MULTISPECIES: class I SAM-dependent methyltransferase [Prochlorococcus]	Cytoplasmic	8.96
WP_063418821.1 MULTISPECIES: metal ABC transporter permease [Prochlorococcus]	CytoplasmicMembrane	10.00
WP_063418822.1 MULTISPECIES: metal ABC transporter ATP-binding protein [Prochlorococcus]	CytoplasmicMembrane	9.99
WP_063418823.1 MULTISPECIES: peptide deformylase [Prochlorococcus]	Cytoplasmic	9.97
WP_063418824.1 MULTISPECIES: HAD family hydrolase [Prochlorococcus]	Periplasmic	9.80
WP_063418825.1 MULTISPECIES: glycogen synthase GlgA [Prochlorococcus]	Cytoplasmic	9.97
WP_063418829.1 MULTISPECIES: hypothetical protein [Prochlorococcus]	Unknown	2.00
WP_063418831.1 MULTISPECIES: DUF3854 domain-containing protein [Prochlorococcus]	Unknown	2.00
WP_063418833.1 MULTISPECIES: ornithine carbamoyltransferase [Prochlorococcus]	Cytoplasmic	9.97
WP_063418835.1 MULTISPECIES: ATP-dependent zinc metalloprotease FtsH [Prochlorococcus]	CytoplasmicMembrane	10.00
WP_063418839.1 MULTISPECIES: SOS response-associated peptidase [Prochlorococcus]	Unknown	2.00
WP_063418841.1 MULTISPECIES: potassium channel family protein [Prochlorococcus]	CytoplasmicMembrane	10.00
WP_063418845.1 MULTISPECIES: bifunctional diaminohydroxyphosphoribosylaminopyrimidine deaminase/5-amino-6-(5-phosphoribosylamino)uracil reductase RibD [Prochlorococcus]	Cytoplasmic	9.26
WP_063418847.1 MULTISPECIES: GH116 family glycosyl hydrolase [Prochlorococcus]	OuterMembrane	9.49
WP_063418854.1 MULTISPECIES: bifunctional cobalt-precorrin-7 (C(5))-methyltransferase/cobalt-precorrin-6B (C(15))-methyltransferase [Prochlorococcus]	Cytoplasmic	9.26
WP_063418856.1 MULTISPECIES: phenylalanine--tRNA ligase subunit alpha [Prochlorococcus]	Cytoplasmic	10.00
WP_063418858.1 MULTISPECIES: 5'/3'-nucleotidase SurE [Prochlorococcus]	Unknown	2.00
WP_063418860.1 MULTISPECIES: thiamine phosphate synthase [Prochlorococcus]	Cytoplasmic	8.96
WP_063418862.1 MULTISPECIES: sulfur carrier protein ThiS [Prochlorococcus]	Unknown	2.00
WP_063418864.1 MULTISPECIES: DUF1517 domain-containing protein [Prochlorococcus]	CytoplasmicMembrane	9.86
WP_063418866.1 MULTISPECIES: nickel pincer cofactor biosynthesis protein LarB [Prochlorococcus]	Unknown	2.00
WP_063418869.1 bile acid:sodium symporter [Prochlorococcus marinus]	CytoplasmicMembrane	10.00
WP_063418873.1 MULTISPECIES: carbohydrate porin [Prochlorococcus]	Unknown	2.00
WP_063418876.1 MULTISPECIES: PhoH family protein [Prochlorococcus]	Cytoplasmic	9.97
WP_063418878.1 MULTISPECIES: 30S ribosomal protein S16 [Prochlorococcus]	Cytoplasmic	9.26
WP_063418879.1 MULTISPECIES: signal recognition particle protein [Prochlorococcus]	CytoplasmicMembrane	7.88
WP_063418881.1 MULTISPECIES: ARC6/PARC6 family protein [Prochlorococcus]	Unknown	2.00
WP_063418883.1 MULTISPECIES: RpoD/SigA family RNA polymerase sigma factor [Prochlorococcus]	Cytoplasmic	9.97
WP_063418885.1 MULTISPECIES: bifunctional ADP-dependent NAD(P)H-hydrate dehydratase/NAD(P)H-hydrate epimerase [Prochlorococcus]	Unknown	2.00
WP_063418887.1 MULTISPECIES: apolipoprotein N-acyltransferase [Prochlorococcus]	CytoplasmicMembrane	10.00
WP_063418891.1 MULTISPECIES: hypothetical protein [Prochlorococcus]	Unknown	2.00
WP_063418893.1 MULTISPECIES: class I SAM-dependent methyltransferase [Prochlorococcus]	CytoplasmicMembrane	9.82
WP_063418895.1 MULTISPECIES: FKBP-type peptidyl-prolyl cis-trans isomerase [Prochlorococcus]	Periplasmic	9.44
WP_063418897.1 MULTISPECIES: superoxide dismutase, Ni [Prochlorococcus]	Cytoplasmic	9.26
WP_063418899.1 MULTISPECIES: hypothetical protein [Prochlorococcus]	CytoplasmicMembrane	10.00
WP_063418901.1 MULTISPECIES: hypothetical protein [Prochlorococcus]	Unknown	2.00
WP_063418905.1 MULTISPECIES: DUF3122 domain-containing protein [Prochlorococcus]	Unknown	2.50
WP_063418907.1 MULTISPECIES: hypothetical protein [Prochlorococcus]	Unknown	2.00
WP_063418917.1 MULTISPECIES: indole-3-glycerol phosphate synthase TrpC [Prochlorococcus]	Cytoplasmic	9.97
WP_063418919.1 MULTISPECIES: hypothetical protein [Prochlorococcus]	Unknown	2.00
WP_063418921.1 MULTISPECIES: hypothetical protein [Prochlorococcus]	Unknown	2.50
WP_063418923.1 hypothetical protein [Prochlorococcus marinus]	Unknown	2.00
WP_063418925.1 MULTISPECIES: alpha-D-glucose phosphate-specific phosphoglucomutase [Prochlorococcus]	Cytoplasmic	8.96
WP_063418927.1 MULTISPECIES: hypothetical protein [Prochlorococcus]	CytoplasmicMembrane	9.82
WP_063418929.1 MULTISPECIES: efflux RND transporter permease subunit [Prochlorococcus]	CytoplasmicMembrane	10.00
WP_063418931.1 MULTISPECIES: efflux RND transporter periplasmic adaptor subunit [Prochlorococcus]	CytoplasmicMembrane	7.88
WP_063418933.1 MULTISPECIES: AAA family ATPase [Prochlorococcus]	Cytoplasmic	9.97
WP_063418937.1 MULTISPECIES: 4'-phosphopantetheinyl transferase family protein [Prochlorococcus]	Unknown	2.00
WP_063418939.1 MULTISPECIES: thioredoxin-dependent thiol peroxidase [Prochlorococcus]	Unknown	2.00
WP_063418941.1 MULTISPECIES: type III pantothenate kinase [Prochlorococcus]	Unknown	2.00
WP_063418943.1 MULTISPECIES: NAD(P)/FAD-dependent oxidoreductase [Prochlorococcus]	CytoplasmicMembrane	9.82
WP_063418945.1 MULTISPECIES: GTPase HflX [Prochlorococcus]	Cytoplasmic	8.96
WP_063418947.1 MULTISPECIES: TrkH family potassium uptake protein [Prochlorococcus]	CytoplasmicMembrane	10.00
WP_063418949.1 MULTISPECIES: potassium channel family protein [Prochlorococcus]	Cytoplasmic	8.96
WP_063418951.1 MULTISPECIES: anhydro-N-acetylmuramic acid kinase [Prochlorococcus]	Unknown	2.00
WP_063418954.1 MULTISPECIES: hypothetical protein [Prochlorococcus]	Unknown	2.00
WP_063418956.1 MULTISPECIES: hypothetical protein [Prochlorococcus]	Unknown	2.00
WP_063418958.1 MULTISPECIES: ATP-binding cassette domain-containing protein [Prochlorococcus]	Cytoplasmic	9.97
WP_063418960.1 MULTISPECIES: trypsin-like peptidase domain-containing protein [Prochlorococcus]	Periplasmic	9.76
WP_063418964.1 MULTISPECIES: ATP-dependent helicase HrpB [Prochlorococcus]	Cytoplasmic	8.96
WP_063418965.1 MULTISPECIES: hypothetical protein [Prochlorococcus]	CytoplasmicMembrane	9.82
WP_063418967.1 MULTISPECIES: exodeoxyribonuclease VII large subunit [Prochlorococcus]	Cytoplasmic	9.97
WP_063418973.1 MULTISPECIES: DUF2834 domain-containing protein [Prochlorococcus]	CytoplasmicMembrane	9.82
WP_063418975.1 MULTISPECIES: hypothetical protein [Prochlorococcus]	CytoplasmicMembrane	9.86
WP_063418977.1 MULTISPECIES: hypothetical protein [Prochlorococcus]	CytoplasmicMembrane	9.86
WP_063418979.1 MULTISPECIES: YihY/virulence factor BrkB family protein [Prochlorococcus]	CytoplasmicMembrane	10.00
WP_063418989.1 MULTISPECIES: phosphoadenylyl-sulfate reductase [Prochlorococcus]	Cytoplasmic	9.97
WP_063418990.1 MULTISPECIES: high light inducible protein [Prochlorococcus]	CytoplasmicMembrane	9.82
WP_063418992.1 MULTISPECIES: alpha/beta fold hydrolase [Prochlorococcus]	Unknown	2.00
WP_063418993.1 MULTISPECIES: efflux RND transporter permease subunit [Prochlorococcus]	CytoplasmicMembrane	10.00
WP_063418997.1 MULTISPECIES: hypothetical protein [Prochlorococcus]	CytoplasmicMembrane	10.00
WP_063418999.1 MULTISPECIES: fumarate reductase/succinate dehydrogenase flavoprotein subunit [Prochlorococcus]	CytoplasmicMembrane	9.99
WP_063419000.1 MULTISPECIES: succinate dehydrogenase/fumarate reductase iron-sulfur subunit [Prochlorococcus]	CytoplasmicMembrane	9.82
WP_063419001.1 MULTISPECIES: isopenicillin N synthase family dioxygenase [Prochlorococcus]	Cytoplasmic	9.97
WP_063419002.1 MULTISPECIES: 8-oxo-dGTP diphosphatase MutT [Prochlorococcus]	Cytoplasmic	9.26
WP_063419009.1 MULTISPECIES: carbohydrate kinase family protein [Prochlorococcus]	Unknown	2.00
WP_063419016.1 MULTISPECIES: adenosylhomocysteinase [Prochlorococcus]	Cytoplasmic	9.97
WP_063419018.1 MULTISPECIES: DedA family protein [Prochlorococcus]	CytoplasmicMembrane	10.00
WP_063419021.1 MULTISPECIES: rod shape-determining protein MreC [Prochlorococcus]	CytoplasmicMembrane	9.82
WP_063419023.1 MULTISPECIES: hypothetical protein [Prochlorococcus]	CytoplasmicMembrane	10.00
WP_063419025.1 MULTISPECIES: ABC transporter substrate-binding protein [Prochlorococcus]	Unknown	2.00
WP_063419027.1 MULTISPECIES: response regulator transcription factor RpaB [Prochlorococcus]	Cytoplasmic	9.97
WP_063419031.1 MULTISPECIES: hercynine metabolism protein [Prochlorococcus]	Cytoplasmic	8.96
WP_063419032.1 MULTISPECIES: hercynine metabolism small protein [Prochlorococcus]	Unknown	2.00
WP_063419033.1 MULTISPECIES: L-histidine N(alpha)-methyltransferase [Prochlorococcus]	Cytoplasmic	8.96
WP_063419034.1 MULTISPECIES: ergothioneine biosynthesis protein EgtB [Prochlorococcus]	Cytoplasmic	8.96
WP_063419035.1 MULTISPECIES: hypothetical protein [Prochlorococcus]	CytoplasmicMembrane	9.82
WP_063419039.1 MULTISPECIES: SsrA-binding protein SmpB [Prochlorococcus]	Cytoplasmic	8.96
WP_063419041.1 MULTISPECIES: Holliday junction branch migration DNA helicase RuvB [Prochlorococcus]	Cytoplasmic	9.97
WP_063419043.1 MULTISPECIES: tetratricopeptide repeat protein [Prochlorococcus]	Unknown	2.00
WP_063419045.1 MULTISPECIES: amidohydrolase [Prochlorococcus]	Cytoplasmic	8.96
WP_063419047.1 MULTISPECIES: DUF3188 domain-containing protein [Prochlorococcus]	CytoplasmicMembrane	9.82
WP_063419049.1 MULTISPECIES: Nif11-like leader peptide family RiPP precursor [Prochlorococcus]	Unknown	2.00
WP_063419051.1 MULTISPECIES: DUF1499 domain-containing protein [Prochlorococcus]	Cytoplasmic	8.96
WP_063419053.1 MULTISPECIES: hypothetical protein [Prochlorococcus]	Cytoplasmic	8.96
WP_063419055.1 MULTISPECIES: shikimate kinase [Prochlorococcus]	Cytoplasmic	9.26
WP_063419057.1 MULTISPECIES: 6-carboxytetrahydropterin synthase [Prochlorococcus]	Cytoplasmic	9.97
WP_063419059.1 MULTISPECIES: RibD family protein [Prochlorococcus]	Unknown	2.00
WP_063419061.1 MULTISPECIES: GNAT family N-acetyltransferase [unclassified Prochlorococcus]	Cytoplasmic	9.97
WP_063419065.1 MULTISPECIES: DUF4346 domain-containing protein [Prochlorococcus]	Unknown	2.00
WP_063419067.1 MULTISPECIES: B12-binding domain-containing radical SAM protein [Prochlorococcus]	Cytoplasmic	8.96
WP_063419069.1 MULTISPECIES: MFS transporter [Prochlorococcus]	CytoplasmicMembrane	10.00
WP_063419071.1 MULTISPECIES: vitamin K epoxide reductase family protein [Prochlorococcus]	CytoplasmicMembrane	10.00
WP_063419073.1 MULTISPECIES: L-aspartate oxidase [Prochlorococcus]	Cytoplasmic	9.97
WP_063419075.1 MULTISPECIES: photosystem II complex extrinsic protein PsbU [Prochlorococcus]	CytoplasmicMembrane	9.82
WP_063419077.1 MULTISPECIES: DUF3120 domain-containing protein [Prochlorococcus]	CytoplasmicMembrane	10.00
WP_063419079.1 MULTISPECIES: TIGR03279 family radical SAM protein [Prochlorococcus]	Cytoplasmic	8.96
WP_063419081.1 MULTISPECIES: TolC family protein [Prochlorococcus]	OuterMembrane	9.49
WP_063419083.1 MULTISPECIES: inositol monophosphatase family protein [Prochlorococcus]	Cytoplasmic	9.26
WP_063419087.1 MULTISPECIES: tRNA (adenosine(37)-N6)-threonylcarbamoyltransferase complex ATPase subunit type 1 TsaE [Prochlorococcus]	CytoplasmicMembrane	8.46
WP_063419091.1 MULTISPECIES: phosphomethylpyrimidine synthase ThiC [Prochlorococcus]	Cytoplasmic	9.97
WP_063419095.1 MULTISPECIES: hypothetical protein [Prochlorococcus]	Unknown	2.00
WP_063419102.1 tetratricopeptide repeat protein [Prochlorococcus marinus]	Cytoplasmic	8.96
WP_063419106.1 MULTISPECIES: THUMP domain-containing class I SAM-dependent RNA methyltransferase [Prochlorococcus]	Cytoplasmic	9.97
WP_063419108.1 MULTISPECIES: phage holin family protein [Prochlorococcus]	CytoplasmicMembrane	9.82
WP_063419110.1 MULTISPECIES: Nif11-like leader peptide family natural product precursor [Prochlorococcus]	Unknown	2.00
WP_063419112.1 MULTISPECIES: hypothetical protein [Prochlorococcus]	Unknown	2.00
WP_063419113.1 MULTISPECIES: chromosome segregation protein SMC [Prochlorococcus]	Cytoplasmic	9.97
WP_063419114.1 MULTISPECIES: PRC-barrel domain-containing protein [Prochlorococcus]	Cytoplasmic	8.96
WP_063419115.1 MULTISPECIES: peptide-methionine (R)-S-oxide reductase MsrB [Prochlorococcus]	Cytoplasmic	9.26
WP_063419116.1 MULTISPECIES: hypothetical protein [Prochlorococcus]	CytoplasmicMembrane	9.82
WP_063419117.1 MULTISPECIES: Ycf66 family protein [Prochlorococcus]	CytoplasmicMembrane	9.46
WP_063419118.1 MULTISPECIES: hypothetical protein [Prochlorococcus]	Unknown	2.50
WP_063419119.1 MULTISPECIES: ABC transporter ATP-binding protein/permease [Prochlorococcus]	CytoplasmicMembrane	10.00
WP_063419120.1 MULTISPECIES: histidine triad nucleotide-binding protein [Prochlorococcus]	Cytoplasmic	9.26
WP_063419121.1 MULTISPECIES: YifB family Mg chelatase-like AAA ATPase [Prochlorococcus]	Cytoplasmic	9.97
WP_063419123.1 MULTISPECIES: alpha/beta hydrolase family protein [Prochlorococcus]	Cytoplasmic	9.26
WP_063419124.1 MULTISPECIES: SufB/SufD family protein [Prochlorococcus]	Cytoplasmic	8.96
WP_063419125.1 MULTISPECIES: Fe-S cluster assembly ATPase SufC [Prochlorococcus]	Cytoplasmic	9.97
WP_063419126.1 MULTISPECIES: Fe-S cluster assembly protein SufB [Prochlorococcus]	Cytoplasmic	8.96
WP_063419128.1 MULTISPECIES: iron-sulfur cluster biosynthesis transcriptional regulator SufR [Prochlorococcus]	Unknown	2.00
WP_063419129.1 MULTISPECIES: hypothetical protein [Prochlorococcus]	Unknown	2.00
WP_063419130.1 MULTISPECIES: DUF4912 domain-containing protein [Prochlorococcus]	Unknown	2.00
WP_063419131.1 MULTISPECIES: tetratricopeptide repeat protein [Prochlorococcus]	Unknown	5.48
WP_063419132.1 MULTISPECIES: class I SAM-dependent methyltransferase [Prochlorococcus]	Unknown	2.00
WP_063419135.1 MULTISPECIES: SufS family cysteine desulfurase [Prochlorococcus]	Cytoplasmic	9.97
WP_063419137.1 MULTISPECIES: hypothetical protein [Prochlorococcus]	Cytoplasmic	8.96
WP_063419139.1 hypothetical protein [Prochlorococcus marinus]	Unknown	2.00
WP_063419140.1 hypothetical protein [Prochlorococcus marinus]	Cytoplasmic	8.96
WP_063419141.1 MULTISPECIES: hypothetical protein [Prochlorococcus]	CytoplasmicMembrane	9.82
WP_063419142.1 MULTISPECIES: hypothetical protein [Prochlorococcus]	Unknown	2.00
WP_063419143.1 MULTISPECIES: hypothetical protein [Prochlorococcus]	Unknown	2.00
WP_063419145.1 MULTISPECIES: hypothetical protein [Prochlorococcus]	Unknown	2.00
WP_063419147.1 MULTISPECIES: S8 family serine peptidase [Prochlorococcus]	Unknown	6.26
WP_063419148.1 MULTISPECIES: hypothetical protein [Prochlorococcus]	Unknown	2.00
WP_063419152.1 MULTISPECIES: Nif11-like leader peptide family RiPP precursor [Prochlorococcus]	Unknown	2.00
WP_063419153.1 MULTISPECIES: hypothetical protein [Prochlorococcus]	Unknown	2.00
WP_063419154.1 MULTISPECIES: Nif11-like leader peptide family natural product precursor [Prochlorococcus]	Unknown	2.00
WP_063419155.1 MULTISPECIES: hypothetical protein [Prochlorococcus]	OuterMembrane	9.52
WP_063419157.1 MULTISPECIES: DUF3987 domain-containing protein [Prochlorococcus]	Cytoplasmic	8.96
WP_063419158.1 MULTISPECIES: hypothetical protein [Prochlorococcus]	Cytoplasmic	8.96
WP_063419159.1 MULTISPECIES: hypothetical protein [Prochlorococcus]	Unknown	2.00
WP_063419161.1 MULTISPECIES: DMT family transporter [Prochlorococcus]	CytoplasmicMembrane	10.00
WP_063419162.1 MULTISPECIES: hypothetical protein [Prochlorococcus]	Unknown	2.00
WP_063419165.1 MULTISPECIES: hypothetical protein [Prochlorococcus]	Unknown	2.00
WP_063419167.1 MULTISPECIES: carbohydrate kinase family protein [Prochlorococcus]	Unknown	2.00
WP_063419170.1 MULTISPECIES: hypothetical protein [Prochlorococcus]	CytoplasmicMembrane	9.86
WP_063419173.1 MULTISPECIES: hypothetical protein [Prochlorococcus]	Unknown	2.00
WP_063419174.1 MULTISPECIES: GMC oxidoreductase [Prochlorococcus]	Extracellular	9.52
WP_063419175.1 MULTISPECIES: sirohydrochlorin chelatase [Prochlorococcus]	Cytoplasmic	8.96
WP_063419177.1 MULTISPECIES: hypothetical protein [Prochlorococcus]	Unknown	2.00
WP_063419178.1 MULTISPECIES: amino acid ABC transporter substrate-binding protein [Prochlorococcus]	Periplasmic	10.00
WP_063419179.1 MULTISPECIES: ABC transporter permease subunit [Prochlorococcus]	CytoplasmicMembrane	10.00
WP_063419180.1 MULTISPECIES: HdeD family acid-resistance protein [Prochlorococcus]	CytoplasmicMembrane	10.00
WP_063419181.1 MULTISPECIES: DUF6868 family protein [Prochlorococcus]	CytoplasmicMembrane	9.82
WP_063419182.1 MULTISPECIES: amino acid ABC transporter permease [Prochlorococcus]	CytoplasmicMembrane	10.00
WP_063419183.1 MULTISPECIES: amino acid ABC transporter ATP-binding protein [Prochlorococcus]	CytoplasmicMembrane	10.00
WP_063419184.1 MULTISPECIES: hypothetical protein [Prochlorococcus]	Unknown	2.00
WP_063419185.1 MULTISPECIES: hypothetical protein [Prochlorococcus]	Unknown	2.00
WP_063419187.1 MULTISPECIES: SemiSWEET transporter [Prochlorococcus]	CytoplasmicMembrane	10.00
WP_063419190.1 MULTISPECIES: TIGR02450 family Trp-rich protein [Prochlorococcus]	Unknown	2.00
WP_063419191.1 MULTISPECIES: prohibitin family protein [Prochlorococcus]	Unknown	2.00
WP_063419192.1 MULTISPECIES: putative quinol monooxygenase [Prochlorococcus]	Unknown	2.00
WP_063419193.1 MULTISPECIES: ABC1 kinase family protein [Prochlorococcus]	CytoplasmicMembrane	7.88
WP_063419194.1 MULTISPECIES: lysine decarboxylase [Prochlorococcus]	Cytoplasmic	8.96
WP_063419195.1 MULTISPECIES: DUF2993 domain-containing protein [Prochlorococcus]	Unknown	2.00
WP_063419196.1 MULTISPECIES: iron-containing alcohol dehydrogenase family protein [Prochlorococcus]	Cytoplasmic	8.96
WP_063419197.1 MULTISPECIES: ATP-dependent Clp protease ATP-binding subunit [Prochlorococcus]	Cytoplasmic	9.97
WP_063419198.1 MULTISPECIES: biotin synthase BioB [Prochlorococcus]	Cytoplasmic	9.97
WP_063419199.1 MULTISPECIES: rhodanese-related sulfurtransferase [Prochlorococcus]	Cytoplasmic	8.96
WP_063419200.1 MULTISPECIES: hypothetical protein [Prochlorococcus]	Unknown	2.00
WP_063419202.1 MULTISPECIES: aminopeptidase N [Prochlorococcus]	Unknown	6.29
WP_063419203.1 MULTISPECIES: carotenoid isomerase [Prochlorococcus]	Cytoplasmic	8.96
WP_063419204.1 MULTISPECIES: FADH(2)-oxidizing methylenetetrahydrofolate--tRNA-(uracil(54)-C(5))-methyltransferase TrmFO [Prochlorococcus]	Cytoplasmic	9.97
WP_063419206.1 MULTISPECIES: MFS transporter [Prochlorococcus]	CytoplasmicMembrane	10.00
WP_063419207.1 MULTISPECIES: hypothetical protein [Prochlorococcus]	Unknown	2.00
WP_063419208.1 hypothetical protein [Prochlorococcus marinus]	Unknown	2.00
WP_063419209.1 MULTISPECIES: hypothetical protein [Prochlorococcus]	Unknown	2.50
WP_063419210.1 MULTISPECIES: hypothetical protein [Prochlorococcus]	CytoplasmicMembrane	9.82
WP_063419213.1 MULTISPECIES: hypothetical protein [Prochlorococcus]	CytoplasmicMembrane	9.82
WP_063419216.1 MULTISPECIES: dienelactone hydrolase family protein [Prochlorococcus]	Unknown	2.00
WP_063419217.1 MULTISPECIES: tyrosine-type recombinase/integrase [Prochlorococcus]	Cytoplasmic	8.96
WP_063419219.1 MULTISPECIES: hypothetical protein [Prochlorococcus]	Unknown	2.00
WP_063419220.1 MULTISPECIES: hypothetical protein [Prochlorococcus]	Unknown	2.00
WP_063419221.1 MULTISPECIES: pyridoxal phosphate-dependent aminotransferase [Prochlorococcus]	Cytoplasmic	9.26
WP_063419222.1 MULTISPECIES: cupin domain-containing protein [Prochlorococcus]	Unknown	2.00
WP_063419224.1 MULTISPECIES: AmmeMemoRadiSam system protein B [Prochlorococcus]	Cytoplasmic	8.96
WP_063419225.1 MULTISPECIES: AmmeMemoRadiSam system radical SAM enzyme [Prochlorococcus]	Unknown	2.00
WP_063419226.1 MULTISPECIES: hypothetical protein [Prochlorococcus]	CytoplasmicMembrane	9.82
WP_063419227.1 MULTISPECIES: NUDIX hydrolase [Prochlorococcus]	Unknown	2.00
WP_063419228.1 MULTISPECIES: ion transporter [Prochlorococcus]	CytoplasmicMembrane	10.00
WP_063419230.1 MULTISPECIES: hypothetical protein [Prochlorococcus]	Unknown	2.00
WP_063419234.1 MULTISPECIES: hypothetical protein [Prochlorococcus]	Unknown	2.00
WP_063419236.1 MULTISPECIES: hypothetical protein [Prochlorococcus]	CytoplasmicMembrane	10.00
WP_063419237.1 MULTISPECIES: DUF1543 domain-containing protein [Prochlorococcus]	Cytoplasmic	8.96
WP_063419238.1 MULTISPECIES: peroxiredoxin [Prochlorococcus]	Cytoplasmic	9.26
WP_063419239.1 MULTISPECIES: trigger factor family protein [Prochlorococcus]	Cytoplasmic	8.96
WP_063419240.1 MULTISPECIES: hypothetical protein [Prochlorococcus]	Unknown	2.00
WP_063419241.1 MULTISPECIES: DUF1651 domain-containing protein [Prochlorococcus]	Unknown	2.00
WP_063419242.1 hypothetical protein [Prochlorococcus marinus]	Unknown	2.00
WP_063419243.1 MULTISPECIES: hypothetical protein [Prochlorococcus]	Unknown	2.00
WP_063419247.1 MULTISPECIES: cupin domain-containing protein [Prochlorococcus]	Unknown	2.00
WP_063419248.1 MULTISPECIES: hypothetical protein [Prochlorococcus]	Unknown	2.00
WP_063419249.1 MULTISPECIES: hypothetical protein [Prochlorococcus]	Unknown	2.00
WP_063419252.1 MULTISPECIES: hypothetical protein [Prochlorococcus]	Unknown	2.00
WP_063419254.1 MULTISPECIES: hypothetical protein [Prochlorococcus]	Unknown	2.00
WP_063419255.1 MULTISPECIES: hypothetical protein [Prochlorococcus]	Unknown	2.00
WP_063419256.1 hypothetical protein [Prochlorococcus marinus]	CytoplasmicMembrane	9.82
WP_063419257.1 MULTISPECIES: alpha/beta fold hydrolase [Prochlorococcus]	Unknown	2.00
WP_063419258.1 MULTISPECIES: diadenylate cyclase CdaA [Prochlorococcus]	CytoplasmicMembrane	10.00
WP_063419259.1 MULTISPECIES: glycoside hydrolase family 10 protein [Prochlorococcus]	Unknown	2.00
WP_063419260.1 MULTISPECIES: hypothetical protein [Prochlorococcus]	Unknown	2.00
WP_063419262.1 MULTISPECIES: DUF427 domain-containing protein [Prochlorococcus]	Cytoplasmic	8.96
WP_063419264.1 MULTISPECIES: phosphate ABC transporter substrate-binding protein PstS [Prochlorococcus]	Unknown	5.02
WP_063419265.1 MULTISPECIES: ArsR/SmtB family transcription factor [Prochlorococcus]	Cytoplasmic	9.26
WP_063419268.1 MULTISPECIES: SUMF1/EgtB/PvdO family nonheme iron enzyme [Prochlorococcus]	Unknown	6.26
WP_063419269.1 MULTISPECIES: hypothetical protein [Prochlorococcus]	Unknown	2.00
WP_063419272.1 MULTISPECIES: SUMF1/EgtB/PvdO family nonheme iron enzyme [Prochlorococcus]	OuterMembrane	9.49
WP_063419273.1 MULTISPECIES: molybdopterin-synthase adenylyltransferase MoeB [Prochlorococcus]	Cytoplasmic	9.97
WP_063419275.1 MULTISPECIES: hypothetical protein [Prochlorococcus]	Unknown	2.00
WP_063419278.1 MULTISPECIES: adenosylmethionine decarboxylase [Prochlorococcus]	Unknown	2.00
WP_063419280.1 MULTISPECIES: glutamate--cysteine ligase [Prochlorococcus]	Cytoplasmic	8.96
WP_063419282.1 MULTISPECIES: Mrp/NBP35 family ATP-binding protein [Prochlorococcus]	CytoplasmicMembrane	9.82
WP_063419283.1 MULTISPECIES: oxygen-dependent coproporphyrinogen oxidase [Prochlorococcus]	Cytoplasmic	9.97
WP_063419284.1 MULTISPECIES: lipid-A-disaccharide synthase-related protein [Prochlorococcus]	Unknown	2.00
WP_063419286.1 MULTISPECIES: hypothetical protein [Prochlorococcus]	Unknown	2.00
WP_063419287.1 MULTISPECIES: hypothetical protein [Prochlorococcus]	Unknown	2.00
WP_063419288.1 MULTISPECIES: tetratricopeptide repeat protein [Prochlorococcus]	Unknown	2.00
WP_063419289.1 MULTISPECIES: hypothetical protein [Prochlorococcus]	Unknown	2.00
WP_063419290.1 MULTISPECIES: hypothetical protein [Prochlorococcus]	Cytoplasmic	8.96
WP_063419291.1 MULTISPECIES: phosphoribosylformylglycinamidine cyclo-ligase [Prochlorococcus]	Cytoplasmic	9.97
WP_063419292.1 MULTISPECIES: septal ring lytic transglycosylase RlpA family protein [Prochlorococcus]	Unknown	2.50
WP_063419294.1 MULTISPECIES: low molecular weight protein-tyrosine-phosphatase [Prochlorococcus]	Cytoplasmic	9.97
WP_063419295.1 MULTISPECIES: phycoerythrobilin:ferredoxin oxidoreductase [Prochlorococcus]	Unknown	2.00
WP_063419296.1 MULTISPECIES: 15,16-dihydrobiliverdin:ferredoxin oxidoreductase [Prochlorococcus]	Unknown	2.00
WP_063419297.1 MULTISPECIES: heme oxygenase (biliverdin-producing) [Prochlorococcus]	Cytoplasmic	8.96
WP_063419298.1 MULTISPECIES: bleomycin hydrolase [Prochlorococcus]	Unknown	2.00
WP_063419299.1 MULTISPECIES: bleomycin hydrolase [Prochlorococcus]	Unknown	2.00
WP_063419301.1 MULTISPECIES: HEAT repeat domain-containing protein [Prochlorococcus]	Unknown	2.00
WP_063419304.1 MULTISPECIES: HEAT repeat domain-containing protein [Prochlorococcus]	Cytoplasmic	8.96
WP_063419305.1 MULTISPECIES: chromophore lyase CpcT/CpeT [Prochlorococcus]	Cytoplasmic	8.96
WP_063419306.1 MULTISPECIES: phycobiliprotein lyase [Prochlorococcus]	Unknown	2.00
WP_063419307.1 MULTISPECIES: hypothetical protein [Prochlorococcus]	Unknown	2.00
WP_063419309.1 MULTISPECIES: hypothetical protein [Prochlorococcus]	Unknown	2.00
WP_063419311.1 MULTISPECIES: FGGY-family carbohydrate kinase [Prochlorococcus]	Unknown	2.00
WP_063419312.1 MULTISPECIES: methionine adenosyltransferase [Prochlorococcus]	Cytoplasmic	9.97
WP_063419313.1 MULTISPECIES: HAD family hydrolase [Prochlorococcus]	Unknown	2.00
WP_063419314.1 MULTISPECIES: 30S ribosomal protein S1 [Prochlorococcus]	Cytoplasmic	9.97
WP_063419315.1 MULTISPECIES: transcriptional regulator NrdR [Prochlorococcus]	Cytoplasmic	9.97
WP_063419317.1 MULTISPECIES: acyl-CoA thioesterase [Prochlorococcus]	Unknown	2.00
WP_063419318.1 MULTISPECIES: DNA-processing protein DprA [Prochlorococcus]	CytoplasmicMembrane	9.82
WP_063419319.1 MULTISPECIES: peptide chain release factor N(5)-glutamine methyltransferase [Prochlorococcus]	Cytoplasmic	9.97
WP_063419320.1 MULTISPECIES: L-threonylcarbamoyladenylate synthase [Prochlorococcus]	CytoplasmicMembrane	9.86
WP_063419321.1 MULTISPECIES: hypothetical protein [Prochlorococcus]	Unknown	2.00
WP_063419323.1 MULTISPECIES: cell division topological specificity factor MinE [Prochlorococcus]	Cytoplasmic	9.97
WP_063419324.1 MULTISPECIES: septum site-determining protein MinD [Prochlorococcus]	CytoplasmicMembrane	9.82
WP_063419325.1 MULTISPECIES: septum site-determining protein MinC [Prochlorococcus]	Cytoplasmic	8.96
WP_063419326.1 MULTISPECIES: HD domain-containing protein [Prochlorococcus]	Cytoplasmic	8.96
WP_063419327.1 MULTISPECIES: carboxyl-terminal processing protease CtpZ [Prochlorococcus]	Unknown	4.97
WP_063419331.1 MULTISPECIES: rod shape-determining protein RodA [Prochlorococcus]	CytoplasmicMembrane	10.00
WP_063419333.1 MULTISPECIES: ribonuclease D [Prochlorococcus]	Cytoplasmic	9.97
WP_063419335.1 MULTISPECIES: GNAT family N-acetyltransferase [Prochlorococcus]	Unknown	2.00
WP_063419336.1 MULTISPECIES: preprotein translocase subunit SecA [Prochlorococcus]	Cytoplasmic	9.12
WP_063419338.1 MULTISPECIES: dTDP-4-dehydrorhamnose 3,5-epimerase [Prochlorococcus]	Unknown	2.00
WP_063419339.1 MULTISPECIES: dTDP-4-dehydrorhamnose reductase [Prochlorococcus]	Cytoplasmic	9.26
WP_063419340.1 MULTISPECIES: dTDP-glucose 4,6-dehydratase [Prochlorococcus]	Cytoplasmic	9.97
WP_063419341.1 MULTISPECIES: GDP-mannose 4,6-dehydratase [Prochlorococcus]	Cytoplasmic	9.97
WP_063419342.1 MULTISPECIES: glycosyltransferase [Prochlorococcus]	Cytoplasmic	9.26
WP_063419343.1 MULTISPECIES: glycosyltransferase [Prochlorococcus]	Unknown	2.00
WP_063419344.1 MULTISPECIES: glycosyltransferase [Prochlorococcus]	Cytoplasmic	8.96
WP_063419345.1 MULTISPECIES: hypothetical protein [Prochlorococcus]	Unknown	2.00
WP_063419346.1 MULTISPECIES: GDP-L-fucose synthase family protein [Prochlorococcus]	Cytoplasmic	9.97
WP_063419347.1 MULTISPECIES: glycosyltransferase family 4 protein [Prochlorococcus]	Cytoplasmic	9.97
WP_063419348.1 MULTISPECIES: glycosyltransferase family 2 protein [Prochlorococcus]	CytoplasmicMembrane	7.88
WP_063419350.1 MULTISPECIES: glycosyltransferase [Prochlorococcus]	Cytoplasmic	8.96
WP_063419351.1 MULTISPECIES: glycosyltransferase [Prochlorococcus]	Cytoplasmic	9.26
WP_063419352.1 MULTISPECIES: HlyD family secretion protein [Prochlorococcus]	Unknown	4.86
WP_063419353.1 MULTISPECIES: peptidase domain-containing ABC transporter [Prochlorococcus]	CytoplasmicMembrane	10.00
WP_063419354.1 MULTISPECIES: peptidylprolyl isomerase [Prochlorococcus]	Cytoplasmic	8.96
WP_063419356.1 MULTISPECIES: hypothetical protein [Prochlorococcus]	Unknown	2.00
WP_063419359.1 MULTISPECIES: sulfotransferase family protein [Prochlorococcus]	Unknown	2.00
WP_063419360.1 MULTISPECIES: glycosyltransferase family 32 protein [Prochlorococcus]	Unknown	2.00
WP_063419361.1 MULTISPECIES: glycosyltransferase family 4 protein [Prochlorococcus]	Cytoplasmic	8.96
WP_063419362.1 MULTISPECIES: hypothetical protein [Prochlorococcus]	Unknown	2.00
WP_063419364.1 MULTISPECIES: 2OG-Fe(II) oxygenase [Prochlorococcus]	Cytoplasmic	8.96
WP_063419365.1 MULTISPECIES: hypothetical protein [Prochlorococcus]	Cytoplasmic	8.96
WP_063419366.1 MULTISPECIES: beta strand repeat-containing protein [Prochlorococcus]	Extracellular	10.00
WP_063419368.1 MULTISPECIES: beta strand repeat-containing protein [Prochlorococcus]	Extracellular	10.00
WP_063419370.1 MULTISPECIES: ABC transporter ATP-binding protein [Prochlorococcus]	CytoplasmicMembrane	7.88
WP_063419371.1 MULTISPECIES: ABC transporter permease [Prochlorococcus]	CytoplasmicMembrane	10.00
WP_063419372.1 MULTISPECIES: serine O-acetyltransferase [Prochlorococcus]	Cytoplasmic	9.97
WP_063419373.1 MULTISPECIES: GntR family transcriptional regulator [Prochlorococcus]	Cytoplasmic	8.96
WP_063419375.1 MULTISPECIES: translation initiation factor IF-3 [Prochlorococcus]	Cytoplasmic	9.97
WP_063419376.1 MULTISPECIES: tRNA (adenosine(37)-N6)-dimethylallyltransferase MiaA [Prochlorococcus]	Cytoplasmic	9.97
WP_063419377.1 MULTISPECIES: hypothetical protein [Prochlorococcus]	Unknown	2.00
WP_063419378.1 MULTISPECIES: class I SAM-dependent methyltransferase [Prochlorococcus]	Unknown	2.00
WP_063419379.1 MULTISPECIES: acyltransferase [Prochlorococcus]	Cytoplasmic	9.26
WP_063419380.1 MULTISPECIES: NAD-dependent epimerase/dehydratase family protein [Prochlorococcus]	Unknown	2.00
WP_063419381.1 MULTISPECIES: cephalosporin hydroxylase family protein [Prochlorococcus]	Cytoplasmic	8.96
WP_063419382.1 MULTISPECIES: dTDP-4-dehydrorhamnose 3,5-epimerase family protein [Prochlorococcus]	Unknown	2.00
WP_063419383.1 MULTISPECIES: glucose-1-phosphate cytidylyltransferase [Prochlorococcus]	Cytoplasmic	8.96
WP_063419385.1 MULTISPECIES: DNA topoisomerase (ATP-hydrolyzing) subunit B [Prochlorococcus]	Cytoplasmic	9.97
WP_063419386.1 MULTISPECIES: hypothetical protein [Prochlorococcus]	Unknown	2.50
WP_063419387.1 MULTISPECIES: fluoride efflux transporter FluC [Prochlorococcus]	CytoplasmicMembrane	10.00
WP_063419388.1 MULTISPECIES: fluoride efflux transporter FluC [Prochlorococcus]	CytoplasmicMembrane	10.00
WP_063419389.1 MULTISPECIES: magnesium transporter [Prochlorococcus]	CytoplasmicMembrane	10.00
WP_063419390.1 MULTISPECIES: DNA mismatch repair protein MutS [Prochlorococcus]	CytoplasmicMembrane	8.46
WP_063419391.1 MULTISPECIES: 6,7-dimethyl-8-ribityllumazine synthase [Prochlorococcus]	Cytoplasmic	9.26
WP_063419392.1 MULTISPECIES: glucose-1-phosphate thymidylyltransferase RfbA [Prochlorococcus]	Cytoplasmic	9.26
WP_063419395.1 MULTISPECIES: CDP-glucose 4,6-dehydratase [Prochlorococcus]	Cytoplasmic	8.96
WP_063419396.1 MULTISPECIES: YcjF family protein [Prochlorococcus]	CytoplasmicMembrane	9.82
WP_063419397.1 MULTISPECIES: hypothetical protein [Prochlorococcus]	Unknown	2.00
WP_063419398.1 MULTISPECIES: tryptophan--tRNA ligase [Prochlorococcus]	Cytoplasmic	9.97
WP_063419400.1 MULTISPECIES: threonine--tRNA ligase [Prochlorococcus]	Cytoplasmic	10.00
WP_063419401.1 MULTISPECIES: M3 family metallopeptidase [Prochlorococcus]	Cytoplasmic	9.97
WP_063419402.1 MULTISPECIES: hypothetical protein [Prochlorococcus]	Unknown	2.00
WP_063419403.1 MULTISPECIES: esterase/lipase family protein [Prochlorococcus]	Unknown	2.00
WP_063419404.1 MULTISPECIES: dihydroneopterin aldolase [Prochlorococcus]	Unknown	2.00
WP_063419405.1 MULTISPECIES: glutamate-5-semialdehyde dehydrogenase [Prochlorococcus]	Cytoplasmic	9.97
WP_063419406.1 MULTISPECIES: ROK family protein [Prochlorococcus]	Cytoplasmic	9.26
WP_063419407.1 MULTISPECIES: translocation/assembly module TamB domain-containing protein [Prochlorococcus]	CytoplasmicMembrane	9.82
WP_063419408.1 MULTISPECIES: DUF4332 domain-containing protein [Prochlorococcus]	Unknown	2.00
WP_063419409.1 MULTISPECIES: CocE/NonD family hydrolase [Prochlorococcus]	Unknown	2.00
WP_063419410.1 MULTISPECIES: 1,4-alpha-glucan branching protein GlgB [Prochlorococcus]	Cytoplasmic	9.97
WP_063419411.1 MULTISPECIES: NAD-dependent epimerase/dehydratase family protein [Prochlorococcus]	Cytoplasmic	8.96
WP_063419412.1 MULTISPECIES: plastocyanin [Prochlorococcus]	Unknown	2.50
WP_063419413.1 MULTISPECIES: Nif11-like leader peptide family natural product precursor [unclassified Prochlorococcus]	Unknown	2.00
WP_063419414.1 MULTISPECIES: ATP-dependent chaperone ClpB [Prochlorococcus]	Cytoplasmic	9.97
WP_063419415.1 MULTISPECIES: 6-carboxytetrahydropterin synthase [Prochlorococcus]	Unknown	2.00
WP_063419417.1 MULTISPECIES: bifunctional phosphoribosyl-AMP cyclohydrolase/phosphoribosyl-ATP diphosphatase HisIE [Prochlorococcus]	Cytoplasmic	9.97
WP_063419418.1 MULTISPECIES: hypothetical protein [Prochlorococcus]	Unknown	2.00
WP_063419419.1 MULTISPECIES: sigma-70 family RNA polymerase sigma factor [Prochlorococcus]	Cytoplasmic	9.97
WP_063419420.1 MULTISPECIES: hypothetical protein [Prochlorococcus]	Unknown	2.00
WP_063419421.1 MULTISPECIES: phosphate-starvation-inducible PsiE family protein [Prochlorococcus]	Unknown	2.00
WP_063419423.1 MULTISPECIES: tryptophan synthase subunit alpha [Prochlorococcus]	Cytoplasmic	9.26
WP_063419424.1 MULTISPECIES: calcium/sodium antiporter [Prochlorococcus]	CytoplasmicMembrane	10.00
WP_063419425.1 MULTISPECIES: glutathione-disulfide reductase [Prochlorococcus]	Cytoplasmic	9.97
WP_063419426.1 MULTISPECIES: glutathione S-transferase family protein [Prochlorococcus]	Cytoplasmic	8.96
WP_063419427.1 MULTISPECIES: DUF2808 domain-containing protein [Prochlorococcus]	Unknown	2.00
WP_063419428.1 MULTISPECIES: glutamate decarboxylase [Prochlorococcus]	Cytoplasmic	9.97
WP_063419429.1 MULTISPECIES: DUF6790 family protein [Prochlorococcus]	CytoplasmicMembrane	9.82
WP_063419430.1 MULTISPECIES: DUF6790 family protein [Prochlorococcus]	CytoplasmicMembrane	9.82
WP_063419431.1 MULTISPECIES: oxidoreductase [Prochlorococcus]	Cytoplasmic	9.97
WP_063419432.1 MULTISPECIES: hypothetical protein [Prochlorococcus]	Cytoplasmic	8.96
WP_063419434.1 MULTISPECIES: hypothetical protein [Prochlorococcus]	Unknown	2.00
WP_063419438.1 MULTISPECIES: hypothetical protein [Prochlorococcus]	Unknown	2.00
WP_063419439.1 MULTISPECIES: peptide-methionine (S)-S-oxide reductase MsrA [Prochlorococcus]	Unknown	2.00
WP_063419441.1 MULTISPECIES: peroxiredoxin-like family protein [Prochlorococcus]	Unknown	2.00
WP_063419443.1 MULTISPECIES: ferritin [Prochlorococcus]	Cytoplasmic	9.26
WP_063419444.1 MULTISPECIES: helix-turn-helix domain-containing protein [Prochlorococcus]	Unknown	2.00
WP_063419445.1 MULTISPECIES: endonuclease III [Prochlorococcus]	Cytoplasmic	9.97
WP_063419446.1 MULTISPECIES: glycoside hydrolase family 104 protein [Prochlorococcus]	Unknown	2.00
WP_063419447.1 MULTISPECIES: dihydroorotase [Prochlorococcus]	Cytoplasmic	9.97
WP_063419451.1 MULTISPECIES: ABC transporter ATP-binding protein [Prochlorococcus]	CytoplasmicMembrane	10.00
WP_063419452.1 SUMF1/EgtB/PvdO family nonheme iron enzyme, partial [Prochlorococcus marinus]	OuterMembrane	9.49
WP_063419453.1 MULTISPECIES: clostripain-related cysteine peptidase [Prochlorococcus]	Unknown	6.04
WP_063419454.1 MULTISPECIES: hypothetical protein [Prochlorococcus]	Unknown	2.00
WP_063419456.1 MULTISPECIES: hypothetical protein [Prochlorococcus]	Unknown	2.00
WP_063419457.1 MULTISPECIES: clostripain-related cysteine peptidase [Prochlorococcus]	Unknown	6.04
WP_063419458.1 SUMF1/EgtB/PvdO family nonheme iron enzyme [Prochlorococcus marinus]	OuterMembrane	9.49
WP_063419460.1 MULTISPECIES: DUF805 domain-containing protein [Prochlorococcus]	CytoplasmicMembrane	10.00
WP_063419461.1 MULTISPECIES: cytochrome P450 [Prochlorococcus]	Unknown	2.00
WP_063419465.1 MULTISPECIES: hypothetical protein [Prochlorococcus]	Unknown	2.00
WP_063419466.1 MULTISPECIES: cupin domain-containing protein [Prochlorococcus]	Unknown	2.00
WP_063419469.1 hypothetical protein [Prochlorococcus marinus]	Unknown	2.00
WP_063419470.1 MULTISPECIES: hypothetical protein [Prochlorococcus]	Unknown	2.00
WP_063419476.1 MULTISPECIES: metallophosphoesterase family protein [Prochlorococcus]	Cytoplasmic	9.26
WP_063419477.1 MULTISPECIES: pentapeptide repeat-containing protein [Prochlorococcus]	Unknown	2.50
WP_063419478.1 MULTISPECIES: sodium/glutamate symporter [Prochlorococcus]	CytoplasmicMembrane	10.00
WP_063419479.1 MULTISPECIES: NAD(P)/FAD-dependent oxidoreductase [Prochlorococcus]	Cytoplasmic	9.26
WP_063419480.1 MULTISPECIES: FAD-dependent thymidylate synthase [Prochlorococcus]	Unknown	2.00
WP_063419482.1 MULTISPECIES: DnaJ C-terminal domain-containing protein [Prochlorococcus]	Cytoplasmic	9.97
WP_063419483.1 MULTISPECIES: ABC transporter ATP-binding protein [Prochlorococcus]	CytoplasmicMembrane	10.00
WP_063419486.1 MULTISPECIES: hypothetical protein [Prochlorococcus]	Unknown	2.00
WP_063419487.1 MULTISPECIES: hypothetical protein [Prochlorococcus]	Unknown	2.00
WP_063419488.1 MULTISPECIES: ATP-binding cassette domain-containing protein [Prochlorococcus]	Cytoplasmic	9.97
WP_063419489.1 MULTISPECIES: DUF2301 domain-containing membrane protein [Prochlorococcus]	CytoplasmicMembrane	10.00
WP_063419490.1 MULTISPECIES: glutathione S-transferase C-terminal domain-containing protein [Prochlorococcus]	Periplasmic	9.80
WP_063419491.1 MULTISPECIES: hypothetical protein [Prochlorococcus]	Unknown	2.50
WP_063419492.1 MULTISPECIES: hypothetical protein [Prochlorococcus]	Unknown	2.50
WP_063419494.1 MULTISPECIES: hypothetical protein [Prochlorococcus]	Cytoplasmic	8.96
WP_063419495.1 MULTISPECIES: porphobilinogen synthase [Prochlorococcus]	Cytoplasmic	9.97
WP_063419496.1 MULTISPECIES: endonuclease MutS2 [Prochlorococcus]	Cytoplasmic	9.97
WP_063419497.1 MULTISPECIES: aspartoacylase [Prochlorococcus]	Unknown	2.00
WP_063419498.1 MULTISPECIES: hypothetical protein [Prochlorococcus]	Unknown	2.50
WP_063419500.1 MULTISPECIES: protein adenylyltransferase SelO [Prochlorococcus]	Cytoplasmic	8.96
WP_063419501.1 MULTISPECIES: hypothetical protein [Prochlorococcus]	Unknown	2.50
WP_063419502.1 MULTISPECIES: hypothetical protein [Prochlorococcus]	Unknown	2.00
WP_063419503.1 MULTISPECIES: tRNA glutamyl-Q(34) synthetase GluQRS [Prochlorococcus]	Cytoplasmic	9.97
WP_063419504.1 MULTISPECIES: MBL fold metallo-hydrolase [Prochlorococcus]	Unknown	2.00
WP_063419505.1 MULTISPECIES: DUF3086 domain-containing protein [Prochlorococcus]	Unknown	2.00
WP_063419506.1 MULTISPECIES: glycerol-3-phosphate 1-O-acyltransferase PlsY [unclassified Prochlorococcus]	CytoplasmicMembrane	10.00
WP_063419507.1 MULTISPECIES: tyrosine--tRNA ligase [Prochlorococcus]	Cytoplasmic	9.97
WP_063419508.1 MULTISPECIES: peptide-methionine (S)-S-oxide reductase MsrA [Prochlorococcus]	Unknown	2.50
WP_063419509.1 MULTISPECIES: lipid-A-disaccharide synthase [Prochlorococcus]	Cytoplasmic	9.97
WP_063419510.1 MULTISPECIES: acyl-ACP--UDP-N-acetylglucosamine O-acyltransferase [Prochlorococcus]	Cytoplasmic	9.97
WP_063419511.1 MULTISPECIES: UDP-3-O-acyl-N-acetylglucosamine deacetylase [Prochlorococcus]	Cytoplasmic	9.26
WP_063419512.1 MULTISPECIES: BamA/TamA family outer membrane protein [Prochlorococcus]	OuterMembrane	10.00
WP_063419513.1 MULTISPECIES: phosphoribosylaminoimidazolesuccinocarboxamide synthase [Prochlorococcus]	Cytoplasmic	9.97
WP_063419514.1 MULTISPECIES: hypothetical protein [Prochlorococcus]	Unknown	2.50
WP_063419515.1 MULTISPECIES: phosphoribosylamine--glycine ligase [Prochlorococcus]	Cytoplasmic	9.97
WP_063419516.1 MULTISPECIES: HAMP domain-containing sensor histidine kinase [Prochlorococcus]	CytoplasmicMembrane	10.00
WP_063419517.1 MULTISPECIES: circadian clock protein KaiC [Prochlorococcus]	Unknown	2.00
WP_063419518.1 MULTISPECIES: circadian clock protein KaiB [Prochlorococcus]	Cytoplasmic	9.97
WP_063419520.1 MULTISPECIES: 50S ribosomal protein L21 [Prochlorococcus]	Cytoplasmic	9.26
WP_063419521.1 MULTISPECIES: tRNA pseudouridine(55) synthase TruB [Prochlorococcus]	Cytoplasmic	9.26
WP_063419522.1 MULTISPECIES: hypothetical protein [Prochlorococcus]	Unknown	2.00
WP_063419523.1 MULTISPECIES: glucosamine-6-phosphate deaminase [Prochlorococcus]	Unknown	2.00
WP_063419525.1 MULTISPECIES: photosystem II cytochrome c-550 [Prochlorococcus]	CytoplasmicMembrane	9.97
WP_063419527.1 MULTISPECIES: 50S ribosomal protein L11 methyltransferase [Prochlorococcus]	Cytoplasmic	9.26
WP_063419528.1 MULTISPECIES: phosphoglycerate dehydrogenase [Prochlorococcus]	Cytoplasmic	9.97
WP_063419529.1 MULTISPECIES: hypothetical protein [Prochlorococcus]	Unknown	2.00
WP_063419530.1 MULTISPECIES: photosystem II S4 domain protein [Prochlorococcus]	Cytoplasmic	8.96
WP_063419531.1 MULTISPECIES: UDP-N-acetylmuramoyl-L-alanine--D-glutamate ligase [Prochlorococcus]	Cytoplasmic	9.26
WP_063419532.1 MULTISPECIES: DUF4090 family protein [Prochlorococcus]	Unknown	2.00
WP_063419534.1 MULTISPECIES: 2OG-Fe(II) oxygenase [Prochlorococcus]	Unknown	2.00
WP_063419535.1 MULTISPECIES: EVE domain-containing protein [Prochlorococcus]	Unknown	2.00
WP_063419536.1 MULTISPECIES: 2,3-bisphosphoglycerate-independent phosphoglycerate mutase [Prochlorococcus]	Cytoplasmic	9.97
WP_063419537.1 MULTISPECIES: hypothetical protein [Prochlorococcus]	Unknown	2.00
WP_063419538.1 MULTISPECIES: hypothetical protein [Prochlorococcus]	Cytoplasmic	8.96
WP_063419539.1 MULTISPECIES: transaldolase family protein [Prochlorococcus]	Cytoplasmic	9.26
WP_063419540.1 MULTISPECIES: 30S ribosomal protein PSRP-3 [Prochlorococcus]	Unknown	2.00
WP_063419542.1 MULTISPECIES: aminopeptidase P N-terminal domain-containing protein [Prochlorococcus]	Cytoplasmic	9.97
WP_063419544.1 MULTISPECIES: GTP-binding protein [Prochlorococcus]	Unknown	2.00
WP_063419545.1 MULTISPECIES: nicotinate-nucleotide adenylyltransferase [Prochlorococcus]	Unknown	2.00
WP_063419546.1 MULTISPECIES: NAD+ synthase [Prochlorococcus]	Unknown	2.00
WP_063419547.1 MULTISPECIES: alanine dehydrogenase [Prochlorococcus]	Cytoplasmic	9.97
WP_063419548.1 MULTISPECIES: DUF3326 domain-containing protein [Prochlorococcus]	Unknown	2.00
WP_063419549.1 MULTISPECIES: F0F1 ATP synthase subunit B' [Prochlorococcus]	Unknown	2.00
WP_063419550.1 MULTISPECIES: class I SAM-dependent methyltransferase [Prochlorococcus]	Cytoplasmic	8.96
WP_063419551.1 MULTISPECIES: FtsW/RodA/SpoVE family cell cycle protein [Prochlorococcus]	CytoplasmicMembrane	10.00
WP_063419552.1 MULTISPECIES: cytochrome c biogenesis protein ResB [Prochlorococcus]	CytoplasmicMembrane	10.00
WP_063419553.1 MULTISPECIES: preQ(1) synthase [Prochlorococcus]	Cytoplasmic	8.96
WP_063419555.1 MULTISPECIES: class II fumarate hydratase [Prochlorococcus]	Cytoplasmic	9.97
WP_063419556.1 MULTISPECIES: DEAD/DEAH box helicase [Prochlorococcus]	Cytoplasmic	8.96
WP_063419557.1 MULTISPECIES: aminotransferase class I/II-fold pyridoxal phosphate-dependent enzyme [Prochlorococcus]	Cytoplasmic	9.26
WP_063419558.1 MULTISPECIES: alpha/beta hydrolase [Prochlorococcus]	Unknown	2.00
WP_063419560.1 MULTISPECIES: adenosylmethionine--8-amino-7-oxononanoate transaminase [Prochlorococcus]	Cytoplasmic	9.97
WP_063419561.1 MULTISPECIES: DUF3143 domain-containing protein [Prochlorococcus]	Unknown	2.00
WP_063419562.1 MULTISPECIES: J domain-containing protein [Prochlorococcus]	CytoplasmicMembrane	9.82
WP_063419563.1 MULTISPECIES: 16S rRNA (guanine(527)-N(7))-methyltransferase RsmG [Prochlorococcus]	Unknown	2.00
WP_063419564.1 MULTISPECIES: aldo/keto reductase [Prochlorococcus]	Cytoplasmic	8.96
WP_063419565.1 MULTISPECIES: HEAT repeat domain-containing protein [Prochlorococcus]	Cytoplasmic	8.96
WP_063419566.1 MULTISPECIES: sodium:solute symporter family protein [Prochlorococcus]	CytoplasmicMembrane	10.00
WP_063419567.1 MULTISPECIES: 23S rRNA (adenine(2503)-C(2))-methyltransferase RlmN [Prochlorococcus]	Cytoplasmic	9.97
WP_063419568.1 MULTISPECIES: DNA-directed RNA polymerase subunit beta' [Prochlorococcus]	Unknown	4.99
WP_063419569.1 MULTISPECIES: DNA-directed RNA polymerase subunit gamma [Prochlorococcus]	Cytoplasmic	9.97
WP_063419570.1 MULTISPECIES: TatD family hydrolase [Prochlorococcus]	Cytoplasmic	9.97
WP_063419571.1 MULTISPECIES: 30S ribosomal protein S20 [Prochlorococcus]	Cytoplasmic	9.26
WP_063419572.1 MULTISPECIES: histidinol dehydrogenase [Prochlorococcus]	Cytoplasmic	9.97
WP_063419573.1 MULTISPECIES: ribose-5-phosphate isomerase RpiA [Prochlorococcus]	Unknown	2.00
WP_063419574.1 MULTISPECIES: trypsin-like peptidase domain-containing protein [Prochlorococcus]	Periplasmic	9.44
WP_063419575.1 MULTISPECIES: hypothetical protein [Prochlorococcus]	CytoplasmicMembrane	9.82
WP_063419578.1 MULTISPECIES: hypothetical protein [Prochlorococcus]	Periplasmic	9.83
WP_063419580.1 MULTISPECIES: ribosome maturation factor RimP [Prochlorococcus]	Cytoplasmic	8.96
WP_063419581.1 MULTISPECIES: transcription termination factor NusA [Prochlorococcus]	Cytoplasmic	9.97
WP_063419582.1 MULTISPECIES: YlxR family protein [Prochlorococcus]	Unknown	2.00
WP_063419583.1 MULTISPECIES: translation initiation factor IF-2 [Prochlorococcus]	Cytoplasmic	9.97
WP_063419585.1 MULTISPECIES: DUF389 domain-containing protein [Prochlorococcus]	CytoplasmicMembrane	10.00
WP_063419586.1 MULTISPECIES: glycogen debranching protein [Prochlorococcus]	Cytoplasmic	9.97
WP_063419587.1 MULTISPECIES: MFS transporter [Prochlorococcus]	CytoplasmicMembrane	10.00
WP_063419588.1 MULTISPECIES: orotidine-5'-phosphate decarboxylase [Prochlorococcus]	Cytoplasmic	9.97
WP_063419589.1 MULTISPECIES: response regulator transcription factor [Prochlorococcus]	Cytoplasmic	9.97
WP_063419590.1 MULTISPECIES: leucyl aminopeptidase [Prochlorococcus]	Cytoplasmic	9.97
WP_063419592.1 MULTISPECIES: YebC/PmpR family DNA-binding transcriptional regulator [Prochlorococcus]	Cytoplasmic	8.96
WP_063419593.1 MULTISPECIES: ribonuclease Z [Prochlorococcus]	Unknown	2.00
WP_063419594.1 MULTISPECIES: hypothetical protein [Prochlorococcus]	Unknown	2.00
WP_063419595.1 MULTISPECIES: hypothetical protein [Prochlorococcus]	CytoplasmicMembrane	9.82
WP_063419596.1 MULTISPECIES: DUF1818 family protein [Prochlorococcus]	Unknown	2.00
WP_063419601.1 MULTISPECIES: methyltransferase domain-containing protein [Prochlorococcus]	Unknown	2.00
WP_063419602.1 MULTISPECIES: DNA-directed RNA polymerase subunit beta [Prochlorococcus]	Cytoplasmic	9.97
WP_063419603.1 MULTISPECIES: TrmH family RNA methyltransferase [Prochlorococcus]	Cytoplasmic	9.26
WP_063419604.1 MULTISPECIES: hypothetical protein [Prochlorococcus]	Unknown	2.00
WP_063419605.1 MULTISPECIES: UDP-N-acetylglucosamine 1-carboxyvinyltransferase [Prochlorococcus]	Unknown	5.95
WP_063419606.1 MULTISPECIES: bifunctional folylpolyglutamate synthase/dihydrofolate synthase [Prochlorococcus]	Cytoplasmic	9.97
WP_063419607.1 MULTISPECIES: pentapeptide repeat-containing protein [Prochlorococcus]	Extracellular	9.65
WP_063419608.1 MULTISPECIES: amidohydrolase family protein [Prochlorococcus]	Cytoplasmic	9.26
WP_063419609.1 MULTISPECIES: DUF4359 domain-containing protein [unclassified Prochlorococcus]	Unknown	2.00
WP_063419610.1 MULTISPECIES: D-alanine--D-alanine ligase family protein [Prochlorococcus]	Cytoplasmic	9.97
WP_063419611.1 MULTISPECIES: hypothetical protein [Prochlorococcus]	Unknown	2.00
WP_063419612.1 MULTISPECIES: cell division protein FtsQ/DivIB [Prochlorococcus]	Unknown	2.00
WP_063419615.1 MULTISPECIES: PIN/TRAM domain-containing protein [Prochlorococcus]	CytoplasmicMembrane	10.00
WP_063419616.1 MULTISPECIES: ketol-acid reductoisomerase [Prochlorococcus]	Cytoplasmic	9.97
WP_063419618.1 MULTISPECIES: adenosylcobinamide-phosphate synthase CbiB [Prochlorococcus]	CytoplasmicMembrane	10.00
WP_063419619.1 MULTISPECIES: hypothetical protein [Prochlorococcus]	Unknown	2.50
WP_063419620.1 MULTISPECIES: sugar transferase [Prochlorococcus]	CytoplasmicMembrane	10.00
WP_063419621.1 MULTISPECIES: glycosyltransferase [Prochlorococcus]	Cytoplasmic	8.96
WP_063419622.1 MULTISPECIES: hydantoinase B/oxoprolinase family protein [Prochlorococcus]	CytoplasmicMembrane	9.82
WP_063419623.1 MULTISPECIES: DUF4912 domain-containing protein [Prochlorococcus]	OuterMembrane	9.49
WP_063419625.1 MULTISPECIES: TVP38/TMEM64 family protein [Prochlorococcus]	CytoplasmicMembrane	10.00
WP_063419626.1 MULTISPECIES: Fe(3+) ABC transporter substrate-binding protein [Prochlorococcus]	Periplasmic	9.76
WP_063419631.1 MULTISPECIES: hypothetical protein [Prochlorococcus]	Cytoplasmic	8.96
WP_063419633.1 MULTISPECIES: Fe2+-dependent dioxygenase [Prochlorococcus]	Cytoplasmic	9.26
WP_063419634.1 MULTISPECIES: hypothetical protein [Prochlorococcus]	Unknown	2.50
WP_063419635.1 MULTISPECIES: iron uptake porin [Prochlorococcus]	OuterMembrane	9.52
WP_063419636.1 MULTISPECIES: glycine--tRNA ligase subunit alpha [Prochlorococcus]	Cytoplasmic	9.97
WP_063419637.1 MULTISPECIES: TVP38/TMEM64 family protein [Prochlorococcus]	CytoplasmicMembrane	10.00
WP_063419638.1 MULTISPECIES: tetratricopeptide repeat protein [Prochlorococcus]	Cytoplasmic	8.96
WP_063419639.1 MULTISPECIES: hypothetical protein [Prochlorococcus]	Cytoplasmic	8.96
WP_063419640.1 MULTISPECIES: transglycosylase domain-containing protein [Prochlorococcus]	CytoplasmicMembrane	9.97
WP_063419641.1 MULTISPECIES: 16S rRNA (cytosine(967)-C(5))-methyltransferase [Prochlorococcus]	Cytoplasmic	9.26
WP_063419642.1 MULTISPECIES: MGMT family protein [Prochlorococcus]	CytoplasmicMembrane	9.82
WP_063419643.1 MULTISPECIES: tRNA (guanosine(18)-2'-O)-methyltransferase TrmH [Prochlorococcus]	Cytoplasmic	9.26
WP_063419645.1 MULTISPECIES: PulJ/GspJ family protein [Prochlorococcus]	Unknown	2.00
WP_063419646.1 MULTISPECIES: GspH/FimT family protein [Prochlorococcus]	Unknown	2.00
WP_063419647.1 MULTISPECIES: hypothetical protein [Prochlorococcus]	Unknown	2.00
WP_063419649.1 MULTISPECIES: hypothetical protein [Prochlorococcus]	Unknown	2.50
WP_063419650.1 MULTISPECIES: type IV pilus modification PilV family protein [Prochlorococcus]	Unknown	2.00
WP_063419653.1 MULTISPECIES: translation elongation factor 4 [Prochlorococcus]	CytoplasmicMembrane	7.88
WP_063419654.1 MULTISPECIES: malate:quinone oxidoreductase [Prochlorococcus]	Cytoplasmic	9.26
WP_063419655.1 MULTISPECIES: hypothetical protein [Prochlorococcus]	Cytoplasmic	8.96
WP_063419656.1 MULTISPECIES: Nif11-like leader peptide family natural product precursor [Prochlorococcus]	Unknown	2.00
WP_063419657.1 MULTISPECIES: Nif11-like leader peptide family natural product precursor [Prochlorococcus]	Unknown	2.00
WP_063419658.1 MULTISPECIES: CCRG-2 family RiPP [Prochlorococcus]	Unknown	2.00
WP_063419659.1 MULTISPECIES: Nif11-like leader peptide family natural product precursor [Prochlorococcus]	Unknown	2.00
WP_063419660.1 MULTISPECIES: Nif11-like leader peptide family natural product precursor [Prochlorococcus]	Unknown	2.00
WP_063419661.1 MULTISPECIES: hypothetical protein [Prochlorococcus]	Unknown	2.00
WP_063419663.1 MULTISPECIES: aminotransferase class V-fold PLP-dependent enzyme [Prochlorococcus]	Cytoplasmic	9.97
WP_063419664.1 MULTISPECIES: membrane protein insertion efficiency factor YidD [Prochlorococcus]	CytoplasmicMembrane	9.82
WP_063419665.1 MULTISPECIES: trans-sulfuration enzyme family protein [Prochlorococcus]	Cytoplasmic	9.26
WP_063419666.1 MULTISPECIES: PLP-dependent transferase [Prochlorococcus]	Cytoplasmic	9.97
WP_063419667.1 MULTISPECIES: tRNA preQ1(34) S-adenosylmethionine ribosyltransferase-isomerase QueA [Prochlorococcus]	Cytoplasmic	9.97
WP_063419669.1 MULTISPECIES: hypothetical protein [Prochlorococcus]	Unknown	4.65
WP_063419670.1 MULTISPECIES: dihydrolipoamide acetyltransferase family protein [Prochlorococcus]	Periplasmic	9.80
WP_063419671.1 MULTISPECIES: hypothetical protein [Prochlorococcus]	Cytoplasmic	8.96
WP_063419672.1 MULTISPECIES: AMP-binding protein [Prochlorococcus]	Cytoplasmic	9.97
WP_063419673.1 MULTISPECIES: ribosome hibernation-promoting factor, HPF/YfiA family [Prochlorococcus]	Cytoplasmic	9.97
WP_063419674.1 MULTISPECIES: deoxyribose-phosphate aldolase [Prochlorococcus]	Cytoplasmic	9.97
WP_063419675.1 MULTISPECIES: DNA repair protein RecO [Prochlorococcus]	Unknown	2.00
WP_063419676.1 MULTISPECIES: MFS transporter [Prochlorococcus]	CytoplasmicMembrane	10.00
WP_063419677.1 pyrroline-5-carboxylate reductase [Prochlorococcus marinus]	Cytoplasmic	9.26
WP_063419678.1 MULTISPECIES: cell division protein SepF [Prochlorococcus]	Extracellular	9.64
WP_063419679.1 MULTISPECIES: energy-coupling factor transporter transmembrane component T family protein [Prochlorococcus]	CytoplasmicMembrane	10.00
WP_063419681.1 MULTISPECIES: Nif11-like leader peptide family natural product precursor [Prochlorococcus]	Unknown	2.00
WP_063419682.1 MULTISPECIES: DUF1824 family protein [Prochlorococcus]	Unknown	2.00
WP_063419683.1 MULTISPECIES: tRNA dihydrouridine synthase DusB [Prochlorococcus]	Cytoplasmic	9.26
WP_063419684.1 MULTISPECIES: DUF4079 domain-containing protein [Prochlorococcus]	CytoplasmicMembrane	10.00
WP_063419685.1 MULTISPECIES: precorrin-2 C(20)-methyltransferase [Prochlorococcus]	CytoplasmicMembrane	8.46
WP_063419686.1 MULTISPECIES: 1,2-dihydroxy-3-keto-5-methylthiopentene dioxygenase [Prochlorococcus]	Cytoplasmic	9.97
WP_063419687.1 MULTISPECIES: tRNA-(ms[2]io[6]A)-hydroxylase [Prochlorococcus]	Cytoplasmic	9.97
WP_063419688.1 MULTISPECIES: hypothetical protein [Prochlorococcus]	Unknown	2.00
WP_063419689.1 MULTISPECIES: aldehyde dehydrogenase family protein [Prochlorococcus]	Cytoplasmic	9.97
WP_063419690.1 MULTISPECIES: LysM peptidoglycan-binding domain-containing protein [Prochlorococcus]	Unknown	2.50
WP_063419691.1 MULTISPECIES: DNA-formamidopyrimidine glycosylase [Prochlorococcus]	Cytoplasmic	9.97
WP_063419692.1 MULTISPECIES: methylthioribulose 1-phosphate dehydratase [Prochlorococcus]	Cytoplasmic	9.26
WP_063419693.1 MULTISPECIES: aspartate aminotransferase family protein [Prochlorococcus]	Cytoplasmic	9.97
WP_063419694.1 MULTISPECIES: FAD-binding oxidoreductase [Prochlorococcus]	Cytoplasmic	9.97
WP_063419695.1 MULTISPECIES: tRNA (N6-isopentenyl adenosine(37)-C2)-methylthiotransferase MiaB [Prochlorococcus]	Unknown	4.99
WP_063419699.1 MULTISPECIES: bifunctional demethylmenaquinone methyltransferase/2-methoxy-6-polyprenyl-1,4-benzoquinol methylase UbiE [Prochlorococcus]	Cytoplasmic	9.26
WP_063419700.1 MULTISPECIES: hypothetical protein [Prochlorococcus]	CytoplasmicMembrane	9.82
WP_063419704.1 MULTISPECIES: fatty acid desaturase [Prochlorococcus]	CytoplasmicMembrane	10.00
WP_063419707.1 MULTISPECIES: UDP-N-acetylmuramoyl-L-alanyl-D-glutamate--2,6-diaminopimelate ligase [Prochlorococcus]	CytoplasmicMembrane	8.46
WP_063419708.1 MULTISPECIES: lipoyl(octanoyl) transferase LipB [Prochlorococcus]	Cytoplasmic	9.26
WP_063419709.1 MULTISPECIES: glycosyltransferase family 4 protein [Prochlorococcus]	Cytoplasmic	9.97
WP_063419710.1 MULTISPECIES: YggS family pyridoxal phosphate-dependent enzyme [Prochlorococcus]	Cytoplasmic	9.26
WP_063419711.1 MULTISPECIES: PipX family protein [Prochlorococcus]	Unknown	2.00
WP_063419712.1 MULTISPECIES: ribosome biogenesis GTPase Der [Prochlorococcus]	Cytoplasmic	9.12
WP_063419713.1 MULTISPECIES: type II 3-dehydroquinate dehydratase [Prochlorococcus]	Cytoplasmic	9.26
WP_063419717.1 MULTISPECIES: acireductone synthase [Prochlorococcus]	Cytoplasmic	8.96
WP_063419720.1 MULTISPECIES: MBL fold metallo-hydrolase [Prochlorococcus]	Unknown	2.00
WP_063419723.1 MULTISPECIES: secondary thiamine-phosphate synthase enzyme YjbQ [Prochlorococcus]	Unknown	2.00
WP_063419724.1 MULTISPECIES: hypothetical protein [Prochlorococcus]	Unknown	2.00
WP_063419725.1 MULTISPECIES: hypothetical protein [Prochlorococcus]	Unknown	2.00
WP_063419726.1 MULTISPECIES: hypothetical protein [Prochlorococcus]	CytoplasmicMembrane	9.82
WP_063419727.1 MULTISPECIES: 16S rRNA (cytidine(1402)-2'-O)-methyltransferase [Prochlorococcus]	Unknown	2.00
WP_063419728.1 MULTISPECIES: polyribonucleotide nucleotidyltransferase [Prochlorococcus]	Cytoplasmic	9.97
WP_063419729.1 MULTISPECIES: RIP metalloprotease RseP [Prochlorococcus]	CytoplasmicMembrane	10.00
WP_063419730.1 MULTISPECIES: YceD family protein [Prochlorococcus]	Unknown	2.00
WP_063419731.1 MULTISPECIES: DUF2808 domain-containing protein [Prochlorococcus]	Unknown	2.00
WP_063419732.1 MULTISPECIES: chorismate mutase [Prochlorococcus]	Cytoplasmic	9.26
WP_063419733.1 MULTISPECIES: signal peptide peptidase SppA [Prochlorococcus]	CytoplasmicMembrane	7.88
WP_063419734.1 MULTISPECIES: DMT family transporter [Prochlorococcus]	CytoplasmicMembrane	10.00
WP_063419735.1 MULTISPECIES: ArnT family glycosyltransferase [Prochlorococcus]	CytoplasmicMembrane	10.00
WP_063419736.1 MULTISPECIES: DUF721 domain-containing protein [Prochlorococcus]	Unknown	2.00
WP_063419737.1 MULTISPECIES: aminotransferase class I/II-fold pyridoxal phosphate-dependent enzyme [Prochlorococcus]	Cytoplasmic	9.26
WP_063419738.1 MULTISPECIES: M23 family metallopeptidase [Prochlorococcus]	CytoplasmicMembrane	10.00
WP_063419739.1 MULTISPECIES: response regulator transcription factor [Prochlorococcus]	Cytoplasmic	9.97
WP_063419740.1 MULTISPECIES: response regulator [Prochlorococcus]	Cytoplasmic	9.97
WP_063419741.1 MULTISPECIES: ABC transporter ATP-binding protein [Prochlorococcus]	CytoplasmicMembrane	10.00
WP_063419742.1 MULTISPECIES: NAD(P)H-quinone oxidoreductase subunit N [Prochlorococcus]	CytoplasmicMembrane	10.00
WP_063419744.1 MULTISPECIES: hypothetical protein [Prochlorococcus]	Unknown	2.50
WP_063419745.1 MULTISPECIES: nicotinate-nucleotide--dimethylbenzimidazole phosphoribosyltransferase [unclassified Prochlorococcus]	CytoplasmicMembrane	9.86
WP_063419746.1 MULTISPECIES: hypothetical protein [Prochlorococcus]	Unknown	2.50
WP_063419747.1 MULTISPECIES: aldo/keto reductase [Prochlorococcus]	Unknown	2.00
WP_063419749.1 MULTISPECIES: riboflavin synthase [Prochlorococcus]	Cytoplasmic	9.26
WP_063419750.1 MULTISPECIES: cytochrome c oxidase subunit I [Prochlorococcus]	CytoplasmicMembrane	10.00
WP_063419751.1 MULTISPECIES: COX15/CtaA family protein [Prochlorococcus]	CytoplasmicMembrane	10.00
WP_063419752.1 MULTISPECIES: ABC transporter ATP-binding protein [Prochlorococcus]	CytoplasmicMembrane	7.88
WP_063419753.1 MULTISPECIES: chaperonin GroEL [Prochlorococcus]	Cytoplasmic	9.97
WP_063419754.1 MULTISPECIES: 3-oxoacyl-[acyl-carrier-protein] reductase [Prochlorococcus]	Cytoplasmic	9.26
WP_063419755.1 MULTISPECIES: glycosyltransferase family 9 protein [Prochlorococcus]	Unknown	2.00
WP_063419758.1 MULTISPECIES: S66 peptidase family protein [Prochlorococcus]	Cytoplasmic	9.26
WP_063419760.1 MULTISPECIES: helix-turn-helix domain-containing protein [Prochlorococcus]	Unknown	2.00
WP_063419761.1 MULTISPECIES: precorrin-4 C(11)-methyltransferase [Prochlorococcus]	Cytoplasmic	9.26
WP_063419762.1 MULTISPECIES: prolipoprotein diacylglyceryl transferase [Prochlorococcus]	CytoplasmicMembrane	10.00
WP_063419765.1 MULTISPECIES: non-hydrolyzing UDP-N-acetylglucosamine 2-epimerase [Prochlorococcus]	Cytoplasmic	9.97
WP_063419766.1 MULTISPECIES: DUF1643 domain-containing protein [Prochlorococcus]	Unknown	2.00
WP_063419767.1 MULTISPECIES: hypothetical protein [Prochlorococcus]	Unknown	2.00
WP_063419768.1 MULTISPECIES: glutamate--tRNA ligase [Prochlorococcus]	Cytoplasmic	9.97
WP_063419769.1 MULTISPECIES: type I methionyl aminopeptidase [Prochlorococcus]	Cytoplasmic	9.97
WP_063419770.1 MULTISPECIES: type IV pilus biogenesis protein EbsA [Prochlorococcus]	Unknown	2.00
WP_063419771.1 MULTISPECIES: NfeD family protein [Prochlorococcus]	CytoplasmicMembrane	10.00
WP_063419772.1 MULTISPECIES: hypothetical protein [Prochlorococcus]	Unknown	2.00
WP_063419773.1 MULTISPECIES: amidase [Prochlorococcus]	Unknown	6.49
WP_063419775.1 MULTISPECIES: exodeoxyribonuclease III [Prochlorococcus]	Cytoplasmic	9.97
WP_063419776.1 MULTISPECIES: tetratricopeptide repeat protein [Prochlorococcus]	Unknown	2.00
WP_063419778.1 MULTISPECIES: LarC family nickel insertion protein [Prochlorococcus]	Cytoplasmic	8.96
WP_063419779.1 MULTISPECIES: lysylphosphatidylglycerol synthase transmembrane domain-containing protein [Prochlorococcus]	CytoplasmicMembrane	10.00
WP_063419780.1 MULTISPECIES: putative 2OG-Fe(II) oxygenase [Prochlorococcus]	Unknown	2.50
WP_063419781.1 MULTISPECIES: ABC transporter permease [Prochlorococcus]	CytoplasmicMembrane	10.00
WP_063419784.1 MULTISPECIES: hypothetical protein [Prochlorococcus]	Unknown	2.00
WP_063419785.1 MULTISPECIES: secondary thiamine-phosphate synthase enzyme YjbQ [Prochlorococcus]	Unknown	2.00
WP_063419787.1 MULTISPECIES: thiol-disulfide oxidoreductase DCC family protein [Prochlorococcus]	Cytoplasmic	8.96
WP_063419788.1 MULTISPECIES: carboxypeptidase M32 [Prochlorococcus]	Unknown	2.00
WP_063419789.1 MULTISPECIES: hypothetical protein [Prochlorococcus]	Unknown	2.00
WP_063419791.1 MULTISPECIES: hypothetical protein [Prochlorococcus]	Unknown	2.00
WP_063419792.1 MULTISPECIES: inorganic diphosphatase [Prochlorococcus]	Cytoplasmic	9.97
WP_063419793.1 MULTISPECIES: hydroxymethylbilane synthase [Prochlorococcus]	Cytoplasmic	9.97
WP_063419794.1 MULTISPECIES: RNA polymerase sigma factor RpoD [Prochlorococcus]	Cytoplasmic	9.97
WP_063419795.1 MULTISPECIES: DUF3153 domain-containing protein [Prochlorococcus]	Unknown	2.00
WP_063419796.1 MULTISPECIES: acetylglutamate kinase [Prochlorococcus]	Cytoplasmic	9.97
WP_063419797.1 MULTISPECIES: DUF2854 domain-containing protein [Prochlorococcus]	Unknown	2.50
WP_063419798.1 MULTISPECIES: hypothetical protein [Prochlorococcus]	Unknown	2.00
WP_063419799.1 MULTISPECIES: precorrin-6A/cobalt-precorrin-6A reductase [Prochlorococcus]	Unknown	2.00
WP_063419800.1 MULTISPECIES: proline--tRNA ligase [Prochlorococcus]	Cytoplasmic	10.00
WP_063419801.1 MULTISPECIES: hypothetical protein [Prochlorococcus]	Unknown	2.00
WP_063419802.1 MULTISPECIES: arsenate reductase family protein [Prochlorococcus]	Unknown	2.00
WP_063419803.1 MULTISPECIES: hypothetical protein [Prochlorococcus]	Unknown	2.00
WP_063419804.1 MULTISPECIES: signal peptidase I [Prochlorococcus]	CytoplasmicMembrane	10.00
WP_063419805.1 MULTISPECIES: dihydroorotase [Prochlorococcus]	Unknown	2.00
WP_063419806.1 MULTISPECIES: hypothetical protein [Prochlorococcus]	Unknown	2.00
WP_063419807.1 MULTISPECIES: peptidoglycan D,D-transpeptidase FtsI family protein [Prochlorococcus]	CytoplasmicMembrane	7.88
WP_063419808.1 MULTISPECIES: NAD(P)/FAD-dependent oxidoreductase [Prochlorococcus]	Unknown	4.90
WP_063419809.1 MULTISPECIES: ribosome recycling factor [Prochlorococcus]	Cytoplasmic	9.97
WP_063419810.1 MULTISPECIES: UMP kinase [Prochlorococcus]	Cytoplasmic	9.97
WP_063419811.1 MULTISPECIES: class I SAM-dependent methyltransferase [Prochlorococcus]	Unknown	2.00
WP_063419812.1 MULTISPECIES: site-specific integrase [Prochlorococcus]	Cytoplasmic	8.96
WP_063419813.1 MULTISPECIES: biosynthetic-type acetolactate synthase large subunit [Prochlorococcus]	Cytoplasmic	9.26
WP_063419814.1 MULTISPECIES: hypothetical protein [Prochlorococcus]	CytoplasmicMembrane	9.86
WP_063419815.1 MULTISPECIES: NAD(P)/FAD-dependent oxidoreductase [Prochlorococcus]	Cytoplasmic	8.96
WP_063419816.1 MULTISPECIES: peptidoglycan editing factor PgeF [Prochlorococcus]	Unknown	2.00
WP_063419817.1 MULTISPECIES: S1 RNA-binding domain-containing protein [Prochlorococcus]	Cytoplasmic	9.97
WP_063419818.1 MULTISPECIES: creatininase family protein [Prochlorococcus]	Unknown	2.00
WP_063419819.1 MULTISPECIES: aldehyde oxygenase (deformylating) [Prochlorococcus]	Cytoplasmic	8.96
WP_063419820.1 MULTISPECIES: long-chain acyl-[acyl-carrier-protein] reductase [Prochlorococcus]	Cytoplasmic	8.96
WP_063419821.1 MULTISPECIES: acetyl-CoA carboxylase carboxyltransferase subunit alpha [Prochlorococcus]	Cytoplasmic	9.97
WP_063419822.1 MULTISPECIES: SDR family oxidoreductase [Prochlorococcus]	Cytoplasmic	9.26
WP_063419823.1 MULTISPECIES: phosphoribosylanthranilate isomerase [Prochlorococcus]	Unknown	2.00
WP_063419824.1 MULTISPECIES: lipoate--protein ligase family protein [Prochlorococcus]	Unknown	2.00
WP_063419825.1 MULTISPECIES: hypothetical protein [Prochlorococcus]	Cytoplasmic	8.96
WP_063419826.1 MULTISPECIES: hypothetical protein [Prochlorococcus]	Unknown	2.00
WP_063419827.1 MULTISPECIES: sulfite exporter TauE/SafE family protein [Prochlorococcus]	CytoplasmicMembrane	10.00
WP_063419828.1 MULTISPECIES: ferredoxin:protochlorophyllide reductase (ATP-dependent) subunit B [Prochlorococcus]	Cytoplasmic	8.96
WP_063419829.1 MULTISPECIES: SulP family inorganic anion transporter [Prochlorococcus]	CytoplasmicMembrane	10.00
WP_063419830.1 MULTISPECIES: sodium-dependent bicarbonate transport family permease [Prochlorococcus]	CytoplasmicMembrane	10.00
WP_063419831.1 MULTISPECIES: P-II family nitrogen regulator [Prochlorococcus]	Cytoplasmic	8.96
WP_063419834.1 MULTISPECIES: CsoS2 family carboxysome shell protein [Prochlorococcus]	Extracellular	8.11
WP_063419835.1 MULTISPECIES: carboxysome shell carbonic anhydrase [Prochlorococcus]	Cytoplasmic	8.96
WP_063419836.1 MULTISPECIES: CbbX protein [Prochlorococcus]	Cytoplasmic	8.96
WP_063419838.1 MULTISPECIES: hydroxyacylglutathione hydrolase [Prochlorococcus]	Cytoplasmic	9.26
WP_063419839.1 MULTISPECIES: ATP phosphoribosyltransferase [Prochlorococcus]	Cytoplasmic	9.97
WP_063419840.1 MULTISPECIES: ABC transporter ATP-binding protein [Prochlorococcus]	CytoplasmicMembrane	10.00
WP_063419841.1 MULTISPECIES: TIGR04283 family arsenosugar biosynthesis glycosyltransferase [Prochlorococcus]	Unknown	2.00
WP_063419842.1 MULTISPECIES: Nif11-like leader peptide family natural product precursor [Prochlorococcus]	Unknown	2.00
WP_063419844.1 MULTISPECIES: CCRG-2 family RiPP [Prochlorococcus]	Unknown	2.00
WP_063419845.1 MULTISPECIES: CCRG-2 family RiPP [Prochlorococcus]	Unknown	2.00
WP_063419846.1 MULTISPECIES: hypothetical protein [Prochlorococcus]	Unknown	2.00
WP_063419847.1 MULTISPECIES: bacteriocin [Prochlorococcus]	Unknown	2.00
WP_063419848.1 MULTISPECIES: hypothetical protein [Prochlorococcus]	Unknown	2.00
WP_063419851.1 MULTISPECIES: hypothetical protein [Prochlorococcus]	Unknown	2.00
WP_063419854.1 MULTISPECIES: hypothetical protein [Prochlorococcus]	Cytoplasmic	8.96
WP_063419855.1 MULTISPECIES: site-specific integrase [Prochlorococcus]	Cytoplasmic	8.96
WP_063419856.1 MULTISPECIES: TIGR04282 family arsenosugar biosynthesis glycosyltransferase [Prochlorococcus]	Unknown	2.00
WP_063419857.1 MULTISPECIES: trypsin-like peptidase domain-containing protein [Prochlorococcus]	Periplasmic	9.44
WP_063419858.1 MULTISPECIES: chromosomal replication initiator protein DnaA [Prochlorococcus]	Cytoplasmic	9.26
WP_063419859.1 MULTISPECIES: peroxiredoxin [Prochlorococcus]	Unknown	2.00
WP_063419862.1 MULTISPECIES: nucleoside triphosphate pyrophosphatase [Prochlorococcus]	Cytoplasmic	9.26
WP_063419863.1 MULTISPECIES: photosystem II reaction center protein CP43 [Prochlorococcus]	CytoplasmicMembrane	10.00
WP_063419864.1 MULTISPECIES: photosystem I assembly protein Ycf4 [Prochlorococcus]	CytoplasmicMembrane	9.82
WP_063419865.1 MULTISPECIES: peptidylprolyl isomerase [Prochlorococcus]	Periplasmic	9.44
WP_063419866.1 MULTISPECIES: acetolactate synthase small subunit [Prochlorococcus]	Cytoplasmic	9.97
WP_063419867.1 MULTISPECIES: NmrA family NAD(P)-binding protein [Prochlorococcus]	Cytoplasmic	8.96
WP_063419868.1 MULTISPECIES: hypothetical protein [Prochlorococcus]	Unknown	2.00
WP_063419869.1 MULTISPECIES: methyltransferase domain-containing protein [Prochlorococcus]	Cytoplasmic	8.96
WP_063419872.1 MULTISPECIES: NAD(P) transhydrogenase subunit alpha [Prochlorococcus]	CytoplasmicMembrane	10.00
WP_063419873.1 MULTISPECIES: NAD(P)(+) transhydrogenase (Re/Si-specific) subunit beta [Prochlorococcus]	CytoplasmicMembrane	10.00
WP_063419874.1 alpha/beta fold hydrolase [Prochlorococcus marinus]	Cytoplasmic	8.96
WP_063419875.1 MULTISPECIES: (2Fe-2S) ferredoxin domain-containing protein [Prochlorococcus]	Unknown	2.00
WP_063419876.1 MULTISPECIES: 1-deoxy-D-xylulose-5-phosphate reductoisomerase [Prochlorococcus]	Cytoplasmic	8.96
WP_063419877.1 MULTISPECIES: sodium-dependent transporter [Prochlorococcus]	CytoplasmicMembrane	10.00
WP_063419879.1 MULTISPECIES: Coq4 family protein [Prochlorococcus]	Unknown	2.00
WP_063419880.1 MULTISPECIES: DNA polymerase I [Prochlorococcus]	Cytoplasmic	9.97
WP_063419882.1 MULTISPECIES: chlorophyll a/b-binding protein [Prochlorococcus]	Unknown	2.00
WP_063419884.1 MULTISPECIES: hypothetical protein [Prochlorococcus]	Unknown	2.50
WP_063419886.1 MULTISPECIES: hypothetical protein [Prochlorococcus]	Unknown	2.00
WP_063419887.1 MULTISPECIES: alpha/beta hydrolase [Prochlorococcus]	Cytoplasmic	8.96
WP_063419888.1 MULTISPECIES: ABC transporter permease [Prochlorococcus]	CytoplasmicMembrane	10.00
WP_063419889.1 MULTISPECIES: ABC transporter substrate-binding protein [Prochlorococcus]	Periplasmic	9.76
WP_063419890.1 MULTISPECIES: homoserine dehydrogenase [Prochlorococcus]	Cytoplasmic	9.97
WP_063419891.1 MULTISPECIES: SufE family protein [Prochlorococcus]	Cytoplasmic	9.26
WP_063419892.1 MULTISPECIES: hypothetical protein [Prochlorococcus]	Unknown	2.00
WP_063419893.1 MULTISPECIES: 5-formyltetrahydrofolate cyclo-ligase [Prochlorococcus]	Cytoplasmic	8.96
WP_063419894.1 MULTISPECIES: class I SAM-dependent methyltransferase [Prochlorococcus]	Cytoplasmic	9.26
WP_063419895.1 MULTISPECIES: magnesium chelatase ATPase subunit I [Prochlorococcus]	Cytoplasmic	8.96
WP_063419896.1 MULTISPECIES: DUF3370 domain-containing protein [Prochlorococcus]	Periplasmic	9.83
WP_063419897.1 MULTISPECIES: serine hydrolase [Prochlorococcus]	Unknown	2.00
WP_063419898.1 MULTISPECIES: RNA methyltransferase [Prochlorococcus]	Cytoplasmic	9.26
WP_063419901.1 MULTISPECIES: CAAD domain-containing protein [Prochlorococcus]	CytoplasmicMembrane	9.82
WP_063419902.1 MULTISPECIES: DNA gyrase subunit A [Prochlorococcus]	Cytoplasmic	9.97
WP_063419904.1 MULTISPECIES: glycoside hydrolase family 57 protein [Prochlorococcus]	Cytoplasmic	8.96
WP_063419905.1 MULTISPECIES: carbohydrate ABC transporter permease [Prochlorococcus]	CytoplasmicMembrane	10.00
WP_063419906.1 MULTISPECIES: hypothetical protein [Prochlorococcus]	Unknown	2.00
WP_063419908.1 MULTISPECIES: Nif11-like leader peptide family natural product precursor [Prochlorococcus]	Unknown	2.00
WP_063419916.1 MULTISPECIES: RluA family pseudouridine synthase [Prochlorococcus]	CytoplasmicMembrane	8.46
WP_063419918.1 MULTISPECIES: bifunctional methylenetetrahydrofolate dehydrogenase/methenyltetrahydrofolate cyclohydrolase FolD [Prochlorococcus]	Cytoplasmic	9.97
WP_063419922.1 MULTISPECIES: divergent PAP2 family protein [Prochlorococcus]	CytoplasmicMembrane	10.00
WP_063419924.1 MULTISPECIES: ATP-dependent DNA helicase [Prochlorococcus]	Unknown	2.00
WP_063419926.1 MULTISPECIES: histidine phosphatase family protein [Prochlorococcus]	Cytoplasmic	8.96
WP_063419928.1 MULTISPECIES: cobyrinate a,c-diamide synthase [Prochlorococcus]	Cytoplasmic	9.26
WP_063419930.1 MULTISPECIES: glucose-6-phosphate dehydrogenase assembly protein OpcA [Prochlorococcus]	Cytoplasmic	8.96
WP_063419932.1 MULTISPECIES: glucose-6-phosphate dehydrogenase [Prochlorococcus]	Cytoplasmic	9.97
WP_063419934.1 MULTISPECIES: FAD-binding oxidoreductase [Prochlorococcus]	CytoplasmicMembrane	9.82
WP_063419938.1 MULTISPECIES: histidine kinase [Prochlorococcus]	CytoplasmicMembrane	10.00
WP_063419940.1 MULTISPECIES: hypothetical protein [Prochlorococcus]	CytoplasmicMembrane	9.82
WP_063419944.1 MULTISPECIES: hypothetical protein [Prochlorococcus]	Unknown	2.50
WP_063419946.1 MULTISPECIES: lysophospholipid acyltransferase family protein [Prochlorococcus]	Unknown	2.00
WP_063419948.1 MULTISPECIES: pyridoxine 5'-phosphate synthase [Prochlorococcus]	Cytoplasmic	9.97
WP_063419952.1 MULTISPECIES: exodeoxyribonuclease V subunit gamma [Prochlorococcus]	CytoplasmicMembrane	8.46
WP_063419954.1 MULTISPECIES: methyltransferase family protein [Prochlorococcus]	CytoplasmicMembrane	10.00
WP_063419956.1 MULTISPECIES: UvrD-helicase domain-containing protein [Prochlorococcus]	CytoplasmicMembrane	9.82
WP_063419958.1 MULTISPECIES: ATP-dependent DNA helicase [Prochlorococcus]	Cytoplasmic	9.26
WP_063419962.1 MULTISPECIES: hypothetical protein [Prochlorococcus]	Unknown	2.00
WP_063419963.1 MULTISPECIES: ABC transporter ATP-binding protein [Prochlorococcus]	CytoplasmicMembrane	10.00
WP_063419964.1 MULTISPECIES: LCP family protein [Prochlorococcus]	CytoplasmicMembrane	10.00
WP_063419966.1 MULTISPECIES: recombination mediator RecR [Prochlorococcus]	Cytoplasmic	9.97
WP_063419968.1 MULTISPECIES: lipoyl synthase [Prochlorococcus]	Cytoplasmic	9.97
WP_063419970.1 MULTISPECIES: hypothetical protein [Prochlorococcus]	Unknown	2.00
WP_063419972.1 MULTISPECIES: hypothetical protein [Prochlorococcus]	CytoplasmicMembrane	9.82
WP_063419976.1 MULTISPECIES: 4-alpha-glucanotransferase [Prochlorococcus]	Cytoplasmic	9.26
WP_063419978.1 MULTISPECIES: helix-turn-helix domain-containing protein [Prochlorococcus]	Unknown	2.00
WP_063419980.1 MULTISPECIES: DUF2232 domain-containing protein [Prochlorococcus]	CytoplasmicMembrane	10.00
WP_063419982.1 MULTISPECIES: N-acetylmannosamine-6-phosphate 2-epimerase [Prochlorococcus]	Cytoplasmic	8.96
WP_063419984.1 MULTISPECIES: 2-C-methyl-D-erythritol 4-phosphate cytidylyltransferase [Prochlorococcus]	Cytoplasmic	9.26
WP_063419986.1 MULTISPECIES: 4-hydroxybenzoate polyprenyltransferase [Prochlorococcus]	CytoplasmicMembrane	10.00
WP_063419988.1 MULTISPECIES: cytochrome f [Prochlorococcus]	Unknown	2.50
WP_063419990.1 MULTISPECIES: guanylate kinase [Prochlorococcus]	Cytoplasmic	9.26
WP_063419992.1 MULTISPECIES: NFACT RNA binding domain-containing protein [Prochlorococcus]	Cytoplasmic	8.96
WP_063419994.1 MULTISPECIES: tRNA (adenosine(37)-N6)-threonylcarbamoyltransferase complex transferase subunit TsaD [Prochlorococcus]	Extracellular	9.45
WP_063419996.1 MULTISPECIES: YajQ family cyclic di-GMP-binding protein [Prochlorococcus]	Cytoplasmic	9.97
WP_063420004.1 MULTISPECIES: replication restart helicase PriA [Prochlorococcus]	Cytoplasmic	8.96
WP_063420006.1 MULTISPECIES: histidine phosphatase family protein [Prochlorococcus]	Cytoplasmic	9.26
WP_063420012.1 MULTISPECIES: site-2 protease family protein [Prochlorococcus]	CytoplasmicMembrane	10.00
WP_063420016.1 MULTISPECIES: cobyric acid synthase [Prochlorococcus]	Cytoplasmic	9.26
WP_063420018.1 MULTISPECIES: N2,N2-dimethylguanosine tRNA methyltransferase [Prochlorococcus]	Unknown	2.00
WP_063420022.1 MULTISPECIES: hypothetical protein [Prochlorococcus]	Unknown	2.00
WP_063420027.1 MULTISPECIES: redox-regulated ATPase YchF [Prochlorococcus]	Unknown	4.90
WP_063420033.1 MULTISPECIES: hypothetical protein [Prochlorococcus]	Unknown	2.00
WP_063420035.1 MULTISPECIES: c-type cytochrome [Prochlorococcus]	Unknown	2.00
WP_063420037.1 MULTISPECIES: GuaB3 family IMP dehydrogenase-related protein [Prochlorococcus]	Cytoplasmic	9.97
WP_063420044.1 MULTISPECIES: phosphomannose isomerase type II C-terminal cupin domain [Prochlorococcus]	Unknown	2.00
WP_063420046.1 MULTISPECIES: DEAD/DEAH box helicase [Prochlorococcus]	Cytoplasmic	9.97
WP_063420048.1 MULTISPECIES: RNA recognition motif domain-containing protein [Prochlorococcus]	Unknown	2.00
WP_063420050.1 MULTISPECIES: photosystem II reaction center PsbP [Prochlorococcus]	Unknown	2.50
WP_063420052.1 MULTISPECIES: ribose-phosphate pyrophosphokinase [Prochlorococcus]	Cytoplasmic	9.97
WP_063420054.1 MULTISPECIES: pseudouridine synthase [Prochlorococcus]	Cytoplasmic	9.26
WP_063420056.1 MULTISPECIES: hypothetical protein [Prochlorococcus]	Unknown	2.00
WP_063420057.1 MULTISPECIES: phosphate ABC transporter substrate-binding protein PstS [Prochlorococcus]	Unknown	5.02
WP_063420059.1 MULTISPECIES: GNAT family N-acetyltransferase [Prochlorococcus]	Cytoplasmic	8.96
WP_063420061.1 MULTISPECIES: DUF6737 family protein [Prochlorococcus]	CytoplasmicMembrane	9.82
WP_063420063.1 ribbon-helix-helix domain-containing protein [Prochlorococcus marinus]	Unknown	2.00
WP_063420065.1 MULTISPECIES: hypothetical protein [Prochlorococcus]	Unknown	2.00
WP_063420066.1 MULTISPECIES: CBS domain-containing protein [Prochlorococcus]	Unknown	2.00
WP_063420068.1 MULTISPECIES: CDP-alcohol phosphatidyltransferase family protein [Prochlorococcus]	CytoplasmicMembrane	10.00
WP_063420069.1 MULTISPECIES: 1-(5-phosphoribosyl)-5-[(5-phosphoribosylamino)methylideneamino]imidazole-4-carboxamide isomerase [Prochlorococcus]	Cytoplasmic	9.97
WP_063420070.1 MULTISPECIES: Fur family transcriptional regulator [Prochlorococcus]	Unknown	2.00
WP_063420072.1 MULTISPECIES: DUF3685 domain-containing protein [Prochlorococcus]	Unknown	2.00
WP_063420074.1 MULTISPECIES: hypothetical protein [Prochlorococcus]	Unknown	2.00
WP_063420076.1 MULTISPECIES: YqeG family HAD IIIA-type phosphatase [Prochlorococcus]	Unknown	2.00
WP_063420078.1 MULTISPECIES: glutamate 5-kinase [Prochlorococcus]	Cytoplasmic	9.26
WP_063420080.1 MULTISPECIES: 3-isopropylmalate dehydrogenase [Prochlorococcus]	Cytoplasmic	9.97
WP_063420082.1 MULTISPECIES: Gfo/Idh/MocA family protein [Prochlorococcus]	Periplasmic	9.44
WP_063420084.1 MULTISPECIES: class II fructose-bisphosphate aldolase [Prochlorococcus]	Cytoplasmic	9.97
WP_063420086.1 MULTISPECIES: hypothetical protein [Prochlorococcus]	Unknown	2.50
WP_063420088.1 MULTISPECIES: SIMPL domain-containing protein [Prochlorococcus]	Unknown	2.00
WP_063420090.1 MULTISPECIES: MAPEG family protein [Prochlorococcus]	CytoplasmicMembrane	10.00
WP_063420094.1 MULTISPECIES: methyltransferase domain-containing protein [Prochlorococcus]	Cytoplasmic	8.96
WP_063420096.1 MULTISPECIES: class I SAM-dependent methyltransferase [Prochlorococcus]	Cytoplasmic	8.96
WP_063420104.1 MULTISPECIES: pentapeptide repeat-containing protein [Prochlorococcus]	Extracellular	9.71
WP_063420106.1 MULTISPECIES: dihydroxy-acid dehydratase [Prochlorococcus]	Cytoplasmic	9.97
WP_063420108.1 MULTISPECIES: CIA30 family protein [Prochlorococcus]	Unknown	2.00
WP_063420112.1 MULTISPECIES: NADP-dependent phosphogluconate dehydrogenase [Prochlorococcus]	Cytoplasmic	8.96
WP_063420114.1 MULTISPECIES: c-type cytochrome biogenesis protein CcsB [Prochlorococcus]	CytoplasmicMembrane	10.00
WP_063420116.1 MULTISPECIES: LptF/LptG family permease [Prochlorococcus]	CytoplasmicMembrane	10.00
WP_063420118.1 MULTISPECIES: LPS export ABC transporter ATP-binding protein [Prochlorococcus]	Unknown	6.29
WP_063420120.1 MULTISPECIES: DUF309 domain-containing protein [Prochlorococcus]	Unknown	2.00
WP_063420122.1 MULTISPECIES: M15 family metallopeptidase [Prochlorococcus]	Unknown	6.49
WP_063420124.1 MULTISPECIES: glycine--tRNA ligase subunit beta [Prochlorococcus]	Cytoplasmic	9.97
WP_063420126.1 MULTISPECIES: NADPH-dependent assimilatory sulfite reductase hemoprotein subunit [Prochlorococcus]	Cytoplasmic	9.26
WP_063420127.1 MULTISPECIES: ATP-dependent DNA helicase RecG [Prochlorococcus]	Cytoplasmic	9.97
WP_063420128.1 MULTISPECIES: hypothetical protein [Prochlorococcus]	Cytoplasmic	8.96
WP_063420130.1 MULTISPECIES: DevA family ABC transporter ATP-binding protein [Prochlorococcus]	CytoplasmicMembrane	10.00
WP_063420131.1 MULTISPECIES: HlyD family efflux transporter periplasmic adaptor subunit [Prochlorococcus]	Cytoplasmic	8.96
WP_063420132.1 MULTISPECIES: phycocyanobilin:ferredoxin oxidoreductase [Prochlorococcus]	Cytoplasmic	8.96
WP_063420133.1 MULTISPECIES: M16 family metallopeptidase [Prochlorococcus]	Unknown	2.00
WP_063420134.1 MULTISPECIES: DUF3148 domain-containing protein [Prochlorococcus]	Unknown	2.00
WP_063420135.1 MULTISPECIES: signal peptidase II [Prochlorococcus]	CytoplasmicMembrane	10.00
WP_063420136.1 MULTISPECIES: YcjF family protein [Prochlorococcus]	CytoplasmicMembrane	9.82
WP_063420137.1 MULTISPECIES: pyridoxal phosphate-dependent decarboxylase family protein [Prochlorococcus]	CytoplasmicMembrane	9.82
WP_063420138.1 MULTISPECIES: AI-2E family transporter [Prochlorococcus]	CytoplasmicMembrane	10.00
WP_063420139.1 MULTISPECIES: AI-2E family transporter [Prochlorococcus]	CytoplasmicMembrane	10.00
WP_063420140.1 MULTISPECIES: tRNA 2-selenouridine(34) synthase MnmH [Prochlorococcus]	Unknown	2.00
WP_063420141.1 MULTISPECIES: GUN4 domain-containing protein [Prochlorococcus]	Unknown	2.00
WP_063420142.1 MULTISPECIES: hypothetical protein [Prochlorococcus]	Unknown	2.00
WP_063420144.1 MULTISPECIES: hypothetical protein [Prochlorococcus]	CytoplasmicMembrane	9.82
WP_063420145.1 MULTISPECIES: protein translocase subunit SecF [Prochlorococcus]	CytoplasmicMembrane	10.00
WP_063420146.1 MULTISPECIES: DUF3082 domain-containing protein [Prochlorococcus]	CytoplasmicMembrane	9.82
WP_063420147.1 MULTISPECIES: 4-(cytidine 5'-diphospho)-2-C-methyl-D-erythritol kinase [Prochlorococcus]	Unknown	2.00
WP_063420149.1 MULTISPECIES: NADP-specific glutamate dehydrogenase [Prochlorococcus]	Unknown	4.74
WP_063420151.1 MULTISPECIES: hypothetical protein [Prochlorococcus]	Cytoplasmic	8.96
WP_063420152.1 MULTISPECIES: DoxX family protein [Prochlorococcus]	CytoplasmicMembrane	10.00
WP_063420156.1 MULTISPECIES: hypothetical protein [Prochlorococcus]	CytoplasmicMembrane	9.82
WP_063420158.1 MULTISPECIES: 23S rRNA (pseudouridine(1915)-N(3))-methyltransferase RlmH [Prochlorococcus]	Unknown	2.00
WP_063420159.1 MULTISPECIES: 2TM domain-containing protein [Prochlorococcus]	Unknown	2.00
WP_063420160.1 MULTISPECIES: hypothetical protein [Prochlorococcus]	Cytoplasmic	8.96
WP_063420161.1 MULTISPECIES: Y-family DNA polymerase [Prochlorococcus]	Unknown	2.00
WP_063420162.1 MULTISPECIES: hypothetical protein [Prochlorococcus]	Unknown	2.00
WP_063420163.1 MULTISPECIES: hypothetical protein [Prochlorococcus]	Unknown	2.00
WP_063420164.1 MULTISPECIES: DNA primase [Prochlorococcus]	Cytoplasmic	9.97
WP_063420166.1 MULTISPECIES: DMT family transporter [Prochlorococcus]	CytoplasmicMembrane	10.00
WP_063420167.1 MULTISPECIES: hypothetical protein [Prochlorococcus]	Unknown	2.00
WP_063420169.1 MULTISPECIES: PAM68 family protein [Prochlorococcus]	CytoplasmicMembrane	9.82
WP_063420170.1 MULTISPECIES: DNA polymerase III subunit alpha [Prochlorococcus]	Cytoplasmic	9.97
WP_063420171.1 MULTISPECIES: Asp-tRNA(Asn)/Glu-tRNA(Gln) amidotransferase subunit GatA [Prochlorococcus]	Cytoplasmic	9.26
WP_063420172.1 MULTISPECIES: 23S rRNA (guanosine(2251)-2'-O)-methyltransferase RlmB [Prochlorococcus]	Cytoplasmic	9.97
WP_063420173.1 MULTISPECIES: Mini-ribonuclease 3 [Prochlorococcus]	Unknown	2.00
WP_063420174.1 MULTISPECIES: glutamine-hydrolyzing carbamoyl-phosphate synthase small subunit [Prochlorococcus]	Cytoplasmic	9.97
WP_063420175.1 MULTISPECIES: anthranilate phosphoribosyltransferase [Prochlorococcus]	Cytoplasmic	9.26
WP_063420176.1 MULTISPECIES: ABC transporter ATP-binding protein [Prochlorococcus]	CytoplasmicMembrane	10.00
WP_063420177.1 MULTISPECIES: hypothetical protein [Prochlorococcus]	CytoplasmicMembrane	10.00
WP_063420178.1 MULTISPECIES: lipase family alpha/beta hydrolase [Prochlorococcus]	Unknown	2.00
WP_063420180.1 MULTISPECIES: hypothetical protein [Prochlorococcus]	Cytoplasmic	8.96
WP_063420181.1 MULTISPECIES: TPM domain-containing protein [Prochlorococcus]	CytoplasmicMembrane	10.00
WP_063420182.1 MULTISPECIES: class I SAM-dependent methyltransferase [Prochlorococcus]	Unknown	2.00
WP_063420183.1 MULTISPECIES: 3-dehydroquinate synthase [Prochlorococcus]	Cytoplasmic	9.97
WP_063420185.1 MULTISPECIES: ATP-dependent zinc metalloprotease FtsH [Prochlorococcus]	CytoplasmicMembrane	10.00
WP_063420186.1 MULTISPECIES: ABC transporter permease [Prochlorococcus]	CytoplasmicMembrane	10.00
WP_063420187.1 MULTISPECIES: hypothetical protein [Prochlorococcus]	Unknown	2.50
WP_063420188.1 MULTISPECIES: threonine ammonia-lyase, biosynthetic [Prochlorococcus]	Cytoplasmic	9.97
WP_063420189.1 MULTISPECIES: 1-deoxy-D-xylulose-5-phosphate synthase [Prochlorococcus]	Cytoplasmic	9.97
WP_063420190.1 MULTISPECIES: NAD(P)/FAD-dependent oxidoreductase [Prochlorococcus]	Unknown	2.00
WP_063420191.1 MULTISPECIES: DUF3593 domain-containing protein [Prochlorococcus]	CytoplasmicMembrane	9.82
WP_063420192.1 MULTISPECIES: polysaccharide pyruvyl transferase CsaB [Prochlorococcus]	Unknown	2.00
WP_063420193.1 MULTISPECIES: ABC transporter ATP-binding protein [Prochlorococcus]	CytoplasmicMembrane	10.00
WP_063420194.1 MULTISPECIES: carbohydrate ABC transporter permease [Prochlorococcus]	CytoplasmicMembrane	10.00
WP_063420195.1 MULTISPECIES: carbohydrate ABC transporter permease [Prochlorococcus]	CytoplasmicMembrane	10.00
WP_063420196.1 MULTISPECIES: ABC transporter substrate-binding protein [Prochlorococcus]	Periplasmic	9.44
WP_063420197.1 MULTISPECIES: molecular chaperone HtpG [Prochlorococcus]	Cytoplasmic	9.97
WP_063420198.1 MULTISPECIES: ATP phosphoribosyltransferase regulatory subunit [Prochlorococcus]	Cytoplasmic	10.00
WP_063420199.1 MULTISPECIES: inositol monophosphatase family protein [Prochlorococcus]	Cytoplasmic	9.26
WP_063420200.1 MULTISPECIES: phosphate ABC transporter ATP-binding protein PstB [Prochlorococcus]	CytoplasmicMembrane	10.00
WP_063420201.1 MULTISPECIES: phosphate ABC transporter permease PstA [Prochlorococcus]	CytoplasmicMembrane	10.00
WP_063420202.1 MULTISPECIES: molecular chaperone DnaK [Prochlorococcus]	Cytoplasmic	9.26
WP_063420203.1 MULTISPECIES: DnaJ domain-containing protein [Prochlorococcus]	Cytoplasmic	9.97
WP_063420204.1 MULTISPECIES: DUF3110 domain-containing protein [Prochlorococcus]	Cytoplasmic	8.96
WP_063420205.1 MULTISPECIES: N-acetylmuramic acid 6-phosphate etherase [Prochlorococcus]	Cytoplasmic	8.96
WP_063420206.1 MULTISPECIES: N-acetyl-gamma-glutamyl-phosphate reductase [Prochlorococcus]	Cytoplasmic	9.97
WP_063420207.1 MULTISPECIES: N-acetylmuramoyl-L-alanine amidase [Prochlorococcus]	Unknown	2.00
WP_063420208.1 MULTISPECIES: hypothetical protein [Prochlorococcus]	Cytoplasmic	8.96
WP_063420209.1 MULTISPECIES: leucine--tRNA ligase [Prochlorococcus]	Cytoplasmic	9.97
WP_063420210.1 MULTISPECIES: diaminopimelate epimerase [Prochlorococcus]	Cytoplasmic	9.97
WP_063420211.1 MULTISPECIES: cysteine desulfurase family protein [Prochlorococcus]	Cytoplasmic	9.97
WP_063420212.1 MULTISPECIES: DUF4330 domain-containing protein [Prochlorococcus]	Unknown	2.00
WP_063420213.1 MULTISPECIES: D-alanyl-D-alanine carboxypeptidase/D-alanyl-D-alanine-endopeptidase [Prochlorococcus]	Periplasmic	9.76
WP_063420214.1 MULTISPECIES: excinuclease ABC subunit UvrC [Prochlorococcus]	Cytoplasmic	9.97
WP_063420215.1 MULTISPECIES: protoporphyrinogen oxidase HemJ [Prochlorococcus]	CytoplasmicMembrane	10.00
WP_063420216.1 MULTISPECIES: PHP domain-containing protein [Prochlorococcus]	Cytoplasmic	8.96
WP_063420217.1 MULTISPECIES: cobaltochelatase subunit CobN [Prochlorococcus]	Cytoplasmic	9.26
WP_063420218.1 MULTISPECIES: methionine synthase [Prochlorococcus]	Cytoplasmic	9.97
WP_063420219.1 MULTISPECIES: ATP adenylyltransferase family protein [Prochlorococcus]	Cytoplasmic	8.96
WP_063420221.1 MULTISPECIES: DUF3370 domain-containing protein [Prochlorococcus]	Unknown	2.00
WP_063420222.1 MULTISPECIES: J domain-containing protein [Prochlorococcus]	Cytoplasmic	8.96
WP_063420223.1 MULTISPECIES: 23S rRNA (uracil(1939)-C(5))-methyltransferase RlmD [Prochlorococcus]	Cytoplasmic	9.97
WP_063420224.1 MULTISPECIES: phenylalanine--tRNA ligase subunit beta [Prochlorococcus]	Cytoplasmic	9.97
WP_063420225.1 MULTISPECIES: ribonuclease catalytic domain-containing protein [Prochlorococcus]	Unknown	7.33
WP_063420226.1 MULTISPECIES: FAD-dependent oxidoreductase [Prochlorococcus]	Extracellular	9.65
WP_063420227.1 MULTISPECIES: LPS export ABC transporter periplasmic protein LptC [Prochlorococcus]	Unknown	4.90
WP_063420228.1 MULTISPECIES: cofactor assembly of complex C subunit B [Prochlorococcus]	CytoplasmicMembrane	10.00
WP_063420229.1 MULTISPECIES: photosystem II repair protein Psb32 [Prochlorococcus]	Unknown	2.50
WP_063420230.1 MULTISPECIES: proton extrusion protein PcxA [Prochlorococcus]	CytoplasmicMembrane	10.00
WP_063420231.1 MULTISPECIES: bifunctional adenosylcobinamide kinase/adenosylcobinamide-phosphate guanylyltransferase [Prochlorococcus]	Cytoplasmic	9.26
WP_063420232.1 MULTISPECIES: tRNA (cytidine(34)-2'-O)-methyltransferase [Prochlorococcus]	Unknown	2.00
WP_063420233.1 MULTISPECIES: M23 family metallopeptidase [Prochlorococcus]	OuterMembrane	9.93
WP_063420234.1 MULTISPECIES: peptidoglycan DD-metalloendopeptidase family protein [Prochlorococcus]	OuterMembrane	9.92
WP_063420235.1 MULTISPECIES: hypothetical protein [Prochlorococcus]	Unknown	2.00
WP_063420236.1 MULTISPECIES: peroxiredoxin [Prochlorococcus]	Cytoplasmic	9.26
WP_063420237.1 MULTISPECIES: UPF0182 family protein [Prochlorococcus]	CytoplasmicMembrane	10.00
WP_063420238.1 MULTISPECIES: ATP-dependent zinc metalloprotease FtsH [unclassified Prochlorococcus]	CytoplasmicMembrane	9.99
WP_063420239.1 MULTISPECIES: 50S ribosomal protein L32 [Prochlorococcus]	Unknown	2.00
WP_063420241.1 MULTISPECIES: HAD-IA family hydrolase [Prochlorococcus]	Cytoplasmic	8.96
WP_063420242.1 MULTISPECIES: single-stranded-DNA-specific exonuclease RecJ [Prochlorococcus]	Cytoplasmic	9.97
WP_063420243.1 MULTISPECIES: chloride channel protein [Prochlorococcus]	CytoplasmicMembrane	10.00
WP_063420244.1 MULTISPECIES: RNB domain-containing ribonuclease [Prochlorococcus]	Cytoplasmic	8.96
WP_063420245.1 MULTISPECIES: flavin prenyltransferase UbiX [Prochlorococcus]	Cytoplasmic	9.26
WP_063420246.1 MULTISPECIES: hypothetical protein [Prochlorococcus]	Unknown	2.00
WP_063420247.1 MULTISPECIES: DUF2996 domain-containing protein [Prochlorococcus]	Unknown	2.00
WP_063420248.1 MULTISPECIES: TldD/PmbA family protein [Prochlorococcus]	Unknown	2.00
WP_063420249.1 MULTISPECIES: hypothetical protein [Prochlorococcus]	Cytoplasmic	8.96
WP_063420250.1 MULTISPECIES: aromatic ring-hydroxylating dioxygenase subunit alpha [Prochlorococcus]	Cytoplasmic	8.96
WP_063420251.1 MULTISPECIES: transcription-repair coupling factor [Prochlorococcus]	Cytoplasmic	9.97
WP_063420252.1 MULTISPECIES: S41 family peptidase [Prochlorococcus]	Unknown	4.97
WP_063420253.1 MULTISPECIES: (E)-4-hydroxy-3-methylbut-2-enyl-diphosphate synthase [Prochlorococcus]	Cytoplasmic	9.97
WP_063420254.1 MULTISPECIES: pyridoxal phosphate-dependent aminotransferase [Prochlorococcus]	Cytoplasmic	9.26
WP_063420255.1 MULTISPECIES: putative selenate ABC transporter substrate-binding protein [Prochlorococcus]	Periplasmic	9.44
WP_063420256.1 MULTISPECIES: ATP-binding cassette domain-containing protein [Prochlorococcus]	CytoplasmicMembrane	10.00
WP_063420257.1 MULTISPECIES: hypothetical protein [Prochlorococcus]	CytoplasmicMembrane	10.00
WP_063420258.1 MULTISPECIES: DUF92 domain-containing protein [Prochlorococcus]	CytoplasmicMembrane	10.00
WP_063420259.1 MULTISPECIES: 16S rRNA (uracil(1498)-N(3))-methyltransferase [Prochlorococcus]	Cytoplasmic	8.96
WP_063420260.1 MULTISPECIES: CPP1-like family protein [Prochlorococcus]	CytoplasmicMembrane	9.82
WP_063420261.1 MULTISPECIES: hypothetical protein [Prochlorococcus]	Unknown	2.00
WP_063420262.1 MULTISPECIES: class I SAM-dependent methyltransferase [Prochlorococcus]	Cytoplasmic	8.96
WP_063420264.1 MULTISPECIES: hypothetical protein [unclassified Prochlorococcus]	CytoplasmicMembrane	9.82
WP_063420265.1 MULTISPECIES: hypothetical protein [Prochlorococcus]	Unknown	2.00
WP_063420266.1 MULTISPECIES: flavodoxin FldA [Prochlorococcus]	Unknown	2.00
WP_063420268.1 MULTISPECIES: polyphosphate kinase 2 [Prochlorococcus]	Cytoplasmic	9.97
WP_063420269.1 MULTISPECIES: ATP-binding protein [Prochlorococcus]	CytoplasmicMembrane	9.99
WP_063420270.1 MULTISPECIES: EF-hand domain-containing protein [Prochlorococcus]	Unknown	2.50
WP_063420271.1 MULTISPECIES: DUF4335 domain-containing protein [Prochlorococcus]	Unknown	2.00
WP_063420273.1 MULTISPECIES: magnesium chelatase subunit H [Prochlorococcus]	Cytoplasmic	9.97
WP_063420274.1 MULTISPECIES: RNA-binding S4 domain-containing protein [Prochlorococcus]	Unknown	2.00
WP_063420275.1 MULTISPECIES: ABC transporter ATP-binding protein [Prochlorococcus]	CytoplasmicMembrane	10.00
WP_063420276.1 MULTISPECIES: DUF3386 domain-containing protein [Prochlorococcus]	Cytoplasmic	8.96
WP_063420277.1 MULTISPECIES: carbamoyl-phosphate synthase large subunit [Prochlorococcus]	Unknown	4.99
WP_063420278.1 MULTISPECIES: ribosome silencing factor [Prochlorococcus]	Cytoplasmic	9.97
WP_063420279.1 MULTISPECIES: asparaginase [Prochlorococcus]	Cytoplasmic	8.96
WP_063420280.1 MULTISPECIES: hypothetical protein [Prochlorococcus]	Unknown	2.00
WP_063420282.1 MULTISPECIES: transposase [Prochlorococcus]	Unknown	2.00
WP_063420283.1 MULTISPECIES: DUF1651 domain-containing protein [Prochlorococcus]	Unknown	2.00
WP_063420285.1 MULTISPECIES: hypothetical protein [Prochlorococcus]	Unknown	2.50
WP_063420286.1 MULTISPECIES: hypothetical protein [Prochlorococcus]	Unknown	2.00
WP_063420287.1 MULTISPECIES: ParB-like protein [Prochlorococcus]	Unknown	2.00
WP_063420288.1 MULTISPECIES: hypothetical protein [Prochlorococcus]	Unknown	2.00
WP_063420289.1 MULTISPECIES: hypothetical protein [Prochlorococcus]	Unknown	2.00
WP_063420291.1 MULTISPECIES: CopD family protein [Prochlorococcus]	CytoplasmicMembrane	10.00
WP_063420295.1 MULTISPECIES: hypothetical protein [Prochlorococcus]	CytoplasmicMembrane	9.82
WP_063420297.1 MULTISPECIES: metallophosphoesterase family protein [Prochlorococcus]	Unknown	2.50
WP_063420298.1 MULTISPECIES: TIGR00341 family protein [Prochlorococcus]	CytoplasmicMembrane	10.00
WP_063420301.1 MULTISPECIES: large conductance mechanosensitive channel protein MscL [Prochlorococcus]	CytoplasmicMembrane	9.82
WP_063420303.1 MULTISPECIES: di-heme oxidoredictase family protein [Prochlorococcus]	Unknown	2.00
WP_063420304.1 MULTISPECIES: arsenosugar biosynthesis radical SAM (seleno)protein ArsS [Prochlorococcus]	Cytoplasmic	8.96
WP_063420305.1 MULTISPECIES: glucosylglycerol 3-phosphatase [Prochlorococcus]	Cytoplasmic	8.96
WP_063420306.1 MULTISPECIES: hypothetical protein [Prochlorococcus]	Cytoplasmic	8.96
WP_063420307.1 MULTISPECIES: AAA family ATPase [Prochlorococcus]	Unknown	5.48
WP_063420309.1 MULTISPECIES: phosphotransferase enzyme family protein [Prochlorococcus]	Cytoplasmic	8.96
WP_063420310.1 MULTISPECIES: transglycosylase SLT domain-containing protein [Prochlorococcus]	Unknown	2.00
WP_063420311.1 MULTISPECIES: O-acetylhomoserine aminocarboxypropyltransferase/cysteine synthase family protein [Prochlorococcus]	Cytoplasmic	9.26
WP_063420312.1 MULTISPECIES: homoserine O-succinyltransferase [Prochlorococcus]	Cytoplasmic	9.97
WP_063420313.1 MULTISPECIES: alpha-ketoglutarate-dependent dioxygenase AlkB family protein [Prochlorococcus]	Cytoplasmic	8.96
WP_063420315.1 MULTISPECIES: hypothetical protein [Prochlorococcus]	Unknown	2.00
WP_063420316.1 MULTISPECIES: hypothetical protein [Prochlorococcus]	Unknown	2.00
WP_063420318.1 MULTISPECIES: hypothetical protein [Prochlorococcus]	Unknown	2.00
WP_063420320.1 MULTISPECIES: dockerin type I domain-containing protein [Prochlorococcus]	Extracellular	9.64
WP_063420321.1 MULTISPECIES: hypothetical protein [Prochlorococcus]	Unknown	2.00
WP_063420322.1 MULTISPECIES: hypothetical protein [Prochlorococcus]	Cytoplasmic	8.96
WP_063420323.1 MULTISPECIES: sulfite exporter TauE/SafE family protein [Prochlorococcus]	CytoplasmicMembrane	10.00
WP_063420326.1 MULTISPECIES: SDR family oxidoreductase [Prochlorococcus]	Unknown	2.00
WP_063420332.1 MULTISPECIES: glycosyltransferase [Prochlorococcus]	CytoplasmicMembrane	10.00
WP_063420334.1 MULTISPECIES: GTP-binding protein [Prochlorococcus]	Cytoplasmic	9.97
WP_063420338.1 MULTISPECIES: nucleoside deaminase [Prochlorococcus]	Cytoplasmic	9.26
WP_063420341.1 MULTISPECIES: rhodanese-like domain-containing protein [Prochlorococcus]	Unknown	2.00
WP_063420343.1 MULTISPECIES: LexA family protein [Prochlorococcus]	Cytoplasmic	9.97
WP_063420346.1 MULTISPECIES: ABC transporter ATP-binding protein [Prochlorococcus]	CytoplasmicMembrane	7.88
WP_063420349.1 MULTISPECIES: photosystem II biogenesis protein Psp29 [Prochlorococcus]	Unknown	2.00
WP_063420350.1 MULTISPECIES: pyruvate kinase [Prochlorococcus]	Cytoplasmic	9.97
WP_063420351.1 MULTISPECIES: peptidylprolyl isomerase [Prochlorococcus]	Unknown	3.91
WP_063420353.1 MULTISPECIES: phosphoribosylglycinamide formyltransferase [Prochlorococcus]	Cytoplasmic	9.26
WP_063420354.1 MULTISPECIES: PDZ domain-containing protein [Prochlorococcus]	Cytoplasmic	8.96
WP_063420355.1 MULTISPECIES: glucose-6-phosphate isomerase [Prochlorococcus]	Cytoplasmic	9.97
WP_063420356.1 MULTISPECIES: hypothetical protein [Prochlorococcus]	Cytoplasmic	8.96
WP_063420358.1 MULTISPECIES: methionine--tRNA ligase [Prochlorococcus]	Cytoplasmic	9.97
WP_063420359.1 MULTISPECIES: tellurite resistance TerB family protein [Prochlorococcus]	Unknown	2.00
WP_063420360.1 MULTISPECIES: TMEM165/GDT1 family protein [Prochlorococcus]	CytoplasmicMembrane	9.82
WP_063420361.1 MULTISPECIES: TldD/PmbA family protein [unclassified Prochlorococcus]	Cytoplasmic	9.97
WP_063420363.1 MULTISPECIES: ABC transporter ATP-binding protein [Prochlorococcus]	CytoplasmicMembrane	10.00
WP_063420364.1 MULTISPECIES: hypothetical protein [Prochlorococcus]	Cytoplasmic	8.96
WP_063420365.1 MULTISPECIES: fatty acid desaturase [Prochlorococcus]	CytoplasmicMembrane	10.00
WP_063420366.1 MULTISPECIES: type 1 glutamine amidotransferase [Prochlorococcus]	Cytoplasmic	9.97
WP_063420368.1 MULTISPECIES: adenine phosphoribosyltransferase [Prochlorococcus]	Cytoplasmic	9.97
WP_063420370.1 MULTISPECIES: DUF6447 family protein [Prochlorococcus]	Unknown	2.00
WP_063420376.1 MULTISPECIES: class I SAM-dependent methyltransferase [Prochlorococcus]	Cytoplasmic	8.96
WP_063420378.1 MULTISPECIES: hypothetical protein [Prochlorococcus]	Unknown	6.26
WP_063420379.1 MULTISPECIES: putative Ig domain-containing protein [Prochlorococcus]	Unknown	6.04
WP_063420384.1 MULTISPECIES: CAAD domain-containing protein [Prochlorococcus]	Unknown	2.00
WP_063420385.1 MULTISPECIES: fructosamine kinase family protein [Prochlorococcus]	Unknown	2.00
WP_063420386.1 MULTISPECIES: C-3',4' desaturase CrtD [Prochlorococcus]	Unknown	2.50
WP_063420387.1 MULTISPECIES: prephenate/arogenate dehydrogenase [Prochlorococcus]	Unknown	2.00
WP_063420388.1 MULTISPECIES: hypothetical protein [Prochlorococcus]	Unknown	2.00
WP_063420389.1 MULTISPECIES: DUF2839 domain-containing protein [Prochlorococcus]	CytoplasmicMembrane	9.82
WP_063420390.1 MULTISPECIES: recombinase RecA [Prochlorococcus]	Cytoplasmic	9.26
WP_063420391.1 MULTISPECIES: HAD family hydrolase [Prochlorococcus]	Cytoplasmic	8.96
WP_063420392.1 MULTISPECIES: AAA family ATPase [Prochlorococcus]	Cytoplasmic	8.96
WP_063420393.1 MULTISPECIES: NAD(P)H-quinone oxidoreductase subunit N [Prochlorococcus]	Unknown	2.00
WP_063420394.1 MULTISPECIES: 50S ribosomal protein L3 [Prochlorococcus]	Cytoplasmic	9.97
WP_063420395.1 MULTISPECIES: 50S ribosomal protein L4 [Prochlorococcus]	Cytoplasmic	9.97
WP_063420396.1 MULTISPECIES: 50S ribosomal protein L2 [Prochlorococcus]	Cytoplasmic	9.26
WP_063420397.1 MULTISPECIES: 50S ribosomal protein L22 [Prochlorococcus]	Cytoplasmic	9.26
WP_063420398.1 MULTISPECIES: 30S ribosomal protein S3 [Prochlorococcus]	Cytoplasmic	9.97
WP_063420399.1 MULTISPECIES: 50S ribosomal protein L14 [Prochlorococcus]	Cytoplasmic	9.26
WP_063420400.1 MULTISPECIES: 50S ribosomal protein L24 [Prochlorococcus]	Cytoplasmic	9.97
WP_063420401.1 MULTISPECIES: 30S ribosomal protein S8 [Prochlorococcus]	Cytoplasmic	9.26
WP_063420402.1 MULTISPECIES: 30S ribosomal protein S5 [Prochlorococcus]	Cytoplasmic	9.26
WP_063420403.1 MULTISPECIES: 50S ribosomal protein L15 [Prochlorococcus]	Cytoplasmic	9.26
WP_063420404.1 MULTISPECIES: adenylate kinase [Prochlorococcus]	Cytoplasmic	9.97
WP_063420405.1 MULTISPECIES: DNA-directed RNA polymerase subunit alpha [Prochlorococcus]	Cytoplasmic	9.97
WP_063420406.1 MULTISPECIES: tRNA pseudouridine(38-40) synthase TruA [Prochlorococcus]	Unknown	2.00
WP_063420408.1 MULTISPECIES: 50S ribosomal protein L13 [Prochlorococcus]	Cytoplasmic	9.26
WP_063420409.1 MULTISPECIES: 50S ribosomal protein L31 [Prochlorococcus]	Cytoplasmic	9.26
WP_063420410.1 MULTISPECIES: peptide chain release factor 1 [Prochlorococcus]	Cytoplasmic	9.97
WP_063420411.1 MULTISPECIES: alanine racemase [Prochlorococcus]	Cytoplasmic	9.97
WP_063420412.1 MULTISPECIES: C40 family peptidase [Prochlorococcus]	Unknown	2.00
WP_063420413.1 MULTISPECIES: hypothetical protein [Prochlorococcus]	Unknown	2.00
WP_063420414.1 MULTISPECIES: photosystem I core protein PsaA [Prochlorococcus]	CytoplasmicMembrane	10.00
WP_063420416.1 MULTISPECIES: precorrin-3B C(17)-methyltransferase [Prochlorococcus]	Cytoplasmic	9.26
WP_063420417.1 MULTISPECIES: lycopene beta cyclase [Prochlorococcus]	Unknown	2.50
WP_063420418.1 MULTISPECIES: hypothetical protein [Prochlorococcus]	CytoplasmicMembrane	9.82
WP_063420419.1 MULTISPECIES: lipoyl synthase [Prochlorococcus]	Cytoplasmic	9.97
WP_063420420.1 MULTISPECIES: YciI family protein [Prochlorococcus]	Unknown	2.00
WP_063420421.1 MULTISPECIES: glutamate synthase large subunit [Prochlorococcus]	Unknown	7.33
WP_063420422.1 MULTISPECIES: phosphodiester glycosidase family protein [Prochlorococcus]	CytoplasmicMembrane	9.82
WP_063420423.1 MULTISPECIES: LON peptidase substrate-binding domain-containing protein [Prochlorococcus]	Cytoplasmic	9.97
WP_063420424.1 MULTISPECIES: methyltransferase domain-containing protein [Prochlorococcus]	Cytoplasmic	9.97
WP_063420425.1 MULTISPECIES: DUF1997 domain-containing protein [Prochlorococcus]	Unknown	2.00
WP_063420426.1 MULTISPECIES: ribonuclease HII [Prochlorococcus]	Cytoplasmic	9.26
WP_063420427.1 MULTISPECIES: Rne/Rng family ribonuclease [Prochlorococcus]	Cytoplasmic	9.97
WP_063420428.1 MULTISPECIES: TIGR03960 family B12-binding radical SAM protein [Prochlorococcus]	Cytoplasmic	8.96
WP_063420430.1 MULTISPECIES: photosystem II high light acclimation radical SAM protein [Prochlorococcus]	Cytoplasmic	8.96
WP_063420431.1 MULTISPECIES: chorismate synthase [Prochlorococcus]	Cytoplasmic	9.97
WP_063420432.1 MULTISPECIES: hypothetical protein [Prochlorococcus]	CytoplasmicMembrane	9.46
WP_063420433.1 MULTISPECIES: hypothetical protein [Prochlorococcus]	Unknown	2.00
WP_063420434.1 MULTISPECIES: ATP-dependent zinc metalloprotease FtsH3 [Prochlorococcus]	CytoplasmicMembrane	10.00
WP_063420435.1 MULTISPECIES: sulfate adenylyltransferase [Prochlorococcus]	Cytoplasmic	8.96
WP_063420436.1 MULTISPECIES: bifunctional phosphopantothenoylcysteine decarboxylase/phosphopantothenate--cysteine ligase CoaBC [Prochlorococcus]	Cytoplasmic	9.26
WP_063420437.1 MULTISPECIES: aspartate carbamoyltransferase catalytic subunit [Prochlorococcus]	Cytoplasmic	9.97
WP_063420439.1 MULTISPECIES: tetratricopeptide repeat protein [Prochlorococcus]	Unknown	2.00
WP_063420441.1 MULTISPECIES: DUF6165 family protein [Prochlorococcus]	Cytoplasmic	8.96
WP_063420442.1 MULTISPECIES: Nif11-like leader peptide family natural product precursor [Prochlorococcus]	Unknown	2.00
WP_063420443.1 MULTISPECIES: creatininase family protein [Prochlorococcus]	Unknown	2.00
WP_063420444.1 MULTISPECIES: Asp-tRNA(Asn)/Glu-tRNA(Gln) amidotransferase subunit GatC [Prochlorococcus]	Cytoplasmic	9.97
WP_063420445.1 MULTISPECIES: hypothetical protein [Prochlorococcus]	Unknown	2.50
WP_063420446.1 MULTISPECIES: DUF3177 family protein [Prochlorococcus]	CytoplasmicMembrane	10.00
WP_063420447.1 MULTISPECIES: tRNA (guanosine(46)-N7)-methyltransferase TrmB [Prochlorococcus]	Cytoplasmic	9.97
WP_063420448.1 MULTISPECIES: IctB family putative bicarbonate transporter [Prochlorococcus]	CytoplasmicMembrane	10.00
WP_063420449.1 MULTISPECIES: N-acetylglucosamine kinase [Prochlorococcus]	Unknown	2.00
WP_063420450.1 MULTISPECIES: phosphoglucosamine mutase [Prochlorococcus]	Cytoplasmic	9.97
WP_063420452.1 MULTISPECIES: ribonuclease PH [Prochlorococcus]	Cytoplasmic	9.97
WP_063420453.1 MULTISPECIES: DUF3084 domain-containing protein [Prochlorococcus]	Unknown	2.00
WP_063420455.1 MULTISPECIES: DUF3146 family protein [Prochlorococcus]	Unknown	2.00
WP_063420456.1 MULTISPECIES: aminoacyl-tRNA hydrolase [Prochlorococcus]	Cytoplasmic	9.26
WP_063420457.1 MULTISPECIES: TatA/E family twin arginine-targeting protein translocase [Prochlorococcus]	Unknown	2.00
WP_063420458.1 MULTISPECIES: alpha-mannosidase [Prochlorococcus]	Cytoplasmic	8.96
WP_063420459.1 MULTISPECIES: DUF3769 domain-containing protein [Prochlorococcus]	Unknown	4.72
WP_063420461.1 MULTISPECIES: 3-isopropylmalate dehydratase small subunit [Prochlorococcus]	Cytoplasmic	9.26
WP_063420462.1 MULTISPECIES: 3-isopropylmalate dehydratase large subunit [Prochlorococcus]	Cytoplasmic	9.97
WP_063420464.1 MULTISPECIES: MraY family glycosyltransferase [Prochlorococcus]	CytoplasmicMembrane	10.00
WP_063420465.1 MULTISPECIES: serine hydroxymethyltransferase [Prochlorococcus]	Cytoplasmic	9.97
WP_063420466.1 MULTISPECIES: murein biosynthesis integral membrane protein MurJ [Prochlorococcus]	CytoplasmicMembrane	10.00
WP_063420467.1 MULTISPECIES: 4-hydroxy-3-methylbut-2-enyl diphosphate reductase [Prochlorococcus]	Cytoplasmic	9.97
WP_063420468.1 MULTISPECIES: DUF1997 domain-containing protein [Prochlorococcus]	Unknown	2.00
WP_063420470.1 MULTISPECIES: bifunctional phosphoribosylaminoimidazolecarboxamide formyltransferase/IMP cyclohydrolase [Prochlorococcus]	Cytoplasmic	9.97
WP_063420471.1 MULTISPECIES: sensor histidine kinase [Prochlorococcus]	CytoplasmicMembrane	10.00
WP_063420472.1 MULTISPECIES: WecB/TagA/CpsF family glycosyltransferase [Prochlorococcus]	Unknown	2.00
WP_063420473.1 MULTISPECIES: Gfo/Idh/MocA family protein [Prochlorococcus]	Cytoplasmic	8.96
WP_063420474.1 MULTISPECIES: hemolysin family protein [Prochlorococcus]	CytoplasmicMembrane	10.00
WP_063420475.1 MULTISPECIES: hypothetical protein [Prochlorococcus]	Unknown	2.00
WP_063420476.1 MULTISPECIES: orotate phosphoribosyltransferase [Prochlorococcus]	Cytoplasmic	9.26
WP_063420477.1 MULTISPECIES: YgfZ/GcvT domain-containing protein [Prochlorococcus]	Unknown	2.00
WP_063420478.1 MULTISPECIES: TM0106 family RecB-like putative nuclease [Prochlorococcus]	Unknown	2.00
WP_063420479.1 MULTISPECIES: phosphoglucomutase/phosphomannomutase family protein [Prochlorococcus]	Cytoplasmic	9.97
WP_063420480.1 MULTISPECIES: RdgB/HAM1 family non-canonical purine NTP pyrophosphatase [Prochlorococcus]	Cytoplasmic	9.97
WP_063420481.1 MULTISPECIES: MFS transporter [Prochlorococcus]	CytoplasmicMembrane	10.00
WP_063420482.1 MULTISPECIES: SIMPL domain-containing protein [Prochlorococcus]	Unknown	2.50
WP_063420483.1 MULTISPECIES: calcium-binding protein [Prochlorococcus]	Extracellular	10.00
WP_063420484.1 MULTISPECIES: carotenoid oxygenase family protein [Prochlorococcus]	Unknown	2.00
WP_063420485.1 MULTISPECIES: DegT/DnrJ/EryC1/StrS family aminotransferase [Prochlorococcus]	Cytoplasmic	9.97
WP_063420486.1 MULTISPECIES: putative cobaltochelatase [Prochlorococcus]	Unknown	2.00
WP_063420487.1 MULTISPECIES: MlaD family protein [Prochlorococcus]	Unknown	2.50
WP_063420488.1 MULTISPECIES: gluconeogenesis factor YvcK family protein [Prochlorococcus]	CytoplasmicMembrane	9.86
WP_063420489.1 MULTISPECIES: photosynthesis system II assembly factor Ycf48 [Prochlorococcus]	OuterMembrane	9.49
WP_063420490.1 MULTISPECIES: S-methyl-5-thioribose-1-phosphate isomerase [Prochlorococcus]	Cytoplasmic	9.26
WP_063420491.1 MULTISPECIES: bifunctional aldolase/short-chain dehydrogenase [Prochlorococcus]	Cytoplasmic	9.97
WP_063420492.1 MULTISPECIES: NAD-dependent epimerase [Prochlorococcus]	Unknown	4.99
WP_063420493.1 MULTISPECIES: nucleotide sugar dehydrogenase [Prochlorococcus]	Cytoplasmic	9.97
WP_063420494.1 MULTISPECIES: histidine--tRNA ligase [Prochlorococcus]	Cytoplasmic	10.00
WP_063420496.1 MULTISPECIES: hypothetical protein [Prochlorococcus]	Unknown	2.00
WP_063420497.1 MULTISPECIES: UDP-glucose 4-epimerase GalE [Prochlorococcus]	Cytoplasmic	9.97
WP_063420498.1 MULTISPECIES: sugar transferase [Prochlorococcus]	CytoplasmicMembrane	10.00
WP_063420499.1 MULTISPECIES: selenide, water dikinase SelD [Prochlorococcus]	CytoplasmicMembrane	9.82
WP_063420500.1 MULTISPECIES: CCA tRNA nucleotidyltransferase [Prochlorococcus]	Cytoplasmic	9.26
WP_063420502.1 MULTISPECIES: KdsC family phosphatase [Prochlorococcus]	Cytoplasmic	9.26
WP_063420503.1 MULTISPECIES: glycosyltransferase [Prochlorococcus]	Unknown	2.00
WP_063420505.1 MULTISPECIES: 3-deoxy-8-phosphooctulonate synthase [Prochlorococcus]	Cytoplasmic	9.97
WP_063420507.1 MULTISPECIES: glycosyltransferase [Prochlorococcus]	Cytoplasmic	8.96
WP_063420509.1 MULTISPECIES: hypothetical protein [Prochlorococcus]	Unknown	2.00
WP_063420510.1 MULTISPECIES: hypothetical protein [Prochlorococcus]	Unknown	2.00
WP_063420513.1 MULTISPECIES: UvrD-helicase domain-containing protein [Prochlorococcus]	Cytoplasmic	9.97
WP_063420514.1 MULTISPECIES: 2OG-Fe(II) oxygenase [Prochlorococcus]	Unknown	2.00
WP_063420519.1 MULTISPECIES: glycosyltransferase [Prochlorococcus]	Cytoplasmic	8.96
WP_063420520.1 MULTISPECIES: ChbG/HpnK family deacetylase [Prochlorococcus]	CytoplasmicMembrane	10.00
WP_063420521.1 MULTISPECIES: glycosyltransferase family 2 protein [Prochlorococcus]	CytoplasmicMembrane	10.00
WP_063420522.1 MULTISPECIES: hypothetical protein [Prochlorococcus]	CytoplasmicMembrane	10.00
WP_063420523.1 MULTISPECIES: four-carbon acid sugar kinase family protein [Prochlorococcus]	Cytoplasmic	8.96
WP_063420524.1 MULTISPECIES: alpha/beta fold hydrolase [Prochlorococcus]	Unknown	2.00
WP_063420525.1 MULTISPECIES: glycogen/starch/alpha-glucan phosphorylase [Prochlorococcus]	Cytoplasmic	9.97
WP_063420526.1 MULTISPECIES: hypothetical protein [Prochlorococcus]	Unknown	2.00
WP_063420527.1 MULTISPECIES: ribosome maturation factor RimM [Prochlorococcus]	Cytoplasmic	9.97
WP_063420528.1 MULTISPECIES: mannose-1-phosphate guanylyltransferase/mannose-6-phosphate isomerase [Prochlorococcus]	Cytoplasmic	8.96
WP_063420529.1 MULTISPECIES: glutamine--fructose-6-phosphate transaminase (isomerizing) [Prochlorococcus]	Cytoplasmic	9.97
WP_063420530.1 MULTISPECIES: beta-ketoacyl-ACP synthase II [Prochlorococcus]	CytoplasmicMembrane	9.82
WP_063420531.1 MULTISPECIES: transketolase [Prochlorococcus]	Cytoplasmic	9.97
WP_063420532.1 MULTISPECIES: UDP-glucuronic acid decarboxylase family protein [Prochlorococcus]	Cytoplasmic	9.97
WP_063420533.1 MULTISPECIES: glycosyltransferase family 2 protein [Prochlorococcus]	CytoplasmicMembrane	10.00
WP_063420534.1 MULTISPECIES: chlororespiratory reduction protein 7 [Prochlorococcus]	Unknown	2.00
WP_063420535.1 MULTISPECIES: 30S ribosome-binding factor RbfA [Prochlorococcus]	Cytoplasmic	9.97
WP_063420536.1 MULTISPECIES: glycoside hydrolase family 3 N-terminal domain-containing protein [Prochlorococcus]	Cytoplasmic	9.26
WP_063420538.1 MULTISPECIES: uroporphyrinogen-III synthase [Prochlorococcus]	Cytoplasmic	8.96
WP_063420539.1 MULTISPECIES: hypothetical protein [Prochlorococcus]	CytoplasmicMembrane	9.82
WP_063420540.1 MULTISPECIES: 9,9'-di-cis-zeta-carotene desaturase [Prochlorococcus]	Unknown	2.50
WP_063420541.1 MULTISPECIES: lipid-A-disaccharide synthase-related protein [Prochlorococcus]	CytoplasmicMembrane	9.82
WP_063420542.1 MULTISPECIES: TIGR01777 family oxidoreductase [Prochlorococcus]	Cytoplasmic	9.26
WP_063420543.1 MULTISPECIES: phospholipid carrier-dependent glycosyltransferase [Prochlorococcus]	CytoplasmicMembrane	10.00
WP_063420544.1 MULTISPECIES: J domain-containing protein [Prochlorococcus]	Cytoplasmic	8.96
WP_063420545.1 MULTISPECIES: cysteine synthase A [Prochlorococcus]	Cytoplasmic	9.26
WP_063420546.1 MULTISPECIES: iron uptake porin [Prochlorococcus]	OuterMembrane	9.52
WP_063420549.1 MULTISPECIES: ArnT family glycosyltransferase [Prochlorococcus]	CytoplasmicMembrane	10.00
WP_063420550.1 MULTISPECIES: DUF2079 domain-containing protein [Prochlorococcus]	CytoplasmicMembrane	10.00
WP_063420551.1 MULTISPECIES: hypothetical protein [Prochlorococcus]	CytoplasmicMembrane	10.00
WP_063420553.1 MULTISPECIES: DNA polymerase III subunit delta' [Prochlorococcus]	Cytoplasmic	9.26
WP_063420554.1 MULTISPECIES: heavy metal translocating P-type ATPase [Prochlorococcus]	CytoplasmicMembrane	10.00
WP_063420555.1 MULTISPECIES: DNA repair protein RadA [Prochlorococcus]	Cytoplasmic	8.96
WP_063420556.1 MULTISPECIES: phosphate acyltransferase PlsX [Prochlorococcus]	Unknown	6.49
WP_063420557.1 MULTISPECIES: beta-ketoacyl-ACP synthase III [Prochlorococcus]	Cytoplasmic	9.26
WP_063420558.1 MULTISPECIES: ACP S-malonyltransferase [Prochlorococcus]	Cytoplasmic	9.26
WP_063420560.1 MULTISPECIES: YdcF family protein [Prochlorococcus]	Unknown	2.00
WP_063420561.1 MULTISPECIES: tRNA (adenosine(37)-N6)-threonylcarbamoyltransferase complex dimerization subunit type 1 TsaB [Prochlorococcus]	Unknown	2.00
WP_063420562.1 MULTISPECIES: tRNA nucleotidyltransferase [Prochlorococcus]	Cytoplasmic	8.96
WP_063420563.1 MULTISPECIES: 15-cis-phytoene desaturase [Prochlorococcus]	Unknown	2.00
WP_063420564.1 MULTISPECIES: LysR family transcriptional regulator [Prochlorococcus]	Cytoplasmic	9.97
WP_063420566.1 MULTISPECIES: NAD(P)H-quinone oxidoreductase subunit 5 [Prochlorococcus]	CytoplasmicMembrane	10.00
WP_063420567.1 MULTISPECIES: nucleotidyltransferase family protein [Prochlorococcus]	Cytoplasmic	9.97
WP_063420568.1 MULTISPECIES: methylenetetrahydrofolate reductase [Prochlorococcus]	Cytoplasmic	8.96
WP_063420569.1 MULTISPECIES: CYTH domain-containing protein [Prochlorococcus]	Unknown	2.00
WP_063420570.1 MULTISPECIES: NAD(+) kinase [Prochlorococcus]	Cytoplasmic	9.26
WP_063420571.1 MULTISPECIES: NAD(P)H-quinone oxidoreductase subunit I [Prochlorococcus]	Cytoplasmic	9.12
WP_063420572.1 MULTISPECIES: citrate synthase [Prochlorococcus]	Cytoplasmic	9.97
WP_063420573.1 MULTISPECIES: SixA phosphatase family protein [Prochlorococcus]	Unknown	2.00
WP_063420574.1 MULTISPECIES: DUF3352 domain-containing protein [Prochlorococcus]	CytoplasmicMembrane	9.86
WP_063420576.1 MULTISPECIES: hypothetical protein [Prochlorococcus]	Unknown	2.50
WP_063420577.1 MULTISPECIES: AI-2E family transporter [Prochlorococcus]	CytoplasmicMembrane	10.00
WP_063420578.1 MULTISPECIES: decaprenyl-phosphate phosphoribosyltransferase [Prochlorococcus]	CytoplasmicMembrane	10.00
WP_063420579.1 MULTISPECIES: flippase-like domain-containing protein [Prochlorococcus]	CytoplasmicMembrane	9.99
WP_063420580.1 MULTISPECIES: lysylphosphatidylglycerol synthase transmembrane domain-containing protein [Prochlorococcus]	CytoplasmicMembrane	10.00
WP_063420582.1 MULTISPECIES: hypothetical protein [Prochlorococcus]	CytoplasmicMembrane	10.00
WP_063420584.1 MULTISPECIES: magnesium protoporphyrin IX methyltransferase [Prochlorococcus]	Unknown	2.00
WP_063420585.1 MULTISPECIES: hypothetical protein [Prochlorococcus]	Unknown	2.00
WP_063420589.1 MULTISPECIES: DUF456 domain-containing protein [Prochlorococcus]	CytoplasmicMembrane	10.00
WP_063420590.1 MULTISPECIES: 16S rRNA (cytosine(1402)-N(4))-methyltransferase RsmH [Prochlorococcus]	Cytoplasmic	9.26
WP_063420591.1 MULTISPECIES: NAD(P)H-quinone oxidoreductase subunit H [Prochlorococcus]	Cytoplasmic	9.12
WP_063420593.1 MULTISPECIES: hypothetical protein [Prochlorococcus]	Unknown	2.00
WP_063420594.1 MULTISPECIES: acyl-CoA thioesterase [Prochlorococcus]	Cytoplasmic	8.96
WP_063420595.1 MULTISPECIES: TM2 domain-containing protein [Prochlorococcus]	CytoplasmicMembrane	9.82
WP_063420596.1 MULTISPECIES: AMP-binding protein [Prochlorococcus]	Unknown	2.00
WP_063420597.1 MULTISPECIES: 2-carboxy-1,4-naphthoquinone phytyltransferase [Prochlorococcus]	CytoplasmicMembrane	10.00
WP_063420598.1 MULTISPECIES: isochorismate synthase [Prochlorococcus]	Unknown	2.00
WP_063420600.1 MULTISPECIES: glutaredoxin 3 [Prochlorococcus]	Unknown	2.00
WP_063420602.1 MULTISPECIES: rRNA maturation RNase YbeY [Prochlorococcus]	Cytoplasmic	9.26
WP_063420603.1 MULTISPECIES: anthranilate synthase component II [Prochlorococcus]	Cytoplasmic	9.97
WP_063420604.1 MULTISPECIES: MBL fold metallo-hydrolase [Prochlorococcus]	Unknown	2.50
WP_063420605.1 MULTISPECIES: pyridoxal phosphate-dependent aminotransferase [Prochlorococcus]	Cytoplasmic	9.26
WP_063420606.1 MULTISPECIES: arginine--tRNA ligase [Prochlorococcus]	Cytoplasmic	9.97
WP_063420607.1 MULTISPECIES: carboxylating nicotinate-nucleotide diphosphorylase [Prochlorococcus]	Cytoplasmic	9.97
WP_063420609.1 MULTISPECIES: DUF2062 domain-containing protein [Prochlorococcus]	CytoplasmicMembrane	9.82
WP_063420610.1 MULTISPECIES: hypothetical protein [Prochlorococcus]	CytoplasmicMembrane	9.86
WP_063420612.1 MULTISPECIES: hypothetical protein [Prochlorococcus]	Unknown	2.00
WP_063420613.1 MULTISPECIES: mechanosensitive ion channel family protein [Prochlorococcus]	CytoplasmicMembrane	10.00
WP_063420616.1 MULTISPECIES: hypothetical protein [Prochlorococcus]	Unknown	2.00
WP_063420617.1 MULTISPECIES: ABC1 kinase family protein [Prochlorococcus]	CytoplasmicMembrane	9.99
WP_063420618.1 MULTISPECIES: phosphopyruvate hydratase [Prochlorococcus]	Cytoplasmic	9.97
WP_063420619.1 MULTISPECIES: ATP-dependent Clp protease ATP-binding subunit [Prochlorococcus]	Cytoplasmic	9.97
WP_063420620.1 MULTISPECIES: 50S ribosomal protein L7/L12 [Prochlorococcus]	Unknown	4.99
WP_063420621.1 MULTISPECIES: DUF3747 domain-containing protein [Prochlorococcus]	Unknown	2.50
WP_063420622.1 MULTISPECIES: ribonuclease HI [Prochlorococcus]	Cytoplasmic	8.96
WP_063420623.1 MULTISPECIES: quinone-dependent dihydroorotate dehydrogenase [Prochlorococcus]	CytoplasmicMembrane	9.82
WP_063420624.1 MULTISPECIES: hypothetical protein [Prochlorococcus]	Unknown	2.00
WP_063420625.1 MULTISPECIES: type II secretion system protein GspD [Prochlorococcus]	OuterMembrane	10.00
WP_063420626.1 MULTISPECIES: undecaprenyldiphospho-muramoylpentapeptide beta-N-acetylglucosaminyltransferase [Prochlorococcus]	CytoplasmicMembrane	9.97
WP_063420627.1 MULTISPECIES: DUF938 domain-containing protein [Prochlorococcus]	Cytoplasmic	8.96
WP_063420628.1 MULTISPECIES: DUF952 domain-containing protein [Prochlorococcus]	Unknown	2.00
WP_063420629.1 MULTISPECIES: NAD(P)-dependent oxidoreductase [Prochlorococcus]	Unknown	6.49
WP_063420631.1 MULTISPECIES: universal stress protein [Prochlorococcus]	Cytoplasmic	8.96
WP_063420632.1 MULTISPECIES: ribosome biogenesis GTPase YlqF [Prochlorococcus]	Cytoplasmic	8.96
WP_063420633.1 MULTISPECIES: RluA family pseudouridine synthase [Prochlorococcus]	Cytoplasmic	9.97
WP_063420634.1 MULTISPECIES: ABC transporter ATP-binding protein [Prochlorococcus]	CytoplasmicMembrane	9.98
WP_063420635.1 MULTISPECIES: RelA/SpoT family protein [Prochlorococcus]	Cytoplasmic	8.96
WP_063420636.1 MULTISPECIES: protein adenylyltransferase SelO [Prochlorococcus]	Cytoplasmic	8.96
WP_063420639.1 MULTISPECIES: hypothetical protein [Prochlorococcus]	CytoplasmicMembrane	9.82
WP_063420641.1 MULTISPECIES: hypothetical protein [Prochlorococcus]	Unknown	2.00
WP_063420643.1 MULTISPECIES: hypothetical protein [Prochlorococcus]	Unknown	2.00
WP_063420644.1 MULTISPECIES: hypothetical protein [Prochlorococcus]	Unknown	2.00
WP_063420645.1 MULTISPECIES: hypothetical protein [unclassified Prochlorococcus]	CytoplasmicMembrane	10.00
WP_063420646.1 MULTISPECIES: CCRG-2 family RiPP [Prochlorococcus]	Unknown	2.00
WP_063420647.1 MULTISPECIES: Nif11-like leader peptide family natural product precursor [Prochlorococcus]	Unknown	2.00
WP_063420648.1 MULTISPECIES: Nif11-like leader peptide family natural product precursor [Prochlorococcus]	Unknown	2.00
WP_063420649.1 MULTISPECIES: type 2 lanthipeptide synthetase LanM family protein [Prochlorococcus]	CytoplasmicMembrane	9.27
WP_063420650.1 MULTISPECIES: ATP-binding cassette domain-containing protein [Prochlorococcus]	CytoplasmicMembrane	10.00
WP_063420651.1 MULTISPECIES: ATP-binding cassette domain-containing protein [Prochlorococcus]	CytoplasmicMembrane	10.00
WP_063420652.1 MULTISPECIES: hypothetical protein [Prochlorococcus]	Unknown	2.00
WP_063420654.1 MULTISPECIES: site-specific integrase [Prochlorococcus]	Cytoplasmic	8.96
WP_063420656.1 MULTISPECIES: hypothetical protein [Prochlorococcus]	Cytoplasmic	8.96
WP_063420658.1 MULTISPECIES: S8 family serine peptidase [Prochlorococcus]	OuterMembrane	9.49
WP_063420659.1 MULTISPECIES: hypothetical protein [Prochlorococcus]	Unknown	2.00
WP_063420660.1 MULTISPECIES: CCRG-2 family RiPP [Prochlorococcus]	Unknown	2.00
WP_063420661.1 MULTISPECIES: CCRG-2 family RiPP [Prochlorococcus]	Unknown	2.00
WP_063420662.1 MULTISPECIES: CCRG-2 family RiPP [Prochlorococcus]	Unknown	2.00
WP_063420663.1 MULTISPECIES: CCRG-2 family RiPP [Prochlorococcus]	Cytoplasmic	8.96
WP_063420664.1 MULTISPECIES: bifunctional glutamate N-acetyltransferase/amino-acid acetyltransferase ArgJ [Prochlorococcus]	Cytoplasmic	9.26
WP_063420665.1 MULTISPECIES: dephospho-CoA kinase [Prochlorococcus]	Cytoplasmic	9.26
WP_063420666.1 MULTISPECIES: hypothetical protein [Prochlorococcus]	Unknown	2.50
WP_063420668.1 MULTISPECIES: Asp-tRNA(Asn)/Glu-tRNA(Gln) amidotransferase subunit GatB [Prochlorococcus]	Cytoplasmic	9.97
WP_063420669.1 MULTISPECIES: NAD(P)/FAD-dependent oxidoreductase [Prochlorococcus]	CytoplasmicMembrane	10.00
WP_063420670.1 MULTISPECIES: cyclic nucleotide-binding domain-containing protein [Prochlorococcus]	Cytoplasmic	8.96
WP_063420671.1 MULTISPECIES: NHLP bacteriocin system secretion protein [Prochlorococcus]	Unknown	2.00
WP_063420672.1 MULTISPECIES: adenylate/guanylate cyclase domain-containing protein [Prochlorococcus]	CytoplasmicMembrane	10.00
WP_063420673.1 MULTISPECIES: nucleoside-diphosphate kinase [Prochlorococcus]	Cytoplasmic	9.26
WP_063420675.1 MULTISPECIES: mechanosensitive ion channel family protein [Prochlorococcus]	CytoplasmicMembrane	10.00
WP_063420680.1 MULTISPECIES: biosynthetic arginine decarboxylase [Prochlorococcus]	Unknown	5.41
WP_063420681.1 MULTISPECIES: Crp/Fnr family transcriptional regulator [Prochlorococcus]	Cytoplasmic	9.26
WP_063420683.1 MULTISPECIES: cyclic nucleotide-binding domain-containing protein [Prochlorococcus]	Cytoplasmic	8.96
WP_063420684.1 MULTISPECIES: alanine--tRNA ligase [Prochlorococcus]	Cytoplasmic	9.97
WP_063420685.1 MULTISPECIES: DEAD/DEAH box helicase [Prochlorococcus]	Cytoplasmic	8.96
WP_063420686.1 MULTISPECIES: SWIM zinc finger family protein [Prochlorococcus]	Cytoplasmic	8.96
WP_063420687.1 MULTISPECIES: MEKHLA domain-containing protein [Prochlorococcus]	Unknown	2.00
WP_063420688.1 MULTISPECIES: TRAP transporter substrate-binding protein [Prochlorococcus]	Unknown	2.50
WP_063420689.1 MULTISPECIES: TRAP transporter small permease subunit [Prochlorococcus]	CytoplasmicMembrane	10.00
WP_063420690.1 MULTISPECIES: diflavin flavoprotein [Prochlorococcus]	Cytoplasmic	9.26
WP_063420691.1 MULTISPECIES: diflavin flavoprotein [Prochlorococcus]	Cytoplasmic	9.26
WP_063420692.1 MULTISPECIES: NADPH-dependent FMN reductase [Prochlorococcus]	Unknown	2.00
WP_063420693.1 MULTISPECIES: aminomethyl-transferring glycine dehydrogenase [Prochlorococcus]	CytoplasmicMembrane	8.46
WP_063420694.1 MULTISPECIES: aminotransferase class I/II-fold pyridoxal phosphate-dependent enzyme [Prochlorococcus]	Cytoplasmic	8.96
WP_063420695.1 MULTISPECIES: replicative DNA helicase [Prochlorococcus]	Cytoplasmic	9.97
WP_063420696.1 MULTISPECIES: tRNA uridine-5-carboxymethylaminomethyl(34) synthesis enzyme MnmG [Prochlorococcus]	Cytoplasmic	9.26
WP_063420698.1 MULTISPECIES: hypothetical protein [Prochlorococcus]	Unknown	2.00
WP_063420699.1 MULTISPECIES: NAD-dependent DNA ligase LigA [Prochlorococcus]	Cytoplasmic	9.97
WP_063420700.1 MULTISPECIES: hypothetical protein [Prochlorococcus]	Unknown	2.00
WP_063420702.1 MULTISPECIES: hypothetical protein [Prochlorococcus]	Unknown	2.00
WP_063420703.1 MULTISPECIES: adenylate/guanylate cyclase domain-containing protein [Prochlorococcus]	CytoplasmicMembrane	10.00
WP_063420705.1 MULTISPECIES: ABC transporter permease [Prochlorococcus]	CytoplasmicMembrane	10.00
WP_063420706.1 MULTISPECIES: ABC transporter permease [Prochlorococcus]	CytoplasmicMembrane	10.00
WP_063420709.1 MULTISPECIES: magnesium-protoporphyrin IX monomethyl ester (oxidative) cyclase [Prochlorococcus]	Cytoplasmic	8.96
WP_063420710.1 MULTISPECIES: pyridoxamine 5'-phosphate oxidase [Prochlorococcus]	Cytoplasmic	9.26
WP_063420711.1 MULTISPECIES: hypothetical protein [Prochlorococcus]	Unknown	2.00
WP_063420712.1 MULTISPECIES: metal ABC transporter permease [Prochlorococcus]	CytoplasmicMembrane	10.00
WP_063420713.1 MULTISPECIES: metal ABC transporter substrate-binding protein [Prochlorococcus]	CytoplasmicMembrane	9.97
WP_063420714.1 MULTISPECIES: hypothetical protein [Prochlorococcus]	Unknown	2.00
WP_063420715.1 MULTISPECIES: hypothetical protein [Prochlorococcus]	CytoplasmicMembrane	9.82
WP_063420716.1 MULTISPECIES: TIGR03943 family putative permease subunit [Prochlorococcus]	CytoplasmicMembrane	10.00
WP_063420717.1 MULTISPECIES: permease [Prochlorococcus]	CytoplasmicMembrane	10.00
WP_063420718.1 MULTISPECIES: Fur family transcriptional regulator [Prochlorococcus]	Cytoplasmic	9.97
WP_063420719.1 MULTISPECIES: hypothetical protein [Prochlorococcus]	Unknown	2.00
WP_063420720.1 MULTISPECIES: metal-binding protein [Prochlorococcus]	CytoplasmicMembrane	10.00
WP_063420721.1 MULTISPECIES: alternative ribosome rescue aminoacyl-tRNA hydrolase ArfB [Prochlorococcus]	Unknown	2.00
WP_063420722.1 MULTISPECIES: polyamine aminopropyltransferase [Prochlorococcus]	Cytoplasmic	9.97
WP_063420723.1 MULTISPECIES: agmatinase [Prochlorococcus]	Unknown	2.00
WP_063420724.1 MULTISPECIES: hypothetical protein [Prochlorococcus]	Unknown	2.00
WP_063420725.1 MULTISPECIES: glycine cleavage system aminomethyltransferase GcvT [Prochlorococcus]	Cytoplasmic	9.97
WP_063420726.1 MULTISPECIES: aspartate--tRNA ligase [Prochlorococcus]	Cytoplasmic	10.00
WP_063420727.1 MULTISPECIES: RNA polymerase sigma factor, RpoD/SigA family [Prochlorococcus]	Cytoplasmic	9.97
WP_063420728.1 MULTISPECIES: Dps family protein [Prochlorococcus]	Cytoplasmic	9.97
WP_063420729.1 MULTISPECIES: CTP synthase [Prochlorococcus]	Cytoplasmic	9.97
WP_063420730.1 MULTISPECIES: 7-carboxy-7-deazaguanine synthase QueE [Prochlorococcus]	Cytoplasmic	9.26
WP_063420731.1 MULTISPECIES: Nif11-like leader peptide family natural product precursor [Prochlorococcus]	Unknown	2.00
WP_063420732.1 MULTISPECIES: TOMM precursor leader peptide-binding protein [Prochlorococcus]	Cytoplasmic	8.96
WP_063420733.1 MULTISPECIES: SagB/ThcOx family dehydrogenase [Prochlorococcus]	Cytoplasmic	8.96
WP_063420734.1 MULTISPECIES: transposase [Prochlorococcus]	Unknown	2.00
WP_063420736.1 MULTISPECIES: anthranilate synthase component I family protein [Prochlorococcus]	Cytoplasmic	9.26
WP_063420737.1 MULTISPECIES: aminotransferase class IV [Prochlorococcus]	Cytoplasmic	9.26
WP_063420738.1 MULTISPECIES: urea ABC transporter ATP-binding protein UrtD [Prochlorococcus]	Cytoplasmic	9.12
WP_063420739.1 MULTISPECIES: urea ABC transporter permease subunit UrtC [Prochlorococcus]	CytoplasmicMembrane	10.00
WP_063420740.1 MULTISPECIES: urease accessory protein UreF [Prochlorococcus]	Unknown	2.00
WP_063420741.1 MULTISPECIES: urease subunit alpha [Prochlorococcus]	Cytoplasmic	9.97
WP_063420742.1 MULTISPECIES: CbiX/SirB N-terminal domain-containing protein [Prochlorococcus]	Unknown	2.00
WP_063420743.1 MULTISPECIES: ferredoxin--nitrite reductase [Prochlorococcus]	Cytoplasmic	9.97
WP_063420744.1 MULTISPECIES: hypothetical protein [Prochlorococcus]	Cytoplasmic	8.96
WP_063420746.1 MULTISPECIES: anthranilate phosphoribosyltransferase family protein [Prochlorococcus]	Cytoplasmic	9.97
WP_063420747.1 MULTISPECIES: MFS transporter [Prochlorococcus]	CytoplasmicMembrane	10.00
WP_063420748.1 MULTISPECIES: RpoD/SigA family RNA polymerase sigma factor [Prochlorococcus]	Cytoplasmic	9.97
WP_063420749.1 MULTISPECIES: bifunctional aconitate hydratase 2/2-methylisocitrate dehydratase [Prochlorococcus]	Cytoplasmic	9.97
WP_063420750.1 MULTISPECIES: B12-binding domain-containing radical SAM protein [Prochlorococcus]	Cytoplasmic	8.96
WP_063420751.1 MULTISPECIES: NAD(P)/FAD-dependent oxidoreductase [Prochlorococcus]	Unknown	2.00
WP_063420752.1 MULTISPECIES: molecular chaperone DnaK [Prochlorococcus]	Cytoplasmic	9.97
WP_063420753.1 MULTISPECIES: Tic20 family protein [Prochlorococcus]	CytoplasmicMembrane	10.00
WP_063420754.1 MULTISPECIES: 30S ribosomal protein S6 [Prochlorococcus]	Cytoplasmic	8.96
WP_063420755.1 MULTISPECIES: hypothetical protein [Prochlorococcus]	Cytoplasmic	8.96
WP_063420756.1 MULTISPECIES: argininosuccinate synthase [Prochlorococcus]	Cytoplasmic	9.97
WP_063420757.1 MULTISPECIES: phospho-N-acetylmuramoyl-pentapeptide-transferase [Prochlorococcus]	CytoplasmicMembrane	10.00
WP_063420758.1 MULTISPECIES: hypothetical protein [Prochlorococcus]	Unknown	2.00
WP_063420759.1 MULTISPECIES: HAD family hydrolase [Prochlorococcus]	Cytoplasmic	8.96
WP_063420760.1 MULTISPECIES: alpha/beta hydrolase family protein [Prochlorococcus]	Unknown	2.00
WP_063420761.1 MULTISPECIES: excinuclease ABC subunit UvrA [Prochlorococcus]	Cytoplasmic	9.97
WP_063420762.1 MULTISPECIES: DNA repair protein RecN [Prochlorococcus]	Cytoplasmic	9.97
WP_063420765.1 MULTISPECIES: DNA polymerase III subunit beta [Prochlorococcus]	Cytoplasmic	9.26
WP_063420766.1 MULTISPECIES: hypothetical protein [Prochlorococcus]	Cytoplasmic	8.96
WP_063420767.1 MULTISPECIES: phosphoribosylformylglycinamidine synthase subunit PurL [Prochlorococcus]	Cytoplasmic	9.97
WP_063420768.1 MULTISPECIES: amidophosphoribosyltransferase [Prochlorococcus]	Cytoplasmic	9.97
WP_063420769.1 MULTISPECIES: DNA gyrase/topoisomerase IV subunit A [Prochlorococcus]	Cytoplasmic	9.97
WP_063420770.1 MULTISPECIES: tetratricopeptide repeat protein [Prochlorococcus]	Unknown	2.50
WP_063420771.1 MULTISPECIES: tRNA epoxyqueuosine(34) reductase QueG [Prochlorococcus]	Unknown	2.00
WP_063420772.1 MULTISPECIES: transcription antitermination factor NusB [Prochlorococcus]	Cytoplasmic	8.96
WP_063420773.1 MULTISPECIES: signal recognition particle-docking protein FtsY [Prochlorococcus]	Unknown	6.29
WP_063420774.1 MULTISPECIES: PP2C family protein-serine/threonine phosphatase [Prochlorococcus]	Cytoplasmic	8.96
WP_063420775.1 MULTISPECIES: argininosuccinate lyase [Prochlorococcus]	Cytoplasmic	9.97
WP_063420776.1 MULTISPECIES: RNA recognition motif domain-containing protein [Prochlorococcus]	Unknown	2.00
WP_063420777.1 MULTISPECIES: tRNA dihydrouridine(20/20a) synthase DusA [Prochlorococcus]	Cytoplasmic	9.97
WP_063420778.1 MULTISPECIES: peptide-methionine (R)-S-oxide reductase MsrB [Prochlorococcus]	Unknown	6.49
WP_063420779.1 MULTISPECIES: NAD(P)/FAD-dependent oxidoreductase [Prochlorococcus]	Cytoplasmic	9.26
WP_063420780.1 MULTISPECIES: type II secretion system F family protein [Prochlorococcus]	CytoplasmicMembrane	10.00
WP_063420781.1 MULTISPECIES: type IV pilus twitching motility protein PilT [Prochlorococcus]	Cytoplasmic	9.97
WP_063420782.1 MULTISPECIES: GspE/PulE family protein [Prochlorococcus]	Cytoplasmic	9.97
WP_063420783.1 MULTISPECIES: nucleotide exchange factor GrpE [Prochlorococcus]	Cytoplasmic	9.97
WP_063420784.1 MULTISPECIES: ribosome small subunit-dependent GTPase A [Prochlorococcus]	Cytoplasmic	9.97
WP_063420785.1 MULTISPECIES: YbaB/EbfC family nucleoid-associated protein [Prochlorococcus]	Unknown	2.00
WP_063420786.1 MULTISPECIES: UDP-N-acetylmuramate dehydrogenase [Prochlorococcus]	Cytoplasmic	9.26
WP_063420787.1 MULTISPECIES: UDP-N-acetylmuramate--L-alanine ligase [Prochlorococcus]	Cytoplasmic	9.26
WP_063420788.1 MULTISPECIES: thiamine-phosphate kinase [Prochlorococcus]	Unknown	2.00
WP_063420789.1 MULTISPECIES: peptidylprolyl isomerase [Prochlorococcus]	Periplasmic	9.76
WP_063420790.1 MULTISPECIES: 4-hydroxythreonine-4-phosphate dehydrogenase PdxA [Prochlorococcus]	Cytoplasmic	9.26
WP_063420791.1 MULTISPECIES: SDR family oxidoreductase [Prochlorococcus]	Unknown	2.00
WP_063420792.1 MULTISPECIES: HNH endonuclease [Prochlorococcus]	Cytoplasmic	8.96
WP_063420793.1 MULTISPECIES: hypothetical protein [Prochlorococcus]	Unknown	2.00
WP_063420794.1 MULTISPECIES: DUF6554 family protein [Prochlorococcus]	Unknown	2.50
WP_063420795.1 MULTISPECIES: LysR family transcriptional regulator [Prochlorococcus]	Unknown	2.00
WP_063420796.1 MULTISPECIES: hypothetical protein [Prochlorococcus]	Unknown	2.00
WP_063420797.1 MULTISPECIES: pyridoxal-phosphate-dependent aminotransferase family protein [Prochlorococcus]	Cytoplasmic	9.97
WP_063420798.1 MULTISPECIES: cobalt-precorrin-5B (C(1))-methyltransferase CbiD [Prochlorococcus]	CytoplasmicMembrane	9.82
WP_063420799.1 MULTISPECIES: glutamine-hydrolyzing GMP synthase [Prochlorococcus]	Cytoplasmic	9.97
WP_063420800.1 MULTISPECIES: hypothetical protein [Prochlorococcus]	Unknown	2.00
WP_063420801.1 MULTISPECIES: hypothetical protein [Prochlorococcus]	Cytoplasmic	8.96
WP_063420802.1 MULTISPECIES: penicillin-binding protein 2 [Prochlorococcus]	CytoplasmicMembrane	9.82
WP_063420803.1 MULTISPECIES: hypothetical protein [Prochlorococcus]	Unknown	2.00
WP_063420804.1 hypothetical protein [Prochlorococcus marinus]	Unknown	2.00
WP_063420805.1 MULTISPECIES: SpoIID/LytB domain-containing protein [Prochlorococcus]	Unknown	2.00
WP_063420806.1 MULTISPECIES: glycosyltransferase [Prochlorococcus]	CytoplasmicMembrane	10.00
WP_063420807.1 MULTISPECIES: DNA polymerase III subunit gamma/tau [Prochlorococcus]	Cytoplasmic	9.26
WP_063420808.1 MULTISPECIES: lecithin retinol acyltransferase family protein [Prochlorococcus]	Cytoplasmic	8.96
WP_063420809.1 MULTISPECIES: ATP-dependent protease ATP-binding subunit ClpX [Prochlorococcus]	Cytoplasmic	9.97
WP_063420810.1 MULTISPECIES: trigger factor [Prochlorococcus]	Cytoplasmic	8.96
WP_063420811.1 MULTISPECIES: aspartate-semialdehyde dehydrogenase [Prochlorococcus]	Cytoplasmic	9.97
WP_063420812.1 MULTISPECIES: 4-hydroxy-tetrahydrodipicolinate synthase [Prochlorococcus]	Cytoplasmic	9.26
WP_063420813.1 MULTISPECIES: ribonuclease J [Prochlorococcus]	Cytoplasmic	8.96
WP_063420814.1 MULTISPECIES: tRNA lysidine(34) synthetase TilS [Prochlorococcus]	Cytoplasmic	9.26
WP_063420815.1 MULTISPECIES: DUF561 domain-containing protein [Prochlorococcus]	Cytoplasmic	8.96
WP_063420816.1 MULTISPECIES: phage holin family protein [Prochlorococcus]	CytoplasmicMembrane	10.00
WP_063420817.1 MULTISPECIES: excinuclease ABC subunit UvrB [Prochlorococcus]	Cytoplasmic	9.97
WP_063420818.1 MULTISPECIES: hypothetical protein [Prochlorococcus]	Unknown	2.00
WP_063420819.1 MULTISPECIES: aspartate kinase [Prochlorococcus]	Unknown	2.00
WP_063420820.1 MULTISPECIES: DNA polymerase III subunit delta [Prochlorococcus]	Unknown	2.00
WP_063420821.1 MULTISPECIES: precorrin-8X methylmutase [Prochlorococcus]	Unknown	2.00
WP_063420823.1 MULTISPECIES: LdpA C-terminal domain-containing domain [Prochlorococcus]	Unknown	4.90
WP_063420824.1 MULTISPECIES: prephenate dehydratase [Prochlorococcus]	Cytoplasmic	9.97
WP_063420825.1 MULTISPECIES: type II CAAX prenyl endopeptidase Rce1 family protein [Prochlorococcus]	CytoplasmicMembrane	10.00
WP_063420828.1 MULTISPECIES: isoleucine--tRNA ligase [Prochlorococcus]	Cytoplasmic	9.97
WP_063420830.1 MULTISPECIES: cob(I)yrinic acid a,c-diamide adenosyltransferase [Prochlorococcus]	Cytoplasmic	9.26
WP_063420831.1 MULTISPECIES: DNA/RNA nuclease SfsA [Prochlorococcus]	Cytoplasmic	9.97
WP_063420834.1 MULTISPECIES: hypothetical protein [Prochlorococcus]	Unknown	2.00
WP_063420836.1 MULTISPECIES: 3-deoxy-manno-octulosonate cytidylyltransferase [Prochlorococcus]	Cytoplasmic	9.97
WP_063420841.1 MULTISPECIES: galactose mutarotase [Prochlorococcus]	Cytoplasmic	8.96
WP_063420842.1 MULTISPECIES: ribonuclease III [Prochlorococcus]	Cytoplasmic	9.97
WP_063420843.1 MULTISPECIES: glutathione S-transferase family protein [Prochlorococcus]	Cytoplasmic	9.26
WP_063420845.1 MULTISPECIES: iron uptake porin [Prochlorococcus]	Unknown	2.50
WP_063420848.1 MULTISPECIES: segregation/condensation protein A [Prochlorococcus]	Unknown	2.00
WP_063420849.1 MULTISPECIES: tryptophan synthase subunit beta [Prochlorococcus]	Cytoplasmic	9.97
WP_063420851.1 MULTISPECIES: o-succinylbenzoate synthase [Prochlorococcus]	Cytoplasmic	8.96
WP_063420853.1 MULTISPECIES: hypothetical protein [Prochlorococcus]	Unknown	2.00
WP_063420855.1 MULTISPECIES: pentapeptide repeat-containing protein [Prochlorococcus]	Extracellular	9.71
WP_063420856.1 MULTISPECIES: pyridoxal phosphate-dependent aminotransferase [Prochlorococcus]	Cytoplasmic	9.26
WP_063420857.1 MULTISPECIES: hypothetical protein [Prochlorococcus]	Unknown	2.00
WP_063420858.1 MULTISPECIES: phosphoglycerate kinase [Prochlorococcus]	Cytoplasmic	9.97
WP_063420866.1 MULTISPECIES: FecR family protein [Prochlorococcus]	CytoplasmicMembrane	9.86
WP_063420868.1 MULTISPECIES: ABC transporter ATP-binding protein [Prochlorococcus]	Cytoplasmic	9.12
WP_063420869.1 MULTISPECIES: metal ABC transporter ATP-binding protein [unclassified Prochlorococcus]	CytoplasmicMembrane	9.82
WP_063420872.1 MULTISPECIES: urea ABC transporter ATP-binding subunit UrtE [Prochlorococcus]	Cytoplasmic	9.12
WP_063420873.1 MULTISPECIES: urease accessory protein UreE [Prochlorococcus]	Cytoplasmic	9.97
WP_063420874.1 MULTISPECIES: urease accessory protein UreD [Prochlorococcus]	Cytoplasmic	9.26
WP_063420875.1 MULTISPECIES: polyphosphate kinase 1 [Prochlorococcus]	CytoplasmicMembrane	7.88
WP_063420876.1 MULTISPECIES: 3-deoxy-7-phosphoheptulonate synthase [Prochlorococcus]	Cytoplasmic	9.97
WP_063420877.1 MULTISPECIES: O-antigen ligase family protein [Prochlorococcus]	CytoplasmicMembrane	10.00
WP_063420878.1 MULTISPECIES: shikimate dehydrogenase [Prochlorococcus]	Cytoplasmic	9.26
WP_063420879.1 MULTISPECIES: formate-dependent phosphoribosylglycinamide formyltransferase [Prochlorococcus]	CytoplasmicMembrane	9.82
WP_063420880.1 MULTISPECIES: HpsJ family protein [unclassified Prochlorococcus]	CytoplasmicMembrane	10.00
WP_063420881.1 MULTISPECIES: type I glyceraldehyde-3-phosphate dehydrogenase [Prochlorococcus]	Cytoplasmic	9.97
WP_063420884.1 MULTISPECIES: hypothetical protein [unclassified Prochlorococcus]	Unknown	2.00
WP_063420885.1 MULTISPECIES: thiazole synthase [Prochlorococcus]	Cytoplasmic	9.97
WP_063434695.1 MULTISPECIES: phytanoyl-CoA dioxygenase family protein [Prochlorococcus]	Unknown	2.00
WP_063434699.1 phytanoyl-CoA dioxygenase family protein [Prochlorococcus marinus]	Extracellular	9.64
WP_063434709.1 MULTISPECIES: hypothetical protein [Prochlorococcus]	CytoplasmicMembrane	9.82
WP_063434728.1 MULTISPECIES: hypothetical protein [Prochlorococcus]	Unknown	2.00
WP_063434937.1 MULTISPECIES: hypothetical protein [Prochlorococcus]	Unknown	2.00
WP_063434945.1 MULTISPECIES: ABC transporter permease [Prochlorococcus]	CytoplasmicMembrane	10.00
WP_063434948.1 MULTISPECIES: hypothetical protein [Prochlorococcus]	Unknown	2.00
WP_063434951.1 hypothetical protein [Prochlorococcus marinus]	CytoplasmicMembrane	10.00
WP_063434967.1 MULTISPECIES: hypothetical protein [Prochlorococcus]	Unknown	2.00
WP_063434979.1 MULTISPECIES: tetratricopeptide repeat protein [Prochlorococcus]	Cytoplasmic	8.96
WP_063435026.1 MULTISPECIES: glycosyltransferase [Prochlorococcus]	CytoplasmicMembrane	7.88
WP_063435029.1 MULTISPECIES: peptidase domain-containing ABC transporter [Prochlorococcus]	CytoplasmicMembrane	10.00
WP_063435030.1 MULTISPECIES: HlyD family secretion protein [Prochlorococcus]	CytoplasmicMembrane	7.88
WP_071818067.1 MULTISPECIES: DUF4278 domain-containing protein [Prochlorococcus]	Unknown	2.00
WP_071818070.1 MULTISPECIES: ATP-dependent Clp endopeptidase proteolytic subunit ClpP [Prochlorococcus]	Cytoplasmic	9.97
WP_071818080.1 MULTISPECIES: twin-arginine translocase subunit TatC [Prochlorococcus]	CytoplasmicMembrane	10.00
WP_071818094.1 MULTISPECIES: rubredoxin [Prochlorococcus]	Cytoplasmic	9.26
WP_074159232.1 MULTISPECIES: hypothetical protein [Prochlorococcus]	Unknown	2.00
WP_074160109.1 class I SAM-dependent methyltransferase, partial [Prochlorococcus marinus]	Cytoplasmic	8.96
WP_074160110.1 MULTISPECIES: class I SAM-dependent methyltransferase [Prochlorococcus]	Cytoplasmic	8.96
WP_074160115.1 MULTISPECIES: hypothetical protein [Prochlorococcus]	Unknown	2.00
WP_074160116.1 MULTISPECIES: bifunctional riboflavin kinase/FAD synthetase [Prochlorococcus]	Cytoplasmic	9.26
WP_074160117.1 MULTISPECIES: tRNA (guanosine(37)-N1)-methyltransferase TrmD [Prochlorococcus]	Cytoplasmic	9.97
WP_074160118.1 MULTISPECIES: nickel-type superoxide dismutase maturation protease [Prochlorococcus]	CytoplasmicMembrane	9.82
WP_074160122.1 SBBP repeat-containing protein [Prochlorococcus marinus]	Extracellular	9.96
WP_074160123.1 hypothetical protein [Prochlorococcus marinus]	Unknown	2.00
WP_074160124.1 SBBP repeat-containing protein [Prochlorococcus marinus]	Unknown	6.26
WP_074160125.1 MULTISPECIES: helix-turn-helix domain-containing protein [Prochlorococcus]	CytoplasmicMembrane	9.82
WP_074160128.1 MULTISPECIES: hypothetical protein [Prochlorococcus]	Unknown	2.00
WP_074160129.1 MULTISPECIES: bifunctional pantoate--beta-alanine ligase/(d)CMP kinase [Prochlorococcus]	Cytoplasmic	9.97
WP_074160134.1 MULTISPECIES: Nif11-like leader peptide family natural product precursor [Prochlorococcus]	Unknown	2.00
WP_074160135.1 MULTISPECIES: hypothetical protein [Prochlorococcus]	Unknown	2.00
WP_074160136.1 MULTISPECIES: TIGR01548 family HAD-type hydrolase [Prochlorococcus]	Unknown	2.00
WP_074160138.1 MULTISPECIES: DUF4278 domain-containing protein [Prochlorococcus]	Unknown	2.00
WP_074160142.1 MULTISPECIES: 3-methyl-2-oxobutanoate hydroxymethyltransferase [Prochlorococcus]	Unknown	2.00
WP_074160144.1 MULTISPECIES: glycoside hydrolase family 13 protein [Prochlorococcus]	Cytoplasmic	9.97
WP_074160146.1 MULTISPECIES: ABC transporter substrate-binding protein [Prochlorococcus]	CytoplasmicMembrane	9.86
WP_074160147.1 MULTISPECIES: BMC domain-containing protein [Prochlorococcus]	Unknown	2.00
WP_074160150.1 MULTISPECIES: imidazole glycerol phosphate synthase subunit HisH [Prochlorococcus]	Cytoplasmic	9.26
WP_074160151.1 MULTISPECIES: SRPBCC family protein [Prochlorococcus]	Unknown	2.00
WP_074160154.1 MULTISPECIES: TIGR04168 family protein [unclassified Prochlorococcus]	Periplasmic	9.83
WP_074160155.1 MULTISPECIES: DUF1995 family protein [Prochlorococcus]	Unknown	2.00
WP_074160161.1 MULTISPECIES: DNA-3-methyladenine glycosylase [Prochlorococcus]	Unknown	2.00
WP_074160162.1 MULTISPECIES: photosystem II reaction center protein I [Prochlorococcus]	CytoplasmicMembrane	10.00
WP_074160163.1 MULTISPECIES: glycosyltransferase family 2 protein [Prochlorococcus]	Cytoplasmic	8.96
WP_074160164.1 MULTISPECIES: (Fe-S)-binding protein [Prochlorococcus]	CytoplasmicMembrane	7.88
WP_074160169.1 MULTISPECIES: 7-cyano-7-deazaguanine synthase QueC [Prochlorococcus]	Unknown	2.50
WP_074160170.1 MULTISPECIES: acetyl-CoA carboxylase biotin carboxyl carrier protein [Prochlorococcus]	Unknown	2.00
WP_081215514.1 MULTISPECIES: STAS domain-containing protein [Prochlorococcus]	Unknown	2.00
WP_082818441.1 MULTISPECIES: chlorophyll a/b-binding protein [unclassified Prochlorococcus]	Unknown	2.00
WP_082818451.1 MULTISPECIES: thermonuclease family protein [Prochlorococcus]	Unknown	2.50
WP_097519257.1 MULTISPECIES: CCRG-2 family RiPP [Prochlorococcus]	Unknown	2.00
WP_155724574.1 MULTISPECIES: hypothetical protein [Prochlorococcus]	CytoplasmicMembrane	9.82
WP_155724614.1 MULTISPECIES: hypothetical protein [Prochlorococcus]	CytoplasmicMembrane	9.82
WP_155724643.1 MULTISPECIES: hypothetical protein [Prochlorococcus]	CytoplasmicMembrane	9.82
WP_155724662.1 MULTISPECIES: hypothetical protein [Prochlorococcus]	Unknown	2.00
WP_155724711.1 MULTISPECIES: hypothetical protein [Prochlorococcus]	CytoplasmicMembrane	9.82
WP_155724717.1 MULTISPECIES: hypothetical protein [Prochlorococcus]	CytoplasmicMembrane	9.86
WP_155724930.1 MULTISPECIES: hypothetical protein [Prochlorococcus]	Unknown	2.00
WP_155724990.1 MULTISPECIES: hypothetical protein [Prochlorococcus]	Unknown	2.00
WP_155724997.1 MULTISPECIES: hypothetical protein [Prochlorococcus]	Unknown	2.00
WP_155727991.1 MULTISPECIES: hypothetical protein [Prochlorococcus]	CytoplasmicMembrane	9.86
WP_155728036.1 MULTISPECIES: hypothetical protein [Prochlorococcus]	CytoplasmicMembrane	9.82
WP_155728099.1 MULTISPECIES: adenosine kinase [Prochlorococcus]	Unknown	2.00
WP_156486064.1 MULTISPECIES: hypothetical protein [Prochlorococcus]	Unknown	2.00
WP_156486870.1 MULTISPECIES: hypothetical protein [Prochlorococcus]	Cytoplasmic	8.96
WP_156486937.1 MULTISPECIES: hypothetical protein [Prochlorococcus]	Unknown	2.00
WP_162009602.1 MULTISPECIES: hypothetical protein [Prochlorococcus]	Unknown	2.00
WP_167523912.1 MULTISPECIES: hypothetical protein [Prochlorococcus]	Unknown	2.00
WP_169189787.1 MULTISPECIES: type IV pilin protein [Prochlorococcus]	Unknown	2.00
WP_169189788.1 MULTISPECIES: hypothetical protein [Prochlorococcus]	Unknown	2.00
WP_169189789.1 MULTISPECIES: hypothetical protein [Prochlorococcus]	Unknown	2.00
WP_169189790.1 MULTISPECIES: FAD-dependent oxidoreductase [Prochlorococcus]	Cytoplasmic	9.97
WP_169189792.1 MULTISPECIES: hypothetical protein [Prochlorococcus]	Unknown	2.00
WP_169189795.1 MULTISPECIES: hypothetical protein [Prochlorococcus]	Unknown	2.00
WP_169189797.1 MULTISPECIES: hypothetical protein [Prochlorococcus]	Unknown	2.00
WP_169189799.1 MULTISPECIES: hypothetical protein [Prochlorococcus]	Unknown	2.00
WP_169189808.1 MULTISPECIES: hypothetical protein [Prochlorococcus]	Unknown	2.00
WP_169189810.1 MULTISPECIES: hypothetical protein [Prochlorococcus]	Unknown	2.00
WP_169189812.1 MULTISPECIES: hypothetical protein [Prochlorococcus]	Unknown	2.00
WP_169189815.1 MULTISPECIES: cell division protein SepF [Prochlorococcus]	Unknown	2.00
WP_169189819.1 MULTISPECIES: hypothetical protein [Prochlorococcus]	CytoplasmicMembrane	9.82
WP_169189820.1 MULTISPECIES: transporter substrate-binding domain-containing protein [Prochlorococcus]	CytoplasmicMembrane	9.50
WP_169189821.1 MULTISPECIES: hypothetical protein [Prochlorococcus]	Unknown	2.00
WP_169189822.1 MULTISPECIES: hypothetical protein [Prochlorococcus]	Unknown	2.00
WP_169189825.1 MULTISPECIES: FAD-dependent oxidoreductase, partial [Prochlorococcus]	Unknown	2.00
WP_169189826.1 MULTISPECIES: hypothetical protein [Prochlorococcus]	Unknown	2.00
WP_169189828.1 MULTISPECIES: LCP family protein [Prochlorococcus]	CytoplasmicMembrane	9.82
WP_169189832.1 MULTISPECIES: hypothetical protein [Prochlorococcus]	CytoplasmicMembrane	9.82
WP_169189835.1 MULTISPECIES: hypothetical protein [Prochlorococcus]	Unknown	2.00
WP_169189837.1 MULTISPECIES: hypothetical protein [Prochlorococcus]	Unknown	2.00
WP_169189838.1 MULTISPECIES: hypothetical protein [Prochlorococcus]	Unknown	2.00
WP_169189839.1 MULTISPECIES: CCRG-2 family RiPP [unclassified Prochlorococcus]	Unknown	2.00
WP_169189840.1 MULTISPECIES: hypothetical protein [Prochlorococcus]	Unknown	2.50
WP_169189842.1 MULTISPECIES: site-specific integrase [Prochlorococcus]	Cytoplasmic	8.96
WP_169189844.1 MULTISPECIES: HupE/UreJ family protein [Prochlorococcus]	CytoplasmicMembrane	10.00
WP_169189846.1 MULTISPECIES: hypothetical protein [Prochlorococcus]	Unknown	2.00
WP_169189847.1 MULTISPECIES: hypothetical protein [Prochlorococcus]	Cytoplasmic	8.96
WP_169189850.1 MULTISPECIES: hypothetical protein [Prochlorococcus]	Unknown	2.50
WP_169189851.1 MULTISPECIES: FAD-dependent monooxygenase [Prochlorococcus]	CytoplasmicMembrane	9.82
WP_169189856.1 MULTISPECIES: hypothetical protein [Prochlorococcus]	Unknown	2.00
WP_169189859.1 MULTISPECIES: hypothetical protein [Prochlorococcus]	Unknown	2.50
WP_169189860.1 MULTISPECIES: hypothetical protein [Prochlorococcus]	Unknown	2.00
WP_169189861.1 MULTISPECIES: NHLP family bacteriocin export ABC transporter peptidase/permease/ATPase subunit [Prochlorococcus]	CytoplasmicMembrane	10.00
WP_169189862.1 MULTISPECIES: cyclic nucleotide-binding domain-containing protein [Prochlorococcus]	Cytoplasmic	8.96
WP_169189865.1 MULTISPECIES: hypothetical protein [Prochlorococcus]	CytoplasmicMembrane	9.82
WP_169189867.1 MULTISPECIES: OmpA family protein [Prochlorococcus]	CytoplasmicMembrane	7.88
WP_169189871.1 MULTISPECIES: FAD-binding protein [Prochlorococcus]	Cytoplasmic	8.96
WP_169189873.1 MULTISPECIES: L,D-transpeptidase [Prochlorococcus]	Unknown	2.50
WP_169189875.1 MULTISPECIES: hypothetical protein [Prochlorococcus]	Unknown	2.00
WP_169189876.1 MULTISPECIES: hypothetical protein [Prochlorococcus]	Unknown	2.00
WP_169189878.1 hypothetical protein, partial [Prochlorococcus marinus]	OuterMembrane	9.49
WP_169189879.1 MULTISPECIES: rhamnan synthesis F family protein [Prochlorococcus]	Unknown	2.00
WP_169189883.1 MULTISPECIES: hypothetical protein [Prochlorococcus]	Unknown	2.00
WP_169189885.1 MULTISPECIES: glycosyltransferase family 4 protein [Prochlorococcus]	Unknown	2.00
WP_169189887.1 MULTISPECIES: CCRG-2 family RiPP [Prochlorococcus]	Unknown	2.00
WP_169189891.1 MULTISPECIES: hypothetical protein [Prochlorococcus]	Unknown	2.00
WP_169189893.1 MULTISPECIES: hypothetical protein [Prochlorococcus]	Unknown	2.00
WP_169189895.1 MULTISPECIES: alpha/beta fold hydrolase [Prochlorococcus]	CytoplasmicMembrane	9.82
WP_169189901.1 MULTISPECIES: hypothetical protein [Prochlorococcus]	CytoplasmicMembrane	9.82
WP_169189907.1 MULTISPECIES: CCRG-2 family RiPP [Prochlorococcus]	Unknown	2.00
WP_169189908.1 hypothetical protein [Prochlorococcus marinus]	Unknown	2.00
WP_169189910.1 MULTISPECIES: hypothetical protein [Prochlorococcus]	CytoplasmicMembrane	9.82
WP_169189915.1 MULTISPECIES: hypothetical protein [Prochlorococcus]	Unknown	2.00
WP_169189922.1 MULTISPECIES: hypothetical protein [Prochlorococcus]	CytoplasmicMembrane	9.82
WP_169189923.1 MULTISPECIES: hypothetical protein [Prochlorococcus]	Unknown	2.00
WP_169189924.1 MULTISPECIES: hypothetical protein [Prochlorococcus]	Unknown	2.00
WP_169189926.1 MULTISPECIES: hypothetical protein [Prochlorococcus]	Unknown	2.00
WP_169189927.1 MULTISPECIES: hypothetical protein [Prochlorococcus]	Unknown	2.00
WP_169189929.1 MULTISPECIES: sigma-70 family RNA polymerase sigma factor [Prochlorococcus]	Cytoplasmic	8.96
WP_169189930.1 MULTISPECIES: metal ABC transporter substrate-binding protein [Prochlorococcus]	Periplasmic	10.00
WP_169189931.1 MULTISPECIES: hypothetical protein [Prochlorococcus]	Unknown	2.50
WP_169189948.1 MULTISPECIES: hypothetical protein [Prochlorococcus]	Unknown	2.00
WP_169189950.1 MULTISPECIES: alpha/beta hydrolase [Prochlorococcus]	Unknown	2.50
WP_169189956.1 MULTISPECIES: hypothetical protein [Prochlorococcus]	Cytoplasmic	8.96
WP_169189961.1 MULTISPECIES: bifunctional 4-hydroxy-2-oxoglutarate aldolase/2-dehydro-3-deoxy-phosphogluconate aldolase [Prochlorococcus]	Cytoplasmic	9.26
WP_169189965.1 MULTISPECIES: hypothetical protein [Prochlorococcus]	Unknown	2.00
WP_169189966.1 MULTISPECIES: hypothetical protein [Prochlorococcus]	Unknown	2.00
WP_169189968.1 MULTISPECIES: hypothetical protein [Prochlorococcus]	Unknown	2.00
WP_169189972.1 MULTISPECIES: phospholipase D-like domain-containing protein [Prochlorococcus]	Cytoplasmic	8.96
WP_169189973.1 MULTISPECIES: hypothetical protein [Prochlorococcus]	CytoplasmicMembrane	9.82
WP_169189974.1 MULTISPECIES: hypothetical protein [Prochlorococcus]	Unknown	2.00
WP_169189975.1 MULTISPECIES: hypothetical protein [Prochlorococcus]	Unknown	2.00
WP_169189981.1 MULTISPECIES: DUF1816 domain-containing protein [Prochlorococcus]	Unknown	2.00
WP_169189983.1 MULTISPECIES: hypothetical protein [Prochlorococcus]	Unknown	2.00
WP_169189984.1 MULTISPECIES: ATP-binding protein [Prochlorococcus]	Unknown	2.00
WP_169189990.1 MULTISPECIES: hypothetical protein [Prochlorococcus]	Cytoplasmic	8.96
WP_169189991.1 MULTISPECIES: KpsF/GutQ family sugar-phosphate isomerase [Prochlorococcus]	Unknown	2.00
WP_169189992.1 MULTISPECIES: hypothetical protein [Prochlorococcus]	Unknown	2.00
WP_169189993.1 MULTISPECIES: Nif11-like leader peptide family natural product precursor [Prochlorococcus]	Unknown	2.00
WP_169189999.1 MULTISPECIES: ShlB/FhaC/HecB family hemolysin secretion/activation protein [Prochlorococcus]	Unknown	2.00
WP_169190000.1 MULTISPECIES: TRAP transporter large permease [Prochlorococcus]	CytoplasmicMembrane	10.00
WP_169190001.1 MULTISPECIES: TVP38/TMEM64 family protein [Prochlorococcus]	CytoplasmicMembrane	10.00
WP_169190002.1 MULTISPECIES: hypothetical protein [Prochlorococcus]	Unknown	2.00
WP_169190004.1 MULTISPECIES: chorismate lyase [Prochlorococcus]	Unknown	2.00
WP_169190009.1 MULTISPECIES: hypothetical protein [Prochlorococcus]	Unknown	2.00
WP_169190010.1 MULTISPECIES: hypothetical protein [Prochlorococcus]	Unknown	2.00
WP_169190012.1 MULTISPECIES: hypothetical protein [Prochlorococcus]	Unknown	2.00
WP_169190016.1 MULTISPECIES: hypothetical protein [Prochlorococcus]	Unknown	2.00
WP_169190021.1 MULTISPECIES: hypothetical protein [Prochlorococcus]	Unknown	2.00
WP_169190022.1 MULTISPECIES: Ppx/GppA phosphatase family protein [Prochlorococcus]	Cytoplasmic	9.97
WP_169190024.1 MULTISPECIES: hypothetical protein [Prochlorococcus]	CytoplasmicMembrane	9.82
WP_169190027.1 MULTISPECIES: tRNA uridine-5-carboxymethylaminomethyl(34) synthesis GTPase MnmE [Prochlorococcus]	Cytoplasmic	9.97
WP_169190028.1 MULTISPECIES: transposase [Prochlorococcus]	Unknown	2.00
WP_169190029.1 MULTISPECIES: peptide chain release factor 2 [Prochlorococcus]	Cytoplasmic	9.97
WP_169190031.1 MULTISPECIES: hypothetical protein [Prochlorococcus]	Unknown	2.00
WP_169190032.1 MULTISPECIES: phospholipid carrier-dependent glycosyltransferase [Prochlorococcus]	CytoplasmicMembrane	10.00
WP_169190035.1 MULTISPECIES: hypothetical protein [Prochlorococcus]	CytoplasmicMembrane	10.00
WP_169190038.1 MULTISPECIES: hypothetical protein [Prochlorococcus]	Unknown	2.00
WP_169246856.1 MULTISPECIES: hypothetical protein [Prochlorococcus]	Unknown	2.00
WP_169246871.1 MULTISPECIES: FkbM family methyltransferase [Prochlorococcus]	Extracellular	9.64
WP_169246878.1 MULTISPECIES: hypothetical protein [Prochlorococcus]	Unknown	2.00
WP_169246884.1 MULTISPECIES: hypothetical protein [Prochlorococcus]	Unknown	2.50
WP_169246892.1 MULTISPECIES: hypothetical protein [Prochlorococcus]	CytoplasmicMembrane	9.86
WP_169246895.1 MULTISPECIES: FAD-dependent oxidoreductase, partial [Prochlorococcus]	Unknown	2.00
WP_169246896.1 MULTISPECIES: hypothetical protein [Prochlorococcus]	Unknown	2.00
WP_169246903.1 MULTISPECIES: hypothetical protein [Prochlorococcus]	Unknown	2.00
WP_169246911.1 MULTISPECIES: hypothetical protein [Prochlorococcus]	Cytoplasmic	8.96
WP_169246915.1 MULTISPECIES: hypothetical protein [Prochlorococcus]	Unknown	2.00
WP_169246926.1 MULTISPECIES: hypothetical protein [Prochlorococcus]	Unknown	2.00
WP_169246934.1 MULTISPECIES: peptidylprolyl isomerase [Prochlorococcus]	Cytoplasmic	8.96
WP_169246937.1 MULTISPECIES: ATP-binding cassette domain-containing protein [Prochlorococcus]	CytoplasmicMembrane	10.00
WP_169246938.1 MULTISPECIES: TolC family protein [Prochlorococcus]	OuterMembrane	9.49
WP_169246952.1 MULTISPECIES: hypothetical protein [Prochlorococcus]	Unknown	2.00
WP_169246966.1 MULTISPECIES: hypothetical protein [Prochlorococcus]	Unknown	2.50
WP_169246969.1 MULTISPECIES: hypothetical protein [Prochlorococcus]	Unknown	2.00
WP_169276480.1 MULTISPECIES: hypothetical protein [Prochlorococcus]	Unknown	2.00
WP_169276481.1 MULTISPECIES: hypothetical protein [Prochlorococcus]	Unknown	2.00
WP_169276492.1 MULTISPECIES: hypothetical protein [Prochlorococcus]	Unknown	2.00
WP_169276515.1 MULTISPECIES: hypothetical protein, partial [Prochlorococcus]	Unknown	2.00
WP_169276516.1 MULTISPECIES: tetratricopeptide repeat protein [Prochlorococcus]	Cytoplasmic	8.96
WP_196757088.1 MULTISPECIES: cell division protein FtsZ [Prochlorococcus]	Cytoplasmic	9.12
WP_196757105.1 MULTISPECIES: hypothetical protein [Prochlorococcus]	Cytoplasmic	8.96
WP_196757106.1 MULTISPECIES: adenylosuccinate synthase [Prochlorococcus]	Cytoplasmic	9.97
WP_196757156.1 MULTISPECIES: NADH-quinone oxidoreductase subunit NuoH [Prochlorococcus]	CytoplasmicMembrane	10.00
WP_196757478.1 MULTISPECIES: photosystem II protein Psb27 [Prochlorococcus]	Unknown	2.50
WP_196757485.1 MULTISPECIES: 3-hydroxyacyl-ACP dehydratase FabZ [Prochlorococcus]	Cytoplasmic	9.26
WP_196757648.1 MULTISPECIES: adenylyl-sulfate kinase [Prochlorococcus]	Cytoplasmic	9.26
WP_205909531.1 MULTISPECIES: DUF3303 domain-containing protein [Prochlorococcus]	Unknown	2.00
WP_205909539.1 MULTISPECIES: hypothetical protein [Prochlorococcus]	CytoplasmicMembrane	9.82
WP_205909542.1 MULTISPECIES: efflux RND transporter periplasmic adaptor subunit [Prochlorococcus]	CytoplasmicMembrane	9.82
WP_205909549.1 MULTISPECIES: Re/Si-specific NAD(P)(+) transhydrogenase subunit alpha [Prochlorococcus]	CytoplasmicMembrane	9.82
WP_205909563.1 MULTISPECIES: DUF1823 family protein [Prochlorococcus]	Unknown	2.00
WP_205909570.1 MULTISPECIES: hypothetical protein [Prochlorococcus]	CytoplasmicMembrane	9.82
WP_205909571.1 MULTISPECIES: hypothetical protein [Prochlorococcus]	CytoplasmicMembrane	9.86
WP_205909572.1 MULTISPECIES: hypothetical protein [Prochlorococcus]	Unknown	2.00
WP_205909573.1 MULTISPECIES: tetratricopeptide repeat protein [Prochlorococcus]	Unknown	2.00
WP_205909575.1 MULTISPECIES: hypothetical protein [Prochlorococcus]	Cytoplasmic	8.96
WP_205909578.1 MULTISPECIES: glycosyltransferase [Prochlorococcus]	Cytoplasmic	8.96
WP_205909584.1 MULTISPECIES: glycosyltransferase [Prochlorococcus]	OuterMembrane	9.49
WP_205909585.1 MULTISPECIES: GDP-mannose 4,6-dehydratase [Prochlorococcus]	Cytoplasmic	9.97
WP_205909595.1 MULTISPECIES: undecaprenyl-diphosphate phosphatase [Prochlorococcus]	CytoplasmicMembrane	10.00
WP_205909598.1 MULTISPECIES: hypothetical protein [Prochlorococcus]	Unknown	2.00
WP_205909599.1 MULTISPECIES: hypothetical protein [Prochlorococcus]	Unknown	2.00
WP_205909601.1 MULTISPECIES: response regulator transcription factor [Prochlorococcus]	Cytoplasmic	9.97
WP_205909604.1 MULTISPECIES: geranylgeranyl diphosphate synthase CrtE [unclassified Prochlorococcus]	Unknown	4.99
WP_205909607.1 MULTISPECIES: lysine--tRNA ligase [Prochlorococcus]	Cytoplasmic	10.00
WP_205909620.1 MULTISPECIES: phosphoenolpyruvate carboxylase [Prochlorococcus]	Unknown	2.00
WP_205909621.1 MULTISPECIES: cob(I)yrinic acid a,c-diamide adenosyltransferase [Prochlorococcus]	Cytoplasmic	9.97
WP_205909626.1 MULTISPECIES: DNA replication/repair protein RecF [unclassified Prochlorococcus]	Cytoplasmic	9.97
WP_205909631.1 MULTISPECIES: hypothetical protein [Prochlorococcus]	Unknown	2.00
WP_205909641.1 MULTISPECIES: guanylate-binding protein [Prochlorococcus]	Unknown	2.00
WP_205909642.1 MULTISPECIES: DUF1499 domain-containing protein [Prochlorococcus]	Unknown	2.00
WP_205909643.1 MULTISPECIES: hypothetical protein [Prochlorococcus]	Unknown	2.00
WP_205909660.1 MULTISPECIES: adenosylcobinamide-GDP ribazoletransferase [Prochlorococcus]	CytoplasmicMembrane	10.00
WP_205909662.1 MULTISPECIES: hypothetical protein [Prochlorococcus]	Unknown	2.00
WP_205909668.1 MULTISPECIES: competence/damage-inducible protein A [Prochlorococcus]	Cytoplasmic	8.96
WP_205909676.1 MULTISPECIES: response regulator [Prochlorococcus]	Cytoplasmic	9.97
WP_205909685.1 MULTISPECIES: cytochrome c biogenesis CcdA family protein [Prochlorococcus]	CytoplasmicMembrane	10.00
WP_205909695.1 MULTISPECIES: GIY-YIG nuclease family protein [Prochlorococcus]	Unknown	2.00
WP_205909697.1 MULTISPECIES: hypothetical protein [Prochlorococcus]	Unknown	2.00
WP_205909698.1 MULTISPECIES: thioredoxin family protein [Prochlorococcus]	Unknown	2.00
WP_205909699.1 MULTISPECIES: glycosyltransferase family 2 protein [Prochlorococcus]	CytoplasmicMembrane	7.88
WP_205909702.1 MULTISPECIES: quaternary amine ABC transporter ATP-binding protein [Prochlorococcus]	CytoplasmicMembrane	9.99
WP_205909703.1 MULTISPECIES: NAD-dependent epimerase/dehydratase family protein [Prochlorococcus]	Cytoplasmic	8.96
WP_205909710.1 MULTISPECIES: M15 family metallopeptidase [Prochlorococcus]	Cytoplasmic	8.96
WP_205909719.1 MULTISPECIES: glutathione synthase [Prochlorococcus]	Cytoplasmic	9.97
WP_205909735.1 MULTISPECIES: bifunctional nuclease family protein [Prochlorococcus]	Unknown	2.00
WP_205909740.1 MULTISPECIES: FAD-linked oxidase C-terminal domain-containing protein [Prochlorococcus]	Cytoplasmic	9.97
WP_205909752.1 MULTISPECIES: hypothetical protein [Prochlorococcus]	Unknown	2.00
WP_205909835.1 MULTISPECIES: hypothetical protein [Prochlorococcus]	CytoplasmicMembrane	9.82
WP_205909838.1 MULTISPECIES: guanylate-binding protein [Prochlorococcus]	Unknown	2.00
WP_205909839.1 MULTISPECIES: hypothetical protein [Prochlorococcus]	Unknown	2.00
WP_205909844.1 MULTISPECIES: S8 family serine peptidase, partial [Prochlorococcus]	Unknown	2.00
WP_205909860.1 MULTISPECIES: CobW family GTP-binding protein [Prochlorococcus]	Cytoplasmic	9.97
WP_205909873.1 MULTISPECIES: 2OG-Fe(II) oxygenase family protein, partial [Prochlorococcus]	Cytoplasmic	8.96
WP_231901311.1 MULTISPECIES: YggT family protein [Prochlorococcus]	CytoplasmicMembrane	9.82
WP_231901385.1 MULTISPECIES: DOMON-like domain-containing protein [Prochlorococcus]	Unknown	2.00
WP_231901440.1 MULTISPECIES: hypothetical protein [Prochlorococcus]	CytoplasmicMembrane	9.82
WP_231906008.1 MULTISPECIES: hypothetical protein [Prochlorococcus]	Unknown	2.00
WP_236065909.1 MULTISPECIES: tetratricopeptide repeat protein, partial [Prochlorococcus]	Unknown	2.00
WP_236065910.1 tetratricopeptide repeat protein, partial [Prochlorococcus marinus]	CytoplasmicMembrane	9.82
WP_236065911.1 MULTISPECIES: hypothetical protein [Prochlorococcus]	Unknown	2.00
WP_236065912.1 S8 family serine peptidase, partial [Prochlorococcus marinus]	Unknown	2.00
WP_236065914.1 hypothetical protein [Prochlorococcus marinus]	Unknown	2.00
WP_236065915.1 MULTISPECIES: site-specific integrase [Prochlorococcus]	Cytoplasmic	8.96
WP_236065916.1 MULTISPECIES: DUF3764 family protein [Prochlorococcus]	Unknown	2.00
WP_236065917.1 cupin domain-containing protein [Prochlorococcus marinus]	Unknown	2.00
WP_236065918.1 S8 family serine peptidase, partial [Prochlorococcus marinus]	Extracellular	9.64
WP_236065919.1 MULTISPECIES: hypothetical protein [Prochlorococcus]	Unknown	2.00
WP_236065920.1 MULTISPECIES: hypothetical protein [Prochlorococcus]	Unknown	2.00
WP_236065921.1 MULTISPECIES: cysteine peptidase family C39 domain-containing protein [Prochlorococcus]	CytoplasmicMembrane	10.00
WP_236065922.1 hypothetical protein [Prochlorococcus marinus]	Unknown	2.00
WP_236065924.1 class I SAM-dependent methyltransferase, partial [Prochlorococcus marinus]	Cytoplasmic	8.96
WP_236065926.1 MULTISPECIES: calcium-binding protein [Prochlorococcus]	Extracellular	9.71
WP_236065927.1 MULTISPECIES: MFS transporter [Prochlorococcus]	CytoplasmicMembrane	10.00
WP_236065929.1 MULTISPECIES: tRNA 2-thiouridine(34) synthase MnmA [Prochlorococcus]	Cytoplasmic	9.26
WP_236065930.1 class I SAM-dependent methyltransferase [Prochlorococcus marinus]	Cytoplasmic	8.96
WP_236065931.1 class I SAM-dependent methyltransferase [Prochlorococcus marinus]	Cytoplasmic	8.96
WP_236065932.1 MULTISPECIES: protein phosphatase [Prochlorococcus]	Unknown	2.50
WP_236065933.1 MULTISPECIES: thymidylate synthase [Prochlorococcus]	CytoplasmicMembrane	9.86
WP_236065934.1 MULTISPECIES: efflux RND transporter periplasmic adaptor subunit [Prochlorococcus]	CytoplasmicMembrane	10.00
WP_236065935.1 MULTISPECIES: recombinase family protein [Prochlorococcus]	Unknown	2.00
WP_236065936.1 MULTISPECIES: hypothetical protein [Prochlorococcus]	CytoplasmicMembrane	9.82
WP_236065938.1 MULTISPECIES: serine/threonine protein kinase [Prochlorococcus]	Cytoplasmic	9.26
WP_236065939.1 MULTISPECIES: penicillin amidase [Prochlorococcus]	Unknown	2.00
WP_236065942.1 SUMF1/EgtB/PvdO family nonheme iron enzyme [Prochlorococcus marinus]	Unknown	6.26
WP_236065943.1 protein arginine N-methyltransferase [Prochlorococcus marinus]	Cytoplasmic	8.96
WP_236065944.1 MULTISPECIES: hypothetical protein [Prochlorococcus]	Cytoplasmic	8.96
WP_236065945.1 class I SAM-dependent methyltransferase [Prochlorococcus marinus]	Cytoplasmic	8.96
WP_236065946.1 MULTISPECIES: hypothetical protein [Prochlorococcus]	Unknown	2.00
WP_236065949.1 site-specific integrase [Prochlorococcus marinus]	Cytoplasmic	8.96
WP_236065950.1 hypothetical protein [Prochlorococcus marinus]	Unknown	2.00
WP_236065951.1 hypothetical protein [Prochlorococcus marinus]	Unknown	2.00
WP_236065952.1 hypothetical protein [Prochlorococcus marinus]	Cytoplasmic	8.96
WP_236065953.1 hypothetical protein [Prochlorococcus marinus]	Unknown	2.00
WP_236065955.1 MULTISPECIES: DUF4114 domain-containing protein [Prochlorococcus]	Extracellular	9.64
WP_236065956.1 MULTISPECIES: lactate dehydrogenase [Prochlorococcus]	Unknown	2.00
WP_236065957.1 MULTISPECIES: Ets-domain-containing protein [Prochlorococcus]	Unknown	2.00
WP_236065958.1 MULTISPECIES: Ets-domain-containing protein [Prochlorococcus]	Unknown	2.00
WP_236065959.1 MULTISPECIES: carbamoyl-phosphate synthase [Prochlorococcus]	OuterMembrane	9.52
WP_236065960.1 hypothetical protein [Prochlorococcus marinus]	CytoplasmicMembrane	9.86
WP_236065961.1 MULTISPECIES: Signal peptidase I [Prochlorococcus]	CytoplasmicMembrane	9.82
WP_236065962.1 MULTISPECIES: hypothetical protein [Prochlorococcus]	Unknown	2.00
WP_236065964.1 MULTISPECIES: phytochelatin synthase family protein [Prochlorococcus]	CytoplasmicMembrane	9.82
WP_236065966.1 hypothetical protein [Prochlorococcus marinus]	Unknown	2.50
WP_236065967.1 MULTISPECIES: hypothetical protein [Prochlorococcus]	CytoplasmicMembrane	9.82
WP_236065968.1 MULTISPECIES: gamma-thionins family protein [Prochlorococcus]	Unknown	2.00
WP_236065969.1 MULTISPECIES: hypothetical protein [Prochlorococcus]	Unknown	2.00
WP_236065970.1 hypothetical protein, partial [Prochlorococcus marinus]	OuterMembrane	9.49
WP_236065971.1 MULTISPECIES: ATP-dependent sacrificial sulfur transferase LarE [Prochlorococcus]	Cytoplasmic	8.96
WP_236065972.1 MULTISPECIES: sensor histidine kinase [Prochlorococcus]	Unknown	2.00
WP_236065973.1 MULTISPECIES: N-acetylmuramoyl-L-alanine amidase [Prochlorococcus]	Extracellular	9.64
WP_236065974.1 MULTISPECIES: recombinase family protein [Prochlorococcus]	Unknown	2.00
WP_236065976.1 HEAT repeat domain-containing protein [Prochlorococcus marinus]	Cytoplasmic	8.96
WP_236065977.1 ComF family protein [Prochlorococcus marinus]	Unknown	2.00
WP_236065978.1 MULTISPECIES: 2Fe-2S iron-sulfur cluster-binding protein [Prochlorococcus]	Cytoplasmic	8.96
WP_236065979.1 MULTISPECIES: response regulator transcription factor [unclassified Prochlorococcus]	Unknown	2.00
WP_236065980.1 MULTISPECIES: HlyD family efflux transporter periplasmic adaptor subunit [Prochlorococcus]	Unknown	2.00
WP_236065981.1 MULTISPECIES: glycosyltransferase family 4 protein [Prochlorococcus]	Cytoplasmic	9.97
WP_236065982.1 MULTISPECIES: hypothetical protein [Prochlorococcus]	Unknown	2.00
WP_236065983.1 MULTISPECIES: hypothetical protein [Prochlorococcus]	Unknown	2.00
WP_236065984.1 MULTISPECIES: hypothetical protein [Prochlorococcus]	Unknown	2.00
WP_236065985.1 MULTISPECIES: beta strand repeat-containing protein [Prochlorococcus]	Extracellular	10.00
WP_236065986.1 hypothetical protein [Prochlorococcus marinus]	Unknown	2.00
WP_236065989.1 MULTISPECIES: hypothetical protein [Prochlorococcus]	CytoplasmicMembrane	10.00
WP_236065990.1 MULTISPECIES: GNAT family N-acetyltransferase [Prochlorococcus]	Unknown	2.00
WP_236065991.1 MULTISPECIES: hypothetical protein [Prochlorococcus]	Unknown	2.00
WP_236065992.1 MULTISPECIES: hypothetical protein [Prochlorococcus]	CytoplasmicMembrane	9.82
WP_236065993.1 alpha/beta hydrolase family protein [Prochlorococcus marinus]	Cytoplasmic	9.97
WP_236065994.1 hypothetical protein, partial [Prochlorococcus marinus]	Unknown	2.00
WP_236065995.1 hypothetical protein [Prochlorococcus marinus]	Unknown	2.50
WP_236065997.1 MULTISPECIES: transthyretin [Prochlorococcus]	CytoplasmicMembrane	9.82
WP_236065999.1 MULTISPECIES: hypothetical protein [Prochlorococcus]	CytoplasmicMembrane	9.86
WP_236066001.1 MULTISPECIES: hypothetical protein [Prochlorococcus]	Unknown	2.00
WP_236066004.1 MULTISPECIES: hypothetical protein [Prochlorococcus]	Unknown	2.00
WP_236066006.1 MULTISPECIES: AEC family transporter [Prochlorococcus]	CytoplasmicMembrane	10.00
WP_236066007.1 MULTISPECIES: hypothetical protein [Prochlorococcus]	Unknown	2.00
WP_236066008.1 MULTISPECIES: hypothetical protein [Prochlorococcus]	Unknown	2.00
WP_236066009.1 MULTISPECIES: MFS transporter [Prochlorococcus]	CytoplasmicMembrane	10.00
WP_236066010.1 MULTISPECIES: dethiobiotin synthase [Prochlorococcus]	Cytoplasmic	9.26
WP_236066012.1 MULTISPECIES: hypothetical protein [Prochlorococcus]	Unknown	2.00
WP_236066014.1 MULTISPECIES: hypothetical protein [Prochlorococcus]	Unknown	2.00
WP_236066015.1 MULTISPECIES: arylsulfatase [Prochlorococcus]	Cytoplasmic	9.97
WP_236066016.1 MULTISPECIES: formylglycine-generating enzyme family protein [Prochlorococcus]	Unknown	2.00
WP_236066017.1 MULTISPECIES: hypothetical protein [Prochlorococcus]	Unknown	2.00
WP_236066018.1 MULTISPECIES: mechanosensitive ion channel domain-containing protein [Prochlorococcus]	CytoplasmicMembrane	10.00
WP_236066019.1 MULTISPECIES: hypothetical protein [Prochlorococcus]	CytoplasmicMembrane	9.82
WP_236066023.1 MULTISPECIES: ComEC/Rec2 family competence protein [Prochlorococcus]	CytoplasmicMembrane	10.00
WP_236066025.1 MULTISPECIES: DNA methyltransferase [Prochlorococcus]	Cytoplasmic	8.96
WP_236066026.1 MULTISPECIES: sensor histidine kinase [Prochlorococcus]	CytoplasmicMembrane	10.00
WP_236066027.1 MULTISPECIES: type II secretion system protein [Prochlorococcus]	Unknown	2.00
WP_236066028.1 MULTISPECIES: hypothetical protein [Prochlorococcus]	Unknown	2.00
WP_236066029.1 MULTISPECIES: DUF3137 domain-containing protein [Prochlorococcus]	Cytoplasmic	8.96
WP_236066030.1 MULTISPECIES: LemA family protein [Prochlorococcus]	Unknown	2.00
WP_236066031.1 MULTISPECIES: hypothetical protein [Prochlorococcus]	Cytoplasmic	8.96
WP_236066032.1 MULTISPECIES: alanine/glycine:cation symporter family protein [Prochlorococcus]	CytoplasmicMembrane	10.00
WP_236066034.1 MULTISPECIES: RecQ family ATP-dependent DNA helicase [Prochlorococcus]	Cytoplasmic	9.97
WP_236066036.1 MULTISPECIES: Nif11-like leader peptide family natural product precursor [Prochlorococcus]	Unknown	2.00
WP_236066037.1 MULTISPECIES: hypothetical protein [Prochlorococcus]	Unknown	2.00
WP_236066038.1 MULTISPECIES: hypothetical protein [Prochlorococcus]	CytoplasmicMembrane	9.82
WP_236066039.1 MULTISPECIES: type I DNA topoisomerase [Prochlorococcus]	Cytoplasmic	9.97
WP_236066040.1 MULTISPECIES: hypothetical protein [Prochlorococcus]	Unknown	2.00
WP_236066042.1 hypothetical protein [Prochlorococcus marinus]	Unknown	2.00
WP_236066043.1 hypothetical protein [Prochlorococcus marinus]	Unknown	2.00
WP_236066044.1 MULTISPECIES: class I SAM-dependent methyltransferase [Prochlorococcus]	Unknown	2.00
WP_236066045.1 MULTISPECIES: Npun_F0494 family protein [Prochlorococcus]	Cytoplasmic	8.96
WP_236066046.1 MULTISPECIES: pseudouridine synthase [Prochlorococcus]	Periplasmic	9.80
WP_236066047.1 MULTISPECIES: hypothetical protein [Prochlorococcus]	Unknown	2.00
WP_236066048.1 MULTISPECIES: glutamyl-tRNA amidotransferase [Prochlorococcus]	Unknown	2.00
WP_236066049.1 MULTISPECIES: hypothetical protein [Prochlorococcus]	Unknown	2.00
WP_236066050.1 MULTISPECIES: hypothetical protein [Prochlorococcus]	Unknown	2.50
WP_236066052.1 MULTISPECIES: hypothetical protein [Prochlorococcus]	Cytoplasmic	8.96
WP_236066053.1 MULTISPECIES: metallophosphoesterase [Prochlorococcus]	Cytoplasmic	8.96
WP_236066057.1 MULTISPECIES: YbfB/YjiJ family MFS transporter [Prochlorococcus]	CytoplasmicMembrane	10.00
WP_236066059.1 MULTISPECIES: hypothetical protein [Prochlorococcus]	CytoplasmicMembrane	9.82
WP_236066062.1 hypothetical protein [Prochlorococcus marinus]	Unknown	2.00
WP_236066065.1 MULTISPECIES: glutamate-1-semialdehyde 2,1-aminomutase [Prochlorococcus]	Cytoplasmic	9.97
WP_236066070.1 MULTISPECIES: cysteine--tRNA ligase [Prochlorococcus]	Cytoplasmic	9.97
WP_236066072.1 hypothetical protein [Prochlorococcus marinus]	Unknown	2.00
WP_236066073.1 hypothetical protein, partial [Prochlorococcus marinus]	Unknown	2.00
WP_236066074.1 MULTISPECIES: hypothetical protein [Prochlorococcus]	Unknown	2.00
WP_236066075.1 MULTISPECIES: Holliday junction resolvase RuvX [Prochlorococcus]	Cytoplasmic	9.26
WP_236066077.1 MULTISPECIES: cation:proton antiporter [Prochlorococcus]	CytoplasmicMembrane	10.00
WP_236066080.1 MULTISPECIES: glycine betaine ABC transporter substrate-binding protein [Prochlorococcus]	Unknown	2.00
WP_236066083.1 MULTISPECIES: LptA/OstA family protein [Prochlorococcus]	Unknown	2.00
WP_236066085.1 MULTISPECIES: carbamoyl-phosphate synthase subunit L [Prochlorococcus]	Unknown	2.00
WP_236066087.1 MULTISPECIES: DUF3104 domain-containing protein [Prochlorococcus]	Unknown	2.00
WP_236066089.1 MULTISPECIES: DMT family transporter [Prochlorococcus]	CytoplasmicMembrane	10.00
WP_236066091.1 hypothetical protein [Prochlorococcus marinus]	Unknown	2.00
WP_236066092.1 gonadotropin-releasing hormone-like protein [Prochlorococcus marinus]	Cytoplasmic	8.96
WP_236066093.1 MULTISPECIES: cupin domain-containing protein [Prochlorococcus]	Unknown	2.00
WP_236066094.1 MULTISPECIES: CsgG/HfaB family protein [Prochlorococcus]	OuterMembrane	9.52
WP_236066095.1 MULTISPECIES: 5-(carboxyamino)imidazole ribonucleotide synthase [Prochlorococcus]	CytoplasmicMembrane	7.88
WP_236066096.1 hypothetical protein [Prochlorococcus marinus]	CytoplasmicMembrane	9.82
WP_236066097.1 MULTISPECIES: bifunctional 3,4-dihydroxy-2-butanone-4-phosphate synthase/GTP cyclohydrolase II [Prochlorococcus]	Cytoplasmic	9.97
WP_236066098.1 MULTISPECIES: SpoIID/LytB domain-containing protein [Prochlorococcus]	Unknown	2.00
WP_236066100.1 MULTISPECIES: kinase [Prochlorococcus]	Unknown	2.00
WP_236066101.1 MULTISPECIES: sigma-70 family RNA polymerase sigma factor [Prochlorococcus]	Cytoplasmic	8.96
WP_236066104.1 MULTISPECIES: carbohydrate porin [Prochlorococcus]	Unknown	2.00
WP_236066105.1 MULTISPECIES: hypothetical protein [Prochlorococcus]	CytoplasmicMembrane	9.82
WP_236066106.1 MULTISPECIES: Nif11-like leader peptide family natural product precursor [Prochlorococcus]	Unknown	2.00
WP_236066107.1 MULTISPECIES: hypothetical protein [Prochlorococcus]	Unknown	2.00
WP_236066108.1 MULTISPECIES: Nif11-like leader peptide family natural product precursor [Prochlorococcus]	Unknown	2.00
WP_236066109.1 MULTISPECIES: pyrimidine dimer DNA glycosylase/endonuclease V [Prochlorococcus]	Cytoplasmic	8.96
WP_236066110.1 MULTISPECIES: histidine kinase [Prochlorococcus]	Unknown	2.00
WP_236066111.1 MULTISPECIES: proton-conducting transporter membrane subunit [Prochlorococcus]	CytoplasmicMembrane	10.00
WP_236066112.1 MULTISPECIES: hypothetical protein [Prochlorococcus]	Unknown	2.00
WP_236066113.1 MULTISPECIES: hypothetical protein [Prochlorococcus]	Unknown	2.00
WP_236066115.1 MULTISPECIES: hydrolase [Prochlorococcus]	Cytoplasmic	8.96
WP_236066116.1 MULTISPECIES: hypothetical protein [Prochlorococcus]	Unknown	2.00
WP_236066118.1 MULTISPECIES: bifunctional aminoglycoside phosphotransferase/ATP-binding protein [Prochlorococcus]	Cytoplasmic	9.97
WP_236066119.1 MULTISPECIES: GRAM domain-containing protein [Prochlorococcus]	Unknown	2.00
WP_236066120.1 MULTISPECIES: site-specific integrase [Prochlorococcus]	Unknown	2.00
WP_236066121.1 MULTISPECIES: hypothetical protein [Prochlorococcus]	CytoplasmicMembrane	9.86
WP_236066122.1 MULTISPECIES: hypothetical protein [Prochlorococcus]	CytoplasmicMembrane	9.82
WP_236066132.1 MULTISPECIES: DUF1254 domain-containing protein [Prochlorococcus]	Unknown	2.00
WP_236066133.1 M67 family metallopeptidase [Prochlorococcus marinus]	CytoplasmicMembrane	9.82
WP_236066134.1 hypothetical protein [Prochlorococcus marinus]	Unknown	2.50
WP_236066136.1 MULTISPECIES: DUF481 domain-containing protein [Prochlorococcus]	Unknown	2.00
WP_236066138.1 MULTISPECIES: hypothetical protein [Prochlorococcus]	CytoplasmicMembrane	10.00
WP_236066140.1 MULTISPECIES: resolvase [Prochlorococcus]	Unknown	2.00
WP_236066141.1 MULTISPECIES: pentapeptide repeat-containing protein [Prochlorococcus]	Unknown	2.50
WP_236066143.1 MULTISPECIES: thioredoxin family protein [Prochlorococcus]	Unknown	2.00
WP_236066144.1 MULTISPECIES: 2-amino-4-hydroxy-6-hydroxymethyldihydropteridine diphosphokinase [Prochlorococcus]	Unknown	2.00
WP_236066145.1 MULTISPECIES: hypothetical protein [Prochlorococcus]	Unknown	2.00
WP_236066146.1 hypothetical protein [Prochlorococcus marinus]	CytoplasmicMembrane	10.00
WP_236066148.1 MULTISPECIES: ABC transporter ATP-binding protein [Prochlorococcus]	CytoplasmicMembrane	10.00
WP_236066149.1 MULTISPECIES: FAD-binding oxidoreductase [Prochlorococcus]	Cytoplasmic	8.96
WP_236066150.1 MULTISPECIES: cation:proton antiporter [Prochlorococcus]	CytoplasmicMembrane	10.00
WP_236066152.1 MULTISPECIES: DUF2079 domain-containing protein [Prochlorococcus]	CytoplasmicMembrane	10.00
WP_236066153.1 MULTISPECIES: lysophospholipid acyltransferase family protein [Prochlorococcus]	Unknown	2.00
WP_236066156.1 MULTISPECIES: SDR family NAD(P)-dependent oxidoreductase [Prochlorococcus]	Unknown	2.00
WP_236066157.1 hypothetical protein [Prochlorococcus marinus]	CytoplasmicMembrane	10.00
WP_236066158.1 MULTISPECIES: N-acetylglucosamine-6-phosphate deacetylase [Prochlorococcus]	Cytoplasmic	9.97
WP_236066159.1 MULTISPECIES: pseudouridine synthase [Prochlorococcus]	Cytoplasmic	9.97
WP_236066160.1 MULTISPECIES: hypothetical protein [Prochlorococcus]	Unknown	2.00
WP_236066161.1 MULTISPECIES: cysteine desulfurase family protein [Prochlorococcus]	Cytoplasmic	9.26
WP_236066163.1 MULTISPECIES: Paralytic/GBP/PSP peptide [Prochlorococcus]	Unknown	2.50
WP_236066165.1 MULTISPECIES: hypothetical protein [Prochlorococcus]	Extracellular	9.65
WP_236066167.1 MULTISPECIES: hypothetical protein [Prochlorococcus]	Unknown	2.00
WP_236066168.1 PilN domain-containing protein [Prochlorococcus marinus]	Unknown	2.50
WP_236066170.1 MULTISPECIES: TolC family protein [Prochlorococcus]	Unknown	4.69
WP_236066171.1 MULTISPECIES: carbamoyl-phosphate synthase [Prochlorococcus]	OuterMembrane	9.52
WP_236066172.1 MULTISPECIES: hypothetical protein [Prochlorococcus]	Unknown	2.00
WP_236066173.1 MULTISPECIES: hypothetical protein [Prochlorococcus]	Unknown	2.00
WP_236066174.1 MULTISPECIES: ATP-binding cassette domain-containing protein [Prochlorococcus]	CytoplasmicMembrane	10.00
WP_236066175.1 FecR domain-containing protein [Prochlorococcus marinus]	Unknown	2.50
WP_236066177.1 MULTISPECIES: CHASE2 domain-containing protein [Prochlorococcus]	CytoplasmicMembrane	10.00
WP_236066178.1 MULTISPECIES: CHAT domain-containing protein [Prochlorococcus]	Unknown	2.00
WP_236066179.1 beta strand repeat-containing protein [Prochlorococcus marinus]	Unknown	6.26
WP_236066180.1 MULTISPECIES: hypothetical protein [Prochlorococcus]	Unknown	2.00
WP_236066183.1 MULTISPECIES: pilus assembly protein PilZ [Prochlorococcus]	Unknown	2.00
WP_236066186.1 MULTISPECIES: pentapeptide repeat-containing protein [Prochlorococcus]	Unknown	2.00
WP_236066187.1 MULTISPECIES: hypothetical protein [Prochlorococcus]	Unknown	2.00
WP_236066189.1 MULTISPECIES: nucleoside triphosphate pyrophosphohydrolase [Prochlorococcus]	Cytoplasmic	8.96
WP_236066190.1 MULTISPECIES: ecotin family protein [Prochlorococcus]	Unknown	2.00
WP_236066192.1 MULTISPECIES: ecotin family protein [Prochlorococcus]	CytoplasmicMembrane	9.86
WP_236066195.1 MULTISPECIES: ABC1 kinase family protein [Prochlorococcus]	CytoplasmicMembrane	7.88
WP_236066200.1 hypothetical protein [Prochlorococcus marinus]	Extracellular	9.64
WP_236066201.1 MULTISPECIES: LL-diaminopimelate aminotransferase [Prochlorococcus]	Cytoplasmic	9.97
WP_236066204.1 MULTISPECIES: FAD-binding oxidoreductase [Prochlorococcus]	Unknown	2.00
WP_236066205.1 DUF2752 domain-containing protein [Prochlorococcus marinus]	CytoplasmicMembrane	9.82
WP_236066206.1 MULTISPECIES: hypothetical protein [Prochlorococcus]	Unknown	2.00
WP_236076916.1 MULTISPECIES: DEAD/DEAH box helicase [Prochlorococcus]	CytoplasmicMembrane	9.27
WP_240951590.1 MULTISPECIES: NAD(P)H-quinone oxidoreductase subunit L [unclassified Prochlorococcus]	CytoplasmicMembrane	9.82
WP_240951619.1 MULTISPECIES: lytic transglycosylase domain-containing protein [unclassified Prochlorococcus]	Unknown	5.77
WP_255327626.1 MULTISPECIES: hypothetical protein [Prochlorococcus]	Unknown	2.00
WP_255454309.1 MULTISPECIES: hypothetical protein [Prochlorococcus]	Unknown	2.00
WP_255454314.1 MULTISPECIES: hypothetical protein [Prochlorococcus]	Unknown	2.00
WP_255454316.1 MULTISPECIES: hypothetical protein [Prochlorococcus]	Unknown	2.00
WP_255454325.1 MULTISPECIES: hypothetical protein [Prochlorococcus]	Unknown	2.00
WP_255454326.1 MULTISPECIES: hypothetical protein [Prochlorococcus]	Unknown	2.00
WP_255454328.1 MULTISPECIES: hypothetical protein [Prochlorococcus]	Unknown	2.00
WP_255454329.1 MULTISPECIES: hypothetical protein [Prochlorococcus]	Unknown	2.00
WP_255454336.1 MULTISPECIES: hypothetical protein [Prochlorococcus]	Unknown	2.00
WP_255454348.1 MULTISPECIES: hypothetical protein [Prochlorococcus]	Unknown	2.00
WP_255454350.1 MULTISPECIES: hypothetical protein [Prochlorococcus]	Unknown	2.00
WP_255454355.1 MULTISPECIES: 5-(carboxyamino)imidazole ribonucleotide mutase [Prochlorococcus]	CytoplasmicMembrane	9.86
WP_255454360.1 MULTISPECIES: hypothetical protein [Prochlorococcus]	CytoplasmicMembrane	9.86
WP_255454367.1 MULTISPECIES: hypothetical protein [Prochlorococcus]	Unknown	2.00
WP_268873538.1 MULTISPECIES: sigma factor-like helix-turn-helix DNA-binding protein, partial [Prochlorococcus]	Cytoplasmic	8.96
WP_268873905.1 MULTISPECIES: sigma factor-like helix-turn-helix DNA-binding protein, partial [Prochlorococcus]	Cytoplasmic	8.96
WP_268873908.1 MULTISPECIES: hypothetical protein [Prochlorococcus]	Unknown	2.00
WP_268873909.1 MULTISPECIES: L,D-transpeptidase [Prochlorococcus]	Unknown	2.00
WP_268873939.1 MULTISPECIES: hypothetical protein [Prochlorococcus]	Unknown	2.00
WP_268873940.1 hypothetical protein [Prochlorococcus marinus]	Unknown	2.00
WP_268873941.1 hypothetical protein [Prochlorococcus marinus]	Unknown	2.00
WP_268873942.1 hypothetical protein [Prochlorococcus marinus]	Unknown	2.00
WP_268873943.1 MULTISPECIES: hypothetical protein [Prochlorococcus]	CytoplasmicMembrane	9.82
WP_268873944.1 MULTISPECIES: hypothetical protein [Prochlorococcus]	Unknown	2.00
WP_268873945.1 L,D-transpeptidase [Prochlorococcus marinus]	CytoplasmicMembrane	9.86
WP_268873946.1 MULTISPECIES: ribonucleoside-triphosphate reductase, adenosylcobalamin-dependent [Prochlorococcus]	Cytoplasmic	8.96
WP_277346406.1 MULTISPECIES: sigma-70 factor domain-containing protein, partial [Prochlorococcus]	Unknown	2.00
WP_277346408.1 MULTISPECIES: hypothetical protein [unclassified Prochlorococcus]	Unknown	2.50
WP_328585565.1 guanylate-binding protein, partial [Prochlorococcus marinus]	Unknown	2.00
WP_328585566.1 guanylate-binding protein, partial [Prochlorococcus marinus]	Unknown	2.00
WP_328585567.1 MULTISPECIES: phospholipase D-like domain-containing protein [Prochlorococcus]	Unknown	2.00
WP_328585568.1 MULTISPECIES: DUF192 domain-containing protein [Prochlorococcus]	Unknown	2.50
WP_328585569.1 MULTISPECIES: transposase [Prochlorococcus]	Unknown	2.00
WP_328585570.1 MULTISPECIES: DUF3747 domain-containing protein [Prochlorococcus]	Unknown	2.00
WP_328585571.1 sigma-70 factor domain-containing protein, partial [Prochlorococcus marinus]	Unknown	2.00
WP_328585572.1 MULTISPECIES: SpoIID/LytB domain-containing protein [Prochlorococcus]	CytoplasmicMembrane	9.82
WP_328585573.1 MULTISPECIES: CPBP family intramembrane glutamic endopeptidase [Prochlorococcus]	CytoplasmicMembrane	10.00
WP_328585575.1 MULTISPECIES: type IV pilus twitching motility protein PilT [Prochlorococcus]	Cytoplasmic	9.97
WP_328585576.1 MULTISPECIES: hypothetical protein [Prochlorococcus]	Unknown	2.00
WP_328585577.1 mechanosensitive ion channel family protein [Prochlorococcus marinus]	Unknown	2.00
WP_328585578.1 MULTISPECIES: mechanosensitive ion channel family protein [Prochlorococcus]	CytoplasmicMembrane	10.00
WP_328585579.1 MULTISPECIES: hypothetical protein [Prochlorococcus]	Unknown	2.50
WP_328585580.1 MULTISPECIES: hypothetical protein [Prochlorococcus]	Unknown	2.00
WP_328585581.1 MULTISPECIES: glycosyltransferase [Prochlorococcus]	Cytoplasmic	9.97
WP_328585584.1 MULTISPECIES: hypothetical protein [Prochlorococcus]	CytoplasmicMembrane	10.00
WP_346766606.1 MULTISPECIES: lycopene beta cyclase [unclassified Prochlorococcus]	CytoplasmicMembrane	9.82
WP_369818714.1 MULTISPECIES: hypothetical protein [unclassified Prochlorococcus]	CytoplasmicMembrane	9.82
WP_370520951.1 MULTISPECIES: DEAD/DEAH box helicase [unclassified Prochlorococcus]	Cytoplasmic	8.96
WP_370520956.1 MULTISPECIES: hypothetical protein [unclassified Prochlorococcus]	Unknown	2.00
WP_370520960.1 MULTISPECIES: Fur family transcriptional regulator [unclassified Prochlorococcus]	Cytoplasmic	9.97
WP_370520964.1 MULTISPECIES: rhamnan synthesis F family protein [unclassified Prochlorococcus]	Unknown	2.00
WP_370520967.1 MULTISPECIES: 2-succinyl-5-enolpyruvyl-6-hydroxy-3-cyclohexene-1-carboxylic-acid synthase [unclassified Prochlorococcus]	CytoplasmicMembrane	9.82
WP_370520970.1 MULTISPECIES: hypothetical protein [unclassified Prochlorococcus]	Unknown	2.00
WP_370520971.1 MULTISPECIES: cAMP phosphodiesterase [unclassified Prochlorococcus]	Unknown	2.00
WP_370520976.1 MULTISPECIES: hypothetical protein [unclassified Prochlorococcus]	Unknown	2.00
WP_370520980.1 MULTISPECIES: photosystem II assembly family protein [unclassified Prochlorococcus]	CytoplasmicMembrane	9.82
WP_370520985.1 MULTISPECIES: NnrU family protein [unclassified Prochlorococcus]	CytoplasmicMembrane	10.00
WP_370520986.1 MULTISPECIES: quinolinate synthase NadA [unclassified Prochlorococcus]	Cytoplasmic	9.97
WP_370520991.1 MULTISPECIES: peptide chain release factor 3 [unclassified Prochlorococcus]	Cytoplasmic	9.97
WP_370520994.1 MULTISPECIES: dihydropteroate synthase [unclassified Prochlorococcus]	Cytoplasmic	9.97
WP_370520999.1 MULTISPECIES: DoxX family protein [unclassified Prochlorococcus]	CytoplasmicMembrane	10.00
WP_370521001.1 MULTISPECIES: 50S ribosomal protein L19 [unclassified Prochlorococcus]	Cytoplasmic	9.26
WP_370521004.1 MULTISPECIES: valine--tRNA ligase [unclassified Prochlorococcus]	Cytoplasmic	9.97
WP_413352184.1 MULTISPECIES: exodeoxyribonuclease VII small subunit [unclassified Prochlorococcus]	Unknown	2.00
WP_413398197.1 rhomboid family intramembrane serine protease [Prochlorococcus sp. MIT 1312]	CytoplasmicMembrane	10.00
WP_413681477.1 ABC transporter permease [Prochlorococcus sp. MIT 1327]	CytoplasmicMembrane	10.00
WP_413681484.1 hypothetical protein [Prochlorococcus sp. MIT 1327]	Unknown	2.50
WP_419177403.1 leucine-rich repeat protein [Prochlorococcus marinus]	Unknown	6.26
