refseq_locus,log2fc_2h,padj_2h,log2fc_4h,padj_4h
TX50_RS00020,0.8456155,0.00018026,1.03124213,7.84481314255773e-19
TX50_RS00025,0.11450185,0.66405678,0.08400668,0.69841045
TX50_RS00030,-0.7449607,0.01051219,-0.4630721,0.00027248
TX50_RS00035,-0.6747138,0.01051219,-0.5702892,0.00012733
TX50_RS00040,-0.3545434,0.27292461,0.24747791,0.1051928
TX50_RS00045,-0.5901946,0.13658337,-0.5038552,0.08680953
TX50_RS00050,-0.4593627,0.04323944,-0.2015033,0.29658948
TX50_RS00055,0.78211262,8.99411315866578e-07,0.88282927,8.72830126774553e-17
TX50_RS00060,-0.1765132,0.56812472,-0.3624072,0.16466319
TX50_RS00065,0.37024665,0.06351122,0.43058095,0.00290429
TX50_RS00070,0.66431132,0.00045031,0.84867952,2.10316304149248e-10
TX50_RS00075,0.21537281,0.32034566,0.63791677,4.19200689176942e-05
TX50_RS00080,0.11517362,0.56490922,0.1366196,0.26751952
TX50_RS00085,-1.1083313,1.30710414121105e-12,-1.097863,6.11295795552281e-16
TX50_RS00090,0.15264691,0.45854251,0.21650141,0.15928547
TX50_RS00095,-0.0770934,0.70228702,0.30808657,0.00613789
TX50_RS00100,-1.846225,2.51356870179989e-09,-1.3367572,9.87564345670359e-25
TX50_RS00105,-2.4715103,6.23019915532034e-06,-1.4957511,0.00017313
TX50_RS00110,-1.6745994,3.60016203887688e-08,-1.5187761,7.81202380892333e-15
TX50_RS00115,-0.2155222,0.48544275,-0.0674436,0.80302271
TX50_RS00120,-0.2779263,0.27502053,-0.1278352,0.57702384
TX50_RS00125,-0.3095493,0.22145506,-0.3465058,0.12292101
TX50_RS00130,-0.6614807,0.04112245,-1.0531834,2.54806056494405e-12
TX50_RS00135,-0.72767,0.00226106,-1.0623661,1.91343975429973e-14
TX50_RS00140,-0.157953,0.55614104,-0.5421579,4.31304486823098e-05
TX50_RS00145,0.55683594,0.03337861,0.36322057,0.00291613
TX50_RS00150,0.49536969,0.0077691,0.44692515,0.00020374
TX50_RS00155,-0.4581813,0.10710176,-0.6785041,3.5706283514414e-05
TX50_RS00160,0.08638849,0.76423867,-0.2980478,0.1212443
TX50_RS00165,3.39019662,1.94083096754424e-17,4.53636626,3.40571685314808e-130
TX50_RS00170,0.46428576,0.25004765,1.44049508,1.37902522030065e-19
TX50_RS00175,1.21036549,1.9378103451816e-05,2.07997153,4.60499442241823e-40
TX50_RS00180,0.15931122,0.4726111,-0.0140626,0.93705544
TX50_RS00185,1.75272457,4.26311747403525e-22,1.87160815,6.57455819016941e-36
TX50_RS00190,0.49531121,0.05889191,0.55539053,2.24307443640779e-05
TX50_RS00195,0.04509182,0.8532792,0.13623297,0.50899138
TX50_RS00200,0.39928184,0.10815336,0.82713389,3.29918501252481e-09
TX50_RS00205,-0.0215023,0.9550979,0.30475036,0.31315709
TX50_RS00210,0.23403608,0.48313853,1.14236145,7.10489028094542e-11
TX50_RS00215,-0.941856,4.55548668161209e-07,-1.2004563,1.44886131055865e-11
TX50_RS00220,-1.5905751,6.48328865321099e-18,-1.7583913,3.71718273226041e-24
TX50_RS00225,-1.7565389,1.18797550421237e-18,-2.1564839,6.2509220209657e-47
TX50_RS00230,-0.9418593,5.75477474897713e-11,-0.9770091,3.55936962820104e-15
TX50_RS00235,-0.3883245,0.03691613,-0.468678,0.00163125
TX50_RS00240,1.2962807,1.38085504145972e-13,1.8201227,1.03257461115542e-50
TX50_RS00245,0.97846836,5.00114223114297e-05,0.99264885,1.07155376535725e-06
TX50_RS00250,-0.0201342,0.93077409,-0.1809465,0.24158178
TX50_RS00255,0.17164859,0.34820204,0.29728213,0.00928827
TX50_RS00260,-0.995361,0.0312801,-0.4357887,0.20991572
TX50_RS00265,0.28252224,0.18238409,0.19079631,0.29820298
TX50_RS00270,0.5708095,0.00472953,1.15757092,1.26389535667964e-11
TX50_RS00275,0.05356552,0.88164699,0.38438127,0.13276741
TX50_RS00280,0.14543649,0.6365592,-0.0592023,0.80688601
TX50_RS00285,0.33719208,0.48100255,0.96109762,0.00402887
TX50_RS00290,1.28170211,1.76905847049373e-05,2.15683642,1.1623167281407e-26
TX50_RS00295,0.19605902,0.57677246,-0.4381179,0.00946218
TX50_RS00300,0.05157387,0.82185417,0.14184051,0.41505056
TX50_RS00305,-0.9507116,0.00023872,-0.6615835,0.0021342
TX50_RS00310,-0.2347718,0.34654679,-0.4794575,0.02731953
TX50_RS00315,0.54124496,0.217483,0.99602888,0.02423155
TX50_RS00320,0.30317159,0.27819309,0.07534612,0.57461981
TX50_RS00325,0.02899206,0.92861916,-0.6696714,0.00204806
TX50_RS00330,1.31172027,0.00103022,1.1483896,5.768499232454e-11
TX50_RS00335,0.73282048,0.01035889,1.39157664,7.4154078294124e-25
TX50_RS00340,0.69381344,0.00768476,0.72108729,0.00045832
TX50_RS00345,-0.9196685,1.09412222992185e-06,-0.9295584,1.73179846930378e-10
TX50_RS00350,-1.6762985,7.48139959669039e-13,-2.0768463,4.67319784964043e-21
TX50_RS00355,-0.6286074,0.13516865,-0.8172491,0.00885621
TX50_RS00360,0.78852979,0.00023023,0.74448741,1.71732425225136e-05
TX50_RS00365,0.2049694,0.45334641,-0.1032479,0.53917394
TX50_RS00370,-0.5315178,0.00501487,-0.9115319,9.31825240885898e-11
TX50_RS00375,-0.8260652,8.56214361626012e-05,-1.3075846,1.39485389635118e-12
TX50_RS00380,-0.8039211,0.00048585,-0.9526406,3.82520925976284e-11
TX50_RS00385,-0.3660632,0.0340417,-0.4085309,0.00018274
TX50_RS00390,-0.4710845,0.40102552,-0.8880483,0.04435232
TX50_RS00395,-1.8030121,3.00185284525797e-09,-2.4033272,3.75872046202835e-47
TX50_RS00405,-1.7001098,4.0267245040704e-16,-2.0793703,3.46777706379833e-63
TX50_RS00410,-1.1432716,3.29301798613177e-06,-1.8586062,5.85838024605306e-28
TX50_RS00415,-0.7280535,0.0172364,-0.6609387,0.02306323
TX50_RS00420,1.4221369,1.29014436727229e-05,1.09718306,5.86574894837418e-09
TX50_RS00425,0.12302547,0.64749963,-0.1120833,0.63114942
TX50_RS00430,0.9416954,7.02927149594791e-05,0.80025042,3.55198118028387e-08
TX50_RS00435,-0.9638937,0.00042307,-1.3263733,1.03491602462974e-08
TX50_RS00440,0.41082814,0.03370094,0.8666014,3.98096735766401e-12
TX50_RS00445,-0.2445937,0.29147021,-0.1992749,0.24781089
TX50_RS00450,1.5248733,2.12868775394307e-18,1.66754891,7.55013237830415e-40
TX50_RS00455,1.60751803,8.73162062718853e-20,2.10869922,8.14677087080277e-70
TX50_RS00460,2.04846807,1.5332960666554e-19,2.43728734,1.09361447658906e-37
TX50_RS00465,1.73947449,1.55038733100542e-24,1.81312599,8.04367773359743e-41
TX50_RS00475,0.43469352,0.01231038,0.3960331,0.00759249
TX50_RS00480,-0.0097231,0.96851579,-0.3634518,0.04707558
TX50_RS00485,-0.3964809,0.0182896,-0.2603482,0.04089862
TX50_RS00490,-1.2031028,1.45382597097408e-05,-1.3582075,7.23329733606365e-18
TX50_RS00495,1.25296355,2.17467801267821e-16,1.52441613,2.39453194471537e-43
TX50_RS00500,0.69031749,1.52453972610588e-05,0.58006019,0.00016235
TX50_RS00505,-0.9815938,4.17494599866116e-09,-1.1347683,2.6109666146469e-12
TX50_RS00510,-0.4400466,0.05054841,-0.9654066,3.88827893527417e-09
TX50_RS00515,0.03185177,0.88699626,-0.2399605,0.23115327
TX50_RS00520,1.01764807,9.22439776264054e-08,1.04804865,3.47024737193533e-12
TX50_RS00525,-0.7727886,0.00027189,-1.2751366,1.4454741624647e-14
TX50_RS00530,-0.7925685,5.14660134948231e-06,-1.0022305,1.182747475222e-11
TX50_RS00535,1.01772866,2.1441414220957e-10,0.97670763,7.55303536234377e-14
TX50_RS00540,-0.0680863,0.77000102,-0.2421271,0.18946314
TX50_RS00550,1.03127458,5.87467031099344e-06,1.13505539,1.46162487083441e-06
TX50_RS00555,-0.5708681,0.04720887,-0.5755859,0.01094312
TX50_RS00560,-1.1081052,8.18296990381885e-07,-1.0709355,3.33087596242231e-07
TX50_RS00565,0.15234905,0.44405456,0.45192419,0.00045832
TX50_RS00570,0.44121004,0.3082523,0.41222359,0.22269897
TX50_RS00575,-0.3566318,0.72780563,-1.8799413,0.08501496
TX50_RS00580,-0.5536554,0.04720887,-0.6248909,0.00364833
TX50_RS00585,-1.23399,1.03597936631256e-08,-1.4386408,3.72931238699372e-13
TX50_RS00590,0.03992564,0.91321084,-0.487656,0.11424478
TX50_RS00595,-0.8424254,0.00065133,-1.3053059,4.61373983354789e-11
TX50_RS00600,-1.8388583,4.3063947019369e-12,-1.4148926,4.10878128865886e-15
TX50_RS00605,-1.5623379,3.2261687820778e-09,-1.2823157,4.43058051588323e-21
TX50_RS00610,0.8886255,1.52426926209471e-07,0.86728737,1.70862160601328e-11
TX50_RS00615,-0.9374657,2.7280305979638e-05,-1.307369,1.54629763890367e-15
TX50_RS00620,-0.9768769,8.90973780963919e-05,-0.7591933,0.00013817
TX50_RS00625,0.42219296,0.22005052,0.52691764,0.07439053
TX50_RS00630,-0.8289434,0.00678297,-0.9984172,9.03002315489993e-07
TX50_RS00635,0.19559575,0.53593711,-0.4358327,0.05952095
TX50_RS00640,-0.497899,0.06288373,-0.762919,0.00027185
TX50_RS00645,-0.134923,0.65581826,0.07168194,0.70434633
TX50_RS00650,-0.2852173,0.23265404,-0.5839855,0.00141524
TX50_RS00655,-0.93952,4.45438214870722e-06,-1.1531918,4.45175072790758e-10
TX50_RS00660,0.63948171,0.0250331,0.72120278,0.02455338
TX50_RS00665,0.07123736,0.73577877,0.3677905,0.00956101
TX50_RS00670,-0.1444207,0.73584506,-0.4106042,0.15437295
TX50_RS00675,-0.5541395,0.07520724,-1.1993484,6.15919039585366e-20
TX50_RS00680,-0.8212142,0.00657038,-1.4621058,1.42421711900835e-08
TX50_RS00685,-1.000329,0.00026291,-1.0920102,6.50875250499396e-07
TX50_RS00690,-0.3874198,0.05686903,-0.7879063,2.6622889803019e-12
TX50_RS00695,0.56587345,0.00380957,0.34203461,0.04721538
TX50_RS00700,0.08812775,0.68487794,-0.002345,0.99128327
TX50_RS00705,0.94021704,2.58535930782237e-06,0.93806053,2.26926260641162e-13
TX50_RS00710,-0.0567279,0.76423867,-0.4039898,0.00214413
TX50_RS00715,0.00030503,0.99889561,0.08555802,0.71439258
TX50_RS00720,-0.066409,0.87450493,-0.5661988,1.94290350019431e-05
TX50_RS00725,-0.3901256,0.29765591,-0.6183122,0.00016089
TX50_RS00730,-0.254947,0.36994851,-0.2149009,0.36126026
TX50_RS00735,0.91917186,0.01066193,0.80111565,0.01259934
TX50_RS00740,-0.5578161,0.07941904,-0.3371327,0.11706595
TX50_RS00745,1.66387155,7.79608493372142e-09,1.38267456,2.30918406625682e-31
TX50_RS00750,0.18919132,0.32320398,-0.0467117,0.7331873
TX50_RS00755,-1.8789913,7.84857717382425e-29,-1.6542905,1.90872855766084e-25
TX50_RS00760,0.58507266,0.02372354,0.75270926,1.04331587303378e-05
TX50_RS00765,0.13649344,0.56550127,-0.0620976,0.69153826
TX50_RS00770,1.5707458,1.61673307167538e-14,1.65517061,2.56777891455784e-40
TX50_RS00775,0.54765127,0.04993435,0.01355435,0.95146043
TX50_RS00780,-0.8869109,1.10705270526634e-07,-1.2400894,4.70381158414368e-23
TX50_RS00785,-0.5767467,0.20966045,-0.147193,0.23605
TX50_RS00790,0.02147658,0.94378565,0.69946471,0.00010441
TX50_RS00795,0.39521156,0.02086193,0.30123908,0.02393542
TX50_RS00800,0.42086767,0.06781142,0.40810561,0.00624754
TX50_RS00805,0.33495514,0.06440222,0.85938647,5.00900312132239e-14
TX50_RS00810,-0.4540396,0.14223571,-0.5744514,0.01852688
TX50_RS00815,0.81423537,2.0135434709469e-05,1.5380461,3.14672420903044e-19
TX50_RS00820,-1.4846023,2.51427543675608e-08,-1.2032295,7.49781745355822e-08
TX50_RS00825,-1.1214108,5.38387843046419e-07,-1.478947,7.26725993832462e-18
TX50_RS00830,-0.6256402,0.01934589,-0.4114071,0.00138873
TX50_RS00835,-1.0739396,4.24158955386945e-05,-1.3943891,7.90541216833252e-19
TX50_RS00840,-0.0094094,0.98016245,0.53425014,8.67562099861488e-05
TX50_RS00845,-0.3279477,0.37411798,-0.216916,0.54926359
TX50_RS00850,-0.2277193,0.40279462,-0.4856154,0.02378607
TX50_RS00855,-0.4017081,0.13009712,-0.2046775,0.1395142
TX50_RS00860,-0.0717726,0.9585218,1.09909432,0.50619345
TX50_RS00865,1.20820761,1.48952714109506e-07,1.2878111,1.59068519719617e-12
TX50_RS00870,-0.0438134,0.8744683,-0.2394627,0.24750885
TX50_RS00875,0.25699578,0.25776868,0.45258653,0.00783358
TX50_RS00880,0.74642759,0.00010338,0.98291591,1.50526592838272e-12
TX50_RS00885,-0.9166062,1.80433493446457e-06,-0.9022203,8.22617193939963e-09
TX50_RS00890,0.05181316,0.87005545,0.1170839,0.65805875
TX50_RS00895,0.12817716,0.61002971,0.31480157,0.02619276
TX50_RS00900,-0.2855622,0.28508397,-0.419272,0.06286133
TX50_RS00905,0.18124086,0.51276941,0.08487138,0.74027408
TX50_RS00910,-0.0263552,0.93685691,-0.5972440999999999,0.02101323
TX50_RS00915,0.49676251,0.0811515,0.27933808,0.17323428
TX50_RS00920,-0.1605607,0.58428839,-0.627954,0.0001253
TX50_RS00925,-1.145087,2.9626816049119e-09,-1.6085536,3.14672420903044e-19
TX50_RS00930,-0.3256206,0.25982234,0.00256928,0.99173574
TX50_RS00935,-0.0887963,0.6879838,-0.1185907,0.49978723
TX50_RS00940,1.13149087,0.00728341,0.31726807,0.37735629
TX50_RS00945,1.74325825,6.11297469109657e-06,1.80263497,2.63181691541818e-21
TX50_RS00950,-0.9800539,0.30367626,-1.566139,0.15928547
TX50_RS00955,-0.2150058,0.36449338,-0.1284124,0.50404799
TX50_RS00960,-0.3540941,0.07709989,-0.4729321,0.00122854
TX50_RS00965,0.20244515,0.41897851,0.41671579,0.01992073
TX50_RS00970,-0.439665,0.0368587,-0.3331692,0.05893943
TX50_RS00975,0.87118801,0.01403493,0.62846217,0.00220489
TX50_RS00980,0.11289522,0.70690528,0.58967967,0.00546177
TX50_RS00985,-1.0155267,0.0002684,-0.7858858,0.00283784
TX50_RS00990,0.1213098,0.6879838,0.60561231,1.28326641112312e-05
TX50_RS00995,0.03006746,0.93169458,-0.0461577,0.88304455
TX50_RS01000,-0.5686648,0.0270168,-0.4020314,0.06904611
TX50_RS01005,0.06214349,0.85598553,0.05245569,0.84762574
TX50_RS01010,-2.3512258,3.60954518435246e-22,-2.5659685,1.37748352038956e-108
TX50_RS01015,-1.8773636,1.16153055407119e-08,-1.9137774,9.46489088669103e-17
TX50_RS01020,-0.2878591,0.42189815,0.16689498,0.62123708
TX50_RS01025,-0.1788614,0.48579854,0.27703976,0.11852928
TX50_RS01030,0.29679272,0.23265069,0.31107565,0.0673468
TX50_RS01035,-0.7384836,4.64823163133165e-05,-0.972052,2.85835811602524e-12
TX50_RS01040,0.09250697,0.64615863,0.14664457,0.36907759
TX50_RS01045,0.34268414,0.0312801,0.36705353,0.00798656
TX50_RS01050,0.75282197,2.24777783604516e-06,0.62610824,1.54501679523922e-07
TX50_RS01055,0.06159474,0.73974518,-0.0613232,0.6652328
TX50_RS01060,-0.0058967,0.97524154,-0.3113076,0.02625325
TX50_RS01065,0.08892813,0.74802587,-0.2050515,0.21278129
TX50_RS01070,-0.9716417,4.21343154758118e-05,-0.899749,9.86900635392055e-09
TX50_RS01075,-0.5392419,0.13342428,-0.2633048,0.06036773
TX50_RS01080,0.01640911,0.94306105,0.02883697,0.84987449
TX50_RS01085,0.64586212,0.00136082,0.68725675,2.6718858912106e-06
TX50_RS01090,-0.1090181,0.60040437,-0.1483754,0.23916665
TX50_RS01095,-1.2012533,0.00233711,-0.6431674,0.01277052
TX50_RS01100,-0.0244658,0.94962318,-0.6922142,8.65212308206354e-08
TX50_RS01105,0.887827,0.02208292,0.23187986,0.06017354
TX50_RS01110,0.46743532,0.10178256,0.2541758,0.14470557
TX50_RS01115,-0.697172,0.15241149,-1.080649,0.04138235
TX50_RS01120,-0.6181704,0.0053171,-0.5070588,0.0011589
TX50_RS01125,-0.934349,0.01066193,-0.3861959,0.09455412
TX50_RS01130,0.15477083,0.68541874,0.47861912,0.09233164
TX50_RS01140,-1.6601202,2.55082224052861e-12,-1.423857,6.23136224486452e-11
TX50_RS01145,-0.1005056,0.68522209,-0.2330213,0.21969994
TX50_RS01150,-2.5066527,5.99895543576986e-44,-2.6345748,2.54967983465953e-90
TX50_RS01155,0.01258836,0.96935399,0.48513155,0.00135271
TX50_RS01160,-1.9066079,5.55416728040623e-11,-1.989269,3.11681361655603e-17
TX50_RS01165,-0.7675456,3.83413607547409e-06,-0.8112996,1.06590757916691e-10
TX50_RS01170,-0.9872817,0.00481374,-1.4652852,4.49640777428277e-24
TX50_RS01175,0.30164703,0.41701972,-0.1755829,0.15110495
TX50_RS01180,0.21625248,0.3687163,-0.1623026,0.32948978
TX50_RS01185,-1.7335416,0.16672959,-0.5060347,0.68287876
TX50_RS01190,1.10393082,1.84352929962689e-05,0.91503575,1.02632980917665e-05
TX50_RS01195,-0.1588716,0.68475402,-0.175535,0.59847736
TX50_RS01200,-0.3289522,0.0988621,-0.0218474,0.91049837
TX50_RS01205,0.3309183,0.21220368,0.71622842,0.00120952
TX50_RS01210,0.32493843,0.26938272,0.29744066,0.15017912
TX50_RS01215,-1.2176034,5.34303004612532e-12,-1.0367515,1.17077672081507e-11
TX50_RS01225,0.19968003,0.74757368,0.42665659,0.24050897
TX50_RS01230,-0.4487727,0.34313093,-0.7716568,0.04403661
TX50_RS01235,-0.7125917,0.00023731,-0.8477958,5.57033154455455e-10
TX50_RS01240,1.9265349,1.61649367014848e-09,1.71605828,1.25195597136126e-19
TX50_RS01245,0.32965707,0.57280463,0.00800352,0.99128327
TX50_RS01250,-0.4184439,0.11487648,-0.6875569,0.00616543
TX50_RS01255,-0.9626726,0.00066524,-1.0793303,2.56036279127147e-08
TX50_RS01260,-0.6059331,0.04729067,-0.3465526,0.01322914
TX50_RS01265,-0.0423779,0.91839817,0.48474196,0.00611807
TX50_RS01270,0.3001825,0.41211187,0.7895782,4.66091575368942e-07
TX50_RS01275,-0.6764781,0.00481374,-0.2919089,0.25626443
TX50_RS01280,0.22745984,0.58564333,-0.1474948,0.68952445
TX50_RS01285,-0.5865058,0.29839179,-2.3559556,0.00115364
TX50_RS01290,-0.2279391,0.58564333,-0.692789,0.08177402
TX50_RS01295,0.01335145,0.96969244,-0.0360706,0.90378641
TX50_RS01300,1.6213206,5.93184373763677e-07,1.56847478,5.06886516922594e-25
TX50_RS01305,-2.1728159,1.35362621974666e-25,-2.4508228,5.19553237288296e-42
TX50_RS01310,-0.6643588,0.01448284,-0.8600877,3.80838080517702e-08
TX50_RS01315,-1.3233815,2.53651791461186e-14,-1.4812514,8.58388089399399e-32
TX50_RS01320,-0.5900456,0.01077503,-0.4075117,0.03498112
TX50_RS01325,0.67537122,0.00025812,0.68863904,2.41764370615648e-06
TX50_RS01330,-1.0203227,0.00537718,-0.4630436,0.00465915
TX50_RS01335,-0.3964591,0.28880733,-0.1154661,0.38171478
TX50_RS01340,-0.8551353,0.03394412,-1.523185,9.48084618089289e-05
TX50_RS01345,-0.2362934,0.3578056,-0.3808573,0.03297358
TX50_RS01350,-0.9452459,0.00125626,-1.2121379,2.98587754444637e-05
TX50_RS01355,0.10052464,0.67525344,0.20781255,0.24002883
TX50_RS01360,-0.3441831,0.31310737,-0.4526239,0.10240569
TX50_RS01365,-0.2492447,0.603805,0.33448311,0.00186525
TX50_RS01370,-0.2845998,0.12789343,-0.5197822,0.00016649
TX50_RS01375,0.60978614,0.01669111,0.46769504,9.71302685277589e-05
TX50_RS01380,-0.4892752,0.00502941,-0.651728,6.31455617077246e-07
TX50_RS01385,-1.4590005,3.2261687820778e-09,-0.7511202,1.44262673283757e-05
TX50_RS01390,-0.1670804,0.51797998,0.81369164,4.08944095213832e-07
TX50_RS01395,-0.4383856,0.04408861,-0.5996514,0.00323551
TX50_RS01400,-0.0296336,0.92855382,-0.1062031,0.68952445
TX50_RS01405,-0.3595088,0.25847553,-0.214043,0.35123369
TX50_RS01410,1.26282298,0.00022655,1.09308577,4.8319782044493e-18
TX50_RS01415,0.22292324,0.55931345,-0.1994726,0.08478126
TX50_RS01420,0.02418133,0.90326748,0.47801684,0.00107686
TX50_RS01425,-0.1263314,0.84505173,0.38189815,0.54989349
TX50_RS01430,1.61294748,7.87477756309876e-13,1.74186068,1.86818316192527e-25
TX50_RS01435,1.22385731,3.36111662409983e-07,1.02157552,1.93338231960031e-08
TX50_RS01440,0.16258038,0.64539199,0.76555738,3.47695183944056e-05
TX50_RS01445,-0.0893926,0.74277583,0.05134855,0.80530737
TX50_RS01450,-1.265816,4.96689142276821e-10,-1.4399992,3.07294392534693e-15
TX50_RS01455,-2.3621358,2.02283057340903e-47,-2.430463,5.61563597520174e-55
TX50_RS01460,0.26562126,0.26180483,-0.1262111,0.40879643
TX50_RS01465,0.9748894,0.00037759,0.79028148,1.6132882684637e-08
TX50_RS01470,-0.0415505,0.90942259,0.11534075,0.67663517
TX50_RS01475,0.46323047,0.02265721,0.48368277,0.00053877
TX50_RS01480,-0.3018636,0.17654102,-0.4480874,0.00775025
TX50_RS01485,-0.6743925,0.07038065,-0.7361485,0.00163615
TX50_RS01490,-0.6106456,0.07698781,-0.7335249,0.01535968
TX50_RS01495,-0.0768701,0.73316963,-0.2594593,0.05401885
TX50_RS01500,-0.2432895,0.22484506,-0.5077699,0.00117837
TX50_RS01505,0.09452354,0.72370371,0.05437448,0.8018702
TX50_RS01510,-0.4367392,0.04073579,-0.574617,3.47695183944056e-05
TX50_RS01515,-0.8335746,9.1309741322632e-05,-0.9629531,1.41105592863677e-09
TX50_RS01520,-0.4492883,0.04545132,-0.0710101,0.65805875
TX50_RS01525,-1.1759442,8.17318162388011e-08,-1.3709881,3.8561990046343e-17
TX50_RS01530,-1.1414407,1.71121928707718e-05,-1.2458523,5.19674828592697e-16
TX50_RS01535,-0.4411866,0.03384699,-0.8314633,2.42746173281087e-11
TX50_RS01540,0.72383744,0.00694651,0.30424402,0.00409967
TX50_RS01545,0.52146888,0.03268173,-0.2744408,0.18942069
TX50_RS01550,0.07236129,0.78719393,-0.7020557,5.03469834777958e-10
TX50_RS01555,0.37647941,0.04875207,0.2750992,0.03229168
TX50_RS01560,0.1874154,0.4380688,0.21818575,0.21352325
TX50_RS01565,-0.6753829,0.01840048,-0.7111063,0.00049398
TX50_RS01570,-1.2296753,1.66923214791835e-06,-1.0960532,7.7047915717487e-12
TX50_RS01575,0.12955964,0.59072283,0.09291648,0.65459956
TX50_RS01580,1.49964343,8.62233793158195e-07,1.67757018,1.541473572176e-28
TX50_RS01585,0.26435356,0.36220338,0.42707046,0.01062904
TX50_RS01590,0.46180852,0.19530929,0.42820925,0.05300437
TX50_RS01595,-0.0130652,0.95497704,-0.2054398,0.16616965
TX50_RS01600,-0.4261254,0.16053181,-0.8081769,0.00165217
TX50_RS01605,-3.3610461,0.04265575,-0.9104685,0.50757371
TX50_RS01610,0.3199724,0.10259754,0.5922306,0.00016785
TX50_RS01615,1.8848619,9.14094223266186e-32,1.91329823,1.73636144932065e-28
TX50_RS01620,0.64449677,1.37723584838455e-05,0.95949493,1.04415896540867e-16
TX50_RS01625,0.33612237,0.22910166,1.10390563,2.68140077073242e-18
TX50_RS01630,0.01834189,0.96851579,-0.5763962,0.06058501
TX50_RS01635,0.28953525,0.41427624,-0.2042365,0.07713406
TX50_RS01640,-2.4881515,1.66178770155762e-39,-2.5464643,7.34904117304538e-50
TX50_RS01645,0.1688575,0.497205,-0.1109703,0.58811142
TX50_RS01650,-0.8520228,0.00020159,-1.206541,2.44732838102096e-14
TX50_RS01655,0.2423412,0.26999415,-0.0823426,0.63440848
TX50_RS01660,0.26443629,0.44290993,-0.5536986,0.0463888
TX50_RS01665,0.55685004,0.09576038,0.44296833,0.01000608
TX50_RS01670,-1.4287902,0.01446795,-0.5552354,0.00080964
TX50_RS01675,-1.5038946,4.42632557943278e-07,-2.0146201,9.71500113622778e-15
TX50_RS01680,-0.4076854,0.23098756,-0.1639083,0.52226331
TX50_RS01685,0.8848215,0.00333897,1.55397494,1.70585753509337e-34
TX50_RS01690,-0.367293,0.25143022,-1.0322848,4.77392142386898e-24
TX50_RS01695,0.90851302,1.97031285954698e-05,0.71999586,1.70115466883722e-10
TX50_RS01700,-0.3329688,0.10228276,-0.4851554,3.82750051320608e-05
TX50_RS01705,0.50721203,0.21698817,1.79611368,4.258127939254e-49
TX50_RS01710,-0.4059528,0.03670749,0.03967024,0.80564371
TX50_RS01715,0.77774052,0.00012632,1.59831538,8.25904630991617e-39
TX50_RS01720,0.88870704,0.02077319,2.16414675,1.45717179234192e-41
TX50_RS01725,-2.2480992,0.16718842,1.60350454,0.00017113
TX50_RS01730,-0.0420834,0.8744683,-0.0380534,0.78447863
TX50_RS01735,1.06721384,3.08345634150387e-06,1.16347528,1.26396188351394e-06
TX50_RS01740,1.87203847,5.34495038478313e-09,1.78663513,5.51740289712717e-15
TX50_RS01745,0.70857756,9.78908849575899e-05,0.70101694,3.14816248295727e-07
TX50_RS01750,1.72884767,3.29301798613177e-06,1.77417568,3.40204746505086e-19
TX50_RS01755,-0.1192545,0.60441243,-0.1225388,0.51680433
TX50_RS01760,0.768084,0.00984133,0.98412218,0.00010198
TX50_RS01765,1.56866911,1.58374687555467e-11,1.07673442,3.14964398717569e-13
TX50_RS01770,-0.214102,0.60816261,0.31872205,0.08933296
TX50_RS01775,2.23040556,1.43321622624059e-08,1.70099003,5.31300983954429e-15
TX50_RS01780,3.814384,1.05814542093006e-19,5.59053324,1.09806437781687e-279
TX50_RS01785,1.458263,1.69533113463065e-20,1.39242372,1.06745750353169e-26
TX50_RS01790,2.31670167,8.09260253318425e-11,2.26519876,8.82798375898714e-49
TX50_RS01795,0.15119138,0.58564333,0.11246451,0.44978808
TX50_RS01800,0.06538647,0.82600468,-0.2620386,0.23788957
TX50_RS01805,0.29901914,0.35207425,-0.1412205,0.54984415
TX50_RS01810,1.04460796,6.66753189942187e-09,1.44695037,5.7368043692714e-16
TX50_RS01815,1.05185841,3.0147772619202e-07,1.09652793,7.47590105645068e-12
TX50_RS01820,0.86406844,0.00018026,0.71640823,0.00144519
TX50_RS01825,-1.523237,0.00025812,-1.0929034,0.00290429
TX50_RS01830,-1.874439,4.56130001948302e-24,-1.7600716,3.01191166052685e-26
TX50_RS01835,-0.6149803,0.00045131,-0.7366241,5.04041983504074e-06
TX50_RS01840,-1.0540249,2.23334531249672e-07,-0.849299,8.39142428972279e-08
TX50_RS01845,4.97288264,7.42944274354489e-41,6.71353622,0.0
TX50_RS01850,0.97952711,0.02736122,1.91589317,6.01706603110197e-07
TX50_RS01855,1.75739602,1.47896212015692e-05,1.29320014,0.00043742
TX50_RS01860,-0.1042372,0.84134597,-2.1230276,0.00016211
TX50_RS01865,-0.1799052,0.56131658,-0.313082,0.23998314
TX50_RS01870,-0.2034921,0.38787371,-0.156763,0.39899231
TX50_RS01875,0.66603631,0.00838083,0.71686099,0.00048124
TX50_RS01880,1.86764354,0.00028265,1.63891025,4.17174624096272e-06
TX50_RS01885,0.6525226,0.06784373,0.8317439,0.01497276
TX50_RS01890,-0.4178949,0.14662874,-0.5227937,0.04935308
TX50_RS01895,2.71917527,5.78588543043419e-27,2.5843721,9.64927228702985e-84
TX50_RS01900,-0.3582855,0.35653677,-0.142854,0.6698112
TX50_RS01905,-0.1508156,0.56550127,-0.4189934,0.05427476
TX50_RS01910,0.69392517,0.10935262,0.51421423,0.13839831
TX50_RS01915,-0.7167951,0.36449338,-0.0694742,0.92686636
TX50_RS01920,-0.6963372,0.27585193,-1.3324193,0.04612844
TX50_RS01925,2.07376648,5.67811038113417e-18,2.99390444,2.90410536195031e-68
TX50_RS01930,0.50041016,0.13510749,1.16410726,7.85277389060764e-05
TX50_RS01935,-1.4470531,2.33846110743606e-05,-2.2866256,1.48496377950674e-24
TX50_RS01940,-0.6498841,0.00730738,-1.1220599,2.24437333126123e-06
TX50_RS01945,0.25291878,0.23390596,0.39130514,0.03914349
TX50_RS01950,-0.383504,0.32333038,0.11936229,0.85279632
TX50_RS01955,-0.513156,0.01643565,0.60212802,0.02313315
TX50_RS01960,-0.443345,0.04208671,0.25579177,0.33073512
TX50_RS01965,1.16062296,0.00081689,1.10703912,9.86908612377516e-05
TX50_RS01970,0.61330078,0.10061204,1.6108981,2.41889968479576e-52
TX50_RS01975,0.1355496,0.68573852,0.89530885,9.9337436271949e-07
TX50_RS01980,0.29830073,0.34564283,0.56542627,0.01808313
TX50_RS01985,0.10960756,0.77396305,0.6555408,0.01808313
TX50_RS01990,1.85843934,2.61839022147924e-06,2.01203182,5.22383344200398e-12
TX50_RS01995,-0.6015612,0.39785516,-0.0219383,0.97002354
TX50_RS02000,0.42311073,0.23625384,0.88282343,0.00255758
TX50_RS02005,0.96364828,0.01191707,1.34375786,3.38588705591747e-05
TX50_RS02010,1.67093791,0.00020144,2.45018131,1.53973976956383e-87
TX50_RS02015,0.15596491,0.85138741,-0.1613403,0.8700919
TX50_RS02020,0.63076351,0.01188786,0.73022731,0.00013306
TX50_RS02025,-1.6427189,1.41524573011059e-06,-1.0791779,4.18310964883803e-05
TX50_RS02030,0.12971856,0.80794727,1.93362851,1.50165811730942e-08
TX50_RS02035,-0.485146,0.14994444,0.13859456,0.67038245
TX50_RS02040,-0.4505094,0.34313093,0.77046875,0.02108109
TX50_RS02045,-0.9820804,0.01519391,0.85265595,3.28150016224485e-10
TX50_RS02050,-0.0609419,0.8026208,-0.0358896,0.84216872
TX50_RS02055,0.66214002,0.03471606,1.36258597,5.79231574969642e-21
TX50_RS02060,-0.4204414,0.29469426,0.21965012,0.52004356
TX50_RS02070,0.38894736,0.39763212,-0.4278066,0.31401097
TX50_RS02075,0.8793517,0.00460225,0.26487102,0.14424034
TX50_RS02080,-0.693204,0.06442959,-0.5382339,0.1943645
TX50_RS02085,-0.4207638,0.13471962,0.00445496,0.98824292
TX50_RS02090,-0.206338,0.46786421,-0.236552,0.28801896
TX50_RS02095,-0.6557913,0.02444398,-0.5186646,0.08630913
TX50_RS02100,-0.7425012,0.01830542,-0.9581264,8.49900992507012e-05
TX50_RS02105,-0.161437,0.50429923,0.05702211,0.72110762
TX50_RS02110,-0.1922053,0.48313853,-0.4172317,0.10105386
TX50_RS02115,0.25666525,0.51986012,0.63352884,0.12384202
TX50_RS02120,0.01840499,0.9585218,0.25577804,0.39307049
TX50_RS02125,1.01933728,3.43402178819568e-08,1.62524283,6.44744713975837e-51
TX50_RS02130,-0.3662814,0.10635321,-0.5013614,0.02806763
TX50_RS02135,0.6412241,0.01892191,0.35679877,0.03834953
TX50_RS02140,-0.2447309,0.39200684,-0.2574195,0.31377208
TX50_RS02145,0.02532644,0.95295905,-0.0334739,0.91653856
TX50_RS02150,1.80839425,1.02962108340568e-13,1.41177104,6.66333921407694e-07
TX50_RS02155,-0.679303,0.2232604,0.34355496,0.45637162
TX50_RS02160,0.40331432,0.08610078,0.57654142,0.00099254
TX50_RS02165,-0.1123159,0.70886911,-0.7612108,6.13394114704672e-07
TX50_RS02170,-1.9195922,8.29840388290942e-08,-2.7191192,1.35952936002008e-21
TX50_RS02175,0.20759811,0.60735354,0.64409411,0.08202778
TX50_RS02180,1.09023673,6.11102689944146e-08,1.16742875,1.22484085451657e-15
TX50_RS02185,-1.3997876,6.17266079688317e-07,-1.0926701,1.39520932830839e-08
TX50_RS02190,0.29964954,0.45588497,1.21702785,1.98335309777523e-21
TX50_RS02195,-0.6404679,0.00109608,-0.7275696,2.73469424221889e-05
TX50_RS02200,-0.4492865,0.02694125,-0.6600511,2.08751887565936e-05
TX50_RS02205,-0.3490203,0.06225147,-0.3882624,0.00189791
TX50_RS02210,-0.3260731,0.11751313,-0.4419176,0.05197743
TX50_RS02215,-0.9551663,0.00649933,-0.6196152,0.03927108
TX50_RS02220,-0.5241749,0.05081438,-0.529709,0.01048845
TX50_RS02225,-0.5334832,0.02515807,-0.6878624,0.00047906
TX50_RS02230,-0.9947429,1.01174423730813e-05,-0.9951624,2.92336581169576e-06
TX50_RS02235,-0.1516301,0.70819562,-0.2405787,0.13839831
TX50_RS02240,-0.0317246,0.94154502,0.73833137,1.41716229795485e-06
TX50_RS02245,0.45132684,0.0480378,0.08164596,0.6063129
TX50_RS02250,0.40603498,0.04272907,0.43207449,0.00701816
TX50_RS02255,-0.5985906,0.01024114,-0.4377648,0.05201375
TX50_RS02260,-1.1558956,3.28187708954834e-08,-1.1395558,7.96424937562026e-17
TX50_RS02265,0.39000322,0.06803576,0.51668726,0.00099825
TX50_RS02270,0.34276604,0.26744043,0.64250539,0.00754349
TX50_RS02275,1.74279373,3.4513545696409e-18,1.46738065,4.04993933917835e-25
TX50_RS02280,-0.3544826,0.30614896,-0.4500311,0.11082355
TX50_RS02285,-1.459365,0.01602346,-1.1001024,0.02731953
TX50_RS02290,-1.4685552,2.5589481104189e-08,-1.4834432,6.59775857356264e-11
TX50_RS02300,-0.2588276,0.45995478,-0.1508217,0.45646173
TX50_RS02305,-0.4050361,0.05054841,-0.2043021,0.2550091
TX50_RS02310,0.16753187,0.4928845,-0.4470209,0.00175323
TX50_RS02315,1.08491015,0.00022661,1.06169411,5.23414433433228e-13
TX50_RS02320,0.97770955,0.00035738,0.95341926,1.41788647653225e-09
TX50_RS02325,-0.1307021,0.75234457,0.42702328,0.16580243
TX50_RS02330,-0.4726996,0.25847553,-1.053994,0.00161003
TX50_RS02335,0.51284819,0.01449519,1.10399732,1.96123875787755e-12
TX50_RS02340,-0.6642774,0.00027093,-0.929018,4.5372029727908e-10
TX50_RS02345,-0.1431321,0.41987461,-0.374233,0.00107715
TX50_RS02350,-0.6086603,0.00081689,-0.8881083,3.00680020124749e-16
TX50_RS02355,-1.2633234,0.00116017,-1.4047849,7.26891469063786e-05
TX50_RS02360,-0.1096262,0.75084885,-0.3356022,0.22607516
TX50_RS02365,-0.3687069,0.20022421,-0.2643876,0.19927712
TX50_RS02370,-0.6326322,0.01996296,-0.9494,0.00012366
TX50_RS02375,0.71522181,0.00111156,1.16306504,1.31488281203921e-14
TX50_RS02380,0.32359525,0.17808696,0.55437996,0.01416884
TX50_RS02385,0.47216522,0.0735741,1.12897847,2.30696647352149e-15
TX50_RS02390,0.06423255,0.83328196,-0.4753448,0.00018632
TX50_RS02395,-0.2921992,0.43115898,-0.2563969,0.0314251
TX50_RS02400,-0.2353962,0.5663728,-0.1861388,0.13649788
TX50_RS02405,-1.1625811,0.0108199,-0.9943219,1.46811378596882e-07
TX50_RS02410,-1.2447747,0.02878926,-0.2853658,0.06520993
TX50_RS02415,0.38556483,0.09666844,0.53422861,0.00206899
TX50_RS02420,-0.1244365,0.55961456,-0.0473121,0.77086402
TX50_RS02425,-1.2590507,4.11062592346464e-13,-1.2817136,1.55474762309094e-12
TX50_RS02430,-0.4382326,0.01035835,-0.361008,0.00027185
TX50_RS02435,0.79410217,0.00327282,0.41301702,0.03044342
TX50_RS02440,0.94650331,1.09556250544109e-05,0.57231594,2.19116547944392e-05
TX50_RS02445,0.35798203,0.08127207,-0.1705786,0.32466596
TX50_RS02450,-0.5876694,0.00672741,-0.7426042,0.00013645
TX50_RS02455,-0.9938511,3.46317548388481e-05,-1.1833159,9.79732661066247e-09
TX50_RS02460,0.39025423,0.12798185,0.21260203,0.16268312
TX50_RS02465,-0.1537049,0.63542869,-0.156953,0.51575954
TX50_RS02470,0.09891812,0.69735072,0.23606081,0.18256399
TX50_RS02475,-0.0336341,0.9155874,-0.4708548,0.00097372
TX50_RS02480,0.42476656,0.0074675,0.123309,0.34550585
TX50_RS02485,0.94920237,0.00065577,0.90640714,7.96005857243804e-14
TX50_RS02490,-0.5567845,0.15287679,-0.9322817,0.00517305
TX50_RS02495,-0.2562898,0.21042887,-0.9749631,2.30068384402934e-10
TX50_RS02500,0.96306751,4.93704105039917e-06,1.00125636,8.77465511037822e-18
TX50_RS02505,0.33386047,0.12309801,0.33677153,0.0313126
TX50_RS02510,0.45615793,0.19195763,-0.3863126,0.03834953
TX50_RS02515,1.83882582,1.1774115854715e-06,1.23712994,3.88315001701023e-13
TX50_RS02520,1.6537019,1.2152638200486e-05,1.2006263,2.58865514404421e-20
TX50_RS02525,0.27273044,0.25004765,0.56559869,8.57833438135372e-05
TX50_RS02530,0.67896943,0.12736712,-0.3876183,0.40430032
TX50_RS02535,-0.1650507,0.54331829,-0.0692257,0.68287876
TX50_RS02540,-0.7155885,9.1309741322632e-05,-1.2204374,2.54752720261361e-16
TX50_RS02545,0.00961504,0.9764331,-0.6268555,0.00223376
TX50_RS02550,0.35853849,0.10007716,-0.1164692,0.39644192
TX50_RS02555,0.52617308,0.00269127,0.20653821,0.15678092
TX50_RS02560,0.92107549,3.33421031596435e-05,0.96895377,7.9450113375908e-12
TX50_RS02565,0.20913203,0.46189258,0.23988106,0.19020812
TX50_RS02570,0.62734324,0.00021578,0.80880911,8.82321257278821e-15
TX50_RS02575,0.23523328,0.44678356,-0.2982045,0.04136511
TX50_RS02580,0.59036346,0.00073889,0.63637803,2.03062383635327e-06
TX50_RS02585,-0.5824056,0.07741742,-0.551267,0.00956101
TX50_RS02590,1.82903824,1.78332669108161e-16,1.94372354,1.31516910367114e-15
TX50_RS02595,0.48402264,0.08992844,0.57902175,0.00816826
TX50_RS02600,-1.2651895,2.70112546206863e-07,-1.3296975,2.24223160292134e-39
TX50_RS02605,-1.3754921,6.92616939085835e-07,-1.1783288,7.20478710689794e-22
TX50_RS02610,0.37873131,0.15181541,0.01401858,0.94990294
TX50_RS02615,1.3017373,2.88024076147822e-08,1.3391971,1.44747743310649e-19
TX50_RS02620,0.46786244,0.05177897,-0.0700635,0.74027408
TX50_RS02625,0.07725608,0.78030402,0.2235079,0.34252721
TX50_RS02630,-0.560943,0.04484033,-0.9651783,0.00021184
TX50_RS02635,-0.5803802,0.004984,-0.3707374,0.00785695
TX50_RS02640,-0.6219274,0.01643993,-0.2851917,0.08117766
TX50_RS02645,2.0494246,1.64121624324562e-21,2.53405138,5.8459838704818e-56
TX50_RS02650,1.85648459,6.19308805328508e-12,2.12627093,1.96229406795727e-33
TX50_RS02655,-0.0979028,0.66089796,-0.1920564,0.15180754
TX50_RS02660,0.64954856,0.00847063,0.00959,0.95451549
TX50_RS02665,0.222984,0.37536209,0.10938827,0.4535022
TX50_RS02670,-0.4648269,0.17176824,0.27204338,0.04916413
TX50_RS02675,-0.4728028,0.01519391,-0.2664965,0.11746023
TX50_RS02680,-0.0081958,0.97925295,-0.2598686,0.23531674
TX50_RS02685,0.3487294,0.08610078,0.30175494,0.10287706
TX50_RS02690,0.97833002,2.79191943523069e-06,0.84129405,1.03176767095987e-11
TX50_RS02695,0.92583702,9.30648314681556e-05,1.36073245,4.01864984318988e-09
TX50_RS02700,-0.0165341,0.94750651,0.15599597,0.33769403
TX50_RS02705,-0.19723,0.4605277,-0.3558076,0.09123027
TX50_RS02710,-0.9695638,0.01523082,-1.6400931,5.49552569777086e-05
TX50_RS02715,-0.9743283,0.00041412,-0.7391417,2.24771779519892e-05
TX50_RS02720,-0.6768036,0.00195105,-0.6897814,2.26197920973314e-07
TX50_RS02725,1.40335803,5.24111067405989e-15,1.50354803,1.27059746222566e-21
TX50_RS02730,-0.7886548,1.29014436727229e-05,-1.465296,1.14395628031341e-30
TX50_RS02735,-0.1924745,0.59072283,-0.1024059,0.71880028
TX50_RS02740,1.3224345,1.35496367897138e-15,1.48292707,1.26419688480944e-39
TX50_RS02745,0.74522957,2.76197177893115e-05,0.81314585,8.03692991340232e-10
TX50_RS02750,0.19221941,0.60573001,0.22723535,0.46895984
TX50_RS02755,-0.4558539,0.05236122,-0.6558806,0.00016587
TX50_RS02760,-0.2764425,0.1949045,-0.6348308,0.00013731
TX50_RS02765,0.74434764,0.00019843,0.64225372,0.00313066
TX50_RS02770,-0.1203907,0.62443435,-0.5331623,0.00240539
TX50_RS02775,0.26059255,0.84144364,-1.4034403,0.32251842
TX50_RS02780,-0.1848082,0.44883079,0.06184596,0.70225995
TX50_RS02785,-0.5448976,0.13658337,-0.2557023,0.05079959
TX50_RS02790,-1.5389509,0.00388599,-0.5186312,0.00343939
TX50_RS02795,-0.5881516,0.00388599,-0.8646689,1.62236126769804e-09
TX50_RS02800,-0.1094685,0.6155636,-0.2443053,0.08478126
TX50_RS02805,-0.9039039,0.00125626,-1.158671,2.19811363850212e-06
TX50_RS02810,-0.0945579,0.79522127,0.40945727,0.05495216
TX50_RS02815,0.42162305,0.01018704,0.40639924,0.0007417
TX50_RS02820,0.10404885,0.76902383,0.53426226,4.66106780178031e-06
TX50_RS02825,-1.0624887,0.05618851,-1.3707033,0.02059454
TX50_RS02830,-0.6247434,0.02611895,-0.9168658,0.00026432
TX50_RS02835,-0.7326483,0.00036479,-0.9885752,5.74197026538354e-13
TX50_RS02840,0.41434457,0.03670749,-0.0927625,0.59371553
TX50_RS02845,0.49229183,0.01658909,0.29950877,0.04926565
TX50_RS02850,-0.0931235,0.68592536,-0.2430251,0.02576584
TX50_RS02855,-0.4832349,0.05766194,0.000818,0.99653271
TX50_RS02860,-0.0546682,0.83328196,0.08802954,0.58595327
TX50_RS02865,-0.4073872,0.05533917,-0.4686955,0.00459903
TX50_RS02870,-0.0916885,0.64753735,-0.2962158,0.00538345
TX50_RS02875,-0.3194961,0.13840325,-0.2205966,0.22810916
TX50_RS02880,-0.4986061,0.07318369,-0.8503518,2.35009087003904e-05
TX50_RS02885,-1.0963032,4.25085954073225e-06,-0.8211102,2.34571664920041e-05
TX50_RS02890,2.80690071,2.85371413307287e-20,2.58109076,5.67427232409133e-50
TX50_RS02895,1.44579834,2.10419095553451e-08,1.23644342,6.09775189664656e-20
TX50_RS02900,-0.033383,0.8740152,-0.1551571,0.33461467
TX50_RS02905,0.31935684,0.15633753,0.3807881,0.00928827
TX50_RS02910,1.18550925,6.09822587851471e-06,1.18089142,5.80455769315801e-12
TX50_RS02915,1.26861761,6.37910694925214e-05,1.70153538,1.37409818768036e-13
TX50_RS02920,1.78204909,4.56769730793393e-23,2.58519226,2.65449576894603e-79
TX50_RS02925,-0.6676263,0.02584093,-0.9975559,1.06572958433138e-12
TX50_RS02930,-0.1822908,0.42213803,-0.112763,0.55143331
TX50_RS02935,-1.6127053,1.24785409050802e-12,-1.5985319,1.38497948305336e-30
TX50_RS02940,-2.2980361,5.93594682541615e-30,-2.1896947,1.12250812342666e-59
TX50_RS02945,-2.5080557,5.0579333554965e-34,-2.5124137,7.53981294665985e-74
TX50_RS02950,-2.4204296,1.0008439055379e-32,-2.6572547,9.32540509805907e-70
TX50_RS02955,-1.9034688,2.224801194959e-23,-2.1691951,7.35944817932206e-47
TX50_RS02960,-0.6215374,0.00359242,-0.1701877,0.38147294
TX50_RS02965,-0.9329989,1.95114849915089e-05,-1.3182693,5.3913360051685e-11
TX50_RS02970,0.71851614,0.02085708,0.97438837,0.00012507
TX50_RS02975,1.56415653,6.95640986594203e-07,1.57142979,1.92779102836604e-31
TX50_RS02980,1.58574784,7.71261601599502e-16,1.70833934,1.09690105269468e-25
TX50_RS02985,0.22478244,0.40703981,0.38992032,0.04874607
TX50_RS02990,0.45826734,0.01463976,0.27382724,0.04412746
TX50_RS02995,-1.4810862,2.30569690408848e-18,-1.8558313,2.17393369246462e-44
TX50_RS03000,-0.531921,0.02246265,-0.4601773,0.01671036
TX50_RS03005,-0.9314986,0.0422887,-1.179478,0.00509974
TX50_RS03010,0.34060099,0.25136112,0.38448907,0.20464226
TX50_RS03015,-1.2618923,3.20665257157936e-11,-1.3385199,5.26225344610881e-22
TX50_RS03020,-0.3334489,0.20983417,0.26486205,0.16465444
TX50_RS03025,0.03595232,0.87751112,-0.2235,0.12480794
TX50_RS03030,0.55481249,0.01757904,0.46102717,0.00471192
TX50_RS03035,0.36233321,0.14955607,0.48382537,0.00801691
TX50_RS03040,0.07258991,0.7727451,0.49891057,0.00457908
TX50_RS03045,0.08755325,0.77297178,-0.0410862,0.89413492
TX50_RS03050,-0.6412249,0.06488339,-0.074687,0.8183977
TX50_RS03055,-0.0691103,0.76951449,-0.0732348,0.66384332
TX50_RS03065,0.63928579,0.0310231,0.79071486,0.00794938
TX50_RS03070,0.21382917,0.42876754,-0.0932964,0.72647849
TX50_RS03075,0.53193965,0.06452381,0.39127964,0.09667387
TX50_RS03080,-0.4135945,0.09332179,-0.0327669,0.87793494
TX50_RS03085,0.55124286,0.01417767,0.86084745,6.8480707866151e-07
TX50_RS03090,0.11519776,0.65632571,0.17146821,0.42185602
TX50_RS03095,0.46774785,0.1096728,0.34337324,0.00083828
TX50_RS03100,0.99799543,0.00032937,0.59745022,1.58235117631577e-09
TX50_RS03105,0.76282759,0.00835894,0.28057447,0.07626021
TX50_RS03110,1.86125004,3.43839368012636e-07,1.34039565,6.09234421616927e-17
TX50_RS03115,-0.1529214,0.44942498,-0.359376,0.00647019
TX50_RS03120,-0.0708743,0.76371317,0.00486153,0.98114985
TX50_RS03125,1.79999796,1.28357428781037e-13,2.43102924,6.67128197663301e-24
TX50_RS03130,0.70628687,0.23920788,0.52927324,0.17192816
TX50_RS03135,0.51602559,0.18238409,0.23120167,0.58409143
TX50_RS03140,0.41107914,0.04707969,0.38064082,0.0162956
TX50_RS03145,0.77441525,6.07019413487975e-05,1.05246502,7.00933316663794e-12
TX50_RS03150,0.27935456,0.52617204,0.34685697,0.34114776
TX50_RS03155,-1.6726,4.66172217805106e-10,-1.9448354,2.41930535497209e-18
TX50_RS03160,-1.1839163,1.5525066435726e-10,-1.3983296,1.52262981419044e-37
TX50_RS03165,-0.475502,0.02309642,-0.5450978,9.86413213893389e-06
TX50_RS03170,0.00542756,0.98016245,-0.2004803,0.1467836
TX50_RS03175,-0.0825745,0.75084885,0.08955244,0.65627723
TX50_RS03180,-0.4464512,0.01630294,-0.6953843,3.34812489126564e-07
TX50_RS03185,-0.0154485,0.94750651,-0.3946202,0.00816474
TX50_RS03190,0.89122472,0.00042464,0.72003649,9.90723151187811e-06
TX50_RS03195,1.02738682,1.4222444801386e-11,0.96234402,2.57709234031536e-15
TX50_RS03200,0.98193491,6.8971393080273e-08,0.82623146,1.46043552670363e-09
TX50_RS03205,0.93858396,0.00023885,0.68474808,8.94193524675299e-07
TX50_RS03210,0.30395506,0.32320398,-0.0532443,0.74027408
TX50_RS03215,0.49983068,0.02086193,0.5850047,1.28878835693078e-05
TX50_RS03220,0.93435687,0.0004455,1.11342685,4.49300385520108e-20
TX50_RS03225,0.56561353,0.0275866,0.91377775,1.08017086936443e-06
TX50_RS03230,-0.8172218,0.0005163,-0.6926986,0.00105045
TX50_RS03235,0.62781163,0.00633949,0.53626025,1.49201110892479e-05
TX50_RS03240,0.31200121,0.11176898,0.19553014,0.14382278
TX50_RS03245,-0.0363363,0.89864935,0.01317363,0.95451549
TX50_RS03250,-0.1311261,0.68533378,0.24005716,0.08710686
TX50_RS03255,0.0883275,0.77623884,0.09695803,0.69634256
TX50_RS03260,-0.6106204,0.00125626,-0.9460803,5.5896234438911e-10
TX50_RS03265,0.77491464,0.00025886,0.60476055,2.06729850102185e-07
TX50_RS03270,-0.5169797,0.00144979,-0.9569692,2.19069594548758e-12
TX50_RS03275,-0.7549557,0.00129759,-0.982407,8.11887078601534e-08
TX50_RS03280,-0.5069837,0.14808727,-0.5925816,0.09386628
TX50_RS03285,-2.2335677,6.76471182309992e-43,-2.2476579,3.35171266780298e-47
TX50_RS03290,-0.1583695,0.55305096,-0.2547899,0.12525756
TX50_RS03295,-0.5944437,0.0296001,-0.4336412,0.05952095
TX50_RS03300,-0.6082105,0.00065133,-1.0140268,5.16357176830265e-13
TX50_RS03305,0.10268896,0.57235567,-0.0690914,0.60235792
TX50_RS03310,-0.3491869,0.1593216,-0.1494622,0.48667754
TX50_RS03320,-2.5874983,0.02472679,-2.2299885,0.03475735
TX50_RS03325,0.32930358,0.29383458,0.12512363,0.70225995
TX50_RS03330,1.68238586,3.46331747142841e-05,1.01999515,1.41875578564274e-08
TX50_RS03335,-0.0057284,0.98181584,0.10829538,0.52879357
TX50_RS03340,0.56323318,0.24041697,1.31854857,0.00013731
TX50_RS03345,0.39721001,0.23959224,0.67116708,0.02360261
TX50_RS03350,0.80503651,3.63736922318899e-05,0.68568013,2.62749994644478e-05
TX50_RS03355,-0.4597201,0.15241149,-0.6764936,0.00125091
TX50_RS03360,-0.1600044,0.5900013,-0.5048365,0.00161038
TX50_RS03365,0.71095608,0.00309046,0.6232605,0.00701816
TX50_RS03370,1.14111154,9.18909640314685e-09,1.65549167,3.6208475568479e-30
TX50_RS03375,1.27049171,1.43183559382172e-07,1.30513347,2.50138128704557e-07
TX50_RS03380,0.1527596,0.44504286,0.48747527,0.00244664
TX50_RS03385,0.74200317,0.00029738,1.27368659,3.10996706892082e-20
TX50_RS03390,0.48049796,0.01310611,0.34885006,0.03694776
TX50_RS03395,0.83642271,0.00029873,0.95022524,2.35853184611799e-12
TX50_RS03400,0.67822002,2.8290433569442e-05,0.5795033,2.6920306547923e-06
TX50_RS03405,1.19997219,9.52219184605075e-08,0.95596844,1.47762557879015e-08
TX50_RS03410,0.1451778,0.54331829,-0.5133621,0.00065617
TX50_RS03415,0.88139428,4.69563849132016e-05,0.64271752,1.83761827430929e-06
TX50_RS03420,-0.4536935,0.05437546,-0.4240672,0.03402733
TX50_RS03425,-0.0942043,0.72425454,-0.0232197,0.89128859
TX50_RS03430,1.34587785,0.00048585,1.36553555,5.21431467907118e-08
TX50_RS03435,-0.50105,0.00454752,-0.4946046,0.00061672
TX50_RS03440,1.30627535,3.38510133604706e-10,1.37270156,3.01812347927388e-27
TX50_RS03445,0.184719,0.5900013,-0.1070685,0.7250193
TX50_RS03450,0.83562141,0.00064754,1.41217909,1.89936086843317e-13
TX50_RS03455,0.0836484,0.85665482,0.99569651,1.20545499970578e-05
TX50_RS03460,-0.4143871,0.29765591,-0.5131935,0.14669194
TX50_RS03465,-1.3590372,1.02747667348702e-05,-1.4485268,2.27430315322777e-07
TX50_RS03470,-1.8019108,0.00087789,-2.2846135,6.29290352785428e-05
TX50_RS03475,-1.3939922,1.36963868659617e-05,-2.1822782,7.22310342953059e-10
TX50_RS03480,-3.0239919,6.93662950180079e-37,-3.0483752,8.72300817528012e-35
TX50_RS03485,0.40945018,0.18568534,-0.038423,0.89763565
TX50_RS03490,0.60250821,0.10563672,0.87817754,0.00038338
TX50_RS03495,-0.6813878,0.05686903,-0.170555,0.5052787
TX50_RS03500,0.79348784,0.07607809,1.39753143,6.76109632928346e-07
TX50_RS03505,1.80149009,1.95663669471588e-05,1.08463666,6.26002394607445e-13
TX50_RS03510,1.34016846,3.52295164373148e-06,1.121346,1.00467406436005e-08
TX50_RS03515,1.94643359,7.71261601599502e-16,1.94368191,1.16391085449211e-19
TX50_RS03520,-0.1320856,0.74757368,0.43790279,0.00593548
TX50_RS03525,0.43508945,0.20664101,0.57887975,0.08150747
TX50_RS03530,-0.3790781,0.0567567,-0.3358216,0.05372649
TX50_RS03535,-0.2473639,0.24939615,-0.2794217,0.10181101
TX50_RS03540,-0.5376278,0.02146424,-0.5811165,0.00248533
TX50_RS03545,-0.4330317,0.22892821,0.5872934,0.05892295
TX50_RS03550,0.19056411,0.65498132,0.76257564,0.01688574
TX50_RS03555,-0.6499137,0.06508085,-0.5344509,0.10769733
TX50_RS03560,-0.20747,0.51562888,-0.4384026,0.15603974
TX50_RS03565,0.43550803,0.06207645,0.70010007,7.36497498905103e-05
TX50_RS03570,-0.2623478,0.41080319,-0.6239839,0.01124535
TX50_RS03575,-0.4445779,0.17109489,-0.3541628,0.18997109
TX50_RS03580,-0.3410597,0.29139897,-0.7853087,3.70308558431559e-06
TX50_RS03585,0.59391955,0.00972949,0.75043873,9.25721110668588e-09
TX50_RS03590,-0.688987,0.15393681,0.00402333,0.99173574
TX50_RS03595,1.04144127,9.66569873267622e-12,1.06587266,1.21684234460306e-18
TX50_RS03600,0.32721073,0.09192021,0.34427063,0.01471576
TX50_RS03605,0.35882894,0.12575783,0.81506278,3.76871817126918e-10
TX50_RS03610,-1.0978621,0.00023123,-1.5986134,2.26422178050599e-14
TX50_RS03615,-1.3306663,3.1960180653666e-08,-1.458107,1.63087328479704e-19
TX50_RS03620,0.28333682,0.27658043,0.66386014,0.00040046
TX50_RS03625,-0.8891511,5.52672584286334e-05,-1.0719659,4.61178179993004e-11
TX50_RS03630,0.43863875,0.02261688,0.84872407,8.77093188001483e-09
TX50_RS03635,1.23146151,0.00019843,2.39913833,1.74475588305268e-49
TX50_RS03645,1.63093046,1.72029177199022e-10,1.9790186,1.8060875364577e-22
TX50_RS03650,0.54703212,0.26999415,1.00048061,0.00061569
TX50_RS03655,1.04359338,1.5149715540541e-05,1.0545669,1.71397047993401e-08
TX50_RS03660,1.47426059,9.52219184605075e-08,1.46248411,1.49987705749485e-11
TX50_RS03665,5.14763552,2.32532919707311e-43,5.33656987,3.55840533044834e-28
TX50_RS03675,-2.322186,6.48360381621757e-12,-2.1163026,6.99730982041618e-10
TX50_RS03680,0.87421711,0.00533038,0.84351188,2.27512106982836e-11
TX50_RS03685,1.3048633,0.00041412,1.629709,2.14540700931016e-09
TX50_RS03690,0.29311931,0.8090253,-0.3745807,0.74923856
TX50_RS03695,0.22652069,0.74919536,-1.6722702,0.05366565
TX50_RS03700,-0.0764684,0.83086794,0.11120873,0.70782405
TX50_RS03705,0.04705888,0.91123543,0.07184379,0.79227812
TX50_RS03710,-0.249166,0.39836371,-0.2442041,0.42676098
TX50_RS03715,-1.1664312,0.00017154,-1.206939,1.09189807436599e-05
TX50_RS03720,-0.4242194,0.17416071,-0.7575669,0.00189791
TX50_RS03725,-1.4508402,2.1120962599183e-08,-1.8719036,3.28385211305971e-12
TX50_RS03730,-1.1991366,0.00044515,-1.7879639,3.44690643194481e-09
TX50_RS03735,1.51401243,4.75954710058936e-07,0.94774539,0.00086899
TX50_RS03745,0.05932065,0.82973046,-0.1437673,0.45497723
TX50_RS03750,1.98691733,4.67346125734405e-19,2.34388708,2.46282290529858e-45
TX50_RS03755,-1.3353712,7.78220500434927e-07,-1.2105385,6.34865823632369e-07
TX50_RS03760,-0.0175775,0.95713796,0.25907492,0.22732999
TX50_RS03765,0.74890709,0.03183686,0.88857184,0.00065617
TX50_RS03770,-0.0267298,0.93686381,-0.0092795,0.97128062
TX50_RS03775,-0.1433379,0.75589941,0.46972223,0.19643707
TX50_RS03780,-0.1881817,0.37009528,0.01817105,0.90644923
TX50_RS03785,-0.5148077,0.01817324,0.26627075,0.03154647
TX50_RS03790,0.17082629,0.33843237,-0.4132497,0.06714283
TX50_RS03795,0.17997042,0.67525344,-0.5693611,0.07044114
TX50_RS03800,0.05730483,0.79894126,0.18782535,0.19429584
TX50_RS03805,1.36583385,7.99532445015158e-09,1.71862286,6.63647588408548e-31
TX50_RS03810,0.17595735,0.56519169,0.83164709,2.78769459349196e-05
TX50_RS03815,-0.7378415,0.15224296,0.04645634,0.90159286
TX50_RS03820,1.57891575,0.44504286,1.33892104,0.68858514
TX50_RS03825,0.65703857,0.02091657,1.17302386,1.40739391574716e-11
TX50_RS03830,-0.7714265,0.23265069,0.78555527,0.10753563
TX50_RS03835,-0.4845483,0.79937964,-1.4123619,0.48974487
TX50_RS03840,0.21526728,0.67222316,-0.1487891,0.73688585
TX50_RS03845,0.97756951,0.06016052,2.38209392,2.33147111655179e-10
TX50_RS03850,1.31035994,0.48865421,0.81417418,0.58406259
TX50_RS03855,-0.6972579,0.00466586,-1.0094187,3.05684698011593e-07
TX50_RS03860,0.82327781,0.00677182,0.7722273,8.72858731593552e-05
TX50_RS03865,0.53086194,0.01021006,0.71563927,4.18076991746324e-06
TX50_RS03870,-0.6825815,0.00344626,-0.5878476,0.00471217
TX50_RS03875,0.59382071,0.00217842,1.12117118,4.70707482833912e-16
TX50_RS03880,1.53774935,2.09789446598134e-09,2.54492665,6.2053395965607e-73
TX50_RS03885,0.00188582,0.99665367,0.343519,0.23389083
TX50_RS03890,-0.5860749,0.00249055,-0.7483941,8.4964812061103e-06
TX50_RS03895,-1.1690332,0.0004319,-1.0177748,0.00149518
TX50_RS03900,-0.4420636,0.15461675,-0.6940823,0.0040036
TX50_RS03905,0.11904387,0.76423867,-1.2520015,4.30205418051415e-07
TX50_RS03910,1.81211491,0.00011049,2.20347073,3.16336757542353e-20
TX50_RS03915,-0.0822924,0.8090253,0.20951965,0.38241633
TX50_RS03920,1.46753386,3.89478066925625e-08,1.65707338,5.13414127480292e-16
TX50_RS03925,0.67546399,0.14793156,0.39982219,0.29768443
TX50_RS03935,0.46493421,0.10901137,0.58665097,0.01381908
TX50_RS03940,0.34761237,0.69976524,0.28339819,0.71216036
TX50_RS03945,0.86174144,4.81561054668222e-05,1.14908332,3.23646931653623e-07
TX50_RS03950,0.9207896,0.00180461,1.30814521,4.39493697153447e-07
TX50_RS03955,0.67082731,0.0405317,-0.028218,0.94165838
TX50_RS03965,-0.6673366,0.05277264,-0.769004,0.00364833
TX50_RS03970,-0.1978493,0.58728931,-0.6218673,0.00054581
TX50_RS03975,-0.2240546,0.43712147,-0.6704319,1.52703074037474e-07
TX50_RS03980,-0.7488917,0.00289392,-0.713159,3.26942237146693e-08
TX50_RS03985,-0.8795239,1.29014436727229e-05,-0.8488248,2.55489492368384e-13
TX50_RS03990,-0.1155674,0.74695617,-0.1105816,0.69301839
TX50_RS03995,0.58594024,0.01522258,0.62978505,3.83180511177777e-05
TX50_RS04000,0.79645321,4.48384262145872e-06,0.912496,1.38749833252026e-09
TX50_RS04005,-0.4161167,0.05390368,-0.1799033,0.2766983
TX50_RS04010,-0.7533655,0.00276473,-0.6115941,0.00037761
TX50_RS04015,-1.0945601,4.20807344669912e-10,-1.3370482,5.33296014343638e-19
TX50_RS04020,-0.167722,0.43934488,-0.1407357,0.40718675
TX50_RS04025,-0.6605993,8.05526013118034e-05,-0.7668135,1.59678978056628e-08
TX50_RS04030,0.26897241,0.14337968,0.3957161,0.00321188
TX50_RS04035,-0.3880812,0.06868122,-0.5271752,0.00341596
TX50_RS04040,-0.6823209,0.00304424,-0.6812954,0.00026815
TX50_RS04045,0.08124042,0.76951449,-0.151601,0.54293231
TX50_RS04050,-0.5231808,0.09059432,-0.5104441,0.03894906
TX50_RS04055,-0.3642617,0.09940699,-0.0760206,0.583224
TX50_RS04060,0.14118212,0.47603832,-0.2807366,0.06440272
TX50_RS04065,0.31966286,0.1104442,0.25331922,0.08085698
TX50_RS04070,-0.1052741,0.74641938,-0.1342924,0.61461284
TX50_RS04075,-0.025096,0.90223041,-0.1278922,0.30107721
TX50_RS04080,0.27751641,0.32320398,-0.1000764,0.7051016
TX50_RS04085,0.30705004,0.40462613,0.18696669,0.61931919
TX50_RS04090,-0.3495426,0.11926786,-0.7639642,4.78575708173155e-11
TX50_RS04095,-0.1927519,0.44172218,-0.1936388,0.15670903
TX50_RS04100,0.18818671,0.59072283,-0.3920599,0.02279195
TX50_RS04105,-0.8731285,1.27902879541826e-05,-1.402134,1.36430702873007e-20
TX50_RS04110,-0.0316468,0.8740152,-0.0891347,0.53039325
TX50_RS04115,-1.3259536,0.01593177,-0.2939459,0.11931582
TX50_RS04120,-0.676263,0.07934965,-1.1991189,0.00044632
TX50_RS04125,-0.6137093,0.1008257,-1.1227421,5.68901281530903e-07
TX50_RS04130,-0.0680532,0.90666166,0.46723042,0.12292101
TX50_RS04135,-0.6134957,0.0280793,-0.785519,2.85005708638614e-09
TX50_RS04140,1.22014007,0.0001377,2.37196289,4.48799529254653e-19
TX50_RS04145,0.97679036,7.50655107990842e-05,0.80588721,0.0003868
TX50_RS04150,0.65812845,0.00068366,0.97951043,7.50717657043668e-15
TX50_RS04155,-0.0760634,0.72750087,-0.0172384,0.91612553
TX50_RS04160,1.33602438,0.00036286,0.87402845,0.00386212
TX50_RS04165,-0.4865425,0.04639539,-0.5691538,0.00553437
TX50_RS04170,-0.6847209,0.00522432,-1.0193085,1.38563067400298e-17
TX50_RS04175,-0.2458018,0.31310737,-0.4007907,0.01814124
TX50_RS04180,0.33466194,0.40527894,-0.5850154,0.00489964
TX50_RS04185,0.95881398,0.00071642,0.61412643,2.30541977130767e-05
TX50_RS04190,0.49077534,0.06868122,-0.0590275,0.78967427
TX50_RS04195,0.14795348,0.57970392,-0.0799753,0.68473484
TX50_RS04200,0.03001026,0.92547837,-0.1228206,0.62757622
TX50_RS04205,-0.2422358,0.39785516,-0.255446,0.31148493
TX50_RS04210,-0.2137585,0.71063176,0.29617731,0.34982148
TX50_RS04215,2.05368417,3.82868054911926e-24,2.5390844,7.8727565162281e-76
TX50_RS04220,1.55168928,1.9539661249632e-13,1.94754297,5.06341513599084e-26
TX50_RS04225,0.36738818,0.10738538,0.37630096,0.04117783
TX50_RS04230,0.23401981,0.37936853,0.5756058,0.00410154
TX50_RS04235,0.65497573,0.00019826,0.99823724,6.16190242365291e-13
TX50_RS04240,2.12815782,5.31714362314409e-22,3.04609201,2.69142672014388e-144
TX50_RS04245,0.41558604,0.06260412,0.32086348,0.05233229
TX50_RS04250,1.03465775,7.65862003363762e-07,1.00656497,2.66716117242046e-09
TX50_RS04255,0.26395753,0.58460456,0.76948349,0.01948566
TX50_RS04260,0.72870688,0.0068495,0.48774498,0.00110112
TX50_RS04265,0.60490919,0.01044298,0.64359791,0.00018576
TX50_RS04270,0.3253877,0.18952685,0.04367021,0.80688601
TX50_RS04275,-0.2837668,0.22757354,-0.0290949,0.89128859
TX50_RS04280,0.56807586,0.08593257,0.38687108,0.03763538
TX50_RS04285,3.0527993,1.28542583726686e-25,4.1700878,2.45751120581851e-233
TX50_RS04290,-0.4085814,0.71072788,1.52151687,2.03883819025724e-15
TX50_RS04295,-1.4841667,0.00173685,-0.2029467,0.2267277
TX50_RS04305,1.25971951,4.49181554912263e-07,1.43847311,6.59904828139403e-20
TX50_RS04310,1.077767,0.00661556,0.7127529,4.21030025250898e-07
TX50_RS04315,0.67400771,0.09484123,0.36239995,0.24198188
TX50_RS04320,0.69976781,0.32780133,-0.2523152,0.69606216
TX50_RS04325,-1.382943,7.6547427955495e-08,-1.9829586,1.04346054423167e-17
TX50_RS04330,1.25407479,1.32447204994448e-09,1.54596125,2.0676287329085e-20
TX50_RS04335,1.32755457,0.00152024,1.71759544,2.07616994752311e-07
TX50_RS04340,0.69427671,0.00982359,1.4759056,2.98222761134186e-11
TX50_RS04345,0.10901923,0.77623884,-1.0454713,3.73208473694041e-10
TX50_RS04350,-0.7371622,0.00055188,-0.9702381,4.90169364119813e-09
TX50_RS04355,-1.7258535,1.0692300430171e-14,-1.0686948,2.11645152854547e-05
TX50_RS04360,-1.6791081,0.00022274,-0.1756474,0.69884361
TX50_RS04370,-0.759653,0.11280573,0.6855844,0.17838948
TX50_RS04375,-0.4718443,0.34357825,0.95231563,0.06158134
TX50_RS04380,0.17683645,0.76216286,1.66994162,2.75424046344622e-08
TX50_RS04385,1.36242508,4.29115988509532e-05,2.48123593,9.77936576721139e-76
TX50_RS04390,1.49860142,0.00455025,1.44399319,0.00116973
TX50_RS04395,-0.1228005,0.84841044,0.83938768,0.29768443
TX50_RS04400,-0.6513192,0.0072757,-0.5346732,0.00243922
TX50_RS04405,-1.0287711,0.00029143,-0.48154,0.06220986
TX50_RS04410,-0.4405436,0.12339959,0.02817953,0.90760909
TX50_RS04415,-0.2799702,0.16354781,-0.4043842,0.00907028
TX50_RS04420,-0.5480123,0.02692638,-0.36319,0.00413928
TX50_RS04425,0.67415244,0.0038175,1.18709443,1.50888884209634e-08
TX50_RS04430,0.97490757,5.44812055557876e-08,0.99186467,1.5721666902515e-14
TX50_RS04435,-0.1814336,0.49718661,-0.2920661,0.15968192
TX50_RS04440,0.7892329,0.02487194,0.65927229,2.02190920521051e-06
TX50_RS04445,-0.5526897,0.11092343,-0.960229,6.79326835397478e-10
TX50_RS04450,-0.4693852,0.09086299,-0.9430873,3.63835766819145e-11
TX50_RS04455,-0.6585222,0.00151261,-0.1505492,0.44708718
TX50_RS04460,-0.4857268,0.08878368,-0.9097954,0.0004986
TX50_RS04465,0.06025566,0.820944,-0.0688329,0.75364387
TX50_RS04470,0.67878843,0.10629512,0.50321728,0.14717031
TX50_RS04475,-0.820266,0.00017636,-0.9549772,9.85532725697511e-07
TX50_RS04480,-1.0420553,0.00023387,-1.2995007,1.62955233359232e-06
TX50_RS04490,-0.8346469,1.41524573011059e-06,-0.6722944,3.05575055218828e-07
TX50_RS04495,1.08972357,7.35048019913772e-10,1.54870585,1.32163037545297e-29
TX50_RS04500,-0.575541,0.0331982,-0.3759093,0.15560255
TX50_RS04505,-0.884468,5.01432068535927e-06,-1.1780628,3.24712774471218e-18
TX50_RS04510,-0.3942387,0.06510845,-0.3849691,0.01294454
TX50_RS04515,1.21698617,3.42104347983421e-08,0.93738481,6.32424364630387e-10
TX50_RS04520,0.39741571,0.09207079,0.45622787,0.00501135
TX50_RS04525,-0.0450196,0.89518527,-0.093136,0.75391191
TX50_RS04530,1.56985226,1.24056135250355e-14,1.99732664,1.90443520188709e-43
TX50_RS04535,-0.1825315,0.53520432,-0.1023765,0.68052436
TX50_RS04540,-1.1948792,6.37910694925214e-05,-1.0112981,0.00010373
TX50_RS04545,-0.5392752,0.01189735,-0.5804184,0.00320979
TX50_RS04550,1.1089646,5.25178335083575e-09,0.86825821,2.29197454134427e-12
TX50_RS04555,1.61290687,8.18394838649112e-22,1.44684271,2.43283537121672e-21
TX50_RS04560,2.55516944,6.39028756368873e-46,2.84128887,3.46334929389239e-103
TX50_RS04565,-0.3459651,0.05332841,-0.3026431,0.05480951
TX50_RS04575,0.33443263,0.12755543,0.51533317,2.6996591711465e-05
TX50_RS04580,-0.3881751,0.11142149,-0.6708769,0.00816826
TX50_RS04585,0.58848708,0.15501587,1.35029841,1.29834855397884e-07
TX50_RS04590,0.83721969,0.05559305,1.77803205,2.50682991858144e-05
TX50_RS04595,0.44230385,0.33608924,0.87033754,0.01505144
TX50_RS04600,0.0490258,0.90540078,0.28266023,0.36197111
TX50_RS04605,1.19291061,3.12590345853479e-15,2.35619131,5.61007428765719e-05
TX50_RS04610,0.10441912,0.69413168,0.31907111,0.17294567
TX50_RS04615,0.48481306,0.11280573,0.2486531,0.28801896
TX50_RS04620,0.38139575,0.0847443,0.09664514,0.6433566
TX50_RS04625,1.1445486,1.08039243201487e-07,1.16818051,1.56643331846601e-12
TX50_RS04630,-0.7266458,0.00373104,-0.5040941,0.0171297
TX50_RS04635,0.16215099,0.54538915,0.24161599,0.27674267
TX50_RS04640,0.07137242,0.76423867,0.30096838,0.01304828
TX50_RS04645,-1.056728,0.00062088,-0.9977837,1.17584980267268e-08
TX50_RS04650,0.86748166,5.4628287748677e-06,0.60046744,0.00182244
TX50_RS04655,1.40223766,1.69467755661483e-10,1.44738985,1.60054272498808e-27
TX50_RS04660,-0.6236544,0.00012659,-0.6596571,5.11560409624403e-08
TX50_RS04665,0.11356219,0.60735354,0.01335219,0.91653856
TX50_RS04670,0.17329526,0.64564419,0.21492024,0.37923164
TX50_RS04675,-1.0956599,0.00191345,-1.3231307,2.92336581169576e-06
TX50_RS04680,0.49676214,0.10178256,0.77289991,0.00063616
TX50_RS04685,0.9342331,0.00600105,0.72165864,0.00079522
TX50_RS04690,0.28726482,0.06781142,0.20848582,0.06133108
TX50_RS04695,1.48089643,4.47919647082424e-17,1.63481182,1.23392607430603e-34
TX50_RS04700,-0.3501006,0.17132979,-0.0628963,0.68952445
TX50_RS04705,-0.1082828,0.70859018,-0.1273252,0.57123411
TX50_RS04710,0.3282014,0.21494489,0.42789908,0.01953693
TX50_RS04715,-0.071838,0.78719393,0.20419913,0.14070432
TX50_RS04720,1.23346309,1.14520767501143e-15,1.39187587,9.55599504946392e-30
TX50_RS04725,1.24217925,0.00023552,1.02625678,3.05776700073221e-12
TX50_RS04730,-0.1735975,0.54494183,0.06166789,0.77835827
TX50_RS04735,-0.5153578,0.21220368,-0.7820828,0.06448404
TX50_RS04740,-0.327251,0.13440965,-0.3154641,0.09123027
TX50_RS04745,0.43757466,0.03718348,0.47616632,0.00183911
TX50_RS04750,-0.887421,0.00058489,-0.7943706,2.09528071642762e-08
TX50_RS04755,-0.2905347,0.12824009,-0.587527,3.25221965194379e-05
TX50_RS04760,0.00379298,0.99079634,0.55836307,0.06843388
TX50_RS04765,-0.0937879,0.7274009,0.514905,0.00124383
TX50_RS04770,0.49096556,0.0016667,0.50213106,1.62615716869114e-05
TX50_RS04775,0.63748033,0.00587201,0.3671608,0.00557018
TX50_RS04780,-0.212313,0.58703487,0.04941384,0.89128859
TX50_RS04785,-0.115189,0.74641938,0.52989077,0.00160093
TX50_RS04790,-0.1113198,0.61921009,0.09077684,0.49978723
TX50_RS04795,0.96728424,0.01544521,1.82934385,1.75175698562343e-09
TX50_RS04800,0.55600749,0.01888047,0.9690339,6.70705473224408e-07
TX50_RS04805,0.38386956,0.08878368,0.44511772,0.00173225
TX50_RS04810,-0.1191505,0.6325521,-0.0254416,0.9005761
TX50_RS04815,0.20460496,0.4080713,1.09251899,6.1780216231574e-21
TX50_RS04820,0.88228669,1.01954976398361e-08,1.27480475,5.89954937106812e-25
TX50_RS04825,-0.5252486,0.0131107,-0.5264044,0.00296441
TX50_RS04830,-0.4933341,0.21244024,-1.7222046,5.03883547700092e-05
TX50_RS04835,-1.6558739,0.00749847,-1.8281415,0.00528969
TX50_RS04840,1.88512623,4.64123387661523e-13,1.79816051,2.47234139154066e-22
TX50_RS04845,0.56113044,0.00532499,0.25256897,0.03771678
TX50_RS04850,-0.0301481,0.89558607,0.19298576,0.24112538
TX50_RS04855,0.68152956,0.01276841,1.20759517,3.764518489504e-11
TX50_RS04860,1.15094814,4.24903877300395e-14,1.3682374,1.89290872954458e-26
TX50_RS04865,0.64191339,0.01620741,0.2056381,0.36702773
TX50_RS04870,0.65307354,6.15850597930936e-05,0.68946151,2.85478787479781e-08
TX50_RS04875,0.24906567,0.17576856,0.31144202,0.02944247
TX50_RS04880,0.55585201,0.02739589,0.35689905,0.06739071
TX50_RS04885,-0.3780382,0.57934695,-0.0618158,0.90570514
TX50_RS04890,0.12165351,0.70228702,0.10096812,0.56155124
TX50_RS04895,-0.549644,0.0152113,-0.8824993,4.86538489026507e-08
TX50_RS04900,-0.7325607,0.00096711,-1.2258534,2.61203611558244e-11
TX50_RS04905,0.0298777,0.91932273,-0.1844412,0.13523503
TX50_RS04910,0.4474324,0.25059095,1.10213906,1.73043819333817e-21
TX50_RS04915,-1.6896818,2.90676201917904e-17,-2.0001915,2.54824573026465e-46
TX50_RS04920,0.32571669,0.2155392,0.07295793,0.68473484
TX50_RS04925,0.92787327,6.81749584105166e-06,0.51331869,0.00478838
TX50_RS04930,0.59251948,0.00500196,0.33854544,0.0540846
TX50_RS04935,0.22807559,0.55516441,0.62053211,0.00508135
TX50_RS04940,0.2295131,0.34120303,0.00541832,0.9822841
TX50_RS04945,0.00490634,0.98260439,0.54410826,0.00022995
TX50_RS04950,-0.2442604,0.32988047,-0.4927144,0.00360464
TX50_RS04955,0.75048892,0.00119519,0.37288594,0.01485612
TX50_RS04960,1.28282672,2.21101337515141e-14,1.32828675,1.12148354475987e-21
TX50_RS04965,0.36106996,0.27418336,0.49693043,0.04848265
TX50_RS04970,0.85696208,0.00073764,0.86325982,4.07940324890563e-07
TX50_RS04975,0.24827621,0.29469426,0.31279875,0.1022443
TX50_RS04980,1.2342384,1.10366122058368e-06,1.70721835,1.27812266810548e-21
TX50_RS04985,-0.3640191,0.51212479,-0.1788798,0.66810029
TX50_RS04990,1.60248172,5.97474167458659e-06,2.45913883,1.5007340439592e-47
TX50_RS04995,0.54402219,0.04162781,0.88155426,5.8776784858831e-09
TX50_RS05000,-0.096593,0.82074424,0.71730257,0.00849343
TX50_RS05005,-0.1083614,0.79385019,0.60527037,0.00076541
TX50_RS05010,0.07784905,0.82509367,0.10690519,0.62813535
TX50_RS05015,1.77971395,2.708507339836e-28,2.11331408,2.77286849240526e-52
TX50_RS05020,1.28125531,1.7762488581307e-13,1.16716233,9.85069246384545e-20
TX50_RS05025,1.38166249,2.8172866669532e-15,1.5940089,2.7607201615726e-45
TX50_RS05030,0.40517665,0.01398503,0.041072,0.8183977
TX50_RS05035,-0.7591677,0.00959237,-0.4751153,4.81583805494469e-05
TX50_RS05040,-0.8773328,6.93795177141454e-06,-1.2542751,7.19531118457597e-27
TX50_RS05045,0.72521838,0.00440132,0.7841883,1.46183686878362e-05
TX50_RS05050,-0.1372001,0.6325521,0.20617784,0.34079254
TX50_RS05055,0.211032,0.5900013,0.30044083,0.38171478
TX50_RS05060,-0.1081693,0.74015457,0.05324693,0.83734615
TX50_RS05065,-0.4876607,0.08878368,-0.2126485,0.25224229
TX50_RS05070,0.94094205,0.00253914,0.82510879,0.00229285
TX50_RS05075,-0.5409053,0.0112527,-0.3762042,0.04707558
TX50_RS05080,0.1119826,0.65979725,0.02543972,0.9005761
TX50_RS05085,0.03400738,0.95295905,0.75534965,0.14324002
TX50_RS05090,-0.5057116,0.10792893,-0.2075719,0.5618166
TX50_RS05095,0.33941649,0.32532746,0.6470654,2.12804334546355e-05
TX50_RS05100,0.92936686,0.00106975,1.20408747,4.79102238611421e-06
TX50_RS05105,-0.1596981,0.49632587,-0.5388876,0.01237691
TX50_RS05110,0.09192315,0.71808082,0.06129561,0.73688585
TX50_RS05115,-0.3797692,0.15181541,0.01085103,0.95391329
TX50_RS05120,-0.5717403,0.01399518,-0.7700608,5.98334228616992e-08
TX50_RS05125,-0.6916044,0.00223727,-0.8376319,3.31685707647673e-07
TX50_RS05130,-0.8386653,0.00276283,-1.2361441,8.4964812061103e-06
TX50_RS05135,-0.8550179,0.00079693,-1.0395778,1.48155590355542e-06
TX50_RS05140,-0.0965726,0.76904764,0.45157032,0.02902176
TX50_RS05145,-0.0834952,0.85957484,0.184001,0.64081542
TX50_RS05150,0.84477329,0.01592248,0.90641033,0.0040663
TX50_RS05155,-0.1024744,0.76902383,0.10697657,0.74027334
TX50_RS05160,-1.5330063,0.00015144,-0.3951764,0.00092308
TX50_RS05165,-0.8363871,0.00332216,0.12288823,0.51589018
TX50_RS05170,-0.2786135,0.18487214,-0.0056174,0.98229447
TX50_RS05175,-0.2409489,0.48358766,-0.2143557,0.57702384
TX50_RS05180,0.3893751,0.26937862,1.12952805,2.26803650086441e-10
TX50_RS05185,-0.9471455,0.01659898,-0.023872,0.95146043
TX50_RS05190,-1.2560433,0.00143361,-0.9216372,0.00046095
TX50_RS05195,-0.2742961,0.41080319,-0.5203354,0.05451852
TX50_RS05200,-0.9824468,4.05300204285704e-05,-1.0364086,1.65905433755204e-07
TX50_RS05205,0.94483849,2.01139216462579e-05,1.09028809,1.52527016727678e-11
TX50_RS05210,-1.3845467,0.00393733,-0.1804149,0.73116914
TX50_RS05215,0.21309037,0.5900013,0.50692844,0.11903903
TX50_RS05220,-0.1456592,0.63899478,-0.2249136,0.34048917
TX50_RS05225,0.28895244,0.17751673,0.49023404,0.00092566
TX50_RS05230,0.48681438,0.05821572,0.53780107,0.00016111
TX50_RS05235,1.6612835,3.54254445015401e-05,1.74874998,2.4529434905232e-22
TX50_RS05240,-1.5285461,1.34940222109695e-08,-1.6271752,9.23908023879623e-14
TX50_RS05245,1.45662043,3.61953825554328e-06,2.55798445,1.06379418246198e-30
TX50_RS05250,1.88474705,8.92301860656602e-05,2.2853913,2.15111011591924e-08
TX50_RS05255,0.44686038,0.30973635,1.03183035,0.00208182
TX50_RS05260,0.2118758,0.48525472,0.7005934,0.00381375
TX50_RS05265,0.50753685,0.00393733,0.83503433,7.36930747348354e-08
TX50_RS05270,1.62202164,1.05038008989282e-22,1.89237982,3.4062485699252e-74
TX50_RS05275,0.58079296,0.43388223,0.33341326,0.63011672
TX50_RS05280,-0.0696144,0.85523383,0.50193935,0.0596807
TX50_RS05285,0.32730114,0.4690669,-0.3102233,0.45644109
TX50_RS05295,0.93083376,9.49224574940403e-07,0.89596856,5.23898147881035e-05
TX50_RS05300,2.00387745,4.84800339095372e-16,2.17239213,2.53345683733261e-35
TX50_RS05305,0.26374975,0.56131658,0.13404875,0.70988733
TX50_RS05315,-1.1113698,0.00165864,-1.3326847,4.81688590242909e-13
TX50_RS05320,-0.1580454,0.39228962,0.00428734,0.98197782
TX50_RS05325,-0.1894732,0.5201903,-0.0431499,0.83833605
TX50_RS05330,-1.0692632,2.88838041520987e-06,-0.8120346,3.6638166967809e-07
TX50_RS05335,-0.7472943,0.01310611,-0.9025573,0.00029817
TX50_RS05340,-1.1061434,0.00014454,-0.9286264,1.34362777419004e-06
TX50_RS05350,0.95636858,5.47693297274822e-05,1.09244326,1.88424200081195e-20
TX50_RS05360,1.41610491,0.00041649,1.56673079,2.13548976544074e-06
TX50_RS05365,0.65222596,0.06331711,0.33689664,0.171073
TX50_RS05370,0.17852145,0.42659341,0.08620512,0.59451851
TX50_RS05380,-0.739006,0.00164915,-1.008523,1.52542903931781e-06
TX50_RS05385,0.47099967,0.03118461,0.31697255,0.13703794
TX50_RS05390,-1.5073687,1.96223001022428e-06,-1.3758233,1.00733233837603e-11
TX50_RS05395,1.08107357,2.45028993818606e-06,1.54895237,6.42691802367373e-19
TX50_RS05400,0.55940779,0.14599841,0.24288657,0.35514745
TX50_RS05405,1.21628829,0.01020524,0.76208935,0.00028945
TX50_RS05415,1.36963819,0.00012361,2.07287227,2.79870858252815e-10
TX50_RS05420,-1.4361643,0.1137846,-0.5616691,0.40800396
TX50_RS05425,0.63532373,0.32532746,1.19358212,0.01689697
TX50_RS05430,-0.6445781,0.02174356,-0.6554846,0.00673773
TX50_RS05435,-1.4713521,1.59540682682824e-12,-1.6809661,7.71781320830896e-19
TX50_RS05445,-1.0586344,0.0022751,0.04771195,0.90622021
TX50_RS05450,0.00468171,0.99004921,-0.3072184,0.31743957
TX50_RS05455,1.58192072,4.18811650808206e-05,1.18204226,0.00099825
TX50_RS05460,-1.2621049,0.02402866,-1.8045494,0.00028609
TX50_RS05465,0.86997464,0.00921508,0.90287947,0.00058342
TX50_RS05470,0.07218258,0.90326748,-0.4082448,0.34812582
TX50_RS05475,0.19572264,0.46413001,0.73041644,1.07577639019654e-05
TX50_RS05480,-0.4233647,0.1472074,-0.6833669,1.49965448758968e-05
TX50_RS05485,-0.2071846,0.65979725,-0.2908201,0.32210378
TX50_RS05490,-0.7035336,0.19717288,-0.5259377,0.32942596
TX50_RS05495,-0.3943373,0.68487794,-0.0556294,0.96561952
TX50_RS05500,-0.537531,0.29586568,-0.9713367,0.02607546
TX50_RS05505,0.20916409,0.67530913,-0.2289593,0.59429797
TX50_RS05510,0.50517526,0.18019069,0.87600456,0.0463888
TX50_RS05520,-1.729513,3.96512667161647e-08,-1.9805528,9.18262435749494e-12
TX50_RS05525,-0.0839632,0.75411687,0.98685547,1.55850217080482e-05
TX50_RS05530,2.53789775,1.36505603423313e-12,2.43803948,2.97809288680491e-21
TX50_RS05535,-0.4089982,0.0482979,-0.6042377,0.00049463
TX50_RS05540,0.13942034,0.49943763,0.24795787,0.09737728
TX50_RS05545,-0.3161238,0.10425541,-0.0998945,0.50928866
TX50_RS05550,-2.0935381,3.90306586527868e-05,-1.3508239,4.88434781872217e-19
TX50_RS05555,-0.5053594,0.02402866,-0.3611581,0.00512587
TX50_RS05560,1.07247457,1.26437514320848e-05,1.54826994,6.04812059122776e-31
TX50_RS05565,1.12966584,0.01051219,0.70084698,0.09864967
TX50_RS05575,0.7351655,0.30924802,0.43536763,0.44126772
TX50_RS05580,1.06583249,2.52261765180031e-05,1.55634419,1.78791836332587e-18
TX50_RS05585,0.92922924,9.33034519800596e-05,1.36124792,6.0745809610706e-11
TX50_RS05590,0.04774438,0.85889909,0.51544134,0.00421083
TX50_RS05595,0.54221854,0.05127032,0.6492222,0.00160093
TX50_RS05600,0.28990797,0.37282603,0.10677698,0.50065699
TX50_RS05605,-0.0553099,0.92128723,-1.9786132,0.00260327
TX50_RS05615,0.08780235,0.83911816,0.28390093,0.45632451
TX50_RS05620,2.12873826,2.73324304206641e-24,2.41904145,2.22291640539378e-45
TX50_RS05625,-0.1726488,0.49614653,-0.1180587,0.61774813
TX50_RS05630,0.13054529,0.66972957,0.0415339,0.84216872
TX50_RS05635,0.14027881,0.59034536,0.54056075,0.01050178
TX50_RS05640,-0.4171122,0.14024861,-0.0623936,0.79769331
TX50_RS05645,-0.1598553,0.62075998,0.14587256,0.50899138
TX50_RS05650,0.18427127,0.39095916,0.33392026,0.01611437
TX50_RS05655,-0.8814224,0.0070644,-0.0872505,0.76211355
TX50_RS05660,2.02246899,7.12192879606749e-10,2.17169476,2.44799786662027e-36
TX50_RS05665,0.20339778,0.53501663,0.36783879,0.07276328
TX50_RS05670,0.24822286,0.22162974,0.20243296,0.18576927
TX50_RS05675,0.00511305,0.98600435,0.26085006,0.2398602
TX50_RS05680,-0.6624469,0.00769682,-0.2814395,0.31873194
TX50_RS05685,0.96308954,0.02992594,0.6971966,0.09009512
TX50_RS05690,0.4806904,0.13869145,0.68138475,0.00208182
TX50_RS05695,0.74934053,8.94363463485034e-05,1.19337676,1.40095750097052e-13
TX50_RS05700,0.67407753,8.28574313468208e-06,1.07570155,2.66437397000049e-25
TX50_RS05705,-0.3576575,0.24328716,-0.4250093,0.00508135
TX50_RS05710,-0.9011734,0.00709136,-0.6000821,2.079505249064e-06
TX50_RS05715,-0.5148572,0.04071117,-0.4620217,0.00426456
TX50_RS05720,-0.4939353,0.01184909,-0.2930711,0.09123027
TX50_RS05725,0.72299847,0.00086994,1.51118641,9.70052968195078e-38
TX50_RS05730,-0.4635573,0.01862691,-0.5593711,0.00031195
TX50_RS05735,-0.985078,2.24854455679662e-08,-1.5461777,5.89954937106812e-25
TX50_RS05740,0.97440832,2.48847263687507e-07,0.81227278,1.58676817938676e-09
TX50_RS05745,0.1639528,0.42189815,-0.0317859,0.85913109
TX50_RS05750,-0.2587433,0.25655576,-0.4622474,0.00785695
TX50_RS05755,-0.9899954,4.62926133964308e-05,-0.6180146,0.00168635
TX50_RS05760,-0.9284067,0.00481737,-0.5594249,7.54913390819477e-05
TX50_RS05765,-0.9241468,0.00516376,-0.5147606,0.00026849
TX50_RS05770,0.59122259,0.0009847,0.48989144,3.58885532612819e-05
TX50_RS05775,-0.7427788,0.01896165,-1.2154366,2.76175073310717e-08
TX50_RS05780,-1.8571513,3.01372804122107e-06,-1.2692871,0.00034017
TX50_RS05785,-0.2690057,0.13080294,-0.3756554,0.00152431
TX50_RS05790,-0.5830994,0.10893388,-0.5907093,0.02774666
TX50_RS05795,-0.0138439,0.95497704,-0.4369549,0.00268646
TX50_RS05800,0.60679663,0.00125699,0.81012325,1.46243776367263e-13
TX50_RS05805,-0.3255876,0.19169624,-0.066212,0.66548802
TX50_RS05810,-0.8636754,0.08310773,-0.1859217,0.68287876
TX50_RS05815,-0.9436355,5.81328972845827e-07,-1.0015535,4.07613300863209e-18
TX50_RS05820,0.0148544,0.94378565,0.08754446,0.5816417
TX50_RS05825,0.51624436,0.00488726,0.51350807,0.00013075
TX50_RS05830,-0.059685,0.80653067,-0.1632457,0.40394017
TX50_RS05835,-1.1607802,8.09449927017983e-08,-1.236676,1.26420367475327e-11
TX50_RS05840,-0.3578659,0.01817324,-0.753679,1.61957992165044e-11
TX50_RS05845,0.20470667,0.67723887,0.54832481,0.28876784
TX50_RS05850,1.06462435,6.10963489384548e-13,1.11534207,1.17764910482008e-23
TX50_RS05855,0.45598347,0.0331982,0.4674262,0.00033491
TX50_RS05860,-0.547675,0.01459121,-0.3506304,0.03113281
TX50_RS05865,0.41441752,0.01668299,0.2064531,0.14111145
TX50_RS05870,-0.0585177,0.86197176,-0.4007151,0.10319943
TX50_RS05875,-0.805943,0.04272907,-1.0193045,0.00602112
TX50_RS05880,-0.4733844,0.14229514,0.2249472,0.27674267
TX50_RS05885,0.68489152,0.01602346,0.63771505,5.95594182250368e-06
TX50_RS05890,1.62485986,2.2947877090682e-23,1.87948442,1.19606377472065e-56
TX50_RS05895,-0.2718848,0.19891149,-0.0547367,0.75874174
TX50_RS05900,-0.3980323,0.50227724,-1.6185146,0.00457573
TX50_RS05905,-0.0806376,0.6665358,-0.4477068,0.00022333
TX50_RS05910,-0.4917066,0.04662117,-0.3468083,0.12342312
TX50_RS05915,0.75206504,0.00022273,0.93339835,4.08125485559081e-11
TX50_RS05920,-1.1011592,0.01348829,-1.2050098,0.00238274
TX50_RS05925,-0.4811395,0.04645037,-0.0833489,0.70225995
TX50_RS05930,-0.3267569,0.28215901,-0.1714057,0.52858022
TX50_RS05935,-0.1583829,0.61002971,0.23934308,0.29820298
TX50_RS05940,-0.0685048,0.77700442,0.15285757,0.38464111
TX50_RS05945,0.08754553,0.76456709,-0.0207826,0.90264203
TX50_RS05950,-0.2625006,0.31094971,-0.5734165,0.00756148
TX50_RS05955,-0.2693795,0.23924978,-0.5606724,0.0017904
TX50_RS05960,-0.5643891,0.10854028,-0.9040879,0.00137589
TX50_RS05965,-0.8276054,0.0053171,-1.1628413,1.02112895568917e-26
TX50_RS05970,-1.2915171,5.46291505880533e-05,-1.1758616,2.11546013731323e-07
TX50_RS05975,-0.5490384,0.00088484,-0.5410905,0.00010059
TX50_RS05980,-0.7968032,5.53539093549936e-06,-1.2453352,7.09290183784851e-20
TX50_RS05985,0.42664332,0.21972038,0.14205783,0.63349466
TX50_RS05990,0.87572382,0.0001225,0.61044752,0.00047867
TX50_RS05995,1.22108744,0.00040456,2.0013204,7.64831385209744e-33
TX50_RS06000,-1.5925149,1.29795625518247e-12,-1.243081,1.34453985432184e-15
TX50_RS06005,-0.7143415,0.01391432,-0.3253067,0.12422227
TX50_RS06010,-2.3250008,3.05017011283535e-46,-2.0321722,1.54889709824643e-45
TX50_RS06015,0.09423708,0.69296973,-0.2781773,0.07363619
TX50_RS06020,-0.3276606,0.21180058,-0.9648045,4.57857464946788e-08
TX50_RS06025,0.60502895,0.000745,0.46468883,0.00011277
TX50_RS06035,-0.1543418,0.76423867,0.06669567,0.88919523
TX50_RS06050,0.70570132,0.0101801,0.47448437,0.06663729
TX50_RS06055,0.06683903,0.78430482,0.26505199,0.09002997
TX50_RS06060,0.39784249,0.24939615,0.40106399,0.14690322
TX50_RS06065,1.23638394,0.38855033,-1.4317846,0.32417748
TX50_RS06070,0.69588242,0.03509988,0.74122752,7.46962534649275e-05
TX50_RS06075,0.77129074,0.11062021,1.14394791,0.00097399
TX50_RS06080,-0.5377738,0.04369877,-0.9459159,3.07087337346819e-05
TX50_RS06085,2.02230973,2.51670942400402e-32,2.74054242,1.55065286527536e-45
TX50_RS06090,0.2501757,0.12339959,0.53735013,1.868446714653e-06
TX50_RS06095,-1.1932158,0.0004455,-0.817436,0.00117005
TX50_RS06100,2.35569385,2.33143823166473e-13,2.78508884,6.56203282952497e-32
TX50_RS06105,0.46614928,0.19438792,1.00468372,5.35230391104223e-08
TX50_RS06110,-0.3070069,0.42704612,0.58868875,0.24204144
TX50_RS06115,1.09946324,3.57726564410866e-07,1.39185759,3.54062930569984e-18
TX50_RS06125,0.30780548,0.67022748,0.5544586,0.38517459
TX50_RS06130,-1.1577093,0.1177165,-0.5619381,0.30427396
TX50_RS06135,1.71871929,7.69677005638838e-16,1.51261563,8.50489359947813e-23
TX50_RS06140,-0.3098015,0.21700132,-0.8288841,5.27014337262732e-07
TX50_RS06145,-0.9742645,1.19208058566303e-07,-1.3751097,5.49764065419415e-19
TX50_RS06150,-0.8409069,2.16240822342799e-05,-0.9118548,2.82448654796471e-08
TX50_RS06155,0.21064293,0.37428593,-0.2505823,0.23998314
TX50_RS06160,-0.1472589,0.71902889,-0.1526147,0.62123809
TX50_RS06165,-0.47437,0.17803602,0.22283988,0.38517459
TX50_RS06170,-1.3744553,0.00020566,-0.9823585,2.53553905990514e-09
TX50_RS06175,-0.4873748,0.27292461,-0.2624403,0.42193746
TX50_RS06180,-0.9394459,0.02342959,-0.6361726,7.08486312918594e-05
TX50_RS06185,1.54879085,1.2938053054861e-09,1.67299611,3.13050564257977e-05
TX50_RS06190,0.96914125,0.00071435,0.38159964,0.11575485
TX50_RS06195,-1.2809709,0.00016952,-0.8635662,7.72137625467188e-11
TX50_RS06200,-0.945116,2.59997417547812e-05,-0.8068671,1.92380713536274e-07
TX50_RS06205,1.01965442,0.02505014,2.60210691,4.50587624387164e-72
TX50_RS06210,0.2106935,0.31355097,-0.189384,0.12633335
TX50_RS06215,1.38421212,3.35251766807834e-09,1.44721798,1.97212782281199e-16
TX50_RS06220,-0.9199217,0.00269765,-1.1152666,0.00013731
TX50_RS06225,-0.8705321,0.01635275,-0.9211766,8.01377209137474e-05
TX50_RS06230,-1.0313323,0.00068265,-1.1005446,8.28640285917736e-06
TX50_RS06235,0.36546679,0.06176033,0.35476749,0.00816826
TX50_RS06240,0.46463325,0.13576294,-0.3476103,0.00051928
TX50_RS06245,0.26978726,0.18271476,-0.1630319,0.11359061
TX50_RS06250,-0.2830228,0.60040437,-0.1232292,0.81132311
TX50_RS06255,0.10473289,0.76951449,-0.0523986,0.83526464
TX50_RS06260,-1.4946681,4.59270255792086e-05,-2.0204551,5.19182254371675e-07
TX50_RS06265,-0.3990138,0.05962197,-0.343884,0.03201378
TX50_RS06270,0.33590358,0.51701405,-0.1251597,0.78561707
TX50_RS06275,-0.2946132,0.4991204,0.00109045,0.99765059
TX50_RS06285,-0.0871853,0.89724191,0.09635776,0.84216872
TX50_RS06290,0.79234986,0.00111018,0.7664634,1.15130047854555e-05
TX50_RS06295,-0.3684452,0.14119353,-0.0932694,0.64372664
TX50_RS06300,-0.2054606,0.52566222,-0.6430892,0.01274356
TX50_RS06305,0.17158522,0.60573001,0.21532522,0.44039206
TX50_RS06310,-1.5396838,3.26325253517775e-09,-1.9610759,4.12587978947025e-19
TX50_RS06315,-0.2660727,0.5706315,0.53049795,0.00880306
TX50_RS06320,0.2492592,0.18887032,0.35285151,0.03813266
TX50_RS06325,1.50379608,5.73490328702672e-07,1.38655701,1.27446733568229e-31
TX50_RS06330,-0.7873715,0.01104758,-1.3888695,2.85422200388002e-06
TX50_RS06335,-1.6449822,1.31385507736735e-05,-1.5034053,4.70411960583752e-06
TX50_RS06340,0.22983466,0.57187071,0.37873528,0.07439258
TX50_RS06345,-0.1850318,0.41781821,-0.0369005,0.85020789
TX50_RS06350,2.1447604,1.65047301682521e-17,3.8412498,1.06679195880043e-128
TX50_RS06355,0.25026177,0.25216001,0.54983936,0.00028471
TX50_RS06360,0.6179099,0.00361945,1.09309396,6.4460612265621e-11
TX50_RS06365,0.55063043,0.00160575,0.50002825,0.00017926
TX50_RS06370,-0.8040947,3.85603340933506e-06,-1.0767887,2.51198940845853e-13
TX50_RS06375,-0.8256268,0.00016792,-1.3871797,9.29254841826448e-10
TX50_RS06380,0.21503343,0.48525472,-0.0003958,0.99765059
TX50_RS06385,0.79264947,0.02066891,0.5847653,0.05060892
TX50_RS06390,-0.4712529,0.06290827,-1.1648219,7.16854386064515e-08
TX50_RS06395,-0.7446642,0.00412325,-0.9455537,8.17636535549343e-11
TX50_RS06400,-0.3559736,0.02690098,-0.5792715,4.81580849371814e-08
TX50_RS06405,-1.6017146,3.09753841606743e-12,-1.5916199,1.96481411930133e-25
TX50_RS06410,-0.8311848,4.02089493757994e-06,-1.2119325,9.64879785028509e-21
TX50_RS06415,-1.409173,5.23556276613065e-08,-2.1341127,8.91684173085336e-42
TX50_RS06420,0.28674442,0.09483825,0.14148215,0.42181911
TX50_RS06425,0.69880753,1.36713264513977e-05,0.50086892,0.00051496
TX50_RS06430,-0.3205021,0.13517833,-0.7353619,3.45914818703781e-07
TX50_RS06435,0.8687437,0.00206489,1.06066623,2.23913123040292e-07
TX50_RS06440,0.3726812,0.40261465,-0.5255324,0.19910869
TX50_RS06445,-0.136566,0.65632571,-0.4261562,0.07114892
TX50_RS06450,-0.2647279,0.22110649,0.13411908,0.3908555
TX50_RS06455,-0.1820354,0.65632571,-0.1884643,0.57780024
TX50_RS06460,-0.3673788,0.13261959,-0.5750486,0.00202348
TX50_RS06465,0.20333247,0.46168164,0.16300144,0.3908555
TX50_RS06470,0.52204425,0.10237059,0.44347151,0.00985188
TX50_RS06475,-0.0973379,0.67127979,-0.1155927,0.47226487
TX50_RS06480,-0.366102,0.09576038,-0.1001502,0.49840195
TX50_RS06485,-0.6270611,0.00503296,-0.3045486,0.06965531
TX50_RS06490,-1.2137956,1.16915234162834e-11,-1.0508752,1.17283824667761e-11
TX50_RS06495,-0.9008632,1.24667663778322e-07,-1.0081219,4.16265510676464e-15
TX50_RS06500,0.18123401,0.29765591,0.17128803,0.21032823
TX50_RS06505,0.88253101,0.00773822,0.28950552,0.15928547
TX50_RS06510,-0.4830606,0.08998181,0.17982347,0.45644109
TX50_RS06515,-0.0557763,0.85429546,-0.2189935,0.12326337
TX50_RS06520,0.07021852,0.83328196,0.16807348,0.36877589
TX50_RS06525,0.40414664,0.21254484,0.50919725,2.1013788912128e-05
TX50_RS06530,0.38923674,0.12736619,0.42428767,0.00248076
TX50_RS06535,0.74421585,0.00108846,0.76577036,7.36930747348354e-08
TX50_RS06540,-0.6035381,0.02527481,-0.5603152,0.01085285
TX50_RS06545,0.19829079,0.60423069,0.57549153,0.00175716
TX50_RS06550,0.24737647,0.51276941,0.22858236,0.18809494
TX50_RS06555,-0.0516403,0.87751112,0.27339385,0.31102209
TX50_RS06560,0.58796878,0.01007486,0.6974466,1.78568249892687e-06
TX50_RS06565,-0.3980574,0.05344102,-0.3297846,0.0300742
TX50_RS06570,0.3213026,0.28999026,0.21125327,0.31584487
TX50_RS06575,0.11251973,0.76216286,0.12021406,0.6433566
TX50_RS06580,-0.0536574,0.86780499,-0.5057161,0.03036913
TX50_RS06590,-0.5423151,0.04639539,-0.3114781,0.12525756
TX50_RS06595,-0.1159712,0.74100416,-0.7555316,2.51203419534637e-05
TX50_RS06600,-0.5278699,0.10226065,-0.4978753,0.00880306
TX50_RS06605,0.65935508,0.01197917,0.39950887,0.04735938
TX50_RS06610,0.73230671,0.08878368,0.09342585,0.63663197
TX50_RS06615,0.35215345,0.25497506,-0.3169053,0.13523503
TX50_RS06620,-0.4343944,0.06877289,-0.6156871,7.34527567117178e-06
TX50_RS06630,-0.1470533,0.63754412,-0.3887644,0.01630722
TX50_RS06635,-0.3134863,0.20647359,-0.6130404,3.77351081499557e-05
TX50_RS06640,-0.3570886,0.19613545,-0.107022,0.68540983
TX50_RS06645,0.63535172,0.00094297,0.80341249,1.12644443089655e-07
TX50_RS06650,-0.3780169,0.05236122,-0.7433161,1.40282911932581e-06
TX50_RS06655,0.05019237,0.83328196,0.25908397,0.05601041
TX50_RS06660,0.81002185,0.00108308,0.9670158,2.72586968925915e-09
TX50_RS06665,0.07041525,0.87450493,0.47198744,0.06017354
TX50_RS06670,-0.048937,0.83328196,-0.0205056,0.92854653
TX50_RS06675,-0.2813842,0.21519821,-0.9636724,2.0000754219928e-07
TX50_RS06680,-0.0606646,0.83008523,-0.1882877,0.36701638
TX50_RS06685,-1.0250621,0.00056188,-1.1527512,2.52811118198134e-10
TX50_RS06690,-0.5211958,0.01620741,-0.7734863,1.79371723985385e-07
TX50_RS06700,0.06407229,0.73974518,0.06559545,0.63450947
TX50_RS06705,0.23198783,0.16682494,0.14558433,0.29745273
TX50_RS06710,-0.4117924,0.26486372,-0.2899362,0.44746267
TX50_RS06715,-0.5934464,0.00781302,-0.4996344,0.01304828
TX50_RS06720,-0.3080689,0.15867779,-0.3989338,0.0134988
TX50_RS06725,-0.1120274,0.53256876,0.20502822,0.15270729
TX50_RS06735,0.42047799,0.14466742,0.246854,0.18954184
TX50_RS06740,0.50067294,0.03066022,0.02578374,0.90355858
TX50_RS06745,0.13306481,0.66475988,0.05907336,0.73902035
TX50_RS06750,-0.2900638,0.63754412,0.06238115,0.93405648
TX50_RS06755,0.35837982,0.06242942,0.53778704,1.37883235009374e-05
TX50_RS06760,0.72491053,0.00632263,0.53839192,0.00750058
TX50_RS06765,-0.017298,0.93394355,-0.0083881,0.9589431
TX50_RS06770,-0.7405895,1.89729192649151e-05,-0.7888766,5.8776784858831e-09
TX50_RS06775,-0.217201,0.44172218,-0.4532051,0.00345964
TX50_RS06780,0.09787587,0.69413168,0.60686792,3.19591486980094e-06
TX50_RS06785,1.89730049,3.94967002721961e-19,2.8312024,1.31602340005157e-60
TX50_RS06790,-1.3794731,1.582541546423e-09,-2.0221204,2.16404031884214e-26
TX50_RS06795,-0.2010371,0.29427246,-0.2453812,0.03336134
TX50_RS06800,-0.7930688,1.68695067800613e-05,-1.0289146,1.48155303927106e-11
TX50_RS06805,-0.6335664,0.00768683,-1.1190243,1.17283824667761e-11
TX50_RS06810,0.1749272,0.65979725,0.00189762,0.99173574
TX50_RS06815,-0.3354359,0.27092235,-0.1654017,0.40892229
TX50_RS06820,1.10818755,6.49611103275029e-10,1.50391442,1.52508069971401e-36
TX50_RS06825,0.83765448,6.34055634003946e-08,0.80397236,1.6736867775079e-09
TX50_RS06830,0.03433868,0.8844916,0.35955116,0.05116487
TX50_RS06835,0.91304843,9.49738033190156e-09,1.46236957,2.21572854999311e-20
TX50_RS06840,0.1522886,0.53950334,-0.0957048,0.51575954
TX50_RS06845,0.16312534,0.51562888,0.04657942,0.80150505
TX50_RS06850,-0.4237069,0.1743142,-1.1572049,1.73891304921294e-07
TX50_RS06855,0.21040469,0.40226787,0.34208636,0.08421968
TX50_RS06860,0.67338955,0.01595543,0.29676579,0.2643693
TX50_RS06875,0.71601408,0.00821734,0.68643725,0.00161176
TX50_RS06880,0.69336307,0.00491798,0.63876313,0.00048315
TX50_RS06885,1.50348527,7.61290204680616e-10,2.19263861,3.63531789526337e-32
TX50_RS06890,-1.6139393,4.07846212092532e-19,-1.8243819,1.09209202786621e-32
TX50_RS06895,-0.1169682,0.513981,-0.3249351,0.00600541
TX50_RS06900,0.94692056,2.3938623665031e-05,1.25259769,1.33473724590553e-24
TX50_RS06905,-0.519545,0.00249055,-1.3141547,1.08450133007137e-24
TX50_RS06910,1.33965875,3.07681797412379e-21,1.4395689,7.08586139472433e-35
TX50_RS06915,0.78908198,0.00760686,0.02630597,0.88409512
TX50_RS06920,0.56806081,0.00192033,0.57213992,9.21823386885842e-06
TX50_RS06925,0.36619017,0.10762054,0.07755851,0.65984919
TX50_RS06930,-0.8597843,0.00282252,-0.6735964,0.00020132
TX50_RS06935,1.2432301,2.65462799113184e-12,1.31773395,2.08232018842899e-23
TX50_RS06940,0.57755384,0.00049218,0.78777827,4.87002671195469e-13
TX50_RS06945,-1.1773347,5.117195003011e-05,-1.527336,7.9269373903658e-09
TX50_RS06950,0.33075974,0.05081438,0.22817783,0.05528684
TX50_RS06955,-0.0279379,0.90903634,-0.5369172,0.01128379
TX50_RS06960,0.45474082,0.01570289,0.00629211,0.96828323
TX50_RS06965,0.0549594,0.820944,0.08564215,0.60657174
TX50_RS06970,-1.3154,6.25193282516532e-05,-0.7025533,0.00010039
TX50_RS06975,0.05035683,0.93073657,0.96644259,0.01688574
TX50_RS06980,-0.0470458,0.83335738,-0.1689656,0.29041235
TX50_RS06985,-0.6996949,0.02505014,-0.3393879,0.12911858
TX50_RS06990,-0.8622468,0.00057509,-1.0720714,2.67816863617463e-08
TX50_RS06995,0.42815712,0.01944954,0.56467611,2.49793889943927e-05
TX50_RS07000,1.09109859,0.00164915,0.57877,0.02279195
TX50_RS07005,-0.0389644,0.84900536,-0.1695979,0.21807147
TX50_RS07010,-0.4560502,0.06359326,-0.6485127,0.00320723
TX50_RS07015,0.37145541,0.42659341,0.59893701,0.09740174
TX50_RS07020,-0.2743748,0.30609694,-0.4680453,0.02918009
TX50_RS07025,-0.2083438,0.51701405,0.43377355,0.00838549
TX50_RS07030,-0.2751854,0.28591072,-0.1124826,0.52222305
TX50_RS07035,0.46594832,0.01846783,0.23049931,0.15220961
TX50_RS07040,1.18214242,4.22181668603778e-06,1.64903976,1.02221012008362e-36
TX50_RS07045,-0.7421876,0.00154654,-0.2310631,0.13436094
TX50_RS07050,-1.0383547,2.01265635738935e-05,-0.9702976,1.31139275617251e-09
TX50_RS07055,1.18371544,2.5935091034374e-16,0.96526994,3.00351496557925e-11
TX50_RS07060,-0.1515492,0.49514151,-0.7070048,3.09769607760067e-05
TX50_RS07065,-0.4483865,0.10935262,-0.3354745,0.04629811
TX50_RS07075,-0.3685252,0.12891455,-0.5757125,0.00408218
TX50_RS07080,1.12731731,0.00628543,1.45570136,0.00012405
TX50_RS07085,-0.530357,0.34538148,-1.4048424,0.01376586
TX50_RS07090,-0.5403024,0.09975024,-0.2062929,0.17614671
TX50_RS07095,1.00544082,5.34536281267567e-05,0.72674662,7.38008408406265e-11
TX50_RS07100,1.45301993,6.3733403823018e-05,1.30643766,3.57540727308553e-05
TX50_RS07105,0.29985555,0.08443257,0.50776391,1.27958165592544e-05
TX50_RS07110,0.08719876,0.65979725,0.07724514,0.62893776
TX50_RS07115,0.08528857,0.76929168,-0.5654135,0.00184222
TX50_RS07120,-0.1264886,0.52783154,-0.2139475,0.19343901
TX50_RS07125,-0.8401521,5.73920199040969e-05,-1.1910083,7.08563039220568e-09
TX50_RS07130,-1.4913358,1.71281459902255e-09,-1.8129554,3.5472262664441e-12
TX50_RS07135,-0.70577,0.00254144,-0.4430072,0.01358762
TX50_RS07140,-0.1060147,0.74765934,0.22540535,0.44746267
TX50_RS07145,-0.6322986,0.02186162,-0.5583966,0.00268247
TX50_RS07150,-0.5896842,0.00623701,-0.5199552,1.5646406508728e-05
TX50_RS07155,-0.714176,0.00217772,-0.6833157,0.00011778
TX50_RS07160,-0.1157498,0.67022748,-0.5745323,0.00086615
TX50_RS07165,0.10183245,0.74695617,-0.2531022,0.16463511
TX50_RS07170,0.91617087,9.3264070075695e-05,0.75539182,8.09606535719541e-08
TX50_RS07175,-0.3182131,0.19613545,-0.3129991,0.12006167
TX50_RS07180,-0.0272208,0.91674043,0.24200796,0.05451852
TX50_RS07185,0.3189442,0.06657503,0.41351509,0.00616325
TX50_RS07190,-0.0408997,0.86858418,0.3023383,0.01566713
TX50_RS07195,-0.731148,0.00290486,-0.5100243,0.00034913
TX50_RS07200,-0.3037517,0.34120303,-0.180972,0.28876784
TX50_RS07205,1.53053943,9.72906308330578e-09,1.45551184,8.50489359947813e-23
TX50_RS07210,1.29934541,8.95288237456381e-08,0.94493217,1.24573687427943e-08
TX50_RS07215,0.60002357,0.0199134,0.06797824,0.67774787
TX50_RS07220,0.17723803,0.45334641,-0.3473001,0.01899509
TX50_RS07225,-0.3125894,0.190528,-0.4327097,0.03077435
TX50_RS07230,0.79304432,0.00016234,1.06421044,1.6794260762307e-11
TX50_RS07235,-0.2721381,0.24155609,-0.455897,0.00752232
TX50_RS07240,1.05999021,0.00010729,1.02678878,3.75057016543084e-14
TX50_RS07245,-0.8807183,0.00549706,-1.074852,3.09428145796345e-07
TX50_RS07250,-1.2481753,4.2990824176282e-14,-1.4297205,3.00613764039956e-34
TX50_RS07255,-0.5708817,0.02261688,-0.4445281,0.01842777
TX50_RS07260,-0.5482503,0.01110957,-0.9151992,7.55444631402253e-14
TX50_RS07265,0.85849307,2.46456043247531e-06,0.89818466,1.81367636463952e-10
TX50_RS07270,0.38025781,0.1601191,0.67115018,0.00142181
TX50_RS07275,-0.1791303,0.75997859,-0.1894776,0.68574982
TX50_RS07280,-2.3226716,1.53009947903362e-19,-2.7626392,2.7946633615021e-21
TX50_RS07285,-1.0841866,0.00010989,-1.4440093,4.94115309106106e-09
TX50_RS07290,-2.518817,2.03103350067395e-37,-2.6362436,1.13722584569701e-62
TX50_RS07295,-0.874803,0.00097832,-1.2563834,1.39467456753552e-08
TX50_RS07300,-1.3355405,6.85931085501256e-10,-1.4407151,8.15797202481146e-14
TX50_RS07305,0.7424769,0.0949309,-0.0715464,0.87357452
TX50_RS07320,-0.4913981,0.07023445,-0.4412334,0.09583379
TX50_RS07325,3.31967682,6.36590947095245e-46,4.38982548,6.84244883936615e-144
TX50_RS07330,3.05580663,7.09359042935439e-58,3.38450815,3.38914763117697e-77
TX50_RS07335,-1.1991139,3.45645406061276e-05,-0.8294551,0.0004986
TX50_RS07340,-0.6148133,0.00480196,-0.5478455,0.00237264
TX50_RS07345,1.03068163,0.00309046,0.90300363,3.37606826196344e-09
TX50_RS07350,-0.2117365,0.513981,-0.1641373,0.53146573
TX50_RS07355,-1.4905641,3.76014703673346e-07,-2.620469,4.42189434112836e-17
TX50_RS07360,0.14706387,0.63814847,-0.3127858,0.06017354
TX50_RS07365,1.49756087,3.8735776919361e-06,1.28940594,7.30766308023194e-14
TX50_RS07370,0.31933257,0.44688789,0.18567962,0.56971415
TX50_RS07375,-1.9385345,2.11636961309061e-29,-1.7623523,1.84435824986491e-26
TX50_RS07380,0.17248042,0.47443332,0.49016724,0.36702773
TX50_RS07385,0.32134807,0.43546787,0.91862591,0.00665641
TX50_RS07390,0.149241,0.72336334,-0.7056448,0.00819174
TX50_RS07395,0.34380844,0.36067256,0.43095984,0.14460679
TX50_RS07400,0.90482206,1.57864844331434e-08,0.99179947,1.7714701064554e-11
TX50_RS07405,4.2398244,1.01026885056385e-106,4.20196683,7.49118797152017e-160
TX50_RS07410,4.64248589,4.08772585808776e-54,4.71699124,1.86560501172294e-136
TX50_RS07415,1.13767534,0.00015071,0.71021876,0.0012902
TX50_RS07420,-0.4079316,0.36449338,-0.2209164,0.50928866
TX50_RS07425,0.47486533,0.07026807,0.30291302,0.17846297
TX50_RS07430,-0.6419532,7.53242214890787e-05,-0.8801397,1.13325429155398e-10
TX50_RS07440,2.89483558,1.73982104227141e-16,3.45908948,2.68949328820682e-181
TX50_RS07445,0.22648866,0.44883079,0.90325801,9.61558758844711e-05
TX50_RS07450,-0.0083879,0.98340433,1.10915877,2.27870836496221e-09
TX50_RS07455,0.41347583,0.01005289,0.55854886,8.73734804334066e-06
TX50_RS07460,-2.2790664,4.43131325957808e-08,-1.6007764,1.64146355434655e-06
TX50_RS07465,-0.2140786,0.71063176,-0.4916242,0.19643707
TX50_RS07470,-1.0563691,6.25355759207845e-06,-1.2989613,1.43472123817153e-11
TX50_RS07475,0.97647848,0.00068366,0.71859382,0.0006394
TX50_RS07480,-0.2527034,0.71507284,-0.2428262,0.63819491
TX50_RS07485,0.46194057,0.29893378,0.46281621,0.31166119
TX50_RS07490,-0.1371956,0.76216286,0.33902459,0.42232988
TX50_RS07495,1.45156038,0.00027144,1.92760629,0.00029133
TX50_RS07500,-0.6865509,0.02591456,-0.6048193,0.0053754
TX50_RS07505,-1.6256276,0.00085635,-0.0618982,0.91043327
TX50_RS07515,-0.7689918,0.0988621,0.70229237,0.16628748
TX50_RS07520,-0.5195054,0.29029549,0.99430468,0.01661588
TX50_RS07525,1.50350169,0.02219981,3.02192668,2.42162554328763e-14
TX50_RS07530,5.74706456,2.50113277149876e-103,6.27219532,0.0
TX50_RS07535,1.38217706,9.7468009239195e-07,1.98856685,6.1678336981659e-22
TX50_RS07540,1.57365947,2.94218054395816e-08,1.16527282,1.1129211677983e-07
TX50_RS07545,0.43510123,0.40454667,0.83638822,0.04612844
TX50_RS07550,0.2915068,0.49660011,0.83034029,0.01379985
TX50_RS07555,-3.0615944,6.04039807768738e-09,-1.084293,4.84685024689894e-08
TX50_RS07560,2.68899008,2.07922463274562e-50,2.76203396,3.77648932767003e-37
TX50_RS07565,-0.2957625,0.29586568,0.00801574,0.98197782
TX50_RS07570,0.38868982,0.13431748,0.20433634,0.40534181
TX50_RS07575,0.61410105,0.01802604,1.11156693,1.41467823517963e-09
TX50_RS07580,0.170831,0.51082673,-0.2410729,0.34550585
TX50_RS07585,-0.1188149,0.84900536,-0.0977749,0.86367078
TX50_RS07590,-0.1857573,0.85621792,-0.2224179,0.85913109
TX50_RS07595,0.07015303,0.84349811,-0.0749399,0.80800135
TX50_RS07600,0.71969208,0.06463833,0.69724515,0.02396244
TX50_RS07610,1.01212669,0.00108846,1.77603782,2.36889874110558e-35
TX50_RS07615,1.06427252,4.08317514587822e-06,0.75130409,0.00016585
TX50_RS07620,-0.2729036,0.45254827,-0.3688185,0.22972457
TX50_RS07625,0.17419406,0.47889242,0.8318298,1.82338873638473e-07
TX50_RS07630,3.0647272,2.72292657130485e-24,4.40175791,3.46462878725486e-170
TX50_RS07635,0.16826498,0.62430413,0.88407338,0.00063457
TX50_RS07640,0.10383303,0.84313577,-0.0098644,0.98584371
TX50_RS07645,1.53064305,1.11848961697219e-07,1.80867336,1.22992000904812e-11
TX50_RS07650,-1.5996008,0.00796858,-1.4790291,0.00538345
TX50_RS07655,-1.1163614,0.00057509,-1.102756,0.00025829
TX50_RS07665,-0.2892375,0.27141796,-0.0869092,0.67955893
TX50_RS07670,2.44098837,5.60206296558837e-23,2.80476949,5.23449620220659e-33
TX50_RS07675,5.25086299,7.32280801611235e-107,6.05301159,1.6135692979398e-38
TX50_RS07680,-0.0143552,0.98250016,0.8053925,0.09221436
TX50_RS07690,-0.4655126,0.3335034,0.60613709,0.12231056
TX50_RS07695,0.48815593,0.11790456,0.82255979,1.24183423720989e-07
TX50_RS07700,-0.401465,0.35626852,-0.8891642,0.00042984
TX50_RS07705,-0.8071748,0.02731383,-0.8121496,0.00361764
TX50_RS07710,0.60086929,0.00382809,0.13789639,0.5052787
TX50_RS07715,0.12646751,0.5406445,0.0646841,0.70227214
TX50_RS07720,-0.6789142,0.02780989,-0.9098223,0.00033016
TX50_RS07725,-0.2080609,0.42876754,-0.3922406,0.00108773
TX50_RS07730,-1.2490001,9.9157619453431e-10,-1.4337971,3.67391039293994e-25
TX50_RS07735,-1.9567307,1.54895026814785e-25,-2.0128056,1.63251399843497e-57
TX50_RS07740,-0.5426633,0.00500196,-0.5192657,2.01509212133735e-07
TX50_RS07745,0.60085437,0.05410966,0.18600083,0.13074611
TX50_RS07750,-0.1364099,0.56550127,-0.5709936,0.00031236
TX50_RS07755,0.44592257,0.02026516,0.22236309,0.10319943
TX50_RS07760,-0.1988157,0.3815738,0.19062627,0.19020812
TX50_RS07765,0.65621279,0.00545827,1.18170467,1.4863414095086e-14
TX50_RS07770,0.33139073,0.11062021,0.57765536,0.00023998
TX50_RS07775,-1.1315644,0.00071642,-0.933175,0.00607736
TX50_RS07780,-0.7652574,0.00481374,-0.6867658,0.00014944
TX50_RS07785,-0.7254466,0.00161173,-0.6909523,0.00062261
TX50_RS07790,-1.3405394,0.00217842,-1.7164404,5.4302056725754e-10
TX50_RS07795,-0.5141395,0.10711548,-0.6940036,0.00065617
TX50_RS07800,-0.4645013,0.0726383,-0.8599914,2.24527274002806e-11
TX50_RS07805,-0.4892158,0.07148817,-0.9427285,6.02336883451759e-14
TX50_RS07810,-0.9462752,0.00203889,-1.7175435,4.94758257212854e-25
TX50_RS07815,-0.9626419,0.0006672,-1.5978376,5.23406963264978e-36
TX50_RS07820,-0.9669827,0.00130019,-1.6241059,4.85361995777231e-41
TX50_RS07825,-0.8617505,0.00419212,-1.4241762,2.79291753477987e-28
TX50_RS07830,-1.5436841,7.22763057980331e-05,-2.239899,1.8822558056219e-65
TX50_RS07835,-0.8509292,0.05332841,-1.3688678,3.65092931675619e-22
TX50_RS07840,-0.3080545,0.15751075,-0.0784963,0.72110762
TX50_RS07845,-0.4200032,0.01456349,-0.7090335,8.03820773783182e-07
TX50_RS07850,-1.7103121,2.33393797269455e-12,-1.9815212,1.76192815803883e-18
TX50_RS07855,-0.7310726,0.01044678,-1.013158,0.00010039
TX50_RS07860,1.96678351,1.05824167503331e-16,2.84743261,6.78392833123652e-47
TX50_RS07865,2.1554036,1.14647492077553e-13,2.72589173,8.40351137466745e-18
TX50_RS07870,1.0804308,6.36009793814427e-08,1.31718874,9.96633856863211e-17
TX50_RS07875,-0.2207478,0.25666306,-0.5157646,0.00045642
TX50_RS07880,-0.2101617,0.46270446,-0.3841464,0.01511876
TX50_RS07885,-0.1736141,0.50783594,-0.0735431,0.63011672
TX50_RS07890,-0.0736755,0.75415918,-0.3361616,0.05077616
TX50_RS07895,-0.7517864,0.05874638,-1.2264139,0.00361764
TX50_RS07900,-0.3251189,0.34313093,-0.6000011,0.06975597
TX50_RS07905,-0.2768299,0.41897851,-0.1969098,0.51974784
TX50_RS07910,-0.8478412,3.43912230093759e-05,-0.8745591,6.45043332475741e-08
TX50_RS07915,-1.1481763,0.01400655,-1.2925689,0.0013908
TX50_RS07920,-0.7115553,0.04994251,-0.6556961,0.06617557
TX50_RS07925,0.50365603,0.06331711,0.3961022,0.08999554
TX50_RS07930,-1.5589253,1.10705270526634e-07,-1.4310875,6.0733631067378e-11
TX50_RS07935,-0.9950999,0.01523162,-1.4152364,1.33404725311315e-05
TX50_RS07940,-1.6644373,1.46484622182285e-20,-1.5271448,1.11900374520339e-31
TX50_RS07945,-1.7182592,5.76656392257104e-17,-1.1584751,2.87962793973791e-18
TX50_RS07950,-0.6963595,0.00031471,-1.3026319,1.75812515415749e-13
TX50_RS07955,-0.7976971,6.91108109777009e-05,-1.0967653,1.74265044956433e-12
TX50_RS07960,-2.2530813,2.90614457149153e-22,-2.6816201,1.70677116616229e-33
TX50_RS07965,-1.716067,2.40887611893577e-21,-2.0276104,2.39365969560229e-80
TX50_RS07970,-0.6171654,0.00035922,-0.6112273,1.48850884703084e-09
TX50_RS07975,-1.633506,8.57125845895957e-20,-1.8016956,2.61398912037179e-60
TX50_RS07980,-0.7536666,3.26770887085389e-05,-0.8967586,6.0524306559132e-11
TX50_RS07985,0.29866608,0.15052789,0.43315351,0.0099015
TX50_RS07990,-0.9249822,5.58521435749157e-07,-1.1075353,4.58852569409746e-14
TX50_RS07995,-0.4663405,0.00799302,-0.7974254,1.78183296466795e-09
TX50_RS08000,-0.706037,0.00330667,-1.0644537,1.5274268352534e-07
TX50_RS08005,0.18981342,0.41781821,-0.1688111,0.23004448
TX50_RS08010,-0.589314,0.00068634,-0.895687,5.3022534322738e-10
TX50_RS08015,-1.4169804,4.57269764248941e-09,-1.757659,1.14492147046306e-18
TX50_RS08020,0.49294276,0.00660591,0.56626239,3.11406051926957e-07
TX50_RS08025,-0.4889568,0.0988621,-0.5282533,0.02711222
TX50_RS08030,-0.4088886,0.02112012,-0.4854863,0.00042644
TX50_RS08035,0.94599064,1.38630046703785e-05,0.749144,8.94829284050719e-06
TX50_RS08040,-1.675432,2.40717241584647e-29,-1.7198932,3.27915661615987e-42
TX50_RS08045,0.14389747,0.52783627,-0.1349951,0.3952185
TX50_RS08050,-0.2631254,0.18889365,-0.4011692,0.00559447
TX50_RS08055,-0.3262526,0.13766898,-0.051798,0.70471499
TX50_RS08060,-0.2195958,0.39638181,-0.4123454,0.04084227
TX50_RS08065,0.50365309,0.04265575,0.24272252,0.1658412
TX50_RS08070,-0.5579267,0.00500075,-0.8237022,3.40277140775293e-08
TX50_RS08075,-1.1814273,1.12337907102063e-08,-1.186102,6.46227959856401e-16
TX50_RS08080,-1.4823894,8.83717771415459e-23,-1.5718771,1.82646606457654e-31
TX50_RS08085,0.00221602,0.99004921,-0.039177,0.7860982
TX50_RS08090,-0.6821861,1.54596146774416e-05,-0.7701136,8.77704060596956e-10
TX50_RS08095,-0.5182033,0.0019614,-0.459997,6.0095812244149e-05
TX50_RS08100,-1.0697686,2.25807147503145e-13,-1.279322,3.12259626203835e-21
TX50_RS08105,-0.9674094,2.66253966601665e-10,-1.2669325,5.61862349115004e-26
TX50_RS08110,-1.3717065,4.47322732520307e-05,-1.5010051,3.61379535280482e-37
TX50_RS08115,0.40480539,0.24713805,-0.6436583,0.08519037
TX50_RS08120,0.86468321,0.00056668,1.15566252,3.27519498659348e-16
TX50_RS08125,0.69348663,0.06606283,1.02660716,0.00022753
TX50_RS08130,0.27247216,0.77687748,1.34457767,0.0784391
TX50_RS08135,0.15432117,0.67207291,0.83446853,0.00143664
TX50_RS08140,1.20074873,4.88758147581803e-08,0.53228824,0.00048998
TX50_RS08145,1.51926226,1.2382932800953e-08,1.34988922,6.84519841708021e-25
TX50_RS08150,1.73762612,3.42469394178619e-07,1.48697112,3.79419868550012e-28
TX50_RS08155,-1.84928,0.08506876,-1.3443617,0.14861523
TX50_RS08160,-0.3186593,0.1199155,-0.3079053,0.08485031
TX50_RS08165,1.41594676,1.93218314271499e-07,0.83928773,2.64104265242598e-08
TX50_RS08170,1.47687152,3.59393515962533e-07,1.07627044,1.89744669487229e-20
TX50_RS08175,0.06298995,0.78719393,-0.1191729,0.49840195
TX50_RS08180,-0.2580638,0.30421226,0.02794828,0.90644923
TX50_RS08185,0.19929374,0.8744683,2.11645845,2.75412935570792e-05
TX50_RS08190,0.32841771,0.18238409,0.19895763,0.37427444
TX50_RS08195,-1.3783559,9.07273381565541e-08,-1.1464498,6.87465715382809e-09
TX50_RS08200,-1.0052688,8.15354122427418e-08,-1.3954766,1.88376605245982e-20
TX50_RS08205,-0.1116895,0.57677246,-0.4712495,0.00043928
TX50_RS08210,0.7509857,0.00010991,0.55037941,4.22981612921874e-06
TX50_RS08215,0.43472197,0.06443252,0.14100212,0.28537009
TX50_RS08220,-1.2256304,5.29370541723459e-05,-0.9518806,8.71675923062173e-07
TX50_RS08225,-0.1575532,0.41781821,-0.2016755,0.22245827
TX50_RS08230,-0.6414242,3.26412235207151e-05,-0.7602745,2.69249869183458e-11
TX50_RS08235,-0.5930067,0.00189802,-1.0689764,5.98067095759116e-20
TX50_RS08240,-0.1529061,0.41255214,-0.4300909,0.00031044
TX50_RS08245,-1.7410925,2.35664712426661e-13,-2.871614,4.54699541030079e-37
TX50_RS08250,-1.2185961,9.91888287332308e-15,-1.6804963,2.98452207402394e-48
TX50_RS08255,-0.889636,1.96392867046186e-07,-1.4989666,8.20958443147994e-26
TX50_RS08260,-0.4783264,0.00726582,-0.8937582,2.93183444111882e-12
TX50_RS08265,-0.3045589,0.09059432,-0.5987813,4.57788643396498e-05
TX50_RS08270,-0.2795558,0.13083297,-0.5620338,1.48393456119441e-06
TX50_RS08275,-1.160628,8.53007980593936e-12,-1.3909603,9.76297366039758e-26
TX50_RS08280,-1.0417028,4.15326820147026e-10,-1.5002105,5.46061751228786e-42
TX50_RS08285,-0.6615755,0.00044264,-1.0635866,8.32615947535446e-18
TX50_RS08290,-1.0091202,1.40098526852641e-08,-1.3345521,1.07279578705666e-19
TX50_RS08295,-0.9141162,9.40622327938166e-07,-1.2305603,6.09789620062791e-21
TX50_RS08300,-0.6482198,0.00083496,-1.2001069,4.99554767697902e-16
TX50_RS08305,-0.8080362,3.42780802113001e-07,-1.2542887,1.88545097608756e-26
TX50_RS08310,-0.8306733,1.96335758515055e-07,-1.2844533,3.0269809416444e-17
TX50_RS08315,-0.7287701,1.01811179747644e-05,-1.1469852,8.21371467290603e-18
TX50_RS08320,-0.5072064,0.0036022,-0.9515838,3.30724314079881e-14
TX50_RS08325,-0.2383373,0.15993442,-0.572988,1.02102180079024e-05
TX50_RS08330,-0.1467892,0.48525472,-0.5090196,0.00061705
TX50_RS08335,-0.3171227,0.05375792,-0.7205962,4.67719385632149e-08
TX50_RS08340,0.08965161,0.62975833,-0.1157563,0.41078183
TX50_RS08345,0.15273503,0.49491834,0.21818568,0.18243019
TX50_RS08350,-0.4845468,0.04798788,-0.2941713,0.14179575
TX50_RS08355,-0.3140467,0.69731665,-1.4502619,0.07158721
TX50_RS08360,-0.791002,0.00069759,-0.5115423,0.01253305
TX50_RS08365,0.07048204,0.89558607,1.27660802,9.44404407794916e-21
TX50_RS08370,-0.34422,0.45334641,0.06456687,0.76195945
TX50_RS08375,-0.4790749,0.06443252,-0.5420438,0.03858207
TX50_RS08380,0.43478579,0.07511922,0.85797485,4.03991641443896e-08
TX50_RS08385,-0.1866387,0.35363555,-0.3436158,0.02680166
TX50_RS08390,-0.4584164,0.06582332,-0.6282484,0.00225052
TX50_RS08395,0.40339092,0.04720364,0.58421146,8.89742605068225e-05
TX50_RS08400,0.2686108,0.19438792,0.1050761,0.50959492
TX50_RS08405,0.41112887,0.04293302,0.21790338,0.10789925
TX50_RS08410,0.5143353,0.00587201,0.59172739,0.00013848
TX50_RS08415,0.29226678,0.25790413,-0.1009027,0.68574982
TX50_RS08420,0.0837637,0.77210833,0.25543186,0.23918171
TX50_RS08425,-1.3426994,0.17861744,-1.692049,0.1393698
TX50_RS08430,-0.7890932,0.0007171,-0.8657859,1.20452552419922e-05
TX50_RS08435,0.38373967,0.08992844,0.61819254,4.40475629723585e-07
TX50_RS08440,-0.4999585,0.01051219,-0.5279566,0.0011777
TX50_RS08445,-0.3903301,0.02736122,-0.469478,0.00471217
TX50_RS08450,1.07958826,0.00182447,0.67331025,0.00022662
TX50_RS08455,-0.6667071,0.0067996,-0.3844115,0.07496503
TX50_RS08460,-0.256997,0.29150006,-0.3891531,0.06157958
TX50_RS08465,1.44701378,3.68734974835039e-10,2.01040657,1.1204183656044e-67
TX50_RS08470,0.98239838,2.56059187955534e-07,1.10262266,3.45853398159215e-19
TX50_RS08475,0.12386404,0.76423867,-0.3804128,0.1025668
TX50_RS08480,0.53818101,0.01544521,0.40261569,0.05370563
TX50_RS08485,0.07283663,0.85488908,-0.1509963,0.62757622
TX50_RS08495,1.78514467,6.80685961647834e-16,2.41170445,1.4158784540125e-40
TX50_RS08500,0.83139454,5.65004612019938e-06,1.03368707,2.44989139679354e-14
TX50_RS08505,1.43471742,8.86890989856585e-14,1.67766262,2.32575715763271e-25
TX50_RS08510,0.15468635,0.50783594,0.35244351,0.00668184
TX50_RS08515,-0.226924,0.50691613,-0.4524358,0.13808237
TX50_RS08520,-0.788456,0.0138458,-0.8382225,0.00251384
TX50_RS08525,-0.5000882,0.24903482,-1.322949,0.00610252
TX50_RS08530,0.09820605,0.71396575,-0.2624963,0.18139588
TX50_RS08535,0.60973805,0.085011,0.80022472,0.00182698
TX50_RS08540,-0.6787842,0.00726753,-0.8949391,1.66791795886823e-09
TX50_RS08545,-0.8103407,6.87907542957833e-05,-0.6420815,0.00014589
TX50_RS08550,-0.3701721,0.21577744,-0.6352571,0.00230218
TX50_RS08555,-1.3712932,3.95431029925539e-17,-1.4491878,8.73648302812343e-29
TX50_RS08560,0.88968709,0.00036473,0.61400651,1.03690050939245e-06
TX50_RS08565,-1.6758438,6.71730468666592e-05,-1.5329179,9.45789433812697e-18
TX50_RS08570,0.16923452,0.56122815,0.86628561,2.0763246287965e-14
TX50_RS08575,0.47221476,0.16771543,-0.0516211,0.90622021
TX50_RS08580,-0.1878804,0.56131658,0.42950279,0.04064372
TX50_RS08585,1.82218038,9.1716341182419e-10,1.95623064,9.22484713054885e-17
TX50_RS08590,0.14567231,0.61899281,0.39398341,0.06259515
TX50_RS08595,-1.0630462,6.72130100680583e-11,-1.2663836,8.67921775500619e-23
TX50_RS08600,0.72485135,0.00472953,0.85362541,5.82866660268703e-07
TX50_RS08605,1.51881473,6.31988747300341e-08,1.26600561,3.65092931675619e-22
TX50_RS08610,0.41439657,0.12184546,0.02965165,0.84216872
TX50_RS08615,-0.25215,0.3082523,-0.652683,3.34812489126564e-07
TX50_RS08620,-0.4175502,0.16071661,-0.3769932,0.00512587
TX50_RS08625,0.62308145,0.42004748,-0.6453627,0.3865201
TX50_RS08630,0.6896387,0.00012553,0.75245104,4.71729991941884e-07
TX50_RS08635,0.29616547,0.22892821,0.48668249,0.01169756
TX50_RS08640,-0.0979093,0.77871409,-0.08935,0.66972128
TX50_RS08645,-0.6212485,0.03121485,-0.5501387,0.01481455
TX50_RS08650,0.62095208,0.00030454,0.79506051,6.56823676051085e-15
TX50_RS08655,-0.5870268,0.00062877,-0.7144039,3.30554886080112e-09
TX50_RS08660,-0.0200098,0.9109499,-0.0790629,0.5052787
TX50_RS08665,-0.431264,0.20013824,-0.9454026,0.00250932
TX50_RS08670,-0.4433588,0.27292461,-0.1552735,0.62141319
TX50_RS08675,0.1026624,0.7803391,0.40532108,0.00371456
TX50_RS08680,-1.2107633,0.00291766,-1.1274833,1.02678866095515e-05
TX50_RS08685,-2.0435052,1.14695869135751e-15,-2.3103933,1.31226116139351e-23
TX50_RS08690,-0.7557183,3.45645406061276e-05,-0.534565,0.00047654
TX50_RS08695,1.05953612,5.65753195673687e-05,1.20060125,1.57503975649991e-09
TX50_RS08700,0.11198452,0.66584967,0.07065858,0.7250193
TX50_RS08705,-1.6283317,5.5967993491803e-18,-1.2831991,4.52516482738534e-09
TX50_RS08710,0.04235414,0.81757188,0.42754082,0.01640377
TX50_RS08715,1.21088938,2.48087517645399e-15,1.34594149,8.41218233468653e-29
TX50_RS08720,0.59420198,0.34645912,-0.2182387,0.73116914
TX50_RS08725,-0.1649342,0.82600468,-0.2004644,0.7985999
TX50_RS08730,0.15215967,0.52532109,-0.0770884,0.69606216
TX50_RS08735,-0.0350071,0.86676313,-0.1491315,0.28923759
TX50_RS08740,-0.1316168,0.58405615,-0.118307,0.53761054
TX50_RS08745,0.01822457,0.92797024,-0.0596761,0.65805875
TX50_RS08750,-0.0996108,0.61002971,-0.12049,0.42492545
TX50_RS08755,-0.6477021,0.00098164,-0.8643804,3.06758501084046e-10
TX50_RS08760,0.77629867,9.44100737143957e-08,0.58820838,3.96195901156214e-07
TX50_RS08765,-0.9852039,0.00022612,-0.9955593,4.78246621395833e-06
TX50_RS08770,-0.4637037,0.27077752,-0.3232784,0.3577925
TX50_RS08775,1.99364681,2.14735467592397e-37,2.24583877,3.72151822207344e-85
TX50_RS08780,-0.2206105,0.54055566,-0.9170277,3.66019813133609e-05
TX50_RS08785,0.96807421,1.09775718817313e-08,1.13321174,1.25064936159146e-14
TX50_RS08790,1.54838768,5.19655865960914e-07,1.5946628,4.87833434155994e-22
TX50_RS08795,-0.0881156,0.67137503,0.13171267,0.4625068
TX50_RS08800,-0.2628815,0.43590616,-0.5159055,0.04673037
TX50_RS08805,-0.2934346,0.25107297,0.17988811,0.46324629
TX50_RS08810,-0.1203482,0.66916974,-0.0038279,0.98311184
TX50_RS08815,-0.2203685,0.20013824,-0.5444954,2.76175207848412e-06
TX50_RS08820,0.56209372,0.00410095,0.37264602,0.0134988
TX50_RS08825,-1.2891481,5.0969004557965e-07,-1.1968468,3.72055387182756e-12
TX50_RS08830,-0.5934427,0.0006195,-0.4300759,0.00014946
TX50_RS08835,0.38796492,0.04772695,0.5681567,9.11994645104056e-07
TX50_RS08840,-0.7676507,0.00125813,-1.0890491,1.36377631728509e-05
TX50_RS08845,-0.0700743,0.76456709,-0.5449999,0.00023938
TX50_RS08850,-0.8879773,6.067505223981e-07,-0.9145044,9.28498176511174e-11
TX50_RS08855,0.65046029,0.06225297,1.00627775,6.64213246063451e-16
TX50_RS08860,-0.149495,0.58204605,-0.0775916,0.65439699
TX50_RS08865,-0.1791483,0.54331829,-0.6661018,3.66180775240309e-05
TX50_RS08870,-0.5333143,0.02193405,-0.6565764,0.00694677
TX50_RS08875,0.62450832,0.02539599,0.08836215,0.54378807
TX50_RS08880,-0.0131987,0.9585218,-0.5509725,4.02586978042833e-06
TX50_RS08885,-1.3158716,1.41805936934123e-12,-1.91461,3.25952632640034e-33
TX50_RS08890,-1.7552222,3.17281770557457e-13,-1.9264099,2.49470954705689e-22
TX50_RS08895,0.4277774,0.05410966,0.03667492,0.83204798
TX50_RS08900,0.05294613,0.79712489,-0.1198567,0.39644192
TX50_RS08905,0.88857315,2.25049477529679e-06,1.64200105,3.18820714656775e-17
TX50_RS08910,-1.2088923,0.00173783,-0.5858325,8.18823198430195e-07
TX50_RS08915,-1.4054816,2.61970921615572e-06,-0.8427097,0.00060893
TX50_RS08920,-1.4956621,3.05564717389674e-17,-0.180402,0.3238156
TX50_RS08925,-1.4296729,3.24266312864451e-17,-0.506975,0.00119786
TX50_RS08930,-2.1530708,4.78118387818237e-48,-1.3687708,2.38154753919765e-15
TX50_RS08935,1.35821009,3.07681797412379e-21,1.86636024,5.55381309788104e-65
TX50_RS08940,0.36853967,0.05871468,0.48805099,0.00053461
TX50_RS08945,0.02140582,0.92813868,0.23702752,0.10358703
TX50_RS08950,-0.426473,0.04645872,-0.6954026,0.00034716
TX50_RS08955,0.11668956,0.68350362,-0.0046072,0.98584371
TX50_RS08960,0.39767658,0.30771247,0.70543177,0.03498112
TX50_RS08965,-0.3111349,0.06225297,-0.3838274,0.00445424
TX50_RS08970,-0.520969,0.01253633,-0.6350819,0.00012974
TX50_RS08975,0.54253228,0.01602346,0.22716143,0.24840576
TX50_RS08980,0.70584946,5.31519484690457e-05,0.71754818,6.66333921407694e-07
TX50_RS08985,-0.6893697,0.00334727,-0.5102288,0.00785463
TX50_RS08990,-1.5053973,0.10138725,-0.3736581,0.75871722
TX50_RS08995,1.5672992,1.78909061775537e-08,1.94879818,4.37129114388369e-19
TX50_RS09000,-0.0888392,0.74641938,-0.1229627,0.5727316
TX50_RS09005,0.32461969,0.11423846,0.37255833,0.02070635
TX50_RS09010,0.11009703,0.71132684,0.52686703,0.00140369
TX50_RS09015,-0.4749316,0.00412325,-0.5978392,9.17132111292875e-05
TX50_RS09020,1.07537648,1.77961823517255e-09,1.53034095,1.15090901115906e-35
TX50_RS09025,0.76774688,0.00130019,0.78540381,1.26477886199792e-05
TX50_RS09030,-0.1264883,0.67060953,-0.2134025,0.30814696
TX50_RS09035,-0.4718596,0.15501587,-0.0744332,0.80150505
TX50_RS09040,0.95936779,1.14312177663385e-05,1.40577184,2.08931695662374e-15
TX50_RS09045,0.29252494,0.27554046,0.25923577,0.27749957
TX50_RS09050,0.0169131,0.95265495,-0.3211659,0.11501333
TX50_RS09055,-0.6629972,0.00160865,-0.7323321,4.02101011243609e-05
TX50_RS09060,0.24202985,0.23920788,0.39903388,0.00256012
TX50_RS09065,0.4296103,0.16718842,0.07974966,0.80150505
TX50_RS09070,0.94080458,2.78081448754986e-06,1.21573111,5.05166442097731e-19
TX50_RS09075,0.65648431,0.0004455,0.59923314,9.30909686833994e-06
TX50_RS09080,-0.7752538,0.00073621,-0.7462092,2.33206653889323e-07
TX50_RS09085,0.28261582,0.19532649,0.5789409,7.08486312918594e-05
TX50_RS09090,-0.7881587,0.04031439,-0.0060075,0.97261991
TX50_RS09095,-1.0250238,1.26163628329952e-07,-0.7094871,1.2991046550913e-10
TX50_RS09100,-0.0383077,0.89811302,-0.4268134,0.04888586
TX50_RS09105,0.24311552,0.16454279,-0.1355244,0.53676623
TX50_RS09110,0.32025152,0.07342575,0.2346728,0.05336344
TX50_RS09120,0.58691627,0.02963981,0.55297268,0.00454663
TX50_RS09125,-0.6495933,0.00761861,-0.8121769,1.45282251848049e-05
TX50_RS09130,0.00346633,0.9901478,-0.9297052,0.00044632
TX50_RS09135,-1.079377,9.24719951642442e-13,-1.6596182,2.62856562381672e-44
TX50_RS09140,-1.7462925,3.57516679793695e-07,-1.462822,1.89546332280158e-26
TX50_RS09145,-0.0440657,0.85598553,0.30660539,0.0596807
TX50_RS09150,-1.3662834,5.28685059866214e-11,-1.4866805,1.0143977835363e-36
TX50_RS09155,-1.890781,7.63991066778612e-15,-2.8305927,2.16972966430337e-40
TX50_RS09160,-1.1016348,2.55675740614324e-06,-1.4051444,7.31450220634984e-27
TX50_RS09190,-1.2061032,0.00024519,-0.6542972,3.30489214070336e-05
TX50_RS09195,-0.5526235,0.0102712,-0.6635844,2.45279713477894e-06
TX50_RS09200,0.16882279,0.61924739,-0.2059278,0.51193544
TX50_RS09205,-1.0454524,1.37514980836479e-06,-1.4154686,4.41957343971976e-20
TX50_RS09210,0.93488793,0.00097916,0.93148916,0.00012133
TX50_RS09215,0.41619058,0.06582332,0.78933119,4.79102238611421e-06
TX50_RS09220,-1.0375583,0.09251033,1.00229351,2.24366272018502e-05
TX50_RS09230,1.04044101,5.0969004557965e-07,0.97589365,4.22407243263681e-11
TX50_RS09240,-0.8312078,0.04031439,-0.9542802,1.15599806239229e-08
TX50_RS09245,0.5684417,0.04754311,-0.1375381,0.31154096
TX50_RS09255,-1.5159171,0.51508088,-0.8316293,0.62037061
TX50_RS09260,1.13799356,3.17379942542712e-09,1.74646776,1.8893593315966e-33
TX50_RS09265,0.16064716,0.74919536,1.27943377,1.38327721051289e-08
TX50_RS09270,0.81606052,0.04722748,1.97914315,1.25060399631911e-34
TX50_RS09275,-0.0482489,0.90903634,0.89680039,1.70715972220283e-05
TX50_RS09285,0.25566939,0.45854251,-0.1359723,0.63663197
TX50_RS09290,1.38244466,6.53137473713072e-16,2.44236234,5.27209917213851e-05
TX50_RS09300,1.06812983,4.98882318150795e-09,1.85526346,2.49094690371574e-37
TX50_RS09315,1.01482551,0.00014768,1.12722958,4.06930514988297e-11
TX50_RS09320,0.63209386,0.54331829,2.07806457,9.27694992516138e-14
TX50_RS09325,1.08594336,0.00034113,1.58678959,9.0052405639595e-15
TX50_RS09330,1.59928043,5.73142640330247e-05,2.75456007,3.61143312540058e-119
TX50_RS09335,0.47935994,0.02076564,0.35164733,0.00115272
TX50_RS09340,0.91074267,3.52007969834327e-05,0.72314673,2.48626812739804e-06
TX50_RS09360,0.44551251,0.12339959,0.91901741,2.98838528338263e-08
TX50_RS09365,0.77596254,0.00412325,0.77201547,0.00313066
TX50_RS09370,-1.0669013,0.03915478,-0.538985,0.19261943
TX50_RS09375,0.66623693,0.33843237,1.41714941,0.01803903
TX50_RS09395,1.13134348,8.34294156975736e-05,1.39019083,3.49442854003238e-08
TX50_RS09400,0.08188394,0.91288355,-0.5758518,0.4795001
TX50_RS09405,-0.7560265,0.00528334,-1.1774053,0.00016021
TX50_RS09410,1.45539347,7.2916040902639e-22,3.11094673,5.51722424558207e-55
TX50_RS09415,0.65204413,0.20013824,0.08208711,0.89128859
TX50_RS09420,-0.5279103,0.61648956,0.5119754,0.68080208
TX50_RS09425,1.39804046,0.00031826,1.31689495,4.97248595690243e-05
TX50_RS09430,-1.1174107,0.02692448,-1.712349,1.15116093048195e-05
TX50_RS09435,0.77596517,0.43972404,0.98023614,0.1316833
TX50_RS09450,2.03849251,1.40039914534171e-18,1.99769909,7.41635388060065e-43
TX50_RS09460,0.2713054,0.45888909,0.32189114,0.40803524
TX50_RS09470,0.45139525,0.42659341,0.71222617,0.01376506
TX50_RS09475,1.60329521,0.00031016,1.80216455,8.6366212435399e-06
TX50_RS09480,5.33340148,1.65852129602633e-119,6.07122707,0.0
TX50_RS09485,0.36362496,0.1454915,0.87576369,2.45070019227204e-05
TX50_RS09495,0.46054907,0.43388223,0.22165558,0.60198193
TX50_RS09500,5.95902258,1.065599623286e-144,6.98484823,1.5107687113452e-49
TX50_RS09505,-0.659852,0.06367386,-0.9553724,0.00149812
TX50_RS09510,-0.5734346,0.14576074,0.066145,0.8536964
TX50_RS09515,0.34436773,0.50783594,1.38270202,0.00604224
TX50_RS09520,-0.9401565,0.00343555,-1.8133682,2.8677337775409e-16
TX50_RS09525,0.8799791,0.01830324,0.17527871,0.53819511
TX50_RS09530,1.2172794,0.00011139,1.0698277,4.57479910120432e-09
TX50_RS09535,-1.6580779,0.00442178,-2.763506,1.17283824667761e-11
TX50_RS09540,0.91535323,0.26338388,0.57976565,0.43023162
TX50_RS09545,2.08369114,5.29452018961187e-08,1.29745158,8.24071050993307e-18
TX50_RS09550,0.6527025,0.15980061,0.23403612,0.51974784
TX50_RS09555,0.49365652,0.09483825,0.72640375,0.00299029
TX50_RS09560,3.47018086,2.01891592785645e-52,4.07011176,2.21445641776019e-112
TX50_RS09565,-0.5340983,0.00522769,-0.2398036,0.34048917
TX50_RS09570,-0.2192212,0.31790575,0.47681418,0.33371456
TX50_RS09575,0.21940797,0.43388223,0.56575494,0.01376586
TX50_RS09580,0.55325266,0.10178256,0.21768187,0.52255348
TX50_RS09585,0.04381339,0.94962318,0.3877853,0.45287642
TX50_RS09590,-0.2946807,0.30058256,-0.3439989,0.03916576
TX50_RS09595,2.17567251,5.40468016797665e-17,3.50177084,4.19998262488029e-100
TX50_RS09600,1.03041397,0.00069923,1.81863991,3.97431054149213e-28
TX50_RS09605,3.02804575,3.35391357368062e-32,3.57233213,9.58533194404924e-155
TX50_RS09610,2.58401557,3.95311001872107e-32,3.15483249,8.05396225517007e-78
TX50_RS09615,0.6394116,0.21254484,-0.0703903,0.7287108
TX50_RS09620,2.66081273,1.26620868827225e-12,2.14650661,1.02198901305314e-11
TX50_RS09625,-0.3860878,0.51986012,-0.8020494,0.12191112
TX50_RS09630,1.07375013,0.00010964,2.16506999,1.22972861986612e-36
TX50_RS09635,0.52682094,0.21731733,0.79710043,0.012678
TX50_RS09640,0.06655771,0.78505248,-0.5268768,0.0043038
TX50_RS09645,-0.558173,0.36067256,-1.1169711,0.0071293
TX50_RS09650,1.34189518,6.73868555566688e-10,2.08941165,1.04895246827363e-20
TX50_RS09655,0.5984726,0.09675847,1.23859467,6.13413841328675e-15
TX50_RS09660,1.23100737,0.00061674,1.98442198,2.78752076646986e-25
TX50_RS09665,0.19342648,0.47443332,-0.1573166,0.45644109
TX50_RS09670,0.19913835,0.60573001,-0.0988679,0.70623798
TX50_RS09675,-0.8368567,0.00642574,-0.7742467,0.00075932
TX50_RS09680,0.10216121,0.79753509,-0.1715271,0.6501498
TX50_RS09685,0.80518433,0.01158263,1.81415717,2.69989545278109e-20
TX50_RS09690,-0.3868816,0.1902095,0.22109912,0.33073512
TX50_RS09695,-0.745666,1.97031285954698e-05,0.09262053,0.53942451
TX50_RS09700,0.79248852,0.00152849,1.34299291,0.00702742
TX50_RS09705,-3.1658161,2.53262247673685e-23,-3.9727621,7.26381603398034e-41
TX50_RS09710,0.15378931,0.76700057,0.67511568,0.0869427
TX50_RS09715,-0.259137,0.62443435,0.39080939,0.32677761
TX50_RS09720,1.77984162,1.58374687555467e-11,1.75535185,7.02054245406638e-12
TX50_RS09725,0.0709306,0.81115881,0.0800363,0.75597521
TX50_RS09730,0.54661039,0.28665166,1.01535026,0.0211383
TX50_RS09735,-0.3260514,0.8009217,0.2588638,0.79188977
TX50_RS09740,3.84895186,4.03111224980561e-17,4.13081537,1.45833717514494e-54
TX50_RS09745,0.30484847,0.56122815,0.46974632,0.25049625
TX50_RS09750,3.96043508,2.82445189106607e-63,4.5809759,1.28572652658611e-157
TX50_RS09755,-1.8636767,6.27444812040194e-11,-2.5253092,1.90378940614286e-21
TX50_RS09760,-2.0991866,0.0768094,0.53998154,0.7369469
TX50_RS09765,-1.5713507,0.04863189,-0.4998713,0.46534095
TX50_RS09770,0.04610246,0.93077409,0.91393881,0.0157979
TX50_RS09775,0.95972455,0.01830304,0.98579701,0.01144902
TX50_RS09780,-0.9782984,0.00103022,-1.1306183,4.29515044836721e-08
TX50_RS09785,-2.1026981,2.54810249466568e-10,-2.0588421,1.76414304210314e-13
TX50_RS09790,0.90696801,0.00451585,1.02893311,8.39706843865211e-05
TX50_RS09795,0.53664086,0.0726383,0.8250702,0.01953693
TX50_RS09800,5.30123646,4.82252303649801e-61,5.38000613,5.92057646404469e-193
TX50_RS09805,2.55686135,3.52687978522004e-08,2.77198335,7.15801479297297e-20
TX50_RS09810,2.65649803,5.45433412712242e-08,2.58228771,5.49764065419415e-19
TX50_RS09815,0.54475236,0.30614896,1.22832705,1.05139473225869e-13
TX50_RS09820,4.72716421,2.34292183899688e-93,4.93706373,5.08945256743341e-126
TX50_RS09825,-1.5168579,1.0921910070887e-06,-1.1863254,2.35423103123045e-05
TX50_RS09830,6.13631298,1.85501691927087e-179,6.78535824,2.35025254008162e-302
TX50_RS09835,1.66995568,5.46291505880533e-05,2.02644978,3.65389169942656e-17
TX50_RS09840,6.90529804,2.54780264262881e-98,8.26244287,0.0
TX50_RS09845,1.45978591,0.00063559,2.88827608,2.88553883752838e-22
TX50_RS09850,0.44358889,0.27292461,0.26599421,0.44937584
TX50_RS09855,0.22297202,0.68261596,-0.1765435,0.73029181
TX50_RS09860,0.79344241,0.27039503,1.95549237,0.00063346
TX50_RS09870,0.61236889,0.01846783,0.74912073,4.7428618143763e-05
TX50_RS09875,-0.3659865,0.37163736,-0.6467946,0.042849
TX50_RS09885,-1.0106455,0.00031324,-0.8008102,0.00253783
TX50_RS09890,-0.4690786,0.12871253,-0.7294203,0.00058261
TX50_RS09895,1.33984133,0.014123,1.59013604,7.40419363833445e-07
TX50_RS09900,0.41332175,0.56519169,-0.3354263,0.42200788
TX50_RS09905,1.26359292,8.96897247912962e-11,1.60245869,3.69503821011299e-19
TX50_RS09910,0.33989768,0.60573001,-0.1560752,0.82164815
TX50_RS09915,0.30667197,0.93169458,0.98388987,0.85923141
TX50_RS09920,3.58927409,3.01473903641402e-22,4.35777439,8.36415577342574e-163
TX50_RS09925,0.89074228,0.00055326,1.21741084,1.6736867775079e-09
TX50_RS09930,-2.2902245,1.75157982891599e-06,-1.0606132,0.00025079
TX50_RS09935,-0.1275784,0.69976524,-0.442296,0.00108504
TX50_RS09940,2.00607524,1.88779015584055e-05,1.7873617,4.95381195313734e-07
TX50_RS09945,1.14137928,0.0017853,1.11630056,0.0012816
TX50_RS09950,-0.2749859,0.55107966,-0.0072544,0.98656207
TX50_RS09955,0.70951999,0.3219386,-0.0374963,0.95428388
TX50_RS09960,2.96048719,1.6401203831601e-53,3.18323792,3.1768427106533e-173
TX50_RS09965,2.28065318,1.8874737215107e-11,1.91314655,1.58348989155978e-23
TX50_RS09970,2.56440351,2.81599403853022e-31,3.38730481,1.08645760220563e-81
TX50_RS09975,1.41475083,0.13516865,1.23739839,0.15437295
TX50_RS09980,0.20856722,0.58460456,-0.0282673,0.93584685
TX50_RS09985,-1.6454066,0.45680137,-1.2594482,0.39706153
